archetype;card_name;card_identifier;total_count;max_count;deck_inclusion_count;average_count;average_count_overall;total_decks_in_archetype;percentage_in_archetype;set_code;set_number;rarity;type;image_url;is_ace_spec;meta
Dragapult;Dreepy;TWM 128;80;4;20;4,0;4,0;20;100,0;TWM;128;Common;Basic;https://limitlesstcg.nyc3.cdn.digitaloceanspaces.com/tpci/TWM/TWM_128_R_EN_LG.png;No;Meta Live
Dragapult;Drakloak;TWM 129;80;4;20;4,0;4,0;20;100,0;TWM;129;Common;Stage 1;https://limitlesstcg.nyc3.cdn.digitaloceanspaces.com/tpci/TWM/TWM_129_R_EN_LG.png;No;Meta Live
Dragapult;Dragapult ex;TWM 130;60;3;20;3,0;3,0;20;100,0;TWM;130;Double Rare;Stage 2;https://limitlesstcg.nyc3.cdn.digitaloceanspaces.com/tpci/TWM/TWM_130_R_EN_LG.png;No;Meta Live
Dragapult;Budew;ASC 16;36;2;20;1,8;1,8;20;100,0;ASC;16;Common;Basic;https://limitlesstcg.nyc3.cdn.digitaloceanspaces.com/tpci/ASC/ASC_016_R_EN_LG.png;No;Meta Live
Dragapult;Munkidori;TWM 95;37;2;19;1,95;1,85;20;95,0;TWM;95;Rare;Basic;https://limitlesstcg.nyc3.cdn.digitaloceanspaces.com/tpci/TWM/TWM_095_R_EN_LG.png;No;Meta Live
Dragapult;Fezandipiti ex;ASC 142;20;1;20;1,0;1,0;20;100,0;ASC;142;Double Rare;Basic;https://limitlesstcg.nyc3.cdn.digitaloceanspaces.com/tpci/ASC/ASC_142_R_EN_LG.png;No;Meta Live
Dragapult;Meowth ex;POR 62;21;2;20;1,05;1,05;20;100,0;POR;62;Double Rare;Basic;https://limitlesstcg.nyc3.cdn.digitaloceanspaces.com/tpci/POR/POR_062_R_EN_LG.png;No;Meta Live
Dragapult;Moltres;PFL 14;9;1;9;1,0;0,45;20;45,0;PFL;14;Rare;Basic;https://limitlesstcg.nyc3.cdn.digitaloceanspaces.com/tpci/PFL/PFL_014_R_EN_LG.png;No;Meta Live
Dragapult;Lillie's Determination;MEG 119;80;4;20;4,0;4,0;20;100,0;MEG;119;Uncommon;Supporter;https://limitlesstcg.nyc3.cdn.digitaloceanspaces.com/tpci/MEG/MEG_119_R_EN_LG.png;No;Meta Live
Dragapult;Boss's Orders;MEG 114;60;3;20;3,0;3,0;20;100,0;MEG;114;Uncommon;Supporter;https://limitlesstcg.nyc3.cdn.digitaloceanspaces.com/tpci/MEG/MEG_114_R_EN_LG.png;No;Meta Live
Dragapult;Crispin;SCR 133;42;3;20;2,1;2,1;20;100,0;SCR;133;Uncommon;Supporter;https://limitlesstcg.nyc3.cdn.digitaloceanspaces.com/tpci/SCR/SCR_133_R_EN_LG.png;No;Meta Live
Dragapult;Judge;POR 76;9;1;9;1,0;0,45;20;45,0;POR;76;Uncommon;Supporter;https://limitlesstcg.nyc3.cdn.digitaloceanspaces.com/tpci/POR/POR_076_R_EN_LG.png;No;Meta Live
Dragapult;Rosa's Encouragement;POR 84;19;1;19;1,0;0,95;20;95,0;POR;84;Uncommon;Supporter;https://limitlesstcg.nyc3.cdn.digitaloceanspaces.com/tpci/POR/POR_084_R_EN_LG.png;No;Meta Live
Dragapult;Poké Pad;POR 81;80;4;20;4,0;4,0;20;100,0;POR;81;Uncommon;Item;https://limitlesstcg.nyc3.cdn.digitaloceanspaces.com/tpci/POR/POR_081_R_EN_LG.png;No;Meta Live
Dragapult;Crushing Hammer;POR 71;72;4;18;4,0;3,6;20;90,0;POR;71;Common;Item;https://limitlesstcg.nyc3.cdn.digitaloceanspaces.com/tpci/POR/POR_071_R_EN_LG.png;No;Meta Live
Dragapult;Buddy-Buddy Poffin;TEF 144;80;4;20;4,0;4,0;20;100,0;TEF;144;Uncommon;Item;https://limitlesstcg.nyc3.cdn.digitaloceanspaces.com/tpci/TEF/TEF_144_R_EN_LG.png;No;Meta Live
Dragapult;Ultra Ball;MEG 131;64;4;20;3,2;3,2;20;100,0;MEG;131;Common;Item;https://limitlesstcg.nyc3.cdn.digitaloceanspaces.com/tpci/MEG/MEG_131_R_EN_LG.png;No;Meta Live
Dragapult;Night Stretcher;ASC 196;53;3;20;2,65;2,65;20;100,0;ASC;196;Common;Item;https://limitlesstcg.nyc3.cdn.digitaloceanspaces.com/tpci/ASC/ASC_196_R_EN_LG.png;No;Meta Live
Dragapult;Unfair Stamp;TWM 165;20;1;20;1,0;1,0;20;100,0;TWM;165;Ultra Rare;Item;https://limitlesstcg.nyc3.cdn.digitaloceanspaces.com/tpci/TWM/TWM_165_R_EN_LG.png;Yes;Meta Live
Dragapult;Special Red Card;CRI 82;17;1;17;1,0;0,85;20;85,0;CRI;82;Uncommon;Item;https://limitlesstcg.nyc3.cdn.digitaloceanspaces.com/tpci/CRI/CRI_082_R_EN_LG.png;No;Meta Live
Dragapult;Risky Ruins;MEG 127;35;2;18;1,94;1,75;20;90,0;MEG;127;Uncommon;Stadium;https://limitlesstcg.nyc3.cdn.digitaloceanspaces.com/tpci/MEG/MEG_127_R_EN_LG.png;No;Meta Live
Dragapult;Psychic Energy;MEE 5;65;4;20;3,25;3,25;20;100,0;MEE;5;;Basic Energy;https://limitlesstcg.nyc3.cdn.digitaloceanspaces.com/tpci/MEE/MEE_005_R_EN_LG.png;No;Meta Live
Dragapult;Fire Energy;MEE 10;62;4;20;3,1;3,1;20;100,0;MEE;10;;Basic Energy;;No;Meta Live
Dragapult;Darkness Energy;MEE 7;43;3;19;2,26;2,15;20;95,0;MEE;7;;Basic Energy;https://limitlesstcg.nyc3.cdn.digitaloceanspaces.com/tpci/MEE/MEE_007_R_EN_LG.png;No;Meta Live
Dragapult;Dunsparce;JTG 120;14;2;13;1,08;0,7;20;65,0;JTG;120;Common;Basic;https://limitlesstcg.nyc3.cdn.digitaloceanspaces.com/tpci/JTG/JTG_120_R_EN_LG.png;No;Meta Live
Dragapult;Dudunsparce;TEF 129;13;1;13;1,0;0,65;20;65,0;TEF;129;Rare;Stage 1;https://limitlesstcg.nyc3.cdn.digitaloceanspaces.com/tpci/TEF/TEF_129_R_EN_LG.png;No;Meta Live
Dragapult;Dawn;PFL 87;4;1;4;1,0;0,2;20;20,0;PFL;87;Uncommon;Supporter;https://limitlesstcg.nyc3.cdn.digitaloceanspaces.com/tpci/PFL/PFL_087_R_EN_LG.png;No;Meta Live
Dragapult;Dudunsparce ex;JTG 121;3;1;3;1,0;0,15;20;15,0;JTG;121;Double Rare;Stage 1;https://limitlesstcg.nyc3.cdn.digitaloceanspaces.com/tpci/JTG/JTG_121_R_EN_LG.png;No;Meta Live
Dragapult;Team Rocket's Watchtower;DRI 180;3;1;3;1,0;0,15;20;15,0;DRI;180;Uncommon;Stadium;https://limitlesstcg.nyc3.cdn.digitaloceanspaces.com/tpci/DRI/DRI_180_R_EN_LG.png;No;Meta Live
Dragapult;Xerosic's Machinations;SFA 64;2;1;2;1,0;0,1;20;10,0;SFA;64;Uncommon;Supporter;https://limitlesstcg.nyc3.cdn.digitaloceanspaces.com/tpci/SFA/SFA_064_R_EN_LG.png;No;Meta Live
Dragapult;Shaymin;DRI 10;3;1;3;1,0;0,15;20;15,0;DRI;10;Uncommon;Basic;https://limitlesstcg.nyc3.cdn.digitaloceanspaces.com/tpci/DRI/DRI_010_R_EN_LG.png;No;Meta Live
Dragapult;Patrat;CRI 70;1;1;1;1,0;0,05;20;5,0;CRI;70;Common;Basic;https://limitlesstcg.nyc3.cdn.digitaloceanspaces.com/tpci/CRI/CRI_070_R_EN_LG.png;No;Meta Live
Dragapult;Genesect;SFA 40;1;1;1;1,0;0,05;20;5,0;SFA;40;Uncommon;Basic;https://limitlesstcg.nyc3.cdn.digitaloceanspaces.com/tpci/SFA/SFA_040_R_EN_LG.png;No;Meta Live
Dragapult;Lucky Helmet;TWM 158;2;2;1;2,0;0,1;20;5,0;TWM;158;Uncommon;Tool;https://limitlesstcg.nyc3.cdn.digitaloceanspaces.com/tpci/TWM/TWM_158_R_EN_LG.png;No;Meta Live
Dragapult;Air Balloon;ASC 181;1;1;1;1,0;0,05;20;5,0;ASC;181;Uncommon;Tool;https://limitlesstcg.nyc3.cdn.digitaloceanspaces.com/tpci/ASC/ASC_181_R_EN_LG.png;No;Meta Live
Dragapult;Lumiose City;POR 77;2;2;1;2,0;0,1;20;5,0;POR;77;Uncommon;Stadium;https://limitlesstcg.nyc3.cdn.digitaloceanspaces.com/tpci/POR/POR_077_R_EN_LG.png;No;Meta Live
Dragapult;Rellor;TEF 23;1;1;1;1,0;0,05;20;5,0;TEF;23;Common;Basic;https://limitlesstcg.nyc3.cdn.digitaloceanspaces.com/tpci/TEF/TEF_023_R_EN_LG.png;No;Meta Live
Dragapult;Rabsca;TEF 24;1;1;1;1,0;0,05;20;5,0;TEF;24;Uncommon;Stage 1;https://limitlesstcg.nyc3.cdn.digitaloceanspaces.com/tpci/TEF/TEF_024_R_EN_LG.png;No;Meta Live
Dragapult;Handheld Fan;TWM 150;1;1;1;1,0;0,05;20;5,0;TWM;150;Uncommon;Tool;https://limitlesstcg.nyc3.cdn.digitaloceanspaces.com/tpci/TWM/TWM_150_R_EN_LG.png;No;Meta Live
Dragapult;Forest of Vitality;MEG 117;1;1;1;1,0;0,05;20;5,0;MEG;117;Uncommon;Stadium;https://limitlesstcg.nyc3.cdn.digitaloceanspaces.com/tpci/MEG/MEG_117_R_EN_LG.png;No;Meta Live
Dragapult;Tool Scrapper;ASC 212;1;1;1;1,0;0,05;20;5,0;ASC;212;Common;Item;https://limitlesstcg.nyc3.cdn.digitaloceanspaces.com/tpci/ASC/ASC_212_R_EN_LG.png;No;Meta Live
Dragapult;Yveltal;MEG 88;1;1;1;1,0;0,05;20;5,0;MEG;88;Rare;Basic;https://limitlesstcg.nyc3.cdn.digitaloceanspaces.com/tpci/MEG/MEG_088_R_EN_LG.png;No;Meta Live
Dragapult;Bloodmoon Ursaluna ex;TWM 141;1;1;1;1,0;0,05;20;5,0;TWM;141;Double Rare;Basic;https://limitlesstcg.nyc3.cdn.digitaloceanspaces.com/tpci/TWM/TWM_141_R_EN_LG.png;No;Meta Live
Slowking;Slowpoke;SCR 57;79;4;20;3,95;3,95;20;100,0;SCR;57;Common;Basic;https://limitlesstcg.nyc3.cdn.digitaloceanspaces.com/tpci/SCR/SCR_057_R_EN_LG.png;No;Meta Live
Slowking;Slowking;SCR 58;60;3;20;3,0;3,0;20;100,0;SCR;58;Uncommon;Stage 1;https://limitlesstcg.nyc3.cdn.digitaloceanspaces.com/tpci/SCR/SCR_058_R_EN_LG.png;No;Meta Live
Slowking;Mega Kangaskhan ex;MEG 104;55;3;20;2,75;2,75;20;100,0;MEG;104;Double Rare;Basic;https://limitlesstcg.nyc3.cdn.digitaloceanspaces.com/tpci/MEG/MEG_104_R_EN_LG.png;No;Meta Live
Slowking;Duskull;PRE 35;2;2;1;2,0;0,1;20;5,0;PRE;35;Common;Basic;https://limitlesstcg.nyc3.cdn.digitaloceanspaces.com/tpci/PRE/PRE_035_R_EN_LG.png;No;Meta Live
Slowking;Dusclops;PRE 36;1;1;1;1,0;0,05;20;5,0;PRE;36;Common;Stage 1;https://limitlesstcg.nyc3.cdn.digitaloceanspaces.com/tpci/PRE/PRE_036_R_EN_LG.png;No;Meta Live
Slowking;Dusknoir;PRE 37;1;1;1;1,0;0,05;20;5,0;PRE;37;Rare;Stage 2;https://limitlesstcg.nyc3.cdn.digitaloceanspaces.com/tpci/PRE/PRE_037_R_EN_LG.png;No;Meta Live
Slowking;Kyurem;SFA 47;39;2;20;1,95;1,95;20;100,0;SFA;47;Uncommon;Basic;https://limitlesstcg.nyc3.cdn.digitaloceanspaces.com/tpci/SFA/SFA_047_R_EN_LG.png;No;Meta Live
Slowking;Latias ex;SSP 76;40;2;20;2,0;2,0;20;100,0;SSP;76;Double Rare;Basic;https://limitlesstcg.nyc3.cdn.digitaloceanspaces.com/tpci/SSP/SSP_076_R_EN_LG.png;No;Meta Live
Slowking;Fezandipiti ex;ASC 142;20;1;20;1,0;1,0;20;100,0;ASC;142;Double Rare;Basic;https://limitlesstcg.nyc3.cdn.digitaloceanspaces.com/tpci/ASC/ASC_142_R_EN_LG.png;No;Meta Live
Slowking;Lillie's Clefairy ex;JTG 56;20;1;20;1,0;1,0;20;100,0;JTG;56;Double Rare;Basic;https://limitlesstcg.nyc3.cdn.digitaloceanspaces.com/tpci/JTG/JTG_056_R_EN_LG.png;No;Meta Live
Slowking;N's Vanilluxe;ASC 51;2;1;2;1,0;0,1;20;10,0;ASC;51;Uncommon;Stage 2;https://limitlesstcg.nyc3.cdn.digitaloceanspaces.com/tpci/ASC/ASC_051_R_EN_LG.png;No;Meta Live
Slowking;Meowth ex;POR 62;20;1;20;1,0;1,0;20;100,0;POR;62;Double Rare;Basic;https://limitlesstcg.nyc3.cdn.digitaloceanspaces.com/tpci/POR/POR_062_R_EN_LG.png;No;Meta Live
Slowking;Metagross;CRI 61;31;2;20;1,55;1,55;20;100,0;CRI;61;Uncommon;Stage 2;https://limitlesstcg.nyc3.cdn.digitaloceanspaces.com/tpci/CRI/CRI_061_R_EN_LG.png;No;Meta Live
Slowking;Annihilape;SSP 100;20;2;15;1,33;1,0;20;75,0;SSP;100;Uncommon;Stage 2;https://limitlesstcg.nyc3.cdn.digitaloceanspaces.com/tpci/SSP/SSP_100_R_EN_LG.png;No;Meta Live
Slowking;Lillie's Determination;MEG 119;79;4;20;3,95;3,95;20;100,0;MEG;119;Uncommon;Supporter;https://limitlesstcg.nyc3.cdn.digitaloceanspaces.com/tpci/MEG/MEG_119_R_EN_LG.png;No;Meta Live
Slowking;Ciphermaniac's Codebreaking;TEF 145;71;4;20;3,55;3,55;20;100,0;TEF;145;Uncommon;Supporter;https://limitlesstcg.nyc3.cdn.digitaloceanspaces.com/tpci/TEF/TEF_145_R_EN_LG.png;No;Meta Live
Slowking;Ultra Ball;MEG 131;76;4;20;3,8;3,8;20;100,0;MEG;131;Common;Item;https://limitlesstcg.nyc3.cdn.digitaloceanspaces.com/tpci/MEG/MEG_131_R_EN_LG.png;No;Meta Live
Slowking;Poké Pad;POR 81;77;4;20;3,85;3,85;20;100,0;POR;81;Uncommon;Item;https://limitlesstcg.nyc3.cdn.digitaloceanspaces.com/tpci/POR/POR_081_R_EN_LG.png;No;Meta Live
Slowking;Wondrous Patch;PFL 94;60;3;20;3,0;3,0;20;100,0;PFL;94;Uncommon;Item;https://limitlesstcg.nyc3.cdn.digitaloceanspaces.com/tpci/PFL/PFL_094_R_EN_LG.png;No;Meta Live
Slowking;Night Stretcher;ASC 196;48;4;20;2,4;2,4;20;100,0;ASC;196;Common;Item;https://limitlesstcg.nyc3.cdn.digitaloceanspaces.com/tpci/ASC/ASC_196_R_EN_LG.png;No;Meta Live
Slowking;Switch;MEG 130;18;2;17;1,06;0,9;20;85,0;MEG;130;Common;Item;https://limitlesstcg.nyc3.cdn.digitaloceanspaces.com/tpci/MEG/MEG_130_R_EN_LG.png;No;Meta Live
Slowking;Rare Candy;MEG 125;1;1;1;1,0;0,05;20;5,0;MEG;125;Common;Item;https://limitlesstcg.nyc3.cdn.digitaloceanspaces.com/tpci/MEG/MEG_125_R_EN_LG.png;No;Meta Live
Slowking;Secret Box;TWM 163;13;1;13;1,0;0,65;20;65,0;TWM;163;Ultra Rare;Item;https://limitlesstcg.nyc3.cdn.digitaloceanspaces.com/tpci/TWM/TWM_163_R_EN_LG.png;Yes;Meta Live
Slowking;Academy at Night;SFA 54;80;4;20;4,0;4,0;20;100,0;SFA;54;Uncommon;Stadium;https://limitlesstcg.nyc3.cdn.digitaloceanspaces.com/tpci/SFA/SFA_054_R_EN_LG.png;No;Meta Live
Slowking;Telepathic Psychic Energy;POR 88;80;4;20;4,0;4,0;20;100,0;POR;88;Rare;Special Energy;https://limitlesstcg.nyc3.cdn.digitaloceanspaces.com/tpci/POR/POR_088_R_EN_LG.png;No;Meta Live
Slowking;Psychic Energy;MEE 5;75;4;20;3,75;3,75;20;100,0;MEE;5;;Basic Energy;https://limitlesstcg.nyc3.cdn.digitaloceanspaces.com/tpci/MEE/MEE_005_R_EN_LG.png;No;Meta Live
Slowking;Boomerang Energy;TWM 166;41;3;19;2,16;2,05;20;95,0;TWM;166;Uncommon;Special Energy;https://limitlesstcg.nyc3.cdn.digitaloceanspaces.com/tpci/TWM/TWM_166_R_EN_LG.png;No;Meta Live
Slowking;Special Red Card;CRI 82;3;1;3;1,0;0,15;20;15,0;CRI;82;Uncommon;Item;https://limitlesstcg.nyc3.cdn.digitaloceanspaces.com/tpci/CRI/CRI_082_R_EN_LG.png;No;Meta Live
Slowking;Drapion;POR 52;4;1;4;1,0;0,2;20;20,0;POR;52;Uncommon;Stage 1;https://limitlesstcg.nyc3.cdn.digitaloceanspaces.com/tpci/POR/POR_052_R_EN_LG.png;No;Meta Live
Slowking;Munkidori;TWM 95;3;1;3;1,0;0,15;20;15,0;TWM;95;Rare;Basic;https://limitlesstcg.nyc3.cdn.digitaloceanspaces.com/tpci/TWM/TWM_095_R_EN_LG.png;No;Meta Live
Slowking;Unown;30C 72;4;1;4;1,0;0,2;20;20,0;30C;72;Common;Basic;https://limitlesstcg.nyc3.cdn.digitaloceanspaces.com/tpci/30C/30C_072_R_EN_LG.png;No;Meta Live
Slowking;Smoochum;SSP 75;3;1;3;1,0;0,15;20;15,0;SSP;75;Common;Basic;https://limitlesstcg.nyc3.cdn.digitaloceanspaces.com/tpci/SSP/SSP_075_R_EN_LG.png;No;Meta Live
Slowking;Crispin;SCR 133;3;1;3;1,0;0,15;20;15,0;SCR;133;Uncommon;Supporter;https://limitlesstcg.nyc3.cdn.digitaloceanspaces.com/tpci/SCR/SCR_133_R_EN_LG.png;No;Meta Live
Slowking;Prime Catcher;TEF 157;6;1;6;1,0;0,3;20;30,0;TEF;157;Ultra Rare;Item;https://limitlesstcg.nyc3.cdn.digitaloceanspaces.com/tpci/TEF/TEF_157_R_EN_LG.png;Yes;Meta Live
Slowking;Darkness Energy;MEE 7;5;2;3;1,67;0,25;20;15,0;MEE;7;;Basic Energy;https://limitlesstcg.nyc3.cdn.digitaloceanspaces.com/tpci/MEE/MEE_007_R_EN_LG.png;No;Meta Live
Slowking;Lana's Aid;TWM 155;5;1;5;1,0;0,25;20;25,0;TWM;155;Uncommon;Supporter;https://limitlesstcg.nyc3.cdn.digitaloceanspaces.com/tpci/TWM/TWM_155_R_EN_LG.png;No;Meta Live
Slowking;Surfer;SSP 187;8;1;8;1,0;0,4;20;40,0;SSP;187;Uncommon;Supporter;https://limitlesstcg.nyc3.cdn.digitaloceanspaces.com/tpci/SSP/SSP_187_R_EN_LG.png;No;Meta Live
Slowking;Brave Bangle;WHT 80;6;1;6;1,0;0,3;20;30,0;WHT;80;Uncommon;Tool;https://limitlesstcg.nyc3.cdn.digitaloceanspaces.com/tpci/WHT/WHT_080_R_EN_LG.png;No;Meta Live
Slowking;Powerglass;SFA 63;7;2;5;1,4;0,35;20;25,0;SFA;63;Uncommon;Tool;https://limitlesstcg.nyc3.cdn.digitaloceanspaces.com/tpci/SFA/SFA_063_R_EN_LG.png;No;Meta Live
Slowking;Genesect;SFA 40;2;1;2;1,0;0,1;20;10,0;SFA;40;Uncommon;Basic;https://limitlesstcg.nyc3.cdn.digitaloceanspaces.com/tpci/SFA/SFA_040_R_EN_LG.png;No;Meta Live
Slowking;Amulet of Hope;SSP 162;1;1;1;1,0;0,05;20;5,0;SSP;162;Ultra Rare;Tool;https://limitlesstcg.nyc3.cdn.digitaloceanspaces.com/tpci/SSP/SSP_162_R_EN_LG.png;Yes;Meta Live
Slowking;Lucky Helmet;TWM 158;7;2;6;1,17;0,35;20;30,0;TWM;158;Uncommon;Tool;https://limitlesstcg.nyc3.cdn.digitaloceanspaces.com/tpci/TWM/TWM_158_R_EN_LG.png;No;Meta Live
Slowking;Mega Slowbro ex;PBL 31;1;1;1;1,0;0,05;20;5,0;PBL;31;Double Rare;Stage 1;https://limitlesstcg.nyc3.cdn.digitaloceanspaces.com/tpci/PBL/PBL_031_R_EN_LG.png;No;Meta Live
Slowking;Cofagrigus;SSP 83;2;1;2;1,0;0,1;20;10,0;SSP;83;Rare;Stage 1;https://limitlesstcg.nyc3.cdn.digitaloceanspaces.com/tpci/SSP/SSP_083_R_EN_LG.png;No;Meta Live
Slowking;Counter Gain;SSP 169;1;1;1;1,0;0,05;20;5,0;SSP;169;Uncommon;Tool;https://limitlesstcg.nyc3.cdn.digitaloceanspaces.com/tpci/SSP/SSP_169_R_EN_LG.png;No;Meta Live
Slowking;Zeraora;DRI 78;10;1;10;1,0;0,5;20;50,0;DRI;78;Rare;Basic;https://limitlesstcg.nyc3.cdn.digitaloceanspaces.com/tpci/DRI/DRI_078_R_EN_LG.png;No;Meta Live
Slowking;Pawmot;PFL 34;1;1;1;1,0;0,05;20;5,0;PFL;34;Rare;Stage 2;https://limitlesstcg.nyc3.cdn.digitaloceanspaces.com/tpci/PFL/PFL_034_R_EN_LG.png;No;Meta Live
Slowking;Mew ex;30C 66;3;1;3;1,0;0,15;20;15,0;30C;66;Double Rare;Basic;https://limitlesstcg.nyc3.cdn.digitaloceanspaces.com/tpci/30C/30C_066_R_EN_LG.png;No;Meta Live
Slowking;Spectrier;ASC 98;2;1;2;1,0;0,1;20;10,0;ASC;98;Rare;Basic;https://limitlesstcg.nyc3.cdn.digitaloceanspaces.com/tpci/ASC/ASC_098_R_EN_LG.png;No;Meta Live
Slowking;Shaymin;DRI 10;2;1;2;1,0;0,1;20;10,0;DRI;10;Uncommon;Basic;https://limitlesstcg.nyc3.cdn.digitaloceanspaces.com/tpci/DRI/DRI_010_R_EN_LG.png;No;Meta Live
Slowking;Shiftry;TEF 5;1;1;1;1,0;0,05;20;5,0;TEF;5;Uncommon;Stage 2;https://limitlesstcg.nyc3.cdn.digitaloceanspaces.com/tpci/TEF/TEF_005_R_EN_LG.png;No;Meta Live
Slowking;Boss's Orders;MEG 114;1;1;1;1,0;0,05;20;5,0;MEG;114;Uncommon;Supporter;https://limitlesstcg.nyc3.cdn.digitaloceanspaces.com/tpci/MEG/MEG_114_R_EN_LG.png;No;Meta Live
N's Zoroark;N's Zorua;JTG 97;80;4;20;4,0;4,0;20;100,0;JTG;97;Common;Basic;https://limitlesstcg.nyc3.cdn.digitaloceanspaces.com/tpci/JTG/JTG_097_R_EN_LG.png;No;Meta Live
N's Zoroark;N's Zoroark ex;JTG 98;80;4;20;4,0;4,0;20;100,0;JTG;98;Double Rare;Stage 1;https://limitlesstcg.nyc3.cdn.digitaloceanspaces.com/tpci/JTG/JTG_098_R_EN_LG.png;No;Meta Live
N's Zoroark;Munkidori;TWM 95;24;2;20;1,2;1,2;20;100,0;TWM;95;Rare;Basic;https://limitlesstcg.nyc3.cdn.digitaloceanspaces.com/tpci/TWM/TWM_095_R_EN_LG.png;No;Meta Live
N's Zoroark;N's Zekrom;ASC 155;34;2;20;1,7;1,7;20;100,0;ASC;155;Rare;Basic;https://limitlesstcg.nyc3.cdn.digitaloceanspaces.com/tpci/ASC/ASC_155_R_EN_LG.png;No;Meta Live
N's Zoroark;N's Reshiram;JTG 116;19;1;19;1,0;0,95;20;95,0;JTG;116;Rare;Basic;https://limitlesstcg.nyc3.cdn.digitaloceanspaces.com/tpci/JTG/JTG_116_R_EN_LG.png;No;Meta Live
N's Zoroark;Fezandipiti ex;ASC 142;19;1;19;1,0;0,95;20;95,0;ASC;142;Double Rare;Basic;https://limitlesstcg.nyc3.cdn.digitaloceanspaces.com/tpci/ASC/ASC_142_R_EN_LG.png;No;Meta Live
N's Zoroark;Meowth ex;POR 62;5;1;5;1,0;0,25;20;25,0;POR;62;Double Rare;Basic;https://limitlesstcg.nyc3.cdn.digitaloceanspaces.com/tpci/POR/POR_062_R_EN_LG.png;No;Meta Live
N's Zoroark;Pecharunt ex;SFA 39;20;1;20;1,0;1,0;20;100,0;SFA;39;Double Rare;Basic;https://limitlesstcg.nyc3.cdn.digitaloceanspaces.com/tpci/SFA/SFA_039_R_EN_LG.png;No;Meta Live
N's Zoroark;Budew;ASC 16;9;1;9;1,0;0,45;20;45,0;ASC;16;Common;Basic;https://limitlesstcg.nyc3.cdn.digitaloceanspaces.com/tpci/ASC/ASC_016_R_EN_LG.png;No;Meta Live
N's Zoroark;Yveltal;MEG 88;9;1;9;1,0;0,45;20;45,0;MEG;88;Rare;Basic;https://limitlesstcg.nyc3.cdn.digitaloceanspaces.com/tpci/MEG/MEG_088_R_EN_LG.png;No;Meta Live
N's Zoroark;Lillie's Determination;MEG 119;80;4;20;4,0;4,0;20;100,0;MEG;119;Uncommon;Supporter;https://limitlesstcg.nyc3.cdn.digitaloceanspaces.com/tpci/MEG/MEG_119_R_EN_LG.png;No;Meta Live
N's Zoroark;Boss's Orders;MEG 114;62;4;20;3,1;3,1;20;100,0;MEG;114;Uncommon;Supporter;https://limitlesstcg.nyc3.cdn.digitaloceanspaces.com/tpci/MEG/MEG_114_R_EN_LG.png;No;Meta Live
N's Zoroark;Cyrano;SSP 170;47;4;20;2,35;2,35;20;100,0;SSP;170;Uncommon;Supporter;https://limitlesstcg.nyc3.cdn.digitaloceanspaces.com/tpci/SSP/SSP_170_R_EN_LG.png;No;Meta Live
N's Zoroark;Judge;POR 76;21;2;14;1,5;1,05;20;70,0;POR;76;Uncommon;Supporter;https://limitlesstcg.nyc3.cdn.digitaloceanspaces.com/tpci/POR/POR_076_R_EN_LG.png;No;Meta Live
N's Zoroark;Janine's Secret Art;PRE 112;7;1;7;1,0;0,35;20;35,0;PRE;112;Uncommon;Supporter;https://limitlesstcg.nyc3.cdn.digitaloceanspaces.com/tpci/PRE/PRE_112_R_EN_LG.png;No;Meta Live
N's Zoroark;Black Belt's Training;JTG 143;20;1;20;1,0;1,0;20;100,0;JTG;143;Common;Supporter;https://limitlesstcg.nyc3.cdn.digitaloceanspaces.com/tpci/JTG/JTG_143_R_EN_LG.png;No;Meta Live
N's Zoroark;Buddy-Buddy Poffin;TEF 144;79;4;20;3,95;3,95;20;100,0;TEF;144;Uncommon;Item;https://limitlesstcg.nyc3.cdn.digitaloceanspaces.com/tpci/TEF/TEF_144_R_EN_LG.png;No;Meta Live
N's Zoroark;Ultra Ball;MEG 131;50;4;19;2,63;2,5;20;95,0;MEG;131;Common;Item;https://limitlesstcg.nyc3.cdn.digitaloceanspaces.com/tpci/MEG/MEG_131_R_EN_LG.png;No;Meta Live
N's Zoroark;N's PP Up;JTG 153;60;3;20;3,0;3,0;20;100,0;JTG;153;Uncommon;Item;https://limitlesstcg.nyc3.cdn.digitaloceanspaces.com/tpci/JTG/JTG_153_R_EN_LG.png;No;Meta Live
N's Zoroark;Night Stretcher;ASC 196;36;2;20;1,8;1,8;20;100,0;ASC;196;Common;Item;https://limitlesstcg.nyc3.cdn.digitaloceanspaces.com/tpci/ASC/ASC_196_R_EN_LG.png;No;Meta Live
N's Zoroark;Poké Pad;POR 81;61;4;20;3,05;3,05;20;100,0;POR;81;Uncommon;Item;https://limitlesstcg.nyc3.cdn.digitaloceanspaces.com/tpci/POR/POR_081_R_EN_LG.png;No;Meta Live
N's Zoroark;Secret Box;TWM 163;16;1;16;1,0;0,8;20;80,0;TWM;163;Ultra Rare;Item;https://limitlesstcg.nyc3.cdn.digitaloceanspaces.com/tpci/TWM/TWM_163_R_EN_LG.png;Yes;Meta Live
N's Zoroark;Energy Switch;MEG 115;4;2;3;1,33;0,2;20;15,0;MEG;115;Common;Item;https://limitlesstcg.nyc3.cdn.digitaloceanspaces.com/tpci/MEG/MEG_115_R_EN_LG.png;No;Meta Live
N's Zoroark;Special Red Card;CRI 82;20;2;19;1,05;1,0;20;95,0;CRI;82;Uncommon;Item;https://limitlesstcg.nyc3.cdn.digitaloceanspaces.com/tpci/CRI/CRI_082_R_EN_LG.png;No;Meta Live
N's Zoroark;Binding Mochi;PRE 95;33;2;19;1,74;1,65;20;95,0;PRE;95;Uncommon;Tool;https://limitlesstcg.nyc3.cdn.digitaloceanspaces.com/tpci/PRE/PRE_095_R_EN_LG.png;No;Meta Live
N's Zoroark;N's Castle;JTG 152;18;2;11;1,64;0,9;20;55,0;JTG;152;Uncommon;Stadium;https://limitlesstcg.nyc3.cdn.digitaloceanspaces.com/tpci/JTG/JTG_152_R_EN_LG.png;No;Meta Live
N's Zoroark;Team Rocket's Watchtower;DRI 180;42;4;16;2,62;2,1;20;80,0;DRI;180;Uncommon;Stadium;https://limitlesstcg.nyc3.cdn.digitaloceanspaces.com/tpci/DRI/DRI_180_R_EN_LG.png;No;Meta Live
N's Zoroark;Darkness Energy;MEE 7;159;9;20;7,95;7,95;20;100,0;MEE;7;;Basic Energy;https://limitlesstcg.nyc3.cdn.digitaloceanspaces.com/tpci/MEE/MEE_007_R_EN_LG.png;No;Meta Live
N's Zoroark;N's Darumaka;JTG 26;7;1;7;1,0;0,35;20;35,0;JTG;26;Common;Basic;https://limitlesstcg.nyc3.cdn.digitaloceanspaces.com/tpci/JTG/JTG_026_R_EN_LG.png;No;Meta Live
N's Zoroark;N's Darmanitan;JTG 27;7;1;7;1,0;0,35;20;35,0;JTG;27;Uncommon;Stage 1;https://limitlesstcg.nyc3.cdn.digitaloceanspaces.com/tpci/JTG/JTG_027_R_EN_LG.png;No;Meta Live
N's Zoroark;Transformation Tome;CRI 83;16;4;4;4,0;0,8;20;20,0;CRI;83;Uncommon;Item;https://limitlesstcg.nyc3.cdn.digitaloceanspaces.com/tpci/CRI/CRI_083_R_EN_LG.png;No;Meta Live
N's Zoroark;Tatsugiri;TWM 131;16;1;16;1,0;0,8;20;80,0;TWM;131;Uncommon;Basic;https://limitlesstcg.nyc3.cdn.digitaloceanspaces.com/tpci/TWM/TWM_131_R_EN_LG.png;No;Meta Live
N's Zoroark;Xerosic's Machinations;SFA 64;6;1;6;1,0;0,3;20;30,0;SFA;64;Uncommon;Supporter;https://limitlesstcg.nyc3.cdn.digitaloceanspaces.com/tpci/SFA/SFA_064_R_EN_LG.png;No;Meta Live
N's Zoroark;Unfair Stamp;TWM 165;3;1;3;1,0;0,15;20;15,0;TWM;165;Ultra Rare;Item;https://limitlesstcg.nyc3.cdn.digitaloceanspaces.com/tpci/TWM/TWM_165_R_EN_LG.png;Yes;Meta Live
N's Zoroark;N's Purrloin;JTG 96;6;1;6;1,0;0,3;20;30,0;JTG;96;Common;Basic;https://limitlesstcg.nyc3.cdn.digitaloceanspaces.com/tpci/JTG/JTG_096_R_EN_LG.png;No;Meta Live
N's Zoroark;Brock's Scouting;JTG 146;4;1;4;1,0;0,2;20;20,0;JTG;146;Uncommon;Supporter;https://limitlesstcg.nyc3.cdn.digitaloceanspaces.com/tpci/JTG/JTG_146_R_EN_LG.png;No;Meta Live
N's Zoroark;Air Balloon;ASC 181;12;2;11;1,09;0,6;20;55,0;ASC;181;Uncommon;Tool;https://limitlesstcg.nyc3.cdn.digitaloceanspaces.com/tpci/ASC/ASC_181_R_EN_LG.png;No;Meta Live
N's Zoroark;Ruffian;JTG 157;3;1;3;1,0;0,15;20;15,0;JTG;157;Uncommon;Supporter;https://limitlesstcg.nyc3.cdn.digitaloceanspaces.com/tpci/JTG/JTG_157_R_EN_LG.png;No;Meta Live
N's Zoroark;Psyduck;ASC 39;1;1;1;1,0;0,05;20;5,0;ASC;39;Common;Basic;https://limitlesstcg.nyc3.cdn.digitaloceanspaces.com/tpci/ASC/ASC_039_R_EN_LG.png;No;Meta Live
N's Zoroark;Hero's Cape;TEF 152;1;1;1;1,0;0,05;20;5,0;TEF;152;Ultra Rare;Tool;https://limitlesstcg.nyc3.cdn.digitaloceanspaces.com/tpci/TEF/TEF_152_R_EN_LG.png;Yes;Meta Live
N's Zoroark;Tool Scrapper;ASC 212;1;1;1;1,0;0,05;20;5,0;ASC;212;Common;Item;https://limitlesstcg.nyc3.cdn.digitaloceanspaces.com/tpci/ASC/ASC_212_R_EN_LG.png;No;Meta Live
N's Zoroark;Punk Helmet;PFL 92;2;2;1;2,0;0,1;20;5,0;PFL;92;Uncommon;Tool;https://limitlesstcg.nyc3.cdn.digitaloceanspaces.com/tpci/PFL/PFL_092_R_EN_LG.png;No;Meta Live
N's Zoroark;Shaymin;DRI 10;1;1;1;1,0;0,05;20;5,0;DRI;10;Uncommon;Basic;https://limitlesstcg.nyc3.cdn.digitaloceanspaces.com/tpci/DRI/DRI_010_R_EN_LG.png;No;Meta Live
Alakazam Dudunsparce;Abra;MEG 54;80;4;20;4,0;4,0;20;100,0;MEG;54;Common;Basic;https://limitlesstcg.nyc3.cdn.digitaloceanspaces.com/tpci/MEG/MEG_054_R_EN_LG.png;No;Meta Live
Alakazam Dudunsparce;Kadabra;MEG 55;74;4;20;3,7;3,7;20;100,0;MEG;55;Uncommon;Stage 1;https://limitlesstcg.nyc3.cdn.digitaloceanspaces.com/tpci/MEG/MEG_055_R_EN_LG.png;No;Meta Live
Alakazam Dudunsparce;Alakazam;MEG 56;65;4;20;3,25;3,25;20;100,0;MEG;56;Rare;Stage 2;https://limitlesstcg.nyc3.cdn.digitaloceanspaces.com/tpci/MEG/MEG_056_R_EN_LG.png;No;Meta Live
Alakazam Dudunsparce;Pikipek;PBL 66;14;2;7;2,0;0,7;20;35,0;PBL;66;Common;Basic;https://limitlesstcg.nyc3.cdn.digitaloceanspaces.com/tpci/PBL/PBL_066_R_EN_LG.png;No;Meta Live
Alakazam Dudunsparce;Trumbeak;PBL 67;5;1;5;1,0;0,25;20;25,0;PBL;67;Common;Stage 1;https://limitlesstcg.nyc3.cdn.digitaloceanspaces.com/tpci/PBL/PBL_067_R_EN_LG.png;No;Meta Live
Alakazam Dudunsparce;Toucannon;PBL 68;13;2;7;1,86;0,65;20;35,0;PBL;68;Uncommon;Stage 2;https://limitlesstcg.nyc3.cdn.digitaloceanspaces.com/tpci/PBL/PBL_068_R_EN_LG.png;No;Meta Live
Alakazam Dudunsparce;Dunsparce;JTG 120;55;3;20;2,75;2,75;20;100,0;JTG;120;Common;Basic;https://limitlesstcg.nyc3.cdn.digitaloceanspaces.com/tpci/JTG/JTG_120_R_EN_LG.png;No;Meta Live
Alakazam Dudunsparce;Dudunsparce;TEF 129;46;3;20;2,3;2,3;20;100,0;TEF;129;Rare;Stage 1;https://limitlesstcg.nyc3.cdn.digitaloceanspaces.com/tpci/TEF/TEF_129_R_EN_LG.png;No;Meta Live
Alakazam Dudunsparce;Genesect;SFA 40;18;1;18;1,0;0,9;20;90,0;SFA;40;Uncommon;Basic;https://limitlesstcg.nyc3.cdn.digitaloceanspaces.com/tpci/SFA/SFA_040_R_EN_LG.png;No;Meta Live
Alakazam Dudunsparce;Shaymin;DRI 10;18;1;18;1,0;0,9;20;90,0;DRI;10;Uncommon;Basic;https://limitlesstcg.nyc3.cdn.digitaloceanspaces.com/tpci/DRI/DRI_010_R_EN_LG.png;No;Meta Live
Alakazam Dudunsparce;Dawn;PFL 87;68;4;20;3,4;3,4;20;100,0;PFL;87;Uncommon;Supporter;https://limitlesstcg.nyc3.cdn.digitaloceanspaces.com/tpci/PFL/PFL_087_R_EN_LG.png;No;Meta Live
Alakazam Dudunsparce;Hilda;WHT 84;60;4;19;3,16;3,0;20;95,0;WHT;84;Uncommon;Supporter;https://limitlesstcg.nyc3.cdn.digitaloceanspaces.com/tpci/WHT/WHT_084_R_EN_LG.png;No;Meta Live
Alakazam Dudunsparce;Boss's Orders;MEG 114;43;3;20;2,15;2,15;20;100,0;MEG;114;Uncommon;Supporter;https://limitlesstcg.nyc3.cdn.digitaloceanspaces.com/tpci/MEG/MEG_114_R_EN_LG.png;No;Meta Live
Alakazam Dudunsparce;Eri;TEF 146;19;2;17;1,12;0,95;20;85,0;TEF;146;Uncommon;Supporter;https://limitlesstcg.nyc3.cdn.digitaloceanspaces.com/tpci/TEF/TEF_146_R_EN_LG.png;No;Meta Live
Alakazam Dudunsparce;Lana's Aid;TWM 155;16;1;16;1,0;0,8;20;80,0;TWM;155;Uncommon;Supporter;https://limitlesstcg.nyc3.cdn.digitaloceanspaces.com/tpci/TWM/TWM_155_R_EN_LG.png;No;Meta Live
Alakazam Dudunsparce;Buddy-Buddy Poffin;TEF 144;77;4;20;3,85;3,85;20;100,0;TEF;144;Uncommon;Item;https://limitlesstcg.nyc3.cdn.digitaloceanspaces.com/tpci/TEF/TEF_144_R_EN_LG.png;No;Meta Live
Alakazam Dudunsparce;Poké Pad;POR 81;78;4;20;3,9;3,9;20;100,0;POR;81;Uncommon;Item;https://limitlesstcg.nyc3.cdn.digitaloceanspaces.com/tpci/POR/POR_081_R_EN_LG.png;No;Meta Live
Alakazam Dudunsparce;Rare Candy;MEG 125;63;4;20;3,15;3,15;20;100,0;MEG;125;Common;Item;https://limitlesstcg.nyc3.cdn.digitaloceanspaces.com/tpci/MEG/MEG_125_R_EN_LG.png;No;Meta Live
Alakazam Dudunsparce;Enhanced Hammer;TWM 148;31;2;17;1,82;1,55;20;85,0;TWM;148;Uncommon;Item;https://limitlesstcg.nyc3.cdn.digitaloceanspaces.com/tpci/TWM/TWM_148_R_EN_LG.png;No;Meta Live
Alakazam Dudunsparce;Night Stretcher;ASC 196;19;3;15;1,27;0,95;20;75,0;ASC;196;Common;Item;https://limitlesstcg.nyc3.cdn.digitaloceanspaces.com/tpci/ASC/ASC_196_R_EN_LG.png;No;Meta Live
Alakazam Dudunsparce;Special Red Card;CRI 82;5;1;5;1,0;0,25;20;25,0;CRI;82;Uncommon;Item;https://limitlesstcg.nyc3.cdn.digitaloceanspaces.com/tpci/CRI/CRI_082_R_EN_LG.png;No;Meta Live
Alakazam Dudunsparce;Wondrous Patch;PFL 94;6;2;5;1,2;0,3;20;25,0;PFL;94;Uncommon;Item;https://limitlesstcg.nyc3.cdn.digitaloceanspaces.com/tpci/PFL/PFL_094_R_EN_LG.png;No;Meta Live
Alakazam Dudunsparce;Sacred Ash;DRI 168;20;1;20;1,0;1,0;20;100,0;DRI;168;Uncommon;Item;https://limitlesstcg.nyc3.cdn.digitaloceanspaces.com/tpci/DRI/DRI_168_R_EN_LG.png;No;Meta Live
Alakazam Dudunsparce;Handheld Fan;TWM 150;16;3;9;1,78;0,8;20;45,0;TWM;150;Uncommon;Tool;https://limitlesstcg.nyc3.cdn.digitaloceanspaces.com/tpci/TWM/TWM_150_R_EN_LG.png;No;Meta Live
Alakazam Dudunsparce;Air Balloon;ASC 181;29;3;17;1,71;1,45;20;85,0;ASC;181;Uncommon;Tool;https://limitlesstcg.nyc3.cdn.digitaloceanspaces.com/tpci/ASC/ASC_181_R_EN_LG.png;No;Meta Live
Alakazam Dudunsparce;Battle Cage;PFL 85;47;4;17;2,76;2,35;20;85,0;PFL;85;Uncommon;Stadium;https://limitlesstcg.nyc3.cdn.digitaloceanspaces.com/tpci/PFL/PFL_085_R_EN_LG.png;No;Meta Live
Alakazam Dudunsparce;Nighttime Mine;ASC 197;18;4;8;2,25;0,9;20;40,0;ASC;197;Uncommon;Stadium;https://limitlesstcg.nyc3.cdn.digitaloceanspaces.com/tpci/ASC/ASC_197_R_EN_LG.png;No;Meta Live
Alakazam Dudunsparce;Telepathic Psychic Energy;POR 88;78;4;20;3,9;3,9;20;100,0;POR;88;Rare;Special Energy;https://limitlesstcg.nyc3.cdn.digitaloceanspaces.com/tpci/POR/POR_088_R_EN_LG.png;No;Meta Live
Alakazam Dudunsparce;Psychic Energy;MEE 5;26;3;20;1,3;1,3;20;100,0;MEE;5;;Basic Energy;https://limitlesstcg.nyc3.cdn.digitaloceanspaces.com/tpci/MEE/MEE_005_R_EN_LG.png;No;Meta Live
Alakazam Dudunsparce;Enriching Energy;SSP 191;20;1;20;1,0;1,0;20;100,0;SSP;191;Ultra Rare;Special Energy;https://limitlesstcg.nyc3.cdn.digitaloceanspaces.com/tpci/SSP/SSP_191_R_EN_LG.png;Yes;Meta Live
Alakazam Dudunsparce;Fan Rotom;SCR 118;3;1;3;1,0;0,15;20;15,0;SCR;118;Common;Basic;https://limitlesstcg.nyc3.cdn.digitaloceanspaces.com/tpci/SCR/SCR_118_R_EN_LG.png;No;Meta Live
Alakazam Dudunsparce;Fezandipiti ex;ASC 142;18;1;18;1,0;0,9;20;90,0;ASC;142;Double Rare;Basic;https://limitlesstcg.nyc3.cdn.digitaloceanspaces.com/tpci/ASC/ASC_142_R_EN_LG.png;No;Meta Live
Alakazam Dudunsparce;Dedenne;SSP 87;10;1;10;1,0;0,5;20;50,0;SSP;87;Common;Basic;https://limitlesstcg.nyc3.cdn.digitaloceanspaces.com/tpci/SSP/SSP_087_R_EN_LG.png;No;Meta Live
Alakazam Dudunsparce;Elgyem;BLK 40;5;1;5;1,0;0,25;20;25,0;BLK;40;Common;Basic;https://limitlesstcg.nyc3.cdn.digitaloceanspaces.com/tpci/BLK/BLK_040_R_EN_LG.png;No;Meta Live
Alakazam Dudunsparce;Psyduck;ASC 39;8;1;8;1,0;0,4;20;40,0;ASC;39;Common;Basic;https://limitlesstcg.nyc3.cdn.digitaloceanspaces.com/tpci/ASC/ASC_039_R_EN_LG.png;No;Meta Live
Alakazam Dudunsparce;Lillie's Determination;MEG 119;5;2;3;1,67;0,25;20;15,0;MEG;119;Uncommon;Supporter;https://limitlesstcg.nyc3.cdn.digitaloceanspaces.com/tpci/MEG/MEG_119_R_EN_LG.png;No;Meta Live
Alakazam Dudunsparce;Lillie's Clefairy ex;JTG 56;3;1;3;1,0;0,15;20;15,0;JTG;56;Double Rare;Basic;https://limitlesstcg.nyc3.cdn.digitaloceanspaces.com/tpci/JTG/JTG_056_R_EN_LG.png;No;Meta Live
Alakazam Dudunsparce;Switch;MEG 130;3;1;3;1,0;0,15;20;15,0;MEG;130;Common;Item;https://limitlesstcg.nyc3.cdn.digitaloceanspaces.com/tpci/MEG/MEG_130_R_EN_LG.png;No;Meta Live
Alakazam Dudunsparce;Lucky Helmet;TWM 158;5;1;5;1,0;0,25;20;25,0;TWM;158;Uncommon;Tool;https://limitlesstcg.nyc3.cdn.digitaloceanspaces.com/tpci/TWM/TWM_158_R_EN_LG.png;No;Meta Live
Alakazam Dudunsparce;Rellor;TEF 23;1;1;1;1,0;0,05;20;5,0;TEF;23;Common;Basic;https://limitlesstcg.nyc3.cdn.digitaloceanspaces.com/tpci/TEF/TEF_023_R_EN_LG.png;No;Meta Live
Alakazam Dudunsparce;Rabsca;TEF 24;1;1;1;1,0;0,05;20;5,0;TEF;24;Uncommon;Stage 1;https://limitlesstcg.nyc3.cdn.digitaloceanspaces.com/tpci/TEF/TEF_024_R_EN_LG.png;No;Meta Live
Alakazam Dudunsparce;Xerosic's Machinations;SFA 64;3;1;3;1,0;0,15;20;15,0;SFA;64;Uncommon;Supporter;https://limitlesstcg.nyc3.cdn.digitaloceanspaces.com/tpci/SFA/SFA_064_R_EN_LG.png;No;Meta Live
Alakazam Dudunsparce;Forest of Vitality;MEG 117;2;2;1;2,0;0,1;20;5,0;MEG;117;Uncommon;Stadium;https://limitlesstcg.nyc3.cdn.digitaloceanspaces.com/tpci/MEG/MEG_117_R_EN_LG.png;No;Meta Live
Alakazam Dudunsparce;Budew;ASC 16;1;1;1;1,0;0,05;20;5,0;ASC;16;Common;Basic;https://limitlesstcg.nyc3.cdn.digitaloceanspaces.com/tpci/ASC/ASC_016_R_EN_LG.png;No;Meta Live
Alakazam Dudunsparce;Togepi;SSP 70;1;1;1;1,0;0,05;20;5,0;SSP;70;Common;Basic;https://limitlesstcg.nyc3.cdn.digitaloceanspaces.com/tpci/SSP/SSP_070_R_EN_LG.png;No;Meta Live
Alakazam Dudunsparce;Togekiss;SSP 72;1;1;1;1,0;0,05;20;5,0;SSP;72;Rare;Stage 2;https://limitlesstcg.nyc3.cdn.digitaloceanspaces.com/tpci/SSP/SSP_072_R_EN_LG.png;No;Meta Live
Alakazam Dudunsparce;Gwynn;PBL 78;1;1;1;1,0;0,05;20;5,0;PBL;78;Uncommon;Supporter;https://limitlesstcg.nyc3.cdn.digitaloceanspaces.com/tpci/PBL/PBL_078_R_EN_LG.png;No;Meta Live
Alakazam Dudunsparce;Tool Scrapper;ASC 212;1;1;1;1,0;0,05;20;5,0;ASC;212;Common;Item;https://limitlesstcg.nyc3.cdn.digitaloceanspaces.com/tpci/ASC/ASC_212_R_EN_LG.png;No;Meta Live
Alakazam Dudunsparce;Mist Energy;TEF 161;1;1;1;1,0;0,05;20;5,0;TEF;161;Uncommon;Special Energy;https://limitlesstcg.nyc3.cdn.digitaloceanspaces.com/tpci/TEF/TEF_161_R_EN_LG.png;No;Meta Live
Dragapult Dusknoir;Dreepy;TWM 128;80;4;20;4,0;4,0;20;100,0;TWM;128;Common;Basic;https://limitlesstcg.nyc3.cdn.digitaloceanspaces.com/tpci/TWM/TWM_128_R_EN_LG.png;No;Meta Live
Dragapult Dusknoir;Drakloak;TWM 129;80;4;20;4,0;4,0;20;100,0;TWM;129;Common;Stage 1;https://limitlesstcg.nyc3.cdn.digitaloceanspaces.com/tpci/TWM/TWM_129_R_EN_LG.png;No;Meta Live
Dragapult Dusknoir;Dragapult ex;TWM 130;57;3;20;2,85;2,85;20;100,0;TWM;130;Double Rare;Stage 2;https://limitlesstcg.nyc3.cdn.digitaloceanspaces.com/tpci/TWM/TWM_130_R_EN_LG.png;No;Meta Live
Dragapult Dusknoir;Duskull;PRE 35;40;2;20;2,0;2,0;20;100,0;PRE;35;Common;Basic;https://limitlesstcg.nyc3.cdn.digitaloceanspaces.com/tpci/PRE/PRE_035_R_EN_LG.png;No;Meta Live
Dragapult Dusknoir;Dusclops;PRE 36;36;2;20;1,8;1,8;20;100,0;PRE;36;Common;Stage 1;https://limitlesstcg.nyc3.cdn.digitaloceanspaces.com/tpci/PRE/PRE_036_R_EN_LG.png;No;Meta Live
Dragapult Dusknoir;Dusknoir;PRE 37;20;1;20;1,0;1,0;20;100,0;PRE;37;Rare;Stage 2;https://limitlesstcg.nyc3.cdn.digitaloceanspaces.com/tpci/PRE/PRE_037_R_EN_LG.png;No;Meta Live
Dragapult Dusknoir;Moltres;PFL 14;10;1;10;1,0;0,5;20;50,0;PFL;14;Rare;Basic;https://limitlesstcg.nyc3.cdn.digitaloceanspaces.com/tpci/PFL/PFL_014_R_EN_LG.png;No;Meta Live
Dragapult Dusknoir;Meowth ex;POR 62;20;1;20;1,0;1,0;20;100,0;POR;62;Double Rare;Basic;https://limitlesstcg.nyc3.cdn.digitaloceanspaces.com/tpci/POR/POR_062_R_EN_LG.png;No;Meta Live
Dragapult Dusknoir;Munkidori;TWM 95;13;2;11;1,18;0,65;20;55,0;TWM;95;Rare;Basic;https://limitlesstcg.nyc3.cdn.digitaloceanspaces.com/tpci/TWM/TWM_095_R_EN_LG.png;No;Meta Live
Dragapult Dusknoir;Fezandipiti ex;ASC 142;20;1;20;1,0;1,0;20;100,0;ASC;142;Double Rare;Basic;https://limitlesstcg.nyc3.cdn.digitaloceanspaces.com/tpci/ASC/ASC_142_R_EN_LG.png;No;Meta Live
Dragapult Dusknoir;Budew;ASC 16;33;2;20;1,65;1,65;20;100,0;ASC;16;Common;Basic;https://limitlesstcg.nyc3.cdn.digitaloceanspaces.com/tpci/ASC/ASC_016_R_EN_LG.png;No;Meta Live
Dragapult Dusknoir;Lillie's Determination;MEG 119;80;4;20;4,0;4,0;20;100,0;MEG;119;Uncommon;Supporter;https://limitlesstcg.nyc3.cdn.digitaloceanspaces.com/tpci/MEG/MEG_119_R_EN_LG.png;No;Meta Live
Dragapult Dusknoir;Boss's Orders;MEG 114;56;3;20;2,8;2,8;20;100,0;MEG;114;Uncommon;Supporter;https://limitlesstcg.nyc3.cdn.digitaloceanspaces.com/tpci/MEG/MEG_114_R_EN_LG.png;No;Meta Live
Dragapult Dusknoir;Crispin;SCR 133;31;2;19;1,63;1,55;20;95,0;SCR;133;Uncommon;Supporter;https://limitlesstcg.nyc3.cdn.digitaloceanspaces.com/tpci/SCR/SCR_133_R_EN_LG.png;No;Meta Live
Dragapult Dusknoir;Rosa's Encouragement;POR 84;17;1;17;1,0;0,85;20;85,0;POR;84;Uncommon;Supporter;https://limitlesstcg.nyc3.cdn.digitaloceanspaces.com/tpci/POR/POR_084_R_EN_LG.png;No;Meta Live
Dragapult Dusknoir;Dawn;PFL 87;14;2;12;1,17;0,7;20;60,0;PFL;87;Uncommon;Supporter;https://limitlesstcg.nyc3.cdn.digitaloceanspaces.com/tpci/PFL/PFL_087_R_EN_LG.png;No;Meta Live
Dragapult Dusknoir;Judge;POR 76;15;2;14;1,07;0,75;20;70,0;POR;76;Uncommon;Supporter;https://limitlesstcg.nyc3.cdn.digitaloceanspaces.com/tpci/POR/POR_076_R_EN_LG.png;No;Meta Live
Dragapult Dusknoir;Buddy-Buddy Poffin;TEF 144;80;4;20;4,0;4,0;20;100,0;TEF;144;Uncommon;Item;https://limitlesstcg.nyc3.cdn.digitaloceanspaces.com/tpci/TEF/TEF_144_R_EN_LG.png;No;Meta Live
Dragapult Dusknoir;Poké Pad;POR 81;80;4;20;4,0;4,0;20;100,0;POR;81;Uncommon;Item;https://limitlesstcg.nyc3.cdn.digitaloceanspaces.com/tpci/POR/POR_081_R_EN_LG.png;No;Meta Live
Dragapult Dusknoir;Crushing Hammer;POR 71;31;4;9;3,44;1,55;20;45,0;POR;71;Common;Item;https://limitlesstcg.nyc3.cdn.digitaloceanspaces.com/tpci/POR/POR_071_R_EN_LG.png;No;Meta Live
Dragapult Dusknoir;Ultra Ball;MEG 131;74;4;20;3,7;3,7;20;100,0;MEG;131;Common;Item;https://limitlesstcg.nyc3.cdn.digitaloceanspaces.com/tpci/MEG/MEG_131_R_EN_LG.png;No;Meta Live
Dragapult Dusknoir;Night Stretcher;ASC 196;55;4;20;2,75;2,75;20;100,0;ASC;196;Common;Item;https://limitlesstcg.nyc3.cdn.digitaloceanspaces.com/tpci/ASC/ASC_196_R_EN_LG.png;No;Meta Live
Dragapult Dusknoir;Special Red Card;CRI 82;18;2;17;1,06;0,9;20;85,0;CRI;82;Uncommon;Item;https://limitlesstcg.nyc3.cdn.digitaloceanspaces.com/tpci/CRI/CRI_082_R_EN_LG.png;No;Meta Live
Dragapult Dusknoir;Unfair Stamp;TWM 165;18;1;18;1,0;0,9;20;90,0;TWM;165;Ultra Rare;Item;https://limitlesstcg.nyc3.cdn.digitaloceanspaces.com/tpci/TWM/TWM_165_R_EN_LG.png;Yes;Meta Live
Dragapult Dusknoir;Team Rocket's Watchtower;DRI 180;17;3;14;1,21;0,85;20;70,0;DRI;180;Uncommon;Stadium;https://limitlesstcg.nyc3.cdn.digitaloceanspaces.com/tpci/DRI/DRI_180_R_EN_LG.png;No;Meta Live
Dragapult Dusknoir;Jamming Tower;TWM 153;18;2;16;1,12;0,9;20;80,0;TWM;153;Uncommon;Stadium;https://limitlesstcg.nyc3.cdn.digitaloceanspaces.com/tpci/TWM/TWM_153_R_EN_LG.png;No;Meta Live
Dragapult Dusknoir;Psychic Energy;MEE 5;64;4;19;3,37;3,2;20;95,0;MEE;5;;Basic Energy;https://limitlesstcg.nyc3.cdn.digitaloceanspaces.com/tpci/MEE/MEE_005_R_EN_LG.png;No;Meta Live
Dragapult Dusknoir;Fire Energy;MEE 2;66;4;20;3,3;3,3;20;100,0;MEE;2;;Basic Energy;https://limitlesstcg.nyc3.cdn.digitaloceanspaces.com/tpci/MEE/MEE_002_R_EN_LG.png;No;Meta Live
Dragapult Dusknoir;Darkness Energy;MEE 7;19;2;11;1,73;0,95;20;55,0;MEE;7;;Basic Energy;https://limitlesstcg.nyc3.cdn.digitaloceanspaces.com/tpci/MEE/MEE_007_R_EN_LG.png;No;Meta Live
Dragapult Dusknoir;Patrat;CRI 70;8;1;8;1,0;0,4;20;40,0;CRI;70;Common;Basic;https://limitlesstcg.nyc3.cdn.digitaloceanspaces.com/tpci/CRI/CRI_070_R_EN_LG.png;No;Meta Live
Dragapult Dusknoir;Risky Ruins;MEG 127;2;1;2;1,0;0,1;20;10,0;MEG;127;Uncommon;Stadium;https://limitlesstcg.nyc3.cdn.digitaloceanspaces.com/tpci/MEG/MEG_127_R_EN_LG.png;No;Meta Live
Dragapult Dusknoir;Shaymin;DRI 10;1;1;1;1,0;0,05;20;5,0;DRI;10;Uncommon;Basic;https://limitlesstcg.nyc3.cdn.digitaloceanspaces.com/tpci/DRI/DRI_010_R_EN_LG.png;No;Meta Live
Dragapult Dusknoir;Rare Candy;MEG 125;10;3;5;2,0;0,5;20;25,0;MEG;125;Common;Item;https://limitlesstcg.nyc3.cdn.digitaloceanspaces.com/tpci/MEG/MEG_125_R_EN_LG.png;No;Meta Live
Dragapult Dusknoir;Handheld Fan;TWM 150;1;1;1;1,0;0,05;20;5,0;TWM;150;Uncommon;Tool;https://limitlesstcg.nyc3.cdn.digitaloceanspaces.com/tpci/TWM/TWM_150_R_EN_LG.png;No;Meta Live
Dragapult Dusknoir;Diancie;SCR 86;1;1;1;1,0;0,05;20;5,0;SCR;86;Uncommon;Basic;https://limitlesstcg.nyc3.cdn.digitaloceanspaces.com/tpci/SCR/SCR_086_R_EN_LG.png;No;Meta Live
Dragapult Dusknoir;Bronzor;TEF 68;2;2;1;2,0;0,1;20;5,0;TEF;68;Common;Basic;https://limitlesstcg.nyc3.cdn.digitaloceanspaces.com/tpci/TEF/TEF_068_R_EN_LG.png;No;Meta Live
Dragapult Dusknoir;Bronzong;TEF 69;2;2;1;2,0;0,1;20;5,0;TEF;69;Uncommon;Stage 1;https://limitlesstcg.nyc3.cdn.digitaloceanspaces.com/tpci/TEF/TEF_069_R_EN_LG.png;No;Meta Live
Dragapult Dusknoir;Hilda;WHT 84;3;3;1;3,0;0,15;20;5,0;WHT;84;Uncommon;Supporter;https://limitlesstcg.nyc3.cdn.digitaloceanspaces.com/tpci/WHT/WHT_084_R_EN_LG.png;No;Meta Live
Dragapult Dusknoir;Switch;MEG 130;3;3;1;3,0;0,15;20;5,0;MEG;130;Common;Item;https://limitlesstcg.nyc3.cdn.digitaloceanspaces.com/tpci/MEG/MEG_130_R_EN_LG.png;No;Meta Live
Dragapult Dusknoir;Telepathic Psychic Energy;POR 88;4;4;1;4,0;0,2;20;5,0;POR;88;Rare;Special Energy;https://limitlesstcg.nyc3.cdn.digitaloceanspaces.com/tpci/POR/POR_088_R_EN_LG.png;No;Meta Live
Dragapult Dusknoir;Neo Upper Energy;TEF 162;1;1;1;1,0;0,05;20;5,0;TEF;162;Ultra Rare;Special Energy;https://limitlesstcg.nyc3.cdn.digitaloceanspaces.com/tpci/TEF/TEF_162_R_EN_LG.png;Yes;Meta Live
Basic Box M;Mega Kangaskhan ex;MEG 104;73;4;20;3,65;3,65;20;100,0;MEG;104;Double Rare;Basic;https://limitlesstcg.nyc3.cdn.digitaloceanspaces.com/tpci/MEG/MEG_104_R_EN_LG.png;No;Meta Live
Basic Box M;Meowth ex;POR 62;58;4;20;2,9;2,9;20;100,0;POR;62;Double Rare;Basic;https://limitlesstcg.nyc3.cdn.digitaloceanspaces.com/tpci/POR/POR_062_R_EN_LG.png;No;Meta Live
Basic Box M;Lillie's Clefairy ex;JTG 56;41;3;20;2,05;2,05;20;100,0;JTG;56;Double Rare;Basic;https://limitlesstcg.nyc3.cdn.digitaloceanspaces.com/tpci/JTG/JTG_056_R_EN_LG.png;No;Meta Live
Basic Box M;Teal Mask Ogerpon ex;TWM 25;44;4;20;2,2;2,2;20;100,0;TWM;25;Double Rare;Basic;https://limitlesstcg.nyc3.cdn.digitaloceanspaces.com/tpci/TWM/TWM_025_R_EN_LG.png;No;Meta Live
Basic Box M;Latias ex;SSP 76;40;2;20;2,0;2,0;20;100,0;SSP;76;Double Rare;Basic;https://limitlesstcg.nyc3.cdn.digitaloceanspaces.com/tpci/SSP/SSP_076_R_EN_LG.png;No;Meta Live
Basic Box M;Enamorus;TWM 93;10;1;10;1,0;0,5;20;50,0;TWM;93;Rare;Basic;https://limitlesstcg.nyc3.cdn.digitaloceanspaces.com/tpci/TWM/TWM_093_R_EN_LG.png;No;Meta Live
Basic Box M;Wellspring Mask Ogerpon ex;TWM 64;21;2;20;1,05;1,05;20;100,0;TWM;64;Double Rare;Basic;https://limitlesstcg.nyc3.cdn.digitaloceanspaces.com/tpci/TWM/TWM_064_R_EN_LG.png;No;Meta Live
Basic Box M;Raging Bolt ex;TEF 123;16;1;16;1,0;0,8;20;80,0;TEF;123;Double Rare;Basic;https://limitlesstcg.nyc3.cdn.digitaloceanspaces.com/tpci/TEF/TEF_123_R_EN_LG.png;No;Meta Live
Basic Box M;Iron Leaves ex;TEF 25;20;1;20;1,0;1,0;20;100,0;TEF;25;Double Rare;Basic;https://limitlesstcg.nyc3.cdn.digitaloceanspaces.com/tpci/TEF/TEF_025_R_EN_LG.png;No;Meta Live
Basic Box M;Iron Crown ex;TEF 81;14;1;14;1,0;0,7;20;70,0;TEF;81;Double Rare;Basic;https://limitlesstcg.nyc3.cdn.digitaloceanspaces.com/tpci/TEF/TEF_081_R_EN_LG.png;No;Meta Live
Basic Box M;Fezandipiti ex;ASC 142;20;1;20;1,0;1,0;20;100,0;ASC;142;Double Rare;Basic;https://limitlesstcg.nyc3.cdn.digitaloceanspaces.com/tpci/ASC/ASC_142_R_EN_LG.png;No;Meta Live
Basic Box M;Chien-Pao;SSP 56;20;1;20;1,0;1,0;20;100,0;SSP;56;Rare;Basic;https://limitlesstcg.nyc3.cdn.digitaloceanspaces.com/tpci/SSP/SSP_056_R_EN_LG.png;No;Meta Live
Basic Box M;Crispin;SCR 133;72;4;18;4,0;3,6;20;90,0;SCR;133;Uncommon;Supporter;https://limitlesstcg.nyc3.cdn.digitaloceanspaces.com/tpci/SCR/SCR_133_R_EN_LG.png;No;Meta Live
Basic Box M;Cyrano;SSP 170;37;2;20;1,85;1,85;20;100,0;SSP;170;Uncommon;Supporter;https://limitlesstcg.nyc3.cdn.digitaloceanspaces.com/tpci/SSP/SSP_170_R_EN_LG.png;No;Meta Live
Basic Box M;Boss's Orders;MEG 114;43;3;20;2,15;2,15;20;100,0;MEG;114;Uncommon;Supporter;https://limitlesstcg.nyc3.cdn.digitaloceanspaces.com/tpci/MEG/MEG_114_R_EN_LG.png;No;Meta Live
Basic Box M;Ciphermaniac's Codebreaking;TEF 145;20;2;18;1,11;1,0;20;90,0;TEF;145;Uncommon;Supporter;https://limitlesstcg.nyc3.cdn.digitaloceanspaces.com/tpci/TEF/TEF_145_R_EN_LG.png;No;Meta Live
Basic Box M;Ultra Ball;MEG 131;80;4;20;4,0;4,0;20;100,0;MEG;131;Common;Item;https://limitlesstcg.nyc3.cdn.digitaloceanspaces.com/tpci/MEG/MEG_131_R_EN_LG.png;No;Meta Live
Basic Box M;Energy Switch;MEG 115;77;4;20;3,85;3,85;20;100,0;MEG;115;Common;Item;https://limitlesstcg.nyc3.cdn.digitaloceanspaces.com/tpci/MEG/MEG_115_R_EN_LG.png;No;Meta Live
Basic Box M;Night Stretcher;ASC 196;38;2;20;1,9;1,9;20;100,0;ASC;196;Common;Item;https://limitlesstcg.nyc3.cdn.digitaloceanspaces.com/tpci/ASC/ASC_196_R_EN_LG.png;No;Meta Live
Basic Box M;Special Red Card;CRI 82;16;1;16;1,0;0,8;20;80,0;CRI;82;Uncommon;Item;https://limitlesstcg.nyc3.cdn.digitaloceanspaces.com/tpci/CRI/CRI_082_R_EN_LG.png;No;Meta Live
Basic Box M;Glass Trumpet;SCR 135;20;2;16;1,25;1,0;20;80,0;SCR;135;Uncommon;Item;https://limitlesstcg.nyc3.cdn.digitaloceanspaces.com/tpci/SCR/SCR_135_R_EN_LG.png;No;Meta Live
Basic Box M;Hero's Cape;TEF 152;6;1;6;1,0;0,3;20;30,0;TEF;152;Ultra Rare;Tool;https://limitlesstcg.nyc3.cdn.digitaloceanspaces.com/tpci/TEF/TEF_152_R_EN_LG.png;Yes;Meta Live
Basic Box M;Area Zero Underdepths;SCR 131;68;4;20;3,4;3,4;20;100,0;SCR;131;Uncommon;Stadium;https://limitlesstcg.nyc3.cdn.digitaloceanspaces.com/tpci/SCR/SCR_131_R_EN_LG.png;No;Meta Live
Basic Box M;Grass Energy;MEE 1;126;10;20;6,3;6,3;20;100,0;MEE;1;;Basic Energy;https://limitlesstcg.nyc3.cdn.digitaloceanspaces.com/tpci/MEE/MEE_001_R_EN_LG.png;No;Meta Live
Basic Box M;Psychic Energy;MEE 5;50;3;20;2,5;2,5;20;100,0;MEE;5;;Basic Energy;https://limitlesstcg.nyc3.cdn.digitaloceanspaces.com/tpci/MEE/MEE_005_R_EN_LG.png;No;Meta Live
Basic Box M;Fighting Energy;MEE 6;33;2;17;1,94;1,65;20;85,0;MEE;6;;Basic Energy;https://limitlesstcg.nyc3.cdn.digitaloceanspaces.com/tpci/MEE/MEE_006_R_EN_LG.png;No;Meta Live
Basic Box M;Lightning Energy;MEE 4;32;2;16;2,0;1,6;20;80,0;MEE;4;;Basic Energy;https://limitlesstcg.nyc3.cdn.digitaloceanspaces.com/tpci/MEE/MEE_004_R_EN_LG.png;No;Meta Live
Basic Box M;Water Energy;MEE 3;19;2;18;1,06;0,95;20;90,0;MEE;3;;Basic Energy;https://limitlesstcg.nyc3.cdn.digitaloceanspaces.com/tpci/MEE/MEE_003_R_EN_LG.png;No;Meta Live
Basic Box M;Prime Catcher;TEF 157;8;1;8;1,0;0,4;20;40,0;TEF;157;Ultra Rare;Item;https://limitlesstcg.nyc3.cdn.digitaloceanspaces.com/tpci/TEF/TEF_157_R_EN_LG.png;Yes;Meta Live
Basic Box M;Jamming Tower;TWM 153;5;1;5;1,0;0,25;20;25,0;TWM;153;Uncommon;Stadium;https://limitlesstcg.nyc3.cdn.digitaloceanspaces.com/tpci/TWM/TWM_153_R_EN_LG.png;No;Meta Live
Basic Box M;Cornerstone Mask Ogerpon ex;TWM 112;2;1;2;1,0;0,1;20;10,0;TWM;112;Double Rare;Basic;https://limitlesstcg.nyc3.cdn.digitaloceanspaces.com/tpci/TWM/TWM_112_R_EN_LG.png;No;Meta Live
Basic Box M;Passimian;SSP 111;3;1;3;1,0;0,15;20;15,0;SSP;111;Uncommon;Basic;https://limitlesstcg.nyc3.cdn.digitaloceanspaces.com/tpci/SSP/SSP_111_R_EN_LG.png;No;Meta Live
Basic Box M;Paldean Tauros;SSP 18;6;1;6;1,0;0,3;20;30,0;SSP;18;Uncommon;Basic;https://limitlesstcg.nyc3.cdn.digitaloceanspaces.com/tpci/SSP/SSP_018_R_EN_LG.png;No;Meta Live
Basic Box M;Lillie's Pearl;JTG 151;4;2;3;1,33;0,2;20;15,0;JTG;151;Uncommon;Tool;https://limitlesstcg.nyc3.cdn.digitaloceanspaces.com/tpci/JTG/JTG_151_R_EN_LG.png;No;Meta Live
Basic Box M;Telepathic Psychic Energy;POR 88;2;2;1;2,0;0,1;20;5,0;POR;88;Rare;Special Energy;https://limitlesstcg.nyc3.cdn.digitaloceanspaces.com/tpci/POR/POR_088_R_EN_LG.png;No;Meta Live
Basic Box M;Fire Energy;MEE 2;5;1;5;1,0;0,25;20;25,0;MEE;2;;Basic Energy;https://limitlesstcg.nyc3.cdn.digitaloceanspaces.com/tpci/MEE/MEE_002_R_EN_LG.png;No;Meta Live
Basic Box M;Koraidon ex;ASC 121;1;1;1;1,0;0,05;20;5,0;ASC;121;Double Rare;Basic;https://limitlesstcg.nyc3.cdn.digitaloceanspaces.com/tpci/ASC/ASC_121_R_EN_LG.png;No;Meta Live
Basic Box M;Munkidori;TWM 95;3;1;3;1,0;0,15;20;15,0;TWM;95;Rare;Basic;https://limitlesstcg.nyc3.cdn.digitaloceanspaces.com/tpci/TWM/TWM_095_R_EN_LG.png;No;Meta Live
Basic Box M;Pecharunt;SVP 149;3;1;3;1,0;0,15;20;15,0;SVP;149;Promo;Basic;https://limitlesstcg.nyc3.cdn.digitaloceanspaces.com/tpci/SVP/SVP_149_R_EN_LG.png;No;Meta Live
Basic Box M;Lillie's Determination;MEG 119;10;4;4;2,5;0,5;20;20,0;MEG;119;Uncommon;Supporter;https://limitlesstcg.nyc3.cdn.digitaloceanspaces.com/tpci/MEG/MEG_119_R_EN_LG.png;No;Meta Live
Basic Box M;N's Plan;BLK 83;2;1;2;1,0;0,1;20;10,0;BLK;83;Uncommon;Supporter;https://limitlesstcg.nyc3.cdn.digitaloceanspaces.com/tpci/BLK/BLK_083_R_EN_LG.png;No;Meta Live
Basic Box M;Bug Catching Set;TWM 143;4;2;2;2,0;0,2;20;10,0;TWM;143;Uncommon;Item;https://limitlesstcg.nyc3.cdn.digitaloceanspaces.com/tpci/TWM/TWM_143_R_EN_LG.png;No;Meta Live
Basic Box M;Unfair Stamp;TWM 165;6;1;6;1,0;0,3;20;30,0;TWM;165;Ultra Rare;Item;https://limitlesstcg.nyc3.cdn.digitaloceanspaces.com/tpci/TWM/TWM_165_R_EN_LG.png;Yes;Meta Live
Basic Box M;Tera Orb;SSP 189;2;1;2;1,0;0,1;20;10,0;SSP;189;Uncommon;Item;https://limitlesstcg.nyc3.cdn.digitaloceanspaces.com/tpci/SSP/SSP_189_R_EN_LG.png;No;Meta Live
Basic Box M;Prism Energy;ASC 216;10;4;3;3,33;0,5;20;15,0;ASC;216;Uncommon;Special Energy;https://limitlesstcg.nyc3.cdn.digitaloceanspaces.com/tpci/ASC/ASC_216_R_EN_LG.png;No;Meta Live
Basic Box M;Judge;POR 76;1;1;1;1,0;0,05;20;5,0;POR;76;Uncommon;Supporter;https://limitlesstcg.nyc3.cdn.digitaloceanspaces.com/tpci/POR/POR_076_R_EN_LG.png;No;Meta Live
Basic Box M;Chi-Yu;TWM 39;1;1;1;1,0;0,05;20;5,0;TWM;39;Uncommon;Basic;https://limitlesstcg.nyc3.cdn.digitaloceanspaces.com/tpci/TWM/TWM_039_R_EN_LG.png;No;Meta Live
Basic Box M;Brock's Scouting;JTG 146;1;1;1;1,0;0,05;20;5,0;JTG;146;Uncommon;Supporter;https://limitlesstcg.nyc3.cdn.digitaloceanspaces.com/tpci/JTG/JTG_146_R_EN_LG.png;No;Meta Live
Basic Box M;Tool Scrapper;ASC 212;1;1;1;1,0;0,05;20;5,0;ASC;212;Common;Item;https://limitlesstcg.nyc3.cdn.digitaloceanspaces.com/tpci/ASC/ASC_212_R_EN_LG.png;No;Meta Live
Basic Box M;Maractus;JTG 8;2;1;2;1,0;0,1;20;10,0;JTG;8;Uncommon;Basic;https://limitlesstcg.nyc3.cdn.digitaloceanspaces.com/tpci/JTG/JTG_008_R_EN_LG.png;No;Meta Live
Basic Box M;Xerosic's Machinations;SFA 64;2;1;2;1,0;0,1;20;10,0;SFA;64;Uncommon;Supporter;https://limitlesstcg.nyc3.cdn.digitaloceanspaces.com/tpci/SFA/SFA_064_R_EN_LG.png;No;Meta Live
Basic Box M;Darkness Energy;MEE 7;2;2;1;2,0;0,1;20;5,0;MEE;7;;Basic Energy;https://limitlesstcg.nyc3.cdn.digitaloceanspaces.com/tpci/MEE/MEE_007_R_EN_LG.png;No;Meta Live
Mega Excadrill;Beldum;TEF 113;79;4;20;3,95;3,95;20;100,0;TEF;113;Common;Basic;https://limitlesstcg.nyc3.cdn.digitaloceanspaces.com/tpci/TEF/TEF_113_R_EN_LG.png;No;Meta Live
Mega Excadrill;Metang;TEF 114;79;4;20;3,95;3,95;20;100,0;TEF;114;Common;Stage 1;https://limitlesstcg.nyc3.cdn.digitaloceanspaces.com/tpci/TEF/TEF_114_R_EN_LG.png;No;Meta Live
Mega Excadrill;Metagross;CRI 61;26;2;20;1,3;1,3;20;100,0;CRI;61;Uncommon;Stage 2;https://limitlesstcg.nyc3.cdn.digitaloceanspaces.com/tpci/CRI/CRI_061_R_EN_LG.png;No;Meta Live
Mega Excadrill;Drilbur;PBL 46;68;4;20;3,4;3,4;20;100,0;PBL;46;Common;Basic;https://limitlesstcg.nyc3.cdn.digitaloceanspaces.com/tpci/PBL/PBL_046_R_EN_LG.png;No;Meta Live
Mega Excadrill;Mega Excadrill ex;PBL 65;40;2;20;2,0;2,0;20;100,0;PBL;65;Double Rare;Stage 1;https://limitlesstcg.nyc3.cdn.digitaloceanspaces.com/tpci/PBL/PBL_065_R_EN_LG.png;No;Meta Live
Mega Excadrill;Genesect ex;BLK 67;40;2;20;2,0;2,0;20;100,0;BLK;67;Double Rare;Basic;https://limitlesstcg.nyc3.cdn.digitaloceanspaces.com/tpci/BLK/BLK_067_R_EN_LG.png;No;Meta Live
Mega Excadrill;Piplup;PFL 27;9;2;8;1,12;0,45;20;40,0;PFL;27;Common;Basic;https://limitlesstcg.nyc3.cdn.digitaloceanspaces.com/tpci/PFL/PFL_027_R_EN_LG.png;No;Meta Live
Mega Excadrill;Empoleon ex;PFL 70;8;1;8;1,0;0,4;20;40,0;PFL;70;Double Rare;Stage 2;https://limitlesstcg.nyc3.cdn.digitaloceanspaces.com/tpci/PFL/PFL_070_R_EN_LG.png;No;Meta Live
Mega Excadrill;Fezandipiti ex;ASC 142;15;1;15;1,0;0,75;20;75,0;ASC;142;Double Rare;Basic;https://limitlesstcg.nyc3.cdn.digitaloceanspaces.com/tpci/ASC/ASC_142_R_EN_LG.png;No;Meta Live
Mega Excadrill;Lillie's Determination;MEG 119;45;4;15;3,0;2,25;20;75,0;MEG;119;Uncommon;Supporter;https://limitlesstcg.nyc3.cdn.digitaloceanspaces.com/tpci/MEG/MEG_119_R_EN_LG.png;No;Meta Live
Mega Excadrill;Team Rocket's Petrel;DRI 176;79;4;20;3,95;3,95;20;100,0;DRI;176;Uncommon;Supporter;https://limitlesstcg.nyc3.cdn.digitaloceanspaces.com/tpci/DRI/DRI_176_R_EN_LG.png;No;Meta Live
Mega Excadrill;Boss's Orders;MEG 114;25;3;17;1,47;1,25;20;85,0;MEG;114;Uncommon;Supporter;https://limitlesstcg.nyc3.cdn.digitaloceanspaces.com/tpci/MEG/MEG_114_R_EN_LG.png;No;Meta Live
Mega Excadrill;Kieran;TWM 154;17;1;17;1,0;0,85;20;85,0;TWM;154;Uncommon;Supporter;https://limitlesstcg.nyc3.cdn.digitaloceanspaces.com/tpci/TWM/TWM_154_R_EN_LG.png;No;Meta Live
Mega Excadrill;Pokégear 3.0;SVI 186;35;4;15;2,33;1,75;20;75,0;SVI;186;Common;Item;https://limitlesstcg.nyc3.cdn.digitaloceanspaces.com/tpci/SVI/SVI_186_R_EN_LG.png;No;Meta Live
Mega Excadrill;Jumbo Ice Cream;PFL 91;54;4;20;2,7;2,7;20;100,0;PFL;91;Uncommon;Item;https://limitlesstcg.nyc3.cdn.digitaloceanspaces.com/tpci/PFL/PFL_091_R_EN_LG.png;No;Meta Live
Mega Excadrill;Team Rocket's Transceiver;DRI 178;25;4;10;2,5;1,25;20;50,0;DRI;178;Uncommon;Item;https://limitlesstcg.nyc3.cdn.digitaloceanspaces.com/tpci/DRI/DRI_178_R_EN_LG.png;No;Meta Live
Mega Excadrill;Switch;MEG 130;14;1;14;1,0;0,7;20;70,0;MEG;130;Common;Item;https://limitlesstcg.nyc3.cdn.digitaloceanspaces.com/tpci/MEG/MEG_130_R_EN_LG.png;No;Meta Live
Mega Excadrill;Rare Candy;MEG 125;8;1;8;1,0;0,4;20;40,0;MEG;125;Common;Item;https://limitlesstcg.nyc3.cdn.digitaloceanspaces.com/tpci/MEG/MEG_125_R_EN_LG.png;No;Meta Live
Mega Excadrill;Buddy-Buddy Poffin;TEF 144;59;4;18;3,28;2,95;20;90,0;TEF;144;Uncommon;Item;https://limitlesstcg.nyc3.cdn.digitaloceanspaces.com/tpci/TEF/TEF_144_R_EN_LG.png;No;Meta Live
Mega Excadrill;Precious Trolley;SSP 185;8;1;8;1,0;0,4;20;40,0;SSP;185;Ultra Rare;Item;https://limitlesstcg.nyc3.cdn.digitaloceanspaces.com/tpci/SSP/SSP_185_R_EN_LG.png;Yes;Meta Live
Mega Excadrill;Metal Energy;MEE 8;325;18;20;16,25;16,25;20;100,0;MEE;8;;Basic Energy;https://limitlesstcg.nyc3.cdn.digitaloceanspaces.com/tpci/MEE/MEE_008_R_EN_LG.png;No;Meta Live
Mega Excadrill;Brock's Scouting;JTG 146;27;4;11;2,45;1,35;20;55,0;JTG;146;Uncommon;Supporter;https://limitlesstcg.nyc3.cdn.digitaloceanspaces.com/tpci/JTG/JTG_146_R_EN_LG.png;No;Meta Live
Mega Excadrill;Iron Defender;MEG 118;1;1;1;1,0;0,05;20;5,0;MEG;118;Uncommon;Item;https://limitlesstcg.nyc3.cdn.digitaloceanspaces.com/tpci/MEG/MEG_118_R_EN_LG.png;No;Meta Live
Mega Excadrill;Energy Recycler;DRI 164;17;1;17;1,0;0,85;20;85,0;DRI;164;Uncommon;Item;https://limitlesstcg.nyc3.cdn.digitaloceanspaces.com/tpci/DRI/DRI_164_R_EN_LG.png;No;Meta Live
Mega Excadrill;Special Red Card;CRI 82;13;1;13;1,0;0,65;20;65,0;CRI;82;Uncommon;Item;https://limitlesstcg.nyc3.cdn.digitaloceanspaces.com/tpci/CRI/CRI_082_R_EN_LG.png;No;Meta Live
Mega Excadrill;Ultra Ball;MEG 131;13;2;12;1,08;0,65;20;60,0;MEG;131;Common;Item;https://limitlesstcg.nyc3.cdn.digitaloceanspaces.com/tpci/MEG/MEG_131_R_EN_LG.png;No;Meta Live
Mega Excadrill;Gravity Mountain;SSP 177;5;1;5;1,0;0,25;20;25,0;SSP;177;Uncommon;Stadium;https://limitlesstcg.nyc3.cdn.digitaloceanspaces.com/tpci/SSP/SSP_177_R_EN_LG.png;No;Meta Live
Mega Excadrill;Mega Skarmory ex;POR 55;12;1;12;1,0;0,6;20;60,0;POR;55;Double Rare;Basic;https://limitlesstcg.nyc3.cdn.digitaloceanspaces.com/tpci/POR/POR_055_R_EN_LG.png;No;Meta Live
Mega Excadrill;Tool Scrapper;ASC 212;5;1;5;1,0;0,25;20;25,0;ASC;212;Common;Item;https://limitlesstcg.nyc3.cdn.digitaloceanspaces.com/tpci/ASC/ASC_212_R_EN_LG.png;No;Meta Live
Mega Excadrill;Hero's Cape;TEF 152;9;1;9;1,0;0,45;20;45,0;TEF;152;Ultra Rare;Tool;https://limitlesstcg.nyc3.cdn.digitaloceanspaces.com/tpci/TEF/TEF_152_R_EN_LG.png;Yes;Meta Live
Mega Excadrill;Shaymin;DRI 10;9;1;9;1,0;0,45;20;45,0;DRI;10;Uncommon;Basic;https://limitlesstcg.nyc3.cdn.digitaloceanspaces.com/tpci/DRI/DRI_010_R_EN_LG.png;No;Meta Live
Mega Excadrill;Xerosic's Machinations;SFA 64;3;1;3;1,0;0,15;20;15,0;SFA;64;Uncommon;Supporter;https://limitlesstcg.nyc3.cdn.digitaloceanspaces.com/tpci/SFA/SFA_064_R_EN_LG.png;No;Meta Live
Mega Excadrill;Duraludon;SCR 106;2;2;1;2,0;0,1;20;5,0;SCR;106;Common;Basic;https://limitlesstcg.nyc3.cdn.digitaloceanspaces.com/tpci/SCR/SCR_106_R_EN_LG.png;No;Meta Live
Mega Excadrill;Archaludon ex;SSP 130;1;1;1;1,0;0,05;20;5,0;SSP;130;Double Rare;Stage 1;https://limitlesstcg.nyc3.cdn.digitaloceanspaces.com/tpci/SSP/SSP_130_R_EN_LG.png;No;Meta Live
Mega Excadrill;Archaludon;SCR 107;1;1;1;1,0;0,05;20;5,0;SCR;107;Rare;Stage 1;https://limitlesstcg.nyc3.cdn.digitaloceanspaces.com/tpci/SCR/SCR_107_R_EN_LG.png;No;Meta Live
Mega Excadrill;Judge;POR 76;3;2;2;1,5;0,15;20;10,0;POR;76;Uncommon;Supporter;https://limitlesstcg.nyc3.cdn.digitaloceanspaces.com/tpci/POR/POR_076_R_EN_LG.png;No;Meta Live
Mega Excadrill;Poké Pad;POR 81;1;1;1;1,0;0,05;20;5,0;POR;81;Uncommon;Item;https://limitlesstcg.nyc3.cdn.digitaloceanspaces.com/tpci/POR/POR_081_R_EN_LG.png;No;Meta Live
Mega Excadrill;Night Stretcher;ASC 196;3;1;3;1,0;0,15;20;15,0;ASC;196;Common;Item;https://limitlesstcg.nyc3.cdn.digitaloceanspaces.com/tpci/ASC/ASC_196_R_EN_LG.png;No;Meta Live
Mega Excadrill;Battle Cage;PFL 85;3;1;3;1,0;0,15;20;15,0;PFL;85;Uncommon;Stadium;https://limitlesstcg.nyc3.cdn.digitaloceanspaces.com/tpci/PFL/PFL_085_R_EN_LG.png;No;Meta Live
Mega Excadrill;Team Rocket's Watchtower;DRI 180;3;2;2;1,5;0,15;20;10,0;DRI;180;Uncommon;Stadium;https://limitlesstcg.nyc3.cdn.digitaloceanspaces.com/tpci/DRI/DRI_180_R_EN_LG.png;No;Meta Live
Mega Excadrill;Full Metal Lab;TEF 148;1;1;1;1,0;0,05;20;5,0;TEF;148;Uncommon;Stadium;https://limitlesstcg.nyc3.cdn.digitaloceanspaces.com/tpci/TEF/TEF_148_R_EN_LG.png;No;Meta Live
Mega Excadrill;Prime Catcher;TEF 157;2;1;2;1,0;0,1;20;10,0;TEF;157;Ultra Rare;Item;https://limitlesstcg.nyc3.cdn.digitaloceanspaces.com/tpci/TEF/TEF_157_R_EN_LG.png;Yes;Meta Live
Mega Excadrill;Psyduck;ASC 39;1;1;1;1,0;0,05;20;5,0;ASC;39;Common;Basic;https://limitlesstcg.nyc3.cdn.digitaloceanspaces.com/tpci/ASC/ASC_039_R_EN_LG.png;No;Meta Live
Mega Excadrill;Secret Box;TWM 163;1;1;1;1,0;0,05;20;5,0;TWM;163;Ultra Rare;Item;https://limitlesstcg.nyc3.cdn.digitaloceanspaces.com/tpci/TWM/TWM_163_R_EN_LG.png;Yes;Meta Live
Mega Excadrill;Air Balloon;ASC 181;1;1;1;1,0;0,05;20;5,0;ASC;181;Uncommon;Tool;https://limitlesstcg.nyc3.cdn.digitaloceanspaces.com/tpci/ASC/ASC_181_R_EN_LG.png;No;Meta Live
Mega Excadrill;Community Center;TWM 146;1;1;1;1,0;0,05;20;5,0;TWM;146;Uncommon;Stadium;https://limitlesstcg.nyc3.cdn.digitaloceanspaces.com/tpci/TWM/TWM_146_R_EN_LG.png;No;Meta Live
Mega Excadrill;Team Rocket's Articuno;DRI 51;1;1;1;1,0;0,05;20;5,0;DRI;51;Rare;Basic;https://limitlesstcg.nyc3.cdn.digitaloceanspaces.com/tpci/DRI/DRI_051_R_EN_LG.png;No;Meta Live
Mega Excadrill;Team Rocket's Kangaskhan ex;ASC 162;1;1;1;1,0;0,05;20;5,0;ASC;162;Double Rare;Basic;https://limitlesstcg.nyc3.cdn.digitaloceanspaces.com/tpci/ASC/ASC_162_R_EN_LG.png;No;Meta Live
Mega Excadrill;Mew ex;30C 66;1;1;1;1,0;0,05;20;5,0;30C;66;Double Rare;Basic;https://limitlesstcg.nyc3.cdn.digitaloceanspaces.com/tpci/30C/30C_066_R_EN_LG.png;No;Meta Live
Mega Excadrill;Brave Bangle;WHT 80;1;1;1;1,0;0,05;20;5,0;WHT;80;Uncommon;Tool;https://limitlesstcg.nyc3.cdn.digitaloceanspaces.com/tpci/WHT/WHT_080_R_EN_LG.png;No;Meta Live
Dhelmise Pbl;Shuppet;PBL 33;77;4;20;3,85;3,85;20;100,0;PBL;33;Common;Basic;https://limitlesstcg.nyc3.cdn.digitaloceanspaces.com/tpci/PBL/PBL_033_R_EN_LG.png;No;Meta Live
Dhelmise Pbl;Banette;PBL 34;72;4;20;3,6;3,6;20;100,0;PBL;34;Uncommon;Stage 1;https://limitlesstcg.nyc3.cdn.digitaloceanspaces.com/tpci/PBL/PBL_034_R_EN_LG.png;No;Meta Live
Dhelmise Pbl;Dhelmise;PBL 39;76;4;20;3,8;3,8;20;100,0;PBL;39;Uncommon;Basic;https://limitlesstcg.nyc3.cdn.digitaloceanspaces.com/tpci/PBL/PBL_039_R_EN_LG.png;No;Meta Live
Dhelmise Pbl;Dunsparce;JTG 120;28;3;14;2,0;1,4;20;70,0;JTG;120;Common;Basic;https://limitlesstcg.nyc3.cdn.digitaloceanspaces.com/tpci/JTG/JTG_120_R_EN_LG.png;No;Meta Live
Dhelmise Pbl;Dudunsparce;TEF 129;24;2;14;1,71;1,2;20;70,0;TEF;129;Rare;Stage 1;https://limitlesstcg.nyc3.cdn.digitaloceanspaces.com/tpci/TEF/TEF_129_R_EN_LG.png;No;Meta Live
Dhelmise Pbl;Poltchageist;PBL 5;63;4;19;3,32;3,15;20;95,0;PBL;5;Common;Basic;https://limitlesstcg.nyc3.cdn.digitaloceanspaces.com/tpci/PBL/PBL_005_R_EN_LG.png;No;Meta Live
Dhelmise Pbl;Sinistcha;PBL 6;58;4;20;2,9;2,9;20;100,0;PBL;6;Uncommon;Stage 1;https://limitlesstcg.nyc3.cdn.digitaloceanspaces.com/tpci/PBL/PBL_006_R_EN_LG.png;No;Meta Live
Dhelmise Pbl;Lillie's Clefairy ex;JTG 56;26;2;20;1,3;1,3;20;100,0;JTG;56;Double Rare;Basic;https://limitlesstcg.nyc3.cdn.digitaloceanspaces.com/tpci/JTG/JTG_056_R_EN_LG.png;No;Meta Live
Dhelmise Pbl;Latias ex;SSP 76;13;2;12;1,08;0,65;20;60,0;SSP;76;Double Rare;Basic;https://limitlesstcg.nyc3.cdn.digitaloceanspaces.com/tpci/SSP/SSP_076_R_EN_LG.png;No;Meta Live
Dhelmise Pbl;Bloodmoon Ursaluna ex;TWM 141;7;1;7;1,0;0,35;20;35,0;TWM;141;Double Rare;Basic;https://limitlesstcg.nyc3.cdn.digitaloceanspaces.com/tpci/TWM/TWM_141_R_EN_LG.png;No;Meta Live
Dhelmise Pbl;Flutter Mane;TEF 78;5;1;5;1,0;0,25;20;25,0;TEF;78;Rare;Basic;https://limitlesstcg.nyc3.cdn.digitaloceanspaces.com/tpci/TEF/TEF_078_R_EN_LG.png;No;Meta Live
Dhelmise Pbl;Lillie's Determination;MEG 119;63;4;19;3,32;3,15;20;95,0;MEG;119;Uncommon;Supporter;https://limitlesstcg.nyc3.cdn.digitaloceanspaces.com/tpci/MEG/MEG_119_R_EN_LG.png;No;Meta Live
Dhelmise Pbl;Gwynn;PBL 78;60;4;17;3,53;3,0;20;85,0;PBL;78;Uncommon;Supporter;https://limitlesstcg.nyc3.cdn.digitaloceanspaces.com/tpci/PBL/PBL_078_R_EN_LG.png;No;Meta Live
Dhelmise Pbl;Boss's Orders;MEG 114;54;4;20;2,7;2,7;20;100,0;MEG;114;Uncommon;Supporter;https://limitlesstcg.nyc3.cdn.digitaloceanspaces.com/tpci/MEG/MEG_114_R_EN_LG.png;No;Meta Live
Dhelmise Pbl;Black Belt's Training;JTG 143;3;1;3;1,0;0,15;20;15,0;JTG;143;Common;Supporter;https://limitlesstcg.nyc3.cdn.digitaloceanspaces.com/tpci/JTG/JTG_143_R_EN_LG.png;No;Meta Live
Dhelmise Pbl;Ultra Ball;MEG 131;80;4;20;4,0;4,0;20;100,0;MEG;131;Common;Item;https://limitlesstcg.nyc3.cdn.digitaloceanspaces.com/tpci/MEG/MEG_131_R_EN_LG.png;No;Meta Live
Dhelmise Pbl;Poké Pad;POR 81;79;4;20;3,95;3,95;20;100,0;POR;81;Uncommon;Item;https://limitlesstcg.nyc3.cdn.digitaloceanspaces.com/tpci/POR/POR_081_R_EN_LG.png;No;Meta Live
Dhelmise Pbl;Buddy-Buddy Poffin;TEF 144;12;2;6;2,0;0,6;20;30,0;TEF;144;Uncommon;Item;https://limitlesstcg.nyc3.cdn.digitaloceanspaces.com/tpci/TEF/TEF_144_R_EN_LG.png;No;Meta Live
Dhelmise Pbl;Pokégear 3.0;SVI 186;13;4;6;2,17;0,65;20;30,0;SVI;186;Common;Item;https://limitlesstcg.nyc3.cdn.digitaloceanspaces.com/tpci/SVI/SVI_186_R_EN_LG.png;No;Meta Live
Dhelmise Pbl;Night Stretcher;ASC 196;56;4;20;2,8;2,8;20;100,0;ASC;196;Common;Item;https://limitlesstcg.nyc3.cdn.digitaloceanspaces.com/tpci/ASC/ASC_196_R_EN_LG.png;No;Meta Live
Dhelmise Pbl;Sacred Ash;DRI 168;2;1;2;1,0;0,1;20;10,0;DRI;168;Uncommon;Item;https://limitlesstcg.nyc3.cdn.digitaloceanspaces.com/tpci/DRI/DRI_168_R_EN_LG.png;No;Meta Live
Dhelmise Pbl;Prism Tower;CRI 80;51;3;19;2,68;2,55;20;95,0;CRI;80;Uncommon;Stadium;https://limitlesstcg.nyc3.cdn.digitaloceanspaces.com/tpci/CRI/CRI_080_R_EN_LG.png;No;Meta Live
Dhelmise Pbl;Telepathic Psychic Energy;POR 88;78;4;20;3,9;3,9;20;100,0;POR;88;Rare;Special Energy;https://limitlesstcg.nyc3.cdn.digitaloceanspaces.com/tpci/POR/POR_088_R_EN_LG.png;No;Meta Live
Dhelmise Pbl;Psychic Energy;MEE 13;49;3;20;2,45;2,45;20;100,0;MEE;13;;Basic Energy;;No;Meta Live
Dhelmise Pbl;Legacy Energy;TWM 167;13;1;13;1,0;0,65;20;65,0;TWM;167;Ultra Rare;Special Energy;https://limitlesstcg.nyc3.cdn.digitaloceanspaces.com/tpci/TWM/TWM_167_R_EN_LG.png;Yes;Meta Live
Dhelmise Pbl;Shaymin;DRI 10;15;1;15;1,0;0,75;20;75,0;DRI;10;Uncommon;Basic;https://limitlesstcg.nyc3.cdn.digitaloceanspaces.com/tpci/DRI/DRI_010_R_EN_LG.png;No;Meta Live
Dhelmise Pbl;Fezandipiti ex;ASC 142;3;1;3;1,0;0,15;20;15,0;ASC;142;Double Rare;Basic;https://limitlesstcg.nyc3.cdn.digitaloceanspaces.com/tpci/ASC/ASC_142_R_EN_LG.png;No;Meta Live
Dhelmise Pbl;Spiritomb;PBL 35;12;1;12;1,0;0,6;20;60,0;PBL;35;Rare;Basic;https://limitlesstcg.nyc3.cdn.digitaloceanspaces.com/tpci/PBL/PBL_035_R_EN_LG.png;No;Meta Live
Dhelmise Pbl;Explorer's Guidance;TEF 147;26;4;10;2,6;1,3;20;50,0;TEF;147;Uncommon;Supporter;https://limitlesstcg.nyc3.cdn.digitaloceanspaces.com/tpci/TEF/TEF_147_R_EN_LG.png;No;Meta Live
Dhelmise Pbl;Ruffian;JTG 157;3;1;3;1,0;0,15;20;15,0;JTG;157;Uncommon;Supporter;https://limitlesstcg.nyc3.cdn.digitaloceanspaces.com/tpci/JTG/JTG_157_R_EN_LG.png;No;Meta Live
Dhelmise Pbl;Dudunsparce ex;JTG 121;7;1;7;1,0;0,35;20;35,0;JTG;121;Double Rare;Stage 1;https://limitlesstcg.nyc3.cdn.digitaloceanspaces.com/tpci/JTG/JTG_121_R_EN_LG.png;No;Meta Live
Dhelmise Pbl;Carmine;TWM 145;4;4;1;4,0;0,2;20;5,0;TWM;145;Uncommon;Supporter;https://limitlesstcg.nyc3.cdn.digitaloceanspaces.com/tpci/TWM/TWM_145_R_EN_LG.png;No;Meta Live
Dhelmise Pbl;Patrat;CRI 70;8;1;8;1,0;0,4;20;40,0;CRI;70;Common;Basic;https://limitlesstcg.nyc3.cdn.digitaloceanspaces.com/tpci/CRI/CRI_070_R_EN_LG.png;No;Meta Live
Dhelmise Pbl;Yveltal;30C 100;3;1;3;1,0;0,15;20;15,0;30C;100;Rare;Basic;https://limitlesstcg.nyc3.cdn.digitaloceanspaces.com/tpci/30C/30C_100_R_EN_LG.png;No;Meta Live
Dhelmise Pbl;Special Red Card;CRI 82;4;1;4;1,0;0,2;20;20,0;CRI;82;Uncommon;Item;https://limitlesstcg.nyc3.cdn.digitaloceanspaces.com/tpci/CRI/CRI_082_R_EN_LG.png;No;Meta Live
Dhelmise Pbl;Switch;MEG 130;5;1;5;1,0;0,25;20;25,0;MEG;130;Common;Item;https://limitlesstcg.nyc3.cdn.digitaloceanspaces.com/tpci/MEG/MEG_130_R_EN_LG.png;No;Meta Live
Dhelmise Pbl;Survival Brace;TWM 164;1;1;1;1,0;0,05;20;5,0;TWM;164;Ultra Rare;Tool;https://limitlesstcg.nyc3.cdn.digitaloceanspaces.com/tpci/TWM/TWM_164_R_EN_LG.png;Yes;Meta Live
Dhelmise Pbl;Larry's Skill;PRE 115;2;2;1;2,0;0,1;20;5,0;PRE;115;Common;Supporter;https://limitlesstcg.nyc3.cdn.digitaloceanspaces.com/tpci/PRE/PRE_115_R_EN_LG.png;No;Meta Live
Dhelmise Pbl;Meowth ex;POR 62;2;1;2;1,0;0,1;20;10,0;POR;62;Double Rare;Basic;https://limitlesstcg.nyc3.cdn.digitaloceanspaces.com/tpci/POR/POR_062_R_EN_LG.png;No;Meta Live
Dhelmise Pbl;Team Rocket's Petrel;DRI 176;8;4;2;4,0;0,4;20;10,0;DRI;176;Uncommon;Supporter;https://limitlesstcg.nyc3.cdn.digitaloceanspaces.com/tpci/DRI/DRI_176_R_EN_LG.png;No;Meta Live
Dhelmise Pbl;Brilliant Blender;SSP 164;5;1;5;1,0;0,25;20;25,0;SSP;164;Ultra Rare;Item;https://limitlesstcg.nyc3.cdn.digitaloceanspaces.com/tpci/SSP/SSP_164_R_EN_LG.png;Yes;Meta Live
Dhelmise Pbl;Energy Search;POR 72;1;1;1;1,0;0,05;20;5,0;POR;72;Common;Item;https://limitlesstcg.nyc3.cdn.digitaloceanspaces.com/tpci/POR/POR_072_R_EN_LG.png;No;Meta Live
Dhelmise Pbl;Surfer;SSP 187;2;1;2;1,0;0,1;20;10,0;SSP;187;Uncommon;Supporter;https://limitlesstcg.nyc3.cdn.digitaloceanspaces.com/tpci/SSP/SSP_187_R_EN_LG.png;No;Meta Live
Dhelmise Pbl;Lana's Aid;TWM 155;1;1;1;1,0;0,05;20;5,0;TWM;155;Uncommon;Supporter;https://limitlesstcg.nyc3.cdn.digitaloceanspaces.com/tpci/TWM/TWM_155_R_EN_LG.png;No;Meta Live
Dhelmise Pbl;Enhanced Hammer;TWM 148;2;1;2;1,0;0,1;20;10,0;TWM;148;Uncommon;Item;https://limitlesstcg.nyc3.cdn.digitaloceanspaces.com/tpci/TWM/TWM_148_R_EN_LG.png;No;Meta Live
Dhelmise Pbl;Air Balloon;ASC 181;1;1;1;1,0;0,05;20;5,0;ASC;181;Uncommon;Tool;https://limitlesstcg.nyc3.cdn.digitaloceanspaces.com/tpci/ASC/ASC_181_R_EN_LG.png;No;Meta Live
Dhelmise Pbl;Iris's Fighting Spirit;JTG 149;1;1;1;1,0;0,05;20;5,0;JTG;149;Uncommon;Supporter;https://limitlesstcg.nyc3.cdn.digitaloceanspaces.com/tpci/JTG/JTG_149_R_EN_LG.png;No;Meta Live
Dhelmise Pbl;Handheld Fan;TWM 150;1;1;1;1,0;0,05;20;5,0;TWM;150;Uncommon;Tool;https://limitlesstcg.nyc3.cdn.digitaloceanspaces.com/tpci/TWM/TWM_150_R_EN_LG.png;No;Meta Live
Dhelmise Pbl;Kieran;TWM 154;1;1;1;1,0;0,05;20;5,0;TWM;154;Uncommon;Supporter;https://limitlesstcg.nyc3.cdn.digitaloceanspaces.com/tpci/TWM/TWM_154_R_EN_LG.png;No;Meta Live
Dhelmise Pbl;Jamming Tower;TWM 153;1;1;1;1,0;0,05;20;5,0;TWM;153;Uncommon;Stadium;https://limitlesstcg.nyc3.cdn.digitaloceanspaces.com/tpci/TWM/TWM_153_R_EN_LG.png;No;Meta Live
Dhelmise Pbl;Genesect;SFA 40;1;1;1;1,0;0,05;20;5,0;SFA;40;Uncommon;Basic;https://limitlesstcg.nyc3.cdn.digitaloceanspaces.com/tpci/SFA/SFA_040_R_EN_LG.png;No;Meta Live
Dhelmise Pbl;Secret Box;TWM 163;1;1;1;1,0;0,05;20;5,0;TWM;163;Ultra Rare;Item;https://limitlesstcg.nyc3.cdn.digitaloceanspaces.com/tpci/TWM/TWM_163_R_EN_LG.png;Yes;Meta Live
Dhelmise Pbl;Lucky Helmet;TWM 158;2;2;1;2,0;0,1;20;5,0;TWM;158;Uncommon;Tool;https://limitlesstcg.nyc3.cdn.digitaloceanspaces.com/tpci/TWM/TWM_158_R_EN_LG.png;No;Meta Live
Dhelmise Pbl;Mega Kangaskhan ex;MEG 104;4;4;1;4,0;0,2;20;5,0;MEG;104;Double Rare;Basic;https://limitlesstcg.nyc3.cdn.digitaloceanspaces.com/tpci/MEG/MEG_104_R_EN_LG.png;No;Meta Live
Dhelmise Pbl;Togepi;SSP 70;2;2;1;2,0;0,1;20;5,0;SSP;70;Common;Basic;https://limitlesstcg.nyc3.cdn.digitaloceanspaces.com/tpci/SSP/SSP_070_R_EN_LG.png;No;Meta Live
Dhelmise Pbl;Togetic;SSP 71;1;1;1;1,0;0,05;20;5,0;SSP;71;Common;Stage 1;https://limitlesstcg.nyc3.cdn.digitaloceanspaces.com/tpci/SSP/SSP_071_R_EN_LG.png;No;Meta Live
Dhelmise Pbl;Togekiss;SSP 72;2;2;1;2,0;0,1;20;5,0;SSP;72;Rare;Stage 2;https://limitlesstcg.nyc3.cdn.digitaloceanspaces.com/tpci/SSP/SSP_072_R_EN_LG.png;No;Meta Live
Dhelmise Pbl;Ciphermaniac's Codebreaking;TEF 145;4;4;1;4,0;0,2;20;5,0;TEF;145;Uncommon;Supporter;https://limitlesstcg.nyc3.cdn.digitaloceanspaces.com/tpci/TEF/TEF_145_R_EN_LG.png;No;Meta Live
Dhelmise Pbl;Rare Candy;MEG 125;1;1;1;1,0;0,05;20;5,0;MEG;125;Common;Item;https://limitlesstcg.nyc3.cdn.digitaloceanspaces.com/tpci/MEG/MEG_125_R_EN_LG.png;No;Meta Live
Dhelmise Pbl;Team Rocket's Factory;DRI 173;1;1;1;1,0;0,05;20;5,0;DRI;173;Uncommon;Stadium;https://limitlesstcg.nyc3.cdn.digitaloceanspaces.com/tpci/DRI/DRI_173_R_EN_LG.png;No;Meta Live
Other;Duskull;PRE 35;6;3;2;3,0;0,3;20;10,0;PRE;35;Common;Basic;https://limitlesstcg.nyc3.cdn.digitaloceanspaces.com/tpci/PRE/PRE_035_R_EN_LG.png;No;Meta Live
Other;Dusclops;PRE 36;4;2;2;2,0;0,2;20;10,0;PRE;36;Common;Stage 1;https://limitlesstcg.nyc3.cdn.digitaloceanspaces.com/tpci/PRE/PRE_036_R_EN_LG.png;No;Meta Live
Other;Dusknoir;PRE 37;4;2;2;2,0;0,2;20;10,0;PRE;37;Rare;Stage 2;https://limitlesstcg.nyc3.cdn.digitaloceanspaces.com/tpci/PRE/PRE_037_R_EN_LG.png;No;Meta Live
Other;Bronzor;TEF 68;4;2;2;2,0;0,2;20;10,0;TEF;68;Common;Basic;https://limitlesstcg.nyc3.cdn.digitaloceanspaces.com/tpci/TEF/TEF_068_R_EN_LG.png;No;Meta Live
Other;Bronzong;TEF 69;4;2;2;2,0;0,2;20;10,0;TEF;69;Uncommon;Stage 1;https://limitlesstcg.nyc3.cdn.digitaloceanspaces.com/tpci/TEF/TEF_069_R_EN_LG.png;No;Meta Live
Other;Latias ex;SSP 76;10;2;6;1,67;0,5;20;30,0;SSP;76;Double Rare;Basic;https://limitlesstcg.nyc3.cdn.digitaloceanspaces.com/tpci/SSP/SSP_076_R_EN_LG.png;No;Meta Live
Other;Frillish;WHT 44;3;2;2;1,5;0,15;20;10,0;WHT;44;Common;Basic;https://limitlesstcg.nyc3.cdn.digitaloceanspaces.com/tpci/WHT/WHT_044_R_EN_LG.png;No;Meta Live
Other;Jellicent ex;WHT 45;2;1;2;1,0;0,1;20;10,0;WHT;45;Double Rare;Stage 1;https://limitlesstcg.nyc3.cdn.digitaloceanspaces.com/tpci/WHT/WHT_045_R_EN_LG.png;No;Meta Live
Other;Fezandipiti ex;ASC 142;5;2;4;1,25;0,25;20;20,0;ASC;142;Double Rare;Basic;https://limitlesstcg.nyc3.cdn.digitaloceanspaces.com/tpci/ASC/ASC_142_R_EN_LG.png;No;Meta Live
Other;Lillie's Clefairy ex;JTG 56;8;3;6;1,33;0,4;20;30,0;JTG;56;Double Rare;Basic;https://limitlesstcg.nyc3.cdn.digitaloceanspaces.com/tpci/JTG/JTG_056_R_EN_LG.png;No;Meta Live
Other;Meowth ex;POR 62;8;3;6;1,33;0,4;20;30,0;POR;62;Double Rare;Basic;https://limitlesstcg.nyc3.cdn.digitaloceanspaces.com/tpci/POR/POR_062_R_EN_LG.png;No;Meta Live
Other;Unown;30C 72;1;1;1;1,0;0,05;20;5,0;30C;72;Common;Basic;https://limitlesstcg.nyc3.cdn.digitaloceanspaces.com/tpci/30C/30C_072_R_EN_LG.png;No;Meta Live
Other;Flutter Mane;TEF 78;2;1;2;1,0;0,1;20;10,0;TEF;78;Rare;Basic;https://limitlesstcg.nyc3.cdn.digitaloceanspaces.com/tpci/TEF/TEF_078_R_EN_LG.png;No;Meta Live
Other;Mega Diancie ex;PFL 41;4;2;3;1,33;0,2;20;15,0;PFL;41;Double Rare;Basic;https://limitlesstcg.nyc3.cdn.digitaloceanspaces.com/tpci/PFL/PFL_041_R_EN_LG.png;No;Meta Live
Other;Lillie's Determination;MEG 119;64;4;17;3,76;3,2;20;85,0;MEG;119;Uncommon;Supporter;https://limitlesstcg.nyc3.cdn.digitaloceanspaces.com/tpci/MEG/MEG_119_R_EN_LG.png;No;Meta Live
Other;Boss's Orders;MEG 114;54;4;18;3,0;2,7;20;90,0;MEG;114;Uncommon;Supporter;https://limitlesstcg.nyc3.cdn.digitaloceanspaces.com/tpci/MEG/MEG_114_R_EN_LG.png;No;Meta Live
Other;Hilda;WHT 84;11;4;5;2,2;0,55;20;25,0;WHT;84;Uncommon;Supporter;https://limitlesstcg.nyc3.cdn.digitaloceanspaces.com/tpci/WHT/WHT_084_R_EN_LG.png;No;Meta Live
Other;Poké Pad;POR 81;65;4;18;3,61;3,25;20;90,0;POR;81;Uncommon;Item;https://limitlesstcg.nyc3.cdn.digitaloceanspaces.com/tpci/POR/POR_081_R_EN_LG.png;No;Meta Live
Other;Night Stretcher;ASC 196;38;4;14;2,71;1,9;20;70,0;ASC;196;Common;Item;https://limitlesstcg.nyc3.cdn.digitaloceanspaces.com/tpci/ASC/ASC_196_R_EN_LG.png;No;Meta Live
Other;Wondrous Patch;PFL 94;15;4;5;3,0;0,75;20;25,0;PFL;94;Uncommon;Item;https://limitlesstcg.nyc3.cdn.digitaloceanspaces.com/tpci/PFL/PFL_094_R_EN_LG.png;No;Meta Live
Other;Ultra Ball;MEG 131;33;4;9;3,67;1,65;20;45,0;MEG;131;Common;Item;https://limitlesstcg.nyc3.cdn.digitaloceanspaces.com/tpci/MEG/MEG_131_R_EN_LG.png;No;Meta Live
Other;Secret Box;TWM 163;4;1;4;1,0;0,2;20;20,0;TWM;163;Ultra Rare;Item;https://limitlesstcg.nyc3.cdn.digitaloceanspaces.com/tpci/TWM/TWM_163_R_EN_LG.png;Yes;Meta Live
Other;Switch;MEG 130;8;2;7;1,14;0,4;20;35,0;MEG;130;Common;Item;https://limitlesstcg.nyc3.cdn.digitaloceanspaces.com/tpci/MEG/MEG_130_R_EN_LG.png;No;Meta Live
Other;Rare Candy;MEG 125;7;2;4;1,75;0,35;20;20,0;MEG;125;Common;Item;https://limitlesstcg.nyc3.cdn.digitaloceanspaces.com/tpci/MEG/MEG_125_R_EN_LG.png;No;Meta Live
Other;Special Red Card;CRI 82;10;2;9;1,11;0,5;20;45,0;CRI;82;Uncommon;Item;https://limitlesstcg.nyc3.cdn.digitaloceanspaces.com/tpci/CRI/CRI_082_R_EN_LG.png;No;Meta Live
Other;Air Balloon;ASC 181;3;1;3;1,0;0,15;20;15,0;ASC;181;Uncommon;Tool;https://limitlesstcg.nyc3.cdn.digitaloceanspaces.com/tpci/ASC/ASC_181_R_EN_LG.png;No;Meta Live
Other;Lillie's Pearl;JTG 151;2;1;2;1,0;0,1;20;10,0;JTG;151;Uncommon;Tool;https://limitlesstcg.nyc3.cdn.digitaloceanspaces.com/tpci/JTG/JTG_151_R_EN_LG.png;No;Meta Live
Other;Mystery Garden;MEG 122;9;3;3;3,0;0,45;20;15,0;MEG;122;Uncommon;Stadium;https://limitlesstcg.nyc3.cdn.digitaloceanspaces.com/tpci/MEG/MEG_122_R_EN_LG.png;No;Meta Live
Other;Psychic Energy;MEE 13;35;6;9;3,89;1,75;20;45,0;MEE;13;;Basic Energy;;No;Meta Live
Other;Telepathic Psychic Energy;POR 88;20;4;5;4,0;1,0;20;25,0;POR;88;Rare;Special Energy;https://limitlesstcg.nyc3.cdn.digitaloceanspaces.com/tpci/POR/POR_088_R_EN_LG.png;No;Meta Live
Other;Slowpoke;SCR 57;4;2;2;2,0;0,2;20;10,0;SCR;57;Common;Basic;https://limitlesstcg.nyc3.cdn.digitaloceanspaces.com/tpci/SCR/SCR_057_R_EN_LG.png;No;Meta Live
Other;Mega Slowbro ex;PBL 31;4;2;2;2,0;0,2;20;10,0;PBL;31;Double Rare;Stage 1;https://limitlesstcg.nyc3.cdn.digitaloceanspaces.com/tpci/PBL/PBL_031_R_EN_LG.png;No;Meta Live
Other;Smoochum;SSP 75;4;2;2;2,0;0,2;20;10,0;SSP;75;Common;Basic;https://limitlesstcg.nyc3.cdn.digitaloceanspaces.com/tpci/SSP/SSP_075_R_EN_LG.png;No;Meta Live
Other;Munkidori;TWM 95;3;2;2;1,5;0,15;20;10,0;TWM;95;Rare;Basic;https://limitlesstcg.nyc3.cdn.digitaloceanspaces.com/tpci/TWM/TWM_095_R_EN_LG.png;No;Meta Live
Other;Bloodmoon Ursaluna ex;TWM 141;1;1;1;1,0;0,05;20;5,0;TWM;141;Double Rare;Basic;https://limitlesstcg.nyc3.cdn.digitaloceanspaces.com/tpci/TWM/TWM_141_R_EN_LG.png;No;Meta Live
Other;Crispin;SCR 133;14;4;4;3,5;0,7;20;20,0;SCR;133;Uncommon;Supporter;https://limitlesstcg.nyc3.cdn.digitaloceanspaces.com/tpci/SCR/SCR_133_R_EN_LG.png;No;Meta Live
Other;Judge;POR 76;6;2;3;2,0;0,3;20;15,0;POR;76;Uncommon;Supporter;https://limitlesstcg.nyc3.cdn.digitaloceanspaces.com/tpci/POR/POR_076_R_EN_LG.png;No;Meta Live
Other;Pokégear 3.0;SVI 186;26;4;8;3,25;1,3;20;40,0;SVI;186;Common;Item;https://limitlesstcg.nyc3.cdn.digitaloceanspaces.com/tpci/SVI/SVI_186_R_EN_LG.png;No;Meta Live
Other;Scoop Up Cyclone;TWM 162;1;1;1;1,0;0,05;20;5,0;TWM;162;Ultra Rare;Item;https://limitlesstcg.nyc3.cdn.digitaloceanspaces.com/tpci/TWM/TWM_162_R_EN_LG.png;Yes;Meta Live
Other;Powerglass;SFA 63;2;1;2;1,0;0,1;20;10,0;SFA;63;Uncommon;Tool;https://limitlesstcg.nyc3.cdn.digitaloceanspaces.com/tpci/SFA/SFA_063_R_EN_LG.png;No;Meta Live
Other;Darkness Energy;MEE 15;15;5;6;2,5;0,75;20;30,0;MEE;15;;Basic Energy;;No;Meta Live
Other;Relicanth;PBL 17;4;4;1;4,0;0,2;20;5,0;PBL;17;Uncommon;Basic;https://limitlesstcg.nyc3.cdn.digitaloceanspaces.com/tpci/PBL/PBL_017_R_EN_LG.png;No;Meta Live
Other;Colress's Tenacity;SFA 57;4;4;1;4,0;0,2;20;5,0;SFA;57;Uncommon;Supporter;https://limitlesstcg.nyc3.cdn.digitaloceanspaces.com/tpci/SFA/SFA_057_R_EN_LG.png;No;Meta Live
Other;Team Rocket's Petrel;DRI 176;13;4;5;2,6;0,65;20;25,0;DRI;176;Uncommon;Supporter;https://limitlesstcg.nyc3.cdn.digitaloceanspaces.com/tpci/DRI/DRI_176_R_EN_LG.png;No;Meta Live
Other;Morty's Conviction;TEF 155;3;2;2;1,5;0,15;20;10,0;TEF;155;Uncommon;Supporter;https://limitlesstcg.nyc3.cdn.digitaloceanspaces.com/tpci/TEF/TEF_155_R_EN_LG.png;No;Meta Live
Other;Black Belt's Training;JTG 143;10;2;6;1,67;0,5;20;30,0;JTG;143;Common;Supporter;https://limitlesstcg.nyc3.cdn.digitaloceanspaces.com/tpci/JTG/JTG_143_R_EN_LG.png;No;Meta Live
Other;Lana's Aid;TWM 155;8;2;6;1,33;0,4;20;30,0;TWM;155;Uncommon;Supporter;https://limitlesstcg.nyc3.cdn.digitaloceanspaces.com/tpci/TWM/TWM_155_R_EN_LG.png;No;Meta Live
Other;Antique Skull Fossil;PBL 73;4;4;1;4,0;0,2;20;5,0;PBL;73;Common;Item;https://limitlesstcg.nyc3.cdn.digitaloceanspaces.com/tpci/PBL/PBL_073_R_EN_LG.png;No;Meta Live
Other;Antique Cover Fossil;SCR 129;4;4;1;4,0;0,2;20;5,0;SCR;129;Common;Item;https://limitlesstcg.nyc3.cdn.digitaloceanspaces.com/tpci/SCR/SCR_129_R_EN_LG.png;No;Meta Live
Other;Antique Plume Fossil;WHT 79;4;4;1;4,0;0,2;20;5,0;WHT;79;Common;Item;https://limitlesstcg.nyc3.cdn.digitaloceanspaces.com/tpci/WHT/WHT_079_R_EN_LG.png;No;Meta Live
Other;Energy Search;POR 72;1;1;1;1,0;0,05;20;5,0;POR;72;Common;Item;https://limitlesstcg.nyc3.cdn.digitaloceanspaces.com/tpci/POR/POR_072_R_EN_LG.png;No;Meta Live
Other;Brave Bangle;WHT 80;27;4;8;3,38;1,35;20;40,0;WHT;80;Uncommon;Tool;https://limitlesstcg.nyc3.cdn.digitaloceanspaces.com/tpci/WHT/WHT_080_R_EN_LG.png;No;Meta Live
Other;Fossil Quarry;PBL 76;12;4;3;4,0;0,6;20;15,0;PBL;76;Uncommon;Stadium;https://limitlesstcg.nyc3.cdn.digitaloceanspaces.com/tpci/PBL/PBL_076_R_EN_LG.png;No;Meta Live
Other;Battle Cage;PFL 85;19;4;6;3,17;0,95;20;30,0;PFL;85;Uncommon;Stadium;https://limitlesstcg.nyc3.cdn.digitaloceanspaces.com/tpci/PFL/PFL_085_R_EN_LG.png;No;Meta Live
Other;Spiky Energy;JTG 159;4;4;1;4,0;0,2;20;5,0;JTG;159;Uncommon;Special Energy;https://limitlesstcg.nyc3.cdn.digitaloceanspaces.com/tpci/JTG/JTG_159_R_EN_LG.png;No;Meta Live
Other;Water Energy;MEE 11;6;3;4;1,5;0,3;20;20,0;MEE;11;;Basic Energy;;No;Meta Live
Other;Legacy Energy;TWM 167;6;1;6;1,0;0,3;20;30,0;TWM;167;Ultra Rare;Special Energy;https://limitlesstcg.nyc3.cdn.digitaloceanspaces.com/tpci/TWM/TWM_167_R_EN_LG.png;Yes;Meta Live
Other;Mega Kangaskhan ex;MEG 104;11;4;3;3,67;0,55;20;15,0;MEG;104;Double Rare;Basic;https://limitlesstcg.nyc3.cdn.digitaloceanspaces.com/tpci/MEG/MEG_104_R_EN_LG.png;No;Meta Live
Other;Shieldon;PBL 61;2;1;2;1,0;0,1;20;10,0;PBL;61;Common;Stage 1;https://limitlesstcg.nyc3.cdn.digitaloceanspaces.com/tpci/PBL/PBL_061_R_EN_LG.png;No;Meta Live
Other;Bastiodon;PBL 62;4;2;2;2,0;0,2;20;10,0;PBL;62;Rare;Stage 2;https://limitlesstcg.nyc3.cdn.digitaloceanspaces.com/tpci/PBL/PBL_062_R_EN_LG.png;No;Meta Live
Other;Ciphermaniac's Codebreaking;TEF 145;8;3;4;2,0;0,4;20;20,0;TEF;145;Uncommon;Supporter;https://limitlesstcg.nyc3.cdn.digitaloceanspaces.com/tpci/TEF/TEF_145_R_EN_LG.png;No;Meta Live
Other;Crushing Hammer;POR 71;25;4;7;3,57;1,25;20;35,0;POR;71;Common;Item;https://limitlesstcg.nyc3.cdn.digitaloceanspaces.com/tpci/POR/POR_071_R_EN_LG.png;No;Meta Live
Other;Jumbo Ice Cream;PFL 91;12;4;3;4,0;0,6;20;15,0;PFL;91;Uncommon;Item;https://limitlesstcg.nyc3.cdn.digitaloceanspaces.com/tpci/PFL/PFL_091_R_EN_LG.png;No;Meta Live
Other;Antique Armor Fossil;PBL 72;6;3;2;3,0;0,3;20;10,0;PBL;72;Common;Item;https://limitlesstcg.nyc3.cdn.digitaloceanspaces.com/tpci/PBL/PBL_072_R_EN_LG.png;No;Meta Live
Other;Hero's Cape;TEF 152;3;1;3;1,0;0,15;20;15,0;TEF;152;Ultra Rare;Tool;https://limitlesstcg.nyc3.cdn.digitaloceanspaces.com/tpci/TEF/TEF_152_R_EN_LG.png;Yes;Meta Live
Other;Handheld Fan;TWM 150;9;3;6;1,5;0,45;20;30,0;TWM;150;Uncommon;Tool;https://limitlesstcg.nyc3.cdn.digitaloceanspaces.com/tpci/TWM/TWM_150_R_EN_LG.png;No;Meta Live
Other;Mist Energy;TEF 161;15;4;4;3,75;0,75;20;20,0;TEF;161;Uncommon;Special Energy;https://limitlesstcg.nyc3.cdn.digitaloceanspaces.com/tpci/TEF/TEF_161_R_EN_LG.png;No;Meta Live
Other;Magnetic Metal Energy;CRI 85;4;2;2;2,0;0,2;20;10,0;CRI;85;Rare;Special Energy;https://limitlesstcg.nyc3.cdn.digitaloceanspaces.com/tpci/CRI/CRI_085_R_EN_LG.png;No;Meta Live
Other;Metal Energy;MEE 8;4;2;2;2,0;0,2;20;10,0;MEE;8;;Basic Energy;https://limitlesstcg.nyc3.cdn.digitaloceanspaces.com/tpci/MEE/MEE_008_R_EN_LG.png;No;Meta Live
Other;Grass Energy;MEE 9;7;5;3;2,33;0,35;20;15,0;MEE;9;;Basic Energy;;No;Meta Live
Other;Fire Energy;MEE 10;3;1;3;1,0;0,15;20;15,0;MEE;10;;Basic Energy;;No;Meta Live
Other;Teal Mask Ogerpon ex;TWM 25;2;2;1;2,0;0,1;20;5,0;TWM;25;Double Rare;Basic;https://limitlesstcg.nyc3.cdn.digitaloceanspaces.com/tpci/TWM/TWM_025_R_EN_LG.png;No;Meta Live
Other;Wellspring Mask Ogerpon ex;TWM 64;1;1;1;1,0;0,05;20;5,0;TWM;64;Double Rare;Basic;https://limitlesstcg.nyc3.cdn.digitaloceanspaces.com/tpci/TWM/TWM_064_R_EN_LG.png;No;Meta Live
Other;Passimian;SSP 111;1;1;1;1,0;0,05;20;5,0;SSP;111;Uncommon;Basic;https://limitlesstcg.nyc3.cdn.digitaloceanspaces.com/tpci/SSP/SSP_111_R_EN_LG.png;No;Meta Live
Other;Maractus;JTG 8;1;1;1;1,0;0,05;20;5,0;JTG;8;Uncommon;Basic;https://limitlesstcg.nyc3.cdn.digitaloceanspaces.com/tpci/JTG/JTG_008_R_EN_LG.png;No;Meta Live
Other;Psyduck;ASC 39;3;1;3;1,0;0,15;20;15,0;ASC;39;Common;Basic;https://limitlesstcg.nyc3.cdn.digitaloceanspaces.com/tpci/ASC/ASC_039_R_EN_LG.png;No;Meta Live
Other;Iron Leaves ex;TEF 25;1;1;1;1,0;0,05;20;5,0;TEF;25;Double Rare;Basic;https://limitlesstcg.nyc3.cdn.digitaloceanspaces.com/tpci/TEF/TEF_025_R_EN_LG.png;No;Meta Live
Other;Chien-Pao;SSP 56;1;1;1;1,0;0,05;20;5,0;SSP;56;Rare;Basic;https://limitlesstcg.nyc3.cdn.digitaloceanspaces.com/tpci/SSP/SSP_056_R_EN_LG.png;No;Meta Live
Other;Paldean Tauros;SSP 18;1;1;1;1,0;0,05;20;5,0;SSP;18;Uncommon;Basic;https://limitlesstcg.nyc3.cdn.digitaloceanspaces.com/tpci/SSP/SSP_018_R_EN_LG.png;No;Meta Live
Other;Cyrano;SSP 170;1;1;1;1,0;0,05;20;5,0;SSP;170;Uncommon;Supporter;https://limitlesstcg.nyc3.cdn.digitaloceanspaces.com/tpci/SSP/SSP_170_R_EN_LG.png;No;Meta Live
Other;Xerosic's Machinations;SFA 64;2;1;2;1,0;0,1;20;10,0;SFA;64;Uncommon;Supporter;https://limitlesstcg.nyc3.cdn.digitaloceanspaces.com/tpci/SFA/SFA_064_R_EN_LG.png;No;Meta Live
Other;Dusk Ball;SSP 175;3;3;1;3,0;0,15;20;5,0;SSP;175;Uncommon;Item;https://limitlesstcg.nyc3.cdn.digitaloceanspaces.com/tpci/SSP/SSP_175_R_EN_LG.png;No;Meta Live
Other;Unfair Stamp;TWM 165;2;1;2;1,0;0,1;20;10,0;TWM;165;Ultra Rare;Item;https://limitlesstcg.nyc3.cdn.digitaloceanspaces.com/tpci/TWM/TWM_165_R_EN_LG.png;Yes;Meta Live
Other;Energy Switch;MEG 115;1;1;1;1,0;0,05;20;5,0;MEG;115;Common;Item;https://limitlesstcg.nyc3.cdn.digitaloceanspaces.com/tpci/MEG/MEG_115_R_EN_LG.png;No;Meta Live
Other;Energy Retrieval;SVI 171;1;1;1;1,0;0,05;20;5,0;SVI;171;Common;Item;https://limitlesstcg.nyc3.cdn.digitaloceanspaces.com/tpci/SVI/SVI_171_R_EN_LG.png;No;Meta Live
Other;Area Zero Underdepths;SCR 131;8;3;3;2,67;0,4;20;15,0;SCR;131;Uncommon;Stadium;https://limitlesstcg.nyc3.cdn.digitaloceanspaces.com/tpci/SCR/SCR_131_R_EN_LG.png;No;Meta Live
Other;Fighting Energy;MEE 14;5;4;2;2,5;0,25;20;10,0;MEE;14;;Basic Energy;;No;Meta Live
Other;Tool Scrapper;ASC 212;4;1;4;1,0;0,2;20;20,0;ASC;212;Common;Item;https://limitlesstcg.nyc3.cdn.digitaloceanspaces.com/tpci/ASC/ASC_212_R_EN_LG.png;No;Meta Live
Other;Budew;ASC 16;15;4;6;2,5;0,75;20;30,0;ASC;16;Common;Basic;https://limitlesstcg.nyc3.cdn.digitaloceanspaces.com/tpci/ASC/ASC_016_R_EN_LG.png;No;Meta Live
Other;Poltchageist;PBL 5;35;4;9;3,89;1,75;20;45,0;PBL;5;Common;Basic;https://limitlesstcg.nyc3.cdn.digitaloceanspaces.com/tpci/PBL/PBL_005_R_EN_LG.png;No;Meta Live
Other;Igglybuff;30C 120;28;4;7;4,0;1,4;20;35,0;30C;120;Common;Basic;https://limitlesstcg.nyc3.cdn.digitaloceanspaces.com/tpci/30C/30C_120_R_EN_LG.png;No;Meta Live
Other;Tyrogue;MEG 71;9;4;4;2,25;0,45;20;20,0;MEG;71;Common;Basic;https://limitlesstcg.nyc3.cdn.digitaloceanspaces.com/tpci/MEG/MEG_071_R_EN_LG.png;No;Meta Live
Other;Misty's Magikarp;DRI 48;8;3;3;2,67;0,4;20;15,0;DRI;48;Common;Basic;https://limitlesstcg.nyc3.cdn.digitaloceanspaces.com/tpci/DRI/DRI_048_R_EN_LG.png;No;Meta Live
Other;Ethan's Pichu;DRI 71;13;4;5;2,6;0,65;20;25,0;DRI;71;Common;Basic;https://limitlesstcg.nyc3.cdn.digitaloceanspaces.com/tpci/DRI/DRI_071_R_EN_LG.png;No;Meta Live
Other;Pikachu ex;SSP 57;1;1;1;1,0;0,05;20;5,0;SSP;57;Double Rare;Basic;https://limitlesstcg.nyc3.cdn.digitaloceanspaces.com/tpci/SSP/SSP_057_R_EN_LG.png;No;Meta Live
Other;Cornerstone Mask Ogerpon ex;TWM 112;2;1;2;1,0;0,1;20;10,0;TWM;112;Double Rare;Basic;https://limitlesstcg.nyc3.cdn.digitaloceanspaces.com/tpci/TWM/TWM_112_R_EN_LG.png;No;Meta Live
Other;Gwynn;PBL 78;22;4;8;2,75;1,1;20;40,0;PBL;78;Uncommon;Supporter;https://limitlesstcg.nyc3.cdn.digitaloceanspaces.com/tpci/PBL/PBL_078_R_EN_LG.png;No;Meta Live
Other;Hassel;TWM 151;5;2;3;1,67;0,25;20;15,0;TWM;151;Uncommon;Supporter;https://limitlesstcg.nyc3.cdn.digitaloceanspaces.com/tpci/TWM/TWM_151_R_EN_LG.png;No;Meta Live
Other;Buddy-Buddy Poffin;TEF 144;43;4;12;3,58;2,15;20;60,0;TEF;144;Uncommon;Item;https://limitlesstcg.nyc3.cdn.digitaloceanspaces.com/tpci/TEF/TEF_144_R_EN_LG.png;No;Meta Live
Other;Sacred Ash;DRI 168;7;2;5;1,4;0,35;20;25,0;DRI;168;Uncommon;Item;https://limitlesstcg.nyc3.cdn.digitaloceanspaces.com/tpci/DRI/DRI_168_R_EN_LG.png;No;Meta Live
Other;Dunsparce;JTG 120;6;3;3;2,0;0,3;20;15,0;JTG;120;Common;Basic;https://limitlesstcg.nyc3.cdn.digitaloceanspaces.com/tpci/JTG/JTG_120_R_EN_LG.png;No;Meta Live
Other;Dudunsparce;TEF 129;6;3;3;2,0;0,3;20;15,0;TEF;129;Rare;Stage 1;https://limitlesstcg.nyc3.cdn.digitaloceanspaces.com/tpci/TEF/TEF_129_R_EN_LG.png;No;Meta Live
Other;Patrat;CRI 70;5;2;4;1,25;0,25;20;20,0;CRI;70;Common;Basic;https://limitlesstcg.nyc3.cdn.digitaloceanspaces.com/tpci/CRI/CRI_070_R_EN_LG.png;No;Meta Live
Other;Shaymin;DRI 10;7;1;7;1,0;0,35;20;35,0;DRI;10;Uncommon;Basic;https://limitlesstcg.nyc3.cdn.digitaloceanspaces.com/tpci/DRI/DRI_010_R_EN_LG.png;No;Meta Live
Other;Rescue Board;TEF 159;7;3;3;2,33;0,35;20;15,0;TEF;159;Uncommon;Tool;https://limitlesstcg.nyc3.cdn.digitaloceanspaces.com/tpci/TEF/TEF_159_R_EN_LG.png;No;Meta Live
Other;Gravity Mountain;SSP 177;2;1;2;1,0;0,1;20;10,0;SSP;177;Uncommon;Stadium;https://limitlesstcg.nyc3.cdn.digitaloceanspaces.com/tpci/SSP/SSP_177_R_EN_LG.png;No;Meta Live
Other;Cynthia's Roselia;DRI 7;4;4;1;4,0;0,2;20;5,0;DRI;7;Common;Basic;https://limitlesstcg.nyc3.cdn.digitaloceanspaces.com/tpci/DRI/DRI_007_R_EN_LG.png;No;Meta Live
Other;Cynthia's Roserade;DRI 8;3;3;1;3,0;0,15;20;5,0;DRI;8;Rare;Stage 1;https://limitlesstcg.nyc3.cdn.digitaloceanspaces.com/tpci/DRI/DRI_008_R_EN_LG.png;No;Meta Live
Other;Cynthia's Garchomp ex;DRI 104;3;3;1;3,0;0,15;20;5,0;DRI;104;Double Rare;Stage 2;https://limitlesstcg.nyc3.cdn.digitaloceanspaces.com/tpci/DRI/DRI_104_R_EN_LG.png;No;Meta Live
Other;Cynthia's Spiritomb;DRI 129;1;1;1;1,0;0,05;20;5,0;DRI;129;Uncommon;Basic;https://limitlesstcg.nyc3.cdn.digitaloceanspaces.com/tpci/DRI/DRI_129_R_EN_LG.png;No;Meta Live
Other;Team Rocket's Proton;DRI 177;8;4;3;2,67;0,4;20;15,0;DRI;177;Uncommon;Supporter;https://limitlesstcg.nyc3.cdn.digitaloceanspaces.com/tpci/DRI/DRI_177_R_EN_LG.png;No;Meta Live
Other;Larry's Skill;PRE 115;1;1;1;1,0;0,05;20;5,0;PRE;115;Common;Supporter;https://limitlesstcg.nyc3.cdn.digitaloceanspaces.com/tpci/PRE/PRE_115_R_EN_LG.png;No;Meta Live
Other;Fighting Gong;MEG 116;3;3;1;3,0;0,15;20;5,0;MEG;116;Uncommon;Item;https://limitlesstcg.nyc3.cdn.digitaloceanspaces.com/tpci/MEG/MEG_116_R_EN_LG.png;No;Meta Live
Other;Premium Power Pro;MEG 124;2;2;1;2,0;0,1;20;5,0;MEG;124;Uncommon;Item;https://limitlesstcg.nyc3.cdn.digitaloceanspaces.com/tpci/MEG/MEG_124_R_EN_LG.png;No;Meta Live
Other;Prime Catcher;TEF 157;1;1;1;1,0;0,05;20;5,0;TEF;157;Ultra Rare;Item;https://limitlesstcg.nyc3.cdn.digitaloceanspaces.com/tpci/TEF/TEF_157_R_EN_LG.png;Yes;Meta Live
Other;Cynthia's Power Weight;DRI 162;4;4;1;4,0;0,2;20;5,0;DRI;162;Uncommon;Tool;https://limitlesstcg.nyc3.cdn.digitaloceanspaces.com/tpci/DRI/DRI_162_R_EN_LG.png;No;Meta Live
Other;Rocky Fighting Energy;POR 87;4;4;1;4,0;0,2;20;5,0;POR;87;Rare;Special Energy;https://limitlesstcg.nyc3.cdn.digitaloceanspaces.com/tpci/POR/POR_087_R_EN_LG.png;No;Meta Live
Other;Mew ex;30C 66;1;1;1;1,0;0,05;20;5,0;30C;66;Double Rare;Basic;https://limitlesstcg.nyc3.cdn.digitaloceanspaces.com/tpci/30C/30C_066_R_EN_LG.png;No;Meta Live
Other;Kieran;TWM 154;2;2;1;2,0;0,1;20;5,0;TWM;154;Uncommon;Supporter;https://limitlesstcg.nyc3.cdn.digitaloceanspaces.com/tpci/TWM/TWM_154_R_EN_LG.png;No;Meta Live
Other;Pokémon Catcher;POR 82;3;3;1;3,0;0,15;20;5,0;POR;82;Common;Item;https://limitlesstcg.nyc3.cdn.digitaloceanspaces.com/tpci/POR/POR_082_R_EN_LG.png;No;Meta Live
Other;Shuppet;PBL 33;8;4;2;4,0;0,4;20;10,0;PBL;33;Common;Basic;https://limitlesstcg.nyc3.cdn.digitaloceanspaces.com/tpci/PBL/PBL_033_R_EN_LG.png;No;Meta Live
Other;Banette;PBL 34;8;4;2;4,0;0,4;20;10,0;PBL;34;Uncommon;Stage 1;https://limitlesstcg.nyc3.cdn.digitaloceanspaces.com/tpci/PBL/PBL_034_R_EN_LG.png;No;Meta Live
Other;Sinistcha;PBL 6;8;4;2;4,0;0,4;20;10,0;PBL;6;Uncommon;Stage 1;https://limitlesstcg.nyc3.cdn.digitaloceanspaces.com/tpci/PBL/PBL_006_R_EN_LG.png;No;Meta Live
Other;Dhelmise;PBL 39;4;2;2;2,0;0,2;20;10,0;PBL;39;Uncommon;Basic;https://limitlesstcg.nyc3.cdn.digitaloceanspaces.com/tpci/PBL/PBL_039_R_EN_LG.png;No;Meta Live
Other;Spiritomb;PBL 35;3;2;2;1,5;0,15;20;10,0;PBL;35;Rare;Basic;https://limitlesstcg.nyc3.cdn.digitaloceanspaces.com/tpci/PBL/PBL_035_R_EN_LG.png;No;Meta Live
Other;Explorer's Guidance;TEF 147;4;3;2;2,0;0,2;20;10,0;TEF;147;Uncommon;Supporter;https://limitlesstcg.nyc3.cdn.digitaloceanspaces.com/tpci/TEF/TEF_147_R_EN_LG.png;No;Meta Live
Other;Enhanced Hammer;TWM 148;3;1;3;1,0;0,15;20;15,0;TWM;148;Uncommon;Item;https://limitlesstcg.nyc3.cdn.digitaloceanspaces.com/tpci/TWM/TWM_148_R_EN_LG.png;No;Meta Live
Other;Prism Tower;CRI 80;5;2;3;1,67;0,25;20;15,0;CRI;80;Uncommon;Stadium;https://limitlesstcg.nyc3.cdn.digitaloceanspaces.com/tpci/CRI/CRI_080_R_EN_LG.png;No;Meta Live
Other;Jamming Tower;TWM 153;1;1;1;1,0;0,05;20;5,0;TWM;153;Uncommon;Stadium;https://limitlesstcg.nyc3.cdn.digitaloceanspaces.com/tpci/TWM/TWM_153_R_EN_LG.png;No;Meta Live
Other;Team Rocket's Zubat;DRI 120;8;4;2;4,0;0,4;20;10,0;DRI;120;Common;Basic;https://limitlesstcg.nyc3.cdn.digitaloceanspaces.com/tpci/DRI/DRI_120_R_EN_LG.png;No;Meta Live
Other;Team Rocket's Golbat;DRI 121;8;4;2;4,0;0,4;20;10,0;DRI;121;Uncommon;Stage 1;https://limitlesstcg.nyc3.cdn.digitaloceanspaces.com/tpci/DRI/DRI_121_R_EN_LG.png;No;Meta Live
Other;Team Rocket's Crobat ex;DRI 122;5;3;2;2,5;0,25;20;10,0;DRI;122;Double Rare;Stage 2;https://limitlesstcg.nyc3.cdn.digitaloceanspaces.com/tpci/DRI/DRI_122_R_EN_LG.png;No;Meta Live
Other;Team Rocket's Ekans;DRI 112;5;3;2;2,5;0,25;20;10,0;DRI;112;Common;Basic;https://limitlesstcg.nyc3.cdn.digitaloceanspaces.com/tpci/DRI/DRI_112_R_EN_LG.png;No;Meta Live
Other;Team Rocket's Arbok;DRI 113;5;3;2;2,5;0,25;20;10,0;DRI;113;Uncommon;Stage 1;https://limitlesstcg.nyc3.cdn.digitaloceanspaces.com/tpci/DRI/DRI_113_R_EN_LG.png;No;Meta Live
Other;Team Rocket's Sneasel;DRI 128;3;2;2;1,5;0,15;20;10,0;DRI;128;Rare;Basic;https://limitlesstcg.nyc3.cdn.digitaloceanspaces.com/tpci/DRI/DRI_128_R_EN_LG.png;No;Meta Live
Other;Team Rocket's Articuno;DRI 51;1;1;1;1,0;0,05;20;5,0;DRI;51;Rare;Basic;https://limitlesstcg.nyc3.cdn.digitaloceanspaces.com/tpci/DRI/DRI_051_R_EN_LG.png;No;Meta Live
Other;Team Rocket's Mimikyu;DRI 87;2;1;2;1,0;0,1;20;10,0;DRI;87;Uncommon;Basic;https://limitlesstcg.nyc3.cdn.digitaloceanspaces.com/tpci/DRI/DRI_087_R_EN_LG.png;No;Meta Live
Other;Team Rocket's Archer;DRI 170;4;3;2;2,0;0,2;20;10,0;DRI;170;Uncommon;Supporter;https://limitlesstcg.nyc3.cdn.digitaloceanspaces.com/tpci/DRI/DRI_170_R_EN_LG.png;No;Meta Live
Other;Team Rocket's Giovanni;DRI 174;5;3;2;2,5;0,25;20;10,0;DRI;174;Uncommon;Supporter;https://limitlesstcg.nyc3.cdn.digitaloceanspaces.com/tpci/DRI/DRI_174_R_EN_LG.png;No;Meta Live
Other;Team Rocket's Ariana;DRI 171;7;4;2;3,5;0,35;20;10,0;DRI;171;Uncommon;Supporter;https://limitlesstcg.nyc3.cdn.digitaloceanspaces.com/tpci/DRI/DRI_171_R_EN_LG.png;No;Meta Live
Other;Team Rocket's Transceiver;DRI 178;11;4;3;3,67;0,55;20;15,0;DRI;178;Uncommon;Item;https://limitlesstcg.nyc3.cdn.digitaloceanspaces.com/tpci/DRI/DRI_178_R_EN_LG.png;No;Meta Live
Other;Punk Helmet;PFL 92;3;2;2;1,5;0,15;20;10,0;PFL;92;Uncommon;Tool;https://limitlesstcg.nyc3.cdn.digitaloceanspaces.com/tpci/PFL/PFL_092_R_EN_LG.png;No;Meta Live
Other;Team Rocket's Factory;DRI 173;4;2;2;2,0;0,2;20;10,0;DRI;173;Uncommon;Stadium;https://limitlesstcg.nyc3.cdn.digitaloceanspaces.com/tpci/DRI/DRI_173_R_EN_LG.png;No;Meta Live
Other;Team Rocket's Energy;DRI 182;8;4;2;4,0;0,4;20;10,0;DRI;182;Uncommon;Special Energy;https://limitlesstcg.nyc3.cdn.digitaloceanspaces.com/tpci/DRI/DRI_182_R_EN_LG.png;No;Meta Live
Other;Team Rocket's Grimer;DRI 123;1;1;1;1,0;0,05;20;5,0;DRI;123;Common;Basic;https://limitlesstcg.nyc3.cdn.digitaloceanspaces.com/tpci/DRI/DRI_123_R_EN_LG.png;No;Meta Live
Other;Team Rocket's Muk;DRI 124;1;1;1;1,0;0,05;20;5,0;DRI;124;Uncommon;Stage 1;https://limitlesstcg.nyc3.cdn.digitaloceanspaces.com/tpci/DRI/DRI_124_R_EN_LG.png;No;Meta Live
Other;Precious Trolley;SSP 185;1;1;1;1,0;0,05;20;5,0;SSP;185;Ultra Rare;Item;https://limitlesstcg.nyc3.cdn.digitaloceanspaces.com/tpci/SSP/SSP_185_R_EN_LG.png;Yes;Meta Live
Other;Hand Trimmer;TEF 150;1;1;1;1,0;0,05;20;5,0;TEF;150;Uncommon;Item;https://limitlesstcg.nyc3.cdn.digitaloceanspaces.com/tpci/TEF/TEF_150_R_EN_LG.png;No;Meta Live
Other;Team Rocket's Watchtower;DRI 180;1;1;1;1,0;0,05;20;5,0;DRI;180;Uncommon;Stadium;https://limitlesstcg.nyc3.cdn.digitaloceanspaces.com/tpci/DRI/DRI_180_R_EN_LG.png;No;Meta Live
Other;Dark Bell;PBL 75;3;3;1;3,0;0,15;20;5,0;PBL;75;Uncommon;Item;https://limitlesstcg.nyc3.cdn.digitaloceanspaces.com/tpci/PBL/PBL_075_R_EN_LG.png;No;Meta Live
Other;Dudunsparce ex;JTG 121;1;1;1;1,0;0,05;20;5,0;JTG;121;Double Rare;Stage 1;https://limitlesstcg.nyc3.cdn.digitaloceanspaces.com/tpci/JTG/JTG_121_R_EN_LG.png;No;Meta Live
Other;Jacinthe;POR 75;2;2;1;2,0;0,1;20;5,0;POR;75;Uncommon;Supporter;https://limitlesstcg.nyc3.cdn.digitaloceanspaces.com/tpci/POR/POR_075_R_EN_LG.png;No;Meta Live
Other;Brilliant Blender;SSP 164;1;1;1;1,0;0,05;20;5,0;SSP;164;Ultra Rare;Item;https://limitlesstcg.nyc3.cdn.digitaloceanspaces.com/tpci/SSP/SSP_164_R_EN_LG.png;Yes;Meta Live
Other;Neutralization Zone;SFA 60;1;1;1;1,0;0,05;20;5,0;SFA;60;Ultra Rare;Stadium;https://limitlesstcg.nyc3.cdn.digitaloceanspaces.com/tpci/SFA/SFA_060_R_EN_LG.png;Yes;Meta Live
Lopunny Dudunsparce;Buneary;PFL 83;52;3;20;2,6;2,6;20;100,0;PFL;83;Common;Basic;https://limitlesstcg.nyc3.cdn.digitaloceanspaces.com/tpci/PFL/PFL_083_R_EN_LG.png;No;Meta Live
Lopunny Dudunsparce;Mega Lopunny ex;PFL 84;46;3;20;2,3;2,3;20;100,0;PFL;84;Double Rare;Stage 1;https://limitlesstcg.nyc3.cdn.digitaloceanspaces.com/tpci/PFL/PFL_084_R_EN_LG.png;No;Meta Live
Lopunny Dudunsparce;Dunsparce;JTG 120;61;4;20;3,05;3,05;20;100,0;JTG;120;Common;Basic;https://limitlesstcg.nyc3.cdn.digitaloceanspaces.com/tpci/JTG/JTG_120_R_EN_LG.png;No;Meta Live
Lopunny Dudunsparce;Dudunsparce;TEF 129;52;3;20;2,6;2,6;20;100,0;TEF;129;Rare;Stage 1;https://limitlesstcg.nyc3.cdn.digitaloceanspaces.com/tpci/TEF/TEF_129_R_EN_LG.png;No;Meta Live
Lopunny Dudunsparce;Mew ex;30C 66;26;2;14;1,86;1,3;20;70,0;30C;66;Double Rare;Basic;https://limitlesstcg.nyc3.cdn.digitaloceanspaces.com/tpci/30C/30C_066_R_EN_LG.png;No;Meta Live
Lopunny Dudunsparce;Psyduck;ASC 39;16;1;16;1,0;0,8;20;80,0;ASC;39;Common;Basic;https://limitlesstcg.nyc3.cdn.digitaloceanspaces.com/tpci/ASC/ASC_039_R_EN_LG.png;No;Meta Live
Lopunny Dudunsparce;Fan Rotom;SCR 118;20;2;19;1,05;1,0;20;95,0;SCR;118;Common;Basic;https://limitlesstcg.nyc3.cdn.digitaloceanspaces.com/tpci/SCR/SCR_118_R_EN_LG.png;No;Meta Live
Lopunny Dudunsparce;Lillie's Clefairy ex;JTG 56;12;1;12;1,0;0,6;20;60,0;JTG;56;Double Rare;Basic;https://limitlesstcg.nyc3.cdn.digitaloceanspaces.com/tpci/JTG/JTG_056_R_EN_LG.png;No;Meta Live
Lopunny Dudunsparce;Stunfisk;ASC 62;6;1;6;1,0;0,3;20;30,0;ASC;62;Common;Basic;https://limitlesstcg.nyc3.cdn.digitaloceanspaces.com/tpci/ASC/ASC_062_R_EN_LG.png;No;Meta Live
Lopunny Dudunsparce;Moltres;PFL 14;13;2;11;1,18;0,65;20;55,0;PFL;14;Rare;Basic;https://limitlesstcg.nyc3.cdn.digitaloceanspaces.com/tpci/PFL/PFL_014_R_EN_LG.png;No;Meta Live
Lopunny Dudunsparce;Hilda;WHT 84;71;4;19;3,74;3,55;20;95,0;WHT;84;Uncommon;Supporter;https://limitlesstcg.nyc3.cdn.digitaloceanspaces.com/tpci/WHT/WHT_084_R_EN_LG.png;No;Meta Live
Lopunny Dudunsparce;Boss's Orders;MEG 114;66;4;20;3,3;3,3;20;100,0;MEG;114;Uncommon;Supporter;https://limitlesstcg.nyc3.cdn.digitaloceanspaces.com/tpci/MEG/MEG_114_R_EN_LG.png;No;Meta Live
Lopunny Dudunsparce;Wally's Compassion;MEG 132;61;4;19;3,21;3,05;20;95,0;MEG;132;Uncommon;Supporter;https://limitlesstcg.nyc3.cdn.digitaloceanspaces.com/tpci/MEG/MEG_132_R_EN_LG.png;No;Meta Live
Lopunny Dudunsparce;Lillie's Determination;MEG 119;62;4;20;3,1;3,1;20;100,0;MEG;119;Uncommon;Supporter;https://limitlesstcg.nyc3.cdn.digitaloceanspaces.com/tpci/MEG/MEG_119_R_EN_LG.png;No;Meta Live
Lopunny Dudunsparce;Poké Pad;POR 81;77;4;20;3,85;3,85;20;100,0;POR;81;Uncommon;Item;https://limitlesstcg.nyc3.cdn.digitaloceanspaces.com/tpci/POR/POR_081_R_EN_LG.png;No;Meta Live
Lopunny Dudunsparce;Buddy-Buddy Poffin;TEF 144;76;4;19;4,0;3,8;20;95,0;TEF;144;Uncommon;Item;https://limitlesstcg.nyc3.cdn.digitaloceanspaces.com/tpci/TEF/TEF_144_R_EN_LG.png;No;Meta Live
Lopunny Dudunsparce;Pokégear 3.0;SVI 186;27;4;10;2,7;1,35;20;50,0;SVI;186;Common;Item;https://limitlesstcg.nyc3.cdn.digitaloceanspaces.com/tpci/SVI/SVI_186_R_EN_LG.png;No;Meta Live
Lopunny Dudunsparce;Ultra Ball;MEG 131;71;4;20;3,55;3,55;20;100,0;MEG;131;Common;Item;https://limitlesstcg.nyc3.cdn.digitaloceanspaces.com/tpci/MEG/MEG_131_R_EN_LG.png;No;Meta Live
Lopunny Dudunsparce;Night Stretcher;ASC 196;25;2;18;1,39;1,25;20;90,0;ASC;196;Common;Item;https://limitlesstcg.nyc3.cdn.digitaloceanspaces.com/tpci/ASC/ASC_196_R_EN_LG.png;No;Meta Live
Lopunny Dudunsparce;Special Red Card;CRI 82;18;1;18;1,0;0,9;20;90,0;CRI;82;Uncommon;Item;https://limitlesstcg.nyc3.cdn.digitaloceanspaces.com/tpci/CRI/CRI_082_R_EN_LG.png;No;Meta Live
Lopunny Dudunsparce;Air Balloon;ASC 181;44;3;19;2,32;2,2;20;95,0;ASC;181;Uncommon;Tool;https://limitlesstcg.nyc3.cdn.digitaloceanspaces.com/tpci/ASC/ASC_181_R_EN_LG.png;No;Meta Live
Lopunny Dudunsparce;Nighttime Mine;ASC 197;10;2;6;1,67;0,5;20;30,0;ASC;197;Uncommon;Stadium;https://limitlesstcg.nyc3.cdn.digitaloceanspaces.com/tpci/ASC/ASC_197_R_EN_LG.png;No;Meta Live
Lopunny Dudunsparce;Battle Cage;PFL 85;46;4;17;2,71;2,3;20;85,0;PFL;85;Uncommon;Stadium;https://limitlesstcg.nyc3.cdn.digitaloceanspaces.com/tpci/PFL/PFL_085_R_EN_LG.png;No;Meta Live
Lopunny Dudunsparce;Mist Energy;TEF 161;75;4;19;3,95;3,75;20;95,0;TEF;161;Uncommon;Special Energy;https://limitlesstcg.nyc3.cdn.digitaloceanspaces.com/tpci/TEF/TEF_161_R_EN_LG.png;No;Meta Live
Lopunny Dudunsparce;Prism Energy;ASC 216;22;3;9;2,44;1,1;20;45,0;ASC;216;Uncommon;Special Energy;https://limitlesstcg.nyc3.cdn.digitaloceanspaces.com/tpci/ASC/ASC_216_R_EN_LG.png;No;Meta Live
Lopunny Dudunsparce;Enriching Energy;SSP 191;18;1;18;1,0;0,9;20;90,0;SSP;191;Ultra Rare;Special Energy;https://limitlesstcg.nyc3.cdn.digitaloceanspaces.com/tpci/SSP/SSP_191_R_EN_LG.png;Yes;Meta Live
Lopunny Dudunsparce;Meowth ex;POR 62;13;2;12;1,08;0,65;20;60,0;POR;62;Double Rare;Basic;https://limitlesstcg.nyc3.cdn.digitaloceanspaces.com/tpci/POR/POR_062_R_EN_LG.png;No;Meta Live
Lopunny Dudunsparce;Fire Energy;MEE 10;13;3;6;2,17;0,65;20;30,0;MEE;10;;Basic Energy;;No;Meta Live
Lopunny Dudunsparce;Shaymin;DRI 10;11;1;11;1,0;0,55;20;55,0;DRI;10;Uncommon;Basic;https://limitlesstcg.nyc3.cdn.digitaloceanspaces.com/tpci/DRI/DRI_010_R_EN_LG.png;No;Meta Live
Lopunny Dudunsparce;Snorunt;ASC 46;13;2;7;1,86;0,65;20;35,0;ASC;46;Common;Basic;https://limitlesstcg.nyc3.cdn.digitaloceanspaces.com/tpci/ASC/ASC_046_R_EN_LG.png;No;Meta Live
Lopunny Dudunsparce;Mega Froslass ex;ASC 47;13;2;7;1,86;0,65;20;35,0;ASC;47;Double Rare;Stage 1;https://limitlesstcg.nyc3.cdn.digitaloceanspaces.com/tpci/ASC/ASC_047_R_EN_LG.png;No;Meta Live
Lopunny Dudunsparce;Water Energy;MEE 3;17;3;6;2,83;0,85;20;30,0;MEE;3;;Basic Energy;https://limitlesstcg.nyc3.cdn.digitaloceanspaces.com/tpci/MEE/MEE_003_R_EN_LG.png;No;Meta Live
Lopunny Dudunsparce;Cyrano;SSP 170;1;1;1;1,0;0,05;20;5,0;SSP;170;Uncommon;Supporter;https://limitlesstcg.nyc3.cdn.digitaloceanspaces.com/tpci/SSP/SSP_170_R_EN_LG.png;No;Meta Live
Lopunny Dudunsparce;Legacy Energy;TWM 167;1;1;1;1,0;0,05;20;5,0;TWM;167;Ultra Rare;Special Energy;https://limitlesstcg.nyc3.cdn.digitaloceanspaces.com/tpci/TWM/TWM_167_R_EN_LG.png;Yes;Meta Live
Lopunny Dudunsparce;Dudunsparce ex;JTG 121;3;1;3;1,0;0,15;20;15,0;JTG;121;Double Rare;Stage 1;https://limitlesstcg.nyc3.cdn.digitaloceanspaces.com/tpci/JTG/JTG_121_R_EN_LG.png;No;Meta Live
Lopunny Dudunsparce;Team Rocket's Petrel;DRI 176;1;1;1;1,0;0,05;20;5,0;DRI;176;Uncommon;Supporter;https://limitlesstcg.nyc3.cdn.digitaloceanspaces.com/tpci/DRI/DRI_176_R_EN_LG.png;No;Meta Live
Lopunny Dudunsparce;Patrat;CRI 70;1;1;1;1,0;0,05;20;5,0;CRI;70;Common;Basic;https://limitlesstcg.nyc3.cdn.digitaloceanspaces.com/tpci/CRI/CRI_070_R_EN_LG.png;No;Meta Live
Lopunny Dudunsparce;Mega Kangaskhan ex;MEG 104;4;4;1;4,0;0,2;20;5,0;MEG;104;Double Rare;Basic;https://limitlesstcg.nyc3.cdn.digitaloceanspaces.com/tpci/MEG/MEG_104_R_EN_LG.png;No;Meta Live
Lopunny Dudunsparce;Munkidori;TWM 95;2;2;1;2,0;0,1;20;5,0;TWM;95;Rare;Basic;https://limitlesstcg.nyc3.cdn.digitaloceanspaces.com/tpci/TWM/TWM_095_R_EN_LG.png;No;Meta Live
Lopunny Dudunsparce;Latias ex;SSP 76;1;1;1;1,0;0,05;20;5,0;SSP;76;Double Rare;Basic;https://limitlesstcg.nyc3.cdn.digitaloceanspaces.com/tpci/SSP/SSP_076_R_EN_LG.png;No;Meta Live
Lopunny Dudunsparce;Crispin;SCR 133;2;2;1;2,0;0,1;20;5,0;SCR;133;Uncommon;Supporter;https://limitlesstcg.nyc3.cdn.digitaloceanspaces.com/tpci/SCR/SCR_133_R_EN_LG.png;No;Meta Live
Lopunny Dudunsparce;Judge;POR 76;2;2;1;2,0;0,1;20;5,0;POR;76;Uncommon;Supporter;https://limitlesstcg.nyc3.cdn.digitaloceanspaces.com/tpci/POR/POR_076_R_EN_LG.png;No;Meta Live
Lopunny Dudunsparce;Ciphermaniac's Codebreaking;TEF 145;2;2;1;2,0;0,1;20;5,0;TEF;145;Uncommon;Supporter;https://limitlesstcg.nyc3.cdn.digitaloceanspaces.com/tpci/TEF/TEF_145_R_EN_LG.png;No;Meta Live
Lopunny Dudunsparce;Switch;MEG 130;4;4;1;4,0;0,2;20;5,0;MEG;130;Common;Item;https://limitlesstcg.nyc3.cdn.digitaloceanspaces.com/tpci/MEG/MEG_130_R_EN_LG.png;No;Meta Live
Lopunny Dudunsparce;Mega Signal;MEG 121;2;2;1;2,0;0,1;20;5,0;MEG;121;Uncommon;Item;https://limitlesstcg.nyc3.cdn.digitaloceanspaces.com/tpci/MEG/MEG_121_R_EN_LG.png;No;Meta Live
Lopunny Dudunsparce;Hero's Cape;TEF 152;1;1;1;1,0;0,05;20;5,0;TEF;152;Ultra Rare;Tool;https://limitlesstcg.nyc3.cdn.digitaloceanspaces.com/tpci/TEF/TEF_152_R_EN_LG.png;Yes;Meta Live
Lopunny Dudunsparce;Lumiose City;POR 77;4;4;1;4,0;0,2;20;5,0;POR;77;Uncommon;Stadium;https://limitlesstcg.nyc3.cdn.digitaloceanspaces.com/tpci/POR/POR_077_R_EN_LG.png;No;Meta Live
Lopunny Dudunsparce;Psychic Energy;MEE 13;7;4;2;3,5;0,35;20;10,0;MEE;13;;Basic Energy;;No;Meta Live
Lopunny Dudunsparce;Darkness Energy;MEE 15;4;4;1;4,0;0,2;20;5,0;MEE;15;;Basic Energy;;No;Meta Live
Lopunny Dudunsparce;Genesect;SFA 40;1;1;1;1,0;0,05;20;5,0;SFA;40;Uncommon;Basic;https://limitlesstcg.nyc3.cdn.digitaloceanspaces.com/tpci/SFA/SFA_040_R_EN_LG.png;No;Meta Live
Lopunny Dudunsparce;Chien-Pao;SSP 56;1;1;1;1,0;0,05;20;5,0;SSP;56;Rare;Basic;https://limitlesstcg.nyc3.cdn.digitaloceanspaces.com/tpci/SSP/SSP_056_R_EN_LG.png;No;Meta Live
Lopunny Dudunsparce;Wondrous Patch;PFL 94;2;2;1;2,0;0,1;20;5,0;PFL;94;Uncommon;Item;https://limitlesstcg.nyc3.cdn.digitaloceanspaces.com/tpci/PFL/PFL_094_R_EN_LG.png;No;Meta Live
Lopunny Dudunsparce;Bubbly Water Energy;CRI 84;1;1;1;1,0;0,05;20;5,0;CRI;84;Rare;Special Energy;https://limitlesstcg.nyc3.cdn.digitaloceanspaces.com/tpci/CRI/CRI_084_R_EN_LG.png;No;Meta Live
Crustle;Mega Kangaskhan ex;MEG 104;80;4;20;4,0;4,0;20;100,0;MEG;104;Double Rare;Basic;https://limitlesstcg.nyc3.cdn.digitaloceanspaces.com/tpci/MEG/MEG_104_R_EN_LG.png;No;Meta Live
Crustle;Dwebble;DRI 11;60;3;20;3,0;3,0;20;100,0;DRI;11;Common;Basic;https://limitlesstcg.nyc3.cdn.digitaloceanspaces.com/tpci/DRI/DRI_011_R_EN_LG.png;No;Meta Live
Crustle;Crustle;DRI 12;60;3;20;3,0;3,0;20;100,0;DRI;12;Rare;Stage 1;https://limitlesstcg.nyc3.cdn.digitaloceanspaces.com/tpci/DRI/DRI_012_R_EN_LG.png;No;Meta Live
Crustle;Team Rocket's Petrel;DRI 176;80;4;20;4,0;4,0;20;100,0;DRI;176;Uncommon;Supporter;https://limitlesstcg.nyc3.cdn.digitaloceanspaces.com/tpci/DRI/DRI_176_R_EN_LG.png;No;Meta Live
Crustle;Lillie's Determination;MEG 119;80;4;20;4,0;4,0;20;100,0;MEG;119;Uncommon;Supporter;https://limitlesstcg.nyc3.cdn.digitaloceanspaces.com/tpci/MEG/MEG_119_R_EN_LG.png;No;Meta Live
Crustle;Boss's Orders;MEG 114;80;4;20;4,0;4,0;20;100,0;MEG;114;Uncommon;Supporter;https://limitlesstcg.nyc3.cdn.digitaloceanspaces.com/tpci/MEG/MEG_114_R_EN_LG.png;No;Meta Live
Crustle;Eri;TEF 146;48;3;19;2,53;2,4;20;95,0;TEF;146;Uncommon;Supporter;https://limitlesstcg.nyc3.cdn.digitaloceanspaces.com/tpci/TEF/TEF_146_R_EN_LG.png;No;Meta Live
Crustle;Hilda;WHT 84;48;3;20;2,4;2,4;20;100,0;WHT;84;Uncommon;Supporter;https://limitlesstcg.nyc3.cdn.digitaloceanspaces.com/tpci/WHT/WHT_084_R_EN_LG.png;No;Meta Live
Crustle;Xerosic's Machinations;SFA 64;25;2;20;1,25;1,25;20;100,0;SFA;64;Uncommon;Supporter;https://limitlesstcg.nyc3.cdn.digitaloceanspaces.com/tpci/SFA/SFA_064_R_EN_LG.png;No;Meta Live
Crustle;Pokémon Center Lady;MEG 123;19;2;18;1,06;0,95;20;90,0;MEG;123;Common;Supporter;https://limitlesstcg.nyc3.cdn.digitaloceanspaces.com/tpci/MEG/MEG_123_R_EN_LG.png;No;Meta Live
Crustle;Jumbo Ice Cream;PFL 91;80;4;20;4,0;4,0;20;100,0;PFL;91;Uncommon;Item;https://limitlesstcg.nyc3.cdn.digitaloceanspaces.com/tpci/PFL/PFL_091_R_EN_LG.png;No;Meta Live
Crustle;Pokégear 3.0;SVI 186;57;3;20;2,85;2,85;20;100,0;SVI;186;Common;Item;https://limitlesstcg.nyc3.cdn.digitaloceanspaces.com/tpci/SVI/SVI_186_R_EN_LG.png;No;Meta Live
Crustle;Buddy-Buddy Poffin;TEF 144;37;2;20;1,85;1,85;20;100,0;TEF;144;Uncommon;Item;https://limitlesstcg.nyc3.cdn.digitaloceanspaces.com/tpci/TEF/TEF_144_R_EN_LG.png;No;Meta Live
Crustle;Special Red Card;CRI 82;14;1;14;1,0;0,7;20;70,0;CRI;82;Uncommon;Item;https://limitlesstcg.nyc3.cdn.digitaloceanspaces.com/tpci/CRI/CRI_082_R_EN_LG.png;No;Meta Live
Crustle;Switch;MEG 130;20;1;20;1,0;1,0;20;100,0;MEG;130;Common;Item;https://limitlesstcg.nyc3.cdn.digitaloceanspaces.com/tpci/MEG/MEG_130_R_EN_LG.png;No;Meta Live
Crustle;Tool Scrapper;ASC 212;3;1;3;1,0;0,15;20;15,0;ASC;212;Common;Item;https://limitlesstcg.nyc3.cdn.digitaloceanspaces.com/tpci/ASC/ASC_212_R_EN_LG.png;No;Meta Live
Crustle;Ultra Ball;MEG 131;20;1;20;1,0;1,0;20;100,0;MEG;131;Common;Item;https://limitlesstcg.nyc3.cdn.digitaloceanspaces.com/tpci/MEG/MEG_131_R_EN_LG.png;No;Meta Live
Crustle;Handheld Fan;TWM 150;19;2;18;1,06;0,95;20;90,0;TWM;150;Uncommon;Tool;https://limitlesstcg.nyc3.cdn.digitaloceanspaces.com/tpci/TWM/TWM_150_R_EN_LG.png;No;Meta Live
Crustle;Hero's Cape;TEF 152;20;1;20;1,0;1,0;20;100,0;TEF;152;Ultra Rare;Tool;https://limitlesstcg.nyc3.cdn.digitaloceanspaces.com/tpci/TEF/TEF_152_R_EN_LG.png;Yes;Meta Live
Crustle;Lumiose City;POR 77;19;1;19;1,0;0,95;20;95,0;POR;77;Uncommon;Stadium;https://limitlesstcg.nyc3.cdn.digitaloceanspaces.com/tpci/POR/POR_077_R_EN_LG.png;No;Meta Live
Crustle;Festival Grounds;TWM 149;15;2;14;1,07;0,75;20;70,0;TWM;149;Uncommon;Stadium;https://limitlesstcg.nyc3.cdn.digitaloceanspaces.com/tpci/TWM/TWM_149_R_EN_LG.png;No;Meta Live
Crustle;Team Rocket's Factory;DRI 173;17;1;17;1,0;0,85;20;85,0;DRI;173;Uncommon;Stadium;https://limitlesstcg.nyc3.cdn.digitaloceanspaces.com/tpci/DRI/DRI_173_R_EN_LG.png;No;Meta Live
Crustle;Growing Grass Energy;POR 86;80;4;20;4,0;4,0;20;100,0;POR;86;Rare;Special Energy;https://limitlesstcg.nyc3.cdn.digitaloceanspaces.com/tpci/POR/POR_086_R_EN_LG.png;No;Meta Live
Crustle;Mist Energy;TEF 161;80;4;20;4,0;4,0;20;100,0;TEF;161;Uncommon;Special Energy;https://limitlesstcg.nyc3.cdn.digitaloceanspaces.com/tpci/TEF/TEF_161_R_EN_LG.png;No;Meta Live
Crustle;Spiky Energy;JTG 159;78;4;20;3,9;3,9;20;100,0;JTG;159;Uncommon;Special Energy;https://limitlesstcg.nyc3.cdn.digitaloceanspaces.com/tpci/JTG/JTG_159_R_EN_LG.png;No;Meta Live
Crustle;Grass Energy;MEE 1;17;1;17;1,0;0,85;20;85,0;MEE;1;;Basic Energy;https://limitlesstcg.nyc3.cdn.digitaloceanspaces.com/tpci/MEE/MEE_001_R_EN_LG.png;No;Meta Live
Crustle;Enhanced Hammer;TWM 148;7;1;7;1,0;0,35;20;35,0;TWM;148;Uncommon;Item;https://limitlesstcg.nyc3.cdn.digitaloceanspaces.com/tpci/TWM/TWM_148_R_EN_LG.png;No;Meta Live
Crustle;Prism Tower;CRI 80;5;1;5;1,0;0,25;20;25,0;CRI;80;Uncommon;Stadium;https://limitlesstcg.nyc3.cdn.digitaloceanspaces.com/tpci/CRI/CRI_080_R_EN_LG.png;No;Meta Live
Crustle;Feebas;SSP 41;4;2;2;2,0;0,2;20;10,0;SSP;41;Common;Basic;https://limitlesstcg.nyc3.cdn.digitaloceanspaces.com/tpci/SSP/SSP_041_R_EN_LG.png;No;Meta Live
Crustle;Milotic ex;SSP 42;2;1;2;1,0;0,1;20;10,0;SSP;42;Double Rare;Stage 1;https://limitlesstcg.nyc3.cdn.digitaloceanspaces.com/tpci/SSP/SSP_042_R_EN_LG.png;No;Meta Live
Crustle;Bubbly Water Energy;CRI 84;4;2;2;2,0;0,2;20;10,0;CRI;84;Rare;Special Energy;https://limitlesstcg.nyc3.cdn.digitaloceanspaces.com/tpci/CRI/CRI_084_R_EN_LG.png;No;Meta Live
Crustle;Bouffalant;SCR 119;4;2;2;2,0;0,2;20;10,0;SCR;119;Rare;Basic;https://limitlesstcg.nyc3.cdn.digitaloceanspaces.com/tpci/SCR/SCR_119_R_EN_LG.png;No;Meta Live
Crustle;Bianca's Devotion;TEF 142;5;1;5;1,0;0,25;20;25,0;TEF;142;Uncommon;Supporter;https://limitlesstcg.nyc3.cdn.digitaloceanspaces.com/tpci/TEF/TEF_142_R_EN_LG.png;No;Meta Live
Crustle;Poké Pad;POR 81;2;1;2;1,0;0,1;20;10,0;POR;81;Uncommon;Item;https://limitlesstcg.nyc3.cdn.digitaloceanspaces.com/tpci/POR/POR_081_R_EN_LG.png;No;Meta Live
Crustle;Night Stretcher;ASC 196;2;1;2;1,0;0,1;20;10,0;ASC;196;Common;Item;https://limitlesstcg.nyc3.cdn.digitaloceanspaces.com/tpci/ASC/ASC_196_R_EN_LG.png;No;Meta Live
Crustle;Sacred Charm;PFL 93;2;1;2;1,0;0,1;20;10,0;PFL;93;Uncommon;Tool;https://limitlesstcg.nyc3.cdn.digitaloceanspaces.com/tpci/PFL/PFL_093_R_EN_LG.png;No;Meta Live
Crustle;Energy Swatter;POR 73;1;1;1;1,0;0,05;20;5,0;POR;73;Uncommon;Item;https://limitlesstcg.nyc3.cdn.digitaloceanspaces.com/tpci/POR/POR_073_R_EN_LG.png;No;Meta Live
Crustle;Air Balloon;ASC 181;2;1;2;1,0;0,1;20;10,0;ASC;181;Uncommon;Tool;https://limitlesstcg.nyc3.cdn.digitaloceanspaces.com/tpci/ASC/ASC_181_R_EN_LG.png;No;Meta Live
Crustle;Super Potion;JTG 158;3;2;2;1,5;0,15;20;10,0;JTG;158;Uncommon;Item;https://limitlesstcg.nyc3.cdn.digitaloceanspaces.com/tpci/JTG/JTG_158_R_EN_LG.png;No;Meta Live
Crustle;Community Center;TWM 146;1;1;1;1,0;0,05;20;5,0;TWM;146;Uncommon;Stadium;https://limitlesstcg.nyc3.cdn.digitaloceanspaces.com/tpci/TWM/TWM_146_R_EN_LG.png;No;Meta Live
Dragapult Blaziken;Dreepy;TWM 128;80;4;20;4,0;4,0;20;100,0;TWM;128;Common;Basic;https://limitlesstcg.nyc3.cdn.digitaloceanspaces.com/tpci/TWM/TWM_128_R_EN_LG.png;No;Meta Live
Dragapult Blaziken;Drakloak;TWM 129;80;4;20;4,0;4,0;20;100,0;TWM;129;Common;Stage 1;https://limitlesstcg.nyc3.cdn.digitaloceanspaces.com/tpci/TWM/TWM_129_R_EN_LG.png;No;Meta Live
Dragapult Blaziken;Dragapult ex;TWM 130;41;3;20;2,05;2,05;20;100,0;TWM;130;Double Rare;Stage 2;https://limitlesstcg.nyc3.cdn.digitaloceanspaces.com/tpci/TWM/TWM_130_R_EN_LG.png;No;Meta Live
Dragapult Blaziken;Torchic;DRI 40;40;2;20;2,0;2,0;20;100,0;DRI;40;Common;Basic;https://limitlesstcg.nyc3.cdn.digitaloceanspaces.com/tpci/DRI/DRI_040_R_EN_LG.png;No;Meta Live
Dragapult Blaziken;Combusken;DRI 41;21;2;20;1,05;1,05;20;100,0;DRI;41;Common;Stage 1;https://limitlesstcg.nyc3.cdn.digitaloceanspaces.com/tpci/DRI/DRI_041_R_EN_LG.png;No;Meta Live
Dragapult Blaziken;Blaziken ex;JTG 24;40;2;20;2,0;2,0;20;100,0;JTG;24;Double Rare;Stage 2;https://limitlesstcg.nyc3.cdn.digitaloceanspaces.com/tpci/JTG/JTG_024_R_EN_LG.png;No;Meta Live
Dragapult Blaziken;Munkidori;TWM 95;38;2;20;1,9;1,9;20;100,0;TWM;95;Rare;Basic;https://limitlesstcg.nyc3.cdn.digitaloceanspaces.com/tpci/TWM/TWM_095_R_EN_LG.png;No;Meta Live
Dragapult Blaziken;Meowth ex;POR 62;21;2;20;1,05;1,05;20;100,0;POR;62;Double Rare;Basic;https://limitlesstcg.nyc3.cdn.digitaloceanspaces.com/tpci/POR/POR_062_R_EN_LG.png;No;Meta Live
Dragapult Blaziken;Fezandipiti ex;ASC 142;20;1;20;1,0;1,0;20;100,0;ASC;142;Double Rare;Basic;https://limitlesstcg.nyc3.cdn.digitaloceanspaces.com/tpci/ASC/ASC_142_R_EN_LG.png;No;Meta Live
Dragapult Blaziken;Shaymin;DRI 10;9;1;9;1,0;0,45;20;45,0;DRI;10;Uncommon;Basic;https://limitlesstcg.nyc3.cdn.digitaloceanspaces.com/tpci/DRI/DRI_010_R_EN_LG.png;No;Meta Live
Dragapult Blaziken;Chi-Yu;TWM 39;11;1;11;1,0;0,55;20;55,0;TWM;39;Uncommon;Basic;https://limitlesstcg.nyc3.cdn.digitaloceanspaces.com/tpci/TWM/TWM_039_R_EN_LG.png;No;Meta Live
Dragapult Blaziken;Budew;ASC 16;24;2;20;1,2;1,2;20;100,0;ASC;16;Common;Basic;https://limitlesstcg.nyc3.cdn.digitaloceanspaces.com/tpci/ASC/ASC_016_R_EN_LG.png;No;Meta Live
Dragapult Blaziken;Lillie's Determination;MEG 119;79;4;20;3,95;3,95;20;100,0;MEG;119;Uncommon;Supporter;https://limitlesstcg.nyc3.cdn.digitaloceanspaces.com/tpci/MEG/MEG_119_R_EN_LG.png;No;Meta Live
Dragapult Blaziken;Boss's Orders;MEG 114;59;3;20;2,95;2,95;20;100,0;MEG;114;Uncommon;Supporter;https://limitlesstcg.nyc3.cdn.digitaloceanspaces.com/tpci/MEG/MEG_114_R_EN_LG.png;No;Meta Live
Dragapult Blaziken;Crispin;SCR 133;36;2;20;1,8;1,8;20;100,0;SCR;133;Uncommon;Supporter;https://limitlesstcg.nyc3.cdn.digitaloceanspaces.com/tpci/SCR/SCR_133_R_EN_LG.png;No;Meta Live
Dragapult Blaziken;Dawn;PFL 87;19;1;19;1,0;0,95;20;95,0;PFL;87;Uncommon;Supporter;https://limitlesstcg.nyc3.cdn.digitaloceanspaces.com/tpci/PFL/PFL_087_R_EN_LG.png;No;Meta Live
Dragapult Blaziken;Judge;POR 76;12;2;11;1,09;0,6;20;55,0;POR;76;Uncommon;Supporter;https://limitlesstcg.nyc3.cdn.digitaloceanspaces.com/tpci/POR/POR_076_R_EN_LG.png;No;Meta Live
Dragapult Blaziken;Ultra Ball;MEG 131;72;4;20;3,6;3,6;20;100,0;MEG;131;Common;Item;https://limitlesstcg.nyc3.cdn.digitaloceanspaces.com/tpci/MEG/MEG_131_R_EN_LG.png;No;Meta Live
Dragapult Blaziken;Buddy-Buddy Poffin;TEF 144;79;4;20;3,95;3,95;20;100,0;TEF;144;Uncommon;Item;https://limitlesstcg.nyc3.cdn.digitaloceanspaces.com/tpci/TEF/TEF_144_R_EN_LG.png;No;Meta Live
Dragapult Blaziken;Rare Candy;MEG 125;49;3;20;2,45;2,45;20;100,0;MEG;125;Common;Item;https://limitlesstcg.nyc3.cdn.digitaloceanspaces.com/tpci/MEG/MEG_125_R_EN_LG.png;No;Meta Live
Dragapult Blaziken;Poké Pad;POR 81;71;4;20;3,55;3,55;20;100,0;POR;81;Uncommon;Item;https://limitlesstcg.nyc3.cdn.digitaloceanspaces.com/tpci/POR/POR_081_R_EN_LG.png;No;Meta Live
Dragapult Blaziken;Night Stretcher;ASC 196;39;2;20;1,95;1,95;20;100,0;ASC;196;Common;Item;https://limitlesstcg.nyc3.cdn.digitaloceanspaces.com/tpci/ASC/ASC_196_R_EN_LG.png;No;Meta Live
Dragapult Blaziken;Unfair Stamp;TWM 165;19;1;19;1,0;0,95;20;95,0;TWM;165;Ultra Rare;Item;https://limitlesstcg.nyc3.cdn.digitaloceanspaces.com/tpci/TWM/TWM_165_R_EN_LG.png;Yes;Meta Live
Dragapult Blaziken;Risky Ruins;MEG 127;9;2;7;1,29;0,45;20;35,0;MEG;127;Uncommon;Stadium;https://limitlesstcg.nyc3.cdn.digitaloceanspaces.com/tpci/MEG/MEG_127_R_EN_LG.png;No;Meta Live
Dragapult Blaziken;Team Rocket's Watchtower;DRI 180;19;2;17;1,12;0,95;20;85,0;DRI;180;Uncommon;Stadium;https://limitlesstcg.nyc3.cdn.digitaloceanspaces.com/tpci/DRI/DRI_180_R_EN_LG.png;No;Meta Live
Dragapult Blaziken;Psychic Energy;MEE 13;61;4;20;3,05;3,05;20;100,0;MEE;13;;Basic Energy;;No;Meta Live
Dragapult Blaziken;Fire Energy;MEE 10;61;4;20;3,05;3,05;20;100,0;MEE;10;;Basic Energy;;No;Meta Live
Dragapult Blaziken;Darkness Energy;MEE 15;41;3;20;2,05;2,05;20;100,0;MEE;15;;Basic Energy;;No;Meta Live
Dragapult Blaziken;Lillie's Clefairy ex;JTG 56;5;1;5;1,0;0,25;20;25,0;JTG;56;Double Rare;Basic;https://limitlesstcg.nyc3.cdn.digitaloceanspaces.com/tpci/JTG/JTG_056_R_EN_LG.png;No;Meta Live
Dragapult Blaziken;Area Zero Underdepths;SCR 131;8;2;7;1,14;0,4;20;35,0;SCR;131;Uncommon;Stadium;https://limitlesstcg.nyc3.cdn.digitaloceanspaces.com/tpci/SCR/SCR_131_R_EN_LG.png;No;Meta Live
Dragapult Blaziken;Special Red Card;CRI 82;13;1;13;1,0;0,65;20;65,0;CRI;82;Uncommon;Item;https://limitlesstcg.nyc3.cdn.digitaloceanspaces.com/tpci/CRI/CRI_082_R_EN_LG.png;No;Meta Live
Dragapult Blaziken;Jamming Tower;TWM 153;5;1;5;1,0;0,25;20;25,0;TWM;153;Uncommon;Stadium;https://limitlesstcg.nyc3.cdn.digitaloceanspaces.com/tpci/TWM/TWM_153_R_EN_LG.png;No;Meta Live
Dragapult Blaziken;Psyduck;ASC 39;2;1;2;1,0;0,1;20;10,0;ASC;39;Common;Basic;https://limitlesstcg.nyc3.cdn.digitaloceanspaces.com/tpci/ASC/ASC_039_R_EN_LG.png;No;Meta Live
Dragapult Blaziken;Blaziken;DRI 42;2;1;2;1,0;0,1;20;10,0;DRI;42;Rare;Stage 2;https://limitlesstcg.nyc3.cdn.digitaloceanspaces.com/tpci/DRI/DRI_042_R_EN_LG.png;No;Meta Live
Dragapult Blaziken;Mew ex;30C 66;2;1;2;1,0;0,1;20;10,0;30C;66;Double Rare;Basic;https://limitlesstcg.nyc3.cdn.digitaloceanspaces.com/tpci/30C/30C_066_R_EN_LG.png;No;Meta Live
Dragapult Blaziken;Pecharunt;SVP 149;1;1;1;1,0;0,05;20;5,0;SVP;149;Promo;Basic;https://limitlesstcg.nyc3.cdn.digitaloceanspaces.com/tpci/SVP/SVP_149_R_EN_LG.png;No;Meta Live
Dragapult Blaziken;Tatsugiri;TWM 131;1;1;1;1,0;0,05;20;5,0;TWM;131;Uncommon;Basic;https://limitlesstcg.nyc3.cdn.digitaloceanspaces.com/tpci/TWM/TWM_131_R_EN_LG.png;No;Meta Live
Dragapult Blaziken;Rosa's Encouragement;POR 84;3;1;3;1,0;0,15;20;15,0;POR;84;Uncommon;Supporter;https://limitlesstcg.nyc3.cdn.digitaloceanspaces.com/tpci/POR/POR_084_R_EN_LG.png;No;Meta Live
Dragapult Blaziken;Chien-Pao;SSP 56;1;1;1;1,0;0,05;20;5,0;SSP;56;Rare;Basic;https://limitlesstcg.nyc3.cdn.digitaloceanspaces.com/tpci/SSP/SSP_056_R_EN_LG.png;No;Meta Live
Dragapult Blaziken;Moltres;PFL 14;1;1;1;1,0;0,05;20;5,0;PFL;14;Rare;Basic;https://limitlesstcg.nyc3.cdn.digitaloceanspaces.com/tpci/PFL/PFL_014_R_EN_LG.png;No;Meta Live
Dragapult Blaziken;Tool Scrapper;ASC 212;1;1;1;1,0;0,05;20;5,0;ASC;212;Common;Item;https://limitlesstcg.nyc3.cdn.digitaloceanspaces.com/tpci/ASC/ASC_212_R_EN_LG.png;No;Meta Live
Dragapult Blaziken;Xerosic's Machinations;SFA 64;2;2;1;2,0;0,1;20;5,0;SFA;64;Uncommon;Supporter;https://limitlesstcg.nyc3.cdn.digitaloceanspaces.com/tpci/SFA/SFA_064_R_EN_LG.png;No;Meta Live
Dragapult Blaziken;Team Rocket's Petrel;DRI 176;2;2;1;2,0;0,1;20;5,0;DRI;176;Uncommon;Supporter;https://limitlesstcg.nyc3.cdn.digitaloceanspaces.com/tpci/DRI/DRI_176_R_EN_LG.png;No;Meta Live
Dragapult Blaziken;Sparkling Crystal;SCR 142;1;1;1;1,0;0,05;20;5,0;SCR;142;Ultra Rare;Tool;https://limitlesstcg.nyc3.cdn.digitaloceanspaces.com/tpci/SCR/SCR_142_R_EN_LG.png;Yes;Meta Live
Ogerpon Meganium Hydrapple;Teal Mask Ogerpon ex;TWM 25;80;4;20;4,0;4,0;20;100,0;TWM;25;Double Rare;Basic;https://limitlesstcg.nyc3.cdn.digitaloceanspaces.com/tpci/TWM/TWM_025_R_EN_LG.png;No;Meta Live
Ogerpon Meganium Hydrapple;Chikorita;ASC 8;40;2;20;2,0;2,0;20;100,0;ASC;8;Common;Basic;https://limitlesstcg.nyc3.cdn.digitaloceanspaces.com/tpci/ASC/ASC_008_R_EN_LG.png;No;Meta Live
Ogerpon Meganium Hydrapple;Bayleef;MEG 9;40;2;20;2,0;2,0;20;100,0;MEG;9;Common;Stage 1;https://limitlesstcg.nyc3.cdn.digitaloceanspaces.com/tpci/MEG/MEG_009_R_EN_LG.png;No;Meta Live
Ogerpon Meganium Hydrapple;Meganium;MEG 10;40;2;20;2,0;2,0;20;100,0;MEG;10;Rare;Stage 2;https://limitlesstcg.nyc3.cdn.digitaloceanspaces.com/tpci/MEG/MEG_010_R_EN_LG.png;No;Meta Live
Ogerpon Meganium Hydrapple;Applin;TWM 17;40;2;20;2,0;2,0;20;100,0;TWM;17;Common;Basic;https://limitlesstcg.nyc3.cdn.digitaloceanspaces.com/tpci/TWM/TWM_017_R_EN_LG.png;No;Meta Live
Ogerpon Meganium Hydrapple;Dipplin;TWM 18;40;2;20;2,0;2,0;20;100,0;TWM;18;Uncommon;Stage 1;https://limitlesstcg.nyc3.cdn.digitaloceanspaces.com/tpci/TWM/TWM_018_R_EN_LG.png;No;Meta Live
Ogerpon Meganium Hydrapple;Hydrapple ex;SCR 14;40;2;20;2,0;2,0;20;100,0;SCR;14;Double Rare;Stage 2;https://limitlesstcg.nyc3.cdn.digitaloceanspaces.com/tpci/SCR/SCR_014_R_EN_LG.png;No;Meta Live
Ogerpon Meganium Hydrapple;Meowth ex;POR 62;35;2;20;1,75;1,75;20;100,0;POR;62;Double Rare;Basic;https://limitlesstcg.nyc3.cdn.digitaloceanspaces.com/tpci/POR/POR_062_R_EN_LG.png;No;Meta Live
Ogerpon Meganium Hydrapple;Celebi;MEG 12;23;2;19;1,21;1,15;20;95,0;MEG;12;Uncommon;Basic;https://limitlesstcg.nyc3.cdn.digitaloceanspaces.com/tpci/MEG/MEG_012_R_EN_LG.png;No;Meta Live
Ogerpon Meganium Hydrapple;Fezandipiti ex;ASC 142;20;1;20;1,0;1,0;20;100,0;ASC;142;Double Rare;Basic;https://limitlesstcg.nyc3.cdn.digitaloceanspaces.com/tpci/ASC/ASC_142_R_EN_LG.png;No;Meta Live
Ogerpon Meganium Hydrapple;Lillie's Determination;MEG 119;80;4;20;4,0;4,0;20;100,0;MEG;119;Uncommon;Supporter;https://limitlesstcg.nyc3.cdn.digitaloceanspaces.com/tpci/MEG/MEG_119_R_EN_LG.png;No;Meta Live
Ogerpon Meganium Hydrapple;Boss's Orders;MEG 114;41;3;20;2,05;2,05;20;100,0;MEG;114;Uncommon;Supporter;https://limitlesstcg.nyc3.cdn.digitaloceanspaces.com/tpci/MEG/MEG_114_R_EN_LG.png;No;Meta Live
Ogerpon Meganium Hydrapple;Dawn;PFL 87;12;2;10;1,2;0,6;20;50,0;PFL;87;Uncommon;Supporter;https://limitlesstcg.nyc3.cdn.digitaloceanspaces.com/tpci/PFL/PFL_087_R_EN_LG.png;No;Meta Live
Ogerpon Meganium Hydrapple;Lana's Aid;TWM 155;20;1;20;1,0;1,0;20;100,0;TWM;155;Uncommon;Supporter;https://limitlesstcg.nyc3.cdn.digitaloceanspaces.com/tpci/TWM/TWM_155_R_EN_LG.png;No;Meta Live
Ogerpon Meganium Hydrapple;Judge;POR 76;14;1;14;1,0;0,7;20;70,0;POR;76;Uncommon;Supporter;https://limitlesstcg.nyc3.cdn.digitaloceanspaces.com/tpci/POR/POR_076_R_EN_LG.png;No;Meta Live
Ogerpon Meganium Hydrapple;Briar;SCR 132;15;1;15;1,0;0,75;20;75,0;SCR;132;Uncommon;Supporter;https://limitlesstcg.nyc3.cdn.digitaloceanspaces.com/tpci/SCR/SCR_132_R_EN_LG.png;No;Meta Live
Ogerpon Meganium Hydrapple;Bug Catching Set;TWM 143;80;4;20;4,0;4,0;20;100,0;TWM;143;Uncommon;Item;https://limitlesstcg.nyc3.cdn.digitaloceanspaces.com/tpci/TWM/TWM_143_R_EN_LG.png;No;Meta Live
Ogerpon Meganium Hydrapple;Ultra Ball;MEG 131;71;4;20;3,55;3,55;20;100,0;MEG;131;Common;Item;https://limitlesstcg.nyc3.cdn.digitaloceanspaces.com/tpci/MEG/MEG_131_R_EN_LG.png;No;Meta Live
Ogerpon Meganium Hydrapple;Night Stretcher;ASC 196;34;2;19;1,79;1,7;20;95,0;ASC;196;Common;Item;https://limitlesstcg.nyc3.cdn.digitaloceanspaces.com/tpci/ASC/ASC_196_R_EN_LG.png;No;Meta Live
Ogerpon Meganium Hydrapple;Poké Pad;POR 81;25;4;18;1,39;1,25;20;90,0;POR;81;Uncommon;Item;https://limitlesstcg.nyc3.cdn.digitaloceanspaces.com/tpci/POR/POR_081_R_EN_LG.png;No;Meta Live
Ogerpon Meganium Hydrapple;Special Red Card;CRI 82;8;1;8;1,0;0,4;20;40,0;CRI;82;Uncommon;Item;https://limitlesstcg.nyc3.cdn.digitaloceanspaces.com/tpci/CRI/CRI_082_R_EN_LG.png;No;Meta Live
Ogerpon Meganium Hydrapple;Scoop Up Cyclone;TWM 162;1;1;1;1,0;0,05;20;5,0;TWM;162;Ultra Rare;Item;https://limitlesstcg.nyc3.cdn.digitaloceanspaces.com/tpci/TWM/TWM_162_R_EN_LG.png;Yes;Meta Live
Ogerpon Meganium Hydrapple;Tera Orb;SSP 189;1;1;1;1,0;0,05;20;5,0;SSP;189;Uncommon;Item;https://limitlesstcg.nyc3.cdn.digitaloceanspaces.com/tpci/SSP/SSP_189_R_EN_LG.png;No;Meta Live
Ogerpon Meganium Hydrapple;Forest of Vitality;MEG 117;72;4;20;3,6;3,6;20;100,0;MEG;117;Uncommon;Stadium;https://limitlesstcg.nyc3.cdn.digitaloceanspaces.com/tpci/MEG/MEG_117_R_EN_LG.png;No;Meta Live
Ogerpon Meganium Hydrapple;Grass Energy;MEE 9;262;14;20;13,1;13,1;20;100,0;MEE;9;;Basic Energy;;No;Meta Live
Ogerpon Meganium Hydrapple;Tapu Bulu;SFA 6;18;1;18;1,0;0,9;20;90,0;SFA;6;Rare;Basic;https://limitlesstcg.nyc3.cdn.digitaloceanspaces.com/tpci/SFA/SFA_006_R_EN_LG.png;No;Meta Live
Ogerpon Meganium Hydrapple;Xerosic's Machinations;SFA 64;2;1;2;1,0;0,1;20;10,0;SFA;64;Uncommon;Supporter;https://limitlesstcg.nyc3.cdn.digitaloceanspaces.com/tpci/SFA/SFA_064_R_EN_LG.png;No;Meta Live
Ogerpon Meganium Hydrapple;Energy Retrieval;SVI 171;3;1;3;1,0;0,15;20;15,0;SVI;171;Common;Item;https://limitlesstcg.nyc3.cdn.digitaloceanspaces.com/tpci/SVI/SVI_171_R_EN_LG.png;No;Meta Live
Ogerpon Meganium Hydrapple;Hero's Cape;TEF 152;1;1;1;1,0;0,05;20;5,0;TEF;152;Ultra Rare;Tool;https://limitlesstcg.nyc3.cdn.digitaloceanspaces.com/tpci/TEF/TEF_152_R_EN_LG.png;Yes;Meta Live
Ogerpon Meganium Hydrapple;Ciphermaniac's Codebreaking;TEF 145;11;1;11;1,0;0,55;20;55,0;TEF;145;Uncommon;Supporter;https://limitlesstcg.nyc3.cdn.digitaloceanspaces.com/tpci/TEF/TEF_145_R_EN_LG.png;No;Meta Live
Ogerpon Meganium Hydrapple;Unfair Stamp;TWM 165;15;1;15;1,0;0,75;20;75,0;TWM;165;Ultra Rare;Item;https://limitlesstcg.nyc3.cdn.digitaloceanspaces.com/tpci/TWM/TWM_165_R_EN_LG.png;Yes;Meta Live
Ogerpon Meganium Hydrapple;Team Rocket's Petrel;DRI 176;3;1;3;1,0;0,15;20;15,0;DRI;176;Uncommon;Supporter;https://limitlesstcg.nyc3.cdn.digitaloceanspaces.com/tpci/DRI/DRI_176_R_EN_LG.png;No;Meta Live
Ogerpon Meganium Hydrapple;Festival Grounds;TWM 149;1;1;1;1,0;0,05;20;5,0;TWM;149;Uncommon;Stadium;https://limitlesstcg.nyc3.cdn.digitaloceanspaces.com/tpci/TWM/TWM_149_R_EN_LG.png;No;Meta Live
Ogerpon Meganium Hydrapple;Hoothoot;SCR 114;2;1;2;1,0;0,1;20;10,0;SCR;114;Common;Basic;https://limitlesstcg.nyc3.cdn.digitaloceanspaces.com/tpci/SCR/SCR_114_R_EN_LG.png;No;Meta Live
Ogerpon Meganium Hydrapple;Noctowl;SCR 115;2;1;2;1,0;0,1;20;10,0;SCR;115;Rare;Stage 1;https://limitlesstcg.nyc3.cdn.digitaloceanspaces.com/tpci/SCR/SCR_115_R_EN_LG.png;No;Meta Live
Ogerpon Meganium Hydrapple;Secret Box;TWM 163;1;1;1;1,0;0,05;20;5,0;TWM;163;Ultra Rare;Item;https://limitlesstcg.nyc3.cdn.digitaloceanspaces.com/tpci/TWM/TWM_163_R_EN_LG.png;Yes;Meta Live
Ogerpon Meganium Hydrapple;Shaymin;DRI 10;1;1;1;1,0;0,05;20;5,0;DRI;10;Uncommon;Basic;https://limitlesstcg.nyc3.cdn.digitaloceanspaces.com/tpci/DRI/DRI_010_R_EN_LG.png;No;Meta Live
Ogerpon Meganium Hydrapple;Psyduck;ASC 39;1;1;1;1,0;0,05;20;5,0;ASC;39;Common;Basic;https://limitlesstcg.nyc3.cdn.digitaloceanspaces.com/tpci/ASC/ASC_039_R_EN_LG.png;No;Meta Live
Ogerpon Meganium Hydrapple;Tool Scrapper;ASC 212;1;1;1;1,0;0,05;20;5,0;ASC;212;Common;Item;https://limitlesstcg.nyc3.cdn.digitaloceanspaces.com/tpci/ASC/ASC_212_R_EN_LG.png;No;Meta Live
Ogerpon Meganium Hydrapple;Iron Leaves ex;TEF 25;1;1;1;1,0;0,05;20;5,0;TEF;25;Double Rare;Basic;https://limitlesstcg.nyc3.cdn.digitaloceanspaces.com/tpci/TEF/TEF_025_R_EN_LG.png;No;Meta Live
Ogerpon Meganium Hydrapple;Max Rod;PRE 116;2;1;2;1,0;0,1;20;10,0;PRE;116;Ultra Rare;Item;https://limitlesstcg.nyc3.cdn.digitaloceanspaces.com/tpci/PRE/PRE_116_R_EN_LG.png;Yes;Meta Live
Ogerpon Meganium Hydrapple;Area Zero Underdepths;SCR 131;1;1;1;1,0;0,05;20;5,0;SCR;131;Uncommon;Stadium;https://limitlesstcg.nyc3.cdn.digitaloceanspaces.com/tpci/SCR/SCR_131_R_EN_LG.png;No;Meta Live
Lucario Hariyama;Riolu;MEG 76;61;4;20;3,05;3,05;20;100,0;MEG;76;Common;Basic;https://limitlesstcg.nyc3.cdn.digitaloceanspaces.com/tpci/MEG/MEG_076_R_EN_LG.png;No;Meta Live
Lucario Hariyama;Mega Lucario ex;MEG 77;59;3;20;2,95;2,95;20;100,0;MEG;77;Double Rare;Stage 1;https://limitlesstcg.nyc3.cdn.digitaloceanspaces.com/tpci/MEG/MEG_077_R_EN_LG.png;No;Meta Live
Lucario Hariyama;Solrock;MEG 75;55;3;20;2,75;2,75;20;100,0;MEG;75;Uncommon;Basic;https://limitlesstcg.nyc3.cdn.digitaloceanspaces.com/tpci/MEG/MEG_075_R_EN_LG.png;No;Meta Live
Lucario Hariyama;Makuhita;MEG 72;40;2;20;2,0;2,0;20;100,0;MEG;72;Common;Basic;https://limitlesstcg.nyc3.cdn.digitaloceanspaces.com/tpci/MEG/MEG_072_R_EN_LG.png;No;Meta Live
Lucario Hariyama;Hariyama;MEG 73;40;2;20;2,0;2,0;20;100,0;MEG;73;Rare;Stage 1;https://limitlesstcg.nyc3.cdn.digitaloceanspaces.com/tpci/MEG/MEG_073_R_EN_LG.png;No;Meta Live
Lucario Hariyama;Lunatone;MEG 74;40;2;20;2,0;2,0;20;100,0;MEG;74;Rare;Basic;https://limitlesstcg.nyc3.cdn.digitaloceanspaces.com/tpci/MEG/MEG_074_R_EN_LG.png;No;Meta Live
Lucario Hariyama;Meowth ex;POR 62;20;1;20;1,0;1,0;20;100,0;POR;62;Double Rare;Basic;https://limitlesstcg.nyc3.cdn.digitaloceanspaces.com/tpci/POR/POR_062_R_EN_LG.png;No;Meta Live
Lucario Hariyama;Lillie's Determination;MEG 119;80;4;20;4,0;4,0;20;100,0;MEG;119;Uncommon;Supporter;https://limitlesstcg.nyc3.cdn.digitaloceanspaces.com/tpci/MEG/MEG_119_R_EN_LG.png;No;Meta Live
Lucario Hariyama;Judge;POR 76;42;3;20;2,1;2,1;20;100,0;POR;76;Uncommon;Supporter;https://limitlesstcg.nyc3.cdn.digitaloceanspaces.com/tpci/POR/POR_076_R_EN_LG.png;No;Meta Live
Lucario Hariyama;Boss's Orders;MEG 114;41;3;20;2,05;2,05;20;100,0;MEG;114;Uncommon;Supporter;https://limitlesstcg.nyc3.cdn.digitaloceanspaces.com/tpci/MEG/MEG_114_R_EN_LG.png;No;Meta Live
Lucario Hariyama;Wally's Compassion;MEG 132;21;2;19;1,11;1,05;20;95,0;MEG;132;Uncommon;Supporter;https://limitlesstcg.nyc3.cdn.digitaloceanspaces.com/tpci/MEG/MEG_132_R_EN_LG.png;No;Meta Live
Lucario Hariyama;Team Rocket's Petrel;DRI 176;12;2;11;1,09;0,6;20;55,0;DRI;176;Uncommon;Supporter;https://limitlesstcg.nyc3.cdn.digitaloceanspaces.com/tpci/DRI/DRI_176_R_EN_LG.png;No;Meta Live
Lucario Hariyama;Ultra Ball;MEG 131;74;4;20;3,7;3,7;20;100,0;MEG;131;Common;Item;https://limitlesstcg.nyc3.cdn.digitaloceanspaces.com/tpci/MEG/MEG_131_R_EN_LG.png;No;Meta Live
Lucario Hariyama;Poké Pad;POR 81;76;4;20;3,8;3,8;20;100,0;POR;81;Uncommon;Item;https://limitlesstcg.nyc3.cdn.digitaloceanspaces.com/tpci/POR/POR_081_R_EN_LG.png;No;Meta Live
Lucario Hariyama;Premium Power Pro;MEG 124;80;4;20;4,0;4,0;20;100,0;MEG;124;Uncommon;Item;https://limitlesstcg.nyc3.cdn.digitaloceanspaces.com/tpci/MEG/MEG_124_R_EN_LG.png;No;Meta Live
Lucario Hariyama;Fighting Gong;MEG 116;80;4;20;4,0;4,0;20;100,0;MEG;116;Uncommon;Item;https://limitlesstcg.nyc3.cdn.digitaloceanspaces.com/tpci/MEG/MEG_116_R_EN_LG.png;No;Meta Live
Lucario Hariyama;Switch;MEG 130;21;2;18;1,17;1,05;20;90,0;MEG;130;Common;Item;https://limitlesstcg.nyc3.cdn.digitaloceanspaces.com/tpci/MEG/MEG_130_R_EN_LG.png;No;Meta Live
Lucario Hariyama;Unfair Stamp;TWM 165;10;1;10;1,0;0,5;20;50,0;TWM;165;Ultra Rare;Item;https://limitlesstcg.nyc3.cdn.digitaloceanspaces.com/tpci/TWM/TWM_165_R_EN_LG.png;Yes;Meta Live
Lucario Hariyama;Air Balloon;ASC 181;34;2;20;1,7;1,7;20;100,0;ASC;181;Uncommon;Tool;https://limitlesstcg.nyc3.cdn.digitaloceanspaces.com/tpci/ASC/ASC_181_R_EN_LG.png;No;Meta Live
Lucario Hariyama;Gravity Mountain;SSP 177;43;3;19;2,26;2,15;20;95,0;SSP;177;Uncommon;Stadium;https://limitlesstcg.nyc3.cdn.digitaloceanspaces.com/tpci/SSP/SSP_177_R_EN_LG.png;No;Meta Live
Lucario Hariyama;Fighting Energy;MEE 14;207;12;20;10,35;10,35;20;100,0;MEE;14;;Basic Energy;;No;Meta Live
Lucario Hariyama;Shaymin;DRI 10;4;1;4;1,0;0,2;20;20,0;DRI;10;Uncommon;Basic;https://limitlesstcg.nyc3.cdn.digitaloceanspaces.com/tpci/DRI/DRI_010_R_EN_LG.png;No;Meta Live
Lucario Hariyama;Black Belt's Training;JTG 143;3;1;3;1,0;0,15;20;15,0;JTG;143;Common;Supporter;https://limitlesstcg.nyc3.cdn.digitaloceanspaces.com/tpci/JTG/JTG_143_R_EN_LG.png;No;Meta Live
Lucario Hariyama;Secret Box;TWM 163;7;1;7;1,0;0,35;20;35,0;TWM;163;Ultra Rare;Item;https://limitlesstcg.nyc3.cdn.digitaloceanspaces.com/tpci/TWM/TWM_163_R_EN_LG.png;Yes;Meta Live
Lucario Hariyama;Accompanying Flute;TWM 142;1;1;1;1,0;0,05;20;5,0;TWM;142;Uncommon;Item;https://limitlesstcg.nyc3.cdn.digitaloceanspaces.com/tpci/TWM/TWM_142_R_EN_LG.png;No;Meta Live
Lucario Hariyama;Rocky Fighting Energy;POR 87;16;4;8;2,0;0,8;20;40,0;POR;87;Rare;Special Energy;https://limitlesstcg.nyc3.cdn.digitaloceanspaces.com/tpci/POR/POR_087_R_EN_LG.png;No;Meta Live
Lucario Hariyama;Fezandipiti ex;ASC 142;1;1;1;1,0;0,05;20;5,0;ASC;142;Double Rare;Basic;https://limitlesstcg.nyc3.cdn.digitaloceanspaces.com/tpci/ASC/ASC_142_R_EN_LG.png;No;Meta Live
Lucario Hariyama;Kieran;TWM 154;3;1;3;1,0;0,15;20;15,0;TWM;154;Uncommon;Supporter;https://limitlesstcg.nyc3.cdn.digitaloceanspaces.com/tpci/TWM/TWM_154_R_EN_LG.png;No;Meta Live
Lucario Hariyama;Special Red Card;CRI 82;4;1;4;1,0;0,2;20;20,0;CRI;82;Uncommon;Item;https://limitlesstcg.nyc3.cdn.digitaloceanspaces.com/tpci/CRI/CRI_082_R_EN_LG.png;No;Meta Live
Lucario Hariyama;Battle Cage;PFL 85;1;1;1;1,0;0,05;20;5,0;PFL;85;Uncommon;Stadium;https://limitlesstcg.nyc3.cdn.digitaloceanspaces.com/tpci/PFL/PFL_085_R_EN_LG.png;No;Meta Live
Lucario Hariyama;Mew ex;30C 66;1;1;1;1,0;0,05;20;5,0;30C;66;Double Rare;Basic;https://limitlesstcg.nyc3.cdn.digitaloceanspaces.com/tpci/30C/30C_066_R_EN_LG.png;No;Meta Live
Lucario Hariyama;Night Stretcher;ASC 196;4;2;3;1,33;0,2;20;15,0;ASC;196;Common;Item;https://limitlesstcg.nyc3.cdn.digitaloceanspaces.com/tpci/ASC/ASC_196_R_EN_LG.png;No;Meta Live
Lucario Hariyama;Lucario;30C 83;1;1;1;1,0;0,05;20;5,0;30C;83;Common;Stage 1;https://limitlesstcg.nyc3.cdn.digitaloceanspaces.com/tpci/30C/30C_083_R_EN_LG.png;No;Meta Live
Lucario Hariyama;Hilda;WHT 84;1;1;1;1,0;0,05;20;5,0;WHT;84;Uncommon;Supporter;https://limitlesstcg.nyc3.cdn.digitaloceanspaces.com/tpci/WHT/WHT_084_R_EN_LG.png;No;Meta Live
Lucario Hariyama;Team Rocket's Watchtower;DRI 180;5;2;3;1,67;0,25;20;15,0;DRI;180;Uncommon;Stadium;https://limitlesstcg.nyc3.cdn.digitaloceanspaces.com/tpci/DRI/DRI_180_R_EN_LG.png;No;Meta Live
Lucario Hariyama;Ciphermaniac's Codebreaking;TEF 145;1;1;1;1,0;0,05;20;5,0;TEF;145;Uncommon;Supporter;https://limitlesstcg.nyc3.cdn.digitaloceanspaces.com/tpci/TEF/TEF_145_R_EN_LG.png;No;Meta Live
Lucario Hariyama;Maximum Belt;TEF 154;3;1;3;1,0;0,15;20;15,0;TEF;154;Ultra Rare;Tool;https://limitlesstcg.nyc3.cdn.digitaloceanspaces.com/tpci/TEF/TEF_154_R_EN_LG.png;Yes;Meta Live
Lucario Hariyama;Tarragon;POR 85;2;1;2;1,0;0,1;20;10,0;POR;85;Uncommon;Supporter;https://limitlesstcg.nyc3.cdn.digitaloceanspaces.com/tpci/POR/POR_085_R_EN_LG.png;No;Meta Live
Lucario Hariyama;Carmine;TWM 145;4;2;3;1,33;0,2;20;15,0;TWM;145;Uncommon;Supporter;https://limitlesstcg.nyc3.cdn.digitaloceanspaces.com/tpci/TWM/TWM_145_R_EN_LG.png;No;Meta Live
Lucario Hariyama;Mega Signal;MEG 121;2;1;2;1,0;0,1;20;10,0;MEG;121;Uncommon;Item;https://limitlesstcg.nyc3.cdn.digitaloceanspaces.com/tpci/MEG/MEG_121_R_EN_LG.png;No;Meta Live
Festival Lead;Grookey;TWM 14;76;4;20;3,8;3,8;20;100,0;TWM;14;Common;Basic;https://limitlesstcg.nyc3.cdn.digitaloceanspaces.com/tpci/TWM/TWM_014_R_EN_LG.png;No;Meta Live
Festival Lead;Thwackey;TWM 15;70;4;20;3,5;3,5;20;100,0;TWM;15;Common;Stage 1;https://limitlesstcg.nyc3.cdn.digitaloceanspaces.com/tpci/TWM/TWM_015_R_EN_LG.png;No;Meta Live
Festival Lead;Applin;TWM 17;78;4;20;3,9;3,9;20;100,0;TWM;17;Common;Basic;https://limitlesstcg.nyc3.cdn.digitaloceanspaces.com/tpci/TWM/TWM_017_R_EN_LG.png;No;Meta Live
Festival Lead;Dipplin;TWM 18;67;4;20;3,35;3,35;20;100,0;TWM;18;Uncommon;Stage 1;https://limitlesstcg.nyc3.cdn.digitaloceanspaces.com/tpci/TWM/TWM_018_R_EN_LG.png;No;Meta Live
Festival Lead;Goldeen;TWM 44;28;2;20;1,4;1,4;20;100,0;TWM;44;Common;Basic;https://limitlesstcg.nyc3.cdn.digitaloceanspaces.com/tpci/TWM/TWM_044_R_EN_LG.png;No;Meta Live
Festival Lead;Seaking;PRE 21;21;2;20;1,05;1,05;20;100,0;PRE;21;Uncommon;Stage 1;https://limitlesstcg.nyc3.cdn.digitaloceanspaces.com/tpci/PRE/PRE_021_R_EN_LG.png;No;Meta Live
Festival Lead;Rellor;TEF 23;24;2;20;1,2;1,2;20;100,0;TEF;23;Common;Basic;https://limitlesstcg.nyc3.cdn.digitaloceanspaces.com/tpci/TEF/TEF_023_R_EN_LG.png;No;Meta Live
Festival Lead;Rabsca;TEF 24;20;1;20;1,0;1,0;20;100,0;TEF;24;Uncommon;Stage 1;https://limitlesstcg.nyc3.cdn.digitaloceanspaces.com/tpci/TEF/TEF_024_R_EN_LG.png;No;Meta Live
Festival Lead;Psyduck;ASC 39;4;1;4;1,0;0,2;20;20,0;ASC;39;Common;Basic;https://limitlesstcg.nyc3.cdn.digitaloceanspaces.com/tpci/ASC/ASC_039_R_EN_LG.png;No;Meta Live
Festival Lead;Shaymin;DRI 10;16;1;16;1,0;0,8;20;80,0;DRI;10;Uncommon;Basic;https://limitlesstcg.nyc3.cdn.digitaloceanspaces.com/tpci/DRI/DRI_010_R_EN_LG.png;No;Meta Live
Festival Lead;Lillie's Determination;MEG 119;79;4;20;3,95;3,95;20;100,0;MEG;119;Uncommon;Supporter;https://limitlesstcg.nyc3.cdn.digitaloceanspaces.com/tpci/MEG/MEG_119_R_EN_LG.png;No;Meta Live
Festival Lead;Gladion's Final Battle;PBL 77;38;2;20;1,9;1,9;20;100,0;PBL;77;Uncommon;Supporter;https://limitlesstcg.nyc3.cdn.digitaloceanspaces.com/tpci/PBL/PBL_077_R_EN_LG.png;No;Meta Live
Festival Lead;Boss's Orders;MEG 114;41;3;20;2,05;2,05;20;100,0;MEG;114;Uncommon;Supporter;https://limitlesstcg.nyc3.cdn.digitaloceanspaces.com/tpci/MEG/MEG_114_R_EN_LG.png;No;Meta Live
Festival Lead;Kieran;TWM 154;16;1;16;1,0;0,8;20;80,0;TWM;154;Uncommon;Supporter;https://limitlesstcg.nyc3.cdn.digitaloceanspaces.com/tpci/TWM/TWM_154_R_EN_LG.png;No;Meta Live
Festival Lead;Lana's Aid;TWM 155;4;1;4;1,0;0,2;20;20,0;TWM;155;Uncommon;Supporter;https://limitlesstcg.nyc3.cdn.digitaloceanspaces.com/tpci/TWM/TWM_155_R_EN_LG.png;No;Meta Live
Festival Lead;Poké Pad;POR 81;79;4;20;3,95;3,95;20;100,0;POR;81;Uncommon;Item;https://limitlesstcg.nyc3.cdn.digitaloceanspaces.com/tpci/POR/POR_081_R_EN_LG.png;No;Meta Live
Festival Lead;Buddy-Buddy Poffin;TEF 144;80;4;20;4,0;4,0;20;100,0;TEF;144;Uncommon;Item;https://limitlesstcg.nyc3.cdn.digitaloceanspaces.com/tpci/TEF/TEF_144_R_EN_LG.png;No;Meta Live
Festival Lead;Ultra Ball;MEG 131;44;4;20;2,2;2,2;20;100,0;MEG;131;Common;Item;https://limitlesstcg.nyc3.cdn.digitaloceanspaces.com/tpci/MEG/MEG_131_R_EN_LG.png;No;Meta Live
Festival Lead;Night Stretcher;ASC 196;26;2;20;1,3;1,3;20;100,0;ASC;196;Common;Item;https://limitlesstcg.nyc3.cdn.digitaloceanspaces.com/tpci/ASC/ASC_196_R_EN_LG.png;No;Meta Live
Festival Lead;Bug Catching Set;TWM 143;52;4;17;3,06;2,6;20;85,0;TWM;143;Uncommon;Item;https://limitlesstcg.nyc3.cdn.digitaloceanspaces.com/tpci/TWM/TWM_143_R_EN_LG.png;No;Meta Live
Festival Lead;Secret Box;TWM 163;20;1;20;1,0;1,0;20;100,0;TWM;163;Ultra Rare;Item;https://limitlesstcg.nyc3.cdn.digitaloceanspaces.com/tpci/TWM/TWM_163_R_EN_LG.png;Yes;Meta Live
Festival Lead;Switch;MEG 130;11;1;11;1,0;0,55;20;55,0;MEG;130;Common;Item;https://limitlesstcg.nyc3.cdn.digitaloceanspaces.com/tpci/MEG/MEG_130_R_EN_LG.png;No;Meta Live
Festival Lead;Tool Scrapper;ASC 212;13;1;13;1,0;0,65;20;65,0;ASC;212;Common;Item;https://limitlesstcg.nyc3.cdn.digitaloceanspaces.com/tpci/ASC/ASC_212_R_EN_LG.png;No;Meta Live
Festival Lead;Brave Bangle;WHT 80;40;2;20;2,0;2,0;20;100,0;WHT;80;Uncommon;Tool;https://limitlesstcg.nyc3.cdn.digitaloceanspaces.com/tpci/WHT/WHT_080_R_EN_LG.png;No;Meta Live
Festival Lead;Air Balloon;ASC 181;42;3;20;2,1;2,1;20;100,0;ASC;181;Uncommon;Tool;https://limitlesstcg.nyc3.cdn.digitaloceanspaces.com/tpci/ASC/ASC_181_R_EN_LG.png;No;Meta Live
Festival Lead;Festival Grounds;TWM 149;75;4;20;3,75;3,75;20;100,0;TWM;149;Uncommon;Stadium;https://limitlesstcg.nyc3.cdn.digitaloceanspaces.com/tpci/TWM/TWM_149_R_EN_LG.png;No;Meta Live
Festival Lead;Grass Energy;MEE 1;84;6;20;4,2;4,2;20;100,0;MEE;1;;Basic Energy;https://limitlesstcg.nyc3.cdn.digitaloceanspaces.com/tpci/MEE/MEE_001_R_EN_LG.png;No;Meta Live
Festival Lead;Growing Grass Energy;POR 86;18;4;14;1,29;0,9;20;70,0;POR;86;Rare;Special Energy;https://limitlesstcg.nyc3.cdn.digitaloceanspaces.com/tpci/POR/POR_086_R_EN_LG.png;No;Meta Live
Festival Lead;Black Belt's Training;JTG 143;3;1;3;1,0;0,15;20;15,0;JTG;143;Common;Supporter;https://limitlesstcg.nyc3.cdn.digitaloceanspaces.com/tpci/JTG/JTG_143_R_EN_LG.png;No;Meta Live
Festival Lead;Redeemable Ticket;JTG 156;2;1;2;1,0;0,1;20;10,0;JTG;156;Uncommon;Item;https://limitlesstcg.nyc3.cdn.digitaloceanspaces.com/tpci/JTG/JTG_156_R_EN_LG.png;No;Meta Live
Festival Lead;Sacred Ash;DRI 168;19;1;19;1,0;0,95;20;95,0;DRI;168;Uncommon;Item;https://limitlesstcg.nyc3.cdn.digitaloceanspaces.com/tpci/DRI/DRI_168_R_EN_LG.png;No;Meta Live
Festival Lead;Forest of Vitality;MEG 117;5;1;5;1,0;0,25;20;25,0;MEG;117;Uncommon;Stadium;https://limitlesstcg.nyc3.cdn.digitaloceanspaces.com/tpci/MEG/MEG_117_R_EN_LG.png;No;Meta Live
Festival Lead;Hand Trimmer;TEF 150;1;1;1;1,0;0,05;20;5,0;TEF;150;Uncommon;Item;https://limitlesstcg.nyc3.cdn.digitaloceanspaces.com/tpci/TEF/TEF_150_R_EN_LG.png;No;Meta Live
Festival Lead;Judge;POR 76;1;1;1;1,0;0,05;20;5,0;POR;76;Uncommon;Supporter;https://limitlesstcg.nyc3.cdn.digitaloceanspaces.com/tpci/POR/POR_076_R_EN_LG.png;No;Meta Live
Festival Lead;Rillaboom;TWM 16;1;1;1;1,0;0,05;20;5,0;TWM;16;Uncommon;Stage 2;https://limitlesstcg.nyc3.cdn.digitaloceanspaces.com/tpci/TWM/TWM_016_R_EN_LG.png;No;Meta Live
Festival Lead;Bloodmoon Ursaluna ex;TWM 141;1;1;1;1,0;0,05;20;5,0;TWM;141;Double Rare;Basic;https://limitlesstcg.nyc3.cdn.digitaloceanspaces.com/tpci/TWM/TWM_141_R_EN_LG.png;No;Meta Live
Festival Lead;Budew;ASC 16;1;1;1;1,0;0,05;20;5,0;ASC;16;Common;Basic;https://limitlesstcg.nyc3.cdn.digitaloceanspaces.com/tpci/ASC/ASC_016_R_EN_LG.png;No;Meta Live
Sharpedo Toxtricity;Carvanha;PFL 60;71;4;20;3,55;3,55;20;100,0;PFL;60;Common;Basic;https://limitlesstcg.nyc3.cdn.digitaloceanspaces.com/tpci/PFL/PFL_060_R_EN_LG.png;No;Meta Live
Sharpedo Toxtricity;Mega Sharpedo ex;PFL 61;62;4;20;3,1;3,1;20;100,0;PFL;61;Double Rare;Stage 1;https://limitlesstcg.nyc3.cdn.digitaloceanspaces.com/tpci/PFL/PFL_061_R_EN_LG.png;No;Meta Live
Sharpedo Toxtricity;Pecharunt ex;SFA 39;47;3;20;2,35;2,35;20;100,0;SFA;39;Double Rare;Basic;https://limitlesstcg.nyc3.cdn.digitaloceanspaces.com/tpci/SFA/SFA_039_R_EN_LG.png;No;Meta Live
Sharpedo Toxtricity;Toxel;PFL 67;41;3;20;2,05;2,05;20;100,0;PFL;67;Common;Basic;https://limitlesstcg.nyc3.cdn.digitaloceanspaces.com/tpci/PFL/PFL_067_R_EN_LG.png;No;Meta Live
Sharpedo Toxtricity;Toxtricity;PFL 68;40;2;20;2,0;2,0;20;100,0;PFL;68;Rare;Stage 1;https://limitlesstcg.nyc3.cdn.digitaloceanspaces.com/tpci/PFL/PFL_068_R_EN_LG.png;No;Meta Live
Sharpedo Toxtricity;Tatsugiri;TWM 131;35;2;20;1,75;1,75;20;100,0;TWM;131;Uncommon;Basic;https://limitlesstcg.nyc3.cdn.digitaloceanspaces.com/tpci/TWM/TWM_131_R_EN_LG.png;No;Meta Live
Sharpedo Toxtricity;Munkidori;TWM 95;40;2;20;2,0;2,0;20;100,0;TWM;95;Rare;Basic;https://limitlesstcg.nyc3.cdn.digitaloceanspaces.com/tpci/TWM/TWM_095_R_EN_LG.png;No;Meta Live
Sharpedo Toxtricity;Fezandipiti ex;ASC 142;18;1;18;1,0;0,9;20;90,0;ASC;142;Double Rare;Basic;https://limitlesstcg.nyc3.cdn.digitaloceanspaces.com/tpci/ASC/ASC_142_R_EN_LG.png;No;Meta Live
Sharpedo Toxtricity;Yveltal;MEG 88;17;2;15;1,13;0,85;20;75,0;MEG;88;Rare;Basic;https://limitlesstcg.nyc3.cdn.digitaloceanspaces.com/tpci/MEG/MEG_088_R_EN_LG.png;No;Meta Live
Sharpedo Toxtricity;Lillie's Determination;MEG 119;80;4;20;4,0;4,0;20;100,0;MEG;119;Uncommon;Supporter;https://limitlesstcg.nyc3.cdn.digitaloceanspaces.com/tpci/MEG/MEG_119_R_EN_LG.png;No;Meta Live
Sharpedo Toxtricity;Boss's Orders;MEG 114;73;4;20;3,65;3,65;20;100,0;MEG;114;Uncommon;Supporter;https://limitlesstcg.nyc3.cdn.digitaloceanspaces.com/tpci/MEG/MEG_114_R_EN_LG.png;No;Meta Live
Sharpedo Toxtricity;Judge;POR 76;52;3;20;2,6;2,6;20;100,0;POR;76;Uncommon;Supporter;https://limitlesstcg.nyc3.cdn.digitaloceanspaces.com/tpci/POR/POR_076_R_EN_LG.png;No;Meta Live
Sharpedo Toxtricity;Brock's Scouting;JTG 146;5;2;3;1,67;0,25;20;15,0;JTG;146;Uncommon;Supporter;https://limitlesstcg.nyc3.cdn.digitaloceanspaces.com/tpci/JTG/JTG_146_R_EN_LG.png;No;Meta Live
Sharpedo Toxtricity;Team Rocket's Petrel;DRI 176;35;2;20;1,75;1,75;20;100,0;DRI;176;Uncommon;Supporter;https://limitlesstcg.nyc3.cdn.digitaloceanspaces.com/tpci/DRI/DRI_176_R_EN_LG.png;No;Meta Live
Sharpedo Toxtricity;Buddy-Buddy Poffin;TEF 144;77;4;20;3,85;3,85;20;100,0;TEF;144;Uncommon;Item;https://limitlesstcg.nyc3.cdn.digitaloceanspaces.com/tpci/TEF/TEF_144_R_EN_LG.png;No;Meta Live
Sharpedo Toxtricity;Ultra Ball;MEG 131;78;4;20;3,9;3,9;20;100,0;MEG;131;Common;Item;https://limitlesstcg.nyc3.cdn.digitaloceanspaces.com/tpci/MEG/MEG_131_R_EN_LG.png;No;Meta Live
Sharpedo Toxtricity;Poké Pad;POR 81;70;4;20;3,5;3,5;20;100,0;POR;81;Uncommon;Item;https://limitlesstcg.nyc3.cdn.digitaloceanspaces.com/tpci/POR/POR_081_R_EN_LG.png;No;Meta Live
Sharpedo Toxtricity;Night Stretcher;ASC 196;28;2;20;1,4;1,4;20;100,0;ASC;196;Common;Item;https://limitlesstcg.nyc3.cdn.digitaloceanspaces.com/tpci/ASC/ASC_196_R_EN_LG.png;No;Meta Live
Sharpedo Toxtricity;Unfair Stamp;TWM 165;15;1;15;1,0;0,75;20;75,0;TWM;165;Ultra Rare;Item;https://limitlesstcg.nyc3.cdn.digitaloceanspaces.com/tpci/TWM/TWM_165_R_EN_LG.png;Yes;Meta Live
Sharpedo Toxtricity;Binding Mochi;PRE 95;55;3;20;2,75;2,75;20;100,0;PRE;95;Uncommon;Tool;https://limitlesstcg.nyc3.cdn.digitaloceanspaces.com/tpci/PRE/PRE_095_R_EN_LG.png;No;Meta Live
Sharpedo Toxtricity;Team Rocket's Watchtower;DRI 180;37;3;19;1,95;1,85;20;95,0;DRI;180;Uncommon;Stadium;https://limitlesstcg.nyc3.cdn.digitaloceanspaces.com/tpci/DRI/DRI_180_R_EN_LG.png;No;Meta Live
Sharpedo Toxtricity;Darkness Energy;MEE 15;178;9;20;8,9;8,9;20;100,0;MEE;15;;Basic Energy;;No;Meta Live
Sharpedo Toxtricity;Buneary;PFL 83;3;1;3;1,0;0,15;20;15,0;PFL;83;Common;Basic;https://limitlesstcg.nyc3.cdn.digitaloceanspaces.com/tpci/PFL/PFL_083_R_EN_LG.png;No;Meta Live
Sharpedo Toxtricity;Mega Lopunny ex;PFL 84;3;1;3;1,0;0,15;20;15,0;PFL;84;Double Rare;Stage 1;https://limitlesstcg.nyc3.cdn.digitaloceanspaces.com/tpci/PFL/PFL_084_R_EN_LG.png;No;Meta Live
Sharpedo Toxtricity;Chi-Yu;PBL 59;5;1;5;1,0;0,25;20;25,0;PBL;59;Rare;Basic;https://limitlesstcg.nyc3.cdn.digitaloceanspaces.com/tpci/PBL/PBL_059_R_EN_LG.png;No;Meta Live
Sharpedo Toxtricity;Prime Catcher;TEF 157;2;1;2;1,0;0,1;20;10,0;TEF;157;Ultra Rare;Item;https://limitlesstcg.nyc3.cdn.digitaloceanspaces.com/tpci/TEF/TEF_157_R_EN_LG.png;Yes;Meta Live
Sharpedo Toxtricity;Tool Scrapper;ASC 212;2;1;2;1,0;0,1;20;10,0;ASC;212;Common;Item;https://limitlesstcg.nyc3.cdn.digitaloceanspaces.com/tpci/ASC/ASC_212_R_EN_LG.png;No;Meta Live
Sharpedo Toxtricity;Mega Signal;MEG 121;3;1;3;1,0;0,15;20;15,0;MEG;121;Uncommon;Item;https://limitlesstcg.nyc3.cdn.digitaloceanspaces.com/tpci/MEG/MEG_121_R_EN_LG.png;No;Meta Live
Sharpedo Toxtricity;Gravity Mountain;SSP 177;7;2;6;1,17;0,35;20;30,0;SSP;177;Uncommon;Stadium;https://limitlesstcg.nyc3.cdn.digitaloceanspaces.com/tpci/SSP/SSP_177_R_EN_LG.png;No;Meta Live
Sharpedo Toxtricity;Cyrano;SSP 170;1;1;1;1,0;0,05;20;5,0;SSP;170;Uncommon;Supporter;https://limitlesstcg.nyc3.cdn.digitaloceanspaces.com/tpci/SSP/SSP_170_R_EN_LG.png;No;Meta Live
Sharpedo Toxtricity;Budew;ASC 16;1;1;1;1,0;0,05;20;5,0;ASC;16;Common;Basic;https://limitlesstcg.nyc3.cdn.digitaloceanspaces.com/tpci/ASC/ASC_016_R_EN_LG.png;No;Meta Live
Sharpedo Toxtricity;Wally's Compassion;MEG 132;3;2;2;1,5;0,15;20;10,0;MEG;132;Uncommon;Supporter;https://limitlesstcg.nyc3.cdn.digitaloceanspaces.com/tpci/MEG/MEG_132_R_EN_LG.png;No;Meta Live
Sharpedo Toxtricity;Xerosic's Machinations;SFA 64;1;1;1;1,0;0,05;20;5,0;SFA;64;Uncommon;Supporter;https://limitlesstcg.nyc3.cdn.digitaloceanspaces.com/tpci/SFA/SFA_064_R_EN_LG.png;No;Meta Live
Sharpedo Toxtricity;Energy Recycler;DRI 164;1;1;1;1,0;0,05;20;5,0;DRI;164;Uncommon;Item;https://limitlesstcg.nyc3.cdn.digitaloceanspaces.com/tpci/DRI/DRI_164_R_EN_LG.png;No;Meta Live
Sharpedo Toxtricity;Special Red Card;CRI 82;4;1;4;1,0;0,2;20;20,0;CRI;82;Uncommon;Item;https://limitlesstcg.nyc3.cdn.digitaloceanspaces.com/tpci/CRI/CRI_082_R_EN_LG.png;No;Meta Live
Sharpedo Toxtricity;Dark Bell;PBL 75;2;1;2;1,0;0,1;20;10,0;PBL;75;Uncommon;Item;https://limitlesstcg.nyc3.cdn.digitaloceanspaces.com/tpci/PBL/PBL_075_R_EN_LG.png;No;Meta Live
Sharpedo Toxtricity;Dusk Ball;SSP 175;2;2;1;2,0;0,1;20;5,0;SSP;175;Uncommon;Item;https://limitlesstcg.nyc3.cdn.digitaloceanspaces.com/tpci/SSP/SSP_175_R_EN_LG.png;No;Meta Live
Sharpedo Toxtricity;Secret Box;TWM 163;2;1;2;1,0;0,1;20;10,0;TWM;163;Ultra Rare;Item;https://limitlesstcg.nyc3.cdn.digitaloceanspaces.com/tpci/TWM/TWM_163_R_EN_LG.png;Yes;Meta Live
Sharpedo Toxtricity;Psyduck;ASC 39;2;1;2;1,0;0,1;20;10,0;ASC;39;Common;Basic;https://limitlesstcg.nyc3.cdn.digitaloceanspaces.com/tpci/ASC/ASC_039_R_EN_LG.png;No;Meta Live
Sharpedo Toxtricity;Maximum Belt;TEF 154;1;1;1;1,0;0,05;20;5,0;TEF;154;Ultra Rare;Tool;https://limitlesstcg.nyc3.cdn.digitaloceanspaces.com/tpci/TEF/TEF_154_R_EN_LG.png;Yes;Meta Live
Sharpedo Toxtricity;Energy Search;POR 72;1;1;1;1,0;0,05;20;5,0;POR;72;Common;Item;https://limitlesstcg.nyc3.cdn.digitaloceanspaces.com/tpci/POR/POR_072_R_EN_LG.png;No;Meta Live
Alakazam Dusknoir;Abra;MEG 54;80;4;20;4,0;4,0;20;100,0;MEG;54;Common;Basic;https://limitlesstcg.nyc3.cdn.digitaloceanspaces.com/tpci/MEG/MEG_054_R_EN_LG.png;No;Meta Live
Alakazam Dusknoir;Kadabra;MEG 55;80;4;20;4,0;4,0;20;100,0;MEG;55;Uncommon;Stage 1;https://limitlesstcg.nyc3.cdn.digitaloceanspaces.com/tpci/MEG/MEG_055_R_EN_LG.png;No;Meta Live
Alakazam Dusknoir;Alakazam;MEG 56;62;4;20;3,1;3,1;20;100,0;MEG;56;Rare;Stage 2;https://limitlesstcg.nyc3.cdn.digitaloceanspaces.com/tpci/MEG/MEG_056_R_EN_LG.png;No;Meta Live
Alakazam Dusknoir;Duskull;PRE 35;74;4;20;3,7;3,7;20;100,0;PRE;35;Common;Basic;https://limitlesstcg.nyc3.cdn.digitaloceanspaces.com/tpci/PRE/PRE_035_R_EN_LG.png;No;Meta Live
Alakazam Dusknoir;Dusclops;PRE 36;40;2;20;2,0;2,0;20;100,0;PRE;36;Common;Stage 1;https://limitlesstcg.nyc3.cdn.digitaloceanspaces.com/tpci/PRE/PRE_036_R_EN_LG.png;No;Meta Live
Alakazam Dusknoir;Dusknoir;PRE 37;42;3;20;2,1;2,1;20;100,0;PRE;37;Rare;Stage 2;https://limitlesstcg.nyc3.cdn.digitaloceanspaces.com/tpci/PRE/PRE_037_R_EN_LG.png;No;Meta Live
Alakazam Dusknoir;Budew;ASC 16;34;2;18;1,89;1,7;20;90,0;ASC;16;Common;Basic;https://limitlesstcg.nyc3.cdn.digitaloceanspaces.com/tpci/ASC/ASC_016_R_EN_LG.png;No;Meta Live
Alakazam Dusknoir;Misdreavus;ASC 85;1;1;1;1,0;0,05;20;5,0;ASC;85;Common;Basic;https://limitlesstcg.nyc3.cdn.digitaloceanspaces.com/tpci/ASC/ASC_085_R_EN_LG.png;No;Meta Live
Alakazam Dusknoir;Mismagius ex;PFL 36;1;1;1;1,0;0,05;20;5,0;PFL;36;Double Rare;Stage 1;https://limitlesstcg.nyc3.cdn.digitaloceanspaces.com/tpci/PFL/PFL_036_R_EN_LG.png;No;Meta Live
Alakazam Dusknoir;Fezandipiti ex;ASC 142;19;1;19;1,0;0,95;20;95,0;ASC;142;Double Rare;Basic;https://limitlesstcg.nyc3.cdn.digitaloceanspaces.com/tpci/ASC/ASC_142_R_EN_LG.png;No;Meta Live
Alakazam Dusknoir;Shaymin;DRI 10;18;1;18;1,0;0,9;20;90,0;DRI;10;Uncommon;Basic;https://limitlesstcg.nyc3.cdn.digitaloceanspaces.com/tpci/DRI/DRI_010_R_EN_LG.png;No;Meta Live
Alakazam Dusknoir;Hilda;WHT 84;79;4;20;3,95;3,95;20;100,0;WHT;84;Uncommon;Supporter;https://limitlesstcg.nyc3.cdn.digitaloceanspaces.com/tpci/WHT/WHT_084_R_EN_LG.png;No;Meta Live
Alakazam Dusknoir;Gwynn;PBL 78;71;4;20;3,55;3,55;20;100,0;PBL;78;Uncommon;Supporter;https://limitlesstcg.nyc3.cdn.digitaloceanspaces.com/tpci/PBL/PBL_078_R_EN_LG.png;No;Meta Live
Alakazam Dusknoir;Dawn;PFL 87;50;4;20;2,5;2,5;20;100,0;PFL;87;Uncommon;Supporter;https://limitlesstcg.nyc3.cdn.digitaloceanspaces.com/tpci/PFL/PFL_087_R_EN_LG.png;No;Meta Live
Alakazam Dusknoir;Boss's Orders;MEG 114;21;2;20;1,05;1,05;20;100,0;MEG;114;Uncommon;Supporter;https://limitlesstcg.nyc3.cdn.digitaloceanspaces.com/tpci/MEG/MEG_114_R_EN_LG.png;No;Meta Live
Alakazam Dusknoir;Rare Candy;MEG 125;78;4;20;3,9;3,9;20;100,0;MEG;125;Common;Item;https://limitlesstcg.nyc3.cdn.digitaloceanspaces.com/tpci/MEG/MEG_125_R_EN_LG.png;No;Meta Live
Alakazam Dusknoir;Poké Pad;POR 81;80;4;20;4,0;4,0;20;100,0;POR;81;Uncommon;Item;https://limitlesstcg.nyc3.cdn.digitaloceanspaces.com/tpci/POR/POR_081_R_EN_LG.png;No;Meta Live
Alakazam Dusknoir;Buddy-Buddy Poffin;TEF 144;57;4;19;3,0;2,85;20;95,0;TEF;144;Uncommon;Item;https://limitlesstcg.nyc3.cdn.digitaloceanspaces.com/tpci/TEF/TEF_144_R_EN_LG.png;No;Meta Live
Alakazam Dusknoir;Enhanced Hammer;TWM 148;6;2;4;1,5;0,3;20;20,0;TWM;148;Uncommon;Item;https://limitlesstcg.nyc3.cdn.digitaloceanspaces.com/tpci/TWM/TWM_148_R_EN_LG.png;No;Meta Live
Alakazam Dusknoir;Night Stretcher;ASC 196;43;4;20;2,15;2,15;20;100,0;ASC;196;Common;Item;https://limitlesstcg.nyc3.cdn.digitaloceanspaces.com/tpci/ASC/ASC_196_R_EN_LG.png;No;Meta Live
Alakazam Dusknoir;Special Red Card;CRI 82;39;2;20;1,95;1,95;20;100,0;CRI;82;Uncommon;Item;https://limitlesstcg.nyc3.cdn.digitaloceanspaces.com/tpci/CRI/CRI_082_R_EN_LG.png;No;Meta Live
Alakazam Dusknoir;Prime Catcher;TEF 157;20;1;20;1,0;1,0;20;100,0;TEF;157;Ultra Rare;Item;https://limitlesstcg.nyc3.cdn.digitaloceanspaces.com/tpci/TEF/TEF_157_R_EN_LG.png;Yes;Meta Live
Alakazam Dusknoir;Strange Timepiece;MEG 128;47;3;20;2,35;2,35;20;100,0;MEG;128;Uncommon;Item;https://limitlesstcg.nyc3.cdn.digitaloceanspaces.com/tpci/MEG/MEG_128_R_EN_LG.png;No;Meta Live
Alakazam Dusknoir;Sacred Ash;DRI 168;18;1;18;1,0;0,9;20;90,0;DRI;168;Uncommon;Item;https://limitlesstcg.nyc3.cdn.digitaloceanspaces.com/tpci/DRI/DRI_168_R_EN_LG.png;No;Meta Live
Alakazam Dusknoir;Team Rocket's Watchtower;DRI 180;3;1;3;1,0;0,15;20;15,0;DRI;180;Uncommon;Stadium;https://limitlesstcg.nyc3.cdn.digitaloceanspaces.com/tpci/DRI/DRI_180_R_EN_LG.png;No;Meta Live
Alakazam Dusknoir;Telepathic Psychic Energy;POR 88;80;4;20;4,0;4,0;20;100,0;POR;88;Rare;Special Energy;https://limitlesstcg.nyc3.cdn.digitaloceanspaces.com/tpci/POR/POR_088_R_EN_LG.png;No;Meta Live
Alakazam Dusknoir;Psychic Energy;MEE 5;22;2;20;1,1;1,1;20;100,0;MEE;5;;Basic Energy;https://limitlesstcg.nyc3.cdn.digitaloceanspaces.com/tpci/MEE/MEE_005_R_EN_LG.png;No;Meta Live
Alakazam Dusknoir;Pikipek;PBL 66;2;1;2;1,0;0,1;20;10,0;PBL;66;Common;Basic;https://limitlesstcg.nyc3.cdn.digitaloceanspaces.com/tpci/PBL/PBL_066_R_EN_LG.png;No;Meta Live
Alakazam Dusknoir;Toucannon;PBL 68;2;1;2;1,0;0,1;20;10,0;PBL;68;Uncommon;Stage 2;https://limitlesstcg.nyc3.cdn.digitaloceanspaces.com/tpci/PBL/PBL_068_R_EN_LG.png;No;Meta Live
Alakazam Dusknoir;Patrat;CRI 70;12;1;12;1,0;0,6;20;60,0;CRI;70;Common;Basic;https://limitlesstcg.nyc3.cdn.digitaloceanspaces.com/tpci/CRI/CRI_070_R_EN_LG.png;No;Meta Live
Alakazam Dusknoir;Lucky Helmet;TWM 158;1;1;1;1,0;0,05;20;5,0;TWM;158;Uncommon;Tool;https://limitlesstcg.nyc3.cdn.digitaloceanspaces.com/tpci/TWM/TWM_158_R_EN_LG.png;No;Meta Live
Alakazam Dusknoir;Nighttime Mine;ASC 197;3;1;3;1,0;0,15;20;15,0;ASC;197;Uncommon;Stadium;https://limitlesstcg.nyc3.cdn.digitaloceanspaces.com/tpci/ASC/ASC_197_R_EN_LG.png;No;Meta Live
Alakazam Dusknoir;Maractus;JTG 8;1;1;1;1,0;0,05;20;5,0;JTG;8;Uncommon;Basic;https://limitlesstcg.nyc3.cdn.digitaloceanspaces.com/tpci/JTG/JTG_008_R_EN_LG.png;No;Meta Live
Alakazam Dusknoir;Frillish;WHT 44;6;4;2;3,0;0,3;20;10,0;WHT;44;Common;Basic;https://limitlesstcg.nyc3.cdn.digitaloceanspaces.com/tpci/WHT/WHT_044_R_EN_LG.png;No;Meta Live
Alakazam Dusknoir;Jellicent ex;WHT 45;2;1;2;1,0;0,1;20;10,0;WHT;45;Double Rare;Stage 1;https://limitlesstcg.nyc3.cdn.digitaloceanspaces.com/tpci/WHT/WHT_045_R_EN_LG.png;No;Meta Live
Alakazam Dusknoir;Latias ex;SSP 76;2;1;2;1,0;0,1;20;10,0;SSP;76;Double Rare;Basic;https://limitlesstcg.nyc3.cdn.digitaloceanspaces.com/tpci/SSP/SSP_076_R_EN_LG.png;No;Meta Live
Alakazam Dusknoir;Mist Energy;TEF 161;1;1;1;1,0;0,05;20;5,0;TEF;161;Uncommon;Special Energy;https://limitlesstcg.nyc3.cdn.digitaloceanspaces.com/tpci/TEF/TEF_161_R_EN_LG.png;No;Meta Live
Alakazam Dusknoir;Flutter Mane;TEF 78;1;1;1;1,0;0,05;20;5,0;TEF;78;Rare;Basic;https://limitlesstcg.nyc3.cdn.digitaloceanspaces.com/tpci/TEF/TEF_078_R_EN_LG.png;No;Meta Live
Alakazam Dusknoir;Air Balloon;ASC 181;1;1;1;1,0;0,05;20;5,0;ASC;181;Uncommon;Tool;https://limitlesstcg.nyc3.cdn.digitaloceanspaces.com/tpci/ASC/ASC_181_R_EN_LG.png;No;Meta Live
Alakazam Dusknoir;Jamming Tower;TWM 153;1;1;1;1,0;0,05;20;5,0;TWM;153;Uncommon;Stadium;https://limitlesstcg.nyc3.cdn.digitaloceanspaces.com/tpci/TWM/TWM_153_R_EN_LG.png;No;Meta Live
Mega Greninja;Froakie;CRI 20;79;4;20;3,95;3,95;20;100,0;CRI;20;Common;Basic;https://limitlesstcg.nyc3.cdn.digitaloceanspaces.com/tpci/CRI/CRI_020_R_EN_LG.png;No;Meta Live
Mega Greninja;Frogadier;CRI 21;53;4;20;2,65;2,65;20;100,0;CRI;21;Common;Stage 1;https://limitlesstcg.nyc3.cdn.digitaloceanspaces.com/tpci/CRI/CRI_021_R_EN_LG.png;No;Meta Live
Mega Greninja;Greninja ex;TWM 106;34;4;19;1,79;1,7;20;95,0;TWM;106;Double Rare;Stage 2;https://limitlesstcg.nyc3.cdn.digitaloceanspaces.com/tpci/TWM/TWM_106_R_EN_LG.png;No;Meta Live
Mega Greninja;Mega Greninja ex;CRI 22;47;3;20;2,35;2,35;20;100,0;CRI;22;Double Rare;Stage 2;https://limitlesstcg.nyc3.cdn.digitaloceanspaces.com/tpci/CRI/CRI_022_R_EN_LG.png;No;Meta Live
Mega Greninja;Dunsparce;JTG 120;24;3;11;2,18;1,2;20;55,0;JTG;120;Common;Basic;https://limitlesstcg.nyc3.cdn.digitaloceanspaces.com/tpci/JTG/JTG_120_R_EN_LG.png;No;Meta Live
Mega Greninja;Dudunsparce;TEF 129;22;3;11;2,0;1,1;20;55,0;TEF;129;Rare;Stage 1;https://limitlesstcg.nyc3.cdn.digitaloceanspaces.com/tpci/TEF/TEF_129_R_EN_LG.png;No;Meta Live
Mega Greninja;Dudunsparce ex;JTG 121;5;1;5;1,0;0,25;20;25,0;JTG;121;Double Rare;Stage 1;https://limitlesstcg.nyc3.cdn.digitaloceanspaces.com/tpci/JTG/JTG_121_R_EN_LG.png;No;Meta Live
Mega Greninja;Meowth ex;POR 62;19;2;17;1,12;0,95;20;85,0;POR;62;Double Rare;Basic;https://limitlesstcg.nyc3.cdn.digitaloceanspaces.com/tpci/POR/POR_062_R_EN_LG.png;No;Meta Live
Mega Greninja;Budew;ASC 16;17;2;16;1,06;0,85;20;80,0;ASC;16;Common;Basic;https://limitlesstcg.nyc3.cdn.digitaloceanspaces.com/tpci/ASC/ASC_016_R_EN_LG.png;No;Meta Live
Mega Greninja;Fezandipiti ex;ASC 142;18;1;18;1,0;0,9;20;90,0;ASC;142;Double Rare;Basic;https://limitlesstcg.nyc3.cdn.digitaloceanspaces.com/tpci/ASC/ASC_142_R_EN_LG.png;No;Meta Live
Mega Greninja;Lillie's Determination;MEG 119;79;4;20;3,95;3,95;20;100,0;MEG;119;Uncommon;Supporter;https://limitlesstcg.nyc3.cdn.digitaloceanspaces.com/tpci/MEG/MEG_119_R_EN_LG.png;No;Meta Live
Mega Greninja;Hilda;WHT 84;42;3;16;2,62;2,1;20;80,0;WHT;84;Uncommon;Supporter;https://limitlesstcg.nyc3.cdn.digitaloceanspaces.com/tpci/WHT/WHT_084_R_EN_LG.png;No;Meta Live
Mega Greninja;Boss's Orders;MEG 114;40;2;20;2,0;2,0;20;100,0;MEG;114;Uncommon;Supporter;https://limitlesstcg.nyc3.cdn.digitaloceanspaces.com/tpci/MEG/MEG_114_R_EN_LG.png;No;Meta Live
Mega Greninja;Buddy-Buddy Poffin;TEF 144;77;4;20;3,85;3,85;20;100,0;TEF;144;Uncommon;Item;https://limitlesstcg.nyc3.cdn.digitaloceanspaces.com/tpci/TEF/TEF_144_R_EN_LG.png;No;Meta Live
Mega Greninja;Poké Pad;POR 81;74;4;20;3,7;3,7;20;100,0;POR;81;Uncommon;Item;https://limitlesstcg.nyc3.cdn.digitaloceanspaces.com/tpci/POR/POR_081_R_EN_LG.png;No;Meta Live
Mega Greninja;Rare Candy;MEG 125;50;4;18;2,78;2,5;20;90,0;MEG;125;Common;Item;https://limitlesstcg.nyc3.cdn.digitaloceanspaces.com/tpci/MEG/MEG_125_R_EN_LG.png;No;Meta Live
Mega Greninja;Ultra Ball;MEG 131;50;4;20;2,5;2,5;20;100,0;MEG;131;Common;Item;https://limitlesstcg.nyc3.cdn.digitaloceanspaces.com/tpci/MEG/MEG_131_R_EN_LG.png;No;Meta Live
Mega Greninja;Switch;MEG 130;9;2;8;1,12;0,45;20;40,0;MEG;130;Common;Item;https://limitlesstcg.nyc3.cdn.digitaloceanspaces.com/tpci/MEG/MEG_130_R_EN_LG.png;No;Meta Live
Mega Greninja;Night Stretcher;ASC 196;30;2;19;1,58;1,5;20;95,0;ASC;196;Common;Item;https://limitlesstcg.nyc3.cdn.digitaloceanspaces.com/tpci/ASC/ASC_196_R_EN_LG.png;No;Meta Live
Mega Greninja;Special Red Card;CRI 82;17;2;16;1,06;0,85;20;80,0;CRI;82;Uncommon;Item;https://limitlesstcg.nyc3.cdn.digitaloceanspaces.com/tpci/CRI/CRI_082_R_EN_LG.png;No;Meta Live
Mega Greninja;Air Balloon;ASC 181;24;2;17;1,41;1,2;20;85,0;ASC;181;Uncommon;Tool;https://limitlesstcg.nyc3.cdn.digitaloceanspaces.com/tpci/ASC/ASC_181_R_EN_LG.png;No;Meta Live
Mega Greninja;Surfing Beach;MEG 129;39;3;19;2,05;1,95;20;95,0;MEG;129;Uncommon;Stadium;https://limitlesstcg.nyc3.cdn.digitaloceanspaces.com/tpci/MEG/MEG_129_R_EN_LG.png;No;Meta Live
Mega Greninja;Lumiose City;POR 77;2;1;2;1,0;0,1;20;10,0;POR;77;Uncommon;Stadium;https://limitlesstcg.nyc3.cdn.digitaloceanspaces.com/tpci/POR/POR_077_R_EN_LG.png;No;Meta Live
Mega Greninja;Water Energy;MEE 3;146;9;20;7,3;7,3;20;100,0;MEE;3;;Basic Energy;https://limitlesstcg.nyc3.cdn.digitaloceanspaces.com/tpci/MEE/MEE_003_R_EN_LG.png;No;Meta Live
Mega Greninja;Ignition Energy;WHT 86;21;3;13;1,62;1,05;20;65,0;WHT;86;Uncommon;Special Energy;https://limitlesstcg.nyc3.cdn.digitaloceanspaces.com/tpci/WHT/WHT_086_R_EN_LG.png;No;Meta Live
Mega Greninja;Neo Upper Energy;TEF 162;15;1;15;1,0;0,75;20;75,0;TEF;162;Ultra Rare;Special Energy;https://limitlesstcg.nyc3.cdn.digitaloceanspaces.com/tpci/TEF/TEF_162_R_EN_LG.png;Yes;Meta Live
Mega Greninja;Shaymin;DRI 10;6;1;6;1,0;0,3;20;30,0;DRI;10;Uncommon;Basic;https://limitlesstcg.nyc3.cdn.digitaloceanspaces.com/tpci/DRI/DRI_010_R_EN_LG.png;No;Meta Live
Mega Greninja;Colress's Tenacity;SFA 57;12;3;5;2,4;0,6;20;25,0;SFA;57;Uncommon;Supporter;https://limitlesstcg.nyc3.cdn.digitaloceanspaces.com/tpci/SFA/SFA_057_R_EN_LG.png;No;Meta Live
Mega Greninja;Rosa's Encouragement;POR 84;4;1;4;1,0;0,2;20;20,0;POR;84;Uncommon;Supporter;https://limitlesstcg.nyc3.cdn.digitaloceanspaces.com/tpci/POR/POR_084_R_EN_LG.png;No;Meta Live
Mega Greninja;Great Haul Net;CRI 78;3;1;3;1,0;0,15;20;15,0;CRI;78;Uncommon;Item;https://limitlesstcg.nyc3.cdn.digitaloceanspaces.com/tpci/CRI/CRI_078_R_EN_LG.png;No;Meta Live
Mega Greninja;Grand Tree;SCR 136;5;1;5;1,0;0,25;20;25,0;SCR;136;Ultra Rare;Stadium;https://limitlesstcg.nyc3.cdn.digitaloceanspaces.com/tpci/SCR/SCR_136_R_EN_LG.png;Yes;Meta Live
Mega Greninja;Dreepy;TWM 128;21;3;7;3,0;1,05;20;35,0;TWM;128;Common;Basic;https://limitlesstcg.nyc3.cdn.digitaloceanspaces.com/tpci/TWM/TWM_128_R_EN_LG.png;No;Meta Live
Mega Greninja;Drakloak;TWM 129;21;3;7;3,0;1,05;20;35,0;TWM;129;Common;Stage 1;https://limitlesstcg.nyc3.cdn.digitaloceanspaces.com/tpci/TWM/TWM_129_R_EN_LG.png;No;Meta Live
Mega Greninja;Dragapult ex;TWM 130;7;1;7;1,0;0,35;20;35,0;TWM;130;Double Rare;Stage 2;https://limitlesstcg.nyc3.cdn.digitaloceanspaces.com/tpci/TWM/TWM_130_R_EN_LG.png;No;Meta Live
Mega Greninja;Patrat;CRI 70;4;1;4;1,0;0,2;20;20,0;CRI;70;Common;Basic;https://limitlesstcg.nyc3.cdn.digitaloceanspaces.com/tpci/CRI/CRI_070_R_EN_LG.png;No;Meta Live
Mega Greninja;AZ's Tranquility;CRI 76;4;1;4;1,0;0,2;20;20,0;CRI;76;Uncommon;Supporter;https://limitlesstcg.nyc3.cdn.digitaloceanspaces.com/tpci/CRI/CRI_076_R_EN_LG.png;No;Meta Live
Mega Greninja;Energy Retrieval;SVI 171;12;2;11;1,09;0,6;20;55,0;SVI;171;Common;Item;https://limitlesstcg.nyc3.cdn.digitaloceanspaces.com/tpci/SVI/SVI_171_R_EN_LG.png;No;Meta Live
Mega Greninja;Tatsugiri;TWM 131;2;1;2;1,0;0,1;20;10,0;TWM;131;Uncommon;Basic;https://limitlesstcg.nyc3.cdn.digitaloceanspaces.com/tpci/TWM/TWM_131_R_EN_LG.png;No;Meta Live
Mega Greninja;Judge;POR 76;6;1;6;1,0;0,3;20;30,0;POR;76;Uncommon;Supporter;https://limitlesstcg.nyc3.cdn.digitaloceanspaces.com/tpci/POR/POR_076_R_EN_LG.png;No;Meta Live
Mega Greninja;Dawn;PFL 87;9;3;5;1,8;0,45;20;25,0;PFL;87;Uncommon;Supporter;https://limitlesstcg.nyc3.cdn.digitaloceanspaces.com/tpci/PFL/PFL_087_R_EN_LG.png;No;Meta Live
Mega Greninja;Snorunt;ASC 46;7;4;3;2,33;0,35;20;15,0;ASC;46;Common;Basic;https://limitlesstcg.nyc3.cdn.digitaloceanspaces.com/tpci/ASC/ASC_046_R_EN_LG.png;No;Meta Live
Mega Greninja;Glalie;TWM 52;2;2;1;2,0;0,1;20;5,0;TWM;52;Uncommon;Stage 1;https://limitlesstcg.nyc3.cdn.digitaloceanspaces.com/tpci/TWM/TWM_052_R_EN_LG.png;No;Meta Live
Mega Greninja;Froslass;TWM 53;2;2;1;2,0;0,1;20;5,0;TWM;53;Rare;Stage 1;https://limitlesstcg.nyc3.cdn.digitaloceanspaces.com/tpci/TWM/TWM_053_R_EN_LG.png;No;Meta Live
Mega Greninja;Mega Froslass ex;ASC 47;4;2;3;1,33;0,2;20;15,0;ASC;47;Double Rare;Stage 1;https://limitlesstcg.nyc3.cdn.digitaloceanspaces.com/tpci/ASC/ASC_047_R_EN_LG.png;No;Meta Live
Mega Greninja;Munkidori;TWM 95;2;2;1;2,0;0,1;20;5,0;TWM;95;Rare;Basic;https://limitlesstcg.nyc3.cdn.digitaloceanspaces.com/tpci/TWM/TWM_095_R_EN_LG.png;No;Meta Live
Mega Greninja;Morty's Conviction;TEF 155;3;3;1;3,0;0,15;20;5,0;TEF;155;Uncommon;Supporter;https://limitlesstcg.nyc3.cdn.digitaloceanspaces.com/tpci/TEF/TEF_155_R_EN_LG.png;No;Meta Live
Mega Greninja;Darkness Energy;MEE 7;3;3;1;3,0;0,15;20;5,0;MEE;7;;Basic Energy;https://limitlesstcg.nyc3.cdn.digitaloceanspaces.com/tpci/MEE/MEE_007_R_EN_LG.png;No;Meta Live
Mega Greninja;Totodile;TEF 39;2;1;2;1,0;0,1;20;10,0;TEF;39;Common;Basic;https://limitlesstcg.nyc3.cdn.digitaloceanspaces.com/tpci/TEF/TEF_039_R_EN_LG.png;No;Meta Live
Mega Greninja;Gwynn;PBL 78;1;1;1;1,0;0,05;20;5,0;PBL;78;Uncommon;Supporter;https://limitlesstcg.nyc3.cdn.digitaloceanspaces.com/tpci/PBL/PBL_078_R_EN_LG.png;No;Meta Live
Mega Greninja;Duskull;PRE 35;2;2;1;2,0;0,1;20;5,0;PRE;35;Common;Basic;https://limitlesstcg.nyc3.cdn.digitaloceanspaces.com/tpci/PRE/PRE_035_R_EN_LG.png;No;Meta Live
Mega Greninja;Dusclops;PRE 36;2;2;1;2,0;0,1;20;5,0;PRE;36;Common;Stage 1;https://limitlesstcg.nyc3.cdn.digitaloceanspaces.com/tpci/PRE/PRE_036_R_EN_LG.png;No;Meta Live
Mega Greninja;Dusknoir;PRE 37;2;2;1;2,0;0,1;20;5,0;PRE;37;Rare;Stage 2;https://limitlesstcg.nyc3.cdn.digitaloceanspaces.com/tpci/PRE/PRE_037_R_EN_LG.png;No;Meta Live
Mega Greninja;Wally's Compassion;MEG 132;5;1;5;1,0;0,25;20;25,0;MEG;132;Uncommon;Supporter;https://limitlesstcg.nyc3.cdn.digitaloceanspaces.com/tpci/MEG/MEG_132_R_EN_LG.png;No;Meta Live
Mega Greninja;Jumbo Ice Cream;PFL 91;1;1;1;1,0;0,05;20;5,0;PFL;91;Uncommon;Item;https://limitlesstcg.nyc3.cdn.digitaloceanspaces.com/tpci/PFL/PFL_091_R_EN_LG.png;No;Meta Live
Mega Greninja;Psyduck;ASC 39;1;1;1;1,0;0,05;20;5,0;ASC;39;Common;Basic;https://limitlesstcg.nyc3.cdn.digitaloceanspaces.com/tpci/ASC/ASC_039_R_EN_LG.png;No;Meta Live
Mega Greninja;Golduck;ASC 40;1;1;1;1,0;0,05;20;5,0;ASC;40;Uncommon;Stage 1;https://limitlesstcg.nyc3.cdn.digitaloceanspaces.com/tpci/ASC/ASC_040_R_EN_LG.png;No;Meta Live
Mega Greninja;Tool Scrapper;ASC 212;1;1;1;1,0;0,05;20;5,0;ASC;212;Common;Item;https://limitlesstcg.nyc3.cdn.digitaloceanspaces.com/tpci/ASC/ASC_212_R_EN_LG.png;No;Meta Live
Mega Greninja;Team Rocket's Watchtower;DRI 180;1;1;1;1,0;0,05;20;5,0;DRI;180;Uncommon;Stadium;https://limitlesstcg.nyc3.cdn.digitaloceanspaces.com/tpci/DRI/DRI_180_R_EN_LG.png;No;Meta Live
Mega Greninja;N's Zorua;JTG 97;3;3;1;3,0;0,15;20;5,0;JTG;97;Common;Basic;https://limitlesstcg.nyc3.cdn.digitaloceanspaces.com/tpci/JTG/JTG_097_R_EN_LG.png;No;Meta Live
Mega Greninja;N's Zoroark ex;JTG 98;3;3;1;3,0;0,15;20;5,0;JTG;98;Double Rare;Stage 1;https://limitlesstcg.nyc3.cdn.digitaloceanspaces.com/tpci/JTG/JTG_098_R_EN_LG.png;No;Meta Live
Mega Greninja;Wellspring Mask Ogerpon ex;TWM 64;1;1;1;1,0;0,05;20;5,0;TWM;64;Double Rare;Basic;https://limitlesstcg.nyc3.cdn.digitaloceanspaces.com/tpci/TWM/TWM_064_R_EN_LG.png;No;Meta Live
Mega Greninja;Pokégear 3.0;SVI 186;2;2;1;2,0;0,1;20;5,0;SVI;186;Common;Item;https://limitlesstcg.nyc3.cdn.digitaloceanspaces.com/tpci/SVI/SVI_186_R_EN_LG.png;No;Meta Live
Rocket's Honchkrow;Team Rocket's Murkrow;DRI 127;80;4;20;4,0;4,0;20;100,0;DRI;127;Uncommon;Basic;https://limitlesstcg.nyc3.cdn.digitaloceanspaces.com/tpci/DRI/DRI_127_R_EN_LG.png;No;Meta Live
Rocket's Honchkrow;Team Rocket's Honchkrow;ASC 127;60;3;20;3,0;3,0;20;100,0;ASC;127;Rare;Stage 1;https://limitlesstcg.nyc3.cdn.digitaloceanspaces.com/tpci/ASC/ASC_127_R_EN_LG.png;No;Meta Live
Rocket's Honchkrow;Team Rocket's Porygon;DRI 153;39;2;20;1,95;1,95;20;100,0;DRI;153;Common;Basic;https://limitlesstcg.nyc3.cdn.digitaloceanspaces.com/tpci/DRI/DRI_153_R_EN_LG.png;No;Meta Live
Rocket's Honchkrow;Team Rocket's Porygon2;DRI 154;22;2;20;1,1;1,1;20;100,0;DRI;154;Common;Stage 1;https://limitlesstcg.nyc3.cdn.digitaloceanspaces.com/tpci/DRI/DRI_154_R_EN_LG.png;No;Meta Live
Rocket's Honchkrow;Team Rocket's Articuno;DRI 51;39;2;20;1,95;1,95;20;100,0;DRI;51;Rare;Basic;https://limitlesstcg.nyc3.cdn.digitaloceanspaces.com/tpci/DRI/DRI_051_R_EN_LG.png;No;Meta Live
Rocket's Honchkrow;Team Rocket's Giovanni;DRI 174;80;4;20;4,0;4,0;20;100,0;DRI;174;Uncommon;Supporter;https://limitlesstcg.nyc3.cdn.digitaloceanspaces.com/tpci/DRI/DRI_174_R_EN_LG.png;No;Meta Live
Rocket's Honchkrow;Team Rocket's Proton;DRI 177;80;4;20;4,0;4,0;20;100,0;DRI;177;Uncommon;Supporter;https://limitlesstcg.nyc3.cdn.digitaloceanspaces.com/tpci/DRI/DRI_177_R_EN_LG.png;No;Meta Live
Rocket's Honchkrow;Team Rocket's Archer;DRI 170;80;4;20;4,0;4,0;20;100,0;DRI;170;Uncommon;Supporter;https://limitlesstcg.nyc3.cdn.digitaloceanspaces.com/tpci/DRI/DRI_170_R_EN_LG.png;No;Meta Live
Rocket's Honchkrow;Team Rocket's Ariana;DRI 171;80;4;20;4,0;4,0;20;100,0;DRI;171;Uncommon;Supporter;https://limitlesstcg.nyc3.cdn.digitaloceanspaces.com/tpci/DRI/DRI_171_R_EN_LG.png;No;Meta Live
Rocket's Honchkrow;Team Rocket's Petrel;DRI 176;79;4;20;3,95;3,95;20;100,0;DRI;176;Uncommon;Supporter;https://limitlesstcg.nyc3.cdn.digitaloceanspaces.com/tpci/DRI/DRI_176_R_EN_LG.png;No;Meta Live
Rocket's Honchkrow;Team Rocket's Transceiver;DRI 178;80;4;20;4,0;4,0;20;100,0;DRI;178;Uncommon;Item;https://limitlesstcg.nyc3.cdn.digitaloceanspaces.com/tpci/DRI/DRI_178_R_EN_LG.png;No;Meta Live
Rocket's Honchkrow;Poké Pad;POR 81;76;4;20;3,8;3,8;20;100,0;POR;81;Uncommon;Item;https://limitlesstcg.nyc3.cdn.digitaloceanspaces.com/tpci/POR/POR_081_R_EN_LG.png;No;Meta Live
Rocket's Honchkrow;Roto-Stick;PRE 127;74;4;20;3,7;3,7;20;100,0;PRE;127;Common;Item;https://limitlesstcg.nyc3.cdn.digitaloceanspaces.com/tpci/PRE/PRE_127_R_EN_LG.png;No;Meta Live
Rocket's Honchkrow;Night Stretcher;ASC 196;59;4;20;2,95;2,95;20;100,0;ASC;196;Common;Item;https://limitlesstcg.nyc3.cdn.digitaloceanspaces.com/tpci/ASC/ASC_196_R_EN_LG.png;No;Meta Live
Rocket's Honchkrow;Miracle Headset;SSP 183;20;1;20;1,0;1,0;20;100,0;SSP;183;Ultra Rare;Item;https://limitlesstcg.nyc3.cdn.digitaloceanspaces.com/tpci/SSP/SSP_183_R_EN_LG.png;Yes;Meta Live
Rocket's Honchkrow;Pokégear 3.0;SVI 186;4;1;4;1,0;0,2;20;20,0;SVI;186;Common;Item;https://limitlesstcg.nyc3.cdn.digitaloceanspaces.com/tpci/SVI/SVI_186_R_EN_LG.png;No;Meta Live
Rocket's Honchkrow;Ultra Ball;MEG 131;9;1;9;1,0;0,45;20;45,0;MEG;131;Common;Item;https://limitlesstcg.nyc3.cdn.digitaloceanspaces.com/tpci/MEG/MEG_131_R_EN_LG.png;No;Meta Live
Rocket's Honchkrow;Team Rocket's Factory;DRI 173;62;4;20;3,1;3,1;20;100,0;DRI;173;Uncommon;Stadium;https://limitlesstcg.nyc3.cdn.digitaloceanspaces.com/tpci/DRI/DRI_173_R_EN_LG.png;No;Meta Live
Rocket's Honchkrow;Team Rocket's Energy;DRI 182;80;4;20;4,0;4,0;20;100,0;DRI;182;Uncommon;Special Energy;https://limitlesstcg.nyc3.cdn.digitaloceanspaces.com/tpci/DRI/DRI_182_R_EN_LG.png;No;Meta Live
Rocket's Honchkrow;Ignition Energy;WHT 86;80;4;20;4,0;4,0;20;100,0;WHT;86;Uncommon;Special Energy;https://limitlesstcg.nyc3.cdn.digitaloceanspaces.com/tpci/WHT/WHT_086_R_EN_LG.png;No;Meta Live
Rocket's Honchkrow;Lucky Helmet;TWM 158;8;1;8;1,0;0,4;20;40,0;TWM;158;Uncommon;Tool;https://limitlesstcg.nyc3.cdn.digitaloceanspaces.com/tpci/TWM/TWM_158_R_EN_LG.png;No;Meta Live
Rocket's Honchkrow;Team Rocket's Porygon-Z;DRI 155;1;1;1;1,0;0,05;20;5,0;DRI;155;Uncommon;Stage 2;https://limitlesstcg.nyc3.cdn.digitaloceanspaces.com/tpci/DRI/DRI_155_R_EN_LG.png;No;Meta Live
Rocket's Honchkrow;Rare Candy;MEG 125;1;1;1;1,0;0,05;20;5,0;MEG;125;Common;Item;https://limitlesstcg.nyc3.cdn.digitaloceanspaces.com/tpci/MEG/MEG_125_R_EN_LG.png;No;Meta Live
Rocket's Honchkrow;Sacred Ash;DRI 168;1;1;1;1,0;0,05;20;5,0;DRI;168;Uncommon;Item;https://limitlesstcg.nyc3.cdn.digitaloceanspaces.com/tpci/DRI/DRI_168_R_EN_LG.png;No;Meta Live
Rocket's Honchkrow;Dark Bell;PBL 75;1;1;1;1,0;0,05;20;5,0;PBL;75;Uncommon;Item;https://limitlesstcg.nyc3.cdn.digitaloceanspaces.com/tpci/PBL/PBL_075_R_EN_LG.png;No;Meta Live
Rocket's Honchkrow;Brave Bangle;WHT 80;1;1;1;1,0;0,05;20;5,0;WHT;80;Uncommon;Tool;https://limitlesstcg.nyc3.cdn.digitaloceanspaces.com/tpci/WHT/WHT_080_R_EN_LG.png;No;Meta Live
Rocket's Honchkrow;Team Rocket's Mimikyu;DRI 87;3;2;2;1,5;0,15;20;10,0;DRI;87;Uncommon;Basic;https://limitlesstcg.nyc3.cdn.digitaloceanspaces.com/tpci/DRI/DRI_087_R_EN_LG.png;No;Meta Live
Rocket's Honchkrow;Team Rocket's Watchtower;DRI 180;1;1;1;1,0;0,05;20;5,0;DRI;180;Uncommon;Stadium;https://limitlesstcg.nyc3.cdn.digitaloceanspaces.com/tpci/DRI/DRI_180_R_EN_LG.png;No;Meta Live
Lopunny Dusknoir;Duskull;PRE 35;78;4;20;3,9;3,9;20;100,0;PRE;35;Common;Basic;https://limitlesstcg.nyc3.cdn.digitaloceanspaces.com/tpci/PRE/PRE_035_R_EN_LG.png;No;Meta Live
Lopunny Dusknoir;Dusclops;PRE 36;41;3;20;2,05;2,05;20;100,0;PRE;36;Common;Stage 1;https://limitlesstcg.nyc3.cdn.digitaloceanspaces.com/tpci/PRE/PRE_036_R_EN_LG.png;No;Meta Live
Lopunny Dusknoir;Dusknoir;PRE 37;70;4;20;3,5;3,5;20;100,0;PRE;37;Rare;Stage 2;https://limitlesstcg.nyc3.cdn.digitaloceanspaces.com/tpci/PRE/PRE_037_R_EN_LG.png;No;Meta Live
Lopunny Dusknoir;Bronzor;TEF 68;35;2;18;1,94;1,75;20;90,0;TEF;68;Common;Basic;https://limitlesstcg.nyc3.cdn.digitaloceanspaces.com/tpci/TEF/TEF_068_R_EN_LG.png;No;Meta Live
Lopunny Dusknoir;Bronzong;TEF 69;35;2;18;1,94;1,75;20;90,0;TEF;69;Uncommon;Stage 1;https://limitlesstcg.nyc3.cdn.digitaloceanspaces.com/tpci/TEF/TEF_069_R_EN_LG.png;No;Meta Live
Lopunny Dusknoir;Buneary;PFL 83;42;3;20;2,1;2,1;20;100,0;PFL;83;Common;Basic;https://limitlesstcg.nyc3.cdn.digitaloceanspaces.com/tpci/PFL/PFL_083_R_EN_LG.png;No;Meta Live
Lopunny Dusknoir;Mega Lopunny ex;PFL 84;30;3;20;1,5;1,5;20;100,0;PFL;84;Double Rare;Stage 1;https://limitlesstcg.nyc3.cdn.digitaloceanspaces.com/tpci/PFL/PFL_084_R_EN_LG.png;No;Meta Live
Lopunny Dusknoir;Mega Kangaskhan ex;MEG 104;49;4;19;2,58;2,45;20;95,0;MEG;104;Double Rare;Basic;https://limitlesstcg.nyc3.cdn.digitaloceanspaces.com/tpci/MEG/MEG_104_R_EN_LG.png;No;Meta Live
Lopunny Dusknoir;Latias ex;SSP 76;31;2;19;1,63;1,55;20;95,0;SSP;76;Double Rare;Basic;https://limitlesstcg.nyc3.cdn.digitaloceanspaces.com/tpci/SSP/SSP_076_R_EN_LG.png;No;Meta Live
Lopunny Dusknoir;Meowth ex;POR 62;21;2;20;1,05;1,05;20;100,0;POR;62;Double Rare;Basic;https://limitlesstcg.nyc3.cdn.digitaloceanspaces.com/tpci/POR/POR_062_R_EN_LG.png;No;Meta Live
Lopunny Dusknoir;Bloodmoon Ursaluna ex;TWM 141;11;1;11;1,0;0,55;20;55,0;TWM;141;Double Rare;Basic;https://limitlesstcg.nyc3.cdn.digitaloceanspaces.com/tpci/TWM/TWM_141_R_EN_LG.png;No;Meta Live
Lopunny Dusknoir;Mew ex;30C 66;18;2;11;1,64;0,9;20;55,0;30C;66;Double Rare;Basic;https://limitlesstcg.nyc3.cdn.digitaloceanspaces.com/tpci/30C/30C_066_R_EN_LG.png;No;Meta Live
Lopunny Dusknoir;Budew;ASC 16;14;1;14;1,0;0,7;20;70,0;ASC;16;Common;Basic;https://limitlesstcg.nyc3.cdn.digitaloceanspaces.com/tpci/ASC/ASC_016_R_EN_LG.png;No;Meta Live
Lopunny Dusknoir;Lillie's Determination;MEG 119;75;4;20;3,75;3,75;20;100,0;MEG;119;Uncommon;Supporter;https://limitlesstcg.nyc3.cdn.digitaloceanspaces.com/tpci/MEG/MEG_119_R_EN_LG.png;No;Meta Live
Lopunny Dusknoir;Hilda;WHT 84;75;4;20;3,75;3,75;20;100,0;WHT;84;Uncommon;Supporter;https://limitlesstcg.nyc3.cdn.digitaloceanspaces.com/tpci/WHT/WHT_084_R_EN_LG.png;No;Meta Live
Lopunny Dusknoir;Boss's Orders;MEG 114;40;2;20;2,0;2,0;20;100,0;MEG;114;Uncommon;Supporter;https://limitlesstcg.nyc3.cdn.digitaloceanspaces.com/tpci/MEG/MEG_114_R_EN_LG.png;No;Meta Live
Lopunny Dusknoir;Rare Candy;MEG 125;68;4;19;3,58;3,4;20;95,0;MEG;125;Common;Item;https://limitlesstcg.nyc3.cdn.digitaloceanspaces.com/tpci/MEG/MEG_125_R_EN_LG.png;No;Meta Live
Lopunny Dusknoir;Switch;MEG 130;72;4;20;3,6;3,6;20;100,0;MEG;130;Common;Item;https://limitlesstcg.nyc3.cdn.digitaloceanspaces.com/tpci/MEG/MEG_130_R_EN_LG.png;No;Meta Live
Lopunny Dusknoir;Ultra Ball;MEG 131;79;4;20;3,95;3,95;20;100,0;MEG;131;Common;Item;https://limitlesstcg.nyc3.cdn.digitaloceanspaces.com/tpci/MEG/MEG_131_R_EN_LG.png;No;Meta Live
Lopunny Dusknoir;Poké Pad;POR 81;79;4;20;3,95;3,95;20;100,0;POR;81;Uncommon;Item;https://limitlesstcg.nyc3.cdn.digitaloceanspaces.com/tpci/POR/POR_081_R_EN_LG.png;No;Meta Live
Lopunny Dusknoir;Special Red Card;CRI 82;11;2;10;1,1;0,55;20;50,0;CRI;82;Uncommon;Item;https://limitlesstcg.nyc3.cdn.digitaloceanspaces.com/tpci/CRI/CRI_082_R_EN_LG.png;No;Meta Live
Lopunny Dusknoir;Jamming Tower;TWM 153;28;2;17;1,65;1,4;20;85,0;TWM;153;Uncommon;Stadium;https://limitlesstcg.nyc3.cdn.digitaloceanspaces.com/tpci/TWM/TWM_153_R_EN_LG.png;No;Meta Live
Lopunny Dusknoir;Telepathic Psychic Energy;POR 88;72;4;18;4,0;3,6;20;90,0;POR;88;Rare;Special Energy;https://limitlesstcg.nyc3.cdn.digitaloceanspaces.com/tpci/POR/POR_088_R_EN_LG.png;No;Meta Live
Lopunny Dusknoir;Enriching Energy;SSP 191;18;1;18;1,0;0,9;20;90,0;SSP;191;Ultra Rare;Special Energy;https://limitlesstcg.nyc3.cdn.digitaloceanspaces.com/tpci/SSP/SSP_191_R_EN_LG.png;Yes;Meta Live
Lopunny Dusknoir;Psychic Energy;MEE 13;16;1;16;1,0;0,8;20;80,0;MEE;13;;Basic Energy;;No;Meta Live
Lopunny Dusknoir;Salvatore;TEF 160;8;1;8;1,0;0,4;20;40,0;TEF;160;Uncommon;Supporter;https://limitlesstcg.nyc3.cdn.digitaloceanspaces.com/tpci/TEF/TEF_160_R_EN_LG.png;No;Meta Live
Lopunny Dusknoir;Frillish;WHT 44;5;1;5;1,0;0,25;20;25,0;WHT;44;Common;Basic;https://limitlesstcg.nyc3.cdn.digitaloceanspaces.com/tpci/WHT/WHT_044_R_EN_LG.png;No;Meta Live
Lopunny Dusknoir;Flutter Mane;TEF 78;6;1;6;1,0;0,3;20;30,0;TEF;78;Rare;Basic;https://limitlesstcg.nyc3.cdn.digitaloceanspaces.com/tpci/TEF/TEF_078_R_EN_LG.png;No;Meta Live
Lopunny Dusknoir;Night Stretcher;ASC 196;17;2;11;1,55;0,85;20;55,0;ASC;196;Common;Item;https://limitlesstcg.nyc3.cdn.digitaloceanspaces.com/tpci/ASC/ASC_196_R_EN_LG.png;No;Meta Live
Lopunny Dusknoir;Lillie's Clefairy ex;JTG 56;2;1;2;1,0;0,1;20;10,0;JTG;56;Double Rare;Basic;https://limitlesstcg.nyc3.cdn.digitaloceanspaces.com/tpci/JTG/JTG_056_R_EN_LG.png;No;Meta Live
Lopunny Dusknoir;Ciphermaniac's Codebreaking;TEF 145;7;2;5;1,4;0,35;20;25,0;TEF;145;Uncommon;Supporter;https://limitlesstcg.nyc3.cdn.digitaloceanspaces.com/tpci/TEF/TEF_145_R_EN_LG.png;No;Meta Live
Lopunny Dusknoir;Buddy-Buddy Poffin;TEF 144;10;4;3;3,33;0,5;20;15,0;TEF;144;Uncommon;Item;https://limitlesstcg.nyc3.cdn.digitaloceanspaces.com/tpci/TEF/TEF_144_R_EN_LG.png;No;Meta Live
Lopunny Dusknoir;Prime Catcher;TEF 157;1;1;1;1,0;0,05;20;5,0;TEF;157;Ultra Rare;Item;https://limitlesstcg.nyc3.cdn.digitaloceanspaces.com/tpci/TEF/TEF_157_R_EN_LG.png;Yes;Meta Live
Lopunny Dusknoir;Fezandipiti ex;ASC 142;1;1;1;1,0;0,05;20;5,0;ASC;142;Double Rare;Basic;https://limitlesstcg.nyc3.cdn.digitaloceanspaces.com/tpci/ASC/ASC_142_R_EN_LG.png;No;Meta Live
Lopunny Dusknoir;Dawn;PFL 87;3;3;1;3,0;0,15;20;5,0;PFL;87;Uncommon;Supporter;https://limitlesstcg.nyc3.cdn.digitaloceanspaces.com/tpci/PFL/PFL_087_R_EN_LG.png;No;Meta Live
Lopunny Dusknoir;Air Balloon;ASC 181;3;2;2;1,5;0,15;20;10,0;ASC;181;Uncommon;Tool;https://limitlesstcg.nyc3.cdn.digitaloceanspaces.com/tpci/ASC/ASC_181_R_EN_LG.png;No;Meta Live
Lopunny Dusknoir;Nighttime Mine;ASC 197;2;2;1;2,0;0,1;20;5,0;ASC;197;Uncommon;Stadium;https://limitlesstcg.nyc3.cdn.digitaloceanspaces.com/tpci/ASC/ASC_197_R_EN_LG.png;No;Meta Live
Lopunny Dusknoir;Mist Energy;TEF 161;7;4;2;3,5;0,35;20;10,0;TEF;161;Uncommon;Special Energy;https://limitlesstcg.nyc3.cdn.digitaloceanspaces.com/tpci/TEF/TEF_161_R_EN_LG.png;No;Meta Live
Lopunny Dusknoir;Festival Grounds;TWM 149;2;1;2;1,0;0,1;20;10,0;TWM;149;Uncommon;Stadium;https://limitlesstcg.nyc3.cdn.digitaloceanspaces.com/tpci/TWM/TWM_149_R_EN_LG.png;No;Meta Live
Lopunny Dusknoir;Drayton;SSP 174;2;2;1;2,0;0,1;20;5,0;SSP;174;Uncommon;Supporter;https://limitlesstcg.nyc3.cdn.digitaloceanspaces.com/tpci/SSP/SSP_174_R_EN_LG.png;No;Meta Live
Lopunny Dusknoir;Scoop Up Cyclone;TWM 162;1;1;1;1,0;0,05;20;5,0;TWM;162;Ultra Rare;Item;https://limitlesstcg.nyc3.cdn.digitaloceanspaces.com/tpci/TWM/TWM_162_R_EN_LG.png;Yes;Meta Live
Lopunny Dusknoir;Dunsparce;TEF 128;3;3;1;3,0;0,15;20;5,0;TEF;128;Common;Basic;https://limitlesstcg.nyc3.cdn.digitaloceanspaces.com/tpci/TEF/TEF_128_R_EN_LG.png;No;Meta Live
Lopunny Dusknoir;Dudunsparce;TEF 129;3;3;1;3,0;0,15;20;5,0;TEF;129;Rare;Stage 1;https://limitlesstcg.nyc3.cdn.digitaloceanspaces.com/tpci/TEF/TEF_129_R_EN_LG.png;No;Meta Live
Lopunny Dusknoir;Judge;POR 76;3;3;1;3,0;0,15;20;5,0;POR;76;Uncommon;Supporter;https://limitlesstcg.nyc3.cdn.digitaloceanspaces.com/tpci/POR/POR_076_R_EN_LG.png;No;Meta Live
Lopunny Dusknoir;Spiky Energy;JTG 159;3;3;1;3,0;0,15;20;5,0;JTG;159;Uncommon;Special Energy;https://limitlesstcg.nyc3.cdn.digitaloceanspaces.com/tpci/JTG/JTG_159_R_EN_LG.png;No;Meta Live
Lopunny Dusknoir;Patrat;CRI 70;1;1;1;1,0;0,05;20;5,0;CRI;70;Common;Basic;https://limitlesstcg.nyc3.cdn.digitaloceanspaces.com/tpci/CRI/CRI_070_R_EN_LG.png;No;Meta Live
Lopunny Dusknoir;Xerosic's Machinations;SFA 64;1;1;1;1,0;0,05;20;5,0;SFA;64;Uncommon;Supporter;https://limitlesstcg.nyc3.cdn.digitaloceanspaces.com/tpci/SFA/SFA_064_R_EN_LG.png;No;Meta Live
Lopunny Dusknoir;Sacred Ash;DRI 168;1;1;1;1,0;0,05;20;5,0;DRI;168;Uncommon;Item;https://limitlesstcg.nyc3.cdn.digitaloceanspaces.com/tpci/DRI/DRI_168_R_EN_LG.png;No;Meta Live
Cynthia's Garchomp;Cynthia's Gible;DRI 102;80;4;20;4,0;4,0;20;100,0;DRI;102;Common;Basic;https://limitlesstcg.nyc3.cdn.digitaloceanspaces.com/tpci/DRI/DRI_102_R_EN_LG.png;No;Meta Live
Cynthia's Garchomp;Cynthia's Gabite;DRI 103;80;4;20;4,0;4,0;20;100,0;DRI;103;Common;Stage 1;https://limitlesstcg.nyc3.cdn.digitaloceanspaces.com/tpci/DRI/DRI_103_R_EN_LG.png;No;Meta Live
Cynthia's Garchomp;Cynthia's Garchomp ex;DRI 104;60;3;20;3,0;3,0;20;100,0;DRI;104;Double Rare;Stage 2;https://limitlesstcg.nyc3.cdn.digitaloceanspaces.com/tpci/DRI/DRI_104_R_EN_LG.png;No;Meta Live
Cynthia's Garchomp;Cynthia's Roselia;DRI 7;69;4;20;3,45;3,45;20;100,0;DRI;7;Common;Basic;https://limitlesstcg.nyc3.cdn.digitaloceanspaces.com/tpci/DRI/DRI_007_R_EN_LG.png;No;Meta Live
Cynthia's Garchomp;Cynthia's Roserade;DRI 8;63;4;20;3,15;3,15;20;100,0;DRI;8;Rare;Stage 1;https://limitlesstcg.nyc3.cdn.digitaloceanspaces.com/tpci/DRI/DRI_008_R_EN_LG.png;No;Meta Live
Cynthia's Garchomp;Shaymin;DRI 10;12;1;12;1,0;0,6;20;60,0;DRI;10;Uncommon;Basic;https://limitlesstcg.nyc3.cdn.digitaloceanspaces.com/tpci/DRI/DRI_010_R_EN_LG.png;No;Meta Live
Cynthia's Garchomp;Psyduck;ASC 39;5;1;5;1,0;0,25;20;25,0;ASC;39;Common;Basic;https://limitlesstcg.nyc3.cdn.digitaloceanspaces.com/tpci/ASC/ASC_039_R_EN_LG.png;No;Meta Live
Cynthia's Garchomp;Cynthia's Spiritomb;DRI 129;19;1;19;1,0;0,95;20;95,0;DRI;129;Uncommon;Basic;https://limitlesstcg.nyc3.cdn.digitaloceanspaces.com/tpci/DRI/DRI_129_R_EN_LG.png;No;Meta Live
Cynthia's Garchomp;Lillie's Determination;MEG 119;80;4;20;4,0;4,0;20;100,0;MEG;119;Uncommon;Supporter;https://limitlesstcg.nyc3.cdn.digitaloceanspaces.com/tpci/MEG/MEG_119_R_EN_LG.png;No;Meta Live
Cynthia's Garchomp;Boss's Orders;MEG 114;57;4;20;2,85;2,85;20;100,0;MEG;114;Uncommon;Supporter;https://limitlesstcg.nyc3.cdn.digitaloceanspaces.com/tpci/MEG/MEG_114_R_EN_LG.png;No;Meta Live
Cynthia's Garchomp;Buddy-Buddy Poffin;TEF 144;76;4;20;3,8;3,8;20;100,0;TEF;144;Uncommon;Item;https://limitlesstcg.nyc3.cdn.digitaloceanspaces.com/tpci/TEF/TEF_144_R_EN_LG.png;No;Meta Live
Cynthia's Garchomp;Poké Pad;POR 81;77;4;20;3,85;3,85;20;100,0;POR;81;Uncommon;Item;https://limitlesstcg.nyc3.cdn.digitaloceanspaces.com/tpci/POR/POR_081_R_EN_LG.png;No;Meta Live
Cynthia's Garchomp;Fighting Gong;MEG 116;65;4;20;3,25;3,25;20;100,0;MEG;116;Uncommon;Item;https://limitlesstcg.nyc3.cdn.digitaloceanspaces.com/tpci/MEG/MEG_116_R_EN_LG.png;No;Meta Live
Cynthia's Garchomp;Pokégear 3.0;SVI 186;23;4;9;2,56;1,15;20;45,0;SVI;186;Common;Item;https://limitlesstcg.nyc3.cdn.digitaloceanspaces.com/tpci/SVI/SVI_186_R_EN_LG.png;No;Meta Live
Cynthia's Garchomp;Premium Power Pro;MEG 124;32;3;16;2,0;1,6;20;80,0;MEG;124;Uncommon;Item;https://limitlesstcg.nyc3.cdn.digitaloceanspaces.com/tpci/MEG/MEG_124_R_EN_LG.png;No;Meta Live
Cynthia's Garchomp;Night Stretcher;ASC 196;24;2;15;1,6;1,2;20;75,0;ASC;196;Common;Item;https://limitlesstcg.nyc3.cdn.digitaloceanspaces.com/tpci/ASC/ASC_196_R_EN_LG.png;No;Meta Live
Cynthia's Garchomp;Switch;MEG 130;16;1;16;1,0;0,8;20;80,0;MEG;130;Common;Item;https://limitlesstcg.nyc3.cdn.digitaloceanspaces.com/tpci/MEG/MEG_130_R_EN_LG.png;No;Meta Live
Cynthia's Garchomp;Unfair Stamp;TWM 165;5;1;5;1,0;0,25;20;25,0;TWM;165;Ultra Rare;Item;https://limitlesstcg.nyc3.cdn.digitaloceanspaces.com/tpci/TWM/TWM_165_R_EN_LG.png;Yes;Meta Live
Cynthia's Garchomp;Special Red Card;CRI 82;15;2;14;1,07;0,75;20;70,0;CRI;82;Uncommon;Item;https://limitlesstcg.nyc3.cdn.digitaloceanspaces.com/tpci/CRI/CRI_082_R_EN_LG.png;No;Meta Live
Cynthia's Garchomp;Cynthia's Power Weight;DRI 162;65;4;20;3,25;3,25;20;100,0;DRI;162;Uncommon;Tool;https://limitlesstcg.nyc3.cdn.digitaloceanspaces.com/tpci/DRI/DRI_162_R_EN_LG.png;No;Meta Live
Cynthia's Garchomp;Nighttime Mine;ASC 197;7;2;5;1,4;0,35;20;25,0;ASC;197;Uncommon;Stadium;https://limitlesstcg.nyc3.cdn.digitaloceanspaces.com/tpci/ASC/ASC_197_R_EN_LG.png;No;Meta Live
Cynthia's Garchomp;Rocky Fighting Energy;POR 87;68;4;18;3,78;3,4;20;90,0;POR;87;Rare;Special Energy;https://limitlesstcg.nyc3.cdn.digitaloceanspaces.com/tpci/POR/POR_087_R_EN_LG.png;No;Meta Live
Cynthia's Garchomp;Fighting Energy;MEE 14;79;5;20;3,95;3,95;20;100,0;MEE;14;;Basic Energy;;No;Meta Live
Cynthia's Garchomp;Hilda;WHT 84;28;3;12;2,33;1,4;20;60,0;WHT;84;Uncommon;Supporter;https://limitlesstcg.nyc3.cdn.digitaloceanspaces.com/tpci/WHT/WHT_084_R_EN_LG.png;No;Meta Live
Cynthia's Garchomp;Team Rocket's Petrel;DRI 176;13;3;8;1,62;0,65;20;40,0;DRI;176;Uncommon;Supporter;https://limitlesstcg.nyc3.cdn.digitaloceanspaces.com/tpci/DRI/DRI_176_R_EN_LG.png;No;Meta Live
Cynthia's Garchomp;Team Rocket's Watchtower;DRI 180;11;2;8;1,38;0,55;20;40,0;DRI;180;Uncommon;Stadium;https://limitlesstcg.nyc3.cdn.digitaloceanspaces.com/tpci/DRI/DRI_180_R_EN_LG.png;No;Meta Live
Cynthia's Garchomp;Neo Upper Energy;TEF 162;11;1;11;1,0;0,55;20;55,0;TEF;162;Ultra Rare;Special Energy;https://limitlesstcg.nyc3.cdn.digitaloceanspaces.com/tpci/TEF/TEF_162_R_EN_LG.png;Yes;Meta Live
Cynthia's Garchomp;Munkidori;TWM 95;4;2;2;2,0;0,2;20;10,0;TWM;95;Rare;Basic;https://limitlesstcg.nyc3.cdn.digitaloceanspaces.com/tpci/TWM/TWM_095_R_EN_LG.png;No;Meta Live
Cynthia's Garchomp;Judge;POR 76;11;2;7;1,57;0,55;20;35,0;POR;76;Uncommon;Supporter;https://limitlesstcg.nyc3.cdn.digitaloceanspaces.com/tpci/POR/POR_076_R_EN_LG.png;No;Meta Live
Cynthia's Garchomp;Crispin;SCR 133;4;2;2;2,0;0,2;20;10,0;SCR;133;Uncommon;Supporter;https://limitlesstcg.nyc3.cdn.digitaloceanspaces.com/tpci/SCR/SCR_133_R_EN_LG.png;No;Meta Live
Cynthia's Garchomp;Lana's Aid;TWM 155;2;1;2;1,0;0,1;20;10,0;TWM;155;Uncommon;Supporter;https://limitlesstcg.nyc3.cdn.digitaloceanspaces.com/tpci/TWM/TWM_155_R_EN_LG.png;No;Meta Live
Cynthia's Garchomp;Prime Catcher;TEF 157;4;1;4;1,0;0,2;20;20,0;TEF;157;Ultra Rare;Item;https://limitlesstcg.nyc3.cdn.digitaloceanspaces.com/tpci/TEF/TEF_157_R_EN_LG.png;Yes;Meta Live
Cynthia's Garchomp;Forest of Vitality;MEG 117;4;1;4;1,0;0,2;20;20,0;MEG;117;Uncommon;Stadium;https://limitlesstcg.nyc3.cdn.digitaloceanspaces.com/tpci/MEG/MEG_117_R_EN_LG.png;No;Meta Live
Cynthia's Garchomp;Darkness Energy;MEE 7;6;3;2;3,0;0,3;20;10,0;MEE;7;;Basic Energy;https://limitlesstcg.nyc3.cdn.digitaloceanspaces.com/tpci/MEE/MEE_007_R_EN_LG.png;No;Meta Live
Cynthia's Garchomp;Kieran;TWM 154;2;1;2;1,0;0,1;20;10,0;TWM;154;Uncommon;Supporter;https://limitlesstcg.nyc3.cdn.digitaloceanspaces.com/tpci/TWM/TWM_154_R_EN_LG.png;No;Meta Live
Cynthia's Garchomp;Shellos;SSP 46;2;1;2;1,0;0,1;20;10,0;SSP;46;Common;Basic;https://limitlesstcg.nyc3.cdn.digitaloceanspaces.com/tpci/SSP/SSP_046_R_EN_LG.png;No;Meta Live
Cynthia's Garchomp;Gastrodon;SSP 107;2;1;2;1,0;0,1;20;10,0;SSP;107;Rare;Stage 1;https://limitlesstcg.nyc3.cdn.digitaloceanspaces.com/tpci/SSP/SSP_107_R_EN_LG.png;No;Meta Live
Cynthia's Garchomp;Larry's Skill;PRE 115;8;2;4;2,0;0,4;20;20,0;PRE;115;Common;Supporter;https://limitlesstcg.nyc3.cdn.digitaloceanspaces.com/tpci/PRE/PRE_115_R_EN_LG.png;No;Meta Live
Cynthia's Garchomp;AZ's Tranquility;CRI 76;1;1;1;1,0;0,05;20;5,0;CRI;76;Uncommon;Supporter;https://limitlesstcg.nyc3.cdn.digitaloceanspaces.com/tpci/CRI/CRI_076_R_EN_LG.png;No;Meta Live
Cynthia's Garchomp;Relicanth;TEF 84;1;1;1;1,0;0,05;20;5,0;TEF;84;Rare;Basic;https://limitlesstcg.nyc3.cdn.digitaloceanspaces.com/tpci/TEF/TEF_084_R_EN_LG.png;No;Meta Live
Cynthia's Garchomp;Rosa's Encouragement;POR 84;1;1;1;1,0;0,05;20;5,0;POR;84;Uncommon;Supporter;https://limitlesstcg.nyc3.cdn.digitaloceanspaces.com/tpci/POR/POR_084_R_EN_LG.png;No;Meta Live
Cynthia's Garchomp;Rare Candy;MEG 125;7;2;6;1,17;0,35;20;30,0;MEG;125;Common;Item;https://limitlesstcg.nyc3.cdn.digitaloceanspaces.com/tpci/MEG/MEG_125_R_EN_LG.png;No;Meta Live
Cynthia's Garchomp;Xerosic's Machinations;SFA 64;1;1;1;1,0;0,05;20;5,0;SFA;64;Uncommon;Supporter;https://limitlesstcg.nyc3.cdn.digitaloceanspaces.com/tpci/SFA/SFA_064_R_EN_LG.png;No;Meta Live
Mega Lucario;Riolu;PRE 50;68;4;20;3,4;3,4;20;100,0;PRE;50;Common;Basic;https://limitlesstcg.nyc3.cdn.digitaloceanspaces.com/tpci/PRE/PRE_050_R_EN_LG.png;No;Meta Live
Mega Lucario;Mega Lucario ex;MEG 77;59;4;20;2,95;2,95;20;100,0;MEG;77;Double Rare;Stage 1;https://limitlesstcg.nyc3.cdn.digitaloceanspaces.com/tpci/MEG/MEG_077_R_EN_LG.png;No;Meta Live
Mega Lucario;Dunsparce;JTG 120;33;3;13;2,54;1,65;20;65,0;JTG;120;Common;Basic;https://limitlesstcg.nyc3.cdn.digitaloceanspaces.com/tpci/JTG/JTG_120_R_EN_LG.png;No;Meta Live
Mega Lucario;Dudunsparce;TEF 129;27;3;13;2,08;1,35;20;65,0;TEF;129;Rare;Stage 1;https://limitlesstcg.nyc3.cdn.digitaloceanspaces.com/tpci/TEF/TEF_129_R_EN_LG.png;No;Meta Live
Mega Lucario;Dudunsparce ex;JTG 121;10;1;10;1,0;0,5;20;50,0;JTG;121;Double Rare;Stage 1;https://limitlesstcg.nyc3.cdn.digitaloceanspaces.com/tpci/JTG/JTG_121_R_EN_LG.png;No;Meta Live
Mega Lucario;Solrock;MEG 75;41;3;19;2,16;2,05;20;95,0;MEG;75;Uncommon;Basic;https://limitlesstcg.nyc3.cdn.digitaloceanspaces.com/tpci/MEG/MEG_075_R_EN_LG.png;No;Meta Live
Mega Lucario;Lunatone;MEG 74;38;2;19;2,0;1,9;20;95,0;MEG;74;Rare;Basic;https://limitlesstcg.nyc3.cdn.digitaloceanspaces.com/tpci/MEG/MEG_074_R_EN_LG.png;No;Meta Live
Mega Lucario;Lillie's Determination;MEG 119;76;4;20;3,8;3,8;20;100,0;MEG;119;Uncommon;Supporter;https://limitlesstcg.nyc3.cdn.digitaloceanspaces.com/tpci/MEG/MEG_119_R_EN_LG.png;No;Meta Live
Mega Lucario;Boss's Orders;MEG 114;51;4;19;2,68;2,55;20;95,0;MEG;114;Uncommon;Supporter;https://limitlesstcg.nyc3.cdn.digitaloceanspaces.com/tpci/MEG/MEG_114_R_EN_LG.png;No;Meta Live
Mega Lucario;Judge;POR 76;22;3;12;1,83;1,1;20;60,0;POR;76;Uncommon;Supporter;https://limitlesstcg.nyc3.cdn.digitaloceanspaces.com/tpci/POR/POR_076_R_EN_LG.png;No;Meta Live
Mega Lucario;Wally's Compassion;MEG 132;15;2;11;1,36;0,75;20;55,0;MEG;132;Uncommon;Supporter;https://limitlesstcg.nyc3.cdn.digitaloceanspaces.com/tpci/MEG/MEG_132_R_EN_LG.png;No;Meta Live
Mega Lucario;Black Belt's Training;JTG 143;6;1;6;1,0;0,3;20;30,0;JTG;143;Common;Supporter;https://limitlesstcg.nyc3.cdn.digitaloceanspaces.com/tpci/JTG/JTG_143_R_EN_LG.png;No;Meta Live
Mega Lucario;Fighting Gong;MEG 116;79;4;20;3,95;3,95;20;100,0;MEG;116;Uncommon;Item;https://limitlesstcg.nyc3.cdn.digitaloceanspaces.com/tpci/MEG/MEG_116_R_EN_LG.png;No;Meta Live
Mega Lucario;Premium Power Pro;MEG 124;75;4;20;3,75;3,75;20;100,0;MEG;124;Uncommon;Item;https://limitlesstcg.nyc3.cdn.digitaloceanspaces.com/tpci/MEG/MEG_124_R_EN_LG.png;No;Meta Live
Mega Lucario;Poké Pad;POR 81;64;4;19;3,37;3,2;20;95,0;POR;81;Uncommon;Item;https://limitlesstcg.nyc3.cdn.digitaloceanspaces.com/tpci/POR/POR_081_R_EN_LG.png;No;Meta Live
Mega Lucario;Ultra Ball;MEG 131;46;4;17;2,71;2,3;20;85,0;MEG;131;Common;Item;https://limitlesstcg.nyc3.cdn.digitaloceanspaces.com/tpci/MEG/MEG_131_R_EN_LG.png;No;Meta Live
Mega Lucario;Buddy-Buddy Poffin;TEF 144;28;3;11;2,55;1,4;20;55,0;TEF;144;Uncommon;Item;https://limitlesstcg.nyc3.cdn.digitaloceanspaces.com/tpci/TEF/TEF_144_R_EN_LG.png;No;Meta Live
Mega Lucario;Night Stretcher;ASC 196;21;2;13;1,62;1,05;20;65,0;ASC;196;Common;Item;https://limitlesstcg.nyc3.cdn.digitaloceanspaces.com/tpci/ASC/ASC_196_R_EN_LG.png;No;Meta Live
Mega Lucario;Special Red Card;CRI 82;16;1;16;1,0;0,8;20;80,0;CRI;82;Uncommon;Item;https://limitlesstcg.nyc3.cdn.digitaloceanspaces.com/tpci/CRI/CRI_082_R_EN_LG.png;No;Meta Live
Mega Lucario;Pokégear 3.0;SVI 186;6;3;3;2,0;0,3;20;15,0;SVI;186;Common;Item;https://limitlesstcg.nyc3.cdn.digitaloceanspaces.com/tpci/SVI/SVI_186_R_EN_LG.png;No;Meta Live
Mega Lucario;Air Balloon;ASC 181;15;3;11;1,36;0,75;20;55,0;ASC;181;Uncommon;Tool;https://limitlesstcg.nyc3.cdn.digitaloceanspaces.com/tpci/ASC/ASC_181_R_EN_LG.png;No;Meta Live
Mega Lucario;Hero's Cape;TEF 152;6;1;6;1,0;0,3;20;30,0;TEF;152;Ultra Rare;Tool;https://limitlesstcg.nyc3.cdn.digitaloceanspaces.com/tpci/TEF/TEF_152_R_EN_LG.png;Yes;Meta Live
Mega Lucario;Gravity Mountain;SSP 177;32;2;17;1,88;1,6;20;85,0;SSP;177;Uncommon;Stadium;https://limitlesstcg.nyc3.cdn.digitaloceanspaces.com/tpci/SSP/SSP_177_R_EN_LG.png;No;Meta Live
Mega Lucario;Fighting Energy;MEE 6;171;11;20;8,55;8,55;20;100,0;MEE;6;;Basic Energy;https://limitlesstcg.nyc3.cdn.digitaloceanspaces.com/tpci/MEE/MEE_006_R_EN_LG.png;No;Meta Live
Mega Lucario;Rocky Fighting Energy;POR 87;35;4;14;2,5;1,75;20;70,0;POR;87;Rare;Special Energy;https://limitlesstcg.nyc3.cdn.digitaloceanspaces.com/tpci/POR/POR_087_R_EN_LG.png;No;Meta Live
Mega Lucario;Mew ex;30C 66;6;2;3;2,0;0,3;20;15,0;30C;66;Double Rare;Basic;https://limitlesstcg.nyc3.cdn.digitaloceanspaces.com/tpci/30C/30C_066_R_EN_LG.png;No;Meta Live
Mega Lucario;Meowth ex;POR 62;8;2;7;1,14;0,4;20;35,0;POR;62;Double Rare;Basic;https://limitlesstcg.nyc3.cdn.digitaloceanspaces.com/tpci/POR/POR_062_R_EN_LG.png;No;Meta Live
Mega Lucario;Lillie's Clefairy ex;JTG 56;1;1;1;1,0;0,05;20;5,0;JTG;56;Double Rare;Basic;https://limitlesstcg.nyc3.cdn.digitaloceanspaces.com/tpci/JTG/JTG_056_R_EN_LG.png;No;Meta Live
Mega Lucario;Cornerstone Mask Ogerpon ex;TWM 112;5;2;4;1,25;0,25;20;20,0;TWM;112;Double Rare;Basic;https://limitlesstcg.nyc3.cdn.digitaloceanspaces.com/tpci/TWM/TWM_112_R_EN_LG.png;No;Meta Live
Mega Lucario;Hilda;WHT 84;14;2;9;1,56;0,7;20;45,0;WHT;84;Uncommon;Supporter;https://limitlesstcg.nyc3.cdn.digitaloceanspaces.com/tpci/WHT/WHT_084_R_EN_LG.png;No;Meta Live
Mega Lucario;Switch;MEG 130;16;2;12;1,33;0,8;20;60,0;MEG;130;Common;Item;https://limitlesstcg.nyc3.cdn.digitaloceanspaces.com/tpci/MEG/MEG_130_R_EN_LG.png;No;Meta Live
Mega Lucario;Legacy Energy;TWM 167;5;1;5;1,0;0,25;20;25,0;TWM;167;Ultra Rare;Special Energy;https://limitlesstcg.nyc3.cdn.digitaloceanspaces.com/tpci/TWM/TWM_167_R_EN_LG.png;Yes;Meta Live
Mega Lucario;Makuhita;MEG 72;2;1;2;1,0;0,1;20;10,0;MEG;72;Common;Basic;https://limitlesstcg.nyc3.cdn.digitaloceanspaces.com/tpci/MEG/MEG_072_R_EN_LG.png;No;Meta Live
Mega Lucario;Hariyama;MEG 73;2;1;2;1,0;0,1;20;10,0;MEG;73;Rare;Stage 1;https://limitlesstcg.nyc3.cdn.digitaloceanspaces.com/tpci/MEG/MEG_073_R_EN_LG.png;No;Meta Live
Mega Lucario;Crushing Hammer;POR 71;16;4;4;4,0;0,8;20;20,0;POR;71;Common;Item;https://limitlesstcg.nyc3.cdn.digitaloceanspaces.com/tpci/POR/POR_071_R_EN_LG.png;No;Meta Live
Mega Lucario;Unfair Stamp;TWM 165;4;1;4;1,0;0,2;20;20,0;TWM;165;Ultra Rare;Item;https://limitlesstcg.nyc3.cdn.digitaloceanspaces.com/tpci/TWM/TWM_165_R_EN_LG.png;Yes;Meta Live
Mega Lucario;Jamming Tower;TWM 153;3;1;3;1,0;0,15;20;15,0;TWM;153;Uncommon;Stadium;https://limitlesstcg.nyc3.cdn.digitaloceanspaces.com/tpci/TWM/TWM_153_R_EN_LG.png;No;Meta Live
Mega Lucario;Cinderace;MEG 28;4;4;1;4,0;0,2;20;5,0;MEG;28;Rare;Stage 2;https://limitlesstcg.nyc3.cdn.digitaloceanspaces.com/tpci/MEG/MEG_028_R_EN_LG.png;No;Meta Live
Mega Lucario;Mega Audino ex;ASC 172;2;2;1;2,0;0,1;20;5,0;ASC;172;Double Rare;Basic;https://limitlesstcg.nyc3.cdn.digitaloceanspaces.com/tpci/ASC/ASC_172_R_EN_LG.png;No;Meta Live
Mega Lucario;Mega Zygarde ex;POR 47;2;2;1;2,0;0,1;20;5,0;POR;47;Double Rare;Basic;https://limitlesstcg.nyc3.cdn.digitaloceanspaces.com/tpci/POR/POR_047_R_EN_LG.png;No;Meta Live
Mega Lucario;Team Rocket's Petrel;DRI 176;8;4;5;1,6;0,4;20;25,0;DRI;176;Uncommon;Supporter;https://limitlesstcg.nyc3.cdn.digitaloceanspaces.com/tpci/DRI/DRI_176_R_EN_LG.png;No;Meta Live
Mega Lucario;Xerosic's Machinations;SFA 64;3;1;3;1,0;0,15;20;15,0;SFA;64;Uncommon;Supporter;https://limitlesstcg.nyc3.cdn.digitaloceanspaces.com/tpci/SFA/SFA_064_R_EN_LG.png;No;Meta Live
Mega Lucario;Harlequin;WHT 83;1;1;1;1,0;0,05;20;5,0;WHT;83;Uncommon;Supporter;https://limitlesstcg.nyc3.cdn.digitaloceanspaces.com/tpci/WHT/WHT_083_R_EN_LG.png;No;Meta Live
Mega Lucario;Jumbo Ice Cream;PFL 91;3;3;1;3,0;0,15;20;5,0;PFL;91;Uncommon;Item;https://limitlesstcg.nyc3.cdn.digitaloceanspaces.com/tpci/PFL/PFL_091_R_EN_LG.png;No;Meta Live
Mega Lucario;Mega Signal;MEG 121;2;2;1;2,0;0,1;20;5,0;MEG;121;Uncommon;Item;https://limitlesstcg.nyc3.cdn.digitaloceanspaces.com/tpci/MEG/MEG_121_R_EN_LG.png;No;Meta Live
Mega Lucario;Energy Switch;MEG 115;1;1;1;1,0;0,05;20;5,0;MEG;115;Common;Item;https://limitlesstcg.nyc3.cdn.digitaloceanspaces.com/tpci/MEG/MEG_115_R_EN_LG.png;No;Meta Live
Mega Lucario;Backtrack Badge;PBL 74;1;1;1;1,0;0,05;20;5,0;PBL;74;Uncommon;Tool;https://limitlesstcg.nyc3.cdn.digitaloceanspaces.com/tpci/PBL/PBL_074_R_EN_LG.png;No;Meta Live
Mega Lucario;Battle Cage;PFL 85;5;2;3;1,67;0,25;20;15,0;PFL;85;Uncommon;Stadium;https://limitlesstcg.nyc3.cdn.digitaloceanspaces.com/tpci/PFL/PFL_085_R_EN_LG.png;No;Meta Live
Mega Lucario;Lucario;30C 83;4;1;4;1,0;0,2;20;20,0;30C;83;Common;Stage 1;https://limitlesstcg.nyc3.cdn.digitaloceanspaces.com/tpci/30C/30C_083_R_EN_LG.png;No;Meta Live
Mega Lucario;Secret Box;TWM 163;2;1;2;1,0;0,1;20;10,0;TWM;163;Ultra Rare;Item;https://limitlesstcg.nyc3.cdn.digitaloceanspaces.com/tpci/TWM/TWM_163_R_EN_LG.png;Yes;Meta Live
Mega Lucario;Kieran;TWM 154;1;1;1;1,0;0,05;20;5,0;TWM;154;Uncommon;Supporter;https://limitlesstcg.nyc3.cdn.digitaloceanspaces.com/tpci/TWM/TWM_154_R_EN_LG.png;No;Meta Live
Mega Lucario;Patrat;CRI 70;1;1;1;1,0;0,05;20;5,0;CRI;70;Common;Basic;https://limitlesstcg.nyc3.cdn.digitaloceanspaces.com/tpci/CRI/CRI_070_R_EN_LG.png;No;Meta Live
Mega Lucario;Shaymin;DRI 10;3;1;3;1,0;0,15;20;15,0;DRI;10;Uncommon;Basic;https://limitlesstcg.nyc3.cdn.digitaloceanspaces.com/tpci/DRI/DRI_010_R_EN_LG.png;No;Meta Live
Mega Lucario;Tool Scrapper;ASC 212;1;1;1;1,0;0,05;20;5,0;ASC;212;Common;Item;https://limitlesstcg.nyc3.cdn.digitaloceanspaces.com/tpci/ASC/ASC_212_R_EN_LG.png;No;Meta Live
Mega Lucario;Maximum Belt;TEF 154;3;1;3;1,0;0,15;20;15,0;TEF;154;Ultra Rare;Tool;https://limitlesstcg.nyc3.cdn.digitaloceanspaces.com/tpci/TEF/TEF_154_R_EN_LG.png;Yes;Meta Live
Mega Lucario;Ciphermaniac's Codebreaking;TEF 145;4;2;2;2,0;0,2;20;10,0;TEF;145;Uncommon;Supporter;https://limitlesstcg.nyc3.cdn.digitaloceanspaces.com/tpci/TEF/TEF_145_R_EN_LG.png;No;Meta Live
Mega Lucario;Pokémon Catcher;POR 82;4;4;1;4,0;0,2;20;5,0;POR;82;Common;Item;https://limitlesstcg.nyc3.cdn.digitaloceanspaces.com/tpci/POR/POR_082_R_EN_LG.png;No;Meta Live
Mega Lucario;Team Rocket's Watchtower;DRI 180;4;2;3;1,33;0,2;20;15,0;DRI;180;Uncommon;Stadium;https://limitlesstcg.nyc3.cdn.digitaloceanspaces.com/tpci/DRI/DRI_180_R_EN_LG.png;No;Meta Live
Mega Lucario;Okidogi;TWM 111;2;2;1;2,0;0,1;20;5,0;TWM;111;Rare;Basic;https://limitlesstcg.nyc3.cdn.digitaloceanspaces.com/tpci/TWM/TWM_111_R_EN_LG.png;No;Meta Live
Mega Lucario;Munkidori;TWM 95;2;2;1;2,0;0,1;20;5,0;TWM;95;Rare;Basic;https://limitlesstcg.nyc3.cdn.digitaloceanspaces.com/tpci/TWM/TWM_095_R_EN_LG.png;No;Meta Live
Mega Lucario;Fezandipiti ex;ASC 142;3;1;3;1,0;0,15;20;15,0;ASC;142;Double Rare;Basic;https://limitlesstcg.nyc3.cdn.digitaloceanspaces.com/tpci/ASC/ASC_142_R_EN_LG.png;No;Meta Live
Mega Lucario;Prism Energy;ASC 216;3;3;1;3,0;0,15;20;5,0;ASC;216;Uncommon;Special Energy;https://limitlesstcg.nyc3.cdn.digitaloceanspaces.com/tpci/ASC/ASC_216_R_EN_LG.png;No;Meta Live
Mega Lucario;Clefairy;POR 30;2;2;1;2,0;0,1;20;5,0;POR;30;Common;Basic;https://limitlesstcg.nyc3.cdn.digitaloceanspaces.com/tpci/POR/POR_030_R_EN_LG.png;No;Meta Live
Mega Lucario;Clefable;TWM 79;2;2;1;2,0;0,1;20;5,0;TWM;79;Uncommon;Stage 1;https://limitlesstcg.nyc3.cdn.digitaloceanspaces.com/tpci/TWM/TWM_079_R_EN_LG.png;No;Meta Live
Mega Lucario;Salvatore;TEF 160;1;1;1;1,0;0,05;20;5,0;TEF;160;Uncommon;Supporter;https://limitlesstcg.nyc3.cdn.digitaloceanspaces.com/tpci/TEF/TEF_160_R_EN_LG.png;No;Meta Live
Mega Lucario;Colress's Tenacity;SFA 57;1;1;1;1,0;0,05;20;5,0;SFA;57;Uncommon;Supporter;https://limitlesstcg.nyc3.cdn.digitaloceanspaces.com/tpci/SFA/SFA_057_R_EN_LG.png;No;Meta Live
Mega Lucario;Enhanced Hammer;TWM 148;1;1;1;1,0;0,05;20;5,0;TWM;148;Uncommon;Item;https://limitlesstcg.nyc3.cdn.digitaloceanspaces.com/tpci/TWM/TWM_148_R_EN_LG.png;No;Meta Live
Mega Lucario;Festival Grounds;TWM 149;1;1;1;1,0;0,05;20;5,0;TWM;149;Uncommon;Stadium;https://limitlesstcg.nyc3.cdn.digitaloceanspaces.com/tpci/TWM/TWM_149_R_EN_LG.png;No;Meta Live
Mega Lucario;Genesect;SFA 40;1;1;1;1,0;0,05;20;5,0;SFA;40;Uncommon;Basic;https://limitlesstcg.nyc3.cdn.digitaloceanspaces.com/tpci/SFA/SFA_040_R_EN_LG.png;No;Meta Live
Grimmsnarl Froslass;Munkidori;TWM 95;74;4;19;3,89;3,89;19;100,0;TWM;95;Rare;Basic;https://limitlesstcg.nyc3.cdn.digitaloceanspaces.com/tpci/TWM/TWM_095_R_EN_LG.png;No;Meta Live
Grimmsnarl Froslass;Marnie's Impidimp;DRI 134;62;4;19;3,26;3,26;19;100,0;DRI;134;Common;Basic;https://limitlesstcg.nyc3.cdn.digitaloceanspaces.com/tpci/DRI/DRI_134_R_EN_LG.png;No;Meta Live
Grimmsnarl Froslass;Marnie's Morgrem;DRI 135;46;3;19;2,42;2,42;19;100,0;DRI;135;Uncommon;Stage 1;https://limitlesstcg.nyc3.cdn.digitaloceanspaces.com/tpci/DRI/DRI_135_R_EN_LG.png;No;Meta Live
Grimmsnarl Froslass;Marnie's Grimmsnarl ex;DRI 136;49;3;19;2,58;2,58;19;100,0;DRI;136;Double Rare;Stage 2;https://limitlesstcg.nyc3.cdn.digitaloceanspaces.com/tpci/DRI/DRI_136_R_EN_LG.png;No;Meta Live
Grimmsnarl Froslass;Snorunt;ASC 46;55;3;19;2,89;2,89;19;100,0;ASC;46;Common;Basic;https://limitlesstcg.nyc3.cdn.digitaloceanspaces.com/tpci/ASC/ASC_046_R_EN_LG.png;No;Meta Live
Grimmsnarl Froslass;Froslass;TWM 53;54;3;19;2,84;2,84;19;100,0;TWM;53;Rare;Stage 1;https://limitlesstcg.nyc3.cdn.digitaloceanspaces.com/tpci/TWM/TWM_053_R_EN_LG.png;No;Meta Live
Grimmsnarl Froslass;Bloodmoon Ursaluna ex;TWM 141;4;1;4;1,0;0,21;19;21,05;TWM;141;Double Rare;Basic;https://limitlesstcg.nyc3.cdn.digitaloceanspaces.com/tpci/TWM/TWM_141_R_EN_LG.png;No;Meta Live
Grimmsnarl Froslass;Shaymin;DRI 10;13;1;13;1,0;0,68;19;68,42;DRI;10;Uncommon;Basic;https://limitlesstcg.nyc3.cdn.digitaloceanspaces.com/tpci/DRI/DRI_010_R_EN_LG.png;No;Meta Live
Grimmsnarl Froslass;Yveltal;MEG 88;20;2;19;1,05;1,05;19;100,0;MEG;88;Rare;Basic;https://limitlesstcg.nyc3.cdn.digitaloceanspaces.com/tpci/MEG/MEG_088_R_EN_LG.png;No;Meta Live
Grimmsnarl Froslass;Budew;ASC 16;26;2;19;1,37;1,37;19;100,0;ASC;16;Common;Basic;https://limitlesstcg.nyc3.cdn.digitaloceanspaces.com/tpci/ASC/ASC_016_R_EN_LG.png;No;Meta Live
Grimmsnarl Froslass;Lillie's Determination;MEG 119;75;4;19;3,95;3,95;19;100,0;MEG;119;Uncommon;Supporter;https://limitlesstcg.nyc3.cdn.digitaloceanspaces.com/tpci/MEG/MEG_119_R_EN_LG.png;No;Meta Live
Grimmsnarl Froslass;Boss's Orders;MEG 114;54;3;19;2,84;2,84;19;100,0;MEG;114;Uncommon;Supporter;https://limitlesstcg.nyc3.cdn.digitaloceanspaces.com/tpci/MEG/MEG_114_R_EN_LG.png;No;Meta Live
Grimmsnarl Froslass;Team Rocket's Petrel;DRI 176;51;4;19;2,68;2,68;19;100,0;DRI;176;Uncommon;Supporter;https://limitlesstcg.nyc3.cdn.digitaloceanspaces.com/tpci/DRI/DRI_176_R_EN_LG.png;No;Meta Live
Grimmsnarl Froslass;Gwynn;PBL 78;35;3;18;1,94;1,84;19;94,74;PBL;78;Uncommon;Supporter;https://limitlesstcg.nyc3.cdn.digitaloceanspaces.com/tpci/PBL/PBL_078_R_EN_LG.png;No;Meta Live
Grimmsnarl Froslass;Poké Pad;POR 81;76;4;19;4,0;4,0;19;100,0;POR;81;Uncommon;Item;https://limitlesstcg.nyc3.cdn.digitaloceanspaces.com/tpci/POR/POR_081_R_EN_LG.png;No;Meta Live
Grimmsnarl Froslass;Night Stretcher;ASC 196;46;3;19;2,42;2,42;19;100,0;ASC;196;Common;Item;https://limitlesstcg.nyc3.cdn.digitaloceanspaces.com/tpci/ASC/ASC_196_R_EN_LG.png;No;Meta Live
Grimmsnarl Froslass;Ultra Ball;MEG 131;6;1;6;1,0;0,32;19;31,58;MEG;131;Common;Item;https://limitlesstcg.nyc3.cdn.digitaloceanspaces.com/tpci/MEG/MEG_131_R_EN_LG.png;No;Meta Live
Grimmsnarl Froslass;Rare Candy;MEG 125;27;3;19;1,42;1,42;19;100,0;MEG;125;Common;Item;https://limitlesstcg.nyc3.cdn.digitaloceanspaces.com/tpci/MEG/MEG_125_R_EN_LG.png;No;Meta Live
Grimmsnarl Froslass;Buddy-Buddy Poffin;TEF 144;42;3;19;2,21;2,21;19;100,0;TEF;144;Uncommon;Item;https://limitlesstcg.nyc3.cdn.digitaloceanspaces.com/tpci/TEF/TEF_144_R_EN_LG.png;No;Meta Live
Grimmsnarl Froslass;Special Red Card;CRI 82;14;1;14;1,0;0,74;19;73,68;CRI;82;Uncommon;Item;https://limitlesstcg.nyc3.cdn.digitaloceanspaces.com/tpci/CRI/CRI_082_R_EN_LG.png;No;Meta Live
Grimmsnarl Froslass;Secret Box;TWM 163;16;1;16;1,0;0,84;19;84,21;TWM;163;Ultra Rare;Item;https://limitlesstcg.nyc3.cdn.digitaloceanspaces.com/tpci/TWM/TWM_163_R_EN_LG.png;Yes;Meta Live
Grimmsnarl Froslass;Air Balloon;ASC 181;20;2;19;1,05;1,05;19;100,0;ASC;181;Uncommon;Tool;https://limitlesstcg.nyc3.cdn.digitaloceanspaces.com/tpci/ASC/ASC_181_R_EN_LG.png;No;Meta Live
Grimmsnarl Froslass;Spikemuth Gym;DRI 169;62;4;19;3,26;3,26;19;100,0;DRI;169;Uncommon;Stadium;https://limitlesstcg.nyc3.cdn.digitaloceanspaces.com/tpci/DRI/DRI_169_R_EN_LG.png;No;Meta Live
Grimmsnarl Froslass;Team Rocket's Watchtower;DRI 180;6;1;6;1,0;0,32;19;31,58;DRI;180;Uncommon;Stadium;https://limitlesstcg.nyc3.cdn.digitaloceanspaces.com/tpci/DRI/DRI_180_R_EN_LG.png;No;Meta Live
Grimmsnarl Froslass;Darkness Energy;MEE 7;169;9;19;8,89;8,89;19;100,0;MEE;7;;Basic Energy;https://limitlesstcg.nyc3.cdn.digitaloceanspaces.com/tpci/MEE/MEE_007_R_EN_LG.png;No;Meta Live
Grimmsnarl Froslass;Tatsugiri;TWM 131;8;1;8;1,0;0,42;19;42,11;TWM;131;Uncommon;Basic;https://limitlesstcg.nyc3.cdn.digitaloceanspaces.com/tpci/TWM/TWM_131_R_EN_LG.png;No;Meta Live
Grimmsnarl Froslass;Unfair Stamp;TWM 165;3;1;3;1,0;0,16;19;15,79;TWM;165;Ultra Rare;Item;https://limitlesstcg.nyc3.cdn.digitaloceanspaces.com/tpci/TWM/TWM_165_R_EN_LG.png;Yes;Meta Live
Grimmsnarl Froslass;Energy Switch;MEG 115;8;2;7;1,14;0,42;19;36,84;MEG;115;Common;Item;https://limitlesstcg.nyc3.cdn.digitaloceanspaces.com/tpci/MEG/MEG_115_R_EN_LG.png;No;Meta Live
Grimmsnarl Froslass;Pokégear 3.0;SVI 186;9;2;6;1,5;0,47;19;31,58;SVI;186;Common;Item;https://limitlesstcg.nyc3.cdn.digitaloceanspaces.com/tpci/SVI/SVI_186_R_EN_LG.png;No;Meta Live
Grimmsnarl Froslass;Fezandipiti ex;ASC 142;1;1;1;1,0;0,05;19;5,26;ASC;142;Double Rare;Basic;https://limitlesstcg.nyc3.cdn.digitaloceanspaces.com/tpci/ASC/ASC_142_R_EN_LG.png;No;Meta Live
Grimmsnarl Froslass;Meowth ex;POR 62;1;1;1;1,0;0,05;19;5,26;POR;62;Double Rare;Basic;https://limitlesstcg.nyc3.cdn.digitaloceanspaces.com/tpci/POR/POR_062_R_EN_LG.png;No;Meta Live
Grimmsnarl Froslass;Duskull;PRE 35;1;1;1;1,0;0,05;19;5,26;PRE;35;Common;Basic;https://limitlesstcg.nyc3.cdn.digitaloceanspaces.com/tpci/PRE/PRE_035_R_EN_LG.png;No;Meta Live
Grimmsnarl Froslass;Dusclops;PRE 36;1;1;1;1,0;0,05;19;5,26;PRE;36;Common;Stage 1;https://limitlesstcg.nyc3.cdn.digitaloceanspaces.com/tpci/PRE/PRE_036_R_EN_LG.png;No;Meta Live
Grimmsnarl Froslass;Dusknoir;PRE 37;1;1;1;1,0;0,05;19;5,26;PRE;37;Rare;Stage 2;https://limitlesstcg.nyc3.cdn.digitaloceanspaces.com/tpci/PRE/PRE_037_R_EN_LG.png;No;Meta Live
Grimmsnarl Froslass;Lana's Aid;TWM 155;1;1;1;1,0;0,05;19;5,26;TWM;155;Uncommon;Supporter;https://limitlesstcg.nyc3.cdn.digitaloceanspaces.com/tpci/TWM/TWM_155_R_EN_LG.png;No;Meta Live
Grimmsnarl Froslass;Team Rocket's Factory;DRI 173;1;1;1;1,0;0,05;19;5,26;DRI;173;Uncommon;Stadium;https://limitlesstcg.nyc3.cdn.digitaloceanspaces.com/tpci/DRI/DRI_173_R_EN_LG.png;No;Meta Live
Grimmsnarl Froslass;Judge;POR 76;1;1;1;1,0;0,05;19;5,26;POR;76;Uncommon;Supporter;https://limitlesstcg.nyc3.cdn.digitaloceanspaces.com/tpci/POR/POR_076_R_EN_LG.png;No;Meta Live
Grimmsnarl Froslass;Psyduck;ASC 39;1;1;1;1,0;0,05;19;5,26;ASC;39;Common;Basic;https://limitlesstcg.nyc3.cdn.digitaloceanspaces.com/tpci/ASC/ASC_039_R_EN_LG.png;No;Meta Live
Grimmsnarl Froslass;Xerosic's Machinations;SFA 64;1;1;1;1,0;0,05;19;5,26;SFA;64;Uncommon;Supporter;https://limitlesstcg.nyc3.cdn.digitaloceanspaces.com/tpci/SFA/SFA_064_R_EN_LG.png;No;Meta Live
Rocket's Mewtwo;Team Rocket's Tarountula;DRI 19;76;4;19;4,0;4,0;19;100,0;DRI;19;Common;Basic;https://limitlesstcg.nyc3.cdn.digitaloceanspaces.com/tpci/DRI/DRI_019_R_EN_LG.png;No;Meta Live
Rocket's Mewtwo;Team Rocket's Spidops;DRI 20;73;4;19;3,84;3,84;19;100,0;DRI;20;Rare;Stage 1;https://limitlesstcg.nyc3.cdn.digitaloceanspaces.com/tpci/DRI/DRI_020_R_EN_LG.png;No;Meta Live
Rocket's Mewtwo;Team Rocket's Mewtwo ex;DRI 81;38;2;19;2,0;2,0;19;100,0;DRI;81;Double Rare;Basic;https://limitlesstcg.nyc3.cdn.digitaloceanspaces.com/tpci/DRI/DRI_081_R_EN_LG.png;No;Meta Live
Rocket's Mewtwo;Team Rocket's Articuno;DRI 51;37;2;19;1,95;1,95;19;100,0;DRI;51;Rare;Basic;https://limitlesstcg.nyc3.cdn.digitaloceanspaces.com/tpci/DRI/DRI_051_R_EN_LG.png;No;Meta Live
Rocket's Mewtwo;Team Rocket's Mimikyu;DRI 87;31;2;19;1,63;1,63;19;100,0;DRI;87;Uncommon;Basic;https://limitlesstcg.nyc3.cdn.digitaloceanspaces.com/tpci/DRI/DRI_087_R_EN_LG.png;No;Meta Live
Rocket's Mewtwo;Team Rocket's Wobbuffet;DRI 82;4;1;4;1,0;0,21;19;21,05;DRI;82;Rare;Basic;https://limitlesstcg.nyc3.cdn.digitaloceanspaces.com/tpci/DRI/DRI_082_R_EN_LG.png;No;Meta Live
Rocket's Mewtwo;Team Rocket's Sneasel;DRI 128;17;2;15;1,13;0,89;19;78,95;DRI;128;Rare;Basic;https://limitlesstcg.nyc3.cdn.digitaloceanspaces.com/tpci/DRI/DRI_128_R_EN_LG.png;No;Meta Live
Rocket's Mewtwo;Lillie's Clefairy ex;JTG 56;19;1;19;1,0;1,0;19;100,0;JTG;56;Double Rare;Basic;https://limitlesstcg.nyc3.cdn.digitaloceanspaces.com/tpci/JTG/JTG_056_R_EN_LG.png;No;Meta Live
Rocket's Mewtwo;Team Rocket's Giovanni;DRI 174;59;4;19;3,11;3,11;19;100,0;DRI;174;Uncommon;Supporter;https://limitlesstcg.nyc3.cdn.digitaloceanspaces.com/tpci/DRI/DRI_174_R_EN_LG.png;No;Meta Live
Rocket's Mewtwo;Team Rocket's Ariana;DRI 171;65;4;19;3,42;3,42;19;100,0;DRI;171;Uncommon;Supporter;https://limitlesstcg.nyc3.cdn.digitaloceanspaces.com/tpci/DRI/DRI_171_R_EN_LG.png;No;Meta Live
Rocket's Mewtwo;Team Rocket's Archer;DRI 170;21;2;17;1,24;1,11;19;89,47;DRI;170;Uncommon;Supporter;https://limitlesstcg.nyc3.cdn.digitaloceanspaces.com/tpci/DRI/DRI_170_R_EN_LG.png;No;Meta Live
Rocket's Mewtwo;Team Rocket's Proton;DRI 177;41;3;19;2,16;2,16;19;100,0;DRI;177;Uncommon;Supporter;https://limitlesstcg.nyc3.cdn.digitaloceanspaces.com/tpci/DRI/DRI_177_R_EN_LG.png;No;Meta Live
Rocket's Mewtwo;Team Rocket's Petrel;DRI 176;23;2;17;1,35;1,21;19;89,47;DRI;176;Uncommon;Supporter;https://limitlesstcg.nyc3.cdn.digitaloceanspaces.com/tpci/DRI/DRI_176_R_EN_LG.png;No;Meta Live
Rocket's Mewtwo;Team Rocket's Transceiver;DRI 178;75;4;19;3,95;3,95;19;100,0;DRI;178;Uncommon;Item;https://limitlesstcg.nyc3.cdn.digitaloceanspaces.com/tpci/DRI/DRI_178_R_EN_LG.png;No;Meta Live
Rocket's Mewtwo;Ultra Ball;MEG 131;64;4;19;3,37;3,37;19;100,0;MEG;131;Common;Item;https://limitlesstcg.nyc3.cdn.digitaloceanspaces.com/tpci/MEG/MEG_131_R_EN_LG.png;No;Meta Live
Rocket's Mewtwo;Bug Catching Set;TWM 143;32;2;17;1,88;1,68;19;89,47;TWM;143;Uncommon;Item;https://limitlesstcg.nyc3.cdn.digitaloceanspaces.com/tpci/TWM/TWM_143_R_EN_LG.png;No;Meta Live
Rocket's Mewtwo;Night Stretcher;ASC 196;41;3;19;2,16;2,16;19;100,0;ASC;196;Common;Item;https://limitlesstcg.nyc3.cdn.digitaloceanspaces.com/tpci/ASC/ASC_196_R_EN_LG.png;No;Meta Live
Rocket's Mewtwo;Secret Box;TWM 163;8;1;8;1,0;0,42;19;42,11;TWM;163;Ultra Rare;Item;https://limitlesstcg.nyc3.cdn.digitaloceanspaces.com/tpci/TWM/TWM_163_R_EN_LG.png;Yes;Meta Live
Rocket's Mewtwo;Energy Switch;MEG 115;24;2;19;1,26;1,26;19;100,0;MEG;115;Common;Item;https://limitlesstcg.nyc3.cdn.digitaloceanspaces.com/tpci/MEG/MEG_115_R_EN_LG.png;No;Meta Live
Rocket's Mewtwo;Wondrous Patch;PFL 94;9;2;6;1,5;0,47;19;31,58;PFL;94;Uncommon;Item;https://limitlesstcg.nyc3.cdn.digitaloceanspaces.com/tpci/PFL/PFL_094_R_EN_LG.png;No;Meta Live
Rocket's Mewtwo;Special Red Card;CRI 82;8;1;8;1,0;0,42;19;42,11;CRI;82;Uncommon;Item;https://limitlesstcg.nyc3.cdn.digitaloceanspaces.com/tpci/CRI/CRI_082_R_EN_LG.png;No;Meta Live
Rocket's Mewtwo;Brave Bangle;WHT 80;12;1;12;1,0;0,63;19;63,16;WHT;80;Uncommon;Tool;https://limitlesstcg.nyc3.cdn.digitaloceanspaces.com/tpci/WHT/WHT_080_R_EN_LG.png;No;Meta Live
Rocket's Mewtwo;Handheld Fan;TWM 150;8;2;6;1,33;0,42;19;31,58;TWM;150;Uncommon;Tool;https://limitlesstcg.nyc3.cdn.digitaloceanspaces.com/tpci/TWM/TWM_150_R_EN_LG.png;No;Meta Live
Rocket's Mewtwo;Lucky Helmet;TWM 158;11;2;8;1,38;0,58;19;42,11;TWM;158;Uncommon;Tool;https://limitlesstcg.nyc3.cdn.digitaloceanspaces.com/tpci/TWM/TWM_158_R_EN_LG.png;No;Meta Live
Rocket's Mewtwo;Team Rocket's Factory;DRI 173;32;3;17;1,88;1,68;19;89,47;DRI;173;Uncommon;Stadium;https://limitlesstcg.nyc3.cdn.digitaloceanspaces.com/tpci/DRI/DRI_173_R_EN_LG.png;No;Meta Live
Rocket's Mewtwo;Team Rocket's Watchtower;DRI 180;11;2;9;1,22;0,58;19;47,37;DRI;180;Uncommon;Stadium;https://limitlesstcg.nyc3.cdn.digitaloceanspaces.com/tpci/DRI/DRI_180_R_EN_LG.png;No;Meta Live
Rocket's Mewtwo;Grass Energy;MEE 1;102;6;19;5,37;5,37;19;100,0;MEE;1;;Basic Energy;https://limitlesstcg.nyc3.cdn.digitaloceanspaces.com/tpci/MEE/MEE_001_R_EN_LG.png;No;Meta Live
Rocket's Mewtwo;Team Rocket's Energy;DRI 182;76;4;19;4,0;4,0;19;100,0;DRI;182;Uncommon;Special Energy;https://limitlesstcg.nyc3.cdn.digitaloceanspaces.com/tpci/DRI/DRI_182_R_EN_LG.png;No;Meta Live
Rocket's Mewtwo;Psychic Energy;MEE 5;28;3;17;1,65;1,47;19;89,47;MEE;5;;Basic Energy;https://limitlesstcg.nyc3.cdn.digitaloceanspaces.com/tpci/MEE/MEE_005_R_EN_LG.png;No;Meta Live
Rocket's Mewtwo;Lillie's Determination;MEG 119;33;4;11;3,0;1,74;19;57,89;MEG;119;Uncommon;Supporter;https://limitlesstcg.nyc3.cdn.digitaloceanspaces.com/tpci/MEG/MEG_119_R_EN_LG.png;No;Meta Live
Rocket's Mewtwo;Counter Gain;SSP 169;3;1;3;1,0;0,16;19;15,79;SSP;169;Uncommon;Tool;https://limitlesstcg.nyc3.cdn.digitaloceanspaces.com/tpci/SSP/SSP_169_R_EN_LG.png;No;Meta Live
Rocket's Mewtwo;Maximum Belt;TEF 154;7;1;7;1,0;0,37;19;36,84;TEF;154;Ultra Rare;Tool;https://limitlesstcg.nyc3.cdn.digitaloceanspaces.com/tpci/TEF/TEF_154_R_EN_LG.png;Yes;Meta Live
Rocket's Mewtwo;Poké Pad;POR 81;11;3;4;2,75;0,58;19;21,05;POR;81;Uncommon;Item;https://limitlesstcg.nyc3.cdn.digitaloceanspaces.com/tpci/POR/POR_081_R_EN_LG.png;No;Meta Live
Rocket's Mewtwo;Tool Scrapper;ASC 212;1;1;1;1,0;0,05;19;5,26;ASC;212;Common;Item;https://limitlesstcg.nyc3.cdn.digitaloceanspaces.com/tpci/ASC/ASC_212_R_EN_LG.png;No;Meta Live
Rocket's Mewtwo;Team Rocket's Kangaskhan ex;ASC 162;4;1;4;1,0;0,21;19;21,05;ASC;162;Double Rare;Basic;https://limitlesstcg.nyc3.cdn.digitaloceanspaces.com/tpci/ASC/ASC_162_R_EN_LG.png;No;Meta Live
Rocket's Mewtwo;Tremendous Bomb;PBL 82;6;2;3;2,0;0,32;19;15,79;PBL;82;Uncommon;Tool;https://limitlesstcg.nyc3.cdn.digitaloceanspaces.com/tpci/PBL/PBL_082_R_EN_LG.png;No;Meta Live
Rocket's Mewtwo;Prism Tower;CRI 80;12;2;9;1,33;0,63;19;47,37;CRI;80;Uncommon;Stadium;https://limitlesstcg.nyc3.cdn.digitaloceanspaces.com/tpci/CRI/CRI_080_R_EN_LG.png;No;Meta Live
Rocket's Mewtwo;Legacy Energy;TWM 167;3;1;3;1,0;0,16;19;15,79;TWM;167;Ultra Rare;Special Energy;https://limitlesstcg.nyc3.cdn.digitaloceanspaces.com/tpci/TWM/TWM_167_R_EN_LG.png;Yes;Meta Live
Rocket's Mewtwo;Boss's Orders;MEG 114;2;2;1;2,0;0,11;19;5,26;MEG;114;Uncommon;Supporter;https://limitlesstcg.nyc3.cdn.digitaloceanspaces.com/tpci/MEG/MEG_114_R_EN_LG.png;No;Meta Live
Rocket's Mewtwo;Dunsparce;JTG 120;1;1;1;1,0;0,05;19;5,26;JTG;120;Common;Basic;https://limitlesstcg.nyc3.cdn.digitaloceanspaces.com/tpci/JTG/JTG_120_R_EN_LG.png;No;Meta Live
Rocket's Mewtwo;Dudunsparce;TEF 129;1;1;1;1,0;0,05;19;5,26;TEF;129;Rare;Stage 1;https://limitlesstcg.nyc3.cdn.digitaloceanspaces.com/tpci/TEF/TEF_129_R_EN_LG.png;No;Meta Live
Rocket's Mewtwo;Colress's Tenacity;SFA 57;3;1;3;1,0;0,16;19;15,79;SFA;57;Uncommon;Supporter;https://limitlesstcg.nyc3.cdn.digitaloceanspaces.com/tpci/SFA/SFA_057_R_EN_LG.png;No;Meta Live
Rocket's Mewtwo;Hilda;WHT 84;2;1;2;1,0;0,11;19;10,53;WHT;84;Uncommon;Supporter;https://limitlesstcg.nyc3.cdn.digitaloceanspaces.com/tpci/WHT/WHT_084_R_EN_LG.png;No;Meta Live
Rocket's Mewtwo;Crispin;SCR 133;2;1;2;1,0;0,11;19;10,53;SCR;133;Uncommon;Supporter;https://limitlesstcg.nyc3.cdn.digitaloceanspaces.com/tpci/SCR/SCR_133_R_EN_LG.png;No;Meta Live
Rocket's Mewtwo;Pokégear 3.0;SVI 186;4;2;2;2,0;0,21;19;10,53;SVI;186;Common;Item;https://limitlesstcg.nyc3.cdn.digitaloceanspaces.com/tpci/SVI/SVI_186_R_EN_LG.png;No;Meta Live
Greninja;Froakie;CRI 20;54;4;20;2,7;2,7;20;100,0;CRI;20;Common;Basic;https://limitlesstcg.nyc3.cdn.digitaloceanspaces.com/tpci/CRI/CRI_020_R_EN_LG.png;No;Meta Live
Greninja;Frogadier;CRI 21;39;2;20;1,95;1,95;20;100,0;CRI;21;Common;Stage 1;https://limitlesstcg.nyc3.cdn.digitaloceanspaces.com/tpci/CRI/CRI_021_R_EN_LG.png;No;Meta Live
Greninja;Greninja ex;TWM 106;43;3;20;2,15;2,15;20;100,0;TWM;106;Double Rare;Stage 2;https://limitlesstcg.nyc3.cdn.digitaloceanspaces.com/tpci/TWM/TWM_106_R_EN_LG.png;No;Meta Live
Greninja;Duskull;PRE 35;40;2;20;2,0;2,0;20;100,0;PRE;35;Common;Basic;https://limitlesstcg.nyc3.cdn.digitaloceanspaces.com/tpci/PRE/PRE_035_R_EN_LG.png;No;Meta Live
Greninja;Dusclops;PRE 36;39;2;20;1,95;1,95;20;100,0;PRE;36;Common;Stage 1;https://limitlesstcg.nyc3.cdn.digitaloceanspaces.com/tpci/PRE/PRE_036_R_EN_LG.png;No;Meta Live
Greninja;Dusknoir;PRE 37;35;2;20;1,75;1,75;20;100,0;PRE;37;Rare;Stage 2;https://limitlesstcg.nyc3.cdn.digitaloceanspaces.com/tpci/PRE/PRE_037_R_EN_LG.png;No;Meta Live
Greninja;Snorunt;ASC 46;28;2;18;1,56;1,4;20;90,0;ASC;46;Common;Basic;https://limitlesstcg.nyc3.cdn.digitaloceanspaces.com/tpci/ASC/ASC_046_R_EN_LG.png;No;Meta Live
Greninja;Mega Froslass ex;ASC 47;25;2;18;1,39;1,25;20;90,0;ASC;47;Double Rare;Stage 1;https://limitlesstcg.nyc3.cdn.digitaloceanspaces.com/tpci/ASC/ASC_047_R_EN_LG.png;No;Meta Live
Greninja;Staryu;POR 20;24;2;15;1,6;1,2;20;75,0;POR;20;Common;Basic;https://limitlesstcg.nyc3.cdn.digitaloceanspaces.com/tpci/POR/POR_020_R_EN_LG.png;No;Meta Live
Greninja;Mega Starmie ex;POR 21;24;2;15;1,6;1,2;20;75,0;POR;21;Double Rare;Stage 1;https://limitlesstcg.nyc3.cdn.digitaloceanspaces.com/tpci/POR/POR_021_R_EN_LG.png;No;Meta Live
Greninja;Fezandipiti ex;ASC 142;20;1;20;1,0;1,0;20;100,0;ASC;142;Double Rare;Basic;https://limitlesstcg.nyc3.cdn.digitaloceanspaces.com/tpci/ASC/ASC_142_R_EN_LG.png;No;Meta Live
Greninja;Meowth ex;POR 62;35;2;20;1,75;1,75;20;100,0;POR;62;Double Rare;Basic;https://limitlesstcg.nyc3.cdn.digitaloceanspaces.com/tpci/POR/POR_062_R_EN_LG.png;No;Meta Live
Greninja;Budew;ASC 16;20;1;20;1,0;1,0;20;100,0;ASC;16;Common;Basic;https://limitlesstcg.nyc3.cdn.digitaloceanspaces.com/tpci/ASC/ASC_016_R_EN_LG.png;No;Meta Live
Greninja;Latias ex;SSP 76;6;1;6;1,0;0,3;20;30,0;SSP;76;Double Rare;Basic;https://limitlesstcg.nyc3.cdn.digitaloceanspaces.com/tpci/SSP/SSP_076_R_EN_LG.png;No;Meta Live
Greninja;Lillie's Determination;MEG 119;70;4;20;3,5;3,5;20;100,0;MEG;119;Uncommon;Supporter;https://limitlesstcg.nyc3.cdn.digitaloceanspaces.com/tpci/MEG/MEG_119_R_EN_LG.png;No;Meta Live
Greninja;Boss's Orders;MEG 114;39;2;20;1,95;1,95;20;100,0;MEG;114;Uncommon;Supporter;https://limitlesstcg.nyc3.cdn.digitaloceanspaces.com/tpci/MEG/MEG_114_R_EN_LG.png;No;Meta Live
Greninja;Hilda;WHT 84;40;3;20;2,0;2,0;20;100,0;WHT;84;Uncommon;Supporter;https://limitlesstcg.nyc3.cdn.digitaloceanspaces.com/tpci/WHT/WHT_084_R_EN_LG.png;No;Meta Live
Greninja;Colress's Tenacity;SFA 57;29;2;19;1,53;1,45;20;95,0;SFA;57;Uncommon;Supporter;https://limitlesstcg.nyc3.cdn.digitaloceanspaces.com/tpci/SFA/SFA_057_R_EN_LG.png;No;Meta Live
Greninja;Buddy-Buddy Poffin;TEF 144;72;4;20;3,6;3,6;20;100,0;TEF;144;Uncommon;Item;https://limitlesstcg.nyc3.cdn.digitaloceanspaces.com/tpci/TEF/TEF_144_R_EN_LG.png;No;Meta Live
Greninja;Ultra Ball;MEG 131;63;4;20;3,15;3,15;20;100,0;MEG;131;Common;Item;https://limitlesstcg.nyc3.cdn.digitaloceanspaces.com/tpci/MEG/MEG_131_R_EN_LG.png;No;Meta Live
Greninja;Rare Candy;MEG 125;46;4;20;2,3;2,3;20;100,0;MEG;125;Common;Item;https://limitlesstcg.nyc3.cdn.digitaloceanspaces.com/tpci/MEG/MEG_125_R_EN_LG.png;No;Meta Live
Greninja;Poké Pad;POR 81;60;3;20;3,0;3,0;20;100,0;POR;81;Uncommon;Item;https://limitlesstcg.nyc3.cdn.digitaloceanspaces.com/tpci/POR/POR_081_R_EN_LG.png;No;Meta Live
Greninja;Night Stretcher;ASC 196;30;2;20;1,5;1,5;20;100,0;ASC;196;Common;Item;https://limitlesstcg.nyc3.cdn.digitaloceanspaces.com/tpci/ASC/ASC_196_R_EN_LG.png;No;Meta Live
Greninja;Special Red Card;CRI 82;18;1;18;1,0;0,9;20;90,0;CRI;82;Uncommon;Item;https://limitlesstcg.nyc3.cdn.digitaloceanspaces.com/tpci/CRI/CRI_082_R_EN_LG.png;No;Meta Live
Greninja;Sacred Ash;DRI 168;1;1;1;1,0;0,05;20;5,0;DRI;168;Uncommon;Item;https://limitlesstcg.nyc3.cdn.digitaloceanspaces.com/tpci/DRI/DRI_168_R_EN_LG.png;No;Meta Live
Greninja;Jamming Tower;TWM 153;4;1;4;1,0;0,2;20;20,0;TWM;153;Uncommon;Stadium;https://limitlesstcg.nyc3.cdn.digitaloceanspaces.com/tpci/TWM/TWM_153_R_EN_LG.png;No;Meta Live
Greninja;Grand Tree;SCR 136;19;1;19;1,0;0,95;20;95,0;SCR;136;Ultra Rare;Stadium;https://limitlesstcg.nyc3.cdn.digitaloceanspaces.com/tpci/SCR/SCR_136_R_EN_LG.png;Yes;Meta Live
Greninja;Water Energy;MEE 3;100;7;20;5,0;5,0;20;100,0;MEE;3;;Basic Energy;https://limitlesstcg.nyc3.cdn.digitaloceanspaces.com/tpci/MEE/MEE_003_R_EN_LG.png;No;Meta Live
Greninja;Ignition Energy;WHT 86;59;3;20;2,95;2,95;20;100,0;WHT;86;Uncommon;Special Energy;https://limitlesstcg.nyc3.cdn.digitaloceanspaces.com/tpci/WHT/WHT_086_R_EN_LG.png;No;Meta Live
Greninja;Judge;POR 76;11;1;11;1,0;0,55;20;55,0;POR;76;Uncommon;Supporter;https://limitlesstcg.nyc3.cdn.digitaloceanspaces.com/tpci/POR/POR_076_R_EN_LG.png;No;Meta Live
Greninja;Team Rocket's Petrel;DRI 176;10;1;10;1,0;0,5;20;50,0;DRI;176;Uncommon;Supporter;https://limitlesstcg.nyc3.cdn.digitaloceanspaces.com/tpci/DRI/DRI_176_R_EN_LG.png;No;Meta Live
Greninja;Salvatore;TEF 160;2;1;2;1,0;0,1;20;10,0;TEF;160;Uncommon;Supporter;https://limitlesstcg.nyc3.cdn.digitaloceanspaces.com/tpci/TEF/TEF_160_R_EN_LG.png;No;Meta Live
Greninja;Wally's Compassion;MEG 132;9;1;9;1,0;0,45;20;45,0;MEG;132;Uncommon;Supporter;https://limitlesstcg.nyc3.cdn.digitaloceanspaces.com/tpci/MEG/MEG_132_R_EN_LG.png;No;Meta Live
Greninja;Switch;MEG 130;16;2;15;1,07;0,8;20;75,0;MEG;130;Common;Item;https://limitlesstcg.nyc3.cdn.digitaloceanspaces.com/tpci/MEG/MEG_130_R_EN_LG.png;No;Meta Live
Greninja;Air Balloon;ASC 181;10;1;10;1,0;0,5;20;50,0;ASC;181;Uncommon;Tool;https://limitlesstcg.nyc3.cdn.digitaloceanspaces.com/tpci/ASC/ASC_181_R_EN_LG.png;No;Meta Live
Greninja;Gravity Mountain;SSP 177;7;1;7;1,0;0,35;20;35,0;SSP;177;Uncommon;Stadium;https://limitlesstcg.nyc3.cdn.digitaloceanspaces.com/tpci/SSP/SSP_177_R_EN_LG.png;No;Meta Live
Greninja;Bubbly Water Energy;CRI 84;11;1;11;1,0;0,55;20;55,0;CRI;84;Rare;Special Energy;https://limitlesstcg.nyc3.cdn.digitaloceanspaces.com/tpci/CRI/CRI_084_R_EN_LG.png;No;Meta Live
Greninja;Surfing Beach;MEG 129;8;1;8;1,0;0,4;20;40,0;MEG;129;Uncommon;Stadium;https://limitlesstcg.nyc3.cdn.digitaloceanspaces.com/tpci/MEG/MEG_129_R_EN_LG.png;No;Meta Live
Greninja;Shaymin;DRI 10;5;1;5;1,0;0,25;20;25,0;DRI;10;Uncommon;Basic;https://limitlesstcg.nyc3.cdn.digitaloceanspaces.com/tpci/DRI/DRI_010_R_EN_LG.png;No;Meta Live
Greninja;AZ's Tranquility;CRI 76;2;1;2;1,0;0,1;20;10,0;CRI;76;Uncommon;Supporter;https://limitlesstcg.nyc3.cdn.digitaloceanspaces.com/tpci/CRI/CRI_076_R_EN_LG.png;No;Meta Live
Greninja;Mega Greninja ex;CRI 22;3;1;3;1,0;0,15;20;15,0;CRI;22;Double Rare;Stage 2;https://limitlesstcg.nyc3.cdn.digitaloceanspaces.com/tpci/CRI/CRI_022_R_EN_LG.png;No;Meta Live
Greninja;Xerosic's Machinations;SFA 64;1;1;1;1,0;0,05;20;5,0;SFA;64;Uncommon;Supporter;https://limitlesstcg.nyc3.cdn.digitaloceanspaces.com/tpci/SFA/SFA_064_R_EN_LG.png;No;Meta Live
Greninja;Glalie;TWM 52;1;1;1;1,0;0,05;20;5,0;TWM;52;Uncommon;Stage 1;https://limitlesstcg.nyc3.cdn.digitaloceanspaces.com/tpci/TWM/TWM_052_R_EN_LG.png;No;Meta Live
Greninja;Patrat;CRI 70;2;1;2;1,0;0,1;20;10,0;CRI;70;Common;Basic;https://limitlesstcg.nyc3.cdn.digitaloceanspaces.com/tpci/CRI/CRI_070_R_EN_LG.png;No;Meta Live
Greninja;Surfer;SSP 187;2;1;2;1,0;0,1;20;10,0;SSP;187;Uncommon;Supporter;https://limitlesstcg.nyc3.cdn.digitaloceanspaces.com/tpci/SSP/SSP_187_R_EN_LG.png;No;Meta Live
Greninja;Dunsparce;JTG 120;3;2;2;1,5;0,15;20;10,0;JTG;120;Common;Basic;https://limitlesstcg.nyc3.cdn.digitaloceanspaces.com/tpci/JTG/JTG_120_R_EN_LG.png;No;Meta Live
Greninja;Dudunsparce;TEF 129;3;2;2;1,5;0,15;20;10,0;TEF;129;Rare;Stage 1;https://limitlesstcg.nyc3.cdn.digitaloceanspaces.com/tpci/TEF/TEF_129_R_EN_LG.png;No;Meta Live
Greninja;Crispin;SCR 133;1;1;1;1,0;0,05;20;5,0;SCR;133;Uncommon;Supporter;https://limitlesstcg.nyc3.cdn.digitaloceanspaces.com/tpci/SCR/SCR_133_R_EN_LG.png;No;Meta Live
Greninja;Energy Switch;MEG 115;1;1;1;1,0;0,05;20;5,0;MEG;115;Common;Item;https://limitlesstcg.nyc3.cdn.digitaloceanspaces.com/tpci/MEG/MEG_115_R_EN_LG.png;No;Meta Live
Greninja;Powerglass;SFA 63;2;2;1;2,0;0,1;20;5,0;SFA;63;Uncommon;Tool;https://limitlesstcg.nyc3.cdn.digitaloceanspaces.com/tpci/SFA/SFA_063_R_EN_LG.png;No;Meta Live
Greninja;Risky Ruins;MEG 127;1;1;1;1,0;0,05;20;5,0;MEG;127;Uncommon;Stadium;https://limitlesstcg.nyc3.cdn.digitaloceanspaces.com/tpci/MEG/MEG_127_R_EN_LG.png;No;Meta Live
Greninja;Area Zero Underdepths;SCR 131;1;1;1;1,0;0,05;20;5,0;SCR;131;Uncommon;Stadium;https://limitlesstcg.nyc3.cdn.digitaloceanspaces.com/tpci/SCR/SCR_131_R_EN_LG.png;No;Meta Live
Greninja;Psychic Energy;MEE 13;2;2;1;2,0;0,1;20;5,0;MEE;13;;Basic Energy;;No;Meta Live
Greninja;Enriching Energy;SSP 191;1;1;1;1,0;0,05;20;5,0;SSP;191;Ultra Rare;Special Energy;https://limitlesstcg.nyc3.cdn.digitaloceanspaces.com/tpci/SSP/SSP_191_R_EN_LG.png;Yes;Meta Live
Greninja;Mew ex;30C 66;1;1;1;1,0;0,05;20;5,0;30C;66;Double Rare;Basic;https://limitlesstcg.nyc3.cdn.digitaloceanspaces.com/tpci/30C/30C_066_R_EN_LG.png;No;Meta Live
Greninja;Kieran;TWM 154;1;1;1;1,0;0,05;20;5,0;TWM;154;Uncommon;Supporter;https://limitlesstcg.nyc3.cdn.digitaloceanspaces.com/tpci/TWM/TWM_154_R_EN_LG.png;No;Meta Live
Greninja;Dudunsparce ex;JTG 121;1;1;1;1,0;0,05;20;5,0;JTG;121;Double Rare;Stage 1;https://limitlesstcg.nyc3.cdn.digitaloceanspaces.com/tpci/JTG/JTG_121_R_EN_LG.png;No;Meta Live
Mew Ex 30C;Mega Kangaskhan ex;MEG 104;57;4;17;3,35;2,85;20;85,0;MEG;104;Double Rare;Basic;https://limitlesstcg.nyc3.cdn.digitaloceanspaces.com/tpci/MEG/MEG_104_R_EN_LG.png;No;Meta Live
Mew Ex 30C;Mew ex;30C 66;74;4;20;3,7;3,7;20;100,0;30C;66;Double Rare;Basic;https://limitlesstcg.nyc3.cdn.digitaloceanspaces.com/tpci/30C/30C_066_R_EN_LG.png;No;Meta Live
Mew Ex 30C;Meowth ex;POR 62;49;4;17;2,88;2,45;20;85,0;POR;62;Double Rare;Basic;https://limitlesstcg.nyc3.cdn.digitaloceanspaces.com/tpci/POR/POR_062_R_EN_LG.png;No;Meta Live
Mew Ex 30C;Lillie's Clefairy ex;JTG 56;39;3;20;1,95;1,95;20;100,0;JTG;56;Double Rare;Basic;https://limitlesstcg.nyc3.cdn.digitaloceanspaces.com/tpci/JTG/JTG_056_R_EN_LG.png;No;Meta Live
Mew Ex 30C;Latias ex;SSP 76;37;2;19;1,95;1,85;20;95,0;SSP;76;Double Rare;Basic;https://limitlesstcg.nyc3.cdn.digitaloceanspaces.com/tpci/SSP/SSP_076_R_EN_LG.png;No;Meta Live
Mew Ex 30C;Wellspring Mask Ogerpon ex;TWM 64;30;2;16;1,88;1,5;20;80,0;TWM;64;Double Rare;Basic;https://limitlesstcg.nyc3.cdn.digitaloceanspaces.com/tpci/TWM/TWM_064_R_EN_LG.png;No;Meta Live
Mew Ex 30C;Chien-Pao;SSP 56;13;1;13;1,0;0,65;20;65,0;SSP;56;Rare;Basic;https://limitlesstcg.nyc3.cdn.digitaloceanspaces.com/tpci/SSP/SSP_056_R_EN_LG.png;No;Meta Live
Mew Ex 30C;Fezandipiti ex;ASC 142;19;2;18;1,06;0,95;20;90,0;ASC;142;Double Rare;Basic;https://limitlesstcg.nyc3.cdn.digitaloceanspaces.com/tpci/ASC/ASC_142_R_EN_LG.png;No;Meta Live
Mew Ex 30C;Iron Crown ex;TEF 81;13;1;13;1,0;0,65;20;65,0;TEF;81;Double Rare;Basic;https://limitlesstcg.nyc3.cdn.digitaloceanspaces.com/tpci/TEF/TEF_081_R_EN_LG.png;No;Meta Live
Mew Ex 30C;Scream Tail ex;TWM 94;12;1;12;1,0;0,6;20;60,0;TWM;94;Double Rare;Basic;https://limitlesstcg.nyc3.cdn.digitaloceanspaces.com/tpci/TWM/TWM_094_R_EN_LG.png;No;Meta Live
Mew Ex 30C;Jirachi ex;30C 102;6;1;6;1,0;0,3;20;30,0;30C;102;Double Rare;Basic;https://limitlesstcg.nyc3.cdn.digitaloceanspaces.com/tpci/30C/30C_102_R_EN_LG.png;No;Meta Live
Mew Ex 30C;Unown;30C 72;17;1;17;1,0;0,85;20;85,0;30C;72;Common;Basic;https://limitlesstcg.nyc3.cdn.digitaloceanspaces.com/tpci/30C/30C_072_R_EN_LG.png;No;Meta Live
Mew Ex 30C;Stunfisk;ASC 62;11;1;11;1,0;0,55;20;55,0;ASC;62;Common;Basic;https://limitlesstcg.nyc3.cdn.digitaloceanspaces.com/tpci/ASC/ASC_062_R_EN_LG.png;No;Meta Live
Mew Ex 30C;Crispin;SCR 133;62;4;16;3,88;3,1;20;80,0;SCR;133;Uncommon;Supporter;https://limitlesstcg.nyc3.cdn.digitaloceanspaces.com/tpci/SCR/SCR_133_R_EN_LG.png;No;Meta Live
Mew Ex 30C;Ciphermaniac's Codebreaking;TEF 145;28;2;15;1,87;1,4;20;75,0;TEF;145;Uncommon;Supporter;https://limitlesstcg.nyc3.cdn.digitaloceanspaces.com/tpci/TEF/TEF_145_R_EN_LG.png;No;Meta Live
Mew Ex 30C;Boss's Orders;MEG 114;43;4;20;2,15;2,15;20;100,0;MEG;114;Uncommon;Supporter;https://limitlesstcg.nyc3.cdn.digitaloceanspaces.com/tpci/MEG/MEG_114_R_EN_LG.png;No;Meta Live
Mew Ex 30C;Cyrano;SSP 170;19;2;15;1,27;0,95;20;75,0;SSP;170;Uncommon;Supporter;https://limitlesstcg.nyc3.cdn.digitaloceanspaces.com/tpci/SSP/SSP_170_R_EN_LG.png;No;Meta Live
Mew Ex 30C;Dusk Ball;SSP 175;47;4;12;3,92;2,35;20;60,0;SSP;175;Uncommon;Item;https://limitlesstcg.nyc3.cdn.digitaloceanspaces.com/tpci/SSP/SSP_175_R_EN_LG.png;No;Meta Live
Mew Ex 30C;Ultra Ball;MEG 131;79;4;20;3,95;3,95;20;100,0;MEG;131;Common;Item;https://limitlesstcg.nyc3.cdn.digitaloceanspaces.com/tpci/MEG/MEG_131_R_EN_LG.png;No;Meta Live
Mew Ex 30C;Wondrous Patch;PFL 94;45;3;16;2,81;2,25;20;80,0;PFL;94;Uncommon;Item;https://limitlesstcg.nyc3.cdn.digitaloceanspaces.com/tpci/PFL/PFL_094_R_EN_LG.png;No;Meta Live
Mew Ex 30C;Prime Catcher;TEF 157;15;1;15;1,0;0,75;20;75,0;TEF;157;Ultra Rare;Item;https://limitlesstcg.nyc3.cdn.digitaloceanspaces.com/tpci/TEF/TEF_157_R_EN_LG.png;Yes;Meta Live
Mew Ex 30C;Area Zero Underdepths;SCR 131;48;3;16;3,0;2,4;20;80,0;SCR;131;Uncommon;Stadium;https://limitlesstcg.nyc3.cdn.digitaloceanspaces.com/tpci/SCR/SCR_131_R_EN_LG.png;No;Meta Live
Mew Ex 30C;Telepathic Psychic Energy;POR 88;70;4;18;3,89;3,5;20;90,0;POR;88;Rare;Special Energy;https://limitlesstcg.nyc3.cdn.digitaloceanspaces.com/tpci/POR/POR_088_R_EN_LG.png;No;Meta Live
Mew Ex 30C;Psychic Energy;MEE 5;73;8;19;3,84;3,65;20;95,0;MEE;5;;Basic Energy;https://limitlesstcg.nyc3.cdn.digitaloceanspaces.com/tpci/MEE/MEE_005_R_EN_LG.png;No;Meta Live
Mew Ex 30C;Lightning Energy;MEE 4;21;2;11;1,91;1,05;20;55,0;MEE;4;;Basic Energy;https://limitlesstcg.nyc3.cdn.digitaloceanspaces.com/tpci/MEE/MEE_004_R_EN_LG.png;No;Meta Live
Mew Ex 30C;Water Energy;MEE 3;30;2;16;1,88;1,5;20;80,0;MEE;3;;Basic Energy;https://limitlesstcg.nyc3.cdn.digitaloceanspaces.com/tpci/MEE/MEE_003_R_EN_LG.png;No;Meta Live
Mew Ex 30C;Cornerstone Mask Ogerpon ex;TWM 112;1;1;1;1,0;0,05;20;5,0;TWM;112;Double Rare;Basic;https://limitlesstcg.nyc3.cdn.digitaloceanspaces.com/tpci/TWM/TWM_112_R_EN_LG.png;No;Meta Live
Mew Ex 30C;Lillie's Determination;MEG 119;23;4;8;2,88;1,15;20;40,0;MEG;119;Uncommon;Supporter;https://limitlesstcg.nyc3.cdn.digitaloceanspaces.com/tpci/MEG/MEG_119_R_EN_LG.png;No;Meta Live
Mew Ex 30C;Judge;POR 76;3;2;2;1,5;0,15;20;10,0;POR;76;Uncommon;Supporter;https://limitlesstcg.nyc3.cdn.digitaloceanspaces.com/tpci/POR/POR_076_R_EN_LG.png;No;Meta Live
Mew Ex 30C;Night Stretcher;ASC 196;15;2;9;1,67;0,75;20;45,0;ASC;196;Common;Item;https://limitlesstcg.nyc3.cdn.digitaloceanspaces.com/tpci/ASC/ASC_196_R_EN_LG.png;No;Meta Live
Mew Ex 30C;Koraidon ex;ASC 121;2;1;2;1,0;0,1;20;10,0;ASC;121;Double Rare;Basic;https://limitlesstcg.nyc3.cdn.digitaloceanspaces.com/tpci/ASC/ASC_121_R_EN_LG.png;No;Meta Live
Mew Ex 30C;AZ's Tranquility;CRI 76;1;1;1;1,0;0,05;20;5,0;CRI;76;Uncommon;Supporter;https://limitlesstcg.nyc3.cdn.digitaloceanspaces.com/tpci/CRI/CRI_076_R_EN_LG.png;No;Meta Live
Mew Ex 30C;Fighting Energy;MEE 6;6;3;3;2,0;0,3;20;15,0;MEE;6;;Basic Energy;https://limitlesstcg.nyc3.cdn.digitaloceanspaces.com/tpci/MEE/MEE_006_R_EN_LG.png;No;Meta Live
Mew Ex 30C;Duskull;PRE 35;13;4;4;3,25;0,65;20;20,0;PRE;35;Common;Basic;https://limitlesstcg.nyc3.cdn.digitaloceanspaces.com/tpci/PRE/PRE_035_R_EN_LG.png;No;Meta Live
Mew Ex 30C;Dusclops;PRE 36;11;3;4;2,75;0,55;20;20,0;PRE;36;Common;Stage 1;https://limitlesstcg.nyc3.cdn.digitaloceanspaces.com/tpci/PRE/PRE_036_R_EN_LG.png;No;Meta Live
Mew Ex 30C;Dusknoir;PRE 37;10;3;4;2,5;0,5;20;20,0;PRE;37;Rare;Stage 2;https://limitlesstcg.nyc3.cdn.digitaloceanspaces.com/tpci/PRE/PRE_037_R_EN_LG.png;No;Meta Live
Mew Ex 30C;Mega Diancie ex;PFL 41;1;1;1;1,0;0,05;20;5,0;PFL;41;Double Rare;Basic;https://limitlesstcg.nyc3.cdn.digitaloceanspaces.com/tpci/PFL/PFL_041_R_EN_LG.png;No;Meta Live
Mew Ex 30C;Frillish;WHT 44;5;2;4;1,25;0,25;20;20,0;WHT;44;Common;Basic;https://limitlesstcg.nyc3.cdn.digitaloceanspaces.com/tpci/WHT/WHT_044_R_EN_LG.png;No;Meta Live
Mew Ex 30C;Flutter Mane;TEF 78;1;1;1;1,0;0,05;20;5,0;TEF;78;Rare;Basic;https://limitlesstcg.nyc3.cdn.digitaloceanspaces.com/tpci/TEF/TEF_078_R_EN_LG.png;No;Meta Live
Mew Ex 30C;Colress's Tenacity;SFA 57;4;4;1;4,0;0,2;20;5,0;SFA;57;Uncommon;Supporter;https://limitlesstcg.nyc3.cdn.digitaloceanspaces.com/tpci/SFA/SFA_057_R_EN_LG.png;No;Meta Live
Mew Ex 30C;Hilda;WHT 84;13;4;4;3,25;0,65;20;20,0;WHT;84;Uncommon;Supporter;https://limitlesstcg.nyc3.cdn.digitaloceanspaces.com/tpci/WHT/WHT_084_R_EN_LG.png;No;Meta Live
Mew Ex 30C;Special Red Card;CRI 82;4;1;4;1,0;0,2;20;20,0;CRI;82;Uncommon;Item;https://limitlesstcg.nyc3.cdn.digitaloceanspaces.com/tpci/CRI/CRI_082_R_EN_LG.png;No;Meta Live
Mew Ex 30C;Unfair Stamp;TWM 165;2;1;2;1,0;0,1;20;10,0;TWM;165;Ultra Rare;Item;https://limitlesstcg.nyc3.cdn.digitaloceanspaces.com/tpci/TWM/TWM_165_R_EN_LG.png;Yes;Meta Live
Mew Ex 30C;Mystery Garden;MEG 122;8;4;3;2,67;0,4;20;15,0;MEG;122;Uncommon;Stadium;https://limitlesstcg.nyc3.cdn.digitaloceanspaces.com/tpci/MEG/MEG_122_R_EN_LG.png;No;Meta Live
Mew Ex 30C;Teal Mask Ogerpon ex;TWM 25;6;2;3;2,0;0,3;20;15,0;TWM;25;Double Rare;Basic;https://limitlesstcg.nyc3.cdn.digitaloceanspaces.com/tpci/TWM/TWM_025_R_EN_LG.png;No;Meta Live
Mew Ex 30C;Raging Bolt ex;TEF 123;1;1;1;1,0;0,05;20;5,0;TEF;123;Double Rare;Basic;https://limitlesstcg.nyc3.cdn.digitaloceanspaces.com/tpci/TEF/TEF_123_R_EN_LG.png;No;Meta Live
Mew Ex 30C;Iron Leaves ex;TEF 25;2;1;2;1,0;0,1;20;10,0;TEF;25;Double Rare;Basic;https://limitlesstcg.nyc3.cdn.digitaloceanspaces.com/tpci/TEF/TEF_025_R_EN_LG.png;No;Meta Live
Mew Ex 30C;Energy Switch;MEG 115;10;4;3;3,33;0,5;20;15,0;MEG;115;Common;Item;https://limitlesstcg.nyc3.cdn.digitaloceanspaces.com/tpci/MEG/MEG_115_R_EN_LG.png;No;Meta Live
Mew Ex 30C;Hero's Cape;TEF 152;1;1;1;1,0;0,05;20;5,0;TEF;152;Ultra Rare;Tool;https://limitlesstcg.nyc3.cdn.digitaloceanspaces.com/tpci/TEF/TEF_152_R_EN_LG.png;Yes;Meta Live
Mew Ex 30C;Grass Energy;MEE 1;18;7;3;6,0;0,9;20;15,0;MEE;1;;Basic Energy;https://limitlesstcg.nyc3.cdn.digitaloceanspaces.com/tpci/MEE/MEE_001_R_EN_LG.png;No;Meta Live
Mew Ex 30C;Buneary;PFL 83;6;2;3;2,0;0,3;20;15,0;PFL;83;Common;Basic;https://limitlesstcg.nyc3.cdn.digitaloceanspaces.com/tpci/PFL/PFL_083_R_EN_LG.png;No;Meta Live
Mew Ex 30C;Mega Lopunny ex;PFL 84;6;2;3;2,0;0,3;20;15,0;PFL;84;Double Rare;Stage 1;https://limitlesstcg.nyc3.cdn.digitaloceanspaces.com/tpci/PFL/PFL_084_R_EN_LG.png;No;Meta Live
Mew Ex 30C;Buddy-Buddy Poffin;TEF 144;8;4;2;4,0;0,4;20;10,0;TEF;144;Uncommon;Item;https://limitlesstcg.nyc3.cdn.digitaloceanspaces.com/tpci/TEF/TEF_144_R_EN_LG.png;No;Meta Live
Mew Ex 30C;Poké Pad;POR 81;12;4;3;4,0;0,6;20;15,0;POR;81;Uncommon;Item;https://limitlesstcg.nyc3.cdn.digitaloceanspaces.com/tpci/POR/POR_081_R_EN_LG.png;No;Meta Live
Mew Ex 30C;Enriching Energy;SSP 191;2;1;2;1,0;0,1;20;10,0;SSP;191;Ultra Rare;Special Energy;https://limitlesstcg.nyc3.cdn.digitaloceanspaces.com/tpci/SSP/SSP_191_R_EN_LG.png;Yes;Meta Live
Mew Ex 30C;Munkidori;TWM 95;2;1;2;1,0;0,1;20;10,0;TWM;95;Rare;Basic;https://limitlesstcg.nyc3.cdn.digitaloceanspaces.com/tpci/TWM/TWM_095_R_EN_LG.png;No;Meta Live
Mew Ex 30C;Pecharunt;SVP 149;2;1;2;1,0;0,1;20;10,0;SVP;149;Promo;Basic;https://limitlesstcg.nyc3.cdn.digitaloceanspaces.com/tpci/SVP/SVP_149_R_EN_LG.png;No;Meta Live
Mew Ex 30C;Darkness Energy;MEE 7;8;4;3;2,67;0,4;20;15,0;MEE;7;;Basic Energy;https://limitlesstcg.nyc3.cdn.digitaloceanspaces.com/tpci/MEE/MEE_007_R_EN_LG.png;No;Meta Live
Mew Ex 30C;Mega Absol ex;MEG 86;2;2;1;2,0;0,1;20;5,0;MEG;86;Double Rare;Basic;https://limitlesstcg.nyc3.cdn.digitaloceanspaces.com/tpci/MEG/MEG_086_R_EN_LG.png;No;Meta Live
Mew Ex 30C;Mega Audino ex;ASC 172;1;1;1;1,0;0,05;20;5,0;ASC;172;Double Rare;Basic;https://limitlesstcg.nyc3.cdn.digitaloceanspaces.com/tpci/ASC/ASC_172_R_EN_LG.png;No;Meta Live
Mew Ex 30C;Xerosic's Machinations;SFA 64;1;1;1;1,0;0,05;20;5,0;SFA;64;Uncommon;Supporter;https://limitlesstcg.nyc3.cdn.digitaloceanspaces.com/tpci/SFA/SFA_064_R_EN_LG.png;No;Meta Live
Mew Ex 30C;Crushing Hammer;POR 71;2;2;1;2,0;0,1;20;5,0;POR;71;Common;Item;https://limitlesstcg.nyc3.cdn.digitaloceanspaces.com/tpci/POR/POR_071_R_EN_LG.png;No;Meta Live
Mew Ex 30C;Switch;MEG 130;1;1;1;1,0;0,05;20;5,0;MEG;130;Common;Item;https://limitlesstcg.nyc3.cdn.digitaloceanspaces.com/tpci/MEG/MEG_130_R_EN_LG.png;No;Meta Live
Mew Ex 30C;Prism Energy;ASC 216;2;2;1;2,0;0,1;20;5,0;ASC;216;Uncommon;Special Energy;https://limitlesstcg.nyc3.cdn.digitaloceanspaces.com/tpci/ASC/ASC_216_R_EN_LG.png;No;Meta Live
Mew Ex 30C;Team Rocket's Mimikyu;DRI 87;1;1;1;1,0;0,05;20;5,0;DRI;87;Uncommon;Basic;https://limitlesstcg.nyc3.cdn.digitaloceanspaces.com/tpci/DRI/DRI_087_R_EN_LG.png;No;Meta Live
Mew Ex 30C;Dunsparce;JTG 120;3;3;1;3,0;0,15;20;5,0;JTG;120;Common;Basic;https://limitlesstcg.nyc3.cdn.digitaloceanspaces.com/tpci/JTG/JTG_120_R_EN_LG.png;No;Meta Live
Mew Ex 30C;Dudunsparce;TEF 129;2;2;1;2,0;0,1;20;5,0;TEF;129;Rare;Stage 1;https://limitlesstcg.nyc3.cdn.digitaloceanspaces.com/tpci/TEF/TEF_129_R_EN_LG.png;No;Meta Live
Mew Ex 30C;Wally's Compassion;MEG 132;2;2;1;2,0;0,1;20;5,0;MEG;132;Uncommon;Supporter;https://limitlesstcg.nyc3.cdn.digitaloceanspaces.com/tpci/MEG/MEG_132_R_EN_LG.png;No;Meta Live
Mew Ex 30C;Air Balloon;ASC 181;3;3;1;3,0;0,15;20;5,0;ASC;181;Uncommon;Tool;https://limitlesstcg.nyc3.cdn.digitaloceanspaces.com/tpci/ASC/ASC_181_R_EN_LG.png;No;Meta Live
Mew Ex 30C;Mist Energy;TEF 161;3;3;1;3,0;0,15;20;5,0;TEF;161;Uncommon;Special Energy;https://limitlesstcg.nyc3.cdn.digitaloceanspaces.com/tpci/TEF/TEF_161_R_EN_LG.png;No;Meta Live
Mew Ex 30C;Dreepy;TWM 128;2;2;1;2,0;0,1;20;5,0;TWM;128;Common;Basic;https://limitlesstcg.nyc3.cdn.digitaloceanspaces.com/tpci/TWM/TWM_128_R_EN_LG.png;No;Meta Live
Mew Ex 30C;Drakloak;TWM 129;2;2;1;2,0;0,1;20;5,0;TWM;129;Common;Stage 1;https://limitlesstcg.nyc3.cdn.digitaloceanspaces.com/tpci/TWM/TWM_129_R_EN_LG.png;No;Meta Live
Mew Ex 30C;Dragapult ex;TWM 130;1;1;1;1,0;0,05;20;5,0;TWM;130;Double Rare;Stage 2;https://limitlesstcg.nyc3.cdn.digitaloceanspaces.com/tpci/TWM/TWM_130_R_EN_LG.png;No;Meta Live
Mew Ex 30C;Moltres;PFL 14;1;1;1;1,0;0,05;20;5,0;PFL;14;Rare;Basic;https://limitlesstcg.nyc3.cdn.digitaloceanspaces.com/tpci/PFL/PFL_014_R_EN_LG.png;No;Meta Live
Mew Ex 30C;Brock's Scouting;JTG 146;4;4;1;4,0;0,2;20;5,0;JTG;146;Uncommon;Supporter;https://limitlesstcg.nyc3.cdn.digitaloceanspaces.com/tpci/JTG/JTG_146_R_EN_LG.png;No;Meta Live
Mew Ex 30C;Fire Energy;MEE 2;3;3;1;3,0;0,15;20;5,0;MEE;2;;Basic Energy;https://limitlesstcg.nyc3.cdn.digitaloceanspaces.com/tpci/MEE/MEE_002_R_EN_LG.png;No;Meta Live
Steven's Metagross;Steven's Beldum;DRI 143;57;4;19;3,0;3,0;19;100,0;DRI;143;Common;Basic;https://limitlesstcg.nyc3.cdn.digitaloceanspaces.com/tpci/DRI/DRI_143_R_EN_LG.png;No;Meta Live
Steven's Metagross;Steven's Metang;DRI 144;38;3;19;2,0;2,0;19;100,0;DRI;144;Uncommon;Stage 1;https://limitlesstcg.nyc3.cdn.digitaloceanspaces.com/tpci/DRI/DRI_144_R_EN_LG.png;No;Meta Live
Steven's Metagross;Steven's Metagross ex;DRI 145;54;3;19;2,84;2,84;19;100,0;DRI;145;Double Rare;Stage 2;https://limitlesstcg.nyc3.cdn.digitaloceanspaces.com/tpci/DRI/DRI_145_R_EN_LG.png;No;Meta Live
Steven's Metagross;Drilbur;PBL 46;15;2;11;1,36;0,79;19;57,89;PBL;46;Common;Basic;https://limitlesstcg.nyc3.cdn.digitaloceanspaces.com/tpci/PBL/PBL_046_R_EN_LG.png;No;Meta Live
Steven's Metagross;Mega Excadrill ex;PBL 65;11;1;11;1,0;0,58;19;57,89;PBL;65;Double Rare;Stage 1;https://limitlesstcg.nyc3.cdn.digitaloceanspaces.com/tpci/PBL/PBL_065_R_EN_LG.png;No;Meta Live
Steven's Metagross;Genesect ex;BLK 67;34;2;19;1,79;1,79;19;100,0;BLK;67;Double Rare;Basic;https://limitlesstcg.nyc3.cdn.digitaloceanspaces.com/tpci/BLK/BLK_067_R_EN_LG.png;No;Meta Live
Steven's Metagross;Piplup;PFL 27;18;2;16;1,12;0,95;19;84,21;PFL;27;Common;Basic;https://limitlesstcg.nyc3.cdn.digitaloceanspaces.com/tpci/PFL/PFL_027_R_EN_LG.png;No;Meta Live
Steven's Metagross;Empoleon ex;PFL 70;17;2;16;1,06;0,89;19;84,21;PFL;70;Double Rare;Stage 2;https://limitlesstcg.nyc3.cdn.digitaloceanspaces.com/tpci/PFL/PFL_070_R_EN_LG.png;No;Meta Live
Steven's Metagross;Meowth ex;POR 62;13;1;13;1,0;0,68;19;68,42;POR;62;Double Rare;Basic;https://limitlesstcg.nyc3.cdn.digitaloceanspaces.com/tpci/POR/POR_062_R_EN_LG.png;No;Meta Live
Steven's Metagross;Latias ex;SSP 76;12;1;12;1,0;0,63;19;63,16;SSP;76;Double Rare;Basic;https://limitlesstcg.nyc3.cdn.digitaloceanspaces.com/tpci/SSP/SSP_076_R_EN_LG.png;No;Meta Live
Steven's Metagross;Deoxys;CRI 32;13;1;13;1,0;0,68;19;68,42;CRI;32;Uncommon;Basic;https://limitlesstcg.nyc3.cdn.digitaloceanspaces.com/tpci/CRI/CRI_032_R_EN_LG.png;No;Meta Live
Steven's Metagross;Jirachi ex;30C 102;3;1;3;1,0;0,16;19;15,79;30C;102;Double Rare;Basic;https://limitlesstcg.nyc3.cdn.digitaloceanspaces.com/tpci/30C/30C_102_R_EN_LG.png;No;Meta Live
Steven's Metagross;Budew;ASC 16;11;1;11;1,0;0,58;19;57,89;ASC;16;Common;Basic;https://limitlesstcg.nyc3.cdn.digitaloceanspaces.com/tpci/ASC/ASC_016_R_EN_LG.png;No;Meta Live
Steven's Metagross;Unown;30C 72;4;1;4;1,0;0,21;19;21,05;30C;72;Common;Basic;https://limitlesstcg.nyc3.cdn.digitaloceanspaces.com/tpci/30C/30C_072_R_EN_LG.png;No;Meta Live
Steven's Metagross;Lillie's Clefairy ex;JTG 56;17;1;17;1,0;0,89;19;89,47;JTG;56;Double Rare;Basic;https://limitlesstcg.nyc3.cdn.digitaloceanspaces.com/tpci/JTG/JTG_056_R_EN_LG.png;No;Meta Live
Steven's Metagross;Mega Skarmory ex;POR 55;15;2;13;1,15;0,79;19;68,42;POR;55;Double Rare;Basic;https://limitlesstcg.nyc3.cdn.digitaloceanspaces.com/tpci/POR/POR_055_R_EN_LG.png;No;Meta Live
Steven's Metagross;Team Rocket's Petrel;DRI 176;68;4;19;3,58;3,58;19;100,0;DRI;176;Uncommon;Supporter;https://limitlesstcg.nyc3.cdn.digitaloceanspaces.com/tpci/DRI/DRI_176_R_EN_LG.png;No;Meta Live
Steven's Metagross;Lillie's Determination;MEG 119;60;4;19;3,16;3,16;19;100,0;MEG;119;Uncommon;Supporter;https://limitlesstcg.nyc3.cdn.digitaloceanspaces.com/tpci/MEG/MEG_119_R_EN_LG.png;No;Meta Live
Steven's Metagross;Boss's Orders;MEG 114;39;3;19;2,05;2,05;19;100,0;MEG;114;Uncommon;Supporter;https://limitlesstcg.nyc3.cdn.digitaloceanspaces.com/tpci/MEG/MEG_114_R_EN_LG.png;No;Meta Live
Steven's Metagross;Team Rocket's Transceiver;DRI 178;53;4;16;3,31;2,79;19;84,21;DRI;178;Uncommon;Item;https://limitlesstcg.nyc3.cdn.digitaloceanspaces.com/tpci/DRI/DRI_178_R_EN_LG.png;No;Meta Live
Steven's Metagross;Ultra Ball;MEG 131;48;4;19;2,53;2,53;19;100,0;MEG;131;Common;Item;https://limitlesstcg.nyc3.cdn.digitaloceanspaces.com/tpci/MEG/MEG_131_R_EN_LG.png;No;Meta Live
Steven's Metagross;Rare Candy;MEG 125;58;4;19;3,05;3,05;19;100,0;MEG;125;Common;Item;https://limitlesstcg.nyc3.cdn.digitaloceanspaces.com/tpci/MEG/MEG_125_R_EN_LG.png;No;Meta Live
Steven's Metagross;Energy Recycler;DRI 164;32;2;19;1,68;1,68;19;100,0;DRI;164;Uncommon;Item;https://limitlesstcg.nyc3.cdn.digitaloceanspaces.com/tpci/DRI/DRI_164_R_EN_LG.png;No;Meta Live
Steven's Metagross;Night Stretcher;ASC 196;34;2;19;1,79;1,79;19;100,0;ASC;196;Common;Item;https://limitlesstcg.nyc3.cdn.digitaloceanspaces.com/tpci/ASC/ASC_196_R_EN_LG.png;No;Meta Live
Steven's Metagross;Buddy-Buddy Poffin;TEF 144;19;3;14;1,36;1,0;19;73,68;TEF;144;Uncommon;Item;https://limitlesstcg.nyc3.cdn.digitaloceanspaces.com/tpci/TEF/TEF_144_R_EN_LG.png;No;Meta Live
Steven's Metagross;Special Red Card;CRI 82;15;1;15;1,0;0,79;19;78,95;CRI;82;Uncommon;Item;https://limitlesstcg.nyc3.cdn.digitaloceanspaces.com/tpci/CRI/CRI_082_R_EN_LG.png;No;Meta Live
Steven's Metagross;Precious Trolley;SSP 185;15;1;15;1,0;0,79;19;78,95;SSP;185;Ultra Rare;Item;https://limitlesstcg.nyc3.cdn.digitaloceanspaces.com/tpci/SSP/SSP_185_R_EN_LG.png;Yes;Meta Live
Steven's Metagross;Team Rocket's Watchtower;DRI 180;9;2;8;1,12;0,47;19;42,11;DRI;180;Uncommon;Stadium;https://limitlesstcg.nyc3.cdn.digitaloceanspaces.com/tpci/DRI/DRI_180_R_EN_LG.png;No;Meta Live
Steven's Metagross;Metal Energy;MEE 8;110;7;19;5,79;5,79;19;100,0;MEE;8;;Basic Energy;https://limitlesstcg.nyc3.cdn.digitaloceanspaces.com/tpci/MEE/MEE_008_R_EN_LG.png;No;Meta Live
Steven's Metagross;Psychic Energy;MEE 5;105;6;19;5,53;5,53;19;100,0;MEE;5;;Basic Energy;https://limitlesstcg.nyc3.cdn.digitaloceanspaces.com/tpci/MEE/MEE_005_R_EN_LG.png;No;Meta Live
Steven's Metagross;Frillish;WHT 44;9;2;8;1,12;0,47;19;42,11;WHT;44;Common;Basic;https://limitlesstcg.nyc3.cdn.digitaloceanspaces.com/tpci/WHT/WHT_044_R_EN_LG.png;No;Meta Live
Steven's Metagross;Jellicent ex;WHT 45;7;1;7;1,0;0,37;19;36,84;WHT;45;Double Rare;Stage 1;https://limitlesstcg.nyc3.cdn.digitaloceanspaces.com/tpci/WHT/WHT_045_R_EN_LG.png;No;Meta Live
Steven's Metagross;Shieldon;PBL 61;1;1;1;1,0;0,05;19;5,26;PBL;61;Common;Stage 1;https://limitlesstcg.nyc3.cdn.digitaloceanspaces.com/tpci/PBL/PBL_061_R_EN_LG.png;No;Meta Live
Steven's Metagross;Bastiodon;PBL 62;2;2;1;2,0;0,11;19;5,26;PBL;62;Rare;Stage 2;https://limitlesstcg.nyc3.cdn.digitaloceanspaces.com/tpci/PBL/PBL_062_R_EN_LG.png;No;Meta Live
Steven's Metagross;Clefairy;POR 30;2;1;2;1,0;0,11;19;10,53;POR;30;Common;Basic;https://limitlesstcg.nyc3.cdn.digitaloceanspaces.com/tpci/POR/POR_030_R_EN_LG.png;No;Meta Live
Steven's Metagross;Clefable;TWM 79;2;1;2;1,0;0,11;19;10,53;TWM;79;Uncommon;Stage 1;https://limitlesstcg.nyc3.cdn.digitaloceanspaces.com/tpci/TWM/TWM_079_R_EN_LG.png;No;Meta Live
Steven's Metagross;Fezandipiti ex;ASC 142;6;1;6;1,0;0,32;19;31,58;ASC;142;Double Rare;Basic;https://limitlesstcg.nyc3.cdn.digitaloceanspaces.com/tpci/ASC/ASC_142_R_EN_LG.png;No;Meta Live
Steven's Metagross;Judge;POR 76;7;4;3;2,33;0,37;19;15,79;POR;76;Uncommon;Supporter;https://limitlesstcg.nyc3.cdn.digitaloceanspaces.com/tpci/POR/POR_076_R_EN_LG.png;No;Meta Live
Steven's Metagross;Xerosic's Machinations;SFA 64;3;1;3;1,0;0,16;19;15,79;SFA;64;Uncommon;Supporter;https://limitlesstcg.nyc3.cdn.digitaloceanspaces.com/tpci/SFA/SFA_064_R_EN_LG.png;No;Meta Live
Steven's Metagross;Antique Armor Fossil;PBL 72;2;2;1;2,0;0,11;19;5,26;PBL;72;Common;Item;https://limitlesstcg.nyc3.cdn.digitaloceanspaces.com/tpci/PBL/PBL_072_R_EN_LG.png;No;Meta Live
Steven's Metagross;Switch;MEG 130;8;2;6;1,33;0,42;19;31,58;MEG;130;Common;Item;https://limitlesstcg.nyc3.cdn.digitaloceanspaces.com/tpci/MEG/MEG_130_R_EN_LG.png;No;Meta Live
Steven's Metagross;Battle Cage;PFL 85;7;2;6;1,17;0,37;19;31,58;PFL;85;Uncommon;Stadium;https://limitlesstcg.nyc3.cdn.digitaloceanspaces.com/tpci/PFL/PFL_085_R_EN_LG.png;No;Meta Live
Steven's Metagross;Team Rocket's Mimikyu;DRI 87;3;1;3;1,0;0,16;19;15,79;DRI;87;Uncommon;Basic;https://limitlesstcg.nyc3.cdn.digitaloceanspaces.com/tpci/DRI/DRI_087_R_EN_LG.png;No;Meta Live
Steven's Metagross;Dawn;PFL 87;5;2;4;1,25;0,26;19;21,05;PFL;87;Uncommon;Supporter;https://limitlesstcg.nyc3.cdn.digitaloceanspaces.com/tpci/PFL/PFL_087_R_EN_LG.png;No;Meta Live
Steven's Metagross;Pokégear 3.0;SVI 186;4;2;3;1,33;0,21;19;15,79;SVI;186;Common;Item;https://limitlesstcg.nyc3.cdn.digitaloceanspaces.com/tpci/SVI/SVI_186_R_EN_LG.png;No;Meta Live
Steven's Metagross;Magnetic Metal Energy;CRI 85;1;1;1;1,0;0,05;19;5,26;CRI;85;Rare;Special Energy;https://limitlesstcg.nyc3.cdn.digitaloceanspaces.com/tpci/CRI/CRI_085_R_EN_LG.png;No;Meta Live
Steven's Metagross;Team Rocket's Mewtwo ex;DRI 81;2;1;2;1,0;0,11;19;10,53;DRI;81;Double Rare;Basic;https://limitlesstcg.nyc3.cdn.digitaloceanspaces.com/tpci/DRI/DRI_081_R_EN_LG.png;No;Meta Live
Steven's Metagross;Mew ex;30C 66;11;3;5;2,2;0,58;19;26,32;30C;66;Double Rare;Basic;https://limitlesstcg.nyc3.cdn.digitaloceanspaces.com/tpci/30C/30C_066_R_EN_LG.png;No;Meta Live
Steven's Metagross;Shaymin;DRI 10;1;1;1;1,0;0,05;19;5,26;DRI;10;Uncommon;Basic;https://limitlesstcg.nyc3.cdn.digitaloceanspaces.com/tpci/DRI/DRI_010_R_EN_LG.png;No;Meta Live
Steven's Metagross;Poké Pad;POR 81;12;3;5;2,4;0,63;19;26,32;POR;81;Uncommon;Item;https://limitlesstcg.nyc3.cdn.digitaloceanspaces.com/tpci/POR/POR_081_R_EN_LG.png;No;Meta Live
Steven's Metagross;Mega Mawile ex;MEG 94;6;1;6;1,0;0,32;19;31,58;MEG;94;Double Rare;Basic;https://limitlesstcg.nyc3.cdn.digitaloceanspaces.com/tpci/MEG/MEG_094_R_EN_LG.png;No;Meta Live
Steven's Metagross;Brock's Scouting;JTG 146;4;2;3;1,33;0,21;19;15,79;JTG;146;Uncommon;Supporter;https://limitlesstcg.nyc3.cdn.digitaloceanspaces.com/tpci/JTG/JTG_146_R_EN_LG.png;No;Meta Live
Steven's Metagross;Secret Box;TWM 163;1;1;1;1,0;0,05;19;5,26;TWM;163;Ultra Rare;Item;https://limitlesstcg.nyc3.cdn.digitaloceanspaces.com/tpci/TWM/TWM_163_R_EN_LG.png;Yes;Meta Live
Steven's Metagross;Air Balloon;ASC 181;7;3;4;1,75;0,37;19;21,05;ASC;181;Uncommon;Tool;https://limitlesstcg.nyc3.cdn.digitaloceanspaces.com/tpci/ASC/ASC_181_R_EN_LG.png;No;Meta Live
Steven's Metagross;Team Rocket's Factory;DRI 173;2;1;2;1,0;0,11;19;10,53;DRI;173;Uncommon;Stadium;https://limitlesstcg.nyc3.cdn.digitaloceanspaces.com/tpci/DRI/DRI_173_R_EN_LG.png;No;Meta Live
Steven's Metagross;Jumbo Ice Cream;PFL 91;8;2;4;2,0;0,42;19;21,05;PFL;91;Uncommon;Item;https://limitlesstcg.nyc3.cdn.digitaloceanspaces.com/tpci/PFL/PFL_091_R_EN_LG.png;No;Meta Live
Steven's Metagross;Cyrano;SSP 170;4;2;2;2,0;0,21;19;10,53;SSP;170;Uncommon;Supporter;https://limitlesstcg.nyc3.cdn.digitaloceanspaces.com/tpci/SSP/SSP_170_R_EN_LG.png;No;Meta Live
Steven's Metagross;Scoop Up Cyclone;TWM 162;2;1;2;1,0;0,11;19;10,53;TWM;162;Ultra Rare;Item;https://limitlesstcg.nyc3.cdn.digitaloceanspaces.com/tpci/TWM/TWM_162_R_EN_LG.png;Yes;Meta Live
Steven's Metagross;Jamming Tower;TWM 153;1;1;1;1,0;0,05;19;5,26;TWM;153;Uncommon;Stadium;https://limitlesstcg.nyc3.cdn.digitaloceanspaces.com/tpci/TWM/TWM_153_R_EN_LG.png;No;Meta Live
Steven's Metagross;Duskull;PRE 35;2;2;1;2,0;0,11;19;5,26;PRE;35;Common;Basic;https://limitlesstcg.nyc3.cdn.digitaloceanspaces.com/tpci/PRE/PRE_035_R_EN_LG.png;No;Meta Live
Steven's Metagross;Dusclops;PRE 36;2;2;1;2,0;0,11;19;5,26;PRE;36;Common;Stage 1;https://limitlesstcg.nyc3.cdn.digitaloceanspaces.com/tpci/PRE/PRE_036_R_EN_LG.png;No;Meta Live
Steven's Metagross;Dusknoir;PRE 37;2;2;1;2,0;0,11;19;5,26;PRE;37;Rare;Stage 2;https://limitlesstcg.nyc3.cdn.digitaloceanspaces.com/tpci/PRE/PRE_037_R_EN_LG.png;No;Meta Live
Steven's Metagross;Hilda;WHT 84;2;2;1;2,0;0,11;19;5,26;WHT;84;Uncommon;Supporter;https://limitlesstcg.nyc3.cdn.digitaloceanspaces.com/tpci/WHT/WHT_084_R_EN_LG.png;No;Meta Live
Steven's Metagross;Unfair Stamp;TWM 165;1;1;1;1,0;0,05;19;5,26;TWM;165;Ultra Rare;Item;https://limitlesstcg.nyc3.cdn.digitaloceanspaces.com/tpci/TWM/TWM_165_R_EN_LG.png;Yes;Meta Live
Steven's Metagross;Telepathic Psychic Energy;POR 88;2;2;1;2,0;0,11;19;5,26;POR;88;Rare;Special Energy;https://limitlesstcg.nyc3.cdn.digitaloceanspaces.com/tpci/POR/POR_088_R_EN_LG.png;No;Meta Live
Steven's Metagross;Dialga;MEG 95;1;1;1;1,0;0,05;19;5,26;MEG;95;Rare;Basic;https://limitlesstcg.nyc3.cdn.digitaloceanspaces.com/tpci/MEG/MEG_095_R_EN_LG.png;No;Meta Live
Steven's Metagross;Regigigas;PRE 86;1;1;1;1,0;0,05;19;5,26;PRE;86;Uncommon;Basic;https://limitlesstcg.nyc3.cdn.digitaloceanspaces.com/tpci/PRE/PRE_086_R_EN_LG.png;No;Meta Live
Ogerpon Meganium Arboliva;Teal Mask Ogerpon ex;TWM 25;79;4;20;3,95;3,95;20;100,0;TWM;25;Double Rare;Basic;https://limitlesstcg.nyc3.cdn.digitaloceanspaces.com/tpci/TWM/TWM_025_R_EN_LG.png;No;Meta Live
Ogerpon Meganium Arboliva;Chikorita;ASC 8;40;2;20;2,0;2,0;20;100,0;ASC;8;Common;Basic;https://limitlesstcg.nyc3.cdn.digitaloceanspaces.com/tpci/ASC/ASC_008_R_EN_LG.png;No;Meta Live
Ogerpon Meganium Arboliva;Bayleef;MEG 9;40;2;20;2,0;2,0;20;100,0;MEG;9;Common;Stage 1;https://limitlesstcg.nyc3.cdn.digitaloceanspaces.com/tpci/MEG/MEG_009_R_EN_LG.png;No;Meta Live
Ogerpon Meganium Arboliva;Meganium;MEG 10;40;2;20;2,0;2,0;20;100,0;MEG;10;Rare;Stage 2;https://limitlesstcg.nyc3.cdn.digitaloceanspaces.com/tpci/MEG/MEG_010_R_EN_LG.png;No;Meta Live
Ogerpon Meganium Arboliva;Smoliv;DRI 21;40;2;20;2,0;2,0;20;100,0;DRI;21;Common;Basic;https://limitlesstcg.nyc3.cdn.digitaloceanspaces.com/tpci/DRI/DRI_021_R_EN_LG.png;No;Meta Live
Ogerpon Meganium Arboliva;Dolliv;DRI 22;40;2;20;2,0;2,0;20;100,0;DRI;22;Common;Stage 1;https://limitlesstcg.nyc3.cdn.digitaloceanspaces.com/tpci/DRI/DRI_022_R_EN_LG.png;No;Meta Live
Ogerpon Meganium Arboliva;Arboliva ex;DRI 23;40;2;20;2,0;2,0;20;100,0;DRI;23;Double Rare;Stage 2;https://limitlesstcg.nyc3.cdn.digitaloceanspaces.com/tpci/DRI/DRI_023_R_EN_LG.png;No;Meta Live
Ogerpon Meganium Arboliva;Meowth ex;POR 62;34;2;20;1,7;1,7;20;100,0;POR;62;Double Rare;Basic;https://limitlesstcg.nyc3.cdn.digitaloceanspaces.com/tpci/POR/POR_062_R_EN_LG.png;No;Meta Live
Ogerpon Meganium Arboliva;Fezandipiti ex;ASC 142;20;1;20;1,0;1,0;20;100,0;ASC;142;Double Rare;Basic;https://limitlesstcg.nyc3.cdn.digitaloceanspaces.com/tpci/ASC/ASC_142_R_EN_LG.png;No;Meta Live
Ogerpon Meganium Arboliva;Budew;ASC 16;19;1;19;1,0;0,95;20;95,0;ASC;16;Common;Basic;https://limitlesstcg.nyc3.cdn.digitaloceanspaces.com/tpci/ASC/ASC_016_R_EN_LG.png;No;Meta Live
Ogerpon Meganium Arboliva;Lillie's Determination;MEG 119;80;4;20;4,0;4,0;20;100,0;MEG;119;Uncommon;Supporter;https://limitlesstcg.nyc3.cdn.digitaloceanspaces.com/tpci/MEG/MEG_119_R_EN_LG.png;No;Meta Live
Ogerpon Meganium Arboliva;Dawn;PFL 87;49;3;20;2,45;2,45;20;100,0;PFL;87;Uncommon;Supporter;https://limitlesstcg.nyc3.cdn.digitaloceanspaces.com/tpci/PFL/PFL_087_R_EN_LG.png;No;Meta Live
Ogerpon Meganium Arboliva;Boss's Orders;MEG 114;41;3;20;2,05;2,05;20;100,0;MEG;114;Uncommon;Supporter;https://limitlesstcg.nyc3.cdn.digitaloceanspaces.com/tpci/MEG/MEG_114_R_EN_LG.png;No;Meta Live
Ogerpon Meganium Arboliva;Lana's Aid;TWM 155;20;1;20;1,0;1,0;20;100,0;TWM;155;Uncommon;Supporter;https://limitlesstcg.nyc3.cdn.digitaloceanspaces.com/tpci/TWM/TWM_155_R_EN_LG.png;No;Meta Live
Ogerpon Meganium Arboliva;Briar;SCR 132;19;1;19;1,0;0,95;20;95,0;SCR;132;Uncommon;Supporter;https://limitlesstcg.nyc3.cdn.digitaloceanspaces.com/tpci/SCR/SCR_132_R_EN_LG.png;No;Meta Live
Ogerpon Meganium Arboliva;Ultra Ball;MEG 131;76;4;20;3,8;3,8;20;100,0;MEG;131;Common;Item;https://limitlesstcg.nyc3.cdn.digitaloceanspaces.com/tpci/MEG/MEG_131_R_EN_LG.png;No;Meta Live
Ogerpon Meganium Arboliva;Bug Catching Set;TWM 143;80;4;20;4,0;4,0;20;100,0;TWM;143;Uncommon;Item;https://limitlesstcg.nyc3.cdn.digitaloceanspaces.com/tpci/TWM/TWM_143_R_EN_LG.png;No;Meta Live
Ogerpon Meganium Arboliva;Night Stretcher;ASC 196;22;2;20;1,1;1,1;20;100,0;ASC;196;Common;Item;https://limitlesstcg.nyc3.cdn.digitaloceanspaces.com/tpci/ASC/ASC_196_R_EN_LG.png;No;Meta Live
Ogerpon Meganium Arboliva;Unfair Stamp;TWM 165;20;1;20;1,0;1,0;20;100,0;TWM;165;Ultra Rare;Item;https://limitlesstcg.nyc3.cdn.digitaloceanspaces.com/tpci/TWM/TWM_165_R_EN_LG.png;Yes;Meta Live
Ogerpon Meganium Arboliva;Energy Switch;MEG 115;24;2;20;1,2;1,2;20;100,0;MEG;115;Common;Item;https://limitlesstcg.nyc3.cdn.digitaloceanspaces.com/tpci/MEG/MEG_115_R_EN_LG.png;No;Meta Live
Ogerpon Meganium Arboliva;Poké Pad;POR 81;27;2;20;1,35;1,35;20;100,0;POR;81;Uncommon;Item;https://limitlesstcg.nyc3.cdn.digitaloceanspaces.com/tpci/POR/POR_081_R_EN_LG.png;No;Meta Live
Ogerpon Meganium Arboliva;Forest of Vitality;MEG 117;78;4;20;3,9;3,9;20;100,0;MEG;117;Uncommon;Stadium;https://limitlesstcg.nyc3.cdn.digitaloceanspaces.com/tpci/MEG/MEG_117_R_EN_LG.png;No;Meta Live
Ogerpon Meganium Arboliva;Grass Energy;MEE 1;246;13;20;12,3;12,3;20;100,0;MEE;1;;Basic Energy;https://limitlesstcg.nyc3.cdn.digitaloceanspaces.com/tpci/MEE/MEE_001_R_EN_LG.png;No;Meta Live
Ogerpon Meganium Arboliva;Hoothoot;SCR 114;3;1;3;1,0;0,15;20;15,0;SCR;114;Common;Basic;https://limitlesstcg.nyc3.cdn.digitaloceanspaces.com/tpci/SCR/SCR_114_R_EN_LG.png;No;Meta Live
Ogerpon Meganium Arboliva;Noctowl;SCR 115;3;1;3;1,0;0,15;20;15,0;SCR;115;Rare;Stage 1;https://limitlesstcg.nyc3.cdn.digitaloceanspaces.com/tpci/SCR/SCR_115_R_EN_LG.png;No;Meta Live
Ogerpon Meganium Arboliva;Special Red Card;CRI 82;5;1;5;1,0;0,25;20;25,0;CRI;82;Uncommon;Item;https://limitlesstcg.nyc3.cdn.digitaloceanspaces.com/tpci/CRI/CRI_082_R_EN_LG.png;No;Meta Live
Ogerpon Meganium Arboliva;Ciphermaniac's Codebreaking;TEF 145;7;1;7;1,0;0,35;20;35,0;TEF;145;Uncommon;Supporter;https://limitlesstcg.nyc3.cdn.digitaloceanspaces.com/tpci/TEF/TEF_145_R_EN_LG.png;No;Meta Live
Ogerpon Meganium Arboliva;Judge;POR 76;4;1;4;1,0;0,2;20;20,0;POR;76;Uncommon;Supporter;https://limitlesstcg.nyc3.cdn.digitaloceanspaces.com/tpci/POR/POR_076_R_EN_LG.png;No;Meta Live
Ogerpon Meganium Arboliva;Celebi;MEG 12;1;1;1;1,0;0,05;20;5,0;MEG;12;Uncommon;Basic;https://limitlesstcg.nyc3.cdn.digitaloceanspaces.com/tpci/MEG/MEG_012_R_EN_LG.png;No;Meta Live
Ogerpon Meganium Arboliva;Air Balloon;ASC 181;1;1;1;1,0;0,05;20;5,0;ASC;181;Uncommon;Tool;https://limitlesstcg.nyc3.cdn.digitaloceanspaces.com/tpci/ASC/ASC_181_R_EN_LG.png;No;Meta Live
Ogerpon Meganium Arboliva;Regigigas;PRE 86;1;1;1;1,0;0,05;20;5,0;PRE;86;Uncommon;Basic;https://limitlesstcg.nyc3.cdn.digitaloceanspaces.com/tpci/PRE/PRE_086_R_EN_LG.png;No;Meta Live
Ogerpon Meganium Arboliva;Tapu Bulu;SFA 6;1;1;1;1,0;0,05;20;5,0;SFA;6;Rare;Basic;https://limitlesstcg.nyc3.cdn.digitaloceanspaces.com/tpci/SFA/SFA_006_R_EN_LG.png;No;Meta Live
Beedrill Ex Cri;Weedle;CRI 1;80;4;20;4,0;4,0;20;100,0;CRI;1;Common;Basic;https://limitlesstcg.nyc3.cdn.digitaloceanspaces.com/tpci/CRI/CRI_001_R_EN_LG.png;No;Meta Live
Beedrill Ex Cri;Kakuna;CRI 2;78;4;20;3,9;3,9;20;100,0;CRI;2;Common;Stage 1;https://limitlesstcg.nyc3.cdn.digitaloceanspaces.com/tpci/CRI/CRI_002_R_EN_LG.png;No;Meta Live
Beedrill Ex Cri;Beedrill ex;CRI 3;80;4;20;4,0;4,0;20;100,0;CRI;3;Double Rare;Stage 2;https://limitlesstcg.nyc3.cdn.digitaloceanspaces.com/tpci/CRI/CRI_003_R_EN_LG.png;No;Meta Live
Beedrill Ex Cri;Dunsparce;TEF 128;72;4;19;3,79;3,6;20;95,0;TEF;128;Common;Basic;https://limitlesstcg.nyc3.cdn.digitaloceanspaces.com/tpci/TEF/TEF_128_R_EN_LG.png;No;Meta Live
Beedrill Ex Cri;Dudunsparce;TEF 129;55;3;19;2,89;2,75;20;95,0;TEF;129;Rare;Stage 1;https://limitlesstcg.nyc3.cdn.digitaloceanspaces.com/tpci/TEF/TEF_129_R_EN_LG.png;No;Meta Live
Beedrill Ex Cri;Fan Rotom;SCR 118;23;2;18;1,28;1,15;20;90,0;SCR;118;Common;Basic;https://limitlesstcg.nyc3.cdn.digitaloceanspaces.com/tpci/SCR/SCR_118_R_EN_LG.png;No;Meta Live
Beedrill Ex Cri;Meowth ex;POR 62;19;1;19;1,0;0,95;20;95,0;POR;62;Double Rare;Basic;https://limitlesstcg.nyc3.cdn.digitaloceanspaces.com/tpci/POR/POR_062_R_EN_LG.png;No;Meta Live
Beedrill Ex Cri;Fezandipiti ex;ASC 142;19;1;19;1,0;0,95;20;95,0;ASC;142;Double Rare;Basic;https://limitlesstcg.nyc3.cdn.digitaloceanspaces.com/tpci/ASC/ASC_142_R_EN_LG.png;No;Meta Live
Beedrill Ex Cri;Lillie's Determination;MEG 119;71;4;20;3,55;3,55;20;100,0;MEG;119;Uncommon;Supporter;https://limitlesstcg.nyc3.cdn.digitaloceanspaces.com/tpci/MEG/MEG_119_R_EN_LG.png;No;Meta Live
Beedrill Ex Cri;Dawn;PFL 87;34;3;14;2,43;1,7;20;70,0;PFL;87;Uncommon;Supporter;https://limitlesstcg.nyc3.cdn.digitaloceanspaces.com/tpci/PFL/PFL_087_R_EN_LG.png;No;Meta Live
Beedrill Ex Cri;Boss's Orders;MEG 114;41;3;20;2,05;2,05;20;100,0;MEG;114;Uncommon;Supporter;https://limitlesstcg.nyc3.cdn.digitaloceanspaces.com/tpci/MEG/MEG_114_R_EN_LG.png;No;Meta Live
Beedrill Ex Cri;Xerosic's Machinations;SFA 64;10;1;10;1,0;0,5;20;50,0;SFA;64;Uncommon;Supporter;https://limitlesstcg.nyc3.cdn.digitaloceanspaces.com/tpci/SFA/SFA_064_R_EN_LG.png;No;Meta Live
Beedrill Ex Cri;Colress's Tenacity;SFA 57;4;1;4;1,0;0,2;20;20,0;SFA;57;Uncommon;Supporter;https://limitlesstcg.nyc3.cdn.digitaloceanspaces.com/tpci/SFA/SFA_057_R_EN_LG.png;No;Meta Live
Beedrill Ex Cri;Buddy-Buddy Poffin;TEF 144;70;4;20;3,5;3,5;20;100,0;TEF;144;Uncommon;Item;https://limitlesstcg.nyc3.cdn.digitaloceanspaces.com/tpci/TEF/TEF_144_R_EN_LG.png;No;Meta Live
Beedrill Ex Cri;Poké Pad;POR 81;75;4;19;3,95;3,75;20;95,0;POR;81;Uncommon;Item;https://limitlesstcg.nyc3.cdn.digitaloceanspaces.com/tpci/POR/POR_081_R_EN_LG.png;No;Meta Live
Beedrill Ex Cri;Ultra Ball;MEG 131;53;4;19;2,79;2,65;20;95,0;MEG;131;Common;Item;https://limitlesstcg.nyc3.cdn.digitaloceanspaces.com/tpci/MEG/MEG_131_R_EN_LG.png;No;Meta Live
Beedrill Ex Cri;Bug Catching Set;TWM 143;73;4;20;3,65;3,65;20;100,0;TWM;143;Uncommon;Item;https://limitlesstcg.nyc3.cdn.digitaloceanspaces.com/tpci/TWM/TWM_143_R_EN_LG.png;No;Meta Live
Beedrill Ex Cri;Special Red Card;CRI 82;21;2;20;1,05;1,05;20;100,0;CRI;82;Uncommon;Item;https://limitlesstcg.nyc3.cdn.digitaloceanspaces.com/tpci/CRI/CRI_082_R_EN_LG.png;No;Meta Live
Beedrill Ex Cri;Night Stretcher;ASC 196;12;2;10;1,2;0,6;20;50,0;ASC;196;Common;Item;https://limitlesstcg.nyc3.cdn.digitaloceanspaces.com/tpci/ASC/ASC_196_R_EN_LG.png;No;Meta Live
Beedrill Ex Cri;Unfair Stamp;TWM 165;10;1;10;1,0;0,5;20;50,0;TWM;165;Ultra Rare;Item;https://limitlesstcg.nyc3.cdn.digitaloceanspaces.com/tpci/TWM/TWM_165_R_EN_LG.png;Yes;Meta Live
Beedrill Ex Cri;Sacred Ash;DRI 168;15;1;15;1,0;0,75;20;75,0;DRI;168;Uncommon;Item;https://limitlesstcg.nyc3.cdn.digitaloceanspaces.com/tpci/DRI/DRI_168_R_EN_LG.png;No;Meta Live
Beedrill Ex Cri;Forest of Vitality;MEG 117;78;4;20;3,9;3,9;20;100,0;MEG;117;Uncommon;Stadium;https://limitlesstcg.nyc3.cdn.digitaloceanspaces.com/tpci/MEG/MEG_117_R_EN_LG.png;No;Meta Live
Beedrill Ex Cri;Grass Energy;MEE 1;112;13;20;5,6;5,6;20;100,0;MEE;1;;Basic Energy;https://limitlesstcg.nyc3.cdn.digitaloceanspaces.com/tpci/MEE/MEE_001_R_EN_LG.png;No;Meta Live
Beedrill Ex Cri;Buneary;PFL 83;4;1;4;1,0;0,2;20;20,0;PFL;83;Common;Basic;https://limitlesstcg.nyc3.cdn.digitaloceanspaces.com/tpci/PFL/PFL_083_R_EN_LG.png;No;Meta Live
Beedrill Ex Cri;Mega Lopunny ex;PFL 84;4;1;4;1,0;0,2;20;20,0;PFL;84;Double Rare;Stage 1;https://limitlesstcg.nyc3.cdn.digitaloceanspaces.com/tpci/PFL/PFL_084_R_EN_LG.png;No;Meta Live
Beedrill Ex Cri;Rellor;TEF 23;3;1;3;1,0;0,15;20;15,0;TEF;23;Common;Basic;https://limitlesstcg.nyc3.cdn.digitaloceanspaces.com/tpci/TEF/TEF_023_R_EN_LG.png;No;Meta Live
Beedrill Ex Cri;Rabsca;TEF 24;3;1;3;1,0;0,15;20;15,0;TEF;24;Uncommon;Stage 1;https://limitlesstcg.nyc3.cdn.digitaloceanspaces.com/tpci/TEF/TEF_024_R_EN_LG.png;No;Meta Live
Beedrill Ex Cri;Max Rod;PRE 116;8;1;8;1,0;0,4;20;40,0;PRE;116;Ultra Rare;Item;https://limitlesstcg.nyc3.cdn.digitaloceanspaces.com/tpci/PRE/PRE_116_R_EN_LG.png;Yes;Meta Live
Beedrill Ex Cri;Team Rocket's Petrel;DRI 176;3;2;2;1,5;0,15;20;10,0;DRI;176;Uncommon;Supporter;https://limitlesstcg.nyc3.cdn.digitaloceanspaces.com/tpci/DRI/DRI_176_R_EN_LG.png;No;Meta Live
Beedrill Ex Cri;Kieran;TWM 154;2;1;2;1,0;0,1;20;10,0;TWM;154;Uncommon;Supporter;https://limitlesstcg.nyc3.cdn.digitaloceanspaces.com/tpci/TWM/TWM_154_R_EN_LG.png;No;Meta Live
Beedrill Ex Cri;Shaymin;DRI 10;7;2;6;1,17;0,35;20;30,0;DRI;10;Uncommon;Basic;https://limitlesstcg.nyc3.cdn.digitaloceanspaces.com/tpci/DRI/DRI_010_R_EN_LG.png;No;Meta Live
Beedrill Ex Cri;Redeemable Ticket;JTG 156;11;1;11;1,0;0,55;20;55,0;JTG;156;Uncommon;Item;https://limitlesstcg.nyc3.cdn.digitaloceanspaces.com/tpci/JTG/JTG_156_R_EN_LG.png;No;Meta Live
Beedrill Ex Cri;Psyduck;ASC 39;1;1;1;1,0;0,05;20;5,0;ASC;39;Common;Basic;https://limitlesstcg.nyc3.cdn.digitaloceanspaces.com/tpci/ASC/ASC_039_R_EN_LG.png;No;Meta Live
Beedrill Ex Cri;Snorlax;POR 63;1;1;1;1,0;0,05;20;5,0;POR;63;Common;Basic;https://limitlesstcg.nyc3.cdn.digitaloceanspaces.com/tpci/POR/POR_063_R_EN_LG.png;No;Meta Live
Beedrill Ex Cri;Ciphermaniac's Codebreaking;TEF 145;11;2;6;1,83;0,55;20;30,0;TEF;145;Uncommon;Supporter;https://limitlesstcg.nyc3.cdn.digitaloceanspaces.com/tpci/TEF/TEF_145_R_EN_LG.png;No;Meta Live
Beedrill Ex Cri;Judge;POR 76;8;1;8;1,0;0,4;20;40,0;POR;76;Uncommon;Supporter;https://limitlesstcg.nyc3.cdn.digitaloceanspaces.com/tpci/POR/POR_076_R_EN_LG.png;No;Meta Live
Beedrill Ex Cri;Teal Mask Ogerpon ex;TWM 25;4;4;1;4,0;0,2;20;5,0;TWM;25;Double Rare;Basic;https://limitlesstcg.nyc3.cdn.digitaloceanspaces.com/tpci/TWM/TWM_025_R_EN_LG.png;No;Meta Live
Beedrill Ex Cri;Dreepy;TWM 128;2;2;1;2,0;0,1;20;5,0;TWM;128;Common;Basic;https://limitlesstcg.nyc3.cdn.digitaloceanspaces.com/tpci/TWM/TWM_128_R_EN_LG.png;No;Meta Live
Beedrill Ex Cri;Drakloak;TWM 129;2;2;1;2,0;0,1;20;5,0;TWM;129;Common;Stage 1;https://limitlesstcg.nyc3.cdn.digitaloceanspaces.com/tpci/TWM/TWM_129_R_EN_LG.png;No;Meta Live
Beedrill Ex Cri;Lacey;SCR 139;2;2;1;2,0;0,1;20;5,0;SCR;139;Uncommon;Supporter;https://limitlesstcg.nyc3.cdn.digitaloceanspaces.com/tpci/SCR/SCR_139_R_EN_LG.png;No;Meta Live
Beedrill Ex Cri;Emma;CRI 77;2;2;1;2,0;0,1;20;5,0;CRI;77;Uncommon;Supporter;https://limitlesstcg.nyc3.cdn.digitaloceanspaces.com/tpci/CRI/CRI_077_R_EN_LG.png;No;Meta Live
Beedrill Ex Cri;Rare Candy;MEG 125;3;3;1;3,0;0,15;20;5,0;MEG;125;Common;Item;https://limitlesstcg.nyc3.cdn.digitaloceanspaces.com/tpci/MEG/MEG_125_R_EN_LG.png;No;Meta Live
Beedrill Ex Cri;Energy Retrieval;SVI 171;2;2;1;2,0;0,1;20;5,0;SVI;171;Common;Item;https://limitlesstcg.nyc3.cdn.digitaloceanspaces.com/tpci/SVI/SVI_171_R_EN_LG.png;No;Meta Live
Beedrill Ex Cri;Pokégear 3.0;SVI 186;2;2;1;2,0;0,1;20;5,0;SVI;186;Common;Item;https://limitlesstcg.nyc3.cdn.digitaloceanspaces.com/tpci/SVI/SVI_186_R_EN_LG.png;No;Meta Live
Beedrill Ex Cri;Legacy Energy;TWM 167;1;1;1;1,0;0,05;20;5,0;TWM;167;Ultra Rare;Special Energy;https://limitlesstcg.nyc3.cdn.digitaloceanspaces.com/tpci/TWM/TWM_167_R_EN_LG.png;Yes;Meta Live
Beedrill Ex Cri;Pinsir;TWM 3;1;1;1;1,0;0,05;20;5,0;TWM;3;Common;Basic;https://limitlesstcg.nyc3.cdn.digitaloceanspaces.com/tpci/TWM/TWM_003_R_EN_LG.png;No;Meta Live
Beedrill Ex Cri;Air Balloon;ASC 181;1;1;1;1,0;0,05;20;5,0;ASC;181;Uncommon;Tool;https://limitlesstcg.nyc3.cdn.digitaloceanspaces.com/tpci/ASC/ASC_181_R_EN_LG.png;No;Meta Live
Beedrill Ex Cri;Budew;ASC 16;2;1;2;1,0;0,1;20;10,0;ASC;16;Common;Basic;https://limitlesstcg.nyc3.cdn.digitaloceanspaces.com/tpci/ASC/ASC_016_R_EN_LG.png;No;Meta Live
Beedrill Ex Cri;Gwynn;PBL 78;3;3;1;3,0;0,15;20;5,0;PBL;78;Uncommon;Supporter;https://limitlesstcg.nyc3.cdn.digitaloceanspaces.com/tpci/PBL/PBL_078_R_EN_LG.png;No;Meta Live
Beedrill Ex Cri;Deluxe Bomb;SCR 134;1;1;1;1,0;0,05;20;5,0;SCR;134;Ultra Rare;Tool;https://limitlesstcg.nyc3.cdn.digitaloceanspaces.com/tpci/SCR/SCR_134_R_EN_LG.png;Yes;Meta Live
Beedrill Ex Cri;Dudunsparce ex;JTG 121;1;1;1;1,0;0,05;20;5,0;JTG;121;Double Rare;Stage 1;https://limitlesstcg.nyc3.cdn.digitaloceanspaces.com/tpci/JTG/JTG_121_R_EN_LG.png;No;Meta Live
Raging Bolt Ogerpon;Mega Kangaskhan ex;MEG 104;61;4;19;3,21;3,05;20;95,0;MEG;104;Double Rare;Basic;https://limitlesstcg.nyc3.cdn.digitaloceanspaces.com/tpci/MEG/MEG_104_R_EN_LG.png;No;Meta Live
Raging Bolt Ogerpon;Meowth ex;POR 62;51;3;19;2,68;2,55;20;95,0;POR;62;Double Rare;Basic;https://limitlesstcg.nyc3.cdn.digitaloceanspaces.com/tpci/POR/POR_062_R_EN_LG.png;No;Meta Live
Raging Bolt Ogerpon;Teal Mask Ogerpon ex;TWM 25;59;4;20;2,95;2,95;20;100,0;TWM;25;Double Rare;Basic;https://limitlesstcg.nyc3.cdn.digitaloceanspaces.com/tpci/TWM/TWM_025_R_EN_LG.png;No;Meta Live
Raging Bolt Ogerpon;Raging Bolt ex;TEF 123;43;4;20;2,15;2,15;20;100,0;TEF;123;Double Rare;Basic;https://limitlesstcg.nyc3.cdn.digitaloceanspaces.com/tpci/TEF/TEF_123_R_EN_LG.png;No;Meta Live
Raging Bolt Ogerpon;Latias ex;SSP 76;38;2;19;2,0;1,9;20;95,0;SSP;76;Double Rare;Basic;https://limitlesstcg.nyc3.cdn.digitaloceanspaces.com/tpci/SSP/SSP_076_R_EN_LG.png;No;Meta Live
Raging Bolt Ogerpon;Lillie's Clefairy ex;JTG 56;21;2;18;1,17;1,05;20;90,0;JTG;56;Double Rare;Basic;https://limitlesstcg.nyc3.cdn.digitaloceanspaces.com/tpci/JTG/JTG_056_R_EN_LG.png;No;Meta Live
Raging Bolt Ogerpon;Fezandipiti ex;ASC 142;19;1;19;1,0;0,95;20;95,0;ASC;142;Double Rare;Basic;https://limitlesstcg.nyc3.cdn.digitaloceanspaces.com/tpci/ASC/ASC_142_R_EN_LG.png;No;Meta Live
Raging Bolt Ogerpon;Wellspring Mask Ogerpon ex;TWM 64;17;1;17;1,0;0,85;20;85,0;TWM;64;Double Rare;Basic;https://limitlesstcg.nyc3.cdn.digitaloceanspaces.com/tpci/TWM/TWM_064_R_EN_LG.png;No;Meta Live
Raging Bolt Ogerpon;Passimian;SSP 111;8;1;8;1,0;0,4;20;40,0;SSP;111;Uncommon;Basic;https://limitlesstcg.nyc3.cdn.digitaloceanspaces.com/tpci/SSP/SSP_111_R_EN_LG.png;No;Meta Live
Raging Bolt Ogerpon;Chien-Pao;SSP 56;15;1;15;1,0;0,75;20;75,0;SSP;56;Rare;Basic;https://limitlesstcg.nyc3.cdn.digitaloceanspaces.com/tpci/SSP/SSP_056_R_EN_LG.png;No;Meta Live
Raging Bolt Ogerpon;Crispin;SCR 133;80;4;20;4,0;4,0;20;100,0;SCR;133;Uncommon;Supporter;https://limitlesstcg.nyc3.cdn.digitaloceanspaces.com/tpci/SCR/SCR_133_R_EN_LG.png;No;Meta Live
Raging Bolt Ogerpon;Boss's Orders;MEG 114;47;3;20;2,35;2,35;20;100,0;MEG;114;Uncommon;Supporter;https://limitlesstcg.nyc3.cdn.digitaloceanspaces.com/tpci/MEG/MEG_114_R_EN_LG.png;No;Meta Live
Raging Bolt Ogerpon;Lillie's Determination;MEG 119;14;4;9;1,56;0,7;20;45,0;MEG;119;Uncommon;Supporter;https://limitlesstcg.nyc3.cdn.digitaloceanspaces.com/tpci/MEG/MEG_119_R_EN_LG.png;No;Meta Live
Raging Bolt Ogerpon;Cyrano;SSP 170;36;3;19;1,89;1,8;20;95,0;SSP;170;Uncommon;Supporter;https://limitlesstcg.nyc3.cdn.digitaloceanspaces.com/tpci/SSP/SSP_170_R_EN_LG.png;No;Meta Live
Raging Bolt Ogerpon;Energy Switch;MEG 115;69;4;18;3,83;3,45;20;90,0;MEG;115;Common;Item;https://limitlesstcg.nyc3.cdn.digitaloceanspaces.com/tpci/MEG/MEG_115_R_EN_LG.png;No;Meta Live
Raging Bolt Ogerpon;Ultra Ball;MEG 131;73;4;20;3,65;3,65;20;100,0;MEG;131;Common;Item;https://limitlesstcg.nyc3.cdn.digitaloceanspaces.com/tpci/MEG/MEG_131_R_EN_LG.png;No;Meta Live
Raging Bolt Ogerpon;Night Stretcher;ASC 196;37;3;18;2,06;1,85;20;90,0;ASC;196;Common;Item;https://limitlesstcg.nyc3.cdn.digitaloceanspaces.com/tpci/ASC/ASC_196_R_EN_LG.png;No;Meta Live
Raging Bolt Ogerpon;Energy Recycler;DRI 164;4;2;3;1,33;0,2;20;15,0;DRI;164;Uncommon;Item;https://limitlesstcg.nyc3.cdn.digitaloceanspaces.com/tpci/DRI/DRI_164_R_EN_LG.png;No;Meta Live
Raging Bolt Ogerpon;Special Red Card;CRI 82;12;1;12;1,0;0,6;20;60,0;CRI;82;Uncommon;Item;https://limitlesstcg.nyc3.cdn.digitaloceanspaces.com/tpci/CRI/CRI_082_R_EN_LG.png;No;Meta Live
Raging Bolt Ogerpon;Glass Trumpet;SCR 135;30;2;18;1,67;1,5;20;90,0;SCR;135;Uncommon;Item;https://limitlesstcg.nyc3.cdn.digitaloceanspaces.com/tpci/SCR/SCR_135_R_EN_LG.png;No;Meta Live
Raging Bolt Ogerpon;Hero's Cape;TEF 152;3;1;3;1,0;0,15;20;15,0;TEF;152;Ultra Rare;Tool;https://limitlesstcg.nyc3.cdn.digitaloceanspaces.com/tpci/TEF/TEF_152_R_EN_LG.png;Yes;Meta Live
Raging Bolt Ogerpon;Area Zero Underdepths;SCR 131;60;4;18;3,33;3,0;20;90,0;SCR;131;Uncommon;Stadium;https://limitlesstcg.nyc3.cdn.digitaloceanspaces.com/tpci/SCR/SCR_131_R_EN_LG.png;No;Meta Live
Raging Bolt Ogerpon;Grass Energy;MEE 1;145;12;20;7,25;7,25;20;100,0;MEE;1;;Basic Energy;https://limitlesstcg.nyc3.cdn.digitaloceanspaces.com/tpci/MEE/MEE_001_R_EN_LG.png;No;Meta Live
Raging Bolt Ogerpon;Fighting Energy;MEE 6;46;4;20;2,3;2,3;20;100,0;MEE;6;;Basic Energy;https://limitlesstcg.nyc3.cdn.digitaloceanspaces.com/tpci/MEE/MEE_006_R_EN_LG.png;No;Meta Live
Raging Bolt Ogerpon;Lightning Energy;MEE 4;45;4;20;2,25;2,25;20;100,0;MEE;4;;Basic Energy;https://limitlesstcg.nyc3.cdn.digitaloceanspaces.com/tpci/MEE/MEE_004_R_EN_LG.png;No;Meta Live
Raging Bolt Ogerpon;Psychic Energy;MEE 5;34;2;18;1,89;1,7;20;90,0;MEE;5;;Basic Energy;https://limitlesstcg.nyc3.cdn.digitaloceanspaces.com/tpci/MEE/MEE_005_R_EN_LG.png;No;Meta Live
Raging Bolt Ogerpon;Water Energy;MEE 3;17;1;17;1,0;0,85;20;85,0;MEE;3;;Basic Energy;https://limitlesstcg.nyc3.cdn.digitaloceanspaces.com/tpci/MEE/MEE_003_R_EN_LG.png;No;Meta Live
Raging Bolt Ogerpon;Iron Leaves ex;TEF 25;13;1;13;1,0;0,65;20;65,0;TEF;25;Double Rare;Basic;https://limitlesstcg.nyc3.cdn.digitaloceanspaces.com/tpci/TEF/TEF_025_R_EN_LG.png;No;Meta Live
Raging Bolt Ogerpon;Iron Crown ex;TEF 81;11;1;11;1,0;0,55;20;55,0;TEF;81;Double Rare;Basic;https://limitlesstcg.nyc3.cdn.digitaloceanspaces.com/tpci/TEF/TEF_081_R_EN_LG.png;No;Meta Live
Raging Bolt Ogerpon;Enamorus;TWM 93;4;1;4;1,0;0,2;20;20,0;TWM;93;Rare;Basic;https://limitlesstcg.nyc3.cdn.digitaloceanspaces.com/tpci/TWM/TWM_093_R_EN_LG.png;No;Meta Live
Raging Bolt Ogerpon;Ciphermaniac's Codebreaking;TEF 145;14;2;12;1,17;0,7;20;60,0;TEF;145;Uncommon;Supporter;https://limitlesstcg.nyc3.cdn.digitaloceanspaces.com/tpci/TEF/TEF_145_R_EN_LG.png;No;Meta Live
Raging Bolt Ogerpon;Unfair Stamp;TWM 165;16;1;16;1,0;0,8;20;80,0;TWM;165;Ultra Rare;Item;https://limitlesstcg.nyc3.cdn.digitaloceanspaces.com/tpci/TWM/TWM_165_R_EN_LG.png;Yes;Meta Live
Raging Bolt Ogerpon;Koraidon ex;ASC 121;1;1;1;1,0;0,05;20;5,0;ASC;121;Double Rare;Basic;https://limitlesstcg.nyc3.cdn.digitaloceanspaces.com/tpci/ASC/ASC_121_R_EN_LG.png;No;Meta Live
Raging Bolt Ogerpon;Mew ex;30C 66;2;1;2;1,0;0,1;20;10,0;30C;66;Double Rare;Basic;https://limitlesstcg.nyc3.cdn.digitaloceanspaces.com/tpci/30C/30C_066_R_EN_LG.png;No;Meta Live
Raging Bolt Ogerpon;Volbeat;TWM 9;1;1;1;1,0;0,05;20;5,0;TWM;9;Common;Basic;https://limitlesstcg.nyc3.cdn.digitaloceanspaces.com/tpci/TWM/TWM_009_R_EN_LG.png;No;Meta Live
Raging Bolt Ogerpon;Judge;POR 76;4;1;4;1,0;0,2;20;20,0;POR;76;Uncommon;Supporter;https://limitlesstcg.nyc3.cdn.digitaloceanspaces.com/tpci/POR/POR_076_R_EN_LG.png;No;Meta Live
Raging Bolt Ogerpon;Bug Catching Set;TWM 143;6;4;2;3,0;0,3;20;10,0;TWM;143;Uncommon;Item;https://limitlesstcg.nyc3.cdn.digitaloceanspaces.com/tpci/TWM/TWM_143_R_EN_LG.png;No;Meta Live
Raging Bolt Ogerpon;Energy Retrieval;SVI 171;8;2;6;1,33;0,4;20;30,0;SVI;171;Common;Item;https://limitlesstcg.nyc3.cdn.digitaloceanspaces.com/tpci/SVI/SVI_171_R_EN_LG.png;No;Meta Live
Raging Bolt Ogerpon;Prime Catcher;TEF 157;1;1;1;1,0;0,05;20;5,0;TEF;157;Ultra Rare;Item;https://limitlesstcg.nyc3.cdn.digitaloceanspaces.com/tpci/TEF/TEF_157_R_EN_LG.png;Yes;Meta Live
Raging Bolt Ogerpon;Switch;MEG 130;3;1;3;1,0;0,15;20;15,0;MEG;130;Common;Item;https://limitlesstcg.nyc3.cdn.digitaloceanspaces.com/tpci/MEG/MEG_130_R_EN_LG.png;No;Meta Live
Raging Bolt Ogerpon;Flutter Mane;TEF 78;2;1;2;1,0;0,1;20;10,0;TEF;78;Rare;Basic;https://limitlesstcg.nyc3.cdn.digitaloceanspaces.com/tpci/TEF/TEF_078_R_EN_LG.png;No;Meta Live
Raging Bolt Ogerpon;Psyduck;ASC 39;1;1;1;1,0;0,05;20;5,0;ASC;39;Common;Basic;https://limitlesstcg.nyc3.cdn.digitaloceanspaces.com/tpci/ASC/ASC_039_R_EN_LG.png;No;Meta Live
Raging Bolt Ogerpon;Jamming Tower;TWM 153;1;1;1;1,0;0,05;20;5,0;TWM;153;Uncommon;Stadium;https://limitlesstcg.nyc3.cdn.digitaloceanspaces.com/tpci/TWM/TWM_153_R_EN_LG.png;No;Meta Live
Raging Bolt Ogerpon;Lillie's Pearl;JTG 151;1;1;1;1,0;0,05;20;5,0;JTG;151;Uncommon;Tool;https://limitlesstcg.nyc3.cdn.digitaloceanspaces.com/tpci/JTG/JTG_151_R_EN_LG.png;No;Meta Live
Raging Bolt Ogerpon;Pokémon Catcher;POR 82;4;4;1;4,0;0,2;20;5,0;POR;82;Common;Item;https://limitlesstcg.nyc3.cdn.digitaloceanspaces.com/tpci/POR/POR_082_R_EN_LG.png;No;Meta Live
Raging Bolt Ogerpon;Tera Orb;SSP 189;3;3;1;3,0;0,15;20;5,0;SSP;189;Uncommon;Item;https://limitlesstcg.nyc3.cdn.digitaloceanspaces.com/tpci/SSP/SSP_189_R_EN_LG.png;No;Meta Live
Raging Bolt Ogerpon;Pokégear 3.0;SVI 186;3;3;1;3,0;0,15;20;5,0;SVI;186;Common;Item;https://limitlesstcg.nyc3.cdn.digitaloceanspaces.com/tpci/SVI/SVI_186_R_EN_LG.png;No;Meta Live
Raging Bolt Ogerpon;Tool Scrapper;ASC 212;1;1;1;1,0;0,05;20;5,0;ASC;212;Common;Item;https://limitlesstcg.nyc3.cdn.digitaloceanspaces.com/tpci/ASC/ASC_212_R_EN_LG.png;No;Meta Live
Raging Bolt Ogerpon;Levincia;JTG 150;1;1;1;1,0;0,05;20;5,0;JTG;150;Uncommon;Stadium;https://limitlesstcg.nyc3.cdn.digitaloceanspaces.com/tpci/JTG/JTG_150_R_EN_LG.png;No;Meta Live
Raging Bolt Ogerpon;Yanma;DRI 2;2;2;1;2,0;0,1;20;5,0;DRI;2;Common;Basic;https://limitlesstcg.nyc3.cdn.digitaloceanspaces.com/tpci/DRI/DRI_002_R_EN_LG.png;No;Meta Live
Raging Bolt Ogerpon;Yanmega ex;DRI 3;2;2;1;2,0;0,1;20;5,0;DRI;3;Double Rare;Stage 1;https://limitlesstcg.nyc3.cdn.digitaloceanspaces.com/tpci/DRI/DRI_003_R_EN_LG.png;No;Meta Live
Raging Bolt Ogerpon;Tatsugiri;TWM 131;1;1;1;1,0;0,05;20;5,0;TWM;131;Uncommon;Basic;https://limitlesstcg.nyc3.cdn.digitaloceanspaces.com/tpci/TWM/TWM_131_R_EN_LG.png;No;Meta Live
Raging Bolt Ogerpon;Budew;ASC 16;1;1;1;1,0;0,05;20;5,0;ASC;16;Common;Basic;https://limitlesstcg.nyc3.cdn.digitaloceanspaces.com/tpci/ASC/ASC_016_R_EN_LG.png;No;Meta Live
Raging Bolt Ogerpon;AZ's Tranquility;CRI 76;1;1;1;1,0;0,05;20;5,0;CRI;76;Uncommon;Supporter;https://limitlesstcg.nyc3.cdn.digitaloceanspaces.com/tpci/CRI/CRI_076_R_EN_LG.png;No;Meta Live
Raging Bolt Ogerpon;Team Rocket's Petrel;DRI 176;1;1;1;1,0;0,05;20;5,0;DRI;176;Uncommon;Supporter;https://limitlesstcg.nyc3.cdn.digitaloceanspaces.com/tpci/DRI/DRI_176_R_EN_LG.png;No;Meta Live
Raging Bolt Ogerpon;Buddy-Buddy Poffin;TEF 144;4;4;1;4,0;0,2;20;5,0;TEF;144;Uncommon;Item;https://limitlesstcg.nyc3.cdn.digitaloceanspaces.com/tpci/TEF/TEF_144_R_EN_LG.png;No;Meta Live
Raging Bolt Ogerpon;Forest of Vitality;MEG 117;1;1;1;1,0;0,05;20;5,0;MEG;117;Uncommon;Stadium;https://limitlesstcg.nyc3.cdn.digitaloceanspaces.com/tpci/MEG/MEG_117_R_EN_LG.png;No;Meta Live
Raging Bolt Ogerpon;Bloodmoon Ursaluna ex;TWM 141;1;1;1;1,0;0,05;20;5,0;TWM;141;Double Rare;Basic;https://limitlesstcg.nyc3.cdn.digitaloceanspaces.com/tpci/TWM/TWM_141_R_EN_LG.png;No;Meta Live
Raging Bolt Ogerpon;N's Plan;BLK 83;1;1;1;1,0;0,05;20;5,0;BLK;83;Uncommon;Supporter;https://limitlesstcg.nyc3.cdn.digitaloceanspaces.com/tpci/BLK/BLK_083_R_EN_LG.png;No;Meta Live
Mega Starmie;Snorunt;ASC 46;36;4;16;2,25;1,8;20;80,0;ASC;46;Common;Basic;https://limitlesstcg.nyc3.cdn.digitaloceanspaces.com/tpci/ASC/ASC_046_R_EN_LG.png;No;Meta Live
Mega Starmie;Mega Froslass ex;ASC 47;32;3;16;2,0;1,6;20;80,0;ASC;47;Double Rare;Stage 1;https://limitlesstcg.nyc3.cdn.digitaloceanspaces.com/tpci/ASC/ASC_047_R_EN_LG.png;No;Meta Live
Mega Starmie;Staryu;POR 20;68;4;20;3,4;3,4;20;100,0;POR;20;Common;Basic;https://limitlesstcg.nyc3.cdn.digitaloceanspaces.com/tpci/POR/POR_020_R_EN_LG.png;No;Meta Live
Mega Starmie;Mega Starmie ex;POR 21;58;4;20;2,9;2,9;20;100,0;POR;21;Double Rare;Stage 1;https://limitlesstcg.nyc3.cdn.digitaloceanspaces.com/tpci/POR/POR_021_R_EN_LG.png;No;Meta Live
Mega Starmie;Lillie's Determination;MEG 119;72;4;20;3,6;3,6;20;100,0;MEG;119;Uncommon;Supporter;https://limitlesstcg.nyc3.cdn.digitaloceanspaces.com/tpci/MEG/MEG_119_R_EN_LG.png;No;Meta Live
Mega Starmie;Wally's Compassion;MEG 132;49;4;17;2,88;2,45;20;85,0;MEG;132;Uncommon;Supporter;https://limitlesstcg.nyc3.cdn.digitaloceanspaces.com/tpci/MEG/MEG_132_R_EN_LG.png;No;Meta Live
Mega Starmie;Boss's Orders;MEG 114;54;3;20;2,7;2,7;20;100,0;MEG;114;Uncommon;Supporter;https://limitlesstcg.nyc3.cdn.digitaloceanspaces.com/tpci/MEG/MEG_114_R_EN_LG.png;No;Meta Live
Mega Starmie;Hilda;WHT 84;41;3;19;2,16;2,05;20;95,0;WHT;84;Uncommon;Supporter;https://limitlesstcg.nyc3.cdn.digitaloceanspaces.com/tpci/WHT/WHT_084_R_EN_LG.png;No;Meta Live
Mega Starmie;Salvatore;TEF 160;30;4;16;1,88;1,5;20;80,0;TEF;160;Uncommon;Supporter;https://limitlesstcg.nyc3.cdn.digitaloceanspaces.com/tpci/TEF/TEF_160_R_EN_LG.png;No;Meta Live
Mega Starmie;Colress's Tenacity;SFA 57;5;2;4;1,25;0,25;20;20,0;SFA;57;Uncommon;Supporter;https://limitlesstcg.nyc3.cdn.digitaloceanspaces.com/tpci/SFA/SFA_057_R_EN_LG.png;No;Meta Live
Mega Starmie;Team Rocket's Petrel;DRI 176;11;1;11;1,0;0,55;20;55,0;DRI;176;Uncommon;Supporter;https://limitlesstcg.nyc3.cdn.digitaloceanspaces.com/tpci/DRI/DRI_176_R_EN_LG.png;No;Meta Live
Mega Starmie;Buddy-Buddy Poffin;TEF 144;71;4;20;3,55;3,55;20;100,0;TEF;144;Uncommon;Item;https://limitlesstcg.nyc3.cdn.digitaloceanspaces.com/tpci/TEF/TEF_144_R_EN_LG.png;No;Meta Live
Mega Starmie;Pokégear 3.0;SVI 186;27;4;11;2,45;1,35;20;55,0;SVI;186;Common;Item;https://limitlesstcg.nyc3.cdn.digitaloceanspaces.com/tpci/SVI/SVI_186_R_EN_LG.png;No;Meta Live
Mega Starmie;Poké Pad;POR 81;52;4;16;3,25;2,6;20;80,0;POR;81;Uncommon;Item;https://limitlesstcg.nyc3.cdn.digitaloceanspaces.com/tpci/POR/POR_081_R_EN_LG.png;No;Meta Live
Mega Starmie;Mega Signal;MEG 121;14;3;11;1,27;0,7;20;55,0;MEG;121;Uncommon;Item;https://limitlesstcg.nyc3.cdn.digitaloceanspaces.com/tpci/MEG/MEG_121_R_EN_LG.png;No;Meta Live
Mega Starmie;Energy Search;POR 72;9;3;5;1,8;0,45;20;25,0;POR;72;Common;Item;https://limitlesstcg.nyc3.cdn.digitaloceanspaces.com/tpci/POR/POR_072_R_EN_LG.png;No;Meta Live
Mega Starmie;Great Haul Net;CRI 78;1;1;1;1,0;0,05;20;5,0;CRI;78;Uncommon;Item;https://limitlesstcg.nyc3.cdn.digitaloceanspaces.com/tpci/CRI/CRI_078_R_EN_LG.png;No;Meta Live
Mega Starmie;Surfing Beach;MEG 129;13;3;7;1,86;0,65;20;35,0;MEG;129;Uncommon;Stadium;https://limitlesstcg.nyc3.cdn.digitaloceanspaces.com/tpci/MEG/MEG_129_R_EN_LG.png;No;Meta Live
Mega Starmie;Water Energy;MEE 11;93;10;18;5,17;4,65;20;90,0;MEE;11;;Basic Energy;;No;Meta Live
Mega Starmie;Ignition Energy;WHT 86;42;4;16;2,62;2,1;20;80,0;WHT;86;Uncommon;Special Energy;https://limitlesstcg.nyc3.cdn.digitaloceanspaces.com/tpci/WHT/WHT_086_R_EN_LG.png;No;Meta Live
Mega Starmie;Legacy Energy;TWM 167;5;1;5;1,0;0,25;20;25,0;TWM;167;Ultra Rare;Special Energy;https://limitlesstcg.nyc3.cdn.digitaloceanspaces.com/tpci/TWM/TWM_167_R_EN_LG.png;Yes;Meta Live
Mega Starmie;Meowth ex;POR 62;22;3;16;1,38;1,1;20;80,0;POR;62;Double Rare;Basic;https://limitlesstcg.nyc3.cdn.digitaloceanspaces.com/tpci/POR/POR_062_R_EN_LG.png;No;Meta Live
Mega Starmie;Budew;ASC 16;6;1;6;1,0;0,3;20;30,0;ASC;16;Common;Basic;https://limitlesstcg.nyc3.cdn.digitaloceanspaces.com/tpci/ASC/ASC_016_R_EN_LG.png;No;Meta Live
Mega Starmie;Munkidori;TWM 95;10;2;7;1,43;0,5;20;35,0;TWM;95;Rare;Basic;https://limitlesstcg.nyc3.cdn.digitaloceanspaces.com/tpci/TWM/TWM_095_R_EN_LG.png;No;Meta Live
Mega Starmie;Fezandipiti ex;ASC 142;13;1;13;1,0;0,65;20;65,0;ASC;142;Double Rare;Basic;https://limitlesstcg.nyc3.cdn.digitaloceanspaces.com/tpci/ASC/ASC_142_R_EN_LG.png;No;Meta Live
Mega Starmie;Judge;POR 76;12;2;9;1,33;0,6;20;45,0;POR;76;Uncommon;Supporter;https://limitlesstcg.nyc3.cdn.digitaloceanspaces.com/tpci/POR/POR_076_R_EN_LG.png;No;Meta Live
Mega Starmie;Misty's Vitality;PBL 80;2;1;2;1,0;0,1;20;10,0;PBL;80;Uncommon;Supporter;https://limitlesstcg.nyc3.cdn.digitaloceanspaces.com/tpci/PBL/PBL_080_R_EN_LG.png;No;Meta Live
Mega Starmie;Xerosic's Machinations;SFA 64;9;1;9;1,0;0,45;20;45,0;SFA;64;Uncommon;Supporter;https://limitlesstcg.nyc3.cdn.digitaloceanspaces.com/tpci/SFA/SFA_064_R_EN_LG.png;No;Meta Live
Mega Starmie;Night Stretcher;ASC 196;32;2;17;1,88;1,6;20;85,0;ASC;196;Common;Item;https://limitlesstcg.nyc3.cdn.digitaloceanspaces.com/tpci/ASC/ASC_196_R_EN_LG.png;No;Meta Live
Mega Starmie;Ultra Ball;MEG 131;46;4;17;2,71;2,3;20;85,0;MEG;131;Common;Item;https://limitlesstcg.nyc3.cdn.digitaloceanspaces.com/tpci/MEG/MEG_131_R_EN_LG.png;No;Meta Live
Mega Starmie;Special Red Card;CRI 82;12;1;12;1,0;0,6;20;60,0;CRI;82;Uncommon;Item;https://limitlesstcg.nyc3.cdn.digitaloceanspaces.com/tpci/CRI/CRI_082_R_EN_LG.png;No;Meta Live
Mega Starmie;Air Balloon;ASC 181;8;2;7;1,14;0,4;20;35,0;ASC;181;Uncommon;Tool;https://limitlesstcg.nyc3.cdn.digitaloceanspaces.com/tpci/ASC/ASC_181_R_EN_LG.png;No;Meta Live
Mega Starmie;Battle Cage;PFL 85;27;3;14;1,93;1,35;20;70,0;PFL;85;Uncommon;Stadium;https://limitlesstcg.nyc3.cdn.digitaloceanspaces.com/tpci/PFL/PFL_085_R_EN_LG.png;No;Meta Live
Mega Starmie;Darkness Energy;MEE 15;15;3;7;2,14;0,75;20;35,0;MEE;15;;Basic Energy;;No;Meta Live
Mega Starmie;Dreepy;TWM 128;25;3;11;2,27;1,25;20;55,0;TWM;128;Common;Basic;https://limitlesstcg.nyc3.cdn.digitaloceanspaces.com/tpci/TWM/TWM_128_R_EN_LG.png;No;Meta Live
Mega Starmie;Drakloak;TWM 129;24;3;11;2,18;1,2;20;55,0;TWM;129;Common;Stage 1;https://limitlesstcg.nyc3.cdn.digitaloceanspaces.com/tpci/TWM/TWM_129_R_EN_LG.png;No;Meta Live
Mega Starmie;Shaymin;DRI 10;7;1;7;1,0;0,35;20;35,0;DRI;10;Uncommon;Basic;https://limitlesstcg.nyc3.cdn.digitaloceanspaces.com/tpci/DRI/DRI_010_R_EN_LG.png;No;Meta Live
Mega Starmie;Psyduck;ASC 39;4;1;4;1,0;0,2;20;20,0;ASC;39;Common;Basic;https://limitlesstcg.nyc3.cdn.digitaloceanspaces.com/tpci/ASC/ASC_039_R_EN_LG.png;No;Meta Live
Mega Starmie;Switch;MEG 130;24;3;11;2,18;1,2;20;55,0;MEG;130;Common;Item;https://limitlesstcg.nyc3.cdn.digitaloceanspaces.com/tpci/MEG/MEG_130_R_EN_LG.png;No;Meta Live
Mega Starmie;Hero's Cape;TEF 152;11;1;11;1,0;0,55;20;55,0;TEF;152;Ultra Rare;Tool;https://limitlesstcg.nyc3.cdn.digitaloceanspaces.com/tpci/TEF/TEF_152_R_EN_LG.png;Yes;Meta Live
Mega Starmie;Bubbly Water Energy;CRI 84;19;4;12;1,58;0,95;20;60,0;CRI;84;Rare;Special Energy;https://limitlesstcg.nyc3.cdn.digitaloceanspaces.com/tpci/CRI/CRI_084_R_EN_LG.png;No;Meta Live
Mega Starmie;Patrat;CRI 70;7;1;7;1,0;0,35;20;35,0;CRI;70;Common;Basic;https://limitlesstcg.nyc3.cdn.digitaloceanspaces.com/tpci/CRI/CRI_070_R_EN_LG.png;No;Meta Live
Mega Starmie;Tool Scrapper;ASC 212;2;1;2;1,0;0,1;20;10,0;ASC;212;Common;Item;https://limitlesstcg.nyc3.cdn.digitaloceanspaces.com/tpci/ASC/ASC_212_R_EN_LG.png;No;Meta Live
Mega Starmie;Risky Ruins;MEG 127;6;3;3;2,0;0,3;20;15,0;MEG;127;Uncommon;Stadium;https://limitlesstcg.nyc3.cdn.digitaloceanspaces.com/tpci/MEG/MEG_127_R_EN_LG.png;No;Meta Live
Mega Starmie;Dunsparce;JTG 120;4;2;2;2,0;0,2;20;10,0;JTG;120;Common;Basic;https://limitlesstcg.nyc3.cdn.digitaloceanspaces.com/tpci/JTG/JTG_120_R_EN_LG.png;No;Meta Live
Mega Starmie;Dudunsparce;TEF 129;4;2;2;2,0;0,2;20;10,0;TEF;129;Rare;Stage 1;https://limitlesstcg.nyc3.cdn.digitaloceanspaces.com/tpci/TEF/TEF_129_R_EN_LG.png;No;Meta Live
Mega Starmie;Hisuian Zorua;30C 122;2;2;1;2,0;0,1;20;5,0;30C;122;Common;Basic;https://limitlesstcg.nyc3.cdn.digitaloceanspaces.com/tpci/30C/30C_122_R_EN_LG.png;No;Meta Live
Mega Starmie;Hisuian Zoroark;30C 123;1;1;1;1,0;0,05;20;5,0;30C;123;Common;Stage 1;https://limitlesstcg.nyc3.cdn.digitaloceanspaces.com/tpci/30C/30C_123_R_EN_LG.png;No;Meta Live
Mega Starmie;Dark Bell;PBL 75;7;3;3;2,33;0,35;20;15,0;PBL;75;Uncommon;Item;https://limitlesstcg.nyc3.cdn.digitaloceanspaces.com/tpci/PBL/PBL_075_R_EN_LG.png;No;Meta Live
Mega Starmie;Hand Trimmer;TEF 150;1;1;1;1,0;0,05;20;5,0;TEF;150;Uncommon;Item;https://limitlesstcg.nyc3.cdn.digitaloceanspaces.com/tpci/TEF/TEF_150_R_EN_LG.png;No;Meta Live
Mega Starmie;Handheld Fan;TWM 150;3;2;2;1,5;0,15;20;10,0;TWM;150;Uncommon;Tool;https://limitlesstcg.nyc3.cdn.digitaloceanspaces.com/tpci/TWM/TWM_150_R_EN_LG.png;No;Meta Live
Mega Starmie;Team Rocket's Watchtower;DRI 180;5;2;3;1,67;0,25;20;15,0;DRI;180;Uncommon;Stadium;https://limitlesstcg.nyc3.cdn.digitaloceanspaces.com/tpci/DRI/DRI_180_R_EN_LG.png;No;Meta Live
Mega Starmie;Dragapult ex;TWM 130;1;1;1;1,0;0,05;20;5,0;TWM;130;Double Rare;Stage 2;https://limitlesstcg.nyc3.cdn.digitaloceanspaces.com/tpci/TWM/TWM_130_R_EN_LG.png;No;Meta Live
Mega Starmie;Crispin;SCR 133;3;2;2;1,5;0,15;20;10,0;SCR;133;Uncommon;Supporter;https://limitlesstcg.nyc3.cdn.digitaloceanspaces.com/tpci/SCR/SCR_133_R_EN_LG.png;No;Meta Live
Mega Starmie;Neo Upper Energy;TEF 162;1;1;1;1,0;0,05;20;5,0;TEF;162;Ultra Rare;Special Energy;https://limitlesstcg.nyc3.cdn.digitaloceanspaces.com/tpci/TEF/TEF_162_R_EN_LG.png;Yes;Meta Live
Mega Starmie;Team Rocket's Zubat;DRI 120;6;3;2;3,0;0,3;20;10,0;DRI;120;Common;Basic;https://limitlesstcg.nyc3.cdn.digitaloceanspaces.com/tpci/DRI/DRI_120_R_EN_LG.png;No;Meta Live
Mega Starmie;Team Rocket's Golbat;DRI 121;6;3;2;3,0;0,3;20;10,0;DRI;121;Uncommon;Stage 1;https://limitlesstcg.nyc3.cdn.digitaloceanspaces.com/tpci/DRI/DRI_121_R_EN_LG.png;No;Meta Live
Mega Starmie;Team Rocket's Crobat ex;DRI 122;5;3;2;2,5;0,25;20;10,0;DRI;122;Double Rare;Stage 2;https://limitlesstcg.nyc3.cdn.digitaloceanspaces.com/tpci/DRI/DRI_122_R_EN_LG.png;No;Meta Live
Mega Starmie;Team Rocket's Mimikyu;DRI 87;1;1;1;1,0;0,05;20;5,0;DRI;87;Uncommon;Basic;https://limitlesstcg.nyc3.cdn.digitaloceanspaces.com/tpci/DRI/DRI_087_R_EN_LG.png;No;Meta Live
Mega Starmie;Team Rocket's Sneasel;DRI 128;2;1;2;1,0;0,1;20;10,0;DRI;128;Rare;Basic;https://limitlesstcg.nyc3.cdn.digitaloceanspaces.com/tpci/DRI/DRI_128_R_EN_LG.png;No;Meta Live
Mega Starmie;Team Rocket's Energy;DRI 182;7;4;2;3,5;0,35;20;10,0;DRI;182;Uncommon;Special Energy;https://limitlesstcg.nyc3.cdn.digitaloceanspaces.com/tpci/DRI/DRI_182_R_EN_LG.png;No;Meta Live
Mega Starmie;Dawn;PFL 87;2;2;1;2,0;0,1;20;5,0;PFL;87;Uncommon;Supporter;https://limitlesstcg.nyc3.cdn.digitaloceanspaces.com/tpci/PFL/PFL_087_R_EN_LG.png;No;Meta Live
Mega Starmie;Enhanced Hammer;TWM 148;1;1;1;1,0;0,05;20;5,0;TWM;148;Uncommon;Item;https://limitlesstcg.nyc3.cdn.digitaloceanspaces.com/tpci/TWM/TWM_148_R_EN_LG.png;No;Meta Live
Mega Starmie;Scoop Up Cyclone;TWM 162;1;1;1;1,0;0,05;20;5,0;TWM;162;Ultra Rare;Item;https://limitlesstcg.nyc3.cdn.digitaloceanspaces.com/tpci/TWM/TWM_162_R_EN_LG.png;Yes;Meta Live
Mega Starmie;Amaura;POR 23;1;1;1;1,0;0,05;20;5,0;POR;23;Common;Stage 1;https://limitlesstcg.nyc3.cdn.digitaloceanspaces.com/tpci/POR/POR_023_R_EN_LG.png;No;Meta Live
Mega Starmie;Aurorus;POR 24;2;2;1;2,0;0,1;20;5,0;POR;24;Rare;Stage 2;https://limitlesstcg.nyc3.cdn.digitaloceanspaces.com/tpci/POR/POR_024_R_EN_LG.png;No;Meta Live
Mega Starmie;Rare Candy;MEG 125;2;2;1;2,0;0,1;20;5,0;MEG;125;Common;Item;https://limitlesstcg.nyc3.cdn.digitaloceanspaces.com/tpci/MEG/MEG_125_R_EN_LG.png;No;Meta Live
Mega Starmie;Antique Sail Fossil;POR 69;2;2;1;2,0;0,1;20;5,0;POR;69;Common;Item;https://limitlesstcg.nyc3.cdn.digitaloceanspaces.com/tpci/POR/POR_069_R_EN_LG.png;No;Meta Live
Mega Starmie;Secret Box;TWM 163;1;1;1;1,0;0,05;20;5,0;TWM;163;Ultra Rare;Item;https://limitlesstcg.nyc3.cdn.digitaloceanspaces.com/tpci/TWM/TWM_163_R_EN_LG.png;Yes;Meta Live
Mega Starmie;Fossil Quarry;PBL 76;1;1;1;1,0;0,05;20;5,0;PBL;76;Uncommon;Stadium;https://limitlesstcg.nyc3.cdn.digitaloceanspaces.com/tpci/PBL/PBL_076_R_EN_LG.png;No;Meta Live
Mega Starmie;Wellspring Mask Ogerpon ex;TWM 64;1;1;1;1,0;0,05;20;5,0;TWM;64;Double Rare;Basic;https://limitlesstcg.nyc3.cdn.digitaloceanspaces.com/tpci/TWM/TWM_064_R_EN_LG.png;No;Meta Live
Mega Starmie;Mist Energy;TEF 161;1;1;1;1,0;0,05;20;5,0;TEF;161;Uncommon;Special Energy;https://limitlesstcg.nyc3.cdn.digitaloceanspaces.com/tpci/TEF/TEF_161_R_EN_LG.png;No;Meta Live
Mega Chandelure;Litwick;PBL 36;76;4;19;4,0;4,0;19;100,0;PBL;36;Common;Basic;https://limitlesstcg.nyc3.cdn.digitaloceanspaces.com/tpci/PBL/PBL_036_R_EN_LG.png;No;Meta Live
Mega Chandelure;Lampent;PBL 37;76;4;19;4,0;4,0;19;100,0;PBL;37;Uncommon;Stage 1;https://limitlesstcg.nyc3.cdn.digitaloceanspaces.com/tpci/PBL/PBL_037_R_EN_LG.png;No;Meta Live
Mega Chandelure;Chandelure;TWM 38;63;4;17;3,71;3,32;19;89,47;TWM;38;Rare;Stage 2;https://limitlesstcg.nyc3.cdn.digitaloceanspaces.com/tpci/TWM/TWM_038_R_EN_LG.png;No;Meta Live
Mega Chandelure;Mega Chandelure ex;PBL 38;59;4;19;3,11;3,11;19;100,0;PBL;38;Double Rare;Stage 2;https://limitlesstcg.nyc3.cdn.digitaloceanspaces.com/tpci/PBL/PBL_038_R_EN_LG.png;No;Meta Live
Mega Chandelure;Comfey;SCR 63;29;2;16;1,81;1,53;19;84,21;SCR;63;Common;Basic;https://limitlesstcg.nyc3.cdn.digitaloceanspaces.com/tpci/SCR/SCR_063_R_EN_LG.png;No;Meta Live
Mega Chandelure;Maractus;JTG 8;4;1;4;1,0;0,21;19;21,05;JTG;8;Uncommon;Basic;https://limitlesstcg.nyc3.cdn.digitaloceanspaces.com/tpci/JTG/JTG_008_R_EN_LG.png;No;Meta Live
Mega Chandelure;Clefairy;POR 30;11;1;11;1,0;0,58;19;57,89;POR;30;Common;Basic;https://limitlesstcg.nyc3.cdn.digitaloceanspaces.com/tpci/POR/POR_030_R_EN_LG.png;No;Meta Live
Mega Chandelure;Elgyem;BLK 40;22;2;16;1,38;1,16;19;84,21;BLK;40;Common;Basic;https://limitlesstcg.nyc3.cdn.digitaloceanspaces.com/tpci/BLK/BLK_040_R_EN_LG.png;No;Meta Live
Mega Chandelure;Psyduck;ASC 39;12;1;12;1,0;0,63;19;63,16;ASC;39;Common;Basic;https://limitlesstcg.nyc3.cdn.digitaloceanspaces.com/tpci/ASC/ASC_039_R_EN_LG.png;No;Meta Live
Mega Chandelure;Shaymin;DRI 10;14;1;14;1,0;0,74;19;73,68;DRI;10;Uncommon;Basic;https://limitlesstcg.nyc3.cdn.digitaloceanspaces.com/tpci/DRI/DRI_010_R_EN_LG.png;No;Meta Live
Mega Chandelure;Lillie's Determination;MEG 119;66;4;19;3,47;3,47;19;100,0;MEG;119;Uncommon;Supporter;https://limitlesstcg.nyc3.cdn.digitaloceanspaces.com/tpci/MEG/MEG_119_R_EN_LG.png;No;Meta Live
Mega Chandelure;Hilda;WHT 84;62;4;17;3,65;3,26;19;89,47;WHT;84;Uncommon;Supporter;https://limitlesstcg.nyc3.cdn.digitaloceanspaces.com/tpci/WHT/WHT_084_R_EN_LG.png;No;Meta Live
Mega Chandelure;Boss's Orders;MEG 114;55;4;19;2,89;2,89;19;100,0;MEG;114;Uncommon;Supporter;https://limitlesstcg.nyc3.cdn.digitaloceanspaces.com/tpci/MEG/MEG_114_R_EN_LG.png;No;Meta Live
Mega Chandelure;Xerosic's Machinations;SFA 64;36;3;19;1,89;1,89;19;100,0;SFA;64;Uncommon;Supporter;https://limitlesstcg.nyc3.cdn.digitaloceanspaces.com/tpci/SFA/SFA_064_R_EN_LG.png;No;Meta Live
Mega Chandelure;Lana's Aid;TWM 155;24;2;16;1,5;1,26;19;84,21;TWM;155;Uncommon;Supporter;https://limitlesstcg.nyc3.cdn.digitaloceanspaces.com/tpci/TWM/TWM_155_R_EN_LG.png;No;Meta Live
Mega Chandelure;Ciphermaniac's Codebreaking;TEF 145;5;2;4;1,25;0,26;19;21,05;TEF;145;Uncommon;Supporter;https://limitlesstcg.nyc3.cdn.digitaloceanspaces.com/tpci/TEF/TEF_145_R_EN_LG.png;No;Meta Live
Mega Chandelure;Poké Pad;POR 81;66;4;19;3,47;3,47;19;100,0;POR;81;Uncommon;Item;https://limitlesstcg.nyc3.cdn.digitaloceanspaces.com/tpci/POR/POR_081_R_EN_LG.png;No;Meta Live
Mega Chandelure;Pokégear 3.0;SVI 186;36;3;14;2,57;1,89;19;73,68;SVI;186;Common;Item;https://limitlesstcg.nyc3.cdn.digitaloceanspaces.com/tpci/SVI/SVI_186_R_EN_LG.png;No;Meta Live
Mega Chandelure;Rare Candy;MEG 125;41;3;18;2,28;2,16;19;94,74;MEG;125;Common;Item;https://limitlesstcg.nyc3.cdn.digitaloceanspaces.com/tpci/MEG/MEG_125_R_EN_LG.png;No;Meta Live
Mega Chandelure;Night Stretcher;ASC 196;24;3;11;2,18;1,26;19;57,89;ASC;196;Common;Item;https://limitlesstcg.nyc3.cdn.digitaloceanspaces.com/tpci/ASC/ASC_196_R_EN_LG.png;No;Meta Live
Mega Chandelure;Ultra Ball;MEG 131;24;3;11;2,18;1,26;19;57,89;MEG;131;Common;Item;https://limitlesstcg.nyc3.cdn.digitaloceanspaces.com/tpci/MEG/MEG_131_R_EN_LG.png;No;Meta Live
Mega Chandelure;Air Balloon;ASC 181;45;3;19;2,37;2,37;19;100,0;ASC;181;Uncommon;Tool;https://limitlesstcg.nyc3.cdn.digitaloceanspaces.com/tpci/ASC/ASC_181_R_EN_LG.png;No;Meta Live
Mega Chandelure;Telepathic Psychic Energy;POR 88;70;4;19;3,68;3,68;19;100,0;POR;88;Rare;Special Energy;https://limitlesstcg.nyc3.cdn.digitaloceanspaces.com/tpci/POR/POR_088_R_EN_LG.png;No;Meta Live
Mega Chandelure;Fire Energy;MEE 10;42;3;17;2,47;2,21;19;89,47;MEE;10;;Basic Energy;;No;Meta Live
Mega Chandelure;Psychic Energy;MEE 13;50;8;19;2,63;2,63;19;100,0;MEE;13;;Basic Energy;;No;Meta Live
Mega Chandelure;Legacy Energy;TWM 167;14;1;14;1,0;0,74;19;73,68;TWM;167;Ultra Rare;Special Energy;https://limitlesstcg.nyc3.cdn.digitaloceanspaces.com/tpci/TWM/TWM_167_R_EN_LG.png;Yes;Meta Live
Mega Chandelure;Dreepy;TWM 128;3;3;1;3,0;0,16;19;5,26;TWM;128;Common;Basic;https://limitlesstcg.nyc3.cdn.digitaloceanspaces.com/tpci/TWM/TWM_128_R_EN_LG.png;No;Meta Live
Mega Chandelure;Drakloak;TWM 129;3;3;1;3,0;0,16;19;5,26;TWM;129;Common;Stage 1;https://limitlesstcg.nyc3.cdn.digitaloceanspaces.com/tpci/TWM/TWM_129_R_EN_LG.png;No;Meta Live
Mega Chandelure;Dragapult ex;TWM 130;1;1;1;1,0;0,05;19;5,26;TWM;130;Double Rare;Stage 2;https://limitlesstcg.nyc3.cdn.digitaloceanspaces.com/tpci/TWM/TWM_130_R_EN_LG.png;No;Meta Live
Mega Chandelure;Lillie's Clefairy ex;JTG 56;5;1;5;1,0;0,26;19;26,32;JTG;56;Double Rare;Basic;https://limitlesstcg.nyc3.cdn.digitaloceanspaces.com/tpci/JTG/JTG_056_R_EN_LG.png;No;Meta Live
Mega Chandelure;Crispin;SCR 133;1;1;1;1,0;0,05;19;5,26;SCR;133;Uncommon;Supporter;https://limitlesstcg.nyc3.cdn.digitaloceanspaces.com/tpci/SCR/SCR_133_R_EN_LG.png;No;Meta Live
Mega Chandelure;Dawn;PFL 87;17;2;9;1,89;0,89;19;47,37;PFL;87;Uncommon;Supporter;https://limitlesstcg.nyc3.cdn.digitaloceanspaces.com/tpci/PFL/PFL_087_R_EN_LG.png;No;Meta Live
Mega Chandelure;Buddy-Buddy Poffin;TEF 144;11;3;5;2,2;0,58;19;26,32;TEF;144;Uncommon;Item;https://limitlesstcg.nyc3.cdn.digitaloceanspaces.com/tpci/TEF/TEF_144_R_EN_LG.png;No;Meta Live
Mega Chandelure;Gravity Gemstone;SCR 137;5;2;3;1,67;0,26;19;15,79;SCR;137;Uncommon;Tool;https://limitlesstcg.nyc3.cdn.digitaloceanspaces.com/tpci/SCR/SCR_137_R_EN_LG.png;No;Meta Live
Mega Chandelure;Jamming Tower;TWM 153;1;1;1;1,0;0,05;19;5,26;TWM;153;Uncommon;Stadium;https://limitlesstcg.nyc3.cdn.digitaloceanspaces.com/tpci/TWM/TWM_153_R_EN_LG.png;No;Meta Live
Mega Chandelure;Neo Upper Energy;TEF 162;3;1;3;1,0;0,16;19;15,79;TEF;162;Ultra Rare;Special Energy;https://limitlesstcg.nyc3.cdn.digitaloceanspaces.com/tpci/TEF/TEF_162_R_EN_LG.png;Yes;Meta Live
Mega Chandelure;Mr. Mime;TEF 63;7;1;7;1,0;0,37;19;36,84;TEF;63;Common;Basic;https://limitlesstcg.nyc3.cdn.digitaloceanspaces.com/tpci/TEF/TEF_063_R_EN_LG.png;No;Meta Live
Mega Chandelure;Battle Cage;PFL 85;10;3;4;2,5;0,53;19;21,05;PFL;85;Uncommon;Stadium;https://limitlesstcg.nyc3.cdn.digitaloceanspaces.com/tpci/PFL/PFL_085_R_EN_LG.png;No;Meta Live
Mega Chandelure;Mew ex;30C 66;1;1;1;1,0;0,05;19;5,26;30C;66;Double Rare;Basic;https://limitlesstcg.nyc3.cdn.digitaloceanspaces.com/tpci/30C/30C_066_R_EN_LG.png;No;Meta Live
Mega Chandelure;Budew;ASC 16;2;1;2;1,0;0,11;19;10,53;ASC;16;Common;Basic;https://limitlesstcg.nyc3.cdn.digitaloceanspaces.com/tpci/ASC/ASC_016_R_EN_LG.png;No;Meta Live
Mega Chandelure;Flutter Mane;TEF 78;2;1;2;1,0;0,11;19;10,53;TEF;78;Rare;Basic;https://limitlesstcg.nyc3.cdn.digitaloceanspaces.com/tpci/TEF/TEF_078_R_EN_LG.png;No;Meta Live
Mega Chandelure;Prime Catcher;TEF 157;1;1;1;1,0;0,05;19;5,26;TEF;157;Ultra Rare;Item;https://limitlesstcg.nyc3.cdn.digitaloceanspaces.com/tpci/TEF/TEF_157_R_EN_LG.png;Yes;Meta Live
Mega Chandelure;Blowtorch;PFL 86;1;1;1;1,0;0,05;19;5,26;PFL;86;Uncommon;Item;https://limitlesstcg.nyc3.cdn.digitaloceanspaces.com/tpci/PFL/PFL_086_R_EN_LG.png;No;Meta Live
Mega Chandelure;Surfer;SSP 187;2;1;2;1,0;0,11;19;10,53;SSP;187;Uncommon;Supporter;https://limitlesstcg.nyc3.cdn.digitaloceanspaces.com/tpci/SSP/SSP_187_R_EN_LG.png;No;Meta Live
Mega Chandelure;Energy Search;POR 72;3;1;3;1,0;0,16;19;15,79;POR;72;Common;Item;https://limitlesstcg.nyc3.cdn.digitaloceanspaces.com/tpci/POR/POR_072_R_EN_LG.png;No;Meta Live
Mega Chandelure;Dark Bell;PBL 75;1;1;1;1,0;0,05;19;5,26;PBL;75;Uncommon;Item;https://limitlesstcg.nyc3.cdn.digitaloceanspaces.com/tpci/PBL/PBL_075_R_EN_LG.png;No;Meta Live
Mega Chandelure;Jynx;PBL 32;7;3;3;2,33;0,37;19;15,79;PBL;32;Common;Basic;https://limitlesstcg.nyc3.cdn.digitaloceanspaces.com/tpci/PBL/PBL_032_R_EN_LG.png;No;Meta Live
Mega Chandelure;Latias ex;SSP 76;2;1;2;1,0;0,11;19;10,53;SSP;76;Double Rare;Basic;https://limitlesstcg.nyc3.cdn.digitaloceanspaces.com/tpci/SSP/SSP_076_R_EN_LG.png;No;Meta Live
Mega Chandelure;Fezandipiti ex;ASC 142;2;1;2;1,0;0,11;19;10,53;ASC;142;Double Rare;Basic;https://limitlesstcg.nyc3.cdn.digitaloceanspaces.com/tpci/ASC/ASC_142_R_EN_LG.png;No;Meta Live
Mega Chandelure;Brock's Scouting;JTG 146;4;2;2;2,0;0,21;19;10,53;JTG;146;Uncommon;Supporter;https://limitlesstcg.nyc3.cdn.digitaloceanspaces.com/tpci/JTG/JTG_146_R_EN_LG.png;No;Meta Live
Mega Chandelure;Ruffian;JTG 157;4;2;2;2,0;0,21;19;10,53;JTG;157;Uncommon;Supporter;https://limitlesstcg.nyc3.cdn.digitaloceanspaces.com/tpci/JTG/JTG_157_R_EN_LG.png;No;Meta Live
Mega Chandelure;Special Red Card;CRI 82;2;1;2;1,0;0,11;19;10,53;CRI;82;Uncommon;Item;https://limitlesstcg.nyc3.cdn.digitaloceanspaces.com/tpci/CRI/CRI_082_R_EN_LG.png;No;Meta Live
Mega Chandelure;Energy Retrieval;SVI 171;2;1;2;1,0;0,11;19;10,53;SVI;171;Common;Item;https://limitlesstcg.nyc3.cdn.digitaloceanspaces.com/tpci/SVI/SVI_171_R_EN_LG.png;No;Meta Live
Mega Chandelure;Wondrous Patch;PFL 94;2;1;2;1,0;0,11;19;10,53;PFL;94;Uncommon;Item;https://limitlesstcg.nyc3.cdn.digitaloceanspaces.com/tpci/PFL/PFL_094_R_EN_LG.png;No;Meta Live
Mega Chandelure;Cubchoo;BLK 25;1;1;1;1,0;0,05;19;5,26;BLK;25;Common;Basic;https://limitlesstcg.nyc3.cdn.digitaloceanspaces.com/tpci/BLK/BLK_025_R_EN_LG.png;No;Meta Live
Mega Chandelure;Miracle Headset;SSP 183;1;1;1;1,0;0,05;19;5,26;SSP;183;Ultra Rare;Item;https://limitlesstcg.nyc3.cdn.digitaloceanspaces.com/tpci/SSP/SSP_183_R_EN_LG.png;Yes;Meta Live
Mega Chandelure;Handheld Fan;TWM 150;1;1;1;1,0;0,05;19;5,26;TWM;150;Uncommon;Tool;https://limitlesstcg.nyc3.cdn.digitaloceanspaces.com/tpci/TWM/TWM_150_R_EN_LG.png;No;Meta Live
Mega Chandelure;Prism Energy;ASC 216;2;2;1;2,0;0,11;19;5,26;ASC;216;Uncommon;Special Energy;https://limitlesstcg.nyc3.cdn.digitaloceanspaces.com/tpci/ASC/ASC_216_R_EN_LG.png;No;Meta Live
Mega Chandelure;Sacred Ash;DRI 168;1;1;1;1,0;0,05;19;5,26;DRI;168;Uncommon;Item;https://limitlesstcg.nyc3.cdn.digitaloceanspaces.com/tpci/DRI/DRI_168_R_EN_LG.png;No;Meta Live
Mega Chandelure;Dedenne;SSP 87;1;1;1;1,0;0,05;19;5,26;SSP;87;Common;Basic;https://limitlesstcg.nyc3.cdn.digitaloceanspaces.com/tpci/SSP/SSP_087_R_EN_LG.png;No;Meta Live
Mega Chandelure;Wally's Compassion;MEG 132;1;1;1;1,0;0,05;19;5,26;MEG;132;Uncommon;Supporter;https://limitlesstcg.nyc3.cdn.digitaloceanspaces.com/tpci/MEG/MEG_132_R_EN_LG.png;No;Meta Live
Mega Chandelure;Mystery Garden;MEG 122;1;1;1;1,0;0,05;19;5,26;MEG;122;Uncommon;Stadium;https://limitlesstcg.nyc3.cdn.digitaloceanspaces.com/tpci/MEG/MEG_122_R_EN_LG.png;No;Meta Live
Starmie Froslass;Staryu;POR 20;59;4;20;2,95;2,95;20;100,0;POR;20;Common;Basic;https://limitlesstcg.nyc3.cdn.digitaloceanspaces.com/tpci/POR/POR_020_R_EN_LG.png;No;Meta Live
Starmie Froslass;Mega Starmie ex;POR 21;44;4;20;2,2;2,2;20;100,0;POR;21;Double Rare;Stage 1;https://limitlesstcg.nyc3.cdn.digitaloceanspaces.com/tpci/POR/POR_021_R_EN_LG.png;No;Meta Live
Starmie Froslass;Snorunt;ASC 46;63;4;20;3,15;3,15;20;100,0;ASC;46;Common;Basic;https://limitlesstcg.nyc3.cdn.digitaloceanspaces.com/tpci/ASC/ASC_046_R_EN_LG.png;No;Meta Live
Starmie Froslass;Froslass;TWM 53;42;3;20;2,1;2,1;20;100,0;TWM;53;Rare;Stage 1;https://limitlesstcg.nyc3.cdn.digitaloceanspaces.com/tpci/TWM/TWM_053_R_EN_LG.png;No;Meta Live
Starmie Froslass;Mega Froslass ex;ASC 47;37;2;20;1,85;1,85;20;100,0;ASC;47;Double Rare;Stage 1;https://limitlesstcg.nyc3.cdn.digitaloceanspaces.com/tpci/ASC/ASC_047_R_EN_LG.png;No;Meta Live
Starmie Froslass;Dunsparce;TEF 128;5;3;2;2,5;0,25;20;10,0;TEF;128;Common;Basic;https://limitlesstcg.nyc3.cdn.digitaloceanspaces.com/tpci/TEF/TEF_128_R_EN_LG.png;No;Meta Live
Starmie Froslass;Dudunsparce;TEF 129;4;2;2;2,0;0,2;20;10,0;TEF;129;Rare;Stage 1;https://limitlesstcg.nyc3.cdn.digitaloceanspaces.com/tpci/TEF/TEF_129_R_EN_LG.png;No;Meta Live
Starmie Froslass;Munkidori;TWM 95;41;3;19;2,16;2,05;20;95,0;TWM;95;Rare;Basic;https://limitlesstcg.nyc3.cdn.digitaloceanspaces.com/tpci/TWM/TWM_095_R_EN_LG.png;No;Meta Live
Starmie Froslass;Meowth ex;POR 62;22;3;18;1,22;1,1;20;90,0;POR;62;Double Rare;Basic;https://limitlesstcg.nyc3.cdn.digitaloceanspaces.com/tpci/POR/POR_062_R_EN_LG.png;No;Meta Live
Starmie Froslass;Budew;ASC 16;19;2;18;1,06;0,95;20;90,0;ASC;16;Common;Basic;https://limitlesstcg.nyc3.cdn.digitaloceanspaces.com/tpci/ASC/ASC_016_R_EN_LG.png;No;Meta Live
Starmie Froslass;Yveltal;MEG 88;6;1;6;1,0;0,3;20;30,0;MEG;88;Rare;Basic;https://limitlesstcg.nyc3.cdn.digitaloceanspaces.com/tpci/MEG/MEG_088_R_EN_LG.png;No;Meta Live
Starmie Froslass;Lillie's Determination;MEG 119;78;4;20;3,9;3,9;20;100,0;MEG;119;Uncommon;Supporter;https://limitlesstcg.nyc3.cdn.digitaloceanspaces.com/tpci/MEG/MEG_119_R_EN_LG.png;No;Meta Live
Starmie Froslass;Hilda;WHT 84;58;4;20;2,9;2,9;20;100,0;WHT;84;Uncommon;Supporter;https://limitlesstcg.nyc3.cdn.digitaloceanspaces.com/tpci/WHT/WHT_084_R_EN_LG.png;No;Meta Live
Starmie Froslass;Boss's Orders;MEG 114;43;3;20;2,15;2,15;20;100,0;MEG;114;Uncommon;Supporter;https://limitlesstcg.nyc3.cdn.digitaloceanspaces.com/tpci/MEG/MEG_114_R_EN_LG.png;No;Meta Live
Starmie Froslass;Crispin;SCR 133;28;3;14;2,0;1,4;20;70,0;SCR;133;Uncommon;Supporter;https://limitlesstcg.nyc3.cdn.digitaloceanspaces.com/tpci/SCR/SCR_133_R_EN_LG.png;No;Meta Live
Starmie Froslass;Surfer;SSP 187;1;1;1;1,0;0,05;20;5,0;SSP;187;Uncommon;Supporter;https://limitlesstcg.nyc3.cdn.digitaloceanspaces.com/tpci/SSP/SSP_187_R_EN_LG.png;No;Meta Live
Starmie Froslass;Ultra Ball;MEG 131;59;4;19;3,11;2,95;20;95,0;MEG;131;Common;Item;https://limitlesstcg.nyc3.cdn.digitaloceanspaces.com/tpci/MEG/MEG_131_R_EN_LG.png;No;Meta Live
Starmie Froslass;Buddy-Buddy Poffin;TEF 144;74;4;20;3,7;3,7;20;100,0;TEF;144;Uncommon;Item;https://limitlesstcg.nyc3.cdn.digitaloceanspaces.com/tpci/TEF/TEF_144_R_EN_LG.png;No;Meta Live
Starmie Froslass;Poké Pad;POR 81;59;4;19;3,11;2,95;20;95,0;POR;81;Uncommon;Item;https://limitlesstcg.nyc3.cdn.digitaloceanspaces.com/tpci/POR/POR_081_R_EN_LG.png;No;Meta Live
Starmie Froslass;Night Stretcher;ASC 196;34;2;18;1,89;1,7;20;90,0;ASC;196;Common;Item;https://limitlesstcg.nyc3.cdn.digitaloceanspaces.com/tpci/ASC/ASC_196_R_EN_LG.png;No;Meta Live
Starmie Froslass;Special Red Card;CRI 82;4;1;4;1,0;0,2;20;20,0;CRI;82;Uncommon;Item;https://limitlesstcg.nyc3.cdn.digitaloceanspaces.com/tpci/CRI/CRI_082_R_EN_LG.png;No;Meta Live
Starmie Froslass;Risky Ruins;MEG 127;40;4;17;2,35;2,0;20;85,0;MEG;127;Uncommon;Stadium;https://limitlesstcg.nyc3.cdn.digitaloceanspaces.com/tpci/MEG/MEG_127_R_EN_LG.png;No;Meta Live
Starmie Froslass;Darkness Energy;MEE 7;53;4;19;2,79;2,65;20;95,0;MEE;7;;Basic Energy;https://limitlesstcg.nyc3.cdn.digitaloceanspaces.com/tpci/MEE/MEE_007_R_EN_LG.png;No;Meta Live
Starmie Froslass;Ignition Energy;WHT 86;29;2;19;1,53;1,45;20;95,0;WHT;86;Uncommon;Special Energy;https://limitlesstcg.nyc3.cdn.digitaloceanspaces.com/tpci/WHT/WHT_086_R_EN_LG.png;No;Meta Live
Starmie Froslass;Water Energy;MEE 11;81;9;20;4,05;4,05;20;100,0;MEE;11;;Basic Energy;;No;Meta Live
Starmie Froslass;Legacy Energy;TWM 167;13;1;13;1,0;0,65;20;65,0;TWM;167;Ultra Rare;Special Energy;https://limitlesstcg.nyc3.cdn.digitaloceanspaces.com/tpci/TWM/TWM_167_R_EN_LG.png;Yes;Meta Live
Starmie Froslass;Bubbly Water Energy;CRI 84;13;2;10;1,3;0,65;20;50,0;CRI;84;Rare;Special Energy;https://limitlesstcg.nyc3.cdn.digitaloceanspaces.com/tpci/CRI/CRI_084_R_EN_LG.png;No;Meta Live
Starmie Froslass;Fezandipiti ex;ASC 142;8;1;8;1,0;0,4;20;40,0;ASC;142;Double Rare;Basic;https://limitlesstcg.nyc3.cdn.digitaloceanspaces.com/tpci/ASC/ASC_142_R_EN_LG.png;No;Meta Live
Starmie Froslass;Larry's Skill;PRE 115;20;3;10;2,0;1,0;20;50,0;PRE;115;Common;Supporter;https://limitlesstcg.nyc3.cdn.digitaloceanspaces.com/tpci/PRE/PRE_115_R_EN_LG.png;No;Meta Live
Starmie Froslass;Wally's Compassion;MEG 132;28;3;16;1,75;1,4;20;80,0;MEG;132;Uncommon;Supporter;https://limitlesstcg.nyc3.cdn.digitaloceanspaces.com/tpci/MEG/MEG_132_R_EN_LG.png;No;Meta Live
Starmie Froslass;Salvatore;TEF 160;23;4;16;1,44;1,15;20;80,0;TEF;160;Uncommon;Supporter;https://limitlesstcg.nyc3.cdn.digitaloceanspaces.com/tpci/TEF/TEF_160_R_EN_LG.png;No;Meta Live
Starmie Froslass;Pokégear 3.0;SVI 186;23;3;9;2,56;1,15;20;45,0;SVI;186;Common;Item;https://limitlesstcg.nyc3.cdn.digitaloceanspaces.com/tpci/SVI/SVI_186_R_EN_LG.png;No;Meta Live
Starmie Froslass;Surfing Beach;MEG 129;22;2;13;1,69;1,1;20;65,0;MEG;129;Uncommon;Stadium;https://limitlesstcg.nyc3.cdn.digitaloceanspaces.com/tpci/MEG/MEG_129_R_EN_LG.png;No;Meta Live
Starmie Froslass;Mew ex;30C 66;2;2;1;2,0;0,1;20;5,0;30C;66;Double Rare;Basic;https://limitlesstcg.nyc3.cdn.digitaloceanspaces.com/tpci/30C/30C_066_R_EN_LG.png;No;Meta Live
Starmie Froslass;Scoop Up Cyclone;TWM 162;2;1;2;1,0;0,1;20;10,0;TWM;162;Ultra Rare;Item;https://limitlesstcg.nyc3.cdn.digitaloceanspaces.com/tpci/TWM/TWM_162_R_EN_LG.png;Yes;Meta Live
Starmie Froslass;Air Balloon;ASC 181;16;2;11;1,45;0,8;20;55,0;ASC;181;Uncommon;Tool;https://limitlesstcg.nyc3.cdn.digitaloceanspaces.com/tpci/ASC/ASC_181_R_EN_LG.png;No;Meta Live
Starmie Froslass;Glalie;TWM 52;2;1;2;1,0;0,1;20;10,0;TWM;52;Uncommon;Stage 1;https://limitlesstcg.nyc3.cdn.digitaloceanspaces.com/tpci/TWM/TWM_052_R_EN_LG.png;No;Meta Live
Starmie Froslass;Judge;POR 76;6;2;5;1,2;0,3;20;25,0;POR;76;Uncommon;Supporter;https://limitlesstcg.nyc3.cdn.digitaloceanspaces.com/tpci/POR/POR_076_R_EN_LG.png;No;Meta Live
Starmie Froslass;Team Rocket's Petrel;DRI 176;2;1;2;1,0;0,1;20;10,0;DRI;176;Uncommon;Supporter;https://limitlesstcg.nyc3.cdn.digitaloceanspaces.com/tpci/DRI/DRI_176_R_EN_LG.png;No;Meta Live
Starmie Froslass;Secret Box;TWM 163;2;1;2;1,0;0,1;20;10,0;TWM;163;Ultra Rare;Item;https://limitlesstcg.nyc3.cdn.digitaloceanspaces.com/tpci/TWM/TWM_163_R_EN_LG.png;Yes;Meta Live
Starmie Froslass;Energy Search;POR 72;4;2;3;1,33;0,2;20;15,0;POR;72;Common;Item;https://limitlesstcg.nyc3.cdn.digitaloceanspaces.com/tpci/POR/POR_072_R_EN_LG.png;No;Meta Live
Starmie Froslass;Mega Signal;MEG 121;3;2;2;1,5;0,15;20;10,0;MEG;121;Uncommon;Item;https://limitlesstcg.nyc3.cdn.digitaloceanspaces.com/tpci/MEG/MEG_121_R_EN_LG.png;No;Meta Live
Starmie Froslass;Shaymin;DRI 10;3;1;3;1,0;0,15;20;15,0;DRI;10;Uncommon;Basic;https://limitlesstcg.nyc3.cdn.digitaloceanspaces.com/tpci/DRI/DRI_010_R_EN_LG.png;No;Meta Live
Starmie Froslass;Tool Scrapper;ASC 212;1;1;1;1,0;0,05;20;5,0;ASC;212;Common;Item;https://limitlesstcg.nyc3.cdn.digitaloceanspaces.com/tpci/ASC/ASC_212_R_EN_LG.png;No;Meta Live
Starmie Froslass;Switch;MEG 130;3;1;3;1,0;0,15;20;15,0;MEG;130;Common;Item;https://limitlesstcg.nyc3.cdn.digitaloceanspaces.com/tpci/MEG/MEG_130_R_EN_LG.png;No;Meta Live
Starmie Froslass;Xerosic's Machinations;SFA 64;6;2;5;1,2;0,3;20;25,0;SFA;64;Uncommon;Supporter;https://limitlesstcg.nyc3.cdn.digitaloceanspaces.com/tpci/SFA/SFA_064_R_EN_LG.png;No;Meta Live
Starmie Froslass;Colress's Tenacity;SFA 57;1;1;1;1,0;0,05;20;5,0;SFA;57;Uncommon;Supporter;https://limitlesstcg.nyc3.cdn.digitaloceanspaces.com/tpci/SFA/SFA_057_R_EN_LG.png;No;Meta Live
Starmie Froslass;Dudunsparce ex;JTG 121;1;1;1;1,0;0,05;20;5,0;JTG;121;Double Rare;Stage 1;https://limitlesstcg.nyc3.cdn.digitaloceanspaces.com/tpci/JTG/JTG_121_R_EN_LG.png;No;Meta Live
Starmie Froslass;Jamming Tower;TWM 153;1;1;1;1,0;0,05;20;5,0;TWM;153;Uncommon;Stadium;https://limitlesstcg.nyc3.cdn.digitaloceanspaces.com/tpci/TWM/TWM_153_R_EN_LG.png;No;Meta Live
Starmie Froslass;Prism Energy;ASC 216;2;1;2;1,0;0,1;20;10,0;ASC;216;Uncommon;Special Energy;https://limitlesstcg.nyc3.cdn.digitaloceanspaces.com/tpci/ASC/ASC_216_R_EN_LG.png;No;Meta Live
Starmie Froslass;Psyduck;ASC 39;2;1;2;1,0;0,1;20;10,0;ASC;39;Common;Basic;https://limitlesstcg.nyc3.cdn.digitaloceanspaces.com/tpci/ASC/ASC_039_R_EN_LG.png;No;Meta Live
Starmie Froslass;Hero's Cape;TEF 152;2;1;2;1,0;0,1;20;10,0;TEF;152;Ultra Rare;Tool;https://limitlesstcg.nyc3.cdn.digitaloceanspaces.com/tpci/TEF/TEF_152_R_EN_LG.png;Yes;Meta Live
Starmie Froslass;Team Rocket's Watchtower;DRI 180;2;2;1;2,0;0,1;20;5,0;DRI;180;Uncommon;Stadium;https://limitlesstcg.nyc3.cdn.digitaloceanspaces.com/tpci/DRI/DRI_180_R_EN_LG.png;No;Meta Live
Starmie Froslass;Patrat;CRI 70;1;1;1;1,0;0,05;20;5,0;CRI;70;Common;Basic;https://limitlesstcg.nyc3.cdn.digitaloceanspaces.com/tpci/CRI/CRI_070_R_EN_LG.png;No;Meta Live
Starmie Froslass;Lana's Aid;TWM 155;1;1;1;1,0;0,05;20;5,0;TWM;155;Uncommon;Supporter;https://limitlesstcg.nyc3.cdn.digitaloceanspaces.com/tpci/TWM/TWM_155_R_EN_LG.png;No;Meta Live
Starmie Froslass;Lucian;TWM 157;1;1;1;1,0;0,05;20;5,0;TWM;157;Uncommon;Supporter;https://limitlesstcg.nyc3.cdn.digitaloceanspaces.com/tpci/TWM/TWM_157_R_EN_LG.png;No;Meta Live
Starmie Froslass;Nighttime Mine;ASC 197;1;1;1;1,0;0,05;20;5,0;ASC;197;Uncommon;Stadium;https://limitlesstcg.nyc3.cdn.digitaloceanspaces.com/tpci/ASC/ASC_197_R_EN_LG.png;No;Meta Live
Dragapult Dudunsparce;Dreepy;TWM 128;80;4;20;4,0;4,0;20;100,0;TWM;128;Common;Basic;https://limitlesstcg.nyc3.cdn.digitaloceanspaces.com/tpci/TWM/TWM_128_R_EN_LG.png;No;Meta Live
Dragapult Dudunsparce;Drakloak;TWM 129;80;4;20;4,0;4,0;20;100,0;TWM;129;Common;Stage 1;https://limitlesstcg.nyc3.cdn.digitaloceanspaces.com/tpci/TWM/TWM_129_R_EN_LG.png;No;Meta Live
Dragapult Dudunsparce;Dragapult ex;TWM 130;57;3;20;2,85;2,85;20;100,0;TWM;130;Double Rare;Stage 2;https://limitlesstcg.nyc3.cdn.digitaloceanspaces.com/tpci/TWM/TWM_130_R_EN_LG.png;No;Meta Live
Dragapult Dudunsparce;Dunsparce;JTG 120;42;3;20;2,1;2,1;20;100,0;JTG;120;Common;Basic;https://limitlesstcg.nyc3.cdn.digitaloceanspaces.com/tpci/JTG/JTG_120_R_EN_LG.png;No;Meta Live
Dragapult Dudunsparce;Dudunsparce ex;JTG 121;17;1;17;1,0;0,85;20;85,0;JTG;121;Double Rare;Stage 1;https://limitlesstcg.nyc3.cdn.digitaloceanspaces.com/tpci/JTG/JTG_121_R_EN_LG.png;No;Meta Live
Dragapult Dudunsparce;Dudunsparce;TEF 129;29;2;20;1,45;1,45;20;100,0;TEF;129;Rare;Stage 1;https://limitlesstcg.nyc3.cdn.digitaloceanspaces.com/tpci/TEF/TEF_129_R_EN_LG.png;No;Meta Live
Dragapult Dudunsparce;Munkidori;TWM 95;38;2;20;1,9;1,9;20;100,0;TWM;95;Rare;Basic;https://limitlesstcg.nyc3.cdn.digitaloceanspaces.com/tpci/TWM/TWM_095_R_EN_LG.png;No;Meta Live
Dragapult Dudunsparce;Budew;ASC 16;35;2;20;1,75;1,75;20;100,0;ASC;16;Common;Basic;https://limitlesstcg.nyc3.cdn.digitaloceanspaces.com/tpci/ASC/ASC_016_R_EN_LG.png;No;Meta Live
Dragapult Dudunsparce;Moltres;PFL 14;5;1;5;1,0;0,25;20;25,0;PFL;14;Rare;Basic;https://limitlesstcg.nyc3.cdn.digitaloceanspaces.com/tpci/PFL/PFL_014_R_EN_LG.png;No;Meta Live
Dragapult Dudunsparce;Meowth ex;POR 62;19;1;19;1,0;0,95;20;95,0;POR;62;Double Rare;Basic;https://limitlesstcg.nyc3.cdn.digitaloceanspaces.com/tpci/POR/POR_062_R_EN_LG.png;No;Meta Live
Dragapult Dudunsparce;Fezandipiti ex;ASC 142;15;1;15;1,0;0,75;20;75,0;ASC;142;Double Rare;Basic;https://limitlesstcg.nyc3.cdn.digitaloceanspaces.com/tpci/ASC/ASC_142_R_EN_LG.png;No;Meta Live
Dragapult Dudunsparce;Lillie's Determination;MEG 119;80;4;20;4,0;4,0;20;100,0;MEG;119;Uncommon;Supporter;https://limitlesstcg.nyc3.cdn.digitaloceanspaces.com/tpci/MEG/MEG_119_R_EN_LG.png;No;Meta Live
Dragapult Dudunsparce;Boss's Orders;MEG 114;60;3;20;3,0;3,0;20;100,0;MEG;114;Uncommon;Supporter;https://limitlesstcg.nyc3.cdn.digitaloceanspaces.com/tpci/MEG/MEG_114_R_EN_LG.png;No;Meta Live
Dragapult Dudunsparce;Crispin;SCR 133;45;3;20;2,25;2,25;20;100,0;SCR;133;Uncommon;Supporter;https://limitlesstcg.nyc3.cdn.digitaloceanspaces.com/tpci/SCR/SCR_133_R_EN_LG.png;No;Meta Live
Dragapult Dudunsparce;Judge;POR 76;12;1;12;1,0;0,6;20;60,0;POR;76;Uncommon;Supporter;https://limitlesstcg.nyc3.cdn.digitaloceanspaces.com/tpci/POR/POR_076_R_EN_LG.png;No;Meta Live
Dragapult Dudunsparce;Rosa's Encouragement;POR 84;15;1;15;1,0;0,75;20;75,0;POR;84;Uncommon;Supporter;https://limitlesstcg.nyc3.cdn.digitaloceanspaces.com/tpci/POR/POR_084_R_EN_LG.png;No;Meta Live
Dragapult Dudunsparce;Buddy-Buddy Poffin;TEF 144;80;4;20;4,0;4,0;20;100,0;TEF;144;Uncommon;Item;https://limitlesstcg.nyc3.cdn.digitaloceanspaces.com/tpci/TEF/TEF_144_R_EN_LG.png;No;Meta Live
Dragapult Dudunsparce;Poké Pad;POR 81;80;4;20;4,0;4,0;20;100,0;POR;81;Uncommon;Item;https://limitlesstcg.nyc3.cdn.digitaloceanspaces.com/tpci/POR/POR_081_R_EN_LG.png;No;Meta Live
Dragapult Dudunsparce;Crushing Hammer;POR 71;23;4;7;3,29;1,15;20;35,0;POR;71;Common;Item;https://limitlesstcg.nyc3.cdn.digitaloceanspaces.com/tpci/POR/POR_071_R_EN_LG.png;No;Meta Live
Dragapult Dudunsparce;Ultra Ball;MEG 131;70;4;20;3,5;3,5;20;100,0;MEG;131;Common;Item;https://limitlesstcg.nyc3.cdn.digitaloceanspaces.com/tpci/MEG/MEG_131_R_EN_LG.png;No;Meta Live
Dragapult Dudunsparce;Night Stretcher;ASC 196;50;3;20;2,5;2,5;20;100,0;ASC;196;Common;Item;https://limitlesstcg.nyc3.cdn.digitaloceanspaces.com/tpci/ASC/ASC_196_R_EN_LG.png;No;Meta Live
Dragapult Dudunsparce;Unfair Stamp;TWM 165;18;1;18;1,0;0,9;20;90,0;TWM;165;Ultra Rare;Item;https://limitlesstcg.nyc3.cdn.digitaloceanspaces.com/tpci/TWM/TWM_165_R_EN_LG.png;Yes;Meta Live
Dragapult Dudunsparce;Risky Ruins;MEG 127;38;3;20;1,9;1,9;20;100,0;MEG;127;Uncommon;Stadium;https://limitlesstcg.nyc3.cdn.digitaloceanspaces.com/tpci/MEG/MEG_127_R_EN_LG.png;No;Meta Live
Dragapult Dudunsparce;Psychic Energy;MEE 13;65;4;20;3,25;3,25;20;100,0;MEE;13;;Basic Energy;;No;Meta Live
Dragapult Dudunsparce;Fire Energy;MEE 10;60;3;20;3,0;3,0;20;100,0;MEE;10;;Basic Energy;;No;Meta Live
Dragapult Dudunsparce;Darkness Energy;MEE 15;47;3;20;2,35;2,35;20;100,0;MEE;15;;Basic Energy;;No;Meta Live
Dragapult Dudunsparce;Yveltal;MEG 88;4;1;4;1,0;0,2;20;20,0;MEG;88;Rare;Basic;https://limitlesstcg.nyc3.cdn.digitaloceanspaces.com/tpci/MEG/MEG_088_R_EN_LG.png;No;Meta Live
Dragapult Dudunsparce;Special Red Card;CRI 82;12;1;12;1,0;0,6;20;60,0;CRI;82;Uncommon;Item;https://limitlesstcg.nyc3.cdn.digitaloceanspaces.com/tpci/CRI/CRI_082_R_EN_LG.png;No;Meta Live
Dragapult Dudunsparce;Shaymin;DRI 10;1;1;1;1,0;0,05;20;5,0;DRI;10;Uncommon;Basic;https://limitlesstcg.nyc3.cdn.digitaloceanspaces.com/tpci/DRI/DRI_010_R_EN_LG.png;No;Meta Live
Dragapult Dudunsparce;Jamming Tower;TWM 153;5;1;5;1,0;0,25;20;25,0;TWM;153;Uncommon;Stadium;https://limitlesstcg.nyc3.cdn.digitaloceanspaces.com/tpci/TWM/TWM_153_R_EN_LG.png;No;Meta Live
Dragapult Dudunsparce;Lillie's Clefairy ex;JTG 56;2;1;2;1,0;0,1;20;10,0;JTG;56;Double Rare;Basic;https://limitlesstcg.nyc3.cdn.digitaloceanspaces.com/tpci/JTG/JTG_056_R_EN_LG.png;No;Meta Live
Dragapult Dudunsparce;Hero's Cape;TEF 152;2;1;2;1,0;0,1;20;10,0;TEF;152;Ultra Rare;Tool;https://limitlesstcg.nyc3.cdn.digitaloceanspaces.com/tpci/TEF/TEF_152_R_EN_LG.png;Yes;Meta Live
Dragapult Dudunsparce;Rellor;TEF 23;2;2;1;2,0;0,1;20;5,0;TEF;23;Common;Basic;https://limitlesstcg.nyc3.cdn.digitaloceanspaces.com/tpci/TEF/TEF_023_R_EN_LG.png;No;Meta Live
Dragapult Dudunsparce;Rabsca;TEF 24;1;1;1;1,0;0,05;20;5,0;TEF;24;Uncommon;Stage 1;https://limitlesstcg.nyc3.cdn.digitaloceanspaces.com/tpci/TEF/TEF_024_R_EN_LG.png;No;Meta Live
Dragapult Dudunsparce;Rare Candy;MEG 125;4;2;2;2,0;0,2;20;10,0;MEG;125;Common;Item;https://limitlesstcg.nyc3.cdn.digitaloceanspaces.com/tpci/MEG/MEG_125_R_EN_LG.png;No;Meta Live
Dragapult Dudunsparce;Pokégear 3.0;SVI 186;4;2;2;2,0;0,2;20;10,0;SVI;186;Common;Item;https://limitlesstcg.nyc3.cdn.digitaloceanspaces.com/tpci/SVI/SVI_186_R_EN_LG.png;No;Meta Live
Dragapult Dudunsparce;Brock's Scouting;JTG 146;2;2;1;2,0;0,1;20;5,0;JTG;146;Uncommon;Supporter;https://limitlesstcg.nyc3.cdn.digitaloceanspaces.com/tpci/JTG/JTG_146_R_EN_LG.png;No;Meta Live
Dragapult Dudunsparce;Acerola's Mischief;MEG 113;1;1;1;1,0;0,05;20;5,0;MEG;113;Uncommon;Supporter;https://limitlesstcg.nyc3.cdn.digitaloceanspaces.com/tpci/MEG/MEG_113_R_EN_LG.png;No;Meta Live
Toxtricity Box;Toxel;PFL 67;78;4;20;3,9;3,9;20;100,0;PFL;67;Common;Basic;https://limitlesstcg.nyc3.cdn.digitaloceanspaces.com/tpci/PFL/PFL_067_R_EN_LG.png;No;Meta Live
Toxtricity Box;Toxtricity;PFL 68;77;4;20;3,85;3,85;20;100,0;PFL;68;Rare;Stage 1;https://limitlesstcg.nyc3.cdn.digitaloceanspaces.com/tpci/PFL/PFL_068_R_EN_LG.png;No;Meta Live
Toxtricity Box;Munkidori;TWM 95;60;3;20;3,0;3,0;20;100,0;TWM;95;Rare;Basic;https://limitlesstcg.nyc3.cdn.digitaloceanspaces.com/tpci/TWM/TWM_095_R_EN_LG.png;No;Meta Live
Toxtricity Box;Mega Absol ex;MEG 86;20;1;20;1,0;1,0;20;100,0;MEG;86;Double Rare;Basic;https://limitlesstcg.nyc3.cdn.digitaloceanspaces.com/tpci/MEG/MEG_086_R_EN_LG.png;No;Meta Live
Toxtricity Box;Chi-Yu;PBL 59;19;1;19;1,0;0,95;20;95,0;PBL;59;Rare;Basic;https://limitlesstcg.nyc3.cdn.digitaloceanspaces.com/tpci/PBL/PBL_059_R_EN_LG.png;No;Meta Live
Toxtricity Box;Pecharunt;SVP 149;17;1;17;1,0;0,85;20;85,0;SVP;149;Promo;Basic;https://limitlesstcg.nyc3.cdn.digitaloceanspaces.com/tpci/SVP/SVP_149_R_EN_LG.png;No;Meta Live
Toxtricity Box;Fezandipiti ex;ASC 142;18;1;18;1,0;0,9;20;90,0;ASC;142;Double Rare;Basic;https://limitlesstcg.nyc3.cdn.digitaloceanspaces.com/tpci/ASC/ASC_142_R_EN_LG.png;No;Meta Live
Toxtricity Box;Pecharunt ex;SFA 39;20;1;20;1,0;1,0;20;100,0;SFA;39;Double Rare;Basic;https://limitlesstcg.nyc3.cdn.digitaloceanspaces.com/tpci/SFA/SFA_039_R_EN_LG.png;No;Meta Live
Toxtricity Box;Mega Darkrai ex;PBL 48;2;1;2;1,0;0,1;20;10,0;PBL;48;Double Rare;Basic;https://limitlesstcg.nyc3.cdn.digitaloceanspaces.com/tpci/PBL/PBL_048_R_EN_LG.png;No;Meta Live
Toxtricity Box;Brute Bonnet;TWM 118;20;1;20;1,0;1,0;20;100,0;TWM;118;Uncommon;Basic;https://limitlesstcg.nyc3.cdn.digitaloceanspaces.com/tpci/TWM/TWM_118_R_EN_LG.png;No;Meta Live
Toxtricity Box;Lillie's Determination;MEG 119;80;4;20;4,0;4,0;20;100,0;MEG;119;Uncommon;Supporter;https://limitlesstcg.nyc3.cdn.digitaloceanspaces.com/tpci/MEG/MEG_119_R_EN_LG.png;No;Meta Live
Toxtricity Box;Team Rocket's Petrel;DRI 176;53;4;20;2,65;2,65;20;100,0;DRI;176;Uncommon;Supporter;https://limitlesstcg.nyc3.cdn.digitaloceanspaces.com/tpci/DRI/DRI_176_R_EN_LG.png;No;Meta Live
Toxtricity Box;Iris's Fighting Spirit;JTG 149;4;2;2;2,0;0,2;20;10,0;JTG;149;Uncommon;Supporter;https://limitlesstcg.nyc3.cdn.digitaloceanspaces.com/tpci/JTG/JTG_149_R_EN_LG.png;No;Meta Live
Toxtricity Box;Boss's Orders;MEG 114;54;3;19;2,84;2,7;20;95,0;MEG;114;Uncommon;Supporter;https://limitlesstcg.nyc3.cdn.digitaloceanspaces.com/tpci/MEG/MEG_114_R_EN_LG.png;No;Meta Live
Toxtricity Box;Judge;POR 76;11;1;11;1,0;0,55;20;55,0;POR;76;Uncommon;Supporter;https://limitlesstcg.nyc3.cdn.digitaloceanspaces.com/tpci/POR/POR_076_R_EN_LG.png;No;Meta Live
Toxtricity Box;Poké Pad;POR 81;79;4;20;3,95;3,95;20;100,0;POR;81;Uncommon;Item;https://limitlesstcg.nyc3.cdn.digitaloceanspaces.com/tpci/POR/POR_081_R_EN_LG.png;No;Meta Live
Toxtricity Box;Pokégear 3.0;SVI 186;41;3;19;2,16;2,05;20;95,0;SVI;186;Common;Item;https://limitlesstcg.nyc3.cdn.digitaloceanspaces.com/tpci/SVI/SVI_186_R_EN_LG.png;No;Meta Live
Toxtricity Box;Ultra Ball;MEG 131;25;3;20;1,25;1,25;20;100,0;MEG;131;Common;Item;https://limitlesstcg.nyc3.cdn.digitaloceanspaces.com/tpci/MEG/MEG_131_R_EN_LG.png;No;Meta Live
Toxtricity Box;Night Stretcher;ASC 196;45;3;20;2,25;2,25;20;100,0;ASC;196;Common;Item;https://limitlesstcg.nyc3.cdn.digitaloceanspaces.com/tpci/ASC/ASC_196_R_EN_LG.png;No;Meta Live
Toxtricity Box;Energy Switch;MEG 115;40;3;20;2,0;2,0;20;100,0;MEG;115;Common;Item;https://limitlesstcg.nyc3.cdn.digitaloceanspaces.com/tpci/MEG/MEG_115_R_EN_LG.png;No;Meta Live
Toxtricity Box;Buddy-Buddy Poffin;TEF 144;20;1;20;1,0;1,0;20;100,0;TEF;144;Uncommon;Item;https://limitlesstcg.nyc3.cdn.digitaloceanspaces.com/tpci/TEF/TEF_144_R_EN_LG.png;No;Meta Live
Toxtricity Box;Unfair Stamp;TWM 165;3;1;3;1,0;0,15;20;15,0;TWM;165;Ultra Rare;Item;https://limitlesstcg.nyc3.cdn.digitaloceanspaces.com/tpci/TWM/TWM_165_R_EN_LG.png;Yes;Meta Live
Toxtricity Box;Dark Bell;PBL 75;2;1;2;1,0;0,1;20;10,0;PBL;75;Uncommon;Item;https://limitlesstcg.nyc3.cdn.digitaloceanspaces.com/tpci/PBL/PBL_075_R_EN_LG.png;No;Meta Live
Toxtricity Box;Energy Recycler;DRI 164;31;2;20;1,55;1,55;20;100,0;DRI;164;Uncommon;Item;https://limitlesstcg.nyc3.cdn.digitaloceanspaces.com/tpci/DRI/DRI_164_R_EN_LG.png;No;Meta Live
Toxtricity Box;Special Red Card;CRI 82;20;1;20;1,0;1,0;20;100,0;CRI;82;Uncommon;Item;https://limitlesstcg.nyc3.cdn.digitaloceanspaces.com/tpci/CRI/CRI_082_R_EN_LG.png;No;Meta Live
Toxtricity Box;Air Balloon;ASC 181;40;3;20;2,0;2,0;20;100,0;ASC;181;Uncommon;Tool;https://limitlesstcg.nyc3.cdn.digitaloceanspaces.com/tpci/ASC/ASC_181_R_EN_LG.png;No;Meta Live
Toxtricity Box;Team Rocket's Watchtower;DRI 180;34;2;20;1,7;1,7;20;100,0;DRI;180;Uncommon;Stadium;https://limitlesstcg.nyc3.cdn.digitaloceanspaces.com/tpci/DRI/DRI_180_R_EN_LG.png;No;Meta Live
Toxtricity Box;Darkness Energy;MEE 7;206;11;20;10,3;10,3;20;100,0;MEE;7;;Basic Energy;https://limitlesstcg.nyc3.cdn.digitaloceanspaces.com/tpci/MEE/MEE_007_R_EN_LG.png;No;Meta Live
Toxtricity Box;Shaymin;DRI 10;14;1;14;1,0;0,7;20;70,0;DRI;10;Uncommon;Basic;https://limitlesstcg.nyc3.cdn.digitaloceanspaces.com/tpci/DRI/DRI_010_R_EN_LG.png;No;Meta Live
Toxtricity Box;Yveltal;MEG 88;5;1;5;1,0;0,25;20;25,0;MEG;88;Rare;Basic;https://limitlesstcg.nyc3.cdn.digitaloceanspaces.com/tpci/MEG/MEG_088_R_EN_LG.png;No;Meta Live
Toxtricity Box;Secret Box;TWM 163;17;1;17;1,0;0,85;20;85,0;TWM;163;Ultra Rare;Item;https://limitlesstcg.nyc3.cdn.digitaloceanspaces.com/tpci/TWM/TWM_163_R_EN_LG.png;Yes;Meta Live
Toxtricity Box;Team Rocket's Factory;DRI 173;4;1;4;1,0;0,2;20;20,0;DRI;173;Uncommon;Stadium;https://limitlesstcg.nyc3.cdn.digitaloceanspaces.com/tpci/DRI/DRI_173_R_EN_LG.png;No;Meta Live
Toxtricity Box;Hassel;TWM 151;13;3;8;1,62;0,65;20;40,0;TWM;151;Uncommon;Supporter;https://limitlesstcg.nyc3.cdn.digitaloceanspaces.com/tpci/TWM/TWM_151_R_EN_LG.png;No;Meta Live
Toxtricity Box;Xerosic's Machinations;SFA 64;3;1;3;1,0;0,15;20;15,0;SFA;64;Uncommon;Supporter;https://limitlesstcg.nyc3.cdn.digitaloceanspaces.com/tpci/SFA/SFA_064_R_EN_LG.png;No;Meta Live
Toxtricity Box;Team Rocket's Sneasel;DRI 128;2;1;2;1,0;0,1;20;10,0;DRI;128;Rare;Basic;https://limitlesstcg.nyc3.cdn.digitaloceanspaces.com/tpci/DRI/DRI_128_R_EN_LG.png;No;Meta Live
Toxtricity Box;Morty's Conviction;TEF 155;5;1;5;1,0;0,25;20;25,0;TEF;155;Uncommon;Supporter;https://limitlesstcg.nyc3.cdn.digitaloceanspaces.com/tpci/TEF/TEF_155_R_EN_LG.png;No;Meta Live
Toxtricity Box;Lumiose City;POR 77;10;1;10;1,0;0,5;20;50,0;POR;77;Uncommon;Stadium;https://limitlesstcg.nyc3.cdn.digitaloceanspaces.com/tpci/POR/POR_077_R_EN_LG.png;No;Meta Live
Toxtricity Box;Janine's Secret Art;PRE 112;2;2;1;2,0;0,1;20;5,0;PRE;112;Uncommon;Supporter;https://limitlesstcg.nyc3.cdn.digitaloceanspaces.com/tpci/PRE/PRE_112_R_EN_LG.png;No;Meta Live
Toxtricity Box;Acerola's Mischief;MEG 113;1;1;1;1,0;0,05;20;5,0;MEG;113;Uncommon;Supporter;https://limitlesstcg.nyc3.cdn.digitaloceanspaces.com/tpci/MEG/MEG_113_R_EN_LG.png;No;Meta Live
Toxtricity Box;Team Rocket's Venture Bomb;DRI 179;2;2;1;2,0;0,1;20;5,0;DRI;179;Uncommon;Item;https://limitlesstcg.nyc3.cdn.digitaloceanspaces.com/tpci/DRI/DRI_179_R_EN_LG.png;No;Meta Live
Toxtricity Box;Tatsugiri;TWM 131;1;1;1;1,0;0,05;20;5,0;TWM;131;Uncommon;Basic;https://limitlesstcg.nyc3.cdn.digitaloceanspaces.com/tpci/TWM/TWM_131_R_EN_LG.png;No;Meta Live
Toxtricity Box;Gwynn;PBL 78;1;1;1;1,0;0,05;20;5,0;PBL;78;Uncommon;Supporter;https://limitlesstcg.nyc3.cdn.digitaloceanspaces.com/tpci/PBL/PBL_078_R_EN_LG.png;No;Meta Live
Toxtricity Box;Team Rocket's Transceiver;DRI 178;1;1;1;1,0;0,05;20;5,0;DRI;178;Uncommon;Item;https://limitlesstcg.nyc3.cdn.digitaloceanspaces.com/tpci/DRI/DRI_178_R_EN_LG.png;No;Meta Live
Hop's Trevenant;Hop's Phantump;ASC 95;80;4;20;4,0;4,0;20;100,0;ASC;95;Common;Basic;https://limitlesstcg.nyc3.cdn.digitaloceanspaces.com/tpci/ASC/ASC_095_R_EN_LG.png;No;Meta Live
Hop's Trevenant;Hop's Trevenant;ASC 96;61;4;20;3,05;3,05;20;100,0;ASC;96;Rare;Stage 1;https://limitlesstcg.nyc3.cdn.digitaloceanspaces.com/tpci/ASC/ASC_096_R_EN_LG.png;No;Meta Live
Hop's Trevenant;Hop's Snorlax;JTG 117;40;2;20;2,0;2,0;20;100,0;JTG;117;Rare;Basic;https://limitlesstcg.nyc3.cdn.digitaloceanspaces.com/tpci/JTG/JTG_117_R_EN_LG.png;No;Meta Live
Hop's Trevenant;Hop's Wooloo;JTG 135;20;1;20;1,0;1,0;20;100,0;JTG;135;Common;Basic;https://limitlesstcg.nyc3.cdn.digitaloceanspaces.com/tpci/JTG/JTG_135_R_EN_LG.png;No;Meta Live
Hop's Trevenant;Hop's Dubwool;JTG 136;20;1;20;1,0;1,0;20;100,0;JTG;136;Rare;Stage 1;https://limitlesstcg.nyc3.cdn.digitaloceanspaces.com/tpci/JTG/JTG_136_R_EN_LG.png;No;Meta Live
Hop's Trevenant;Hop's Zacian ex;JTG 111;5;1;5;1,0;0,25;20;25,0;JTG;111;Double Rare;Basic;https://limitlesstcg.nyc3.cdn.digitaloceanspaces.com/tpci/JTG/JTG_111_R_EN_LG.png;No;Meta Live
Hop's Trevenant;Shaymin;DRI 10;19;1;19;1,0;0,95;20;95,0;DRI;10;Uncommon;Basic;https://limitlesstcg.nyc3.cdn.digitaloceanspaces.com/tpci/DRI/DRI_010_R_EN_LG.png;No;Meta Live
Hop's Trevenant;Patrat;CRI 70;7;1;7;1,0;0,35;20;35,0;CRI;70;Common;Basic;https://limitlesstcg.nyc3.cdn.digitaloceanspaces.com/tpci/CRI/CRI_070_R_EN_LG.png;No;Meta Live
Hop's Trevenant;Hop's Cramorant;JTG 138;20;1;20;1,0;1,0;20;100,0;JTG;138;Uncommon;Basic;https://limitlesstcg.nyc3.cdn.digitaloceanspaces.com/tpci/JTG/JTG_138_R_EN_LG.png;No;Meta Live
Hop's Trevenant;Lillie's Clefairy ex;JTG 56;20;1;20;1,0;1,0;20;100,0;JTG;56;Double Rare;Basic;https://limitlesstcg.nyc3.cdn.digitaloceanspaces.com/tpci/JTG/JTG_056_R_EN_LG.png;No;Meta Live
Hop's Trevenant;Lillie's Determination;MEG 119;79;4;20;3,95;3,95;20;100,0;MEG;119;Uncommon;Supporter;https://limitlesstcg.nyc3.cdn.digitaloceanspaces.com/tpci/MEG/MEG_119_R_EN_LG.png;No;Meta Live
Hop's Trevenant;Team Rocket's Petrel;DRI 176;73;4;20;3,65;3,65;20;100,0;DRI;176;Uncommon;Supporter;https://limitlesstcg.nyc3.cdn.digitaloceanspaces.com/tpci/DRI/DRI_176_R_EN_LG.png;No;Meta Live
Hop's Trevenant;Hassel;TWM 151;47;3;20;2,35;2,35;20;100,0;TWM;151;Uncommon;Supporter;https://limitlesstcg.nyc3.cdn.digitaloceanspaces.com/tpci/TWM/TWM_151_R_EN_LG.png;No;Meta Live
Hop's Trevenant;Boss's Orders;MEG 114;61;4;20;3,05;3,05;20;100,0;MEG;114;Uncommon;Supporter;https://limitlesstcg.nyc3.cdn.digitaloceanspaces.com/tpci/MEG/MEG_114_R_EN_LG.png;No;Meta Live
Hop's Trevenant;Kieran;TWM 154;3;1;3;1,0;0,15;20;15,0;TWM;154;Uncommon;Supporter;https://limitlesstcg.nyc3.cdn.digitaloceanspaces.com/tpci/TWM/TWM_154_R_EN_LG.png;No;Meta Live
Hop's Trevenant;Poké Pad;POR 81;80;4;20;4,0;4,0;20;100,0;POR;81;Uncommon;Item;https://limitlesstcg.nyc3.cdn.digitaloceanspaces.com/tpci/POR/POR_081_R_EN_LG.png;No;Meta Live
Hop's Trevenant;Hop's Bag;JTG 147;40;2;20;2,0;2,0;20;100,0;JTG;147;Uncommon;Item;https://limitlesstcg.nyc3.cdn.digitaloceanspaces.com/tpci/JTG/JTG_147_R_EN_LG.png;No;Meta Live
Hop's Trevenant;Night Stretcher;ASC 196;51;3;20;2,55;2,55;20;100,0;ASC;196;Common;Item;https://limitlesstcg.nyc3.cdn.digitaloceanspaces.com/tpci/ASC/ASC_196_R_EN_LG.png;No;Meta Live
Hop's Trevenant;Pokégear 3.0;SVI 186;46;4;19;2,42;2,3;20;95,0;SVI;186;Common;Item;https://limitlesstcg.nyc3.cdn.digitaloceanspaces.com/tpci/SVI/SVI_186_R_EN_LG.png;No;Meta Live
Hop's Trevenant;Ultra Ball;MEG 131;15;1;15;1,0;0,75;20;75,0;MEG;131;Common;Item;https://limitlesstcg.nyc3.cdn.digitaloceanspaces.com/tpci/MEG/MEG_131_R_EN_LG.png;No;Meta Live
Hop's Trevenant;Special Red Card;CRI 82;4;1;4;1,0;0,2;20;20,0;CRI;82;Uncommon;Item;https://limitlesstcg.nyc3.cdn.digitaloceanspaces.com/tpci/CRI/CRI_082_R_EN_LG.png;No;Meta Live
Hop's Trevenant;Switch;MEG 130;22;3;19;1,16;1,1;20;95,0;MEG;130;Common;Item;https://limitlesstcg.nyc3.cdn.digitaloceanspaces.com/tpci/MEG/MEG_130_R_EN_LG.png;No;Meta Live
Hop's Trevenant;Secret Box;TWM 163;19;1;19;1,0;0,95;20;95,0;TWM;163;Ultra Rare;Item;https://limitlesstcg.nyc3.cdn.digitaloceanspaces.com/tpci/TWM/TWM_163_R_EN_LG.png;Yes;Meta Live
Hop's Trevenant;Hop's Choice Band;JTG 148;80;4;20;4,0;4,0;20;100,0;JTG;148;Uncommon;Tool;https://limitlesstcg.nyc3.cdn.digitaloceanspaces.com/tpci/JTG/JTG_148_R_EN_LG.png;No;Meta Live
Hop's Trevenant;Postwick;JTG 154;80;4;20;4,0;4,0;20;100,0;JTG;154;Uncommon;Stadium;https://limitlesstcg.nyc3.cdn.digitaloceanspaces.com/tpci/JTG/JTG_154_R_EN_LG.png;No;Meta Live
Hop's Trevenant;Telepathic Psychic Energy;POR 88;76;4;20;3,8;3,8;20;100,0;POR;88;Rare;Special Energy;https://limitlesstcg.nyc3.cdn.digitaloceanspaces.com/tpci/POR/POR_088_R_EN_LG.png;No;Meta Live
Hop's Trevenant;Mist Energy;TEF 161;69;4;19;3,63;3,45;20;95,0;TEF;161;Uncommon;Special Energy;https://limitlesstcg.nyc3.cdn.digitaloceanspaces.com/tpci/TEF/TEF_161_R_EN_LG.png;No;Meta Live
Hop's Trevenant;Latias ex;SSP 76;2;1;2;1,0;0,1;20;10,0;SSP;76;Double Rare;Basic;https://limitlesstcg.nyc3.cdn.digitaloceanspaces.com/tpci/SSP/SSP_076_R_EN_LG.png;No;Meta Live
Hop's Trevenant;Fezandipiti ex;ASC 142;1;1;1;1,0;0,05;20;5,0;ASC;142;Double Rare;Basic;https://limitlesstcg.nyc3.cdn.digitaloceanspaces.com/tpci/ASC/ASC_142_R_EN_LG.png;No;Meta Live
Hop's Trevenant;Air Balloon;ASC 181;17;2;16;1,06;0,85;20;80,0;ASC;181;Uncommon;Tool;https://limitlesstcg.nyc3.cdn.digitaloceanspaces.com/tpci/ASC/ASC_181_R_EN_LG.png;No;Meta Live
Hop's Trevenant;Hilda;WHT 84;5;1;5;1,0;0,25;20;25,0;WHT;84;Uncommon;Supporter;https://limitlesstcg.nyc3.cdn.digitaloceanspaces.com/tpci/WHT/WHT_084_R_EN_LG.png;No;Meta Live
Hop's Trevenant;Surfer;SSP 187;5;1;5;1,0;0,25;20;25,0;SSP;187;Uncommon;Supporter;https://limitlesstcg.nyc3.cdn.digitaloceanspaces.com/tpci/SSP/SSP_187_R_EN_LG.png;No;Meta Live
Hop's Trevenant;Psyduck;ASC 39;4;1;4;1,0;0,2;20;20,0;ASC;39;Common;Basic;https://limitlesstcg.nyc3.cdn.digitaloceanspaces.com/tpci/ASC/ASC_039_R_EN_LG.png;No;Meta Live
Hop's Trevenant;Ruffian;JTG 157;6;1;6;1,0;0,3;20;30,0;JTG;157;Uncommon;Supporter;https://limitlesstcg.nyc3.cdn.digitaloceanspaces.com/tpci/JTG/JTG_157_R_EN_LG.png;No;Meta Live
Hop's Trevenant;Lillie's Pearl;JTG 151;1;1;1;1,0;0,05;20;5,0;JTG;151;Uncommon;Tool;https://limitlesstcg.nyc3.cdn.digitaloceanspaces.com/tpci/JTG/JTG_151_R_EN_LG.png;No;Meta Live
Hop's Trevenant;Genesect;SFA 40;2;1;2;1,0;0,1;20;10,0;SFA;40;Uncommon;Basic;https://limitlesstcg.nyc3.cdn.digitaloceanspaces.com/tpci/SFA/SFA_040_R_EN_LG.png;No;Meta Live
Hop's Trevenant;Judge;POR 76;1;1;1;1,0;0,05;20;5,0;POR;76;Uncommon;Supporter;https://limitlesstcg.nyc3.cdn.digitaloceanspaces.com/tpci/POR/POR_076_R_EN_LG.png;No;Meta Live
Hop's Trevenant;Lana's Aid;TWM 155;1;1;1;1,0;0,05;20;5,0;TWM;155;Uncommon;Supporter;https://limitlesstcg.nyc3.cdn.digitaloceanspaces.com/tpci/TWM/TWM_155_R_EN_LG.png;No;Meta Live
Hop's Trevenant;Battle Cage;PFL 85;2;1;2;1,0;0,1;20;10,0;PFL;85;Uncommon;Stadium;https://limitlesstcg.nyc3.cdn.digitaloceanspaces.com/tpci/PFL/PFL_085_R_EN_LG.png;No;Meta Live
Hop's Trevenant;Sacred Ash;DRI 168;3;1;3;1,0;0,15;20;15,0;DRI;168;Uncommon;Item;https://limitlesstcg.nyc3.cdn.digitaloceanspaces.com/tpci/DRI/DRI_168_R_EN_LG.png;No;Meta Live
Hop's Trevenant;Relicanth;TEF 84;1;1;1;1,0;0,05;20;5,0;TEF;84;Rare;Basic;https://limitlesstcg.nyc3.cdn.digitaloceanspaces.com/tpci/TEF/TEF_084_R_EN_LG.png;No;Meta Live
Hop's Trevenant;Bloodmoon Ursaluna ex;TWM 141;1;1;1;1,0;0,05;20;5,0;TWM;141;Double Rare;Basic;https://limitlesstcg.nyc3.cdn.digitaloceanspaces.com/tpci/TWM/TWM_141_R_EN_LG.png;No;Meta Live
Hop's Trevenant;Colress's Tenacity;SFA 57;1;1;1;1,0;0,05;20;5,0;SFA;57;Uncommon;Supporter;https://limitlesstcg.nyc3.cdn.digitaloceanspaces.com/tpci/SFA/SFA_057_R_EN_LG.png;No;Meta Live
Hop's Trevenant;Psychic Energy;MEE 13;5;4;2;2,5;0,25;20;10,0;MEE;13;;Basic Energy;;No;Meta Live
Hop's Trevenant;Legacy Energy;TWM 167;1;1;1;1,0;0,05;20;5,0;TWM;167;Ultra Rare;Special Energy;https://limitlesstcg.nyc3.cdn.digitaloceanspaces.com/tpci/TWM/TWM_167_R_EN_LG.png;Yes;Meta Live
Hop's Trevenant;Eri;TEF 146;1;1;1;1,0;0,05;20;5,0;TEF;146;Uncommon;Supporter;https://limitlesstcg.nyc3.cdn.digitaloceanspaces.com/tpci/TEF/TEF_146_R_EN_LG.png;No;Meta Live
Hop's Trevenant;Crushing Hammer;POR 71;1;1;1;1,0;0,05;20;5,0;POR;71;Common;Item;https://limitlesstcg.nyc3.cdn.digitaloceanspaces.com/tpci/POR/POR_071_R_EN_LG.png;No;Meta Live
Hop's Trevenant;Enhanced Hammer;TWM 148;1;1;1;1,0;0,05;20;5,0;TWM;148;Uncommon;Item;https://limitlesstcg.nyc3.cdn.digitaloceanspaces.com/tpci/TWM/TWM_148_R_EN_LG.png;No;Meta Live
Hop's Trevenant;Tatsugiri;TWM 131;1;1;1;1,0;0,05;20;5,0;TWM;131;Uncommon;Basic;https://limitlesstcg.nyc3.cdn.digitaloceanspaces.com/tpci/TWM/TWM_131_R_EN_LG.png;No;Meta Live
Ethan's Typhlosion;Ethan's Cyndaquil;DRI 32;70;4;18;3,89;3,89;18;100,0;DRI;32;Common;Basic;https://limitlesstcg.nyc3.cdn.digitaloceanspaces.com/tpci/DRI/DRI_032_R_EN_LG.png;No;Meta Live
Ethan's Typhlosion;Ethan's Quilava;DRI 33;69;4;18;3,83;3,83;18;100,0;DRI;33;Common;Stage 1;https://limitlesstcg.nyc3.cdn.digitaloceanspaces.com/tpci/DRI/DRI_033_R_EN_LG.png;No;Meta Live
Ethan's Typhlosion;Ethan's Typhlosion;DRI 34;58;4;18;3,22;3,22;18;100,0;DRI;34;Rare;Stage 2;https://limitlesstcg.nyc3.cdn.digitaloceanspaces.com/tpci/DRI/DRI_034_R_EN_LG.png;No;Meta Live
Ethan's Typhlosion;Victini;SSP 21;27;2;16;1,69;1,5;18;88,89;SSP;21;Uncommon;Basic;https://limitlesstcg.nyc3.cdn.digitaloceanspaces.com/tpci/SSP/SSP_021_R_EN_LG.png;No;Meta Live
Ethan's Typhlosion;Fezandipiti ex;ASC 142;18;1;18;1,0;1,0;18;100,0;ASC;142;Double Rare;Basic;https://limitlesstcg.nyc3.cdn.digitaloceanspaces.com/tpci/ASC/ASC_142_R_EN_LG.png;No;Meta Live
Ethan's Typhlosion;Shaymin;DRI 10;16;1;16;1,0;0,89;18;88,89;DRI;10;Uncommon;Basic;https://limitlesstcg.nyc3.cdn.digitaloceanspaces.com/tpci/DRI/DRI_010_R_EN_LG.png;No;Meta Live
Ethan's Typhlosion;Ethan's Adventure;DRI 165;72;4;18;4,0;4,0;18;100,0;DRI;165;Uncommon;Supporter;https://limitlesstcg.nyc3.cdn.digitaloceanspaces.com/tpci/DRI/DRI_165_R_EN_LG.png;No;Meta Live
Ethan's Typhlosion;Boss's Orders;MEG 114;40;3;18;2,22;2,22;18;100,0;MEG;114;Uncommon;Supporter;https://limitlesstcg.nyc3.cdn.digitaloceanspaces.com/tpci/MEG/MEG_114_R_EN_LG.png;No;Meta Live
Ethan's Typhlosion;Team Rocket's Petrel;DRI 176;19;3;8;2,38;1,06;18;44,44;DRI;176;Uncommon;Supporter;https://limitlesstcg.nyc3.cdn.digitaloceanspaces.com/tpci/DRI/DRI_176_R_EN_LG.png;No;Meta Live
Ethan's Typhlosion;Lillie's Determination;MEG 119;34;4;14;2,43;1,89;18;77,78;MEG;119;Uncommon;Supporter;https://limitlesstcg.nyc3.cdn.digitaloceanspaces.com/tpci/MEG/MEG_119_R_EN_LG.png;No;Meta Live
Ethan's Typhlosion;Judge;POR 76;3;1;3;1,0;0,17;18;16,67;POR;76;Uncommon;Supporter;https://limitlesstcg.nyc3.cdn.digitaloceanspaces.com/tpci/POR/POR_076_R_EN_LG.png;No;Meta Live
Ethan's Typhlosion;Lana's Aid;TWM 155;18;2;16;1,12;1,0;18;88,89;TWM;155;Uncommon;Supporter;https://limitlesstcg.nyc3.cdn.digitaloceanspaces.com/tpci/TWM/TWM_155_R_EN_LG.png;No;Meta Live
Ethan's Typhlosion;Hassel;TWM 151;1;1;1;1,0;0,06;18;5,56;TWM;151;Uncommon;Supporter;https://limitlesstcg.nyc3.cdn.digitaloceanspaces.com/tpci/TWM/TWM_151_R_EN_LG.png;No;Meta Live
Ethan's Typhlosion;Buddy-Buddy Poffin;TEF 144;56;4;18;3,11;3,11;18;100,0;TEF;144;Uncommon;Item;https://limitlesstcg.nyc3.cdn.digitaloceanspaces.com/tpci/TEF/TEF_144_R_EN_LG.png;No;Meta Live
Ethan's Typhlosion;Poké Pad;POR 81;66;4;18;3,67;3,67;18;100,0;POR;81;Uncommon;Item;https://limitlesstcg.nyc3.cdn.digitaloceanspaces.com/tpci/POR/POR_081_R_EN_LG.png;No;Meta Live
Ethan's Typhlosion;Ultra Ball;MEG 131;65;4;18;3,61;3,61;18;100,0;MEG;131;Common;Item;https://limitlesstcg.nyc3.cdn.digitaloceanspaces.com/tpci/MEG/MEG_131_R_EN_LG.png;No;Meta Live
Ethan's Typhlosion;Rare Candy;MEG 125;44;3;18;2,44;2,44;18;100,0;MEG;125;Common;Item;https://limitlesstcg.nyc3.cdn.digitaloceanspaces.com/tpci/MEG/MEG_125_R_EN_LG.png;No;Meta Live
Ethan's Typhlosion;Night Stretcher;ASC 196;32;2;18;1,78;1,78;18;100,0;ASC;196;Common;Item;https://limitlesstcg.nyc3.cdn.digitaloceanspaces.com/tpci/ASC/ASC_196_R_EN_LG.png;No;Meta Live
Ethan's Typhlosion;Brilliant Blender;SSP 164;2;1;2;1,0;0,11;18;11,11;SSP;164;Ultra Rare;Item;https://limitlesstcg.nyc3.cdn.digitaloceanspaces.com/tpci/SSP/SSP_164_R_EN_LG.png;Yes;Meta Live
Ethan's Typhlosion;Redeemable Ticket;JTG 156;12;1;12;1,0;0,67;18;66,67;JTG;156;Uncommon;Item;https://limitlesstcg.nyc3.cdn.digitaloceanspaces.com/tpci/JTG/JTG_156_R_EN_LG.png;No;Meta Live
Ethan's Typhlosion;Special Red Card;CRI 82;13;1;13;1,0;0,72;18;72,22;CRI;82;Uncommon;Item;https://limitlesstcg.nyc3.cdn.digitaloceanspaces.com/tpci/CRI/CRI_082_R_EN_LG.png;No;Meta Live
Ethan's Typhlosion;Sacred Ash;DRI 168;12;1;12;1,0;0,67;18;66,67;DRI;168;Uncommon;Item;https://limitlesstcg.nyc3.cdn.digitaloceanspaces.com/tpci/DRI/DRI_168_R_EN_LG.png;No;Meta Live
Ethan's Typhlosion;Brave Bangle;WHT 80;34;3;18;1,89;1,89;18;100,0;WHT;80;Uncommon;Tool;https://limitlesstcg.nyc3.cdn.digitaloceanspaces.com/tpci/WHT/WHT_080_R_EN_LG.png;No;Meta Live
Ethan's Typhlosion;Air Balloon;ASC 181;1;1;1;1,0;0,06;18;5,56;ASC;181;Uncommon;Tool;https://limitlesstcg.nyc3.cdn.digitaloceanspaces.com/tpci/ASC/ASC_181_R_EN_LG.png;No;Meta Live
Ethan's Typhlosion;Prism Tower;CRI 80;2;2;1;2,0;0,11;18;5,56;CRI;80;Uncommon;Stadium;https://limitlesstcg.nyc3.cdn.digitaloceanspaces.com/tpci/CRI/CRI_080_R_EN_LG.png;No;Meta Live
Ethan's Typhlosion;Fire Energy;MEE 10;91;6;18;5,06;5,06;18;100,0;MEE;10;;Basic Energy;;No;Meta Live
Ethan's Typhlosion;Dunsparce;JTG 120;8;2;4;2,0;0,44;18;22,22;JTG;120;Common;Basic;https://limitlesstcg.nyc3.cdn.digitaloceanspaces.com/tpci/JTG/JTG_120_R_EN_LG.png;No;Meta Live
Ethan's Typhlosion;Dudunsparce;TEF 129;8;2;4;2,0;0,44;18;22,22;TEF;129;Rare;Stage 1;https://limitlesstcg.nyc3.cdn.digitaloceanspaces.com/tpci/TEF/TEF_129_R_EN_LG.png;No;Meta Live
Ethan's Typhlosion;Pikipek;PBL 66;4;2;2;2,0;0,22;18;11,11;PBL;66;Common;Basic;https://limitlesstcg.nyc3.cdn.digitaloceanspaces.com/tpci/PBL/PBL_066_R_EN_LG.png;No;Meta Live
Ethan's Typhlosion;Trumbeak;PBL 67;4;2;2;2,0;0,22;18;11,11;PBL;67;Common;Stage 1;https://limitlesstcg.nyc3.cdn.digitaloceanspaces.com/tpci/PBL/PBL_067_R_EN_LG.png;No;Meta Live
Ethan's Typhlosion;Toucannon;PBL 68;4;2;2;2,0;0,22;18;11,11;PBL;68;Uncommon;Stage 2;https://limitlesstcg.nyc3.cdn.digitaloceanspaces.com/tpci/PBL/PBL_068_R_EN_LG.png;No;Meta Live
Ethan's Typhlosion;Kieran;TWM 154;12;2;11;1,09;0,67;18;61,11;TWM;154;Uncommon;Supporter;https://limitlesstcg.nyc3.cdn.digitaloceanspaces.com/tpci/TWM/TWM_154_R_EN_LG.png;No;Meta Live
Ethan's Typhlosion;Dawn;PFL 87;4;1;4;1,0;0,22;18;22,22;PFL;87;Uncommon;Supporter;https://limitlesstcg.nyc3.cdn.digitaloceanspaces.com/tpci/PFL/PFL_087_R_EN_LG.png;No;Meta Live
Ethan's Typhlosion;Tool Scrapper;ASC 212;5;1;5;1,0;0,28;18;27,78;ASC;212;Common;Item;https://limitlesstcg.nyc3.cdn.digitaloceanspaces.com/tpci/ASC/ASC_212_R_EN_LG.png;No;Meta Live
Ethan's Typhlosion;Max Rod;PRE 116;4;1;4;1,0;0,22;18;22,22;PRE;116;Ultra Rare;Item;https://limitlesstcg.nyc3.cdn.digitaloceanspaces.com/tpci/PRE/PRE_116_R_EN_LG.png;Yes;Meta Live
Ethan's Typhlosion;Battle Cage;PFL 85;29;3;13;2,23;1,61;18;72,22;PFL;85;Uncommon;Stadium;https://limitlesstcg.nyc3.cdn.digitaloceanspaces.com/tpci/PFL/PFL_085_R_EN_LG.png;No;Meta Live
Ethan's Typhlosion;Gravity Mountain;SSP 177;12;2;9;1,33;0,67;18;50,0;SSP;177;Uncommon;Stadium;https://limitlesstcg.nyc3.cdn.digitaloceanspaces.com/tpci/SSP/SSP_177_R_EN_LG.png;No;Meta Live
Ethan's Typhlosion;Dreepy;TWM 128;24;3;11;2,18;1,33;18;61,11;TWM;128;Common;Basic;https://limitlesstcg.nyc3.cdn.digitaloceanspaces.com/tpci/TWM/TWM_128_R_EN_LG.png;No;Meta Live
Ethan's Typhlosion;Drakloak;TWM 129;23;3;11;2,09;1,28;18;61,11;TWM;129;Common;Stage 1;https://limitlesstcg.nyc3.cdn.digitaloceanspaces.com/tpci/TWM/TWM_129_R_EN_LG.png;No;Meta Live
Ethan's Typhlosion;Secret Box;TWM 163;11;1;11;1,0;0,61;18;61,11;TWM;163;Ultra Rare;Item;https://limitlesstcg.nyc3.cdn.digitaloceanspaces.com/tpci/TWM/TWM_163_R_EN_LG.png;Yes;Meta Live
Ethan's Typhlosion;Psyduck;ASC 39;2;1;2;1,0;0,11;18;11,11;ASC;39;Common;Basic;https://limitlesstcg.nyc3.cdn.digitaloceanspaces.com/tpci/ASC/ASC_039_R_EN_LG.png;No;Meta Live
Ethan's Typhlosion;Budew;ASC 16;6;1;6;1,0;0,33;18;33,33;ASC;16;Common;Basic;https://limitlesstcg.nyc3.cdn.digitaloceanspaces.com/tpci/ASC/ASC_016_R_EN_LG.png;No;Meta Live
Ethan's Typhlosion;Duskull;PRE 35;3;3;1;3,0;0,17;18;5,56;PRE;35;Common;Basic;https://limitlesstcg.nyc3.cdn.digitaloceanspaces.com/tpci/PRE/PRE_035_R_EN_LG.png;No;Meta Live
Ethan's Typhlosion;Dusclops;PRE 36;2;2;1;2,0;0,11;18;5,56;PRE;36;Common;Stage 1;https://limitlesstcg.nyc3.cdn.digitaloceanspaces.com/tpci/PRE/PRE_036_R_EN_LG.png;No;Meta Live
Ethan's Typhlosion;Dusknoir;PRE 37;3;3;1;3,0;0,17;18;5,56;PRE;37;Rare;Stage 2;https://limitlesstcg.nyc3.cdn.digitaloceanspaces.com/tpci/PRE/PRE_037_R_EN_LG.png;No;Meta Live
Ethan's Typhlosion;Dragapult ex;TWM 130;1;1;1;1,0;0,06;18;5,56;TWM;130;Double Rare;Stage 2;https://limitlesstcg.nyc3.cdn.digitaloceanspaces.com/tpci/TWM/TWM_130_R_EN_LG.png;No;Meta Live
Ethan's Typhlosion;Black Belt's Training;JTG 143;7;1;7;1,0;0,39;18;38,89;JTG;143;Common;Supporter;https://limitlesstcg.nyc3.cdn.digitaloceanspaces.com/tpci/JTG/JTG_143_R_EN_LG.png;No;Meta Live
Ethan's Typhlosion;Psychic Energy;MEE 5;4;2;2;2,0;0,22;18;11,11;MEE;5;;Basic Energy;https://limitlesstcg.nyc3.cdn.digitaloceanspaces.com/tpci/MEE/MEE_005_R_EN_LG.png;No;Meta Live
Ethan's Typhlosion;Team Rocket's Watchtower;DRI 180;4;1;4;1,0;0,22;18;22,22;DRI;180;Uncommon;Stadium;https://limitlesstcg.nyc3.cdn.digitaloceanspaces.com/tpci/DRI/DRI_180_R_EN_LG.png;No;Meta Live
Ethan's Typhlosion;Moltres;PFL 14;3;1;3;1,0;0,17;18;16,67;PFL;14;Rare;Basic;https://limitlesstcg.nyc3.cdn.digitaloceanspaces.com/tpci/PFL/PFL_014_R_EN_LG.png;No;Meta Live
Ethan's Typhlosion;Lillie's Clefairy ex;JTG 56;2;2;1;2,0;0,11;18;5,56;JTG;56;Double Rare;Basic;https://limitlesstcg.nyc3.cdn.digitaloceanspaces.com/tpci/JTG/JTG_056_R_EN_LG.png;No;Meta Live
Ethan's Typhlosion;Ethan's Pichu;DRI 71;1;1;1;1,0;0,06;18;5,56;DRI;71;Common;Basic;https://limitlesstcg.nyc3.cdn.digitaloceanspaces.com/tpci/DRI/DRI_071_R_EN_LG.png;No;Meta Live
Ethan's Typhlosion;Meowth ex;POR 62;2;1;2;1,0;0,11;18;11,11;POR;62;Double Rare;Basic;https://limitlesstcg.nyc3.cdn.digitaloceanspaces.com/tpci/POR/POR_062_R_EN_LG.png;No;Meta Live
Ethan's Typhlosion;Crispin;SCR 133;1;1;1;1,0;0,06;18;5,56;SCR;133;Uncommon;Supporter;https://limitlesstcg.nyc3.cdn.digitaloceanspaces.com/tpci/SCR/SCR_133_R_EN_LG.png;No;Meta Live
Ethan's Typhlosion;Xerosic's Machinations;SFA 64;1;1;1;1,0;0,06;18;5,56;SFA;64;Uncommon;Supporter;https://limitlesstcg.nyc3.cdn.digitaloceanspaces.com/tpci/SFA/SFA_064_R_EN_LG.png;No;Meta Live
Ethan's Typhlosion;Switch;MEG 130;3;2;2;1,5;0,17;18;11,11;MEG;130;Common;Item;https://limitlesstcg.nyc3.cdn.digitaloceanspaces.com/tpci/MEG/MEG_130_R_EN_LG.png;No;Meta Live
Ethan's Typhlosion;Prime Catcher;TEF 157;1;1;1;1,0;0,06;18;5,56;TEF;157;Ultra Rare;Item;https://limitlesstcg.nyc3.cdn.digitaloceanspaces.com/tpci/TEF/TEF_157_R_EN_LG.png;Yes;Meta Live
Ethan's Typhlosion;Energy Recycler;DRI 164;1;1;1;1,0;0,06;18;5,56;DRI;164;Uncommon;Item;https://limitlesstcg.nyc3.cdn.digitaloceanspaces.com/tpci/DRI/DRI_164_R_EN_LG.png;No;Meta Live
Ethan's Typhlosion;Energy Retrieval;SVI 171;1;1;1;1,0;0,06;18;5,56;SVI;171;Common;Item;https://limitlesstcg.nyc3.cdn.digitaloceanspaces.com/tpci/SVI/SVI_171_R_EN_LG.png;No;Meta Live
Ethan's Typhlosion;Jamming Tower;TWM 153;2;2;1;2,0;0,11;18;5,56;TWM;153;Uncommon;Stadium;https://limitlesstcg.nyc3.cdn.digitaloceanspaces.com/tpci/TWM/TWM_153_R_EN_LG.png;No;Meta Live
Ethan's Typhlosion;Hilda;WHT 84;1;1;1;1,0;0,06;18;5,56;WHT;84;Uncommon;Supporter;https://limitlesstcg.nyc3.cdn.digitaloceanspaces.com/tpci/WHT/WHT_084_R_EN_LG.png;No;Meta Live
Ethan's Typhlosion;Pokémon Catcher;POR 82;1;1;1;1,0;0,06;18;5,56;POR;82;Common;Item;https://limitlesstcg.nyc3.cdn.digitaloceanspaces.com/tpci/POR/POR_082_R_EN_LG.png;No;Meta Live
Ethan's Typhlosion;Nitro Fire Energy;CRI 86;1;1;1;1,0;0,06;18;5,56;CRI;86;Rare;Special Energy;https://limitlesstcg.nyc3.cdn.digitaloceanspaces.com/tpci/CRI/CRI_086_R_EN_LG.png;No;Meta Live
Gengar;Gastly;POR 48;79;4;20;3,95;3,95;20;100,0;POR;48;Common;Basic;https://limitlesstcg.nyc3.cdn.digitaloceanspaces.com/tpci/POR/POR_048_R_EN_LG.png;No;Meta Live
Gengar;Haunter;PFL 55;52;4;20;2,6;2,6;20;100,0;PFL;55;Uncommon;Stage 1;https://limitlesstcg.nyc3.cdn.digitaloceanspaces.com/tpci/PFL/PFL_055_R_EN_LG.png;No;Meta Live
Gengar;Gengar ex;30C 90;67;4;20;3,35;3,35;20;100,0;30C;90;Double Rare;Stage 2;https://limitlesstcg.nyc3.cdn.digitaloceanspaces.com/tpci/30C/30C_090_R_EN_LG.png;No;Meta Live
Gengar;Mega Gengar ex;PFL 56;34;2;19;1,79;1,7;20;95,0;PFL;56;Double Rare;Stage 2;https://limitlesstcg.nyc3.cdn.digitaloceanspaces.com/tpci/PFL/PFL_056_R_EN_LG.png;No;Meta Live
Gengar;Toxel;PFL 67;28;2;14;2,0;1,4;20;70,0;PFL;67;Common;Basic;https://limitlesstcg.nyc3.cdn.digitaloceanspaces.com/tpci/PFL/PFL_067_R_EN_LG.png;No;Meta Live
Gengar;Toxtricity;PFL 68;28;2;14;2,0;1,4;20;70,0;PFL;68;Rare;Stage 1;https://limitlesstcg.nyc3.cdn.digitaloceanspaces.com/tpci/PFL/PFL_068_R_EN_LG.png;No;Meta Live
Gengar;Tatsugiri;TWM 131;11;1;11;1,0;0,55;20;55,0;TWM;131;Uncommon;Basic;https://limitlesstcg.nyc3.cdn.digitaloceanspaces.com/tpci/TWM/TWM_131_R_EN_LG.png;No;Meta Live
Gengar;Shaymin;DRI 10;10;1;10;1,0;0,5;20;50,0;DRI;10;Uncommon;Basic;https://limitlesstcg.nyc3.cdn.digitaloceanspaces.com/tpci/DRI/DRI_010_R_EN_LG.png;No;Meta Live
Gengar;Pecharunt ex;SFA 39;18;2;17;1,06;0,9;20;85,0;SFA;39;Double Rare;Basic;https://limitlesstcg.nyc3.cdn.digitaloceanspaces.com/tpci/SFA/SFA_039_R_EN_LG.png;No;Meta Live
Gengar;Munkidori;TWM 95;25;3;15;1,67;1,25;20;75,0;TWM;95;Rare;Basic;https://limitlesstcg.nyc3.cdn.digitaloceanspaces.com/tpci/TWM/TWM_095_R_EN_LG.png;No;Meta Live
Gengar;Lillie's Determination;MEG 119;76;4;20;3,8;3,8;20;100,0;MEG;119;Uncommon;Supporter;https://limitlesstcg.nyc3.cdn.digitaloceanspaces.com/tpci/MEG/MEG_119_R_EN_LG.png;No;Meta Live
Gengar;Grimsley's Move;PFL 90;10;3;4;2,5;0,5;20;20,0;PFL;90;Uncommon;Supporter;https://limitlesstcg.nyc3.cdn.digitaloceanspaces.com/tpci/PFL/PFL_090_R_EN_LG.png;No;Meta Live
Gengar;Boss's Orders;MEG 114;29;2;19;1,53;1,45;20;95,0;MEG;114;Uncommon;Supporter;https://limitlesstcg.nyc3.cdn.digitaloceanspaces.com/tpci/MEG/MEG_114_R_EN_LG.png;No;Meta Live
Gengar;Buddy-Buddy Poffin;TEF 144;76;4;20;3,8;3,8;20;100,0;TEF;144;Uncommon;Item;https://limitlesstcg.nyc3.cdn.digitaloceanspaces.com/tpci/TEF/TEF_144_R_EN_LG.png;No;Meta Live
Gengar;Ultra Ball;MEG 131;45;4;19;2,37;2,25;20;95,0;MEG;131;Common;Item;https://limitlesstcg.nyc3.cdn.digitaloceanspaces.com/tpci/MEG/MEG_131_R_EN_LG.png;No;Meta Live
Gengar;Poké Pad;POR 81;53;4;20;2,65;2,65;20;100,0;POR;81;Uncommon;Item;https://limitlesstcg.nyc3.cdn.digitaloceanspaces.com/tpci/POR/POR_081_R_EN_LG.png;No;Meta Live
Gengar;Rare Candy;MEG 125;64;4;20;3,2;3,2;20;100,0;MEG;125;Common;Item;https://limitlesstcg.nyc3.cdn.digitaloceanspaces.com/tpci/MEG/MEG_125_R_EN_LG.png;No;Meta Live
Gengar;Night Stretcher;ASC 196;28;3;18;1,56;1,4;20;90,0;ASC;196;Common;Item;https://limitlesstcg.nyc3.cdn.digitaloceanspaces.com/tpci/ASC/ASC_196_R_EN_LG.png;No;Meta Live
Gengar;Special Red Card;CRI 82;11;1;11;1,0;0,55;20;55,0;CRI;82;Uncommon;Item;https://limitlesstcg.nyc3.cdn.digitaloceanspaces.com/tpci/CRI/CRI_082_R_EN_LG.png;No;Meta Live
Gengar;Energy Recycler;DRI 164;11;1;11;1,0;0,55;20;55,0;DRI;164;Uncommon;Item;https://limitlesstcg.nyc3.cdn.digitaloceanspaces.com/tpci/DRI/DRI_164_R_EN_LG.png;No;Meta Live
Gengar;Secret Box;TWM 163;3;1;3;1,0;0,15;20;15,0;TWM;163;Ultra Rare;Item;https://limitlesstcg.nyc3.cdn.digitaloceanspaces.com/tpci/TWM/TWM_163_R_EN_LG.png;Yes;Meta Live
Gengar;Air Balloon;ASC 181;22;2;14;1,57;1,1;20;70,0;ASC;181;Uncommon;Tool;https://limitlesstcg.nyc3.cdn.digitaloceanspaces.com/tpci/ASC/ASC_181_R_EN_LG.png;No;Meta Live
Gengar;Academy at Night;SFA 54;7;3;3;2,33;0,35;20;15,0;SFA;54;Uncommon;Stadium;https://limitlesstcg.nyc3.cdn.digitaloceanspaces.com/tpci/SFA/SFA_054_R_EN_LG.png;No;Meta Live
Gengar;Darkness Energy;MEE 7;160;10;20;8,0;8,0;20;100,0;MEE;7;;Basic Energy;https://limitlesstcg.nyc3.cdn.digitaloceanspaces.com/tpci/MEE/MEE_007_R_EN_LG.png;No;Meta Live
Gengar;Morpeko ex;PBL 55;1;1;1;1,0;0,05;20;5,0;PBL;55;Double Rare;Basic;https://limitlesstcg.nyc3.cdn.digitaloceanspaces.com/tpci/PBL/PBL_055_R_EN_LG.png;No;Meta Live
Gengar;Team Rocket's Petrel;DRI 176;42;4;16;2,62;2,1;20;80,0;DRI;176;Uncommon;Supporter;https://limitlesstcg.nyc3.cdn.digitaloceanspaces.com/tpci/DRI/DRI_176_R_EN_LG.png;No;Meta Live
Gengar;Janine's Secret Art;PRE 112;16;4;8;2,0;0,8;20;40,0;PRE;112;Uncommon;Supporter;https://limitlesstcg.nyc3.cdn.digitaloceanspaces.com/tpci/PRE/PRE_112_R_EN_LG.png;No;Meta Live
Gengar;Binding Mochi;PRE 95;2;1;2;1,0;0,1;20;10,0;PRE;95;Uncommon;Tool;https://limitlesstcg.nyc3.cdn.digitaloceanspaces.com/tpci/PRE/PRE_095_R_EN_LG.png;No;Meta Live
Gengar;Team Rocket's Watchtower;DRI 180;15;3;8;1,88;0,75;20;40,0;DRI;180;Uncommon;Stadium;https://limitlesstcg.nyc3.cdn.digitaloceanspaces.com/tpci/DRI/DRI_180_R_EN_LG.png;No;Meta Live
Gengar;Dunsparce;JTG 120;16;3;6;2,67;0,8;20;30,0;JTG;120;Common;Basic;https://limitlesstcg.nyc3.cdn.digitaloceanspaces.com/tpci/JTG/JTG_120_R_EN_LG.png;No;Meta Live
Gengar;Dudunsparce;TEF 129;13;3;6;2,17;0,65;20;30,0;TEF;129;Rare;Stage 1;https://limitlesstcg.nyc3.cdn.digitaloceanspaces.com/tpci/TEF/TEF_129_R_EN_LG.png;No;Meta Live
Gengar;Xerosic's Machinations;SFA 64;6;1;6;1,0;0,3;20;30,0;SFA;64;Uncommon;Supporter;https://limitlesstcg.nyc3.cdn.digitaloceanspaces.com/tpci/SFA/SFA_064_R_EN_LG.png;No;Meta Live
Gengar;Enhanced Hammer;TWM 148;6;2;3;2,0;0,3;20;15,0;TWM;148;Uncommon;Item;https://limitlesstcg.nyc3.cdn.digitaloceanspaces.com/tpci/TWM/TWM_148_R_EN_LG.png;No;Meta Live
Gengar;Sacred Ash;DRI 168;7;1;7;1,0;0,35;20;35,0;DRI;168;Uncommon;Item;https://limitlesstcg.nyc3.cdn.digitaloceanspaces.com/tpci/DRI/DRI_168_R_EN_LG.png;No;Meta Live
Gengar;Punk Helmet;PFL 92;9;2;6;1,5;0,45;20;30,0;PFL;92;Uncommon;Tool;https://limitlesstcg.nyc3.cdn.digitaloceanspaces.com/tpci/PFL/PFL_092_R_EN_LG.png;No;Meta Live
Gengar;Team Rocket's Factory;DRI 173;6;2;5;1,2;0,3;20;25,0;DRI;173;Uncommon;Stadium;https://limitlesstcg.nyc3.cdn.digitaloceanspaces.com/tpci/DRI/DRI_173_R_EN_LG.png;No;Meta Live
Gengar;Grand Tree;SCR 136;8;1;8;1,0;0,4;20;40,0;SCR;136;Ultra Rare;Stadium;https://limitlesstcg.nyc3.cdn.digitaloceanspaces.com/tpci/SCR/SCR_136_R_EN_LG.png;Yes;Meta Live
Gengar;Nighttime Mine;ASC 197;5;1;5;1,0;0,25;20;25,0;ASC;197;Uncommon;Stadium;https://limitlesstcg.nyc3.cdn.digitaloceanspaces.com/tpci/ASC/ASC_197_R_EN_LG.png;No;Meta Live
Gengar;Shadowy Darkness Energy;PBL 83;29;4;8;3,62;1,45;20;40,0;PBL;83;Rare;Special Energy;https://limitlesstcg.nyc3.cdn.digitaloceanspaces.com/tpci/PBL/PBL_083_R_EN_LG.png;No;Meta Live
Gengar;N's Zorua;JTG 97;2;2;1;2,0;0,1;20;5,0;JTG;97;Common;Basic;https://limitlesstcg.nyc3.cdn.digitaloceanspaces.com/tpci/JTG/JTG_097_R_EN_LG.png;No;Meta Live
Gengar;N's Zoroark ex;JTG 98;2;2;1;2,0;0,1;20;5,0;JTG;98;Double Rare;Stage 1;https://limitlesstcg.nyc3.cdn.digitaloceanspaces.com/tpci/JTG/JTG_098_R_EN_LG.png;No;Meta Live
Gengar;Budew;ASC 16;3;2;2;1,5;0,15;20;10,0;ASC;16;Common;Basic;https://limitlesstcg.nyc3.cdn.digitaloceanspaces.com/tpci/ASC/ASC_016_R_EN_LG.png;No;Meta Live
Gengar;Risky Ruins;MEG 127;6;4;2;3,0;0,3;20;10,0;MEG;127;Uncommon;Stadium;https://limitlesstcg.nyc3.cdn.digitaloceanspaces.com/tpci/MEG/MEG_127_R_EN_LG.png;No;Meta Live
Gengar;Dark Bell;PBL 75;2;2;1;2,0;0,1;20;5,0;PBL;75;Uncommon;Item;https://limitlesstcg.nyc3.cdn.digitaloceanspaces.com/tpci/PBL/PBL_075_R_EN_LG.png;No;Meta Live
Gengar;Hero's Cape;TEF 152;1;1;1;1,0;0,05;20;5,0;TEF;152;Ultra Rare;Tool;https://limitlesstcg.nyc3.cdn.digitaloceanspaces.com/tpci/TEF/TEF_152_R_EN_LG.png;Yes;Meta Live
Gengar;Chi-Yu;PBL 59;5;1;5;1,0;0,25;20;25,0;PBL;59;Rare;Basic;https://limitlesstcg.nyc3.cdn.digitaloceanspaces.com/tpci/PBL/PBL_059_R_EN_LG.png;No;Meta Live
Gengar;Morty's Conviction;TEF 155;6;1;6;1,0;0,3;20;30,0;TEF;155;Uncommon;Supporter;https://limitlesstcg.nyc3.cdn.digitaloceanspaces.com/tpci/TEF/TEF_155_R_EN_LG.png;No;Meta Live
Gengar;Unfair Stamp;TWM 165;5;1;5;1,0;0,25;20;25,0;TWM;165;Ultra Rare;Item;https://limitlesstcg.nyc3.cdn.digitaloceanspaces.com/tpci/TWM/TWM_165_R_EN_LG.png;Yes;Meta Live
Gengar;Fezandipiti ex;ASC 142;7;1;7;1,0;0,35;20;35,0;ASC;142;Double Rare;Basic;https://limitlesstcg.nyc3.cdn.digitaloceanspaces.com/tpci/ASC/ASC_142_R_EN_LG.png;No;Meta Live
Gengar;Dawn;PFL 87;9;3;5;1,8;0,45;20;25,0;PFL;87;Uncommon;Supporter;https://limitlesstcg.nyc3.cdn.digitaloceanspaces.com/tpci/PFL/PFL_087_R_EN_LG.png;No;Meta Live
Gengar;Pokégear 3.0;SVI 186;5;3;2;2,5;0,25;20;10,0;SVI;186;Common;Item;https://limitlesstcg.nyc3.cdn.digitaloceanspaces.com/tpci/SVI/SVI_186_R_EN_LG.png;No;Meta Live
Gengar;Judge;POR 76;1;1;1;1,0;0,05;20;5,0;POR;76;Uncommon;Supporter;https://limitlesstcg.nyc3.cdn.digitaloceanspaces.com/tpci/POR/POR_076_R_EN_LG.png;No;Meta Live
Gengar;Legacy Energy;TWM 167;1;1;1;1,0;0,05;20;5,0;TWM;167;Ultra Rare;Special Energy;https://limitlesstcg.nyc3.cdn.digitaloceanspaces.com/tpci/TWM/TWM_167_R_EN_LG.png;Yes;Meta Live
Gengar;Yveltal ex;POR 53;1;1;1;1,0;0,05;20;5,0;POR;53;Double Rare;Basic;https://limitlesstcg.nyc3.cdn.digitaloceanspaces.com/tpci/POR/POR_053_R_EN_LG.png;No;Meta Live
Gengar;Psyduck;ASC 39;2;1;2;1,0;0,1;20;10,0;ASC;39;Common;Basic;https://limitlesstcg.nyc3.cdn.digitaloceanspaces.com/tpci/ASC/ASC_039_R_EN_LG.png;No;Meta Live
Gengar;Jamming Tower;TWM 153;2;2;1;2,0;0,1;20;5,0;TWM;153;Uncommon;Stadium;https://limitlesstcg.nyc3.cdn.digitaloceanspaces.com/tpci/TWM/TWM_153_R_EN_LG.png;No;Meta Live
Gengar;Yveltal;MEG 88;3;2;2;1,5;0,15;20;10,0;MEG;88;Rare;Basic;https://limitlesstcg.nyc3.cdn.digitaloceanspaces.com/tpci/MEG/MEG_088_R_EN_LG.png;No;Meta Live
Gengar;Precious Trolley;SSP 185;1;1;1;1,0;0,05;20;5,0;SSP;185;Ultra Rare;Item;https://limitlesstcg.nyc3.cdn.digitaloceanspaces.com/tpci/SSP/SSP_185_R_EN_LG.png;Yes;Meta Live
Gengar;Hilda;WHT 84;2;2;1;2,0;0,1;20;5,0;WHT;84;Uncommon;Supporter;https://limitlesstcg.nyc3.cdn.digitaloceanspaces.com/tpci/WHT/WHT_084_R_EN_LG.png;No;Meta Live
Gengar;Battle Cage;PFL 85;5;3;2;2,5;0,25;20;10,0;PFL;85;Uncommon;Stadium;https://limitlesstcg.nyc3.cdn.digitaloceanspaces.com/tpci/PFL/PFL_085_R_EN_LG.png;No;Meta Live
Gengar;Neo Upper Energy;TEF 162;1;1;1;1,0;0,05;20;5,0;TEF;162;Ultra Rare;Special Energy;https://limitlesstcg.nyc3.cdn.digitaloceanspaces.com/tpci/TEF/TEF_162_R_EN_LG.png;Yes;Meta Live
Toucannon Pbl;Pikipek;PBL 66;68;4;20;3,4;3,4;20;100,0;PBL;66;Common;Basic;https://limitlesstcg.nyc3.cdn.digitaloceanspaces.com/tpci/PBL/PBL_066_R_EN_LG.png;No;Meta Live
Toucannon Pbl;Trumbeak;PBL 67;36;3;20;1,8;1,8;20;100,0;PBL;67;Common;Stage 1;https://limitlesstcg.nyc3.cdn.digitaloceanspaces.com/tpci/PBL/PBL_067_R_EN_LG.png;No;Meta Live
Toucannon Pbl;Toucannon;PBL 68;64;4;20;3,2;3,2;20;100,0;PBL;68;Uncommon;Stage 2;https://limitlesstcg.nyc3.cdn.digitaloceanspaces.com/tpci/PBL/PBL_068_R_EN_LG.png;No;Meta Live
Toucannon Pbl;Hoothoot;SCR 114;51;3;19;2,68;2,55;20;95,0;SCR;114;Common;Basic;https://limitlesstcg.nyc3.cdn.digitaloceanspaces.com/tpci/SCR/SCR_114_R_EN_LG.png;No;Meta Live
Toucannon Pbl;Noctowl;SCR 115;51;3;19;2,68;2,55;20;95,0;SCR;115;Rare;Stage 1;https://limitlesstcg.nyc3.cdn.digitaloceanspaces.com/tpci/SCR/SCR_115_R_EN_LG.png;No;Meta Live
Toucannon Pbl;Duskull;PRE 35;14;2;7;2,0;0,7;20;35,0;PRE;35;Common;Basic;https://limitlesstcg.nyc3.cdn.digitaloceanspaces.com/tpci/PRE/PRE_035_R_EN_LG.png;No;Meta Live
Toucannon Pbl;Dusclops;PRE 36;8;2;7;1,14;0,4;20;35,0;PRE;36;Common;Stage 1;https://limitlesstcg.nyc3.cdn.digitaloceanspaces.com/tpci/PRE/PRE_036_R_EN_LG.png;No;Meta Live
Toucannon Pbl;Dusknoir;PRE 37;14;2;7;2,0;0,7;20;35,0;PRE;37;Rare;Stage 2;https://limitlesstcg.nyc3.cdn.digitaloceanspaces.com/tpci/PRE/PRE_037_R_EN_LG.png;No;Meta Live
Toucannon Pbl;Cornerstone Mask Ogerpon ex;TWM 112;25;2;13;1,92;1,25;20;65,0;TWM;112;Double Rare;Basic;https://limitlesstcg.nyc3.cdn.digitaloceanspaces.com/tpci/TWM/TWM_112_R_EN_LG.png;No;Meta Live
Toucannon Pbl;Fan Rotom;SCR 118;35;2;19;1,84;1,75;20;95,0;SCR;118;Common;Basic;https://limitlesstcg.nyc3.cdn.digitaloceanspaces.com/tpci/SCR/SCR_118_R_EN_LG.png;No;Meta Live
Toucannon Pbl;Meowth ex;POR 62;9;1;9;1,0;0,45;20;45,0;POR;62;Double Rare;Basic;https://limitlesstcg.nyc3.cdn.digitaloceanspaces.com/tpci/POR/POR_062_R_EN_LG.png;No;Meta Live
Toucannon Pbl;Latias ex;SSP 76;9;1;9;1,0;0,45;20;45,0;SSP;76;Double Rare;Basic;https://limitlesstcg.nyc3.cdn.digitaloceanspaces.com/tpci/SSP/SSP_076_R_EN_LG.png;No;Meta Live
Toucannon Pbl;Dawn;PFL 87;53;4;16;3,31;2,65;20;80,0;PFL;87;Uncommon;Supporter;https://limitlesstcg.nyc3.cdn.digitaloceanspaces.com/tpci/PFL/PFL_087_R_EN_LG.png;No;Meta Live
Toucannon Pbl;Lillie's Determination;MEG 119;42;4;15;2,8;2,1;20;75,0;MEG;119;Uncommon;Supporter;https://limitlesstcg.nyc3.cdn.digitaloceanspaces.com/tpci/MEG/MEG_119_R_EN_LG.png;No;Meta Live
Toucannon Pbl;Boss's Orders;MEG 114;43;3;20;2,15;2,15;20;100,0;MEG;114;Uncommon;Supporter;https://limitlesstcg.nyc3.cdn.digitaloceanspaces.com/tpci/MEG/MEG_114_R_EN_LG.png;No;Meta Live
Toucannon Pbl;Lana's Aid;TWM 155;11;1;11;1,0;0,55;20;55,0;TWM;155;Uncommon;Supporter;https://limitlesstcg.nyc3.cdn.digitaloceanspaces.com/tpci/TWM/TWM_155_R_EN_LG.png;No;Meta Live
Toucannon Pbl;Poké Pad;POR 81;78;4;20;3,9;3,9;20;100,0;POR;81;Uncommon;Item;https://limitlesstcg.nyc3.cdn.digitaloceanspaces.com/tpci/POR/POR_081_R_EN_LG.png;No;Meta Live
Toucannon Pbl;Rare Candy;MEG 125;54;4;20;2,7;2,7;20;100,0;MEG;125;Common;Item;https://limitlesstcg.nyc3.cdn.digitaloceanspaces.com/tpci/MEG/MEG_125_R_EN_LG.png;No;Meta Live
Toucannon Pbl;Fighting Gong;MEG 116;37;4;11;3,36;1,85;20;55,0;MEG;116;Uncommon;Item;https://limitlesstcg.nyc3.cdn.digitaloceanspaces.com/tpci/MEG/MEG_116_R_EN_LG.png;No;Meta Live
Toucannon Pbl;Night Stretcher;ASC 196;31;2;18;1,72;1,55;20;90,0;ASC;196;Common;Item;https://limitlesstcg.nyc3.cdn.digitaloceanspaces.com/tpci/ASC/ASC_196_R_EN_LG.png;No;Meta Live
Toucannon Pbl;Buddy-Buddy Poffin;TEF 144;57;4;20;2,85;2,85;20;100,0;TEF;144;Uncommon;Item;https://limitlesstcg.nyc3.cdn.digitaloceanspaces.com/tpci/TEF/TEF_144_R_EN_LG.png;No;Meta Live
Toucannon Pbl;Ultra Ball;MEG 131;25;4;14;1,79;1,25;20;70,0;MEG;131;Common;Item;https://limitlesstcg.nyc3.cdn.digitaloceanspaces.com/tpci/MEG/MEG_131_R_EN_LG.png;No;Meta Live
Toucannon Pbl;Air Balloon;ASC 181;10;1;10;1,0;0,5;20;50,0;ASC;181;Uncommon;Tool;https://limitlesstcg.nyc3.cdn.digitaloceanspaces.com/tpci/ASC/ASC_181_R_EN_LG.png;No;Meta Live
Toucannon Pbl;Maximum Belt;TEF 154;11;1;11;1,0;0,55;20;55,0;TEF;154;Ultra Rare;Tool;https://limitlesstcg.nyc3.cdn.digitaloceanspaces.com/tpci/TEF/TEF_154_R_EN_LG.png;Yes;Meta Live
Toucannon Pbl;Brave Bangle;WHT 80;14;1;14;1,0;0,7;20;70,0;WHT;80;Uncommon;Tool;https://limitlesstcg.nyc3.cdn.digitaloceanspaces.com/tpci/WHT/WHT_080_R_EN_LG.png;No;Meta Live
Toucannon Pbl;Area Zero Underdepths;SCR 131;51;4;19;2,68;2,55;20;95,0;SCR;131;Uncommon;Stadium;https://limitlesstcg.nyc3.cdn.digitaloceanspaces.com/tpci/SCR/SCR_131_R_EN_LG.png;No;Meta Live
Toucannon Pbl;Fighting Energy;MEE 14;70;8;13;5,38;3,5;20;65,0;MEE;14;;Basic Energy;;No;Meta Live
Toucannon Pbl;Teal Mask Ogerpon ex;TWM 25;6;2;3;2,0;0,3;20;15,0;TWM;25;Double Rare;Basic;https://limitlesstcg.nyc3.cdn.digitaloceanspaces.com/tpci/TWM/TWM_025_R_EN_LG.png;No;Meta Live
Toucannon Pbl;Iron Leaves ex;TEF 25;1;1;1;1,0;0,05;20;5,0;TEF;25;Double Rare;Basic;https://limitlesstcg.nyc3.cdn.digitaloceanspaces.com/tpci/TEF/TEF_025_R_EN_LG.png;No;Meta Live
Toucannon Pbl;Wellspring Mask Ogerpon ex;TWM 64;9;3;6;1,5;0,45;20;30,0;TWM;64;Double Rare;Basic;https://limitlesstcg.nyc3.cdn.digitaloceanspaces.com/tpci/TWM/TWM_064_R_EN_LG.png;No;Meta Live
Toucannon Pbl;Fezandipiti ex;ASC 142;9;1;9;1,0;0,45;20;45,0;ASC;142;Double Rare;Basic;https://limitlesstcg.nyc3.cdn.digitaloceanspaces.com/tpci/ASC/ASC_142_R_EN_LG.png;No;Meta Live
Toucannon Pbl;Lillie's Clefairy ex;JTG 56;3;1;3;1,0;0,15;20;15,0;JTG;56;Double Rare;Basic;https://limitlesstcg.nyc3.cdn.digitaloceanspaces.com/tpci/JTG/JTG_056_R_EN_LG.png;No;Meta Live
Toucannon Pbl;Moltres;PFL 14;2;1;2;1,0;0,1;20;10,0;PFL;14;Rare;Basic;https://limitlesstcg.nyc3.cdn.digitaloceanspaces.com/tpci/PFL/PFL_014_R_EN_LG.png;No;Meta Live
Toucannon Pbl;Crispin;SCR 133;11;4;6;1,83;0,55;20;30,0;SCR;133;Uncommon;Supporter;https://limitlesstcg.nyc3.cdn.digitaloceanspaces.com/tpci/SCR/SCR_133_R_EN_LG.png;No;Meta Live
Toucannon Pbl;Kieran;TWM 154;7;2;6;1,17;0,35;20;30,0;TWM;154;Uncommon;Supporter;https://limitlesstcg.nyc3.cdn.digitaloceanspaces.com/tpci/TWM/TWM_154_R_EN_LG.png;No;Meta Live
Toucannon Pbl;Hilda;WHT 84;6;3;4;1,5;0,3;20;20,0;WHT;84;Uncommon;Supporter;https://limitlesstcg.nyc3.cdn.digitaloceanspaces.com/tpci/WHT/WHT_084_R_EN_LG.png;No;Meta Live
Toucannon Pbl;Energy Switch;MEG 115;4;2;3;1,33;0,2;20;15,0;MEG;115;Common;Item;https://limitlesstcg.nyc3.cdn.digitaloceanspaces.com/tpci/MEG/MEG_115_R_EN_LG.png;No;Meta Live
Toucannon Pbl;Special Red Card;CRI 82;9;1;9;1,0;0,45;20;45,0;CRI;82;Uncommon;Item;https://limitlesstcg.nyc3.cdn.digitaloceanspaces.com/tpci/CRI/CRI_082_R_EN_LG.png;No;Meta Live
Toucannon Pbl;Grass Energy;MEE 1;24;10;6;4,0;1,2;20;30,0;MEE;1;;Basic Energy;https://limitlesstcg.nyc3.cdn.digitaloceanspaces.com/tpci/MEE/MEE_001_R_EN_LG.png;No;Meta Live
Toucannon Pbl;Psychic Energy;MEE 5;5;2;4;1,25;0,25;20;20,0;MEE;5;;Basic Energy;https://limitlesstcg.nyc3.cdn.digitaloceanspaces.com/tpci/MEE/MEE_005_R_EN_LG.png;No;Meta Live
Toucannon Pbl;Water Energy;MEE 3;11;3;6;1,83;0,55;20;30,0;MEE;3;;Basic Energy;https://limitlesstcg.nyc3.cdn.digitaloceanspaces.com/tpci/MEE/MEE_003_R_EN_LG.png;No;Meta Live
Toucannon Pbl;Fire Energy;MEE 10;4;2;3;1,33;0,2;20;15,0;MEE;10;;Basic Energy;;No;Meta Live
Toucannon Pbl;Legacy Energy;TWM 167;1;1;1;1,0;0,05;20;5,0;TWM;167;Ultra Rare;Special Energy;https://limitlesstcg.nyc3.cdn.digitaloceanspaces.com/tpci/TWM/TWM_167_R_EN_LG.png;Yes;Meta Live
Toucannon Pbl;Dunsparce;TEF 128;8;2;4;2,0;0,4;20;20,0;TEF;128;Common;Basic;https://limitlesstcg.nyc3.cdn.digitaloceanspaces.com/tpci/TEF/TEF_128_R_EN_LG.png;No;Meta Live
Toucannon Pbl;Dudunsparce;TEF 129;8;2;4;2,0;0,4;20;20,0;TEF;129;Rare;Stage 1;https://limitlesstcg.nyc3.cdn.digitaloceanspaces.com/tpci/TEF/TEF_129_R_EN_LG.png;No;Meta Live
Toucannon Pbl;Battle Cage;PFL 85;6;1;6;1,0;0,3;20;30,0;PFL;85;Uncommon;Stadium;https://limitlesstcg.nyc3.cdn.digitaloceanspaces.com/tpci/PFL/PFL_085_R_EN_LG.png;No;Meta Live
Toucannon Pbl;Terapagos ex;SCR 128;3;1;3;1,0;0,15;20;15,0;SCR;128;Double Rare;Basic;https://limitlesstcg.nyc3.cdn.digitaloceanspaces.com/tpci/SCR/SCR_128_R_EN_LG.png;No;Meta Live
Toucannon Pbl;Chien-Pao;SSP 56;4;1;4;1,0;0,2;20;20,0;SSP;56;Rare;Basic;https://limitlesstcg.nyc3.cdn.digitaloceanspaces.com/tpci/SSP/SSP_056_R_EN_LG.png;No;Meta Live
Toucannon Pbl;Shaymin;DRI 10;6;1;6;1,0;0,3;20;30,0;DRI;10;Uncommon;Basic;https://limitlesstcg.nyc3.cdn.digitaloceanspaces.com/tpci/DRI/DRI_010_R_EN_LG.png;No;Meta Live
Toucannon Pbl;Pikachu ex;SSP 57;2;1;2;1,0;0,1;20;10,0;SSP;57;Double Rare;Basic;https://limitlesstcg.nyc3.cdn.digitaloceanspaces.com/tpci/SSP/SSP_057_R_EN_LG.png;No;Meta Live
Toucannon Pbl;Glass Trumpet;SCR 135;5;1;5;1,0;0,25;20;25,0;SCR;135;Uncommon;Item;https://limitlesstcg.nyc3.cdn.digitaloceanspaces.com/tpci/SCR/SCR_135_R_EN_LG.png;No;Meta Live
Toucannon Pbl;Energy Search;POR 72;3;2;2;1,5;0,15;20;10,0;POR;72;Common;Item;https://limitlesstcg.nyc3.cdn.digitaloceanspaces.com/tpci/POR/POR_072_R_EN_LG.png;No;Meta Live
Toucannon Pbl;Sacred Ash;DRI 168;7;2;6;1,17;0,35;20;30,0;DRI;168;Uncommon;Item;https://limitlesstcg.nyc3.cdn.digitaloceanspaces.com/tpci/DRI/DRI_168_R_EN_LG.png;No;Meta Live
Toucannon Pbl;Lightning Energy;MEE 12;7;2;4;1,75;0,35;20;20,0;MEE;12;;Basic Energy;;No;Meta Live
Toucannon Pbl;Rellor;TEF 23;1;1;1;1,0;0,05;20;5,0;TEF;23;Common;Basic;https://limitlesstcg.nyc3.cdn.digitaloceanspaces.com/tpci/TEF/TEF_023_R_EN_LG.png;No;Meta Live
Toucannon Pbl;Rabsca;TEF 24;1;1;1;1,0;0,05;20;5,0;TEF;24;Uncommon;Stage 1;https://limitlesstcg.nyc3.cdn.digitaloceanspaces.com/tpci/TEF/TEF_024_R_EN_LG.png;No;Meta Live
Toucannon Pbl;Judge;POR 76;2;1;2;1,0;0,1;20;10,0;POR;76;Uncommon;Supporter;https://limitlesstcg.nyc3.cdn.digitaloceanspaces.com/tpci/POR/POR_076_R_EN_LG.png;No;Meta Live
Toucannon Pbl;Black Belt's Training;JTG 143;2;1;2;1,0;0,1;20;10,0;JTG;143;Common;Supporter;https://limitlesstcg.nyc3.cdn.digitaloceanspaces.com/tpci/JTG/JTG_143_R_EN_LG.png;No;Meta Live
Toucannon Pbl;Unfair Stamp;TWM 165;2;1;2;1,0;0,1;20;10,0;TWM;165;Ultra Rare;Item;https://limitlesstcg.nyc3.cdn.digitaloceanspaces.com/tpci/TWM/TWM_165_R_EN_LG.png;Yes;Meta Live
Toucannon Pbl;Prism Energy;ASC 216;2;1;2;1,0;0,1;20;10,0;ASC;216;Uncommon;Special Energy;https://limitlesstcg.nyc3.cdn.digitaloceanspaces.com/tpci/ASC/ASC_216_R_EN_LG.png;No;Meta Live
Toucannon Pbl;Patrat;CRI 70;1;1;1;1,0;0,05;20;5,0;CRI;70;Common;Basic;https://limitlesstcg.nyc3.cdn.digitaloceanspaces.com/tpci/CRI/CRI_070_R_EN_LG.png;No;Meta Live
Toucannon Pbl;Prime Catcher;TEF 157;3;1;3;1,0;0,15;20;15,0;TEF;157;Ultra Rare;Item;https://limitlesstcg.nyc3.cdn.digitaloceanspaces.com/tpci/TEF/TEF_157_R_EN_LG.png;Yes;Meta Live
Toucannon Pbl;Sparkling Crystal;SCR 142;1;1;1;1,0;0,05;20;5,0;SCR;142;Ultra Rare;Tool;https://limitlesstcg.nyc3.cdn.digitaloceanspaces.com/tpci/SCR/SCR_142_R_EN_LG.png;Yes;Meta Live
Toucannon Pbl;Budew;ASC 16;2;2;1;2,0;0,1;20;5,0;ASC;16;Common;Basic;https://limitlesstcg.nyc3.cdn.digitaloceanspaces.com/tpci/ASC/ASC_016_R_EN_LG.png;No;Meta Live
Toucannon Pbl;Tera Orb;SSP 189;2;2;1;2,0;0,1;20;5,0;SSP;189;Uncommon;Item;https://limitlesstcg.nyc3.cdn.digitaloceanspaces.com/tpci/SSP/SSP_189_R_EN_LG.png;No;Meta Live
Toucannon Pbl;Ting-Lu;TWM 110;1;1;1;1,0;0,05;20;5,0;TWM;110;Rare;Basic;https://limitlesstcg.nyc3.cdn.digitaloceanspaces.com/tpci/TWM/TWM_110_R_EN_LG.png;No;Meta Live
Toucannon Pbl;Solrock;MEG 75;2;2;1;2,0;0,1;20;5,0;MEG;75;Uncommon;Basic;https://limitlesstcg.nyc3.cdn.digitaloceanspaces.com/tpci/MEG/MEG_075_R_EN_LG.png;No;Meta Live
Toucannon Pbl;Lunatone;MEG 74;2;2;1;2,0;0,1;20;5,0;MEG;74;Rare;Basic;https://limitlesstcg.nyc3.cdn.digitaloceanspaces.com/tpci/MEG/MEG_074_R_EN_LG.png;No;Meta Live
Toucannon Pbl;Jamming Tower;TWM 153;1;1;1;1,0;0,05;20;5,0;TWM;153;Uncommon;Stadium;https://limitlesstcg.nyc3.cdn.digitaloceanspaces.com/tpci/TWM/TWM_153_R_EN_LG.png;No;Meta Live
Toucannon Pbl;Mist Energy;TEF 161;4;4;1;4,0;0,2;20;5,0;TEF;161;Uncommon;Special Energy;https://limitlesstcg.nyc3.cdn.digitaloceanspaces.com/tpci/TEF/TEF_161_R_EN_LG.png;No;Meta Live
Toucannon Pbl;Enriching Energy;SSP 191;1;1;1;1,0;0,05;20;5,0;SSP;191;Ultra Rare;Special Energy;https://limitlesstcg.nyc3.cdn.digitaloceanspaces.com/tpci/SSP/SSP_191_R_EN_LG.png;Yes;Meta Live
Toucannon Pbl;Piplup;PFL 27;3;3;1;3,0;0,15;20;5,0;PFL;27;Common;Basic;https://limitlesstcg.nyc3.cdn.digitaloceanspaces.com/tpci/PFL/PFL_027_R_EN_LG.png;No;Meta Live
Toucannon Pbl;Prinplup;PFL 28;1;1;1;1,0;0,05;20;5,0;PFL;28;Common;Stage 1;https://limitlesstcg.nyc3.cdn.digitaloceanspaces.com/tpci/PFL/PFL_028_R_EN_LG.png;No;Meta Live
Toucannon Pbl;Empoleon ex;PFL 70;3;3;1;3,0;0,15;20;5,0;PFL;70;Double Rare;Stage 2;https://limitlesstcg.nyc3.cdn.digitaloceanspaces.com/tpci/PFL/PFL_070_R_EN_LG.png;No;Meta Live
Toucannon Pbl;Philippe;CRI 79;2;2;1;2,0;0,1;20;5,0;CRI;79;Uncommon;Supporter;https://limitlesstcg.nyc3.cdn.digitaloceanspaces.com/tpci/CRI/CRI_079_R_EN_LG.png;No;Meta Live
Toucannon Pbl;AZ's Tranquility;CRI 76;2;2;1;2,0;0,1;20;5,0;CRI;76;Uncommon;Supporter;https://limitlesstcg.nyc3.cdn.digitaloceanspaces.com/tpci/CRI/CRI_076_R_EN_LG.png;No;Meta Live
Toucannon Pbl;Pokégear 3.0;SVI 186;3;3;1;3,0;0,15;20;5,0;SVI;186;Common;Item;https://limitlesstcg.nyc3.cdn.digitaloceanspaces.com/tpci/SVI/SVI_186_R_EN_LG.png;No;Meta Live
Toucannon Pbl;Pokémon Catcher;POR 82;2;2;1;2,0;0,1;20;5,0;POR;82;Common;Item;https://limitlesstcg.nyc3.cdn.digitaloceanspaces.com/tpci/POR/POR_082_R_EN_LG.png;No;Meta Live
Toucannon Pbl;Jumbo Ice Cream;PFL 91;1;1;1;1,0;0,05;20;5,0;PFL;91;Uncommon;Item;https://limitlesstcg.nyc3.cdn.digitaloceanspaces.com/tpci/PFL/PFL_091_R_EN_LG.png;No;Meta Live
Toucannon Pbl;Hero's Cape;TEF 152;1;1;1;1,0;0,05;20;5,0;TEF;152;Ultra Rare;Tool;https://limitlesstcg.nyc3.cdn.digitaloceanspaces.com/tpci/TEF/TEF_152_R_EN_LG.png;Yes;Meta Live
Toucannon Pbl;Full Metal Lab;TEF 148;2;2;1;2,0;0,1;20;5,0;TEF;148;Uncommon;Stadium;https://limitlesstcg.nyc3.cdn.digitaloceanspaces.com/tpci/TEF/TEF_148_R_EN_LG.png;No;Meta Live
Toucannon Pbl;Metal Energy;MEE 8;8;8;1;8,0;0,4;20;5,0;MEE;8;;Basic Energy;https://limitlesstcg.nyc3.cdn.digitaloceanspaces.com/tpci/MEE/MEE_008_R_EN_LG.png;No;Meta Live
Seaking;Grookey;TWM 14;76;4;20;3,8;3,8;20;100,0;TWM;14;Common;Basic;https://limitlesstcg.nyc3.cdn.digitaloceanspaces.com/tpci/TWM/TWM_014_R_EN_LG.png;No;Meta Live
Seaking;Thwackey;TWM 15;69;4;20;3,45;3,45;20;100,0;TWM;15;Common;Stage 1;https://limitlesstcg.nyc3.cdn.digitaloceanspaces.com/tpci/TWM/TWM_015_R_EN_LG.png;No;Meta Live
Seaking;Goldeen;TWM 44;79;4;20;3,95;3,95;20;100,0;TWM;44;Common;Basic;https://limitlesstcg.nyc3.cdn.digitaloceanspaces.com/tpci/TWM/TWM_044_R_EN_LG.png;No;Meta Live
Seaking;Seaking;PRE 21;66;4;20;3,3;3,3;20;100,0;PRE;21;Uncommon;Stage 1;https://limitlesstcg.nyc3.cdn.digitaloceanspaces.com/tpci/PRE/PRE_021_R_EN_LG.png;No;Meta Live
Seaking;Rellor;TEF 23;18;2;14;1,29;0,9;20;70,0;TEF;23;Common;Basic;https://limitlesstcg.nyc3.cdn.digitaloceanspaces.com/tpci/TEF/TEF_023_R_EN_LG.png;No;Meta Live
Seaking;Rabsca;TEF 24;14;1;14;1,0;0,7;20;70,0;TEF;24;Uncommon;Stage 1;https://limitlesstcg.nyc3.cdn.digitaloceanspaces.com/tpci/TEF/TEF_024_R_EN_LG.png;No;Meta Live
Seaking;Lillie's Determination;MEG 119;73;4;20;3,65;3,65;20;100,0;MEG;119;Uncommon;Supporter;https://limitlesstcg.nyc3.cdn.digitaloceanspaces.com/tpci/MEG/MEG_119_R_EN_LG.png;No;Meta Live
Seaking;Boss's Orders;MEG 114;44;3;20;2,2;2,2;20;100,0;MEG;114;Uncommon;Supporter;https://limitlesstcg.nyc3.cdn.digitaloceanspaces.com/tpci/MEG/MEG_114_R_EN_LG.png;No;Meta Live
Seaking;Gladion's Final Battle;PBL 77;58;4;20;2,9;2,9;20;100,0;PBL;77;Uncommon;Supporter;https://limitlesstcg.nyc3.cdn.digitaloceanspaces.com/tpci/PBL/PBL_077_R_EN_LG.png;No;Meta Live
Seaking;Kieran;TWM 154;4;1;4;1,0;0,2;20;20,0;TWM;154;Uncommon;Supporter;https://limitlesstcg.nyc3.cdn.digitaloceanspaces.com/tpci/TWM/TWM_154_R_EN_LG.png;No;Meta Live
Seaking;Ultra Ball;MEG 131;79;4;20;3,95;3,95;20;100,0;MEG;131;Common;Item;https://limitlesstcg.nyc3.cdn.digitaloceanspaces.com/tpci/MEG/MEG_131_R_EN_LG.png;No;Meta Live
Seaking;Poké Pad;POR 81;78;4;20;3,9;3,9;20;100,0;POR;81;Uncommon;Item;https://limitlesstcg.nyc3.cdn.digitaloceanspaces.com/tpci/POR/POR_081_R_EN_LG.png;No;Meta Live
Seaking;Buddy-Buddy Poffin;TEF 144;79;4;20;3,95;3,95;20;100,0;TEF;144;Uncommon;Item;https://limitlesstcg.nyc3.cdn.digitaloceanspaces.com/tpci/TEF/TEF_144_R_EN_LG.png;No;Meta Live
Seaking;Sacred Ash;DRI 168;24;2;20;1,2;1,2;20;100,0;DRI;168;Uncommon;Item;https://limitlesstcg.nyc3.cdn.digitaloceanspaces.com/tpci/DRI/DRI_168_R_EN_LG.png;No;Meta Live
Seaking;Tool Scrapper;ASC 212;13;1;13;1,0;0,65;20;65,0;ASC;212;Common;Item;https://limitlesstcg.nyc3.cdn.digitaloceanspaces.com/tpci/ASC/ASC_212_R_EN_LG.png;No;Meta Live
Seaking;Hand Trimmer;TEF 150;16;2;15;1,07;0,8;20;75,0;TEF;150;Uncommon;Item;https://limitlesstcg.nyc3.cdn.digitaloceanspaces.com/tpci/TEF/TEF_150_R_EN_LG.png;No;Meta Live
Seaking;Air Balloon;ASC 181;56;3;20;2,8;2,8;20;100,0;ASC;181;Uncommon;Tool;https://limitlesstcg.nyc3.cdn.digitaloceanspaces.com/tpci/ASC/ASC_181_R_EN_LG.png;No;Meta Live
Seaking;Maximum Belt;TEF 154;5;1;5;1,0;0,25;20;25,0;TEF;154;Ultra Rare;Tool;https://limitlesstcg.nyc3.cdn.digitaloceanspaces.com/tpci/TEF/TEF_154_R_EN_LG.png;Yes;Meta Live
Seaking;Brave Bangle;WHT 80;42;3;20;2,1;2,1;20;100,0;WHT;80;Uncommon;Tool;https://limitlesstcg.nyc3.cdn.digitaloceanspaces.com/tpci/WHT/WHT_080_R_EN_LG.png;No;Meta Live
Seaking;Festival Grounds;TWM 149;79;4;20;3,95;3,95;20;100,0;TWM;149;Uncommon;Stadium;https://limitlesstcg.nyc3.cdn.digitaloceanspaces.com/tpci/TWM/TWM_149_R_EN_LG.png;No;Meta Live
Seaking;Spiky Energy;JTG 159;16;4;4;4,0;0,8;20;20,0;JTG;159;Uncommon;Special Energy;https://limitlesstcg.nyc3.cdn.digitaloceanspaces.com/tpci/JTG/JTG_159_R_EN_LG.png;No;Meta Live
Seaking;Mist Energy;TEF 161;64;4;17;3,76;3,2;20;85,0;TEF;161;Uncommon;Special Energy;https://limitlesstcg.nyc3.cdn.digitaloceanspaces.com/tpci/TEF/TEF_161_R_EN_LG.png;No;Meta Live
Seaking;Shaymin;DRI 10;16;1;16;1,0;0,8;20;80,0;DRI;10;Uncommon;Basic;https://limitlesstcg.nyc3.cdn.digitaloceanspaces.com/tpci/DRI/DRI_010_R_EN_LG.png;No;Meta Live
Seaking;Moltres;PFL 14;6;1;6;1,0;0,3;20;30,0;PFL;14;Rare;Basic;https://limitlesstcg.nyc3.cdn.digitaloceanspaces.com/tpci/PFL/PFL_014_R_EN_LG.png;No;Meta Live
Seaking;Meowth ex;POR 62;8;1;8;1,0;0,4;20;40,0;POR;62;Double Rare;Basic;https://limitlesstcg.nyc3.cdn.digitaloceanspaces.com/tpci/POR/POR_062_R_EN_LG.png;No;Meta Live
Seaking;Dawn;PFL 87;3;1;3;1,0;0,15;20;15,0;PFL;87;Uncommon;Supporter;https://limitlesstcg.nyc3.cdn.digitaloceanspaces.com/tpci/PFL/PFL_087_R_EN_LG.png;No;Meta Live
Seaking;Secret Box;TWM 163;14;1;14;1,0;0,7;20;70,0;TWM;163;Ultra Rare;Item;https://limitlesstcg.nyc3.cdn.digitaloceanspaces.com/tpci/TWM/TWM_163_R_EN_LG.png;Yes;Meta Live
Seaking;Night Stretcher;ASC 196;19;2;15;1,27;0,95;20;75,0;ASC;196;Common;Item;https://limitlesstcg.nyc3.cdn.digitaloceanspaces.com/tpci/ASC/ASC_196_R_EN_LG.png;No;Meta Live
Seaking;Fire Energy;MEE 2;12;2;6;2,0;0,6;20;30,0;MEE;2;;Basic Energy;https://limitlesstcg.nyc3.cdn.digitaloceanspaces.com/tpci/MEE/MEE_002_R_EN_LG.png;No;Meta Live
Seaking;Psyduck;ASC 39;8;1;8;1,0;0,4;20;40,0;ASC;39;Common;Basic;https://limitlesstcg.nyc3.cdn.digitaloceanspaces.com/tpci/ASC/ASC_039_R_EN_LG.png;No;Meta Live
Seaking;Switch;MEG 130;3;1;3;1,0;0,15;20;15,0;MEG;130;Common;Item;https://limitlesstcg.nyc3.cdn.digitaloceanspaces.com/tpci/MEG/MEG_130_R_EN_LG.png;No;Meta Live
Seaking;Grass Energy;MEE 1;20;6;8;2,5;1,0;20;40,0;MEE;1;;Basic Energy;https://limitlesstcg.nyc3.cdn.digitaloceanspaces.com/tpci/MEE/MEE_001_R_EN_LG.png;No;Meta Live
Seaking;Applin;TWM 126;6;1;6;1,0;0,3;20;30,0;TWM;126;Common;Basic;https://limitlesstcg.nyc3.cdn.digitaloceanspaces.com/tpci/TWM/TWM_126_R_EN_LG.png;No;Meta Live
Seaking;Dipplin;TWM 18;6;1;6;1,0;0,3;20;30,0;TWM;18;Uncommon;Stage 1;https://limitlesstcg.nyc3.cdn.digitaloceanspaces.com/tpci/TWM/TWM_018_R_EN_LG.png;No;Meta Live
Seaking;Pokémon Catcher;POR 82;2;2;1;2,0;0,1;20;5,0;POR;82;Common;Item;https://limitlesstcg.nyc3.cdn.digitaloceanspaces.com/tpci/POR/POR_082_R_EN_LG.png;No;Meta Live
Seaking;Special Red Card;CRI 82;2;1;2;1,0;0,1;20;10,0;CRI;82;Uncommon;Item;https://limitlesstcg.nyc3.cdn.digitaloceanspaces.com/tpci/CRI/CRI_082_R_EN_LG.png;No;Meta Live
Seaking;Patrat;CRI 70;2;1;2;1,0;0,1;20;10,0;CRI;70;Common;Basic;https://limitlesstcg.nyc3.cdn.digitaloceanspaces.com/tpci/CRI/CRI_070_R_EN_LG.png;No;Meta Live
Seaking;Stunfisk;ASC 62;3;2;2;1,5;0,15;20;10,0;ASC;62;Common;Basic;https://limitlesstcg.nyc3.cdn.digitaloceanspaces.com/tpci/ASC/ASC_062_R_EN_LG.png;No;Meta Live
Seaking;Prism Energy;ASC 216;4;4;1;4,0;0,2;20;5,0;ASC;216;Uncommon;Special Energy;https://limitlesstcg.nyc3.cdn.digitaloceanspaces.com/tpci/ASC/ASC_216_R_EN_LG.png;No;Meta Live
Seaking;Lightning Energy;MEE 12;6;4;2;3,0;0,3;20;10,0;MEE;12;;Basic Energy;;No;Meta Live
Seaking;Ethan's Pichu;DRI 71;1;1;1;1,0;0,05;20;5,0;DRI;71;Common;Basic;https://limitlesstcg.nyc3.cdn.digitaloceanspaces.com/tpci/DRI/DRI_071_R_EN_LG.png;No;Meta Live
Seaking;Pachirisu;MEG 51;1;1;1;1,0;0,05;20;5,0;MEG;51;Common;Basic;https://limitlesstcg.nyc3.cdn.digitaloceanspaces.com/tpci/MEG/MEG_051_R_EN_LG.png;No;Meta Live
Seaking;Hyper Aroma;TWM 152;1;1;1;1,0;0,05;20;5,0;TWM;152;Ultra Rare;Item;https://limitlesstcg.nyc3.cdn.digitaloceanspaces.com/tpci/TWM/TWM_152_R_EN_LG.png;Yes;Meta Live
Seaking;Energy Swatter;POR 73;1;1;1;1,0;0,05;20;5,0;POR;73;Uncommon;Item;https://limitlesstcg.nyc3.cdn.digitaloceanspaces.com/tpci/POR/POR_073_R_EN_LG.png;No;Meta Live
Seaking;Voltaic Lightning Energy;PBL 84;2;2;1;2,0;0,1;20;5,0;PBL;84;Rare;Special Energy;https://limitlesstcg.nyc3.cdn.digitaloceanspaces.com/tpci/PBL/PBL_084_R_EN_LG.png;No;Meta Live
Seaking;Judge;POR 76;1;1;1;1,0;0,05;20;5,0;POR;76;Uncommon;Supporter;https://limitlesstcg.nyc3.cdn.digitaloceanspaces.com/tpci/POR/POR_076_R_EN_LG.png;No;Meta Live
Seaking;Hilda;WHT 84;1;1;1;1,0;0,05;20;5,0;WHT;84;Uncommon;Supporter;https://limitlesstcg.nyc3.cdn.digitaloceanspaces.com/tpci/WHT/WHT_084_R_EN_LG.png;No;Meta Live
Mega Venusaur;Teal Mask Ogerpon ex;TWM 25;70;4;19;3,68;3,68;19;100,0;TWM;25;Double Rare;Basic;https://limitlesstcg.nyc3.cdn.digitaloceanspaces.com/tpci/TWM/TWM_025_R_EN_LG.png;No;Meta Live
Mega Venusaur;Chikorita;ASC 8;46;3;19;2,42;2,42;19;100,0;ASC;8;Common;Basic;https://limitlesstcg.nyc3.cdn.digitaloceanspaces.com/tpci/ASC/ASC_008_R_EN_LG.png;No;Meta Live
Mega Venusaur;Bayleef;MEG 9;44;3;19;2,32;2,32;19;100,0;MEG;9;Common;Stage 1;https://limitlesstcg.nyc3.cdn.digitaloceanspaces.com/tpci/MEG/MEG_009_R_EN_LG.png;No;Meta Live
Mega Venusaur;Meganium;MEG 10;37;2;19;1,95;1,95;19;100,0;MEG;10;Rare;Stage 2;https://limitlesstcg.nyc3.cdn.digitaloceanspaces.com/tpci/MEG/MEG_010_R_EN_LG.png;No;Meta Live
Mega Venusaur;Bulbasaur;MEG 1;39;3;19;2,05;2,05;19;100,0;MEG;1;Common;Basic;https://limitlesstcg.nyc3.cdn.digitaloceanspaces.com/tpci/MEG/MEG_001_R_EN_LG.png;No;Meta Live
Mega Venusaur;Ivysaur;MEG 2;38;3;19;2,0;2,0;19;100,0;MEG;2;Common;Stage 1;https://limitlesstcg.nyc3.cdn.digitaloceanspaces.com/tpci/MEG/MEG_002_R_EN_LG.png;No;Meta Live
Mega Venusaur;Mega Venusaur ex;MEG 3;39;3;19;2,05;2,05;19;100,0;MEG;3;Double Rare;Stage 2;https://limitlesstcg.nyc3.cdn.digitaloceanspaces.com/tpci/MEG/MEG_003_R_EN_LG.png;No;Meta Live
Mega Venusaur;Meowth ex;POR 62;18;2;15;1,2;0,95;19;78,95;POR;62;Double Rare;Basic;https://limitlesstcg.nyc3.cdn.digitaloceanspaces.com/tpci/POR/POR_062_R_EN_LG.png;No;Meta Live
Mega Venusaur;Fezandipiti ex;ASC 142;18;1;18;1,0;0,95;19;94,74;ASC;142;Double Rare;Basic;https://limitlesstcg.nyc3.cdn.digitaloceanspaces.com/tpci/ASC/ASC_142_R_EN_LG.png;No;Meta Live
Mega Venusaur;Genesect;PFL 8;7;1;7;1,0;0,37;19;36,84;PFL;8;Rare;Basic;https://limitlesstcg.nyc3.cdn.digitaloceanspaces.com/tpci/PFL/PFL_008_R_EN_LG.png;No;Meta Live
Mega Venusaur;Celebi;MEG 12;13;2;11;1,18;0,68;19;57,89;MEG;12;Uncommon;Basic;https://limitlesstcg.nyc3.cdn.digitaloceanspaces.com/tpci/MEG/MEG_012_R_EN_LG.png;No;Meta Live
Mega Venusaur;Lillie's Determination;MEG 119;76;4;19;4,0;4,0;19;100,0;MEG;119;Uncommon;Supporter;https://limitlesstcg.nyc3.cdn.digitaloceanspaces.com/tpci/MEG/MEG_119_R_EN_LG.png;No;Meta Live
Mega Venusaur;Lana's Aid;TWM 155;15;2;12;1,25;0,79;19;63,16;TWM;155;Uncommon;Supporter;https://limitlesstcg.nyc3.cdn.digitaloceanspaces.com/tpci/TWM/TWM_155_R_EN_LG.png;No;Meta Live
Mega Venusaur;Boss's Orders;MEG 114;40;3;19;2,11;2,11;19;100,0;MEG;114;Uncommon;Supporter;https://limitlesstcg.nyc3.cdn.digitaloceanspaces.com/tpci/MEG/MEG_114_R_EN_LG.png;No;Meta Live
Mega Venusaur;Xerosic's Machinations;SFA 64;6;1;6;1,0;0,32;19;31,58;SFA;64;Uncommon;Supporter;https://limitlesstcg.nyc3.cdn.digitaloceanspaces.com/tpci/SFA/SFA_064_R_EN_LG.png;No;Meta Live
Mega Venusaur;Wally's Compassion;MEG 132;18;4;13;1,38;0,95;19;68,42;MEG;132;Uncommon;Supporter;https://limitlesstcg.nyc3.cdn.digitaloceanspaces.com/tpci/MEG/MEG_132_R_EN_LG.png;No;Meta Live
Mega Venusaur;Judge;POR 76;18;2;15;1,2;0,95;19;78,95;POR;76;Uncommon;Supporter;https://limitlesstcg.nyc3.cdn.digitaloceanspaces.com/tpci/POR/POR_076_R_EN_LG.png;No;Meta Live
Mega Venusaur;Dawn;PFL 87;25;3;15;1,67;1,32;19;78,95;PFL;87;Uncommon;Supporter;https://limitlesstcg.nyc3.cdn.digitaloceanspaces.com/tpci/PFL/PFL_087_R_EN_LG.png;No;Meta Live
Mega Venusaur;Bug Catching Set;TWM 143;76;4;19;4,0;4,0;19;100,0;TWM;143;Uncommon;Item;https://limitlesstcg.nyc3.cdn.digitaloceanspaces.com/tpci/TWM/TWM_143_R_EN_LG.png;No;Meta Live
Mega Venusaur;Ultra Ball;MEG 131;60;4;17;3,53;3,16;19;89,47;MEG;131;Common;Item;https://limitlesstcg.nyc3.cdn.digitaloceanspaces.com/tpci/MEG/MEG_131_R_EN_LG.png;No;Meta Live
Mega Venusaur;Poké Pad;POR 81;31;3;16;1,94;1,63;19;84,21;POR;81;Uncommon;Item;https://limitlesstcg.nyc3.cdn.digitaloceanspaces.com/tpci/POR/POR_081_R_EN_LG.png;No;Meta Live
Mega Venusaur;Night Stretcher;ASC 196;33;4;19;1,74;1,74;19;100,0;ASC;196;Common;Item;https://limitlesstcg.nyc3.cdn.digitaloceanspaces.com/tpci/ASC/ASC_196_R_EN_LG.png;No;Meta Live
Mega Venusaur;Special Red Card;CRI 82;15;2;12;1,25;0,79;19;63,16;CRI;82;Uncommon;Item;https://limitlesstcg.nyc3.cdn.digitaloceanspaces.com/tpci/CRI/CRI_082_R_EN_LG.png;No;Meta Live
Mega Venusaur;Unfair Stamp;TWM 165;10;1;10;1,0;0,53;19;52,63;TWM;165;Ultra Rare;Item;https://limitlesstcg.nyc3.cdn.digitaloceanspaces.com/tpci/TWM/TWM_165_R_EN_LG.png;Yes;Meta Live
Mega Venusaur;Forest of Vitality;MEG 117;67;4;19;3,53;3,53;19;100,0;MEG;117;Uncommon;Stadium;https://limitlesstcg.nyc3.cdn.digitaloceanspaces.com/tpci/MEG/MEG_117_R_EN_LG.png;No;Meta Live
Mega Venusaur;Grass Energy;MEE 9;212;14;19;11,16;11,16;19;100,0;MEE;9;;Basic Energy;;No;Meta Live
Mega Venusaur;Mega Meganium ex;ASC 10;15;2;14;1,07;0,79;19;73,68;ASC;10;Double Rare;Stage 2;https://limitlesstcg.nyc3.cdn.digitaloceanspaces.com/tpci/ASC/ASC_010_R_EN_LG.png;No;Meta Live
Mega Venusaur;Shuckle;MEG 11;1;1;1;1,0;0,05;19;5,26;MEG;11;Uncommon;Basic;https://limitlesstcg.nyc3.cdn.digitaloceanspaces.com/tpci/MEG/MEG_011_R_EN_LG.png;No;Meta Live
Mega Venusaur;Scoop Up Cyclone;TWM 162;1;1;1;1,0;0,05;19;5,26;TWM;162;Ultra Rare;Item;https://limitlesstcg.nyc3.cdn.digitaloceanspaces.com/tpci/TWM/TWM_162_R_EN_LG.png;Yes;Meta Live
Mega Venusaur;Regigigas;PRE 86;3;1;3;1,0;0,16;19;15,79;PRE;86;Uncommon;Basic;https://limitlesstcg.nyc3.cdn.digitaloceanspaces.com/tpci/PRE/PRE_086_R_EN_LG.png;No;Meta Live
Mega Venusaur;Mew ex;30C 66;4;1;4;1,0;0,21;19;21,05;30C;66;Double Rare;Basic;https://limitlesstcg.nyc3.cdn.digitaloceanspaces.com/tpci/30C/30C_066_R_EN_LG.png;No;Meta Live
Mega Venusaur;AZ's Tranquility;CRI 76;2;1;2;1,0;0,11;19;10,53;CRI;76;Uncommon;Supporter;https://limitlesstcg.nyc3.cdn.digitaloceanspaces.com/tpci/CRI/CRI_076_R_EN_LG.png;No;Meta Live
Mega Venusaur;Team Rocket's Petrel;DRI 176;4;3;2;2,0;0,21;19;10,53;DRI;176;Uncommon;Supporter;https://limitlesstcg.nyc3.cdn.digitaloceanspaces.com/tpci/DRI/DRI_176_R_EN_LG.png;No;Meta Live
Mega Venusaur;Max Rod;PRE 116;5;1;5;1,0;0,26;19;26,32;PRE;116;Ultra Rare;Item;https://limitlesstcg.nyc3.cdn.digitaloceanspaces.com/tpci/PRE/PRE_116_R_EN_LG.png;Yes;Meta Live
Mega Venusaur;Switch;MEG 130;2;1;2;1,0;0,11;19;10,53;MEG;130;Common;Item;https://limitlesstcg.nyc3.cdn.digitaloceanspaces.com/tpci/MEG/MEG_130_R_EN_LG.png;No;Meta Live
Mega Venusaur;Flutter Mane;TEF 78;1;1;1;1,0;0,05;19;5,26;TEF;78;Rare;Basic;https://limitlesstcg.nyc3.cdn.digitaloceanspaces.com/tpci/TEF/TEF_078_R_EN_LG.png;No;Meta Live
Mega Venusaur;Mega Signal;MEG 121;1;1;1;1,0;0,05;19;5,26;MEG;121;Uncommon;Item;https://limitlesstcg.nyc3.cdn.digitaloceanspaces.com/tpci/MEG/MEG_121_R_EN_LG.png;No;Meta Live
Mega Venusaur;Air Balloon;ASC 181;6;2;5;1,2;0,32;19;26,32;ASC;181;Uncommon;Tool;https://limitlesstcg.nyc3.cdn.digitaloceanspaces.com/tpci/ASC/ASC_181_R_EN_LG.png;No;Meta Live
Mega Venusaur;Area Zero Underdepths;SCR 131;1;1;1;1,0;0,05;19;5,26;SCR;131;Uncommon;Stadium;https://limitlesstcg.nyc3.cdn.digitaloceanspaces.com/tpci/SCR/SCR_131_R_EN_LG.png;No;Meta Live
Mega Venusaur;Pokégear 3.0;SVI 186;2;1;2;1,0;0,11;19;10,53;SVI;186;Common;Item;https://limitlesstcg.nyc3.cdn.digitaloceanspaces.com/tpci/SVI/SVI_186_R_EN_LG.png;No;Meta Live
Mega Venusaur;Yanma;DRI 2;2;2;1;2,0;0,11;19;5,26;DRI;2;Common;Basic;https://limitlesstcg.nyc3.cdn.digitaloceanspaces.com/tpci/DRI/DRI_002_R_EN_LG.png;No;Meta Live
Mega Venusaur;Yanmega ex;DRI 3;2;2;1;2,0;0,11;19;5,26;DRI;3;Double Rare;Stage 1;https://limitlesstcg.nyc3.cdn.digitaloceanspaces.com/tpci/DRI/DRI_003_R_EN_LG.png;No;Meta Live
Mega Venusaur;Relicanth;TEF 84;1;1;1;1,0;0,05;19;5,26;TEF;84;Rare;Basic;https://limitlesstcg.nyc3.cdn.digitaloceanspaces.com/tpci/TEF/TEF_084_R_EN_LG.png;No;Meta Live
Mega Venusaur;Secret Box;TWM 163;1;1;1;1,0;0,05;19;5,26;TWM;163;Ultra Rare;Item;https://limitlesstcg.nyc3.cdn.digitaloceanspaces.com/tpci/TWM/TWM_163_R_EN_LG.png;Yes;Meta Live
Mega Venusaur;Energy Recycler;DRI 164;1;1;1;1,0;0,05;19;5,26;DRI;164;Uncommon;Item;https://limitlesstcg.nyc3.cdn.digitaloceanspaces.com/tpci/DRI/DRI_164_R_EN_LG.png;No;Meta Live
Mega Venusaur;Growing Grass Energy;POR 86;2;2;1;2,0;0,11;19;5,26;POR;86;Rare;Special Energy;https://limitlesstcg.nyc3.cdn.digitaloceanspaces.com/tpci/POR/POR_086_R_EN_LG.png;No;Meta Live
Mega Venusaur;Colress's Tenacity;SFA 57;1;1;1;1,0;0,05;19;5,26;SFA;57;Uncommon;Supporter;https://limitlesstcg.nyc3.cdn.digitaloceanspaces.com/tpci/SFA/SFA_057_R_EN_LG.png;No;Meta Live
Mega Venusaur;Energy Search;POR 72;1;1;1;1,0;0,05;19;5,26;POR;72;Common;Item;https://limitlesstcg.nyc3.cdn.digitaloceanspaces.com/tpci/POR/POR_072_R_EN_LG.png;No;Meta Live
Mega Venusaur;Rare Candy;MEG 125;1;1;1;1,0;0,05;19;5,26;MEG;125;Common;Item;https://limitlesstcg.nyc3.cdn.digitaloceanspaces.com/tpci/MEG/MEG_125_R_EN_LG.png;No;Meta Live
Mega Venusaur;Energy Switch;MEG 115;1;1;1;1,0;0,05;19;5,26;MEG;115;Common;Item;https://limitlesstcg.nyc3.cdn.digitaloceanspaces.com/tpci/MEG/MEG_115_R_EN_LG.png;No;Meta Live
Mega Venusaur;Hero's Cape;TEF 152;1;1;1;1,0;0,05;19;5,26;TEF;152;Ultra Rare;Tool;https://limitlesstcg.nyc3.cdn.digitaloceanspaces.com/tpci/TEF/TEF_152_R_EN_LG.png;Yes;Meta Live
Mega Venusaur;Zarude;SSP 11;2;1;2;1,0;0,11;19;10,53;SSP;11;Rare;Basic;https://limitlesstcg.nyc3.cdn.digitaloceanspaces.com/tpci/SSP/SSP_011_R_EN_LG.png;No;Meta Live
Mega Venusaur;Exeggcute;30C 1;2;2;1;2,0;0,11;19;5,26;30C;1;Common;Basic;https://limitlesstcg.nyc3.cdn.digitaloceanspaces.com/tpci/30C/30C_001_R_EN_LG.png;No;Meta Live
Mega Venusaur;Alolan Exeggutor;30C 2;1;1;1;1,0;0,05;19;5,26;30C;2;Common;Stage 1;https://limitlesstcg.nyc3.cdn.digitaloceanspaces.com/tpci/30C/30C_002_R_EN_LG.png;No;Meta Live
Mega Venusaur;Grand Tree;SCR 136;1;1;1;1,0;0,05;19;5,26;SCR;136;Ultra Rare;Stadium;https://limitlesstcg.nyc3.cdn.digitaloceanspaces.com/tpci/SCR/SCR_136_R_EN_LG.png;Yes;Meta Live
Mega Venusaur;Jirachi ex;30C 102;1;1;1;1,0;0,05;19;5,26;30C;102;Double Rare;Basic;https://limitlesstcg.nyc3.cdn.digitaloceanspaces.com/tpci/30C/30C_102_R_EN_LG.png;No;Meta Live
Starmie Dusknoir;Snorunt;ASC 46;25;3;13;1,92;1,32;19;68,42;ASC;46;Common;Basic;https://limitlesstcg.nyc3.cdn.digitaloceanspaces.com/tpci/ASC/ASC_046_R_EN_LG.png;No;Meta Live
Starmie Dusknoir;Mega Froslass ex;ASC 47;20;2;13;1,54;1,05;19;68,42;ASC;47;Double Rare;Stage 1;https://limitlesstcg.nyc3.cdn.digitaloceanspaces.com/tpci/ASC/ASC_047_R_EN_LG.png;No;Meta Live
Starmie Dusknoir;Duskull;PRE 35;47;4;19;2,47;2,47;19;100,0;PRE;35;Common;Basic;https://limitlesstcg.nyc3.cdn.digitaloceanspaces.com/tpci/PRE/PRE_035_R_EN_LG.png;No;Meta Live
Starmie Dusknoir;Dusclops;PRE 36;44;4;19;2,32;2,32;19;100,0;PRE;36;Common;Stage 1;https://limitlesstcg.nyc3.cdn.digitaloceanspaces.com/tpci/PRE/PRE_036_R_EN_LG.png;No;Meta Live
Starmie Dusknoir;Dusknoir;PRE 37;30;3;19;1,58;1,58;19;100,0;PRE;37;Rare;Stage 2;https://limitlesstcg.nyc3.cdn.digitaloceanspaces.com/tpci/PRE/PRE_037_R_EN_LG.png;No;Meta Live
Starmie Dusknoir;Staryu;POR 20;52;4;19;2,74;2,74;19;100,0;POR;20;Common;Basic;https://limitlesstcg.nyc3.cdn.digitaloceanspaces.com/tpci/POR/POR_020_R_EN_LG.png;No;Meta Live
Starmie Dusknoir;Mega Starmie ex;POR 21;41;3;19;2,16;2,16;19;100,0;POR;21;Double Rare;Stage 1;https://limitlesstcg.nyc3.cdn.digitaloceanspaces.com/tpci/POR/POR_021_R_EN_LG.png;No;Meta Live
Starmie Dusknoir;Budew;ASC 16;23;2;17;1,35;1,21;19;89,47;ASC;16;Common;Basic;https://limitlesstcg.nyc3.cdn.digitaloceanspaces.com/tpci/ASC/ASC_016_R_EN_LG.png;No;Meta Live
Starmie Dusknoir;Munkidori;TWM 95;12;2;9;1,33;0,63;19;47,37;TWM;95;Rare;Basic;https://limitlesstcg.nyc3.cdn.digitaloceanspaces.com/tpci/TWM/TWM_095_R_EN_LG.png;No;Meta Live
Starmie Dusknoir;Fezandipiti ex;ASC 142;12;1;12;1,0;0,63;19;63,16;ASC;142;Double Rare;Basic;https://limitlesstcg.nyc3.cdn.digitaloceanspaces.com/tpci/ASC/ASC_142_R_EN_LG.png;No;Meta Live
Starmie Dusknoir;Meowth ex;POR 62;19;2;17;1,12;1,0;19;89,47;POR;62;Double Rare;Basic;https://limitlesstcg.nyc3.cdn.digitaloceanspaces.com/tpci/POR/POR_062_R_EN_LG.png;No;Meta Live
Starmie Dusknoir;Lillie's Determination;MEG 119;71;4;19;3,74;3,74;19;100,0;MEG;119;Uncommon;Supporter;https://limitlesstcg.nyc3.cdn.digitaloceanspaces.com/tpci/MEG/MEG_119_R_EN_LG.png;No;Meta Live
Starmie Dusknoir;Boss's Orders;MEG 114;43;3;19;2,26;2,26;19;100,0;MEG;114;Uncommon;Supporter;https://limitlesstcg.nyc3.cdn.digitaloceanspaces.com/tpci/MEG/MEG_114_R_EN_LG.png;No;Meta Live
Starmie Dusknoir;Hilda;WHT 84;55;4;19;2,89;2,89;19;100,0;WHT;84;Uncommon;Supporter;https://limitlesstcg.nyc3.cdn.digitaloceanspaces.com/tpci/WHT/WHT_084_R_EN_LG.png;No;Meta Live
Starmie Dusknoir;Salvatore;TEF 160;15;3;8;1,88;0,79;19;42,11;TEF;160;Uncommon;Supporter;https://limitlesstcg.nyc3.cdn.digitaloceanspaces.com/tpci/TEF/TEF_160_R_EN_LG.png;No;Meta Live
Starmie Dusknoir;Crispin;SCR 133;7;2;6;1,17;0,37;19;31,58;SCR;133;Uncommon;Supporter;https://limitlesstcg.nyc3.cdn.digitaloceanspaces.com/tpci/SCR/SCR_133_R_EN_LG.png;No;Meta Live
Starmie Dusknoir;Poké Pad;POR 81;70;4;19;3,68;3,68;19;100,0;POR;81;Uncommon;Item;https://limitlesstcg.nyc3.cdn.digitaloceanspaces.com/tpci/POR/POR_081_R_EN_LG.png;No;Meta Live
Starmie Dusknoir;Buddy-Buddy Poffin;TEF 144;73;4;19;3,84;3,84;19;100,0;TEF;144;Uncommon;Item;https://limitlesstcg.nyc3.cdn.digitaloceanspaces.com/tpci/TEF/TEF_144_R_EN_LG.png;No;Meta Live
Starmie Dusknoir;Ultra Ball;MEG 131;63;4;17;3,71;3,32;19;89,47;MEG;131;Common;Item;https://limitlesstcg.nyc3.cdn.digitaloceanspaces.com/tpci/MEG/MEG_131_R_EN_LG.png;No;Meta Live
Starmie Dusknoir;Night Stretcher;ASC 196;38;3;18;2,11;2,0;19;94,74;ASC;196;Common;Item;https://limitlesstcg.nyc3.cdn.digitaloceanspaces.com/tpci/ASC/ASC_196_R_EN_LG.png;No;Meta Live
Starmie Dusknoir;Prime Catcher;TEF 157;7;1;7;1,0;0,37;19;36,84;TEF;157;Ultra Rare;Item;https://limitlesstcg.nyc3.cdn.digitaloceanspaces.com/tpci/TEF/TEF_157_R_EN_LG.png;Yes;Meta Live
Starmie Dusknoir;Special Red Card;CRI 82;15;2;14;1,07;0,79;19;73,68;CRI;82;Uncommon;Item;https://limitlesstcg.nyc3.cdn.digitaloceanspaces.com/tpci/CRI/CRI_082_R_EN_LG.png;No;Meta Live
Starmie Dusknoir;Surfing Beach;MEG 129;14;2;8;1,75;0,74;19;42,11;MEG;129;Uncommon;Stadium;https://limitlesstcg.nyc3.cdn.digitaloceanspaces.com/tpci/MEG/MEG_129_R_EN_LG.png;No;Meta Live
Starmie Dusknoir;Team Rocket's Watchtower;DRI 180;7;2;6;1,17;0,37;19;31,58;DRI;180;Uncommon;Stadium;https://limitlesstcg.nyc3.cdn.digitaloceanspaces.com/tpci/DRI/DRI_180_R_EN_LG.png;No;Meta Live
Starmie Dusknoir;Water Energy;MEE 3;81;7;19;4,26;4,26;19;100,0;MEE;3;;Basic Energy;https://limitlesstcg.nyc3.cdn.digitaloceanspaces.com/tpci/MEE/MEE_003_R_EN_LG.png;No;Meta Live
Starmie Dusknoir;Ignition Energy;WHT 86;39;3;18;2,17;2,05;19;94,74;WHT;86;Uncommon;Special Energy;https://limitlesstcg.nyc3.cdn.digitaloceanspaces.com/tpci/WHT/WHT_086_R_EN_LG.png;No;Meta Live
Starmie Dusknoir;Darkness Energy;MEE 7;15;2;8;1,88;0,79;19;42,11;MEE;7;;Basic Energy;https://limitlesstcg.nyc3.cdn.digitaloceanspaces.com/tpci/MEE/MEE_007_R_EN_LG.png;No;Meta Live
Starmie Dusknoir;Froslass;TWM 53;1;1;1;1,0;0,05;19;5,26;TWM;53;Rare;Stage 1;https://limitlesstcg.nyc3.cdn.digitaloceanspaces.com/tpci/TWM/TWM_053_R_EN_LG.png;No;Meta Live
Starmie Dusknoir;Judge;POR 76;7;2;6;1,17;0,37;19;31,58;POR;76;Uncommon;Supporter;https://limitlesstcg.nyc3.cdn.digitaloceanspaces.com/tpci/POR/POR_076_R_EN_LG.png;No;Meta Live
Starmie Dusknoir;Tool Scrapper;ASC 212;1;1;1;1,0;0,05;19;5,26;ASC;212;Common;Item;https://limitlesstcg.nyc3.cdn.digitaloceanspaces.com/tpci/ASC/ASC_212_R_EN_LG.png;No;Meta Live
Starmie Dusknoir;Unfair Stamp;TWM 165;3;1;3;1,0;0,16;19;15,79;TWM;165;Ultra Rare;Item;https://limitlesstcg.nyc3.cdn.digitaloceanspaces.com/tpci/TWM/TWM_165_R_EN_LG.png;Yes;Meta Live
Starmie Dusknoir;Switch;MEG 130;5;1;5;1,0;0,26;19;26,32;MEG;130;Common;Item;https://limitlesstcg.nyc3.cdn.digitaloceanspaces.com/tpci/MEG/MEG_130_R_EN_LG.png;No;Meta Live
Starmie Dusknoir;Handheld Fan;TWM 150;1;1;1;1,0;0,05;19;5,26;TWM;150;Uncommon;Tool;https://limitlesstcg.nyc3.cdn.digitaloceanspaces.com/tpci/TWM/TWM_150_R_EN_LG.png;No;Meta Live
Starmie Dusknoir;Risky Ruins;MEG 127;23;3;10;2,3;1,21;19;52,63;MEG;127;Uncommon;Stadium;https://limitlesstcg.nyc3.cdn.digitaloceanspaces.com/tpci/MEG/MEG_127_R_EN_LG.png;No;Meta Live
Starmie Dusknoir;Bubbly Water Energy;CRI 84;23;4;11;2,09;1,21;19;57,89;CRI;84;Rare;Special Energy;https://limitlesstcg.nyc3.cdn.digitaloceanspaces.com/tpci/CRI/CRI_084_R_EN_LG.png;No;Meta Live
Starmie Dusknoir;Wally's Compassion;MEG 132;13;3;8;1,62;0,68;19;42,11;MEG;132;Uncommon;Supporter;https://limitlesstcg.nyc3.cdn.digitaloceanspaces.com/tpci/MEG/MEG_132_R_EN_LG.png;No;Meta Live
Starmie Dusknoir;Crushing Hammer;POR 71;6;3;2;3,0;0,32;19;10,53;POR;71;Common;Item;https://limitlesstcg.nyc3.cdn.digitaloceanspaces.com/tpci/POR/POR_071_R_EN_LG.png;No;Meta Live
Starmie Dusknoir;Air Balloon;ASC 181;2;1;2;1,0;0,11;19;10,53;ASC;181;Uncommon;Tool;https://limitlesstcg.nyc3.cdn.digitaloceanspaces.com/tpci/ASC/ASC_181_R_EN_LG.png;No;Meta Live
Starmie Dusknoir;Team Rocket's Zubat;DRI 120;9;3;3;3,0;0,47;19;15,79;DRI;120;Common;Basic;https://limitlesstcg.nyc3.cdn.digitaloceanspaces.com/tpci/DRI/DRI_120_R_EN_LG.png;No;Meta Live
Starmie Dusknoir;Team Rocket's Golbat;DRI 121;9;3;3;3,0;0,47;19;15,79;DRI;121;Uncommon;Stage 1;https://limitlesstcg.nyc3.cdn.digitaloceanspaces.com/tpci/DRI/DRI_121_R_EN_LG.png;No;Meta Live
Starmie Dusknoir;Team Rocket's Crobat ex;DRI 122;6;2;3;2,0;0,32;19;15,79;DRI;122;Double Rare;Stage 2;https://limitlesstcg.nyc3.cdn.digitaloceanspaces.com/tpci/DRI/DRI_122_R_EN_LG.png;No;Meta Live
Starmie Dusknoir;Team Rocket's Articuno;DRI 51;3;1;3;1,0;0,16;19;15,79;DRI;51;Rare;Basic;https://limitlesstcg.nyc3.cdn.digitaloceanspaces.com/tpci/DRI/DRI_051_R_EN_LG.png;No;Meta Live
Starmie Dusknoir;Lillie's Clefairy ex;JTG 56;1;1;1;1,0;0,05;19;5,26;JTG;56;Double Rare;Basic;https://limitlesstcg.nyc3.cdn.digitaloceanspaces.com/tpci/JTG/JTG_056_R_EN_LG.png;No;Meta Live
Starmie Dusknoir;Team Rocket's Mimikyu;DRI 87;3;1;3;1,0;0,16;19;15,79;DRI;87;Uncommon;Basic;https://limitlesstcg.nyc3.cdn.digitaloceanspaces.com/tpci/DRI/DRI_087_R_EN_LG.png;No;Meta Live
Starmie Dusknoir;Team Rocket's Sneasel;DRI 128;2;1;2;1,0;0,11;19;10,53;DRI;128;Rare;Basic;https://limitlesstcg.nyc3.cdn.digitaloceanspaces.com/tpci/DRI/DRI_128_R_EN_LG.png;No;Meta Live
Starmie Dusknoir;Pokégear 3.0;SVI 186;19;3;8;2,38;1,0;19;42,11;SVI;186;Common;Item;https://limitlesstcg.nyc3.cdn.digitaloceanspaces.com/tpci/SVI/SVI_186_R_EN_LG.png;No;Meta Live
Starmie Dusknoir;Team Rocket's Energy;DRI 182;8;3;3;2,67;0,42;19;15,79;DRI;182;Uncommon;Special Energy;https://limitlesstcg.nyc3.cdn.digitaloceanspaces.com/tpci/DRI/DRI_182_R_EN_LG.png;No;Meta Live
Starmie Dusknoir;Legacy Energy;TWM 167;6;1;6;1,0;0,32;19;31,58;TWM;167;Ultra Rare;Special Energy;https://limitlesstcg.nyc3.cdn.digitaloceanspaces.com/tpci/TWM/TWM_167_R_EN_LG.png;Yes;Meta Live
Starmie Dusknoir;Dunsparce;JTG 120;5;3;2;2,5;0,26;19;10,53;JTG;120;Common;Basic;https://limitlesstcg.nyc3.cdn.digitaloceanspaces.com/tpci/JTG/JTG_120_R_EN_LG.png;No;Meta Live
Starmie Dusknoir;Dudunsparce;TEF 129;3;2;2;1,5;0,16;19;10,53;TEF;129;Rare;Stage 1;https://limitlesstcg.nyc3.cdn.digitaloceanspaces.com/tpci/TEF/TEF_129_R_EN_LG.png;No;Meta Live
Starmie Dusknoir;Patrat;CRI 70;1;1;1;1,0;0,05;19;5,26;CRI;70;Common;Basic;https://limitlesstcg.nyc3.cdn.digitaloceanspaces.com/tpci/CRI/CRI_070_R_EN_LG.png;No;Meta Live
Starmie Dusknoir;Volcanion;POR 25;1;1;1;1,0;0,05;19;5,26;POR;25;Uncommon;Basic;https://limitlesstcg.nyc3.cdn.digitaloceanspaces.com/tpci/POR/POR_025_R_EN_LG.png;No;Meta Live
Starmie Dusknoir;Team Rocket's Petrel;DRI 176;7;3;4;1,75;0,37;19;21,05;DRI;176;Uncommon;Supporter;https://limitlesstcg.nyc3.cdn.digitaloceanspaces.com/tpci/DRI/DRI_176_R_EN_LG.png;No;Meta Live
Starmie Dusknoir;Mega Signal;MEG 121;2;2;1;2,0;0,11;19;5,26;MEG;121;Uncommon;Item;https://limitlesstcg.nyc3.cdn.digitaloceanspaces.com/tpci/MEG/MEG_121_R_EN_LG.png;No;Meta Live
Starmie Dusknoir;Hero's Cape;TEF 152;1;1;1;1,0;0,05;19;5,26;TEF;152;Ultra Rare;Tool;https://limitlesstcg.nyc3.cdn.digitaloceanspaces.com/tpci/TEF/TEF_152_R_EN_LG.png;Yes;Meta Live
Starmie Dusknoir;Battle Cage;PFL 85;2;2;1;2,0;0,11;19;5,26;PFL;85;Uncommon;Stadium;https://limitlesstcg.nyc3.cdn.digitaloceanspaces.com/tpci/PFL/PFL_085_R_EN_LG.png;No;Meta Live
Starmie Dusknoir;Bloodmoon Ursaluna ex;TWM 141;2;1;2;1,0;0,11;19;10,53;TWM;141;Double Rare;Basic;https://limitlesstcg.nyc3.cdn.digitaloceanspaces.com/tpci/TWM/TWM_141_R_EN_LG.png;No;Meta Live
Starmie Dusknoir;Latias ex;SSP 76;3;1;3;1,0;0,16;19;15,79;SSP;76;Double Rare;Basic;https://limitlesstcg.nyc3.cdn.digitaloceanspaces.com/tpci/SSP/SSP_076_R_EN_LG.png;No;Meta Live
Starmie Dusknoir;Prism Energy;ASC 216;2;2;1;2,0;0,11;19;5,26;ASC;216;Uncommon;Special Energy;https://limitlesstcg.nyc3.cdn.digitaloceanspaces.com/tpci/ASC/ASC_216_R_EN_LG.png;No;Meta Live
Starmie Dusknoir;Rare Candy;MEG 125;6;3;3;2,0;0,32;19;15,79;MEG;125;Common;Item;https://limitlesstcg.nyc3.cdn.digitaloceanspaces.com/tpci/MEG/MEG_125_R_EN_LG.png;No;Meta Live
Starmie Dusknoir;Energy Search;POR 72;1;1;1;1,0;0,05;19;5,26;POR;72;Common;Item;https://limitlesstcg.nyc3.cdn.digitaloceanspaces.com/tpci/POR/POR_072_R_EN_LG.png;No;Meta Live
Starmie Dusknoir;Nighttime Mine;ASC 197;1;1;1;1,0;0,05;19;5,26;ASC;197;Uncommon;Stadium;https://limitlesstcg.nyc3.cdn.digitaloceanspaces.com/tpci/ASC/ASC_197_R_EN_LG.png;No;Meta Live
Starmie Dusknoir;Wellspring Mask Ogerpon ex;TWM 64;2;1;2;1,0;0,11;19;10,53;TWM;64;Double Rare;Basic;https://limitlesstcg.nyc3.cdn.digitaloceanspaces.com/tpci/TWM/TWM_064_R_EN_LG.png;No;Meta Live
Starmie Dusknoir;Dawn;PFL 87;4;2;2;2,0;0,21;19;10,53;PFL;87;Uncommon;Supporter;https://limitlesstcg.nyc3.cdn.digitaloceanspaces.com/tpci/PFL/PFL_087_R_EN_LG.png;No;Meta Live
Starmie Dusknoir;Dudunsparce ex;JTG 121;1;1;1;1,0;0,05;19;5,26;JTG;121;Double Rare;Stage 1;https://limitlesstcg.nyc3.cdn.digitaloceanspaces.com/tpci/JTG/JTG_121_R_EN_LG.png;No;Meta Live
Starmie Dusknoir;Xerosic's Machinations;SFA 64;2;1;2;1,0;0,11;19;10,53;SFA;64;Uncommon;Supporter;https://limitlesstcg.nyc3.cdn.digitaloceanspaces.com/tpci/SFA/SFA_064_R_EN_LG.png;No;Meta Live
Starmie Dusknoir;Lana's Aid;TWM 155;1;1;1;1,0;0,05;19;5,26;TWM;155;Uncommon;Supporter;https://limitlesstcg.nyc3.cdn.digitaloceanspaces.com/tpci/TWM/TWM_155_R_EN_LG.png;No;Meta Live
Starmie Dusknoir;Maximum Belt;TEF 154;1;1;1;1,0;0,05;19;5,26;TEF;154;Ultra Rare;Tool;https://limitlesstcg.nyc3.cdn.digitaloceanspaces.com/tpci/TEF/TEF_154_R_EN_LG.png;Yes;Meta Live
Starmie Dusknoir;Shaymin;DRI 10;1;1;1;1,0;0,05;19;5,26;DRI;10;Uncommon;Basic;https://limitlesstcg.nyc3.cdn.digitaloceanspaces.com/tpci/DRI/DRI_010_R_EN_LG.png;No;Meta Live
Starmie Dusknoir;Carmine;TWM 145;1;1;1;1,0;0,05;19;5,26;TWM;145;Uncommon;Supporter;https://limitlesstcg.nyc3.cdn.digitaloceanspaces.com/tpci/TWM/TWM_145_R_EN_LG.png;No;Meta Live
Starmie Dusknoir;Scoop Up Cyclone;TWM 162;1;1;1;1,0;0,05;19;5,26;TWM;162;Ultra Rare;Item;https://limitlesstcg.nyc3.cdn.digitaloceanspaces.com/tpci/TWM/TWM_162_R_EN_LG.png;Yes;Meta Live
Clefairy Ogerpon;Mega Kangaskhan ex;MEG 104;64;4;20;3,2;3,2;20;100,0;MEG;104;Double Rare;Basic;https://limitlesstcg.nyc3.cdn.digitaloceanspaces.com/tpci/MEG/MEG_104_R_EN_LG.png;No;Meta Live
Clefairy Ogerpon;Lillie's Clefairy ex;JTG 56;60;3;20;3,0;3,0;20;100,0;JTG;56;Double Rare;Basic;https://limitlesstcg.nyc3.cdn.digitaloceanspaces.com/tpci/JTG/JTG_056_R_EN_LG.png;No;Meta Live
Clefairy Ogerpon;Meowth ex;POR 62;56;3;20;2,8;2,8;20;100,0;POR;62;Double Rare;Basic;https://limitlesstcg.nyc3.cdn.digitaloceanspaces.com/tpci/POR/POR_062_R_EN_LG.png;No;Meta Live
Clefairy Ogerpon;Teal Mask Ogerpon ex;TWM 25;48;3;20;2,4;2,4;20;100,0;TWM;25;Double Rare;Basic;https://limitlesstcg.nyc3.cdn.digitaloceanspaces.com/tpci/TWM/TWM_025_R_EN_LG.png;No;Meta Live
Clefairy Ogerpon;Latias ex;SSP 76;40;2;20;2,0;2,0;20;100,0;SSP;76;Double Rare;Basic;https://limitlesstcg.nyc3.cdn.digitaloceanspaces.com/tpci/SSP/SSP_076_R_EN_LG.png;No;Meta Live
Clefairy Ogerpon;Koraidon ex;ASC 121;4;1;4;1,0;0,2;20;20,0;ASC;121;Double Rare;Basic;https://limitlesstcg.nyc3.cdn.digitaloceanspaces.com/tpci/ASC/ASC_121_R_EN_LG.png;No;Meta Live
Clefairy Ogerpon;Wellspring Mask Ogerpon ex;TWM 64;18;2;17;1,06;0,9;20;85,0;TWM;64;Double Rare;Basic;https://limitlesstcg.nyc3.cdn.digitaloceanspaces.com/tpci/TWM/TWM_064_R_EN_LG.png;No;Meta Live
Clefairy Ogerpon;Fezandipiti ex;ASC 142;27;2;20;1,35;1,35;20;100,0;ASC;142;Double Rare;Basic;https://limitlesstcg.nyc3.cdn.digitaloceanspaces.com/tpci/ASC/ASC_142_R_EN_LG.png;No;Meta Live
Clefairy Ogerpon;Iron Leaves ex;TEF 25;19;1;19;1,0;0,95;20;95,0;TEF;25;Double Rare;Basic;https://limitlesstcg.nyc3.cdn.digitaloceanspaces.com/tpci/TEF/TEF_025_R_EN_LG.png;No;Meta Live
Clefairy Ogerpon;Paldean Tauros;SSP 18;13;1;13;1,0;0,65;20;65,0;SSP;18;Uncommon;Basic;https://limitlesstcg.nyc3.cdn.digitaloceanspaces.com/tpci/SSP/SSP_018_R_EN_LG.png;No;Meta Live
Clefairy Ogerpon;Chien-Pao;SSP 56;20;1;20;1,0;1,0;20;100,0;SSP;56;Rare;Basic;https://limitlesstcg.nyc3.cdn.digitaloceanspaces.com/tpci/SSP/SSP_056_R_EN_LG.png;No;Meta Live
Clefairy Ogerpon;Crispin;SCR 133;62;4;20;3,1;3,1;20;100,0;SCR;133;Uncommon;Supporter;https://limitlesstcg.nyc3.cdn.digitaloceanspaces.com/tpci/SCR/SCR_133_R_EN_LG.png;No;Meta Live
Clefairy Ogerpon;Boss's Orders;MEG 114;47;3;20;2,35;2,35;20;100,0;MEG;114;Uncommon;Supporter;https://limitlesstcg.nyc3.cdn.digitaloceanspaces.com/tpci/MEG/MEG_114_R_EN_LG.png;No;Meta Live
Clefairy Ogerpon;Cyrano;SSP 170;35;3;20;1,75;1,75;20;100,0;SSP;170;Uncommon;Supporter;https://limitlesstcg.nyc3.cdn.digitaloceanspaces.com/tpci/SSP/SSP_170_R_EN_LG.png;No;Meta Live
Clefairy Ogerpon;Ciphermaniac's Codebreaking;TEF 145;18;2;16;1,12;0,9;20;80,0;TEF;145;Uncommon;Supporter;https://limitlesstcg.nyc3.cdn.digitaloceanspaces.com/tpci/TEF/TEF_145_R_EN_LG.png;No;Meta Live
Clefairy Ogerpon;Lillie's Determination;MEG 119;18;3;10;1,8;0,9;20;50,0;MEG;119;Uncommon;Supporter;https://limitlesstcg.nyc3.cdn.digitaloceanspaces.com/tpci/MEG/MEG_119_R_EN_LG.png;No;Meta Live
Clefairy Ogerpon;Ultra Ball;MEG 131;80;4;20;4,0;4,0;20;100,0;MEG;131;Common;Item;https://limitlesstcg.nyc3.cdn.digitaloceanspaces.com/tpci/MEG/MEG_131_R_EN_LG.png;No;Meta Live
Clefairy Ogerpon;Energy Switch;MEG 115;79;4;20;3,95;3,95;20;100,0;MEG;115;Common;Item;https://limitlesstcg.nyc3.cdn.digitaloceanspaces.com/tpci/MEG/MEG_115_R_EN_LG.png;No;Meta Live
Clefairy Ogerpon;Unfair Stamp;TWM 165;18;1;18;1,0;0,9;20;90,0;TWM;165;Ultra Rare;Item;https://limitlesstcg.nyc3.cdn.digitaloceanspaces.com/tpci/TWM/TWM_165_R_EN_LG.png;Yes;Meta Live
Clefairy Ogerpon;Special Red Card;CRI 82;14;1;14;1,0;0,7;20;70,0;CRI;82;Uncommon;Item;https://limitlesstcg.nyc3.cdn.digitaloceanspaces.com/tpci/CRI/CRI_082_R_EN_LG.png;No;Meta Live
Clefairy Ogerpon;Night Stretcher;ASC 196;25;2;20;1,25;1,25;20;100,0;ASC;196;Common;Item;https://limitlesstcg.nyc3.cdn.digitaloceanspaces.com/tpci/ASC/ASC_196_R_EN_LG.png;No;Meta Live
Clefairy Ogerpon;Lillie's Pearl;JTG 151;40;2;20;2,0;2,0;20;100,0;JTG;151;Uncommon;Tool;https://limitlesstcg.nyc3.cdn.digitaloceanspaces.com/tpci/JTG/JTG_151_R_EN_LG.png;No;Meta Live
Clefairy Ogerpon;Area Zero Underdepths;SCR 131;67;4;20;3,35;3,35;20;100,0;SCR;131;Uncommon;Stadium;https://limitlesstcg.nyc3.cdn.digitaloceanspaces.com/tpci/SCR/SCR_131_R_EN_LG.png;No;Meta Live
Clefairy Ogerpon;Grass Energy;MEE 9;112;6;20;5,6;5,6;20;100,0;MEE;9;;Basic Energy;;No;Meta Live
Clefairy Ogerpon;Telepathic Psychic Energy;POR 88;44;3;20;2,2;2,2;20;100,0;POR;88;Rare;Special Energy;https://limitlesstcg.nyc3.cdn.digitaloceanspaces.com/tpci/POR/POR_088_R_EN_LG.png;No;Meta Live
Clefairy Ogerpon;Psychic Energy;MEE 13;48;3;20;2,4;2,4;20;100,0;MEE;13;;Basic Energy;;No;Meta Live
Clefairy Ogerpon;Fighting Energy;MEE 14;15;1;15;1,0;0,75;20;75,0;MEE;14;;Basic Energy;;No;Meta Live
Clefairy Ogerpon;Fire Energy;MEE 10;10;1;10;1,0;0,5;20;50,0;MEE;10;;Basic Energy;;No;Meta Live
Clefairy Ogerpon;Prism Energy;ASC 216;15;3;7;2,14;0,75;20;35,0;ASC;216;Uncommon;Special Energy;https://limitlesstcg.nyc3.cdn.digitaloceanspaces.com/tpci/ASC/ASC_216_R_EN_LG.png;No;Meta Live
Clefairy Ogerpon;Water Energy;MEE 11;17;2;16;1,06;0,85;20;80,0;MEE;11;;Basic Energy;;No;Meta Live
Clefairy Ogerpon;Passimian;SSP 111;12;1;12;1,0;0,6;20;60,0;SSP;111;Uncommon;Basic;https://limitlesstcg.nyc3.cdn.digitaloceanspaces.com/tpci/SSP/SSP_111_R_EN_LG.png;No;Meta Live
Clefairy Ogerpon;Iron Crown ex;TEF 81;14;1;14;1,0;0,7;20;70,0;TEF;81;Double Rare;Basic;https://limitlesstcg.nyc3.cdn.digitaloceanspaces.com/tpci/TEF/TEF_081_R_EN_LG.png;No;Meta Live
Clefairy Ogerpon;Dusk Ball;SSP 175;18;4;9;2,0;0,9;20;45,0;SSP;175;Uncommon;Item;https://limitlesstcg.nyc3.cdn.digitaloceanspaces.com/tpci/SSP/SSP_175_R_EN_LG.png;No;Meta Live
Clefairy Ogerpon;Enamorus;TWM 93;2;1;2;1,0;0,1;20;10,0;TWM;93;Rare;Basic;https://limitlesstcg.nyc3.cdn.digitaloceanspaces.com/tpci/TWM/TWM_093_R_EN_LG.png;No;Meta Live
Clefairy Ogerpon;N's Plan;BLK 83;4;1;4;1,0;0,2;20;20,0;BLK;83;Uncommon;Supporter;https://limitlesstcg.nyc3.cdn.digitaloceanspaces.com/tpci/BLK/BLK_083_R_EN_LG.png;No;Meta Live
Clefairy Ogerpon;Bug Catching Set;TWM 143;8;2;4;2,0;0,4;20;20,0;TWM;143;Uncommon;Item;https://limitlesstcg.nyc3.cdn.digitaloceanspaces.com/tpci/TWM/TWM_143_R_EN_LG.png;No;Meta Live
Clefairy Ogerpon;Judge;POR 76;4;1;4;1,0;0,2;20;20,0;POR;76;Uncommon;Supporter;https://limitlesstcg.nyc3.cdn.digitaloceanspaces.com/tpci/POR/POR_076_R_EN_LG.png;No;Meta Live
Clefairy Ogerpon;Prime Catcher;TEF 157;2;1;2;1,0;0,1;20;10,0;TEF;157;Ultra Rare;Item;https://limitlesstcg.nyc3.cdn.digitaloceanspaces.com/tpci/TEF/TEF_157_R_EN_LG.png;Yes;Meta Live
Clefairy Ogerpon;Moltres;PFL 14;1;1;1;1,0;0,05;20;5,0;PFL;14;Rare;Basic;https://limitlesstcg.nyc3.cdn.digitaloceanspaces.com/tpci/PFL/PFL_014_R_EN_LG.png;No;Meta Live
Clefairy Ogerpon;Wondrous Patch;PFL 94;1;1;1;1,0;0,05;20;5,0;PFL;94;Uncommon;Item;https://limitlesstcg.nyc3.cdn.digitaloceanspaces.com/tpci/PFL/PFL_094_R_EN_LG.png;No;Meta Live
Clefairy Ogerpon;Team Rocket's Articuno;DRI 51;1;1;1;1,0;0,05;20;5,0;DRI;51;Rare;Basic;https://limitlesstcg.nyc3.cdn.digitaloceanspaces.com/tpci/DRI/DRI_051_R_EN_LG.png;No;Meta Live
Manectric Eelektrik;Electrike;MEG 49;62;4;20;3,1;3,1;20;100,0;MEG;49;Common;Basic;https://limitlesstcg.nyc3.cdn.digitaloceanspaces.com/tpci/MEG/MEG_049_R_EN_LG.png;No;Meta Live
Manectric Eelektrik;Mega Manectric ex;MEG 50;47;3;20;2,35;2,35;20;100,0;MEG;50;Double Rare;Stage 1;https://limitlesstcg.nyc3.cdn.digitaloceanspaces.com/tpci/MEG/MEG_050_R_EN_LG.png;No;Meta Live
Manectric Eelektrik;Manectric;PBL 24;21;2;18;1,17;1,05;20;90,0;PBL;24;Uncommon;Stage 1;https://limitlesstcg.nyc3.cdn.digitaloceanspaces.com/tpci/PBL/PBL_024_R_EN_LG.png;No;Meta Live
Manectric Eelektrik;Tynamo;ASC 59;66;4;20;3,3;3,3;20;100,0;ASC;59;Common;Basic;https://limitlesstcg.nyc3.cdn.digitaloceanspaces.com/tpci/ASC/ASC_059_R_EN_LG.png;No;Meta Live
Manectric Eelektrik;Eelektrik;ASC 60;58;4;20;2,9;2,9;20;100,0;ASC;60;Uncommon;Stage 1;https://limitlesstcg.nyc3.cdn.digitaloceanspaces.com/tpci/ASC/ASC_060_R_EN_LG.png;No;Meta Live
Manectric Eelektrik;Mega Eelektross ex;ASC 61;11;1;11;1,0;0,55;20;55,0;ASC;61;Double Rare;Stage 2;https://limitlesstcg.nyc3.cdn.digitaloceanspaces.com/tpci/ASC/ASC_061_R_EN_LG.png;No;Meta Live
Manectric Eelektrik;Iono's Wattrel;JTG 54;4;2;2;2,0;0,2;20;10,0;JTG;54;Common;Basic;https://limitlesstcg.nyc3.cdn.digitaloceanspaces.com/tpci/JTG/JTG_054_R_EN_LG.png;No;Meta Live
Manectric Eelektrik;Iono's Kilowattrel;JTG 55;4;2;2;2,0;0,2;20;10,0;JTG;55;Rare;Stage 1;https://limitlesstcg.nyc3.cdn.digitaloceanspaces.com/tpci/JTG/JTG_055_R_EN_LG.png;No;Meta Live
Manectric Eelektrik;Lillie's Determination;MEG 119;73;4;19;3,84;3,65;20;95,0;MEG;119;Uncommon;Supporter;https://limitlesstcg.nyc3.cdn.digitaloceanspaces.com/tpci/MEG/MEG_119_R_EN_LG.png;No;Meta Live
Manectric Eelektrik;Canari;ASC 185;51;4;20;2,55;2,55;20;100,0;ASC;185;Uncommon;Supporter;https://limitlesstcg.nyc3.cdn.digitaloceanspaces.com/tpci/ASC/ASC_185_R_EN_LG.png;No;Meta Live
Manectric Eelektrik;Hilda;WHT 84;24;3;12;2,0;1,2;20;60,0;WHT;84;Uncommon;Supporter;https://limitlesstcg.nyc3.cdn.digitaloceanspaces.com/tpci/WHT/WHT_084_R_EN_LG.png;No;Meta Live
Manectric Eelektrik;Boss's Orders;MEG 114;45;3;20;2,25;2,25;20;100,0;MEG;114;Uncommon;Supporter;https://limitlesstcg.nyc3.cdn.digitaloceanspaces.com/tpci/MEG/MEG_114_R_EN_LG.png;No;Meta Live
Manectric Eelektrik;Judge;POR 76;17;2;13;1,31;0,85;20;65,0;POR;76;Uncommon;Supporter;https://limitlesstcg.nyc3.cdn.digitaloceanspaces.com/tpci/POR/POR_076_R_EN_LG.png;No;Meta Live
Manectric Eelektrik;Buddy-Buddy Poffin;TEF 144;79;4;20;3,95;3,95;20;100,0;TEF;144;Uncommon;Item;https://limitlesstcg.nyc3.cdn.digitaloceanspaces.com/tpci/TEF/TEF_144_R_EN_LG.png;No;Meta Live
Manectric Eelektrik;Ultra Ball;MEG 131;66;4;20;3,3;3,3;20;100,0;MEG;131;Common;Item;https://limitlesstcg.nyc3.cdn.digitaloceanspaces.com/tpci/MEG/MEG_131_R_EN_LG.png;No;Meta Live
Manectric Eelektrik;Poké Pad;POR 81;34;3;12;2,83;1,7;20;60,0;POR;81;Uncommon;Item;https://limitlesstcg.nyc3.cdn.digitaloceanspaces.com/tpci/POR/POR_081_R_EN_LG.png;No;Meta Live
Manectric Eelektrik;Switch;MEG 130;23;2;17;1,35;1,15;20;85,0;MEG;130;Common;Item;https://limitlesstcg.nyc3.cdn.digitaloceanspaces.com/tpci/MEG/MEG_130_R_EN_LG.png;No;Meta Live
Manectric Eelektrik;Night Stretcher;ASC 196;26;2;19;1,37;1,3;20;95,0;ASC;196;Common;Item;https://limitlesstcg.nyc3.cdn.digitaloceanspaces.com/tpci/ASC/ASC_196_R_EN_LG.png;No;Meta Live
Manectric Eelektrik;Air Balloon;ASC 181;26;2;14;1,86;1,3;20;70,0;ASC;181;Uncommon;Tool;https://limitlesstcg.nyc3.cdn.digitaloceanspaces.com/tpci/ASC/ASC_181_R_EN_LG.png;No;Meta Live
Manectric Eelektrik;Hero's Cape;TEF 152;10;1;10;1,0;0,5;20;50,0;TEF;152;Ultra Rare;Tool;https://limitlesstcg.nyc3.cdn.digitaloceanspaces.com/tpci/TEF/TEF_152_R_EN_LG.png;Yes;Meta Live
Manectric Eelektrik;Battle Cage;PFL 85;41;4;15;2,73;2,05;20;75,0;PFL;85;Uncommon;Stadium;https://limitlesstcg.nyc3.cdn.digitaloceanspaces.com/tpci/PFL/PFL_085_R_EN_LG.png;No;Meta Live
Manectric Eelektrik;Levincia;JTG 150;1;1;1;1,0;0,05;20;5,0;JTG;150;Uncommon;Stadium;https://limitlesstcg.nyc3.cdn.digitaloceanspaces.com/tpci/JTG/JTG_150_R_EN_LG.png;No;Meta Live
Manectric Eelektrik;Lightning Energy;MEE 12;178;11;20;8,9;8,9;20;100,0;MEE;12;;Basic Energy;;No;Meta Live
Manectric Eelektrik;Voltaic Lightning Energy;PBL 84;50;4;18;2,78;2,5;20;90,0;PBL;84;Rare;Special Energy;https://limitlesstcg.nyc3.cdn.digitaloceanspaces.com/tpci/PBL/PBL_084_R_EN_LG.png;No;Meta Live
Manectric Eelektrik;Fezandipiti ex;ASC 142;12;2;11;1,09;0,6;20;55,0;ASC;142;Double Rare;Basic;https://limitlesstcg.nyc3.cdn.digitaloceanspaces.com/tpci/ASC/ASC_142_R_EN_LG.png;No;Meta Live
Manectric Eelektrik;Meowth ex;POR 62;11;1;11;1,0;0,55;20;55,0;POR;62;Double Rare;Basic;https://limitlesstcg.nyc3.cdn.digitaloceanspaces.com/tpci/POR/POR_062_R_EN_LG.png;No;Meta Live
Manectric Eelektrik;Zeraora;DRI 78;5;1;5;1,0;0,25;20;25,0;DRI;78;Rare;Basic;https://limitlesstcg.nyc3.cdn.digitaloceanspaces.com/tpci/DRI/DRI_078_R_EN_LG.png;No;Meta Live
Manectric Eelektrik;Mew ex;30C 66;11;2;7;1,57;0,55;20;35,0;30C;66;Double Rare;Basic;https://limitlesstcg.nyc3.cdn.digitaloceanspaces.com/tpci/30C/30C_066_R_EN_LG.png;No;Meta Live
Manectric Eelektrik;Explorer's Guidance;TEF 147;3;3;1;3,0;0,15;20;5,0;TEF;147;Uncommon;Supporter;https://limitlesstcg.nyc3.cdn.digitaloceanspaces.com/tpci/TEF/TEF_147_R_EN_LG.png;No;Meta Live
Manectric Eelektrik;AZ's Tranquility;CRI 76;1;1;1;1,0;0,05;20;5,0;CRI;76;Uncommon;Supporter;https://limitlesstcg.nyc3.cdn.digitaloceanspaces.com/tpci/CRI/CRI_076_R_EN_LG.png;No;Meta Live
Manectric Eelektrik;Special Red Card;CRI 82;11;2;10;1,1;0,55;20;50,0;CRI;82;Uncommon;Item;https://limitlesstcg.nyc3.cdn.digitaloceanspaces.com/tpci/CRI/CRI_082_R_EN_LG.png;No;Meta Live
Manectric Eelektrik;Shaymin;DRI 10;12;1;12;1,0;0,6;20;60,0;DRI;10;Uncommon;Basic;https://limitlesstcg.nyc3.cdn.digitaloceanspaces.com/tpci/DRI/DRI_010_R_EN_LG.png;No;Meta Live
Manectric Eelektrik;Xerosic's Machinations;SFA 64;3;2;2;1,5;0,15;20;10,0;SFA;64;Uncommon;Supporter;https://limitlesstcg.nyc3.cdn.digitaloceanspaces.com/tpci/SFA/SFA_064_R_EN_LG.png;No;Meta Live
Manectric Eelektrik;Waitress;ASC 215;7;2;4;1,75;0,35;20;20,0;ASC;215;Common;Supporter;https://limitlesstcg.nyc3.cdn.digitaloceanspaces.com/tpci/ASC/ASC_215_R_EN_LG.png;No;Meta Live
Manectric Eelektrik;Team Rocket's Petrel;DRI 176;15;4;12;1,25;0,75;20;60,0;DRI;176;Uncommon;Supporter;https://limitlesstcg.nyc3.cdn.digitaloceanspaces.com/tpci/DRI/DRI_176_R_EN_LG.png;No;Meta Live
Manectric Eelektrik;Secret Box;TWM 163;6;1;6;1,0;0,3;20;30,0;TWM;163;Ultra Rare;Item;https://limitlesstcg.nyc3.cdn.digitaloceanspaces.com/tpci/TWM/TWM_163_R_EN_LG.png;Yes;Meta Live
Manectric Eelektrik;Jumbo Ice Cream;PFL 91;1;1;1;1,0;0,05;20;5,0;PFL;91;Uncommon;Item;https://limitlesstcg.nyc3.cdn.digitaloceanspaces.com/tpci/PFL/PFL_091_R_EN_LG.png;No;Meta Live
Manectric Eelektrik;Tatsugiri;TWM 131;6;2;5;1,2;0,3;20;25,0;TWM;131;Uncommon;Basic;https://limitlesstcg.nyc3.cdn.digitaloceanspaces.com/tpci/TWM/TWM_131_R_EN_LG.png;No;Meta Live
Manectric Eelektrik;Iron Thorns ex;TWM 77;2;1;2;1,0;0,1;20;10,0;TWM;77;Double Rare;Basic;https://limitlesstcg.nyc3.cdn.digitaloceanspaces.com/tpci/TWM/TWM_077_R_EN_LG.png;No;Meta Live
Manectric Eelektrik;Psyduck;ASC 39;4;1;4;1,0;0,2;20;20,0;ASC;39;Common;Basic;https://limitlesstcg.nyc3.cdn.digitaloceanspaces.com/tpci/ASC/ASC_039_R_EN_LG.png;No;Meta Live
Manectric Eelektrik;Tool Scrapper;ASC 212;2;1;2;1,0;0,1;20;10,0;ASC;212;Common;Item;https://limitlesstcg.nyc3.cdn.digitaloceanspaces.com/tpci/ASC/ASC_212_R_EN_LG.png;No;Meta Live
Manectric Eelektrik;Wally's Compassion;MEG 132;8;2;7;1,14;0,4;20;35,0;MEG;132;Uncommon;Supporter;https://limitlesstcg.nyc3.cdn.digitaloceanspaces.com/tpci/MEG/MEG_132_R_EN_LG.png;No;Meta Live
Manectric Eelektrik;Energy Switch;MEG 115;2;1;2;1,0;0,1;20;10,0;MEG;115;Common;Item;https://limitlesstcg.nyc3.cdn.digitaloceanspaces.com/tpci/MEG/MEG_115_R_EN_LG.png;No;Meta Live
Manectric Eelektrik;Zekrom ex;BLK 34;3;1;3;1,0;0,15;20;15,0;BLK;34;Double Rare;Basic;https://limitlesstcg.nyc3.cdn.digitaloceanspaces.com/tpci/BLK/BLK_034_R_EN_LG.png;No;Meta Live
Manectric Eelektrik;Brilliant Blender;SSP 164;1;1;1;1,0;0,05;20;5,0;SSP;164;Ultra Rare;Item;https://limitlesstcg.nyc3.cdn.digitaloceanspaces.com/tpci/SSP/SSP_164_R_EN_LG.png;Yes;Meta Live
Manectric Eelektrik;Haban Berry;PRE 111;1;1;1;1,0;0,05;20;5,0;PRE;111;Common;Tool;https://limitlesstcg.nyc3.cdn.digitaloceanspaces.com/tpci/PRE/PRE_111_R_EN_LG.png;;Meta Live
Manectric Eelektrik;Payapa Berry;SCR 141;1;1;1;1,0;0,05;20;5,0;SCR;141;Uncommon;Tool;https://limitlesstcg.nyc3.cdn.digitaloceanspaces.com/tpci/SCR/SCR_141_R_EN_LG.png;;Meta Live
Manectric Eelektrik;Unfair Stamp;TWM 165;1;1;1;1,0;0,05;20;5,0;TWM;165;Ultra Rare;Item;https://limitlesstcg.nyc3.cdn.digitaloceanspaces.com/tpci/TWM/TWM_165_R_EN_LG.png;Yes;Meta Live
Manectric Eelektrik;Cinderace;MEG 28;4;4;1;4,0;0,2;20;5,0;MEG;28;Rare;Stage 2;https://limitlesstcg.nyc3.cdn.digitaloceanspaces.com/tpci/MEG/MEG_028_R_EN_LG.png;No;Meta Live
Manectric Eelektrik;Mega Zeraora ex;PBL 27;1;1;1;1,0;0,05;20;5,0;PBL;27;Double Rare;Basic;https://limitlesstcg.nyc3.cdn.digitaloceanspaces.com/tpci/PBL/PBL_027_R_EN_LG.png;No;Meta Live
Manectric Eelektrik;Naveen;POR 79;3;3;1;3,0;0,15;20;5,0;POR;79;Uncommon;Supporter;https://limitlesstcg.nyc3.cdn.digitaloceanspaces.com/tpci/POR/POR_079_R_EN_LG.png;No;Meta Live
Manectric Eelektrik;Maximum Belt;TEF 154;1;1;1;1,0;0,05;20;5,0;TEF;154;Ultra Rare;Tool;https://limitlesstcg.nyc3.cdn.digitaloceanspaces.com/tpci/TEF/TEF_154_R_EN_LG.png;Yes;Meta Live
Manectric Eelektrik;Prism Tower;CRI 80;2;2;1;2,0;0,1;20;5,0;CRI;80;Uncommon;Stadium;https://limitlesstcg.nyc3.cdn.digitaloceanspaces.com/tpci/CRI/CRI_080_R_EN_LG.png;No;Meta Live
Manectric Eelektrik;Iris's Fighting Spirit;JTG 149;4;2;2;2,0;0,2;20;10,0;JTG;149;Uncommon;Supporter;https://limitlesstcg.nyc3.cdn.digitaloceanspaces.com/tpci/JTG/JTG_149_R_EN_LG.png;No;Meta Live
Manectric Eelektrik;Carmine;TWM 145;4;2;2;2,0;0,2;20;10,0;TWM;145;Uncommon;Supporter;https://limitlesstcg.nyc3.cdn.digitaloceanspaces.com/tpci/TWM/TWM_145_R_EN_LG.png;No;Meta Live
Manectric Eelektrik;Energy Search;POR 72;2;1;2;1,0;0,1;20;10,0;POR;72;Common;Item;https://limitlesstcg.nyc3.cdn.digitaloceanspaces.com/tpci/POR/POR_072_R_EN_LG.png;No;Meta Live
Manectric Eelektrik;Gravity Mountain;SSP 177;4;2;2;2,0;0,2;20;10,0;SSP;177;Uncommon;Stadium;https://limitlesstcg.nyc3.cdn.digitaloceanspaces.com/tpci/SSP/SSP_177_R_EN_LG.png;No;Meta Live
Manectric Eelektrik;Dunsparce;TEF 128;4;2;2;2,0;0,2;20;10,0;TEF;128;Common;Basic;https://limitlesstcg.nyc3.cdn.digitaloceanspaces.com/tpci/TEF/TEF_128_R_EN_LG.png;No;Meta Live
Manectric Eelektrik;Dudunsparce;TEF 129;4;2;2;2,0;0,2;20;10,0;TEF;129;Rare;Stage 1;https://limitlesstcg.nyc3.cdn.digitaloceanspaces.com/tpci/TEF/TEF_129_R_EN_LG.png;No;Meta Live
Manectric Eelektrik;Joltik;SCR 50;2;1;2;1,0;0,1;20;10,0;SCR;50;Common;Basic;https://limitlesstcg.nyc3.cdn.digitaloceanspaces.com/tpci/SCR/SCR_050_R_EN_LG.png;No;Meta Live
Manectric Eelektrik;Stunfisk;ASC 62;2;1;2;1,0;0,1;20;10,0;ASC;62;Common;Basic;https://limitlesstcg.nyc3.cdn.digitaloceanspaces.com/tpci/ASC/ASC_062_R_EN_LG.png;No;Meta Live
Manectric Eelektrik;Surfer;SSP 187;2;2;1;2,0;0,1;20;5,0;SSP;187;Uncommon;Supporter;https://limitlesstcg.nyc3.cdn.digitaloceanspaces.com/tpci/SSP/SSP_187_R_EN_LG.png;No;Meta Live
Manectric Eelektrik;Pokégear 3.0;SVI 186;2;2;1;2,0;0,1;20;5,0;SVI;186;Common;Item;https://limitlesstcg.nyc3.cdn.digitaloceanspaces.com/tpci/SVI/SVI_186_R_EN_LG.png;No;Meta Live
Manectric Eelektrik;Prime Catcher;TEF 157;1;1;1;1,0;0,05;20;5,0;TEF;157;Ultra Rare;Item;https://limitlesstcg.nyc3.cdn.digitaloceanspaces.com/tpci/TEF/TEF_157_R_EN_LG.png;Yes;Meta Live
Manectric Eelektrik;Team Rocket's Watchtower;DRI 180;5;3;2;2,5;0,25;20;10,0;DRI;180;Uncommon;Stadium;https://limitlesstcg.nyc3.cdn.digitaloceanspaces.com/tpci/DRI/DRI_180_R_EN_LG.png;No;Meta Live
Manectric Eelektrik;N's Zorua;JTG 97;2;2;1;2,0;0,1;20;5,0;JTG;97;Common;Basic;https://limitlesstcg.nyc3.cdn.digitaloceanspaces.com/tpci/JTG/JTG_097_R_EN_LG.png;No;Meta Live
Manectric Eelektrik;N's Zoroark ex;JTG 98;2;2;1;2,0;0,1;20;5,0;JTG;98;Double Rare;Stage 1;https://limitlesstcg.nyc3.cdn.digitaloceanspaces.com/tpci/JTG/JTG_098_R_EN_LG.png;No;Meta Live
Manectric Eelektrik;Buneary;PFL 83;1;1;1;1,0;0,05;20;5,0;PFL;83;Common;Basic;https://limitlesstcg.nyc3.cdn.digitaloceanspaces.com/tpci/PFL/PFL_083_R_EN_LG.png;No;Meta Live
Manectric Eelektrik;Mega Lopunny ex;PFL 84;1;1;1;1,0;0,05;20;5,0;PFL;84;Double Rare;Stage 1;https://limitlesstcg.nyc3.cdn.digitaloceanspaces.com/tpci/PFL/PFL_084_R_EN_LG.png;No;Meta Live
Manectric Eelektrik;Powerglass;SFA 63;1;1;1;1,0;0,05;20;5,0;SFA;63;Uncommon;Tool;https://limitlesstcg.nyc3.cdn.digitaloceanspaces.com/tpci/SFA/SFA_063_R_EN_LG.png;No;Meta Live
Mega Darkrai;Cinderace;MEG 28;10;4;3;3,33;0,5;20;15,0;MEG;28;Rare;Stage 2;https://limitlesstcg.nyc3.cdn.digitaloceanspaces.com/tpci/MEG/MEG_028_R_EN_LG.png;No;Meta Live
Mega Darkrai;Carvanha;PFL 60;4;2;2;2,0;0,2;20;10,0;PFL;60;Common;Basic;https://limitlesstcg.nyc3.cdn.digitaloceanspaces.com/tpci/PFL/PFL_060_R_EN_LG.png;No;Meta Live
Mega Darkrai;Mega Sharpedo ex;PFL 61;4;2;2;2,0;0,2;20;10,0;PFL;61;Double Rare;Stage 1;https://limitlesstcg.nyc3.cdn.digitaloceanspaces.com/tpci/PFL/PFL_061_R_EN_LG.png;No;Meta Live
Mega Darkrai;Toxel;PFL 67;26;2;13;2,0;1,3;20;65,0;PFL;67;Common;Basic;https://limitlesstcg.nyc3.cdn.digitaloceanspaces.com/tpci/PFL/PFL_067_R_EN_LG.png;No;Meta Live
Mega Darkrai;Toxtricity;PFL 68;26;2;13;2,0;1,3;20;65,0;PFL;68;Rare;Stage 1;https://limitlesstcg.nyc3.cdn.digitaloceanspaces.com/tpci/PFL/PFL_068_R_EN_LG.png;No;Meta Live
Mega Darkrai;Mega Darkrai ex;PBL 48;56;3;20;2,8;2,8;20;100,0;PBL;48;Double Rare;Basic;https://limitlesstcg.nyc3.cdn.digitaloceanspaces.com/tpci/PBL/PBL_048_R_EN_LG.png;No;Meta Live
Mega Darkrai;Yveltal ex;POR 53;2;1;2;1,0;0,1;20;10,0;POR;53;Double Rare;Basic;https://limitlesstcg.nyc3.cdn.digitaloceanspaces.com/tpci/POR/POR_053_R_EN_LG.png;No;Meta Live
Mega Darkrai;Fezandipiti ex;ASC 142;12;1;12;1,0;0,6;20;60,0;ASC;142;Double Rare;Basic;https://limitlesstcg.nyc3.cdn.digitaloceanspaces.com/tpci/ASC/ASC_142_R_EN_LG.png;No;Meta Live
Mega Darkrai;Morpeko ex;PBL 55;2;1;2;1,0;0,1;20;10,0;PBL;55;Double Rare;Basic;https://limitlesstcg.nyc3.cdn.digitaloceanspaces.com/tpci/PBL/PBL_055_R_EN_LG.png;No;Meta Live
Mega Darkrai;Latias ex;SSP 76;30;2;17;1,76;1,5;20;85,0;SSP;76;Double Rare;Basic;https://limitlesstcg.nyc3.cdn.digitaloceanspaces.com/tpci/SSP/SSP_076_R_EN_LG.png;No;Meta Live
Mega Darkrai;Pecharunt ex;SFA 39;24;2;20;1,2;1,2;20;100,0;SFA;39;Double Rare;Basic;https://limitlesstcg.nyc3.cdn.digitaloceanspaces.com/tpci/SFA/SFA_039_R_EN_LG.png;No;Meta Live
Mega Darkrai;Mega Absol ex;MEG 86;2;1;2;1,0;0,1;20;10,0;MEG;86;Double Rare;Basic;https://limitlesstcg.nyc3.cdn.digitaloceanspaces.com/tpci/MEG/MEG_086_R_EN_LG.png;No;Meta Live
Mega Darkrai;Volcanion ex;JTG 31;15;1;15;1,0;0,75;20;75,0;JTG;31;Double Rare;Basic;https://limitlesstcg.nyc3.cdn.digitaloceanspaces.com/tpci/JTG/JTG_031_R_EN_LG.png;No;Meta Live
Mega Darkrai;Psyduck;ASC 39;2;1;2;1,0;0,1;20;10,0;ASC;39;Common;Basic;https://limitlesstcg.nyc3.cdn.digitaloceanspaces.com/tpci/ASC/ASC_039_R_EN_LG.png;No;Meta Live
Mega Darkrai;Lillie's Determination;MEG 119;50;4;19;2,63;2,5;20;95,0;MEG;119;Uncommon;Supporter;https://limitlesstcg.nyc3.cdn.digitaloceanspaces.com/tpci/MEG/MEG_119_R_EN_LG.png;No;Meta Live
Mega Darkrai;Boss's Orders;MEG 114;45;3;20;2,25;2,25;20;100,0;MEG;114;Uncommon;Supporter;https://limitlesstcg.nyc3.cdn.digitaloceanspaces.com/tpci/MEG/MEG_114_R_EN_LG.png;No;Meta Live
Mega Darkrai;Janine's Secret Art;PRE 112;68;4;19;3,58;3,4;20;95,0;PRE;112;Uncommon;Supporter;https://limitlesstcg.nyc3.cdn.digitaloceanspaces.com/tpci/PRE/PRE_112_R_EN_LG.png;No;Meta Live
Mega Darkrai;Cyrano;SSP 170;21;3;9;2,33;1,05;20;45,0;SSP;170;Uncommon;Supporter;https://limitlesstcg.nyc3.cdn.digitaloceanspaces.com/tpci/SSP/SSP_170_R_EN_LG.png;No;Meta Live
Mega Darkrai;Lisia's Appeal;SSP 179;7;1;7;1,0;0,35;20;35,0;SSP;179;Uncommon;Supporter;https://limitlesstcg.nyc3.cdn.digitaloceanspaces.com/tpci/SSP/SSP_179_R_EN_LG.png;No;Meta Live
Mega Darkrai;Xerosic's Machinations;SFA 64;5;1;5;1,0;0,25;20;25,0;SFA;64;Uncommon;Supporter;https://limitlesstcg.nyc3.cdn.digitaloceanspaces.com/tpci/SFA/SFA_064_R_EN_LG.png;No;Meta Live
Mega Darkrai;Enhanced Hammer;TWM 148;15;4;7;2,14;0,75;20;35,0;TWM;148;Uncommon;Item;https://limitlesstcg.nyc3.cdn.digitaloceanspaces.com/tpci/TWM/TWM_148_R_EN_LG.png;No;Meta Live
Mega Darkrai;Dark Bell;PBL 75;58;4;20;2,9;2,9;20;100,0;PBL;75;Uncommon;Item;https://limitlesstcg.nyc3.cdn.digitaloceanspaces.com/tpci/PBL/PBL_075_R_EN_LG.png;No;Meta Live
Mega Darkrai;Night Stretcher;ASC 196;39;3;19;2,05;1,95;20;95,0;ASC;196;Common;Item;https://limitlesstcg.nyc3.cdn.digitaloceanspaces.com/tpci/ASC/ASC_196_R_EN_LG.png;No;Meta Live
Mega Darkrai;Energy Retrieval;SVI 171;2;1;2;1,0;0,1;20;10,0;SVI;171;Common;Item;https://limitlesstcg.nyc3.cdn.digitaloceanspaces.com/tpci/SVI/SVI_171_R_EN_LG.png;No;Meta Live
Mega Darkrai;Megaton Blower;SSP 182;2;1;2;1,0;0,1;20;10,0;SSP;182;Ultra Rare;Item;https://limitlesstcg.nyc3.cdn.digitaloceanspaces.com/tpci/SSP/SSP_182_R_EN_LG.png;Yes;Meta Live
Mega Darkrai;Special Red Card;CRI 82;19;1;19;1,0;0,95;20;95,0;CRI;82;Uncommon;Item;https://limitlesstcg.nyc3.cdn.digitaloceanspaces.com/tpci/CRI/CRI_082_R_EN_LG.png;No;Meta Live
Mega Darkrai;Switch;MEG 130;3;1;3;1,0;0,15;20;15,0;MEG;130;Common;Item;https://limitlesstcg.nyc3.cdn.digitaloceanspaces.com/tpci/MEG/MEG_130_R_EN_LG.png;No;Meta Live
Mega Darkrai;Binding Mochi;PRE 95;23;2;13;1,77;1,15;20;65,0;PRE;95;Uncommon;Tool;https://limitlesstcg.nyc3.cdn.digitaloceanspaces.com/tpci/PRE/PRE_095_R_EN_LG.png;No;Meta Live
Mega Darkrai;Air Balloon;ASC 181;2;1;2;1,0;0,1;20;10,0;ASC;181;Uncommon;Tool;https://limitlesstcg.nyc3.cdn.digitaloceanspaces.com/tpci/ASC/ASC_181_R_EN_LG.png;No;Meta Live
Mega Darkrai;Battle Cage;PFL 85;7;2;4;1,75;0,35;20;20,0;PFL;85;Uncommon;Stadium;https://limitlesstcg.nyc3.cdn.digitaloceanspaces.com/tpci/PFL/PFL_085_R_EN_LG.png;No;Meta Live
Mega Darkrai;Jamming Tower;TWM 153;1;1;1;1,0;0,05;20;5,0;TWM;153;Uncommon;Stadium;https://limitlesstcg.nyc3.cdn.digitaloceanspaces.com/tpci/TWM/TWM_153_R_EN_LG.png;No;Meta Live
Mega Darkrai;Darkness Energy;MEE 15;183;12;20;9,15;9,15;20;100,0;MEE;15;;Basic Energy;;No;Meta Live
Mega Darkrai;Shadowy Darkness Energy;PBL 83;11;3;6;1,83;0,55;20;30,0;PBL;83;Rare;Special Energy;https://limitlesstcg.nyc3.cdn.digitaloceanspaces.com/tpci/PBL/PBL_083_R_EN_LG.png;No;Meta Live
Mega Darkrai;Mega Kangaskhan ex;MEG 104;31;3;15;2,07;1,55;20;75,0;MEG;104;Double Rare;Basic;https://limitlesstcg.nyc3.cdn.digitaloceanspaces.com/tpci/MEG/MEG_104_R_EN_LG.png;No;Meta Live
Mega Darkrai;Meowth ex;POR 62;27;2;14;1,93;1,35;20;70,0;POR;62;Double Rare;Basic;https://limitlesstcg.nyc3.cdn.digitaloceanspaces.com/tpci/POR/POR_062_R_EN_LG.png;No;Meta Live
Mega Darkrai;Moltres;PFL 14;1;1;1;1,0;0,05;20;5,0;PFL;14;Rare;Basic;https://limitlesstcg.nyc3.cdn.digitaloceanspaces.com/tpci/PFL/PFL_014_R_EN_LG.png;No;Meta Live
Mega Darkrai;N's Plan;BLK 83;4;2;2;2,0;0,2;20;10,0;BLK;83;Uncommon;Supporter;https://limitlesstcg.nyc3.cdn.digitaloceanspaces.com/tpci/BLK/BLK_083_R_EN_LG.png;No;Meta Live
Mega Darkrai;Team Rocket's Petrel;DRI 176;15;4;7;2,14;0,75;20;35,0;DRI;176;Uncommon;Supporter;https://limitlesstcg.nyc3.cdn.digitaloceanspaces.com/tpci/DRI/DRI_176_R_EN_LG.png;No;Meta Live
Mega Darkrai;Ciphermaniac's Codebreaking;TEF 145;6;2;3;2,0;0,3;20;15,0;TEF;145;Uncommon;Supporter;https://limitlesstcg.nyc3.cdn.digitaloceanspaces.com/tpci/TEF/TEF_145_R_EN_LG.png;No;Meta Live
Mega Darkrai;Wally's Compassion;MEG 132;2;1;2;1,0;0,1;20;10,0;MEG;132;Uncommon;Supporter;https://limitlesstcg.nyc3.cdn.digitaloceanspaces.com/tpci/MEG/MEG_132_R_EN_LG.png;No;Meta Live
Mega Darkrai;Energy Switch;MEG 115;48;4;17;2,82;2,4;20;85,0;MEG;115;Common;Item;https://limitlesstcg.nyc3.cdn.digitaloceanspaces.com/tpci/MEG/MEG_115_R_EN_LG.png;No;Meta Live
Mega Darkrai;Ultra Ball;MEG 131;48;4;16;3,0;2,4;20;80,0;MEG;131;Common;Item;https://limitlesstcg.nyc3.cdn.digitaloceanspaces.com/tpci/MEG/MEG_131_R_EN_LG.png;No;Meta Live
Mega Darkrai;Precious Trolley;SSP 185;3;1;3;1,0;0,15;20;15,0;SSP;185;Ultra Rare;Item;https://limitlesstcg.nyc3.cdn.digitaloceanspaces.com/tpci/SSP/SSP_185_R_EN_LG.png;Yes;Meta Live
Mega Darkrai;Lively Stadium;SSP 180;19;3;13;1,46;0,95;20;65,0;SSP;180;Uncommon;Stadium;https://limitlesstcg.nyc3.cdn.digitaloceanspaces.com/tpci/SSP/SSP_180_R_EN_LG.png;No;Meta Live
Mega Darkrai;Prism Energy;ASC 216;13;3;9;1,44;0,65;20;45,0;ASC;216;Uncommon;Special Energy;https://limitlesstcg.nyc3.cdn.digitaloceanspaces.com/tpci/ASC/ASC_216_R_EN_LG.png;No;Meta Live
Mega Darkrai;Gastly;PFL 54;5;3;2;2,5;0,25;20;10,0;PFL;54;Common;Basic;https://limitlesstcg.nyc3.cdn.digitaloceanspaces.com/tpci/PFL/PFL_054_R_EN_LG.png;No;Meta Live
Mega Darkrai;Haunter;PFL 55;2;1;2;1,0;0,1;20;10,0;PFL;55;Uncommon;Stage 1;https://limitlesstcg.nyc3.cdn.digitaloceanspaces.com/tpci/PFL/PFL_055_R_EN_LG.png;No;Meta Live
Mega Darkrai;Mega Gengar ex;PFL 56;4;2;2;2,0;0,2;20;10,0;PFL;56;Double Rare;Stage 2;https://limitlesstcg.nyc3.cdn.digitaloceanspaces.com/tpci/PFL/PFL_056_R_EN_LG.png;No;Meta Live
Mega Darkrai;N's Zorua;JTG 97;1;1;1;1,0;0,05;20;5,0;JTG;97;Common;Basic;https://limitlesstcg.nyc3.cdn.digitaloceanspaces.com/tpci/JTG/JTG_097_R_EN_LG.png;No;Meta Live
Mega Darkrai;N's Zoroark ex;JTG 98;1;1;1;1,0;0,05;20;5,0;JTG;98;Double Rare;Stage 1;https://limitlesstcg.nyc3.cdn.digitaloceanspaces.com/tpci/JTG/JTG_098_R_EN_LG.png;No;Meta Live
Mega Darkrai;Munkidori;TWM 95;5;2;4;1,25;0,25;20;20,0;TWM;95;Rare;Basic;https://limitlesstcg.nyc3.cdn.digitaloceanspaces.com/tpci/TWM/TWM_095_R_EN_LG.png;No;Meta Live
Mega Darkrai;N's Reshiram;JTG 116;1;1;1;1,0;0,05;20;5,0;JTG;116;Rare;Basic;https://limitlesstcg.nyc3.cdn.digitaloceanspaces.com/tpci/JTG/JTG_116_R_EN_LG.png;No;Meta Live
Mega Darkrai;Pecharunt;ASC 143;4;3;2;2,0;0,2;20;10,0;ASC;143;Rare;Basic;https://limitlesstcg.nyc3.cdn.digitaloceanspaces.com/tpci/ASC/ASC_143_R_EN_LG.png;No;Meta Live
Mega Darkrai;Hilda;WHT 84;2;1;2;1,0;0,1;20;10,0;WHT;84;Uncommon;Supporter;https://limitlesstcg.nyc3.cdn.digitaloceanspaces.com/tpci/WHT/WHT_084_R_EN_LG.png;No;Meta Live
Mega Darkrai;Buddy-Buddy Poffin;TEF 144;4;2;2;2,0;0,2;20;10,0;TEF;144;Uncommon;Item;https://limitlesstcg.nyc3.cdn.digitaloceanspaces.com/tpci/TEF/TEF_144_R_EN_LG.png;No;Meta Live
Mega Darkrai;Rare Candy;MEG 125;4;2;2;2,0;0,2;20;10,0;MEG;125;Common;Item;https://limitlesstcg.nyc3.cdn.digitaloceanspaces.com/tpci/MEG/MEG_125_R_EN_LG.png;No;Meta Live
Mega Darkrai;Energy Recycler;DRI 164;2;1;2;1,0;0,1;20;10,0;DRI;164;Uncommon;Item;https://limitlesstcg.nyc3.cdn.digitaloceanspaces.com/tpci/DRI/DRI_164_R_EN_LG.png;No;Meta Live
Mega Darkrai;Poké Pad;POR 81;18;2;10;1,8;0,9;20;50,0;POR;81;Uncommon;Item;https://limitlesstcg.nyc3.cdn.digitaloceanspaces.com/tpci/POR/POR_081_R_EN_LG.png;No;Meta Live
Mega Darkrai;Team Rocket's Factory;DRI 173;3;1;3;1,0;0,15;20;15,0;DRI;173;Uncommon;Stadium;https://limitlesstcg.nyc3.cdn.digitaloceanspaces.com/tpci/DRI/DRI_173_R_EN_LG.png;No;Meta Live
Mega Darkrai;Legacy Energy;TWM 167;5;1;5;1,0;0,25;20;25,0;TWM;167;Ultra Rare;Special Energy;https://limitlesstcg.nyc3.cdn.digitaloceanspaces.com/tpci/TWM/TWM_167_R_EN_LG.png;Yes;Meta Live
Mega Darkrai;Bloodmoon Ursaluna ex;TWM 141;4;1;4;1,0;0,2;20;20,0;TWM;141;Double Rare;Basic;https://limitlesstcg.nyc3.cdn.digitaloceanspaces.com/tpci/TWM/TWM_141_R_EN_LG.png;No;Meta Live
Mega Darkrai;Pokégear 3.0;SVI 186;10;3;4;2,5;0,5;20;20,0;SVI;186;Common;Item;https://limitlesstcg.nyc3.cdn.digitaloceanspaces.com/tpci/SVI/SVI_186_R_EN_LG.png;No;Meta Live
Mega Darkrai;Mega Signal;MEG 121;9;2;6;1,5;0,45;20;30,0;MEG;121;Uncommon;Item;https://limitlesstcg.nyc3.cdn.digitaloceanspaces.com/tpci/MEG/MEG_121_R_EN_LG.png;No;Meta Live
Mega Darkrai;Crispin;SCR 133;19;3;10;1,9;0,95;20;50,0;SCR;133;Uncommon;Supporter;https://limitlesstcg.nyc3.cdn.digitaloceanspaces.com/tpci/SCR/SCR_133_R_EN_LG.png;No;Meta Live
Mega Darkrai;Energy Search;POR 72;3;2;2;1,5;0,15;20;10,0;POR;72;Common;Item;https://limitlesstcg.nyc3.cdn.digitaloceanspaces.com/tpci/POR/POR_072_R_EN_LG.png;No;Meta Live
Mega Darkrai;Fire Energy;MEE 2;32;4;9;3,56;1,6;20;45,0;MEE;2;;Basic Energy;https://limitlesstcg.nyc3.cdn.digitaloceanspaces.com/tpci/MEE/MEE_002_R_EN_LG.png;No;Meta Live
Mega Darkrai;Gengar ex;30C 90;2;2;1;2,0;0,1;20;5,0;30C;90;Double Rare;Stage 2;https://limitlesstcg.nyc3.cdn.digitaloceanspaces.com/tpci/30C/30C_090_R_EN_LG.png;No;Meta Live
Mega Darkrai;Yveltal;MEG 88;1;1;1;1,0;0,05;20;5,0;MEG;88;Rare;Basic;https://limitlesstcg.nyc3.cdn.digitaloceanspaces.com/tpci/MEG/MEG_088_R_EN_LG.png;No;Meta Live
Mega Darkrai;Grimsley's Move;PFL 90;1;1;1;1,0;0,05;20;5,0;PFL;90;Uncommon;Supporter;https://limitlesstcg.nyc3.cdn.digitaloceanspaces.com/tpci/PFL/PFL_090_R_EN_LG.png;No;Meta Live
Mega Darkrai;Team Rocket's Watchtower;DRI 180;3;2;2;1,5;0,15;20;10,0;DRI;180;Uncommon;Stadium;https://limitlesstcg.nyc3.cdn.digitaloceanspaces.com/tpci/DRI/DRI_180_R_EN_LG.png;No;Meta Live
Mega Darkrai;Tool Scrapper;ASC 212;2;2;1;2,0;0,1;20;5,0;ASC;212;Common;Item;https://limitlesstcg.nyc3.cdn.digitaloceanspaces.com/tpci/ASC/ASC_212_R_EN_LG.png;No;Meta Live
Mega Darkrai;Jumbo Ice Cream;PFL 91;7;4;4;1,75;0,35;20;20,0;PFL;91;Uncommon;Item;https://limitlesstcg.nyc3.cdn.digitaloceanspaces.com/tpci/PFL/PFL_091_R_EN_LG.png;No;Meta Live
Mega Darkrai;Mist Energy;TEF 161;2;2;1;2,0;0,1;20;5,0;TEF;161;Uncommon;Special Energy;https://limitlesstcg.nyc3.cdn.digitaloceanspaces.com/tpci/TEF/TEF_161_R_EN_LG.png;No;Meta Live
Mega Darkrai;Team Rocket's Articuno;DRI 51;1;1;1;1,0;0,05;20;5,0;DRI;51;Rare;Basic;https://limitlesstcg.nyc3.cdn.digitaloceanspaces.com/tpci/DRI/DRI_051_R_EN_LG.png;No;Meta Live
Mega Darkrai;Shaymin;DRI 10;1;1;1;1,0;0,05;20;5,0;DRI;10;Uncommon;Basic;https://limitlesstcg.nyc3.cdn.digitaloceanspaces.com/tpci/DRI/DRI_010_R_EN_LG.png;No;Meta Live
Mega Darkrai;Crushing Hammer;POR 71;4;4;1;4,0;0,2;20;5,0;POR;71;Common;Item;https://limitlesstcg.nyc3.cdn.digitaloceanspaces.com/tpci/POR/POR_071_R_EN_LG.png;No;Meta Live
Mega Darkrai;Team Rocket's Transceiver;DRI 178;4;4;1;4,0;0,2;20;5,0;DRI;178;Uncommon;Item;https://limitlesstcg.nyc3.cdn.digitaloceanspaces.com/tpci/DRI/DRI_178_R_EN_LG.png;No;Meta Live
Mega Darkrai;Handheld Fan;TWM 150;1;1;1;1,0;0,05;20;5,0;TWM;150;Uncommon;Tool;https://limitlesstcg.nyc3.cdn.digitaloceanspaces.com/tpci/TWM/TWM_150_R_EN_LG.png;No;Meta Live
Mega Darkrai;Dangerous Laser;SFA 58;8;1;8;1,0;0,4;20;40,0;SFA;58;Ultra Rare;Item;https://limitlesstcg.nyc3.cdn.digitaloceanspaces.com/tpci/SFA/SFA_058_R_EN_LG.png;Yes;Meta Live
Mega Darkrai;Risky Ruins;MEG 127;18;2;9;2,0;0,9;20;45,0;MEG;127;Uncommon;Stadium;https://limitlesstcg.nyc3.cdn.digitaloceanspaces.com/tpci/MEG/MEG_127_R_EN_LG.png;No;Meta Live
Mega Darkrai;Seviper;PFL 62;2;1;2;1,0;0,1;20;10,0;PFL;62;Uncommon;Basic;https://limitlesstcg.nyc3.cdn.digitaloceanspaces.com/tpci/PFL/PFL_062_R_EN_LG.png;No;Meta Live
Mega Darkrai;Flutter Mane;TEF 78;1;1;1;1,0;0,05;20;5,0;TEF;78;Rare;Basic;https://limitlesstcg.nyc3.cdn.digitaloceanspaces.com/tpci/TEF/TEF_078_R_EN_LG.png;No;Meta Live
Mega Darkrai;Hero's Cape;TEF 152;1;1;1;1,0;0,05;20;5,0;TEF;152;Ultra Rare;Tool;https://limitlesstcg.nyc3.cdn.digitaloceanspaces.com/tpci/TEF/TEF_152_R_EN_LG.png;Yes;Meta Live
Mega Darkrai;Nighttime Mine;ASC 197;2;2;1;2,0;0,1;20;5,0;ASC;197;Uncommon;Stadium;https://limitlesstcg.nyc3.cdn.digitaloceanspaces.com/tpci/ASC/ASC_197_R_EN_LG.png;No;Meta Live
Mega Darkrai;Psychic Energy;MEE 13;3;3;1;3,0;0,15;20;5,0;MEE;13;;Basic Energy;;No;Meta Live
Mega Darkrai;Okidogi ex;SFA 36;1;1;1;1,0;0,05;20;5,0;SFA;36;Double Rare;Basic;https://limitlesstcg.nyc3.cdn.digitaloceanspaces.com/tpci/SFA/SFA_036_R_EN_LG.png;No;Meta Live
Mega Darkrai;AZ's Tranquility;CRI 76;2;2;1;2,0;0,1;20;5,0;CRI;76;Uncommon;Supporter;https://limitlesstcg.nyc3.cdn.digitaloceanspaces.com/tpci/CRI/CRI_076_R_EN_LG.png;No;Meta Live
Mega Darkrai;Judge;POR 76;1;1;1;1,0;0,05;20;5,0;POR;76;Uncommon;Supporter;https://limitlesstcg.nyc3.cdn.digitaloceanspaces.com/tpci/POR/POR_076_R_EN_LG.png;No;Meta Live
Mega Darkrai;Scoop Up Cyclone;TWM 162;1;1;1;1,0;0,05;20;5,0;TWM;162;Ultra Rare;Item;https://limitlesstcg.nyc3.cdn.digitaloceanspaces.com/tpci/TWM/TWM_162_R_EN_LG.png;Yes;Meta Live
Kangaskhan Bouffalant;Mega Kangaskhan ex;MEG 104;71;4;20;3,55;3,55;20;100,0;MEG;104;Double Rare;Basic;https://limitlesstcg.nyc3.cdn.digitaloceanspaces.com/tpci/MEG/MEG_104_R_EN_LG.png;No;Meta Live
Kangaskhan Bouffalant;Munkidori;TWM 95;44;4;18;2,44;2,2;20;90,0;TWM;95;Rare;Basic;https://limitlesstcg.nyc3.cdn.digitaloceanspaces.com/tpci/TWM/TWM_095_R_EN_LG.png;No;Meta Live
Kangaskhan Bouffalant;Bouffalant;SCR 119;61;4;20;3,05;3,05;20;100,0;SCR;119;Rare;Basic;https://limitlesstcg.nyc3.cdn.digitaloceanspaces.com/tpci/SCR/SCR_119_R_EN_LG.png;No;Meta Live
Kangaskhan Bouffalant;Psyduck;ASC 39;13;1;13;1,0;0,65;20;65,0;ASC;39;Common;Basic;https://limitlesstcg.nyc3.cdn.digitaloceanspaces.com/tpci/ASC/ASC_039_R_EN_LG.png;No;Meta Live
Kangaskhan Bouffalant;Crispin;SCR 133;57;4;19;3,0;2,85;20;95,0;SCR;133;Uncommon;Supporter;https://limitlesstcg.nyc3.cdn.digitaloceanspaces.com/tpci/SCR/SCR_133_R_EN_LG.png;No;Meta Live
Kangaskhan Bouffalant;Lillie's Determination;MEG 119;48;4;14;3,43;2,4;20;70,0;MEG;119;Uncommon;Supporter;https://limitlesstcg.nyc3.cdn.digitaloceanspaces.com/tpci/MEG/MEG_119_R_EN_LG.png;No;Meta Live
Kangaskhan Bouffalant;Boss's Orders;MEG 114;60;4;20;3,0;3,0;20;100,0;MEG;114;Uncommon;Supporter;https://limitlesstcg.nyc3.cdn.digitaloceanspaces.com/tpci/MEG/MEG_114_R_EN_LG.png;No;Meta Live
Kangaskhan Bouffalant;Team Rocket's Petrel;DRI 176;47;4;15;3,13;2,35;20;75,0;DRI;176;Uncommon;Supporter;https://limitlesstcg.nyc3.cdn.digitaloceanspaces.com/tpci/DRI/DRI_176_R_EN_LG.png;No;Meta Live
Kangaskhan Bouffalant;Ciphermaniac's Codebreaking;TEF 145;32;4;16;2,0;1,6;20;80,0;TEF;145;Uncommon;Supporter;https://limitlesstcg.nyc3.cdn.digitaloceanspaces.com/tpci/TEF/TEF_145_R_EN_LG.png;No;Meta Live
Kangaskhan Bouffalant;AZ's Tranquility;CRI 76;16;2;13;1,23;0,8;20;65,0;CRI;76;Uncommon;Supporter;https://limitlesstcg.nyc3.cdn.digitaloceanspaces.com/tpci/CRI/CRI_076_R_EN_LG.png;No;Meta Live
Kangaskhan Bouffalant;Jumbo Ice Cream;PFL 91;73;4;19;3,84;3,65;20;95,0;PFL;91;Uncommon;Item;https://limitlesstcg.nyc3.cdn.digitaloceanspaces.com/tpci/PFL/PFL_091_R_EN_LG.png;No;Meta Live
Kangaskhan Bouffalant;Night Stretcher;ASC 196;34;3;19;1,79;1,7;20;95,0;ASC;196;Common;Item;https://limitlesstcg.nyc3.cdn.digitaloceanspaces.com/tpci/ASC/ASC_196_R_EN_LG.png;No;Meta Live
Kangaskhan Bouffalant;Ultra Ball;MEG 131;42;4;19;2,21;2,1;20;95,0;MEG;131;Common;Item;https://limitlesstcg.nyc3.cdn.digitaloceanspaces.com/tpci/MEG/MEG_131_R_EN_LG.png;No;Meta Live
Kangaskhan Bouffalant;Pokégear 3.0;SVI 186;40;4;15;2,67;2,0;20;75,0;SVI;186;Common;Item;https://limitlesstcg.nyc3.cdn.digitaloceanspaces.com/tpci/SVI/SVI_186_R_EN_LG.png;No;Meta Live
Kangaskhan Bouffalant;Poké Pad;POR 81;33;4;16;2,06;1,65;20;80,0;POR;81;Uncommon;Item;https://limitlesstcg.nyc3.cdn.digitaloceanspaces.com/tpci/POR/POR_081_R_EN_LG.png;No;Meta Live
Kangaskhan Bouffalant;Energy Switch;MEG 115;15;4;11;1,36;0,75;20;55,0;MEG;115;Common;Item;https://limitlesstcg.nyc3.cdn.digitaloceanspaces.com/tpci/MEG/MEG_115_R_EN_LG.png;No;Meta Live
Kangaskhan Bouffalant;Switch;MEG 130;16;2;13;1,23;0,8;20;65,0;MEG;130;Common;Item;https://limitlesstcg.nyc3.cdn.digitaloceanspaces.com/tpci/MEG/MEG_130_R_EN_LG.png;No;Meta Live
Kangaskhan Bouffalant;Poké Vital A;SFA 62;2;1;2;1,0;0,1;20;10,0;SFA;62;Ultra Rare;Item;https://limitlesstcg.nyc3.cdn.digitaloceanspaces.com/tpci/SFA/SFA_062_R_EN_LG.png;Yes;Meta Live
Kangaskhan Bouffalant;Special Red Card;CRI 82;11;2;10;1,1;0,55;20;50,0;CRI;82;Uncommon;Item;https://limitlesstcg.nyc3.cdn.digitaloceanspaces.com/tpci/CRI/CRI_082_R_EN_LG.png;No;Meta Live
Kangaskhan Bouffalant;Handheld Fan;TWM 150;6;2;4;1,5;0,3;20;20,0;TWM;150;Uncommon;Tool;https://limitlesstcg.nyc3.cdn.digitaloceanspaces.com/tpci/TWM/TWM_150_R_EN_LG.png;No;Meta Live
Kangaskhan Bouffalant;Air Balloon;ASC 181;10;2;9;1,11;0,5;20;45,0;ASC;181;Uncommon;Tool;https://limitlesstcg.nyc3.cdn.digitaloceanspaces.com/tpci/ASC/ASC_181_R_EN_LG.png;No;Meta Live
Kangaskhan Bouffalant;Lumiose City;POR 77;30;4;10;3,0;1,5;20;50,0;POR;77;Uncommon;Stadium;https://limitlesstcg.nyc3.cdn.digitaloceanspaces.com/tpci/POR/POR_077_R_EN_LG.png;No;Meta Live
Kangaskhan Bouffalant;Mist Energy;TEF 161;53;4;16;3,31;2,65;20;80,0;TEF;161;Uncommon;Special Energy;https://limitlesstcg.nyc3.cdn.digitaloceanspaces.com/tpci/TEF/TEF_161_R_EN_LG.png;No;Meta Live
Kangaskhan Bouffalant;Psychic Energy;MEE 5;62;6;15;4,13;3,1;20;75,0;MEE;5;;Basic Energy;https://limitlesstcg.nyc3.cdn.digitaloceanspaces.com/tpci/MEE/MEE_005_R_EN_LG.png;No;Meta Live
Kangaskhan Bouffalant;Darkness Energy;MEE 15;59;4;18;3,28;2,95;20;90,0;MEE;15;;Basic Energy;;No;Meta Live
Kangaskhan Bouffalant;Lana's Aid;TWM 155;6;1;6;1,0;0,3;20;30,0;TWM;155;Uncommon;Supporter;https://limitlesstcg.nyc3.cdn.digitaloceanspaces.com/tpci/TWM/TWM_155_R_EN_LG.png;No;Meta Live
Kangaskhan Bouffalant;Hero's Cape;TEF 152;11;1;11;1,0;0,55;20;55,0;TEF;152;Ultra Rare;Tool;https://limitlesstcg.nyc3.cdn.digitaloceanspaces.com/tpci/TEF/TEF_152_R_EN_LG.png;Yes;Meta Live
Kangaskhan Bouffalant;Joltik;SCR 50;8;2;4;2,0;0,4;20;20,0;SCR;50;Common;Basic;https://limitlesstcg.nyc3.cdn.digitaloceanspaces.com/tpci/SCR/SCR_050_R_EN_LG.png;No;Meta Live
Kangaskhan Bouffalant;Galvantula;SFA 2;4;1;4;1,0;0,2;20;20,0;SFA;2;Uncommon;Stage 1;https://limitlesstcg.nyc3.cdn.digitaloceanspaces.com/tpci/SFA/SFA_002_R_EN_LG.png;No;Meta Live
Kangaskhan Bouffalant;Latias ex;SSP 76;20;2;12;1,67;1,0;20;60,0;SSP;76;Double Rare;Basic;https://limitlesstcg.nyc3.cdn.digitaloceanspaces.com/tpci/SSP/SSP_076_R_EN_LG.png;No;Meta Live
Kangaskhan Bouffalant;Bloodmoon Ursaluna ex;TWM 141;4;1;4;1,0;0,2;20;20,0;TWM;141;Double Rare;Basic;https://limitlesstcg.nyc3.cdn.digitaloceanspaces.com/tpci/TWM/TWM_141_R_EN_LG.png;No;Meta Live
Kangaskhan Bouffalant;Team Rocket's Transceiver;DRI 178;15;3;6;2,5;0,75;20;30,0;DRI;178;Uncommon;Item;https://limitlesstcg.nyc3.cdn.digitaloceanspaces.com/tpci/DRI/DRI_178_R_EN_LG.png;No;Meta Live
Kangaskhan Bouffalant;Precious Trolley;SSP 185;6;1;6;1,0;0,3;20;30,0;SSP;185;Ultra Rare;Item;https://limitlesstcg.nyc3.cdn.digitaloceanspaces.com/tpci/SSP/SSP_185_R_EN_LG.png;Yes;Meta Live
Kangaskhan Bouffalant;Backtrack Badge;PBL 74;6;2;4;1,5;0,3;20;20,0;PBL;74;Uncommon;Tool;https://limitlesstcg.nyc3.cdn.digitaloceanspaces.com/tpci/PBL/PBL_074_R_EN_LG.png;No;Meta Live
Kangaskhan Bouffalant;Team Rocket's Factory;DRI 173;14;4;5;2,8;0,7;20;25,0;DRI;173;Uncommon;Stadium;https://limitlesstcg.nyc3.cdn.digitaloceanspaces.com/tpci/DRI/DRI_173_R_EN_LG.png;No;Meta Live
Kangaskhan Bouffalant;Grass Energy;MEE 1;26;10;5;5,2;1,3;20;25,0;MEE;1;;Basic Energy;https://limitlesstcg.nyc3.cdn.digitaloceanspaces.com/tpci/MEE/MEE_001_R_EN_LG.png;No;Meta Live
Kangaskhan Bouffalant;Lightning Energy;MEE 12;16;4;4;4,0;0,8;20;20,0;MEE;12;;Basic Energy;;No;Meta Live
Kangaskhan Bouffalant;Energy Search;POR 72;2;1;2;1,0;0,1;20;10,0;POR;72;Common;Item;https://limitlesstcg.nyc3.cdn.digitaloceanspaces.com/tpci/POR/POR_072_R_EN_LG.png;No;Meta Live
Kangaskhan Bouffalant;Super Potion;JTG 158;4;2;3;1,33;0,2;20;15,0;JTG;158;Uncommon;Item;https://limitlesstcg.nyc3.cdn.digitaloceanspaces.com/tpci/JTG/JTG_158_R_EN_LG.png;No;Meta Live
Kangaskhan Bouffalant;Smoochum;SSP 75;6;2;3;2,0;0,3;20;15,0;SSP;75;Common;Basic;https://limitlesstcg.nyc3.cdn.digitaloceanspaces.com/tpci/SSP/SSP_075_R_EN_LG.png;No;Meta Live
Kangaskhan Bouffalant;Cornerstone Mask Ogerpon ex;TWM 112;1;1;1;1,0;0,05;20;5,0;TWM;112;Double Rare;Basic;https://limitlesstcg.nyc3.cdn.digitaloceanspaces.com/tpci/TWM/TWM_112_R_EN_LG.png;No;Meta Live
Kangaskhan Bouffalant;Brock's Scouting;JTG 146;9;4;3;3,0;0,45;20;15,0;JTG;146;Uncommon;Supporter;https://limitlesstcg.nyc3.cdn.digitaloceanspaces.com/tpci/JTG/JTG_146_R_EN_LG.png;No;Meta Live
Kangaskhan Bouffalant;Judge;POR 76;3;2;2;1,5;0,15;20;10,0;POR;76;Uncommon;Supporter;https://limitlesstcg.nyc3.cdn.digitaloceanspaces.com/tpci/POR/POR_076_R_EN_LG.png;No;Meta Live
Kangaskhan Bouffalant;Nighttime Mine;ASC 197;2;2;1;2,0;0,1;20;5,0;ASC;197;Uncommon;Stadium;https://limitlesstcg.nyc3.cdn.digitaloceanspaces.com/tpci/ASC/ASC_197_R_EN_LG.png;No;Meta Live
Kangaskhan Bouffalant;Lively Stadium;SSP 180;11;2;7;1,57;0,55;20;35,0;SSP;180;Uncommon;Stadium;https://limitlesstcg.nyc3.cdn.digitaloceanspaces.com/tpci/SSP/SSP_180_R_EN_LG.png;No;Meta Live
Kangaskhan Bouffalant;Fighting Energy;MEE 14;2;2;1;2,0;0,1;20;5,0;MEE;14;;Basic Energy;;No;Meta Live
Kangaskhan Bouffalant;Xerosic's Machinations;SFA 64;5;2;4;1,25;0,25;20;20,0;SFA;64;Uncommon;Supporter;https://limitlesstcg.nyc3.cdn.digitaloceanspaces.com/tpci/SFA/SFA_064_R_EN_LG.png;No;Meta Live
Kangaskhan Bouffalant;Aurorus;POR 24;2;2;1;2,0;0,1;20;5,0;POR;24;Rare;Stage 2;https://limitlesstcg.nyc3.cdn.digitaloceanspaces.com/tpci/POR/POR_024_R_EN_LG.png;No;Meta Live
Kangaskhan Bouffalant;Team Rocket's Articuno;DRI 51;3;1;3;1,0;0,15;20;15,0;DRI;51;Rare;Basic;https://limitlesstcg.nyc3.cdn.digitaloceanspaces.com/tpci/DRI/DRI_051_R_EN_LG.png;No;Meta Live
Kangaskhan Bouffalant;Shaymin;DRI 10;2;1;2;1,0;0,1;20;10,0;DRI;10;Uncommon;Basic;https://limitlesstcg.nyc3.cdn.digitaloceanspaces.com/tpci/DRI/DRI_010_R_EN_LG.png;No;Meta Live
Kangaskhan Bouffalant;Morty's Conviction;TEF 155;1;1;1;1,0;0,05;20;5,0;TEF;155;Uncommon;Supporter;https://limitlesstcg.nyc3.cdn.digitaloceanspaces.com/tpci/TEF/TEF_155_R_EN_LG.png;No;Meta Live
Kangaskhan Bouffalant;Crushing Hammer;POR 71;7;4;2;3,5;0,35;20;10,0;POR;71;Common;Item;https://limitlesstcg.nyc3.cdn.digitaloceanspaces.com/tpci/POR/POR_071_R_EN_LG.png;No;Meta Live
Kangaskhan Bouffalant;Rare Candy;MEG 125;2;2;1;2,0;0,1;20;5,0;MEG;125;Common;Item;https://limitlesstcg.nyc3.cdn.digitaloceanspaces.com/tpci/MEG/MEG_125_R_EN_LG.png;No;Meta Live
Kangaskhan Bouffalant;Antique Sail Fossil;POR 69;2;2;1;2,0;0,1;20;5,0;POR;69;Common;Item;https://limitlesstcg.nyc3.cdn.digitaloceanspaces.com/tpci/POR/POR_069_R_EN_LG.png;No;Meta Live
Kangaskhan Bouffalant;Mega Signal;MEG 121;2;1;2;1,0;0,1;20;10,0;MEG;121;Uncommon;Item;https://limitlesstcg.nyc3.cdn.digitaloceanspaces.com/tpci/MEG/MEG_121_R_EN_LG.png;No;Meta Live
Kangaskhan Bouffalant;Water Energy;MEE 3;5;5;1;5,0;0,25;20;5,0;MEE;3;;Basic Energy;https://limitlesstcg.nyc3.cdn.digitaloceanspaces.com/tpci/MEE/MEE_003_R_EN_LG.png;No;Meta Live
Kangaskhan Bouffalant;Fan Rotom;SCR 118;1;1;1;1,0;0,05;20;5,0;SCR;118;Common;Basic;https://limitlesstcg.nyc3.cdn.digitaloceanspaces.com/tpci/SCR/SCR_118_R_EN_LG.png;No;Meta Live
Kangaskhan Bouffalant;Prism Energy;ASC 216;6;4;2;3,0;0,3;20;10,0;ASC;216;Uncommon;Special Energy;https://limitlesstcg.nyc3.cdn.digitaloceanspaces.com/tpci/ASC/ASC_216_R_EN_LG.png;No;Meta Live
Kangaskhan Bouffalant;Teal Mask Ogerpon ex;TWM 25;3;3;1;3,0;0,15;20;5,0;TWM;25;Double Rare;Basic;https://limitlesstcg.nyc3.cdn.digitaloceanspaces.com/tpci/TWM/TWM_025_R_EN_LG.png;No;Meta Live
Kangaskhan Bouffalant;Dunsparce;JTG 120;2;2;1;2,0;0,1;20;5,0;JTG;120;Common;Basic;https://limitlesstcg.nyc3.cdn.digitaloceanspaces.com/tpci/JTG/JTG_120_R_EN_LG.png;No;Meta Live
Kangaskhan Bouffalant;Dudunsparce;TEF 129;2;2;1;2,0;0,1;20;5,0;TEF;129;Rare;Stage 1;https://limitlesstcg.nyc3.cdn.digitaloceanspaces.com/tpci/TEF/TEF_129_R_EN_LG.png;No;Meta Live
Kangaskhan Bouffalant;Shuckle;MEG 11;2;2;1;2,0;0,1;20;5,0;MEG;11;Uncommon;Basic;https://limitlesstcg.nyc3.cdn.digitaloceanspaces.com/tpci/MEG/MEG_011_R_EN_LG.png;No;Meta Live
Kangaskhan Bouffalant;N's Plan;BLK 83;1;1;1;1,0;0,05;20;5,0;BLK;83;Uncommon;Supporter;https://limitlesstcg.nyc3.cdn.digitaloceanspaces.com/tpci/BLK/BLK_083_R_EN_LG.png;No;Meta Live
Kangaskhan Bouffalant;Bug Catching Set;TWM 143;4;4;1;4,0;0,2;20;5,0;TWM;143;Uncommon;Item;https://limitlesstcg.nyc3.cdn.digitaloceanspaces.com/tpci/TWM/TWM_143_R_EN_LG.png;No;Meta Live
Kangaskhan Bouffalant;Glass Trumpet;SCR 135;2;1;2;1,0;0,1;20;10,0;SCR;135;Uncommon;Item;https://limitlesstcg.nyc3.cdn.digitaloceanspaces.com/tpci/SCR/SCR_135_R_EN_LG.png;No;Meta Live
Kangaskhan Bouffalant;Tool Scrapper;ASC 212;3;1;3;1,0;0,15;20;15,0;ASC;212;Common;Item;https://limitlesstcg.nyc3.cdn.digitaloceanspaces.com/tpci/ASC/ASC_212_R_EN_LG.png;No;Meta Live
Kangaskhan Bouffalant;Secret Box;TWM 163;1;1;1;1,0;0,05;20;5,0;TWM;163;Ultra Rare;Item;https://limitlesstcg.nyc3.cdn.digitaloceanspaces.com/tpci/TWM/TWM_163_R_EN_LG.png;Yes;Meta Live
Kangaskhan Bouffalant;Lucky Helmet;TWM 158;2;2;1;2,0;0,1;20;5,0;TWM;158;Uncommon;Tool;https://limitlesstcg.nyc3.cdn.digitaloceanspaces.com/tpci/TWM/TWM_158_R_EN_LG.png;No;Meta Live
Kangaskhan Bouffalant;Battle Cage;PFL 85;5;3;2;2,5;0,25;20;10,0;PFL;85;Uncommon;Stadium;https://limitlesstcg.nyc3.cdn.digitaloceanspaces.com/tpci/PFL/PFL_085_R_EN_LG.png;No;Meta Live
Kangaskhan Bouffalant;Lillie's Clefairy ex;JTG 56;2;1;2;1,0;0,1;20;10,0;JTG;56;Double Rare;Basic;https://limitlesstcg.nyc3.cdn.digitaloceanspaces.com/tpci/JTG/JTG_056_R_EN_LG.png;No;Meta Live
Kangaskhan Bouffalant;Meowth ex;POR 62;4;2;3;1,33;0,2;20;15,0;POR;62;Double Rare;Basic;https://limitlesstcg.nyc3.cdn.digitaloceanspaces.com/tpci/POR/POR_062_R_EN_LG.png;No;Meta Live
Kangaskhan Bouffalant;Team Rocket's Kangaskhan ex;ASC 162;2;1;2;1,0;0,1;20;10,0;ASC;162;Double Rare;Basic;https://limitlesstcg.nyc3.cdn.digitaloceanspaces.com/tpci/ASC/ASC_162_R_EN_LG.png;No;Meta Live
Kangaskhan Bouffalant;Jamming Tower;TWM 153;1;1;1;1,0;0,05;20;5,0;TWM;153;Uncommon;Stadium;https://limitlesstcg.nyc3.cdn.digitaloceanspaces.com/tpci/TWM/TWM_153_R_EN_LG.png;No;Meta Live
Kangaskhan Bouffalant;Terapagos ex;SCR 128;2;2;1;2,0;0,1;20;5,0;SCR;128;Double Rare;Basic;https://limitlesstcg.nyc3.cdn.digitaloceanspaces.com/tpci/SCR/SCR_128_R_EN_LG.png;No;Meta Live
Kangaskhan Bouffalant;Patrat;CRI 70;1;1;1;1,0;0,05;20;5,0;CRI;70;Common;Basic;https://limitlesstcg.nyc3.cdn.digitaloceanspaces.com/tpci/CRI/CRI_070_R_EN_LG.png;No;Meta Live
Kangaskhan Bouffalant;Cyrano;SSP 170;3;2;2;1,5;0,15;20;10,0;SSP;170;Uncommon;Supporter;https://limitlesstcg.nyc3.cdn.digitaloceanspaces.com/tpci/SSP/SSP_170_R_EN_LG.png;No;Meta Live
Kangaskhan Bouffalant;Area Zero Underdepths;SCR 131;2;2;1;2,0;0,1;20;5,0;SCR;131;Uncommon;Stadium;https://limitlesstcg.nyc3.cdn.digitaloceanspaces.com/tpci/SCR/SCR_131_R_EN_LG.png;No;Meta Live
Kangaskhan Bouffalant;Chien-Pao;SSP 56;1;1;1;1,0;0,05;20;5,0;SSP;56;Rare;Basic;https://limitlesstcg.nyc3.cdn.digitaloceanspaces.com/tpci/SSP/SSP_056_R_EN_LG.png;No;Meta Live
Kangaskhan Bouffalant;Spiky Energy;JTG 159;3;3;1;3,0;0,15;20;5,0;JTG;159;Uncommon;Special Energy;https://limitlesstcg.nyc3.cdn.digitaloceanspaces.com/tpci/JTG/JTG_159_R_EN_LG.png;No;Meta Live
Kangaskhan Bouffalant;Fezandipiti ex;ASC 142;1;1;1;1,0;0,05;20;5,0;ASC;142;Double Rare;Basic;https://limitlesstcg.nyc3.cdn.digitaloceanspaces.com/tpci/ASC/ASC_142_R_EN_LG.png;No;Meta Live
Kangaskhan Bouffalant;Black Belt's Training;JTG 143;1;1;1;1,0;0,05;20;5,0;JTG;143;Common;Supporter;https://limitlesstcg.nyc3.cdn.digitaloceanspaces.com/tpci/JTG/JTG_143_R_EN_LG.png;No;Meta Live
Kangaskhan Bouffalant;Wondrous Patch;PFL 94;1;1;1;1,0;0,05;20;5,0;PFL;94;Uncommon;Item;https://limitlesstcg.nyc3.cdn.digitaloceanspaces.com/tpci/PFL/PFL_094_R_EN_LG.png;No;Meta Live
Mega Absol Box;Munkidori;TWM 95;56;3;20;2,8;2,8;20;100,0;TWM;95;Rare;Basic;https://limitlesstcg.nyc3.cdn.digitaloceanspaces.com/tpci/TWM/TWM_095_R_EN_LG.png;No;Meta Live
Mega Absol Box;Mega Absol ex;MEG 86;41;3;20;2,05;2,05;20;100,0;MEG;86;Double Rare;Basic;https://limitlesstcg.nyc3.cdn.digitaloceanspaces.com/tpci/MEG/MEG_086_R_EN_LG.png;No;Meta Live
Mega Absol Box;Mega Kangaskhan ex;MEG 104;43;4;20;2,15;2,15;20;100,0;MEG;104;Double Rare;Basic;https://limitlesstcg.nyc3.cdn.digitaloceanspaces.com/tpci/MEG/MEG_104_R_EN_LG.png;No;Meta Live
Mega Absol Box;Fezandipiti ex;ASC 142;18;1;18;1,0;0,9;20;90,0;ASC;142;Double Rare;Basic;https://limitlesstcg.nyc3.cdn.digitaloceanspaces.com/tpci/ASC/ASC_142_R_EN_LG.png;No;Meta Live
Mega Absol Box;Latias ex;SSP 76;22;2;19;1,16;1,1;20;95,0;SSP;76;Double Rare;Basic;https://limitlesstcg.nyc3.cdn.digitaloceanspaces.com/tpci/SSP/SSP_076_R_EN_LG.png;No;Meta Live
Mega Absol Box;Meowth ex;POR 62;13;2;12;1,08;0,65;20;60,0;POR;62;Double Rare;Basic;https://limitlesstcg.nyc3.cdn.digitaloceanspaces.com/tpci/POR/POR_062_R_EN_LG.png;No;Meta Live
Mega Absol Box;Cornerstone Mask Ogerpon ex;TWM 112;3;1;3;1,0;0,15;20;15,0;TWM;112;Double Rare;Basic;https://limitlesstcg.nyc3.cdn.digitaloceanspaces.com/tpci/TWM/TWM_112_R_EN_LG.png;No;Meta Live
Mega Absol Box;Yveltal;MEG 88;24;2;18;1,33;1,2;20;90,0;MEG;88;Rare;Basic;https://limitlesstcg.nyc3.cdn.digitaloceanspaces.com/tpci/MEG/MEG_088_R_EN_LG.png;No;Meta Live
Mega Absol Box;Pecharunt ex;SFA 39;20;2;18;1,11;1,0;20;90,0;SFA;39;Double Rare;Basic;https://limitlesstcg.nyc3.cdn.digitaloceanspaces.com/tpci/SFA/SFA_039_R_EN_LG.png;No;Meta Live
Mega Absol Box;Psyduck;ASC 39;13;1;13;1,0;0,65;20;65,0;ASC;39;Common;Basic;https://limitlesstcg.nyc3.cdn.digitaloceanspaces.com/tpci/ASC/ASC_039_R_EN_LG.png;No;Meta Live
Mega Absol Box;Lillie's Clefairy ex;JTG 56;10;1;10;1,0;0,5;20;50,0;JTG;56;Double Rare;Basic;https://limitlesstcg.nyc3.cdn.digitaloceanspaces.com/tpci/JTG/JTG_056_R_EN_LG.png;No;Meta Live
Mega Absol Box;Paldean Tauros;SSP 18;5;1;5;1,0;0,25;20;25,0;SSP;18;Uncommon;Basic;https://limitlesstcg.nyc3.cdn.digitaloceanspaces.com/tpci/SSP/SSP_018_R_EN_LG.png;No;Meta Live
Mega Absol Box;Lillie's Determination;MEG 119;69;4;19;3,63;3,45;20;95,0;MEG;119;Uncommon;Supporter;https://limitlesstcg.nyc3.cdn.digitaloceanspaces.com/tpci/MEG/MEG_119_R_EN_LG.png;No;Meta Live
Mega Absol Box;Crispin;SCR 133;35;4;12;2,92;1,75;20;60,0;SCR;133;Uncommon;Supporter;https://limitlesstcg.nyc3.cdn.digitaloceanspaces.com/tpci/SCR/SCR_133_R_EN_LG.png;No;Meta Live
Mega Absol Box;Boss's Orders;MEG 114;61;4;20;3,05;3,05;20;100,0;MEG;114;Uncommon;Supporter;https://limitlesstcg.nyc3.cdn.digitaloceanspaces.com/tpci/MEG/MEG_114_R_EN_LG.png;No;Meta Live
Mega Absol Box;Janine's Secret Art;PRE 112;52;4;16;3,25;2,6;20;80,0;PRE;112;Uncommon;Supporter;https://limitlesstcg.nyc3.cdn.digitaloceanspaces.com/tpci/PRE/PRE_112_R_EN_LG.png;No;Meta Live
Mega Absol Box;Xerosic's Machinations;SFA 64;13;1;13;1,0;0,65;20;65,0;SFA;64;Uncommon;Supporter;https://limitlesstcg.nyc3.cdn.digitaloceanspaces.com/tpci/SFA/SFA_064_R_EN_LG.png;No;Meta Live
Mega Absol Box;Ultra Ball;MEG 131;75;4;20;3,75;3,75;20;100,0;MEG;131;Common;Item;https://limitlesstcg.nyc3.cdn.digitaloceanspaces.com/tpci/MEG/MEG_131_R_EN_LG.png;No;Meta Live
Mega Absol Box;Energy Switch;MEG 115;65;4;19;3,42;3,25;20;95,0;MEG;115;Common;Item;https://limitlesstcg.nyc3.cdn.digitaloceanspaces.com/tpci/MEG/MEG_115_R_EN_LG.png;No;Meta Live
Mega Absol Box;Poké Pad;POR 81;36;4;13;2,77;1,8;20;65,0;POR;81;Uncommon;Item;https://limitlesstcg.nyc3.cdn.digitaloceanspaces.com/tpci/POR/POR_081_R_EN_LG.png;No;Meta Live
Mega Absol Box;Night Stretcher;ASC 196;38;2;19;2,0;1,9;20;95,0;ASC;196;Common;Item;https://limitlesstcg.nyc3.cdn.digitaloceanspaces.com/tpci/ASC/ASC_196_R_EN_LG.png;No;Meta Live
Mega Absol Box;Secret Box;TWM 163;9;1;9;1,0;0,45;20;45,0;TWM;163;Ultra Rare;Item;https://limitlesstcg.nyc3.cdn.digitaloceanspaces.com/tpci/TWM/TWM_163_R_EN_LG.png;Yes;Meta Live
Mega Absol Box;Special Red Card;CRI 82;21;2;18;1,17;1,05;20;90,0;CRI;82;Uncommon;Item;https://limitlesstcg.nyc3.cdn.digitaloceanspaces.com/tpci/CRI/CRI_082_R_EN_LG.png;No;Meta Live
Mega Absol Box;Binding Mochi;PRE 95;9;1;9;1,0;0,45;20;45,0;PRE;95;Uncommon;Tool;https://limitlesstcg.nyc3.cdn.digitaloceanspaces.com/tpci/PRE/PRE_095_R_EN_LG.png;No;Meta Live
Mega Absol Box;Lumiose City;POR 77;31;2;16;1,94;1,55;20;80,0;POR;77;Uncommon;Stadium;https://limitlesstcg.nyc3.cdn.digitaloceanspaces.com/tpci/POR/POR_077_R_EN_LG.png;No;Meta Live
Mega Absol Box;Darkness Energy;MEE 15;141;8;20;7,05;7,05;20;100,0;MEE;15;;Basic Energy;;No;Meta Live
Mega Absol Box;Mist Energy;TEF 161;35;3;17;2,06;1,75;20;85,0;TEF;161;Uncommon;Special Energy;https://limitlesstcg.nyc3.cdn.digitaloceanspaces.com/tpci/TEF/TEF_161_R_EN_LG.png;No;Meta Live
Mega Absol Box;Psychic Energy;MEE 13;21;3;10;2,1;1,05;20;50,0;MEE;13;;Basic Energy;;No;Meta Live
Mega Absol Box;Fire Energy;MEE 10;20;3;10;2,0;1,0;20;50,0;MEE;10;;Basic Energy;;No;Meta Live
Mega Absol Box;Fighting Energy;MEE 14;4;2;3;1,33;0,2;20;15,0;MEE;14;;Basic Energy;;No;Meta Live
Mega Absol Box;Teal Mask Ogerpon ex;TWM 25;3;3;1;3,0;0,15;20;5,0;TWM;25;Double Rare;Basic;https://limitlesstcg.nyc3.cdn.digitaloceanspaces.com/tpci/TWM/TWM_025_R_EN_LG.png;No;Meta Live
Mega Absol Box;Mew ex;30C 66;2;2;1;2,0;0,1;20;5,0;30C;66;Double Rare;Basic;https://limitlesstcg.nyc3.cdn.digitaloceanspaces.com/tpci/30C/30C_066_R_EN_LG.png;No;Meta Live
Mega Absol Box;Wellspring Mask Ogerpon ex;TWM 64;1;1;1;1,0;0,05;20;5,0;TWM;64;Double Rare;Basic;https://limitlesstcg.nyc3.cdn.digitaloceanspaces.com/tpci/TWM/TWM_064_R_EN_LG.png;No;Meta Live
Mega Absol Box;Mega Audino ex;ASC 172;5;2;3;1,67;0,25;20;15,0;ASC;172;Double Rare;Basic;https://limitlesstcg.nyc3.cdn.digitaloceanspaces.com/tpci/ASC/ASC_172_R_EN_LG.png;No;Meta Live
Mega Absol Box;Enamorus;TWM 93;1;1;1;1,0;0,05;20;5,0;TWM;93;Rare;Basic;https://limitlesstcg.nyc3.cdn.digitaloceanspaces.com/tpci/TWM/TWM_093_R_EN_LG.png;No;Meta Live
Mega Absol Box;Cyrano;SSP 170;2;2;1;2,0;0,1;20;5,0;SSP;170;Uncommon;Supporter;https://limitlesstcg.nyc3.cdn.digitaloceanspaces.com/tpci/SSP/SSP_170_R_EN_LG.png;No;Meta Live
Mega Absol Box;Ciphermaniac's Codebreaking;TEF 145;6;2;3;2,0;0,3;20;15,0;TEF;145;Uncommon;Supporter;https://limitlesstcg.nyc3.cdn.digitaloceanspaces.com/tpci/TEF/TEF_145_R_EN_LG.png;No;Meta Live
Mega Absol Box;Unfair Stamp;TWM 165;1;1;1;1,0;0,05;20;5,0;TWM;165;Ultra Rare;Item;https://limitlesstcg.nyc3.cdn.digitaloceanspaces.com/tpci/TWM/TWM_165_R_EN_LG.png;Yes;Meta Live
Mega Absol Box;Switch;30C 127;2;1;2;1,0;0,1;20;10,0;30C;127;Common;Item;https://limitlesstcg.nyc3.cdn.digitaloceanspaces.com/tpci/30C/30C_127_R_EN_LG.png;No;Meta Live
Mega Absol Box;Area Zero Underdepths;SCR 131;3;3;1;3,0;0,15;20;5,0;SCR;131;Uncommon;Stadium;https://limitlesstcg.nyc3.cdn.digitaloceanspaces.com/tpci/SCR/SCR_131_R_EN_LG.png;No;Meta Live
Mega Absol Box;Prism Tower;CRI 80;3;2;2;1,5;0,15;20;10,0;CRI;80;Uncommon;Stadium;https://limitlesstcg.nyc3.cdn.digitaloceanspaces.com/tpci/CRI/CRI_080_R_EN_LG.png;No;Meta Live
Mega Absol Box;Grass Energy;MEE 1;7;7;1;7,0;0,35;20;5,0;MEE;1;;Basic Energy;https://limitlesstcg.nyc3.cdn.digitaloceanspaces.com/tpci/MEE/MEE_001_R_EN_LG.png;No;Meta Live
Mega Absol Box;Prism Energy;ASC 216;2;2;1;2,0;0,1;20;5,0;ASC;216;Uncommon;Special Energy;https://limitlesstcg.nyc3.cdn.digitaloceanspaces.com/tpci/ASC/ASC_216_R_EN_LG.png;No;Meta Live
Mega Absol Box;Water Energy;MEE 3;4;3;2;2,0;0,2;20;10,0;MEE;3;;Basic Energy;https://limitlesstcg.nyc3.cdn.digitaloceanspaces.com/tpci/MEE/MEE_003_R_EN_LG.png;No;Meta Live
Mega Absol Box;Buneary;PFL 83;3;1;3;1,0;0,15;20;15,0;PFL;83;Common;Basic;https://limitlesstcg.nyc3.cdn.digitaloceanspaces.com/tpci/PFL/PFL_083_R_EN_LG.png;No;Meta Live
Mega Absol Box;Mega Lopunny ex;PFL 84;3;1;3;1,0;0,15;20;15,0;PFL;84;Double Rare;Stage 1;https://limitlesstcg.nyc3.cdn.digitaloceanspaces.com/tpci/PFL/PFL_084_R_EN_LG.png;No;Meta Live
Mega Absol Box;Team Rocket's Petrel;DRI 176;18;4;7;2,57;0,9;20;35,0;DRI;176;Uncommon;Supporter;https://limitlesstcg.nyc3.cdn.digitaloceanspaces.com/tpci/DRI/DRI_176_R_EN_LG.png;No;Meta Live
Mega Absol Box;Mega Signal;MEG 121;26;4;8;3,25;1,3;20;40,0;MEG;121;Uncommon;Item;https://limitlesstcg.nyc3.cdn.digitaloceanspaces.com/tpci/MEG/MEG_121_R_EN_LG.png;No;Meta Live
Mega Absol Box;Pokégear 3.0;SVI 186;27;4;10;2,7;1,35;20;50,0;SVI;186;Common;Item;https://limitlesstcg.nyc3.cdn.digitaloceanspaces.com/tpci/SVI/SVI_186_R_EN_LG.png;No;Meta Live
Mega Absol Box;Hero's Cape;TEF 152;7;1;7;1,0;0,35;20;35,0;TEF;152;Ultra Rare;Tool;https://limitlesstcg.nyc3.cdn.digitaloceanspaces.com/tpci/TEF/TEF_152_R_EN_LG.png;Yes;Meta Live
Mega Absol Box;Moltres;PFL 14;4;1;4;1,0;0,2;20;20,0;PFL;14;Rare;Basic;https://limitlesstcg.nyc3.cdn.digitaloceanspaces.com/tpci/PFL/PFL_014_R_EN_LG.png;No;Meta Live
Mega Absol Box;Scoop Up Cyclone;TWM 162;1;1;1;1,0;0,05;20;5,0;TWM;162;Ultra Rare;Item;https://limitlesstcg.nyc3.cdn.digitaloceanspaces.com/tpci/TWM/TWM_162_R_EN_LG.png;Yes;Meta Live
Mega Absol Box;Punk Helmet;PFL 92;2;2;1;2,0;0,1;20;5,0;PFL;92;Uncommon;Tool;https://limitlesstcg.nyc3.cdn.digitaloceanspaces.com/tpci/PFL/PFL_092_R_EN_LG.png;No;Meta Live
Mega Absol Box;Morty's Conviction;TEF 155;2;2;1;2,0;0,1;20;5,0;TEF;155;Uncommon;Supporter;https://limitlesstcg.nyc3.cdn.digitaloceanspaces.com/tpci/TEF/TEF_155_R_EN_LG.png;No;Meta Live
Mega Absol Box;Transformation Tome;CRI 83;4;4;1;4,0;0,2;20;5,0;CRI;83;Uncommon;Item;https://limitlesstcg.nyc3.cdn.digitaloceanspaces.com/tpci/CRI/CRI_083_R_EN_LG.png;No;Meta Live
Mega Absol Box;Team Rocket's Transceiver;DRI 178;3;2;2;1,5;0,15;20;10,0;DRI;178;Uncommon;Item;https://limitlesstcg.nyc3.cdn.digitaloceanspaces.com/tpci/DRI/DRI_178_R_EN_LG.png;No;Meta Live
Mega Absol Box;Dark Bell;PBL 75;1;1;1;1,0;0,05;20;5,0;PBL;75;Uncommon;Item;https://limitlesstcg.nyc3.cdn.digitaloceanspaces.com/tpci/PBL/PBL_075_R_EN_LG.png;No;Meta Live
Mega Absol Box;Precious Trolley;SSP 185;2;1;2;1,0;0,1;20;10,0;SSP;185;Ultra Rare;Item;https://limitlesstcg.nyc3.cdn.digitaloceanspaces.com/tpci/SSP/SSP_185_R_EN_LG.png;Yes;Meta Live
Mega Absol Box;Energy Search;POR 72;2;1;2;1,0;0,1;20;10,0;POR;72;Common;Item;https://limitlesstcg.nyc3.cdn.digitaloceanspaces.com/tpci/POR/POR_072_R_EN_LG.png;No;Meta Live
Mega Absol Box;Lucky Helmet;TWM 158;2;2;1;2,0;0,1;20;5,0;TWM;158;Uncommon;Tool;https://limitlesstcg.nyc3.cdn.digitaloceanspaces.com/tpci/TWM/TWM_158_R_EN_LG.png;No;Meta Live
Mega Absol Box;Snorlax;POR 63;2;2;1;2,0;0,1;20;5,0;POR;63;Common;Basic;https://limitlesstcg.nyc3.cdn.digitaloceanspaces.com/tpci/POR/POR_063_R_EN_LG.png;No;Meta Live
Mega Absol Box;Brock's Scouting;JTG 146;3;2;2;1,5;0,15;20;10,0;JTG;146;Uncommon;Supporter;https://limitlesstcg.nyc3.cdn.digitaloceanspaces.com/tpci/JTG/JTG_146_R_EN_LG.png;No;Meta Live
Mega Absol Box;Team Rocket's Watchtower;DRI 180;1;1;1;1,0;0,05;20;5,0;DRI;180;Uncommon;Stadium;https://limitlesstcg.nyc3.cdn.digitaloceanspaces.com/tpci/DRI/DRI_180_R_EN_LG.png;No;Meta Live
Mega Absol Box;Lively Stadium;SSP 180;1;1;1;1,0;0,05;20;5,0;SSP;180;Uncommon;Stadium;https://limitlesstcg.nyc3.cdn.digitaloceanspaces.com/tpci/SSP/SSP_180_R_EN_LG.png;No;Meta Live
Mega Absol Box;Eevee;SCR 113;1;1;1;1,0;0,05;20;5,0;SCR;113;Common;Basic;https://limitlesstcg.nyc3.cdn.digitaloceanspaces.com/tpci/SCR/SCR_113_R_EN_LG.png;No;Meta Live
Mega Absol Box;Umbreon ex;30C 92;1;1;1;1,0;0,05;20;5,0;30C;92;Double Rare;Stage 1;https://limitlesstcg.nyc3.cdn.digitaloceanspaces.com/tpci/30C/30C_092_R_EN_LG.png;No;Meta Live
Mega Absol Box;Toxel;PFL 67;2;2;1;2,0;0,1;20;5,0;PFL;67;Common;Basic;https://limitlesstcg.nyc3.cdn.digitaloceanspaces.com/tpci/PFL/PFL_067_R_EN_LG.png;No;Meta Live
Mega Absol Box;Toxtricity;PFL 68;2;2;1;2,0;0,1;20;5,0;PFL;68;Rare;Stage 1;https://limitlesstcg.nyc3.cdn.digitaloceanspaces.com/tpci/PFL/PFL_068_R_EN_LG.png;No;Meta Live
Mega Absol Box;Judge;POR 76;3;3;1;3,0;0,15;20;5,0;POR;76;Uncommon;Supporter;https://limitlesstcg.nyc3.cdn.digitaloceanspaces.com/tpci/POR/POR_076_R_EN_LG.png;No;Meta Live
Mega Absol Box;Jumbo Ice Cream;PFL 91;2;2;1;2,0;0,1;20;5,0;PFL;91;Uncommon;Item;https://limitlesstcg.nyc3.cdn.digitaloceanspaces.com/tpci/PFL/PFL_091_R_EN_LG.png;No;Meta Live
Mega Absol Box;Energy Retrieval;SVI 171;1;1;1;1,0;0,05;20;5,0;SVI;171;Common;Item;https://limitlesstcg.nyc3.cdn.digitaloceanspaces.com/tpci/SVI/SVI_171_R_EN_LG.png;No;Meta Live
Mega Absol Box;Energy Recycler;DRI 164;1;1;1;1,0;0,05;20;5,0;DRI;164;Uncommon;Item;https://limitlesstcg.nyc3.cdn.digitaloceanspaces.com/tpci/DRI/DRI_164_R_EN_LG.png;No;Meta Live
Mega Absol Box;Team Rocket's Factory;DRI 173;2;2;1;2,0;0,1;20;5,0;DRI;173;Uncommon;Stadium;https://limitlesstcg.nyc3.cdn.digitaloceanspaces.com/tpci/DRI/DRI_173_R_EN_LG.png;No;Meta Live
Mega Absol Box;Risky Ruins;MEG 127;1;1;1;1,0;0,05;20;5,0;MEG;127;Uncommon;Stadium;https://limitlesstcg.nyc3.cdn.digitaloceanspaces.com/tpci/MEG/MEG_127_R_EN_LG.png;No;Meta Live
Mega Absol Box;Dunsparce;JTG 120;7;3;3;2,33;0,35;20;15,0;JTG;120;Common;Basic;https://limitlesstcg.nyc3.cdn.digitaloceanspaces.com/tpci/JTG/JTG_120_R_EN_LG.png;No;Meta Live
Mega Absol Box;Dudunsparce;TEF 129;7;3;3;2,33;0,35;20;15,0;TEF;129;Rare;Stage 1;https://limitlesstcg.nyc3.cdn.digitaloceanspaces.com/tpci/TEF/TEF_129_R_EN_LG.png;No;Meta Live
Mega Absol Box;Torchic;DRI 40;2;2;1;2,0;0,1;20;5,0;DRI;40;Common;Basic;https://limitlesstcg.nyc3.cdn.digitaloceanspaces.com/tpci/DRI/DRI_040_R_EN_LG.png;No;Meta Live
Mega Absol Box;Combusken;DRI 41;1;1;1;1,0;0,05;20;5,0;DRI;41;Common;Stage 1;https://limitlesstcg.nyc3.cdn.digitaloceanspaces.com/tpci/DRI/DRI_041_R_EN_LG.png;No;Meta Live
Mega Absol Box;Blaziken ex;JTG 24;2;2;1;2,0;0,1;20;5,0;JTG;24;Double Rare;Stage 2;https://limitlesstcg.nyc3.cdn.digitaloceanspaces.com/tpci/JTG/JTG_024_R_EN_LG.png;No;Meta Live
Mega Absol Box;Reshiram ex;WHT 20;1;1;1;1,0;0,05;20;5,0;WHT;20;Double Rare;Basic;https://limitlesstcg.nyc3.cdn.digitaloceanspaces.com/tpci/WHT/WHT_020_R_EN_LG.png;No;Meta Live
Mega Absol Box;Pecharunt;SVP 149;1;1;1;1,0;0,05;20;5,0;SVP;149;Promo;Basic;https://limitlesstcg.nyc3.cdn.digitaloceanspaces.com/tpci/SVP/SVP_149_R_EN_LG.png;No;Meta Live
Mega Absol Box;Wally's Compassion;MEG 132;2;2;1;2,0;0,1;20;5,0;MEG;132;Uncommon;Supporter;https://limitlesstcg.nyc3.cdn.digitaloceanspaces.com/tpci/MEG/MEG_132_R_EN_LG.png;No;Meta Live
Mega Absol Box;Rare Candy;MEG 125;2;2;1;2,0;0,1;20;5,0;MEG;125;Common;Item;https://limitlesstcg.nyc3.cdn.digitaloceanspaces.com/tpci/MEG/MEG_125_R_EN_LG.png;No;Meta Live
Ogerpon Meganium;Teal Mask Ogerpon ex;TWM 25;73;4;20;3,65;3,65;20;100,0;TWM;25;Double Rare;Basic;https://limitlesstcg.nyc3.cdn.digitaloceanspaces.com/tpci/TWM/TWM_025_R_EN_LG.png;No;Meta Live
Ogerpon Meganium;Budew;ASC 16;20;4;9;2,22;1,0;20;45,0;ASC;16;Common;Basic;https://limitlesstcg.nyc3.cdn.digitaloceanspaces.com/tpci/ASC/ASC_016_R_EN_LG.png;No;Meta Live
Ogerpon Meganium;Chikorita;MEG 8;49;3;20;2,45;2,45;20;100,0;MEG;8;Common;Basic;https://limitlesstcg.nyc3.cdn.digitaloceanspaces.com/tpci/MEG/MEG_008_R_EN_LG.png;No;Meta Live
Ogerpon Meganium;Bayleef;MEG 9;41;3;20;2,05;2,05;20;100,0;MEG;9;Common;Stage 1;https://limitlesstcg.nyc3.cdn.digitaloceanspaces.com/tpci/MEG/MEG_009_R_EN_LG.png;No;Meta Live
Ogerpon Meganium;Meganium;MEG 10;40;2;20;2,0;2,0;20;100,0;MEG;10;Rare;Stage 2;https://limitlesstcg.nyc3.cdn.digitaloceanspaces.com/tpci/MEG/MEG_010_R_EN_LG.png;No;Meta Live
Ogerpon Meganium;Mega Meganium ex;ASC 10;10;1;10;1,0;0,5;20;50,0;ASC;10;Double Rare;Stage 2;https://limitlesstcg.nyc3.cdn.digitaloceanspaces.com/tpci/ASC/ASC_010_R_EN_LG.png;No;Meta Live
Ogerpon Meganium;Boss's Orders;MEG 114;40;4;19;2,11;2,0;20;95,0;MEG;114;Uncommon;Supporter;https://limitlesstcg.nyc3.cdn.digitaloceanspaces.com/tpci/MEG/MEG_114_R_EN_LG.png;No;Meta Live
Ogerpon Meganium;Dawn;PFL 87;35;2;19;1,84;1,75;20;95,0;PFL;87;Uncommon;Supporter;https://limitlesstcg.nyc3.cdn.digitaloceanspaces.com/tpci/PFL/PFL_087_R_EN_LG.png;No;Meta Live
Ogerpon Meganium;Lillie's Determination;MEG 119;78;4;20;3,9;3,9;20;100,0;MEG;119;Uncommon;Supporter;https://limitlesstcg.nyc3.cdn.digitaloceanspaces.com/tpci/MEG/MEG_119_R_EN_LG.png;No;Meta Live
Ogerpon Meganium;Hilda;WHT 84;3;2;2;1,5;0,15;20;10,0;WHT;84;Uncommon;Supporter;https://limitlesstcg.nyc3.cdn.digitaloceanspaces.com/tpci/WHT/WHT_084_R_EN_LG.png;No;Meta Live
Ogerpon Meganium;Bug Catching Set;TWM 143;77;4;20;3,85;3,85;20;100,0;TWM;143;Uncommon;Item;https://limitlesstcg.nyc3.cdn.digitaloceanspaces.com/tpci/TWM/TWM_143_R_EN_LG.png;No;Meta Live
Ogerpon Meganium;Energy Switch;MEG 115;55;4;19;2,89;2,75;20;95,0;MEG;115;Common;Item;https://limitlesstcg.nyc3.cdn.digitaloceanspaces.com/tpci/MEG/MEG_115_R_EN_LG.png;No;Meta Live
Ogerpon Meganium;Night Stretcher;ASC 196;28;4;19;1,47;1,4;20;95,0;ASC;196;Common;Item;https://limitlesstcg.nyc3.cdn.digitaloceanspaces.com/tpci/ASC/ASC_196_R_EN_LG.png;No;Meta Live
Ogerpon Meganium;Hero's Cape;TEF 152;9;1;9;1,0;0,45;20;45,0;TEF;152;Ultra Rare;Tool;https://limitlesstcg.nyc3.cdn.digitaloceanspaces.com/tpci/TEF/TEF_152_R_EN_LG.png;Yes;Meta Live
Ogerpon Meganium;Forest of Vitality;MEG 117;59;4;20;2,95;2,95;20;100,0;MEG;117;Uncommon;Stadium;https://limitlesstcg.nyc3.cdn.digitaloceanspaces.com/tpci/MEG/MEG_117_R_EN_LG.png;No;Meta Live
Ogerpon Meganium;Grass Energy;MEE 1;236;17;20;11,8;11,8;20;100,0;MEE;1;;Basic Energy;https://limitlesstcg.nyc3.cdn.digitaloceanspaces.com/tpci/MEE/MEE_001_R_EN_LG.png;No;Meta Live
Ogerpon Meganium;Exeggcute;SSP 1;36;4;10;3,6;1,8;20;50,0;SSP;1;Common;Basic;https://limitlesstcg.nyc3.cdn.digitaloceanspaces.com/tpci/SSP/SSP_001_R_EN_LG.png;No;Meta Live
Ogerpon Meganium;Alolan Exeggutor;30C 2;29;3;10;2,9;1,45;20;50,0;30C;2;Common;Stage 1;https://limitlesstcg.nyc3.cdn.digitaloceanspaces.com/tpci/30C/30C_002_R_EN_LG.png;No;Meta Live
Ogerpon Meganium;Meowth ex;POR 62;11;1;11;1,0;0,55;20;55,0;POR;62;Double Rare;Basic;https://limitlesstcg.nyc3.cdn.digitaloceanspaces.com/tpci/POR/POR_062_R_EN_LG.png;No;Meta Live
Ogerpon Meganium;Fezandipiti ex;ASC 142;17;1;17;1,0;0,85;20;85,0;ASC;142;Double Rare;Basic;https://limitlesstcg.nyc3.cdn.digitaloceanspaces.com/tpci/ASC/ASC_142_R_EN_LG.png;No;Meta Live
Ogerpon Meganium;Ciphermaniac's Codebreaking;TEF 145;2;1;2;1,0;0,1;20;10,0;TEF;145;Uncommon;Supporter;https://limitlesstcg.nyc3.cdn.digitaloceanspaces.com/tpci/TEF/TEF_145_R_EN_LG.png;No;Meta Live
Ogerpon Meganium;Ultra Ball;MEG 131;42;3;18;2,33;2,1;20;90,0;MEG;131;Common;Item;https://limitlesstcg.nyc3.cdn.digitaloceanspaces.com/tpci/MEG/MEG_131_R_EN_LG.png;No;Meta Live
Ogerpon Meganium;Poké Pad;POR 81;48;4;18;2,67;2,4;20;90,0;POR;81;Uncommon;Item;https://limitlesstcg.nyc3.cdn.digitaloceanspaces.com/tpci/POR/POR_081_R_EN_LG.png;No;Meta Live
Ogerpon Meganium;Special Red Card;CRI 82;10;1;10;1,0;0,5;20;50,0;CRI;82;Uncommon;Item;https://limitlesstcg.nyc3.cdn.digitaloceanspaces.com/tpci/CRI/CRI_082_R_EN_LG.png;No;Meta Live
Ogerpon Meganium;Air Balloon;ASC 181;3;1;3;1,0;0,15;20;15,0;ASC;181;Uncommon;Tool;https://limitlesstcg.nyc3.cdn.digitaloceanspaces.com/tpci/ASC/ASC_181_R_EN_LG.png;No;Meta Live
Ogerpon Meganium;Judge;POR 76;7;1;7;1,0;0,35;20;35,0;POR;76;Uncommon;Supporter;https://limitlesstcg.nyc3.cdn.digitaloceanspaces.com/tpci/POR/POR_076_R_EN_LG.png;No;Meta Live
Ogerpon Meganium;Lana's Aid;TWM 155;14;1;14;1,0;0,7;20;70,0;TWM;155;Uncommon;Supporter;https://limitlesstcg.nyc3.cdn.digitaloceanspaces.com/tpci/TWM/TWM_155_R_EN_LG.png;No;Meta Live
Ogerpon Meganium;Wally's Compassion;MEG 132;4;1;4;1,0;0,2;20;20,0;MEG;132;Uncommon;Supporter;https://limitlesstcg.nyc3.cdn.digitaloceanspaces.com/tpci/MEG/MEG_132_R_EN_LG.png;No;Meta Live
Ogerpon Meganium;Tera Orb;SSP 189;16;2;8;2,0;0,8;20;40,0;SSP;189;Uncommon;Item;https://limitlesstcg.nyc3.cdn.digitaloceanspaces.com/tpci/SSP/SSP_189_R_EN_LG.png;No;Meta Live
Ogerpon Meganium;Rare Candy;MEG 125;8;1;8;1,0;0,4;20;40,0;MEG;125;Common;Item;https://limitlesstcg.nyc3.cdn.digitaloceanspaces.com/tpci/MEG/MEG_125_R_EN_LG.png;No;Meta Live
Ogerpon Meganium;Unfair Stamp;TWM 165;5;1;5;1,0;0,25;20;25,0;TWM;165;Ultra Rare;Item;https://limitlesstcg.nyc3.cdn.digitaloceanspaces.com/tpci/TWM/TWM_165_R_EN_LG.png;Yes;Meta Live
Ogerpon Meganium;Energy Retrieval;SVI 171;9;2;8;1,12;0,45;20;40,0;SVI;171;Common;Item;https://limitlesstcg.nyc3.cdn.digitaloceanspaces.com/tpci/SVI/SVI_171_R_EN_LG.png;No;Meta Live
Ogerpon Meganium;Tool Scrapper;ASC 212;2;1;2;1,0;0,1;20;10,0;ASC;212;Common;Item;https://limitlesstcg.nyc3.cdn.digitaloceanspaces.com/tpci/ASC/ASC_212_R_EN_LG.png;No;Meta Live
Ogerpon Meganium;Grand Tree;SCR 136;2;1;2;1,0;0,1;20;10,0;SCR;136;Ultra Rare;Stadium;https://limitlesstcg.nyc3.cdn.digitaloceanspaces.com/tpci/SCR/SCR_136_R_EN_LG.png;Yes;Meta Live
Ogerpon Meganium;Shaymin;DRI 10;2;1;2;1,0;0,1;20;10,0;DRI;10;Uncommon;Basic;https://limitlesstcg.nyc3.cdn.digitaloceanspaces.com/tpci/DRI/DRI_010_R_EN_LG.png;No;Meta Live
Ogerpon Meganium;Latias ex;SSP 76;2;1;2;1,0;0,1;20;10,0;SSP;76;Double Rare;Basic;https://limitlesstcg.nyc3.cdn.digitaloceanspaces.com/tpci/SSP/SSP_076_R_EN_LG.png;No;Meta Live
Ogerpon Meganium;Briar;SCR 132;2;1;2;1,0;0,1;20;10,0;SCR;132;Uncommon;Supporter;https://limitlesstcg.nyc3.cdn.digitaloceanspaces.com/tpci/SCR/SCR_132_R_EN_LG.png;No;Meta Live
Ogerpon Meganium;Prime Catcher;TEF 157;2;1;2;1,0;0,1;20;10,0;TEF;157;Ultra Rare;Item;https://limitlesstcg.nyc3.cdn.digitaloceanspaces.com/tpci/TEF/TEF_157_R_EN_LG.png;Yes;Meta Live
Ogerpon Meganium;Switch;MEG 130;4;2;3;1,33;0,2;20;15,0;MEG;130;Common;Item;https://limitlesstcg.nyc3.cdn.digitaloceanspaces.com/tpci/MEG/MEG_130_R_EN_LG.png;No;Meta Live
Ogerpon Meganium;Gwynn;PBL 78;2;2;1;2,0;0,1;20;5,0;PBL;78;Uncommon;Supporter;https://limitlesstcg.nyc3.cdn.digitaloceanspaces.com/tpci/PBL/PBL_078_R_EN_LG.png;No;Meta Live
Ogerpon Meganium;Jumbo Ice Cream;PFL 91;7;2;5;1,4;0,35;20;25,0;PFL;91;Uncommon;Item;https://limitlesstcg.nyc3.cdn.digitaloceanspaces.com/tpci/PFL/PFL_091_R_EN_LG.png;No;Meta Live
Ogerpon Meganium;Glass Trumpet;SCR 135;2;2;1;2,0;0,1;20;5,0;SCR;135;Uncommon;Item;https://limitlesstcg.nyc3.cdn.digitaloceanspaces.com/tpci/SCR/SCR_135_R_EN_LG.png;No;Meta Live
Ogerpon Meganium;Alolan Exeggutor ex;SSP 133;5;1;5;1,0;0,25;20;25,0;SSP;133;Double Rare;Stage 1;https://limitlesstcg.nyc3.cdn.digitaloceanspaces.com/tpci/SSP/SSP_133_R_EN_LG.png;No;Meta Live
Ogerpon Meganium;Rellor;TEF 23;3;1;3;1,0;0,15;20;15,0;TEF;23;Common;Basic;https://limitlesstcg.nyc3.cdn.digitaloceanspaces.com/tpci/TEF/TEF_023_R_EN_LG.png;No;Meta Live
Ogerpon Meganium;Rabsca;TEF 24;3;1;3;1,0;0,15;20;15,0;TEF;24;Uncommon;Stage 1;https://limitlesstcg.nyc3.cdn.digitaloceanspaces.com/tpci/TEF/TEF_024_R_EN_LG.png;No;Meta Live
Ogerpon Meganium;Crispin;SCR 133;8;2;4;2,0;0,4;20;20,0;SCR;133;Uncommon;Supporter;https://limitlesstcg.nyc3.cdn.digitaloceanspaces.com/tpci/SCR/SCR_133_R_EN_LG.png;No;Meta Live
Ogerpon Meganium;Water Energy;MEE 11;9;2;5;1,8;0,45;20;25,0;MEE;11;;Basic Energy;;No;Meta Live
Ogerpon Meganium;Fighting Energy;MEE 14;5;1;5;1,0;0,25;20;25,0;MEE;14;;Basic Energy;;No;Meta Live
Ogerpon Meganium;Celebi;MEG 12;3;3;1;3,0;0,15;20;5,0;MEG;12;Uncommon;Basic;https://limitlesstcg.nyc3.cdn.digitaloceanspaces.com/tpci/MEG/MEG_012_R_EN_LG.png;No;Meta Live
Ogerpon Meganium;Bulbasaur;MEG 1;1;1;1;1,0;0,05;20;5,0;MEG;1;Common;Basic;https://limitlesstcg.nyc3.cdn.digitaloceanspaces.com/tpci/MEG/MEG_001_R_EN_LG.png;No;Meta Live
Ogerpon Meganium;Ivysaur;MEG 2;1;1;1;1,0;0,05;20;5,0;MEG;2;Common;Stage 1;https://limitlesstcg.nyc3.cdn.digitaloceanspaces.com/tpci/MEG/MEG_002_R_EN_LG.png;No;Meta Live
Ogerpon Meganium;Mega Venusaur ex;MEG 3;1;1;1;1,0;0,05;20;5,0;MEG;3;Double Rare;Stage 2;https://limitlesstcg.nyc3.cdn.digitaloceanspaces.com/tpci/MEG/MEG_003_R_EN_LG.png;No;Meta Live
Ogerpon Meganium;Zarude;SVP 199;1;1;1;1,0;0,05;20;5,0;SVP;199;Promo;Basic;https://limitlesstcg.nyc3.cdn.digitaloceanspaces.com/tpci/SVP/SVP_199_R_EN_LG.png;No;Meta Live
Ogerpon Meganium;Team Rocket's Petrel;DRI 176;4;2;2;2,0;0,2;20;10,0;DRI;176;Uncommon;Supporter;https://limitlesstcg.nyc3.cdn.digitaloceanspaces.com/tpci/DRI/DRI_176_R_EN_LG.png;No;Meta Live
Ogerpon Meganium;Rosa's Encouragement;POR 84;1;1;1;1,0;0,05;20;5,0;POR;84;Uncommon;Supporter;https://limitlesstcg.nyc3.cdn.digitaloceanspaces.com/tpci/POR/POR_084_R_EN_LG.png;No;Meta Live
Ogerpon Meganium;Colress's Tenacity;SFA 57;1;1;1;1,0;0,05;20;5,0;SFA;57;Uncommon;Supporter;https://limitlesstcg.nyc3.cdn.digitaloceanspaces.com/tpci/SFA/SFA_057_R_EN_LG.png;No;Meta Live
Ogerpon Meganium;Energy Search;POR 72;4;4;1;4,0;0,2;20;5,0;POR;72;Common;Item;https://limitlesstcg.nyc3.cdn.digitaloceanspaces.com/tpci/POR/POR_072_R_EN_LG.png;No;Meta Live
Ogerpon Meganium;Sacred Ash;DRI 168;2;2;1;2,0;0,1;20;5,0;DRI;168;Uncommon;Item;https://limitlesstcg.nyc3.cdn.digitaloceanspaces.com/tpci/DRI/DRI_168_R_EN_LG.png;No;Meta Live
Ogerpon Meganium;Redeemable Ticket;JTG 156;2;2;1;2,0;0,1;20;5,0;JTG;156;Uncommon;Item;https://limitlesstcg.nyc3.cdn.digitaloceanspaces.com/tpci/JTG/JTG_156_R_EN_LG.png;No;Meta Live
Ogerpon Meganium;Max Rod;PRE 116;1;1;1;1,0;0,05;20;5,0;PRE;116;Ultra Rare;Item;https://limitlesstcg.nyc3.cdn.digitaloceanspaces.com/tpci/PRE/PRE_116_R_EN_LG.png;Yes;Meta Live
Ogerpon Meganium;Area Zero Underdepths;SCR 131;1;1;1;1,0;0,05;20;5,0;SCR;131;Uncommon;Stadium;https://limitlesstcg.nyc3.cdn.digitaloceanspaces.com/tpci/SCR/SCR_131_R_EN_LG.png;No;Meta Live
Ogerpon Meganium;Secret Box;TWM 163;1;1;1;1,0;0,05;20;5,0;TWM;163;Ultra Rare;Item;https://limitlesstcg.nyc3.cdn.digitaloceanspaces.com/tpci/TWM/TWM_163_R_EN_LG.png;Yes;Meta Live
Ogerpon Meganium;Brave Bangle;WHT 80;2;2;1;2,0;0,1;20;5,0;WHT;80;Uncommon;Tool;https://limitlesstcg.nyc3.cdn.digitaloceanspaces.com/tpci/WHT/WHT_080_R_EN_LG.png;No;Meta Live
Cinccino;Beldum;CRI 59;75;4;19;3,95;3,75;20;95,0;CRI;59;Common;Basic;https://limitlesstcg.nyc3.cdn.digitaloceanspaces.com/tpci/CRI/CRI_059_R_EN_LG.png;No;Meta Live
Cinccino;Metang;TEF 114;75;4;19;3,95;3,75;20;95,0;TEF;114;Common;Stage 1;https://limitlesstcg.nyc3.cdn.digitaloceanspaces.com/tpci/TEF/TEF_114_R_EN_LG.png;No;Meta Live
Cinccino;Metagross;CRI 61;23;2;18;1,28;1,15;20;90,0;CRI;61;Uncommon;Stage 2;https://limitlesstcg.nyc3.cdn.digitaloceanspaces.com/tpci/CRI/CRI_061_R_EN_LG.png;No;Meta Live
Cinccino;Minccino;CRI 72;59;4;20;2,95;2,95;20;100,0;CRI;72;Common;Basic;https://limitlesstcg.nyc3.cdn.digitaloceanspaces.com/tpci/CRI/CRI_072_R_EN_LG.png;No;Meta Live
Cinccino;Cinccino ex;CRI 73;57;3;20;2,85;2,85;20;100,0;CRI;73;Double Rare;Stage 1;https://limitlesstcg.nyc3.cdn.digitaloceanspaces.com/tpci/CRI/CRI_073_R_EN_LG.png;No;Meta Live
Cinccino;Genesect ex;BLK 67;37;2;19;1,95;1,85;20;95,0;BLK;67;Double Rare;Basic;https://limitlesstcg.nyc3.cdn.digitaloceanspaces.com/tpci/BLK/BLK_067_R_EN_LG.png;No;Meta Live
Cinccino;Shaymin;DRI 10;4;1;4;1,0;0,2;20;20,0;DRI;10;Uncommon;Basic;https://limitlesstcg.nyc3.cdn.digitaloceanspaces.com/tpci/DRI/DRI_010_R_EN_LG.png;No;Meta Live
Cinccino;Lillie's Determination;MEG 119;64;4;20;3,2;3,2;20;100,0;MEG;119;Uncommon;Supporter;https://limitlesstcg.nyc3.cdn.digitaloceanspaces.com/tpci/MEG/MEG_119_R_EN_LG.png;No;Meta Live
Cinccino;Team Rocket's Petrel;DRI 176;76;4;20;3,8;3,8;20;100,0;DRI;176;Uncommon;Supporter;https://limitlesstcg.nyc3.cdn.digitaloceanspaces.com/tpci/DRI/DRI_176_R_EN_LG.png;No;Meta Live
Cinccino;Boss's Orders;MEG 114;41;3;20;2,05;2,05;20;100,0;MEG;114;Uncommon;Supporter;https://limitlesstcg.nyc3.cdn.digitaloceanspaces.com/tpci/MEG/MEG_114_R_EN_LG.png;No;Meta Live
Cinccino;Team Rocket's Transceiver;DRI 178;66;4;17;3,88;3,3;20;85,0;DRI;178;Uncommon;Item;https://limitlesstcg.nyc3.cdn.digitaloceanspaces.com/tpci/DRI/DRI_178_R_EN_LG.png;No;Meta Live
Cinccino;Ultra Ball;MEG 131;45;4;19;2,37;2,25;20;95,0;MEG;131;Common;Item;https://limitlesstcg.nyc3.cdn.digitaloceanspaces.com/tpci/MEG/MEG_131_R_EN_LG.png;No;Meta Live
Cinccino;Buddy-Buddy Poffin;TEF 144;20;4;16;1,25;1,0;20;80,0;TEF;144;Uncommon;Item;https://limitlesstcg.nyc3.cdn.digitaloceanspaces.com/tpci/TEF/TEF_144_R_EN_LG.png;No;Meta Live
Cinccino;Energy Recycler;DRI 164;26;2;19;1,37;1,3;20;95,0;DRI;164;Uncommon;Item;https://limitlesstcg.nyc3.cdn.digitaloceanspaces.com/tpci/DRI/DRI_164_R_EN_LG.png;No;Meta Live
Cinccino;Special Red Card;CRI 82;14;1;14;1,0;0,7;20;70,0;CRI;82;Uncommon;Item;https://limitlesstcg.nyc3.cdn.digitaloceanspaces.com/tpci/CRI/CRI_082_R_EN_LG.png;No;Meta Live
Cinccino;Precious Trolley;SSP 185;19;1;19;1,0;0,95;20;95,0;SSP;185;Ultra Rare;Item;https://limitlesstcg.nyc3.cdn.digitaloceanspaces.com/tpci/SSP/SSP_185_R_EN_LG.png;Yes;Meta Live
Cinccino;Battle Cage;PFL 85;28;4;13;2,15;1,4;20;65,0;PFL;85;Uncommon;Stadium;https://limitlesstcg.nyc3.cdn.digitaloceanspaces.com/tpci/PFL/PFL_085_R_EN_LG.png;No;Meta Live
Cinccino;Metal Energy;MEE 8;352;21;19;18,53;17,6;20;95,0;MEE;8;;Basic Energy;https://limitlesstcg.nyc3.cdn.digitaloceanspaces.com/tpci/MEE/MEE_008_R_EN_LG.png;No;Meta Live
Cinccino;Fezandipiti ex;ASC 142;5;1;5;1,0;0,25;20;25,0;ASC;142;Double Rare;Basic;https://limitlesstcg.nyc3.cdn.digitaloceanspaces.com/tpci/ASC/ASC_142_R_EN_LG.png;No;Meta Live
Cinccino;Air Balloon;ASC 181;4;1;4;1,0;0,2;20;20,0;ASC;181;Uncommon;Tool;https://limitlesstcg.nyc3.cdn.digitaloceanspaces.com/tpci/ASC/ASC_181_R_EN_LG.png;No;Meta Live
Cinccino;Team Rocket's Factory;DRI 173;10;2;5;2,0;0,5;20;25,0;DRI;173;Uncommon;Stadium;https://limitlesstcg.nyc3.cdn.digitaloceanspaces.com/tpci/DRI/DRI_173_R_EN_LG.png;No;Meta Live
Cinccino;Gravity Mountain;SSP 177;5;1;5;1,0;0,25;20;25,0;SSP;177;Uncommon;Stadium;https://limitlesstcg.nyc3.cdn.digitaloceanspaces.com/tpci/SSP/SSP_177_R_EN_LG.png;No;Meta Live
Cinccino;Meowth ex;POR 62;4;1;4;1,0;0,2;20;20,0;POR;62;Double Rare;Basic;https://limitlesstcg.nyc3.cdn.digitaloceanspaces.com/tpci/POR/POR_062_R_EN_LG.png;No;Meta Live
Cinccino;Night Stretcher;ASC 196;10;2;7;1,43;0,5;20;35,0;ASC;196;Common;Item;https://limitlesstcg.nyc3.cdn.digitaloceanspaces.com/tpci/ASC/ASC_196_R_EN_LG.png;No;Meta Live
Cinccino;Mist Energy;TEF 161;12;4;5;2,4;0,6;20;25,0;TEF;161;Uncommon;Special Energy;https://limitlesstcg.nyc3.cdn.digitaloceanspaces.com/tpci/TEF/TEF_161_R_EN_LG.png;No;Meta Live
Cinccino;Minior;30C 124;1;1;1;1,0;0,05;20;5,0;30C;124;Common;Basic;https://limitlesstcg.nyc3.cdn.digitaloceanspaces.com/tpci/30C/30C_124_R_EN_LG.png;No;Meta Live
Cinccino;Dialga;MEG 95;1;1;1;1,0;0,05;20;5,0;MEG;95;Rare;Basic;https://limitlesstcg.nyc3.cdn.digitaloceanspaces.com/tpci/MEG/MEG_095_R_EN_LG.png;No;Meta Live
Cinccino;Hilda;WHT 84;3;2;2;1,5;0,15;20;10,0;WHT;84;Uncommon;Supporter;https://limitlesstcg.nyc3.cdn.digitaloceanspaces.com/tpci/WHT/WHT_084_R_EN_LG.png;No;Meta Live
Cinccino;Xerosic's Machinations;SFA 64;2;1;2;1,0;0,1;20;10,0;SFA;64;Uncommon;Supporter;https://limitlesstcg.nyc3.cdn.digitaloceanspaces.com/tpci/SFA/SFA_064_R_EN_LG.png;No;Meta Live
Cinccino;Redeemable Ticket;JTG 156;1;1;1;1,0;0,05;20;5,0;JTG;156;Uncommon;Item;https://limitlesstcg.nyc3.cdn.digitaloceanspaces.com/tpci/JTG/JTG_156_R_EN_LG.png;No;Meta Live
Cinccino;Sacred Ash;DRI 168;2;1;2;1,0;0,1;20;10,0;DRI;168;Uncommon;Item;https://limitlesstcg.nyc3.cdn.digitaloceanspaces.com/tpci/DRI/DRI_168_R_EN_LG.png;No;Meta Live
Cinccino;Dwebble;DRI 11;3;3;1;3,0;0,15;20;5,0;DRI;11;Common;Basic;https://limitlesstcg.nyc3.cdn.digitaloceanspaces.com/tpci/DRI/DRI_011_R_EN_LG.png;No;Meta Live
Cinccino;Crustle;DRI 12;3;3;1;3,0;0,15;20;5,0;DRI;12;Rare;Stage 1;https://limitlesstcg.nyc3.cdn.digitaloceanspaces.com/tpci/DRI/DRI_012_R_EN_LG.png;No;Meta Live
Cinccino;Dunsparce;JTG 120;2;2;1;2,0;0,1;20;5,0;JTG;120;Common;Basic;https://limitlesstcg.nyc3.cdn.digitaloceanspaces.com/tpci/JTG/JTG_120_R_EN_LG.png;No;Meta Live
Cinccino;Dudunsparce;TEF 129;2;2;1;2,0;0,1;20;5,0;TEF;129;Rare;Stage 1;https://limitlesstcg.nyc3.cdn.digitaloceanspaces.com/tpci/TEF/TEF_129_R_EN_LG.png;No;Meta Live
Cinccino;Psyduck;ASC 39;1;1;1;1,0;0,05;20;5,0;ASC;39;Common;Basic;https://limitlesstcg.nyc3.cdn.digitaloceanspaces.com/tpci/ASC/ASC_039_R_EN_LG.png;No;Meta Live
Cinccino;Crispin;SCR 133;2;2;1;2,0;0,1;20;5,0;SCR;133;Uncommon;Supporter;https://limitlesstcg.nyc3.cdn.digitaloceanspaces.com/tpci/SCR/SCR_133_R_EN_LG.png;No;Meta Live
Cinccino;Poké Pad;POR 81;4;4;1;4,0;0,2;20;5,0;POR;81;Uncommon;Item;https://limitlesstcg.nyc3.cdn.digitaloceanspaces.com/tpci/POR/POR_081_R_EN_LG.png;No;Meta Live
Cinccino;Crushing Hammer;POR 71;5;3;2;2,5;0,25;20;10,0;POR;71;Common;Item;https://limitlesstcg.nyc3.cdn.digitaloceanspaces.com/tpci/POR/POR_071_R_EN_LG.png;No;Meta Live
Cinccino;Unfair Stamp;TWM 165;1;1;1;1,0;0,05;20;5,0;TWM;165;Ultra Rare;Item;https://limitlesstcg.nyc3.cdn.digitaloceanspaces.com/tpci/TWM/TWM_165_R_EN_LG.png;Yes;Meta Live
Cinccino;Levincia;JTG 150;2;2;1;2,0;0,1;20;5,0;JTG;150;Uncommon;Stadium;https://limitlesstcg.nyc3.cdn.digitaloceanspaces.com/tpci/JTG/JTG_150_R_EN_LG.png;No;Meta Live
Cinccino;Grass Energy;MEE 9;5;5;1;5,0;0,25;20;5,0;MEE;9;;Basic Energy;;No;Meta Live
Cinccino;Lightning Energy;MEE 12;4;4;1;4,0;0,2;20;5,0;MEE;12;;Basic Energy;;No;Meta Live
Cinccino;Ignition Energy;WHT 86;1;1;1;1,0;0,05;20;5,0;WHT;86;Uncommon;Special Energy;https://limitlesstcg.nyc3.cdn.digitaloceanspaces.com/tpci/WHT/WHT_086_R_EN_LG.png;No;Meta Live
Cinccino;Judge;POR 76;2;2;1;2,0;0,1;20;5,0;POR;76;Uncommon;Supporter;https://limitlesstcg.nyc3.cdn.digitaloceanspaces.com/tpci/POR/POR_076_R_EN_LG.png;No;Meta Live
Cinccino;Pokégear 3.0;SVI 186;3;2;2;1,5;0,15;20;10,0;SVI;186;Common;Item;https://limitlesstcg.nyc3.cdn.digitaloceanspaces.com/tpci/SVI/SVI_186_R_EN_LG.png;No;Meta Live
Cinccino;Steven's Skarmory;DRI 142;1;1;1;1,0;0,05;20;5,0;DRI;142;Common;Basic;https://limitlesstcg.nyc3.cdn.digitaloceanspaces.com/tpci/DRI/DRI_142_R_EN_LG.png;No;Meta Live
Cinccino;Brock's Scouting;JTG 146;3;3;1;3,0;0,15;20;5,0;JTG;146;Uncommon;Supporter;https://limitlesstcg.nyc3.cdn.digitaloceanspaces.com/tpci/JTG/JTG_146_R_EN_LG.png;No;Meta Live
Cinccino;Jumbo Ice Cream;PFL 91;4;3;2;2,0;0,2;20;10,0;PFL;91;Uncommon;Item;https://limitlesstcg.nyc3.cdn.digitaloceanspaces.com/tpci/PFL/PFL_091_R_EN_LG.png;No;Meta Live
Cinccino;Shieldon;PBL 61;2;2;1;2,0;0,1;20;5,0;PBL;61;Common;Stage 1;https://limitlesstcg.nyc3.cdn.digitaloceanspaces.com/tpci/PBL/PBL_061_R_EN_LG.png;No;Meta Live
Cinccino;Bastiodon;PBL 62;2;2;1;2,0;0,1;20;5,0;PBL;62;Rare;Stage 2;https://limitlesstcg.nyc3.cdn.digitaloceanspaces.com/tpci/PBL/PBL_062_R_EN_LG.png;No;Meta Live
Cinccino;Antique Armor Fossil;PBL 72;2;2;1;2,0;0,1;20;5,0;PBL;72;Common;Item;https://limitlesstcg.nyc3.cdn.digitaloceanspaces.com/tpci/PBL/PBL_072_R_EN_LG.png;No;Meta Live
Cinccino;Handheld Fan;TWM 150;2;2;1;2,0;0,1;20;5,0;TWM;150;Uncommon;Tool;https://limitlesstcg.nyc3.cdn.digitaloceanspaces.com/tpci/TWM/TWM_150_R_EN_LG.png;No;Meta Live
Cinccino;Fossil Quarry;PBL 76;3;3;1;3,0;0,15;20;5,0;PBL;76;Uncommon;Stadium;https://limitlesstcg.nyc3.cdn.digitaloceanspaces.com/tpci/PBL/PBL_076_R_EN_LG.png;No;Meta Live
Marnie's Grimmsnarl;Marnie's Impidimp;DRI 134;64;4;20;3,2;3,2;20;100,0;DRI;134;Common;Basic;https://limitlesstcg.nyc3.cdn.digitaloceanspaces.com/tpci/DRI/DRI_134_R_EN_LG.png;No;Meta Live
Marnie's Grimmsnarl;Marnie's Morgrem;DRI 135;36;2;19;1,89;1,8;20;95,0;DRI;135;Uncommon;Stage 1;https://limitlesstcg.nyc3.cdn.digitaloceanspaces.com/tpci/DRI/DRI_135_R_EN_LG.png;No;Meta Live
Marnie's Grimmsnarl;Marnie's Grimmsnarl ex;DRI 136;47;3;20;2,35;2,35;20;100,0;DRI;136;Double Rare;Stage 2;https://limitlesstcg.nyc3.cdn.digitaloceanspaces.com/tpci/DRI/DRI_136_R_EN_LG.png;No;Meta Live
Marnie's Grimmsnarl;Duskull;PRE 35;18;4;6;3,0;0,9;20;30,0;PRE;35;Common;Basic;https://limitlesstcg.nyc3.cdn.digitaloceanspaces.com/tpci/PRE/PRE_035_R_EN_LG.png;No;Meta Live
Marnie's Grimmsnarl;Dusclops;PRE 36;12;3;6;2,0;0,6;20;30,0;PRE;36;Common;Stage 1;https://limitlesstcg.nyc3.cdn.digitaloceanspaces.com/tpci/PRE/PRE_036_R_EN_LG.png;No;Meta Live
Marnie's Grimmsnarl;Dusknoir;PRE 37;14;3;6;2,33;0,7;20;30,0;PRE;37;Rare;Stage 2;https://limitlesstcg.nyc3.cdn.digitaloceanspaces.com/tpci/PRE/PRE_037_R_EN_LG.png;No;Meta Live
Marnie's Grimmsnarl;Dunsparce;JTG 120;28;3;11;2,55;1,4;20;55,0;JTG;120;Common;Basic;https://limitlesstcg.nyc3.cdn.digitaloceanspaces.com/tpci/JTG/JTG_120_R_EN_LG.png;No;Meta Live
Marnie's Grimmsnarl;Dudunsparce;TEF 129;23;3;11;2,09;1,15;20;55,0;TEF;129;Rare;Stage 1;https://limitlesstcg.nyc3.cdn.digitaloceanspaces.com/tpci/TEF/TEF_129_R_EN_LG.png;No;Meta Live
Marnie's Grimmsnarl;Dudunsparce ex;JTG 121;7;1;7;1,0;0,35;20;35,0;JTG;121;Double Rare;Stage 1;https://limitlesstcg.nyc3.cdn.digitaloceanspaces.com/tpci/JTG/JTG_121_R_EN_LG.png;No;Meta Live
Marnie's Grimmsnarl;Munkidori;TWM 95;44;4;17;2,59;2,2;20;85,0;TWM;95;Rare;Basic;https://limitlesstcg.nyc3.cdn.digitaloceanspaces.com/tpci/TWM/TWM_095_R_EN_LG.png;No;Meta Live
Marnie's Grimmsnarl;Fezandipiti ex;ASC 142;7;1;7;1,0;0,35;20;35,0;ASC;142;Double Rare;Basic;https://limitlesstcg.nyc3.cdn.digitaloceanspaces.com/tpci/ASC/ASC_142_R_EN_LG.png;No;Meta Live
Marnie's Grimmsnarl;Shaymin;DRI 10;6;1;6;1,0;0,3;20;30,0;DRI;10;Uncommon;Basic;https://limitlesstcg.nyc3.cdn.digitaloceanspaces.com/tpci/DRI/DRI_010_R_EN_LG.png;No;Meta Live
Marnie's Grimmsnarl;Budew;ASC 16;13;2;11;1,18;0,65;20;55,0;ASC;16;Common;Basic;https://limitlesstcg.nyc3.cdn.digitaloceanspaces.com/tpci/ASC/ASC_016_R_EN_LG.png;No;Meta Live
Marnie's Grimmsnarl;Lillie's Determination;MEG 119;78;4;20;3,9;3,9;20;100,0;MEG;119;Uncommon;Supporter;https://limitlesstcg.nyc3.cdn.digitaloceanspaces.com/tpci/MEG/MEG_119_R_EN_LG.png;No;Meta Live
Marnie's Grimmsnarl;Boss's Orders;MEG 114;46;3;18;2,56;2,3;20;90,0;MEG;114;Uncommon;Supporter;https://limitlesstcg.nyc3.cdn.digitaloceanspaces.com/tpci/MEG/MEG_114_R_EN_LG.png;No;Meta Live
Marnie's Grimmsnarl;Dawn;PFL 87;27;3;12;2,25;1,35;20;60,0;PFL;87;Uncommon;Supporter;https://limitlesstcg.nyc3.cdn.digitaloceanspaces.com/tpci/PFL/PFL_087_R_EN_LG.png;No;Meta Live
Marnie's Grimmsnarl;Lana's Aid;TWM 155;1;1;1;1,0;0,05;20;5,0;TWM;155;Uncommon;Supporter;https://limitlesstcg.nyc3.cdn.digitaloceanspaces.com/tpci/TWM/TWM_155_R_EN_LG.png;No;Meta Live
Marnie's Grimmsnarl;Team Rocket's Petrel;DRI 176;19;4;10;1,9;0,95;20;50,0;DRI;176;Uncommon;Supporter;https://limitlesstcg.nyc3.cdn.digitaloceanspaces.com/tpci/DRI/DRI_176_R_EN_LG.png;No;Meta Live
Marnie's Grimmsnarl;Buddy-Buddy Poffin;TEF 144;69;4;19;3,63;3,45;20;95,0;TEF;144;Uncommon;Item;https://limitlesstcg.nyc3.cdn.digitaloceanspaces.com/tpci/TEF/TEF_144_R_EN_LG.png;No;Meta Live
Marnie's Grimmsnarl;Poké Pad;POR 81;71;4;19;3,74;3,55;20;95,0;POR;81;Uncommon;Item;https://limitlesstcg.nyc3.cdn.digitaloceanspaces.com/tpci/POR/POR_081_R_EN_LG.png;No;Meta Live
Marnie's Grimmsnarl;Night Stretcher;ASC 196;41;3;17;2,41;2,05;20;85,0;ASC;196;Common;Item;https://limitlesstcg.nyc3.cdn.digitaloceanspaces.com/tpci/ASC/ASC_196_R_EN_LG.png;No;Meta Live
Marnie's Grimmsnarl;Rare Candy;MEG 125;56;4;20;2,8;2,8;20;100,0;MEG;125;Common;Item;https://limitlesstcg.nyc3.cdn.digitaloceanspaces.com/tpci/MEG/MEG_125_R_EN_LG.png;No;Meta Live
Marnie's Grimmsnarl;Crushing Hammer;POR 71;2;2;1;2,0;0,1;20;5,0;POR;71;Common;Item;https://limitlesstcg.nyc3.cdn.digitaloceanspaces.com/tpci/POR/POR_071_R_EN_LG.png;No;Meta Live
Marnie's Grimmsnarl;Special Red Card;CRI 82;16;2;14;1,14;0,8;20;70,0;CRI;82;Uncommon;Item;https://limitlesstcg.nyc3.cdn.digitaloceanspaces.com/tpci/CRI/CRI_082_R_EN_LG.png;No;Meta Live
Marnie's Grimmsnarl;Unfair Stamp;TWM 165;5;1;5;1,0;0,25;20;25,0;TWM;165;Ultra Rare;Item;https://limitlesstcg.nyc3.cdn.digitaloceanspaces.com/tpci/TWM/TWM_165_R_EN_LG.png;Yes;Meta Live
Marnie's Grimmsnarl;Air Balloon;ASC 181;10;2;9;1,11;0,5;20;45,0;ASC;181;Uncommon;Tool;https://limitlesstcg.nyc3.cdn.digitaloceanspaces.com/tpci/ASC/ASC_181_R_EN_LG.png;No;Meta Live
Marnie's Grimmsnarl;Spikemuth Gym;DRI 169;59;4;18;3,28;2,95;20;90,0;DRI;169;Uncommon;Stadium;https://limitlesstcg.nyc3.cdn.digitaloceanspaces.com/tpci/DRI/DRI_169_R_EN_LG.png;No;Meta Live
Marnie's Grimmsnarl;Darkness Energy;MEE 7;163;11;20;8,15;8,15;20;100,0;MEE;7;;Basic Energy;https://limitlesstcg.nyc3.cdn.digitaloceanspaces.com/tpci/MEE/MEE_007_R_EN_LG.png;No;Meta Live
Marnie's Grimmsnarl;Pecharunt ex;SFA 39;11;2;9;1,22;0,55;20;45,0;SFA;39;Double Rare;Basic;https://limitlesstcg.nyc3.cdn.digitaloceanspaces.com/tpci/SFA/SFA_039_R_EN_LG.png;No;Meta Live
Marnie's Grimmsnarl;Yveltal;MEG 88;3;1;3;1,0;0,15;20;15,0;MEG;88;Rare;Basic;https://limitlesstcg.nyc3.cdn.digitaloceanspaces.com/tpci/MEG/MEG_088_R_EN_LG.png;No;Meta Live
Marnie's Grimmsnarl;Secret Box;TWM 163;5;1;5;1,0;0,25;20;25,0;TWM;163;Ultra Rare;Item;https://limitlesstcg.nyc3.cdn.digitaloceanspaces.com/tpci/TWM/TWM_163_R_EN_LG.png;Yes;Meta Live
Marnie's Grimmsnarl;Binding Mochi;PRE 95;3;1;3;1,0;0,15;20;15,0;PRE;95;Uncommon;Tool;https://limitlesstcg.nyc3.cdn.digitaloceanspaces.com/tpci/PRE/PRE_095_R_EN_LG.png;No;Meta Live
Marnie's Grimmsnarl;Risky Ruins;MEG 127;8;2;4;2,0;0,4;20;20,0;MEG;127;Uncommon;Stadium;https://limitlesstcg.nyc3.cdn.digitaloceanspaces.com/tpci/MEG/MEG_127_R_EN_LG.png;No;Meta Live
Marnie's Grimmsnarl;Psyduck;ASC 39;2;1;2;1,0;0,1;20;10,0;ASC;39;Common;Basic;https://limitlesstcg.nyc3.cdn.digitaloceanspaces.com/tpci/ASC/ASC_039_R_EN_LG.png;No;Meta Live
Marnie's Grimmsnarl;Gwynn;PBL 78;6;2;4;1,5;0,3;20;20,0;PBL;78;Uncommon;Supporter;https://limitlesstcg.nyc3.cdn.digitaloceanspaces.com/tpci/PBL/PBL_078_R_EN_LG.png;No;Meta Live
Marnie's Grimmsnarl;Jumbo Ice Cream;PFL 91;6;3;2;3,0;0,3;20;10,0;PFL;91;Uncommon;Item;https://limitlesstcg.nyc3.cdn.digitaloceanspaces.com/tpci/PFL/PFL_091_R_EN_LG.png;No;Meta Live
Marnie's Grimmsnarl;Ultra Ball;MEG 131;20;3;9;2,22;1,0;20;45,0;MEG;131;Common;Item;https://limitlesstcg.nyc3.cdn.digitaloceanspaces.com/tpci/MEG/MEG_131_R_EN_LG.png;No;Meta Live
Marnie's Grimmsnarl;Hero's Cape;TEF 152;3;1;3;1,0;0,15;20;15,0;TEF;152;Ultra Rare;Tool;https://limitlesstcg.nyc3.cdn.digitaloceanspaces.com/tpci/TEF/TEF_152_R_EN_LG.png;Yes;Meta Live
Marnie's Grimmsnarl;Torchic;DRI 40;4;2;2;2,0;0,2;20;10,0;DRI;40;Common;Basic;https://limitlesstcg.nyc3.cdn.digitaloceanspaces.com/tpci/DRI/DRI_040_R_EN_LG.png;No;Meta Live
Marnie's Grimmsnarl;Combusken;DRI 41;2;1;2;1,0;0,1;20;10,0;DRI;41;Common;Stage 1;https://limitlesstcg.nyc3.cdn.digitaloceanspaces.com/tpci/DRI/DRI_041_R_EN_LG.png;No;Meta Live
Marnie's Grimmsnarl;Blaziken ex;JTG 24;4;2;2;2,0;0,2;20;10,0;JTG;24;Double Rare;Stage 2;https://limitlesstcg.nyc3.cdn.digitaloceanspaces.com/tpci/JTG/JTG_024_R_EN_LG.png;No;Meta Live
Marnie's Grimmsnarl;Snorunt;ASC 46;4;2;2;2,0;0,2;20;10,0;ASC;46;Common;Basic;https://limitlesstcg.nyc3.cdn.digitaloceanspaces.com/tpci/ASC/ASC_046_R_EN_LG.png;No;Meta Live
Marnie's Grimmsnarl;Froslass;TWM 53;2;1;2;1,0;0,1;20;10,0;TWM;53;Rare;Stage 1;https://limitlesstcg.nyc3.cdn.digitaloceanspaces.com/tpci/TWM/TWM_053_R_EN_LG.png;No;Meta Live
Marnie's Grimmsnarl;Meowth ex;POR 62;3;1;3;1,0;0,15;20;15,0;POR;62;Double Rare;Basic;https://limitlesstcg.nyc3.cdn.digitaloceanspaces.com/tpci/POR/POR_062_R_EN_LG.png;No;Meta Live
Marnie's Grimmsnarl;Mew ex;30C 66;4;2;3;1,33;0,2;20;15,0;30C;66;Double Rare;Basic;https://limitlesstcg.nyc3.cdn.digitaloceanspaces.com/tpci/30C/30C_066_R_EN_LG.png;No;Meta Live
Marnie's Grimmsnarl;Energy Search;POR 72;2;1;2;1,0;0,1;20;10,0;POR;72;Common;Item;https://limitlesstcg.nyc3.cdn.digitaloceanspaces.com/tpci/POR/POR_072_R_EN_LG.png;No;Meta Live
Marnie's Grimmsnarl;Team Rocket's Watchtower;DRI 180;2;1;2;1,0;0,1;20;10,0;DRI;180;Uncommon;Stadium;https://limitlesstcg.nyc3.cdn.digitaloceanspaces.com/tpci/DRI/DRI_180_R_EN_LG.png;No;Meta Live
Marnie's Grimmsnarl;Fire Energy;MEE 10;2;1;2;1,0;0,1;20;10,0;MEE;10;;Basic Energy;;No;Meta Live
Marnie's Grimmsnarl;Psychic Energy;MEE 13;2;1;2;1,0;0,1;20;10,0;MEE;13;;Basic Energy;;No;Meta Live
Marnie's Grimmsnarl;Maractus;JTG 8;16;4;4;4,0;0,8;20;20,0;JTG;8;Uncommon;Basic;https://limitlesstcg.nyc3.cdn.digitaloceanspaces.com/tpci/JTG/JTG_008_R_EN_LG.png;No;Meta Live
Marnie's Grimmsnarl;Judge;POR 76;11;3;8;1,38;0,55;20;40,0;POR;76;Uncommon;Supporter;https://limitlesstcg.nyc3.cdn.digitaloceanspaces.com/tpci/POR/POR_076_R_EN_LG.png;No;Meta Live
Marnie's Grimmsnarl;Switch;MEG 130;8;2;4;2,0;0,4;20;20,0;MEG;130;Common;Item;https://limitlesstcg.nyc3.cdn.digitaloceanspaces.com/tpci/MEG/MEG_130_R_EN_LG.png;No;Meta Live
Marnie's Grimmsnarl;Punk Helmet;PFL 92;16;3;7;2,29;0,8;20;35,0;PFL;92;Uncommon;Tool;https://limitlesstcg.nyc3.cdn.digitaloceanspaces.com/tpci/PFL/PFL_092_R_EN_LG.png;No;Meta Live
Marnie's Grimmsnarl;Hilda;WHT 84;9;3;3;3,0;0,45;20;15,0;WHT;84;Uncommon;Supporter;https://limitlesstcg.nyc3.cdn.digitaloceanspaces.com/tpci/WHT/WHT_084_R_EN_LG.png;No;Meta Live
Marnie's Grimmsnarl;Enriching Energy;SSP 191;1;1;1;1,0;0,05;20;5,0;SSP;191;Ultra Rare;Special Energy;https://limitlesstcg.nyc3.cdn.digitaloceanspaces.com/tpci/SSP/SSP_191_R_EN_LG.png;Yes;Meta Live
Marnie's Grimmsnarl;Team Rocket's Transceiver;DRI 178;1;1;1;1,0;0,05;20;5,0;DRI;178;Uncommon;Item;https://limitlesstcg.nyc3.cdn.digitaloceanspaces.com/tpci/DRI/DRI_178_R_EN_LG.png;No;Meta Live
Marnie's Grimmsnarl;Dark Bell;PBL 75;3;2;2;1,5;0,15;20;10,0;PBL;75;Uncommon;Item;https://limitlesstcg.nyc3.cdn.digitaloceanspaces.com/tpci/PBL/PBL_075_R_EN_LG.png;No;Meta Live
Marnie's Grimmsnarl;Carvanha;PFL 60;2;2;1;2,0;0,1;20;5,0;PFL;60;Common;Basic;https://limitlesstcg.nyc3.cdn.digitaloceanspaces.com/tpci/PFL/PFL_060_R_EN_LG.png;No;Meta Live
Marnie's Grimmsnarl;Mega Sharpedo ex;PFL 61;2;2;1;2,0;0,1;20;5,0;PFL;61;Double Rare;Stage 1;https://limitlesstcg.nyc3.cdn.digitaloceanspaces.com/tpci/PFL/PFL_061_R_EN_LG.png;No;Meta Live
Marnie's Grimmsnarl;Toxel;PFL 67;2;2;1;2,0;0,1;20;5,0;PFL;67;Common;Basic;https://limitlesstcg.nyc3.cdn.digitaloceanspaces.com/tpci/PFL/PFL_067_R_EN_LG.png;No;Meta Live
Marnie's Grimmsnarl;Toxtricity;PFL 68;4;2;2;2,0;0,2;20;10,0;PFL;68;Rare;Stage 1;https://limitlesstcg.nyc3.cdn.digitaloceanspaces.com/tpci/PFL/PFL_068_R_EN_LG.png;No;Meta Live
Marnie's Grimmsnarl;Mega Absol ex;MEG 86;1;1;1;1,0;0,05;20;5,0;MEG;86;Double Rare;Basic;https://limitlesstcg.nyc3.cdn.digitaloceanspaces.com/tpci/MEG/MEG_086_R_EN_LG.png;No;Meta Live
Marnie's Grimmsnarl;Tatsugiri;TWM 131;2;1;2;1,0;0,1;20;10,0;TWM;131;Uncommon;Basic;https://limitlesstcg.nyc3.cdn.digitaloceanspaces.com/tpci/TWM/TWM_131_R_EN_LG.png;No;Meta Live
Marnie's Grimmsnarl;Rosa's Encouragement;POR 84;1;1;1;1,0;0,05;20;5,0;POR;84;Uncommon;Supporter;https://limitlesstcg.nyc3.cdn.digitaloceanspaces.com/tpci/POR/POR_084_R_EN_LG.png;No;Meta Live
Marnie's Grimmsnarl;Energy Switch;MEG 115;5;3;2;2,5;0,25;20;10,0;MEG;115;Common;Item;https://limitlesstcg.nyc3.cdn.digitaloceanspaces.com/tpci/MEG/MEG_115_R_EN_LG.png;No;Meta Live
Marnie's Grimmsnarl;Precious Trolley;SSP 185;1;1;1;1,0;0,05;20;5,0;SSP;185;Ultra Rare;Item;https://limitlesstcg.nyc3.cdn.digitaloceanspaces.com/tpci/SSP/SSP_185_R_EN_LG.png;Yes;Meta Live
Marnie's Grimmsnarl;Mega Signal;MEG 121;1;1;1;1,0;0,05;20;5,0;MEG;121;Uncommon;Item;https://limitlesstcg.nyc3.cdn.digitaloceanspaces.com/tpci/MEG/MEG_121_R_EN_LG.png;No;Meta Live
Marnie's Grimmsnarl;Shadowy Darkness Energy;PBL 83;1;1;1;1,0;0,05;20;5,0;PBL;83;Rare;Special Energy;https://limitlesstcg.nyc3.cdn.digitaloceanspaces.com/tpci/PBL/PBL_083_R_EN_LG.png;No;Meta Live
Marnie's Grimmsnarl;Prime Catcher;TEF 157;4;1;4;1,0;0,2;20;20,0;TEF;157;Ultra Rare;Item;https://limitlesstcg.nyc3.cdn.digitaloceanspaces.com/tpci/TEF/TEF_157_R_EN_LG.png;Yes;Meta Live
Marnie's Grimmsnarl;Telepathic Psychic Energy;POR 88;8;4;2;4,0;0,4;20;10,0;POR;88;Rare;Special Energy;https://limitlesstcg.nyc3.cdn.digitaloceanspaces.com/tpci/POR/POR_088_R_EN_LG.png;No;Meta Live
Marnie's Grimmsnarl;Marnie's Morpeko;DRI 137;2;2;1;2,0;0,1;20;5,0;DRI;137;Common;Basic;https://limitlesstcg.nyc3.cdn.digitaloceanspaces.com/tpci/DRI/DRI_137_R_EN_LG.png;No;Meta Live
Marnie's Grimmsnarl;Energy Recycler;DRI 164;2;2;1;2,0;0,1;20;5,0;DRI;164;Uncommon;Item;https://limitlesstcg.nyc3.cdn.digitaloceanspaces.com/tpci/DRI/DRI_164_R_EN_LG.png;No;Meta Live
Marnie's Grimmsnarl;Gastly;PFL 54;3;3;1;3,0;0,15;20;5,0;PFL;54;Common;Basic;https://limitlesstcg.nyc3.cdn.digitaloceanspaces.com/tpci/PFL/PFL_054_R_EN_LG.png;No;Meta Live
Marnie's Grimmsnarl;Haunter;PFL 55;2;2;1;2,0;0,1;20;5,0;PFL;55;Uncommon;Stage 1;https://limitlesstcg.nyc3.cdn.digitaloceanspaces.com/tpci/PFL/PFL_055_R_EN_LG.png;No;Meta Live
Marnie's Grimmsnarl;Mega Gengar ex;PFL 56;2;2;1;2,0;0,1;20;5,0;PFL;56;Double Rare;Stage 2;https://limitlesstcg.nyc3.cdn.digitaloceanspaces.com/tpci/PFL/PFL_056_R_EN_LG.png;No;Meta Live
Marnie's Grimmsnarl;Gengar ex;30C 90;2;2;1;2,0;0,1;20;5,0;30C;90;Double Rare;Stage 2;https://limitlesstcg.nyc3.cdn.digitaloceanspaces.com/tpci/30C/30C_090_R_EN_LG.png;No;Meta Live
Marnie's Grimmsnarl;Grimsley's Move;PFL 90;4;4;1;4,0;0,2;20;5,0;PFL;90;Uncommon;Supporter;https://limitlesstcg.nyc3.cdn.digitaloceanspaces.com/tpci/PFL/PFL_090_R_EN_LG.png;No;Meta Live
Marnie's Grimmsnarl;Iris's Fighting Spirit;JTG 149;2;2;1;2,0;0,1;20;5,0;JTG;149;Uncommon;Supporter;https://limitlesstcg.nyc3.cdn.digitaloceanspaces.com/tpci/JTG/JTG_149_R_EN_LG.png;No;Meta Live
Marnie's Grimmsnarl;Academy at Night;SFA 54;2;2;1;2,0;0,1;20;5,0;SFA;54;Uncommon;Stadium;https://limitlesstcg.nyc3.cdn.digitaloceanspaces.com/tpci/SFA/SFA_054_R_EN_LG.png;No;Meta Live
Lillie's Clefairy;Meowth ex;POR 62;68;4;19;3,58;3,4;20;95,0;POR;62;Double Rare;Basic;https://limitlesstcg.nyc3.cdn.digitaloceanspaces.com/tpci/POR/POR_062_R_EN_LG.png;No;Meta Live
Lillie's Clefairy;Mega Kangaskhan ex;MEG 104;74;4;19;3,89;3,7;20;95,0;MEG;104;Double Rare;Basic;https://limitlesstcg.nyc3.cdn.digitaloceanspaces.com/tpci/MEG/MEG_104_R_EN_LG.png;No;Meta Live
Lillie's Clefairy;Lillie's Clefairy ex;JTG 56;77;4;20;3,85;3,85;20;100,0;JTG;56;Double Rare;Basic;https://limitlesstcg.nyc3.cdn.digitaloceanspaces.com/tpci/JTG/JTG_056_R_EN_LG.png;No;Meta Live
Lillie's Clefairy;Latias ex;SSP 76;53;3;18;2,94;2,65;20;90,0;SSP;76;Double Rare;Basic;https://limitlesstcg.nyc3.cdn.digitaloceanspaces.com/tpci/SSP/SSP_076_R_EN_LG.png;No;Meta Live
Lillie's Clefairy;Fezandipiti ex;ASC 142;31;2;18;1,72;1,55;20;90,0;ASC;142;Double Rare;Basic;https://limitlesstcg.nyc3.cdn.digitaloceanspaces.com/tpci/ASC/ASC_142_R_EN_LG.png;No;Meta Live
Lillie's Clefairy;Wellspring Mask Ogerpon ex;TWM 64;36;2;18;2,0;1,8;20;90,0;TWM;64;Double Rare;Basic;https://limitlesstcg.nyc3.cdn.digitaloceanspaces.com/tpci/TWM/TWM_064_R_EN_LG.png;No;Meta Live
Lillie's Clefairy;Koraidon ex;ASC 121;17;1;17;1,0;0,85;20;85,0;ASC;121;Double Rare;Basic;https://limitlesstcg.nyc3.cdn.digitaloceanspaces.com/tpci/ASC/ASC_121_R_EN_LG.png;No;Meta Live
Lillie's Clefairy;Chien-Pao;SSP 56;17;1;17;1,0;0,85;20;85,0;SSP;56;Rare;Basic;https://limitlesstcg.nyc3.cdn.digitaloceanspaces.com/tpci/SSP/SSP_056_R_EN_LG.png;No;Meta Live
Lillie's Clefairy;Moltres;PFL 14;8;1;8;1,0;0,4;20;40,0;PFL;14;Rare;Basic;https://limitlesstcg.nyc3.cdn.digitaloceanspaces.com/tpci/PFL/PFL_014_R_EN_LG.png;No;Meta Live
Lillie's Clefairy;Crispin;SCR 133;74;4;19;3,89;3,7;20;95,0;SCR;133;Uncommon;Supporter;https://limitlesstcg.nyc3.cdn.digitaloceanspaces.com/tpci/SCR/SCR_133_R_EN_LG.png;No;Meta Live
Lillie's Clefairy;Boss's Orders;MEG 114;57;3;20;2,85;2,85;20;100,0;MEG;114;Uncommon;Supporter;https://limitlesstcg.nyc3.cdn.digitaloceanspaces.com/tpci/MEG/MEG_114_R_EN_LG.png;No;Meta Live
Lillie's Clefairy;Ciphermaniac's Codebreaking;TEF 145;14;2;8;1,75;0,7;20;40,0;TEF;145;Uncommon;Supporter;https://limitlesstcg.nyc3.cdn.digitaloceanspaces.com/tpci/TEF/TEF_145_R_EN_LG.png;No;Meta Live
Lillie's Clefairy;Cyrano;SSP 170;37;3;18;2,06;1,85;20;90,0;SSP;170;Uncommon;Supporter;https://limitlesstcg.nyc3.cdn.digitaloceanspaces.com/tpci/SSP/SSP_170_R_EN_LG.png;No;Meta Live
Lillie's Clefairy;Dusk Ball;SSP 175;60;4;18;3,33;3,0;20;90,0;SSP;175;Uncommon;Item;https://limitlesstcg.nyc3.cdn.digitaloceanspaces.com/tpci/SSP/SSP_175_R_EN_LG.png;No;Meta Live
Lillie's Clefairy;Ultra Ball;MEG 131;45;4;13;3,46;2,25;20;65,0;MEG;131;Common;Item;https://limitlesstcg.nyc3.cdn.digitaloceanspaces.com/tpci/MEG/MEG_131_R_EN_LG.png;No;Meta Live
Lillie's Clefairy;Wondrous Patch;PFL 94;60;4;20;3,0;3,0;20;100,0;PFL;94;Uncommon;Item;https://limitlesstcg.nyc3.cdn.digitaloceanspaces.com/tpci/PFL/PFL_094_R_EN_LG.png;No;Meta Live
Lillie's Clefairy;Special Red Card;CRI 82;5;1;5;1,0;0,25;20;25,0;CRI;82;Uncommon;Item;https://limitlesstcg.nyc3.cdn.digitaloceanspaces.com/tpci/CRI/CRI_082_R_EN_LG.png;No;Meta Live
Lillie's Clefairy;Prime Catcher;TEF 157;7;1;7;1,0;0,35;20;35,0;TEF;157;Ultra Rare;Item;https://limitlesstcg.nyc3.cdn.digitaloceanspaces.com/tpci/TEF/TEF_157_R_EN_LG.png;Yes;Meta Live
Lillie's Clefairy;Lillie's Pearl;JTG 151;51;3;20;2,55;2,55;20;100,0;JTG;151;Uncommon;Tool;https://limitlesstcg.nyc3.cdn.digitaloceanspaces.com/tpci/JTG/JTG_151_R_EN_LG.png;No;Meta Live
Lillie's Clefairy;Area Zero Underdepths;SCR 131;58;4;18;3,22;2,9;20;90,0;SCR;131;Uncommon;Stadium;https://limitlesstcg.nyc3.cdn.digitaloceanspaces.com/tpci/SCR/SCR_131_R_EN_LG.png;No;Meta Live
Lillie's Clefairy;Psychic Energy;MEE 5;79;7;19;4,16;3,95;20;95,0;MEE;5;;Basic Energy;https://limitlesstcg.nyc3.cdn.digitaloceanspaces.com/tpci/MEE/MEE_005_R_EN_LG.png;No;Meta Live
Lillie's Clefairy;Fighting Energy;MEE 6;33;2;17;1,94;1,65;20;85,0;MEE;6;;Basic Energy;https://limitlesstcg.nyc3.cdn.digitaloceanspaces.com/tpci/MEE/MEE_006_R_EN_LG.png;No;Meta Live
Lillie's Clefairy;Fire Energy;MEE 2;26;2;17;1,53;1,3;20;85,0;MEE;2;;Basic Energy;https://limitlesstcg.nyc3.cdn.digitaloceanspaces.com/tpci/MEE/MEE_002_R_EN_LG.png;No;Meta Live
Lillie's Clefairy;Water Energy;MEE 3;33;2;17;1,94;1,65;20;85,0;MEE;3;;Basic Energy;https://limitlesstcg.nyc3.cdn.digitaloceanspaces.com/tpci/MEE/MEE_003_R_EN_LG.png;No;Meta Live
Lillie's Clefairy;Telepathic Psychic Energy;POR 88;26;4;20;1,3;1,3;20;100,0;POR;88;Rare;Special Energy;https://limitlesstcg.nyc3.cdn.digitaloceanspaces.com/tpci/POR/POR_088_R_EN_LG.png;No;Meta Live
Lillie's Clefairy;Night Stretcher;ASC 196;31;3;11;2,82;1,55;20;55,0;ASC;196;Common;Item;https://limitlesstcg.nyc3.cdn.digitaloceanspaces.com/tpci/ASC/ASC_196_R_EN_LG.png;No;Meta Live
Lillie's Clefairy;Unfair Stamp;TWM 165;11;1;11;1,0;0,55;20;55,0;TWM;165;Ultra Rare;Item;https://limitlesstcg.nyc3.cdn.digitaloceanspaces.com/tpci/TWM/TWM_165_R_EN_LG.png;Yes;Meta Live
Lillie's Clefairy;Paldean Tauros;SSP 18;2;1;2;1,0;0,1;20;10,0;SSP;18;Uncommon;Basic;https://limitlesstcg.nyc3.cdn.digitaloceanspaces.com/tpci/SSP/SSP_018_R_EN_LG.png;No;Meta Live
Lillie's Clefairy;AZ's Tranquility;CRI 76;2;1;2;1,0;0,1;20;10,0;CRI;76;Uncommon;Supporter;https://limitlesstcg.nyc3.cdn.digitaloceanspaces.com/tpci/CRI/CRI_076_R_EN_LG.png;No;Meta Live
Lillie's Clefairy;Mew ex;30C 66;8;4;3;2,67;0,4;20;15,0;30C;66;Double Rare;Basic;https://limitlesstcg.nyc3.cdn.digitaloceanspaces.com/tpci/30C/30C_066_R_EN_LG.png;No;Meta Live
Lillie's Clefairy;Unown;30C 72;3;1;3;1,0;0,15;20;15,0;30C;72;Common;Basic;https://limitlesstcg.nyc3.cdn.digitaloceanspaces.com/tpci/30C/30C_072_R_EN_LG.png;No;Meta Live
Lillie's Clefairy;Judge;POR 76;11;2;6;1,83;0,55;20;30,0;POR;76;Uncommon;Supporter;https://limitlesstcg.nyc3.cdn.digitaloceanspaces.com/tpci/POR/POR_076_R_EN_LG.png;No;Meta Live
Lillie's Clefairy;Buneary;PFL 83;2;2;1;2,0;0,1;20;5,0;PFL;83;Common;Basic;https://limitlesstcg.nyc3.cdn.digitaloceanspaces.com/tpci/PFL/PFL_083_R_EN_LG.png;No;Meta Live
Lillie's Clefairy;Mega Lopunny ex;PFL 84;2;2;1;2,0;0,1;20;5,0;PFL;84;Double Rare;Stage 1;https://limitlesstcg.nyc3.cdn.digitaloceanspaces.com/tpci/PFL/PFL_084_R_EN_LG.png;No;Meta Live
Lillie's Clefairy;Team Rocket's Mimikyu;DRI 87;2;2;1;2,0;0,1;20;5,0;DRI;87;Uncommon;Basic;https://limitlesstcg.nyc3.cdn.digitaloceanspaces.com/tpci/DRI/DRI_087_R_EN_LG.png;No;Meta Live
Lillie's Clefairy;Mega Diancie ex;PFL 41;1;1;1;1,0;0,05;20;5,0;PFL;41;Double Rare;Basic;https://limitlesstcg.nyc3.cdn.digitaloceanspaces.com/tpci/PFL/PFL_041_R_EN_LG.png;No;Meta Live
Lillie's Clefairy;Brock's Scouting;JTG 146;2;2;1;2,0;0,1;20;5,0;JTG;146;Uncommon;Supporter;https://limitlesstcg.nyc3.cdn.digitaloceanspaces.com/tpci/JTG/JTG_146_R_EN_LG.png;No;Meta Live
Lillie's Clefairy;Lillie's Determination;MEG 119;6;4;2;3,0;0,3;20;10,0;MEG;119;Uncommon;Supporter;https://limitlesstcg.nyc3.cdn.digitaloceanspaces.com/tpci/MEG/MEG_119_R_EN_LG.png;No;Meta Live
Lillie's Clefairy;Team Rocket's Petrel;DRI 176;1;1;1;1,0;0,05;20;5,0;DRI;176;Uncommon;Supporter;https://limitlesstcg.nyc3.cdn.digitaloceanspaces.com/tpci/DRI/DRI_176_R_EN_LG.png;No;Meta Live
Lillie's Clefairy;Wally's Compassion;MEG 132;1;1;1;1,0;0,05;20;5,0;MEG;132;Uncommon;Supporter;https://limitlesstcg.nyc3.cdn.digitaloceanspaces.com/tpci/MEG/MEG_132_R_EN_LG.png;No;Meta Live
Lillie's Clefairy;Poké Pad;POR 81;5;3;2;2,5;0,25;20;10,0;POR;81;Uncommon;Item;https://limitlesstcg.nyc3.cdn.digitaloceanspaces.com/tpci/POR/POR_081_R_EN_LG.png;No;Meta Live
Lillie's Clefairy;Switch;MEG 130;2;2;1;2,0;0,1;20;5,0;MEG;130;Common;Item;https://limitlesstcg.nyc3.cdn.digitaloceanspaces.com/tpci/MEG/MEG_130_R_EN_LG.png;No;Meta Live
Lillie's Clefairy;Energy Retrieval;SVI 171;1;1;1;1,0;0,05;20;5,0;SVI;171;Common;Item;https://limitlesstcg.nyc3.cdn.digitaloceanspaces.com/tpci/SVI/SVI_171_R_EN_LG.png;No;Meta Live
Lillie's Clefairy;Energy Switch;MEG 115;1;1;1;1,0;0,05;20;5,0;MEG;115;Common;Item;https://limitlesstcg.nyc3.cdn.digitaloceanspaces.com/tpci/MEG/MEG_115_R_EN_LG.png;No;Meta Live
Lillie's Clefairy;Air Balloon;ASC 181;2;2;1;2,0;0,1;20;5,0;ASC;181;Uncommon;Tool;https://limitlesstcg.nyc3.cdn.digitaloceanspaces.com/tpci/ASC/ASC_181_R_EN_LG.png;No;Meta Live
Lillie's Clefairy;Mystery Garden;MEG 122;2;2;1;2,0;0,1;20;5,0;MEG;122;Uncommon;Stadium;https://limitlesstcg.nyc3.cdn.digitaloceanspaces.com/tpci/MEG/MEG_122_R_EN_LG.png;No;Meta Live
Lillie's Clefairy;Xerosic's Machinations;SFA 64;1;1;1;1,0;0,05;20;5,0;SFA;64;Uncommon;Supporter;https://limitlesstcg.nyc3.cdn.digitaloceanspaces.com/tpci/SFA/SFA_064_R_EN_LG.png;No;Meta Live
Lillie's Clefairy;Lively Stadium;SSP 180;1;1;1;1,0;0,05;20;5,0;SSP;180;Uncommon;Stadium;https://limitlesstcg.nyc3.cdn.digitaloceanspaces.com/tpci/SSP/SSP_180_R_EN_LG.png;No;Meta Live
Lillie's Clefairy;Heatran;PBL 7;14;2;7;2,0;0,7;20;35,0;PBL;7;Uncommon;Basic;https://limitlesstcg.nyc3.cdn.digitaloceanspaces.com/tpci/PBL/PBL_007_R_EN_LG.png;No;Meta Live
Lillie's Clefairy;Dreepy;TWM 128;4;4;1;4,0;0,2;20;5,0;TWM;128;Common;Basic;https://limitlesstcg.nyc3.cdn.digitaloceanspaces.com/tpci/TWM/TWM_128_R_EN_LG.png;No;Meta Live
Lillie's Clefairy;Drakloak;TWM 129;3;3;1;3,0;0,15;20;5,0;TWM;129;Common;Stage 1;https://limitlesstcg.nyc3.cdn.digitaloceanspaces.com/tpci/TWM/TWM_129_R_EN_LG.png;No;Meta Live
Lillie's Clefairy;Shuppet;PBL 33;2;2;1;2,0;0,1;20;5,0;PBL;33;Common;Basic;https://limitlesstcg.nyc3.cdn.digitaloceanspaces.com/tpci/PBL/PBL_033_R_EN_LG.png;No;Meta Live
Lillie's Clefairy;Banette;PBL 34;1;1;1;1,0;0,05;20;5,0;PBL;34;Uncommon;Stage 1;https://limitlesstcg.nyc3.cdn.digitaloceanspaces.com/tpci/PBL/PBL_034_R_EN_LG.png;No;Meta Live
Lillie's Clefairy;Munkidori;TWM 95;2;2;1;2,0;0,1;20;5,0;TWM;95;Rare;Basic;https://limitlesstcg.nyc3.cdn.digitaloceanspaces.com/tpci/TWM/TWM_095_R_EN_LG.png;No;Meta Live
Lillie's Clefairy;Psyduck;ASC 39;1;1;1;1,0;0,05;20;5,0;ASC;39;Common;Basic;https://limitlesstcg.nyc3.cdn.digitaloceanspaces.com/tpci/ASC/ASC_039_R_EN_LG.png;No;Meta Live
Lillie's Clefairy;Hilda;WHT 84;2;2;1;2,0;0,1;20;5,0;WHT;84;Uncommon;Supporter;https://limitlesstcg.nyc3.cdn.digitaloceanspaces.com/tpci/WHT/WHT_084_R_EN_LG.png;No;Meta Live
Lillie's Clefairy;Buddy-Buddy Poffin;TEF 144;3;3;1;3,0;0,15;20;5,0;TEF;144;Uncommon;Item;https://limitlesstcg.nyc3.cdn.digitaloceanspaces.com/tpci/TEF/TEF_144_R_EN_LG.png;No;Meta Live
Lillie's Clefairy;Pokégear 3.0;SVI 186;5;3;2;2,5;0,25;20;10,0;SVI;186;Common;Item;https://limitlesstcg.nyc3.cdn.digitaloceanspaces.com/tpci/SVI/SVI_186_R_EN_LG.png;No;Meta Live
Lillie's Clefairy;Nighttime Mine;ASC 197;2;2;1;2,0;0,1;20;5,0;ASC;197;Uncommon;Stadium;https://limitlesstcg.nyc3.cdn.digitaloceanspaces.com/tpci/ASC/ASC_197_R_EN_LG.png;No;Meta Live
Lillie's Clefairy;Battle Cage;PFL 85;1;1;1;1,0;0,05;20;5,0;PFL;85;Uncommon;Stadium;https://limitlesstcg.nyc3.cdn.digitaloceanspaces.com/tpci/PFL/PFL_085_R_EN_LG.png;No;Meta Live
Lillie's Clefairy;Darkness Energy;MEE 7;2;2;1;2,0;0,1;20;5,0;MEE;7;;Basic Energy;https://limitlesstcg.nyc3.cdn.digitaloceanspaces.com/tpci/MEE/MEE_007_R_EN_LG.png;No;Meta Live
Lillie's Clefairy;Legacy Energy;TWM 167;1;1;1;1,0;0,05;20;5,0;TWM;167;Ultra Rare;Special Energy;https://limitlesstcg.nyc3.cdn.digitaloceanspaces.com/tpci/TWM/TWM_167_R_EN_LG.png;Yes;Meta Live
Lillie's Clefairy;Rellor;DRI 24;3;3;1;3,0;0,15;20;5,0;DRI;24;Common;Basic;https://limitlesstcg.nyc3.cdn.digitaloceanspaces.com/tpci/DRI/DRI_024_R_EN_LG.png;No;Meta Live
Lillie's Clefairy;Capsakid;SSP 12;2;2;1;2,0;0,1;20;5,0;SSP;12;Common;Basic;https://limitlesstcg.nyc3.cdn.digitaloceanspaces.com/tpci/SSP/SSP_012_R_EN_LG.png;No;Meta Live
Lillie's Clefairy;Zarude;SSP 11;2;2;1;2,0;0,1;20;5,0;SSP;11;Rare;Basic;https://limitlesstcg.nyc3.cdn.digitaloceanspaces.com/tpci/SSP/SSP_011_R_EN_LG.png;No;Meta Live
Lillie's Clefairy;Iron Crown ex;TEF 81;1;1;1;1,0;0,05;20;5,0;TEF;81;Double Rare;Basic;https://limitlesstcg.nyc3.cdn.digitaloceanspaces.com/tpci/TEF/TEF_081_R_EN_LG.png;No;Meta Live
Lillie's Clefairy;Jirachi ex;30C 102;1;1;1;1,0;0,05;20;5,0;30C;102;Double Rare;Basic;https://limitlesstcg.nyc3.cdn.digitaloceanspaces.com/tpci/30C/30C_102_R_EN_LG.png;No;Meta Live
Lillie's Clefairy;Stunfisk;ASC 62;1;1;1;1,0;0,05;20;5,0;ASC;62;Common;Basic;https://limitlesstcg.nyc3.cdn.digitaloceanspaces.com/tpci/ASC/ASC_062_R_EN_LG.png;No;Meta Live
Lillie's Clefairy;Mist Energy;TEF 161;1;1;1;1,0;0,05;20;5,0;TEF;161;Uncommon;Special Energy;https://limitlesstcg.nyc3.cdn.digitaloceanspaces.com/tpci/TEF/TEF_161_R_EN_LG.png;No;Meta Live
Hydreigon;Hoothoot;SCR 114;18;3;6;3,0;0,9;20;30,0;SCR;114;Common;Basic;https://limitlesstcg.nyc3.cdn.digitaloceanspaces.com/tpci/SCR/SCR_114_R_EN_LG.png;No;Meta Live
Hydreigon;Noctowl;SCR 115;18;3;6;3,0;0,9;20;30,0;SCR;115;Rare;Stage 1;https://limitlesstcg.nyc3.cdn.digitaloceanspaces.com/tpci/SCR/SCR_115_R_EN_LG.png;No;Meta Live
Hydreigon;Deino;SSP 117;57;4;18;3,17;2,85;20;90,0;SSP;117;Common;Basic;https://limitlesstcg.nyc3.cdn.digitaloceanspaces.com/tpci/SSP/SSP_117_R_EN_LG.png;No;Meta Live
Hydreigon;Zweilous;SSP 118;21;3;18;1,17;1,05;20;90,0;SSP;118;Common;Stage 1;https://limitlesstcg.nyc3.cdn.digitaloceanspaces.com/tpci/SSP/SSP_118_R_EN_LG.png;No;Meta Live
Hydreigon;Hydreigon ex;SSP 119;52;4;20;2,6;2,6;20;100,0;SSP;119;Double Rare;Stage 2;https://limitlesstcg.nyc3.cdn.digitaloceanspaces.com/tpci/SSP/SSP_119_R_EN_LG.png;No;Meta Live
Hydreigon;Fan Rotom;SCR 118;12;2;6;2,0;0,6;20;30,0;SCR;118;Common;Basic;https://limitlesstcg.nyc3.cdn.digitaloceanspaces.com/tpci/SCR/SCR_118_R_EN_LG.png;No;Meta Live
Hydreigon;Teal Mask Ogerpon ex;TWM 25;13;3;6;2,17;0,65;20;30,0;TWM;25;Double Rare;Basic;https://limitlesstcg.nyc3.cdn.digitaloceanspaces.com/tpci/TWM/TWM_025_R_EN_LG.png;No;Meta Live
Hydreigon;Fezandipiti ex;ASC 142;14;1;14;1,0;0,7;20;70,0;ASC;142;Double Rare;Basic;https://limitlesstcg.nyc3.cdn.digitaloceanspaces.com/tpci/ASC/ASC_142_R_EN_LG.png;No;Meta Live
Hydreigon;Pecharunt ex;SFA 39;4;1;4;1,0;0,2;20;20,0;SFA;39;Double Rare;Basic;https://limitlesstcg.nyc3.cdn.digitaloceanspaces.com/tpci/SFA/SFA_039_R_EN_LG.png;No;Meta Live
Hydreigon;Budew;ASC 16;15;2;14;1,07;0,75;20;70,0;ASC;16;Common;Basic;https://limitlesstcg.nyc3.cdn.digitaloceanspaces.com/tpci/ASC/ASC_016_R_EN_LG.png;No;Meta Live
Hydreigon;Cornerstone Mask Ogerpon ex;TWM 112;4;1;4;1,0;0,2;20;20,0;TWM;112;Double Rare;Basic;https://limitlesstcg.nyc3.cdn.digitaloceanspaces.com/tpci/TWM/TWM_112_R_EN_LG.png;No;Meta Live
Hydreigon;Shaymin;DRI 10;7;1;7;1,0;0,35;20;35,0;DRI;10;Uncommon;Basic;https://limitlesstcg.nyc3.cdn.digitaloceanspaces.com/tpci/DRI/DRI_010_R_EN_LG.png;No;Meta Live
Hydreigon;Hilda;WHT 84;28;2;17;1,65;1,4;20;85,0;WHT;84;Uncommon;Supporter;https://limitlesstcg.nyc3.cdn.digitaloceanspaces.com/tpci/WHT/WHT_084_R_EN_LG.png;No;Meta Live
Hydreigon;Crispin;SCR 133;39;4;17;2,29;1,95;20;85,0;SCR;133;Uncommon;Supporter;https://limitlesstcg.nyc3.cdn.digitaloceanspaces.com/tpci/SCR/SCR_133_R_EN_LG.png;No;Meta Live
Hydreigon;Boss's Orders;MEG 114;40;3;20;2,0;2,0;20;100,0;MEG;114;Uncommon;Supporter;https://limitlesstcg.nyc3.cdn.digitaloceanspaces.com/tpci/MEG/MEG_114_R_EN_LG.png;No;Meta Live
Hydreigon;Lillie's Determination;MEG 119;58;4;19;3,05;2,9;20;95,0;MEG;119;Uncommon;Supporter;https://limitlesstcg.nyc3.cdn.digitaloceanspaces.com/tpci/MEG/MEG_119_R_EN_LG.png;No;Meta Live
Hydreigon;Buddy-Buddy Poffin;TEF 144;64;4;19;3,37;3,2;20;95,0;TEF;144;Uncommon;Item;https://limitlesstcg.nyc3.cdn.digitaloceanspaces.com/tpci/TEF/TEF_144_R_EN_LG.png;No;Meta Live
Hydreigon;Rare Candy;MEG 125;42;3;18;2,33;2,1;20;90,0;MEG;125;Common;Item;https://limitlesstcg.nyc3.cdn.digitaloceanspaces.com/tpci/MEG/MEG_125_R_EN_LG.png;No;Meta Live
Hydreigon;Poké Pad;POR 81;53;4;18;2,94;2,65;20;90,0;POR;81;Uncommon;Item;https://limitlesstcg.nyc3.cdn.digitaloceanspaces.com/tpci/POR/POR_081_R_EN_LG.png;No;Meta Live
Hydreigon;Energy Switch;MEG 115;12;2;6;2,0;0,6;20;30,0;MEG;115;Common;Item;https://limitlesstcg.nyc3.cdn.digitaloceanspaces.com/tpci/MEG/MEG_115_R_EN_LG.png;No;Meta Live
Hydreigon;Tera Orb;SSP 189;13;2;7;1,86;0,65;20;35,0;SSP;189;Uncommon;Item;https://limitlesstcg.nyc3.cdn.digitaloceanspaces.com/tpci/SSP/SSP_189_R_EN_LG.png;No;Meta Live
Hydreigon;Ultra Ball;MEG 131;46;3;18;2,56;2,3;20;90,0;MEG;131;Common;Item;https://limitlesstcg.nyc3.cdn.digitaloceanspaces.com/tpci/MEG/MEG_131_R_EN_LG.png;No;Meta Live
Hydreigon;Night Stretcher;ASC 196;29;4;15;1,93;1,45;20;75,0;ASC;196;Common;Item;https://limitlesstcg.nyc3.cdn.digitaloceanspaces.com/tpci/ASC/ASC_196_R_EN_LG.png;No;Meta Live
Hydreigon;Switch;MEG 130;16;2;11;1,45;0,8;20;55,0;MEG;130;Common;Item;https://limitlesstcg.nyc3.cdn.digitaloceanspaces.com/tpci/MEG/MEG_130_R_EN_LG.png;No;Meta Live
Hydreigon;Counter Gain;SSP 169;14;2;8;1,75;0,7;20;40,0;SSP;169;Uncommon;Tool;https://limitlesstcg.nyc3.cdn.digitaloceanspaces.com/tpci/SSP/SSP_169_R_EN_LG.png;No;Meta Live
Hydreigon;Area Zero Underdepths;SCR 131;12;2;7;1,71;0,6;20;35,0;SCR;131;Uncommon;Stadium;https://limitlesstcg.nyc3.cdn.digitaloceanspaces.com/tpci/SCR/SCR_131_R_EN_LG.png;No;Meta Live
Hydreigon;Grass Energy;MEE 9;24;4;6;4,0;1,2;20;30,0;MEE;9;;Basic Energy;;No;Meta Live
Hydreigon;Darkness Energy;MEE 15;71;8;20;3,55;3,55;20;100,0;MEE;15;;Basic Energy;;No;Meta Live
Hydreigon;Neo Upper Energy;TEF 162;15;1;15;1,0;0,75;20;75,0;TEF;162;Ultra Rare;Special Energy;https://limitlesstcg.nyc3.cdn.digitaloceanspaces.com/tpci/TEF/TEF_162_R_EN_LG.png;Yes;Meta Live
Hydreigon;Metal Energy;MEE 16;42;4;20;2,1;2,1;20;100,0;MEE;16;;Basic Energy;;No;Meta Live
Hydreigon;Psychic Energy;MEE 13;47;6;20;2,35;2,35;20;100,0;MEE;13;;Basic Energy;;No;Meta Live
Hydreigon;Fighting Energy;MEE 14;4;1;4;1,0;0,2;20;20,0;MEE;14;;Basic Energy;;No;Meta Live
Hydreigon;Drakloak;TWM 129;4;4;1;4,0;0,2;20;5,0;TWM;129;Common;Stage 1;https://limitlesstcg.nyc3.cdn.digitaloceanspaces.com/tpci/TWM/TWM_129_R_EN_LG.png;No;Meta Live
Hydreigon;Dragapult ex;TWM 130;1;1;1;1,0;0,05;20;5,0;TWM;130;Double Rare;Stage 2;https://limitlesstcg.nyc3.cdn.digitaloceanspaces.com/tpci/TWM/TWM_130_R_EN_LG.png;No;Meta Live
Hydreigon;Cinderace;MEG 28;4;4;1;4,0;0,2;20;5,0;MEG;28;Rare;Stage 2;https://limitlesstcg.nyc3.cdn.digitaloceanspaces.com/tpci/MEG/MEG_028_R_EN_LG.png;No;Meta Live
Hydreigon;Greninja ex;TWM 106;3;3;1;3,0;0,15;20;5,0;TWM;106;Double Rare;Stage 2;https://limitlesstcg.nyc3.cdn.digitaloceanspaces.com/tpci/TWM/TWM_106_R_EN_LG.png;No;Meta Live
Hydreigon;Tatsugiri ex;SSP 142;3;3;1;3,0;0,15;20;5,0;SSP;142;Double Rare;Basic;https://limitlesstcg.nyc3.cdn.digitaloceanspaces.com/tpci/SSP/SSP_142_R_EN_LG.png;No;Meta Live
Hydreigon;Dusknoir;PRE 37;2;2;1;2,0;0,1;20;5,0;PRE;37;Rare;Stage 2;https://limitlesstcg.nyc3.cdn.digitaloceanspaces.com/tpci/PRE/PRE_037_R_EN_LG.png;No;Meta Live
Hydreigon;Combusken;DRI 41;2;1;2;1,0;0,1;20;10,0;DRI;41;Common;Stage 1;https://limitlesstcg.nyc3.cdn.digitaloceanspaces.com/tpci/DRI/DRI_041_R_EN_LG.png;No;Meta Live
Hydreigon;Blaziken ex;JTG 24;5;4;2;2,5;0,25;20;10,0;JTG;24;Double Rare;Stage 2;https://limitlesstcg.nyc3.cdn.digitaloceanspaces.com/tpci/JTG/JTG_024_R_EN_LG.png;No;Meta Live
Hydreigon;Kofu;SCR 138;2;2;1;2,0;0,1;20;5,0;SCR;138;Uncommon;Supporter;https://limitlesstcg.nyc3.cdn.digitaloceanspaces.com/tpci/SCR/SCR_138_R_EN_LG.png;No;Meta Live
Hydreigon;Pokégear 3.0;SVI 186;8;4;2;4,0;0,4;20;10,0;SVI;186;Common;Item;https://limitlesstcg.nyc3.cdn.digitaloceanspaces.com/tpci/SVI/SVI_186_R_EN_LG.png;No;Meta Live
Hydreigon;Special Red Card;CRI 82;14;1;14;1,0;0,7;20;70,0;CRI;82;Uncommon;Item;https://limitlesstcg.nyc3.cdn.digitaloceanspaces.com/tpci/CRI/CRI_082_R_EN_LG.png;No;Meta Live
Hydreigon;Air Balloon;ASC 181;2;1;2;1,0;0,1;20;10,0;ASC;181;Uncommon;Tool;https://limitlesstcg.nyc3.cdn.digitaloceanspaces.com/tpci/ASC/ASC_181_R_EN_LG.png;No;Meta Live
Hydreigon;Sparkling Crystal;SCR 142;1;1;1;1,0;0,05;20;5,0;SCR;142;Ultra Rare;Tool;https://limitlesstcg.nyc3.cdn.digitaloceanspaces.com/tpci/SCR/SCR_142_R_EN_LG.png;Yes;Meta Live
Hydreigon;Fire Energy;MEE 2;6;4;3;2,0;0,3;20;15,0;MEE;2;;Basic Energy;https://limitlesstcg.nyc3.cdn.digitaloceanspaces.com/tpci/MEE/MEE_002_R_EN_LG.png;No;Meta Live
Hydreigon;Water Energy;MEE 3;2;2;1;2,0;0,1;20;5,0;MEE;3;;Basic Energy;https://limitlesstcg.nyc3.cdn.digitaloceanspaces.com/tpci/MEE/MEE_003_R_EN_LG.png;No;Meta Live
Hydreigon;Ditto;30C 115;4;4;1;4,0;0,2;20;5,0;30C;115;Common;Basic;https://limitlesstcg.nyc3.cdn.digitaloceanspaces.com/tpci/30C/30C_115_R_EN_LG.png;No;Meta Live
Hydreigon;Tyranitar;JTG 95;2;2;1;2,0;0,1;20;5,0;JTG;95;Rare;Stage 2;https://limitlesstcg.nyc3.cdn.digitaloceanspaces.com/tpci/JTG/JTG_095_R_EN_LG.png;No;Meta Live
Hydreigon;Gengar ex;30C 90;2;2;1;2,0;0,1;20;5,0;30C;90;Double Rare;Stage 2;https://limitlesstcg.nyc3.cdn.digitaloceanspaces.com/tpci/30C/30C_090_R_EN_LG.png;No;Meta Live
Hydreigon;Mega Gengar ex;PFL 56;2;2;1;2,0;0,1;20;5,0;PFL;56;Double Rare;Stage 2;https://limitlesstcg.nyc3.cdn.digitaloceanspaces.com/tpci/PFL/PFL_056_R_EN_LG.png;No;Meta Live
Hydreigon;Grimsley's Move;PFL 90;3;3;1;3,0;0,15;20;5,0;PFL;90;Uncommon;Supporter;https://limitlesstcg.nyc3.cdn.digitaloceanspaces.com/tpci/PFL/PFL_090_R_EN_LG.png;No;Meta Live
Hydreigon;Xerosic's Machinations;SFA 64;1;1;1;1,0;0,05;20;5,0;SFA;64;Uncommon;Supporter;https://limitlesstcg.nyc3.cdn.digitaloceanspaces.com/tpci/SFA/SFA_064_R_EN_LG.png;No;Meta Live
Hydreigon;Jumbo Ice Cream;PFL 91;2;2;1;2,0;0,1;20;5,0;PFL;91;Uncommon;Item;https://limitlesstcg.nyc3.cdn.digitaloceanspaces.com/tpci/PFL/PFL_091_R_EN_LG.png;No;Meta Live
Hydreigon;Energy Search;POR 72;2;1;2;1,0;0,1;20;10,0;POR;72;Common;Item;https://limitlesstcg.nyc3.cdn.digitaloceanspaces.com/tpci/POR/POR_072_R_EN_LG.png;No;Meta Live
Hydreigon;Backtrack Badge;PBL 74;4;4;1;4,0;0,2;20;5,0;PBL;74;Uncommon;Tool;https://limitlesstcg.nyc3.cdn.digitaloceanspaces.com/tpci/PBL/PBL_074_R_EN_LG.png;No;Meta Live
Hydreigon;Academy at Night;SFA 54;3;3;1;3,0;0,15;20;5,0;SFA;54;Uncommon;Stadium;https://limitlesstcg.nyc3.cdn.digitaloceanspaces.com/tpci/SFA/SFA_054_R_EN_LG.png;No;Meta Live
Hydreigon;Flutter Mane;TEF 78;1;1;1;1,0;0,05;20;5,0;TEF;78;Rare;Basic;https://limitlesstcg.nyc3.cdn.digitaloceanspaces.com/tpci/TEF/TEF_078_R_EN_LG.png;No;Meta Live
Hydreigon;Energy Recycler;DRI 164;5;1;5;1,0;0,25;20;25,0;DRI;164;Uncommon;Item;https://limitlesstcg.nyc3.cdn.digitaloceanspaces.com/tpci/DRI/DRI_164_R_EN_LG.png;No;Meta Live
Hydreigon;Dunsparce;TEF 128;23;3;8;2,88;1,15;20;40,0;TEF;128;Common;Basic;https://limitlesstcg.nyc3.cdn.digitaloceanspaces.com/tpci/TEF/TEF_128_R_EN_LG.png;No;Meta Live
Hydreigon;Dudunsparce;TEF 129;16;2;8;2,0;0,8;20;40,0;TEF;129;Rare;Stage 1;https://limitlesstcg.nyc3.cdn.digitaloceanspaces.com/tpci/TEF/TEF_129_R_EN_LG.png;No;Meta Live
Hydreigon;Dudunsparce ex;JTG 121;7;1;7;1,0;0,35;20;35,0;JTG;121;Double Rare;Stage 1;https://limitlesstcg.nyc3.cdn.digitaloceanspaces.com/tpci/JTG/JTG_121_R_EN_LG.png;No;Meta Live
Hydreigon;Munkidori;TWM 95;11;2;7;1,57;0,55;20;35,0;TWM;95;Rare;Basic;https://limitlesstcg.nyc3.cdn.digitaloceanspaces.com/tpci/TWM/TWM_095_R_EN_LG.png;No;Meta Live
Hydreigon;Lillie's Clefairy ex;JTG 56;9;1;9;1,0;0,45;20;45,0;JTG;56;Double Rare;Basic;https://limitlesstcg.nyc3.cdn.digitaloceanspaces.com/tpci/JTG/JTG_056_R_EN_LG.png;No;Meta Live
Hydreigon;Yveltal;MEG 88;5;1;5;1,0;0,25;20;25,0;MEG;88;Rare;Basic;https://limitlesstcg.nyc3.cdn.digitaloceanspaces.com/tpci/MEG/MEG_088_R_EN_LG.png;No;Meta Live
Hydreigon;Rosa's Encouragement;POR 84;5;1;5;1,0;0,25;20;25,0;POR;84;Uncommon;Supporter;https://limitlesstcg.nyc3.cdn.digitaloceanspaces.com/tpci/POR/POR_084_R_EN_LG.png;No;Meta Live
Hydreigon;Dawn;PFL 87;13;2;10;1,3;0,65;20;50,0;PFL;87;Uncommon;Supporter;https://limitlesstcg.nyc3.cdn.digitaloceanspaces.com/tpci/PFL/PFL_087_R_EN_LG.png;No;Meta Live
Hydreigon;Risky Ruins;MEG 127;7;2;6;1,17;0,35;20;30,0;MEG;127;Uncommon;Stadium;https://limitlesstcg.nyc3.cdn.digitaloceanspaces.com/tpci/MEG/MEG_127_R_EN_LG.png;No;Meta Live
Hydreigon;Gravity Mountain;SSP 177;5;1;5;1,0;0,25;20;25,0;SSP;177;Uncommon;Stadium;https://limitlesstcg.nyc3.cdn.digitaloceanspaces.com/tpci/SSP/SSP_177_R_EN_LG.png;No;Meta Live
Hydreigon;Steven's Beldum;DRI 143;9;3;3;3,0;0,45;20;15,0;DRI;143;Common;Basic;https://limitlesstcg.nyc3.cdn.digitaloceanspaces.com/tpci/DRI/DRI_143_R_EN_LG.png;No;Meta Live
Hydreigon;Steven's Metang;DRI 144;6;2;3;2,0;0,3;20;15,0;DRI;144;Uncommon;Stage 1;https://limitlesstcg.nyc3.cdn.digitaloceanspaces.com/tpci/DRI/DRI_144_R_EN_LG.png;No;Meta Live
Hydreigon;Steven's Metagross ex;DRI 145;9;3;3;3,0;0,45;20;15,0;DRI;145;Double Rare;Stage 2;https://limitlesstcg.nyc3.cdn.digitaloceanspaces.com/tpci/DRI/DRI_145_R_EN_LG.png;No;Meta Live
Hydreigon;Mew ex;30C 66;8;2;5;1,6;0,4;20;25,0;30C;66;Double Rare;Basic;https://limitlesstcg.nyc3.cdn.digitaloceanspaces.com/tpci/30C/30C_066_R_EN_LG.png;No;Meta Live
Hydreigon;Meowth ex;POR 62;7;2;6;1,17;0,35;20;30,0;POR;62;Double Rare;Basic;https://limitlesstcg.nyc3.cdn.digitaloceanspaces.com/tpci/POR/POR_062_R_EN_LG.png;No;Meta Live
Hydreigon;Genesect ex;BLK 67;3;1;3;1,0;0,15;20;15,0;BLK;67;Double Rare;Basic;https://limitlesstcg.nyc3.cdn.digitaloceanspaces.com/tpci/BLK/BLK_067_R_EN_LG.png;No;Meta Live
Hydreigon;Mega Latias ex;MEG 100;2;1;2;1,0;0,1;20;10,0;MEG;100;Double Rare;Basic;https://limitlesstcg.nyc3.cdn.digitaloceanspaces.com/tpci/MEG/MEG_100_R_EN_LG.png;No;Meta Live
Hydreigon;Latios;MEG 101;2;1;2;1,0;0,1;20;10,0;MEG;101;Uncommon;Basic;https://limitlesstcg.nyc3.cdn.digitaloceanspaces.com/tpci/MEG/MEG_101_R_EN_LG.png;No;Meta Live
Hydreigon;Ciphermaniac's Codebreaking;TEF 145;6;2;5;1,2;0,3;20;25,0;TEF;145;Uncommon;Supporter;https://limitlesstcg.nyc3.cdn.digitaloceanspaces.com/tpci/TEF/TEF_145_R_EN_LG.png;No;Meta Live
Hydreigon;Black Belt's Training;JTG 143;3;1;3;1,0;0,15;20;15,0;JTG;143;Common;Supporter;https://limitlesstcg.nyc3.cdn.digitaloceanspaces.com/tpci/JTG/JTG_143_R_EN_LG.png;No;Meta Live
Hydreigon;Scramble Switch;SSP 186;3;1;3;1,0;0,15;20;15,0;SSP;186;Ultra Rare;Item;https://limitlesstcg.nyc3.cdn.digitaloceanspaces.com/tpci/SSP/SSP_186_R_EN_LG.png;Yes;Meta Live
Hydreigon;Prism Energy;ASC 216;10;4;3;3,33;0,5;20;15,0;ASC;216;Uncommon;Special Energy;https://limitlesstcg.nyc3.cdn.digitaloceanspaces.com/tpci/ASC/ASC_216_R_EN_LG.png;No;Meta Live
Hydreigon;Latias ex;SSP 76;4;2;3;1,33;0,2;20;15,0;SSP;76;Double Rare;Basic;https://limitlesstcg.nyc3.cdn.digitaloceanspaces.com/tpci/SSP/SSP_076_R_EN_LG.png;No;Meta Live
Hydreigon;Team Rocket's Petrel;DRI 176;2;1;2;1,0;0,1;20;10,0;DRI;176;Uncommon;Supporter;https://limitlesstcg.nyc3.cdn.digitaloceanspaces.com/tpci/DRI/DRI_176_R_EN_LG.png;No;Meta Live
Hydreigon;Torchic;DRI 40;1;1;1;1,0;0,05;20;5,0;DRI;40;Common;Basic;https://limitlesstcg.nyc3.cdn.digitaloceanspaces.com/tpci/DRI/DRI_040_R_EN_LG.png;No;Meta Live
Hydreigon;Bronzor;PRE 66;4;2;2;2,0;0,2;20;10,0;PRE;66;Common;Basic;https://limitlesstcg.nyc3.cdn.digitaloceanspaces.com/tpci/PRE/PRE_066_R_EN_LG.png;No;Meta Live
Hydreigon;Bronzong;TEF 69;4;2;2;2,0;0,2;20;10,0;TEF;69;Uncommon;Stage 1;https://limitlesstcg.nyc3.cdn.digitaloceanspaces.com/tpci/TEF/TEF_069_R_EN_LG.png;No;Meta Live
Hydreigon;Jamming Tower;TWM 153;2;1;2;1,0;0,1;20;10,0;TWM;153;Uncommon;Stadium;https://limitlesstcg.nyc3.cdn.digitaloceanspaces.com/tpci/TWM/TWM_153_R_EN_LG.png;No;Meta Live
Hydreigon;Deoxys;CRI 32;4;4;1;4,0;0,2;20;5,0;CRI;32;Uncommon;Basic;https://limitlesstcg.nyc3.cdn.digitaloceanspaces.com/tpci/CRI/CRI_032_R_EN_LG.png;No;Meta Live
Hydreigon;Jacinthe;POR 75;2;2;1;2,0;0,1;20;5,0;POR;75;Uncommon;Supporter;https://limitlesstcg.nyc3.cdn.digitaloceanspaces.com/tpci/POR/POR_075_R_EN_LG.png;No;Meta Live
Hydreigon;Bianca's Devotion;TEF 142;1;1;1;1,0;0,05;20;5,0;TEF;142;Uncommon;Supporter;https://limitlesstcg.nyc3.cdn.digitaloceanspaces.com/tpci/TEF/TEF_142_R_EN_LG.png;No;Meta Live
Hydreigon;Janine's Secret Art;PRE 112;1;1;1;1,0;0,05;20;5,0;PRE;112;Uncommon;Supporter;https://limitlesstcg.nyc3.cdn.digitaloceanspaces.com/tpci/PRE/PRE_112_R_EN_LG.png;No;Meta Live
Hydreigon;Binding Mochi;PRE 95;2;2;1;2,0;0,1;20;5,0;PRE;95;Uncommon;Tool;https://limitlesstcg.nyc3.cdn.digitaloceanspaces.com/tpci/PRE/PRE_095_R_EN_LG.png;No;Meta Live
Hydreigon;Hero's Cape;TEF 152;1;1;1;1,0;0,05;20;5,0;TEF;152;Ultra Rare;Tool;https://limitlesstcg.nyc3.cdn.digitaloceanspaces.com/tpci/TEF/TEF_152_R_EN_LG.png;Yes;Meta Live
Hydreigon;Mega Kangaskhan ex;MEG 104;3;3;1;3,0;0,15;20;5,0;MEG;104;Double Rare;Basic;https://limitlesstcg.nyc3.cdn.digitaloceanspaces.com/tpci/MEG/MEG_104_R_EN_LG.png;No;Meta Live
Hydreigon;Bloodmoon Ursaluna ex;TWM 141;1;1;1;1,0;0,05;20;5,0;TWM;141;Double Rare;Basic;https://limitlesstcg.nyc3.cdn.digitaloceanspaces.com/tpci/TWM/TWM_141_R_EN_LG.png;No;Meta Live
Hydreigon;Moltres;PFL 14;1;1;1;1,0;0,05;20;5,0;PFL;14;Rare;Basic;https://limitlesstcg.nyc3.cdn.digitaloceanspaces.com/tpci/PFL/PFL_014_R_EN_LG.png;No;Meta Live
Hydreigon;Chien-Pao;SSP 56;1;1;1;1,0;0,05;20;5,0;SSP;56;Rare;Basic;https://limitlesstcg.nyc3.cdn.digitaloceanspaces.com/tpci/SSP/SSP_056_R_EN_LG.png;No;Meta Live
Hydreigon;Brock's Scouting;JTG 146;2;2;1;2,0;0,1;20;5,0;JTG;146;Uncommon;Supporter;https://limitlesstcg.nyc3.cdn.digitaloceanspaces.com/tpci/JTG/JTG_146_R_EN_LG.png;No;Meta Live
Hydreigon;Sacred Ash;DRI 168;1;1;1;1,0;0,05;20;5,0;DRI;168;Uncommon;Item;https://limitlesstcg.nyc3.cdn.digitaloceanspaces.com/tpci/DRI/DRI_168_R_EN_LG.png;No;Meta Live
Ceruledge;Charcadet;SSP 32;80;4;20;4,0;4,0;20;100,0;SSP;32;Common;Basic;https://limitlesstcg.nyc3.cdn.digitaloceanspaces.com/tpci/SSP/SSP_032_R_EN_LG.png;No;Meta Live
Ceruledge;Ceruledge ex;SSP 36;61;4;20;3,05;3,05;20;100,0;SSP;36;Double Rare;Stage 1;https://limitlesstcg.nyc3.cdn.digitaloceanspaces.com/tpci/SSP/SSP_036_R_EN_LG.png;No;Meta Live
Ceruledge;Solrock;MEG 75;40;2;20;2,0;2,0;20;100,0;MEG;75;Uncommon;Basic;https://limitlesstcg.nyc3.cdn.digitaloceanspaces.com/tpci/MEG/MEG_075_R_EN_LG.png;No;Meta Live
Ceruledge;Lunatone;MEG 74;40;2;20;2,0;2,0;20;100,0;MEG;74;Rare;Basic;https://limitlesstcg.nyc3.cdn.digitaloceanspaces.com/tpci/MEG/MEG_074_R_EN_LG.png;No;Meta Live
Ceruledge;Drilbur;TEF 85;22;2;18;1,22;1,1;20;90,0;TEF;85;Common;Basic;https://limitlesstcg.nyc3.cdn.digitaloceanspaces.com/tpci/TEF/TEF_085_R_EN_LG.png;No;Meta Live
Ceruledge;Explorer's Guidance;TEF 147;61;4;18;3,39;3,05;20;90,0;TEF;147;Uncommon;Supporter;https://limitlesstcg.nyc3.cdn.digitaloceanspaces.com/tpci/TEF/TEF_147_R_EN_LG.png;No;Meta Live
Ceruledge;Carmine;TWM 145;65;4;19;3,42;3,25;20;95,0;TWM;145;Uncommon;Supporter;https://limitlesstcg.nyc3.cdn.digitaloceanspaces.com/tpci/TWM/TWM_145_R_EN_LG.png;No;Meta Live
Ceruledge;Boss's Orders;MEG 114;35;3;19;1,84;1,75;20;95,0;MEG;114;Uncommon;Supporter;https://limitlesstcg.nyc3.cdn.digitaloceanspaces.com/tpci/MEG/MEG_114_R_EN_LG.png;No;Meta Live
Ceruledge;Fighting Gong;MEG 116;70;4;20;3,5;3,5;20;100,0;MEG;116;Uncommon;Item;https://limitlesstcg.nyc3.cdn.digitaloceanspaces.com/tpci/MEG/MEG_116_R_EN_LG.png;No;Meta Live
Ceruledge;Ultra Ball;MEG 131;73;4;20;3,65;3,65;20;100,0;MEG;131;Common;Item;https://limitlesstcg.nyc3.cdn.digitaloceanspaces.com/tpci/MEG/MEG_131_R_EN_LG.png;No;Meta Live
Ceruledge;Pokémon Catcher;POR 82;31;4;8;3,88;1,55;20;40,0;POR;82;Common;Item;https://limitlesstcg.nyc3.cdn.digitaloceanspaces.com/tpci/POR/POR_082_R_EN_LG.png;No;Meta Live
Ceruledge;Night Stretcher;ASC 196;54;4;20;2,7;2,7;20;100,0;ASC;196;Common;Item;https://limitlesstcg.nyc3.cdn.digitaloceanspaces.com/tpci/ASC/ASC_196_R_EN_LG.png;No;Meta Live
Ceruledge;Poké Pad;POR 81;56;4;20;2,8;2,8;20;100,0;POR;81;Uncommon;Item;https://limitlesstcg.nyc3.cdn.digitaloceanspaces.com/tpci/POR/POR_081_R_EN_LG.png;No;Meta Live
Ceruledge;Brilliant Blender;SSP 164;17;1;17;1,0;0,85;20;85,0;SSP;164;Ultra Rare;Item;https://limitlesstcg.nyc3.cdn.digitaloceanspaces.com/tpci/SSP/SSP_164_R_EN_LG.png;Yes;Meta Live
Ceruledge;Fighting Energy;MEE 14;262;15;20;13,1;13,1;20;100,0;MEE;14;;Basic Energy;;No;Meta Live
Ceruledge;Fire Energy;MEE 10;125;8;20;6,25;6,25;20;100,0;MEE;10;;Basic Energy;;No;Meta Live
Ceruledge;Lillie's Determination;MEG 119;9;2;5;1,8;0,45;20;25,0;MEG;119;Uncommon;Supporter;https://limitlesstcg.nyc3.cdn.digitaloceanspaces.com/tpci/MEG/MEG_119_R_EN_LG.png;No;Meta Live
Ceruledge;Naveen;POR 79;8;3;4;2,0;0,4;20;20,0;POR;79;Uncommon;Supporter;https://limitlesstcg.nyc3.cdn.digitaloceanspaces.com/tpci/POR/POR_079_R_EN_LG.png;No;Meta Live
Ceruledge;Switch;MEG 130;7;2;6;1,17;0,35;20;30,0;MEG;130;Common;Item;https://limitlesstcg.nyc3.cdn.digitaloceanspaces.com/tpci/MEG/MEG_130_R_EN_LG.png;No;Meta Live
Ceruledge;Prism Tower;CRI 80;21;3;11;1,91;1,05;20;55,0;CRI;80;Uncommon;Stadium;https://limitlesstcg.nyc3.cdn.digitaloceanspaces.com/tpci/CRI/CRI_080_R_EN_LG.png;No;Meta Live
Ceruledge;Battle Cage;PFL 85;2;1;2;1,0;0,1;20;10,0;PFL;85;Uncommon;Stadium;https://limitlesstcg.nyc3.cdn.digitaloceanspaces.com/tpci/PFL/PFL_085_R_EN_LG.png;No;Meta Live
Ceruledge;Metal Energy;MEE 16;2;2;1;2,0;0,1;20;5,0;MEE;16;;Basic Energy;;No;Meta Live
Ceruledge;Psychic Energy;MEE 13;2;2;1;2,0;0,1;20;5,0;MEE;13;;Basic Energy;;No;Meta Live
Ceruledge;Briar;SCR 132;7;1;7;1,0;0,35;20;35,0;SCR;132;Uncommon;Supporter;https://limitlesstcg.nyc3.cdn.digitaloceanspaces.com/tpci/SCR/SCR_132_R_EN_LG.png;No;Meta Live
Ceruledge;Armarouge;PBL 12;5;1;5;1,0;0,25;20;25,0;PBL;12;Rare;Stage 1;https://limitlesstcg.nyc3.cdn.digitaloceanspaces.com/tpci/PBL/PBL_012_R_EN_LG.png;No;Meta Live
Ceruledge;Meowth ex;POR 62;5;1;5;1,0;0,25;20;25,0;POR;62;Double Rare;Basic;https://limitlesstcg.nyc3.cdn.digitaloceanspaces.com/tpci/POR/POR_062_R_EN_LG.png;No;Meta Live
Ceruledge;Fezandipiti ex;ASC 142;9;1;9;1,0;0,45;20;45,0;ASC;142;Double Rare;Basic;https://limitlesstcg.nyc3.cdn.digitaloceanspaces.com/tpci/ASC/ASC_142_R_EN_LG.png;No;Meta Live
Ceruledge;Mist Energy;TEF 161;11;3;5;2,2;0,55;20;25,0;TEF;161;Uncommon;Special Energy;https://limitlesstcg.nyc3.cdn.digitaloceanspaces.com/tpci/TEF/TEF_161_R_EN_LG.png;No;Meta Live
Ceruledge;Buneary;PFL 83;1;1;1;1,0;0,05;20;5,0;PFL;83;Common;Basic;https://limitlesstcg.nyc3.cdn.digitaloceanspaces.com/tpci/PFL/PFL_083_R_EN_LG.png;No;Meta Live
Ceruledge;Mega Lopunny ex;PFL 84;1;1;1;1,0;0,05;20;5,0;PFL;84;Double Rare;Stage 1;https://limitlesstcg.nyc3.cdn.digitaloceanspaces.com/tpci/PFL/PFL_084_R_EN_LG.png;No;Meta Live
Ceruledge;Jamming Tower;TWM 153;1;1;1;1,0;0,05;20;5,0;TWM;153;Uncommon;Stadium;https://limitlesstcg.nyc3.cdn.digitaloceanspaces.com/tpci/TWM/TWM_153_R_EN_LG.png;No;Meta Live
Ceruledge;Special Red Card;CRI 82;3;2;2;1,5;0,15;20;10,0;CRI;82;Uncommon;Item;https://limitlesstcg.nyc3.cdn.digitaloceanspaces.com/tpci/CRI/CRI_082_R_EN_LG.png;No;Meta Live
Ceruledge;Victini;BLK 12;1;1;1;1,0;0,05;20;5,0;BLK;12;Rare;Basic;https://limitlesstcg.nyc3.cdn.digitaloceanspaces.com/tpci/BLK/BLK_012_R_EN_LG.png;No;Meta Live
Ceruledge;Transformation Tome;CRI 83;2;2;1;2,0;0,1;20;5,0;CRI;83;Uncommon;Item;https://limitlesstcg.nyc3.cdn.digitaloceanspaces.com/tpci/CRI/CRI_083_R_EN_LG.png;No;Meta Live
Ceruledge;Legacy Energy;TWM 167;3;1;3;1,0;0,15;20;15,0;TWM;167;Ultra Rare;Special Energy;https://limitlesstcg.nyc3.cdn.digitaloceanspaces.com/tpci/TWM/TWM_167_R_EN_LG.png;Yes;Meta Live
Ceruledge;Blowtorch;PFL 86;1;1;1;1,0;0,05;20;5,0;PFL;86;Uncommon;Item;https://limitlesstcg.nyc3.cdn.digitaloceanspaces.com/tpci/PFL/PFL_086_R_EN_LG.png;No;Meta Live
Ceruledge;Buddy-Buddy Poffin;TEF 144;2;2;1;2,0;0,1;20;5,0;TEF;144;Uncommon;Item;https://limitlesstcg.nyc3.cdn.digitaloceanspaces.com/tpci/TEF/TEF_144_R_EN_LG.png;No;Meta Live
Ceruledge;Xerosic's Machinations;SFA 64;2;1;2;1,0;0,1;20;10,0;SFA;64;Uncommon;Supporter;https://limitlesstcg.nyc3.cdn.digitaloceanspaces.com/tpci/SFA/SFA_064_R_EN_LG.png;No;Meta Live
Ceruledge;Shaymin;DRI 10;1;1;1;1,0;0,05;20;5,0;DRI;10;Uncommon;Basic;https://limitlesstcg.nyc3.cdn.digitaloceanspaces.com/tpci/DRI/DRI_010_R_EN_LG.png;No;Meta Live
Ceruledge;Judge;POR 76;1;1;1;1,0;0,05;20;5,0;POR;76;Uncommon;Supporter;https://limitlesstcg.nyc3.cdn.digitaloceanspaces.com/tpci/POR/POR_076_R_EN_LG.png;No;Meta Live
Ceruledge;Sacred Ash;DRI 168;1;1;1;1,0;0,05;20;5,0;DRI;168;Uncommon;Item;https://limitlesstcg.nyc3.cdn.digitaloceanspaces.com/tpci/DRI/DRI_168_R_EN_LG.png;No;Meta Live
Doublade;Honedge;POR 56;67;4;17;3,94;3,94;17;100,0;POR;56;Common;Basic;https://limitlesstcg.nyc3.cdn.digitaloceanspaces.com/tpci/POR/POR_056_R_EN_LG.png;No;Meta Live
Doublade;Doublade;POR 57;68;4;17;4,0;4,0;17;100,0;POR;57;Common;Stage 1;https://limitlesstcg.nyc3.cdn.digitaloceanspaces.com/tpci/POR/POR_057_R_EN_LG.png;No;Meta Live
Doublade;Aegislash;POR 58;68;4;17;4,0;4,0;17;100,0;POR;58;Uncommon;Stage 2;https://limitlesstcg.nyc3.cdn.digitaloceanspaces.com/tpci/POR/POR_058_R_EN_LG.png;No;Meta Live
Doublade;Steven's Beldum;DRI 143;12;3;6;2,0;0,71;17;35,29;DRI;143;Common;Basic;https://limitlesstcg.nyc3.cdn.digitaloceanspaces.com/tpci/DRI/DRI_143_R_EN_LG.png;No;Meta Live
Doublade;Steven's Metang;DRI 144;7;2;6;1,17;0,41;17;35,29;DRI;144;Uncommon;Stage 1;https://limitlesstcg.nyc3.cdn.digitaloceanspaces.com/tpci/DRI/DRI_144_R_EN_LG.png;No;Meta Live
Doublade;Steven's Metagross ex;DRI 145;11;2;6;1,83;0,65;17;35,29;DRI;145;Double Rare;Stage 2;https://limitlesstcg.nyc3.cdn.digitaloceanspaces.com/tpci/DRI/DRI_145_R_EN_LG.png;No;Meta Live
Doublade;Genesect ex;BLK 67;35;3;17;2,06;2,06;17;100,0;BLK;67;Double Rare;Basic;https://limitlesstcg.nyc3.cdn.digitaloceanspaces.com/tpci/BLK/BLK_067_R_EN_LG.png;No;Meta Live
Doublade;Rellor;TEF 23;2;1;2;1,0;0,12;17;11,76;TEF;23;Common;Basic;https://limitlesstcg.nyc3.cdn.digitaloceanspaces.com/tpci/TEF/TEF_023_R_EN_LG.png;No;Meta Live
Doublade;Rabsca;TEF 24;2;1;2;1,0;0,12;17;11,76;TEF;24;Uncommon;Stage 1;https://limitlesstcg.nyc3.cdn.digitaloceanspaces.com/tpci/TEF/TEF_024_R_EN_LG.png;No;Meta Live
Doublade;Shaymin;DRI 10;9;1;9;1,0;0,53;17;52,94;DRI;10;Uncommon;Basic;https://limitlesstcg.nyc3.cdn.digitaloceanspaces.com/tpci/DRI/DRI_010_R_EN_LG.png;No;Meta Live
Doublade;Fezandipiti ex;ASC 142;11;1;11;1,0;0,65;17;64,71;ASC;142;Double Rare;Basic;https://limitlesstcg.nyc3.cdn.digitaloceanspaces.com/tpci/ASC/ASC_142_R_EN_LG.png;No;Meta Live
Doublade;Lillie's Clefairy ex;JTG 56;3;1;3;1,0;0,18;17;17,65;JTG;56;Double Rare;Basic;https://limitlesstcg.nyc3.cdn.digitaloceanspaces.com/tpci/JTG/JTG_056_R_EN_LG.png;No;Meta Live
Doublade;Latias ex;SSP 76;7;2;5;1,4;0,41;17;29,41;SSP;76;Double Rare;Basic;https://limitlesstcg.nyc3.cdn.digitaloceanspaces.com/tpci/SSP/SSP_076_R_EN_LG.png;No;Meta Live
Doublade;Team Rocket's Petrel;DRI 176;32;4;10;3,2;1,88;17;58,82;DRI;176;Uncommon;Supporter;https://limitlesstcg.nyc3.cdn.digitaloceanspaces.com/tpci/DRI/DRI_176_R_EN_LG.png;No;Meta Live
Doublade;Boss's Orders;MEG 114;34;2;17;2,0;2,0;17;100,0;MEG;114;Uncommon;Supporter;https://limitlesstcg.nyc3.cdn.digitaloceanspaces.com/tpci/MEG/MEG_114_R_EN_LG.png;No;Meta Live
Doublade;Dawn;PFL 87;42;4;16;2,62;2,47;17;94,12;PFL;87;Uncommon;Supporter;https://limitlesstcg.nyc3.cdn.digitaloceanspaces.com/tpci/PFL/PFL_087_R_EN_LG.png;No;Meta Live
Doublade;Lana's Aid;TWM 155;15;3;11;1,36;0,88;17;64,71;TWM;155;Uncommon;Supporter;https://limitlesstcg.nyc3.cdn.digitaloceanspaces.com/tpci/TWM/TWM_155_R_EN_LG.png;No;Meta Live
Doublade;Team Rocket's Transceiver;DRI 178;19;4;7;2,71;1,12;17;41,18;DRI;178;Uncommon;Item;https://limitlesstcg.nyc3.cdn.digitaloceanspaces.com/tpci/DRI/DRI_178_R_EN_LG.png;No;Meta Live
Doublade;Sacred Ash;DRI 168;19;3;13;1,46;1,12;17;76,47;DRI;168;Uncommon;Item;https://limitlesstcg.nyc3.cdn.digitaloceanspaces.com/tpci/DRI/DRI_168_R_EN_LG.png;No;Meta Live
Doublade;Precious Trolley;SSP 185;9;1;9;1,0;0,53;17;52,94;SSP;185;Ultra Rare;Item;https://limitlesstcg.nyc3.cdn.digitaloceanspaces.com/tpci/SSP/SSP_185_R_EN_LG.png;Yes;Meta Live
Doublade;Buddy-Buddy Poffin;TEF 144;32;4;15;2,13;1,88;17;88,24;TEF;144;Uncommon;Item;https://limitlesstcg.nyc3.cdn.digitaloceanspaces.com/tpci/TEF/TEF_144_R_EN_LG.png;No;Meta Live
Doublade;Energy Recycler;DRI 164;9;2;8;1,12;0,53;17;47,06;DRI;164;Uncommon;Item;https://limitlesstcg.nyc3.cdn.digitaloceanspaces.com/tpci/DRI/DRI_164_R_EN_LG.png;No;Meta Live
Doublade;Energy Search;POR 72;2;1;2;1,0;0,12;17;11,76;POR;72;Common;Item;https://limitlesstcg.nyc3.cdn.digitaloceanspaces.com/tpci/POR/POR_072_R_EN_LG.png;No;Meta Live
Doublade;Redeemable Ticket;JTG 156;2;1;2;1,0;0,12;17;11,76;JTG;156;Uncommon;Item;https://limitlesstcg.nyc3.cdn.digitaloceanspaces.com/tpci/JTG/JTG_156_R_EN_LG.png;No;Meta Live
Doublade;Switch;MEG 130;13;2;10;1,3;0,76;17;58,82;MEG;130;Common;Item;https://limitlesstcg.nyc3.cdn.digitaloceanspaces.com/tpci/MEG/MEG_130_R_EN_LG.png;No;Meta Live
Doublade;Night Stretcher;ASC 196;30;4;14;2,14;1,76;17;82,35;ASC;196;Common;Item;https://limitlesstcg.nyc3.cdn.digitaloceanspaces.com/tpci/ASC/ASC_196_R_EN_LG.png;No;Meta Live
Doublade;Rare Candy;MEG 125;11;3;7;1,57;0,65;17;41,18;MEG;125;Common;Item;https://limitlesstcg.nyc3.cdn.digitaloceanspaces.com/tpci/MEG/MEG_125_R_EN_LG.png;No;Meta Live
Doublade;Poké Pad;POR 81;32;4;10;3,2;1,88;17;58,82;POR;81;Uncommon;Item;https://limitlesstcg.nyc3.cdn.digitaloceanspaces.com/tpci/POR/POR_081_R_EN_LG.png;No;Meta Live
Doublade;Ultra Ball;MEG 131;18;4;9;2,0;1,06;17;52,94;MEG;131;Common;Item;https://limitlesstcg.nyc3.cdn.digitaloceanspaces.com/tpci/MEG/MEG_131_R_EN_LG.png;No;Meta Live
Doublade;Boxed Order;TEF 143;2;1;2;1,0;0,12;17;11,76;TEF;143;Uncommon;Item;https://limitlesstcg.nyc3.cdn.digitaloceanspaces.com/tpci/TEF/TEF_143_R_EN_LG.png;No;Meta Live
Doublade;Psychic Energy;MEE 5;41;8;9;4,56;2,41;17;52,94;MEE;5;;Basic Energy;https://limitlesstcg.nyc3.cdn.digitaloceanspaces.com/tpci/MEE/MEE_005_R_EN_LG.png;No;Meta Live
Doublade;Metal Energy;MEE 8;111;17;16;6,94;6,53;17;94,12;MEE;8;;Basic Energy;https://limitlesstcg.nyc3.cdn.digitaloceanspaces.com/tpci/MEE/MEE_008_R_EN_LG.png;No;Meta Live
Doublade;Ignition Energy;WHT 86;28;4;8;3,5;1,65;17;47,06;WHT;86;Uncommon;Special Energy;https://limitlesstcg.nyc3.cdn.digitaloceanspaces.com/tpci/WHT/WHT_086_R_EN_LG.png;No;Meta Live
Doublade;Dunsparce;JTG 120;12;3;4;3,0;0,71;17;23,53;JTG;120;Common;Basic;https://limitlesstcg.nyc3.cdn.digitaloceanspaces.com/tpci/JTG/JTG_120_R_EN_LG.png;No;Meta Live
Doublade;Dudunsparce;TEF 129;11;3;4;2,75;0,65;17;23,53;TEF;129;Rare;Stage 1;https://limitlesstcg.nyc3.cdn.digitaloceanspaces.com/tpci/TEF/TEF_129_R_EN_LG.png;No;Meta Live
Doublade;Dudunsparce ex;JTG 121;2;1;2;1,0;0,12;17;11,76;JTG;121;Double Rare;Stage 1;https://limitlesstcg.nyc3.cdn.digitaloceanspaces.com/tpci/JTG/JTG_121_R_EN_LG.png;No;Meta Live
Doublade;Lillie's Determination;MEG 119;18;4;6;3,0;1,06;17;35,29;MEG;119;Uncommon;Supporter;https://limitlesstcg.nyc3.cdn.digitaloceanspaces.com/tpci/MEG/MEG_119_R_EN_LG.png;No;Meta Live
Doublade;Hilda;WHT 84;22;4;7;3,14;1,29;17;41,18;WHT;84;Uncommon;Supporter;https://limitlesstcg.nyc3.cdn.digitaloceanspaces.com/tpci/WHT/WHT_084_R_EN_LG.png;No;Meta Live
Doublade;Brave Bangle;WHT 80;2;1;2;1,0;0,12;17;11,76;WHT;80;Uncommon;Tool;https://limitlesstcg.nyc3.cdn.digitaloceanspaces.com/tpci/WHT/WHT_080_R_EN_LG.png;No;Meta Live
Doublade;Battle Cage;PFL 85;23;3;13;1,77;1,35;17;76,47;PFL;85;Uncommon;Stadium;https://limitlesstcg.nyc3.cdn.digitaloceanspaces.com/tpci/PFL/PFL_085_R_EN_LG.png;No;Meta Live
Doublade;Neutralization Zone;SFA 60;2;1;2;1,0;0,12;17;11,76;SFA;60;Ultra Rare;Stadium;https://limitlesstcg.nyc3.cdn.digitaloceanspaces.com/tpci/SFA/SFA_060_R_EN_LG.png;Yes;Meta Live
Doublade;Beldum;TEF 113;11;3;5;2,2;0,65;17;29,41;TEF;113;Common;Basic;https://limitlesstcg.nyc3.cdn.digitaloceanspaces.com/tpci/TEF/TEF_113_R_EN_LG.png;No;Meta Live
Doublade;Metang;TEF 114;11;3;5;2,2;0,65;17;29,41;TEF;114;Common;Stage 1;https://limitlesstcg.nyc3.cdn.digitaloceanspaces.com/tpci/TEF/TEF_114_R_EN_LG.png;No;Meta Live
Doublade;Metagross;CRI 61;6;2;5;1,2;0,35;17;29,41;CRI;61;Uncommon;Stage 2;https://limitlesstcg.nyc3.cdn.digitaloceanspaces.com/tpci/CRI/CRI_061_R_EN_LG.png;No;Meta Live
Doublade;Psyduck;ASC 39;3;1;3;1,0;0,18;17;17,65;ASC;39;Common;Basic;https://limitlesstcg.nyc3.cdn.digitaloceanspaces.com/tpci/ASC/ASC_039_R_EN_LG.png;No;Meta Live
Doublade;Meowth ex;POR 62;5;1;5;1,0;0,29;17;29,41;POR;62;Double Rare;Basic;https://limitlesstcg.nyc3.cdn.digitaloceanspaces.com/tpci/POR/POR_062_R_EN_LG.png;No;Meta Live
Doublade;Philippe;CRI 79;5;1;5;1,0;0,29;17;29,41;CRI;79;Uncommon;Supporter;https://limitlesstcg.nyc3.cdn.digitaloceanspaces.com/tpci/CRI/CRI_079_R_EN_LG.png;No;Meta Live
Doublade;Xerosic's Machinations;SFA 64;4;1;4;1,0;0,24;17;23,53;SFA;64;Uncommon;Supporter;https://limitlesstcg.nyc3.cdn.digitaloceanspaces.com/tpci/SFA/SFA_064_R_EN_LG.png;No;Meta Live
Doublade;Special Red Card;CRI 82;5;1;5;1,0;0,29;17;29,41;CRI;82;Uncommon;Item;https://limitlesstcg.nyc3.cdn.digitaloceanspaces.com/tpci/CRI/CRI_082_R_EN_LG.png;No;Meta Live
Doublade;Counter Gain;SSP 169;5;2;4;1,25;0,29;17;23,53;SSP;169;Uncommon;Tool;https://limitlesstcg.nyc3.cdn.digitaloceanspaces.com/tpci/SSP/SSP_169_R_EN_LG.png;No;Meta Live
Doublade;Magnetic Metal Energy;CRI 85;10;2;8;1,25;0,59;17;47,06;CRI;85;Rare;Special Energy;https://limitlesstcg.nyc3.cdn.digitaloceanspaces.com/tpci/CRI/CRI_085_R_EN_LG.png;No;Meta Live
Doublade;Abra;MEG 54;4;2;2;2,0;0,24;17;11,76;MEG;54;Common;Basic;https://limitlesstcg.nyc3.cdn.digitaloceanspaces.com/tpci/MEG/MEG_054_R_EN_LG.png;No;Meta Live
Doublade;Kadabra;MEG 55;4;2;2;2,0;0,24;17;11,76;MEG;55;Uncommon;Stage 1;https://limitlesstcg.nyc3.cdn.digitaloceanspaces.com/tpci/MEG/MEG_055_R_EN_LG.png;No;Meta Live
Doublade;Alakazam;MEG 56;4;2;2;2,0;0,24;17;11,76;MEG;56;Rare;Stage 2;https://limitlesstcg.nyc3.cdn.digitaloceanspaces.com/tpci/MEG/MEG_056_R_EN_LG.png;No;Meta Live
Doublade;Enriching Energy;SSP 191;2;1;2;1,0;0,12;17;11,76;SSP;191;Ultra Rare;Special Energy;https://limitlesstcg.nyc3.cdn.digitaloceanspaces.com/tpci/SSP/SSP_191_R_EN_LG.png;Yes;Meta Live
Doublade;Air Balloon;ASC 181;5;2;4;1,25;0,29;17;23,53;ASC;181;Uncommon;Tool;https://limitlesstcg.nyc3.cdn.digitaloceanspaces.com/tpci/ASC/ASC_181_R_EN_LG.png;No;Meta Live
Doublade;Team Rocket's Factory;DRI 173;1;1;1;1,0;0,06;17;5,88;DRI;173;Uncommon;Stadium;https://limitlesstcg.nyc3.cdn.digitaloceanspaces.com/tpci/DRI/DRI_173_R_EN_LG.png;No;Meta Live
Doublade;Mega Kangaskhan ex;MEG 104;2;2;1;2,0;0,12;17;5,88;MEG;104;Double Rare;Basic;https://limitlesstcg.nyc3.cdn.digitaloceanspaces.com/tpci/MEG/MEG_104_R_EN_LG.png;No;Meta Live
Doublade;Genesect;SFA 40;1;1;1;1,0;0,06;17;5,88;SFA;40;Uncommon;Basic;https://limitlesstcg.nyc3.cdn.digitaloceanspaces.com/tpci/SFA/SFA_040_R_EN_LG.png;No;Meta Live
Doublade;Wally's Compassion;MEG 132;1;1;1;1,0;0,06;17;5,88;MEG;132;Uncommon;Supporter;https://limitlesstcg.nyc3.cdn.digitaloceanspaces.com/tpci/MEG/MEG_132_R_EN_LG.png;No;Meta Live
Doublade;Enhanced Hammer;TWM 148;1;1;1;1,0;0,06;17;5,88;TWM;148;Uncommon;Item;https://limitlesstcg.nyc3.cdn.digitaloceanspaces.com/tpci/TWM/TWM_148_R_EN_LG.png;No;Meta Live
Doublade;Lucky Helmet;TWM 158;2;2;1;2,0;0,12;17;5,88;TWM;158;Uncommon;Tool;https://limitlesstcg.nyc3.cdn.digitaloceanspaces.com/tpci/TWM/TWM_158_R_EN_LG.png;No;Meta Live
Doublade;Gwynn;PBL 78;7;4;2;3,5;0,41;17;11,76;PBL;78;Uncommon;Supporter;https://limitlesstcg.nyc3.cdn.digitaloceanspaces.com/tpci/PBL/PBL_078_R_EN_LG.png;No;Meta Live
Doublade;Colress's Tenacity;SFA 57;2;2;1;2,0;0,12;17;5,88;SFA;57;Uncommon;Supporter;https://limitlesstcg.nyc3.cdn.digitaloceanspaces.com/tpci/SFA/SFA_057_R_EN_LG.png;No;Meta Live
Doublade;Grand Tree;SCR 136;1;1;1;1,0;0,06;17;5,88;SCR;136;Ultra Rare;Stadium;https://limitlesstcg.nyc3.cdn.digitaloceanspaces.com/tpci/SCR/SCR_136_R_EN_LG.png;Yes;Meta Live
Doublade;Brock's Scouting;JTG 146;5;3;2;2,5;0,29;17;11,76;JTG;146;Uncommon;Supporter;https://limitlesstcg.nyc3.cdn.digitaloceanspaces.com/tpci/JTG/JTG_146_R_EN_LG.png;No;Meta Live
Doublade;Energy Retrieval;SVI 171;1;1;1;1,0;0,06;17;5,88;SVI;171;Common;Item;https://limitlesstcg.nyc3.cdn.digitaloceanspaces.com/tpci/SVI/SVI_171_R_EN_LG.png;No;Meta Live
Doublade;Budew;ASC 16;1;1;1;1,0;0,06;17;5,88;ASC;16;Common;Basic;https://limitlesstcg.nyc3.cdn.digitaloceanspaces.com/tpci/ASC/ASC_016_R_EN_LG.png;No;Meta Live
Doublade;Bloodmoon Ursaluna ex;TWM 141;1;1;1;1,0;0,06;17;5,88;TWM;141;Double Rare;Basic;https://limitlesstcg.nyc3.cdn.digitaloceanspaces.com/tpci/TWM/TWM_141_R_EN_LG.png;No;Meta Live
Doublade;Max Rod;PRE 116;1;1;1;1,0;0,06;17;5,88;PRE;116;Ultra Rare;Item;https://limitlesstcg.nyc3.cdn.digitaloceanspaces.com/tpci/PRE/PRE_116_R_EN_LG.png;Yes;Meta Live
Doublade;Mew ex;30C 66;3;3;1;3,0;0,18;17;5,88;30C;66;Double Rare;Basic;https://limitlesstcg.nyc3.cdn.digitaloceanspaces.com/tpci/30C/30C_066_R_EN_LG.png;No;Meta Live
Doublade;Wondrous Patch;PFL 94;2;2;1;2,0;0,12;17;5,88;PFL;94;Uncommon;Item;https://limitlesstcg.nyc3.cdn.digitaloceanspaces.com/tpci/PFL/PFL_094_R_EN_LG.png;No;Meta Live
Doublade;Prime Catcher;TEF 157;1;1;1;1,0;0,06;17;5,88;TEF;157;Ultra Rare;Item;https://limitlesstcg.nyc3.cdn.digitaloceanspaces.com/tpci/TEF/TEF_157_R_EN_LG.png;Yes;Meta Live
Doublade;Team Rocket's Watchtower;DRI 180;2;2;1;2,0;0,12;17;5,88;DRI;180;Uncommon;Stadium;https://limitlesstcg.nyc3.cdn.digitaloceanspaces.com/tpci/DRI/DRI_180_R_EN_LG.png;No;Meta Live
Doublade;Telepathic Psychic Energy;POR 88;1;1;1;1,0;0,06;17;5,88;POR;88;Rare;Special Energy;https://limitlesstcg.nyc3.cdn.digitaloceanspaces.com/tpci/POR/POR_088_R_EN_LG.png;No;Meta Live
Doublade;Ciphermaniac's Codebreaking;TEF 145;4;4;1;4,0;0,24;17;5,88;TEF;145;Uncommon;Supporter;https://limitlesstcg.nyc3.cdn.digitaloceanspaces.com/tpci/TEF/TEF_145_R_EN_LG.png;No;Meta Live
Doublade;Legacy Energy;TWM 167;1;1;1;1,0;0,06;17;5,88;TWM;167;Ultra Rare;Special Energy;https://limitlesstcg.nyc3.cdn.digitaloceanspaces.com/tpci/TWM/TWM_167_R_EN_LG.png;Yes;Meta Live
Toxtricity;Toxel;PFL 67;66;4;20;3,3;3,3;20;100,0;PFL;67;Common;Basic;https://limitlesstcg.nyc3.cdn.digitaloceanspaces.com/tpci/PFL/PFL_067_R_EN_LG.png;No;Meta Live
Toxtricity;Toxtricity;PFL 68;62;4;20;3,1;3,1;20;100,0;PFL;68;Rare;Stage 1;https://limitlesstcg.nyc3.cdn.digitaloceanspaces.com/tpci/PFL/PFL_068_R_EN_LG.png;No;Meta Live
Toxtricity;Munkidori;TWM 95;34;3;18;1,89;1,7;20;90,0;TWM;95;Rare;Basic;https://limitlesstcg.nyc3.cdn.digitaloceanspaces.com/tpci/TWM/TWM_095_R_EN_LG.png;No;Meta Live
Toxtricity;Pecharunt ex;SFA 39;27;3;18;1,5;1,35;20;90,0;SFA;39;Double Rare;Basic;https://limitlesstcg.nyc3.cdn.digitaloceanspaces.com/tpci/SFA/SFA_039_R_EN_LG.png;No;Meta Live
Toxtricity;Chi-Yu;PBL 59;4;2;3;1,33;0,2;20;15,0;PBL;59;Rare;Basic;https://limitlesstcg.nyc3.cdn.digitaloceanspaces.com/tpci/PBL/PBL_059_R_EN_LG.png;No;Meta Live
Toxtricity;Tatsugiri;TWM 131;6;1;6;1,0;0,3;20;30,0;TWM;131;Uncommon;Basic;https://limitlesstcg.nyc3.cdn.digitaloceanspaces.com/tpci/TWM/TWM_131_R_EN_LG.png;No;Meta Live
Toxtricity;Fezandipiti ex;ASC 142;18;1;18;1,0;0,9;20;90,0;ASC;142;Double Rare;Basic;https://limitlesstcg.nyc3.cdn.digitaloceanspaces.com/tpci/ASC/ASC_142_R_EN_LG.png;No;Meta Live
Toxtricity;Pecharunt;SVP 149;2;1;2;1,0;0,1;20;10,0;SVP;149;Promo;Basic;https://limitlesstcg.nyc3.cdn.digitaloceanspaces.com/tpci/SVP/SVP_149_R_EN_LG.png;No;Meta Live
Toxtricity;Team Rocket's Sneasel;DRI 128;2;1;2;1,0;0,1;20;10,0;DRI;128;Rare;Basic;https://limitlesstcg.nyc3.cdn.digitaloceanspaces.com/tpci/DRI/DRI_128_R_EN_LG.png;No;Meta Live
Toxtricity;Brute Bonnet;TWM 118;2;1;2;1,0;0,1;20;10,0;TWM;118;Uncommon;Basic;https://limitlesstcg.nyc3.cdn.digitaloceanspaces.com/tpci/TWM/TWM_118_R_EN_LG.png;No;Meta Live
Toxtricity;Lillie's Determination;MEG 119;65;4;18;3,61;3,25;20;90,0;MEG;119;Uncommon;Supporter;https://limitlesstcg.nyc3.cdn.digitaloceanspaces.com/tpci/MEG/MEG_119_R_EN_LG.png;No;Meta Live
Toxtricity;Boss's Orders;MEG 114;57;4;20;2,85;2,85;20;100,0;MEG;114;Uncommon;Supporter;https://limitlesstcg.nyc3.cdn.digitaloceanspaces.com/tpci/MEG/MEG_114_R_EN_LG.png;No;Meta Live
Toxtricity;Team Rocket's Petrel;DRI 176;30;4;14;2,14;1,5;20;70,0;DRI;176;Uncommon;Supporter;https://limitlesstcg.nyc3.cdn.digitaloceanspaces.com/tpci/DRI/DRI_176_R_EN_LG.png;No;Meta Live
Toxtricity;Hassel;TWM 151;2;1;2;1,0;0,1;20;10,0;TWM;151;Uncommon;Supporter;https://limitlesstcg.nyc3.cdn.digitaloceanspaces.com/tpci/TWM/TWM_151_R_EN_LG.png;No;Meta Live
Toxtricity;Night Stretcher;ASC 196;32;4;18;1,78;1,6;20;90,0;ASC;196;Common;Item;https://limitlesstcg.nyc3.cdn.digitaloceanspaces.com/tpci/ASC/ASC_196_R_EN_LG.png;No;Meta Live
Toxtricity;Poké Pad;POR 81;72;4;20;3,6;3,6;20;100,0;POR;81;Uncommon;Item;https://limitlesstcg.nyc3.cdn.digitaloceanspaces.com/tpci/POR/POR_081_R_EN_LG.png;No;Meta Live
Toxtricity;Energy Recycler;DRI 164;13;2;10;1,3;0,65;20;50,0;DRI;164;Uncommon;Item;https://limitlesstcg.nyc3.cdn.digitaloceanspaces.com/tpci/DRI/DRI_164_R_EN_LG.png;No;Meta Live
Toxtricity;Energy Switch;MEG 115;11;2;7;1,57;0,55;20;35,0;MEG;115;Common;Item;https://limitlesstcg.nyc3.cdn.digitaloceanspaces.com/tpci/MEG/MEG_115_R_EN_LG.png;No;Meta Live
Toxtricity;Special Red Card;CRI 82;16;2;14;1,14;0,8;20;70,0;CRI;82;Uncommon;Item;https://limitlesstcg.nyc3.cdn.digitaloceanspaces.com/tpci/CRI/CRI_082_R_EN_LG.png;No;Meta Live
Toxtricity;Buddy-Buddy Poffin;TEF 144;53;4;19;2,79;2,65;20;95,0;TEF;144;Uncommon;Item;https://limitlesstcg.nyc3.cdn.digitaloceanspaces.com/tpci/TEF/TEF_144_R_EN_LG.png;No;Meta Live
Toxtricity;Secret Box;TWM 163;2;1;2;1,0;0,1;20;10,0;TWM;163;Ultra Rare;Item;https://limitlesstcg.nyc3.cdn.digitaloceanspaces.com/tpci/TWM/TWM_163_R_EN_LG.png;Yes;Meta Live
Toxtricity;Ultra Ball;MEG 131;36;4;16;2,25;1,8;20;80,0;MEG;131;Common;Item;https://limitlesstcg.nyc3.cdn.digitaloceanspaces.com/tpci/MEG/MEG_131_R_EN_LG.png;No;Meta Live
Toxtricity;Air Balloon;ASC 181;18;2;10;1,8;0,9;20;50,0;ASC;181;Uncommon;Tool;https://limitlesstcg.nyc3.cdn.digitaloceanspaces.com/tpci/ASC/ASC_181_R_EN_LG.png;No;Meta Live
Toxtricity;Team Rocket's Watchtower;DRI 180;6;2;3;2,0;0,3;20;15,0;DRI;180;Uncommon;Stadium;https://limitlesstcg.nyc3.cdn.digitaloceanspaces.com/tpci/DRI/DRI_180_R_EN_LG.png;No;Meta Live
Toxtricity;Team Rocket's Factory;DRI 173;2;1;2;1,0;0,1;20;10,0;DRI;173;Uncommon;Stadium;https://limitlesstcg.nyc3.cdn.digitaloceanspaces.com/tpci/DRI/DRI_173_R_EN_LG.png;No;Meta Live
Toxtricity;Darkness Energy;MEE 7;194;11;20;9,7;9,7;20;100,0;MEE;7;;Basic Energy;https://limitlesstcg.nyc3.cdn.digitaloceanspaces.com/tpci/MEE/MEE_007_R_EN_LG.png;No;Meta Live
Toxtricity;Carvanha;PFL 60;23;4;8;2,88;1,15;20;40,0;PFL;60;Common;Basic;https://limitlesstcg.nyc3.cdn.digitaloceanspaces.com/tpci/PFL/PFL_060_R_EN_LG.png;No;Meta Live
Toxtricity;Mega Sharpedo ex;PFL 61;22;3;8;2,75;1,1;20;40,0;PFL;61;Double Rare;Stage 1;https://limitlesstcg.nyc3.cdn.digitaloceanspaces.com/tpci/PFL/PFL_061_R_EN_LG.png;No;Meta Live
Toxtricity;Okidogi ex;SFA 36;4;2;2;2,0;0,2;20;10,0;SFA;36;Double Rare;Basic;https://limitlesstcg.nyc3.cdn.digitaloceanspaces.com/tpci/SFA/SFA_036_R_EN_LG.png;No;Meta Live
Toxtricity;Wally's Compassion;MEG 132;8;2;4;2,0;0,4;20;20,0;MEG;132;Uncommon;Supporter;https://limitlesstcg.nyc3.cdn.digitaloceanspaces.com/tpci/MEG/MEG_132_R_EN_LG.png;No;Meta Live
Toxtricity;Hilda;WHT 84;13;4;6;2,17;0,65;20;30,0;WHT;84;Uncommon;Supporter;https://limitlesstcg.nyc3.cdn.digitaloceanspaces.com/tpci/WHT/WHT_084_R_EN_LG.png;No;Meta Live
Toxtricity;Mega Signal;MEG 121;7;3;3;2,33;0,35;20;15,0;MEG;121;Uncommon;Item;https://limitlesstcg.nyc3.cdn.digitaloceanspaces.com/tpci/MEG/MEG_121_R_EN_LG.png;No;Meta Live
Toxtricity;Energy Search;POR 72;3;1;3;1,0;0,15;20;15,0;POR;72;Common;Item;https://limitlesstcg.nyc3.cdn.digitaloceanspaces.com/tpci/POR/POR_072_R_EN_LG.png;No;Meta Live
Toxtricity;Precious Trolley;SSP 185;5;1;5;1,0;0,25;20;25,0;SSP;185;Ultra Rare;Item;https://limitlesstcg.nyc3.cdn.digitaloceanspaces.com/tpci/SSP/SSP_185_R_EN_LG.png;Yes;Meta Live
Toxtricity;Binding Mochi;PRE 95;21;4;10;2,1;1,05;20;50,0;PRE;95;Uncommon;Tool;https://limitlesstcg.nyc3.cdn.digitaloceanspaces.com/tpci/PRE/PRE_095_R_EN_LG.png;No;Meta Live
Toxtricity;Meowth ex;POR 62;5;1;5;1,0;0,25;20;25,0;POR;62;Double Rare;Basic;https://limitlesstcg.nyc3.cdn.digitaloceanspaces.com/tpci/POR/POR_062_R_EN_LG.png;No;Meta Live
Toxtricity;Crispin;SCR 133;5;4;2;2,5;0,25;20;10,0;SCR;133;Uncommon;Supporter;https://limitlesstcg.nyc3.cdn.digitaloceanspaces.com/tpci/SCR/SCR_133_R_EN_LG.png;No;Meta Live
Toxtricity;AZ's Tranquility;CRI 76;4;3;2;2,0;0,2;20;10,0;CRI;76;Uncommon;Supporter;https://limitlesstcg.nyc3.cdn.digitaloceanspaces.com/tpci/CRI/CRI_076_R_EN_LG.png;No;Meta Live
Toxtricity;Energy Retrieval;SVI 171;4;2;3;1,33;0,2;20;15,0;SVI;171;Common;Item;https://limitlesstcg.nyc3.cdn.digitaloceanspaces.com/tpci/SVI/SVI_171_R_EN_LG.png;No;Meta Live
Toxtricity;Psychic Energy;MEE 5;2;2;1;2,0;0,1;20;5,0;MEE;5;;Basic Energy;https://limitlesstcg.nyc3.cdn.digitaloceanspaces.com/tpci/MEE/MEE_005_R_EN_LG.png;No;Meta Live
Toxtricity;Purrloin;WHT 55;4;2;2;2,0;0,2;20;10,0;WHT;55;Common;Basic;https://limitlesstcg.nyc3.cdn.digitaloceanspaces.com/tpci/WHT/WHT_055_R_EN_LG.png;No;Meta Live
Toxtricity;Liepard;WHT 56;1;1;1;1,0;0,05;20;5,0;WHT;56;Uncommon;Stage 1;https://limitlesstcg.nyc3.cdn.digitaloceanspaces.com/tpci/WHT/WHT_056_R_EN_LG.png;No;Meta Live
Toxtricity;Zorua;WHT 61;4;2;2;2,0;0,2;20;10,0;WHT;61;Common;Basic;https://limitlesstcg.nyc3.cdn.digitaloceanspaces.com/tpci/WHT/WHT_061_R_EN_LG.png;No;Meta Live
Toxtricity;Zoroark;WHT 62;4;2;2;2,0;0,2;20;10,0;WHT;62;Rare;Stage 1;https://limitlesstcg.nyc3.cdn.digitaloceanspaces.com/tpci/WHT/WHT_062_R_EN_LG.png;No;Meta Live
Toxtricity;Janine's Secret Art;PRE 112;16;3;8;2,0;0,8;20;40,0;PRE;112;Uncommon;Supporter;https://limitlesstcg.nyc3.cdn.digitaloceanspaces.com/tpci/PRE/PRE_112_R_EN_LG.png;No;Meta Live
Toxtricity;Kofu;SCR 138;6;2;3;2,0;0,3;20;15,0;SCR;138;Uncommon;Supporter;https://limitlesstcg.nyc3.cdn.digitaloceanspaces.com/tpci/SCR/SCR_138_R_EN_LG.png;No;Meta Live
Toxtricity;Eri;TEF 146;2;1;2;1,0;0,1;20;10,0;TEF;146;Uncommon;Supporter;https://limitlesstcg.nyc3.cdn.digitaloceanspaces.com/tpci/TEF/TEF_146_R_EN_LG.png;No;Meta Live
Toxtricity;Salvatore;TEF 160;3;1;3;1,0;0,15;20;15,0;TEF;160;Uncommon;Supporter;https://limitlesstcg.nyc3.cdn.digitaloceanspaces.com/tpci/TEF/TEF_160_R_EN_LG.png;No;Meta Live
Toxtricity;Unfair Stamp;TWM 165;7;1;7;1,0;0,35;20;35,0;TWM;165;Ultra Rare;Item;https://limitlesstcg.nyc3.cdn.digitaloceanspaces.com/tpci/TWM/TWM_165_R_EN_LG.png;Yes;Meta Live
Toxtricity;Gravity Mountain;SSP 177;3;1;3;1,0;0,15;20;15,0;SSP;177;Uncommon;Stadium;https://limitlesstcg.nyc3.cdn.digitaloceanspaces.com/tpci/SSP/SSP_177_R_EN_LG.png;No;Meta Live
Toxtricity;Nighttime Mine;ASC 197;5;2;4;1,25;0,25;20;20,0;ASC;197;Uncommon;Stadium;https://limitlesstcg.nyc3.cdn.digitaloceanspaces.com/tpci/ASC/ASC_197_R_EN_LG.png;No;Meta Live
Toxtricity;Ignition Energy;WHT 86;2;1;2;1,0;0,1;20;10,0;WHT;86;Uncommon;Special Energy;https://limitlesstcg.nyc3.cdn.digitaloceanspaces.com/tpci/WHT/WHT_086_R_EN_LG.png;No;Meta Live
Toxtricity;Scraggy;WHT 57;6;3;2;3,0;0,3;20;10,0;WHT;57;Common;Basic;https://limitlesstcg.nyc3.cdn.digitaloceanspaces.com/tpci/WHT/WHT_057_R_EN_LG.png;No;Meta Live
Toxtricity;Mega Scrafty ex;ASC 135;6;3;2;3,0;0,3;20;10,0;ASC;135;Double Rare;Stage 1;https://limitlesstcg.nyc3.cdn.digitaloceanspaces.com/tpci/ASC/ASC_135_R_EN_LG.png;No;Meta Live
Toxtricity;Budew;ASC 16;2;1;2;1,0;0,1;20;10,0;ASC;16;Common;Basic;https://limitlesstcg.nyc3.cdn.digitaloceanspaces.com/tpci/ASC/ASC_016_R_EN_LG.png;No;Meta Live
Toxtricity;Yveltal;MEG 88;6;2;5;1,2;0,3;20;25,0;MEG;88;Rare;Basic;https://limitlesstcg.nyc3.cdn.digitaloceanspaces.com/tpci/MEG/MEG_088_R_EN_LG.png;No;Meta Live
Toxtricity;Gwynn;PBL 78;4;2;2;2,0;0,2;20;10,0;PBL;78;Uncommon;Supporter;https://limitlesstcg.nyc3.cdn.digitaloceanspaces.com/tpci/PBL/PBL_078_R_EN_LG.png;No;Meta Live
Toxtricity;Crushing Hammer;POR 71;6;3;2;3,0;0,3;20;10,0;POR;71;Common;Item;https://limitlesstcg.nyc3.cdn.digitaloceanspaces.com/tpci/POR/POR_071_R_EN_LG.png;No;Meta Live
Toxtricity;Jumbo Ice Cream;PFL 91;4;2;2;2,0;0,2;20;10,0;PFL;91;Uncommon;Item;https://limitlesstcg.nyc3.cdn.digitaloceanspaces.com/tpci/PFL/PFL_091_R_EN_LG.png;No;Meta Live
Toxtricity;Pokégear 3.0;SVI 186;12;3;5;2,4;0,6;20;25,0;SVI;186;Common;Item;https://limitlesstcg.nyc3.cdn.digitaloceanspaces.com/tpci/SVI/SVI_186_R_EN_LG.png;No;Meta Live
Toxtricity;Mega Darkrai ex;PBL 48;19;3;7;2,71;0,95;20;35,0;PBL;48;Double Rare;Basic;https://limitlesstcg.nyc3.cdn.digitaloceanspaces.com/tpci/PBL/PBL_048_R_EN_LG.png;No;Meta Live
Toxtricity;Gastly;POR 48;1;1;1;1,0;0,05;20;5,0;POR;48;Common;Basic;https://limitlesstcg.nyc3.cdn.digitaloceanspaces.com/tpci/POR/POR_048_R_EN_LG.png;No;Meta Live
Toxtricity;Haunter;PFL 55;1;1;1;1,0;0,05;20;5,0;PFL;55;Uncommon;Stage 1;https://limitlesstcg.nyc3.cdn.digitaloceanspaces.com/tpci/PFL/PFL_055_R_EN_LG.png;No;Meta Live
Toxtricity;Mega Gengar ex;PFL 56;1;1;1;1,0;0,05;20;5,0;PFL;56;Double Rare;Stage 2;https://limitlesstcg.nyc3.cdn.digitaloceanspaces.com/tpci/PFL/PFL_056_R_EN_LG.png;No;Meta Live
Toxtricity;Seviper;PFL 62;3;1;3;1,0;0,15;20;15,0;PFL;62;Uncommon;Basic;https://limitlesstcg.nyc3.cdn.digitaloceanspaces.com/tpci/PFL/PFL_062_R_EN_LG.png;No;Meta Live
Toxtricity;Grimsley's Move;PFL 90;4;2;2;2,0;0,2;20;10,0;PFL;90;Uncommon;Supporter;https://limitlesstcg.nyc3.cdn.digitaloceanspaces.com/tpci/PFL/PFL_090_R_EN_LG.png;No;Meta Live
Toxtricity;Lisia's Appeal;SSP 179;3;1;3;1,0;0,15;20;15,0;SSP;179;Uncommon;Supporter;https://limitlesstcg.nyc3.cdn.digitaloceanspaces.com/tpci/SSP/SSP_179_R_EN_LG.png;No;Meta Live
Toxtricity;Dark Bell;PBL 75;20;4;7;2,86;1,0;20;35,0;PBL;75;Uncommon;Item;https://limitlesstcg.nyc3.cdn.digitaloceanspaces.com/tpci/PBL/PBL_075_R_EN_LG.png;No;Meta Live
Toxtricity;Dangerous Laser;SFA 58;1;1;1;1,0;0,05;20;5,0;SFA;58;Ultra Rare;Item;https://limitlesstcg.nyc3.cdn.digitaloceanspaces.com/tpci/SFA/SFA_058_R_EN_LG.png;Yes;Meta Live
Toxtricity;Rare Candy;MEG 125;1;1;1;1,0;0,05;20;5,0;MEG;125;Common;Item;https://limitlesstcg.nyc3.cdn.digitaloceanspaces.com/tpci/MEG/MEG_125_R_EN_LG.png;No;Meta Live
Toxtricity;Academy at Night;SFA 54;5;2;3;1,67;0,25;20;15,0;SFA;54;Uncommon;Stadium;https://limitlesstcg.nyc3.cdn.digitaloceanspaces.com/tpci/SFA/SFA_054_R_EN_LG.png;No;Meta Live
Toxtricity;Judge;POR 76;11;4;5;2,2;0,55;20;25,0;POR;76;Uncommon;Supporter;https://limitlesstcg.nyc3.cdn.digitaloceanspaces.com/tpci/POR/POR_076_R_EN_LG.png;No;Meta Live
Toxtricity;Legacy Energy;TWM 167;3;1;3;1,0;0,15;20;15,0;TWM;167;Ultra Rare;Special Energy;https://limitlesstcg.nyc3.cdn.digitaloceanspaces.com/tpci/TWM/TWM_167_R_EN_LG.png;Yes;Meta Live
Toxtricity;Yveltal ex;POR 53;1;1;1;1,0;0,05;20;5,0;POR;53;Double Rare;Basic;https://limitlesstcg.nyc3.cdn.digitaloceanspaces.com/tpci/POR/POR_053_R_EN_LG.png;No;Meta Live
Toxtricity;Enhanced Hammer;TWM 148;4;2;3;1,33;0,2;20;15,0;TWM;148;Uncommon;Item;https://limitlesstcg.nyc3.cdn.digitaloceanspaces.com/tpci/TWM/TWM_148_R_EN_LG.png;No;Meta Live
Toxtricity;Risky Ruins;MEG 127;4;3;2;2,0;0,2;20;10,0;MEG;127;Uncommon;Stadium;https://limitlesstcg.nyc3.cdn.digitaloceanspaces.com/tpci/MEG/MEG_127_R_EN_LG.png;No;Meta Live
Toxtricity;Switch;MEG 130;3;2;2;1,5;0,15;20;10,0;MEG;130;Common;Item;https://limitlesstcg.nyc3.cdn.digitaloceanspaces.com/tpci/MEG/MEG_130_R_EN_LG.png;No;Meta Live
Toxtricity;Dedenne;SSP 87;1;1;1;1,0;0,05;20;5,0;SSP;87;Common;Basic;https://limitlesstcg.nyc3.cdn.digitaloceanspaces.com/tpci/SSP/SSP_087_R_EN_LG.png;No;Meta Live
Toxtricity;Latias ex;SSP 76;2;1;2;1,0;0,1;20;10,0;SSP;76;Double Rare;Basic;https://limitlesstcg.nyc3.cdn.digitaloceanspaces.com/tpci/SSP/SSP_076_R_EN_LG.png;No;Meta Live
Toxtricity;Cinderace;MEG 28;1;1;1;1,0;0,05;20;5,0;MEG;28;Rare;Stage 2;https://limitlesstcg.nyc3.cdn.digitaloceanspaces.com/tpci/MEG/MEG_028_R_EN_LG.png;No;Meta Live
Toxtricity;Volcanion ex;JTG 31;2;1;2;1,0;0,1;20;10,0;JTG;31;Double Rare;Basic;https://limitlesstcg.nyc3.cdn.digitaloceanspaces.com/tpci/JTG/JTG_031_R_EN_LG.png;No;Meta Live
Toxtricity;Xerosic's Machinations;SFA 64;2;1;2;1,0;0,1;20;10,0;SFA;64;Uncommon;Supporter;https://limitlesstcg.nyc3.cdn.digitaloceanspaces.com/tpci/SFA/SFA_064_R_EN_LG.png;No;Meta Live
Toxtricity;Fire Energy;MEE 10;3;3;1;3,0;0,15;20;5,0;MEE;10;;Basic Energy;;No;Meta Live
Toxtricity;Prime Catcher;TEF 157;1;1;1;1,0;0,05;20;5,0;TEF;157;Ultra Rare;Item;https://limitlesstcg.nyc3.cdn.digitaloceanspaces.com/tpci/TEF/TEF_157_R_EN_LG.png;Yes;Meta Live
Toxtricity;Battle Cage;PFL 85;1;1;1;1,0;0,05;20;5,0;PFL;85;Uncommon;Stadium;https://limitlesstcg.nyc3.cdn.digitaloceanspaces.com/tpci/PFL/PFL_085_R_EN_LG.png;No;Meta Live
Toxtricity;Team Rocket's Transceiver;DRI 178;2;2;1;2,0;0,1;20;5,0;DRI;178;Uncommon;Item;https://limitlesstcg.nyc3.cdn.digitaloceanspaces.com/tpci/DRI/DRI_178_R_EN_LG.png;No;Meta Live
Toxtricity;Morpeko ex;PBL 55;3;3;1;3,0;0,15;20;5,0;PBL;55;Double Rare;Basic;https://limitlesstcg.nyc3.cdn.digitaloceanspaces.com/tpci/PBL/PBL_055_R_EN_LG.png;No;Meta Live
Toxtricity;Brock's Scouting;JTG 146;2;2;1;2,0;0,1;20;5,0;JTG;146;Uncommon;Supporter;https://limitlesstcg.nyc3.cdn.digitaloceanspaces.com/tpci/JTG/JTG_146_R_EN_LG.png;No;Meta Live
Toxtricity;Tool Scrapper;ASC 212;1;1;1;1,0;0,05;20;5,0;ASC;212;Common;Item;https://limitlesstcg.nyc3.cdn.digitaloceanspaces.com/tpci/ASC/ASC_212_R_EN_LG.png;No;Meta Live
Toxtricity;Hero's Cape;TEF 152;1;1;1;1,0;0,05;20;5,0;TEF;152;Ultra Rare;Tool;https://limitlesstcg.nyc3.cdn.digitaloceanspaces.com/tpci/TEF/TEF_152_R_EN_LG.png;Yes;Meta Live
Toxtricity;Lively Stadium;SSP 180;3;3;1;3,0;0,15;20;5,0;SSP;180;Uncommon;Stadium;https://limitlesstcg.nyc3.cdn.digitaloceanspaces.com/tpci/SSP/SSP_180_R_EN_LG.png;No;Meta Live
Toxtricity;Shadowy Darkness Energy;PBL 83;3;3;1;3,0;0,15;20;5,0;PBL;83;Rare;Special Energy;https://limitlesstcg.nyc3.cdn.digitaloceanspaces.com/tpci/PBL/PBL_083_R_EN_LG.png;No;Meta Live
Toxtricity;Dunsparce;JTG 120;8;4;2;4,0;0,4;20;10,0;JTG;120;Common;Basic;https://limitlesstcg.nyc3.cdn.digitaloceanspaces.com/tpci/JTG/JTG_120_R_EN_LG.png;No;Meta Live
Toxtricity;Dudunsparce;TEF 129;6;3;2;3,0;0,3;20;10,0;TEF;129;Rare;Stage 1;https://limitlesstcg.nyc3.cdn.digitaloceanspaces.com/tpci/TEF/TEF_129_R_EN_LG.png;No;Meta Live
Toxtricity;Dudunsparce ex;JTG 121;2;1;2;1,0;0,1;20;10,0;JTG;121;Double Rare;Stage 1;https://limitlesstcg.nyc3.cdn.digitaloceanspaces.com/tpci/JTG/JTG_121_R_EN_LG.png;No;Meta Live
Toxtricity;Shaymin;DRI 10;2;1;2;1,0;0,1;20;10,0;DRI;10;Uncommon;Basic;https://limitlesstcg.nyc3.cdn.digitaloceanspaces.com/tpci/DRI/DRI_010_R_EN_LG.png;No;Meta Live
Toxtricity;Carmine;TWM 145;4;2;2;2,0;0,2;20;10,0;TWM;145;Uncommon;Supporter;https://limitlesstcg.nyc3.cdn.digitaloceanspaces.com/tpci/TWM/TWM_145_R_EN_LG.png;No;Meta Live
Toxtricity;Community Center;TWM 146;4;2;2;2,0;0,2;20;10,0;TWM;146;Uncommon;Stadium;https://limitlesstcg.nyc3.cdn.digitaloceanspaces.com/tpci/TWM/TWM_146_R_EN_LG.png;No;Meta Live
Mega Camerupt;Dunsparce;JTG 120;63;4;19;3,32;3,15;20;95,0;JTG;120;Common;Basic;https://limitlesstcg.nyc3.cdn.digitaloceanspaces.com/tpci/JTG/JTG_120_R_EN_LG.png;No;Meta Live
Mega Camerupt;Dudunsparce;TEF 129;50;4;19;2,63;2,5;20;95,0;TEF;129;Rare;Stage 1;https://limitlesstcg.nyc3.cdn.digitaloceanspaces.com/tpci/TEF/TEF_129_R_EN_LG.png;No;Meta Live
Mega Camerupt;Numel;ASC 27;62;4;20;3,1;3,1;20;100,0;ASC;27;Common;Basic;https://limitlesstcg.nyc3.cdn.digitaloceanspaces.com/tpci/ASC/ASC_027_R_EN_LG.png;No;Meta Live
Mega Camerupt;Mega Camerupt ex;MEG 22;47;3;20;2,35;2,35;20;100,0;MEG;22;Double Rare;Stage 1;https://limitlesstcg.nyc3.cdn.digitaloceanspaces.com/tpci/MEG/MEG_022_R_EN_LG.png;No;Meta Live
Mega Camerupt;Larvesta;SSP 24;41;3;20;2,05;2,05;20;100,0;SSP;24;Common;Basic;https://limitlesstcg.nyc3.cdn.digitaloceanspaces.com/tpci/SSP/SSP_024_R_EN_LG.png;No;Meta Live
Mega Camerupt;Volcarona;BLK 16;40;2;20;2,0;2,0;20;100,0;BLK;16;Rare;Stage 1;https://limitlesstcg.nyc3.cdn.digitaloceanspaces.com/tpci/BLK/BLK_016_R_EN_LG.png;No;Meta Live
Mega Camerupt;Fan Rotom;SCR 118;29;2;16;1,81;1,45;20;80,0;SCR;118;Common;Basic;https://limitlesstcg.nyc3.cdn.digitaloceanspaces.com/tpci/SCR/SCR_118_R_EN_LG.png;No;Meta Live
Mega Camerupt;Fezandipiti ex;ASC 142;20;1;20;1,0;1,0;20;100,0;ASC;142;Double Rare;Basic;https://limitlesstcg.nyc3.cdn.digitaloceanspaces.com/tpci/ASC/ASC_142_R_EN_LG.png;No;Meta Live
Mega Camerupt;Lillie's Determination;MEG 119;80;4;20;4,0;4,0;20;100,0;MEG;119;Uncommon;Supporter;https://limitlesstcg.nyc3.cdn.digitaloceanspaces.com/tpci/MEG/MEG_119_R_EN_LG.png;No;Meta Live
Mega Camerupt;Hilda;WHT 84;55;3;20;2,75;2,75;20;100,0;WHT;84;Uncommon;Supporter;https://limitlesstcg.nyc3.cdn.digitaloceanspaces.com/tpci/WHT/WHT_084_R_EN_LG.png;No;Meta Live
Mega Camerupt;Boss's Orders;MEG 114;40;2;20;2,0;2,0;20;100,0;MEG;114;Uncommon;Supporter;https://limitlesstcg.nyc3.cdn.digitaloceanspaces.com/tpci/MEG/MEG_114_R_EN_LG.png;No;Meta Live
Mega Camerupt;Buddy-Buddy Poffin;TEF 144;70;4;20;3,5;3,5;20;100,0;TEF;144;Uncommon;Item;https://limitlesstcg.nyc3.cdn.digitaloceanspaces.com/tpci/TEF/TEF_144_R_EN_LG.png;No;Meta Live
Mega Camerupt;Poké Pad;POR 81;80;4;20;4,0;4,0;20;100,0;POR;81;Uncommon;Item;https://limitlesstcg.nyc3.cdn.digitaloceanspaces.com/tpci/POR/POR_081_R_EN_LG.png;No;Meta Live
Mega Camerupt;Ultra Ball;MEG 131;75;4;20;3,75;3,75;20;100,0;MEG;131;Common;Item;https://limitlesstcg.nyc3.cdn.digitaloceanspaces.com/tpci/MEG/MEG_131_R_EN_LG.png;No;Meta Live
Mega Camerupt;Switch;MEG 130;39;2;20;1,95;1,95;20;100,0;MEG;130;Common;Item;https://limitlesstcg.nyc3.cdn.digitaloceanspaces.com/tpci/MEG/MEG_130_R_EN_LG.png;No;Meta Live
Mega Camerupt;Blowtorch;PFL 86;13;1;13;1,0;0,65;20;65,0;PFL;86;Uncommon;Item;https://limitlesstcg.nyc3.cdn.digitaloceanspaces.com/tpci/PFL/PFL_086_R_EN_LG.png;No;Meta Live
Mega Camerupt;Maximum Belt;TEF 154;19;1;19;1,0;0,95;20;95,0;TEF;154;Ultra Rare;Tool;https://limitlesstcg.nyc3.cdn.digitaloceanspaces.com/tpci/TEF/TEF_154_R_EN_LG.png;Yes;Meta Live
Mega Camerupt;Gravity Mountain;SSP 177;36;2;20;1,8;1,8;20;100,0;SSP;177;Uncommon;Stadium;https://limitlesstcg.nyc3.cdn.digitaloceanspaces.com/tpci/SSP/SSP_177_R_EN_LG.png;No;Meta Live
Mega Camerupt;Fire Energy;MEE 10;150;8;20;7,5;7,5;20;100,0;MEE;10;;Basic Energy;;No;Meta Live
Mega Camerupt;Ignition Energy;WHT 86;72;4;19;3,79;3,6;20;95,0;WHT;86;Uncommon;Special Energy;https://limitlesstcg.nyc3.cdn.digitaloceanspaces.com/tpci/WHT/WHT_086_R_EN_LG.png;No;Meta Live
Mega Camerupt;Dudunsparce ex;JTG 121;13;1;13;1,0;0,65;20;65,0;JTG;121;Double Rare;Stage 1;https://limitlesstcg.nyc3.cdn.digitaloceanspaces.com/tpci/JTG/JTG_121_R_EN_LG.png;No;Meta Live
Mega Camerupt;Wally's Compassion;MEG 132;22;2;19;1,16;1,1;20;95,0;MEG;132;Uncommon;Supporter;https://limitlesstcg.nyc3.cdn.digitaloceanspaces.com/tpci/MEG/MEG_132_R_EN_LG.png;No;Meta Live
Mega Camerupt;Night Stretcher;ASC 196;13;2;9;1,44;0,65;20;45,0;ASC;196;Common;Item;https://limitlesstcg.nyc3.cdn.digitaloceanspaces.com/tpci/ASC/ASC_196_R_EN_LG.png;No;Meta Live
Mega Camerupt;Special Red Card;CRI 82;10;1;10;1,0;0,5;20;50,0;CRI;82;Uncommon;Item;https://limitlesstcg.nyc3.cdn.digitaloceanspaces.com/tpci/CRI/CRI_082_R_EN_LG.png;No;Meta Live
Mega Camerupt;Magmar;JTG 20;3;3;1;3,0;0,15;20;5,0;JTG;20;Common;Basic;https://limitlesstcg.nyc3.cdn.digitaloceanspaces.com/tpci/JTG/JTG_020_R_EN_LG.png;No;Meta Live
Mega Camerupt;Magmortar;JTG 21;3;3;1;3,0;0,15;20;5,0;JTG;21;Rare;Stage 1;https://limitlesstcg.nyc3.cdn.digitaloceanspaces.com/tpci/JTG/JTG_021_R_EN_LG.png;No;Meta Live
Mega Camerupt;Latias ex;SSP 76;2;2;1;2,0;0,1;20;5,0;SSP;76;Double Rare;Basic;https://limitlesstcg.nyc3.cdn.digitaloceanspaces.com/tpci/SSP/SSP_076_R_EN_LG.png;No;Meta Live
Mega Camerupt;Mega Kangaskhan ex;MEG 104;1;1;1;1,0;0,05;20;5,0;MEG;104;Double Rare;Basic;https://limitlesstcg.nyc3.cdn.digitaloceanspaces.com/tpci/MEG/MEG_104_R_EN_LG.png;No;Meta Live
Mega Camerupt;Volcanion;MEG 25;1;1;1;1,0;0,05;20;5,0;MEG;25;Uncommon;Basic;https://limitlesstcg.nyc3.cdn.digitaloceanspaces.com/tpci/MEG/MEG_025_R_EN_LG.png;No;Meta Live
Mega Camerupt;Meowth ex;POR 62;4;1;4;1,0;0,2;20;20,0;POR;62;Double Rare;Basic;https://limitlesstcg.nyc3.cdn.digitaloceanspaces.com/tpci/POR/POR_062_R_EN_LG.png;No;Meta Live
Mega Camerupt;Cyrano;SSP 170;1;1;1;1,0;0,05;20;5,0;SSP;170;Uncommon;Supporter;https://limitlesstcg.nyc3.cdn.digitaloceanspaces.com/tpci/SSP/SSP_170_R_EN_LG.png;No;Meta Live
Mega Camerupt;AZ's Tranquility;CRI 76;1;1;1;1,0;0,05;20;5,0;CRI;76;Uncommon;Supporter;https://limitlesstcg.nyc3.cdn.digitaloceanspaces.com/tpci/CRI/CRI_076_R_EN_LG.png;No;Meta Live
Mega Camerupt;Judge;POR 76;2;1;2;1,0;0,1;20;10,0;POR;76;Uncommon;Supporter;https://limitlesstcg.nyc3.cdn.digitaloceanspaces.com/tpci/POR/POR_076_R_EN_LG.png;No;Meta Live
Mega Camerupt;Dangerous Laser;SFA 58;1;1;1;1,0;0,05;20;5,0;SFA;58;Ultra Rare;Item;https://limitlesstcg.nyc3.cdn.digitaloceanspaces.com/tpci/SFA/SFA_058_R_EN_LG.png;Yes;Meta Live
Mega Camerupt;Mega Signal;MEG 121;3;1;3;1,0;0,15;20;15,0;MEG;121;Uncommon;Item;https://limitlesstcg.nyc3.cdn.digitaloceanspaces.com/tpci/MEG/MEG_121_R_EN_LG.png;No;Meta Live
Mega Camerupt;Prism Tower;CRI 80;2;2;1;2,0;0,1;20;5,0;CRI;80;Uncommon;Stadium;https://limitlesstcg.nyc3.cdn.digitaloceanspaces.com/tpci/CRI/CRI_080_R_EN_LG.png;No;Meta Live
Mega Camerupt;Jamming Tower;TWM 153;1;1;1;1,0;0,05;20;5,0;TWM;153;Uncommon;Stadium;https://limitlesstcg.nyc3.cdn.digitaloceanspaces.com/tpci/TWM/TWM_153_R_EN_LG.png;No;Meta Live
Mega Camerupt;Lillie's Clefairy ex;JTG 56;2;1;2;1,0;0,1;20;10,0;JTG;56;Double Rare;Basic;https://limitlesstcg.nyc3.cdn.digitaloceanspaces.com/tpci/JTG/JTG_056_R_EN_LG.png;No;Meta Live
Mega Camerupt;Mew ex;30C 66;2;1;2;1,0;0,1;20;10,0;30C;66;Double Rare;Basic;https://limitlesstcg.nyc3.cdn.digitaloceanspaces.com/tpci/30C/30C_066_R_EN_LG.png;No;Meta Live
Mega Camerupt;Air Balloon;ASC 181;2;1;2;1,0;0,1;20;10,0;ASC;181;Uncommon;Tool;https://limitlesstcg.nyc3.cdn.digitaloceanspaces.com/tpci/ASC/ASC_181_R_EN_LG.png;No;Meta Live
Mega Camerupt;Victini;SSP 21;3;1;3;1,0;0,15;20;15,0;SSP;21;Uncommon;Basic;https://limitlesstcg.nyc3.cdn.digitaloceanspaces.com/tpci/SSP/SSP_021_R_EN_LG.png;No;Meta Live
Mega Camerupt;Moltres;PFL 14;3;1;3;1,0;0,15;20;15,0;PFL;14;Rare;Basic;https://limitlesstcg.nyc3.cdn.digitaloceanspaces.com/tpci/PFL/PFL_014_R_EN_LG.png;No;Meta Live
Mega Camerupt;Shaymin;DRI 10;3;1;3;1,0;0,15;20;15,0;DRI;10;Uncommon;Basic;https://limitlesstcg.nyc3.cdn.digitaloceanspaces.com/tpci/DRI/DRI_010_R_EN_LG.png;No;Meta Live
Mega Camerupt;Xerosic's Machinations;SFA 64;3;1;3;1,0;0,15;20;15,0;SFA;64;Uncommon;Supporter;https://limitlesstcg.nyc3.cdn.digitaloceanspaces.com/tpci/SFA/SFA_064_R_EN_LG.png;No;Meta Live
Mega Camerupt;Pokégear 3.0;SVI 186;9;3;3;3,0;0,45;20;15,0;SVI;186;Common;Item;https://limitlesstcg.nyc3.cdn.digitaloceanspaces.com/tpci/SVI/SVI_186_R_EN_LG.png;No;Meta Live
Mega Camerupt;Energy Retrieval;SVI 171;6;2;3;2,0;0,3;20;15,0;SVI;171;Common;Item;https://limitlesstcg.nyc3.cdn.digitaloceanspaces.com/tpci/SVI/SVI_171_R_EN_LG.png;No;Meta Live
Mega Camerupt;Battle Cage;PFL 85;3;1;3;1,0;0,15;20;15,0;PFL;85;Uncommon;Stadium;https://limitlesstcg.nyc3.cdn.digitaloceanspaces.com/tpci/PFL/PFL_085_R_EN_LG.png;No;Meta Live
Froslass Munkidori;Munkidori;TWM 95;73;4;20;3,65;3,65;20;100,0;TWM;95;Rare;Basic;https://limitlesstcg.nyc3.cdn.digitaloceanspaces.com/tpci/TWM/TWM_095_R_EN_LG.png;No;Meta Live
Froslass Munkidori;Snorunt;ASC 46;65;4;20;3,25;3,25;20;100,0;ASC;46;Common;Basic;https://limitlesstcg.nyc3.cdn.digitaloceanspaces.com/tpci/ASC/ASC_046_R_EN_LG.png;No;Meta Live
Froslass Munkidori;Froslass;TWM 53;60;3;20;3,0;3,0;20;100,0;TWM;53;Rare;Stage 1;https://limitlesstcg.nyc3.cdn.digitaloceanspaces.com/tpci/TWM/TWM_053_R_EN_LG.png;No;Meta Live
Froslass Munkidori;Eevee;SSP 143;38;3;16;2,38;1,9;20;80,0;SSP;143;Common;Basic;https://limitlesstcg.nyc3.cdn.digitaloceanspaces.com/tpci/SSP/SSP_143_R_EN_LG.png;No;Meta Live
Froslass Munkidori;Espeon;30C 69;27;2;15;1,8;1,35;20;75,0;30C;69;Common;Stage 1;https://limitlesstcg.nyc3.cdn.digitaloceanspaces.com/tpci/30C/30C_069_R_EN_LG.png;No;Meta Live
Froslass Munkidori;Sylveon;PRE 40;8;2;7;1,14;0,4;20;35,0;PRE;40;Rare;Stage 1;https://limitlesstcg.nyc3.cdn.digitaloceanspaces.com/tpci/PRE/PRE_040_R_EN_LG.png;No;Meta Live
Froslass Munkidori;Umbreon ex;30C 92;8;2;7;1,14;0,4;20;35,0;30C;92;Double Rare;Stage 1;https://limitlesstcg.nyc3.cdn.digitaloceanspaces.com/tpci/30C/30C_092_R_EN_LG.png;No;Meta Live
Froslass Munkidori;Budew;ASC 16;36;2;20;1,8;1,8;20;100,0;ASC;16;Common;Basic;https://limitlesstcg.nyc3.cdn.digitaloceanspaces.com/tpci/ASC/ASC_016_R_EN_LG.png;No;Meta Live
Froslass Munkidori;Psyduck;ASC 39;11;1;11;1,0;0,55;20;55,0;ASC;39;Common;Basic;https://limitlesstcg.nyc3.cdn.digitaloceanspaces.com/tpci/ASC/ASC_039_R_EN_LG.png;No;Meta Live
Froslass Munkidori;Shaymin;DRI 10;17;1;17;1,0;0,85;20;85,0;DRI;10;Uncommon;Basic;https://limitlesstcg.nyc3.cdn.digitaloceanspaces.com/tpci/DRI/DRI_010_R_EN_LG.png;No;Meta Live
Froslass Munkidori;Lillie's Determination;MEG 119;80;4;20;4,0;4,0;20;100,0;MEG;119;Uncommon;Supporter;https://limitlesstcg.nyc3.cdn.digitaloceanspaces.com/tpci/MEG/MEG_119_R_EN_LG.png;No;Meta Live
Froslass Munkidori;Crispin;SCR 133;36;3;17;2,12;1,8;20;85,0;SCR;133;Uncommon;Supporter;https://limitlesstcg.nyc3.cdn.digitaloceanspaces.com/tpci/SCR/SCR_133_R_EN_LG.png;No;Meta Live
Froslass Munkidori;Gwynn;PBL 78;29;3;14;2,07;1,45;20;70,0;PBL;78;Uncommon;Supporter;https://limitlesstcg.nyc3.cdn.digitaloceanspaces.com/tpci/PBL/PBL_078_R_EN_LG.png;No;Meta Live
Froslass Munkidori;Hassel;TWM 151;5;1;5;1,0;0,25;20;25,0;TWM;151;Uncommon;Supporter;https://limitlesstcg.nyc3.cdn.digitaloceanspaces.com/tpci/TWM/TWM_151_R_EN_LG.png;No;Meta Live
Froslass Munkidori;Buddy-Buddy Poffin;TEF 144;70;4;20;3,5;3,5;20;100,0;TEF;144;Uncommon;Item;https://limitlesstcg.nyc3.cdn.digitaloceanspaces.com/tpci/TEF/TEF_144_R_EN_LG.png;No;Meta Live
Froslass Munkidori;Poké Pad;POR 81;76;4;20;3,8;3,8;20;100,0;POR;81;Uncommon;Item;https://limitlesstcg.nyc3.cdn.digitaloceanspaces.com/tpci/POR/POR_081_R_EN_LG.png;No;Meta Live
Froslass Munkidori;Pokégear 3.0;SVI 186;41;4;17;2,41;2,05;20;85,0;SVI;186;Common;Item;https://limitlesstcg.nyc3.cdn.digitaloceanspaces.com/tpci/SVI/SVI_186_R_EN_LG.png;No;Meta Live
Froslass Munkidori;Night Stretcher;ASC 196;49;3;20;2,45;2,45;20;100,0;ASC;196;Common;Item;https://limitlesstcg.nyc3.cdn.digitaloceanspaces.com/tpci/ASC/ASC_196_R_EN_LG.png;No;Meta Live
Froslass Munkidori;Unfair Stamp;TWM 165;5;1;5;1,0;0,25;20;25,0;TWM;165;Ultra Rare;Item;https://limitlesstcg.nyc3.cdn.digitaloceanspaces.com/tpci/TWM/TWM_165_R_EN_LG.png;Yes;Meta Live
Froslass Munkidori;Ultra Ball;MEG 131;19;4;10;1,9;0,95;20;50,0;MEG;131;Common;Item;https://limitlesstcg.nyc3.cdn.digitaloceanspaces.com/tpci/MEG/MEG_131_R_EN_LG.png;No;Meta Live
Froslass Munkidori;Air Balloon;ASC 181;36;3;20;1,8;1,8;20;100,0;ASC;181;Uncommon;Tool;https://limitlesstcg.nyc3.cdn.digitaloceanspaces.com/tpci/ASC/ASC_181_R_EN_LG.png;No;Meta Live
Froslass Munkidori;Counter Gain;SSP 169;17;2;14;1,21;0,85;20;70,0;SSP;169;Uncommon;Tool;https://limitlesstcg.nyc3.cdn.digitaloceanspaces.com/tpci/SSP/SSP_169_R_EN_LG.png;No;Meta Live
Froslass Munkidori;Nighttime Mine;ASC 197;6;3;3;2,0;0,3;20;15,0;ASC;197;Uncommon;Stadium;https://limitlesstcg.nyc3.cdn.digitaloceanspaces.com/tpci/ASC/ASC_197_R_EN_LG.png;No;Meta Live
Froslass Munkidori;Team Rocket's Watchtower;DRI 180;25;3;11;2,27;1,25;20;55,0;DRI;180;Uncommon;Stadium;https://limitlesstcg.nyc3.cdn.digitaloceanspaces.com/tpci/DRI/DRI_180_R_EN_LG.png;No;Meta Live
Froslass Munkidori;Prism Tower;CRI 80;1;1;1;1,0;0,05;20;5,0;CRI;80;Uncommon;Stadium;https://limitlesstcg.nyc3.cdn.digitaloceanspaces.com/tpci/CRI/CRI_080_R_EN_LG.png;No;Meta Live
Froslass Munkidori;Darkness Energy;MEE 7;87;6;20;4,35;4,35;20;100,0;MEE;7;;Basic Energy;https://limitlesstcg.nyc3.cdn.digitaloceanspaces.com/tpci/MEE/MEE_007_R_EN_LG.png;No;Meta Live
Froslass Munkidori;Psychic Energy;MEE 5;47;6;15;3,13;2,35;20;75,0;MEE;5;;Basic Energy;https://limitlesstcg.nyc3.cdn.digitaloceanspaces.com/tpci/MEE/MEE_005_R_EN_LG.png;No;Meta Live
Froslass Munkidori;Yveltal;MEG 88;19;2;12;1,58;0,95;20;60,0;MEG;88;Rare;Basic;https://limitlesstcg.nyc3.cdn.digitaloceanspaces.com/tpci/MEG/MEG_088_R_EN_LG.png;No;Meta Live
Froslass Munkidori;Boss's Orders;MEG 114;45;4;17;2,65;2,25;20;85,0;MEG;114;Uncommon;Supporter;https://limitlesstcg.nyc3.cdn.digitaloceanspaces.com/tpci/MEG/MEG_114_R_EN_LG.png;No;Meta Live
Froslass Munkidori;Lana's Aid;TWM 155;6;1;6;1,0;0,3;20;30,0;TWM;155;Uncommon;Supporter;https://limitlesstcg.nyc3.cdn.digitaloceanspaces.com/tpci/TWM/TWM_155_R_EN_LG.png;No;Meta Live
Froslass Munkidori;Energy Switch;MEG 115;3;1;3;1,0;0,15;20;15,0;MEG;115;Common;Item;https://limitlesstcg.nyc3.cdn.digitaloceanspaces.com/tpci/MEG/MEG_115_R_EN_LG.png;No;Meta Live
Froslass Munkidori;Secret Box;TWM 163;10;1;10;1,0;0,5;20;50,0;TWM;163;Ultra Rare;Item;https://limitlesstcg.nyc3.cdn.digitaloceanspaces.com/tpci/TWM/TWM_163_R_EN_LG.png;Yes;Meta Live
Froslass Munkidori;Hilda;WHT 84;10;3;5;2,0;0,5;20;25,0;WHT;84;Uncommon;Supporter;https://limitlesstcg.nyc3.cdn.digitaloceanspaces.com/tpci/WHT/WHT_084_R_EN_LG.png;No;Meta Live
Froslass Munkidori;Prime Catcher;TEF 157;2;1;2;1,0;0,1;20;10,0;TEF;157;Ultra Rare;Item;https://limitlesstcg.nyc3.cdn.digitaloceanspaces.com/tpci/TEF/TEF_157_R_EN_LG.png;Yes;Meta Live
Froslass Munkidori;Special Red Card;CRI 82;12;2;11;1,09;0,6;20;55,0;CRI;82;Uncommon;Item;https://limitlesstcg.nyc3.cdn.digitaloceanspaces.com/tpci/CRI/CRI_082_R_EN_LG.png;No;Meta Live
Froslass Munkidori;Enhanced Hammer;TWM 148;4;1;4;1,0;0,2;20;20,0;TWM;148;Uncommon;Item;https://limitlesstcg.nyc3.cdn.digitaloceanspaces.com/tpci/TWM/TWM_148_R_EN_LG.png;No;Meta Live
Froslass Munkidori;Dunsparce;JTG 120;7;3;4;1,75;0,35;20;20,0;JTG;120;Common;Basic;https://limitlesstcg.nyc3.cdn.digitaloceanspaces.com/tpci/JTG/JTG_120_R_EN_LG.png;No;Meta Live
Froslass Munkidori;Dudunsparce;TEF 129;7;3;4;1,75;0,35;20;20,0;TEF;129;Rare;Stage 1;https://limitlesstcg.nyc3.cdn.digitaloceanspaces.com/tpci/TEF/TEF_129_R_EN_LG.png;No;Meta Live
Froslass Munkidori;Moltres;PFL 14;2;2;1;2,0;0,1;20;5,0;PFL;14;Rare;Basic;https://limitlesstcg.nyc3.cdn.digitaloceanspaces.com/tpci/PFL/PFL_014_R_EN_LG.png;No;Meta Live
Froslass Munkidori;Hawlucha;POR 46;1;1;1;1,0;0,05;20;5,0;POR;46;Common;Basic;https://limitlesstcg.nyc3.cdn.digitaloceanspaces.com/tpci/POR/POR_046_R_EN_LG.png;No;Meta Live
Froslass Munkidori;Fezandipiti ex;ASC 142;3;1;3;1,0;0,15;20;15,0;ASC;142;Double Rare;Basic;https://limitlesstcg.nyc3.cdn.digitaloceanspaces.com/tpci/ASC/ASC_142_R_EN_LG.png;No;Meta Live
Froslass Munkidori;Bloodmoon Ursaluna ex;TWM 141;1;1;1;1,0;0,05;20;5,0;TWM;141;Double Rare;Basic;https://limitlesstcg.nyc3.cdn.digitaloceanspaces.com/tpci/TWM/TWM_141_R_EN_LG.png;No;Meta Live
Froslass Munkidori;Marnie's Purrloin;DRI 130;1;1;1;1,0;0,05;20;5,0;DRI;130;Common;Basic;https://limitlesstcg.nyc3.cdn.digitaloceanspaces.com/tpci/DRI/DRI_130_R_EN_LG.png;No;Meta Live
Froslass Munkidori;Prism Energy;ASC 216;17;4;6;2,83;0,85;20;30,0;ASC;216;Uncommon;Special Energy;https://limitlesstcg.nyc3.cdn.digitaloceanspaces.com/tpci/ASC/ASC_216_R_EN_LG.png;No;Meta Live
Froslass Munkidori;Mega Froslass ex;ASC 47;11;2;8;1,38;0,55;20;40,0;ASC;47;Double Rare;Stage 1;https://limitlesstcg.nyc3.cdn.digitaloceanspaces.com/tpci/ASC/ASC_047_R_EN_LG.png;No;Meta Live
Froslass Munkidori;Ting-Lu;TWM 110;4;1;4;1,0;0,2;20;20,0;TWM;110;Rare;Basic;https://limitlesstcg.nyc3.cdn.digitaloceanspaces.com/tpci/TWM/TWM_110_R_EN_LG.png;No;Meta Live
Froslass Munkidori;Uxie;SSP 78;1;1;1;1,0;0,05;20;5,0;SSP;78;Common;Basic;https://limitlesstcg.nyc3.cdn.digitaloceanspaces.com/tpci/SSP/SSP_078_R_EN_LG.png;No;Meta Live
Froslass Munkidori;Water Energy;MEE 3;16;4;8;2,0;0,8;20;40,0;MEE;3;;Basic Energy;https://limitlesstcg.nyc3.cdn.digitaloceanspaces.com/tpci/MEE/MEE_003_R_EN_LG.png;No;Meta Live
Froslass Munkidori;Ethan's Sudowoodo;DRI 93;1;1;1;1,0;0,05;20;5,0;DRI;93;Common;Basic;https://limitlesstcg.nyc3.cdn.digitaloceanspaces.com/tpci/DRI/DRI_093_R_EN_LG.png;No;Meta Live
Froslass Munkidori;Fighting Energy;MEE 14;1;1;1;1,0;0,05;20;5,0;MEE;14;;Basic Energy;;No;Meta Live
Froslass Munkidori;Meowth ex;POR 62;2;1;2;1,0;0,1;20;10,0;POR;62;Double Rare;Basic;https://limitlesstcg.nyc3.cdn.digitaloceanspaces.com/tpci/POR/POR_062_R_EN_LG.png;No;Meta Live
Froslass Munkidori;Mew ex;30C 66;2;1;2;1,0;0,1;20;10,0;30C;66;Double Rare;Basic;https://limitlesstcg.nyc3.cdn.digitaloceanspaces.com/tpci/30C/30C_066_R_EN_LG.png;No;Meta Live
Froslass Munkidori;Wally's Compassion;MEG 132;1;1;1;1,0;0,05;20;5,0;MEG;132;Uncommon;Supporter;https://limitlesstcg.nyc3.cdn.digitaloceanspaces.com/tpci/MEG/MEG_132_R_EN_LG.png;No;Meta Live
Froslass Munkidori;Hero's Cape;TEF 152;1;1;1;1,0;0,05;20;5,0;TEF;152;Ultra Rare;Tool;https://limitlesstcg.nyc3.cdn.digitaloceanspaces.com/tpci/TEF/TEF_152_R_EN_LG.png;Yes;Meta Live
Froslass Munkidori;Dudunsparce ex;JTG 121;1;1;1;1,0;0,05;20;5,0;JTG;121;Double Rare;Stage 1;https://limitlesstcg.nyc3.cdn.digitaloceanspaces.com/tpci/JTG/JTG_121_R_EN_LG.png;No;Meta Live
Froslass Munkidori;Sacred Ash;DRI 168;1;1;1;1,0;0,05;20;5,0;DRI;168;Uncommon;Item;https://limitlesstcg.nyc3.cdn.digitaloceanspaces.com/tpci/DRI/DRI_168_R_EN_LG.png;No;Meta Live
Froslass Munkidori;Risky Ruins;MEG 127;6;2;5;1,2;0,3;20;25,0;MEG;127;Uncommon;Stadium;https://limitlesstcg.nyc3.cdn.digitaloceanspaces.com/tpci/MEG/MEG_127_R_EN_LG.png;No;Meta Live
Froslass Munkidori;Wellspring Mask Ogerpon ex;TWM 64;3;2;2;1,5;0,15;20;10,0;TWM;64;Double Rare;Basic;https://limitlesstcg.nyc3.cdn.digitaloceanspaces.com/tpci/TWM/TWM_064_R_EN_LG.png;No;Meta Live
Froslass Munkidori;Umbreon;30C 91;1;1;1;1,0;0,05;20;5,0;30C;91;Common;Stage 1;https://limitlesstcg.nyc3.cdn.digitaloceanspaces.com/tpci/30C/30C_091_R_EN_LG.png;No;Meta Live
Froslass Munkidori;Judge;POR 76;2;1;2;1,0;0,1;20;10,0;POR;76;Uncommon;Supporter;https://limitlesstcg.nyc3.cdn.digitaloceanspaces.com/tpci/POR/POR_076_R_EN_LG.png;No;Meta Live
Froslass Munkidori;Salvatore;TEF 160;1;1;1;1,0;0,05;20;5,0;TEF;160;Uncommon;Supporter;https://limitlesstcg.nyc3.cdn.digitaloceanspaces.com/tpci/TEF/TEF_160_R_EN_LG.png;No;Meta Live
Froslass Munkidori;Wondrous Patch;PFL 94;1;1;1;1,0;0,05;20;5,0;PFL;94;Uncommon;Item;https://limitlesstcg.nyc3.cdn.digitaloceanspaces.com/tpci/PFL/PFL_094_R_EN_LG.png;No;Meta Live
Froslass Munkidori;Mystery Garden;MEG 122;1;1;1;1,0;0,05;20;5,0;MEG;122;Uncommon;Stadium;https://limitlesstcg.nyc3.cdn.digitaloceanspaces.com/tpci/MEG/MEG_122_R_EN_LG.png;No;Meta Live
Froslass Munkidori;Festival Grounds;TWM 149;1;1;1;1,0;0,05;20;5,0;TWM;149;Uncommon;Stadium;https://limitlesstcg.nyc3.cdn.digitaloceanspaces.com/tpci/TWM/TWM_149_R_EN_LG.png;No;Meta Live
Froslass Munkidori;Neutralization Zone;SFA 60;1;1;1;1,0;0,05;20;5,0;SFA;60;Ultra Rare;Stadium;https://limitlesstcg.nyc3.cdn.digitaloceanspaces.com/tpci/SFA/SFA_060_R_EN_LG.png;Yes;Meta Live
Froslass Munkidori;Telepathic Psychic Energy;POR 88;2;1;2;1,0;0,1;20;10,0;POR;88;Rare;Special Energy;https://limitlesstcg.nyc3.cdn.digitaloceanspaces.com/tpci/POR/POR_088_R_EN_LG.png;No;Meta Live
Froslass Munkidori;Mist Energy;TEF 161;1;1;1;1,0;0,05;20;5,0;TEF;161;Uncommon;Special Energy;https://limitlesstcg.nyc3.cdn.digitaloceanspaces.com/tpci/TEF/TEF_161_R_EN_LG.png;No;Meta Live
Froslass Munkidori;Handheld Fan;TWM 150;1;1;1;1,0;0,05;20;5,0;TWM;150;Uncommon;Tool;https://limitlesstcg.nyc3.cdn.digitaloceanspaces.com/tpci/TWM/TWM_150_R_EN_LG.png;No;Meta Live
Froslass Munkidori;Flareon ex;PRE 14;1;1;1;1,0;0,05;20;5,0;PRE;14;Double Rare;Stage 1;https://limitlesstcg.nyc3.cdn.digitaloceanspaces.com/tpci/PRE/PRE_014_R_EN_LG.png;No;Meta Live
Froslass Munkidori;Fire Energy;MEE 2;2;2;1;2,0;0,1;20;5,0;MEE;2;;Basic Energy;https://limitlesstcg.nyc3.cdn.digitaloceanspaces.com/tpci/MEE/MEE_002_R_EN_LG.png;No;Meta Live
Froslass Munkidori;Maractus;JTG 8;1;1;1;1,0;0,05;20;5,0;JTG;8;Uncommon;Basic;https://limitlesstcg.nyc3.cdn.digitaloceanspaces.com/tpci/JTG/JTG_008_R_EN_LG.png;No;Meta Live
Froslass Munkidori;Glalie;TWM 52;1;1;1;1,0;0,05;20;5,0;TWM;52;Uncommon;Stage 1;https://limitlesstcg.nyc3.cdn.digitaloceanspaces.com/tpci/TWM/TWM_052_R_EN_LG.png;No;Meta Live
Froslass Munkidori;Team Rocket's Petrel;DRI 176;2;2;1;2,0;0,1;20;5,0;DRI;176;Uncommon;Supporter;https://limitlesstcg.nyc3.cdn.digitaloceanspaces.com/tpci/DRI/DRI_176_R_EN_LG.png;No;Meta Live
Froslass Munkidori;Energy Search;POR 72;1;1;1;1,0;0,05;20;5,0;POR;72;Common;Item;https://limitlesstcg.nyc3.cdn.digitaloceanspaces.com/tpci/POR/POR_072_R_EN_LG.png;No;Meta Live
Froslass Munkidori;Gravity Mountain;SSP 177;2;2;1;2,0;0,1;20;5,0;SSP;177;Uncommon;Stadium;https://limitlesstcg.nyc3.cdn.digitaloceanspaces.com/tpci/SSP/SSP_177_R_EN_LG.png;No;Meta Live
Froslass Munkidori;Bubbly Water Energy;CRI 84;1;1;1;1,0;0,05;20;5,0;CRI;84;Rare;Special Energy;https://limitlesstcg.nyc3.cdn.digitaloceanspaces.com/tpci/CRI/CRI_084_R_EN_LG.png;No;Meta Live
Froslass Munkidori;Legacy Energy;TWM 167;1;1;1;1,0;0,05;20;5,0;TWM;167;Ultra Rare;Special Energy;https://limitlesstcg.nyc3.cdn.digitaloceanspaces.com/tpci/TWM/TWM_167_R_EN_LG.png;Yes;Meta Live
Froslass Munkidori;Colress's Tenacity;SFA 57;2;2;1;2,0;0,1;20;5,0;SFA;57;Uncommon;Supporter;https://limitlesstcg.nyc3.cdn.digitaloceanspaces.com/tpci/SFA/SFA_057_R_EN_LG.png;No;Meta Live
Froslass Munkidori;Larry's Skill;PRE 115;1;1;1;1,0;0,05;20;5,0;PRE;115;Common;Supporter;https://limitlesstcg.nyc3.cdn.digitaloceanspaces.com/tpci/PRE/PRE_115_R_EN_LG.png;No;Meta Live
Mega Charizard X;Charmander;PFL 11;62;4;19;3,26;3,26;19;100,0;PFL;11;Common;Basic;https://limitlesstcg.nyc3.cdn.digitaloceanspaces.com/tpci/PFL/PFL_011_R_EN_LG.png;No;Meta Live
Mega Charizard X;Charmeleon;PFL 12;28;3;18;1,56;1,47;19;94,74;PFL;12;Common;Stage 1;https://limitlesstcg.nyc3.cdn.digitaloceanspaces.com/tpci/PFL/PFL_012_R_EN_LG.png;No;Meta Live
Mega Charizard X;Mega Charizard X ex;PFL 13;48;4;19;2,53;2,53;19;100,0;PFL;13;Double Rare;Stage 2;https://limitlesstcg.nyc3.cdn.digitaloceanspaces.com/tpci/PFL/PFL_013_R_EN_LG.png;No;Meta Live
Mega Charizard X;Victini;30C 13;10;2;5;2,0;0,53;19;26,32;30C;13;Common;Basic;https://limitlesstcg.nyc3.cdn.digitaloceanspaces.com/tpci/30C/30C_013_R_EN_LG.png;No;Meta Live
Mega Charizard X;Ho-Oh;30C 12;7;2;4;1,75;0,37;19;21,05;30C;12;Rare;Basic;https://limitlesstcg.nyc3.cdn.digitaloceanspaces.com/tpci/30C/30C_012_R_EN_LG.png;No;Meta Live
Mega Charizard X;Oricorio ex;PFL 18;37;3;18;2,06;1,95;19;94,74;PFL;18;Double Rare;Basic;https://limitlesstcg.nyc3.cdn.digitaloceanspaces.com/tpci/PFL/PFL_018_R_EN_LG.png;No;Meta Live
Mega Charizard X;Fezandipiti ex;ASC 142;11;1;11;1,0;0,58;19;57,89;ASC;142;Double Rare;Basic;https://limitlesstcg.nyc3.cdn.digitaloceanspaces.com/tpci/ASC/ASC_142_R_EN_LG.png;No;Meta Live
Mega Charizard X;Meowth ex;POR 62;12;2;11;1,09;0,63;19;57,89;POR;62;Double Rare;Basic;https://limitlesstcg.nyc3.cdn.digitaloceanspaces.com/tpci/POR/POR_062_R_EN_LG.png;No;Meta Live
Mega Charizard X;Moltres;30C 11;4;2;3;1,33;0,21;19;15,79;30C;11;Common;Basic;https://limitlesstcg.nyc3.cdn.digitaloceanspaces.com/tpci/30C/30C_011_R_EN_LG.png;No;Meta Live
Mega Charizard X;Lillie's Determination;MEG 119;55;4;17;3,24;2,89;19;89,47;MEG;119;Uncommon;Supporter;https://limitlesstcg.nyc3.cdn.digitaloceanspaces.com/tpci/MEG/MEG_119_R_EN_LG.png;No;Meta Live
Mega Charizard X;Boss's Orders;MEG 114;37;4;18;2,06;1,95;19;94,74;MEG;114;Uncommon;Supporter;https://limitlesstcg.nyc3.cdn.digitaloceanspaces.com/tpci/MEG/MEG_114_R_EN_LG.png;No;Meta Live
Mega Charizard X;Team Rocket's Petrel;DRI 176;40;4;16;2,5;2,11;19;84,21;DRI;176;Uncommon;Supporter;https://limitlesstcg.nyc3.cdn.digitaloceanspaces.com/tpci/DRI/DRI_176_R_EN_LG.png;No;Meta Live
Mega Charizard X;Firebreather;PFL 89;25;4;12;2,08;1,32;19;63,16;PFL;89;Uncommon;Supporter;https://limitlesstcg.nyc3.cdn.digitaloceanspaces.com/tpci/PFL/PFL_089_R_EN_LG.png;No;Meta Live
Mega Charizard X;Brock's Scouting;JTG 146;10;2;8;1,25;0,53;19;42,11;JTG;146;Uncommon;Supporter;https://limitlesstcg.nyc3.cdn.digitaloceanspaces.com/tpci/JTG/JTG_146_R_EN_LG.png;No;Meta Live
Mega Charizard X;Dawn;PFL 87;26;4;14;1,86;1,37;19;73,68;PFL;87;Uncommon;Supporter;https://limitlesstcg.nyc3.cdn.digitaloceanspaces.com/tpci/PFL/PFL_087_R_EN_LG.png;No;Meta Live
Mega Charizard X;Energy Retrieval;SVI 171;42;4;15;2,8;2,21;19;78,95;SVI;171;Common;Item;https://limitlesstcg.nyc3.cdn.digitaloceanspaces.com/tpci/SVI/SVI_171_R_EN_LG.png;No;Meta Live
Mega Charizard X;Blowtorch;PFL 86;13;3;6;2,17;0,68;19;31,58;PFL;86;Uncommon;Item;https://limitlesstcg.nyc3.cdn.digitaloceanspaces.com/tpci/PFL/PFL_086_R_EN_LG.png;No;Meta Live
Mega Charizard X;Night Stretcher;ASC 196;25;2;15;1,67;1,32;19;78,95;ASC;196;Common;Item;https://limitlesstcg.nyc3.cdn.digitaloceanspaces.com/tpci/ASC/ASC_196_R_EN_LG.png;No;Meta Live
Mega Charizard X;Rare Candy;MEG 125;60;4;19;3,16;3,16;19;100,0;MEG;125;Common;Item;https://limitlesstcg.nyc3.cdn.digitaloceanspaces.com/tpci/MEG/MEG_125_R_EN_LG.png;No;Meta Live
Mega Charizard X;Poké Pad;POR 81;36;4;13;2,77;1,89;19;68,42;POR;81;Uncommon;Item;https://limitlesstcg.nyc3.cdn.digitaloceanspaces.com/tpci/POR/POR_081_R_EN_LG.png;No;Meta Live
Mega Charizard X;Energy Recycler;DRI 164;10;1;10;1,0;0,53;19;52,63;DRI;164;Uncommon;Item;https://limitlesstcg.nyc3.cdn.digitaloceanspaces.com/tpci/DRI/DRI_164_R_EN_LG.png;No;Meta Live
Mega Charizard X;Switch;MEG 130;19;4;13;1,46;1,0;19;68,42;MEG;130;Common;Item;https://limitlesstcg.nyc3.cdn.digitaloceanspaces.com/tpci/MEG/MEG_130_R_EN_LG.png;No;Meta Live
Mega Charizard X;Precious Trolley;SSP 185;10;1;10;1,0;0,53;19;52,63;SSP;185;Ultra Rare;Item;https://limitlesstcg.nyc3.cdn.digitaloceanspaces.com/tpci/SSP/SSP_185_R_EN_LG.png;Yes;Meta Live
Mega Charizard X;Air Balloon;ASC 181;29;2;15;1,93;1,53;19;78,95;ASC;181;Uncommon;Tool;https://limitlesstcg.nyc3.cdn.digitaloceanspaces.com/tpci/ASC/ASC_181_R_EN_LG.png;No;Meta Live
Mega Charizard X;Powerglass;SFA 63;9;2;8;1,12;0,47;19;42,11;SFA;63;Uncommon;Tool;https://limitlesstcg.nyc3.cdn.digitaloceanspaces.com/tpci/SFA/SFA_063_R_EN_LG.png;No;Meta Live
Mega Charizard X;Battle Cage;PFL 85;21;3;13;1,62;1,11;19;68,42;PFL;85;Uncommon;Stadium;https://limitlesstcg.nyc3.cdn.digitaloceanspaces.com/tpci/PFL/PFL_085_R_EN_LG.png;No;Meta Live
Mega Charizard X;Fire Energy;MEE 10;192;18;19;10,11;10,11;19;100,0;MEE;10;;Basic Energy;;No;Meta Live
Mega Charizard X;Nitro Fire Energy;CRI 86;11;2;9;1,22;0,58;19;47,37;CRI;86;Rare;Special Energy;https://limitlesstcg.nyc3.cdn.digitaloceanspaces.com/tpci/CRI/CRI_086_R_EN_LG.png;No;Meta Live
Mega Charizard X;Fennekin;CRI 11;10;3;5;2,0;0,53;19;26,32;CRI;11;Common;Basic;https://limitlesstcg.nyc3.cdn.digitaloceanspaces.com/tpci/CRI/CRI_011_R_EN_LG.png;No;Meta Live
Mega Charizard X;Braixen;CRI 12;3;1;3;1,0;0,16;19;15,79;CRI;12;Common;Stage 1;https://limitlesstcg.nyc3.cdn.digitaloceanspaces.com/tpci/CRI/CRI_012_R_EN_LG.png;No;Meta Live
Mega Charizard X;Delphox;CRI 13;10;3;5;2,0;0,53;19;26,32;CRI;13;Rare;Stage 2;https://limitlesstcg.nyc3.cdn.digitaloceanspaces.com/tpci/CRI/CRI_013_R_EN_LG.png;No;Meta Live
Mega Charizard X;Judge;POR 76;6;4;3;2,0;0,32;19;15,79;POR;76;Uncommon;Supporter;https://limitlesstcg.nyc3.cdn.digitaloceanspaces.com/tpci/POR/POR_076_R_EN_LG.png;No;Meta Live
Mega Charizard X;Wally's Compassion;MEG 132;5;4;2;2,5;0,26;19;10,53;MEG;132;Uncommon;Supporter;https://limitlesstcg.nyc3.cdn.digitaloceanspaces.com/tpci/MEG/MEG_132_R_EN_LG.png;No;Meta Live
Mega Charizard X;Ultra Ball;MEG 131;33;4;11;3,0;1,74;19;57,89;MEG;131;Common;Item;https://limitlesstcg.nyc3.cdn.digitaloceanspaces.com/tpci/MEG/MEG_131_R_EN_LG.png;No;Meta Live
Mega Charizard X;Pokégear 3.0;SVI 186;2;2;1;2,0;0,11;19;5,26;SVI;186;Common;Item;https://limitlesstcg.nyc3.cdn.digitaloceanspaces.com/tpci/SVI/SVI_186_R_EN_LG.png;No;Meta Live
Mega Charizard X;Special Red Card;CRI 82;6;2;5;1,2;0,32;19;26,32;CRI;82;Uncommon;Item;https://limitlesstcg.nyc3.cdn.digitaloceanspaces.com/tpci/CRI/CRI_082_R_EN_LG.png;No;Meta Live
Mega Charizard X;Max Rod;PRE 116;3;1;3;1,0;0,16;19;15,79;PRE;116;Ultra Rare;Item;https://limitlesstcg.nyc3.cdn.digitaloceanspaces.com/tpci/PRE/PRE_116_R_EN_LG.png;Yes;Meta Live
Mega Charizard X;Nighttime Mine;ASC 197;1;1;1;1,0;0,05;19;5,26;ASC;197;Uncommon;Stadium;https://limitlesstcg.nyc3.cdn.digitaloceanspaces.com/tpci/ASC/ASC_197_R_EN_LG.png;No;Meta Live
Mega Charizard X;Vulpix;SSP 16;10;2;5;2,0;0,53;19;26,32;SSP;16;Common;Basic;https://limitlesstcg.nyc3.cdn.digitaloceanspaces.com/tpci/SSP/SSP_016_R_EN_LG.png;No;Meta Live
Mega Charizard X;Ninetales;CRI 9;10;2;5;2,0;0,53;19;26,32;CRI;9;Uncommon;Stage 1;https://limitlesstcg.nyc3.cdn.digitaloceanspaces.com/tpci/CRI/CRI_009_R_EN_LG.png;No;Meta Live
Mega Charizard X;Budew;ASC 16;5;1;5;1,0;0,26;19;26,32;ASC;16;Common;Basic;https://limitlesstcg.nyc3.cdn.digitaloceanspaces.com/tpci/ASC/ASC_016_R_EN_LG.png;No;Meta Live
Mega Charizard X;Snorunt;ASC 46;3;3;1;3,0;0,16;19;5,26;ASC;46;Common;Basic;https://limitlesstcg.nyc3.cdn.digitaloceanspaces.com/tpci/ASC/ASC_046_R_EN_LG.png;No;Meta Live
Mega Charizard X;Mega Froslass ex;ASC 47;3;3;1;3,0;0,16;19;5,26;ASC;47;Double Rare;Stage 1;https://limitlesstcg.nyc3.cdn.digitaloceanspaces.com/tpci/ASC/ASC_047_R_EN_LG.png;No;Meta Live
Mega Charizard X;Salvatore;TEF 160;3;3;1;3,0;0,16;19;5,26;TEF;160;Uncommon;Supporter;https://limitlesstcg.nyc3.cdn.digitaloceanspaces.com/tpci/TEF/TEF_160_R_EN_LG.png;No;Meta Live
Mega Charizard X;Lisia's Appeal;SSP 179;2;2;1;2,0;0,11;19;5,26;SSP;179;Uncommon;Supporter;https://limitlesstcg.nyc3.cdn.digitaloceanspaces.com/tpci/SSP/SSP_179_R_EN_LG.png;No;Meta Live
Mega Charizard X;Energy Search;POR 72;5;3;3;1,67;0,26;19;15,79;POR;72;Common;Item;https://limitlesstcg.nyc3.cdn.digitaloceanspaces.com/tpci/POR/POR_072_R_EN_LG.png;No;Meta Live
Mega Charizard X;Hand Trimmer;TEF 150;3;3;1;3,0;0,16;19;5,26;TEF;150;Uncommon;Item;https://limitlesstcg.nyc3.cdn.digitaloceanspaces.com/tpci/TEF/TEF_150_R_EN_LG.png;No;Meta Live
Mega Charizard X;Mega Signal;MEG 121;7;2;6;1,17;0,37;19;31,58;MEG;121;Uncommon;Item;https://limitlesstcg.nyc3.cdn.digitaloceanspaces.com/tpci/MEG/MEG_121_R_EN_LG.png;No;Meta Live
Mega Charizard X;Buddy-Buddy Poffin;TEF 144;7;2;4;1,75;0,37;19;21,05;TEF;144;Uncommon;Item;https://limitlesstcg.nyc3.cdn.digitaloceanspaces.com/tpci/TEF/TEF_144_R_EN_LG.png;No;Meta Live
Mega Charizard X;Hero's Cape;TEF 152;1;1;1;1,0;0,05;19;5,26;TEF;152;Ultra Rare;Tool;https://limitlesstcg.nyc3.cdn.digitaloceanspaces.com/tpci/TEF/TEF_152_R_EN_LG.png;Yes;Meta Live
Mega Charizard X;Gravity Mountain;SSP 177;1;1;1;1,0;0,05;19;5,26;SSP;177;Uncommon;Stadium;https://limitlesstcg.nyc3.cdn.digitaloceanspaces.com/tpci/SSP/SSP_177_R_EN_LG.png;No;Meta Live
Mega Charizard X;Water Energy;MEE 11;6;6;1;6,0;0,32;19;5,26;MEE;11;;Basic Energy;;No;Meta Live
Mega Charizard X;Slugma;TWM 28;2;2;1;2,0;0,11;19;5,26;TWM;28;Common;Basic;https://limitlesstcg.nyc3.cdn.digitaloceanspaces.com/tpci/TWM/TWM_028_R_EN_LG.png;No;Meta Live
Mega Charizard X;Magcargo ex;TWM 29;2;2;1;2,0;0,11;19;5,26;TWM;29;Double Rare;Stage 1;https://limitlesstcg.nyc3.cdn.digitaloceanspaces.com/tpci/TWM/TWM_029_R_EN_LG.png;No;Meta Live
Mega Charizard X;Cyrano;SSP 170;7;3;3;2,33;0,37;19;15,79;SSP;170;Uncommon;Supporter;https://limitlesstcg.nyc3.cdn.digitaloceanspaces.com/tpci/SSP/SSP_170_R_EN_LG.png;No;Meta Live
Mega Charizard X;Grand Tree;SCR 136;1;1;1;1,0;0,05;19;5,26;SCR;136;Ultra Rare;Stadium;https://limitlesstcg.nyc3.cdn.digitaloceanspaces.com/tpci/SCR/SCR_136_R_EN_LG.png;Yes;Meta Live
Mega Charizard X;Urbain;ASC 214;2;2;1;2,0;0,11;19;5,26;ASC;214;Uncommon;Supporter;https://limitlesstcg.nyc3.cdn.digitaloceanspaces.com/tpci/ASC/ASC_214_R_EN_LG.png;No;Meta Live
Mega Charizard X;Secret Box;TWM 163;1;1;1;1,0;0,05;19;5,26;TWM;163;Ultra Rare;Item;https://limitlesstcg.nyc3.cdn.digitaloceanspaces.com/tpci/TWM/TWM_163_R_EN_LG.png;Yes;Meta Live
Mega Charizard X;Mega Charizard Y ex;ASC 22;6;2;5;1,2;0,32;19;26,32;ASC;22;Double Rare;Stage 2;https://limitlesstcg.nyc3.cdn.digitaloceanspaces.com/tpci/ASC/ASC_022_R_EN_LG.png;No;Meta Live
Mega Charizard X;Heatmor;WHT 19;4;2;2;2,0;0,21;19;10,53;WHT;19;Uncommon;Basic;https://limitlesstcg.nyc3.cdn.digitaloceanspaces.com/tpci/WHT/WHT_019_R_EN_LG.png;No;Meta Live
Mega Charizard X;Team Rocket's Transceiver;DRI 178;8;4;4;2,0;0,42;19;21,05;DRI;178;Uncommon;Item;https://limitlesstcg.nyc3.cdn.digitaloceanspaces.com/tpci/DRI/DRI_178_R_EN_LG.png;No;Meta Live
Mega Charizard X;Team Rocket's Factory;DRI 173;2;2;1;2,0;0,11;19;5,26;DRI;173;Uncommon;Stadium;https://limitlesstcg.nyc3.cdn.digitaloceanspaces.com/tpci/DRI/DRI_173_R_EN_LG.png;No;Meta Live
Mega Charizard X;Torchic;DRI 40;5;3;2;2,5;0,26;19;10,53;DRI;40;Common;Basic;https://limitlesstcg.nyc3.cdn.digitaloceanspaces.com/tpci/DRI/DRI_040_R_EN_LG.png;No;Meta Live
Mega Charizard X;Combusken;DRI 41;3;2;2;1,5;0,16;19;10,53;DRI;41;Common;Stage 1;https://limitlesstcg.nyc3.cdn.digitaloceanspaces.com/tpci/DRI/DRI_041_R_EN_LG.png;No;Meta Live
Mega Charizard X;Blaziken ex;JTG 24;4;2;2;2,0;0,21;19;10,53;JTG;24;Double Rare;Stage 2;https://limitlesstcg.nyc3.cdn.digitaloceanspaces.com/tpci/JTG/JTG_024_R_EN_LG.png;No;Meta Live
Mega Charizard X;Reshiram;PFL 17;1;1;1;1,0;0,05;19;5,26;PFL;17;Rare;Basic;https://limitlesstcg.nyc3.cdn.digitaloceanspaces.com/tpci/PFL/PFL_017_R_EN_LG.png;No;Meta Live
Mega Charizard X;Lana's Aid;TWM 155;2;1;2;1,0;0,11;19;10,53;TWM;155;Uncommon;Supporter;https://limitlesstcg.nyc3.cdn.digitaloceanspaces.com/tpci/TWM/TWM_155_R_EN_LG.png;No;Meta Live
Mega Charizard X;Tatsugiri;TWM 131;1;1;1;1,0;0,05;19;5,26;TWM;131;Uncommon;Basic;https://limitlesstcg.nyc3.cdn.digitaloceanspaces.com/tpci/TWM/TWM_131_R_EN_LG.png;No;Meta Live
Mega Charizard X;Gwynn;PBL 78;1;1;1;1,0;0,05;19;5,26;PBL;78;Uncommon;Supporter;https://limitlesstcg.nyc3.cdn.digitaloceanspaces.com/tpci/PBL/PBL_078_R_EN_LG.png;No;Meta Live
Mega Charizard X;Hilda;WHT 84;8;3;4;2,0;0,42;19;21,05;WHT;84;Uncommon;Supporter;https://limitlesstcg.nyc3.cdn.digitaloceanspaces.com/tpci/WHT/WHT_084_R_EN_LG.png;No;Meta Live
Mega Charizard X;Energy Switch;MEG 115;2;2;1;2,0;0,11;19;5,26;MEG;115;Common;Item;https://limitlesstcg.nyc3.cdn.digitaloceanspaces.com/tpci/MEG/MEG_115_R_EN_LG.png;No;Meta Live
Mega Charizard X;Boxed Order;TEF 143;2;2;1;2,0;0,11;19;5,26;TEF;143;Uncommon;Item;https://limitlesstcg.nyc3.cdn.digitaloceanspaces.com/tpci/TEF/TEF_143_R_EN_LG.png;No;Meta Live
Mega Charizard X;Unfair Stamp;TWM 165;1;1;1;1,0;0,05;19;5,26;TWM;165;Ultra Rare;Item;https://limitlesstcg.nyc3.cdn.digitaloceanspaces.com/tpci/TWM/TWM_165_R_EN_LG.png;Yes;Meta Live
Mega Charizard X;Team Rocket's Watchtower;DRI 180;5;2;3;1,67;0,26;19;15,79;DRI;180;Uncommon;Stadium;https://limitlesstcg.nyc3.cdn.digitaloceanspaces.com/tpci/DRI/DRI_180_R_EN_LG.png;No;Meta Live
Mega Charizard X;N's Zorua;JTG 97;5;3;2;2,5;0,26;19;10,53;JTG;97;Common;Basic;https://limitlesstcg.nyc3.cdn.digitaloceanspaces.com/tpci/JTG/JTG_097_R_EN_LG.png;No;Meta Live
Mega Charizard X;N's Zoroark ex;JTG 98;5;3;2;2,5;0,26;19;10,53;JTG;98;Double Rare;Stage 1;https://limitlesstcg.nyc3.cdn.digitaloceanspaces.com/tpci/JTG/JTG_098_R_EN_LG.png;No;Meta Live
Mega Charizard X;Magearna;JTG 107;4;2;2;2,0;0,21;19;10,53;JTG;107;Rare;Basic;https://limitlesstcg.nyc3.cdn.digitaloceanspaces.com/tpci/JTG/JTG_107_R_EN_LG.png;No;Meta Live
Mega Charizard X;Mew ex;30C 66;2;1;2;1,0;0,11;19;10,53;30C;66;Double Rare;Basic;https://limitlesstcg.nyc3.cdn.digitaloceanspaces.com/tpci/30C/30C_066_R_EN_LG.png;No;Meta Live
Mega Charizard X;Psyduck;ASC 39;2;1;2;1,0;0,11;19;10,53;ASC;39;Common;Basic;https://limitlesstcg.nyc3.cdn.digitaloceanspaces.com/tpci/ASC/ASC_039_R_EN_LG.png;No;Meta Live
Mega Charizard X;Dunsparce;JTG 120;6;3;2;3,0;0,32;19;10,53;JTG;120;Common;Basic;https://limitlesstcg.nyc3.cdn.digitaloceanspaces.com/tpci/JTG/JTG_120_R_EN_LG.png;No;Meta Live
Mega Charizard X;Dudunsparce;TEF 129;4;2;2;2,0;0,21;19;10,53;TEF;129;Rare;Stage 1;https://limitlesstcg.nyc3.cdn.digitaloceanspaces.com/tpci/TEF/TEF_129_R_EN_LG.png;No;Meta Live
Mega Charizard X;Fan Rotom;SCR 118;4;2;2;2,0;0,21;19;10,53;SCR;118;Common;Basic;https://limitlesstcg.nyc3.cdn.digitaloceanspaces.com/tpci/SCR/SCR_118_R_EN_LG.png;No;Meta Live
Mega Charizard X;Enriching Energy;SSP 191;2;1;2;1,0;0,11;19;10,53;SSP;191;Ultra Rare;Special Energy;https://limitlesstcg.nyc3.cdn.digitaloceanspaces.com/tpci/SSP/SSP_191_R_EN_LG.png;Yes;Meta Live
Mega Charizard X;Shaymin;DRI 10;1;1;1;1,0;0,05;19;5,26;DRI;10;Uncommon;Basic;https://limitlesstcg.nyc3.cdn.digitaloceanspaces.com/tpci/DRI/DRI_010_R_EN_LG.png;No;Meta Live
Mega Charizard X;Xerosic's Machinations;SFA 64;1;1;1;1,0;0,05;19;5,26;SFA;64;Uncommon;Supporter;https://limitlesstcg.nyc3.cdn.digitaloceanspaces.com/tpci/SFA/SFA_064_R_EN_LG.png;No;Meta Live
Yanmega;Yanma;DRI 2;61;4;16;3,81;3,81;16;100,0;DRI;2;Common;Basic;https://limitlesstcg.nyc3.cdn.digitaloceanspaces.com/tpci/DRI/DRI_002_R_EN_LG.png;No;Meta Live
Yanmega;Yanmega ex;DRI 3;55;4;16;3,44;3,44;16;100,0;DRI;3;Double Rare;Stage 1;https://limitlesstcg.nyc3.cdn.digitaloceanspaces.com/tpci/DRI/DRI_003_R_EN_LG.png;No;Meta Live
Yanmega;Dunsparce;JTG 120;41;4;12;3,42;2,56;16;75,0;JTG;120;Common;Basic;https://limitlesstcg.nyc3.cdn.digitaloceanspaces.com/tpci/JTG/JTG_120_R_EN_LG.png;No;Meta Live
Yanmega;Dudunsparce;TEF 129;35;4;12;2,92;2,19;16;75,0;TEF;129;Rare;Stage 1;https://limitlesstcg.nyc3.cdn.digitaloceanspaces.com/tpci/TEF/TEF_129_R_EN_LG.png;No;Meta Live
Yanmega;Mega Heracross ex;PFL 4;7;2;4;1,75;0,44;16;25,0;PFL;4;Double Rare;Basic;https://limitlesstcg.nyc3.cdn.digitaloceanspaces.com/tpci/PFL/PFL_004_R_EN_LG.png;No;Meta Live
Yanmega;Rellor;DRI 24;2;1;2;1,0;0,12;16;12,5;DRI;24;Common;Basic;https://limitlesstcg.nyc3.cdn.digitaloceanspaces.com/tpci/DRI/DRI_024_R_EN_LG.png;No;Meta Live
Yanmega;Rabsca;TEF 24;2;1;2;1,0;0,12;16;12,5;TEF;24;Uncommon;Stage 1;https://limitlesstcg.nyc3.cdn.digitaloceanspaces.com/tpci/TEF/TEF_024_R_EN_LG.png;No;Meta Live
Yanmega;Patrat;CRI 70;4;1;4;1,0;0,25;16;25,0;CRI;70;Common;Basic;https://limitlesstcg.nyc3.cdn.digitaloceanspaces.com/tpci/CRI/CRI_070_R_EN_LG.png;No;Meta Live
Yanmega;Lillie's Determination;MEG 119;58;4;16;3,62;3,62;16;100,0;MEG;119;Uncommon;Supporter;https://limitlesstcg.nyc3.cdn.digitaloceanspaces.com/tpci/MEG/MEG_119_R_EN_LG.png;No;Meta Live
Yanmega;Boss's Orders;MEG 114;41;4;16;2,56;2,56;16;100,0;MEG;114;Uncommon;Supporter;https://limitlesstcg.nyc3.cdn.digitaloceanspaces.com/tpci/MEG/MEG_114_R_EN_LG.png;No;Meta Live
Yanmega;Judge;POR 76;12;2;9;1,33;0,75;16;56,25;POR;76;Uncommon;Supporter;https://limitlesstcg.nyc3.cdn.digitaloceanspaces.com/tpci/POR/POR_076_R_EN_LG.png;No;Meta Live
Yanmega;AZ's Tranquility;CRI 76;6;1;6;1,0;0,38;16;37,5;CRI;76;Uncommon;Supporter;https://limitlesstcg.nyc3.cdn.digitaloceanspaces.com/tpci/CRI/CRI_076_R_EN_LG.png;No;Meta Live
Yanmega;Brock's Scouting;JTG 146;4;2;3;1,33;0,25;16;18,75;JTG;146;Uncommon;Supporter;https://limitlesstcg.nyc3.cdn.digitaloceanspaces.com/tpci/JTG/JTG_146_R_EN_LG.png;No;Meta Live
Yanmega;Xerosic's Machinations;SFA 64;6;2;5;1,2;0,38;16;31,25;SFA;64;Uncommon;Supporter;https://limitlesstcg.nyc3.cdn.digitaloceanspaces.com/tpci/SFA/SFA_064_R_EN_LG.png;No;Meta Live
Yanmega;Bug Catching Set;TWM 143;16;4;4;4,0;1,0;16;25,0;TWM;143;Uncommon;Item;https://limitlesstcg.nyc3.cdn.digitaloceanspaces.com/tpci/TWM/TWM_143_R_EN_LG.png;No;Meta Live
Yanmega;Buddy-Buddy Poffin;TEF 144;52;4;15;3,47;3,25;16;93,75;TEF;144;Uncommon;Item;https://limitlesstcg.nyc3.cdn.digitaloceanspaces.com/tpci/TEF/TEF_144_R_EN_LG.png;No;Meta Live
Yanmega;Poké Pad;POR 81;51;4;14;3,64;3,19;16;87,5;POR;81;Uncommon;Item;https://limitlesstcg.nyc3.cdn.digitaloceanspaces.com/tpci/POR/POR_081_R_EN_LG.png;No;Meta Live
Yanmega;Jumbo Ice Cream;PFL 91;12;3;5;2,4;0,75;16;31,25;PFL;91;Uncommon;Item;https://limitlesstcg.nyc3.cdn.digitaloceanspaces.com/tpci/PFL/PFL_091_R_EN_LG.png;No;Meta Live
Yanmega;Switch;MEG 130;19;3;8;2,38;1,19;16;50,0;MEG;130;Common;Item;https://limitlesstcg.nyc3.cdn.digitaloceanspaces.com/tpci/MEG/MEG_130_R_EN_LG.png;No;Meta Live
Yanmega;Energy Recycler;DRI 164;16;2;15;1,07;1,0;16;93,75;DRI;164;Uncommon;Item;https://limitlesstcg.nyc3.cdn.digitaloceanspaces.com/tpci/DRI/DRI_164_R_EN_LG.png;No;Meta Live
Yanmega;Prime Catcher;TEF 157;9;1;9;1,0;0,56;16;56,25;TEF;157;Ultra Rare;Item;https://limitlesstcg.nyc3.cdn.digitaloceanspaces.com/tpci/TEF/TEF_157_R_EN_LG.png;Yes;Meta Live
Yanmega;Sacred Ash;DRI 168;3;1;3;1,0;0,19;16;18,75;DRI;168;Uncommon;Item;https://limitlesstcg.nyc3.cdn.digitaloceanspaces.com/tpci/DRI/DRI_168_R_EN_LG.png;No;Meta Live
Yanmega;Forest of Vitality;MEG 117;20;3;8;2,5;1,25;16;50,0;MEG;117;Uncommon;Stadium;https://limitlesstcg.nyc3.cdn.digitaloceanspaces.com/tpci/MEG/MEG_117_R_EN_LG.png;No;Meta Live
Yanmega;Grass Energy;MEE 1;165;20;16;10,31;10,31;16;100,0;MEE;1;;Basic Energy;https://limitlesstcg.nyc3.cdn.digitaloceanspaces.com/tpci/MEE/MEE_001_R_EN_LG.png;No;Meta Live
Yanmega;Mist Energy;TEF 161;19;3;8;2,38;1,19;16;50,0;TEF;161;Uncommon;Special Energy;https://limitlesstcg.nyc3.cdn.digitaloceanspaces.com/tpci/TEF/TEF_161_R_EN_LG.png;No;Meta Live
Yanmega;Tapu Bulu;SFA 6;2;1;2;1,0;0,12;16;12,5;SFA;6;Rare;Basic;https://limitlesstcg.nyc3.cdn.digitaloceanspaces.com/tpci/SFA/SFA_006_R_EN_LG.png;No;Meta Live
Yanmega;Paldean Tauros;SSP 18;3;1;3;1,0;0,19;16;18,75;SSP;18;Uncommon;Basic;https://limitlesstcg.nyc3.cdn.digitaloceanspaces.com/tpci/SSP/SSP_018_R_EN_LG.png;No;Meta Live
Yanmega;Fezandipiti ex;ASC 142;7;1;7;1,0;0,44;16;43,75;ASC;142;Double Rare;Basic;https://limitlesstcg.nyc3.cdn.digitaloceanspaces.com/tpci/ASC/ASC_142_R_EN_LG.png;No;Meta Live
Yanmega;Shaymin;DRI 10;4;1;4;1,0;0,25;16;25,0;DRI;10;Uncommon;Basic;https://limitlesstcg.nyc3.cdn.digitaloceanspaces.com/tpci/DRI/DRI_010_R_EN_LG.png;No;Meta Live
Yanmega;Regigigas;PRE 86;6;1;6;1,0;0,38;16;37,5;PRE;86;Uncommon;Basic;https://limitlesstcg.nyc3.cdn.digitaloceanspaces.com/tpci/PRE/PRE_086_R_EN_LG.png;No;Meta Live
Yanmega;Hilda;WHT 84;3;1;3;1,0;0,19;16;18,75;WHT;84;Uncommon;Supporter;https://limitlesstcg.nyc3.cdn.digitaloceanspaces.com/tpci/WHT/WHT_084_R_EN_LG.png;No;Meta Live
Yanmega;Ultra Ball;MEG 131;32;4;11;2,91;2,0;16;68,75;MEG;131;Common;Item;https://limitlesstcg.nyc3.cdn.digitaloceanspaces.com/tpci/MEG/MEG_131_R_EN_LG.png;No;Meta Live
Yanmega;Pokégear 3.0;SVI 186;5;2;3;1,67;0,31;16;18,75;SVI;186;Common;Item;https://limitlesstcg.nyc3.cdn.digitaloceanspaces.com/tpci/SVI/SVI_186_R_EN_LG.png;No;Meta Live
Yanmega;Special Red Card;CRI 82;6;1;6;1,0;0,38;16;37,5;CRI;82;Uncommon;Item;https://limitlesstcg.nyc3.cdn.digitaloceanspaces.com/tpci/CRI/CRI_082_R_EN_LG.png;No;Meta Live
Yanmega;Lumiose City;POR 77;3;1;3;1,0;0,19;16;18,75;POR;77;Uncommon;Stadium;https://limitlesstcg.nyc3.cdn.digitaloceanspaces.com/tpci/POR/POR_077_R_EN_LG.png;No;Meta Live
Yanmega;Fire Energy;MEE 10;3;1;3;1,0;0,19;16;18,75;MEE;10;;Basic Energy;;No;Meta Live
Yanmega;Dudunsparce ex;JTG 121;7;1;7;1,0;0,44;16;43,75;JTG;121;Double Rare;Stage 1;https://limitlesstcg.nyc3.cdn.digitaloceanspaces.com/tpci/JTG/JTG_121_R_EN_LG.png;No;Meta Live
Yanmega;Meowth ex;POR 62;3;1;3;1,0;0,19;16;18,75;POR;62;Double Rare;Basic;https://limitlesstcg.nyc3.cdn.digitaloceanspaces.com/tpci/POR/POR_062_R_EN_LG.png;No;Meta Live
Yanmega;Psyduck;ASC 39;3;1;3;1,0;0,19;16;18,75;ASC;39;Common;Basic;https://limitlesstcg.nyc3.cdn.digitaloceanspaces.com/tpci/ASC/ASC_039_R_EN_LG.png;No;Meta Live
Yanmega;Surfer;SSP 187;7;4;4;1,75;0,44;16;25,0;SSP;187;Uncommon;Supporter;https://limitlesstcg.nyc3.cdn.digitaloceanspaces.com/tpci/SSP/SSP_187_R_EN_LG.png;No;Meta Live
Yanmega;Ciphermaniac's Codebreaking;TEF 145;3;1;3;1,0;0,19;16;18,75;TEF;145;Uncommon;Supporter;https://limitlesstcg.nyc3.cdn.digitaloceanspaces.com/tpci/TEF/TEF_145_R_EN_LG.png;No;Meta Live
Yanmega;Unfair Stamp;TWM 165;2;1;2;1,0;0,12;16;12,5;TWM;165;Ultra Rare;Item;https://limitlesstcg.nyc3.cdn.digitaloceanspaces.com/tpci/TWM/TWM_165_R_EN_LG.png;Yes;Meta Live
Yanmega;Night Stretcher;ASC 196;10;3;6;1,67;0,62;16;37,5;ASC;196;Common;Item;https://limitlesstcg.nyc3.cdn.digitaloceanspaces.com/tpci/ASC/ASC_196_R_EN_LG.png;No;Meta Live
Yanmega;Nighttime Mine;ASC 197;12;4;4;3,0;0,75;16;25,0;ASC;197;Uncommon;Stadium;https://limitlesstcg.nyc3.cdn.digitaloceanspaces.com/tpci/ASC/ASC_197_R_EN_LG.png;No;Meta Live
Yanmega;Teal Mask Ogerpon ex;TWM 25;7;4;2;3,5;0,44;16;12,5;TWM;25;Double Rare;Basic;https://limitlesstcg.nyc3.cdn.digitaloceanspaces.com/tpci/TWM/TWM_025_R_EN_LG.png;No;Meta Live
Yanmega;Chikorita;MEG 8;6;2;3;2,0;0,38;16;18,75;MEG;8;Common;Basic;https://limitlesstcg.nyc3.cdn.digitaloceanspaces.com/tpci/MEG/MEG_008_R_EN_LG.png;No;Meta Live
Yanmega;Bayleef;MEG 9;6;2;3;2,0;0,38;16;18,75;MEG;9;Common;Stage 1;https://limitlesstcg.nyc3.cdn.digitaloceanspaces.com/tpci/MEG/MEG_009_R_EN_LG.png;No;Meta Live
Yanmega;Meganium;MEG 10;6;2;3;2,0;0,38;16;18,75;MEG;10;Rare;Stage 2;https://limitlesstcg.nyc3.cdn.digitaloceanspaces.com/tpci/MEG/MEG_010_R_EN_LG.png;No;Meta Live
Yanmega;Cyrano;SSP 170;3;3;1;3,0;0,19;16;6,25;SSP;170;Uncommon;Supporter;https://limitlesstcg.nyc3.cdn.digitaloceanspaces.com/tpci/SSP/SSP_170_R_EN_LG.png;No;Meta Live
Yanmega;Rare Candy;MEG 125;2;2;1;2,0;0,12;16;6,25;MEG;125;Common;Item;https://limitlesstcg.nyc3.cdn.digitaloceanspaces.com/tpci/MEG/MEG_125_R_EN_LG.png;No;Meta Live
Yanmega;Energy Retrieval;SVI 171;2;2;1;2,0;0,12;16;6,25;SVI;171;Common;Item;https://limitlesstcg.nyc3.cdn.digitaloceanspaces.com/tpci/SVI/SVI_171_R_EN_LG.png;No;Meta Live
Yanmega;Dwebble;DRI 11;3;2;2;1,5;0,19;16;12,5;DRI;11;Common;Basic;https://limitlesstcg.nyc3.cdn.digitaloceanspaces.com/tpci/DRI/DRI_011_R_EN_LG.png;No;Meta Live
Yanmega;Crustle;DRI 12;3;2;2;1,5;0,19;16;12,5;DRI;12;Rare;Stage 1;https://limitlesstcg.nyc3.cdn.digitaloceanspaces.com/tpci/DRI/DRI_012_R_EN_LG.png;No;Meta Live
Yanmega;Handheld Fan;TWM 150;6;2;3;2,0;0,38;16;18,75;TWM;150;Uncommon;Tool;https://limitlesstcg.nyc3.cdn.digitaloceanspaces.com/tpci/TWM/TWM_150_R_EN_LG.png;No;Meta Live
Yanmega;Air Balloon;ASC 181;8;3;4;2,0;0,5;16;25,0;ASC;181;Uncommon;Tool;https://limitlesstcg.nyc3.cdn.digitaloceanspaces.com/tpci/ASC/ASC_181_R_EN_LG.png;No;Meta Live
Yanmega;Hero's Cape;TEF 152;1;1;1;1,0;0,06;16;6,25;TEF;152;Ultra Rare;Tool;https://limitlesstcg.nyc3.cdn.digitaloceanspaces.com/tpci/TEF/TEF_152_R_EN_LG.png;Yes;Meta Live
Yanmega;Battle Cage;PFL 85;2;2;1;2,0;0,12;16;6,25;PFL;85;Uncommon;Stadium;https://limitlesstcg.nyc3.cdn.digitaloceanspaces.com/tpci/PFL/PFL_085_R_EN_LG.png;No;Meta Live
Yanmega;Lotad;PFL 5;1;1;1;1,0;0,06;16;6,25;PFL;5;Common;Basic;https://limitlesstcg.nyc3.cdn.digitaloceanspaces.com/tpci/PFL/PFL_005_R_EN_LG.png;No;Meta Live
Yanmega;Lombre;PFL 6;1;1;1;1,0;0,06;16;6,25;PFL;6;Common;Stage 1;https://limitlesstcg.nyc3.cdn.digitaloceanspaces.com/tpci/PFL/PFL_006_R_EN_LG.png;No;Meta Live
Yanmega;Ludicolo;JTG 37;1;1;1;1,0;0,06;16;6,25;JTG;37;Rare;Stage 2;https://limitlesstcg.nyc3.cdn.digitaloceanspaces.com/tpci/JTG/JTG_037_R_EN_LG.png;No;Meta Live
Yanmega;Tool Scrapper;ASC 212;1;1;1;1,0;0,06;16;6,25;ASC;212;Common;Item;https://limitlesstcg.nyc3.cdn.digitaloceanspaces.com/tpci/ASC/ASC_212_R_EN_LG.png;No;Meta Live
Yanmega;Team Rocket's Kangaskhan ex;ASC 162;1;1;1;1,0;0,06;16;6,25;ASC;162;Double Rare;Basic;https://limitlesstcg.nyc3.cdn.digitaloceanspaces.com/tpci/ASC/ASC_162_R_EN_LG.png;No;Meta Live
Yanmega;Team Rocket's Articuno;DRI 51;1;1;1;1,0;0,06;16;6,25;DRI;51;Rare;Basic;https://limitlesstcg.nyc3.cdn.digitaloceanspaces.com/tpci/DRI/DRI_051_R_EN_LG.png;No;Meta Live
Yanmega;Team Rocket's Petrel;DRI 176;8;3;4;2,0;0,5;16;25,0;DRI;176;Uncommon;Supporter;https://limitlesstcg.nyc3.cdn.digitaloceanspaces.com/tpci/DRI/DRI_176_R_EN_LG.png;No;Meta Live
Yanmega;Team Rocket's Transceiver;DRI 178;5;2;3;1,67;0,31;16;18,75;DRI;178;Uncommon;Item;https://limitlesstcg.nyc3.cdn.digitaloceanspaces.com/tpci/DRI/DRI_178_R_EN_LG.png;No;Meta Live
Yanmega;Minior;30C 124;2;2;1;2,0;0,12;16;6,25;30C;124;Common;Basic;https://limitlesstcg.nyc3.cdn.digitaloceanspaces.com/tpci/30C/30C_124_R_EN_LG.png;No;Meta Live
Yanmega;Mega Kangaskhan ex;MEG 104;2;2;1;2,0;0,12;16;6,25;MEG;104;Double Rare;Basic;https://limitlesstcg.nyc3.cdn.digitaloceanspaces.com/tpci/MEG/MEG_104_R_EN_LG.png;No;Meta Live
Yanmega;Poltchageist;TWM 20;1;1;1;1,0;0,06;16;6,25;TWM;20;Common;Basic;https://limitlesstcg.nyc3.cdn.digitaloceanspaces.com/tpci/TWM/TWM_020_R_EN_LG.png;No;Meta Live
Yanmega;Sinistcha ex;TWM 23;1;1;1;1,0;0,06;16;6,25;TWM;23;Double Rare;Stage 1;https://limitlesstcg.nyc3.cdn.digitaloceanspaces.com/tpci/TWM/TWM_023_R_EN_LG.png;No;Meta Live
Yanmega;Latias ex;SSP 76;3;1;3;1,0;0,19;16;18,75;SSP;76;Double Rare;Basic;https://limitlesstcg.nyc3.cdn.digitaloceanspaces.com/tpci/SSP/SSP_076_R_EN_LG.png;No;Meta Live
Yanmega;Area Zero Underdepths;SCR 131;2;2;1;2,0;0,12;16;6,25;SCR;131;Uncommon;Stadium;https://limitlesstcg.nyc3.cdn.digitaloceanspaces.com/tpci/SCR/SCR_131_R_EN_LG.png;No;Meta Live
Yanmega;Exeggcute;MEG 4;4;2;2;2,0;0,25;16;12,5;MEG;4;Common;Basic;https://limitlesstcg.nyc3.cdn.digitaloceanspaces.com/tpci/MEG/MEG_004_R_EN_LG.png;No;Meta Live
Yanmega;Alolan Exeggutor;30C 2;4;2;2;2,0;0,25;16;12,5;30C;2;Common;Stage 1;https://limitlesstcg.nyc3.cdn.digitaloceanspaces.com/tpci/30C/30C_002_R_EN_LG.png;No;Meta Live
Yanmega;Celebi;MEG 12;2;1;2;1,0;0,12;16;12,5;MEG;12;Uncommon;Basic;https://limitlesstcg.nyc3.cdn.digitaloceanspaces.com/tpci/MEG/MEG_012_R_EN_LG.png;No;Meta Live
Yanmega;Shuckle;MEG 11;2;1;2;1,0;0,12;16;12,5;MEG;11;Uncommon;Basic;https://limitlesstcg.nyc3.cdn.digitaloceanspaces.com/tpci/MEG/MEG_011_R_EN_LG.png;No;Meta Live
Yanmega;Lana's Aid;TWM 155;2;1;2;1,0;0,12;16;12,5;TWM;155;Uncommon;Supporter;https://limitlesstcg.nyc3.cdn.digitaloceanspaces.com/tpci/TWM/TWM_155_R_EN_LG.png;No;Meta Live
Yanmega;Precious Trolley;SSP 185;2;1;2;1,0;0,12;16;12,5;SSP;185;Ultra Rare;Item;https://limitlesstcg.nyc3.cdn.digitaloceanspaces.com/tpci/SSP/SSP_185_R_EN_LG.png;Yes;Meta Live
Yanmega;Heavy Baton;TEF 151;4;2;2;2,0;0,25;16;12,5;TEF;151;Uncommon;Tool;https://limitlesstcg.nyc3.cdn.digitaloceanspaces.com/tpci/TEF/TEF_151_R_EN_LG.png;No;Meta Live
Yanmega;Kofu;SCR 138;5;3;2;2,5;0,31;16;12,5;SCR;138;Uncommon;Supporter;https://limitlesstcg.nyc3.cdn.digitaloceanspaces.com/tpci/SCR/SCR_138_R_EN_LG.png;No;Meta Live
Yanmega;Crushing Hammer;POR 71;8;4;2;4,0;0,5;16;12,5;POR;71;Common;Item;https://limitlesstcg.nyc3.cdn.digitaloceanspaces.com/tpci/POR/POR_071_R_EN_LG.png;No;Meta Live
Yanmega;Scoop Up Cyclone;TWM 162;2;1;2;1,0;0,12;16;12,5;TWM;162;Ultra Rare;Item;https://limitlesstcg.nyc3.cdn.digitaloceanspaces.com/tpci/TWM/TWM_162_R_EN_LG.png;Yes;Meta Live
Yanmega;Kieran;TWM 154;1;1;1;1,0;0,06;16;6,25;TWM;154;Uncommon;Supporter;https://limitlesstcg.nyc3.cdn.digitaloceanspaces.com/tpci/TWM/TWM_154_R_EN_LG.png;No;Meta Live
Yanmega;Growing Grass Energy;POR 86;1;1;1;1,0;0,06;16;6,25;POR;86;Rare;Special Energy;https://limitlesstcg.nyc3.cdn.digitaloceanspaces.com/tpci/POR/POR_086_R_EN_LG.png;No;Meta Live
Yanmega;Fan Rotom;SCR 118;1;1;1;1,0;0,06;16;6,25;SCR;118;Common;Basic;https://limitlesstcg.nyc3.cdn.digitaloceanspaces.com/tpci/SCR/SCR_118_R_EN_LG.png;No;Meta Live
Mega Froslass;Snorunt;ASC 46;52;4;15;3,47;3,47;15;100,0;ASC;46;Common;Basic;https://limitlesstcg.nyc3.cdn.digitaloceanspaces.com/tpci/ASC/ASC_046_R_EN_LG.png;No;Meta Live
Mega Froslass;Mega Froslass ex;ASC 47;48;4;15;3,2;3,2;15;100,0;ASC;47;Double Rare;Stage 1;https://limitlesstcg.nyc3.cdn.digitaloceanspaces.com/tpci/ASC/ASC_047_R_EN_LG.png;No;Meta Live
Mega Froslass;Boss's Orders;MEG 114;46;4;15;3,07;3,07;15;100,0;MEG;114;Uncommon;Supporter;https://limitlesstcg.nyc3.cdn.digitaloceanspaces.com/tpci/MEG/MEG_114_R_EN_LG.png;No;Meta Live
Mega Froslass;Lillie's Determination;MEG 119;44;4;13;3,38;2,93;15;86,67;MEG;119;Uncommon;Supporter;https://limitlesstcg.nyc3.cdn.digitaloceanspaces.com/tpci/MEG/MEG_119_R_EN_LG.png;No;Meta Live
Mega Froslass;Wally's Compassion;MEG 132;26;4;9;2,89;1,73;15;60,0;MEG;132;Uncommon;Supporter;https://limitlesstcg.nyc3.cdn.digitaloceanspaces.com/tpci/MEG/MEG_132_R_EN_LG.png;No;Meta Live
Mega Froslass;Salvatore;TEF 160;26;3;9;2,89;1,73;15;60,0;TEF;160;Uncommon;Supporter;https://limitlesstcg.nyc3.cdn.digitaloceanspaces.com/tpci/TEF/TEF_160_R_EN_LG.png;No;Meta Live
Mega Froslass;Team Rocket's Petrel;DRI 176;28;4;10;2,8;1,87;15;66,67;DRI;176;Uncommon;Supporter;https://limitlesstcg.nyc3.cdn.digitaloceanspaces.com/tpci/DRI/DRI_176_R_EN_LG.png;No;Meta Live
Mega Froslass;Lisia's Appeal;SSP 179;14;3;6;2,33;0,93;15;40,0;SSP;179;Uncommon;Supporter;https://limitlesstcg.nyc3.cdn.digitaloceanspaces.com/tpci/SSP/SSP_179_R_EN_LG.png;No;Meta Live
Mega Froslass;Judge;POR 76;8;1;8;1,0;0,53;15;53,33;POR;76;Uncommon;Supporter;https://limitlesstcg.nyc3.cdn.digitaloceanspaces.com/tpci/POR/POR_076_R_EN_LG.png;No;Meta Live
Mega Froslass;Lucian;TWM 157;7;2;6;1,17;0,47;15;40,0;TWM;157;Uncommon;Supporter;https://limitlesstcg.nyc3.cdn.digitaloceanspaces.com/tpci/TWM/TWM_157_R_EN_LG.png;No;Meta Live
Mega Froslass;Mega Signal;MEG 121;27;4;9;3,0;1,8;15;60,0;MEG;121;Uncommon;Item;https://limitlesstcg.nyc3.cdn.digitaloceanspaces.com/tpci/MEG/MEG_121_R_EN_LG.png;No;Meta Live
Mega Froslass;Buddy-Buddy Poffin;TEF 144;37;4;12;3,08;2,47;15;80,0;TEF;144;Uncommon;Item;https://limitlesstcg.nyc3.cdn.digitaloceanspaces.com/tpci/TEF/TEF_144_R_EN_LG.png;No;Meta Live
Mega Froslass;Hand Trimmer;TEF 150;24;3;8;3,0;1,6;15;53,33;TEF;150;Uncommon;Item;https://limitlesstcg.nyc3.cdn.digitaloceanspaces.com/tpci/TEF/TEF_150_R_EN_LG.png;No;Meta Live
Mega Froslass;Pokégear 3.0;SVI 186;36;4;11;3,27;2,4;15;73,33;SVI;186;Common;Item;https://limitlesstcg.nyc3.cdn.digitaloceanspaces.com/tpci/SVI/SVI_186_R_EN_LG.png;No;Meta Live
Mega Froslass;Tool Scrapper;ASC 212;8;1;8;1,0;0,53;15;53,33;ASC;212;Common;Item;https://limitlesstcg.nyc3.cdn.digitaloceanspaces.com/tpci/ASC/ASC_212_R_EN_LG.png;No;Meta Live
Mega Froslass;Special Red Card;CRI 82;9;1;9;1,0;0,6;15;60,0;CRI;82;Uncommon;Item;https://limitlesstcg.nyc3.cdn.digitaloceanspaces.com/tpci/CRI/CRI_082_R_EN_LG.png;No;Meta Live
Mega Froslass;Enhanced Hammer;TWM 148;6;1;6;1,0;0,4;15;40,0;TWM;148;Uncommon;Item;https://limitlesstcg.nyc3.cdn.digitaloceanspaces.com/tpci/TWM/TWM_148_R_EN_LG.png;No;Meta Live
Mega Froslass;Hero's Cape;TEF 152;9;1;9;1,0;0,6;15;60,0;TEF;152;Ultra Rare;Tool;https://limitlesstcg.nyc3.cdn.digitaloceanspaces.com/tpci/TEF/TEF_152_R_EN_LG.png;Yes;Meta Live
Mega Froslass;Battle Cage;PFL 85;21;3;8;2,62;1,4;15;53,33;PFL;85;Uncommon;Stadium;https://limitlesstcg.nyc3.cdn.digitaloceanspaces.com/tpci/PFL/PFL_085_R_EN_LG.png;No;Meta Live
Mega Froslass;Water Energy;MEE 11;144;17;15;9,6;9,6;15;100,0;MEE;11;;Basic Energy;;No;Meta Live
Mega Froslass;Eri;TEF 146;2;1;2;1,0;0,13;15;13,33;TEF;146;Uncommon;Supporter;https://limitlesstcg.nyc3.cdn.digitaloceanspaces.com/tpci/TEF/TEF_146_R_EN_LG.png;No;Meta Live
Mega Froslass;Brock's Scouting;JTG 146;6;4;2;3,0;0,4;15;13,33;JTG;146;Uncommon;Supporter;https://limitlesstcg.nyc3.cdn.digitaloceanspaces.com/tpci/JTG/JTG_146_R_EN_LG.png;No;Meta Live
Mega Froslass;Deduction Kit;SSP 171;3;3;1;3,0;0,2;15;6,67;SSP;171;Uncommon;Item;https://limitlesstcg.nyc3.cdn.digitaloceanspaces.com/tpci/SSP/SSP_171_R_EN_LG.png;No;Meta Live
Mega Froslass;Roto-Stick;PRE 127;4;3;2;2,0;0,27;15;13,33;PRE;127;Common;Item;https://limitlesstcg.nyc3.cdn.digitaloceanspaces.com/tpci/PRE/PRE_127_R_EN_LG.png;No;Meta Live
Mega Froslass;Tirtouga;BLK 22;5;3;2;2,5;0,33;15;13,33;BLK;22;Uncommon;Stage 1;https://limitlesstcg.nyc3.cdn.digitaloceanspaces.com/tpci/BLK/BLK_022_R_EN_LG.png;No;Meta Live
Mega Froslass;Rotom;SSP 61;2;2;1;2,0;0,13;15;6,67;SSP;61;Common;Basic;https://limitlesstcg.nyc3.cdn.digitaloceanspaces.com/tpci/SSP/SSP_061_R_EN_LG.png;No;Meta Live
Mega Froslass;Shieldon;PBL 61;2;1;2;1,0;0,13;15;13,33;PBL;61;Common;Stage 1;https://limitlesstcg.nyc3.cdn.digitaloceanspaces.com/tpci/PBL/PBL_061_R_EN_LG.png;No;Meta Live
Mega Froslass;Bastiodon;PBL 62;2;1;2;1,0;0,13;15;13,33;PBL;62;Rare;Stage 2;https://limitlesstcg.nyc3.cdn.digitaloceanspaces.com/tpci/PBL/PBL_062_R_EN_LG.png;No;Meta Live
Mega Froslass;Shaymin;DRI 10;1;1;1;1,0;0,07;15;6,67;DRI;10;Uncommon;Basic;https://limitlesstcg.nyc3.cdn.digitaloceanspaces.com/tpci/DRI/DRI_010_R_EN_LG.png;No;Meta Live
Mega Froslass;Psyduck;ASC 39;1;1;1;1,0;0,07;15;6,67;ASC;39;Common;Basic;https://limitlesstcg.nyc3.cdn.digitaloceanspaces.com/tpci/ASC/ASC_039_R_EN_LG.png;No;Meta Live
Mega Froslass;Patrat;CRI 70;1;1;1;1,0;0,07;15;6,67;CRI;70;Common;Basic;https://limitlesstcg.nyc3.cdn.digitaloceanspaces.com/tpci/CRI/CRI_070_R_EN_LG.png;No;Meta Live
Mega Froslass;Budew;ASC 16;7;2;4;1,75;0,47;15;26,67;ASC;16;Common;Basic;https://limitlesstcg.nyc3.cdn.digitaloceanspaces.com/tpci/ASC/ASC_016_R_EN_LG.png;No;Meta Live
Mega Froslass;Colress's Tenacity;SFA 57;4;4;1;4,0;0,27;15;6,67;SFA;57;Uncommon;Supporter;https://limitlesstcg.nyc3.cdn.digitaloceanspaces.com/tpci/SFA/SFA_057_R_EN_LG.png;No;Meta Live
Mega Froslass;Hilda;WHT 84;9;4;4;2,25;0,6;15;26,67;WHT;84;Uncommon;Supporter;https://limitlesstcg.nyc3.cdn.digitaloceanspaces.com/tpci/WHT/WHT_084_R_EN_LG.png;No;Meta Live
Mega Froslass;Poké Pad;POR 81;27;4;7;3,86;1,8;15;46,67;POR;81;Uncommon;Item;https://limitlesstcg.nyc3.cdn.digitaloceanspaces.com/tpci/POR/POR_081_R_EN_LG.png;No;Meta Live
Mega Froslass;Antique Cover Fossil;SCR 129;5;3;2;2,5;0,33;15;13,33;SCR;129;Common;Item;https://limitlesstcg.nyc3.cdn.digitaloceanspaces.com/tpci/SCR/SCR_129_R_EN_LG.png;No;Meta Live
Mega Froslass;Night Stretcher;ASC 196;11;4;5;2,2;0,73;15;33,33;ASC;196;Common;Item;https://limitlesstcg.nyc3.cdn.digitaloceanspaces.com/tpci/ASC/ASC_196_R_EN_LG.png;No;Meta Live
Mega Froslass;Ultra Ball;30C 128;11;4;4;2,75;0,73;15;26,67;30C;128;Common;Item;https://limitlesstcg.nyc3.cdn.digitaloceanspaces.com/tpci/30C/30C_128_R_EN_LG.png;No;Meta Live
Mega Froslass;Switch;MEG 130;7;2;4;1,75;0,47;15;26,67;MEG;130;Common;Item;https://limitlesstcg.nyc3.cdn.digitaloceanspaces.com/tpci/MEG/MEG_130_R_EN_LG.png;No;Meta Live
Mega Froslass;Antique Armor Fossil;PBL 72;3;2;2;1,5;0,2;15;13,33;PBL;72;Common;Item;https://limitlesstcg.nyc3.cdn.digitaloceanspaces.com/tpci/PBL/PBL_072_R_EN_LG.png;No;Meta Live
Mega Froslass;Secret Box;TWM 163;2;1;2;1,0;0,13;15;13,33;TWM;163;Ultra Rare;Item;https://limitlesstcg.nyc3.cdn.digitaloceanspaces.com/tpci/TWM/TWM_163_R_EN_LG.png;Yes;Meta Live
Mega Froslass;Handheld Fan;TWM 150;4;2;2;2,0;0,27;15;13,33;TWM;150;Uncommon;Tool;https://limitlesstcg.nyc3.cdn.digitaloceanspaces.com/tpci/TWM/TWM_150_R_EN_LG.png;No;Meta Live
Mega Froslass;Air Balloon;ASC 181;6;3;4;1,5;0,4;15;26,67;ASC;181;Uncommon;Tool;https://limitlesstcg.nyc3.cdn.digitaloceanspaces.com/tpci/ASC/ASC_181_R_EN_LG.png;No;Meta Live
Mega Froslass;Fossil Quarry;PBL 76;7;4;2;3,5;0,47;15;13,33;PBL;76;Uncommon;Stadium;https://limitlesstcg.nyc3.cdn.digitaloceanspaces.com/tpci/PBL/PBL_076_R_EN_LG.png;No;Meta Live
Mega Froslass;Lightning Energy;MEE 4;3;3;1;3,0;0,2;15;6,67;MEE;4;;Basic Energy;https://limitlesstcg.nyc3.cdn.digitaloceanspaces.com/tpci/MEE/MEE_004_R_EN_LG.png;No;Meta Live
Mega Froslass;Bubbly Water Energy;CRI 84;7;4;2;3,5;0,47;15;13,33;CRI;84;Rare;Special Energy;https://limitlesstcg.nyc3.cdn.digitaloceanspaces.com/tpci/CRI/CRI_084_R_EN_LG.png;No;Meta Live
Mega Froslass;Froslass;TWM 53;4;2;2;2,0;0,27;15;13,33;TWM;53;Rare;Stage 1;https://limitlesstcg.nyc3.cdn.digitaloceanspaces.com/tpci/TWM/TWM_053_R_EN_LG.png;No;Meta Live
Mega Froslass;Yveltal;MEG 88;4;4;1;4,0;0,27;15;6,67;MEG;88;Rare;Basic;https://limitlesstcg.nyc3.cdn.digitaloceanspaces.com/tpci/MEG/MEG_088_R_EN_LG.png;No;Meta Live
Mega Froslass;Munkidori;TWM 95;8;3;3;2,67;0,53;15;20,0;TWM;95;Rare;Basic;https://limitlesstcg.nyc3.cdn.digitaloceanspaces.com/tpci/TWM/TWM_095_R_EN_LG.png;No;Meta Live
Mega Froslass;Fezandipiti ex;ASC 142;3;1;3;1,0;0,2;15;20,0;ASC;142;Double Rare;Basic;https://limitlesstcg.nyc3.cdn.digitaloceanspaces.com/tpci/ASC/ASC_142_R_EN_LG.png;No;Meta Live
Mega Froslass;Naveen;POR 79;4;4;1;4,0;0,27;15;6,67;POR;79;Uncommon;Supporter;https://limitlesstcg.nyc3.cdn.digitaloceanspaces.com/tpci/POR/POR_079_R_EN_LG.png;No;Meta Live
Mega Froslass;Dark Bell;PBL 75;2;2;1;2,0;0,13;15;6,67;PBL;75;Uncommon;Item;https://limitlesstcg.nyc3.cdn.digitaloceanspaces.com/tpci/PBL/PBL_075_R_EN_LG.png;No;Meta Live
Mega Froslass;Team Rocket's Watchtower;DRI 180;2;2;1;2,0;0,13;15;6,67;DRI;180;Uncommon;Stadium;https://limitlesstcg.nyc3.cdn.digitaloceanspaces.com/tpci/DRI/DRI_180_R_EN_LG.png;No;Meta Live
Mega Froslass;Jamming Tower;TWM 153;1;1;1;1,0;0,07;15;6,67;TWM;153;Uncommon;Stadium;https://limitlesstcg.nyc3.cdn.digitaloceanspaces.com/tpci/TWM/TWM_153_R_EN_LG.png;No;Meta Live
Mega Froslass;Darkness Energy;MEE 7;13;5;4;3,25;0,87;15;26,67;MEE;7;;Basic Energy;https://limitlesstcg.nyc3.cdn.digitaloceanspaces.com/tpci/MEE/MEE_007_R_EN_LG.png;No;Meta Live
Mega Froslass;Legacy Energy;TWM 167;1;1;1;1,0;0,07;15;6,67;TWM;167;Ultra Rare;Special Energy;https://limitlesstcg.nyc3.cdn.digitaloceanspaces.com/tpci/TWM/TWM_167_R_EN_LG.png;Yes;Meta Live
Mega Froslass;Amaura;POR 23;1;1;1;1,0;0,07;15;6,67;POR;23;Common;Stage 1;https://limitlesstcg.nyc3.cdn.digitaloceanspaces.com/tpci/POR/POR_023_R_EN_LG.png;No;Meta Live
Mega Froslass;Aurorus;POR 24;1;1;1;1,0;0,07;15;6,67;POR;24;Rare;Stage 2;https://limitlesstcg.nyc3.cdn.digitaloceanspaces.com/tpci/POR/POR_024_R_EN_LG.png;No;Meta Live
Mega Froslass;Dawn;PFL 87;1;1;1;1,0;0,07;15;6,67;PFL;87;Uncommon;Supporter;https://limitlesstcg.nyc3.cdn.digitaloceanspaces.com/tpci/PFL/PFL_087_R_EN_LG.png;No;Meta Live
Mega Froslass;Antique Sail Fossil;POR 69;2;2;1;2,0;0,13;15;6,67;POR;69;Common;Item;https://limitlesstcg.nyc3.cdn.digitaloceanspaces.com/tpci/POR/POR_069_R_EN_LG.png;No;Meta Live
Mega Froslass;Team Rocket's Transceiver;DRI 178;4;2;2;2,0;0,27;15;13,33;DRI;178;Uncommon;Item;https://limitlesstcg.nyc3.cdn.digitaloceanspaces.com/tpci/DRI/DRI_178_R_EN_LG.png;No;Meta Live
Mega Froslass;Rare Candy;MEG 125;2;2;1;2,0;0,13;15;6,67;MEG;125;Common;Item;https://limitlesstcg.nyc3.cdn.digitaloceanspaces.com/tpci/MEG/MEG_125_R_EN_LG.png;No;Meta Live
Mega Froslass;Energy Search;POR 72;1;1;1;1,0;0,07;15;6,67;POR;72;Common;Item;https://limitlesstcg.nyc3.cdn.digitaloceanspaces.com/tpci/POR/POR_072_R_EN_LG.png;No;Meta Live
Mega Froslass;Magnetic Metal Energy;CRI 85;1;1;1;1,0;0,07;15;6,67;CRI;85;Rare;Special Energy;https://limitlesstcg.nyc3.cdn.digitaloceanspaces.com/tpci/CRI/CRI_085_R_EN_LG.png;No;Meta Live
Mega Froslass;Harlequin;WHT 83;4;4;1;4,0;0,27;15;6,67;WHT;83;Uncommon;Supporter;https://limitlesstcg.nyc3.cdn.digitaloceanspaces.com/tpci/WHT/WHT_083_R_EN_LG.png;No;Meta Live
Mega Froslass;Repel;MEG 126;1;1;1;1,0;0,07;15;6,67;MEG;126;Uncommon;Item;https://limitlesstcg.nyc3.cdn.digitaloceanspaces.com/tpci/MEG/MEG_126_R_EN_LG.png;No;Meta Live
Mega Froslass;Gravity Mountain;SSP 177;5;4;2;2,5;0,33;15;13,33;SSP;177;Uncommon;Stadium;https://limitlesstcg.nyc3.cdn.digitaloceanspaces.com/tpci/SSP/SSP_177_R_EN_LG.png;No;Meta Live
Mega Froslass;Surfing Beach;MEG 129;4;3;2;2,0;0,27;15;13,33;MEG;129;Uncommon;Stadium;https://limitlesstcg.nyc3.cdn.digitaloceanspaces.com/tpci/MEG/MEG_129_R_EN_LG.png;No;Meta Live
Mega Froslass;Nighttime Mine;ASC 197;1;1;1;1,0;0,07;15;6,67;ASC;197;Uncommon;Stadium;https://limitlesstcg.nyc3.cdn.digitaloceanspaces.com/tpci/ASC/ASC_197_R_EN_LG.png;No;Meta Live
Mega Froslass;Glalie;TWM 52;2;2;1;2,0;0,13;15;6,67;TWM;52;Uncommon;Stage 1;https://limitlesstcg.nyc3.cdn.digitaloceanspaces.com/tpci/TWM/TWM_052_R_EN_LG.png;No;Meta Live
Mega Froslass;Snom;ASC 52;7;4;2;3,5;0,47;15;13,33;ASC;52;Common;Basic;https://limitlesstcg.nyc3.cdn.digitaloceanspaces.com/tpci/ASC/ASC_052_R_EN_LG.png;No;Meta Live
Mega Froslass;Frosmoth;ASC 53;7;4;2;3,5;0,47;15;13,33;ASC;53;Uncommon;Stage 1;https://limitlesstcg.nyc3.cdn.digitaloceanspaces.com/tpci/ASC/ASC_053_R_EN_LG.png;No;Meta Live
Mega Froslass;Crispin;SCR 133;8;4;3;2,67;0,53;15;20,0;SCR;133;Uncommon;Supporter;https://limitlesstcg.nyc3.cdn.digitaloceanspaces.com/tpci/SCR/SCR_133_R_EN_LG.png;No;Meta Live
Mega Froslass;Great Haul Net;CRI 78;3;2;2;1,5;0,2;15;13,33;CRI;78;Uncommon;Item;https://limitlesstcg.nyc3.cdn.digitaloceanspaces.com/tpci/CRI/CRI_078_R_EN_LG.png;No;Meta Live
Mega Froslass;Scoop Up Cyclone;TWM 162;1;1;1;1,0;0,07;15;6,67;TWM;162;Ultra Rare;Item;https://limitlesstcg.nyc3.cdn.digitaloceanspaces.com/tpci/TWM/TWM_162_R_EN_LG.png;Yes;Meta Live
Mega Froslass;Skrelp;CRI 58;2;2;1;2,0;0,13;15;6,67;CRI;58;Common;Basic;https://limitlesstcg.nyc3.cdn.digitaloceanspaces.com/tpci/CRI/CRI_058_R_EN_LG.png;No;Meta Live
Mega Froslass;Mega Dragalge ex;CRI 65;2;2;1;2,0;0,13;15;6,67;CRI;65;Double Rare;Stage 1;https://limitlesstcg.nyc3.cdn.digitaloceanspaces.com/tpci/CRI/CRI_065_R_EN_LG.png;No;Meta Live
Mega Froslass;Mew ex;30C 66;6;4;2;3,0;0,4;15;13,33;30C;66;Double Rare;Basic;https://limitlesstcg.nyc3.cdn.digitaloceanspaces.com/tpci/30C/30C_066_R_EN_LG.png;No;Meta Live
Mega Froslass;Lillie's Clefairy ex;JTG 56;2;2;1;2,0;0,13;15;6,67;JTG;56;Double Rare;Basic;https://limitlesstcg.nyc3.cdn.digitaloceanspaces.com/tpci/JTG/JTG_056_R_EN_LG.png;No;Meta Live
Mega Froslass;Meowth ex;POR 62;1;1;1;1,0;0,07;15;6,67;POR;62;Double Rare;Basic;https://limitlesstcg.nyc3.cdn.digitaloceanspaces.com/tpci/POR/POR_062_R_EN_LG.png;No;Meta Live
Mega Froslass;Unown;30C 72;1;1;1;1,0;0,07;15;6,67;30C;72;Common;Basic;https://limitlesstcg.nyc3.cdn.digitaloceanspaces.com/tpci/30C/30C_072_R_EN_LG.png;No;Meta Live
Mega Froslass;Prime Catcher;TEF 157;1;1;1;1,0;0,07;15;6,67;TEF;157;Ultra Rare;Item;https://limitlesstcg.nyc3.cdn.digitaloceanspaces.com/tpci/TEF/TEF_157_R_EN_LG.png;Yes;Meta Live
Mega Froslass;Wondrous Patch;PFL 94;1;1;1;1,0;0,07;15;6,67;PFL;94;Uncommon;Item;https://limitlesstcg.nyc3.cdn.digitaloceanspaces.com/tpci/PFL/PFL_094_R_EN_LG.png;No;Meta Live
Mega Froslass;Lillie's Pearl;JTG 151;1;1;1;1,0;0,07;15;6,67;JTG;151;Uncommon;Tool;https://limitlesstcg.nyc3.cdn.digitaloceanspaces.com/tpci/JTG/JTG_151_R_EN_LG.png;No;Meta Live
Mega Froslass;Psychic Energy;MEE 5;4;4;1;4,0;0,27;15;6,67;MEE;5;;Basic Energy;https://limitlesstcg.nyc3.cdn.digitaloceanspaces.com/tpci/MEE/MEE_005_R_EN_LG.png;No;Meta Live
Mega Froslass;Eevee;SSP 143;2;2;1;2,0;0,13;15;6,67;SSP;143;Common;Basic;https://limitlesstcg.nyc3.cdn.digitaloceanspaces.com/tpci/SSP/SSP_143_R_EN_LG.png;No;Meta Live
Mega Froslass;Glaceon ex;PRE 26;2;2;1;2,0;0,13;15;6,67;PRE;26;Double Rare;Stage 1;https://limitlesstcg.nyc3.cdn.digitaloceanspaces.com/tpci/PRE/PRE_026_R_EN_LG.png;No;Meta Live
Mega Froslass;Unfair Stamp;TWM 165;1;1;1;1,0;0,07;15;6,67;TWM;165;Ultra Rare;Item;https://limitlesstcg.nyc3.cdn.digitaloceanspaces.com/tpci/TWM/TWM_165_R_EN_LG.png;Yes;Meta Live
Mega Froslass;Team Rocket's Factory;DRI 173;2;2;1;2,0;0,13;15;6,67;DRI;173;Uncommon;Stadium;https://limitlesstcg.nyc3.cdn.digitaloceanspaces.com/tpci/DRI/DRI_173_R_EN_LG.png;No;Meta Live
Mega Froslass;Prism Energy;ASC 216;4;4;1;4,0;0,27;15;6,67;ASC;216;Uncommon;Special Energy;https://limitlesstcg.nyc3.cdn.digitaloceanspaces.com/tpci/ASC/ASC_216_R_EN_LG.png;No;Meta Live
Mega Froslass;Telepathic Psychic Energy;POR 88;2;2;1;2,0;0,13;15;6,67;POR;88;Rare;Special Energy;https://limitlesstcg.nyc3.cdn.digitaloceanspaces.com/tpci/POR/POR_088_R_EN_LG.png;No;Meta Live
Mega Froslass;Wellspring Mask Ogerpon ex;TWM 64;1;1;1;1,0;0,07;15;6,67;TWM;64;Double Rare;Basic;https://limitlesstcg.nyc3.cdn.digitaloceanspaces.com/tpci/TWM/TWM_064_R_EN_LG.png;No;Meta Live
Mega Froslass;Drayton;SSP 174;2;2;1;2,0;0,13;15;6,67;SSP;174;Uncommon;Supporter;https://limitlesstcg.nyc3.cdn.digitaloceanspaces.com/tpci/SSP/SSP_174_R_EN_LG.png;No;Meta Live
Mega Froslass;Carmine;TWM 145;1;1;1;1,0;0,07;15;6,67;TWM;145;Uncommon;Supporter;https://limitlesstcg.nyc3.cdn.digitaloceanspaces.com/tpci/TWM/TWM_145_R_EN_LG.png;No;Meta Live
Mega Froslass;Crushing Hammer;POR 71;2;2;1;2,0;0,13;15;6,67;POR;71;Common;Item;https://limitlesstcg.nyc3.cdn.digitaloceanspaces.com/tpci/POR/POR_071_R_EN_LG.png;No;Meta Live
Dragapult Dusknoir;Dreepy;ASC 158;123;4;31;3,97;3,97;31;100,0;ASC;158;Common;Basic;https://limitlesstcg.nyc3.cdn.digitaloceanspaces.com/tpci/ASC/ASC_158_R_EN_LG.png;No;Meta Play!
Dragapult Dusknoir;Drakloak;ASC 159;123;4;31;3,97;3,97;31;100,0;ASC;159;Common;Stage 1;https://limitlesstcg.nyc3.cdn.digitaloceanspaces.com/tpci/ASC/ASC_159_R_EN_LG.png;No;Meta Play!
Dragapult Dusknoir;Dragapult ex;ASC 160;88;3;31;2,84;2,84;31;100,0;ASC;160;Double Rare;Stage 2;https://limitlesstcg.nyc3.cdn.digitaloceanspaces.com/tpci/ASC/ASC_160_R_EN_LG.png;No;Meta Play!
Dragapult Dusknoir;Duskull;PRE 35;63;4;31;2,03;2,03;31;100,0;PRE;35;Common;Basic;https://limitlesstcg.nyc3.cdn.digitaloceanspaces.com/tpci/PRE/PRE_035_R_EN_LG.png;No;Meta Play!
Dragapult Dusknoir;Dusclops;PRE 36;57;4;30;1,9;1,84;31;96,77;PRE;36;Common;Stage 1;https://limitlesstcg.nyc3.cdn.digitaloceanspaces.com/tpci/PRE/PRE_036_R_EN_LG.png;No;Meta Play!
Dragapult Dusknoir;Dusknoir;PRE 37;32;2;31;1,03;1,03;31;100,0;PRE;37;Rare;Stage 2;https://limitlesstcg.nyc3.cdn.digitaloceanspaces.com/tpci/PRE/PRE_037_R_EN_LG.png;No;Meta Play!
Dragapult Dusknoir;Munkidori;ASC 99;22;2;21;1,05;0,71;31;67,74;ASC;99;Rare;Basic;https://limitlesstcg.nyc3.cdn.digitaloceanspaces.com/tpci/ASC/ASC_099_R_EN_LG.png;No;Meta Play!
Dragapult Dusknoir;Fezandipiti ex;ASC 142;31;1;31;1,0;1,0;31;100,0;ASC;142;Double Rare;Basic;https://limitlesstcg.nyc3.cdn.digitaloceanspaces.com/tpci/ASC/ASC_142_R_EN_LG.png;No;Meta Play!
Dragapult Dusknoir;Budew;ASC 16;47;2;31;1,52;1,52;31;100,0;ASC;16;Common;Basic;https://limitlesstcg.nyc3.cdn.digitaloceanspaces.com/tpci/ASC/ASC_016_R_EN_LG.png;No;Meta Play!
Dragapult Dusknoir;Meowth ex;POR 62;32;2;30;1,07;1,03;31;96,77;POR;62;Double Rare;Basic;https://limitlesstcg.nyc3.cdn.digitaloceanspaces.com/tpci/POR/POR_062_R_EN_LG.png;No;Meta Play!
Dragapult Dusknoir;Moltres;PFL 14;16;1;16;1,0;0,52;31;51,61;PFL;14;Rare;Basic;https://limitlesstcg.nyc3.cdn.digitaloceanspaces.com/tpci/PFL/PFL_014_R_EN_LG.png;No;Meta Play!
Dragapult Dusknoir;Lillie's Determination;MEG 119;124;4;31;4,0;4,0;31;100,0;MEG;119;Uncommon;Supporter;https://limitlesstcg.nyc3.cdn.digitaloceanspaces.com/tpci/MEG/MEG_119_R_EN_LG.png;No;Meta Play!
Dragapult Dusknoir;Boss's Orders;MEG 114;90;3;31;2,9;2,9;31;100,0;MEG;114;Uncommon;Supporter;https://limitlesstcg.nyc3.cdn.digitaloceanspaces.com/tpci/MEG/MEG_114_R_EN_LG.png;No;Meta Play!
Dragapult Dusknoir;Dawn;PFL 87;15;2;13;1,15;0,48;31;41,94;PFL;87;Uncommon;Supporter;https://limitlesstcg.nyc3.cdn.digitaloceanspaces.com/tpci/PFL/PFL_087_R_EN_LG.png;No;Meta Play!
Dragapult Dusknoir;Crispin;SCR 133;56;2;30;1,87;1,81;31;96,77;SCR;133;Uncommon;Supporter;https://limitlesstcg.nyc3.cdn.digitaloceanspaces.com/tpci/SCR/SCR_133_R_EN_LG.png;No;Meta Play!
Dragapult Dusknoir;Rosa's Encouragement;POR 84;26;1;26;1,0;0,84;31;83,87;POR;84;Uncommon;Supporter;https://limitlesstcg.nyc3.cdn.digitaloceanspaces.com/tpci/POR/POR_084_R_EN_LG.png;No;Meta Play!
Dragapult Dusknoir;Buddy-Buddy Poffin;ASC 184;124;4;31;4,0;4,0;31;100,0;ASC;184;Common;Item;https://limitlesstcg.nyc3.cdn.digitaloceanspaces.com/tpci/ASC/ASC_184_R_EN_LG.png;No;Meta Play!
Dragapult Dusknoir;Poké Pad;POR 81;123;4;31;3,97;3,97;31;100,0;POR;81;Uncommon;Item;https://limitlesstcg.nyc3.cdn.digitaloceanspaces.com/tpci/POR/POR_081_R_EN_LG.png;No;Meta Play!
Dragapult Dusknoir;Ultra Ball;MEG 131;105;4;30;3,5;3,39;31;96,77;MEG;131;Common;Item;https://limitlesstcg.nyc3.cdn.digitaloceanspaces.com/tpci/MEG/MEG_131_R_EN_LG.png;No;Meta Play!
Dragapult Dusknoir;Night Stretcher;ASC 196;77;4;31;2,48;2,48;31;100,0;ASC;196;Common;Item;https://limitlesstcg.nyc3.cdn.digitaloceanspaces.com/tpci/ASC/ASC_196_R_EN_LG.png;No;Meta Play!
Dragapult Dusknoir;Special Red Card;CRI 82;21;2;20;1,05;0,68;31;64,52;CRI;82;Uncommon;Item;https://limitlesstcg.nyc3.cdn.digitaloceanspaces.com/tpci/CRI/CRI_082_R_EN_LG.png;No;Meta Play!
Dragapult Dusknoir;Unfair Stamp;TWM 165;30;1;30;1,0;0,97;31;96,77;TWM;165;Ultra Rare;Item;https://limitlesstcg.nyc3.cdn.digitaloceanspaces.com/tpci/TWM/TWM_165_R_EN_LG.png;Yes;Meta Play!
Dragapult Dusknoir;Team Rocket's Watchtower;ASC 210;24;2;20;1,2;0,77;31;64,52;ASC;210;Uncommon;Stadium;https://limitlesstcg.nyc3.cdn.digitaloceanspaces.com/tpci/ASC/ASC_210_R_EN_LG.png;No;Meta Play!
Dragapult Dusknoir;Jamming Tower;TWM 153;28;2;25;1,12;0,9;31;80,65;TWM;153;Uncommon;Stadium;https://limitlesstcg.nyc3.cdn.digitaloceanspaces.com/tpci/TWM/TWM_153_R_EN_LG.png;No;Meta Play!
Dragapult Dusknoir;Fire Energy;MEE 2;103;4;31;3,32;3,32;31;100,0;MEE;2;;Basic Energy;https://limitlesstcg.nyc3.cdn.digitaloceanspaces.com/tpci/MEE/MEE_002_R_EN_LG.png;No;Meta Play!
Dragapult Dusknoir;Psychic Energy;MEE 5;98;4;30;3,27;3,16;31;96,77;MEE;5;;Basic Energy;https://limitlesstcg.nyc3.cdn.digitaloceanspaces.com/tpci/MEE/MEE_005_R_EN_LG.png;No;Meta Play!
Dragapult Dusknoir;Darkness Energy;MEE 7;40;2;21;1,9;1,29;31;67,74;MEE;7;;Basic Energy;https://limitlesstcg.nyc3.cdn.digitaloceanspaces.com/tpci/MEE/MEE_007_R_EN_LG.png;No;Meta Play!
Dragapult Dusknoir;Patrat;CRI 70;9;1;9;1,0;0,29;31;29,03;CRI;70;Common;Basic;https://limitlesstcg.nyc3.cdn.digitaloceanspaces.com/tpci/CRI/CRI_070_R_EN_LG.png;No;Meta Play!
Dragapult Dusknoir;Judge;POR 76;21;1;21;1,0;0,68;31;67,74;POR;76;Uncommon;Supporter;https://limitlesstcg.nyc3.cdn.digitaloceanspaces.com/tpci/POR/POR_076_R_EN_LG.png;No;Meta Play!
Dragapult Dusknoir;Crushing Hammer;POR 71;52;4;14;3,71;1,68;31;45,16;POR;71;Common;Item;https://limitlesstcg.nyc3.cdn.digitaloceanspaces.com/tpci/POR/POR_071_R_EN_LG.png;No;Meta Play!
Dragapult Dusknoir;Rare Candy;MEG 125;21;3;9;2,33;0,68;31;29,03;MEG;125;Common;Item;https://limitlesstcg.nyc3.cdn.digitaloceanspaces.com/tpci/MEG/MEG_125_R_EN_LG.png;No;Meta Play!
Dragapult Dusknoir;Dark Bell;PBL 75;1;1;1;1,0;0,03;31;3,23;PBL;75;Uncommon;Item;https://limitlesstcg.nyc3.cdn.digitaloceanspaces.com/tpci/PBL/PBL_075_R_EN_LG.png;No;Meta Play!
Dragapult Dusknoir;Shaymin;DRI 10;6;1;6;1,0;0,19;31;19,35;DRI;10;Uncommon;Basic;https://limitlesstcg.nyc3.cdn.digitaloceanspaces.com/tpci/DRI/DRI_010_R_EN_LG.png;No;Meta Play!
Dragapult Dusknoir;Team Rocket's Petrel;ASC 207;3;1;3;1,0;0,1;31;9,68;ASC;207;Uncommon;Supporter;https://limitlesstcg.nyc3.cdn.digitaloceanspaces.com/tpci/ASC/ASC_207_R_EN_LG.png;No;Meta Play!
Dragapult Dusknoir;Torchic;DRI 40;3;2;2;1,5;0,1;31;6,45;DRI;40;Common;Basic;https://limitlesstcg.nyc3.cdn.digitaloceanspaces.com/tpci/DRI/DRI_040_R_EN_LG.png;No;Meta Play!
Dragapult Dusknoir;Combusken;DRI 41;1;1;1;1,0;0,03;31;3,23;DRI;41;Common;Stage 1;https://limitlesstcg.nyc3.cdn.digitaloceanspaces.com/tpci/DRI/DRI_041_R_EN_LG.png;No;Meta Play!
Dragapult Dusknoir;Blaziken ex;JTG 24;3;2;2;1,5;0,1;31;6,45;JTG;24;Double Rare;Stage 2;https://limitlesstcg.nyc3.cdn.digitaloceanspaces.com/tpci/JTG/JTG_024_R_EN_LG.png;No;Meta Play!
Dragapult Dusknoir;Lillie's Clefairy ex;ASC 76;1;1;1;1,0;0,03;31;3,23;ASC;76;Double Rare;Basic;https://limitlesstcg.nyc3.cdn.digitaloceanspaces.com/tpci/ASC/ASC_076_R_EN_LG.png;No;Meta Play!
Dragapult Dusknoir;Risky Ruins;MEG 127;6;2;5;1,2;0,19;31;16,13;MEG;127;Uncommon;Stadium;https://limitlesstcg.nyc3.cdn.digitaloceanspaces.com/tpci/MEG/MEG_127_R_EN_LG.png;No;Meta Play!
Dragapult Dusknoir;Latias ex;SSP 76;1;1;1;1,0;0,03;31;3,23;SSP;76;Double Rare;Basic;https://limitlesstcg.nyc3.cdn.digitaloceanspaces.com/tpci/SSP/SSP_076_R_EN_LG.png;No;Meta Play!
Dragapult Dusknoir;Bloodmoon Ursaluna ex;TWM 141;1;1;1;1,0;0,03;31;3,23;TWM;141;Double Rare;Basic;https://limitlesstcg.nyc3.cdn.digitaloceanspaces.com/tpci/TWM/TWM_141_R_EN_LG.png;No;Meta Play!
Dragapult Dusknoir;Chien-Pao;SSP 56;1;1;1;1,0;0,03;31;3,23;SSP;56;Rare;Basic;https://limitlesstcg.nyc3.cdn.digitaloceanspaces.com/tpci/SSP/SSP_056_R_EN_LG.png;No;Meta Play!
Dragapult Dusknoir;Tool Scrapper;ASC 212;1;1;1;1,0;0,03;31;3,23;ASC;212;Common;Item;https://limitlesstcg.nyc3.cdn.digitaloceanspaces.com/tpci/ASC/ASC_212_R_EN_LG.png;No;Meta Play!
Dragapult Dusknoir;Area Zero Underdepths;SCR 131;1;1;1;1,0;0,03;31;3,23;SCR;131;Uncommon;Stadium;https://limitlesstcg.nyc3.cdn.digitaloceanspaces.com/tpci/SCR/SCR_131_R_EN_LG.png;No;Meta Play!
Dragapult Dusknoir;Hilda;WHT 84;3;3;1;3,0;0,1;31;3,23;WHT;84;Uncommon;Supporter;https://limitlesstcg.nyc3.cdn.digitaloceanspaces.com/tpci/WHT/WHT_084_R_EN_LG.png;No;Meta Play!
Dragapult Dusknoir;Pokégear 3.0;SVI 186;2;2;1;2,0;0,06;31;3,23;SVI;186;Common;Item;https://limitlesstcg.nyc3.cdn.digitaloceanspaces.com/tpci/SVI/SVI_186_R_EN_LG.png;No;Meta Play!
Dragapult Dusknoir;Telepathic Psychic Energy;POR 88;4;4;1;4,0;0,13;31;3,23;POR;88;Rare;Special Energy;https://limitlesstcg.nyc3.cdn.digitaloceanspaces.com/tpci/POR/POR_088_R_EN_LG.png;No;Meta Play!
Dragapult Dusknoir;Neo Upper Energy;TEF 162;1;1;1;1,0;0,03;31;3,23;TEF;162;Ultra Rare;Special Energy;https://limitlesstcg.nyc3.cdn.digitaloceanspaces.com/tpci/TEF/TEF_162_R_EN_LG.png;Yes;Meta Play!
Dragapult Blaziken;Dreepy;ASC 158;88;4;22;4,0;4,0;22;100,0;ASC;158;Common;Basic;https://limitlesstcg.nyc3.cdn.digitaloceanspaces.com/tpci/ASC/ASC_158_R_EN_LG.png;No;Meta Play!
Dragapult Blaziken;Drakloak;ASC 159;88;4;22;4,0;4,0;22;100,0;ASC;159;Common;Stage 1;https://limitlesstcg.nyc3.cdn.digitaloceanspaces.com/tpci/ASC/ASC_159_R_EN_LG.png;No;Meta Play!
Dragapult Blaziken;Dragapult ex;ASC 160;45;3;22;2,05;2,05;22;100,0;ASC;160;Double Rare;Stage 2;https://limitlesstcg.nyc3.cdn.digitaloceanspaces.com/tpci/ASC/ASC_160_R_EN_LG.png;No;Meta Play!
Dragapult Blaziken;Torchic;DRI 40;44;2;22;2,0;2,0;22;100,0;DRI;40;Common;Basic;https://limitlesstcg.nyc3.cdn.digitaloceanspaces.com/tpci/DRI/DRI_040_R_EN_LG.png;No;Meta Play!
Dragapult Blaziken;Combusken;DRI 41;22;1;22;1,0;1,0;22;100,0;DRI;41;Common;Stage 1;https://limitlesstcg.nyc3.cdn.digitaloceanspaces.com/tpci/DRI/DRI_041_R_EN_LG.png;No;Meta Play!
Dragapult Blaziken;Blaziken ex;JTG 24;44;2;22;2,0;2,0;22;100,0;JTG;24;Double Rare;Stage 2;https://limitlesstcg.nyc3.cdn.digitaloceanspaces.com/tpci/JTG/JTG_024_R_EN_LG.png;No;Meta Play!
Dragapult Blaziken;Munkidori;ASC 99;44;2;22;2,0;2,0;22;100,0;ASC;99;Rare;Basic;https://limitlesstcg.nyc3.cdn.digitaloceanspaces.com/tpci/ASC/ASC_099_R_EN_LG.png;No;Meta Play!
Dragapult Blaziken;Meowth ex;POR 62;22;1;22;1,0;1,0;22;100,0;POR;62;Double Rare;Basic;https://limitlesstcg.nyc3.cdn.digitaloceanspaces.com/tpci/POR/POR_062_R_EN_LG.png;No;Meta Play!
Dragapult Blaziken;Budew;ASC 16;25;2;22;1,14;1,14;22;100,0;ASC;16;Common;Basic;https://limitlesstcg.nyc3.cdn.digitaloceanspaces.com/tpci/ASC/ASC_016_R_EN_LG.png;No;Meta Play!
Dragapult Blaziken;Fezandipiti ex;ASC 142;22;1;22;1,0;1,0;22;100,0;ASC;142;Double Rare;Basic;https://limitlesstcg.nyc3.cdn.digitaloceanspaces.com/tpci/ASC/ASC_142_R_EN_LG.png;No;Meta Play!
Dragapult Blaziken;Chi-Yu;TWM 39;16;1;16;1,0;0,73;22;72,73;TWM;39;Uncommon;Basic;https://limitlesstcg.nyc3.cdn.digitaloceanspaces.com/tpci/TWM/TWM_039_R_EN_LG.png;No;Meta Play!
Dragapult Blaziken;Lillie's Determination;MEG 119;88;4;22;4,0;4,0;22;100,0;MEG;119;Uncommon;Supporter;https://limitlesstcg.nyc3.cdn.digitaloceanspaces.com/tpci/MEG/MEG_119_R_EN_LG.png;No;Meta Play!
Dragapult Blaziken;Boss's Orders;MEG 114;66;3;22;3,0;3,0;22;100,0;MEG;114;Uncommon;Supporter;https://limitlesstcg.nyc3.cdn.digitaloceanspaces.com/tpci/MEG/MEG_114_R_EN_LG.png;No;Meta Play!
Dragapult Blaziken;Crispin;SCR 133;42;2;22;1,91;1,91;22;100,0;SCR;133;Uncommon;Supporter;https://limitlesstcg.nyc3.cdn.digitaloceanspaces.com/tpci/SCR/SCR_133_R_EN_LG.png;No;Meta Play!
Dragapult Blaziken;Judge;POR 76;18;1;18;1,0;0,82;22;81,82;POR;76;Uncommon;Supporter;https://limitlesstcg.nyc3.cdn.digitaloceanspaces.com/tpci/POR/POR_076_R_EN_LG.png;No;Meta Play!
Dragapult Blaziken;Dawn;PFL 87;21;1;21;1,0;0,95;22;95,45;PFL;87;Uncommon;Supporter;https://limitlesstcg.nyc3.cdn.digitaloceanspaces.com/tpci/PFL/PFL_087_R_EN_LG.png;No;Meta Play!
Dragapult Blaziken;Poké Pad;POR 81;78;4;22;3,55;3,55;22;100,0;POR;81;Uncommon;Item;https://limitlesstcg.nyc3.cdn.digitaloceanspaces.com/tpci/POR/POR_081_R_EN_LG.png;No;Meta Play!
Dragapult Blaziken;Buddy-Buddy Poffin;ASC 184;88;4;22;4,0;4,0;22;100,0;ASC;184;Common;Item;https://limitlesstcg.nyc3.cdn.digitaloceanspaces.com/tpci/ASC/ASC_184_R_EN_LG.png;No;Meta Play!
Dragapult Blaziken;Ultra Ball;MEG 131;86;4;22;3,91;3,91;22;100,0;MEG;131;Common;Item;https://limitlesstcg.nyc3.cdn.digitaloceanspaces.com/tpci/MEG/MEG_131_R_EN_LG.png;No;Meta Play!
Dragapult Blaziken;Rare Candy;MEG 125;51;3;22;2,32;2,32;22;100,0;MEG;125;Common;Item;https://limitlesstcg.nyc3.cdn.digitaloceanspaces.com/tpci/MEG/MEG_125_R_EN_LG.png;No;Meta Play!
Dragapult Blaziken;Night Stretcher;ASC 196;44;2;22;2,0;2,0;22;100,0;ASC;196;Common;Item;https://limitlesstcg.nyc3.cdn.digitaloceanspaces.com/tpci/ASC/ASC_196_R_EN_LG.png;No;Meta Play!
Dragapult Blaziken;Unfair Stamp;TWM 165;21;1;21;1,0;0,95;22;95,45;TWM;165;Ultra Rare;Item;https://limitlesstcg.nyc3.cdn.digitaloceanspaces.com/tpci/TWM/TWM_165_R_EN_LG.png;Yes;Meta Play!
Dragapult Blaziken;Team Rocket's Watchtower;ASC 210;21;2;17;1,24;0,95;22;77,27;ASC;210;Uncommon;Stadium;https://limitlesstcg.nyc3.cdn.digitaloceanspaces.com/tpci/ASC/ASC_210_R_EN_LG.png;No;Meta Play!
Dragapult Blaziken;Fire Energy;MEE 2;66;3;22;3,0;3,0;22;100,0;MEE;2;;Basic Energy;https://limitlesstcg.nyc3.cdn.digitaloceanspaces.com/tpci/MEE/MEE_002_R_EN_LG.png;No;Meta Play!
Dragapult Blaziken;Psychic Energy;MEE 5;66;3;22;3,0;3,0;22;100,0;MEE;5;;Basic Energy;https://limitlesstcg.nyc3.cdn.digitaloceanspaces.com/tpci/MEE/MEE_005_R_EN_LG.png;No;Meta Play!
Dragapult Blaziken;Darkness Energy;MEE 7;45;3;22;2,05;2,05;22;100,0;MEE;7;;Basic Energy;https://limitlesstcg.nyc3.cdn.digitaloceanspaces.com/tpci/MEE/MEE_007_R_EN_LG.png;No;Meta Play!
Dragapult Blaziken;Special Red Card;CRI 82;18;1;18;1,0;0,82;22;81,82;CRI;82;Uncommon;Item;https://limitlesstcg.nyc3.cdn.digitaloceanspaces.com/tpci/CRI/CRI_082_R_EN_LG.png;No;Meta Play!
Dragapult Blaziken;Risky Ruins;MEG 127;13;2;11;1,18;0,59;22;50,0;MEG;127;Uncommon;Stadium;https://limitlesstcg.nyc3.cdn.digitaloceanspaces.com/tpci/MEG/MEG_127_R_EN_LG.png;No;Meta Play!
Dragapult Blaziken;Area Zero Underdepths;SCR 131;6;1;6;1,0;0,27;22;27,27;SCR;131;Uncommon;Stadium;https://limitlesstcg.nyc3.cdn.digitaloceanspaces.com/tpci/SCR/SCR_131_R_EN_LG.png;No;Meta Play!
Dragapult Blaziken;Lillie's Clefairy ex;ASC 76;8;1;8;1,0;0,36;22;36,36;ASC;76;Double Rare;Basic;https://limitlesstcg.nyc3.cdn.digitaloceanspaces.com/tpci/ASC/ASC_076_R_EN_LG.png;No;Meta Play!
Dragapult Blaziken;Shaymin;DRI 10;4;1;4;1,0;0,18;22;18,18;DRI;10;Uncommon;Basic;https://limitlesstcg.nyc3.cdn.digitaloceanspaces.com/tpci/DRI/DRI_010_R_EN_LG.png;No;Meta Play!
Dragapult Blaziken;Tool Scrapper;ASC 212;1;1;1;1,0;0,05;22;4,55;ASC;212;Common;Item;https://limitlesstcg.nyc3.cdn.digitaloceanspaces.com/tpci/ASC/ASC_212_R_EN_LG.png;No;Meta Play!
Dragapult Blaziken;Jamming Tower;TWM 153;6;1;6;1,0;0,27;22;27,27;TWM;153;Uncommon;Stadium;https://limitlesstcg.nyc3.cdn.digitaloceanspaces.com/tpci/TWM/TWM_153_R_EN_LG.png;No;Meta Play!
Dragapult Blaziken;Secret Box;TWM 163;1;1;1;1,0;0,05;22;4,55;TWM;163;Ultra Rare;Item;https://limitlesstcg.nyc3.cdn.digitaloceanspaces.com/tpci/TWM/TWM_163_R_EN_LG.png;Yes;Meta Play!
Dragapult Blaziken;Air Balloon;ASC 181;1;1;1;1,0;0,05;22;4,55;ASC;181;Uncommon;Tool;https://limitlesstcg.nyc3.cdn.digitaloceanspaces.com/tpci/ASC/ASC_181_R_EN_LG.png;No;Meta Play!
Dragapult Blaziken;Moltres;PFL 14;1;1;1;1,0;0,05;22;4,55;PFL;14;Rare;Basic;https://limitlesstcg.nyc3.cdn.digitaloceanspaces.com/tpci/PFL/PFL_014_R_EN_LG.png;No;Meta Play!
Alakazam Dusknoir;Duskull;PRE 35;32;4;9;3,56;3,56;9;100,0;PRE;35;Common;Basic;https://limitlesstcg.nyc3.cdn.digitaloceanspaces.com/tpci/PRE/PRE_035_R_EN_LG.png;No;Meta Play!
Alakazam Dusknoir;Dusclops;PRE 36;18;2;9;2,0;2,0;9;100,0;PRE;36;Common;Stage 1;https://limitlesstcg.nyc3.cdn.digitaloceanspaces.com/tpci/PRE/PRE_036_R_EN_LG.png;No;Meta Play!
Alakazam Dusknoir;Dusknoir;PRE 37;18;2;9;2,0;2,0;9;100,0;PRE;37;Rare;Stage 2;https://limitlesstcg.nyc3.cdn.digitaloceanspaces.com/tpci/PRE/PRE_037_R_EN_LG.png;No;Meta Play!
Alakazam Dusknoir;Abra;MEG 54;36;4;9;4,0;4,0;9;100,0;MEG;54;Common;Basic;https://limitlesstcg.nyc3.cdn.digitaloceanspaces.com/tpci/MEG/MEG_054_R_EN_LG.png;No;Meta Play!
Alakazam Dusknoir;Kadabra;MEG 55;36;4;9;4,0;4,0;9;100,0;MEG;55;Uncommon;Stage 1;https://limitlesstcg.nyc3.cdn.digitaloceanspaces.com/tpci/MEG/MEG_055_R_EN_LG.png;No;Meta Play!
Alakazam Dusknoir;Alakazam;MEG 56;27;3;9;3,0;3,0;9;100,0;MEG;56;Rare;Stage 2;https://limitlesstcg.nyc3.cdn.digitaloceanspaces.com/tpci/MEG/MEG_056_R_EN_LG.png;No;Meta Play!
Alakazam Dusknoir;Budew;ASC 16;13;2;8;1,62;1,44;9;88,89;ASC;16;Common;Basic;https://limitlesstcg.nyc3.cdn.digitaloceanspaces.com/tpci/ASC/ASC_016_R_EN_LG.png;No;Meta Play!
Alakazam Dusknoir;Shaymin;DRI 10;9;1;9;1,0;1,0;9;100,0;DRI;10;Uncommon;Basic;https://limitlesstcg.nyc3.cdn.digitaloceanspaces.com/tpci/DRI/DRI_010_R_EN_LG.png;No;Meta Play!
Alakazam Dusknoir;Fezandipiti ex;ASC 142;9;1;9;1,0;1,0;9;100,0;ASC;142;Double Rare;Basic;https://limitlesstcg.nyc3.cdn.digitaloceanspaces.com/tpci/ASC/ASC_142_R_EN_LG.png;No;Meta Play!
Alakazam Dusknoir;Hilda;WHT 84;34;4;9;3,78;3,78;9;100,0;WHT;84;Uncommon;Supporter;https://limitlesstcg.nyc3.cdn.digitaloceanspaces.com/tpci/WHT/WHT_084_R_EN_LG.png;No;Meta Play!
Alakazam Dusknoir;Dawn;PFL 87;31;4;9;3,44;3,44;9;100,0;PFL;87;Uncommon;Supporter;https://limitlesstcg.nyc3.cdn.digitaloceanspaces.com/tpci/PFL/PFL_087_R_EN_LG.png;No;Meta Play!
Alakazam Dusknoir;Gwynn;PBL 78;27;4;9;3,0;3,0;9;100,0;PBL;78;Uncommon;Supporter;https://limitlesstcg.nyc3.cdn.digitaloceanspaces.com/tpci/PBL/PBL_078_R_EN_LG.png;No;Meta Play!
Alakazam Dusknoir;Boss's Orders;MEG 114;9;1;9;1,0;1,0;9;100,0;MEG;114;Uncommon;Supporter;https://limitlesstcg.nyc3.cdn.digitaloceanspaces.com/tpci/MEG/MEG_114_R_EN_LG.png;No;Meta Play!
Alakazam Dusknoir;Poké Pad;POR 81;36;4;9;4,0;4,0;9;100,0;POR;81;Uncommon;Item;https://limitlesstcg.nyc3.cdn.digitaloceanspaces.com/tpci/POR/POR_081_R_EN_LG.png;No;Meta Play!
Alakazam Dusknoir;Rare Candy;MEG 125;36;4;9;4,0;4,0;9;100,0;MEG;125;Common;Item;https://limitlesstcg.nyc3.cdn.digitaloceanspaces.com/tpci/MEG/MEG_125_R_EN_LG.png;No;Meta Play!
Alakazam Dusknoir;Buddy-Buddy Poffin;ASC 184;26;4;8;3,25;2,89;9;88,89;ASC;184;Common;Item;https://limitlesstcg.nyc3.cdn.digitaloceanspaces.com/tpci/ASC/ASC_184_R_EN_LG.png;No;Meta Play!
Alakazam Dusknoir;Strange Timepiece;MEG 128;19;3;8;2,38;2,11;9;88,89;MEG;128;Uncommon;Item;https://limitlesstcg.nyc3.cdn.digitaloceanspaces.com/tpci/MEG/MEG_128_R_EN_LG.png;No;Meta Play!
Alakazam Dusknoir;Special Red Card;CRI 82;14;2;7;2,0;1,56;9;77,78;CRI;82;Uncommon;Item;https://limitlesstcg.nyc3.cdn.digitaloceanspaces.com/tpci/CRI/CRI_082_R_EN_LG.png;No;Meta Play!
Alakazam Dusknoir;Night Stretcher;ASC 196;20;4;9;2,22;2,22;9;100,0;ASC;196;Common;Item;https://limitlesstcg.nyc3.cdn.digitaloceanspaces.com/tpci/ASC/ASC_196_R_EN_LG.png;No;Meta Play!
Alakazam Dusknoir;Sacred Ash;DRI 168;7;1;7;1,0;0,78;9;77,78;DRI;168;Uncommon;Item;https://limitlesstcg.nyc3.cdn.digitaloceanspaces.com/tpci/DRI/DRI_168_R_EN_LG.png;No;Meta Play!
Alakazam Dusknoir;Prime Catcher;TEF 157;9;1;9;1,0;1,0;9;100,0;TEF;157;Ultra Rare;Item;https://limitlesstcg.nyc3.cdn.digitaloceanspaces.com/tpci/TEF/TEF_157_R_EN_LG.png;Yes;Meta Play!
Alakazam Dusknoir;Telepathic Psychic Energy;POR 88;36;4;9;4,0;4,0;9;100,0;POR;88;Rare;Special Energy;https://limitlesstcg.nyc3.cdn.digitaloceanspaces.com/tpci/POR/POR_088_R_EN_LG.png;No;Meta Play!
Alakazam Dusknoir;Psychic Energy;MEE 5;9;1;9;1,0;1,0;9;100,0;MEE;5;;Basic Energy;https://limitlesstcg.nyc3.cdn.digitaloceanspaces.com/tpci/MEE/MEE_005_R_EN_LG.png;No;Meta Play!
Alakazam Dusknoir;Frillish;WHT 44;5;4;2;2,5;0,56;9;22,22;WHT;44;Common;Basic;https://limitlesstcg.nyc3.cdn.digitaloceanspaces.com/tpci/WHT/WHT_044_R_EN_LG.png;No;Meta Play!
Alakazam Dusknoir;Jellicent ex;WHT 45;2;1;2;1,0;0,22;9;22,22;WHT;45;Double Rare;Stage 1;https://limitlesstcg.nyc3.cdn.digitaloceanspaces.com/tpci/WHT/WHT_045_R_EN_LG.png;No;Meta Play!
Alakazam Dusknoir;Latias ex;SSP 76;1;1;1;1,0;0,11;9;11,11;SSP;76;Double Rare;Basic;https://limitlesstcg.nyc3.cdn.digitaloceanspaces.com/tpci/SSP/SSP_076_R_EN_LG.png;No;Meta Play!
Alakazam Dusknoir;Patrat;CRI 70;1;1;1;1,0;0,11;9;11,11;CRI;70;Common;Basic;https://limitlesstcg.nyc3.cdn.digitaloceanspaces.com/tpci/CRI/CRI_070_R_EN_LG.png;No;Meta Play!
Alakazam Dusknoir;Pokégear 3.0;SVI 186;1;1;1;1,0;0,11;9;11,11;SVI;186;Common;Item;https://limitlesstcg.nyc3.cdn.digitaloceanspaces.com/tpci/SVI/SVI_186_R_EN_LG.png;No;Meta Play!
Alakazam Dusknoir;Mist Energy;TEF 161;1;1;1;1,0;0,11;9;11,11;TEF;161;Uncommon;Special Energy;https://limitlesstcg.nyc3.cdn.digitaloceanspaces.com/tpci/TEF/TEF_161_R_EN_LG.png;No;Meta Play!
Alakazam Dusknoir;Bronzor;TEF 68;4;2;2;2,0;0,44;9;22,22;TEF;68;Common;Basic;https://limitlesstcg.nyc3.cdn.digitaloceanspaces.com/tpci/TEF/TEF_068_R_EN_LG.png;No;Meta Play!
Alakazam Dusknoir;Bronzong;TEF 69;4;2;2;2,0;0,44;9;22,22;TEF;69;Uncommon;Stage 1;https://limitlesstcg.nyc3.cdn.digitaloceanspaces.com/tpci/TEF/TEF_069_R_EN_LG.png;No;Meta Play!
Alakazam Dusknoir;Switch;MEG 130;4;2;2;2,0;0,44;9;22,22;MEG;130;Common;Item;https://limitlesstcg.nyc3.cdn.digitaloceanspaces.com/tpci/MEG/MEG_130_R_EN_LG.png;No;Meta Play!
Alakazam Dusknoir;Dunsparce;JTG 120;1;1;1;1,0;0,11;9;11,11;JTG;120;Common;Basic;https://limitlesstcg.nyc3.cdn.digitaloceanspaces.com/tpci/JTG/JTG_120_R_EN_LG.png;No;Meta Play!
Alakazam Dusknoir;Dudunsparce;TEF 129;1;1;1;1,0;0,11;9;11,11;TEF;129;Rare;Stage 1;https://limitlesstcg.nyc3.cdn.digitaloceanspaces.com/tpci/TEF/TEF_129_R_EN_LG.png;No;Meta Play!
Alakazam Dusknoir;Nighttime Mine;ASC 197;1;1;1;1,0;0,11;9;11,11;ASC;197;Uncommon;Stadium;https://limitlesstcg.nyc3.cdn.digitaloceanspaces.com/tpci/ASC/ASC_197_R_EN_LG.png;No;Meta Play!
Alakazam Dusknoir;Lana's Aid;TWM 155;1;1;1;1,0;0,11;9;11,11;TWM;155;Uncommon;Supporter;https://limitlesstcg.nyc3.cdn.digitaloceanspaces.com/tpci/TWM/TWM_155_R_EN_LG.png;No;Meta Play!
Alakazam Dusknoir;Jamming Tower;TWM 153;1;1;1;1,0;0,11;9;11,11;TWM;153;Uncommon;Stadium;https://limitlesstcg.nyc3.cdn.digitaloceanspaces.com/tpci/TWM/TWM_153_R_EN_LG.png;No;Meta Play!
Alakazam Dusknoir;Team Rocket's Watchtower;ASC 210;1;1;1;1,0;0,11;9;11,11;ASC;210;Uncommon;Stadium;https://limitlesstcg.nyc3.cdn.digitaloceanspaces.com/tpci/ASC/ASC_210_R_EN_LG.png;No;Meta Play!
Dragapult;Dreepy;ASC 158;432;4;108;4,0;4,0;108;100,0;ASC;158;Common;Basic;https://limitlesstcg.nyc3.cdn.digitaloceanspaces.com/tpci/ASC/ASC_158_R_EN_LG.png;No;Meta Play!
Dragapult;Drakloak;ASC 159;432;4;108;4,0;4,0;108;100,0;ASC;159;Common;Stage 1;https://limitlesstcg.nyc3.cdn.digitaloceanspaces.com/tpci/ASC/ASC_159_R_EN_LG.png;No;Meta Play!
Dragapult;Dragapult ex;ASC 160;320;3;108;2,96;2,96;108;100,0;ASC;160;Double Rare;Stage 2;https://limitlesstcg.nyc3.cdn.digitaloceanspaces.com/tpci/ASC/ASC_160_R_EN_LG.png;No;Meta Play!
Dragapult;Munkidori;ASC 99;216;2;108;2,0;2,0;108;100,0;ASC;99;Rare;Basic;https://limitlesstcg.nyc3.cdn.digitaloceanspaces.com/tpci/ASC/ASC_099_R_EN_LG.png;No;Meta Play!
Dragapult;Budew;ASC 16;207;3;108;1,92;1,92;108;100,0;ASC;16;Common;Basic;https://limitlesstcg.nyc3.cdn.digitaloceanspaces.com/tpci/ASC/ASC_016_R_EN_LG.png;No;Meta Play!
Dragapult;Meowth ex;POR 62;108;1;108;1,0;1,0;108;100,0;POR;62;Double Rare;Basic;https://limitlesstcg.nyc3.cdn.digitaloceanspaces.com/tpci/POR/POR_062_R_EN_LG.png;No;Meta Play!
Dragapult;Fezandipiti ex;ASC 142;108;1;108;1,0;1,0;108;100,0;ASC;142;Double Rare;Basic;https://limitlesstcg.nyc3.cdn.digitaloceanspaces.com/tpci/ASC/ASC_142_R_EN_LG.png;No;Meta Play!
Dragapult;Lillie's Determination;MEG 119;432;4;108;4,0;4,0;108;100,0;MEG;119;Uncommon;Supporter;https://limitlesstcg.nyc3.cdn.digitaloceanspaces.com/tpci/MEG/MEG_119_R_EN_LG.png;No;Meta Play!
Dragapult;Boss's Orders;MEG 114;324;3;108;3,0;3,0;108;100,0;MEG;114;Uncommon;Supporter;https://limitlesstcg.nyc3.cdn.digitaloceanspaces.com/tpci/MEG/MEG_114_R_EN_LG.png;No;Meta Play!
Dragapult;Crispin;SCR 133;217;3;108;2,01;2,01;108;100,0;SCR;133;Uncommon;Supporter;https://limitlesstcg.nyc3.cdn.digitaloceanspaces.com/tpci/SCR/SCR_133_R_EN_LG.png;No;Meta Play!
Dragapult;Judge;POR 76;102;2;101;1,01;0,94;108;93,52;POR;76;Uncommon;Supporter;https://limitlesstcg.nyc3.cdn.digitaloceanspaces.com/tpci/POR/POR_076_R_EN_LG.png;No;Meta Play!
Dragapult;Buddy-Buddy Poffin;ASC 184;432;4;108;4,0;4,0;108;100,0;ASC;184;Common;Item;https://limitlesstcg.nyc3.cdn.digitaloceanspaces.com/tpci/ASC/ASC_184_R_EN_LG.png;No;Meta Play!
Dragapult;Poké Pad;POR 81;431;4;108;3,99;3,99;108;100,0;POR;81;Uncommon;Item;https://limitlesstcg.nyc3.cdn.digitaloceanspaces.com/tpci/POR/POR_081_R_EN_LG.png;No;Meta Play!
Dragapult;Crushing Hammer;POR 71;424;4;106;4,0;3,93;108;98,15;POR;71;Common;Item;https://limitlesstcg.nyc3.cdn.digitaloceanspaces.com/tpci/POR/POR_071_R_EN_LG.png;No;Meta Play!
Dragapult;Ultra Ball;MEG 131;341;4;108;3,16;3,16;108;100,0;MEG;131;Common;Item;https://limitlesstcg.nyc3.cdn.digitaloceanspaces.com/tpci/MEG/MEG_131_R_EN_LG.png;No;Meta Play!
Dragapult;Night Stretcher;ASC 196;310;3;108;2,87;2,87;108;100,0;ASC;196;Common;Item;https://limitlesstcg.nyc3.cdn.digitaloceanspaces.com/tpci/ASC/ASC_196_R_EN_LG.png;No;Meta Play!
Dragapult;Special Red Card;CRI 82;54;1;54;1,0;0,5;108;50,0;CRI;82;Uncommon;Item;https://limitlesstcg.nyc3.cdn.digitaloceanspaces.com/tpci/CRI/CRI_082_R_EN_LG.png;No;Meta Play!
Dragapult;Unfair Stamp;TWM 165;108;1;108;1,0;1,0;108;100,0;TWM;165;Ultra Rare;Item;https://limitlesstcg.nyc3.cdn.digitaloceanspaces.com/tpci/TWM/TWM_165_R_EN_LG.png;Yes;Meta Play!
Dragapult;Handheld Fan;TWM 150;1;1;1;1,0;0,01;108;0,93;TWM;150;Uncommon;Tool;https://limitlesstcg.nyc3.cdn.digitaloceanspaces.com/tpci/TWM/TWM_150_R_EN_LG.png;No;Meta Play!
Dragapult;Team Rocket's Watchtower;ASC 210;24;3;17;1,41;0,22;108;15,74;ASC;210;Uncommon;Stadium;https://limitlesstcg.nyc3.cdn.digitaloceanspaces.com/tpci/ASC/ASC_210_R_EN_LG.png;No;Meta Play!
Dragapult;Psychic Energy;MEE 5;335;4;108;3,1;3,1;108;100,0;MEE;5;;Basic Energy;https://limitlesstcg.nyc3.cdn.digitaloceanspaces.com/tpci/MEE/MEE_005_R_EN_LG.png;No;Meta Play!
Dragapult;Fire Energy;MEE 2;337;4;108;3,12;3,12;108;100,0;MEE;2;;Basic Energy;https://limitlesstcg.nyc3.cdn.digitaloceanspaces.com/tpci/MEE/MEE_002_R_EN_LG.png;No;Meta Play!
Dragapult;Darkness Energy;MEE 7;246;3;108;2,28;2,28;108;100,0;MEE;7;;Basic Energy;https://limitlesstcg.nyc3.cdn.digitaloceanspaces.com/tpci/MEE/MEE_007_R_EN_LG.png;No;Meta Play!
Dragapult;Moltres;PFL 14;68;1;68;1,0;0,63;108;62,96;PFL;14;Rare;Basic;https://limitlesstcg.nyc3.cdn.digitaloceanspaces.com/tpci/PFL/PFL_014_R_EN_LG.png;No;Meta Play!
Dragapult;Rosa's Encouragement;POR 84;106;1;106;1,0;0,98;108;98,15;POR;84;Uncommon;Supporter;https://limitlesstcg.nyc3.cdn.digitaloceanspaces.com/tpci/POR/POR_084_R_EN_LG.png;No;Meta Play!
Dragapult;Risky Ruins;MEG 127;193;2;103;1,87;1,79;108;95,37;MEG;127;Uncommon;Stadium;https://limitlesstcg.nyc3.cdn.digitaloceanspaces.com/tpci/MEG/MEG_127_R_EN_LG.png;No;Meta Play!
Dragapult;Dunsparce;JTG 120;58;1;58;1,0;0,54;108;53,7;JTG;120;Common;Basic;https://limitlesstcg.nyc3.cdn.digitaloceanspaces.com/tpci/JTG/JTG_120_R_EN_LG.png;No;Meta Play!
Dragapult;Dudunsparce;TEF 129;58;1;58;1,0;0,54;108;53,7;TEF;129;Rare;Stage 1;https://limitlesstcg.nyc3.cdn.digitaloceanspaces.com/tpci/TEF/TEF_129_R_EN_LG.png;No;Meta Play!
Dragapult;Dudunsparce ex;JTG 121;22;1;22;1,0;0,2;108;20,37;JTG;121;Double Rare;Stage 1;https://limitlesstcg.nyc3.cdn.digitaloceanspaces.com/tpci/JTG/JTG_121_R_EN_LG.png;No;Meta Play!
Dragapult;Dawn;PFL 87;4;1;4;1,0;0,04;108;3,7;PFL;87;Uncommon;Supporter;https://limitlesstcg.nyc3.cdn.digitaloceanspaces.com/tpci/PFL/PFL_087_R_EN_LG.png;No;Meta Play!
Dragapult;Shaymin;DRI 10;5;1;5;1,0;0,05;108;4,63;DRI;10;Uncommon;Basic;https://limitlesstcg.nyc3.cdn.digitaloceanspaces.com/tpci/DRI/DRI_010_R_EN_LG.png;No;Meta Play!
Dragapult;Pokégear 3.0;SVI 186;2;2;1;2,0;0,02;108;0,93;SVI;186;Common;Item;https://limitlesstcg.nyc3.cdn.digitaloceanspaces.com/tpci/SVI/SVI_186_R_EN_LG.png;No;Meta Play!
Dragapult;Rare Candy;MEG 125;2;2;1;2,0;0,02;108;0,93;MEG;125;Common;Item;https://limitlesstcg.nyc3.cdn.digitaloceanspaces.com/tpci/MEG/MEG_125_R_EN_LG.png;No;Meta Play!
Dragapult;Jamming Tower;TWM 153;8;2;7;1,14;0,07;108;6,48;TWM;153;Uncommon;Stadium;https://limitlesstcg.nyc3.cdn.digitaloceanspaces.com/tpci/TWM/TWM_153_R_EN_LG.png;No;Meta Play!
Dragapult;Psyduck;ASC 39;1;1;1;1,0;0,01;108;0,93;ASC;39;Common;Basic;https://limitlesstcg.nyc3.cdn.digitaloceanspaces.com/tpci/ASC/ASC_039_R_EN_LG.png;No;Meta Play!
Dragapult;Tool Scrapper;ASC 212;2;1;2;1,0;0,02;108;1,85;ASC;212;Common;Item;https://limitlesstcg.nyc3.cdn.digitaloceanspaces.com/tpci/ASC/ASC_212_R_EN_LG.png;No;Meta Play!
Dragapult;Abra;TWM 80;1;1;1;1,0;0,01;108;0,93;TWM;80;Common;Basic;https://limitlesstcg.nyc3.cdn.digitaloceanspaces.com/tpci/TWM/TWM_080_R_EN_LG.png;No;Meta Play!
Dragapult;Kadabra;MEG 55;1;1;1;1,0;0,01;108;0,93;MEG;55;Uncommon;Stage 1;https://limitlesstcg.nyc3.cdn.digitaloceanspaces.com/tpci/MEG/MEG_055_R_EN_LG.png;No;Meta Play!
Dragapult;Alakazam;MEG 56;1;1;1;1,0;0,01;108;0,93;MEG;56;Rare;Stage 2;https://limitlesstcg.nyc3.cdn.digitaloceanspaces.com/tpci/MEG/MEG_056_R_EN_LG.png;No;Meta Play!
Dragapult;Xerosic's Machinations;SFA 64;1;1;1;1,0;0,01;108;0,93;SFA;64;Uncommon;Supporter;https://limitlesstcg.nyc3.cdn.digitaloceanspaces.com/tpci/SFA/SFA_064_R_EN_LG.png;No;Meta Play!
Dragapult;Yveltal;MEG 88;3;1;3;1,0;0,03;108;2,78;MEG;88;Rare;Basic;https://limitlesstcg.nyc3.cdn.digitaloceanspaces.com/tpci/MEG/MEG_088_R_EN_LG.png;No;Meta Play!
Dragapult;Dark Bell;PBL 75;2;2;1;2,0;0,02;108;0,93;PBL;75;Uncommon;Item;https://limitlesstcg.nyc3.cdn.digitaloceanspaces.com/tpci/PBL/PBL_075_R_EN_LG.png;No;Meta Play!
Dragapult;Ruffian;JTG 157;1;1;1;1,0;0,01;108;0,93;JTG;157;Uncommon;Supporter;https://limitlesstcg.nyc3.cdn.digitaloceanspaces.com/tpci/JTG/JTG_157_R_EN_LG.png;No;Meta Play!
Lopunny Dusknoir;Duskull;PRE 35;28;4;8;3,5;3,5;8;100,0;PRE;35;Common;Basic;https://limitlesstcg.nyc3.cdn.digitaloceanspaces.com/tpci/PRE/PRE_035_R_EN_LG.png;No;Meta Play!
Lopunny Dusknoir;Dusclops;PRE 36;16;2;8;2,0;2,0;8;100,0;PRE;36;Common;Stage 1;https://limitlesstcg.nyc3.cdn.digitaloceanspaces.com/tpci/PRE/PRE_036_R_EN_LG.png;No;Meta Play!
Lopunny Dusknoir;Dusknoir;PRE 37;26;4;8;3,25;3,25;8;100,0;PRE;37;Rare;Stage 2;https://limitlesstcg.nyc3.cdn.digitaloceanspaces.com/tpci/PRE/PRE_037_R_EN_LG.png;No;Meta Play!
Lopunny Dusknoir;Mega Kangaskhan ex;MEG 104;18;4;6;3,0;2,25;8;75,0;MEG;104;Double Rare;Basic;https://limitlesstcg.nyc3.cdn.digitaloceanspaces.com/tpci/MEG/MEG_104_R_EN_LG.png;No;Meta Play!
Lopunny Dusknoir;Buneary;PFL 83;17;3;8;2,12;2,12;8;100,0;PFL;83;Common;Basic;https://limitlesstcg.nyc3.cdn.digitaloceanspaces.com/tpci/PFL/PFL_083_R_EN_LG.png;No;Meta Play!
Lopunny Dusknoir;Mega Lopunny ex;PFL 84;14;3;8;1,75;1,75;8;100,0;PFL;84;Double Rare;Stage 1;https://limitlesstcg.nyc3.cdn.digitaloceanspaces.com/tpci/PFL/PFL_084_R_EN_LG.png;No;Meta Play!
Lopunny Dusknoir;Mew ex;30C 66;8;2;6;1,33;1,0;8;75,0;30C;66;Double Rare;Basic;https://limitlesstcg.nyc3.cdn.digitaloceanspaces.com/tpci/30C/30C_066_R_EN_LG.png;No;Meta Play!
Lopunny Dusknoir;Bronzor;TEF 68;13;2;7;1,86;1,62;8;87,5;TEF;68;Common;Basic;https://limitlesstcg.nyc3.cdn.digitaloceanspaces.com/tpci/TEF/TEF_068_R_EN_LG.png;No;Meta Play!
Lopunny Dusknoir;Bronzong;TEF 69;12;2;7;1,71;1,5;8;87,5;TEF;69;Uncommon;Stage 1;https://limitlesstcg.nyc3.cdn.digitaloceanspaces.com/tpci/TEF/TEF_069_R_EN_LG.png;No;Meta Play!
Lopunny Dusknoir;Bloodmoon Ursaluna ex;TWM 141;7;1;7;1,0;0,88;8;87,5;TWM;141;Double Rare;Basic;https://limitlesstcg.nyc3.cdn.digitaloceanspaces.com/tpci/TWM/TWM_141_R_EN_LG.png;No;Meta Play!
Lopunny Dusknoir;Meowth ex;POR 62;8;1;8;1,0;1,0;8;100,0;POR;62;Double Rare;Basic;https://limitlesstcg.nyc3.cdn.digitaloceanspaces.com/tpci/POR/POR_062_R_EN_LG.png;No;Meta Play!
Lopunny Dusknoir;Lillie's Clefairy ex;ASC 76;4;2;3;1,33;0,5;8;37,5;ASC;76;Double Rare;Basic;https://limitlesstcg.nyc3.cdn.digitaloceanspaces.com/tpci/ASC/ASC_076_R_EN_LG.png;No;Meta Play!
Lopunny Dusknoir;Latias ex;SSP 76;11;2;7;1,57;1,38;8;87,5;SSP;76;Double Rare;Basic;https://limitlesstcg.nyc3.cdn.digitaloceanspaces.com/tpci/SSP/SSP_076_R_EN_LG.png;No;Meta Play!
Lopunny Dusknoir;Frillish;WHT 44;1;1;1;1,0;0,12;8;12,5;WHT;44;Common;Basic;https://limitlesstcg.nyc3.cdn.digitaloceanspaces.com/tpci/WHT/WHT_044_R_EN_LG.png;No;Meta Play!
Lopunny Dusknoir;Lillie's Determination;MEG 119;31;4;8;3,88;3,88;8;100,0;MEG;119;Uncommon;Supporter;https://limitlesstcg.nyc3.cdn.digitaloceanspaces.com/tpci/MEG/MEG_119_R_EN_LG.png;No;Meta Play!
Lopunny Dusknoir;Hilda;WHT 84;29;4;8;3,62;3,62;8;100,0;WHT;84;Uncommon;Supporter;https://limitlesstcg.nyc3.cdn.digitaloceanspaces.com/tpci/WHT/WHT_084_R_EN_LG.png;No;Meta Play!
Lopunny Dusknoir;Boss's Orders;MEG 114;17;3;8;2,12;2,12;8;100,0;MEG;114;Uncommon;Supporter;https://limitlesstcg.nyc3.cdn.digitaloceanspaces.com/tpci/MEG/MEG_114_R_EN_LG.png;No;Meta Play!
Lopunny Dusknoir;Salvatore;TEF 160;2;1;2;1,0;0,25;8;25,0;TEF;160;Uncommon;Supporter;https://limitlesstcg.nyc3.cdn.digitaloceanspaces.com/tpci/TEF/TEF_160_R_EN_LG.png;No;Meta Play!
Lopunny Dusknoir;Ciphermaniac's Codebreaking;TEF 145;3;2;2;1,5;0,38;8;25,0;TEF;145;Uncommon;Supporter;https://limitlesstcg.nyc3.cdn.digitaloceanspaces.com/tpci/TEF/TEF_145_R_EN_LG.png;No;Meta Play!
Lopunny Dusknoir;Switch;MEG 130;27;4;8;3,38;3,38;8;100,0;MEG;130;Common;Item;https://limitlesstcg.nyc3.cdn.digitaloceanspaces.com/tpci/MEG/MEG_130_R_EN_LG.png;No;Meta Play!
Lopunny Dusknoir;Poké Pad;POR 81;32;4;8;4,0;4,0;8;100,0;POR;81;Uncommon;Item;https://limitlesstcg.nyc3.cdn.digitaloceanspaces.com/tpci/POR/POR_081_R_EN_LG.png;No;Meta Play!
Lopunny Dusknoir;Ultra Ball;MEG 131;30;4;8;3,75;3,75;8;100,0;MEG;131;Common;Item;https://limitlesstcg.nyc3.cdn.digitaloceanspaces.com/tpci/MEG/MEG_131_R_EN_LG.png;No;Meta Play!
Lopunny Dusknoir;Rare Candy;MEG 125;26;4;7;3,71;3,25;8;87,5;MEG;125;Common;Item;https://limitlesstcg.nyc3.cdn.digitaloceanspaces.com/tpci/MEG/MEG_125_R_EN_LG.png;No;Meta Play!
Lopunny Dusknoir;Buddy-Buddy Poffin;ASC 184;6;4;2;3,0;0,75;8;25,0;ASC;184;Common;Item;https://limitlesstcg.nyc3.cdn.digitaloceanspaces.com/tpci/ASC/ASC_184_R_EN_LG.png;No;Meta Play!
Lopunny Dusknoir;Night Stretcher;ASC 196;5;2;4;1,25;0,62;8;50,0;ASC;196;Common;Item;https://limitlesstcg.nyc3.cdn.digitaloceanspaces.com/tpci/ASC/ASC_196_R_EN_LG.png;No;Meta Play!
Lopunny Dusknoir;Special Red Card;CRI 82;4;1;4;1,0;0,5;8;50,0;CRI;82;Uncommon;Item;https://limitlesstcg.nyc3.cdn.digitaloceanspaces.com/tpci/CRI/CRI_082_R_EN_LG.png;No;Meta Play!
Lopunny Dusknoir;Jamming Tower;TWM 153;7;2;5;1,4;0,88;8;62,5;TWM;153;Uncommon;Stadium;https://limitlesstcg.nyc3.cdn.digitaloceanspaces.com/tpci/TWM/TWM_153_R_EN_LG.png;No;Meta Play!
Lopunny Dusknoir;Telepathic Psychic Energy;POR 88;31;4;8;3,88;3,88;8;100,0;POR;88;Rare;Special Energy;https://limitlesstcg.nyc3.cdn.digitaloceanspaces.com/tpci/POR/POR_088_R_EN_LG.png;No;Meta Play!
Lopunny Dusknoir;Enriching Energy;SSP 191;8;1;8;1,0;1,0;8;100,0;SSP;191;Ultra Rare;Special Energy;https://limitlesstcg.nyc3.cdn.digitaloceanspaces.com/tpci/SSP/SSP_191_R_EN_LG.png;Yes;Meta Play!
Lopunny Dusknoir;Psychic Energy;MEE 5;7;2;6;1,17;0,88;8;75,0;MEE;5;;Basic Energy;https://limitlesstcg.nyc3.cdn.digitaloceanspaces.com/tpci/MEE/MEE_005_R_EN_LG.png;No;Meta Play!
Lopunny Dusknoir;Budew;ASC 16;6;1;6;1,0;0,75;8;75,0;ASC;16;Common;Basic;https://limitlesstcg.nyc3.cdn.digitaloceanspaces.com/tpci/ASC/ASC_016_R_EN_LG.png;No;Meta Play!
Lopunny Dusknoir;Fezandipiti ex;ASC 142;1;1;1;1,0;0,12;8;12,5;ASC;142;Double Rare;Basic;https://limitlesstcg.nyc3.cdn.digitaloceanspaces.com/tpci/ASC/ASC_142_R_EN_LG.png;No;Meta Play!
Lopunny Dusknoir;Team Rocket's Petrel;ASC 207;1;1;1;1,0;0,12;8;12,5;ASC;207;Uncommon;Supporter;https://limitlesstcg.nyc3.cdn.digitaloceanspaces.com/tpci/ASC/ASC_207_R_EN_LG.png;No;Meta Play!
Lopunny Dusknoir;Pokégear 3.0;SVI 186;2;2;1;2,0;0,25;8;12,5;SVI;186;Common;Item;https://limitlesstcg.nyc3.cdn.digitaloceanspaces.com/tpci/SVI/SVI_186_R_EN_LG.png;No;Meta Play!
Lopunny Dusknoir;Wondrous Patch;PFL 94;2;2;1;2,0;0,25;8;12,5;PFL;94;Uncommon;Item;https://limitlesstcg.nyc3.cdn.digitaloceanspaces.com/tpci/PFL/PFL_094_R_EN_LG.png;No;Meta Play!
Lopunny Dusknoir;Nighttime Mine;ASC 197;4;2;2;2,0;0,5;8;25,0;ASC;197;Uncommon;Stadium;https://limitlesstcg.nyc3.cdn.digitaloceanspaces.com/tpci/ASC/ASC_197_R_EN_LG.png;No;Meta Play!
Lopunny Dusknoir;Dunsparce;JTG 120;3;3;1;3,0;0,38;8;12,5;JTG;120;Common;Basic;https://limitlesstcg.nyc3.cdn.digitaloceanspaces.com/tpci/JTG/JTG_120_R_EN_LG.png;No;Meta Play!
Lopunny Dusknoir;Dudunsparce;TEF 129;2;2;1;2,0;0,25;8;12,5;TEF;129;Rare;Stage 1;https://limitlesstcg.nyc3.cdn.digitaloceanspaces.com/tpci/TEF/TEF_129_R_EN_LG.png;No;Meta Play!
Lopunny Dusknoir;Wally's Compassion;MEG 132;3;2;2;1,5;0,38;8;25,0;MEG;132;Uncommon;Supporter;https://limitlesstcg.nyc3.cdn.digitaloceanspaces.com/tpci/MEG/MEG_132_R_EN_LG.png;No;Meta Play!
Lopunny Dusknoir;Judge;POR 76;1;1;1;1,0;0,12;8;12,5;POR;76;Uncommon;Supporter;https://limitlesstcg.nyc3.cdn.digitaloceanspaces.com/tpci/POR/POR_076_R_EN_LG.png;No;Meta Play!
Lopunny Dusknoir;Air Balloon;ASC 181;2;2;1;2,0;0,25;8;12,5;ASC;181;Uncommon;Tool;https://limitlesstcg.nyc3.cdn.digitaloceanspaces.com/tpci/ASC/ASC_181_R_EN_LG.png;No;Meta Play!
Lopunny Dusknoir;Mist Energy;TEF 161;4;4;1;4,0;0,5;8;12,5;TEF;161;Uncommon;Special Energy;https://limitlesstcg.nyc3.cdn.digitaloceanspaces.com/tpci/TEF/TEF_161_R_EN_LG.png;No;Meta Play!
Lopunny Dusknoir;Festival Grounds;TWM 149;1;1;1;1,0;0,12;8;12,5;TWM;149;Uncommon;Stadium;https://limitlesstcg.nyc3.cdn.digitaloceanspaces.com/tpci/TWM/TWM_149_R_EN_LG.png;No;Meta Play!
Festival Lead;Grookey;TWM 14;99;4;29;3,41;3,41;29;100,0;TWM;14;Common;Basic;https://limitlesstcg.nyc3.cdn.digitaloceanspaces.com/tpci/TWM/TWM_014_R_EN_LG.png;No;Meta Play!
Festival Lead;Thwackey;TWM 15;100;4;29;3,45;3,45;29;100,0;TWM;15;Common;Stage 1;https://limitlesstcg.nyc3.cdn.digitaloceanspaces.com/tpci/TWM/TWM_015_R_EN_LG.png;No;Meta Play!
Festival Lead;Applin;TWM 17;115;4;29;3,97;3,97;29;100,0;TWM;17;Common;Basic;https://limitlesstcg.nyc3.cdn.digitaloceanspaces.com/tpci/TWM/TWM_017_R_EN_LG.png;No;Meta Play!
Festival Lead;Dipplin;TWM 18;90;4;29;3,1;3,1;29;100,0;TWM;18;Uncommon;Stage 1;https://limitlesstcg.nyc3.cdn.digitaloceanspaces.com/tpci/TWM/TWM_018_R_EN_LG.png;No;Meta Play!
Festival Lead;Goldeen;TWM 44;51;2;29;1,76;1,76;29;100,0;TWM;44;Common;Basic;https://limitlesstcg.nyc3.cdn.digitaloceanspaces.com/tpci/TWM/TWM_044_R_EN_LG.png;No;Meta Play!
Festival Lead;Seaking;PRE 21;30;2;29;1,03;1,03;29;100,0;PRE;21;Uncommon;Stage 1;https://limitlesstcg.nyc3.cdn.digitaloceanspaces.com/tpci/PRE/PRE_021_R_EN_LG.png;No;Meta Play!
Festival Lead;Rellor;TEF 23;33;2;28;1,18;1,14;29;96,55;TEF;23;Common;Basic;https://limitlesstcg.nyc3.cdn.digitaloceanspaces.com/tpci/TEF/TEF_023_R_EN_LG.png;No;Meta Play!
Festival Lead;Rabsca;TEF 24;29;2;28;1,04;1,0;29;96,55;TEF;24;Uncommon;Stage 1;https://limitlesstcg.nyc3.cdn.digitaloceanspaces.com/tpci/TEF/TEF_024_R_EN_LG.png;No;Meta Play!
Festival Lead;Shaymin;DRI 10;27;1;27;1,0;0,93;29;93,1;DRI;10;Uncommon;Basic;https://limitlesstcg.nyc3.cdn.digitaloceanspaces.com/tpci/DRI/DRI_010_R_EN_LG.png;No;Meta Play!
Festival Lead;Psyduck;ASC 39;7;1;7;1,0;0,24;29;24,14;ASC;39;Common;Basic;https://limitlesstcg.nyc3.cdn.digitaloceanspaces.com/tpci/ASC/ASC_039_R_EN_LG.png;No;Meta Play!
Festival Lead;Lillie's Determination;MEG 119;115;4;29;3,97;3,97;29;100,0;MEG;119;Uncommon;Supporter;https://limitlesstcg.nyc3.cdn.digitaloceanspaces.com/tpci/MEG/MEG_119_R_EN_LG.png;No;Meta Play!
Festival Lead;Gladion's Final Battle;PBL 77;58;3;29;2,0;2,0;29;100,0;PBL;77;Uncommon;Supporter;https://limitlesstcg.nyc3.cdn.digitaloceanspaces.com/tpci/PBL/PBL_077_R_EN_LG.png;No;Meta Play!
Festival Lead;Boss's Orders;MEG 114;60;3;29;2,07;2,07;29;100,0;MEG;114;Uncommon;Supporter;https://limitlesstcg.nyc3.cdn.digitaloceanspaces.com/tpci/MEG/MEG_114_R_EN_LG.png;No;Meta Play!
Festival Lead;Kieran;TWM 154;27;1;27;1,0;0,93;29;93,1;TWM;154;Uncommon;Supporter;https://limitlesstcg.nyc3.cdn.digitaloceanspaces.com/tpci/TWM/TWM_154_R_EN_LG.png;No;Meta Play!
Festival Lead;Lana's Aid;TWM 155;10;1;10;1,0;0,34;29;34,48;TWM;155;Uncommon;Supporter;https://limitlesstcg.nyc3.cdn.digitaloceanspaces.com/tpci/TWM/TWM_155_R_EN_LG.png;No;Meta Play!
Festival Lead;Buddy-Buddy Poffin;ASC 184;116;4;29;4,0;4,0;29;100,0;ASC;184;Common;Item;https://limitlesstcg.nyc3.cdn.digitaloceanspaces.com/tpci/ASC/ASC_184_R_EN_LG.png;No;Meta Play!
Festival Lead;Poké Pad;POR 81;115;4;29;3,97;3,97;29;100,0;POR;81;Uncommon;Item;https://limitlesstcg.nyc3.cdn.digitaloceanspaces.com/tpci/POR/POR_081_R_EN_LG.png;No;Meta Play!
Festival Lead;Ultra Ball;MEG 131;72;4;29;2,48;2,48;29;100,0;MEG;131;Common;Item;https://limitlesstcg.nyc3.cdn.digitaloceanspaces.com/tpci/MEG/MEG_131_R_EN_LG.png;No;Meta Play!
Festival Lead;Night Stretcher;ASC 196;44;2;29;1,52;1,52;29;100,0;ASC;196;Common;Item;https://limitlesstcg.nyc3.cdn.digitaloceanspaces.com/tpci/ASC/ASC_196_R_EN_LG.png;No;Meta Play!
Festival Lead;Switch;MEG 130;28;1;28;1,0;0,97;29;96,55;MEG;130;Common;Item;https://limitlesstcg.nyc3.cdn.digitaloceanspaces.com/tpci/MEG/MEG_130_R_EN_LG.png;No;Meta Play!
Festival Lead;Secret Box;TWM 163;28;1;28;1,0;0,97;29;96,55;TWM;163;Ultra Rare;Item;https://limitlesstcg.nyc3.cdn.digitaloceanspaces.com/tpci/TWM/TWM_163_R_EN_LG.png;Yes;Meta Play!
Festival Lead;Tool Scrapper;ASC 212;19;1;19;1,0;0,66;29;65,52;ASC;212;Common;Item;https://limitlesstcg.nyc3.cdn.digitaloceanspaces.com/tpci/ASC/ASC_212_R_EN_LG.png;No;Meta Play!
Festival Lead;Air Balloon;ASC 181;61;3;29;2,1;2,1;29;100,0;ASC;181;Uncommon;Tool;https://limitlesstcg.nyc3.cdn.digitaloceanspaces.com/tpci/ASC/ASC_181_R_EN_LG.png;No;Meta Play!
Festival Lead;Brave Bangle;WHT 80;58;2;29;2,0;2,0;29;100,0;WHT;80;Uncommon;Tool;https://limitlesstcg.nyc3.cdn.digitaloceanspaces.com/tpci/WHT/WHT_080_R_EN_LG.png;No;Meta Play!
Festival Lead;Festival Grounds;TWM 149;106;4;29;3,66;3,66;29;100,0;TWM;149;Uncommon;Stadium;https://limitlesstcg.nyc3.cdn.digitaloceanspaces.com/tpci/TWM/TWM_149_R_EN_LG.png;No;Meta Play!
Festival Lead;Grass Energy;MEE 1;94;5;29;3,24;3,24;29;100,0;MEE;1;;Basic Energy;https://limitlesstcg.nyc3.cdn.digitaloceanspaces.com/tpci/MEE/MEE_001_R_EN_LG.png;No;Meta Play!
Festival Lead;Growing Grass Energy;POR 86;51;4;27;1,89;1,76;29;93,1;POR;86;Rare;Special Energy;https://limitlesstcg.nyc3.cdn.digitaloceanspaces.com/tpci/POR/POR_086_R_EN_LG.png;No;Meta Play!
Festival Lead;Pokémon Catcher;POR 82;11;2;6;1,83;0,38;29;20,69;POR;82;Common;Item;https://limitlesstcg.nyc3.cdn.digitaloceanspaces.com/tpci/POR/POR_082_R_EN_LG.png;No;Meta Play!
Festival Lead;Forest of Vitality;MEG 117;10;1;10;1,0;0,34;29;34,48;MEG;117;Uncommon;Stadium;https://limitlesstcg.nyc3.cdn.digitaloceanspaces.com/tpci/MEG/MEG_117_R_EN_LG.png;No;Meta Play!
Festival Lead;Bug Catching Set;TWM 143;42;4;17;2,47;1,45;29;58,62;TWM;143;Uncommon;Item;https://limitlesstcg.nyc3.cdn.digitaloceanspaces.com/tpci/TWM/TWM_143_R_EN_LG.png;No;Meta Play!
Festival Lead;Sacred Ash;DRI 168;20;1;20;1,0;0,69;29;68,97;DRI;168;Uncommon;Item;https://limitlesstcg.nyc3.cdn.digitaloceanspaces.com/tpci/DRI/DRI_168_R_EN_LG.png;No;Meta Play!
Festival Lead;Dawn;PFL 87;6;1;6;1,0;0,21;29;20,69;PFL;87;Uncommon;Supporter;https://limitlesstcg.nyc3.cdn.digitaloceanspaces.com/tpci/PFL/PFL_087_R_EN_LG.png;No;Meta Play!
Festival Lead;Judge;POR 76;1;1;1;1,0;0,03;29;3,45;POR;76;Uncommon;Supporter;https://limitlesstcg.nyc3.cdn.digitaloceanspaces.com/tpci/POR/POR_076_R_EN_LG.png;No;Meta Play!
Festival Lead;Rillaboom;TWM 16;1;1;1;1,0;0,03;29;3,45;TWM;16;Uncommon;Stage 2;https://limitlesstcg.nyc3.cdn.digitaloceanspaces.com/tpci/TWM/TWM_016_R_EN_LG.png;No;Meta Play!
Festival Lead;Flutter Mane;TEF 78;1;1;1;1,0;0,03;29;3,45;TEF;78;Rare;Basic;https://limitlesstcg.nyc3.cdn.digitaloceanspaces.com/tpci/TEF/TEF_078_R_EN_LG.png;No;Meta Play!
Festival Lead;Black Belt's Training;JTG 143;2;2;1;2,0;0,07;29;3,45;JTG;143;Common;Supporter;https://limitlesstcg.nyc3.cdn.digitaloceanspaces.com/tpci/JTG/JTG_143_R_EN_LG.png;No;Meta Play!
Festival Lead;Special Red Card;CRI 82;1;1;1;1,0;0,03;29;3,45;CRI;82;Uncommon;Item;https://limitlesstcg.nyc3.cdn.digitaloceanspaces.com/tpci/CRI/CRI_082_R_EN_LG.png;No;Meta Play!
Festival Lead;Meowth ex;POR 62;1;1;1;1,0;0,03;29;3,45;POR;62;Double Rare;Basic;https://limitlesstcg.nyc3.cdn.digitaloceanspaces.com/tpci/POR/POR_062_R_EN_LG.png;No;Meta Play!
Festival Lead;Maximum Belt;TEF 154;1;1;1;1,0;0,03;29;3,45;TEF;154;Ultra Rare;Tool;https://limitlesstcg.nyc3.cdn.digitaloceanspaces.com/tpci/TEF/TEF_154_R_EN_LG.png;Yes;Meta Play!
Slowking;Slowpoke;SCR 57;143;4;36;3,97;3,97;36;100,0;SCR;57;Common;Basic;https://limitlesstcg.nyc3.cdn.digitaloceanspaces.com/tpci/SCR/SCR_057_R_EN_LG.png;No;Meta Play!
Slowking;Slowking;SCR 58;108;3;36;3,0;3,0;36;100,0;SCR;58;Uncommon;Stage 1;https://limitlesstcg.nyc3.cdn.digitaloceanspaces.com/tpci/SCR/SCR_058_R_EN_LG.png;No;Meta Play!
Slowking;Mega Kangaskhan ex;MEG 104;99;4;36;2,75;2,75;36;100,0;MEG;104;Double Rare;Basic;https://limitlesstcg.nyc3.cdn.digitaloceanspaces.com/tpci/MEG/MEG_104_R_EN_LG.png;No;Meta Play!
Slowking;Latias ex;SSP 76;72;2;36;2,0;2,0;36;100,0;SSP;76;Double Rare;Basic;https://limitlesstcg.nyc3.cdn.digitaloceanspaces.com/tpci/SSP/SSP_076_R_EN_LG.png;No;Meta Play!
Slowking;Metagross;CRI 61;60;2;36;1,67;1,67;36;100,0;CRI;61;Uncommon;Stage 2;https://limitlesstcg.nyc3.cdn.digitaloceanspaces.com/tpci/CRI/CRI_061_R_EN_LG.png;No;Meta Play!
Slowking;Kyurem;SFA 47;72;2;36;2,0;2,0;36;100,0;SFA;47;Uncommon;Basic;https://limitlesstcg.nyc3.cdn.digitaloceanspaces.com/tpci/SFA/SFA_047_R_EN_LG.png;No;Meta Play!
Slowking;Annihilape;PBL 41;32;2;26;1,23;0,89;36;72,22;PBL;41;Uncommon;Stage 2;https://limitlesstcg.nyc3.cdn.digitaloceanspaces.com/tpci/PBL/PBL_041_R_EN_LG.png;No;Meta Play!
Slowking;Zeraora;DRI 78;16;1;16;1,0;0,44;36;44,44;DRI;78;Rare;Basic;https://limitlesstcg.nyc3.cdn.digitaloceanspaces.com/tpci/DRI/DRI_078_R_EN_LG.png;No;Meta Play!
Slowking;Meowth ex;POR 62;37;2;36;1,03;1,03;36;100,0;POR;62;Double Rare;Basic;https://limitlesstcg.nyc3.cdn.digitaloceanspaces.com/tpci/POR/POR_062_R_EN_LG.png;No;Meta Play!
Slowking;Fezandipiti ex;ASC 142;36;1;36;1,0;1,0;36;100,0;ASC;142;Double Rare;Basic;https://limitlesstcg.nyc3.cdn.digitaloceanspaces.com/tpci/ASC/ASC_142_R_EN_LG.png;No;Meta Play!
Slowking;Mew ex;30C 66;14;1;14;1,0;0,39;36;38,89;30C;66;Double Rare;Basic;https://limitlesstcg.nyc3.cdn.digitaloceanspaces.com/tpci/30C/30C_066_R_EN_LG.png;No;Meta Play!
Slowking;Lillie's Clefairy ex;ASC 76;36;1;36;1,0;1,0;36;100,0;ASC;76;Double Rare;Basic;https://limitlesstcg.nyc3.cdn.digitaloceanspaces.com/tpci/ASC/ASC_076_R_EN_LG.png;No;Meta Play!
Slowking;Ciphermaniac's Codebreaking;TEF 145;128;4;36;3,56;3,56;36;100,0;TEF;145;Uncommon;Supporter;https://limitlesstcg.nyc3.cdn.digitaloceanspaces.com/tpci/TEF/TEF_145_R_EN_LG.png;No;Meta Play!
Slowking;Lillie's Determination;MEG 119;144;4;36;4,0;4,0;36;100,0;MEG;119;Uncommon;Supporter;https://limitlesstcg.nyc3.cdn.digitaloceanspaces.com/tpci/MEG/MEG_119_R_EN_LG.png;No;Meta Play!
Slowking;Poké Pad;POR 81;135;4;36;3,75;3,75;36;100,0;POR;81;Uncommon;Item;https://limitlesstcg.nyc3.cdn.digitaloceanspaces.com/tpci/POR/POR_081_R_EN_LG.png;No;Meta Play!
Slowking;Ultra Ball;MEG 131;142;4;36;3,94;3,94;36;100,0;MEG;131;Common;Item;https://limitlesstcg.nyc3.cdn.digitaloceanspaces.com/tpci/MEG/MEG_131_R_EN_LG.png;No;Meta Play!
Slowking;Wondrous Patch;PFL 94;108;4;36;3,0;3,0;36;100,0;PFL;94;Uncommon;Item;https://limitlesstcg.nyc3.cdn.digitaloceanspaces.com/tpci/PFL/PFL_094_R_EN_LG.png;No;Meta Play!
Slowking;Night Stretcher;ASC 196;79;3;36;2,19;2,19;36;100,0;ASC;196;Common;Item;https://limitlesstcg.nyc3.cdn.digitaloceanspaces.com/tpci/ASC/ASC_196_R_EN_LG.png;No;Meta Play!
Slowking;Secret Box;TWM 163;18;1;18;1,0;0,5;36;50,0;TWM;163;Ultra Rare;Item;https://limitlesstcg.nyc3.cdn.digitaloceanspaces.com/tpci/TWM/TWM_163_R_EN_LG.png;Yes;Meta Play!
Slowking;Switch;MEG 130;31;1;31;1,0;0,86;36;86,11;MEG;130;Common;Item;https://limitlesstcg.nyc3.cdn.digitaloceanspaces.com/tpci/MEG/MEG_130_R_EN_LG.png;No;Meta Play!
Slowking;Academy at Night;SFA 54;144;4;36;4,0;4,0;36;100,0;SFA;54;Uncommon;Stadium;https://limitlesstcg.nyc3.cdn.digitaloceanspaces.com/tpci/SFA/SFA_054_R_EN_LG.png;No;Meta Play!
Slowking;Telepathic Psychic Energy;POR 88;144;4;36;4,0;4,0;36;100,0;POR;88;Rare;Special Energy;https://limitlesstcg.nyc3.cdn.digitaloceanspaces.com/tpci/POR/POR_088_R_EN_LG.png;No;Meta Play!
Slowking;Psychic Energy;MEE 5;136;4;36;3,78;3,78;36;100,0;MEE;5;;Basic Energy;https://limitlesstcg.nyc3.cdn.digitaloceanspaces.com/tpci/MEE/MEE_005_R_EN_LG.png;No;Meta Play!
Slowking;Boomerang Energy;TWM 166;59;3;33;1,79;1,64;36;91,67;TWM;166;Uncommon;Special Energy;https://limitlesstcg.nyc3.cdn.digitaloceanspaces.com/tpci/TWM/TWM_166_R_EN_LG.png;No;Meta Play!
Slowking;Surfer;ASC 200;19;1;19;1,0;0,53;36;52,78;ASC;200;Common;Supporter;https://limitlesstcg.nyc3.cdn.digitaloceanspaces.com/tpci/ASC/ASC_200_R_EN_LG.png;No;Meta Play!
Slowking;Lucky Helmet;TWM 158;16;2;13;1,23;0,44;36;36,11;TWM;158;Uncommon;Tool;https://limitlesstcg.nyc3.cdn.digitaloceanspaces.com/tpci/TWM/TWM_158_R_EN_LG.png;No;Meta Play!
Slowking;Pawmot;PFL 34;13;1;13;1,0;0,36;36;36,11;PFL;34;Rare;Stage 2;https://limitlesstcg.nyc3.cdn.digitaloceanspaces.com/tpci/PFL/PFL_034_R_EN_LG.png;No;Meta Play!
Slowking;Unown;30C 72;11;1;11;1,0;0,31;36;30,56;30C;72;Common;Basic;https://limitlesstcg.nyc3.cdn.digitaloceanspaces.com/tpci/30C/30C_072_R_EN_LG.png;No;Meta Play!
Slowking;Smoochum;SSP 75;6;1;6;1,0;0,17;36;16,67;SSP;75;Common;Basic;https://limitlesstcg.nyc3.cdn.digitaloceanspaces.com/tpci/SSP/SSP_075_R_EN_LG.png;No;Meta Play!
Slowking;Dawn;PFL 87;1;1;1;1,0;0,03;36;2,78;PFL;87;Uncommon;Supporter;https://limitlesstcg.nyc3.cdn.digitaloceanspaces.com/tpci/PFL/PFL_087_R_EN_LG.png;No;Meta Play!
Slowking;Lana's Aid;TWM 155;12;1;12;1,0;0,33;36;33,33;TWM;155;Uncommon;Supporter;https://limitlesstcg.nyc3.cdn.digitaloceanspaces.com/tpci/TWM/TWM_155_R_EN_LG.png;No;Meta Play!
Slowking;Prime Catcher;TEF 157;15;1;15;1,0;0,42;36;41,67;TEF;157;Ultra Rare;Item;https://limitlesstcg.nyc3.cdn.digitaloceanspaces.com/tpci/TEF/TEF_157_R_EN_LG.png;Yes;Meta Play!
Slowking;Budew;ASC 16;9;1;9;1,0;0,25;36;25,0;ASC;16;Common;Basic;https://limitlesstcg.nyc3.cdn.digitaloceanspaces.com/tpci/ASC/ASC_016_R_EN_LG.png;No;Meta Play!
Slowking;Brave Bangle;WHT 80;4;1;4;1,0;0,11;36;11,11;WHT;80;Uncommon;Tool;https://limitlesstcg.nyc3.cdn.digitaloceanspaces.com/tpci/WHT/WHT_080_R_EN_LG.png;No;Meta Play!
Slowking;Kieran;TWM 154;2;1;2;1,0;0,06;36;5,56;TWM;154;Uncommon;Supporter;https://limitlesstcg.nyc3.cdn.digitaloceanspaces.com/tpci/TWM/TWM_154_R_EN_LG.png;No;Meta Play!
Slowking;Powerglass;SFA 63;4;1;4;1,0;0,11;36;11,11;SFA;63;Uncommon;Tool;https://limitlesstcg.nyc3.cdn.digitaloceanspaces.com/tpci/SFA/SFA_063_R_EN_LG.png;No;Meta Play!
Slowking;Carmine;TWM 145;1;1;1;1,0;0,03;36;2,78;TWM;145;Uncommon;Supporter;https://limitlesstcg.nyc3.cdn.digitaloceanspaces.com/tpci/TWM/TWM_145_R_EN_LG.png;No;Meta Play!
Slowking;Sacred Ash;DRI 168;1;1;1;1,0;0,03;36;2,78;DRI;168;Uncommon;Item;https://limitlesstcg.nyc3.cdn.digitaloceanspaces.com/tpci/DRI/DRI_168_R_EN_LG.png;No;Meta Play!
Slowking;Munkidori;ASC 99;9;1;9;1,0;0,25;36;25,0;ASC;99;Rare;Basic;https://limitlesstcg.nyc3.cdn.digitaloceanspaces.com/tpci/ASC/ASC_099_R_EN_LG.png;No;Meta Play!
Slowking;Crispin;SCR 133;8;1;8;1,0;0,22;36;22,22;SCR;133;Uncommon;Supporter;https://limitlesstcg.nyc3.cdn.digitaloceanspaces.com/tpci/SCR/SCR_133_R_EN_LG.png;No;Meta Play!
Slowking;Scoop Up Cyclone;TWM 162;2;1;2;1,0;0,06;36;5,56;TWM;162;Ultra Rare;Item;https://limitlesstcg.nyc3.cdn.digitaloceanspaces.com/tpci/TWM/TWM_162_R_EN_LG.png;Yes;Meta Play!
Slowking;Darkness Energy;MEE 7;18;2;9;2,0;0,5;36;25,0;MEE;7;;Basic Energy;https://limitlesstcg.nyc3.cdn.digitaloceanspaces.com/tpci/MEE/MEE_007_R_EN_LG.png;No;Meta Play!
Slowking;Unfair Stamp;TWM 165;1;1;1;1,0;0,03;36;2,78;TWM;165;Ultra Rare;Item;https://limitlesstcg.nyc3.cdn.digitaloceanspaces.com/tpci/TWM/TWM_165_R_EN_LG.png;Yes;Meta Play!
Slowking;Drapion;POR 52;4;1;4;1,0;0,11;36;11,11;POR;52;Uncommon;Stage 1;https://limitlesstcg.nyc3.cdn.digitaloceanspaces.com/tpci/POR/POR_052_R_EN_LG.png;No;Meta Play!
Slowking;Lillie's Pearl;JTG 151;1;1;1;1,0;0,03;36;2,78;JTG;151;Uncommon;Tool;https://limitlesstcg.nyc3.cdn.digitaloceanspaces.com/tpci/JTG/JTG_151_R_EN_LG.png;No;Meta Play!
Slowking;Cofagrigus;SSP 83;4;1;4;1,0;0,11;36;11,11;SSP;83;Rare;Stage 1;https://limitlesstcg.nyc3.cdn.digitaloceanspaces.com/tpci/SSP/SSP_083_R_EN_LG.png;No;Meta Play!
Slowking;Zoroark;WHT 62;1;1;1;1,0;0,03;36;2,78;WHT;62;Rare;Stage 1;https://limitlesstcg.nyc3.cdn.digitaloceanspaces.com/tpci/WHT/WHT_062_R_EN_LG.png;No;Meta Play!
Slowking;Special Red Card;CRI 82;3;1;3;1,0;0,08;36;8,33;CRI;82;Uncommon;Item;https://limitlesstcg.nyc3.cdn.digitaloceanspaces.com/tpci/CRI/CRI_082_R_EN_LG.png;No;Meta Play!
Slowking;Spectrier;ASC 98;1;1;1;1,0;0,03;36;2,78;ASC;98;Rare;Basic;https://limitlesstcg.nyc3.cdn.digitaloceanspaces.com/tpci/ASC/ASC_098_R_EN_LG.png;No;Meta Play!
Slowking;Judge;POR 76;1;1;1;1,0;0,03;36;2,78;POR;76;Uncommon;Supporter;https://limitlesstcg.nyc3.cdn.digitaloceanspaces.com/tpci/POR/POR_076_R_EN_LG.png;No;Meta Play!
N's Zoroark;N's Zorua;ASC 136;172;4;43;4,0;4,0;43;100,0;ASC;136;Common;Basic;https://limitlesstcg.nyc3.cdn.digitaloceanspaces.com/tpci/ASC/ASC_136_R_EN_LG.png;No;Meta Play!
N's Zoroark;N's Zoroark ex;ASC 137;172;4;43;4,0;4,0;43;100,0;ASC;137;Double Rare;Stage 1;https://limitlesstcg.nyc3.cdn.digitaloceanspaces.com/tpci/ASC/ASC_137_R_EN_LG.png;No;Meta Play!
N's Zoroark;Munkidori;ASC 99;55;2;43;1,28;1,28;43;100,0;ASC;99;Rare;Basic;https://limitlesstcg.nyc3.cdn.digitaloceanspaces.com/tpci/ASC/ASC_099_R_EN_LG.png;No;Meta Play!
N's Zoroark;N's Zekrom;ASC 155;74;2;43;1,72;1,72;43;100,0;ASC;155;Rare;Basic;https://limitlesstcg.nyc3.cdn.digitaloceanspaces.com/tpci/ASC/ASC_155_R_EN_LG.png;No;Meta Play!
N's Zoroark;N's Purrloin;JTG 96;13;1;13;1,0;0,3;43;30,23;JTG;96;Common;Basic;https://limitlesstcg.nyc3.cdn.digitaloceanspaces.com/tpci/JTG/JTG_096_R_EN_LG.png;No;Meta Play!
N's Zoroark;Pecharunt ex;SFA 39;47;2;43;1,09;1,09;43;100,0;SFA;39;Double Rare;Basic;https://limitlesstcg.nyc3.cdn.digitaloceanspaces.com/tpci/SFA/SFA_039_R_EN_LG.png;No;Meta Play!
N's Zoroark;Fezandipiti ex;ASC 142;40;1;40;1,0;0,93;43;93,02;ASC;142;Double Rare;Basic;https://limitlesstcg.nyc3.cdn.digitaloceanspaces.com/tpci/ASC/ASC_142_R_EN_LG.png;No;Meta Play!
N's Zoroark;Tatsugiri;TWM 131;26;1;26;1,0;0,6;43;60,47;TWM;131;Uncommon;Basic;https://limitlesstcg.nyc3.cdn.digitaloceanspaces.com/tpci/TWM/TWM_131_R_EN_LG.png;No;Meta Play!
N's Zoroark;Lillie's Determination;MEG 119;171;4;43;3,98;3,98;43;100,0;MEG;119;Uncommon;Supporter;https://limitlesstcg.nyc3.cdn.digitaloceanspaces.com/tpci/MEG/MEG_119_R_EN_LG.png;No;Meta Play!
N's Zoroark;Boss's Orders;MEG 114;149;4;43;3,47;3,47;43;100,0;MEG;114;Uncommon;Supporter;https://limitlesstcg.nyc3.cdn.digitaloceanspaces.com/tpci/MEG/MEG_114_R_EN_LG.png;No;Meta Play!
N's Zoroark;Cyrano;SSP 170;102;4;43;2,37;2,37;43;100,0;SSP;170;Uncommon;Supporter;https://limitlesstcg.nyc3.cdn.digitaloceanspaces.com/tpci/SSP/SSP_170_R_EN_LG.png;No;Meta Play!
N's Zoroark;Judge;POR 76;53;3;32;1,66;1,23;43;74,42;POR;76;Uncommon;Supporter;https://limitlesstcg.nyc3.cdn.digitaloceanspaces.com/tpci/POR/POR_076_R_EN_LG.png;No;Meta Play!
N's Zoroark;Black Belt's Training;JTG 143;46;2;42;1,1;1,07;43;97,67;JTG;143;Common;Supporter;https://limitlesstcg.nyc3.cdn.digitaloceanspaces.com/tpci/JTG/JTG_143_R_EN_LG.png;No;Meta Play!
N's Zoroark;Brock's Scouting;JTG 146;2;1;2;1,0;0,05;43;4,65;JTG;146;Uncommon;Supporter;https://limitlesstcg.nyc3.cdn.digitaloceanspaces.com/tpci/JTG/JTG_146_R_EN_LG.png;No;Meta Play!
N's Zoroark;Acerola's Mischief;MEG 113;1;1;1;1,0;0,02;43;2,33;MEG;113;Uncommon;Supporter;https://limitlesstcg.nyc3.cdn.digitaloceanspaces.com/tpci/MEG/MEG_113_R_EN_LG.png;No;Meta Play!
N's Zoroark;Buddy-Buddy Poffin;ASC 184;172;4;43;4,0;4,0;43;100,0;ASC;184;Common;Item;https://limitlesstcg.nyc3.cdn.digitaloceanspaces.com/tpci/ASC/ASC_184_R_EN_LG.png;No;Meta Play!
N's Zoroark;N's PP Up;ASC 195;130;4;43;3,02;3,02;43;100,0;ASC;195;Uncommon;Item;https://limitlesstcg.nyc3.cdn.digitaloceanspaces.com/tpci/ASC/ASC_195_R_EN_LG.png;No;Meta Play!
N's Zoroark;Poké Pad;POR 81;127;4;43;2,95;2,95;43;100,0;POR;81;Uncommon;Item;https://limitlesstcg.nyc3.cdn.digitaloceanspaces.com/tpci/POR/POR_081_R_EN_LG.png;No;Meta Play!
N's Zoroark;Night Stretcher;ASC 196;77;3;43;1,79;1,79;43;100,0;ASC;196;Common;Item;https://limitlesstcg.nyc3.cdn.digitaloceanspaces.com/tpci/ASC/ASC_196_R_EN_LG.png;No;Meta Play!
N's Zoroark;Special Red Card;CRI 82;41;1;41;1,0;0,95;43;95,35;CRI;82;Uncommon;Item;https://limitlesstcg.nyc3.cdn.digitaloceanspaces.com/tpci/CRI/CRI_082_R_EN_LG.png;No;Meta Play!
N's Zoroark;Ultra Ball;MEG 131;96;4;42;2,29;2,23;43;97,67;MEG;131;Common;Item;https://limitlesstcg.nyc3.cdn.digitaloceanspaces.com/tpci/MEG/MEG_131_R_EN_LG.png;No;Meta Play!
N's Zoroark;Secret Box;TWM 163;33;1;33;1,0;0,77;43;76,74;TWM;163;Ultra Rare;Item;https://limitlesstcg.nyc3.cdn.digitaloceanspaces.com/tpci/TWM/TWM_163_R_EN_LG.png;Yes;Meta Play!
N's Zoroark;Tool Scrapper;ASC 212;7;1;7;1,0;0,16;43;16,28;ASC;212;Common;Item;https://limitlesstcg.nyc3.cdn.digitaloceanspaces.com/tpci/ASC/ASC_212_R_EN_LG.png;No;Meta Play!
N's Zoroark;Binding Mochi;PRE 95;67;2;39;1,72;1,56;43;90,7;PRE;95;Uncommon;Tool;https://limitlesstcg.nyc3.cdn.digitaloceanspaces.com/tpci/PRE/PRE_095_R_EN_LG.png;No;Meta Play!
N's Zoroark;Air Balloon;ASC 181;24;2;22;1,09;0,56;43;51,16;ASC;181;Uncommon;Tool;https://limitlesstcg.nyc3.cdn.digitaloceanspaces.com/tpci/ASC/ASC_181_R_EN_LG.png;No;Meta Play!
N's Zoroark;Team Rocket's Watchtower;ASC 210;80;4;32;2,5;1,86;43;74,42;ASC;210;Uncommon;Stadium;https://limitlesstcg.nyc3.cdn.digitaloceanspaces.com/tpci/ASC/ASC_210_R_EN_LG.png;No;Meta Play!
N's Zoroark;N's Castle;JTG 152;38;2;22;1,73;0,88;43;51,16;JTG;152;Uncommon;Stadium;https://limitlesstcg.nyc3.cdn.digitaloceanspaces.com/tpci/JTG/JTG_152_R_EN_LG.png;No;Meta Play!
N's Zoroark;Darkness Energy;MEE 7;342;9;43;7,95;7,95;43;100,0;MEE;7;;Basic Energy;https://limitlesstcg.nyc3.cdn.digitaloceanspaces.com/tpci/MEE/MEE_007_R_EN_LG.png;No;Meta Play!
N's Zoroark;Yveltal;MEG 88;26;2;25;1,04;0,6;43;58,14;MEG;88;Rare;Basic;https://limitlesstcg.nyc3.cdn.digitaloceanspaces.com/tpci/MEG/MEG_088_R_EN_LG.png;No;Meta Play!
N's Zoroark;N's Reshiram;ASC 154;33;1;33;1,0;0,77;43;76,74;ASC;154;Rare;Basic;https://limitlesstcg.nyc3.cdn.digitaloceanspaces.com/tpci/ASC/ASC_154_R_EN_LG.png;No;Meta Play!
N's Zoroark;Pecharunt;SVP 129;2;1;2;1,0;0,05;43;4,65;SVP;129;Promo;Basic;https://limitlesstcg.nyc3.cdn.digitaloceanspaces.com/tpci/SVP/SVP_129_R_EN_LG.png;No;Meta Play!
N's Zoroark;Ciphermaniac's Codebreaking;TEF 145;3;1;3;1,0;0,07;43;6,98;TEF;145;Uncommon;Supporter;https://limitlesstcg.nyc3.cdn.digitaloceanspaces.com/tpci/TEF/TEF_145_R_EN_LG.png;No;Meta Play!
N's Zoroark;Xerosic's Machinations;SFA 64;8;1;8;1,0;0,19;43;18,6;SFA;64;Uncommon;Supporter;https://limitlesstcg.nyc3.cdn.digitaloceanspaces.com/tpci/SFA/SFA_064_R_EN_LG.png;No;Meta Play!
N's Zoroark;Ruffian;JTG 157;6;1;6;1,0;0,14;43;13,95;JTG;157;Uncommon;Supporter;https://limitlesstcg.nyc3.cdn.digitaloceanspaces.com/tpci/JTG/JTG_157_R_EN_LG.png;No;Meta Play!
N's Zoroark;Energy Switch;MEG 115;7;2;5;1,4;0,16;43;11,63;MEG;115;Common;Item;https://limitlesstcg.nyc3.cdn.digitaloceanspaces.com/tpci/MEG/MEG_115_R_EN_LG.png;No;Meta Play!
N's Zoroark;Unfair Stamp;TWM 165;5;1;5;1,0;0,12;43;11,63;TWM;165;Ultra Rare;Item;https://limitlesstcg.nyc3.cdn.digitaloceanspaces.com/tpci/TWM/TWM_165_R_EN_LG.png;Yes;Meta Play!
N's Zoroark;Punk Helmet;PFL 92;8;2;4;2,0;0,19;43;9,3;PFL;92;Uncommon;Tool;https://limitlesstcg.nyc3.cdn.digitaloceanspaces.com/tpci/PFL/PFL_092_R_EN_LG.png;No;Meta Play!
N's Zoroark;Budew;ASC 16;14;1;14;1,0;0,33;43;32,56;ASC;16;Common;Basic;https://limitlesstcg.nyc3.cdn.digitaloceanspaces.com/tpci/ASC/ASC_016_R_EN_LG.png;No;Meta Play!
N's Zoroark;Meowth ex;POR 62;15;1;15;1,0;0,35;43;34,88;POR;62;Double Rare;Basic;https://limitlesstcg.nyc3.cdn.digitaloceanspaces.com/tpci/POR/POR_062_R_EN_LG.png;No;Meta Play!
N's Zoroark;Janine's Secret Art;PRE 112;19;1;19;1,0;0,44;43;44,19;PRE;112;Uncommon;Supporter;https://limitlesstcg.nyc3.cdn.digitaloceanspaces.com/tpci/PRE/PRE_112_R_EN_LG.png;No;Meta Play!
N's Zoroark;N's Darumaka;ASC 32;12;1;12;1,0;0,28;43;27,91;ASC;32;Common;Basic;https://limitlesstcg.nyc3.cdn.digitaloceanspaces.com/tpci/ASC/ASC_032_R_EN_LG.png;No;Meta Play!
N's Zoroark;N's Darmanitan;ASC 33;12;1;12;1,0;0,28;43;27,91;ASC;33;Uncommon;Stage 1;https://limitlesstcg.nyc3.cdn.digitaloceanspaces.com/tpci/ASC/ASC_033_R_EN_LG.png;No;Meta Play!
N's Zoroark;Transformation Tome;CRI 83;36;4;9;4,0;0,84;43;20,93;CRI;83;Uncommon;Item;https://limitlesstcg.nyc3.cdn.digitaloceanspaces.com/tpci/CRI/CRI_083_R_EN_LG.png;No;Meta Play!
N's Zoroark;Dunsparce;JTG 120;1;1;1;1,0;0,02;43;2,33;JTG;120;Common;Basic;https://limitlesstcg.nyc3.cdn.digitaloceanspaces.com/tpci/JTG/JTG_120_R_EN_LG.png;No;Meta Play!
N's Zoroark;Dudunsparce;TEF 129;1;1;1;1,0;0,02;43;2,33;TEF;129;Rare;Stage 1;https://limitlesstcg.nyc3.cdn.digitaloceanspaces.com/tpci/TEF/TEF_129_R_EN_LG.png;No;Meta Play!
N's Zoroark;Survival Brace;TWM 164;1;1;1;1,0;0,02;43;2,33;TWM;164;Ultra Rare;Tool;https://limitlesstcg.nyc3.cdn.digitaloceanspaces.com/tpci/TWM/TWM_164_R_EN_LG.png;Yes;Meta Play!
N's Zoroark;Gravity Mountain;SSP 177;4;1;4;1,0;0,09;43;9,3;SSP;177;Uncommon;Stadium;https://limitlesstcg.nyc3.cdn.digitaloceanspaces.com/tpci/SSP/SSP_177_R_EN_LG.png;No;Meta Play!
N's Zoroark;Buneary;PFL 83;1;1;1;1,0;0,02;43;2,33;PFL;83;Common;Basic;https://limitlesstcg.nyc3.cdn.digitaloceanspaces.com/tpci/PFL/PFL_083_R_EN_LG.png;No;Meta Play!
N's Zoroark;Mega Lopunny ex;PFL 84;1;1;1;1,0;0,02;43;2,33;PFL;84;Double Rare;Stage 1;https://limitlesstcg.nyc3.cdn.digitaloceanspaces.com/tpci/PFL/PFL_084_R_EN_LG.png;No;Meta Play!
N's Zoroark;Hero's Cape;TEF 152;3;1;3;1,0;0,07;43;6,98;TEF;152;Ultra Rare;Tool;https://limitlesstcg.nyc3.cdn.digitaloceanspaces.com/tpci/TEF/TEF_152_R_EN_LG.png;Yes;Meta Play!
N's Zoroark;Team Rocket's Petrel;ASC 207;1;1;1;1,0;0,02;43;2,33;ASC;207;Uncommon;Supporter;https://limitlesstcg.nyc3.cdn.digitaloceanspaces.com/tpci/ASC/ASC_207_R_EN_LG.png;No;Meta Play!
N's Zoroark;Mega Kangaskhan ex;MEG 104;1;1;1;1,0;0,02;43;2,33;MEG;104;Double Rare;Basic;https://limitlesstcg.nyc3.cdn.digitaloceanspaces.com/tpci/MEG/MEG_104_R_EN_LG.png;No;Meta Play!
N's Zoroark;Scoop Up Cyclone;TWM 162;1;1;1;1,0;0,02;43;2,33;TWM;162;Ultra Rare;Item;https://limitlesstcg.nyc3.cdn.digitaloceanspaces.com/tpci/TWM/TWM_162_R_EN_LG.png;Yes;Meta Play!
N's Zoroark;Shaymin;DRI 10;1;1;1;1,0;0,02;43;2,33;DRI;10;Uncommon;Basic;https://limitlesstcg.nyc3.cdn.digitaloceanspaces.com/tpci/DRI/DRI_010_R_EN_LG.png;No;Meta Play!
N's Zoroark;Purrloin;WHT 55;1;1;1;1,0;0,02;43;2,33;WHT;55;Common;Basic;https://limitlesstcg.nyc3.cdn.digitaloceanspaces.com/tpci/WHT/WHT_055_R_EN_LG.png;No;Meta Play!
Ogerpon Meganium Hydrapple;Teal Mask Ogerpon ex;TWM 25;80;4;20;4,0;4,0;20;100,0;TWM;25;Double Rare;Basic;https://limitlesstcg.nyc3.cdn.digitaloceanspaces.com/tpci/TWM/TWM_025_R_EN_LG.png;No;Meta Play!
Ogerpon Meganium Hydrapple;Applin;TWM 17;41;3;20;2,05;2,05;20;100,0;TWM;17;Common;Basic;https://limitlesstcg.nyc3.cdn.digitaloceanspaces.com/tpci/TWM/TWM_017_R_EN_LG.png;No;Meta Play!
Ogerpon Meganium Hydrapple;Dipplin;TWM 18;41;3;20;2,05;2,05;20;100,0;TWM;18;Uncommon;Stage 1;https://limitlesstcg.nyc3.cdn.digitaloceanspaces.com/tpci/TWM/TWM_018_R_EN_LG.png;No;Meta Play!
Ogerpon Meganium Hydrapple;Hydrapple ex;SCR 14;41;3;20;2,05;2,05;20;100,0;SCR;14;Double Rare;Stage 2;https://limitlesstcg.nyc3.cdn.digitaloceanspaces.com/tpci/SCR/SCR_014_R_EN_LG.png;No;Meta Play!
Ogerpon Meganium Hydrapple;Chikorita;ASC 8;40;2;20;2,0;2,0;20;100,0;ASC;8;Common;Basic;https://limitlesstcg.nyc3.cdn.digitaloceanspaces.com/tpci/ASC/ASC_008_R_EN_LG.png;No;Meta Play!
Ogerpon Meganium Hydrapple;Bayleef;MEG 9;40;2;20;2,0;2,0;20;100,0;MEG;9;Common;Stage 1;https://limitlesstcg.nyc3.cdn.digitaloceanspaces.com/tpci/MEG/MEG_009_R_EN_LG.png;No;Meta Play!
Ogerpon Meganium Hydrapple;Meganium;MEG 10;40;2;20;2,0;2,0;20;100,0;MEG;10;Rare;Stage 2;https://limitlesstcg.nyc3.cdn.digitaloceanspaces.com/tpci/MEG/MEG_010_R_EN_LG.png;No;Meta Play!
Ogerpon Meganium Hydrapple;Hoothoot;SCR 114;5;1;5;1,0;0,25;20;25,0;SCR;114;Common;Basic;https://limitlesstcg.nyc3.cdn.digitaloceanspaces.com/tpci/SCR/SCR_114_R_EN_LG.png;No;Meta Play!
Ogerpon Meganium Hydrapple;Noctowl;SCR 115;5;1;5;1,0;0,25;20;25,0;SCR;115;Rare;Stage 1;https://limitlesstcg.nyc3.cdn.digitaloceanspaces.com/tpci/SCR/SCR_115_R_EN_LG.png;No;Meta Play!
Ogerpon Meganium Hydrapple;Celebi;MEG 12;20;1;20;1,0;1,0;20;100,0;MEG;12;Uncommon;Basic;https://limitlesstcg.nyc3.cdn.digitaloceanspaces.com/tpci/MEG/MEG_012_R_EN_LG.png;No;Meta Play!
Ogerpon Meganium Hydrapple;Fezandipiti ex;ASC 142;20;1;20;1,0;1,0;20;100,0;ASC;142;Double Rare;Basic;https://limitlesstcg.nyc3.cdn.digitaloceanspaces.com/tpci/ASC/ASC_142_R_EN_LG.png;No;Meta Play!
Ogerpon Meganium Hydrapple;Meowth ex;POR 62;30;2;20;1,5;1,5;20;100,0;POR;62;Double Rare;Basic;https://limitlesstcg.nyc3.cdn.digitaloceanspaces.com/tpci/POR/POR_062_R_EN_LG.png;No;Meta Play!
Ogerpon Meganium Hydrapple;Tapu Bulu;SFA 6;19;1;19;1,0;0,95;20;95,0;SFA;6;Rare;Basic;https://limitlesstcg.nyc3.cdn.digitaloceanspaces.com/tpci/SFA/SFA_006_R_EN_LG.png;No;Meta Play!
Ogerpon Meganium Hydrapple;Lillie's Determination;MEG 119;80;4;20;4,0;4,0;20;100,0;MEG;119;Uncommon;Supporter;https://limitlesstcg.nyc3.cdn.digitaloceanspaces.com/tpci/MEG/MEG_119_R_EN_LG.png;No;Meta Play!
Ogerpon Meganium Hydrapple;Boss's Orders;MEG 114;40;2;20;2,0;2,0;20;100,0;MEG;114;Uncommon;Supporter;https://limitlesstcg.nyc3.cdn.digitaloceanspaces.com/tpci/MEG/MEG_114_R_EN_LG.png;No;Meta Play!
Ogerpon Meganium Hydrapple;Lana's Aid;TWM 155;20;1;20;1,0;1,0;20;100,0;TWM;155;Uncommon;Supporter;https://limitlesstcg.nyc3.cdn.digitaloceanspaces.com/tpci/TWM/TWM_155_R_EN_LG.png;No;Meta Play!
Ogerpon Meganium Hydrapple;Dawn;PFL 87;19;2;14;1,36;0,95;20;70,0;PFL;87;Uncommon;Supporter;https://limitlesstcg.nyc3.cdn.digitaloceanspaces.com/tpci/PFL/PFL_087_R_EN_LG.png;No;Meta Play!
Ogerpon Meganium Hydrapple;Briar;SCR 132;18;1;18;1,0;0,9;20;90,0;SCR;132;Uncommon;Supporter;https://limitlesstcg.nyc3.cdn.digitaloceanspaces.com/tpci/SCR/SCR_132_R_EN_LG.png;No;Meta Play!
Ogerpon Meganium Hydrapple;Judge;POR 76;15;1;15;1,0;0,75;20;75,0;POR;76;Uncommon;Supporter;https://limitlesstcg.nyc3.cdn.digitaloceanspaces.com/tpci/POR/POR_076_R_EN_LG.png;No;Meta Play!
Ogerpon Meganium Hydrapple;Ultra Ball;MEG 131;64;4;20;3,2;3,2;20;100,0;MEG;131;Common;Item;https://limitlesstcg.nyc3.cdn.digitaloceanspaces.com/tpci/MEG/MEG_131_R_EN_LG.png;No;Meta Play!
Ogerpon Meganium Hydrapple;Bug Catching Set;TWM 143;80;4;20;4,0;4,0;20;100,0;TWM;143;Uncommon;Item;https://limitlesstcg.nyc3.cdn.digitaloceanspaces.com/tpci/TWM/TWM_143_R_EN_LG.png;No;Meta Play!
Ogerpon Meganium Hydrapple;Poké Pad;POR 81;24;2;17;1,41;1,2;20;85,0;POR;81;Uncommon;Item;https://limitlesstcg.nyc3.cdn.digitaloceanspaces.com/tpci/POR/POR_081_R_EN_LG.png;No;Meta Play!
Ogerpon Meganium Hydrapple;Night Stretcher;ASC 196;31;2;19;1,63;1,55;20;95,0;ASC;196;Common;Item;https://limitlesstcg.nyc3.cdn.digitaloceanspaces.com/tpci/ASC/ASC_196_R_EN_LG.png;No;Meta Play!
Ogerpon Meganium Hydrapple;Unfair Stamp;TWM 165;17;1;17;1,0;0,85;20;85,0;TWM;165;Ultra Rare;Item;https://limitlesstcg.nyc3.cdn.digitaloceanspaces.com/tpci/TWM/TWM_165_R_EN_LG.png;Yes;Meta Play!
Ogerpon Meganium Hydrapple;Forest of Vitality;MEG 117;70;4;20;3,5;3,5;20;100,0;MEG;117;Uncommon;Stadium;https://limitlesstcg.nyc3.cdn.digitaloceanspaces.com/tpci/MEG/MEG_117_R_EN_LG.png;No;Meta Play!
Ogerpon Meganium Hydrapple;Grass Energy;MEE 1;263;14;20;13,15;13,15;20;100,0;MEE;1;;Basic Energy;https://limitlesstcg.nyc3.cdn.digitaloceanspaces.com/tpci/MEE/MEE_001_R_EN_LG.png;No;Meta Play!
Ogerpon Meganium Hydrapple;Team Rocket's Petrel;ASC 207;2;1;2;1,0;0,1;20;10,0;ASC;207;Uncommon;Supporter;https://limitlesstcg.nyc3.cdn.digitaloceanspaces.com/tpci/ASC/ASC_207_R_EN_LG.png;No;Meta Play!
Ogerpon Meganium Hydrapple;Gwynn;PBL 78;3;2;2;1,5;0,15;20;10,0;PBL;78;Uncommon;Supporter;https://limitlesstcg.nyc3.cdn.digitaloceanspaces.com/tpci/PBL/PBL_078_R_EN_LG.png;No;Meta Play!
Ogerpon Meganium Hydrapple;Energy Retrieval;SVI 171;4;1;4;1,0;0,2;20;20,0;SVI;171;Common;Item;https://limitlesstcg.nyc3.cdn.digitaloceanspaces.com/tpci/SVI/SVI_171_R_EN_LG.png;No;Meta Play!
Ogerpon Meganium Hydrapple;Ciphermaniac's Codebreaking;TEF 145;9;1;9;1,0;0,45;20;45,0;TEF;145;Uncommon;Supporter;https://limitlesstcg.nyc3.cdn.digitaloceanspaces.com/tpci/TEF/TEF_145_R_EN_LG.png;No;Meta Play!
Ogerpon Meganium Hydrapple;Morty's Conviction;TEF 155;1;1;1;1,0;0,05;20;5,0;TEF;155;Uncommon;Supporter;https://limitlesstcg.nyc3.cdn.digitaloceanspaces.com/tpci/TEF/TEF_155_R_EN_LG.png;No;Meta Play!
Ogerpon Meganium Hydrapple;Special Red Card;CRI 82;7;1;7;1,0;0,35;20;35,0;CRI;82;Uncommon;Item;https://limitlesstcg.nyc3.cdn.digitaloceanspaces.com/tpci/CRI/CRI_082_R_EN_LG.png;No;Meta Play!
Ogerpon Meganium Hydrapple;Energy Switch;MEG 115;1;1;1;1,0;0,05;20;5,0;MEG;115;Common;Item;https://limitlesstcg.nyc3.cdn.digitaloceanspaces.com/tpci/MEG/MEG_115_R_EN_LG.png;No;Meta Play!
Ogerpon Meganium Hydrapple;Exeggcute;30C 1;1;1;1;1,0;0,05;20;5,0;30C;1;Common;Basic;https://limitlesstcg.nyc3.cdn.digitaloceanspaces.com/tpci/30C/30C_001_R_EN_LG.png;No;Meta Play!
Ogerpon Meganium Hydrapple;Alolan Exeggutor;30C 2;1;1;1;1,0;0,05;20;5,0;30C;2;Common;Stage 1;https://limitlesstcg.nyc3.cdn.digitaloceanspaces.com/tpci/30C/30C_002_R_EN_LG.png;No;Meta Play!
Ogerpon Meganium Hydrapple;Prime Catcher;TEF 157;1;1;1;1,0;0,05;20;5,0;TEF;157;Ultra Rare;Item;https://limitlesstcg.nyc3.cdn.digitaloceanspaces.com/tpci/TEF/TEF_157_R_EN_LG.png;Yes;Meta Play!
Ogerpon Meganium Hydrapple;Xerosic's Machinations;SFA 64;2;1;2;1,0;0,1;20;10,0;SFA;64;Uncommon;Supporter;https://limitlesstcg.nyc3.cdn.digitaloceanspaces.com/tpci/SFA/SFA_064_R_EN_LG.png;No;Meta Play!
Ogerpon Meganium Hydrapple;Sacred Ash;DRI 168;1;1;1;1,0;0,05;20;5,0;DRI;168;Uncommon;Item;https://limitlesstcg.nyc3.cdn.digitaloceanspaces.com/tpci/DRI/DRI_168_R_EN_LG.png;No;Meta Play!
Ogerpon Meganium Hydrapple;Max Rod;PRE 116;1;1;1;1,0;0,05;20;5,0;PRE;116;Ultra Rare;Item;https://limitlesstcg.nyc3.cdn.digitaloceanspaces.com/tpci/PRE/PRE_116_R_EN_LG.png;Yes;Meta Play!
Ogerpon Meganium Hydrapple;Festival Grounds;TWM 149;2;1;2;1,0;0,1;20;10,0;TWM;149;Uncommon;Stadium;https://limitlesstcg.nyc3.cdn.digitaloceanspaces.com/tpci/TWM/TWM_149_R_EN_LG.png;No;Meta Play!
Ogerpon Meganium Hydrapple;Scoop Up Cyclone;TWM 162;1;1;1;1,0;0,05;20;5,0;TWM;162;Ultra Rare;Item;https://limitlesstcg.nyc3.cdn.digitaloceanspaces.com/tpci/TWM/TWM_162_R_EN_LG.png;Yes;Meta Play!
Crustle;Mega Kangaskhan ex;MEG 104;51;4;13;3,92;3,92;13;100,0;MEG;104;Double Rare;Basic;https://limitlesstcg.nyc3.cdn.digitaloceanspaces.com/tpci/MEG/MEG_104_R_EN_LG.png;No;Meta Play!
Crustle;Dwebble;DRI 11;39;3;13;3,0;3,0;13;100,0;DRI;11;Common;Basic;https://limitlesstcg.nyc3.cdn.digitaloceanspaces.com/tpci/DRI/DRI_011_R_EN_LG.png;No;Meta Play!
Crustle;Crustle;DRI 12;39;3;13;3,0;3,0;13;100,0;DRI;12;Rare;Stage 1;https://limitlesstcg.nyc3.cdn.digitaloceanspaces.com/tpci/DRI/DRI_012_R_EN_LG.png;No;Meta Play!
Crustle;Lillie's Determination;MEG 119;51;4;13;3,92;3,92;13;100,0;MEG;119;Uncommon;Supporter;https://limitlesstcg.nyc3.cdn.digitaloceanspaces.com/tpci/MEG/MEG_119_R_EN_LG.png;No;Meta Play!
Crustle;Team Rocket's Petrel;ASC 207;51;4;13;3,92;3,92;13;100,0;ASC;207;Uncommon;Supporter;https://limitlesstcg.nyc3.cdn.digitaloceanspaces.com/tpci/ASC/ASC_207_R_EN_LG.png;No;Meta Play!
Crustle;Boss's Orders;MEG 114;52;4;13;4,0;4,0;13;100,0;MEG;114;Uncommon;Supporter;https://limitlesstcg.nyc3.cdn.digitaloceanspaces.com/tpci/MEG/MEG_114_R_EN_LG.png;No;Meta Play!
Crustle;Hilda;WHT 84;39;4;13;3,0;3,0;13;100,0;WHT;84;Uncommon;Supporter;https://limitlesstcg.nyc3.cdn.digitaloceanspaces.com/tpci/WHT/WHT_084_R_EN_LG.png;No;Meta Play!
Crustle;Eri;TEF 146;31;3;13;2,38;2,38;13;100,0;TEF;146;Uncommon;Supporter;https://limitlesstcg.nyc3.cdn.digitaloceanspaces.com/tpci/TEF/TEF_146_R_EN_LG.png;No;Meta Play!
Crustle;Xerosic's Machinations;SFA 64;21;2;13;1,62;1,62;13;100,0;SFA;64;Uncommon;Supporter;https://limitlesstcg.nyc3.cdn.digitaloceanspaces.com/tpci/SFA/SFA_064_R_EN_LG.png;No;Meta Play!
Crustle;Pokémon Center Lady;MEG 123;12;2;11;1,09;0,92;13;84,62;MEG;123;Common;Supporter;https://limitlesstcg.nyc3.cdn.digitaloceanspaces.com/tpci/MEG/MEG_123_R_EN_LG.png;No;Meta Play!
Crustle;Bianca's Devotion;TEF 142;7;1;7;1,0;0,54;13;53,85;TEF;142;Uncommon;Supporter;https://limitlesstcg.nyc3.cdn.digitaloceanspaces.com/tpci/TEF/TEF_142_R_EN_LG.png;No;Meta Play!
Crustle;Jumbo Ice Cream;PFL 91;52;4;13;4,0;4,0;13;100,0;PFL;91;Uncommon;Item;https://limitlesstcg.nyc3.cdn.digitaloceanspaces.com/tpci/PFL/PFL_091_R_EN_LG.png;No;Meta Play!
Crustle;Pokégear 3.0;SVI 186;38;3;13;2,92;2,92;13;100,0;SVI;186;Common;Item;https://limitlesstcg.nyc3.cdn.digitaloceanspaces.com/tpci/SVI/SVI_186_R_EN_LG.png;No;Meta Play!
Crustle;Buddy-Buddy Poffin;ASC 184;25;2;13;1,92;1,92;13;100,0;ASC;184;Common;Item;https://limitlesstcg.nyc3.cdn.digitaloceanspaces.com/tpci/ASC/ASC_184_R_EN_LG.png;No;Meta Play!
Crustle;Ultra Ball;MEG 131;13;1;13;1,0;1,0;13;100,0;MEG;131;Common;Item;https://limitlesstcg.nyc3.cdn.digitaloceanspaces.com/tpci/MEG/MEG_131_R_EN_LG.png;No;Meta Play!
Crustle;Switch;MEG 130;13;1;13;1,0;1,0;13;100,0;MEG;130;Common;Item;https://limitlesstcg.nyc3.cdn.digitaloceanspaces.com/tpci/MEG/MEG_130_R_EN_LG.png;No;Meta Play!
Crustle;Hero's Cape;TEF 152;13;1;13;1,0;1,0;13;100,0;TEF;152;Ultra Rare;Tool;https://limitlesstcg.nyc3.cdn.digitaloceanspaces.com/tpci/TEF/TEF_152_R_EN_LG.png;Yes;Meta Play!
Crustle;Handheld Fan;TWM 150;6;1;6;1,0;0,46;13;46,15;TWM;150;Uncommon;Tool;https://limitlesstcg.nyc3.cdn.digitaloceanspaces.com/tpci/TWM/TWM_150_R_EN_LG.png;No;Meta Play!
Crustle;Lumiose City;POR 77;14;2;13;1,08;1,08;13;100,0;POR;77;Uncommon;Stadium;https://limitlesstcg.nyc3.cdn.digitaloceanspaces.com/tpci/POR/POR_077_R_EN_LG.png;No;Meta Play!
Crustle;Prism Tower;CRI 80;9;1;9;1,0;0,69;13;69,23;CRI;80;Uncommon;Stadium;https://limitlesstcg.nyc3.cdn.digitaloceanspaces.com/tpci/CRI/CRI_080_R_EN_LG.png;No;Meta Play!
Crustle;Team Rocket's Factory;ASC 203;10;1;10;1,0;0,77;13;76,92;ASC;203;Uncommon;Stadium;https://limitlesstcg.nyc3.cdn.digitaloceanspaces.com/tpci/ASC/ASC_203_R_EN_LG.png;No;Meta Play!
Crustle;Growing Grass Energy;POR 86;52;4;13;4,0;4,0;13;100,0;POR;86;Rare;Special Energy;https://limitlesstcg.nyc3.cdn.digitaloceanspaces.com/tpci/POR/POR_086_R_EN_LG.png;No;Meta Play!
Crustle;Mist Energy;TEF 161;52;4;13;4,0;4,0;13;100,0;TEF;161;Uncommon;Special Energy;https://limitlesstcg.nyc3.cdn.digitaloceanspaces.com/tpci/TEF/TEF_161_R_EN_LG.png;No;Meta Play!
Crustle;Spiky Energy;JTG 159;52;4;13;4,0;4,0;13;100,0;JTG;159;Uncommon;Special Energy;https://limitlesstcg.nyc3.cdn.digitaloceanspaces.com/tpci/JTG/JTG_159_R_EN_LG.png;No;Meta Play!
Crustle;Grass Energy;MEE 1;12;1;12;1,0;0,92;13;92,31;MEE;1;;Basic Energy;https://limitlesstcg.nyc3.cdn.digitaloceanspaces.com/tpci/MEE/MEE_001_R_EN_LG.png;No;Meta Play!
Crustle;Festival Grounds;TWM 149;6;1;6;1,0;0,46;13;46,15;TWM;149;Uncommon;Stadium;https://limitlesstcg.nyc3.cdn.digitaloceanspaces.com/tpci/TWM/TWM_149_R_EN_LG.png;No;Meta Play!
Crustle;Air Balloon;ASC 181;6;1;6;1,0;0,46;13;46,15;ASC;181;Uncommon;Tool;https://limitlesstcg.nyc3.cdn.digitaloceanspaces.com/tpci/ASC/ASC_181_R_EN_LG.png;No;Meta Play!
Crustle;Payapa Berry;SCR 141;1;1;1;1,0;0,08;13;7,69;SCR;141;Uncommon;Tool;https://limitlesstcg.nyc3.cdn.digitaloceanspaces.com/tpci/SCR/SCR_141_R_EN_LG.png;;Meta Play!
Crustle;Ruffian;JTG 157;1;1;1;1,0;0,08;13;7,69;JTG;157;Uncommon;Supporter;https://limitlesstcg.nyc3.cdn.digitaloceanspaces.com/tpci/JTG/JTG_157_R_EN_LG.png;No;Meta Play!
Crustle;Special Red Card;CRI 82;4;1;4;1,0;0,31;13;30,77;CRI;82;Uncommon;Item;https://limitlesstcg.nyc3.cdn.digitaloceanspaces.com/tpci/CRI/CRI_082_R_EN_LG.png;No;Meta Play!
Crustle;Cornerstone Mask Ogerpon ex;TWM 112;1;1;1;1,0;0,08;13;7,69;TWM;112;Double Rare;Basic;https://limitlesstcg.nyc3.cdn.digitaloceanspaces.com/tpci/TWM/TWM_112_R_EN_LG.png;No;Meta Play!
Crustle;Enhanced Hammer;TWM 148;3;1;3;1,0;0,23;13;23,08;TWM;148;Uncommon;Item;https://limitlesstcg.nyc3.cdn.digitaloceanspaces.com/tpci/TWM/TWM_148_R_EN_LG.png;No;Meta Play!
Crustle;Rocky Fighting Energy;POR 87;1;1;1;1,0;0,08;13;7,69;POR;87;Rare;Special Energy;https://limitlesstcg.nyc3.cdn.digitaloceanspaces.com/tpci/POR/POR_087_R_EN_LG.png;No;Meta Play!
Crustle;Psyduck;ASC 39;1;1;1;1,0;0,08;13;7,69;ASC;39;Common;Basic;https://limitlesstcg.nyc3.cdn.digitaloceanspaces.com/tpci/ASC/ASC_039_R_EN_LG.png;No;Meta Play!
Crustle;Counter Gain;ASC 186;1;1;1;1,0;0,08;13;7,69;ASC;186;Common;Tool;https://limitlesstcg.nyc3.cdn.digitaloceanspaces.com/tpci/ASC/ASC_186_R_EN_LG.png;No;Meta Play!
Crustle;Gravity Gemstone;SCR 137;1;1;1;1,0;0,08;13;7,69;SCR;137;Uncommon;Tool;https://limitlesstcg.nyc3.cdn.digitaloceanspaces.com/tpci/SCR/SCR_137_R_EN_LG.png;No;Meta Play!
Mega Excadrill;Beldum;TEF 113;88;4;22;4,0;4,0;22;100,0;TEF;113;Common;Basic;https://limitlesstcg.nyc3.cdn.digitaloceanspaces.com/tpci/TEF/TEF_113_R_EN_LG.png;No;Meta Play!
Mega Excadrill;Metang;TEF 114;88;4;22;4,0;4,0;22;100,0;TEF;114;Common;Stage 1;https://limitlesstcg.nyc3.cdn.digitaloceanspaces.com/tpci/TEF/TEF_114_R_EN_LG.png;No;Meta Play!
Mega Excadrill;Metagross;CRI 61;28;2;22;1,27;1,27;22;100,0;CRI;61;Uncommon;Stage 2;https://limitlesstcg.nyc3.cdn.digitaloceanspaces.com/tpci/CRI/CRI_061_R_EN_LG.png;No;Meta Play!
Mega Excadrill;Drilbur;PBL 46;72;4;22;3,27;3,27;22;100,0;PBL;46;Common;Basic;https://limitlesstcg.nyc3.cdn.digitaloceanspaces.com/tpci/PBL/PBL_046_R_EN_LG.png;No;Meta Play!
Mega Excadrill;Mega Excadrill ex;PBL 65;44;2;22;2,0;2,0;22;100,0;PBL;65;Double Rare;Stage 1;https://limitlesstcg.nyc3.cdn.digitaloceanspaces.com/tpci/PBL/PBL_065_R_EN_LG.png;No;Meta Play!
Mega Excadrill;Genesect ex;BLK 67;44;2;22;2,0;2,0;22;100,0;BLK;67;Double Rare;Basic;https://limitlesstcg.nyc3.cdn.digitaloceanspaces.com/tpci/BLK/BLK_067_R_EN_LG.png;No;Meta Play!
Mega Excadrill;Fezandipiti ex;ASC 142;16;1;16;1,0;0,73;22;72,73;ASC;142;Double Rare;Basic;https://limitlesstcg.nyc3.cdn.digitaloceanspaces.com/tpci/ASC/ASC_142_R_EN_LG.png;No;Meta Play!
Mega Excadrill;Mega Skarmory ex;POR 55;20;1;20;1,0;0,91;22;90,91;POR;55;Double Rare;Basic;https://limitlesstcg.nyc3.cdn.digitaloceanspaces.com/tpci/POR/POR_055_R_EN_LG.png;No;Meta Play!
Mega Excadrill;Team Rocket's Petrel;ASC 207;88;4;22;4,0;4,0;22;100,0;ASC;207;Uncommon;Supporter;https://limitlesstcg.nyc3.cdn.digitaloceanspaces.com/tpci/ASC/ASC_207_R_EN_LG.png;No;Meta Play!
Mega Excadrill;Brock's Scouting;JTG 146;67;4;20;3,35;3,05;22;90,91;JTG;146;Uncommon;Supporter;https://limitlesstcg.nyc3.cdn.digitaloceanspaces.com/tpci/JTG/JTG_146_R_EN_LG.png;No;Meta Play!
Mega Excadrill;Judge;POR 76;6;2;5;1,2;0,27;22;22,73;POR;76;Uncommon;Supporter;https://limitlesstcg.nyc3.cdn.digitaloceanspaces.com/tpci/POR/POR_076_R_EN_LG.png;No;Meta Play!
Mega Excadrill;Lillie's Determination;MEG 119;19;4;8;2,38;0,86;22;36,36;MEG;119;Uncommon;Supporter;https://limitlesstcg.nyc3.cdn.digitaloceanspaces.com/tpci/MEG/MEG_119_R_EN_LG.png;No;Meta Play!
Mega Excadrill;Kieran;TWM 154;18;2;17;1,06;0,82;22;77,27;TWM;154;Uncommon;Supporter;https://limitlesstcg.nyc3.cdn.digitaloceanspaces.com/tpci/TWM/TWM_154_R_EN_LG.png;No;Meta Play!
Mega Excadrill;Buddy-Buddy Poffin;ASC 184;81;4;22;3,68;3,68;22;100,0;ASC;184;Common;Item;https://limitlesstcg.nyc3.cdn.digitaloceanspaces.com/tpci/ASC/ASC_184_R_EN_LG.png;No;Meta Play!
Mega Excadrill;Jumbo Ice Cream;PFL 91;41;4;22;1,86;1,86;22;100,0;PFL;91;Uncommon;Item;https://limitlesstcg.nyc3.cdn.digitaloceanspaces.com/tpci/PFL/PFL_091_R_EN_LG.png;No;Meta Play!
Mega Excadrill;Ultra Ball;MEG 131;6;1;6;1,0;0,27;22;27,27;MEG;131;Common;Item;https://limitlesstcg.nyc3.cdn.digitaloceanspaces.com/tpci/MEG/MEG_131_R_EN_LG.png;No;Meta Play!
Mega Excadrill;Special Red Card;CRI 82;9;1;9;1,0;0,41;22;40,91;CRI;82;Uncommon;Item;https://limitlesstcg.nyc3.cdn.digitaloceanspaces.com/tpci/CRI/CRI_082_R_EN_LG.png;No;Meta Play!
Mega Excadrill;Switch;MEG 130;20;1;20;1,0;0,91;22;90,91;MEG;130;Common;Item;https://limitlesstcg.nyc3.cdn.digitaloceanspaces.com/tpci/MEG/MEG_130_R_EN_LG.png;No;Meta Play!
Mega Excadrill;Energy Recycler;DRI 164;15;1;15;1,0;0,68;22;68,18;DRI;164;Uncommon;Item;https://limitlesstcg.nyc3.cdn.digitaloceanspaces.com/tpci/DRI/DRI_164_R_EN_LG.png;No;Meta Play!
Mega Excadrill;Hero's Cape;TEF 152;17;1;17;1,0;0,77;22;77,27;TEF;152;Ultra Rare;Tool;https://limitlesstcg.nyc3.cdn.digitaloceanspaces.com/tpci/TEF/TEF_152_R_EN_LG.png;Yes;Meta Play!
Mega Excadrill;Lumiose City;POR 77;2;2;1;2,0;0,09;22;4,55;POR;77;Uncommon;Stadium;https://limitlesstcg.nyc3.cdn.digitaloceanspaces.com/tpci/POR/POR_077_R_EN_LG.png;No;Meta Play!
Mega Excadrill;Metal Energy;MEE 8;359;18;22;16,32;16,32;22;100,0;MEE;8;;Basic Energy;https://limitlesstcg.nyc3.cdn.digitaloceanspaces.com/tpci/MEE/MEE_008_R_EN_LG.png;No;Meta Play!
Mega Excadrill;Piplup;PFL 27;22;2;11;2,0;1,0;22;50,0;PFL;27;Common;Basic;https://limitlesstcg.nyc3.cdn.digitaloceanspaces.com/tpci/PFL/PFL_027_R_EN_LG.png;No;Meta Play!
Mega Excadrill;Empoleon ex;PFL 70;11;1;11;1,0;0,5;22;50,0;PFL;70;Double Rare;Stage 2;https://limitlesstcg.nyc3.cdn.digitaloceanspaces.com/tpci/PFL/PFL_070_R_EN_LG.png;No;Meta Play!
Mega Excadrill;Rare Candy;MEG 125;11;1;11;1,0;0,5;22;50,0;MEG;125;Common;Item;https://limitlesstcg.nyc3.cdn.digitaloceanspaces.com/tpci/MEG/MEG_125_R_EN_LG.png;No;Meta Play!
Mega Excadrill;Boss's Orders;MEG 114;26;3;18;1,44;1,18;22;81,82;MEG;114;Uncommon;Supporter;https://limitlesstcg.nyc3.cdn.digitaloceanspaces.com/tpci/MEG/MEG_114_R_EN_LG.png;No;Meta Play!
Mega Excadrill;Black Belt's Training;JTG 143;1;1;1;1,0;0,05;22;4,55;JTG;143;Common;Supporter;https://limitlesstcg.nyc3.cdn.digitaloceanspaces.com/tpci/JTG/JTG_143_R_EN_LG.png;No;Meta Play!
Mega Excadrill;Pokégear 3.0;SVI 186;48;4;16;3,0;2,18;22;72,73;SVI;186;Common;Item;https://limitlesstcg.nyc3.cdn.digitaloceanspaces.com/tpci/SVI/SVI_186_R_EN_LG.png;No;Meta Play!
Mega Excadrill;Super Potion;JTG 158;1;1;1;1,0;0,05;22;4,55;JTG;158;Uncommon;Item;https://limitlesstcg.nyc3.cdn.digitaloceanspaces.com/tpci/JTG/JTG_158_R_EN_LG.png;No;Meta Play!
Mega Excadrill;Gravity Mountain;SSP 177;6;1;6;1,0;0,27;22;27,27;SSP;177;Uncommon;Stadium;https://limitlesstcg.nyc3.cdn.digitaloceanspaces.com/tpci/SSP/SSP_177_R_EN_LG.png;No;Meta Play!
Mega Excadrill;Shaymin;DRI 10;8;1;8;1,0;0,36;22;36,36;DRI;10;Uncommon;Basic;https://limitlesstcg.nyc3.cdn.digitaloceanspaces.com/tpci/DRI/DRI_010_R_EN_LG.png;No;Meta Play!
Mega Excadrill;Precious Trolley;SSP 185;3;1;3;1,0;0,14;22;13,64;SSP;185;Ultra Rare;Item;https://limitlesstcg.nyc3.cdn.digitaloceanspaces.com/tpci/SSP/SSP_185_R_EN_LG.png;Yes;Meta Play!
Mega Excadrill;Team Rocket's Kangaskhan ex;ASC 162;2;1;2;1,0;0,09;22;9,09;ASC;162;Double Rare;Basic;https://limitlesstcg.nyc3.cdn.digitaloceanspaces.com/tpci/ASC/ASC_162_R_EN_LG.png;No;Meta Play!
Mega Excadrill;Team Rocket's Articuno;DRI 51;2;1;2;1,0;0,09;22;9,09;DRI;51;Rare;Basic;https://limitlesstcg.nyc3.cdn.digitaloceanspaces.com/tpci/DRI/DRI_051_R_EN_LG.png;No;Meta Play!
Mega Excadrill;Secret Box;TWM 163;2;1;2;1,0;0,09;22;9,09;TWM;163;Ultra Rare;Item;https://limitlesstcg.nyc3.cdn.digitaloceanspaces.com/tpci/TWM/TWM_163_R_EN_LG.png;Yes;Meta Play!
Mega Excadrill;Brave Bangle;WHT 80;1;1;1;1,0;0,05;22;4,55;WHT;80;Uncommon;Tool;https://limitlesstcg.nyc3.cdn.digitaloceanspaces.com/tpci/WHT/WHT_080_R_EN_LG.png;No;Meta Play!
Mega Excadrill;Team Rocket's Watchtower;ASC 210;4;2;3;1,33;0,18;22;13,64;ASC;210;Uncommon;Stadium;https://limitlesstcg.nyc3.cdn.digitaloceanspaces.com/tpci/ASC/ASC_210_R_EN_LG.png;No;Meta Play!
Mega Excadrill;Community Center;TWM 146;1;1;1;1,0;0,05;22;4,55;TWM;146;Uncommon;Stadium;https://limitlesstcg.nyc3.cdn.digitaloceanspaces.com/tpci/TWM/TWM_146_R_EN_LG.png;No;Meta Play!
Mega Excadrill;Team Rocket's Transceiver;ASC 209;12;4;5;2,4;0,55;22;22,73;ASC;209;Uncommon;Item;https://limitlesstcg.nyc3.cdn.digitaloceanspaces.com/tpci/ASC/ASC_209_R_EN_LG.png;No;Meta Play!
Mega Excadrill;Xerosic's Machinations;SFA 64;2;1;2;1,0;0,09;22;9,09;SFA;64;Uncommon;Supporter;https://limitlesstcg.nyc3.cdn.digitaloceanspaces.com/tpci/SFA/SFA_064_R_EN_LG.png;No;Meta Play!
Mega Excadrill;Tool Scrapper;ASC 212;3;1;3;1,0;0,14;22;13,64;ASC;212;Common;Item;https://limitlesstcg.nyc3.cdn.digitaloceanspaces.com/tpci/ASC/ASC_212_R_EN_LG.png;No;Meta Play!
Mega Excadrill;Team Rocket's Factory;ASC 203;1;1;1;1,0;0,05;22;4,55;ASC;203;Uncommon;Stadium;https://limitlesstcg.nyc3.cdn.digitaloceanspaces.com/tpci/ASC/ASC_203_R_EN_LG.png;No;Meta Play!
Mega Excadrill;AZ's Tranquility;CRI 76;2;2;1;2,0;0,09;22;4,55;CRI;76;Uncommon;Supporter;https://limitlesstcg.nyc3.cdn.digitaloceanspaces.com/tpci/CRI/CRI_076_R_EN_LG.png;No;Meta Play!
Mega Excadrill;Iron Defender;MEG 118;1;1;1;1,0;0,05;22;4,55;MEG;118;Uncommon;Item;https://limitlesstcg.nyc3.cdn.digitaloceanspaces.com/tpci/MEG/MEG_118_R_EN_LG.png;No;Meta Play!
Mega Excadrill;Air Balloon;ASC 181;1;1;1;1,0;0,05;22;4,55;ASC;181;Uncommon;Tool;https://limitlesstcg.nyc3.cdn.digitaloceanspaces.com/tpci/ASC/ASC_181_R_EN_LG.png;No;Meta Play!
Mega Excadrill;Jamming Tower;TWM 153;1;1;1;1,0;0,05;22;4,55;TWM;153;Uncommon;Stadium;https://limitlesstcg.nyc3.cdn.digitaloceanspaces.com/tpci/TWM/TWM_153_R_EN_LG.png;No;Meta Play!
Ethan's Typhlosion;Ethan's Cyndaquil;DRI 32;4;4;1;4,0;4,0;1;100,0;DRI;32;Common;Basic;https://limitlesstcg.nyc3.cdn.digitaloceanspaces.com/tpci/DRI/DRI_032_R_EN_LG.png;No;Meta Play!
Ethan's Typhlosion;Ethan's Quilava;DRI 33;4;4;1;4,0;4,0;1;100,0;DRI;33;Common;Stage 1;https://limitlesstcg.nyc3.cdn.digitaloceanspaces.com/tpci/DRI/DRI_033_R_EN_LG.png;No;Meta Play!
Ethan's Typhlosion;Ethan's Typhlosion;DRI 34;3;3;1;3,0;3,0;1;100,0;DRI;34;Rare;Stage 2;https://limitlesstcg.nyc3.cdn.digitaloceanspaces.com/tpci/DRI/DRI_034_R_EN_LG.png;No;Meta Play!
Ethan's Typhlosion;Dreepy;ASC 158;2;2;1;2,0;2,0;1;100,0;ASC;158;Common;Basic;https://limitlesstcg.nyc3.cdn.digitaloceanspaces.com/tpci/ASC/ASC_158_R_EN_LG.png;No;Meta Play!
Ethan's Typhlosion;Drakloak;ASC 159;2;2;1;2,0;2,0;1;100,0;ASC;159;Common;Stage 1;https://limitlesstcg.nyc3.cdn.digitaloceanspaces.com/tpci/ASC/ASC_159_R_EN_LG.png;No;Meta Play!
Ethan's Typhlosion;Victini;SSP 21;2;2;1;2,0;2,0;1;100,0;SSP;21;Uncommon;Basic;https://limitlesstcg.nyc3.cdn.digitaloceanspaces.com/tpci/SSP/SSP_021_R_EN_LG.png;No;Meta Play!
Ethan's Typhlosion;Budew;ASC 16;1;1;1;1,0;1,0;1;100,0;ASC;16;Common;Basic;https://limitlesstcg.nyc3.cdn.digitaloceanspaces.com/tpci/ASC/ASC_016_R_EN_LG.png;No;Meta Play!
Ethan's Typhlosion;Shaymin;DRI 10;1;1;1;1,0;1,0;1;100,0;DRI;10;Uncommon;Basic;https://limitlesstcg.nyc3.cdn.digitaloceanspaces.com/tpci/DRI/DRI_010_R_EN_LG.png;No;Meta Play!
Ethan's Typhlosion;Fezandipiti ex;ASC 142;1;1;1;1,0;1,0;1;100,0;ASC;142;Double Rare;Basic;https://limitlesstcg.nyc3.cdn.digitaloceanspaces.com/tpci/ASC/ASC_142_R_EN_LG.png;No;Meta Play!
Ethan's Typhlosion;Ethan's Adventure;DRI 165;4;4;1;4,0;4,0;1;100,0;DRI;165;Uncommon;Supporter;https://limitlesstcg.nyc3.cdn.digitaloceanspaces.com/tpci/DRI/DRI_165_R_EN_LG.png;No;Meta Play!
Ethan's Typhlosion;Lillie's Determination;MEG 119;2;2;1;2,0;2,0;1;100,0;MEG;119;Uncommon;Supporter;https://limitlesstcg.nyc3.cdn.digitaloceanspaces.com/tpci/MEG/MEG_119_R_EN_LG.png;No;Meta Play!
Ethan's Typhlosion;Boss's Orders;MEG 114;2;2;1;2,0;2,0;1;100,0;MEG;114;Uncommon;Supporter;https://limitlesstcg.nyc3.cdn.digitaloceanspaces.com/tpci/MEG/MEG_114_R_EN_LG.png;No;Meta Play!
Ethan's Typhlosion;Lana's Aid;TWM 155;1;1;1;1,0;1,0;1;100,0;TWM;155;Uncommon;Supporter;https://limitlesstcg.nyc3.cdn.digitaloceanspaces.com/tpci/TWM/TWM_155_R_EN_LG.png;No;Meta Play!
Ethan's Typhlosion;Kieran;TWM 154;1;1;1;1,0;1,0;1;100,0;TWM;154;Uncommon;Supporter;https://limitlesstcg.nyc3.cdn.digitaloceanspaces.com/tpci/TWM/TWM_154_R_EN_LG.png;No;Meta Play!
Ethan's Typhlosion;Poké Pad;POR 81;4;4;1;4,0;4,0;1;100,0;POR;81;Uncommon;Item;https://limitlesstcg.nyc3.cdn.digitaloceanspaces.com/tpci/POR/POR_081_R_EN_LG.png;No;Meta Play!
Ethan's Typhlosion;Ultra Ball;MEG 131;4;4;1;4,0;4,0;1;100,0;MEG;131;Common;Item;https://limitlesstcg.nyc3.cdn.digitaloceanspaces.com/tpci/MEG/MEG_131_R_EN_LG.png;No;Meta Play!
Ethan's Typhlosion;Buddy-Buddy Poffin;ASC 184;3;3;1;3,0;3,0;1;100,0;ASC;184;Common;Item;https://limitlesstcg.nyc3.cdn.digitaloceanspaces.com/tpci/ASC/ASC_184_R_EN_LG.png;No;Meta Play!
Ethan's Typhlosion;Rare Candy;MEG 125;3;3;1;3,0;3,0;1;100,0;MEG;125;Common;Item;https://limitlesstcg.nyc3.cdn.digitaloceanspaces.com/tpci/MEG/MEG_125_R_EN_LG.png;No;Meta Play!
Ethan's Typhlosion;Night Stretcher;ASC 196;2;2;1;2,0;2,0;1;100,0;ASC;196;Common;Item;https://limitlesstcg.nyc3.cdn.digitaloceanspaces.com/tpci/ASC/ASC_196_R_EN_LG.png;No;Meta Play!
Ethan's Typhlosion;Redeemable Ticket;JTG 156;1;1;1;1,0;1,0;1;100,0;JTG;156;Uncommon;Item;https://limitlesstcg.nyc3.cdn.digitaloceanspaces.com/tpci/JTG/JTG_156_R_EN_LG.png;No;Meta Play!
Ethan's Typhlosion;Special Red Card;CRI 82;1;1;1;1,0;1,0;1;100,0;CRI;82;Uncommon;Item;https://limitlesstcg.nyc3.cdn.digitaloceanspaces.com/tpci/CRI/CRI_082_R_EN_LG.png;No;Meta Play!
Ethan's Typhlosion;Secret Box;TWM 163;1;1;1;1,0;1,0;1;100,0;TWM;163;Ultra Rare;Item;https://limitlesstcg.nyc3.cdn.digitaloceanspaces.com/tpci/TWM/TWM_163_R_EN_LG.png;Yes;Meta Play!
Ethan's Typhlosion;Sacred Ash;DRI 168;1;1;1;1,0;1,0;1;100,0;DRI;168;Uncommon;Item;https://limitlesstcg.nyc3.cdn.digitaloceanspaces.com/tpci/DRI/DRI_168_R_EN_LG.png;No;Meta Play!
Ethan's Typhlosion;Brave Bangle;WHT 80;2;2;1;2,0;2,0;1;100,0;WHT;80;Uncommon;Tool;https://limitlesstcg.nyc3.cdn.digitaloceanspaces.com/tpci/WHT/WHT_080_R_EN_LG.png;No;Meta Play!
Ethan's Typhlosion;Battle Cage;PFL 85;2;2;1;2,0;2,0;1;100,0;PFL;85;Uncommon;Stadium;https://limitlesstcg.nyc3.cdn.digitaloceanspaces.com/tpci/PFL/PFL_085_R_EN_LG.png;No;Meta Play!
Ethan's Typhlosion;Team Rocket's Watchtower;ASC 210;1;1;1;1,0;1,0;1;100,0;ASC;210;Uncommon;Stadium;https://limitlesstcg.nyc3.cdn.digitaloceanspaces.com/tpci/ASC/ASC_210_R_EN_LG.png;No;Meta Play!
Ethan's Typhlosion;Fire Energy;MEE 2;5;5;1;5,0;5,0;1;100,0;MEE;2;;Basic Energy;https://limitlesstcg.nyc3.cdn.digitaloceanspaces.com/tpci/MEE/MEE_002_R_EN_LG.png;No;Meta Play!
Toxtricity Box;Toxel;PFL 67;4;4;1;4,0;4,0;1;100,0;PFL;67;Common;Basic;https://limitlesstcg.nyc3.cdn.digitaloceanspaces.com/tpci/PFL/PFL_067_R_EN_LG.png;No;Meta Play!
Toxtricity Box;Toxtricity;PFL 68;3;3;1;3,0;3,0;1;100,0;PFL;68;Rare;Stage 1;https://limitlesstcg.nyc3.cdn.digitaloceanspaces.com/tpci/PFL/PFL_068_R_EN_LG.png;No;Meta Play!
Toxtricity Box;Munkidori;ASC 99;3;3;1;3,0;3,0;1;100,0;ASC;99;Rare;Basic;https://limitlesstcg.nyc3.cdn.digitaloceanspaces.com/tpci/ASC/ASC_099_R_EN_LG.png;No;Meta Play!
Toxtricity Box;Brute Bonnet;TWM 118;2;2;1;2,0;2,0;1;100,0;TWM;118;Uncommon;Basic;https://limitlesstcg.nyc3.cdn.digitaloceanspaces.com/tpci/TWM/TWM_118_R_EN_LG.png;No;Meta Play!
Toxtricity Box;Pecharunt ex;SFA 39;1;1;1;1,0;1,0;1;100,0;SFA;39;Double Rare;Basic;https://limitlesstcg.nyc3.cdn.digitaloceanspaces.com/tpci/SFA/SFA_039_R_EN_LG.png;No;Meta Play!
Toxtricity Box;Pecharunt;SVP 129;1;1;1;1,0;1,0;1;100,0;SVP;129;Promo;Basic;https://limitlesstcg.nyc3.cdn.digitaloceanspaces.com/tpci/SVP/SVP_129_R_EN_LG.png;No;Meta Play!
Toxtricity Box;Fezandipiti ex;ASC 142;1;1;1;1,0;1,0;1;100,0;ASC;142;Double Rare;Basic;https://limitlesstcg.nyc3.cdn.digitaloceanspaces.com/tpci/ASC/ASC_142_R_EN_LG.png;No;Meta Play!
Toxtricity Box;Chi-Yu;PBL 59;1;1;1;1,0;1,0;1;100,0;PBL;59;Rare;Basic;https://limitlesstcg.nyc3.cdn.digitaloceanspaces.com/tpci/PBL/PBL_059_R_EN_LG.png;No;Meta Play!
Toxtricity Box;Tatsugiri;TWM 131;1;1;1;1,0;1,0;1;100,0;TWM;131;Uncommon;Basic;https://limitlesstcg.nyc3.cdn.digitaloceanspaces.com/tpci/TWM/TWM_131_R_EN_LG.png;No;Meta Play!
Toxtricity Box;Shaymin;DRI 10;1;1;1;1,0;1,0;1;100,0;DRI;10;Uncommon;Basic;https://limitlesstcg.nyc3.cdn.digitaloceanspaces.com/tpci/DRI/DRI_010_R_EN_LG.png;No;Meta Play!
Toxtricity Box;Mega Absol ex;MEG 86;1;1;1;1,0;1,0;1;100,0;MEG;86;Double Rare;Basic;https://limitlesstcg.nyc3.cdn.digitaloceanspaces.com/tpci/MEG/MEG_086_R_EN_LG.png;No;Meta Play!
Toxtricity Box;Lillie's Determination;MEG 119;4;4;1;4,0;4,0;1;100,0;MEG;119;Uncommon;Supporter;https://limitlesstcg.nyc3.cdn.digitaloceanspaces.com/tpci/MEG/MEG_119_R_EN_LG.png;No;Meta Play!
Toxtricity Box;Team Rocket's Petrel;ASC 207;4;4;1;4,0;4,0;1;100,0;ASC;207;Uncommon;Supporter;https://limitlesstcg.nyc3.cdn.digitaloceanspaces.com/tpci/ASC/ASC_207_R_EN_LG.png;No;Meta Play!
Toxtricity Box;Boss's Orders;MEG 114;3;3;1;3,0;3,0;1;100,0;MEG;114;Uncommon;Supporter;https://limitlesstcg.nyc3.cdn.digitaloceanspaces.com/tpci/MEG/MEG_114_R_EN_LG.png;No;Meta Play!
Toxtricity Box;Judge;POR 76;1;1;1;1,0;1,0;1;100,0;POR;76;Uncommon;Supporter;https://limitlesstcg.nyc3.cdn.digitaloceanspaces.com/tpci/POR/POR_076_R_EN_LG.png;No;Meta Play!
Toxtricity Box;Poké Pad;POR 81;4;4;1;4,0;4,0;1;100,0;POR;81;Uncommon;Item;https://limitlesstcg.nyc3.cdn.digitaloceanspaces.com/tpci/POR/POR_081_R_EN_LG.png;No;Meta Play!
Toxtricity Box;Night Stretcher;ASC 196;3;3;1;3,0;3,0;1;100,0;ASC;196;Common;Item;https://limitlesstcg.nyc3.cdn.digitaloceanspaces.com/tpci/ASC/ASC_196_R_EN_LG.png;No;Meta Play!
Toxtricity Box;Ultra Ball;MEG 131;2;2;1;2,0;2,0;1;100,0;MEG;131;Common;Item;https://limitlesstcg.nyc3.cdn.digitaloceanspaces.com/tpci/MEG/MEG_131_R_EN_LG.png;No;Meta Play!
Toxtricity Box;Energy Switch;MEG 115;2;2;1;2,0;2,0;1;100,0;MEG;115;Common;Item;https://limitlesstcg.nyc3.cdn.digitaloceanspaces.com/tpci/MEG/MEG_115_R_EN_LG.png;No;Meta Play!
Toxtricity Box;Energy Recycler;DRI 164;2;2;1;2,0;2,0;1;100,0;DRI;164;Uncommon;Item;https://limitlesstcg.nyc3.cdn.digitaloceanspaces.com/tpci/DRI/DRI_164_R_EN_LG.png;No;Meta Play!
Toxtricity Box;Secret Box;TWM 163;1;1;1;1,0;1,0;1;100,0;TWM;163;Ultra Rare;Item;https://limitlesstcg.nyc3.cdn.digitaloceanspaces.com/tpci/TWM/TWM_163_R_EN_LG.png;Yes;Meta Play!
Toxtricity Box;Buddy-Buddy Poffin;ASC 184;1;1;1;1,0;1,0;1;100,0;ASC;184;Common;Item;https://limitlesstcg.nyc3.cdn.digitaloceanspaces.com/tpci/ASC/ASC_184_R_EN_LG.png;No;Meta Play!
Toxtricity Box;Special Red Card;CRI 82;1;1;1;1,0;1,0;1;100,0;CRI;82;Uncommon;Item;https://limitlesstcg.nyc3.cdn.digitaloceanspaces.com/tpci/CRI/CRI_082_R_EN_LG.png;No;Meta Play!
Toxtricity Box;Air Balloon;ASC 181;2;2;1;2,0;2,0;1;100,0;ASC;181;Uncommon;Tool;https://limitlesstcg.nyc3.cdn.digitaloceanspaces.com/tpci/ASC/ASC_181_R_EN_LG.png;No;Meta Play!
Toxtricity Box;Team Rocket's Watchtower;ASC 210;2;2;1;2,0;2,0;1;100,0;ASC;210;Uncommon;Stadium;https://limitlesstcg.nyc3.cdn.digitaloceanspaces.com/tpci/ASC/ASC_210_R_EN_LG.png;No;Meta Play!
Toxtricity Box;Darkness Energy;MEE 7;9;9;1;9,0;9,0;1;100,0;MEE;7;;Basic Energy;https://limitlesstcg.nyc3.cdn.digitaloceanspaces.com/tpci/MEE/MEE_007_R_EN_LG.png;No;Meta Play!
Basic Box M;Mega Kangaskhan ex;MEG 104;145;4;39;3,72;3,72;39;100,0;MEG;104;Double Rare;Basic;https://limitlesstcg.nyc3.cdn.digitaloceanspaces.com/tpci/MEG/MEG_104_R_EN_LG.png;No;Meta Play!
Basic Box M;Meowth ex;POR 62;112;3;39;2,87;2,87;39;100,0;POR;62;Double Rare;Basic;https://limitlesstcg.nyc3.cdn.digitaloceanspaces.com/tpci/POR/POR_062_R_EN_LG.png;No;Meta Play!
Basic Box M;Teal Mask Ogerpon ex;TWM 25;85;4;39;2,18;2,18;39;100,0;TWM;25;Double Rare;Basic;https://limitlesstcg.nyc3.cdn.digitaloceanspaces.com/tpci/TWM/TWM_025_R_EN_LG.png;No;Meta Play!
Basic Box M;Latias ex;SSP 76;77;2;39;1,97;1,97;39;100,0;SSP;76;Double Rare;Basic;https://limitlesstcg.nyc3.cdn.digitaloceanspaces.com/tpci/SSP/SSP_076_R_EN_LG.png;No;Meta Play!
Basic Box M;Lillie's Clefairy ex;ASC 76;76;2;39;1,95;1,95;39;100,0;ASC;76;Double Rare;Basic;https://limitlesstcg.nyc3.cdn.digitaloceanspaces.com/tpci/ASC/ASC_076_R_EN_LG.png;No;Meta Play!
Basic Box M;Fezandipiti ex;ASC 142;39;1;39;1,0;1,0;39;100,0;ASC;142;Double Rare;Basic;https://limitlesstcg.nyc3.cdn.digitaloceanspaces.com/tpci/ASC/ASC_142_R_EN_LG.png;No;Meta Play!
Basic Box M;Chien-Pao;SSP 56;39;1;39;1,0;1,0;39;100,0;SSP;56;Rare;Basic;https://limitlesstcg.nyc3.cdn.digitaloceanspaces.com/tpci/SSP/SSP_056_R_EN_LG.png;No;Meta Play!
Basic Box M;Raging Bolt ex;TEF 123;32;1;32;1,0;0,82;39;82,05;TEF;123;Double Rare;Basic;https://limitlesstcg.nyc3.cdn.digitaloceanspaces.com/tpci/TEF/TEF_123_R_EN_LG.png;No;Meta Play!
Basic Box M;Iron Leaves ex;TEF 25;39;1;39;1,0;1,0;39;100,0;TEF;25;Double Rare;Basic;https://limitlesstcg.nyc3.cdn.digitaloceanspaces.com/tpci/TEF/TEF_025_R_EN_LG.png;No;Meta Play!
Basic Box M;Maractus;JTG 8;1;1;1;1,0;0,03;39;2,56;JTG;8;Uncommon;Basic;https://limitlesstcg.nyc3.cdn.digitaloceanspaces.com/tpci/JTG/JTG_008_R_EN_LG.png;No;Meta Play!
Basic Box M;Wellspring Mask Ogerpon ex;TWM 64;40;2;39;1,03;1,03;39;100,0;TWM;64;Double Rare;Basic;https://limitlesstcg.nyc3.cdn.digitaloceanspaces.com/tpci/TWM/TWM_064_R_EN_LG.png;No;Meta Play!
Basic Box M;Crispin;SCR 133;143;4;36;3,97;3,67;39;92,31;SCR;133;Uncommon;Supporter;https://limitlesstcg.nyc3.cdn.digitaloceanspaces.com/tpci/SCR/SCR_133_R_EN_LG.png;No;Meta Play!
Basic Box M;Boss's Orders;MEG 114;83;3;39;2,13;2,13;39;100,0;MEG;114;Uncommon;Supporter;https://limitlesstcg.nyc3.cdn.digitaloceanspaces.com/tpci/MEG/MEG_114_R_EN_LG.png;No;Meta Play!
Basic Box M;Cyrano;SSP 170;75;3;39;1,92;1,92;39;100,0;SSP;170;Uncommon;Supporter;https://limitlesstcg.nyc3.cdn.digitaloceanspaces.com/tpci/SSP/SSP_170_R_EN_LG.png;No;Meta Play!
Basic Box M;Ciphermaniac's Codebreaking;TEF 145;39;2;37;1,05;1,0;39;94,87;TEF;145;Uncommon;Supporter;https://limitlesstcg.nyc3.cdn.digitaloceanspaces.com/tpci/TEF/TEF_145_R_EN_LG.png;No;Meta Play!
Basic Box M;Xerosic's Machinations;SFA 64;8;1;8;1,0;0,21;39;20,51;SFA;64;Uncommon;Supporter;https://limitlesstcg.nyc3.cdn.digitaloceanspaces.com/tpci/SFA/SFA_064_R_EN_LG.png;No;Meta Play!
Basic Box M;Lillie's Determination;MEG 119;16;4;7;2,29;0,41;39;17,95;MEG;119;Uncommon;Supporter;https://limitlesstcg.nyc3.cdn.digitaloceanspaces.com/tpci/MEG/MEG_119_R_EN_LG.png;No;Meta Play!
Basic Box M;Energy Switch;MEG 115;154;4;39;3,95;3,95;39;100,0;MEG;115;Common;Item;https://limitlesstcg.nyc3.cdn.digitaloceanspaces.com/tpci/MEG/MEG_115_R_EN_LG.png;No;Meta Play!
Basic Box M;Ultra Ball;MEG 131;156;4;39;4,0;4,0;39;100,0;MEG;131;Common;Item;https://limitlesstcg.nyc3.cdn.digitaloceanspaces.com/tpci/MEG/MEG_131_R_EN_LG.png;No;Meta Play!
Basic Box M;Night Stretcher;ASC 196;74;2;39;1,9;1,9;39;100,0;ASC;196;Common;Item;https://limitlesstcg.nyc3.cdn.digitaloceanspaces.com/tpci/ASC/ASC_196_R_EN_LG.png;No;Meta Play!
Basic Box M;Glass Trumpet;ASC 189;36;2;32;1,12;0,92;39;82,05;ASC;189;Common;Item;https://limitlesstcg.nyc3.cdn.digitaloceanspaces.com/tpci/ASC/ASC_189_R_EN_LG.png;No;Meta Play!
Basic Box M;Unfair Stamp;TWM 165;15;1;15;1,0;0,38;39;38,46;TWM;165;Ultra Rare;Item;https://limitlesstcg.nyc3.cdn.digitaloceanspaces.com/tpci/TWM/TWM_165_R_EN_LG.png;Yes;Meta Play!
Basic Box M;Area Zero Underdepths;SCR 131;134;4;39;3,44;3,44;39;100,0;SCR;131;Uncommon;Stadium;https://limitlesstcg.nyc3.cdn.digitaloceanspaces.com/tpci/SCR/SCR_131_R_EN_LG.png;No;Meta Play!
Basic Box M;Grass Energy;MEE 1;239;10;39;6,13;6,13;39;100,0;MEE;1;;Basic Energy;https://limitlesstcg.nyc3.cdn.digitaloceanspaces.com/tpci/MEE/MEE_001_R_EN_LG.png;No;Meta Play!
Basic Box M;Psychic Energy;MEE 5;97;3;36;2,69;2,49;39;92,31;MEE;5;;Basic Energy;https://limitlesstcg.nyc3.cdn.digitaloceanspaces.com/tpci/MEE/MEE_005_R_EN_LG.png;No;Meta Play!
Basic Box M;Lightning Energy;MEE 4;64;2;32;2,0;1,64;39;82,05;MEE;4;;Basic Energy;https://limitlesstcg.nyc3.cdn.digitaloceanspaces.com/tpci/MEE/MEE_004_R_EN_LG.png;No;Meta Play!
Basic Box M;Fighting Energy;MEE 6;67;2;36;1,86;1,72;39;92,31;MEE;6;;Basic Energy;https://limitlesstcg.nyc3.cdn.digitaloceanspaces.com/tpci/MEE/MEE_006_R_EN_LG.png;No;Meta Play!
Basic Box M;Water Energy;MEE 3;37;2;36;1,03;0,95;39;92,31;MEE;3;;Basic Energy;https://limitlesstcg.nyc3.cdn.digitaloceanspaces.com/tpci/MEE/MEE_003_R_EN_LG.png;No;Meta Play!
Basic Box M;Enamorus;TWM 93;21;1;21;1,0;0,54;39;53,85;TWM;93;Rare;Basic;https://limitlesstcg.nyc3.cdn.digitaloceanspaces.com/tpci/TWM/TWM_093_R_EN_LG.png;No;Meta Play!
Basic Box M;Iron Crown ex;TEF 81;26;1;26;1,0;0,67;39;66,67;TEF;81;Double Rare;Basic;https://limitlesstcg.nyc3.cdn.digitaloceanspaces.com/tpci/TEF/TEF_081_R_EN_LG.png;No;Meta Play!
Basic Box M;Special Red Card;CRI 82;29;1;29;1,0;0,74;39;74,36;CRI;82;Uncommon;Item;https://limitlesstcg.nyc3.cdn.digitaloceanspaces.com/tpci/CRI/CRI_082_R_EN_LG.png;No;Meta Play!
Basic Box M;Jamming Tower;TWM 153;8;1;8;1,0;0,21;39;20,51;TWM;153;Uncommon;Stadium;https://limitlesstcg.nyc3.cdn.digitaloceanspaces.com/tpci/TWM/TWM_153_R_EN_LG.png;No;Meta Play!
Basic Box M;Judge;POR 76;7;1;7;1,0;0,18;39;17,95;POR;76;Uncommon;Supporter;https://limitlesstcg.nyc3.cdn.digitaloceanspaces.com/tpci/POR/POR_076_R_EN_LG.png;No;Meta Play!
Basic Box M;Mew ex;30C 66;10;2;7;1,43;0,26;39;17,95;30C;66;Double Rare;Basic;https://limitlesstcg.nyc3.cdn.digitaloceanspaces.com/tpci/30C/30C_066_R_EN_LG.png;No;Meta Play!
Basic Box M;Passimian;SSP 111;14;1;14;1,0;0,36;39;35,9;SSP;111;Uncommon;Basic;https://limitlesstcg.nyc3.cdn.digitaloceanspaces.com/tpci/SSP/SSP_111_R_EN_LG.png;No;Meta Play!
Basic Box M;Prime Catcher;TEF 157;18;1;18;1,0;0,46;39;46,15;TEF;157;Ultra Rare;Item;https://limitlesstcg.nyc3.cdn.digitaloceanspaces.com/tpci/TEF/TEF_157_R_EN_LG.png;Yes;Meta Play!
Basic Box M;Telepathic Psychic Energy;POR 88;11;3;5;2,2;0,28;39;12,82;POR;88;Rare;Special Energy;https://limitlesstcg.nyc3.cdn.digitaloceanspaces.com/tpci/POR/POR_088_R_EN_LG.png;No;Meta Play!
Basic Box M;Paldean Tauros;SSP 18;4;1;4;1,0;0,1;39;10,26;SSP;18;Uncommon;Basic;https://limitlesstcg.nyc3.cdn.digitaloceanspaces.com/tpci/SSP/SSP_018_R_EN_LG.png;No;Meta Play!
Basic Box M;Fire Energy;MEE 2;5;1;5;1,0;0,13;39;12,82;MEE;2;;Basic Energy;https://limitlesstcg.nyc3.cdn.digitaloceanspaces.com/tpci/MEE/MEE_002_R_EN_LG.png;No;Meta Play!
Basic Box M;Chi-Yu;TWM 39;4;1;4;1,0;0,1;39;10,26;TWM;39;Uncommon;Basic;https://limitlesstcg.nyc3.cdn.digitaloceanspaces.com/tpci/TWM/TWM_039_R_EN_LG.png;No;Meta Play!
Basic Box M;Tool Scrapper;ASC 212;1;1;1;1,0;0,03;39;2,56;ASC;212;Common;Item;https://limitlesstcg.nyc3.cdn.digitaloceanspaces.com/tpci/ASC/ASC_212_R_EN_LG.png;No;Meta Play!
Basic Box M;Bloodmoon Ursaluna ex;TWM 141;1;1;1;1,0;0,03;39;2,56;TWM;141;Double Rare;Basic;https://limitlesstcg.nyc3.cdn.digitaloceanspaces.com/tpci/TWM/TWM_141_R_EN_LG.png;No;Meta Play!
Basic Box M;Hero's Cape;TEF 152;6;1;6;1,0;0,15;39;15,38;TEF;152;Ultra Rare;Tool;https://limitlesstcg.nyc3.cdn.digitaloceanspaces.com/tpci/TEF/TEF_152_R_EN_LG.png;Yes;Meta Play!
Basic Box M;Koraidon ex;ASC 121;6;1;6;1,0;0,15;39;15,38;ASC;121;Double Rare;Basic;https://limitlesstcg.nyc3.cdn.digitaloceanspaces.com/tpci/ASC/ASC_121_R_EN_LG.png;No;Meta Play!
Basic Box M;Brock's Scouting;JTG 146;2;1;2;1,0;0,05;39;5,13;JTG;146;Uncommon;Supporter;https://limitlesstcg.nyc3.cdn.digitaloceanspaces.com/tpci/JTG/JTG_146_R_EN_LG.png;No;Meta Play!
Basic Box M;Pecharunt;SVP 129;4;1;4;1,0;0,1;39;10,26;SVP;129;Promo;Basic;https://limitlesstcg.nyc3.cdn.digitaloceanspaces.com/tpci/SVP/SVP_129_R_EN_LG.png;No;Meta Play!
Basic Box M;Briar;SCR 132;1;1;1;1,0;0,03;39;2,56;SCR;132;Uncommon;Supporter;https://limitlesstcg.nyc3.cdn.digitaloceanspaces.com/tpci/SCR/SCR_132_R_EN_LG.png;No;Meta Play!
Basic Box M;N's Plan;BLK 83;3;1;3;1,0;0,08;39;7,69;BLK;83;Uncommon;Supporter;https://limitlesstcg.nyc3.cdn.digitaloceanspaces.com/tpci/BLK/BLK_083_R_EN_LG.png;No;Meta Play!
Basic Box M;Bug Catching Set;TWM 143;6;2;3;2,0;0,15;39;7,69;TWM;143;Uncommon;Item;https://limitlesstcg.nyc3.cdn.digitaloceanspaces.com/tpci/TWM/TWM_143_R_EN_LG.png;No;Meta Play!
Basic Box M;Lillie's Pearl;JTG 151;3;2;2;1,5;0,08;39;5,13;JTG;151;Uncommon;Tool;https://limitlesstcg.nyc3.cdn.digitaloceanspaces.com/tpci/JTG/JTG_151_R_EN_LG.png;No;Meta Play!
Basic Box M;Prism Energy;ASC 216;15;4;4;3,75;0,38;39;10,26;ASC;216;Uncommon;Special Energy;https://limitlesstcg.nyc3.cdn.digitaloceanspaces.com/tpci/ASC/ASC_216_R_EN_LG.png;No;Meta Play!
Basic Box M;Psyduck;ASC 39;1;1;1;1,0;0,03;39;2,56;ASC;39;Common;Basic;https://limitlesstcg.nyc3.cdn.digitaloceanspaces.com/tpci/ASC/ASC_039_R_EN_LG.png;No;Meta Play!
Basic Box M;Team Rocket's Mimikyu;ASC 97;1;1;1;1,0;0,03;39;2,56;ASC;97;Uncommon;Basic;https://limitlesstcg.nyc3.cdn.digitaloceanspaces.com/tpci/ASC/ASC_097_R_EN_LG.png;No;Meta Play!
Basic Box M;Munkidori;ASC 99;3;1;3;1,0;0,08;39;7,69;ASC;99;Rare;Basic;https://limitlesstcg.nyc3.cdn.digitaloceanspaces.com/tpci/ASC/ASC_099_R_EN_LG.png;No;Meta Play!
Basic Box M;Darkness Energy;MEE 7;1;1;1;1,0;0,03;39;2,56;MEE;7;;Basic Energy;https://limitlesstcg.nyc3.cdn.digitaloceanspaces.com/tpci/MEE/MEE_007_R_EN_LG.png;No;Meta Play!
Basic Box M;Tera Orb;SSP 189;2;1;2;1,0;0,05;39;5,13;SSP;189;Uncommon;Item;https://limitlesstcg.nyc3.cdn.digitaloceanspaces.com/tpci/SSP/SSP_189_R_EN_LG.png;No;Meta Play!
Basic Box M;AZ's Tranquility;CRI 76;1;1;1;1,0;0,03;39;2,56;CRI;76;Uncommon;Supporter;https://limitlesstcg.nyc3.cdn.digitaloceanspaces.com/tpci/CRI/CRI_076_R_EN_LG.png;No;Meta Play!
Basic Box M;Stunfisk;ASC 62;1;1;1;1,0;0,03;39;2,56;ASC;62;Common;Basic;https://limitlesstcg.nyc3.cdn.digitaloceanspaces.com/tpci/ASC/ASC_062_R_EN_LG.png;No;Meta Play!
Basic Box M;Terapagos ex;ASC 179;1;1;1;1,0;0,03;39;2,56;ASC;179;Double Rare;Basic;https://limitlesstcg.nyc3.cdn.digitaloceanspaces.com/tpci/ASC/ASC_179_R_EN_LG.png;No;Meta Play!
Basic Box M;Pokémon Catcher;POR 82;1;1;1;1,0;0,03;39;2,56;POR;82;Common;Item;https://limitlesstcg.nyc3.cdn.digitaloceanspaces.com/tpci/POR/POR_082_R_EN_LG.png;No;Meta Play!
Basic Box M;Moltres;PFL 14;1;1;1;1,0;0,03;39;2,56;PFL;14;Rare;Basic;https://limitlesstcg.nyc3.cdn.digitaloceanspaces.com/tpci/PFL/PFL_014_R_EN_LG.png;No;Meta Play!
Seaking;Grookey;TWM 14;27;4;7;3,86;3,86;7;100,0;TWM;14;Common;Basic;https://limitlesstcg.nyc3.cdn.digitaloceanspaces.com/tpci/TWM/TWM_014_R_EN_LG.png;No;Meta Play!
Seaking;Thwackey;TWM 15;25;4;7;3,57;3,57;7;100,0;TWM;15;Common;Stage 1;https://limitlesstcg.nyc3.cdn.digitaloceanspaces.com/tpci/TWM/TWM_015_R_EN_LG.png;No;Meta Play!
Seaking;Goldeen;TWM 44;28;4;7;4,0;4,0;7;100,0;TWM;44;Common;Basic;https://limitlesstcg.nyc3.cdn.digitaloceanspaces.com/tpci/TWM/TWM_044_R_EN_LG.png;No;Meta Play!
Seaking;Seaking;PRE 21;24;4;7;3,43;3,43;7;100,0;PRE;21;Uncommon;Stage 1;https://limitlesstcg.nyc3.cdn.digitaloceanspaces.com/tpci/PRE/PRE_021_R_EN_LG.png;No;Meta Play!
Seaking;Psyduck;ASC 39;3;1;3;1,0;0,43;7;42,86;ASC;39;Common;Basic;https://limitlesstcg.nyc3.cdn.digitaloceanspaces.com/tpci/ASC/ASC_039_R_EN_LG.png;No;Meta Play!
Seaking;Shaymin;DRI 10;6;1;6;1,0;0,86;7;85,71;DRI;10;Uncommon;Basic;https://limitlesstcg.nyc3.cdn.digitaloceanspaces.com/tpci/DRI/DRI_010_R_EN_LG.png;No;Meta Play!
Seaking;Lillie's Determination;MEG 119;27;4;7;3,86;3,86;7;100,0;MEG;119;Uncommon;Supporter;https://limitlesstcg.nyc3.cdn.digitaloceanspaces.com/tpci/MEG/MEG_119_R_EN_LG.png;No;Meta Play!
Seaking;Gladion's Final Battle;PBL 77;22;4;7;3,14;3,14;7;100,0;PBL;77;Uncommon;Supporter;https://limitlesstcg.nyc3.cdn.digitaloceanspaces.com/tpci/PBL/PBL_077_R_EN_LG.png;No;Meta Play!
Seaking;Boss's Orders;MEG 114;13;2;7;1,86;1,86;7;100,0;MEG;114;Uncommon;Supporter;https://limitlesstcg.nyc3.cdn.digitaloceanspaces.com/tpci/MEG/MEG_114_R_EN_LG.png;No;Meta Play!
Seaking;Buddy-Buddy Poffin;ASC 184;28;4;7;4,0;4,0;7;100,0;ASC;184;Common;Item;https://limitlesstcg.nyc3.cdn.digitaloceanspaces.com/tpci/ASC/ASC_184_R_EN_LG.png;No;Meta Play!
Seaking;Ultra Ball;MEG 131;28;4;7;4,0;4,0;7;100,0;MEG;131;Common;Item;https://limitlesstcg.nyc3.cdn.digitaloceanspaces.com/tpci/MEG/MEG_131_R_EN_LG.png;No;Meta Play!
Seaking;Poké Pad;POR 81;28;4;7;4,0;4,0;7;100,0;POR;81;Uncommon;Item;https://limitlesstcg.nyc3.cdn.digitaloceanspaces.com/tpci/POR/POR_081_R_EN_LG.png;No;Meta Play!
Seaking;Hand Trimmer;TEF 150;5;1;5;1,0;0,71;7;71,43;TEF;150;Uncommon;Item;https://limitlesstcg.nyc3.cdn.digitaloceanspaces.com/tpci/TEF/TEF_150_R_EN_LG.png;No;Meta Play!
Seaking;Secret Box;TWM 163;7;1;7;1,0;1,0;7;100,0;TWM;163;Ultra Rare;Item;https://limitlesstcg.nyc3.cdn.digitaloceanspaces.com/tpci/TWM/TWM_163_R_EN_LG.png;Yes;Meta Play!
Seaking;Night Stretcher;ASC 196;5;1;5;1,0;0,71;7;71,43;ASC;196;Common;Item;https://limitlesstcg.nyc3.cdn.digitaloceanspaces.com/tpci/ASC/ASC_196_R_EN_LG.png;No;Meta Play!
Seaking;Tool Scrapper;ASC 212;3;1;3;1,0;0,43;7;42,86;ASC;212;Common;Item;https://limitlesstcg.nyc3.cdn.digitaloceanspaces.com/tpci/ASC/ASC_212_R_EN_LG.png;No;Meta Play!
Seaking;Sacred Ash;DRI 168;7;1;7;1,0;1,0;7;100,0;DRI;168;Uncommon;Item;https://limitlesstcg.nyc3.cdn.digitaloceanspaces.com/tpci/DRI/DRI_168_R_EN_LG.png;No;Meta Play!
Seaking;Brave Bangle;WHT 80;19;3;7;2,71;2,71;7;100,0;WHT;80;Uncommon;Tool;https://limitlesstcg.nyc3.cdn.digitaloceanspaces.com/tpci/WHT/WHT_080_R_EN_LG.png;No;Meta Play!
Seaking;Air Balloon;ASC 181;22;4;7;3,14;3,14;7;100,0;ASC;181;Uncommon;Tool;https://limitlesstcg.nyc3.cdn.digitaloceanspaces.com/tpci/ASC/ASC_181_R_EN_LG.png;No;Meta Play!
Seaking;Festival Grounds;TWM 149;28;4;7;4,0;4,0;7;100,0;TWM;149;Uncommon;Stadium;https://limitlesstcg.nyc3.cdn.digitaloceanspaces.com/tpci/TWM/TWM_149_R_EN_LG.png;No;Meta Play!
Seaking;Mist Energy;TEF 161;26;4;7;3,71;3,71;7;100,0;TEF;161;Uncommon;Special Energy;https://limitlesstcg.nyc3.cdn.digitaloceanspaces.com/tpci/TEF/TEF_161_R_EN_LG.png;No;Meta Play!
Seaking;Grass Energy;MEE 1;6;2;3;2,0;0,86;7;42,86;MEE;1;;Basic Energy;https://limitlesstcg.nyc3.cdn.digitaloceanspaces.com/tpci/MEE/MEE_001_R_EN_LG.png;No;Meta Play!
Seaking;Moltres;PFL 14;2;1;2;1,0;0,29;7;28,57;PFL;14;Rare;Basic;https://limitlesstcg.nyc3.cdn.digitaloceanspaces.com/tpci/PFL/PFL_014_R_EN_LG.png;No;Meta Play!
Seaking;Super Potion;JTG 158;1;1;1;1,0;0,14;7;14,29;JTG;158;Uncommon;Item;https://limitlesstcg.nyc3.cdn.digitaloceanspaces.com/tpci/JTG/JTG_158_R_EN_LG.png;No;Meta Play!
Seaking;Fire Energy;MEE 2;4;2;2;2,0;0,57;7;28,57;MEE;2;;Basic Energy;https://limitlesstcg.nyc3.cdn.digitaloceanspaces.com/tpci/MEE/MEE_002_R_EN_LG.png;No;Meta Play!
Seaking;Rellor;TEF 23;4;1;4;1,0;0,57;7;57,14;TEF;23;Common;Basic;https://limitlesstcg.nyc3.cdn.digitaloceanspaces.com/tpci/TEF/TEF_023_R_EN_LG.png;No;Meta Play!
Seaking;Rabsca;TEF 24;4;1;4;1,0;0,57;7;57,14;TEF;24;Uncommon;Stage 1;https://limitlesstcg.nyc3.cdn.digitaloceanspaces.com/tpci/TEF/TEF_024_R_EN_LG.png;No;Meta Play!
Seaking;Applin;TWM 126;4;2;3;1,33;0,57;7;42,86;TWM;126;Common;Basic;https://limitlesstcg.nyc3.cdn.digitaloceanspaces.com/tpci/TWM/TWM_126_R_EN_LG.png;No;Meta Play!
Seaking;Dipplin;TWM 18;3;1;3;1,0;0,43;7;42,86;TWM;18;Uncommon;Stage 1;https://limitlesstcg.nyc3.cdn.digitaloceanspaces.com/tpci/TWM/TWM_018_R_EN_LG.png;No;Meta Play!
Seaking;Meowth ex;POR 62;3;1;3;1,0;0,43;7;42,86;POR;62;Double Rare;Basic;https://limitlesstcg.nyc3.cdn.digitaloceanspaces.com/tpci/POR/POR_062_R_EN_LG.png;No;Meta Play!
Seaking;Switch;MEG 130;1;1;1;1,0;0,14;7;14,29;MEG;130;Common;Item;https://limitlesstcg.nyc3.cdn.digitaloceanspaces.com/tpci/MEG/MEG_130_R_EN_LG.png;No;Meta Play!
Seaking;Growing Grass Energy;POR 86;6;3;2;3,0;0,86;7;28,57;POR;86;Rare;Special Energy;https://limitlesstcg.nyc3.cdn.digitaloceanspaces.com/tpci/POR/POR_086_R_EN_LG.png;No;Meta Play!
Seaking;Kieran;TWM 154;1;1;1;1,0;0,14;7;14,29;TWM;154;Uncommon;Supporter;https://limitlesstcg.nyc3.cdn.digitaloceanspaces.com/tpci/TWM/TWM_154_R_EN_LG.png;No;Meta Play!
Cynthia's Garchomp;Cynthia's Roselia;DRI 7;20;4;6;3,33;3,33;6;100,0;DRI;7;Common;Basic;https://limitlesstcg.nyc3.cdn.digitaloceanspaces.com/tpci/DRI/DRI_007_R_EN_LG.png;No;Meta Play!
Cynthia's Garchomp;Cynthia's Roserade;DRI 8;19;4;6;3,17;3,17;6;100,0;DRI;8;Rare;Stage 1;https://limitlesstcg.nyc3.cdn.digitaloceanspaces.com/tpci/DRI/DRI_008_R_EN_LG.png;No;Meta Play!
Cynthia's Garchomp;Cynthia's Gible;ASC 109;24;4;6;4,0;4,0;6;100,0;ASC;109;Common;Basic;https://limitlesstcg.nyc3.cdn.digitaloceanspaces.com/tpci/ASC/ASC_109_R_EN_LG.png;No;Meta Play!
Cynthia's Garchomp;Cynthia's Gabite;ASC 110;24;4;6;4,0;4,0;6;100,0;ASC;110;Uncommon;Stage 1;https://limitlesstcg.nyc3.cdn.digitaloceanspaces.com/tpci/ASC/ASC_110_R_EN_LG.png;No;Meta Play!
Cynthia's Garchomp;Cynthia's Garchomp ex;ASC 111;18;3;6;3,0;3,0;6;100,0;ASC;111;Double Rare;Stage 2;https://limitlesstcg.nyc3.cdn.digitaloceanspaces.com/tpci/ASC/ASC_111_R_EN_LG.png;No;Meta Play!
Cynthia's Garchomp;Cynthia's Spiritomb;ASC 133;6;1;6;1,0;1,0;6;100,0;ASC;133;Uncommon;Basic;https://limitlesstcg.nyc3.cdn.digitaloceanspaces.com/tpci/ASC/ASC_133_R_EN_LG.png;No;Meta Play!
Cynthia's Garchomp;Lillie's Determination;MEG 119;23;4;6;3,83;3,83;6;100,0;MEG;119;Uncommon;Supporter;https://limitlesstcg.nyc3.cdn.digitaloceanspaces.com/tpci/MEG/MEG_119_R_EN_LG.png;No;Meta Play!
Cynthia's Garchomp;Boss's Orders;MEG 114;22;4;6;3,67;3,67;6;100,0;MEG;114;Uncommon;Supporter;https://limitlesstcg.nyc3.cdn.digitaloceanspaces.com/tpci/MEG/MEG_114_R_EN_LG.png;No;Meta Play!
Cynthia's Garchomp;Team Rocket's Petrel;ASC 207;5;2;3;1,67;0,83;6;50,0;ASC;207;Uncommon;Supporter;https://limitlesstcg.nyc3.cdn.digitaloceanspaces.com/tpci/ASC/ASC_207_R_EN_LG.png;No;Meta Play!
Cynthia's Garchomp;Buddy-Buddy Poffin;ASC 184;22;4;6;3,67;3,67;6;100,0;ASC;184;Common;Item;https://limitlesstcg.nyc3.cdn.digitaloceanspaces.com/tpci/ASC/ASC_184_R_EN_LG.png;No;Meta Play!
Cynthia's Garchomp;Poké Pad;POR 81;23;4;6;3,83;3,83;6;100,0;POR;81;Uncommon;Item;https://limitlesstcg.nyc3.cdn.digitaloceanspaces.com/tpci/POR/POR_081_R_EN_LG.png;No;Meta Play!
Cynthia's Garchomp;Fighting Gong;MEG 116;19;4;6;3,17;3,17;6;100,0;MEG;116;Uncommon;Item;https://limitlesstcg.nyc3.cdn.digitaloceanspaces.com/tpci/MEG/MEG_116_R_EN_LG.png;No;Meta Play!
Cynthia's Garchomp;Pokégear 3.0;SVI 186;10;3;5;2,0;1,67;6;83,33;SVI;186;Common;Item;https://limitlesstcg.nyc3.cdn.digitaloceanspaces.com/tpci/SVI/SVI_186_R_EN_LG.png;No;Meta Play!
Cynthia's Garchomp;Premium Power Pro;MEG 124;9;2;5;1,8;1,5;6;83,33;MEG;124;Uncommon;Item;https://limitlesstcg.nyc3.cdn.digitaloceanspaces.com/tpci/MEG/MEG_124_R_EN_LG.png;No;Meta Play!
Cynthia's Garchomp;Rare Candy;MEG 125;3;1;3;1,0;0,5;6;50,0;MEG;125;Common;Item;https://limitlesstcg.nyc3.cdn.digitaloceanspaces.com/tpci/MEG/MEG_125_R_EN_LG.png;No;Meta Play!
Cynthia's Garchomp;Unfair Stamp;TWM 165;1;1;1;1,0;0,17;6;16,67;TWM;165;Ultra Rare;Item;https://limitlesstcg.nyc3.cdn.digitaloceanspaces.com/tpci/TWM/TWM_165_R_EN_LG.png;Yes;Meta Play!
Cynthia's Garchomp;Night Stretcher;ASC 196;7;2;5;1,4;1,17;6;83,33;ASC;196;Common;Item;https://limitlesstcg.nyc3.cdn.digitaloceanspaces.com/tpci/ASC/ASC_196_R_EN_LG.png;No;Meta Play!
Cynthia's Garchomp;Switch;MEG 130;3;1;3;1,0;0,5;6;50,0;MEG;130;Common;Item;https://limitlesstcg.nyc3.cdn.digitaloceanspaces.com/tpci/MEG/MEG_130_R_EN_LG.png;No;Meta Play!
Cynthia's Garchomp;Cynthia's Power Weight;DRI 162;20;4;6;3,33;3,33;6;100,0;DRI;162;Uncommon;Tool;https://limitlesstcg.nyc3.cdn.digitaloceanspaces.com/tpci/DRI/DRI_162_R_EN_LG.png;No;Meta Play!
Cynthia's Garchomp;Rocky Fighting Energy;POR 87;24;4;6;4,0;4,0;6;100,0;POR;87;Rare;Special Energy;https://limitlesstcg.nyc3.cdn.digitaloceanspaces.com/tpci/POR/POR_087_R_EN_LG.png;No;Meta Play!
Cynthia's Garchomp;Fighting Energy;MEE 6;22;4;6;3,67;3,67;6;100,0;MEE;6;;Basic Energy;https://limitlesstcg.nyc3.cdn.digitaloceanspaces.com/tpci/MEE/MEE_006_R_EN_LG.png;No;Meta Play!
Cynthia's Garchomp;Budew;ASC 16;1;1;1;1,0;0,17;6;16,67;ASC;16;Common;Basic;https://limitlesstcg.nyc3.cdn.digitaloceanspaces.com/tpci/ASC/ASC_016_R_EN_LG.png;No;Meta Play!
Cynthia's Garchomp;Psyduck;ASC 39;1;1;1;1,0;0,17;6;16,67;ASC;39;Common;Basic;https://limitlesstcg.nyc3.cdn.digitaloceanspaces.com/tpci/ASC/ASC_039_R_EN_LG.png;No;Meta Play!
Cynthia's Garchomp;Judge;POR 76;7;3;4;1,75;1,17;6;66,67;POR;76;Uncommon;Supporter;https://limitlesstcg.nyc3.cdn.digitaloceanspaces.com/tpci/POR/POR_076_R_EN_LG.png;No;Meta Play!
Cynthia's Garchomp;Hilda;WHT 84;10;2;5;2,0;1,67;6;83,33;WHT;84;Uncommon;Supporter;https://limitlesstcg.nyc3.cdn.digitaloceanspaces.com/tpci/WHT/WHT_084_R_EN_LG.png;No;Meta Play!
Cynthia's Garchomp;Special Red Card;CRI 82;3;1;3;1,0;0,5;6;50,0;CRI;82;Uncommon;Item;https://limitlesstcg.nyc3.cdn.digitaloceanspaces.com/tpci/CRI/CRI_082_R_EN_LG.png;No;Meta Play!
Cynthia's Garchomp;Neo Upper Energy;TEF 162;5;1;5;1,0;0,83;6;83,33;TEF;162;Ultra Rare;Special Energy;https://limitlesstcg.nyc3.cdn.digitaloceanspaces.com/tpci/TEF/TEF_162_R_EN_LG.png;Yes;Meta Play!
Cynthia's Garchomp;Shaymin;DRI 10;4;1;4;1,0;0,67;6;66,67;DRI;10;Uncommon;Basic;https://limitlesstcg.nyc3.cdn.digitaloceanspaces.com/tpci/DRI/DRI_010_R_EN_LG.png;No;Meta Play!
Cynthia's Garchomp;Relicanth;TEF 84;1;1;1;1,0;0,17;6;16,67;TEF;84;Rare;Basic;https://limitlesstcg.nyc3.cdn.digitaloceanspaces.com/tpci/TEF/TEF_084_R_EN_LG.png;No;Meta Play!
Cynthia's Garchomp;Battle Cage;PFL 85;3;2;2;1,5;0,5;6;33,33;PFL;85;Uncommon;Stadium;https://limitlesstcg.nyc3.cdn.digitaloceanspaces.com/tpci/PFL/PFL_085_R_EN_LG.png;No;Meta Play!
Cynthia's Garchomp;Surfer;ASC 200;1;1;1;1,0;0,17;6;16,67;ASC;200;Common;Supporter;https://limitlesstcg.nyc3.cdn.digitaloceanspaces.com/tpci/ASC/ASC_200_R_EN_LG.png;No;Meta Play!
Dhelmise Pbl;Shuppet;PBL 33;51;4;14;3,64;3,64;14;100,0;PBL;33;Common;Basic;https://limitlesstcg.nyc3.cdn.digitaloceanspaces.com/tpci/PBL/PBL_033_R_EN_LG.png;No;Meta Play!
Dhelmise Pbl;Banette;PBL 34;48;4;14;3,43;3,43;14;100,0;PBL;34;Uncommon;Stage 1;https://limitlesstcg.nyc3.cdn.digitaloceanspaces.com/tpci/PBL/PBL_034_R_EN_LG.png;No;Meta Play!
Dhelmise Pbl;Dhelmise;PBL 39;56;4;14;4,0;4,0;14;100,0;PBL;39;Uncommon;Basic;https://limitlesstcg.nyc3.cdn.digitaloceanspaces.com/tpci/PBL/PBL_039_R_EN_LG.png;No;Meta Play!
Dhelmise Pbl;Poltchageist;PBL 5;42;4;13;3,23;3,0;14;92,86;PBL;5;Common;Basic;https://limitlesstcg.nyc3.cdn.digitaloceanspaces.com/tpci/PBL/PBL_005_R_EN_LG.png;No;Meta Play!
Dhelmise Pbl;Sinistcha;PBL 6;39;4;13;3,0;2,79;14;92,86;PBL;6;Uncommon;Stage 1;https://limitlesstcg.nyc3.cdn.digitaloceanspaces.com/tpci/PBL/PBL_006_R_EN_LG.png;No;Meta Play!
Dhelmise Pbl;Dunsparce;JTG 120;19;4;8;2,38;1,36;14;57,14;JTG;120;Common;Basic;https://limitlesstcg.nyc3.cdn.digitaloceanspaces.com/tpci/JTG/JTG_120_R_EN_LG.png;No;Meta Play!
Dhelmise Pbl;Dudunsparce;TEF 129;17;4;8;2,12;1,21;14;57,14;TEF;129;Rare;Stage 1;https://limitlesstcg.nyc3.cdn.digitaloceanspaces.com/tpci/TEF/TEF_129_R_EN_LG.png;No;Meta Play!
Dhelmise Pbl;Dudunsparce ex;JTG 121;2;1;2;1,0;0,14;14;14,29;JTG;121;Double Rare;Stage 1;https://limitlesstcg.nyc3.cdn.digitaloceanspaces.com/tpci/JTG/JTG_121_R_EN_LG.png;No;Meta Play!
Dhelmise Pbl;Shaymin;DRI 10;8;1;8;1,0;0,57;14;57,14;DRI;10;Uncommon;Basic;https://limitlesstcg.nyc3.cdn.digitaloceanspaces.com/tpci/DRI/DRI_010_R_EN_LG.png;No;Meta Play!
Dhelmise Pbl;Lillie's Clefairy ex;ASC 76;22;2;14;1,57;1,57;14;100,0;ASC;76;Double Rare;Basic;https://limitlesstcg.nyc3.cdn.digitaloceanspaces.com/tpci/ASC/ASC_076_R_EN_LG.png;No;Meta Play!
Dhelmise Pbl;Lillie's Determination;MEG 119;44;4;14;3,14;3,14;14;100,0;MEG;119;Uncommon;Supporter;https://limitlesstcg.nyc3.cdn.digitaloceanspaces.com/tpci/MEG/MEG_119_R_EN_LG.png;No;Meta Play!
Dhelmise Pbl;Gwynn;PBL 78;50;4;14;3,57;3,57;14;100,0;PBL;78;Uncommon;Supporter;https://limitlesstcg.nyc3.cdn.digitaloceanspaces.com/tpci/PBL/PBL_078_R_EN_LG.png;No;Meta Play!
Dhelmise Pbl;Boss's Orders;MEG 114;42;4;14;3,0;3,0;14;100,0;MEG;114;Uncommon;Supporter;https://limitlesstcg.nyc3.cdn.digitaloceanspaces.com/tpci/MEG/MEG_114_R_EN_LG.png;No;Meta Play!
Dhelmise Pbl;Black Belt's Training;JTG 143;3;2;2;1,5;0,21;14;14,29;JTG;143;Common;Supporter;https://limitlesstcg.nyc3.cdn.digitaloceanspaces.com/tpci/JTG/JTG_143_R_EN_LG.png;No;Meta Play!
Dhelmise Pbl;Ultra Ball;MEG 131;56;4;14;4,0;4,0;14;100,0;MEG;131;Common;Item;https://limitlesstcg.nyc3.cdn.digitaloceanspaces.com/tpci/MEG/MEG_131_R_EN_LG.png;No;Meta Play!
Dhelmise Pbl;Poké Pad;POR 81;52;4;14;3,71;3,71;14;100,0;POR;81;Uncommon;Item;https://limitlesstcg.nyc3.cdn.digitaloceanspaces.com/tpci/POR/POR_081_R_EN_LG.png;No;Meta Play!
Dhelmise Pbl;Night Stretcher;ASC 196;34;3;14;2,43;2,43;14;100,0;ASC;196;Common;Item;https://limitlesstcg.nyc3.cdn.digitaloceanspaces.com/tpci/ASC/ASC_196_R_EN_LG.png;No;Meta Play!
Dhelmise Pbl;Sacred Ash;DRI 168;1;1;1;1,0;0,07;14;7,14;DRI;168;Uncommon;Item;https://limitlesstcg.nyc3.cdn.digitaloceanspaces.com/tpci/DRI/DRI_168_R_EN_LG.png;No;Meta Play!
Dhelmise Pbl;Switch;MEG 130;5;1;5;1,0;0,36;14;35,71;MEG;130;Common;Item;https://limitlesstcg.nyc3.cdn.digitaloceanspaces.com/tpci/MEG/MEG_130_R_EN_LG.png;No;Meta Play!
Dhelmise Pbl;Secret Box;TWM 163;2;1;2;1,0;0,14;14;14,29;TWM;163;Ultra Rare;Item;https://limitlesstcg.nyc3.cdn.digitaloceanspaces.com/tpci/TWM/TWM_163_R_EN_LG.png;Yes;Meta Play!
Dhelmise Pbl;Air Balloon;ASC 181;3;2;2;1,5;0,21;14;14,29;ASC;181;Uncommon;Tool;https://limitlesstcg.nyc3.cdn.digitaloceanspaces.com/tpci/ASC/ASC_181_R_EN_LG.png;No;Meta Play!
Dhelmise Pbl;Brave Bangle;WHT 80;1;1;1;1,0;0,07;14;7,14;WHT;80;Uncommon;Tool;https://limitlesstcg.nyc3.cdn.digitaloceanspaces.com/tpci/WHT/WHT_080_R_EN_LG.png;No;Meta Play!
Dhelmise Pbl;Prism Tower;CRI 80;34;3;14;2,43;2,43;14;100,0;CRI;80;Uncommon;Stadium;https://limitlesstcg.nyc3.cdn.digitaloceanspaces.com/tpci/CRI/CRI_080_R_EN_LG.png;No;Meta Play!
Dhelmise Pbl;Telepathic Psychic Energy;POR 88;55;4;14;3,93;3,93;14;100,0;POR;88;Rare;Special Energy;https://limitlesstcg.nyc3.cdn.digitaloceanspaces.com/tpci/POR/POR_088_R_EN_LG.png;No;Meta Play!
Dhelmise Pbl;Psychic Energy;MEE 5;39;4;14;2,79;2,79;14;100,0;MEE;5;;Basic Energy;https://limitlesstcg.nyc3.cdn.digitaloceanspaces.com/tpci/MEE/MEE_005_R_EN_LG.png;No;Meta Play!
Dhelmise Pbl;Bloodmoon Ursaluna ex;TWM 141;8;1;8;1,0;0,57;14;57,14;TWM;141;Double Rare;Basic;https://limitlesstcg.nyc3.cdn.digitaloceanspaces.com/tpci/TWM/TWM_141_R_EN_LG.png;No;Meta Play!
Dhelmise Pbl;Patrat;CRI 70;4;1;4;1,0;0,29;14;28,57;CRI;70;Common;Basic;https://limitlesstcg.nyc3.cdn.digitaloceanspaces.com/tpci/CRI/CRI_070_R_EN_LG.png;No;Meta Play!
Dhelmise Pbl;Yveltal;30C 100;2;1;2;1,0;0,14;14;14,29;30C;100;Rare;Basic;https://limitlesstcg.nyc3.cdn.digitaloceanspaces.com/tpci/30C/30C_100_R_EN_LG.png;No;Meta Play!
Dhelmise Pbl;Buddy-Buddy Poffin;ASC 184;6;2;3;2,0;0,43;14;21,43;ASC;184;Common;Item;https://limitlesstcg.nyc3.cdn.digitaloceanspaces.com/tpci/ASC/ASC_184_R_EN_LG.png;No;Meta Play!
Dhelmise Pbl;Wondrous Patch;PFL 94;1;1;1;1,0;0,07;14;7,14;PFL;94;Uncommon;Item;https://limitlesstcg.nyc3.cdn.digitaloceanspaces.com/tpci/PFL/PFL_094_R_EN_LG.png;No;Meta Play!
Dhelmise Pbl;Jamming Tower;TWM 153;3;1;3;1,0;0,21;14;21,43;TWM;153;Uncommon;Stadium;https://limitlesstcg.nyc3.cdn.digitaloceanspaces.com/tpci/TWM/TWM_153_R_EN_LG.png;No;Meta Play!
Dhelmise Pbl;Legacy Energy;TWM 167;9;1;9;1,0;0,64;14;64,29;TWM;167;Ultra Rare;Special Energy;https://limitlesstcg.nyc3.cdn.digitaloceanspaces.com/tpci/TWM/TWM_167_R_EN_LG.png;Yes;Meta Play!
Dhelmise Pbl;Spiritomb;PBL 35;6;1;6;1,0;0,43;14;42,86;PBL;35;Rare;Basic;https://limitlesstcg.nyc3.cdn.digitaloceanspaces.com/tpci/PBL/PBL_035_R_EN_LG.png;No;Meta Play!
Dhelmise Pbl;Latias ex;SSP 76;7;1;7;1,0;0,5;14;50,0;SSP;76;Double Rare;Basic;https://limitlesstcg.nyc3.cdn.digitaloceanspaces.com/tpci/SSP/SSP_076_R_EN_LG.png;No;Meta Play!
Dhelmise Pbl;Explorer's Guidance;TEF 147;33;4;9;3,67;2,36;14;64,29;TEF;147;Uncommon;Supporter;https://limitlesstcg.nyc3.cdn.digitaloceanspaces.com/tpci/TEF/TEF_147_R_EN_LG.png;No;Meta Play!
Dhelmise Pbl;Larry's Skill;PRE 115;4;2;2;2,0;0,29;14;14,29;PRE;115;Common;Supporter;https://limitlesstcg.nyc3.cdn.digitaloceanspaces.com/tpci/PRE/PRE_115_R_EN_LG.png;No;Meta Play!
Dhelmise Pbl;Dreepy;ASC 158;3;3;1;3,0;0,21;14;7,14;ASC;158;Common;Basic;https://limitlesstcg.nyc3.cdn.digitaloceanspaces.com/tpci/ASC/ASC_158_R_EN_LG.png;No;Meta Play!
Dhelmise Pbl;Drakloak;ASC 159;2;2;1;2,0;0,14;14;7,14;ASC;159;Common;Stage 1;https://limitlesstcg.nyc3.cdn.digitaloceanspaces.com/tpci/ASC/ASC_159_R_EN_LG.png;No;Meta Play!
Dhelmise Pbl;Fezandipiti ex;ASC 142;2;1;2;1,0;0,14;14;14,29;ASC;142;Double Rare;Basic;https://limitlesstcg.nyc3.cdn.digitaloceanspaces.com/tpci/ASC/ASC_142_R_EN_LG.png;No;Meta Play!
Dhelmise Pbl;Lana's Aid;TWM 155;2;1;2;1,0;0,14;14;14,29;TWM;155;Uncommon;Supporter;https://limitlesstcg.nyc3.cdn.digitaloceanspaces.com/tpci/TWM/TWM_155_R_EN_LG.png;No;Meta Play!
Dhelmise Pbl;Prime Catcher;TEF 157;1;1;1;1,0;0,07;14;7,14;TEF;157;Ultra Rare;Item;https://limitlesstcg.nyc3.cdn.digitaloceanspaces.com/tpci/TEF/TEF_157_R_EN_LG.png;Yes;Meta Play!
Dhelmise Pbl;Lucky Helmet;TWM 158;7;3;3;2,33;0,5;14;21,43;TWM;158;Uncommon;Tool;https://limitlesstcg.nyc3.cdn.digitaloceanspaces.com/tpci/TWM/TWM_158_R_EN_LG.png;No;Meta Play!
Dhelmise Pbl;Special Red Card;CRI 82;3;1;3;1,0;0,21;14;21,43;CRI;82;Uncommon;Item;https://limitlesstcg.nyc3.cdn.digitaloceanspaces.com/tpci/CRI/CRI_082_R_EN_LG.png;No;Meta Play!
Dhelmise Pbl;Brilliant Blender;SSP 164;1;1;1;1,0;0,07;14;7,14;SSP;164;Ultra Rare;Item;https://limitlesstcg.nyc3.cdn.digitaloceanspaces.com/tpci/SSP/SSP_164_R_EN_LG.png;Yes;Meta Play!
Dhelmise Pbl;Naveen;POR 79;2;2;1;2,0;0,14;14;7,14;POR;79;Uncommon;Supporter;https://limitlesstcg.nyc3.cdn.digitaloceanspaces.com/tpci/POR/POR_079_R_EN_LG.png;No;Meta Play!
Dhelmise Pbl;Moltres;PFL 14;1;1;1;1,0;0,07;14;7,14;PFL;14;Rare;Basic;https://limitlesstcg.nyc3.cdn.digitaloceanspaces.com/tpci/PFL/PFL_014_R_EN_LG.png;No;Meta Play!
Dhelmise Pbl;Meowth ex;POR 62;1;1;1;1,0;0,07;14;7,14;POR;62;Double Rare;Basic;https://limitlesstcg.nyc3.cdn.digitaloceanspaces.com/tpci/POR/POR_062_R_EN_LG.png;No;Meta Play!
Dhelmise Pbl;Genesect;SFA 40;1;1;1;1,0;0,07;14;7,14;SFA;40;Uncommon;Basic;https://limitlesstcg.nyc3.cdn.digitaloceanspaces.com/tpci/SFA/SFA_040_R_EN_LG.png;No;Meta Play!
Dhelmise Pbl;Unfair Stamp;TWM 165;1;1;1;1,0;0,07;14;7,14;TWM;165;Ultra Rare;Item;https://limitlesstcg.nyc3.cdn.digitaloceanspaces.com/tpci/TWM/TWM_165_R_EN_LG.png;Yes;Meta Play!
Dhelmise Pbl;Nighttime Mine;ASC 197;1;1;1;1,0;0,07;14;7,14;ASC;197;Uncommon;Stadium;https://limitlesstcg.nyc3.cdn.digitaloceanspaces.com/tpci/ASC/ASC_197_R_EN_LG.png;No;Meta Play!
Dhelmise Pbl;Prism Energy;ASC 216;3;3;1;3,0;0,21;14;7,14;ASC;216;Uncommon;Special Energy;https://limitlesstcg.nyc3.cdn.digitaloceanspaces.com/tpci/ASC/ASC_216_R_EN_LG.png;No;Meta Play!
Dhelmise Pbl;Flutter Mane;TEF 78;1;1;1;1,0;0,07;14;7,14;TEF;78;Rare;Basic;https://limitlesstcg.nyc3.cdn.digitaloceanspaces.com/tpci/TEF/TEF_078_R_EN_LG.png;No;Meta Play!
Greninja;Froakie;CRI 20;9;3;3;3,0;3,0;3;100,0;CRI;20;Common;Basic;https://limitlesstcg.nyc3.cdn.digitaloceanspaces.com/tpci/CRI/CRI_020_R_EN_LG.png;No;Meta Play!
Greninja;Frogadier;CRI 21;6;2;3;2,0;2,0;3;100,0;CRI;21;Common;Stage 1;https://limitlesstcg.nyc3.cdn.digitaloceanspaces.com/tpci/CRI/CRI_021_R_EN_LG.png;No;Meta Play!
Greninja;Greninja ex;TWM 106;7;3;3;2,33;2,33;3;100,0;TWM;106;Double Rare;Stage 2;https://limitlesstcg.nyc3.cdn.digitaloceanspaces.com/tpci/TWM/TWM_106_R_EN_LG.png;No;Meta Play!
Greninja;Snorunt;ASC 46;4;2;2;2,0;1,33;3;66,67;ASC;46;Common;Basic;https://limitlesstcg.nyc3.cdn.digitaloceanspaces.com/tpci/ASC/ASC_046_R_EN_LG.png;No;Meta Play!
Greninja;Mega Froslass ex;ASC 47;3;2;2;1,5;1,0;3;66,67;ASC;47;Double Rare;Stage 1;https://limitlesstcg.nyc3.cdn.digitaloceanspaces.com/tpci/ASC/ASC_047_R_EN_LG.png;No;Meta Play!
Greninja;Duskull;PRE 35;6;2;3;2,0;2,0;3;100,0;PRE;35;Common;Basic;https://limitlesstcg.nyc3.cdn.digitaloceanspaces.com/tpci/PRE/PRE_035_R_EN_LG.png;No;Meta Play!
Greninja;Dusclops;PRE 36;5;2;3;1,67;1,67;3;100,0;PRE;36;Common;Stage 1;https://limitlesstcg.nyc3.cdn.digitaloceanspaces.com/tpci/PRE/PRE_036_R_EN_LG.png;No;Meta Play!
Greninja;Dusknoir;PRE 37;6;2;3;2,0;2,0;3;100,0;PRE;37;Rare;Stage 2;https://limitlesstcg.nyc3.cdn.digitaloceanspaces.com/tpci/PRE/PRE_037_R_EN_LG.png;No;Meta Play!
Greninja;Meowth ex;POR 62;4;2;3;1,33;1,33;3;100,0;POR;62;Double Rare;Basic;https://limitlesstcg.nyc3.cdn.digitaloceanspaces.com/tpci/POR/POR_062_R_EN_LG.png;No;Meta Play!
Greninja;Staryu;POR 20;2;1;2;1,0;0,67;3;66,67;POR;20;Common;Basic;https://limitlesstcg.nyc3.cdn.digitaloceanspaces.com/tpci/POR/POR_020_R_EN_LG.png;No;Meta Play!
Greninja;Mega Starmie ex;POR 21;2;1;2;1,0;0,67;3;66,67;POR;21;Double Rare;Stage 1;https://limitlesstcg.nyc3.cdn.digitaloceanspaces.com/tpci/POR/POR_021_R_EN_LG.png;No;Meta Play!
Greninja;Fezandipiti ex;ASC 142;3;1;3;1,0;1,0;3;100,0;ASC;142;Double Rare;Basic;https://limitlesstcg.nyc3.cdn.digitaloceanspaces.com/tpci/ASC/ASC_142_R_EN_LG.png;No;Meta Play!
Greninja;Latias ex;SSP 76;1;1;1;1,0;0,33;3;33,33;SSP;76;Double Rare;Basic;https://limitlesstcg.nyc3.cdn.digitaloceanspaces.com/tpci/SSP/SSP_076_R_EN_LG.png;No;Meta Play!
Greninja;Budew;ASC 16;3;1;3;1,0;1,0;3;100,0;ASC;16;Common;Basic;https://limitlesstcg.nyc3.cdn.digitaloceanspaces.com/tpci/ASC/ASC_016_R_EN_LG.png;No;Meta Play!
Greninja;Lillie's Determination;MEG 119;12;4;3;4,0;4,0;3;100,0;MEG;119;Uncommon;Supporter;https://limitlesstcg.nyc3.cdn.digitaloceanspaces.com/tpci/MEG/MEG_119_R_EN_LG.png;No;Meta Play!
Greninja;Hilda;WHT 84;6;2;3;2,0;2,0;3;100,0;WHT;84;Uncommon;Supporter;https://limitlesstcg.nyc3.cdn.digitaloceanspaces.com/tpci/WHT/WHT_084_R_EN_LG.png;No;Meta Play!
Greninja;Colress's Tenacity;SFA 57;7;3;3;2,33;2,33;3;100,0;SFA;57;Uncommon;Supporter;https://limitlesstcg.nyc3.cdn.digitaloceanspaces.com/tpci/SFA/SFA_057_R_EN_LG.png;No;Meta Play!
Greninja;Boss's Orders;MEG 114;6;2;3;2,0;2,0;3;100,0;MEG;114;Uncommon;Supporter;https://limitlesstcg.nyc3.cdn.digitaloceanspaces.com/tpci/MEG/MEG_114_R_EN_LG.png;No;Meta Play!
Greninja;Ultra Ball;MEG 131;10;4;3;3,33;3,33;3;100,0;MEG;131;Common;Item;https://limitlesstcg.nyc3.cdn.digitaloceanspaces.com/tpci/MEG/MEG_131_R_EN_LG.png;No;Meta Play!
Greninja;Buddy-Buddy Poffin;ASC 184;12;4;3;4,0;4,0;3;100,0;ASC;184;Common;Item;https://limitlesstcg.nyc3.cdn.digitaloceanspaces.com/tpci/ASC/ASC_184_R_EN_LG.png;No;Meta Play!
Greninja;Poké Pad;POR 81;8;4;3;2,67;2,67;3;100,0;POR;81;Uncommon;Item;https://limitlesstcg.nyc3.cdn.digitaloceanspaces.com/tpci/POR/POR_081_R_EN_LG.png;No;Meta Play!
Greninja;Rare Candy;MEG 125;7;3;3;2,33;2,33;3;100,0;MEG;125;Common;Item;https://limitlesstcg.nyc3.cdn.digitaloceanspaces.com/tpci/MEG/MEG_125_R_EN_LG.png;No;Meta Play!
Greninja;Switch;MEG 130;2;1;2;1,0;0,67;3;66,67;MEG;130;Common;Item;https://limitlesstcg.nyc3.cdn.digitaloceanspaces.com/tpci/MEG/MEG_130_R_EN_LG.png;No;Meta Play!
Greninja;Night Stretcher;ASC 196;3;2;2;1,5;1,0;3;66,67;ASC;196;Common;Item;https://limitlesstcg.nyc3.cdn.digitaloceanspaces.com/tpci/ASC/ASC_196_R_EN_LG.png;No;Meta Play!
Greninja;Special Red Card;CRI 82;2;1;2;1,0;0,67;3;66,67;CRI;82;Uncommon;Item;https://limitlesstcg.nyc3.cdn.digitaloceanspaces.com/tpci/CRI/CRI_082_R_EN_LG.png;No;Meta Play!
Greninja;Grand Tree;SCR 136;3;1;3;1,0;1,0;3;100,0;SCR;136;Ultra Rare;Stadium;https://limitlesstcg.nyc3.cdn.digitaloceanspaces.com/tpci/SCR/SCR_136_R_EN_LG.png;Yes;Meta Play!
Greninja;Gravity Mountain;SSP 177;1;1;1;1,0;0,33;3;33,33;SSP;177;Uncommon;Stadium;https://limitlesstcg.nyc3.cdn.digitaloceanspaces.com/tpci/SSP/SSP_177_R_EN_LG.png;No;Meta Play!
Greninja;Water Energy;MEE 3;18;7;3;6,0;6,0;3;100,0;MEE;3;;Basic Energy;https://limitlesstcg.nyc3.cdn.digitaloceanspaces.com/tpci/MEE/MEE_003_R_EN_LG.png;No;Meta Play!
Greninja;Ignition Energy;WHT 86;8;3;3;2,67;2,67;3;100,0;WHT;86;Uncommon;Special Energy;https://limitlesstcg.nyc3.cdn.digitaloceanspaces.com/tpci/WHT/WHT_086_R_EN_LG.png;No;Meta Play!
Greninja;Bubbly Water Energy;CRI 84;1;1;1;1,0;0,33;3;33,33;CRI;84;Rare;Special Energy;https://limitlesstcg.nyc3.cdn.digitaloceanspaces.com/tpci/CRI/CRI_084_R_EN_LG.png;No;Meta Play!
Greninja;Surfer;ASC 200;1;1;1;1,0;0,33;3;33,33;ASC;200;Common;Supporter;https://limitlesstcg.nyc3.cdn.digitaloceanspaces.com/tpci/ASC/ASC_200_R_EN_LG.png;No;Meta Play!
Greninja;Black Belt's Training;JTG 143;1;1;1;1,0;0,33;3;33,33;JTG;143;Common;Supporter;https://limitlesstcg.nyc3.cdn.digitaloceanspaces.com/tpci/JTG/JTG_143_R_EN_LG.png;No;Meta Play!
Greninja;Sacred Ash;DRI 168;1;1;1;1,0;0,33;3;33,33;DRI;168;Uncommon;Item;https://limitlesstcg.nyc3.cdn.digitaloceanspaces.com/tpci/DRI/DRI_168_R_EN_LG.png;No;Meta Play!
Greninja;Mega Greninja ex;CRI 22;1;1;1;1,0;0,33;3;33,33;CRI;22;Double Rare;Stage 2;https://limitlesstcg.nyc3.cdn.digitaloceanspaces.com/tpci/CRI/CRI_022_R_EN_LG.png;No;Meta Play!
Greninja;N's Zorua;ASC 136;2;2;1;2,0;0,67;3;33,33;ASC;136;Common;Basic;https://limitlesstcg.nyc3.cdn.digitaloceanspaces.com/tpci/ASC/ASC_136_R_EN_LG.png;No;Meta Play!
Greninja;N's Zoroark ex;ASC 137;2;2;1;2,0;0,67;3;33,33;ASC;137;Double Rare;Stage 1;https://limitlesstcg.nyc3.cdn.digitaloceanspaces.com/tpci/ASC/ASC_137_R_EN_LG.png;No;Meta Play!
Greninja;Bloodmoon Ursaluna ex;TWM 141;1;1;1;1,0;0,33;3;33,33;TWM;141;Double Rare;Basic;https://limitlesstcg.nyc3.cdn.digitaloceanspaces.com/tpci/TWM/TWM_141_R_EN_LG.png;No;Meta Play!
Greninja;Shaymin;DRI 10;1;1;1;1,0;0,33;3;33,33;DRI;10;Uncommon;Basic;https://limitlesstcg.nyc3.cdn.digitaloceanspaces.com/tpci/DRI/DRI_010_R_EN_LG.png;No;Meta Play!
Greninja;Energy Search;POR 72;1;1;1;1,0;0,33;3;33,33;POR;72;Common;Item;https://limitlesstcg.nyc3.cdn.digitaloceanspaces.com/tpci/POR/POR_072_R_EN_LG.png;No;Meta Play!
Greninja;Air Balloon;ASC 181;1;1;1;1,0;0,33;3;33,33;ASC;181;Uncommon;Tool;https://limitlesstcg.nyc3.cdn.digitaloceanspaces.com/tpci/ASC/ASC_181_R_EN_LG.png;No;Meta Play!
Greninja;Team Rocket's Watchtower;ASC 210;1;1;1;1,0;0,33;3;33,33;ASC;210;Uncommon;Stadium;https://limitlesstcg.nyc3.cdn.digitaloceanspaces.com/tpci/ASC/ASC_210_R_EN_LG.png;No;Meta Play!
Mega Lucario;Riolu;PRE 50;29;4;8;3,62;3,62;8;100,0;PRE;50;Common;Basic;https://limitlesstcg.nyc3.cdn.digitaloceanspaces.com/tpci/PRE/PRE_050_R_EN_LG.png;No;Meta Play!
Mega Lucario;Mega Lucario ex;MEG 77;23;3;8;2,88;2,88;8;100,0;MEG;77;Double Rare;Stage 1;https://limitlesstcg.nyc3.cdn.digitaloceanspaces.com/tpci/MEG/MEG_077_R_EN_LG.png;No;Meta Play!
Mega Lucario;Dunsparce;JTG 120;15;3;6;2,5;1,88;8;75,0;JTG;120;Common;Basic;https://limitlesstcg.nyc3.cdn.digitaloceanspaces.com/tpci/JTG/JTG_120_R_EN_LG.png;No;Meta Play!
Mega Lucario;Dudunsparce;TEF 129;12;2;6;2,0;1,5;8;75,0;TEF;129;Rare;Stage 1;https://limitlesstcg.nyc3.cdn.digitaloceanspaces.com/tpci/TEF/TEF_129_R_EN_LG.png;No;Meta Play!
Mega Lucario;Dudunsparce ex;JTG 121;7;2;6;1,17;0,88;8;75,0;JTG;121;Double Rare;Stage 1;https://limitlesstcg.nyc3.cdn.digitaloceanspaces.com/tpci/JTG/JTG_121_R_EN_LG.png;No;Meta Play!
Mega Lucario;Lunatone;MEG 74;16;2;8;2,0;2,0;8;100,0;MEG;74;Rare;Basic;https://limitlesstcg.nyc3.cdn.digitaloceanspaces.com/tpci/MEG/MEG_074_R_EN_LG.png;No;Meta Play!
Mega Lucario;Solrock;MEG 75;17;3;8;2,12;2,12;8;100,0;MEG;75;Uncommon;Basic;https://limitlesstcg.nyc3.cdn.digitaloceanspaces.com/tpci/MEG/MEG_075_R_EN_LG.png;No;Meta Play!
Mega Lucario;Lillie's Determination;MEG 119;31;4;8;3,88;3,88;8;100,0;MEG;119;Uncommon;Supporter;https://limitlesstcg.nyc3.cdn.digitaloceanspaces.com/tpci/MEG/MEG_119_R_EN_LG.png;No;Meta Play!
Mega Lucario;Boss's Orders;MEG 114;22;4;7;3,14;2,75;8;87,5;MEG;114;Uncommon;Supporter;https://limitlesstcg.nyc3.cdn.digitaloceanspaces.com/tpci/MEG/MEG_114_R_EN_LG.png;No;Meta Play!
Mega Lucario;Hilda;WHT 84;9;3;4;2,25;1,12;8;50,0;WHT;84;Uncommon;Supporter;https://limitlesstcg.nyc3.cdn.digitaloceanspaces.com/tpci/WHT/WHT_084_R_EN_LG.png;No;Meta Play!
Mega Lucario;Judge;POR 76;12;4;4;3,0;1,5;8;50,0;POR;76;Uncommon;Supporter;https://limitlesstcg.nyc3.cdn.digitaloceanspaces.com/tpci/POR/POR_076_R_EN_LG.png;No;Meta Play!
Mega Lucario;Wally's Compassion;MEG 132;6;2;5;1,2;0,75;8;62,5;MEG;132;Uncommon;Supporter;https://limitlesstcg.nyc3.cdn.digitaloceanspaces.com/tpci/MEG/MEG_132_R_EN_LG.png;No;Meta Play!
Mega Lucario;Buddy-Buddy Poffin;ASC 184;16;4;6;2,67;2,0;8;75,0;ASC;184;Common;Item;https://limitlesstcg.nyc3.cdn.digitaloceanspaces.com/tpci/ASC/ASC_184_R_EN_LG.png;No;Meta Play!
Mega Lucario;Premium Power Pro;MEG 124;32;4;8;4,0;4,0;8;100,0;MEG;124;Uncommon;Item;https://limitlesstcg.nyc3.cdn.digitaloceanspaces.com/tpci/MEG/MEG_124_R_EN_LG.png;No;Meta Play!
Mega Lucario;Fighting Gong;MEG 116;32;4;8;4,0;4,0;8;100,0;MEG;116;Uncommon;Item;https://limitlesstcg.nyc3.cdn.digitaloceanspaces.com/tpci/MEG/MEG_116_R_EN_LG.png;No;Meta Play!
Mega Lucario;Poké Pad;POR 81;29;4;8;3,62;3,62;8;100,0;POR;81;Uncommon;Item;https://limitlesstcg.nyc3.cdn.digitaloceanspaces.com/tpci/POR/POR_081_R_EN_LG.png;No;Meta Play!
Mega Lucario;Special Red Card;CRI 82;3;1;3;1,0;0,38;8;37,5;CRI;82;Uncommon;Item;https://limitlesstcg.nyc3.cdn.digitaloceanspaces.com/tpci/CRI/CRI_082_R_EN_LG.png;No;Meta Play!
Mega Lucario;Secret Box;TWM 163;1;1;1;1,0;0,12;8;12,5;TWM;163;Ultra Rare;Item;https://limitlesstcg.nyc3.cdn.digitaloceanspaces.com/tpci/TWM/TWM_163_R_EN_LG.png;Yes;Meta Play!
Mega Lucario;Ultra Ball;MEG 131;20;4;8;2,5;2,5;8;100,0;MEG;131;Common;Item;https://limitlesstcg.nyc3.cdn.digitaloceanspaces.com/tpci/MEG/MEG_131_R_EN_LG.png;No;Meta Play!
Mega Lucario;Air Balloon;ASC 181;6;2;4;1,5;0,75;8;50,0;ASC;181;Uncommon;Tool;https://limitlesstcg.nyc3.cdn.digitaloceanspaces.com/tpci/ASC/ASC_181_R_EN_LG.png;No;Meta Play!
Mega Lucario;Gravity Mountain;SSP 177;14;2;8;1,75;1,75;8;100,0;SSP;177;Uncommon;Stadium;https://limitlesstcg.nyc3.cdn.digitaloceanspaces.com/tpci/SSP/SSP_177_R_EN_LG.png;No;Meta Play!
Mega Lucario;Fighting Energy;MEE 6;68;10;8;8,5;8,5;8;100,0;MEE;6;;Basic Energy;https://limitlesstcg.nyc3.cdn.digitaloceanspaces.com/tpci/MEE/MEE_006_R_EN_LG.png;No;Meta Play!
Mega Lucario;Rocky Fighting Energy;POR 87;19;4;7;2,71;2,38;8;87,5;POR;87;Rare;Special Energy;https://limitlesstcg.nyc3.cdn.digitaloceanspaces.com/tpci/POR/POR_087_R_EN_LG.png;No;Meta Play!
Mega Lucario;Genesect;SFA 40;2;1;2;1,0;0,25;8;25,0;SFA;40;Uncommon;Basic;https://limitlesstcg.nyc3.cdn.digitaloceanspaces.com/tpci/SFA/SFA_040_R_EN_LG.png;No;Meta Play!
Mega Lucario;Black Belt's Training;JTG 143;1;1;1;1,0;0,12;8;12,5;JTG;143;Common;Supporter;https://limitlesstcg.nyc3.cdn.digitaloceanspaces.com/tpci/JTG/JTG_143_R_EN_LG.png;No;Meta Play!
Mega Lucario;Lucky Helmet;TWM 158;3;3;1;3,0;0,38;8;12,5;TWM;158;Uncommon;Tool;https://limitlesstcg.nyc3.cdn.digitaloceanspaces.com/tpci/TWM/TWM_158_R_EN_LG.png;No;Meta Play!
Mega Lucario;Legacy Energy;TWM 167;2;1;2;1,0;0,25;8;25,0;TWM;167;Ultra Rare;Special Energy;https://limitlesstcg.nyc3.cdn.digitaloceanspaces.com/tpci/TWM/TWM_167_R_EN_LG.png;Yes;Meta Play!
Mega Lucario;Jamming Tower;TWM 153;1;1;1;1,0;0,12;8;12,5;TWM;153;Uncommon;Stadium;https://limitlesstcg.nyc3.cdn.digitaloceanspaces.com/tpci/TWM/TWM_153_R_EN_LG.png;No;Meta Play!
Mega Lucario;Makuhita;MEG 72;1;1;1;1,0;0,12;8;12,5;MEG;72;Common;Basic;https://limitlesstcg.nyc3.cdn.digitaloceanspaces.com/tpci/MEG/MEG_072_R_EN_LG.png;No;Meta Play!
Mega Lucario;Hariyama;MEG 73;1;1;1;1,0;0,12;8;12,5;MEG;73;Rare;Stage 1;https://limitlesstcg.nyc3.cdn.digitaloceanspaces.com/tpci/MEG/MEG_073_R_EN_LG.png;No;Meta Play!
Mega Lucario;Night Stretcher;ASC 196;4;2;3;1,33;0,5;8;37,5;ASC;196;Common;Item;https://limitlesstcg.nyc3.cdn.digitaloceanspaces.com/tpci/ASC/ASC_196_R_EN_LG.png;No;Meta Play!
Mega Lucario;Switch;MEG 130;6;2;5;1,2;0,75;8;62,5;MEG;130;Common;Item;https://limitlesstcg.nyc3.cdn.digitaloceanspaces.com/tpci/MEG/MEG_130_R_EN_LG.png;No;Meta Play!
Mega Lucario;Maximum Belt;TEF 154;3;1;3;1,0;0,38;8;37,5;TEF;154;Ultra Rare;Tool;https://limitlesstcg.nyc3.cdn.digitaloceanspaces.com/tpci/TEF/TEF_154_R_EN_LG.png;Yes;Meta Play!
Mega Lucario;Pokémon Catcher;POR 82;4;4;1;4,0;0,5;8;12,5;POR;82;Common;Item;https://limitlesstcg.nyc3.cdn.digitaloceanspaces.com/tpci/POR/POR_082_R_EN_LG.png;No;Meta Play!
Mega Lucario;Hero's Cape;TEF 152;2;1;2;1,0;0,25;8;25,0;TEF;152;Ultra Rare;Tool;https://limitlesstcg.nyc3.cdn.digitaloceanspaces.com/tpci/TEF/TEF_152_R_EN_LG.png;Yes;Meta Play!
Mega Lucario;Lucario;30C 83;1;1;1;1,0;0,12;8;12,5;30C;83;Common;Stage 1;https://limitlesstcg.nyc3.cdn.digitaloceanspaces.com/tpci/30C/30C_083_R_EN_LG.png;No;Meta Play!
Mega Lucario;Team Rocket's Petrel;ASC 207;3;3;1;3,0;0,38;8;12,5;ASC;207;Uncommon;Supporter;https://limitlesstcg.nyc3.cdn.digitaloceanspaces.com/tpci/ASC/ASC_207_R_EN_LG.png;No;Meta Play!
Mega Lucario;Pokégear 3.0;SVI 186;2;2;1;2,0;0,25;8;12,5;SVI;186;Common;Item;https://limitlesstcg.nyc3.cdn.digitaloceanspaces.com/tpci/SVI/SVI_186_R_EN_LG.png;No;Meta Play!
Mega Lucario;Mew ex;30C 66;1;1;1;1,0;0,12;8;12,5;30C;66;Double Rare;Basic;https://limitlesstcg.nyc3.cdn.digitaloceanspaces.com/tpci/30C/30C_066_R_EN_LG.png;No;Meta Play!
Mega Lucario;Meowth ex;POR 62;1;1;1;1,0;0,12;8;12,5;POR;62;Double Rare;Basic;https://limitlesstcg.nyc3.cdn.digitaloceanspaces.com/tpci/POR/POR_062_R_EN_LG.png;No;Meta Play!
Mega Lucario;Cornerstone Mask Ogerpon ex;TWM 112;2;1;2;1,0;0,25;8;25,0;TWM;112;Double Rare;Basic;https://limitlesstcg.nyc3.cdn.digitaloceanspaces.com/tpci/TWM/TWM_112_R_EN_LG.png;No;Meta Play!
Mega Lucario;Fezandipiti ex;ASC 142;1;1;1;1,0;0,12;8;12,5;ASC;142;Double Rare;Basic;https://limitlesstcg.nyc3.cdn.digitaloceanspaces.com/tpci/ASC/ASC_142_R_EN_LG.png;No;Meta Play!
Alakazam Dudunsparce;Abra;MEG 54;92;4;23;4,0;4,0;23;100,0;MEG;54;Common;Basic;https://limitlesstcg.nyc3.cdn.digitaloceanspaces.com/tpci/MEG/MEG_054_R_EN_LG.png;No;Meta Play!
Alakazam Dudunsparce;Kadabra;MEG 55;91;4;23;3,96;3,96;23;100,0;MEG;55;Uncommon;Stage 1;https://limitlesstcg.nyc3.cdn.digitaloceanspaces.com/tpci/MEG/MEG_055_R_EN_LG.png;No;Meta Play!
Alakazam Dudunsparce;Alakazam;MEG 56;76;4;23;3,3;3,3;23;100,0;MEG;56;Rare;Stage 2;https://limitlesstcg.nyc3.cdn.digitaloceanspaces.com/tpci/MEG/MEG_056_R_EN_LG.png;No;Meta Play!
Alakazam Dudunsparce;Dunsparce;JTG 120;67;3;23;2,91;2,91;23;100,0;JTG;120;Common;Basic;https://limitlesstcg.nyc3.cdn.digitaloceanspaces.com/tpci/JTG/JTG_120_R_EN_LG.png;No;Meta Play!
Alakazam Dudunsparce;Dudunsparce;TEF 129;50;3;23;2,17;2,17;23;100,0;TEF;129;Rare;Stage 1;https://limitlesstcg.nyc3.cdn.digitaloceanspaces.com/tpci/TEF/TEF_129_R_EN_LG.png;No;Meta Play!
Alakazam Dudunsparce;Fezandipiti ex;ASC 142;23;1;23;1,0;1,0;23;100,0;ASC;142;Double Rare;Basic;https://limitlesstcg.nyc3.cdn.digitaloceanspaces.com/tpci/ASC/ASC_142_R_EN_LG.png;No;Meta Play!
Alakazam Dudunsparce;Dedenne;SSP 87;10;1;10;1,0;0,43;23;43,48;SSP;87;Common;Basic;https://limitlesstcg.nyc3.cdn.digitaloceanspaces.com/tpci/SSP/SSP_087_R_EN_LG.png;No;Meta Play!
Alakazam Dudunsparce;Genesect;SFA 40;22;2;20;1,1;0,96;23;86,96;SFA;40;Uncommon;Basic;https://limitlesstcg.nyc3.cdn.digitaloceanspaces.com/tpci/SFA/SFA_040_R_EN_LG.png;No;Meta Play!
Alakazam Dudunsparce;Shaymin;DRI 10;18;1;18;1,0;0,78;23;78,26;DRI;10;Uncommon;Basic;https://limitlesstcg.nyc3.cdn.digitaloceanspaces.com/tpci/DRI/DRI_010_R_EN_LG.png;No;Meta Play!
Alakazam Dudunsparce;Dawn;PFL 87;87;4;23;3,78;3,78;23;100,0;PFL;87;Uncommon;Supporter;https://limitlesstcg.nyc3.cdn.digitaloceanspaces.com/tpci/PFL/PFL_087_R_EN_LG.png;No;Meta Play!
Alakazam Dudunsparce;Hilda;WHT 84;72;4;23;3,13;3,13;23;100,0;WHT;84;Uncommon;Supporter;https://limitlesstcg.nyc3.cdn.digitaloceanspaces.com/tpci/WHT/WHT_084_R_EN_LG.png;No;Meta Play!
Alakazam Dudunsparce;Boss's Orders;MEG 114;47;4;22;2,14;2,04;23;95,65;MEG;114;Uncommon;Supporter;https://limitlesstcg.nyc3.cdn.digitaloceanspaces.com/tpci/MEG/MEG_114_R_EN_LG.png;No;Meta Play!
Alakazam Dudunsparce;Eri;TEF 146;22;2;21;1,05;0,96;23;91,3;TEF;146;Uncommon;Supporter;https://limitlesstcg.nyc3.cdn.digitaloceanspaces.com/tpci/TEF/TEF_146_R_EN_LG.png;No;Meta Play!
Alakazam Dudunsparce;Lana's Aid;TWM 155;12;1;12;1,0;0,52;23;52,17;TWM;155;Uncommon;Supporter;https://limitlesstcg.nyc3.cdn.digitaloceanspaces.com/tpci/TWM/TWM_155_R_EN_LG.png;No;Meta Play!
Alakazam Dudunsparce;Buddy-Buddy Poffin;ASC 184;92;4;23;4,0;4,0;23;100,0;ASC;184;Common;Item;https://limitlesstcg.nyc3.cdn.digitaloceanspaces.com/tpci/ASC/ASC_184_R_EN_LG.png;No;Meta Play!
Alakazam Dudunsparce;Poké Pad;POR 81;91;4;23;3,96;3,96;23;100,0;POR;81;Uncommon;Item;https://limitlesstcg.nyc3.cdn.digitaloceanspaces.com/tpci/POR/POR_081_R_EN_LG.png;No;Meta Play!
Alakazam Dudunsparce;Rare Candy;MEG 125;61;4;23;2,65;2,65;23;100,0;MEG;125;Common;Item;https://limitlesstcg.nyc3.cdn.digitaloceanspaces.com/tpci/MEG/MEG_125_R_EN_LG.png;No;Meta Play!
Alakazam Dudunsparce;Enhanced Hammer;TWM 148;21;2;12;1,75;0,91;23;52,17;TWM;148;Uncommon;Item;https://limitlesstcg.nyc3.cdn.digitaloceanspaces.com/tpci/TWM/TWM_148_R_EN_LG.png;No;Meta Play!
Alakazam Dudunsparce;Sacred Ash;DRI 168;23;1;23;1,0;1,0;23;100,0;DRI;168;Uncommon;Item;https://limitlesstcg.nyc3.cdn.digitaloceanspaces.com/tpci/DRI/DRI_168_R_EN_LG.png;No;Meta Play!
Alakazam Dudunsparce;Special Red Card;CRI 82;10;1;10;1,0;0,43;23;43,48;CRI;82;Uncommon;Item;https://limitlesstcg.nyc3.cdn.digitaloceanspaces.com/tpci/CRI/CRI_082_R_EN_LG.png;No;Meta Play!
Alakazam Dudunsparce;Night Stretcher;ASC 196;20;2;17;1,18;0,87;23;73,91;ASC;196;Common;Item;https://limitlesstcg.nyc3.cdn.digitaloceanspaces.com/tpci/ASC/ASC_196_R_EN_LG.png;No;Meta Play!
Alakazam Dudunsparce;Handheld Fan;TWM 150;26;2;14;1,86;1,13;23;60,87;TWM;150;Uncommon;Tool;https://limitlesstcg.nyc3.cdn.digitaloceanspaces.com/tpci/TWM/TWM_150_R_EN_LG.png;No;Meta Play!
Alakazam Dudunsparce;Lucky Helmet;TWM 158;6;2;4;1,5;0,26;23;17,39;TWM;158;Uncommon;Tool;https://limitlesstcg.nyc3.cdn.digitaloceanspaces.com/tpci/TWM/TWM_158_R_EN_LG.png;No;Meta Play!
Alakazam Dudunsparce;Battle Cage;PFL 85;42;4;19;2,21;1,83;23;82,61;PFL;85;Uncommon;Stadium;https://limitlesstcg.nyc3.cdn.digitaloceanspaces.com/tpci/PFL/PFL_085_R_EN_LG.png;No;Meta Play!
Alakazam Dudunsparce;Telepathic Psychic Energy;POR 88;91;4;23;3,96;3,96;23;100,0;POR;88;Rare;Special Energy;https://limitlesstcg.nyc3.cdn.digitaloceanspaces.com/tpci/POR/POR_088_R_EN_LG.png;No;Meta Play!
Alakazam Dudunsparce;Psychic Energy;MEE 5;34;2;23;1,48;1,48;23;100,0;MEE;5;;Basic Energy;https://limitlesstcg.nyc3.cdn.digitaloceanspaces.com/tpci/MEE/MEE_005_R_EN_LG.png;No;Meta Play!
Alakazam Dudunsparce;Enriching Energy;SSP 191;23;1;23;1,0;1,0;23;100,0;SSP;191;Ultra Rare;Special Energy;https://limitlesstcg.nyc3.cdn.digitaloceanspaces.com/tpci/SSP/SSP_191_R_EN_LG.png;Yes;Meta Play!
Alakazam Dudunsparce;Elgyem;BLK 40;8;1;8;1,0;0,35;23;34,78;BLK;40;Common;Basic;https://limitlesstcg.nyc3.cdn.digitaloceanspaces.com/tpci/BLK/BLK_040_R_EN_LG.png;No;Meta Play!
Alakazam Dudunsparce;Lillie's Clefairy ex;ASC 76;11;1;11;1,0;0,48;23;47,83;ASC;76;Double Rare;Basic;https://limitlesstcg.nyc3.cdn.digitaloceanspaces.com/tpci/ASC/ASC_076_R_EN_LG.png;No;Meta Play!
Alakazam Dudunsparce;Wondrous Patch;PFL 94;19;2;11;1,73;0,83;23;47,83;PFL;94;Uncommon;Item;https://limitlesstcg.nyc3.cdn.digitaloceanspaces.com/tpci/PFL/PFL_094_R_EN_LG.png;No;Meta Play!
Alakazam Dudunsparce;Air Balloon;ASC 181;20;2;14;1,43;0,87;23;60,87;ASC;181;Uncommon;Tool;https://limitlesstcg.nyc3.cdn.digitaloceanspaces.com/tpci/ASC/ASC_181_R_EN_LG.png;No;Meta Play!
Alakazam Dudunsparce;Nighttime Mine;ASC 197;42;4;17;2,47;1,83;23;73,91;ASC;197;Uncommon;Stadium;https://limitlesstcg.nyc3.cdn.digitaloceanspaces.com/tpci/ASC/ASC_197_R_EN_LG.png;No;Meta Play!
Alakazam Dudunsparce;Psyduck;ASC 39;6;1;6;1,0;0,26;23;26,09;ASC;39;Common;Basic;https://limitlesstcg.nyc3.cdn.digitaloceanspaces.com/tpci/ASC/ASC_039_R_EN_LG.png;No;Meta Play!
Alakazam Dudunsparce;Switch;MEG 130;3;1;3;1,0;0,13;23;13,04;MEG;130;Common;Item;https://limitlesstcg.nyc3.cdn.digitaloceanspaces.com/tpci/MEG/MEG_130_R_EN_LG.png;No;Meta Play!
Alakazam Dudunsparce;Lillie's Pearl;JTG 151;7;1;7;1,0;0,3;23;30,43;JTG;151;Uncommon;Tool;https://limitlesstcg.nyc3.cdn.digitaloceanspaces.com/tpci/JTG/JTG_151_R_EN_LG.png;No;Meta Play!
Alakazam Dudunsparce;Dudunsparce ex;JTG 121;1;1;1;1,0;0,04;23;4,35;JTG;121;Double Rare;Stage 1;https://limitlesstcg.nyc3.cdn.digitaloceanspaces.com/tpci/JTG/JTG_121_R_EN_LG.png;No;Meta Play!
Alakazam Dudunsparce;Rust Syndicate Grunt;PBL 81;7;2;5;1,4;0,3;23;21,74;PBL;81;Uncommon;Supporter;https://limitlesstcg.nyc3.cdn.digitaloceanspaces.com/tpci/PBL/PBL_081_R_EN_LG.png;No;Meta Play!
Alakazam Dudunsparce;Rellor;TEF 23;1;1;1;1,0;0,04;23;4,35;TEF;23;Common;Basic;https://limitlesstcg.nyc3.cdn.digitaloceanspaces.com/tpci/TEF/TEF_023_R_EN_LG.png;No;Meta Play!
Alakazam Dudunsparce;Rabsca;TEF 24;1;1;1;1,0;0,04;23;4,35;TEF;24;Uncommon;Stage 1;https://limitlesstcg.nyc3.cdn.digitaloceanspaces.com/tpci/TEF/TEF_024_R_EN_LG.png;No;Meta Play!
Alakazam Dudunsparce;Xerosic's Machinations;SFA 64;3;2;2;1,5;0,13;23;8,7;SFA;64;Uncommon;Supporter;https://limitlesstcg.nyc3.cdn.digitaloceanspaces.com/tpci/SFA/SFA_064_R_EN_LG.png;No;Meta Play!
Alakazam Dudunsparce;Energy Swatter;POR 73;4;4;1;4,0;0,17;23;4,35;POR;73;Uncommon;Item;https://limitlesstcg.nyc3.cdn.digitaloceanspaces.com/tpci/POR/POR_073_R_EN_LG.png;No;Meta Play!
Alakazam Dudunsparce;Crushing Hammer;POR 71;2;2;1;2,0;0,09;23;4,35;POR;71;Common;Item;https://limitlesstcg.nyc3.cdn.digitaloceanspaces.com/tpci/POR/POR_071_R_EN_LG.png;No;Meta Play!
Alakazam Dudunsparce;Pikipek;PBL 66;2;2;1;2,0;0,09;23;4,35;PBL;66;Common;Basic;https://limitlesstcg.nyc3.cdn.digitaloceanspaces.com/tpci/PBL/PBL_066_R_EN_LG.png;No;Meta Play!
Alakazam Dudunsparce;Trumbeak;PBL 67;1;1;1;1,0;0,04;23;4,35;PBL;67;Common;Stage 1;https://limitlesstcg.nyc3.cdn.digitaloceanspaces.com/tpci/PBL/PBL_067_R_EN_LG.png;No;Meta Play!
Alakazam Dudunsparce;Toucannon;PBL 68;2;2;1;2,0;0,09;23;4,35;PBL;68;Uncommon;Stage 2;https://limitlesstcg.nyc3.cdn.digitaloceanspaces.com/tpci/PBL/PBL_068_R_EN_LG.png;No;Meta Play!
Alakazam Dudunsparce;Duskull;PRE 35;3;3;1;3,0;0,13;23;4,35;PRE;35;Common;Basic;https://limitlesstcg.nyc3.cdn.digitaloceanspaces.com/tpci/PRE/PRE_035_R_EN_LG.png;No;Meta Play!
Alakazam Dudunsparce;Dusclops;PRE 36;2;2;1;2,0;0,09;23;4,35;PRE;36;Common;Stage 1;https://limitlesstcg.nyc3.cdn.digitaloceanspaces.com/tpci/PRE/PRE_036_R_EN_LG.png;No;Meta Play!
Alakazam Dudunsparce;Dusknoir;PRE 37;2;2;1;2,0;0,09;23;4,35;PRE;37;Rare;Stage 2;https://limitlesstcg.nyc3.cdn.digitaloceanspaces.com/tpci/PRE/PRE_037_R_EN_LG.png;No;Meta Play!
Alakazam Dudunsparce;Budew;ASC 16;1;1;1;1,0;0,04;23;4,35;ASC;16;Common;Basic;https://limitlesstcg.nyc3.cdn.digitaloceanspaces.com/tpci/ASC/ASC_016_R_EN_LG.png;No;Meta Play!
Alakazam Dudunsparce;Gwynn;PBL 78;3;3;1;3,0;0,13;23;4,35;PBL;78;Uncommon;Supporter;https://limitlesstcg.nyc3.cdn.digitaloceanspaces.com/tpci/PBL/PBL_078_R_EN_LG.png;No;Meta Play!
Rocket's Honchkrow;Team Rocket's Murkrow;ASC 126;36;4;9;4,0;4,0;9;100,0;ASC;126;Common;Basic;https://limitlesstcg.nyc3.cdn.digitaloceanspaces.com/tpci/ASC/ASC_126_R_EN_LG.png;No;Meta Play!
Rocket's Honchkrow;Team Rocket's Honchkrow;ASC 127;28;4;9;3,11;3,11;9;100,0;ASC;127;Rare;Stage 1;https://limitlesstcg.nyc3.cdn.digitaloceanspaces.com/tpci/ASC/ASC_127_R_EN_LG.png;No;Meta Play!
Rocket's Honchkrow;Team Rocket's Porygon;DRI 153;17;2;9;1,89;1,89;9;100,0;DRI;153;Common;Basic;https://limitlesstcg.nyc3.cdn.digitaloceanspaces.com/tpci/DRI/DRI_153_R_EN_LG.png;No;Meta Play!
Rocket's Honchkrow;Team Rocket's Porygon2;DRI 154;9;1;9;1,0;1,0;9;100,0;DRI;154;Common;Stage 1;https://limitlesstcg.nyc3.cdn.digitaloceanspaces.com/tpci/DRI/DRI_154_R_EN_LG.png;No;Meta Play!
Rocket's Honchkrow;Team Rocket's Articuno;DRI 51;16;2;9;1,78;1,78;9;100,0;DRI;51;Rare;Basic;https://limitlesstcg.nyc3.cdn.digitaloceanspaces.com/tpci/DRI/DRI_051_R_EN_LG.png;No;Meta Play!
Rocket's Honchkrow;Team Rocket's Petrel;ASC 207;36;4;9;4,0;4,0;9;100,0;ASC;207;Uncommon;Supporter;https://limitlesstcg.nyc3.cdn.digitaloceanspaces.com/tpci/ASC/ASC_207_R_EN_LG.png;No;Meta Play!
Rocket's Honchkrow;Team Rocket's Proton;ASC 208;36;4;9;4,0;4,0;9;100,0;ASC;208;Uncommon;Supporter;https://limitlesstcg.nyc3.cdn.digitaloceanspaces.com/tpci/ASC/ASC_208_R_EN_LG.png;No;Meta Play!
Rocket's Honchkrow;Team Rocket's Ariana;ASC 202;36;4;9;4,0;4,0;9;100,0;ASC;202;Uncommon;Supporter;https://limitlesstcg.nyc3.cdn.digitaloceanspaces.com/tpci/ASC/ASC_202_R_EN_LG.png;No;Meta Play!
Rocket's Honchkrow;Team Rocket's Giovanni;ASC 204;36;4;9;4,0;4,0;9;100,0;ASC;204;Uncommon;Supporter;https://limitlesstcg.nyc3.cdn.digitaloceanspaces.com/tpci/ASC/ASC_204_R_EN_LG.png;No;Meta Play!
Rocket's Honchkrow;Team Rocket's Archer;ASC 201;36;4;9;4,0;4,0;9;100,0;ASC;201;Uncommon;Supporter;https://limitlesstcg.nyc3.cdn.digitaloceanspaces.com/tpci/ASC/ASC_201_R_EN_LG.png;No;Meta Play!
Rocket's Honchkrow;Team Rocket's Transceiver;ASC 209;36;4;9;4,0;4,0;9;100,0;ASC;209;Uncommon;Item;https://limitlesstcg.nyc3.cdn.digitaloceanspaces.com/tpci/ASC/ASC_209_R_EN_LG.png;No;Meta Play!
Rocket's Honchkrow;Poké Pad;POR 81;30;4;9;3,33;3,33;9;100,0;POR;81;Uncommon;Item;https://limitlesstcg.nyc3.cdn.digitaloceanspaces.com/tpci/POR/POR_081_R_EN_LG.png;No;Meta Play!
Rocket's Honchkrow;Roto-Stick;PRE 127;29;4;8;3,62;3,22;9;88,89;PRE;127;Common;Item;https://limitlesstcg.nyc3.cdn.digitaloceanspaces.com/tpci/PRE/PRE_127_R_EN_LG.png;No;Meta Play!
Rocket's Honchkrow;Night Stretcher;ASC 196;24;3;9;2,67;2,67;9;100,0;ASC;196;Common;Item;https://limitlesstcg.nyc3.cdn.digitaloceanspaces.com/tpci/ASC/ASC_196_R_EN_LG.png;No;Meta Play!
Rocket's Honchkrow;Pokégear 3.0;SVI 186;8;3;4;2,0;0,89;9;44,44;SVI;186;Common;Item;https://limitlesstcg.nyc3.cdn.digitaloceanspaces.com/tpci/SVI/SVI_186_R_EN_LG.png;No;Meta Play!
Rocket's Honchkrow;Miracle Headset;SSP 183;8;1;8;1,0;0,89;9;88,89;SSP;183;Ultra Rare;Item;https://limitlesstcg.nyc3.cdn.digitaloceanspaces.com/tpci/SSP/SSP_183_R_EN_LG.png;Yes;Meta Play!
Rocket's Honchkrow;Lucky Helmet;TWM 158;10;4;5;2,0;1,11;9;55,56;TWM;158;Uncommon;Tool;https://limitlesstcg.nyc3.cdn.digitaloceanspaces.com/tpci/TWM/TWM_158_R_EN_LG.png;No;Meta Play!
Rocket's Honchkrow;Team Rocket's Factory;ASC 203;28;4;9;3,11;3,11;9;100,0;ASC;203;Uncommon;Stadium;https://limitlesstcg.nyc3.cdn.digitaloceanspaces.com/tpci/ASC/ASC_203_R_EN_LG.png;No;Meta Play!
Rocket's Honchkrow;Team Rocket's Energy;ASC 217;36;4;9;4,0;4,0;9;100,0;ASC;217;Uncommon;Special Energy;https://limitlesstcg.nyc3.cdn.digitaloceanspaces.com/tpci/ASC/ASC_217_R_EN_LG.png;No;Meta Play!
Rocket's Honchkrow;Ignition Energy;WHT 86;35;4;9;3,89;3,89;9;100,0;WHT;86;Uncommon;Special Energy;https://limitlesstcg.nyc3.cdn.digitaloceanspaces.com/tpci/WHT/WHT_086_R_EN_LG.png;No;Meta Play!
Rocket's Honchkrow;Ultra Ball;MEG 131;4;1;4;1,0;0,44;9;44,44;MEG;131;Common;Item;https://limitlesstcg.nyc3.cdn.digitaloceanspaces.com/tpci/MEG/MEG_131_R_EN_LG.png;No;Meta Play!
Rocket's Honchkrow;Fezandipiti ex;ASC 142;1;1;1;1,0;0,11;9;11,11;ASC;142;Double Rare;Basic;https://limitlesstcg.nyc3.cdn.digitaloceanspaces.com/tpci/ASC/ASC_142_R_EN_LG.png;No;Meta Play!
Rocket's Honchkrow;Air Balloon;ASC 181;1;1;1;1,0;0,11;9;11,11;ASC;181;Uncommon;Tool;https://limitlesstcg.nyc3.cdn.digitaloceanspaces.com/tpci/ASC/ASC_181_R_EN_LG.png;No;Meta Play!
Rocket's Honchkrow;Team Rocket's Mimikyu;ASC 97;1;1;1;1,0;0,11;9;11,11;ASC;97;Uncommon;Basic;https://limitlesstcg.nyc3.cdn.digitaloceanspaces.com/tpci/ASC/ASC_097_R_EN_LG.png;No;Meta Play!
Rocket's Honchkrow;Hilda;WHT 84;1;1;1;1,0;0,11;9;11,11;WHT;84;Uncommon;Supporter;https://limitlesstcg.nyc3.cdn.digitaloceanspaces.com/tpci/WHT/WHT_084_R_EN_LG.png;No;Meta Play!
Rocket's Honchkrow;Prime Catcher;TEF 157;1;1;1;1,0;0,11;9;11,11;TEF;157;Ultra Rare;Item;https://limitlesstcg.nyc3.cdn.digitaloceanspaces.com/tpci/TEF/TEF_157_R_EN_LG.png;Yes;Meta Play!
Rocket's Honchkrow;Brave Bangle;WHT 80;1;1;1;1,0;0,11;9;11,11;WHT;80;Uncommon;Tool;https://limitlesstcg.nyc3.cdn.digitaloceanspaces.com/tpci/WHT/WHT_080_R_EN_LG.png;No;Meta Play!
Ogerpon Meganium Arboliva;Teal Mask Ogerpon ex;TWM 25;24;4;6;4,0;4,0;6;100,0;TWM;25;Double Rare;Basic;https://limitlesstcg.nyc3.cdn.digitaloceanspaces.com/tpci/TWM/TWM_025_R_EN_LG.png;No;Meta Play!
Ogerpon Meganium Arboliva;Smoliv;DRI 21;12;2;6;2,0;2,0;6;100,0;DRI;21;Common;Basic;https://limitlesstcg.nyc3.cdn.digitaloceanspaces.com/tpci/DRI/DRI_021_R_EN_LG.png;No;Meta Play!
Ogerpon Meganium Arboliva;Dolliv;DRI 22;12;2;6;2,0;2,0;6;100,0;DRI;22;Common;Stage 1;https://limitlesstcg.nyc3.cdn.digitaloceanspaces.com/tpci/DRI/DRI_022_R_EN_LG.png;No;Meta Play!
Ogerpon Meganium Arboliva;Arboliva ex;DRI 23;12;2;6;2,0;2,0;6;100,0;DRI;23;Double Rare;Stage 2;https://limitlesstcg.nyc3.cdn.digitaloceanspaces.com/tpci/DRI/DRI_023_R_EN_LG.png;No;Meta Play!
Ogerpon Meganium Arboliva;Chikorita;ASC 8;12;2;6;2,0;2,0;6;100,0;ASC;8;Common;Basic;https://limitlesstcg.nyc3.cdn.digitaloceanspaces.com/tpci/ASC/ASC_008_R_EN_LG.png;No;Meta Play!
Ogerpon Meganium Arboliva;Bayleef;MEG 9;12;2;6;2,0;2,0;6;100,0;MEG;9;Common;Stage 1;https://limitlesstcg.nyc3.cdn.digitaloceanspaces.com/tpci/MEG/MEG_009_R_EN_LG.png;No;Meta Play!
Ogerpon Meganium Arboliva;Meganium;MEG 10;12;2;6;2,0;2,0;6;100,0;MEG;10;Rare;Stage 2;https://limitlesstcg.nyc3.cdn.digitaloceanspaces.com/tpci/MEG/MEG_010_R_EN_LG.png;No;Meta Play!
Ogerpon Meganium Arboliva;Meowth ex;POR 62;10;2;6;1,67;1,67;6;100,0;POR;62;Double Rare;Basic;https://limitlesstcg.nyc3.cdn.digitaloceanspaces.com/tpci/POR/POR_062_R_EN_LG.png;No;Meta Play!
Ogerpon Meganium Arboliva;Budew;ASC 16;6;1;6;1,0;1,0;6;100,0;ASC;16;Common;Basic;https://limitlesstcg.nyc3.cdn.digitaloceanspaces.com/tpci/ASC/ASC_016_R_EN_LG.png;No;Meta Play!
Ogerpon Meganium Arboliva;Fezandipiti ex;ASC 142;6;1;6;1,0;1,0;6;100,0;ASC;142;Double Rare;Basic;https://limitlesstcg.nyc3.cdn.digitaloceanspaces.com/tpci/ASC/ASC_142_R_EN_LG.png;No;Meta Play!
Ogerpon Meganium Arboliva;Lillie's Determination;MEG 119;24;4;6;4,0;4,0;6;100,0;MEG;119;Uncommon;Supporter;https://limitlesstcg.nyc3.cdn.digitaloceanspaces.com/tpci/MEG/MEG_119_R_EN_LG.png;No;Meta Play!
Ogerpon Meganium Arboliva;Dawn;PFL 87;12;2;6;2,0;2,0;6;100,0;PFL;87;Uncommon;Supporter;https://limitlesstcg.nyc3.cdn.digitaloceanspaces.com/tpci/PFL/PFL_087_R_EN_LG.png;No;Meta Play!
Ogerpon Meganium Arboliva;Boss's Orders;MEG 114;12;2;6;2,0;2,0;6;100,0;MEG;114;Uncommon;Supporter;https://limitlesstcg.nyc3.cdn.digitaloceanspaces.com/tpci/MEG/MEG_114_R_EN_LG.png;No;Meta Play!
Ogerpon Meganium Arboliva;Lana's Aid;TWM 155;6;1;6;1,0;1,0;6;100,0;TWM;155;Uncommon;Supporter;https://limitlesstcg.nyc3.cdn.digitaloceanspaces.com/tpci/TWM/TWM_155_R_EN_LG.png;No;Meta Play!
Ogerpon Meganium Arboliva;Ciphermaniac's Codebreaking;TEF 145;4;1;4;1,0;0,67;6;66,67;TEF;145;Uncommon;Supporter;https://limitlesstcg.nyc3.cdn.digitaloceanspaces.com/tpci/TEF/TEF_145_R_EN_LG.png;No;Meta Play!
Ogerpon Meganium Arboliva;Judge;POR 76;4;1;4;1,0;0,67;6;66,67;POR;76;Uncommon;Supporter;https://limitlesstcg.nyc3.cdn.digitaloceanspaces.com/tpci/POR/POR_076_R_EN_LG.png;No;Meta Play!
Ogerpon Meganium Arboliva;Bug Catching Set;TWM 143;23;4;6;3,83;3,83;6;100,0;TWM;143;Uncommon;Item;https://limitlesstcg.nyc3.cdn.digitaloceanspaces.com/tpci/TWM/TWM_143_R_EN_LG.png;No;Meta Play!
Ogerpon Meganium Arboliva;Ultra Ball;MEG 131;21;4;6;3,5;3,5;6;100,0;MEG;131;Common;Item;https://limitlesstcg.nyc3.cdn.digitaloceanspaces.com/tpci/MEG/MEG_131_R_EN_LG.png;No;Meta Play!
Ogerpon Meganium Arboliva;Unfair Stamp;TWM 165;6;1;6;1,0;1,0;6;100,0;TWM;165;Ultra Rare;Item;https://limitlesstcg.nyc3.cdn.digitaloceanspaces.com/tpci/TWM/TWM_165_R_EN_LG.png;Yes;Meta Play!
Ogerpon Meganium Arboliva;Poké Pad;POR 81;9;3;6;1,5;1,5;6;100,0;POR;81;Uncommon;Item;https://limitlesstcg.nyc3.cdn.digitaloceanspaces.com/tpci/POR/POR_081_R_EN_LG.png;No;Meta Play!
Ogerpon Meganium Arboliva;Night Stretcher;ASC 196;7;2;6;1,17;1,17;6;100,0;ASC;196;Common;Item;https://limitlesstcg.nyc3.cdn.digitaloceanspaces.com/tpci/ASC/ASC_196_R_EN_LG.png;No;Meta Play!
Ogerpon Meganium Arboliva;Energy Switch;MEG 115;7;2;6;1,17;1,17;6;100,0;MEG;115;Common;Item;https://limitlesstcg.nyc3.cdn.digitaloceanspaces.com/tpci/MEG/MEG_115_R_EN_LG.png;No;Meta Play!
Ogerpon Meganium Arboliva;Forest of Vitality;MEG 117;24;4;6;4,0;4,0;6;100,0;MEG;117;Uncommon;Stadium;https://limitlesstcg.nyc3.cdn.digitaloceanspaces.com/tpci/MEG/MEG_117_R_EN_LG.png;No;Meta Play!
Ogerpon Meganium Arboliva;Grass Energy;MEE 1;73;13;6;12,17;12,17;6;100,0;MEE;1;;Basic Energy;https://limitlesstcg.nyc3.cdn.digitaloceanspaces.com/tpci/MEE/MEE_001_R_EN_LG.png;No;Meta Play!
Ogerpon Meganium Arboliva;Briar;SCR 132;5;1;5;1,0;0,83;6;83,33;SCR;132;Uncommon;Supporter;https://limitlesstcg.nyc3.cdn.digitaloceanspaces.com/tpci/SCR/SCR_132_R_EN_LG.png;No;Meta Play!
Ogerpon Meganium Arboliva;Tapu Bulu;SFA 6;1;1;1;1,0;0,17;6;16,67;SFA;6;Rare;Basic;https://limitlesstcg.nyc3.cdn.digitaloceanspaces.com/tpci/SFA/SFA_006_R_EN_LG.png;No;Meta Play!
Ogerpon Meganium Arboliva;Morty's Conviction;TEF 155;1;1;1;1,0;0,17;6;16,67;TEF;155;Uncommon;Supporter;https://limitlesstcg.nyc3.cdn.digitaloceanspaces.com/tpci/TEF/TEF_155_R_EN_LG.png;No;Meta Play!
Ogerpon Meganium Arboliva;Hoothoot;SCR 114;1;1;1;1,0;0,17;6;16,67;SCR;114;Common;Basic;https://limitlesstcg.nyc3.cdn.digitaloceanspaces.com/tpci/SCR/SCR_114_R_EN_LG.png;No;Meta Play!
Ogerpon Meganium Arboliva;Noctowl;SCR 115;1;1;1;1,0;0,17;6;16,67;SCR;115;Rare;Stage 1;https://limitlesstcg.nyc3.cdn.digitaloceanspaces.com/tpci/SCR/SCR_115_R_EN_LG.png;No;Meta Play!
Ogerpon Meganium Arboliva;Special Red Card;CRI 82;1;1;1;1,0;0,17;6;16,67;CRI;82;Uncommon;Item;https://limitlesstcg.nyc3.cdn.digitaloceanspaces.com/tpci/CRI/CRI_082_R_EN_LG.png;No;Meta Play!
Mega Absol Box;Mega Kangaskhan ex;MEG 104;3;3;1;3,0;3,0;1;100,0;MEG;104;Double Rare;Basic;https://limitlesstcg.nyc3.cdn.digitaloceanspaces.com/tpci/MEG/MEG_104_R_EN_LG.png;No;Meta Play!
Mega Absol Box;Munkidori;ASC 99;3;3;1;3,0;3,0;1;100,0;ASC;99;Rare;Basic;https://limitlesstcg.nyc3.cdn.digitaloceanspaces.com/tpci/ASC/ASC_099_R_EN_LG.png;No;Meta Play!
Mega Absol Box;Mega Absol ex;MEG 86;2;2;1;2,0;2,0;1;100,0;MEG;86;Double Rare;Basic;https://limitlesstcg.nyc3.cdn.digitaloceanspaces.com/tpci/MEG/MEG_086_R_EN_LG.png;No;Meta Play!
Mega Absol Box;Yveltal;MEG 88;2;2;1;2,0;2,0;1;100,0;MEG;88;Rare;Basic;https://limitlesstcg.nyc3.cdn.digitaloceanspaces.com/tpci/MEG/MEG_088_R_EN_LG.png;No;Meta Play!
Mega Absol Box;Pecharunt ex;SFA 39;1;1;1;1,0;1,0;1;100,0;SFA;39;Double Rare;Basic;https://limitlesstcg.nyc3.cdn.digitaloceanspaces.com/tpci/SFA/SFA_039_R_EN_LG.png;No;Meta Play!
Mega Absol Box;Fezandipiti ex;ASC 142;1;1;1;1,0;1,0;1;100,0;ASC;142;Double Rare;Basic;https://limitlesstcg.nyc3.cdn.digitaloceanspaces.com/tpci/ASC/ASC_142_R_EN_LG.png;No;Meta Play!
Mega Absol Box;Bloodmoon Ursaluna ex;TWM 141;1;1;1;1,0;1,0;1;100,0;TWM;141;Double Rare;Basic;https://limitlesstcg.nyc3.cdn.digitaloceanspaces.com/tpci/TWM/TWM_141_R_EN_LG.png;No;Meta Play!
Mega Absol Box;Latias ex;SSP 76;1;1;1;1,0;1,0;1;100,0;SSP;76;Double Rare;Basic;https://limitlesstcg.nyc3.cdn.digitaloceanspaces.com/tpci/SSP/SSP_076_R_EN_LG.png;No;Meta Play!
Mega Absol Box;Boss's Orders;MEG 114;4;4;1;4,0;4,0;1;100,0;MEG;114;Uncommon;Supporter;https://limitlesstcg.nyc3.cdn.digitaloceanspaces.com/tpci/MEG/MEG_114_R_EN_LG.png;No;Meta Play!
Mega Absol Box;Janine's Secret Art;PRE 112;4;4;1;4,0;4,0;1;100,0;PRE;112;Uncommon;Supporter;https://limitlesstcg.nyc3.cdn.digitaloceanspaces.com/tpci/PRE/PRE_112_R_EN_LG.png;No;Meta Play!
Mega Absol Box;Lillie's Determination;MEG 119;3;3;1;3,0;3,0;1;100,0;MEG;119;Uncommon;Supporter;https://limitlesstcg.nyc3.cdn.digitaloceanspaces.com/tpci/MEG/MEG_119_R_EN_LG.png;No;Meta Play!
Mega Absol Box;Team Rocket's Petrel;ASC 207;2;2;1;2,0;2,0;1;100,0;ASC;207;Uncommon;Supporter;https://limitlesstcg.nyc3.cdn.digitaloceanspaces.com/tpci/ASC/ASC_207_R_EN_LG.png;No;Meta Play!
Mega Absol Box;Energy Switch;MEG 115;4;4;1;4,0;4,0;1;100,0;MEG;115;Common;Item;https://limitlesstcg.nyc3.cdn.digitaloceanspaces.com/tpci/MEG/MEG_115_R_EN_LG.png;No;Meta Play!
Mega Absol Box;Ultra Ball;MEG 131;4;4;1;4,0;4,0;1;100,0;MEG;131;Common;Item;https://limitlesstcg.nyc3.cdn.digitaloceanspaces.com/tpci/MEG/MEG_131_R_EN_LG.png;No;Meta Play!
Mega Absol Box;Pokégear 3.0;SVI 186;4;4;1;4,0;4,0;1;100,0;SVI;186;Common;Item;https://limitlesstcg.nyc3.cdn.digitaloceanspaces.com/tpci/SVI/SVI_186_R_EN_LG.png;No;Meta Play!
Mega Absol Box;Mega Signal;MEG 121;3;3;1;3,0;3,0;1;100,0;MEG;121;Uncommon;Item;https://limitlesstcg.nyc3.cdn.digitaloceanspaces.com/tpci/MEG/MEG_121_R_EN_LG.png;No;Meta Play!
Mega Absol Box;Night Stretcher;ASC 196;2;2;1;2,0;2,0;1;100,0;ASC;196;Common;Item;https://limitlesstcg.nyc3.cdn.digitaloceanspaces.com/tpci/ASC/ASC_196_R_EN_LG.png;No;Meta Play!
Mega Absol Box;Poké Pad;POR 81;1;1;1;1,0;1,0;1;100,0;POR;81;Uncommon;Item;https://limitlesstcg.nyc3.cdn.digitaloceanspaces.com/tpci/POR/POR_081_R_EN_LG.png;No;Meta Play!
Mega Absol Box;Special Red Card;CRI 82;1;1;1;1,0;1,0;1;100,0;CRI;82;Uncommon;Item;https://limitlesstcg.nyc3.cdn.digitaloceanspaces.com/tpci/CRI/CRI_082_R_EN_LG.png;No;Meta Play!
Mega Absol Box;Hero's Cape;TEF 152;1;1;1;1,0;1,0;1;100,0;TEF;152;Ultra Rare;Tool;https://limitlesstcg.nyc3.cdn.digitaloceanspaces.com/tpci/TEF/TEF_152_R_EN_LG.png;Yes;Meta Play!
Mega Absol Box;Lumiose City;POR 77;3;3;1;3,0;3,0;1;100,0;POR;77;Uncommon;Stadium;https://limitlesstcg.nyc3.cdn.digitaloceanspaces.com/tpci/POR/POR_077_R_EN_LG.png;No;Meta Play!
Mega Absol Box;Darkness Energy;MEE 7;8;8;1;8,0;8,0;1;100,0;MEE;7;;Basic Energy;https://limitlesstcg.nyc3.cdn.digitaloceanspaces.com/tpci/MEE/MEE_007_R_EN_LG.png;No;Meta Play!
Mega Absol Box;Mist Energy;TEF 161;2;2;1;2,0;2,0;1;100,0;TEF;161;Uncommon;Special Energy;https://limitlesstcg.nyc3.cdn.digitaloceanspaces.com/tpci/TEF/TEF_161_R_EN_LG.png;No;Meta Play!
Grimmsnarl Froslass;Marnie's Impidimp;DRI 134;11;4;3;3,67;3,67;3;100,0;DRI;134;Common;Basic;https://limitlesstcg.nyc3.cdn.digitaloceanspaces.com/tpci/DRI/DRI_134_R_EN_LG.png;No;Meta Play!
Grimmsnarl Froslass;Marnie's Morgrem;DRI 135;8;3;3;2,67;2,67;3;100,0;DRI;135;Uncommon;Stage 1;https://limitlesstcg.nyc3.cdn.digitaloceanspaces.com/tpci/DRI/DRI_135_R_EN_LG.png;No;Meta Play!
Grimmsnarl Froslass;Marnie's Grimmsnarl ex;DRI 136;6;2;3;2,0;2,0;3;100,0;DRI;136;Double Rare;Stage 2;https://limitlesstcg.nyc3.cdn.digitaloceanspaces.com/tpci/DRI/DRI_136_R_EN_LG.png;No;Meta Play!
Grimmsnarl Froslass;Munkidori;ASC 99;12;4;3;4,0;4,0;3;100,0;ASC;99;Rare;Basic;https://limitlesstcg.nyc3.cdn.digitaloceanspaces.com/tpci/ASC/ASC_099_R_EN_LG.png;No;Meta Play!
Grimmsnarl Froslass;Snorunt;ASC 46;9;3;3;3,0;3,0;3;100,0;ASC;46;Common;Basic;https://limitlesstcg.nyc3.cdn.digitaloceanspaces.com/tpci/ASC/ASC_046_R_EN_LG.png;No;Meta Play!
Grimmsnarl Froslass;Froslass;TWM 53;9;3;3;3,0;3,0;3;100,0;TWM;53;Rare;Stage 1;https://limitlesstcg.nyc3.cdn.digitaloceanspaces.com/tpci/TWM/TWM_053_R_EN_LG.png;No;Meta Play!
Grimmsnarl Froslass;Budew;ASC 16;4;2;3;1,33;1,33;3;100,0;ASC;16;Common;Basic;https://limitlesstcg.nyc3.cdn.digitaloceanspaces.com/tpci/ASC/ASC_016_R_EN_LG.png;No;Meta Play!
Grimmsnarl Froslass;Yveltal;MEG 88;3;1;3;1,0;1,0;3;100,0;MEG;88;Rare;Basic;https://limitlesstcg.nyc3.cdn.digitaloceanspaces.com/tpci/MEG/MEG_088_R_EN_LG.png;No;Meta Play!
Grimmsnarl Froslass;Tatsugiri;TWM 131;1;1;1;1,0;0,33;3;33,33;TWM;131;Uncommon;Basic;https://limitlesstcg.nyc3.cdn.digitaloceanspaces.com/tpci/TWM/TWM_131_R_EN_LG.png;No;Meta Play!
Grimmsnarl Froslass;Lillie's Determination;MEG 119;12;4;3;4,0;4,0;3;100,0;MEG;119;Uncommon;Supporter;https://limitlesstcg.nyc3.cdn.digitaloceanspaces.com/tpci/MEG/MEG_119_R_EN_LG.png;No;Meta Play!
Grimmsnarl Froslass;Boss's Orders;MEG 114;8;3;3;2,67;2,67;3;100,0;MEG;114;Uncommon;Supporter;https://limitlesstcg.nyc3.cdn.digitaloceanspaces.com/tpci/MEG/MEG_114_R_EN_LG.png;No;Meta Play!
Grimmsnarl Froslass;Gwynn;PBL 78;9;3;3;3,0;3,0;3;100,0;PBL;78;Uncommon;Supporter;https://limitlesstcg.nyc3.cdn.digitaloceanspaces.com/tpci/PBL/PBL_078_R_EN_LG.png;No;Meta Play!
Grimmsnarl Froslass;Team Rocket's Petrel;ASC 207;5;3;2;2,5;1,67;3;66,67;ASC;207;Uncommon;Supporter;https://limitlesstcg.nyc3.cdn.digitaloceanspaces.com/tpci/ASC/ASC_207_R_EN_LG.png;No;Meta Play!
Grimmsnarl Froslass;Poké Pad;POR 81;12;4;3;4,0;4,0;3;100,0;POR;81;Uncommon;Item;https://limitlesstcg.nyc3.cdn.digitaloceanspaces.com/tpci/POR/POR_081_R_EN_LG.png;No;Meta Play!
Grimmsnarl Froslass;Night Stretcher;ASC 196;7;3;3;2,33;2,33;3;100,0;ASC;196;Common;Item;https://limitlesstcg.nyc3.cdn.digitaloceanspaces.com/tpci/ASC/ASC_196_R_EN_LG.png;No;Meta Play!
Grimmsnarl Froslass;Buddy-Buddy Poffin;ASC 184;6;2;3;2,0;2,0;3;100,0;ASC;184;Common;Item;https://limitlesstcg.nyc3.cdn.digitaloceanspaces.com/tpci/ASC/ASC_184_R_EN_LG.png;No;Meta Play!
Grimmsnarl Froslass;Energy Switch;MEG 115;2;1;2;1,0;0,67;3;66,67;MEG;115;Common;Item;https://limitlesstcg.nyc3.cdn.digitaloceanspaces.com/tpci/MEG/MEG_115_R_EN_LG.png;No;Meta Play!
Grimmsnarl Froslass;Special Red Card;CRI 82;3;1;3;1,0;1,0;3;100,0;CRI;82;Uncommon;Item;https://limitlesstcg.nyc3.cdn.digitaloceanspaces.com/tpci/CRI/CRI_082_R_EN_LG.png;No;Meta Play!
Grimmsnarl Froslass;Unfair Stamp;TWM 165;1;1;1;1,0;0,33;3;33,33;TWM;165;Ultra Rare;Item;https://limitlesstcg.nyc3.cdn.digitaloceanspaces.com/tpci/TWM/TWM_165_R_EN_LG.png;Yes;Meta Play!
Grimmsnarl Froslass;Rare Candy;MEG 125;4;2;3;1,33;1,33;3;100,0;MEG;125;Common;Item;https://limitlesstcg.nyc3.cdn.digitaloceanspaces.com/tpci/MEG/MEG_125_R_EN_LG.png;No;Meta Play!
Grimmsnarl Froslass;Air Balloon;ASC 181;3;1;3;1,0;1,0;3;100,0;ASC;181;Uncommon;Tool;https://limitlesstcg.nyc3.cdn.digitaloceanspaces.com/tpci/ASC/ASC_181_R_EN_LG.png;No;Meta Play!
Grimmsnarl Froslass;Spikemuth Gym;DRI 169;10;4;3;3,33;3,33;3;100,0;DRI;169;Uncommon;Stadium;https://limitlesstcg.nyc3.cdn.digitaloceanspaces.com/tpci/DRI/DRI_169_R_EN_LG.png;No;Meta Play!
Grimmsnarl Froslass;Darkness Energy;MEE 7;27;9;3;9,0;9,0;3;100,0;MEE;7;;Basic Energy;https://limitlesstcg.nyc3.cdn.digitaloceanspaces.com/tpci/MEE/MEE_007_R_EN_LG.png;No;Meta Play!
Grimmsnarl Froslass;Shaymin;DRI 10;2;1;2;1,0;0,67;3;66,67;DRI;10;Uncommon;Basic;https://limitlesstcg.nyc3.cdn.digitaloceanspaces.com/tpci/DRI/DRI_010_R_EN_LG.png;No;Meta Play!
Grimmsnarl Froslass;Pokégear 3.0;SVI 186;1;1;1;1,0;0,33;3;33,33;SVI;186;Common;Item;https://limitlesstcg.nyc3.cdn.digitaloceanspaces.com/tpci/SVI/SVI_186_R_EN_LG.png;No;Meta Play!
Grimmsnarl Froslass;Secret Box;TWM 163;2;1;2;1,0;0,67;3;66,67;TWM;163;Ultra Rare;Item;https://limitlesstcg.nyc3.cdn.digitaloceanspaces.com/tpci/TWM/TWM_163_R_EN_LG.png;Yes;Meta Play!
Grimmsnarl Froslass;Bloodmoon Ursaluna ex;TWM 141;1;1;1;1,0;0,33;3;33,33;TWM;141;Double Rare;Basic;https://limitlesstcg.nyc3.cdn.digitaloceanspaces.com/tpci/TWM/TWM_141_R_EN_LG.png;No;Meta Play!
Grimmsnarl Froslass;Psyduck;ASC 39;1;1;1;1,0;0,33;3;33,33;ASC;39;Common;Basic;https://limitlesstcg.nyc3.cdn.digitaloceanspaces.com/tpci/ASC/ASC_039_R_EN_LG.png;No;Meta Play!
Grimmsnarl Froslass;Team Rocket's Watchtower;ASC 210;1;1;1;1,0;0,33;3;33,33;ASC;210;Uncommon;Stadium;https://limitlesstcg.nyc3.cdn.digitaloceanspaces.com/tpci/ASC/ASC_210_R_EN_LG.png;No;Meta Play!
Mew Ex 30C;Mega Kangaskhan ex;MEG 104;12;4;3;4,0;4,0;3;100,0;MEG;104;Double Rare;Basic;https://limitlesstcg.nyc3.cdn.digitaloceanspaces.com/tpci/MEG/MEG_104_R_EN_LG.png;No;Meta Play!
Mew Ex 30C;Meowth ex;POR 62;10;4;3;3,33;3,33;3;100,0;POR;62;Double Rare;Basic;https://limitlesstcg.nyc3.cdn.digitaloceanspaces.com/tpci/POR/POR_062_R_EN_LG.png;No;Meta Play!
Mew Ex 30C;Mew ex;30C 66;9;3;3;3,0;3,0;3;100,0;30C;66;Double Rare;Basic;https://limitlesstcg.nyc3.cdn.digitaloceanspaces.com/tpci/30C/30C_066_R_EN_LG.png;No;Meta Play!
Mew Ex 30C;Lillie's Clefairy ex;ASC 76;6;2;3;2,0;2,0;3;100,0;ASC;76;Double Rare;Basic;https://limitlesstcg.nyc3.cdn.digitaloceanspaces.com/tpci/ASC/ASC_076_R_EN_LG.png;No;Meta Play!
Mew Ex 30C;Latias ex;SSP 76;6;2;3;2,0;2,0;3;100,0;SSP;76;Double Rare;Basic;https://limitlesstcg.nyc3.cdn.digitaloceanspaces.com/tpci/SSP/SSP_076_R_EN_LG.png;No;Meta Play!
Mew Ex 30C;Wellspring Mask Ogerpon ex;TWM 64;5;2;3;1,67;1,67;3;100,0;TWM;64;Double Rare;Basic;https://limitlesstcg.nyc3.cdn.digitaloceanspaces.com/tpci/TWM/TWM_064_R_EN_LG.png;No;Meta Play!
Mew Ex 30C;Iron Crown ex;TEF 81;3;1;3;1,0;1,0;3;100,0;TEF;81;Double Rare;Basic;https://limitlesstcg.nyc3.cdn.digitaloceanspaces.com/tpci/TEF/TEF_081_R_EN_LG.png;No;Meta Play!
Mew Ex 30C;Jirachi ex;30C 102;2;1;2;1,0;0,67;3;66,67;30C;102;Double Rare;Basic;https://limitlesstcg.nyc3.cdn.digitaloceanspaces.com/tpci/30C/30C_102_R_EN_LG.png;No;Meta Play!
Mew Ex 30C;Unown;30C 72;3;1;3;1,0;1,0;3;100,0;30C;72;Common;Basic;https://limitlesstcg.nyc3.cdn.digitaloceanspaces.com/tpci/30C/30C_072_R_EN_LG.png;No;Meta Play!
Mew Ex 30C;Chien-Pao;SSP 56;3;1;3;1,0;1,0;3;100,0;SSP;56;Rare;Basic;https://limitlesstcg.nyc3.cdn.digitaloceanspaces.com/tpci/SSP/SSP_056_R_EN_LG.png;No;Meta Play!
Mew Ex 30C;Koraidon ex;ASC 121;3;1;3;1,0;1,0;3;100,0;ASC;121;Double Rare;Basic;https://limitlesstcg.nyc3.cdn.digitaloceanspaces.com/tpci/ASC/ASC_121_R_EN_LG.png;No;Meta Play!
Mew Ex 30C;Fezandipiti ex;ASC 142;3;1;3;1,0;1,0;3;100,0;ASC;142;Double Rare;Basic;https://limitlesstcg.nyc3.cdn.digitaloceanspaces.com/tpci/ASC/ASC_142_R_EN_LG.png;No;Meta Play!
Mew Ex 30C;Crispin;SCR 133;11;4;3;3,67;3,67;3;100,0;SCR;133;Uncommon;Supporter;https://limitlesstcg.nyc3.cdn.digitaloceanspaces.com/tpci/SCR/SCR_133_R_EN_LG.png;No;Meta Play!
Mew Ex 30C;Boss's Orders;MEG 114;7;3;3;2,33;2,33;3;100,0;MEG;114;Uncommon;Supporter;https://limitlesstcg.nyc3.cdn.digitaloceanspaces.com/tpci/MEG/MEG_114_R_EN_LG.png;No;Meta Play!
Mew Ex 30C;Ciphermaniac's Codebreaking;TEF 145;5;2;3;1,67;1,67;3;100,0;TEF;145;Uncommon;Supporter;https://limitlesstcg.nyc3.cdn.digitaloceanspaces.com/tpci/TEF/TEF_145_R_EN_LG.png;No;Meta Play!
Mew Ex 30C;Cyrano;SSP 170;3;1;3;1,0;1,0;3;100,0;SSP;170;Uncommon;Supporter;https://limitlesstcg.nyc3.cdn.digitaloceanspaces.com/tpci/SSP/SSP_170_R_EN_LG.png;No;Meta Play!
Mew Ex 30C;Judge;POR 76;2;1;2;1,0;0,67;3;66,67;POR;76;Uncommon;Supporter;https://limitlesstcg.nyc3.cdn.digitaloceanspaces.com/tpci/POR/POR_076_R_EN_LG.png;No;Meta Play!
Mew Ex 30C;Ultra Ball;MEG 131;12;4;3;4,0;4,0;3;100,0;MEG;131;Common;Item;https://limitlesstcg.nyc3.cdn.digitaloceanspaces.com/tpci/MEG/MEG_131_R_EN_LG.png;No;Meta Play!
Mew Ex 30C;Dusk Ball;SSP 175;6;3;2;3,0;2,0;3;66,67;SSP;175;Uncommon;Item;https://limitlesstcg.nyc3.cdn.digitaloceanspaces.com/tpci/SSP/SSP_175_R_EN_LG.png;No;Meta Play!
Mew Ex 30C;Wondrous Patch;PFL 94;6;3;2;3,0;2,0;3;66,67;PFL;94;Uncommon;Item;https://limitlesstcg.nyc3.cdn.digitaloceanspaces.com/tpci/PFL/PFL_094_R_EN_LG.png;No;Meta Play!
Mew Ex 30C;Night Stretcher;ASC 196;3;1;3;1,0;1,0;3;100,0;ASC;196;Common;Item;https://limitlesstcg.nyc3.cdn.digitaloceanspaces.com/tpci/ASC/ASC_196_R_EN_LG.png;No;Meta Play!
Mew Ex 30C;Prime Catcher;TEF 157;2;1;2;1,0;0,67;3;66,67;TEF;157;Ultra Rare;Item;https://limitlesstcg.nyc3.cdn.digitaloceanspaces.com/tpci/TEF/TEF_157_R_EN_LG.png;Yes;Meta Play!
Mew Ex 30C;Area Zero Underdepths;SCR 131;12;4;3;4,0;4,0;3;100,0;SCR;131;Uncommon;Stadium;https://limitlesstcg.nyc3.cdn.digitaloceanspaces.com/tpci/SCR/SCR_131_R_EN_LG.png;No;Meta Play!
Mew Ex 30C;Telepathic Psychic Energy;POR 88;12;4;3;4,0;4,0;3;100,0;POR;88;Rare;Special Energy;https://limitlesstcg.nyc3.cdn.digitaloceanspaces.com/tpci/POR/POR_088_R_EN_LG.png;No;Meta Play!
Mew Ex 30C;Psychic Energy;MEE 5;10;4;3;3,33;3,33;3;100,0;MEE;5;;Basic Energy;https://limitlesstcg.nyc3.cdn.digitaloceanspaces.com/tpci/MEE/MEE_005_R_EN_LG.png;No;Meta Play!
Mew Ex 30C;Water Energy;MEE 3;6;2;3;2,0;2,0;3;100,0;MEE;3;;Basic Energy;https://limitlesstcg.nyc3.cdn.digitaloceanspaces.com/tpci/MEE/MEE_003_R_EN_LG.png;No;Meta Play!
Mew Ex 30C;Fighting Energy;MEE 6;5;2;3;1,67;1,67;3;100,0;MEE;6;;Basic Energy;https://limitlesstcg.nyc3.cdn.digitaloceanspaces.com/tpci/MEE/MEE_006_R_EN_LG.png;No;Meta Play!
Mew Ex 30C;Teal Mask Ogerpon ex;TWM 25;2;2;1;2,0;0,67;3;33,33;TWM;25;Double Rare;Basic;https://limitlesstcg.nyc3.cdn.digitaloceanspaces.com/tpci/TWM/TWM_025_R_EN_LG.png;No;Meta Play!
Mew Ex 30C;Iron Leaves ex;TEF 25;1;1;1;1,0;0,33;3;33,33;TEF;25;Double Rare;Basic;https://limitlesstcg.nyc3.cdn.digitaloceanspaces.com/tpci/TEF/TEF_025_R_EN_LG.png;No;Meta Play!
Mew Ex 30C;Energy Switch;MEG 115;4;4;1;4,0;1,33;3;33,33;MEG;115;Common;Item;https://limitlesstcg.nyc3.cdn.digitaloceanspaces.com/tpci/MEG/MEG_115_R_EN_LG.png;No;Meta Play!
Mew Ex 30C;Unfair Stamp;TWM 165;1;1;1;1,0;0,33;3;33,33;TWM;165;Ultra Rare;Item;https://limitlesstcg.nyc3.cdn.digitaloceanspaces.com/tpci/TWM/TWM_165_R_EN_LG.png;Yes;Meta Play!
Mew Ex 30C;Grass Energy;MEE 1;5;5;1;5,0;1,67;3;33,33;MEE;1;;Basic Energy;https://limitlesstcg.nyc3.cdn.digitaloceanspaces.com/tpci/MEE/MEE_001_R_EN_LG.png;No;Meta Play!
Starmie Froslass;Snorunt;ASC 46;6;3;2;3,0;3,0;2;100,0;ASC;46;Common;Basic;https://limitlesstcg.nyc3.cdn.digitaloceanspaces.com/tpci/ASC/ASC_046_R_EN_LG.png;No;Meta Play!
Starmie Froslass;Mega Froslass ex;ASC 47;4;2;2;2,0;2,0;2;100,0;ASC;47;Double Rare;Stage 1;https://limitlesstcg.nyc3.cdn.digitaloceanspaces.com/tpci/ASC/ASC_047_R_EN_LG.png;No;Meta Play!
Starmie Froslass;Froslass;TWM 53;4;2;2;2,0;2,0;2;100,0;TWM;53;Rare;Stage 1;https://limitlesstcg.nyc3.cdn.digitaloceanspaces.com/tpci/TWM/TWM_053_R_EN_LG.png;No;Meta Play!
Starmie Froslass;Munkidori;ASC 99;5;3;2;2,5;2,5;2;100,0;ASC;99;Rare;Basic;https://limitlesstcg.nyc3.cdn.digitaloceanspaces.com/tpci/ASC/ASC_099_R_EN_LG.png;No;Meta Play!
Starmie Froslass;Staryu;POR 20;5;3;2;2,5;2,5;2;100,0;POR;20;Common;Basic;https://limitlesstcg.nyc3.cdn.digitaloceanspaces.com/tpci/POR/POR_020_R_EN_LG.png;No;Meta Play!
Starmie Froslass;Mega Starmie ex;POR 21;4;2;2;2,0;2,0;2;100,0;POR;21;Double Rare;Stage 1;https://limitlesstcg.nyc3.cdn.digitaloceanspaces.com/tpci/POR/POR_021_R_EN_LG.png;No;Meta Play!
Starmie Froslass;Meowth ex;POR 62;2;1;2;1,0;1,0;2;100,0;POR;62;Double Rare;Basic;https://limitlesstcg.nyc3.cdn.digitaloceanspaces.com/tpci/POR/POR_062_R_EN_LG.png;No;Meta Play!
Starmie Froslass;Yveltal;MEG 88;1;1;1;1,0;0,5;2;50,0;MEG;88;Rare;Basic;https://limitlesstcg.nyc3.cdn.digitaloceanspaces.com/tpci/MEG/MEG_088_R_EN_LG.png;No;Meta Play!
Starmie Froslass;Budew;ASC 16;1;1;1;1,0;0,5;2;50,0;ASC;16;Common;Basic;https://limitlesstcg.nyc3.cdn.digitaloceanspaces.com/tpci/ASC/ASC_016_R_EN_LG.png;No;Meta Play!
Starmie Froslass;Lillie's Determination;MEG 119;7;4;2;3,5;3,5;2;100,0;MEG;119;Uncommon;Supporter;https://limitlesstcg.nyc3.cdn.digitaloceanspaces.com/tpci/MEG/MEG_119_R_EN_LG.png;No;Meta Play!
Starmie Froslass;Hilda;WHT 84;6;3;2;3,0;3,0;2;100,0;WHT;84;Uncommon;Supporter;https://limitlesstcg.nyc3.cdn.digitaloceanspaces.com/tpci/WHT/WHT_084_R_EN_LG.png;No;Meta Play!
Starmie Froslass;Boss's Orders;MEG 114;5;3;2;2,5;2,5;2;100,0;MEG;114;Uncommon;Supporter;https://limitlesstcg.nyc3.cdn.digitaloceanspaces.com/tpci/MEG/MEG_114_R_EN_LG.png;No;Meta Play!
Starmie Froslass;Crispin;SCR 133;3;2;2;1,5;1,5;2;100,0;SCR;133;Uncommon;Supporter;https://limitlesstcg.nyc3.cdn.digitaloceanspaces.com/tpci/SCR/SCR_133_R_EN_LG.png;No;Meta Play!
Starmie Froslass;Wally's Compassion;MEG 132;3;2;2;1,5;1,5;2;100,0;MEG;132;Uncommon;Supporter;https://limitlesstcg.nyc3.cdn.digitaloceanspaces.com/tpci/MEG/MEG_132_R_EN_LG.png;No;Meta Play!
Starmie Froslass;Lucian;TWM 157;1;1;1;1,0;0,5;2;50,0;TWM;157;Uncommon;Supporter;https://limitlesstcg.nyc3.cdn.digitaloceanspaces.com/tpci/TWM/TWM_157_R_EN_LG.png;No;Meta Play!
Starmie Froslass;Ultra Ball;MEG 131;7;4;2;3,5;3,5;2;100,0;MEG;131;Common;Item;https://limitlesstcg.nyc3.cdn.digitaloceanspaces.com/tpci/MEG/MEG_131_R_EN_LG.png;No;Meta Play!
Starmie Froslass;Poké Pad;POR 81;8;4;2;4,0;4,0;2;100,0;POR;81;Uncommon;Item;https://limitlesstcg.nyc3.cdn.digitaloceanspaces.com/tpci/POR/POR_081_R_EN_LG.png;No;Meta Play!
Starmie Froslass;Buddy-Buddy Poffin;ASC 184;8;4;2;4,0;4,0;2;100,0;ASC;184;Common;Item;https://limitlesstcg.nyc3.cdn.digitaloceanspaces.com/tpci/ASC/ASC_184_R_EN_LG.png;No;Meta Play!
Starmie Froslass;Night Stretcher;ASC 196;4;2;2;2,0;2,0;2;100,0;ASC;196;Common;Item;https://limitlesstcg.nyc3.cdn.digitaloceanspaces.com/tpci/ASC/ASC_196_R_EN_LG.png;No;Meta Play!
Starmie Froslass;Special Red Card;CRI 82;1;1;1;1,0;0,5;2;50,0;CRI;82;Uncommon;Item;https://limitlesstcg.nyc3.cdn.digitaloceanspaces.com/tpci/CRI/CRI_082_R_EN_LG.png;No;Meta Play!
Starmie Froslass;Risky Ruins;MEG 127;6;3;2;3,0;3,0;2;100,0;MEG;127;Uncommon;Stadium;https://limitlesstcg.nyc3.cdn.digitaloceanspaces.com/tpci/MEG/MEG_127_R_EN_LG.png;No;Meta Play!
Starmie Froslass;Water Energy;MEE 3;9;5;2;4,5;4,5;2;100,0;MEE;3;;Basic Energy;https://limitlesstcg.nyc3.cdn.digitaloceanspaces.com/tpci/MEE/MEE_003_R_EN_LG.png;No;Meta Play!
Starmie Froslass;Darkness Energy;MEE 7;7;4;2;3,5;3,5;2;100,0;MEE;7;;Basic Energy;https://limitlesstcg.nyc3.cdn.digitaloceanspaces.com/tpci/MEE/MEE_007_R_EN_LG.png;No;Meta Play!
Starmie Froslass;Legacy Energy;TWM 167;2;1;2;1,0;1,0;2;100,0;TWM;167;Ultra Rare;Special Energy;https://limitlesstcg.nyc3.cdn.digitaloceanspaces.com/tpci/TWM/TWM_167_R_EN_LG.png;Yes;Meta Play!
Starmie Froslass;Bubbly Water Energy;CRI 84;1;1;1;1,0;0,5;2;50,0;CRI;84;Rare;Special Energy;https://limitlesstcg.nyc3.cdn.digitaloceanspaces.com/tpci/CRI/CRI_084_R_EN_LG.png;No;Meta Play!
Starmie Froslass;Ignition Energy;WHT 86;3;2;2;1,5;1,5;2;100,0;WHT;86;Uncommon;Special Energy;https://limitlesstcg.nyc3.cdn.digitaloceanspaces.com/tpci/WHT/WHT_086_R_EN_LG.png;No;Meta Play!
Starmie Froslass;Shaymin;DRI 10;1;1;1;1,0;0,5;2;50,0;DRI;10;Uncommon;Basic;https://limitlesstcg.nyc3.cdn.digitaloceanspaces.com/tpci/DRI/DRI_010_R_EN_LG.png;No;Meta Play!
Starmie Froslass;Larry's Skill;PRE 115;2;2;1;2,0;1,0;2;50,0;PRE;115;Common;Supporter;https://limitlesstcg.nyc3.cdn.digitaloceanspaces.com/tpci/PRE/PRE_115_R_EN_LG.png;No;Meta Play!
Starmie Froslass;Judge;POR 76;2;2;1;2,0;1,0;2;50,0;POR;76;Uncommon;Supporter;https://limitlesstcg.nyc3.cdn.digitaloceanspaces.com/tpci/POR/POR_076_R_EN_LG.png;No;Meta Play!
Starmie Froslass;Salvatore;TEF 160;1;1;1;1,0;0,5;2;50,0;TEF;160;Uncommon;Supporter;https://limitlesstcg.nyc3.cdn.digitaloceanspaces.com/tpci/TEF/TEF_160_R_EN_LG.png;No;Meta Play!
Starmie Froslass;Surfer;ASC 200;1;1;1;1,0;0,5;2;50,0;ASC;200;Common;Supporter;https://limitlesstcg.nyc3.cdn.digitaloceanspaces.com/tpci/ASC/ASC_200_R_EN_LG.png;No;Meta Play!
Sharpedo Toxtricity;Carvanha;PFL 60;23;4;6;3,83;3,83;6;100,0;PFL;60;Common;Basic;https://limitlesstcg.nyc3.cdn.digitaloceanspaces.com/tpci/PFL/PFL_060_R_EN_LG.png;No;Meta Play!
Sharpedo Toxtricity;Mega Sharpedo ex;PFL 61;21;4;6;3,5;3,5;6;100,0;PFL;61;Double Rare;Stage 1;https://limitlesstcg.nyc3.cdn.digitaloceanspaces.com/tpci/PFL/PFL_061_R_EN_LG.png;No;Meta Play!
Sharpedo Toxtricity;Pecharunt ex;SFA 39;16;3;6;2,67;2,67;6;100,0;SFA;39;Double Rare;Basic;https://limitlesstcg.nyc3.cdn.digitaloceanspaces.com/tpci/SFA/SFA_039_R_EN_LG.png;No;Meta Play!
Sharpedo Toxtricity;Toxel;PFL 67;12;2;6;2,0;2,0;6;100,0;PFL;67;Common;Basic;https://limitlesstcg.nyc3.cdn.digitaloceanspaces.com/tpci/PFL/PFL_067_R_EN_LG.png;No;Meta Play!
Sharpedo Toxtricity;Toxtricity;PFL 68;12;2;6;2,0;2,0;6;100,0;PFL;68;Rare;Stage 1;https://limitlesstcg.nyc3.cdn.digitaloceanspaces.com/tpci/PFL/PFL_068_R_EN_LG.png;No;Meta Play!
Sharpedo Toxtricity;Munkidori;ASC 99;12;2;6;2,0;2,0;6;100,0;ASC;99;Rare;Basic;https://limitlesstcg.nyc3.cdn.digitaloceanspaces.com/tpci/ASC/ASC_099_R_EN_LG.png;No;Meta Play!
Sharpedo Toxtricity;Tatsugiri;TWM 131;10;2;5;2,0;1,67;6;83,33;TWM;131;Uncommon;Basic;https://limitlesstcg.nyc3.cdn.digitaloceanspaces.com/tpci/TWM/TWM_131_R_EN_LG.png;No;Meta Play!
Sharpedo Toxtricity;Yveltal;MEG 88;3;1;3;1,0;0,5;6;50,0;MEG;88;Rare;Basic;https://limitlesstcg.nyc3.cdn.digitaloceanspaces.com/tpci/MEG/MEG_088_R_EN_LG.png;No;Meta Play!
Sharpedo Toxtricity;Fezandipiti ex;ASC 142;5;1;5;1,0;0,83;6;83,33;ASC;142;Double Rare;Basic;https://limitlesstcg.nyc3.cdn.digitaloceanspaces.com/tpci/ASC/ASC_142_R_EN_LG.png;No;Meta Play!
Sharpedo Toxtricity;Lillie's Determination;MEG 119;22;4;6;3,67;3,67;6;100,0;MEG;119;Uncommon;Supporter;https://limitlesstcg.nyc3.cdn.digitaloceanspaces.com/tpci/MEG/MEG_119_R_EN_LG.png;No;Meta Play!
Sharpedo Toxtricity;Boss's Orders;MEG 114;21;4;6;3,5;3,5;6;100,0;MEG;114;Uncommon;Supporter;https://limitlesstcg.nyc3.cdn.digitaloceanspaces.com/tpci/MEG/MEG_114_R_EN_LG.png;No;Meta Play!
Sharpedo Toxtricity;Team Rocket's Petrel;ASC 207;6;2;5;1,2;1,0;6;83,33;ASC;207;Uncommon;Supporter;https://limitlesstcg.nyc3.cdn.digitaloceanspaces.com/tpci/ASC/ASC_207_R_EN_LG.png;No;Meta Play!
Sharpedo Toxtricity;Judge;POR 76;13;3;6;2,17;2,17;6;100,0;POR;76;Uncommon;Supporter;https://limitlesstcg.nyc3.cdn.digitaloceanspaces.com/tpci/POR/POR_076_R_EN_LG.png;No;Meta Play!
Sharpedo Toxtricity;Buddy-Buddy Poffin;ASC 184;22;4;6;3,67;3,67;6;100,0;ASC;184;Common;Item;https://limitlesstcg.nyc3.cdn.digitaloceanspaces.com/tpci/ASC/ASC_184_R_EN_LG.png;No;Meta Play!
Sharpedo Toxtricity;Ultra Ball;MEG 131;24;4;6;4,0;4,0;6;100,0;MEG;131;Common;Item;https://limitlesstcg.nyc3.cdn.digitaloceanspaces.com/tpci/MEG/MEG_131_R_EN_LG.png;No;Meta Play!
Sharpedo Toxtricity;Poké Pad;POR 81;21;4;6;3,5;3,5;6;100,0;POR;81;Uncommon;Item;https://limitlesstcg.nyc3.cdn.digitaloceanspaces.com/tpci/POR/POR_081_R_EN_LG.png;No;Meta Play!
Sharpedo Toxtricity;Unfair Stamp;TWM 165;4;1;4;1,0;0,67;6;66,67;TWM;165;Ultra Rare;Item;https://limitlesstcg.nyc3.cdn.digitaloceanspaces.com/tpci/TWM/TWM_165_R_EN_LG.png;Yes;Meta Play!
Sharpedo Toxtricity;Night Stretcher;ASC 196;6;2;4;1,5;1,0;6;66,67;ASC;196;Common;Item;https://limitlesstcg.nyc3.cdn.digitaloceanspaces.com/tpci/ASC/ASC_196_R_EN_LG.png;No;Meta Play!
Sharpedo Toxtricity;Binding Mochi;PRE 95;18;4;6;3,0;3,0;6;100,0;PRE;95;Uncommon;Tool;https://limitlesstcg.nyc3.cdn.digitaloceanspaces.com/tpci/PRE/PRE_095_R_EN_LG.png;No;Meta Play!
Sharpedo Toxtricity;Team Rocket's Watchtower;ASC 210;13;4;5;2,6;2,17;6;83,33;ASC;210;Uncommon;Stadium;https://limitlesstcg.nyc3.cdn.digitaloceanspaces.com/tpci/ASC/ASC_210_R_EN_LG.png;No;Meta Play!
Sharpedo Toxtricity;Darkness Energy;MEE 7;49;9;6;8,17;8,17;6;100,0;MEE;7;;Basic Energy;https://limitlesstcg.nyc3.cdn.digitaloceanspaces.com/tpci/MEE/MEE_007_R_EN_LG.png;No;Meta Play!
Sharpedo Toxtricity;Gravity Mountain;SSP 177;6;2;3;2,0;1,0;6;50,0;SSP;177;Uncommon;Stadium;https://limitlesstcg.nyc3.cdn.digitaloceanspaces.com/tpci/SSP/SSP_177_R_EN_LG.png;No;Meta Play!
Sharpedo Toxtricity;Shadowy Darkness Energy;PBL 83;2;1;2;1,0;0,33;6;33,33;PBL;83;Rare;Special Energy;https://limitlesstcg.nyc3.cdn.digitaloceanspaces.com/tpci/PBL/PBL_083_R_EN_LG.png;No;Meta Play!
Sharpedo Toxtricity;Janine's Secret Art;PRE 112;2;2;1;2,0;0,33;6;16,67;PRE;112;Uncommon;Supporter;https://limitlesstcg.nyc3.cdn.digitaloceanspaces.com/tpci/PRE/PRE_112_R_EN_LG.png;No;Meta Play!
Sharpedo Toxtricity;Mega Signal;MEG 121;1;1;1;1,0;0,17;6;16,67;MEG;121;Uncommon;Item;https://limitlesstcg.nyc3.cdn.digitaloceanspaces.com/tpci/MEG/MEG_121_R_EN_LG.png;No;Meta Play!
Sharpedo Toxtricity;Special Red Card;CRI 82;2;1;2;1,0;0,33;6;33,33;CRI;82;Uncommon;Item;https://limitlesstcg.nyc3.cdn.digitaloceanspaces.com/tpci/CRI/CRI_082_R_EN_LG.png;No;Meta Play!
Sharpedo Toxtricity;Secret Box;TWM 163;1;1;1;1,0;0,17;6;16,67;TWM;163;Ultra Rare;Item;https://limitlesstcg.nyc3.cdn.digitaloceanspaces.com/tpci/TWM/TWM_163_R_EN_LG.png;Yes;Meta Play!
Sharpedo Toxtricity;Mega Kangaskhan ex;MEG 104;1;1;1;1,0;0,17;6;16,67;MEG;104;Double Rare;Basic;https://limitlesstcg.nyc3.cdn.digitaloceanspaces.com/tpci/MEG/MEG_104_R_EN_LG.png;No;Meta Play!
Sharpedo Toxtricity;Cornerstone Mask Ogerpon ex;TWM 112;1;1;1;1,0;0,17;6;16,67;TWM;112;Double Rare;Basic;https://limitlesstcg.nyc3.cdn.digitaloceanspaces.com/tpci/TWM/TWM_112_R_EN_LG.png;No;Meta Play!
Sharpedo Toxtricity;Hilda;WHT 84;3;3;1;3,0;0,5;6;16,67;WHT;84;Uncommon;Supporter;https://limitlesstcg.nyc3.cdn.digitaloceanspaces.com/tpci/WHT/WHT_084_R_EN_LG.png;No;Meta Play!
Sharpedo Toxtricity;Cyrano;SSP 170;2;2;1;2,0;0,33;6;16,67;SSP;170;Uncommon;Supporter;https://limitlesstcg.nyc3.cdn.digitaloceanspaces.com/tpci/SSP/SSP_170_R_EN_LG.png;No;Meta Play!
Sharpedo Toxtricity;Wally's Compassion;MEG 132;1;1;1;1,0;0,17;6;16,67;MEG;132;Uncommon;Supporter;https://limitlesstcg.nyc3.cdn.digitaloceanspaces.com/tpci/MEG/MEG_132_R_EN_LG.png;No;Meta Play!
Sharpedo Toxtricity;Xerosic's Machinations;SFA 64;1;1;1;1,0;0,17;6;16,67;SFA;64;Uncommon;Supporter;https://limitlesstcg.nyc3.cdn.digitaloceanspaces.com/tpci/SFA/SFA_064_R_EN_LG.png;No;Meta Play!
Sharpedo Toxtricity;Energy Switch;MEG 115;2;2;1;2,0;0,33;6;16,67;MEG;115;Common;Item;https://limitlesstcg.nyc3.cdn.digitaloceanspaces.com/tpci/MEG/MEG_115_R_EN_LG.png;No;Meta Play!
Sharpedo Toxtricity;Legacy Energy;TWM 167;1;1;1;1,0;0,17;6;16,67;TWM;167;Ultra Rare;Special Energy;https://limitlesstcg.nyc3.cdn.digitaloceanspaces.com/tpci/TWM/TWM_167_R_EN_LG.png;Yes;Meta Play!
Sharpedo Toxtricity;Prism Energy;ASC 216;1;1;1;1,0;0,17;6;16,67;ASC;216;Uncommon;Special Energy;https://limitlesstcg.nyc3.cdn.digitaloceanspaces.com/tpci/ASC/ASC_216_R_EN_LG.png;No;Meta Play!
Rocket's Mewtwo;Team Rocket's Tarountula;ASC 18;12;4;3;4,0;4,0;3;100,0;ASC;18;Common;Basic;https://limitlesstcg.nyc3.cdn.digitaloceanspaces.com/tpci/ASC/ASC_018_R_EN_LG.png;No;Meta Play!
Rocket's Mewtwo;Team Rocket's Spidops;ASC 19;12;4;3;4,0;4,0;3;100,0;ASC;19;Rare;Stage 1;https://limitlesstcg.nyc3.cdn.digitaloceanspaces.com/tpci/ASC/ASC_019_R_EN_LG.png;No;Meta Play!
Rocket's Mewtwo;Team Rocket's Mimikyu;ASC 97;6;2;3;2,0;2,0;3;100,0;ASC;97;Uncommon;Basic;https://limitlesstcg.nyc3.cdn.digitaloceanspaces.com/tpci/ASC/ASC_097_R_EN_LG.png;No;Meta Play!
Rocket's Mewtwo;Team Rocket's Mewtwo ex;ASC 79;6;2;3;2,0;2,0;3;100,0;ASC;79;Double Rare;Basic;https://limitlesstcg.nyc3.cdn.digitaloceanspaces.com/tpci/ASC/ASC_079_R_EN_LG.png;No;Meta Play!
Rocket's Mewtwo;Team Rocket's Articuno;DRI 51;6;2;3;2,0;2,0;3;100,0;DRI;51;Rare;Basic;https://limitlesstcg.nyc3.cdn.digitaloceanspaces.com/tpci/DRI/DRI_051_R_EN_LG.png;No;Meta Play!
Rocket's Mewtwo;Team Rocket's Wobbuffet;DRI 82;1;1;1;1,0;0,33;3;33,33;DRI;82;Rare;Basic;https://limitlesstcg.nyc3.cdn.digitaloceanspaces.com/tpci/DRI/DRI_082_R_EN_LG.png;No;Meta Play!
Rocket's Mewtwo;Lillie's Clefairy ex;ASC 76;3;1;3;1,0;1,0;3;100,0;ASC;76;Double Rare;Basic;https://limitlesstcg.nyc3.cdn.digitaloceanspaces.com/tpci/ASC/ASC_076_R_EN_LG.png;No;Meta Play!
Rocket's Mewtwo;Team Rocket's Ariana;ASC 202;11;4;3;3,67;3,67;3;100,0;ASC;202;Uncommon;Supporter;https://limitlesstcg.nyc3.cdn.digitaloceanspaces.com/tpci/ASC/ASC_202_R_EN_LG.png;No;Meta Play!
Rocket's Mewtwo;Lillie's Determination;MEG 119;11;4;3;3,67;3,67;3;100,0;MEG;119;Uncommon;Supporter;https://limitlesstcg.nyc3.cdn.digitaloceanspaces.com/tpci/MEG/MEG_119_R_EN_LG.png;No;Meta Play!
Rocket's Mewtwo;Team Rocket's Giovanni;ASC 204;9;3;3;3,0;3,0;3;100,0;ASC;204;Uncommon;Supporter;https://limitlesstcg.nyc3.cdn.digitaloceanspaces.com/tpci/ASC/ASC_204_R_EN_LG.png;No;Meta Play!
Rocket's Mewtwo;Team Rocket's Proton;ASC 208;7;3;3;2,33;2,33;3;100,0;ASC;208;Uncommon;Supporter;https://limitlesstcg.nyc3.cdn.digitaloceanspaces.com/tpci/ASC/ASC_208_R_EN_LG.png;No;Meta Play!
Rocket's Mewtwo;Team Rocket's Archer;ASC 201;2;1;2;1,0;0,67;3;66,67;ASC;201;Uncommon;Supporter;https://limitlesstcg.nyc3.cdn.digitaloceanspaces.com/tpci/ASC/ASC_201_R_EN_LG.png;No;Meta Play!
Rocket's Mewtwo;Team Rocket's Petrel;ASC 207;3;1;3;1,0;1,0;3;100,0;ASC;207;Uncommon;Supporter;https://limitlesstcg.nyc3.cdn.digitaloceanspaces.com/tpci/ASC/ASC_207_R_EN_LG.png;No;Meta Play!
Rocket's Mewtwo;Team Rocket's Transceiver;ASC 209;12;4;3;4,0;4,0;3;100,0;ASC;209;Uncommon;Item;https://limitlesstcg.nyc3.cdn.digitaloceanspaces.com/tpci/ASC/ASC_209_R_EN_LG.png;No;Meta Play!
Rocket's Mewtwo;Ultra Ball;MEG 131;11;4;3;3,67;3,67;3;100,0;MEG;131;Common;Item;https://limitlesstcg.nyc3.cdn.digitaloceanspaces.com/tpci/MEG/MEG_131_R_EN_LG.png;No;Meta Play!
Rocket's Mewtwo;Bug Catching Set;TWM 143;6;2;3;2,0;2,0;3;100,0;TWM;143;Uncommon;Item;https://limitlesstcg.nyc3.cdn.digitaloceanspaces.com/tpci/TWM/TWM_143_R_EN_LG.png;No;Meta Play!
Rocket's Mewtwo;Night Stretcher;ASC 196;8;3;3;2,67;2,67;3;100,0;ASC;196;Common;Item;https://limitlesstcg.nyc3.cdn.digitaloceanspaces.com/tpci/ASC/ASC_196_R_EN_LG.png;No;Meta Play!
Rocket's Mewtwo;Energy Switch;MEG 115;3;1;3;1,0;1,0;3;100,0;MEG;115;Common;Item;https://limitlesstcg.nyc3.cdn.digitaloceanspaces.com/tpci/MEG/MEG_115_R_EN_LG.png;No;Meta Play!
Rocket's Mewtwo;Hero's Cape;TEF 152;1;1;1;1,0;0,33;3;33,33;TEF;152;Ultra Rare;Tool;https://limitlesstcg.nyc3.cdn.digitaloceanspaces.com/tpci/TEF/TEF_152_R_EN_LG.png;Yes;Meta Play!
Rocket's Mewtwo;Brave Bangle;WHT 80;3;2;2;1,5;1,0;3;66,67;WHT;80;Uncommon;Tool;https://limitlesstcg.nyc3.cdn.digitaloceanspaces.com/tpci/WHT/WHT_080_R_EN_LG.png;No;Meta Play!
Rocket's Mewtwo;Team Rocket's Factory;ASC 203;4;2;3;1,33;1,33;3;100,0;ASC;203;Uncommon;Stadium;https://limitlesstcg.nyc3.cdn.digitaloceanspaces.com/tpci/ASC/ASC_203_R_EN_LG.png;No;Meta Play!
Rocket's Mewtwo;Team Rocket's Watchtower;ASC 210;1;1;1;1,0;0,33;3;33,33;ASC;210;Uncommon;Stadium;https://limitlesstcg.nyc3.cdn.digitaloceanspaces.com/tpci/ASC/ASC_210_R_EN_LG.png;No;Meta Play!
Rocket's Mewtwo;Prism Tower;CRI 80;4;2;3;1,33;1,33;3;100,0;CRI;80;Uncommon;Stadium;https://limitlesstcg.nyc3.cdn.digitaloceanspaces.com/tpci/CRI/CRI_080_R_EN_LG.png;No;Meta Play!
Rocket's Mewtwo;Grass Energy;MEE 1;18;6;3;6,0;6,0;3;100,0;MEE;1;;Basic Energy;https://limitlesstcg.nyc3.cdn.digitaloceanspaces.com/tpci/MEE/MEE_001_R_EN_LG.png;No;Meta Play!
Rocket's Mewtwo;Team Rocket's Energy;ASC 217;12;4;3;4,0;4,0;3;100,0;ASC;217;Uncommon;Special Energy;https://limitlesstcg.nyc3.cdn.digitaloceanspaces.com/tpci/ASC/ASC_217_R_EN_LG.png;No;Meta Play!
Rocket's Mewtwo;Psychic Energy;MEE 5;3;1;3;1,0;1,0;3;100,0;MEE;5;;Basic Energy;https://limitlesstcg.nyc3.cdn.digitaloceanspaces.com/tpci/MEE/MEE_005_R_EN_LG.png;No;Meta Play!
Rocket's Mewtwo;Team Rocket's Sneasel;DRI 128;1;1;1;1,0;0,33;3;33,33;DRI;128;Rare;Basic;https://limitlesstcg.nyc3.cdn.digitaloceanspaces.com/tpci/DRI/DRI_128_R_EN_LG.png;No;Meta Play!
Rocket's Mewtwo;Lucky Helmet;TWM 158;2;2;1;2,0;0,67;3;33,33;TWM;158;Uncommon;Tool;https://limitlesstcg.nyc3.cdn.digitaloceanspaces.com/tpci/TWM/TWM_158_R_EN_LG.png;No;Meta Play!
Rocket's Mewtwo;Maximum Belt;TEF 154;1;1;1;1,0;0,33;3;33,33;TEF;154;Ultra Rare;Tool;https://limitlesstcg.nyc3.cdn.digitaloceanspaces.com/tpci/TEF/TEF_154_R_EN_LG.png;Yes;Meta Play!
Rocket's Mewtwo;Secret Box;TWM 163;1;1;1;1,0;0,33;3;33,33;TWM;163;Ultra Rare;Item;https://limitlesstcg.nyc3.cdn.digitaloceanspaces.com/tpci/TWM/TWM_163_R_EN_LG.png;Yes;Meta Play!
Lucario Hariyama;Riolu;MEG 76;22;4;7;3,14;3,14;7;100,0;MEG;76;Common;Basic;https://limitlesstcg.nyc3.cdn.digitaloceanspaces.com/tpci/MEG/MEG_076_R_EN_LG.png;No;Meta Play!
Lucario Hariyama;Mega Lucario ex;MEG 77;21;3;7;3,0;3,0;7;100,0;MEG;77;Double Rare;Stage 1;https://limitlesstcg.nyc3.cdn.digitaloceanspaces.com/tpci/MEG/MEG_077_R_EN_LG.png;No;Meta Play!
Lucario Hariyama;Solrock;MEG 75;20;3;7;2,86;2,86;7;100,0;MEG;75;Uncommon;Basic;https://limitlesstcg.nyc3.cdn.digitaloceanspaces.com/tpci/MEG/MEG_075_R_EN_LG.png;No;Meta Play!
Lucario Hariyama;Lunatone;MEG 74;15;3;7;2,14;2,14;7;100,0;MEG;74;Rare;Basic;https://limitlesstcg.nyc3.cdn.digitaloceanspaces.com/tpci/MEG/MEG_074_R_EN_LG.png;No;Meta Play!
Lucario Hariyama;Makuhita;MEG 72;14;2;7;2,0;2,0;7;100,0;MEG;72;Common;Basic;https://limitlesstcg.nyc3.cdn.digitaloceanspaces.com/tpci/MEG/MEG_072_R_EN_LG.png;No;Meta Play!
Lucario Hariyama;Hariyama;MEG 73;14;2;7;2,0;2,0;7;100,0;MEG;73;Rare;Stage 1;https://limitlesstcg.nyc3.cdn.digitaloceanspaces.com/tpci/MEG/MEG_073_R_EN_LG.png;No;Meta Play!
Lucario Hariyama;Meowth ex;POR 62;7;1;7;1,0;1,0;7;100,0;POR;62;Double Rare;Basic;https://limitlesstcg.nyc3.cdn.digitaloceanspaces.com/tpci/POR/POR_062_R_EN_LG.png;No;Meta Play!
Lucario Hariyama;Shaymin;DRI 10;2;1;2;1,0;0,29;7;28,57;DRI;10;Uncommon;Basic;https://limitlesstcg.nyc3.cdn.digitaloceanspaces.com/tpci/DRI/DRI_010_R_EN_LG.png;No;Meta Play!
Lucario Hariyama;Lillie's Determination;MEG 119;28;4;7;4,0;4,0;7;100,0;MEG;119;Uncommon;Supporter;https://limitlesstcg.nyc3.cdn.digitaloceanspaces.com/tpci/MEG/MEG_119_R_EN_LG.png;No;Meta Play!
Lucario Hariyama;Judge;POR 76;17;4;7;2,43;2,43;7;100,0;POR;76;Uncommon;Supporter;https://limitlesstcg.nyc3.cdn.digitaloceanspaces.com/tpci/POR/POR_076_R_EN_LG.png;No;Meta Play!
Lucario Hariyama;Boss's Orders;MEG 114;13;2;7;1,86;1,86;7;100,0;MEG;114;Uncommon;Supporter;https://limitlesstcg.nyc3.cdn.digitaloceanspaces.com/tpci/MEG/MEG_114_R_EN_LG.png;No;Meta Play!
Lucario Hariyama;Kieran;TWM 154;1;1;1;1,0;0,14;7;14,29;TWM;154;Uncommon;Supporter;https://limitlesstcg.nyc3.cdn.digitaloceanspaces.com/tpci/TWM/TWM_154_R_EN_LG.png;No;Meta Play!
Lucario Hariyama;Wally's Compassion;MEG 132;5;1;5;1,0;0,71;7;71,43;MEG;132;Uncommon;Supporter;https://limitlesstcg.nyc3.cdn.digitaloceanspaces.com/tpci/MEG/MEG_132_R_EN_LG.png;No;Meta Play!
Lucario Hariyama;Fighting Gong;MEG 116;28;4;7;4,0;4,0;7;100,0;MEG;116;Uncommon;Item;https://limitlesstcg.nyc3.cdn.digitaloceanspaces.com/tpci/MEG/MEG_116_R_EN_LG.png;No;Meta Play!
Lucario Hariyama;Ultra Ball;MEG 131;26;4;7;3,71;3,71;7;100,0;MEG;131;Common;Item;https://limitlesstcg.nyc3.cdn.digitaloceanspaces.com/tpci/MEG/MEG_131_R_EN_LG.png;No;Meta Play!
Lucario Hariyama;Poké Pad;POR 81;26;4;7;3,71;3,71;7;100,0;POR;81;Uncommon;Item;https://limitlesstcg.nyc3.cdn.digitaloceanspaces.com/tpci/POR/POR_081_R_EN_LG.png;No;Meta Play!
Lucario Hariyama;Premium Power Pro;MEG 124;28;4;7;4,0;4,0;7;100,0;MEG;124;Uncommon;Item;https://limitlesstcg.nyc3.cdn.digitaloceanspaces.com/tpci/MEG/MEG_124_R_EN_LG.png;No;Meta Play!
Lucario Hariyama;Prime Catcher;TEF 157;1;1;1;1,0;0,14;7;14,29;TEF;157;Ultra Rare;Item;https://limitlesstcg.nyc3.cdn.digitaloceanspaces.com/tpci/TEF/TEF_157_R_EN_LG.png;Yes;Meta Play!
Lucario Hariyama;Switch;MEG 130;6;1;6;1,0;0,86;7;85,71;MEG;130;Common;Item;https://limitlesstcg.nyc3.cdn.digitaloceanspaces.com/tpci/MEG/MEG_130_R_EN_LG.png;No;Meta Play!
Lucario Hariyama;Gravity Mountain;SSP 177;13;3;6;2,17;1,86;7;85,71;SSP;177;Uncommon;Stadium;https://limitlesstcg.nyc3.cdn.digitaloceanspaces.com/tpci/SSP/SSP_177_R_EN_LG.png;No;Meta Play!
Lucario Hariyama;Fighting Energy;MEE 6;77;12;7;11,0;11,0;7;100,0;MEE;6;;Basic Energy;https://limitlesstcg.nyc3.cdn.digitaloceanspaces.com/tpci/MEE/MEE_006_R_EN_LG.png;No;Meta Play!
Lucario Hariyama;Rocky Fighting Energy;POR 87;3;2;2;1,5;0,43;7;28,57;POR;87;Rare;Special Energy;https://limitlesstcg.nyc3.cdn.digitaloceanspaces.com/tpci/POR/POR_087_R_EN_LG.png;No;Meta Play!
Lucario Hariyama;Maximum Belt;TEF 154;1;1;1;1,0;0,14;7;14,29;TEF;154;Ultra Rare;Tool;https://limitlesstcg.nyc3.cdn.digitaloceanspaces.com/tpci/TEF/TEF_154_R_EN_LG.png;Yes;Meta Play!
Lucario Hariyama;Air Balloon;ASC 181;12;3;6;2,0;1,71;7;85,71;ASC;181;Uncommon;Tool;https://limitlesstcg.nyc3.cdn.digitaloceanspaces.com/tpci/ASC/ASC_181_R_EN_LG.png;No;Meta Play!
Lucario Hariyama;Team Rocket's Watchtower;ASC 210;4;4;1;4,0;0,57;7;14,29;ASC;210;Uncommon;Stadium;https://limitlesstcg.nyc3.cdn.digitaloceanspaces.com/tpci/ASC/ASC_210_R_EN_LG.png;No;Meta Play!
Lucario Hariyama;Team Rocket's Petrel;ASC 207;4;1;4;1,0;0,57;7;57,14;ASC;207;Uncommon;Supporter;https://limitlesstcg.nyc3.cdn.digitaloceanspaces.com/tpci/ASC/ASC_207_R_EN_LG.png;No;Meta Play!
Lucario Hariyama;Unfair Stamp;TWM 165;3;1;3;1,0;0,43;7;42,86;TWM;165;Ultra Rare;Item;https://limitlesstcg.nyc3.cdn.digitaloceanspaces.com/tpci/TWM/TWM_165_R_EN_LG.png;Yes;Meta Play!
Lucario Hariyama;Genesect;SFA 40;1;1;1;1,0;0,14;7;14,29;SFA;40;Uncommon;Basic;https://limitlesstcg.nyc3.cdn.digitaloceanspaces.com/tpci/SFA/SFA_040_R_EN_LG.png;No;Meta Play!
Lucario Hariyama;Tarragon;POR 85;1;1;1;1,0;0,14;7;14,29;POR;85;Uncommon;Supporter;https://limitlesstcg.nyc3.cdn.digitaloceanspaces.com/tpci/POR/POR_085_R_EN_LG.png;No;Meta Play!
Lucario Hariyama;Carmine;TWM 145;1;1;1;1,0;0,14;7;14,29;TWM;145;Uncommon;Supporter;https://limitlesstcg.nyc3.cdn.digitaloceanspaces.com/tpci/TWM/TWM_145_R_EN_LG.png;No;Meta Play!
Lucario Hariyama;Black Belt's Training;JTG 143;2;1;2;1,0;0,29;7;28,57;JTG;143;Common;Supporter;https://limitlesstcg.nyc3.cdn.digitaloceanspaces.com/tpci/JTG/JTG_143_R_EN_LG.png;No;Meta Play!
Lucario Hariyama;Secret Box;TWM 163;2;1;2;1,0;0,29;7;28,57;TWM;163;Ultra Rare;Item;https://limitlesstcg.nyc3.cdn.digitaloceanspaces.com/tpci/TWM/TWM_163_R_EN_LG.png;Yes;Meta Play!
Lucario Hariyama;Mega Signal;MEG 121;1;1;1;1,0;0,14;7;14,29;MEG;121;Uncommon;Item;https://limitlesstcg.nyc3.cdn.digitaloceanspaces.com/tpci/MEG/MEG_121_R_EN_LG.png;No;Meta Play!
Lucario Hariyama;Special Red Card;CRI 82;1;1;1;1,0;0,14;7;14,29;CRI;82;Uncommon;Item;https://limitlesstcg.nyc3.cdn.digitaloceanspaces.com/tpci/CRI/CRI_082_R_EN_LG.png;No;Meta Play!
Mega Chandelure;Litwick;PBL 36;4;4;1;4,0;4,0;1;100,0;PBL;36;Common;Basic;https://limitlesstcg.nyc3.cdn.digitaloceanspaces.com/tpci/PBL/PBL_036_R_EN_LG.png;No;Meta Play!
Mega Chandelure;Lampent;PBL 37;4;4;1;4,0;4,0;1;100,0;PBL;37;Uncommon;Stage 1;https://limitlesstcg.nyc3.cdn.digitaloceanspaces.com/tpci/PBL/PBL_037_R_EN_LG.png;No;Meta Play!
Mega Chandelure;Mega Chandelure ex;PBL 38;4;4;1;4,0;4,0;1;100,0;PBL;38;Double Rare;Stage 2;https://limitlesstcg.nyc3.cdn.digitaloceanspaces.com/tpci/PBL/PBL_038_R_EN_LG.png;No;Meta Play!
Mega Chandelure;Chandelure;TWM 38;4;4;1;4,0;4,0;1;100,0;TWM;38;Rare;Stage 2;https://limitlesstcg.nyc3.cdn.digitaloceanspaces.com/tpci/TWM/TWM_038_R_EN_LG.png;No;Meta Play!
Mega Chandelure;Elgyem;BLK 40;1;1;1;1,0;1,0;1;100,0;BLK;40;Common;Basic;https://limitlesstcg.nyc3.cdn.digitaloceanspaces.com/tpci/BLK/BLK_040_R_EN_LG.png;No;Meta Play!
Mega Chandelure;Lillie's Clefairy ex;ASC 76;1;1;1;1,0;1,0;1;100,0;ASC;76;Double Rare;Basic;https://limitlesstcg.nyc3.cdn.digitaloceanspaces.com/tpci/ASC/ASC_076_R_EN_LG.png;No;Meta Play!
Mega Chandelure;Shaymin;DRI 10;1;1;1;1,0;1,0;1;100,0;DRI;10;Uncommon;Basic;https://limitlesstcg.nyc3.cdn.digitaloceanspaces.com/tpci/DRI/DRI_010_R_EN_LG.png;No;Meta Play!
Mega Chandelure;Meowth ex;POR 62;1;1;1;1,0;1,0;1;100,0;POR;62;Double Rare;Basic;https://limitlesstcg.nyc3.cdn.digitaloceanspaces.com/tpci/POR/POR_062_R_EN_LG.png;No;Meta Play!
Mega Chandelure;Shuppet;PBL 33;1;1;1;1,0;1,0;1;100,0;PBL;33;Common;Basic;https://limitlesstcg.nyc3.cdn.digitaloceanspaces.com/tpci/PBL/PBL_033_R_EN_LG.png;No;Meta Play!
Mega Chandelure;Banette;PBL 34;1;1;1;1,0;1,0;1;100,0;PBL;34;Uncommon;Stage 1;https://limitlesstcg.nyc3.cdn.digitaloceanspaces.com/tpci/PBL/PBL_034_R_EN_LG.png;No;Meta Play!
Mega Chandelure;Lillie's Determination;MEG 119;4;4;1;4,0;4,0;1;100,0;MEG;119;Uncommon;Supporter;https://limitlesstcg.nyc3.cdn.digitaloceanspaces.com/tpci/MEG/MEG_119_R_EN_LG.png;No;Meta Play!
Mega Chandelure;Hilda;WHT 84;4;4;1;4,0;4,0;1;100,0;WHT;84;Uncommon;Supporter;https://limitlesstcg.nyc3.cdn.digitaloceanspaces.com/tpci/WHT/WHT_084_R_EN_LG.png;No;Meta Play!
Mega Chandelure;Boss's Orders;MEG 114;4;4;1;4,0;4,0;1;100,0;MEG;114;Uncommon;Supporter;https://limitlesstcg.nyc3.cdn.digitaloceanspaces.com/tpci/MEG/MEG_114_R_EN_LG.png;No;Meta Play!
Mega Chandelure;Surfer;ASC 200;1;1;1;1,0;1,0;1;100,0;ASC;200;Common;Supporter;https://limitlesstcg.nyc3.cdn.digitaloceanspaces.com/tpci/ASC/ASC_200_R_EN_LG.png;No;Meta Play!
Mega Chandelure;Lana's Aid;TWM 155;1;1;1;1,0;1,0;1;100,0;TWM;155;Uncommon;Supporter;https://limitlesstcg.nyc3.cdn.digitaloceanspaces.com/tpci/TWM/TWM_155_R_EN_LG.png;No;Meta Play!
Mega Chandelure;Ultra Ball;MEG 131;4;4;1;4,0;4,0;1;100,0;MEG;131;Common;Item;https://limitlesstcg.nyc3.cdn.digitaloceanspaces.com/tpci/MEG/MEG_131_R_EN_LG.png;No;Meta Play!
Mega Chandelure;Rare Candy;MEG 125;2;2;1;2,0;2,0;1;100,0;MEG;125;Common;Item;https://limitlesstcg.nyc3.cdn.digitaloceanspaces.com/tpci/MEG/MEG_125_R_EN_LG.png;No;Meta Play!
Mega Chandelure;Poké Pad;POR 81;2;2;1;2,0;2,0;1;100,0;POR;81;Uncommon;Item;https://limitlesstcg.nyc3.cdn.digitaloceanspaces.com/tpci/POR/POR_081_R_EN_LG.png;No;Meta Play!
Mega Chandelure;Pokégear 3.0;SVI 186;2;2;1;2,0;2,0;1;100,0;SVI;186;Common;Item;https://limitlesstcg.nyc3.cdn.digitaloceanspaces.com/tpci/SVI/SVI_186_R_EN_LG.png;No;Meta Play!
Mega Chandelure;Night Stretcher;ASC 196;2;2;1;2,0;2,0;1;100,0;ASC;196;Common;Item;https://limitlesstcg.nyc3.cdn.digitaloceanspaces.com/tpci/ASC/ASC_196_R_EN_LG.png;No;Meta Play!
Mega Chandelure;Energy Search;POR 72;1;1;1;1,0;1,0;1;100,0;POR;72;Common;Item;https://limitlesstcg.nyc3.cdn.digitaloceanspaces.com/tpci/POR/POR_072_R_EN_LG.png;No;Meta Play!
Mega Chandelure;Air Balloon;ASC 181;2;2;1;2,0;2,0;1;100,0;ASC;181;Uncommon;Tool;https://limitlesstcg.nyc3.cdn.digitaloceanspaces.com/tpci/ASC/ASC_181_R_EN_LG.png;No;Meta Play!
Mega Chandelure;Telepathic Psychic Energy;POR 88;4;4;1;4,0;4,0;1;100,0;POR;88;Rare;Special Energy;https://limitlesstcg.nyc3.cdn.digitaloceanspaces.com/tpci/POR/POR_088_R_EN_LG.png;No;Meta Play!
Mega Chandelure;Psychic Energy;MEE 5;2;2;1;2,0;2,0;1;100,0;MEE;5;;Basic Energy;https://limitlesstcg.nyc3.cdn.digitaloceanspaces.com/tpci/MEE/MEE_005_R_EN_LG.png;No;Meta Play!
Mega Chandelure;Fire Energy;MEE 2;2;2;1;2,0;2,0;1;100,0;MEE;2;;Basic Energy;https://limitlesstcg.nyc3.cdn.digitaloceanspaces.com/tpci/MEE/MEE_002_R_EN_LG.png;No;Meta Play!
Mega Chandelure;Neo Upper Energy;TEF 162;1;1;1;1,0;1,0;1;100,0;TEF;162;Ultra Rare;Special Energy;https://limitlesstcg.nyc3.cdn.digitaloceanspaces.com/tpci/TEF/TEF_162_R_EN_LG.png;Yes;Meta Play!
Lopunny Dudunsparce;Buneary;PFL 83;23;3;9;2,56;2,56;9;100,0;PFL;83;Common;Basic;https://limitlesstcg.nyc3.cdn.digitaloceanspaces.com/tpci/PFL/PFL_083_R_EN_LG.png;No;Meta Play!
Lopunny Dudunsparce;Mega Lopunny ex;PFL 84;21;3;9;2,33;2,33;9;100,0;PFL;84;Double Rare;Stage 1;https://limitlesstcg.nyc3.cdn.digitaloceanspaces.com/tpci/PFL/PFL_084_R_EN_LG.png;No;Meta Play!
Lopunny Dudunsparce;Dunsparce;JTG 120;28;4;9;3,11;3,11;9;100,0;JTG;120;Common;Basic;https://limitlesstcg.nyc3.cdn.digitaloceanspaces.com/tpci/JTG/JTG_120_R_EN_LG.png;No;Meta Play!
Lopunny Dudunsparce;Dudunsparce;TEF 129;27;3;9;3,0;3,0;9;100,0;TEF;129;Rare;Stage 1;https://limitlesstcg.nyc3.cdn.digitaloceanspaces.com/tpci/TEF/TEF_129_R_EN_LG.png;No;Meta Play!
Lopunny Dudunsparce;Mew ex;30C 66;11;2;7;1,57;1,22;9;77,78;30C;66;Double Rare;Basic;https://limitlesstcg.nyc3.cdn.digitaloceanspaces.com/tpci/30C/30C_066_R_EN_LG.png;No;Meta Play!
Lopunny Dudunsparce;Fan Rotom;ASC 171;15;2;9;1,67;1,67;9;100,0;ASC;171;Common;Basic;https://limitlesstcg.nyc3.cdn.digitaloceanspaces.com/tpci/ASC/ASC_171_R_EN_LG.png;No;Meta Play!
Lopunny Dudunsparce;Psyduck;ASC 39;7;1;7;1,0;0,78;9;77,78;ASC;39;Common;Basic;https://limitlesstcg.nyc3.cdn.digitaloceanspaces.com/tpci/ASC/ASC_039_R_EN_LG.png;No;Meta Play!
Lopunny Dudunsparce;Lillie's Clefairy ex;ASC 76;5;1;5;1,0;0,56;9;55,56;ASC;76;Double Rare;Basic;https://limitlesstcg.nyc3.cdn.digitaloceanspaces.com/tpci/ASC/ASC_076_R_EN_LG.png;No;Meta Play!
Lopunny Dudunsparce;Boss's Orders;MEG 114;26;4;9;2,89;2,89;9;100,0;MEG;114;Uncommon;Supporter;https://limitlesstcg.nyc3.cdn.digitaloceanspaces.com/tpci/MEG/MEG_114_R_EN_LG.png;No;Meta Play!
Lopunny Dudunsparce;Hilda;WHT 84;28;4;9;3,11;3,11;9;100,0;WHT;84;Uncommon;Supporter;https://limitlesstcg.nyc3.cdn.digitaloceanspaces.com/tpci/WHT/WHT_084_R_EN_LG.png;No;Meta Play!
Lopunny Dudunsparce;Lillie's Determination;MEG 119;27;4;9;3,0;3,0;9;100,0;MEG;119;Uncommon;Supporter;https://limitlesstcg.nyc3.cdn.digitaloceanspaces.com/tpci/MEG/MEG_119_R_EN_LG.png;No;Meta Play!
Lopunny Dudunsparce;Wally's Compassion;MEG 132;28;4;9;3,11;3,11;9;100,0;MEG;132;Uncommon;Supporter;https://limitlesstcg.nyc3.cdn.digitaloceanspaces.com/tpci/MEG/MEG_132_R_EN_LG.png;No;Meta Play!
Lopunny Dudunsparce;Ultra Ball;MEG 131;32;4;9;3,56;3,56;9;100,0;MEG;131;Common;Item;https://limitlesstcg.nyc3.cdn.digitaloceanspaces.com/tpci/MEG/MEG_131_R_EN_LG.png;No;Meta Play!
Lopunny Dudunsparce;Poké Pad;POR 81;34;4;9;3,78;3,78;9;100,0;POR;81;Uncommon;Item;https://limitlesstcg.nyc3.cdn.digitaloceanspaces.com/tpci/POR/POR_081_R_EN_LG.png;No;Meta Play!
Lopunny Dudunsparce;Buddy-Buddy Poffin;ASC 184;33;4;9;3,67;3,67;9;100,0;ASC;184;Common;Item;https://limitlesstcg.nyc3.cdn.digitaloceanspaces.com/tpci/ASC/ASC_184_R_EN_LG.png;No;Meta Play!
Lopunny Dudunsparce;Pokégear 3.0;SVI 186;21;3;9;2,33;2,33;9;100,0;SVI;186;Common;Item;https://limitlesstcg.nyc3.cdn.digitaloceanspaces.com/tpci/SVI/SVI_186_R_EN_LG.png;No;Meta Play!
Lopunny Dudunsparce;Special Red Card;CRI 82;5;1;5;1,0;0,56;9;55,56;CRI;82;Uncommon;Item;https://limitlesstcg.nyc3.cdn.digitaloceanspaces.com/tpci/CRI/CRI_082_R_EN_LG.png;No;Meta Play!
Lopunny Dudunsparce;Air Balloon;ASC 181;21;3;9;2,33;2,33;9;100,0;ASC;181;Uncommon;Tool;https://limitlesstcg.nyc3.cdn.digitaloceanspaces.com/tpci/ASC/ASC_181_R_EN_LG.png;No;Meta Play!
Lopunny Dudunsparce;Battle Cage;PFL 85;26;4;9;2,89;2,89;9;100,0;PFL;85;Uncommon;Stadium;https://limitlesstcg.nyc3.cdn.digitaloceanspaces.com/tpci/PFL/PFL_085_R_EN_LG.png;No;Meta Play!
Lopunny Dudunsparce;Mist Energy;TEF 161;36;4;9;4,0;4,0;9;100,0;TEF;161;Uncommon;Special Energy;https://limitlesstcg.nyc3.cdn.digitaloceanspaces.com/tpci/TEF/TEF_161_R_EN_LG.png;No;Meta Play!
Lopunny Dudunsparce;Telepathic Psychic Energy;POR 88;12;4;4;3,0;1,33;9;44,44;POR;88;Rare;Special Energy;https://limitlesstcg.nyc3.cdn.digitaloceanspaces.com/tpci/POR/POR_088_R_EN_LG.png;No;Meta Play!
Lopunny Dudunsparce;Enriching Energy;SSP 191;6;1;6;1,0;0,67;9;66,67;SSP;191;Ultra Rare;Special Energy;https://limitlesstcg.nyc3.cdn.digitaloceanspaces.com/tpci/SSP/SSP_191_R_EN_LG.png;Yes;Meta Play!
Lopunny Dudunsparce;Dudunsparce ex;JTG 121;6;1;6;1,0;0,67;9;66,67;JTG;121;Double Rare;Stage 1;https://limitlesstcg.nyc3.cdn.digitaloceanspaces.com/tpci/JTG/JTG_121_R_EN_LG.png;No;Meta Play!
Lopunny Dudunsparce;Stunfisk;ASC 62;1;1;1;1,0;0,11;9;11,11;ASC;62;Common;Basic;https://limitlesstcg.nyc3.cdn.digitaloceanspaces.com/tpci/ASC/ASC_062_R_EN_LG.png;No;Meta Play!
Lopunny Dudunsparce;Shaymin;DRI 10;3;1;3;1,0;0,33;9;33,33;DRI;10;Uncommon;Basic;https://limitlesstcg.nyc3.cdn.digitaloceanspaces.com/tpci/DRI/DRI_010_R_EN_LG.png;No;Meta Play!
Lopunny Dudunsparce;Moltres;PFL 14;1;1;1;1,0;0,11;9;11,11;PFL;14;Rare;Basic;https://limitlesstcg.nyc3.cdn.digitaloceanspaces.com/tpci/PFL/PFL_014_R_EN_LG.png;No;Meta Play!
Lopunny Dudunsparce;Night Stretcher;ASC 196;11;2;7;1,57;1,22;9;77,78;ASC;196;Common;Item;https://limitlesstcg.nyc3.cdn.digitaloceanspaces.com/tpci/ASC/ASC_196_R_EN_LG.png;No;Meta Play!
Lopunny Dudunsparce;Prism Energy;ASC 216;3;3;1;3,0;0,33;9;11,11;ASC;216;Uncommon;Special Energy;https://limitlesstcg.nyc3.cdn.digitaloceanspaces.com/tpci/ASC/ASC_216_R_EN_LG.png;No;Meta Play!
Lopunny Dudunsparce;Chien-Pao;SSP 56;3;1;3;1,0;0,33;9;33,33;SSP;56;Rare;Basic;https://limitlesstcg.nyc3.cdn.digitaloceanspaces.com/tpci/SSP/SSP_056_R_EN_LG.png;No;Meta Play!
Lopunny Dudunsparce;Meowth ex;POR 62;4;1;4;1,0;0,44;9;44,44;POR;62;Double Rare;Basic;https://limitlesstcg.nyc3.cdn.digitaloceanspaces.com/tpci/POR/POR_062_R_EN_LG.png;No;Meta Play!
Lopunny Dudunsparce;Nighttime Mine;ASC 197;1;1;1;1,0;0,11;9;11,11;ASC;197;Uncommon;Stadium;https://limitlesstcg.nyc3.cdn.digitaloceanspaces.com/tpci/ASC/ASC_197_R_EN_LG.png;No;Meta Play!
Lopunny Dudunsparce;Snorunt;ASC 46;6;2;3;2,0;0,67;9;33,33;ASC;46;Common;Basic;https://limitlesstcg.nyc3.cdn.digitaloceanspaces.com/tpci/ASC/ASC_046_R_EN_LG.png;No;Meta Play!
Lopunny Dudunsparce;Mega Froslass ex;ASC 47;6;2;3;2,0;0,67;9;33,33;ASC;47;Double Rare;Stage 1;https://limitlesstcg.nyc3.cdn.digitaloceanspaces.com/tpci/ASC/ASC_047_R_EN_LG.png;No;Meta Play!
Lopunny Dudunsparce;Budew;ASC 16;1;1;1;1,0;0,11;9;11,11;ASC;16;Common;Basic;https://limitlesstcg.nyc3.cdn.digitaloceanspaces.com/tpci/ASC/ASC_016_R_EN_LG.png;No;Meta Play!
Lopunny Dudunsparce;Hero's Cape;TEF 152;2;1;2;1,0;0,22;9;22,22;TEF;152;Ultra Rare;Tool;https://limitlesstcg.nyc3.cdn.digitaloceanspaces.com/tpci/TEF/TEF_152_R_EN_LG.png;Yes;Meta Play!
Lopunny Dudunsparce;Water Energy;MEE 3;4;3;2;2,0;0,44;9;22,22;MEE;3;;Basic Energy;https://limitlesstcg.nyc3.cdn.digitaloceanspaces.com/tpci/MEE/MEE_003_R_EN_LG.png;No;Meta Play!
Lopunny Dudunsparce;Psychic Energy;MEE 5;4;3;2;2,0;0,44;9;22,22;MEE;5;;Basic Energy;https://limitlesstcg.nyc3.cdn.digitaloceanspaces.com/tpci/MEE/MEE_005_R_EN_LG.png;No;Meta Play!
Lopunny Dudunsparce;Xerosic's Machinations;SFA 64;1;1;1;1,0;0,11;9;11,11;SFA;64;Uncommon;Supporter;https://limitlesstcg.nyc3.cdn.digitaloceanspaces.com/tpci/SFA/SFA_064_R_EN_LG.png;No;Meta Play!
Lopunny Dudunsparce;Wondrous Patch;PFL 94;2;2;1;2,0;0,22;9;11,11;PFL;94;Uncommon;Item;https://limitlesstcg.nyc3.cdn.digitaloceanspaces.com/tpci/PFL/PFL_094_R_EN_LG.png;No;Meta Play!
Lopunny Dudunsparce;Lucian;TWM 157;3;2;2;1,5;0,33;9;22,22;TWM;157;Uncommon;Supporter;https://limitlesstcg.nyc3.cdn.digitaloceanspaces.com/tpci/TWM/TWM_157_R_EN_LG.png;No;Meta Play!
Lopunny Dudunsparce;Team Rocket's Petrel;ASC 207;1;1;1;1,0;0,11;9;11,11;ASC;207;Uncommon;Supporter;https://limitlesstcg.nyc3.cdn.digitaloceanspaces.com/tpci/ASC/ASC_207_R_EN_LG.png;No;Meta Play!
Lopunny Dudunsparce;Bubbly Water Energy;CRI 84;4;3;2;2,0;0,44;9;22,22;CRI;84;Rare;Special Energy;https://limitlesstcg.nyc3.cdn.digitaloceanspaces.com/tpci/CRI/CRI_084_R_EN_LG.png;No;Meta Play!
Lopunny Dudunsparce;Legacy Energy;TWM 167;1;1;1;1,0;0,11;9;11,11;TWM;167;Ultra Rare;Special Energy;https://limitlesstcg.nyc3.cdn.digitaloceanspaces.com/tpci/TWM/TWM_167_R_EN_LG.png;Yes;Meta Play!
Tera Box;Hoothoot;SCR 114;3;3;1;3,0;3,0;1;100,0;SCR;114;Common;Basic;https://limitlesstcg.nyc3.cdn.digitaloceanspaces.com/tpci/SCR/SCR_114_R_EN_LG.png;No;Meta Play!
Tera Box;Noctowl;SCR 115;3;3;1;3,0;3,0;1;100,0;SCR;115;Rare;Stage 1;https://limitlesstcg.nyc3.cdn.digitaloceanspaces.com/tpci/SCR/SCR_115_R_EN_LG.png;No;Meta Play!
Tera Box;Mega Kangaskhan ex;MEG 104;3;3;1;3,0;3,0;1;100,0;MEG;104;Double Rare;Basic;https://limitlesstcg.nyc3.cdn.digitaloceanspaces.com/tpci/MEG/MEG_104_R_EN_LG.png;No;Meta Play!
Tera Box;Fan Rotom;ASC 171;2;2;1;2,0;2,0;1;100,0;ASC;171;Common;Basic;https://limitlesstcg.nyc3.cdn.digitaloceanspaces.com/tpci/ASC/ASC_171_R_EN_LG.png;No;Meta Play!
Tera Box;Teal Mask Ogerpon ex;TWM 25;2;2;1;2,0;2,0;1;100,0;TWM;25;Double Rare;Basic;https://limitlesstcg.nyc3.cdn.digitaloceanspaces.com/tpci/TWM/TWM_025_R_EN_LG.png;No;Meta Play!
Tera Box;Wellspring Mask Ogerpon ex;TWM 64;2;2;1;2,0;2,0;1;100,0;TWM;64;Double Rare;Basic;https://limitlesstcg.nyc3.cdn.digitaloceanspaces.com/tpci/TWM/TWM_064_R_EN_LG.png;No;Meta Play!
Tera Box;Koraidon ex;ASC 121;1;1;1;1,0;1,0;1;100,0;ASC;121;Double Rare;Basic;https://limitlesstcg.nyc3.cdn.digitaloceanspaces.com/tpci/ASC/ASC_121_R_EN_LG.png;No;Meta Play!
Tera Box;Terapagos ex;ASC 179;1;1;1;1,0;1,0;1;100,0;ASC;179;Double Rare;Basic;https://limitlesstcg.nyc3.cdn.digitaloceanspaces.com/tpci/ASC/ASC_179_R_EN_LG.png;No;Meta Play!
Tera Box;Latias ex;SSP 76;1;1;1;1,0;1,0;1;100,0;SSP;76;Double Rare;Basic;https://limitlesstcg.nyc3.cdn.digitaloceanspaces.com/tpci/SSP/SSP_076_R_EN_LG.png;No;Meta Play!
Tera Box;Iron Leaves ex;TEF 25;1;1;1;1,0;1,0;1;100,0;TEF;25;Double Rare;Basic;https://limitlesstcg.nyc3.cdn.digitaloceanspaces.com/tpci/TEF/TEF_025_R_EN_LG.png;No;Meta Play!
Tera Box;Fezandipiti ex;ASC 142;1;1;1;1,0;1,0;1;100,0;ASC;142;Double Rare;Basic;https://limitlesstcg.nyc3.cdn.digitaloceanspaces.com/tpci/ASC/ASC_142_R_EN_LG.png;No;Meta Play!
Tera Box;Lillie's Clefairy ex;ASC 76;1;1;1;1,0;1,0;1;100,0;ASC;76;Double Rare;Basic;https://limitlesstcg.nyc3.cdn.digitaloceanspaces.com/tpci/ASC/ASC_076_R_EN_LG.png;No;Meta Play!
Tera Box;Meowth ex;POR 62;1;1;1;1,0;1,0;1;100,0;POR;62;Double Rare;Basic;https://limitlesstcg.nyc3.cdn.digitaloceanspaces.com/tpci/POR/POR_062_R_EN_LG.png;No;Meta Play!
Tera Box;Chien-Pao;SSP 56;1;1;1;1,0;1,0;1;100,0;SSP;56;Rare;Basic;https://limitlesstcg.nyc3.cdn.digitaloceanspaces.com/tpci/SSP/SSP_056_R_EN_LG.png;No;Meta Play!
Tera Box;Crispin;SCR 133;3;3;1;3,0;3,0;1;100,0;SCR;133;Uncommon;Supporter;https://limitlesstcg.nyc3.cdn.digitaloceanspaces.com/tpci/SCR/SCR_133_R_EN_LG.png;No;Meta Play!
Tera Box;Boss's Orders;MEG 114;2;2;1;2,0;2,0;1;100,0;MEG;114;Uncommon;Supporter;https://limitlesstcg.nyc3.cdn.digitaloceanspaces.com/tpci/MEG/MEG_114_R_EN_LG.png;No;Meta Play!
Tera Box;Cyrano;SSP 170;1;1;1;1,0;1,0;1;100,0;SSP;170;Uncommon;Supporter;https://limitlesstcg.nyc3.cdn.digitaloceanspaces.com/tpci/SSP/SSP_170_R_EN_LG.png;No;Meta Play!
Tera Box;Lillie's Determination;MEG 119;1;1;1;1,0;1,0;1;100,0;MEG;119;Uncommon;Supporter;https://limitlesstcg.nyc3.cdn.digitaloceanspaces.com/tpci/MEG/MEG_119_R_EN_LG.png;No;Meta Play!
Tera Box;Ultra Ball;MEG 131;4;4;1;4,0;4,0;1;100,0;MEG;131;Common;Item;https://limitlesstcg.nyc3.cdn.digitaloceanspaces.com/tpci/MEG/MEG_131_R_EN_LG.png;No;Meta Play!
Tera Box;Poké Pad;POR 81;4;4;1;4,0;4,0;1;100,0;POR;81;Uncommon;Item;https://limitlesstcg.nyc3.cdn.digitaloceanspaces.com/tpci/POR/POR_081_R_EN_LG.png;No;Meta Play!
Tera Box;Energy Switch;MEG 115;2;2;1;2,0;2,0;1;100,0;MEG;115;Common;Item;https://limitlesstcg.nyc3.cdn.digitaloceanspaces.com/tpci/MEG/MEG_115_R_EN_LG.png;No;Meta Play!
Tera Box;Night Stretcher;ASC 196;2;2;1;2,0;2,0;1;100,0;ASC;196;Common;Item;https://limitlesstcg.nyc3.cdn.digitaloceanspaces.com/tpci/ASC/ASC_196_R_EN_LG.png;No;Meta Play!
Tera Box;Switch;MEG 130;1;1;1;1,0;1,0;1;100,0;MEG;130;Common;Item;https://limitlesstcg.nyc3.cdn.digitaloceanspaces.com/tpci/MEG/MEG_130_R_EN_LG.png;No;Meta Play!
Tera Box;Glass Trumpet;ASC 189;1;1;1;1,0;1,0;1;100,0;ASC;189;Common;Item;https://limitlesstcg.nyc3.cdn.digitaloceanspaces.com/tpci/ASC/ASC_189_R_EN_LG.png;No;Meta Play!
Tera Box;Tera Orb;SSP 189;1;1;1;1,0;1,0;1;100,0;SSP;189;Uncommon;Item;https://limitlesstcg.nyc3.cdn.digitaloceanspaces.com/tpci/SSP/SSP_189_R_EN_LG.png;No;Meta Play!
Tera Box;Sparkling Crystal;SCR 142;1;1;1;1,0;1,0;1;100,0;SCR;142;Ultra Rare;Tool;https://limitlesstcg.nyc3.cdn.digitaloceanspaces.com/tpci/SCR/SCR_142_R_EN_LG.png;Yes;Meta Play!
Tera Box;Area Zero Underdepths;SCR 131;4;4;1;4,0;4,0;1;100,0;SCR;131;Uncommon;Stadium;https://limitlesstcg.nyc3.cdn.digitaloceanspaces.com/tpci/SCR/SCR_131_R_EN_LG.png;No;Meta Play!
Tera Box;Grass Energy;MEE 1;4;4;1;4,0;4,0;1;100,0;MEE;1;;Basic Energy;https://limitlesstcg.nyc3.cdn.digitaloceanspaces.com/tpci/MEE/MEE_001_R_EN_LG.png;No;Meta Play!
Tera Box;Water Energy;MEE 3;2;2;1;2,0;2,0;1;100,0;MEE;3;;Basic Energy;https://limitlesstcg.nyc3.cdn.digitaloceanspaces.com/tpci/MEE/MEE_003_R_EN_LG.png;No;Meta Play!
Tera Box;Psychic Energy;MEE 5;2;2;1;2,0;2,0;1;100,0;MEE;5;;Basic Energy;https://limitlesstcg.nyc3.cdn.digitaloceanspaces.com/tpci/MEE/MEE_005_R_EN_LG.png;No;Meta Play!
Tera Box;Lightning Energy;MEE 4;1;1;1;1,0;1,0;1;100,0;MEE;4;;Basic Energy;https://limitlesstcg.nyc3.cdn.digitaloceanspaces.com/tpci/MEE/MEE_004_R_EN_LG.png;No;Meta Play!
Tera Box;Fighting Energy;MEE 6;1;1;1;1,0;1,0;1;100,0;MEE;6;;Basic Energy;https://limitlesstcg.nyc3.cdn.digitaloceanspaces.com/tpci/MEE/MEE_006_R_EN_LG.png;No;Meta Play!
Lillie's Clefairy;Mega Kangaskhan ex;MEG 104;4;4;1;4,0;4,0;1;100,0;MEG;104;Double Rare;Basic;https://limitlesstcg.nyc3.cdn.digitaloceanspaces.com/tpci/MEG/MEG_104_R_EN_LG.png;No;Meta Play!
Lillie's Clefairy;Meowth ex;POR 62;4;4;1;4,0;4,0;1;100,0;POR;62;Double Rare;Basic;https://limitlesstcg.nyc3.cdn.digitaloceanspaces.com/tpci/POR/POR_062_R_EN_LG.png;No;Meta Play!
Lillie's Clefairy;Lillie's Clefairy ex;ASC 76;4;4;1;4,0;4,0;1;100,0;ASC;76;Double Rare;Basic;https://limitlesstcg.nyc3.cdn.digitaloceanspaces.com/tpci/ASC/ASC_076_R_EN_LG.png;No;Meta Play!
Lillie's Clefairy;Fezandipiti ex;ASC 142;2;2;1;2,0;2,0;1;100,0;ASC;142;Double Rare;Basic;https://limitlesstcg.nyc3.cdn.digitaloceanspaces.com/tpci/ASC/ASC_142_R_EN_LG.png;No;Meta Play!
Lillie's Clefairy;Latias ex;SSP 76;2;2;1;2,0;2,0;1;100,0;SSP;76;Double Rare;Basic;https://limitlesstcg.nyc3.cdn.digitaloceanspaces.com/tpci/SSP/SSP_076_R_EN_LG.png;No;Meta Play!
Lillie's Clefairy;Wellspring Mask Ogerpon ex;TWM 64;2;2;1;2,0;2,0;1;100,0;TWM;64;Double Rare;Basic;https://limitlesstcg.nyc3.cdn.digitaloceanspaces.com/tpci/TWM/TWM_064_R_EN_LG.png;No;Meta Play!
Lillie's Clefairy;Koraidon ex;ASC 121;1;1;1;1,0;1,0;1;100,0;ASC;121;Double Rare;Basic;https://limitlesstcg.nyc3.cdn.digitaloceanspaces.com/tpci/ASC/ASC_121_R_EN_LG.png;No;Meta Play!
Lillie's Clefairy;Iron Crown ex;TEF 81;1;1;1;1,0;1,0;1;100,0;TEF;81;Double Rare;Basic;https://limitlesstcg.nyc3.cdn.digitaloceanspaces.com/tpci/TEF/TEF_081_R_EN_LG.png;No;Meta Play!
Lillie's Clefairy;Chien-Pao;SSP 56;1;1;1;1,0;1,0;1;100,0;SSP;56;Rare;Basic;https://limitlesstcg.nyc3.cdn.digitaloceanspaces.com/tpci/SSP/SSP_056_R_EN_LG.png;No;Meta Play!
Lillie's Clefairy;Stunfisk;ASC 62;1;1;1;1,0;1,0;1;100,0;ASC;62;Common;Basic;https://limitlesstcg.nyc3.cdn.digitaloceanspaces.com/tpci/ASC/ASC_062_R_EN_LG.png;No;Meta Play!
Lillie's Clefairy;Mew ex;30C 66;1;1;1;1,0;1,0;1;100,0;30C;66;Double Rare;Basic;https://limitlesstcg.nyc3.cdn.digitaloceanspaces.com/tpci/30C/30C_066_R_EN_LG.png;No;Meta Play!
Lillie's Clefairy;Crispin;SCR 133;4;4;1;4,0;4,0;1;100,0;SCR;133;Uncommon;Supporter;https://limitlesstcg.nyc3.cdn.digitaloceanspaces.com/tpci/SCR/SCR_133_R_EN_LG.png;No;Meta Play!
Lillie's Clefairy;Ciphermaniac's Codebreaking;TEF 145;2;2;1;2,0;2,0;1;100,0;TEF;145;Uncommon;Supporter;https://limitlesstcg.nyc3.cdn.digitaloceanspaces.com/tpci/TEF/TEF_145_R_EN_LG.png;No;Meta Play!
Lillie's Clefairy;Boss's Orders;MEG 114;2;2;1;2,0;2,0;1;100,0;MEG;114;Uncommon;Supporter;https://limitlesstcg.nyc3.cdn.digitaloceanspaces.com/tpci/MEG/MEG_114_R_EN_LG.png;No;Meta Play!
Lillie's Clefairy;AZ's Tranquility;CRI 76;1;1;1;1,0;1,0;1;100,0;CRI;76;Uncommon;Supporter;https://limitlesstcg.nyc3.cdn.digitaloceanspaces.com/tpci/CRI/CRI_076_R_EN_LG.png;No;Meta Play!
Lillie's Clefairy;Cyrano;SSP 170;1;1;1;1,0;1,0;1;100,0;SSP;170;Uncommon;Supporter;https://limitlesstcg.nyc3.cdn.digitaloceanspaces.com/tpci/SSP/SSP_170_R_EN_LG.png;No;Meta Play!
Lillie's Clefairy;Ultra Ball;MEG 131;4;4;1;4,0;4,0;1;100,0;MEG;131;Common;Item;https://limitlesstcg.nyc3.cdn.digitaloceanspaces.com/tpci/MEG/MEG_131_R_EN_LG.png;No;Meta Play!
Lillie's Clefairy;Dusk Ball;SSP 175;4;4;1;4,0;4,0;1;100,0;SSP;175;Uncommon;Item;https://limitlesstcg.nyc3.cdn.digitaloceanspaces.com/tpci/SSP/SSP_175_R_EN_LG.png;No;Meta Play!
Lillie's Clefairy;Wondrous Patch;PFL 94;3;3;1;3,0;3,0;1;100,0;PFL;94;Uncommon;Item;https://limitlesstcg.nyc3.cdn.digitaloceanspaces.com/tpci/PFL/PFL_094_R_EN_LG.png;No;Meta Play!
Lillie's Clefairy;Special Red Card;CRI 82;1;1;1;1,0;1,0;1;100,0;CRI;82;Uncommon;Item;https://limitlesstcg.nyc3.cdn.digitaloceanspaces.com/tpci/CRI/CRI_082_R_EN_LG.png;No;Meta Play!
Lillie's Clefairy;Prime Catcher;TEF 157;1;1;1;1,0;1,0;1;100,0;TEF;157;Ultra Rare;Item;https://limitlesstcg.nyc3.cdn.digitaloceanspaces.com/tpci/TEF/TEF_157_R_EN_LG.png;Yes;Meta Play!
Lillie's Clefairy;Lillie's Pearl;JTG 151;1;1;1;1,0;1,0;1;100,0;JTG;151;Uncommon;Tool;https://limitlesstcg.nyc3.cdn.digitaloceanspaces.com/tpci/JTG/JTG_151_R_EN_LG.png;No;Meta Play!
Lillie's Clefairy;Area Zero Underdepths;SCR 131;3;3;1;3,0;3,0;1;100,0;SCR;131;Uncommon;Stadium;https://limitlesstcg.nyc3.cdn.digitaloceanspaces.com/tpci/SCR/SCR_131_R_EN_LG.png;No;Meta Play!
Lillie's Clefairy;Psychic Energy;MEE 5;4;4;1;4,0;4,0;1;100,0;MEE;5;;Basic Energy;https://limitlesstcg.nyc3.cdn.digitaloceanspaces.com/tpci/MEE/MEE_005_R_EN_LG.png;No;Meta Play!
Lillie's Clefairy;Fighting Energy;MEE 6;2;2;1;2,0;2,0;1;100,0;MEE;6;;Basic Energy;https://limitlesstcg.nyc3.cdn.digitaloceanspaces.com/tpci/MEE/MEE_006_R_EN_LG.png;No;Meta Play!
Lillie's Clefairy;Water Energy;MEE 3;2;2;1;2,0;2,0;1;100,0;MEE;3;;Basic Energy;https://limitlesstcg.nyc3.cdn.digitaloceanspaces.com/tpci/MEE/MEE_003_R_EN_LG.png;No;Meta Play!
Lillie's Clefairy;Telepathic Psychic Energy;POR 88;1;1;1;1,0;1,0;1;100,0;POR;88;Rare;Special Energy;https://limitlesstcg.nyc3.cdn.digitaloceanspaces.com/tpci/POR/POR_088_R_EN_LG.png;No;Meta Play!
Lillie's Clefairy;Lightning Energy;MEE 4;1;1;1;1,0;1,0;1;100,0;MEE;4;;Basic Energy;https://limitlesstcg.nyc3.cdn.digitaloceanspaces.com/tpci/MEE/MEE_004_R_EN_LG.png;No;Meta Play!
Hop's Trevenant;Hop's Phantump;ASC 95;8;4;2;4,0;4,0;2;100,0;ASC;95;Common;Basic;https://limitlesstcg.nyc3.cdn.digitaloceanspaces.com/tpci/ASC/ASC_095_R_EN_LG.png;No;Meta Play!
Hop's Trevenant;Hop's Trevenant;ASC 96;6;3;2;3,0;3,0;2;100,0;ASC;96;Rare;Stage 1;https://limitlesstcg.nyc3.cdn.digitaloceanspaces.com/tpci/ASC/ASC_096_R_EN_LG.png;No;Meta Play!
Hop's Trevenant;Hop's Snorlax;JTG 117;4;2;2;2,0;2,0;2;100,0;JTG;117;Rare;Basic;https://limitlesstcg.nyc3.cdn.digitaloceanspaces.com/tpci/JTG/JTG_117_R_EN_LG.png;No;Meta Play!
Hop's Trevenant;Hop's Wooloo;JTG 135;1;1;1;1,0;0,5;2;50,0;JTG;135;Common;Basic;https://limitlesstcg.nyc3.cdn.digitaloceanspaces.com/tpci/JTG/JTG_135_R_EN_LG.png;No;Meta Play!
Hop's Trevenant;Hop's Dubwool;JTG 136;1;1;1;1,0;0,5;2;50,0;JTG;136;Rare;Stage 1;https://limitlesstcg.nyc3.cdn.digitaloceanspaces.com/tpci/JTG/JTG_136_R_EN_LG.png;No;Meta Play!
Hop's Trevenant;Genesect;SFA 40;2;1;2;1,0;1,0;2;100,0;SFA;40;Uncommon;Basic;https://limitlesstcg.nyc3.cdn.digitaloceanspaces.com/tpci/SFA/SFA_040_R_EN_LG.png;No;Meta Play!
Hop's Trevenant;Shaymin;DRI 10;2;1;2;1,0;1,0;2;100,0;DRI;10;Uncommon;Basic;https://limitlesstcg.nyc3.cdn.digitaloceanspaces.com/tpci/DRI/DRI_010_R_EN_LG.png;No;Meta Play!
Hop's Trevenant;Latias ex;SSP 76;2;1;2;1,0;1,0;2;100,0;SSP;76;Double Rare;Basic;https://limitlesstcg.nyc3.cdn.digitaloceanspaces.com/tpci/SSP/SSP_076_R_EN_LG.png;No;Meta Play!
Hop's Trevenant;Lillie's Clefairy ex;ASC 76;2;1;2;1,0;1,0;2;100,0;ASC;76;Double Rare;Basic;https://limitlesstcg.nyc3.cdn.digitaloceanspaces.com/tpci/ASC/ASC_076_R_EN_LG.png;No;Meta Play!
Hop's Trevenant;Hop's Zacian ex;JTG 111;2;1;2;1,0;1,0;2;100,0;JTG;111;Double Rare;Basic;https://limitlesstcg.nyc3.cdn.digitaloceanspaces.com/tpci/JTG/JTG_111_R_EN_LG.png;No;Meta Play!
Hop's Trevenant;Hop's Cramorant;ASC 177;2;1;2;1,0;1,0;2;100,0;ASC;177;Uncommon;Basic;https://limitlesstcg.nyc3.cdn.digitaloceanspaces.com/tpci/ASC/ASC_177_R_EN_LG.png;No;Meta Play!
Hop's Trevenant;Lillie's Determination;MEG 119;8;4;2;4,0;4,0;2;100,0;MEG;119;Uncommon;Supporter;https://limitlesstcg.nyc3.cdn.digitaloceanspaces.com/tpci/MEG/MEG_119_R_EN_LG.png;No;Meta Play!
Hop's Trevenant;Team Rocket's Petrel;ASC 207;8;4;2;4,0;4,0;2;100,0;ASC;207;Uncommon;Supporter;https://limitlesstcg.nyc3.cdn.digitaloceanspaces.com/tpci/ASC/ASC_207_R_EN_LG.png;No;Meta Play!
Hop's Trevenant;Boss's Orders;MEG 114;6;3;2;3,0;3,0;2;100,0;MEG;114;Uncommon;Supporter;https://limitlesstcg.nyc3.cdn.digitaloceanspaces.com/tpci/MEG/MEG_114_R_EN_LG.png;No;Meta Play!
Hop's Trevenant;Hassel;TWM 151;4;2;2;2,0;2,0;2;100,0;TWM;151;Uncommon;Supporter;https://limitlesstcg.nyc3.cdn.digitaloceanspaces.com/tpci/TWM/TWM_151_R_EN_LG.png;No;Meta Play!
Hop's Trevenant;Poké Pad;POR 81;8;4;2;4,0;4,0;2;100,0;POR;81;Uncommon;Item;https://limitlesstcg.nyc3.cdn.digitaloceanspaces.com/tpci/POR/POR_081_R_EN_LG.png;No;Meta Play!
Hop's Trevenant;Night Stretcher;ASC 196;6;3;2;3,0;3,0;2;100,0;ASC;196;Common;Item;https://limitlesstcg.nyc3.cdn.digitaloceanspaces.com/tpci/ASC/ASC_196_R_EN_LG.png;No;Meta Play!
Hop's Trevenant;Hop's Bag;JTG 147;4;2;2;2,0;2,0;2;100,0;JTG;147;Uncommon;Item;https://limitlesstcg.nyc3.cdn.digitaloceanspaces.com/tpci/JTG/JTG_147_R_EN_LG.png;No;Meta Play!
Hop's Trevenant;Pokégear 3.0;SVI 186;4;2;2;2,0;2,0;2;100,0;SVI;186;Common;Item;https://limitlesstcg.nyc3.cdn.digitaloceanspaces.com/tpci/SVI/SVI_186_R_EN_LG.png;No;Meta Play!
Hop's Trevenant;Switch;MEG 130;1;1;1;1,0;0,5;2;50,0;MEG;130;Common;Item;https://limitlesstcg.nyc3.cdn.digitaloceanspaces.com/tpci/MEG/MEG_130_R_EN_LG.png;No;Meta Play!
Hop's Trevenant;Special Red Card;CRI 82;2;1;2;1,0;1,0;2;100,0;CRI;82;Uncommon;Item;https://limitlesstcg.nyc3.cdn.digitaloceanspaces.com/tpci/CRI/CRI_082_R_EN_LG.png;No;Meta Play!
Hop's Trevenant;Secret Box;TWM 163;2;1;2;1,0;1,0;2;100,0;TWM;163;Ultra Rare;Item;https://limitlesstcg.nyc3.cdn.digitaloceanspaces.com/tpci/TWM/TWM_163_R_EN_LG.png;Yes;Meta Play!
Hop's Trevenant;Hop's Choice Band;JTG 148;8;4;2;4,0;4,0;2;100,0;JTG;148;Uncommon;Tool;https://limitlesstcg.nyc3.cdn.digitaloceanspaces.com/tpci/JTG/JTG_148_R_EN_LG.png;No;Meta Play!
Hop's Trevenant;Air Balloon;ASC 181;2;1;2;1,0;1,0;2;100,0;ASC;181;Uncommon;Tool;https://limitlesstcg.nyc3.cdn.digitaloceanspaces.com/tpci/ASC/ASC_181_R_EN_LG.png;No;Meta Play!
Hop's Trevenant;Postwick;JTG 154;8;4;2;4,0;4,0;2;100,0;JTG;154;Uncommon;Stadium;https://limitlesstcg.nyc3.cdn.digitaloceanspaces.com/tpci/JTG/JTG_154_R_EN_LG.png;No;Meta Play!
Hop's Trevenant;Telepathic Psychic Energy;POR 88;8;4;2;4,0;4,0;2;100,0;POR;88;Rare;Special Energy;https://limitlesstcg.nyc3.cdn.digitaloceanspaces.com/tpci/POR/POR_088_R_EN_LG.png;No;Meta Play!
Hop's Trevenant;Mist Energy;TEF 161;6;3;2;3,0;3,0;2;100,0;TEF;161;Uncommon;Special Energy;https://limitlesstcg.nyc3.cdn.digitaloceanspaces.com/tpci/TEF/TEF_161_R_EN_LG.png;No;Meta Play!
Hop's Trevenant;Patrat;CRI 70;1;1;1;1,0;0,5;2;50,0;CRI;70;Common;Basic;https://limitlesstcg.nyc3.cdn.digitaloceanspaces.com/tpci/CRI/CRI_070_R_EN_LG.png;No;Meta Play!
Hop's Trevenant;Kieran;TWM 154;1;1;1;1,0;0,5;2;50,0;TWM;154;Uncommon;Supporter;https://limitlesstcg.nyc3.cdn.digitaloceanspaces.com/tpci/TWM/TWM_154_R_EN_LG.png;No;Meta Play!
Hop's Trevenant;Ultra Ball;MEG 131;1;1;1;1,0;0,5;2;50,0;MEG;131;Common;Item;https://limitlesstcg.nyc3.cdn.digitaloceanspaces.com/tpci/MEG/MEG_131_R_EN_LG.png;No;Meta Play!
Dragapult Dudunsparce;Dreepy;ASC 158;12;4;3;4,0;4,0;3;100,0;ASC;158;Common;Basic;https://limitlesstcg.nyc3.cdn.digitaloceanspaces.com/tpci/ASC/ASC_158_R_EN_LG.png;No;Meta Play!
Dragapult Dudunsparce;Drakloak;ASC 159;12;4;3;4,0;4,0;3;100,0;ASC;159;Common;Stage 1;https://limitlesstcg.nyc3.cdn.digitaloceanspaces.com/tpci/ASC/ASC_159_R_EN_LG.png;No;Meta Play!
Dragapult Dudunsparce;Dragapult ex;ASC 160;9;3;3;3,0;3,0;3;100,0;ASC;160;Double Rare;Stage 2;https://limitlesstcg.nyc3.cdn.digitaloceanspaces.com/tpci/ASC/ASC_160_R_EN_LG.png;No;Meta Play!
Dragapult Dudunsparce;Dunsparce;JTG 120;6;2;3;2,0;2,0;3;100,0;JTG;120;Common;Basic;https://limitlesstcg.nyc3.cdn.digitaloceanspaces.com/tpci/JTG/JTG_120_R_EN_LG.png;No;Meta Play!
Dragapult Dudunsparce;Dudunsparce;TEF 129;4;2;3;1,33;1,33;3;100,0;TEF;129;Rare;Stage 1;https://limitlesstcg.nyc3.cdn.digitaloceanspaces.com/tpci/TEF/TEF_129_R_EN_LG.png;No;Meta Play!
Dragapult Dudunsparce;Dudunsparce ex;JTG 121;3;1;3;1,0;1,0;3;100,0;JTG;121;Double Rare;Stage 1;https://limitlesstcg.nyc3.cdn.digitaloceanspaces.com/tpci/JTG/JTG_121_R_EN_LG.png;No;Meta Play!
Dragapult Dudunsparce;Munkidori;ASC 99;5;2;3;1,67;1,67;3;100,0;ASC;99;Rare;Basic;https://limitlesstcg.nyc3.cdn.digitaloceanspaces.com/tpci/ASC/ASC_099_R_EN_LG.png;No;Meta Play!
Dragapult Dudunsparce;Budew;ASC 16;3;1;3;1,0;1,0;3;100,0;ASC;16;Common;Basic;https://limitlesstcg.nyc3.cdn.digitaloceanspaces.com/tpci/ASC/ASC_016_R_EN_LG.png;No;Meta Play!
Dragapult Dudunsparce;Yveltal;MEG 88;1;1;1;1,0;0,33;3;33,33;MEG;88;Rare;Basic;https://limitlesstcg.nyc3.cdn.digitaloceanspaces.com/tpci/MEG/MEG_088_R_EN_LG.png;No;Meta Play!
Dragapult Dudunsparce;Lillie's Clefairy ex;ASC 76;1;1;1;1,0;0,33;3;33,33;ASC;76;Double Rare;Basic;https://limitlesstcg.nyc3.cdn.digitaloceanspaces.com/tpci/ASC/ASC_076_R_EN_LG.png;No;Meta Play!
Dragapult Dudunsparce;Meowth ex;POR 62;3;1;3;1,0;1,0;3;100,0;POR;62;Double Rare;Basic;https://limitlesstcg.nyc3.cdn.digitaloceanspaces.com/tpci/POR/POR_062_R_EN_LG.png;No;Meta Play!
Dragapult Dudunsparce;Lillie's Determination;MEG 119;12;4;3;4,0;4,0;3;100,0;MEG;119;Uncommon;Supporter;https://limitlesstcg.nyc3.cdn.digitaloceanspaces.com/tpci/MEG/MEG_119_R_EN_LG.png;No;Meta Play!
Dragapult Dudunsparce;Boss's Orders;MEG 114;9;3;3;3,0;3,0;3;100,0;MEG;114;Uncommon;Supporter;https://limitlesstcg.nyc3.cdn.digitaloceanspaces.com/tpci/MEG/MEG_114_R_EN_LG.png;No;Meta Play!
Dragapult Dudunsparce;Crispin;SCR 133;6;2;3;2,0;2,0;3;100,0;SCR;133;Uncommon;Supporter;https://limitlesstcg.nyc3.cdn.digitaloceanspaces.com/tpci/SCR/SCR_133_R_EN_LG.png;No;Meta Play!
Dragapult Dudunsparce;Team Rocket's Petrel;ASC 207;1;1;1;1,0;0,33;3;33,33;ASC;207;Uncommon;Supporter;https://limitlesstcg.nyc3.cdn.digitaloceanspaces.com/tpci/ASC/ASC_207_R_EN_LG.png;No;Meta Play!
Dragapult Dudunsparce;Rosa's Encouragement;POR 84;3;1;3;1,0;1,0;3;100,0;POR;84;Uncommon;Supporter;https://limitlesstcg.nyc3.cdn.digitaloceanspaces.com/tpci/POR/POR_084_R_EN_LG.png;No;Meta Play!
Dragapult Dudunsparce;Buddy-Buddy Poffin;ASC 184;12;4;3;4,0;4,0;3;100,0;ASC;184;Common;Item;https://limitlesstcg.nyc3.cdn.digitaloceanspaces.com/tpci/ASC/ASC_184_R_EN_LG.png;No;Meta Play!
Dragapult Dudunsparce;Poké Pad;POR 81;12;4;3;4,0;4,0;3;100,0;POR;81;Uncommon;Item;https://limitlesstcg.nyc3.cdn.digitaloceanspaces.com/tpci/POR/POR_081_R_EN_LG.png;No;Meta Play!
Dragapult Dudunsparce;Ultra Ball;MEG 131;10;4;3;3,33;3,33;3;100,0;MEG;131;Common;Item;https://limitlesstcg.nyc3.cdn.digitaloceanspaces.com/tpci/MEG/MEG_131_R_EN_LG.png;No;Meta Play!
Dragapult Dudunsparce;Night Stretcher;ASC 196;7;3;3;2,33;2,33;3;100,0;ASC;196;Common;Item;https://limitlesstcg.nyc3.cdn.digitaloceanspaces.com/tpci/ASC/ASC_196_R_EN_LG.png;No;Meta Play!
Dragapult Dudunsparce;Special Red Card;CRI 82;2;1;2;1,0;0,67;3;66,67;CRI;82;Uncommon;Item;https://limitlesstcg.nyc3.cdn.digitaloceanspaces.com/tpci/CRI/CRI_082_R_EN_LG.png;No;Meta Play!
Dragapult Dudunsparce;Energy Switch;MEG 115;1;1;1;1,0;0,33;3;33,33;MEG;115;Common;Item;https://limitlesstcg.nyc3.cdn.digitaloceanspaces.com/tpci/MEG/MEG_115_R_EN_LG.png;No;Meta Play!
Dragapult Dudunsparce;Hero's Cape;TEF 152;1;1;1;1,0;0,33;3;33,33;TEF;152;Ultra Rare;Tool;https://limitlesstcg.nyc3.cdn.digitaloceanspaces.com/tpci/TEF/TEF_152_R_EN_LG.png;Yes;Meta Play!
Dragapult Dudunsparce;Risky Ruins;MEG 127;5;2;3;1,67;1,67;3;100,0;MEG;127;Uncommon;Stadium;https://limitlesstcg.nyc3.cdn.digitaloceanspaces.com/tpci/MEG/MEG_127_R_EN_LG.png;No;Meta Play!
Dragapult Dudunsparce;Fire Energy;MEE 2;9;3;3;3,0;3,0;3;100,0;MEE;2;;Basic Energy;https://limitlesstcg.nyc3.cdn.digitaloceanspaces.com/tpci/MEE/MEE_002_R_EN_LG.png;No;Meta Play!
Dragapult Dudunsparce;Psychic Energy;MEE 5;9;3;3;3,0;3,0;3;100,0;MEE;5;;Basic Energy;https://limitlesstcg.nyc3.cdn.digitaloceanspaces.com/tpci/MEE/MEE_005_R_EN_LG.png;No;Meta Play!
Dragapult Dudunsparce;Darkness Energy;MEE 7;7;3;3;2,33;2,33;3;100,0;MEE;7;;Basic Energy;https://limitlesstcg.nyc3.cdn.digitaloceanspaces.com/tpci/MEE/MEE_007_R_EN_LG.png;No;Meta Play!
Dragapult Dudunsparce;Moltres;PFL 14;1;1;1;1,0;0,33;3;33,33;PFL;14;Rare;Basic;https://limitlesstcg.nyc3.cdn.digitaloceanspaces.com/tpci/PFL/PFL_014_R_EN_LG.png;No;Meta Play!
Dragapult Dudunsparce;Fezandipiti ex;ASC 142;2;1;2;1,0;0,67;3;66,67;ASC;142;Double Rare;Basic;https://limitlesstcg.nyc3.cdn.digitaloceanspaces.com/tpci/ASC/ASC_142_R_EN_LG.png;No;Meta Play!
Dragapult Dudunsparce;Crushing Hammer;POR 71;8;4;2;4,0;2,67;3;66,67;POR;71;Common;Item;https://limitlesstcg.nyc3.cdn.digitaloceanspaces.com/tpci/POR/POR_071_R_EN_LG.png;No;Meta Play!
Dragapult Dudunsparce;Unfair Stamp;TWM 165;2;1;2;1,0;0,67;3;66,67;TWM;165;Ultra Rare;Item;https://limitlesstcg.nyc3.cdn.digitaloceanspaces.com/tpci/TWM/TWM_165_R_EN_LG.png;Yes;Meta Play!
Dragapult Dudunsparce;Team Rocket's Watchtower;ASC 210;1;1;1;1,0;0,33;3;33,33;ASC;210;Uncommon;Stadium;https://limitlesstcg.nyc3.cdn.digitaloceanspaces.com/tpci/ASC/ASC_210_R_EN_LG.png;No;Meta Play!
Dragapult Dudunsparce;Judge;POR 76;1;1;1;1,0;0,33;3;33,33;POR;76;Uncommon;Supporter;https://limitlesstcg.nyc3.cdn.digitaloceanspaces.com/tpci/POR/POR_076_R_EN_LG.png;No;Meta Play!
Clefairy Ogerpon;Mega Kangaskhan ex;MEG 104;4;4;1;4,0;4,0;1;100,0;MEG;104;Double Rare;Basic;https://limitlesstcg.nyc3.cdn.digitaloceanspaces.com/tpci/MEG/MEG_104_R_EN_LG.png;No;Meta Play!
Clefairy Ogerpon;Lillie's Clefairy ex;ASC 76;3;3;1;3,0;3,0;1;100,0;ASC;76;Double Rare;Basic;https://limitlesstcg.nyc3.cdn.digitaloceanspaces.com/tpci/ASC/ASC_076_R_EN_LG.png;No;Meta Play!
Clefairy Ogerpon;Meowth ex;POR 62;3;3;1;3,0;3,0;1;100,0;POR;62;Double Rare;Basic;https://limitlesstcg.nyc3.cdn.digitaloceanspaces.com/tpci/POR/POR_062_R_EN_LG.png;No;Meta Play!
Clefairy Ogerpon;Teal Mask Ogerpon ex;TWM 25;2;2;1;2,0;2,0;1;100,0;TWM;25;Double Rare;Basic;https://limitlesstcg.nyc3.cdn.digitaloceanspaces.com/tpci/TWM/TWM_025_R_EN_LG.png;No;Meta Play!
Clefairy Ogerpon;Latias ex;SSP 76;2;2;1;2,0;2,0;1;100,0;SSP;76;Double Rare;Basic;https://limitlesstcg.nyc3.cdn.digitaloceanspaces.com/tpci/SSP/SSP_076_R_EN_LG.png;No;Meta Play!
Clefairy Ogerpon;Wellspring Mask Ogerpon ex;TWM 64;1;1;1;1,0;1,0;1;100,0;TWM;64;Double Rare;Basic;https://limitlesstcg.nyc3.cdn.digitaloceanspaces.com/tpci/TWM/TWM_064_R_EN_LG.png;No;Meta Play!
Clefairy Ogerpon;Fezandipiti ex;ASC 142;1;1;1;1,0;1,0;1;100,0;ASC;142;Double Rare;Basic;https://limitlesstcg.nyc3.cdn.digitaloceanspaces.com/tpci/ASC/ASC_142_R_EN_LG.png;No;Meta Play!
Clefairy Ogerpon;Iron Leaves ex;TEF 25;1;1;1;1,0;1,0;1;100,0;TEF;25;Double Rare;Basic;https://limitlesstcg.nyc3.cdn.digitaloceanspaces.com/tpci/TEF/TEF_025_R_EN_LG.png;No;Meta Play!
Clefairy Ogerpon;Chien-Pao;SSP 56;1;1;1;1,0;1,0;1;100,0;SSP;56;Rare;Basic;https://limitlesstcg.nyc3.cdn.digitaloceanspaces.com/tpci/SSP/SSP_056_R_EN_LG.png;No;Meta Play!
Clefairy Ogerpon;Paldean Tauros;SSP 18;1;1;1;1,0;1,0;1;100,0;SSP;18;Uncommon;Basic;https://limitlesstcg.nyc3.cdn.digitaloceanspaces.com/tpci/SSP/SSP_018_R_EN_LG.png;No;Meta Play!
Clefairy Ogerpon;Mew ex;30C 66;1;1;1;1,0;1,0;1;100,0;30C;66;Double Rare;Basic;https://limitlesstcg.nyc3.cdn.digitaloceanspaces.com/tpci/30C/30C_066_R_EN_LG.png;No;Meta Play!
Clefairy Ogerpon;Passimian;SSP 111;1;1;1;1,0;1,0;1;100,0;SSP;111;Uncommon;Basic;https://limitlesstcg.nyc3.cdn.digitaloceanspaces.com/tpci/SSP/SSP_111_R_EN_LG.png;No;Meta Play!
Clefairy Ogerpon;Crispin;SCR 133;3;3;1;3,0;3,0;1;100,0;SCR;133;Uncommon;Supporter;https://limitlesstcg.nyc3.cdn.digitaloceanspaces.com/tpci/SCR/SCR_133_R_EN_LG.png;No;Meta Play!
Clefairy Ogerpon;Cyrano;SSP 170;2;2;1;2,0;2,0;1;100,0;SSP;170;Uncommon;Supporter;https://limitlesstcg.nyc3.cdn.digitaloceanspaces.com/tpci/SSP/SSP_170_R_EN_LG.png;No;Meta Play!
Clefairy Ogerpon;Ciphermaniac's Codebreaking;TEF 145;2;2;1;2,0;2,0;1;100,0;TEF;145;Uncommon;Supporter;https://limitlesstcg.nyc3.cdn.digitaloceanspaces.com/tpci/TEF/TEF_145_R_EN_LG.png;No;Meta Play!
Clefairy Ogerpon;Boss's Orders;MEG 114;2;2;1;2,0;2,0;1;100,0;MEG;114;Uncommon;Supporter;https://limitlesstcg.nyc3.cdn.digitaloceanspaces.com/tpci/MEG/MEG_114_R_EN_LG.png;No;Meta Play!
Clefairy Ogerpon;Ultra Ball;MEG 131;4;4;1;4,0;4,0;1;100,0;MEG;131;Common;Item;https://limitlesstcg.nyc3.cdn.digitaloceanspaces.com/tpci/MEG/MEG_131_R_EN_LG.png;No;Meta Play!
Clefairy Ogerpon;Energy Switch;MEG 115;4;4;1;4,0;4,0;1;100,0;MEG;115;Common;Item;https://limitlesstcg.nyc3.cdn.digitaloceanspaces.com/tpci/MEG/MEG_115_R_EN_LG.png;No;Meta Play!
Clefairy Ogerpon;Night Stretcher;ASC 196;1;1;1;1,0;1,0;1;100,0;ASC;196;Common;Item;https://limitlesstcg.nyc3.cdn.digitaloceanspaces.com/tpci/ASC/ASC_196_R_EN_LG.png;No;Meta Play!
Clefairy Ogerpon;Unfair Stamp;TWM 165;1;1;1;1,0;1,0;1;100,0;TWM;165;Ultra Rare;Item;https://limitlesstcg.nyc3.cdn.digitaloceanspaces.com/tpci/TWM/TWM_165_R_EN_LG.png;Yes;Meta Play!
Clefairy Ogerpon;Special Red Card;CRI 82;1;1;1;1,0;1,0;1;100,0;CRI;82;Uncommon;Item;https://limitlesstcg.nyc3.cdn.digitaloceanspaces.com/tpci/CRI/CRI_082_R_EN_LG.png;No;Meta Play!
Clefairy Ogerpon;Lillie's Pearl;JTG 151;2;2;1;2,0;2,0;1;100,0;JTG;151;Uncommon;Tool;https://limitlesstcg.nyc3.cdn.digitaloceanspaces.com/tpci/JTG/JTG_151_R_EN_LG.png;No;Meta Play!
Clefairy Ogerpon;Area Zero Underdepths;SCR 131;4;4;1;4,0;4,0;1;100,0;SCR;131;Uncommon;Stadium;https://limitlesstcg.nyc3.cdn.digitaloceanspaces.com/tpci/SCR/SCR_131_R_EN_LG.png;No;Meta Play!
Clefairy Ogerpon;Grass Energy;MEE 1;5;5;1;5,0;5,0;1;100,0;MEE;1;;Basic Energy;https://limitlesstcg.nyc3.cdn.digitaloceanspaces.com/tpci/MEE/MEE_001_R_EN_LG.png;No;Meta Play!
Clefairy Ogerpon;Psychic Energy;MEE 5;2;2;1;2,0;2,0;1;100,0;MEE;5;;Basic Energy;https://limitlesstcg.nyc3.cdn.digitaloceanspaces.com/tpci/MEE/MEE_005_R_EN_LG.png;No;Meta Play!
Clefairy Ogerpon;Telepathic Psychic Energy;POR 88;2;2;1;2,0;2,0;1;100,0;POR;88;Rare;Special Energy;https://limitlesstcg.nyc3.cdn.digitaloceanspaces.com/tpci/POR/POR_088_R_EN_LG.png;No;Meta Play!
Clefairy Ogerpon;Water Energy;MEE 3;1;1;1;1,0;1,0;1;100,0;MEE;3;;Basic Energy;https://limitlesstcg.nyc3.cdn.digitaloceanspaces.com/tpci/MEE/MEE_003_R_EN_LG.png;No;Meta Play!
Clefairy Ogerpon;Fighting Energy;MEE 6;1;1;1;1,0;1,0;1;100,0;MEE;6;;Basic Energy;https://limitlesstcg.nyc3.cdn.digitaloceanspaces.com/tpci/MEE/MEE_006_R_EN_LG.png;No;Meta Play!
Clefairy Ogerpon;Fire Energy;MEE 2;1;1;1;1,0;1,0;1;100,0;MEE;2;;Basic Energy;https://limitlesstcg.nyc3.cdn.digitaloceanspaces.com/tpci/MEE/MEE_002_R_EN_LG.png;No;Meta Play!
Clefairy Ogerpon;Prism Energy;ASC 216;1;1;1;1,0;1,0;1;100,0;ASC;216;Uncommon;Special Energy;https://limitlesstcg.nyc3.cdn.digitaloceanspaces.com/tpci/ASC/ASC_216_R_EN_LG.png;No;Meta Play!
Mega Greninja;Froakie;CRI 20;4;4;1;4,0;4,0;1;100,0;CRI;20;Common;Basic;https://limitlesstcg.nyc3.cdn.digitaloceanspaces.com/tpci/CRI/CRI_020_R_EN_LG.png;No;Meta Play!
Mega Greninja;Frogadier;CRI 21;2;2;1;2,0;2,0;1;100,0;CRI;21;Common;Stage 1;https://limitlesstcg.nyc3.cdn.digitaloceanspaces.com/tpci/CRI/CRI_021_R_EN_LG.png;No;Meta Play!
Mega Greninja;Mega Greninja ex;CRI 22;2;2;1;2,0;2,0;1;100,0;CRI;22;Double Rare;Stage 2;https://limitlesstcg.nyc3.cdn.digitaloceanspaces.com/tpci/CRI/CRI_022_R_EN_LG.png;No;Meta Play!
Mega Greninja;Greninja ex;TWM 106;2;2;1;2,0;2,0;1;100,0;TWM;106;Double Rare;Stage 2;https://limitlesstcg.nyc3.cdn.digitaloceanspaces.com/tpci/TWM/TWM_106_R_EN_LG.png;No;Meta Play!
Mega Greninja;Dreepy;ASC 158;3;3;1;3,0;3,0;1;100,0;ASC;158;Common;Basic;https://limitlesstcg.nyc3.cdn.digitaloceanspaces.com/tpci/ASC/ASC_158_R_EN_LG.png;No;Meta Play!
Mega Greninja;Drakloak;ASC 159;3;3;1;3,0;3,0;1;100,0;ASC;159;Common;Stage 1;https://limitlesstcg.nyc3.cdn.digitaloceanspaces.com/tpci/ASC/ASC_159_R_EN_LG.png;No;Meta Play!
Mega Greninja;Dragapult ex;ASC 160;1;1;1;1,0;1,0;1;100,0;ASC;160;Double Rare;Stage 2;https://limitlesstcg.nyc3.cdn.digitaloceanspaces.com/tpci/ASC/ASC_160_R_EN_LG.png;No;Meta Play!
Mega Greninja;Budew;ASC 16;1;1;1;1,0;1,0;1;100,0;ASC;16;Common;Basic;https://limitlesstcg.nyc3.cdn.digitaloceanspaces.com/tpci/ASC/ASC_016_R_EN_LG.png;No;Meta Play!
Mega Greninja;Fezandipiti ex;ASC 142;1;1;1;1,0;1,0;1;100,0;ASC;142;Double Rare;Basic;https://limitlesstcg.nyc3.cdn.digitaloceanspaces.com/tpci/ASC/ASC_142_R_EN_LG.png;No;Meta Play!
Mega Greninja;Meowth ex;POR 62;1;1;1;1,0;1,0;1;100,0;POR;62;Double Rare;Basic;https://limitlesstcg.nyc3.cdn.digitaloceanspaces.com/tpci/POR/POR_062_R_EN_LG.png;No;Meta Play!
Mega Greninja;Lillie's Determination;MEG 119;4;4;1;4,0;4,0;1;100,0;MEG;119;Uncommon;Supporter;https://limitlesstcg.nyc3.cdn.digitaloceanspaces.com/tpci/MEG/MEG_119_R_EN_LG.png;No;Meta Play!
Mega Greninja;Hilda;WHT 84;3;3;1;3,0;3,0;1;100,0;WHT;84;Uncommon;Supporter;https://limitlesstcg.nyc3.cdn.digitaloceanspaces.com/tpci/WHT/WHT_084_R_EN_LG.png;No;Meta Play!
Mega Greninja;Boss's Orders;MEG 114;2;2;1;2,0;2,0;1;100,0;MEG;114;Uncommon;Supporter;https://limitlesstcg.nyc3.cdn.digitaloceanspaces.com/tpci/MEG/MEG_114_R_EN_LG.png;No;Meta Play!
Mega Greninja;Buddy-Buddy Poffin;ASC 184;4;4;1;4,0;4,0;1;100,0;ASC;184;Common;Item;https://limitlesstcg.nyc3.cdn.digitaloceanspaces.com/tpci/ASC/ASC_184_R_EN_LG.png;No;Meta Play!
Mega Greninja;Poké Pad;POR 81;4;4;1;4,0;4,0;1;100,0;POR;81;Uncommon;Item;https://limitlesstcg.nyc3.cdn.digitaloceanspaces.com/tpci/POR/POR_081_R_EN_LG.png;No;Meta Play!
Mega Greninja;Rare Candy;MEG 125;3;3;1;3,0;3,0;1;100,0;MEG;125;Common;Item;https://limitlesstcg.nyc3.cdn.digitaloceanspaces.com/tpci/MEG/MEG_125_R_EN_LG.png;No;Meta Play!
Mega Greninja;Special Red Card;CRI 82;2;2;1;2,0;2,0;1;100,0;CRI;82;Uncommon;Item;https://limitlesstcg.nyc3.cdn.digitaloceanspaces.com/tpci/CRI/CRI_082_R_EN_LG.png;No;Meta Play!
Mega Greninja;Ultra Ball;MEG 131;2;2;1;2,0;2,0;1;100,0;MEG;131;Common;Item;https://limitlesstcg.nyc3.cdn.digitaloceanspaces.com/tpci/MEG/MEG_131_R_EN_LG.png;No;Meta Play!
Mega Greninja;Switch;MEG 130;1;1;1;1,0;1,0;1;100,0;MEG;130;Common;Item;https://limitlesstcg.nyc3.cdn.digitaloceanspaces.com/tpci/MEG/MEG_130_R_EN_LG.png;No;Meta Play!
Mega Greninja;Energy Retrieval;SVI 171;1;1;1;1,0;1,0;1;100,0;SVI;171;Common;Item;https://limitlesstcg.nyc3.cdn.digitaloceanspaces.com/tpci/SVI/SVI_171_R_EN_LG.png;No;Meta Play!
Mega Greninja;Air Balloon;ASC 181;2;2;1;2,0;2,0;1;100,0;ASC;181;Uncommon;Tool;https://limitlesstcg.nyc3.cdn.digitaloceanspaces.com/tpci/ASC/ASC_181_R_EN_LG.png;No;Meta Play!
Mega Greninja;Surfing Beach;MEG 129;2;2;1;2,0;2,0;1;100,0;MEG;129;Uncommon;Stadium;https://limitlesstcg.nyc3.cdn.digitaloceanspaces.com/tpci/MEG/MEG_129_R_EN_LG.png;No;Meta Play!
Mega Greninja;Water Energy;MEE 3;7;7;1;7,0;7,0;1;100,0;MEE;3;;Basic Energy;https://limitlesstcg.nyc3.cdn.digitaloceanspaces.com/tpci/MEE/MEE_003_R_EN_LG.png;No;Meta Play!
Mega Greninja;Ignition Energy;WHT 86;2;2;1;2,0;2,0;1;100,0;WHT;86;Uncommon;Special Energy;https://limitlesstcg.nyc3.cdn.digitaloceanspaces.com/tpci/WHT/WHT_086_R_EN_LG.png;No;Meta Play!
Mega Greninja;Neo Upper Energy;TEF 162;1;1;1;1,0;1,0;1;100,0;TEF;162;Ultra Rare;Special Energy;https://limitlesstcg.nyc3.cdn.digitaloceanspaces.com/tpci/TEF/TEF_162_R_EN_LG.png;Yes;Meta Play!
Raging Bolt Ogerpon;Mega Kangaskhan ex;MEG 104;11;4;3;3,67;3,67;3;100,0;MEG;104;Double Rare;Basic;https://limitlesstcg.nyc3.cdn.digitaloceanspaces.com/tpci/MEG/MEG_104_R_EN_LG.png;No;Meta Play!
Raging Bolt Ogerpon;Meowth ex;POR 62;9;3;3;3,0;3,0;3;100,0;POR;62;Double Rare;Basic;https://limitlesstcg.nyc3.cdn.digitaloceanspaces.com/tpci/POR/POR_062_R_EN_LG.png;No;Meta Play!
Raging Bolt Ogerpon;Mew ex;30C 66;2;2;1;2,0;0,67;3;33,33;30C;66;Double Rare;Basic;https://limitlesstcg.nyc3.cdn.digitaloceanspaces.com/tpci/30C/30C_066_R_EN_LG.png;No;Meta Play!
Raging Bolt Ogerpon;Latias ex;SSP 76;6;2;3;2,0;2,0;3;100,0;SSP;76;Double Rare;Basic;https://limitlesstcg.nyc3.cdn.digitaloceanspaces.com/tpci/SSP/SSP_076_R_EN_LG.png;No;Meta Play!
Raging Bolt Ogerpon;Lillie's Clefairy ex;ASC 76;6;2;3;2,0;2,0;3;100,0;ASC;76;Double Rare;Basic;https://limitlesstcg.nyc3.cdn.digitaloceanspaces.com/tpci/ASC/ASC_076_R_EN_LG.png;No;Meta Play!
Raging Bolt Ogerpon;Teal Mask Ogerpon ex;TWM 25;6;2;3;2,0;2,0;3;100,0;TWM;25;Double Rare;Basic;https://limitlesstcg.nyc3.cdn.digitaloceanspaces.com/tpci/TWM/TWM_025_R_EN_LG.png;No;Meta Play!
Raging Bolt Ogerpon;Raging Bolt ex;TEF 123;6;2;3;2,0;2,0;3;100,0;TEF;123;Double Rare;Basic;https://limitlesstcg.nyc3.cdn.digitaloceanspaces.com/tpci/TEF/TEF_123_R_EN_LG.png;No;Meta Play!
Raging Bolt Ogerpon;Chien-Pao;SSP 56;3;1;3;1,0;1,0;3;100,0;SSP;56;Rare;Basic;https://limitlesstcg.nyc3.cdn.digitaloceanspaces.com/tpci/SSP/SSP_056_R_EN_LG.png;No;Meta Play!
Raging Bolt Ogerpon;Iron Leaves ex;TEF 25;3;1;3;1,0;1,0;3;100,0;TEF;25;Double Rare;Basic;https://limitlesstcg.nyc3.cdn.digitaloceanspaces.com/tpci/TEF/TEF_025_R_EN_LG.png;No;Meta Play!
Raging Bolt Ogerpon;Iron Crown ex;TEF 81;3;1;3;1,0;1,0;3;100,0;TEF;81;Double Rare;Basic;https://limitlesstcg.nyc3.cdn.digitaloceanspaces.com/tpci/TEF/TEF_081_R_EN_LG.png;No;Meta Play!
Raging Bolt Ogerpon;Wellspring Mask Ogerpon ex;TWM 64;3;1;3;1,0;1,0;3;100,0;TWM;64;Double Rare;Basic;https://limitlesstcg.nyc3.cdn.digitaloceanspaces.com/tpci/TWM/TWM_064_R_EN_LG.png;No;Meta Play!
Raging Bolt Ogerpon;Passimian;SSP 111;1;1;1;1,0;0,33;3;33,33;SSP;111;Uncommon;Basic;https://limitlesstcg.nyc3.cdn.digitaloceanspaces.com/tpci/SSP/SSP_111_R_EN_LG.png;No;Meta Play!
Raging Bolt Ogerpon;Fezandipiti ex;ASC 142;3;1;3;1,0;1,0;3;100,0;ASC;142;Double Rare;Basic;https://limitlesstcg.nyc3.cdn.digitaloceanspaces.com/tpci/ASC/ASC_142_R_EN_LG.png;No;Meta Play!
Raging Bolt Ogerpon;Crispin;SCR 133;12;4;3;4,0;4,0;3;100,0;SCR;133;Uncommon;Supporter;https://limitlesstcg.nyc3.cdn.digitaloceanspaces.com/tpci/SCR/SCR_133_R_EN_LG.png;No;Meta Play!
Raging Bolt Ogerpon;Boss's Orders;MEG 114;6;2;3;2,0;2,0;3;100,0;MEG;114;Uncommon;Supporter;https://limitlesstcg.nyc3.cdn.digitaloceanspaces.com/tpci/MEG/MEG_114_R_EN_LG.png;No;Meta Play!
Raging Bolt Ogerpon;Cyrano;SSP 170;6;2;3;2,0;2,0;3;100,0;SSP;170;Uncommon;Supporter;https://limitlesstcg.nyc3.cdn.digitaloceanspaces.com/tpci/SSP/SSP_170_R_EN_LG.png;No;Meta Play!
Raging Bolt Ogerpon;Ciphermaniac's Codebreaking;TEF 145;3;1;3;1,0;1,0;3;100,0;TEF;145;Uncommon;Supporter;https://limitlesstcg.nyc3.cdn.digitaloceanspaces.com/tpci/TEF/TEF_145_R_EN_LG.png;No;Meta Play!
Raging Bolt Ogerpon;Energy Switch;MEG 115;12;4;3;4,0;4,0;3;100,0;MEG;115;Common;Item;https://limitlesstcg.nyc3.cdn.digitaloceanspaces.com/tpci/MEG/MEG_115_R_EN_LG.png;No;Meta Play!
Raging Bolt Ogerpon;Ultra Ball;MEG 131;12;4;3;4,0;4,0;3;100,0;MEG;131;Common;Item;https://limitlesstcg.nyc3.cdn.digitaloceanspaces.com/tpci/MEG/MEG_131_R_EN_LG.png;No;Meta Play!
Raging Bolt Ogerpon;Night Stretcher;ASC 196;6;2;3;2,0;2,0;3;100,0;ASC;196;Common;Item;https://limitlesstcg.nyc3.cdn.digitaloceanspaces.com/tpci/ASC/ASC_196_R_EN_LG.png;No;Meta Play!
Raging Bolt Ogerpon;Unfair Stamp;TWM 165;1;1;1;1,0;0,33;3;33,33;TWM;165;Ultra Rare;Item;https://limitlesstcg.nyc3.cdn.digitaloceanspaces.com/tpci/TWM/TWM_165_R_EN_LG.png;Yes;Meta Play!
Raging Bolt Ogerpon;Glass Trumpet;ASC 189;4;2;3;1,33;1,33;3;100,0;ASC;189;Common;Item;https://limitlesstcg.nyc3.cdn.digitaloceanspaces.com/tpci/ASC/ASC_189_R_EN_LG.png;No;Meta Play!
Raging Bolt Ogerpon;Special Red Card;CRI 82;3;1;3;1,0;1,0;3;100,0;CRI;82;Uncommon;Item;https://limitlesstcg.nyc3.cdn.digitaloceanspaces.com/tpci/CRI/CRI_082_R_EN_LG.png;No;Meta Play!
Raging Bolt Ogerpon;Area Zero Underdepths;SCR 131;10;4;3;3,33;3,33;3;100,0;SCR;131;Uncommon;Stadium;https://limitlesstcg.nyc3.cdn.digitaloceanspaces.com/tpci/SCR/SCR_131_R_EN_LG.png;No;Meta Play!
Raging Bolt Ogerpon;Grass Energy;MEE 1;17;6;3;5,67;5,67;3;100,0;MEE;1;;Basic Energy;https://limitlesstcg.nyc3.cdn.digitaloceanspaces.com/tpci/MEE/MEE_001_R_EN_LG.png;No;Meta Play!
Raging Bolt Ogerpon;Lightning Energy;MEE 4;6;2;3;2,0;2,0;3;100,0;MEE;4;;Basic Energy;https://limitlesstcg.nyc3.cdn.digitaloceanspaces.com/tpci/MEE/MEE_004_R_EN_LG.png;No;Meta Play!
Raging Bolt Ogerpon;Fighting Energy;MEE 6;6;2;3;2,0;2,0;3;100,0;MEE;6;;Basic Energy;https://limitlesstcg.nyc3.cdn.digitaloceanspaces.com/tpci/MEE/MEE_006_R_EN_LG.png;No;Meta Play!
Raging Bolt Ogerpon;Psychic Energy;MEE 5;8;3;3;2,67;2,67;3;100,0;MEE;5;;Basic Energy;https://limitlesstcg.nyc3.cdn.digitaloceanspaces.com/tpci/MEE/MEE_005_R_EN_LG.png;No;Meta Play!
Raging Bolt Ogerpon;Water Energy;MEE 3;3;1;3;1,0;1,0;3;100,0;MEE;3;;Basic Energy;https://limitlesstcg.nyc3.cdn.digitaloceanspaces.com/tpci/MEE/MEE_003_R_EN_LG.png;No;Meta Play!
Raging Bolt Ogerpon;Prime Catcher;TEF 157;1;1;1;1,0;0,33;3;33,33;TEF;157;Ultra Rare;Item;https://limitlesstcg.nyc3.cdn.digitaloceanspaces.com/tpci/TEF/TEF_157_R_EN_LG.png;Yes;Meta Play!
Raging Bolt Ogerpon;Enamorus;TWM 93;1;1;1;1,0;0,33;3;33,33;TWM;93;Rare;Basic;https://limitlesstcg.nyc3.cdn.digitaloceanspaces.com/tpci/TWM/TWM_093_R_EN_LG.png;No;Meta Play!
Raging Bolt Ogerpon;Hero's Cape;TEF 152;1;1;1;1,0;0,33;3;33,33;TEF;152;Ultra Rare;Tool;https://limitlesstcg.nyc3.cdn.digitaloceanspaces.com/tpci/TEF/TEF_152_R_EN_LG.png;Yes;Meta Play!
Beedrill Ex Cri;Weedle;CRI 1;4;4;1;4,0;4,0;1;100,0;CRI;1;Common;Basic;https://limitlesstcg.nyc3.cdn.digitaloceanspaces.com/tpci/CRI/CRI_001_R_EN_LG.png;No;Meta Play!
Beedrill Ex Cri;Kakuna;CRI 2;4;4;1;4,0;4,0;1;100,0;CRI;2;Common;Stage 1;https://limitlesstcg.nyc3.cdn.digitaloceanspaces.com/tpci/CRI/CRI_002_R_EN_LG.png;No;Meta Play!
Beedrill Ex Cri;Beedrill ex;CRI 3;4;4;1;4,0;4,0;1;100,0;CRI;3;Double Rare;Stage 2;https://limitlesstcg.nyc3.cdn.digitaloceanspaces.com/tpci/CRI/CRI_003_R_EN_LG.png;No;Meta Play!
Beedrill Ex Cri;Dunsparce;JTG 120;4;4;1;4,0;4,0;1;100,0;JTG;120;Common;Basic;https://limitlesstcg.nyc3.cdn.digitaloceanspaces.com/tpci/JTG/JTG_120_R_EN_LG.png;No;Meta Play!
Beedrill Ex Cri;Dudunsparce;TEF 129;3;3;1;3,0;3,0;1;100,0;TEF;129;Rare;Stage 1;https://limitlesstcg.nyc3.cdn.digitaloceanspaces.com/tpci/TEF/TEF_129_R_EN_LG.png;No;Meta Play!
Beedrill Ex Cri;Fan Rotom;ASC 171;1;1;1;1,0;1,0;1;100,0;ASC;171;Common;Basic;https://limitlesstcg.nyc3.cdn.digitaloceanspaces.com/tpci/ASC/ASC_171_R_EN_LG.png;No;Meta Play!
Beedrill Ex Cri;Meowth ex;POR 62;1;1;1;1,0;1,0;1;100,0;POR;62;Double Rare;Basic;https://limitlesstcg.nyc3.cdn.digitaloceanspaces.com/tpci/POR/POR_062_R_EN_LG.png;No;Meta Play!
Beedrill Ex Cri;Fezandipiti ex;ASC 142;1;1;1;1,0;1,0;1;100,0;ASC;142;Double Rare;Basic;https://limitlesstcg.nyc3.cdn.digitaloceanspaces.com/tpci/ASC/ASC_142_R_EN_LG.png;No;Meta Play!
Beedrill Ex Cri;Psyduck;ASC 39;1;1;1;1,0;1,0;1;100,0;ASC;39;Common;Basic;https://limitlesstcg.nyc3.cdn.digitaloceanspaces.com/tpci/ASC/ASC_039_R_EN_LG.png;No;Meta Play!
Beedrill Ex Cri;Dedenne;SSP 87;1;1;1;1,0;1,0;1;100,0;SSP;87;Common;Basic;https://limitlesstcg.nyc3.cdn.digitaloceanspaces.com/tpci/SSP/SSP_087_R_EN_LG.png;No;Meta Play!
Beedrill Ex Cri;Lillie's Determination;MEG 119;3;3;1;3,0;3,0;1;100,0;MEG;119;Uncommon;Supporter;https://limitlesstcg.nyc3.cdn.digitaloceanspaces.com/tpci/MEG/MEG_119_R_EN_LG.png;No;Meta Play!
Beedrill Ex Cri;Ciphermaniac's Codebreaking;TEF 145;2;2;1;2,0;2,0;1;100,0;TEF;145;Uncommon;Supporter;https://limitlesstcg.nyc3.cdn.digitaloceanspaces.com/tpci/TEF/TEF_145_R_EN_LG.png;No;Meta Play!
Beedrill Ex Cri;Boss's Orders;MEG 114;2;2;1;2,0;2,0;1;100,0;MEG;114;Uncommon;Supporter;https://limitlesstcg.nyc3.cdn.digitaloceanspaces.com/tpci/MEG/MEG_114_R_EN_LG.png;No;Meta Play!
Beedrill Ex Cri;Dawn;PFL 87;1;1;1;1,0;1,0;1;100,0;PFL;87;Uncommon;Supporter;https://limitlesstcg.nyc3.cdn.digitaloceanspaces.com/tpci/PFL/PFL_087_R_EN_LG.png;No;Meta Play!
Beedrill Ex Cri;Ruffian;JTG 157;1;1;1;1,0;1,0;1;100,0;JTG;157;Uncommon;Supporter;https://limitlesstcg.nyc3.cdn.digitaloceanspaces.com/tpci/JTG/JTG_157_R_EN_LG.png;No;Meta Play!
Beedrill Ex Cri;Buddy-Buddy Poffin;ASC 184;4;4;1;4,0;4,0;1;100,0;ASC;184;Common;Item;https://limitlesstcg.nyc3.cdn.digitaloceanspaces.com/tpci/ASC/ASC_184_R_EN_LG.png;No;Meta Play!
Beedrill Ex Cri;Poké Pad;POR 81;4;4;1;4,0;4,0;1;100,0;POR;81;Uncommon;Item;https://limitlesstcg.nyc3.cdn.digitaloceanspaces.com/tpci/POR/POR_081_R_EN_LG.png;No;Meta Play!
Beedrill Ex Cri;Bug Catching Set;TWM 143;3;3;1;3,0;3,0;1;100,0;TWM;143;Uncommon;Item;https://limitlesstcg.nyc3.cdn.digitaloceanspaces.com/tpci/TWM/TWM_143_R_EN_LG.png;No;Meta Play!
Beedrill Ex Cri;Ultra Ball;MEG 131;3;3;1;3,0;3,0;1;100,0;MEG;131;Common;Item;https://limitlesstcg.nyc3.cdn.digitaloceanspaces.com/tpci/MEG/MEG_131_R_EN_LG.png;No;Meta Play!
Beedrill Ex Cri;Sacred Ash;DRI 168;1;1;1;1,0;1,0;1;100,0;DRI;168;Uncommon;Item;https://limitlesstcg.nyc3.cdn.digitaloceanspaces.com/tpci/DRI/DRI_168_R_EN_LG.png;No;Meta Play!
Beedrill Ex Cri;Unfair Stamp;TWM 165;1;1;1;1,0;1,0;1;100,0;TWM;165;Ultra Rare;Item;https://limitlesstcg.nyc3.cdn.digitaloceanspaces.com/tpci/TWM/TWM_165_R_EN_LG.png;Yes;Meta Play!
Beedrill Ex Cri;Night Stretcher;ASC 196;1;1;1;1,0;1,0;1;100,0;ASC;196;Common;Item;https://limitlesstcg.nyc3.cdn.digitaloceanspaces.com/tpci/ASC/ASC_196_R_EN_LG.png;No;Meta Play!
Beedrill Ex Cri;Special Red Card;CRI 82;1;1;1;1,0;1,0;1;100,0;CRI;82;Uncommon;Item;https://limitlesstcg.nyc3.cdn.digitaloceanspaces.com/tpci/CRI/CRI_082_R_EN_LG.png;No;Meta Play!
Beedrill Ex Cri;Forest of Vitality;MEG 117;4;4;1;4,0;4,0;1;100,0;MEG;117;Uncommon;Stadium;https://limitlesstcg.nyc3.cdn.digitaloceanspaces.com/tpci/MEG/MEG_117_R_EN_LG.png;No;Meta Play!
Beedrill Ex Cri;Grass Energy;MEE 1;5;5;1;5,0;5,0;1;100,0;MEE;1;;Basic Energy;https://limitlesstcg.nyc3.cdn.digitaloceanspaces.com/tpci/MEE/MEE_001_R_EN_LG.png;No;Meta Play!
Toucannon Pbl;Pikipek;PBL 66;7;4;2;3,5;3,5;2;100,0;PBL;66;Common;Basic;https://limitlesstcg.nyc3.cdn.digitaloceanspaces.com/tpci/PBL/PBL_066_R_EN_LG.png;No;Meta Play!
Toucannon Pbl;Trumbeak;PBL 67;4;2;2;2,0;2,0;2;100,0;PBL;67;Common;Stage 1;https://limitlesstcg.nyc3.cdn.digitaloceanspaces.com/tpci/PBL/PBL_067_R_EN_LG.png;No;Meta Play!
Toucannon Pbl;Toucannon;PBL 68;6;3;2;3,0;3,0;2;100,0;PBL;68;Uncommon;Stage 2;https://limitlesstcg.nyc3.cdn.digitaloceanspaces.com/tpci/PBL/PBL_068_R_EN_LG.png;No;Meta Play!
Toucannon Pbl;Dunsparce;JTG 120;3;3;1;3,0;1,5;2;50,0;JTG;120;Common;Basic;https://limitlesstcg.nyc3.cdn.digitaloceanspaces.com/tpci/JTG/JTG_120_R_EN_LG.png;No;Meta Play!
Toucannon Pbl;Dudunsparce;TEF 129;2;2;1;2,0;1,0;2;50,0;TEF;129;Rare;Stage 1;https://limitlesstcg.nyc3.cdn.digitaloceanspaces.com/tpci/TEF/TEF_129_R_EN_LG.png;No;Meta Play!
Toucannon Pbl;Buneary;PFL 83;2;2;1;2,0;1,0;2;50,0;PFL;83;Common;Basic;https://limitlesstcg.nyc3.cdn.digitaloceanspaces.com/tpci/PFL/PFL_083_R_EN_LG.png;No;Meta Play!
Toucannon Pbl;Mega Lopunny ex;PFL 84;2;2;1;2,0;1,0;2;50,0;PFL;84;Double Rare;Stage 1;https://limitlesstcg.nyc3.cdn.digitaloceanspaces.com/tpci/PFL/PFL_084_R_EN_LG.png;No;Meta Play!
Toucannon Pbl;Fan Rotom;ASC 171;4;2;2;2,0;2,0;2;100,0;ASC;171;Common;Basic;https://limitlesstcg.nyc3.cdn.digitaloceanspaces.com/tpci/ASC/ASC_171_R_EN_LG.png;No;Meta Play!
Toucannon Pbl;Moltres;PFL 14;1;1;1;1,0;0,5;2;50,0;PFL;14;Rare;Basic;https://limitlesstcg.nyc3.cdn.digitaloceanspaces.com/tpci/PFL/PFL_014_R_EN_LG.png;No;Meta Play!
Toucannon Pbl;Genesect;SFA 40;1;1;1;1,0;0,5;2;50,0;SFA;40;Uncommon;Basic;https://limitlesstcg.nyc3.cdn.digitaloceanspaces.com/tpci/SFA/SFA_040_R_EN_LG.png;No;Meta Play!
Toucannon Pbl;Hilda;WHT 84;4;4;1;4,0;2,0;2;50,0;WHT;84;Uncommon;Supporter;https://limitlesstcg.nyc3.cdn.digitaloceanspaces.com/tpci/WHT/WHT_084_R_EN_LG.png;No;Meta Play!
Toucannon Pbl;Wally's Compassion;MEG 132;3;3;1;3,0;1,5;2;50,0;MEG;132;Uncommon;Supporter;https://limitlesstcg.nyc3.cdn.digitaloceanspaces.com/tpci/MEG/MEG_132_R_EN_LG.png;No;Meta Play!
Toucannon Pbl;Boss's Orders;MEG 114;5;3;2;2,5;2,5;2;100,0;MEG;114;Uncommon;Supporter;https://limitlesstcg.nyc3.cdn.digitaloceanspaces.com/tpci/MEG/MEG_114_R_EN_LG.png;No;Meta Play!
Toucannon Pbl;Lillie's Determination;MEG 119;4;2;2;2,0;2,0;2;100,0;MEG;119;Uncommon;Supporter;https://limitlesstcg.nyc3.cdn.digitaloceanspaces.com/tpci/MEG/MEG_119_R_EN_LG.png;No;Meta Play!
Toucannon Pbl;Buddy-Buddy Poffin;ASC 184;5;4;2;2,5;2,5;2;100,0;ASC;184;Common;Item;https://limitlesstcg.nyc3.cdn.digitaloceanspaces.com/tpci/ASC/ASC_184_R_EN_LG.png;No;Meta Play!
Toucannon Pbl;Poké Pad;POR 81;8;4;2;4,0;4,0;2;100,0;POR;81;Uncommon;Item;https://limitlesstcg.nyc3.cdn.digitaloceanspaces.com/tpci/POR/POR_081_R_EN_LG.png;No;Meta Play!
Toucannon Pbl;Pokégear 3.0;SVI 186;3;3;1;3,0;1,5;2;50,0;SVI;186;Common;Item;https://limitlesstcg.nyc3.cdn.digitaloceanspaces.com/tpci/SVI/SVI_186_R_EN_LG.png;No;Meta Play!
Toucannon Pbl;Rare Candy;MEG 125;5;3;2;2,5;2,5;2;100,0;MEG;125;Common;Item;https://limitlesstcg.nyc3.cdn.digitaloceanspaces.com/tpci/MEG/MEG_125_R_EN_LG.png;No;Meta Play!
Toucannon Pbl;Night Stretcher;ASC 196;3;2;2;1,5;1,5;2;100,0;ASC;196;Common;Item;https://limitlesstcg.nyc3.cdn.digitaloceanspaces.com/tpci/ASC/ASC_196_R_EN_LG.png;No;Meta Play!
Toucannon Pbl;Special Red Card;CRI 82;1;1;1;1,0;0,5;2;50,0;CRI;82;Uncommon;Item;https://limitlesstcg.nyc3.cdn.digitaloceanspaces.com/tpci/CRI/CRI_082_R_EN_LG.png;No;Meta Play!
Toucannon Pbl;Air Balloon;ASC 181;4;3;2;2,0;2,0;2;100,0;ASC;181;Uncommon;Tool;https://limitlesstcg.nyc3.cdn.digitaloceanspaces.com/tpci/ASC/ASC_181_R_EN_LG.png;No;Meta Play!
Toucannon Pbl;Battle Cage;PFL 85;3;3;1;3,0;1,5;2;50,0;PFL;85;Uncommon;Stadium;https://limitlesstcg.nyc3.cdn.digitaloceanspaces.com/tpci/PFL/PFL_085_R_EN_LG.png;No;Meta Play!
Toucannon Pbl;Mist Energy;TEF 161;5;3;2;2,5;2,5;2;100,0;TEF;161;Uncommon;Special Energy;https://limitlesstcg.nyc3.cdn.digitaloceanspaces.com/tpci/TEF/TEF_161_R_EN_LG.png;No;Meta Play!
Toucannon Pbl;Fire Energy;MEE 2;2;2;1;2,0;1,0;2;50,0;MEE;2;;Basic Energy;https://limitlesstcg.nyc3.cdn.digitaloceanspaces.com/tpci/MEE/MEE_002_R_EN_LG.png;No;Meta Play!
Toucannon Pbl;Enriching Energy;SSP 191;1;1;1;1,0;0,5;2;50,0;SSP;191;Ultra Rare;Special Energy;https://limitlesstcg.nyc3.cdn.digitaloceanspaces.com/tpci/SSP/SSP_191_R_EN_LG.png;Yes;Meta Play!
Toucannon Pbl;Hoothoot;SCR 114;2;2;1;2,0;1,0;2;50,0;SCR;114;Common;Basic;https://limitlesstcg.nyc3.cdn.digitaloceanspaces.com/tpci/SCR/SCR_114_R_EN_LG.png;No;Meta Play!
Toucannon Pbl;Noctowl;SCR 115;2;2;1;2,0;1,0;2;50,0;SCR;115;Rare;Stage 1;https://limitlesstcg.nyc3.cdn.digitaloceanspaces.com/tpci/SCR/SCR_115_R_EN_LG.png;No;Meta Play!
Toucannon Pbl;Cornerstone Mask Ogerpon ex;TWM 112;2;2;1;2,0;1,0;2;50,0;TWM;112;Double Rare;Basic;https://limitlesstcg.nyc3.cdn.digitaloceanspaces.com/tpci/TWM/TWM_112_R_EN_LG.png;No;Meta Play!
Toucannon Pbl;Lunatone;MEG 74;2;2;1;2,0;1,0;2;50,0;MEG;74;Rare;Basic;https://limitlesstcg.nyc3.cdn.digitaloceanspaces.com/tpci/MEG/MEG_074_R_EN_LG.png;No;Meta Play!
Toucannon Pbl;Solrock;MEG 75;2;2;1;2,0;1,0;2;50,0;MEG;75;Uncommon;Basic;https://limitlesstcg.nyc3.cdn.digitaloceanspaces.com/tpci/MEG/MEG_075_R_EN_LG.png;No;Meta Play!
Toucannon Pbl;Shaymin;DRI 10;1;1;1;1,0;0,5;2;50,0;DRI;10;Uncommon;Basic;https://limitlesstcg.nyc3.cdn.digitaloceanspaces.com/tpci/DRI/DRI_010_R_EN_LG.png;No;Meta Play!
Toucannon Pbl;Fezandipiti ex;ASC 142;1;1;1;1,0;0,5;2;50,0;ASC;142;Double Rare;Basic;https://limitlesstcg.nyc3.cdn.digitaloceanspaces.com/tpci/ASC/ASC_142_R_EN_LG.png;No;Meta Play!
Toucannon Pbl;Dawn;PFL 87;2;2;1;2,0;1,0;2;50,0;PFL;87;Uncommon;Supporter;https://limitlesstcg.nyc3.cdn.digitaloceanspaces.com/tpci/PFL/PFL_087_R_EN_LG.png;No;Meta Play!
Toucannon Pbl;Kieran;TWM 154;1;1;1;1,0;0,5;2;50,0;TWM;154;Uncommon;Supporter;https://limitlesstcg.nyc3.cdn.digitaloceanspaces.com/tpci/TWM/TWM_154_R_EN_LG.png;No;Meta Play!
Toucannon Pbl;Lana's Aid;TWM 155;1;1;1;1,0;0,5;2;50,0;TWM;155;Uncommon;Supporter;https://limitlesstcg.nyc3.cdn.digitaloceanspaces.com/tpci/TWM/TWM_155_R_EN_LG.png;No;Meta Play!
Toucannon Pbl;Fighting Gong;MEG 116;4;4;1;4,0;2,0;2;50,0;MEG;116;Uncommon;Item;https://limitlesstcg.nyc3.cdn.digitaloceanspaces.com/tpci/MEG/MEG_116_R_EN_LG.png;No;Meta Play!
Toucannon Pbl;Ultra Ball;MEG 131;1;1;1;1,0;0,5;2;50,0;MEG;131;Common;Item;https://limitlesstcg.nyc3.cdn.digitaloceanspaces.com/tpci/MEG/MEG_131_R_EN_LG.png;No;Meta Play!
Toucannon Pbl;Unfair Stamp;TWM 165;1;1;1;1,0;0,5;2;50,0;TWM;165;Ultra Rare;Item;https://limitlesstcg.nyc3.cdn.digitaloceanspaces.com/tpci/TWM/TWM_165_R_EN_LG.png;Yes;Meta Play!
Toucannon Pbl;Brave Bangle;WHT 80;1;1;1;1,0;0,5;2;50,0;WHT;80;Uncommon;Tool;https://limitlesstcg.nyc3.cdn.digitaloceanspaces.com/tpci/WHT/WHT_080_R_EN_LG.png;No;Meta Play!
Toucannon Pbl;Area Zero Underdepths;SCR 131;3;3;1;3,0;1,5;2;50,0;SCR;131;Uncommon;Stadium;https://limitlesstcg.nyc3.cdn.digitaloceanspaces.com/tpci/SCR/SCR_131_R_EN_LG.png;No;Meta Play!
Toucannon Pbl;Fighting Energy;MEE 6;6;6;1;6,0;3,0;2;50,0;MEE;6;;Basic Energy;https://limitlesstcg.nyc3.cdn.digitaloceanspaces.com/tpci/MEE/MEE_006_R_EN_LG.png;No;Meta Play!
Okidogi Barbaracle;Okidogi;TWM 111;3;3;1;3,0;3,0;1;100,0;TWM;111;Rare;Basic;https://limitlesstcg.nyc3.cdn.digitaloceanspaces.com/tpci/TWM/TWM_111_R_EN_LG.png;No;Meta Play!
Okidogi Barbaracle;Binacle;POR 42;2;2;1;2,0;2,0;1;100,0;POR;42;Common;Basic;https://limitlesstcg.nyc3.cdn.digitaloceanspaces.com/tpci/POR/POR_042_R_EN_LG.png;No;Meta Play!
Okidogi Barbaracle;Barbaracle;POR 43;2;2;1;2,0;2,0;1;100,0;POR;43;Uncommon;Stage 1;https://limitlesstcg.nyc3.cdn.digitaloceanspaces.com/tpci/POR/POR_043_R_EN_LG.png;No;Meta Play!
Okidogi Barbaracle;Solrock;MEG 75;2;2;1;2,0;2,0;1;100,0;MEG;75;Uncommon;Basic;https://limitlesstcg.nyc3.cdn.digitaloceanspaces.com/tpci/MEG/MEG_075_R_EN_LG.png;No;Meta Play!
Okidogi Barbaracle;Lunatone;MEG 74;2;2;1;2,0;2,0;1;100,0;MEG;74;Rare;Basic;https://limitlesstcg.nyc3.cdn.digitaloceanspaces.com/tpci/MEG/MEG_074_R_EN_LG.png;No;Meta Play!
Okidogi Barbaracle;Shaymin;DRI 10;1;1;1;1,0;1,0;1;100,0;DRI;10;Uncommon;Basic;https://limitlesstcg.nyc3.cdn.digitaloceanspaces.com/tpci/DRI/DRI_010_R_EN_LG.png;No;Meta Play!
Okidogi Barbaracle;Patrat;CRI 70;1;1;1;1,0;1,0;1;100,0;CRI;70;Common;Basic;https://limitlesstcg.nyc3.cdn.digitaloceanspaces.com/tpci/CRI/CRI_070_R_EN_LG.png;No;Meta Play!
Okidogi Barbaracle;Cornerstone Mask Ogerpon ex;TWM 112;1;1;1;1,0;1,0;1;100,0;TWM;112;Double Rare;Basic;https://limitlesstcg.nyc3.cdn.digitaloceanspaces.com/tpci/TWM/TWM_112_R_EN_LG.png;No;Meta Play!
Okidogi Barbaracle;Moltres;PFL 14;1;1;1;1,0;1,0;1;100,0;PFL;14;Rare;Basic;https://limitlesstcg.nyc3.cdn.digitaloceanspaces.com/tpci/PFL/PFL_014_R_EN_LG.png;No;Meta Play!
Okidogi Barbaracle;Bloodmoon Ursaluna;PRE 54;1;1;1;1,0;1,0;1;100,0;PRE;54;Rare;Basic;https://limitlesstcg.nyc3.cdn.digitaloceanspaces.com/tpci/PRE/PRE_054_R_EN_LG.png;No;Meta Play!
Okidogi Barbaracle;Lillie's Determination;MEG 119;4;4;1;4,0;4,0;1;100,0;MEG;119;Uncommon;Supporter;https://limitlesstcg.nyc3.cdn.digitaloceanspaces.com/tpci/MEG/MEG_119_R_EN_LG.png;No;Meta Play!
Okidogi Barbaracle;Boss's Orders;MEG 114;3;3;1;3,0;3,0;1;100,0;MEG;114;Uncommon;Supporter;https://limitlesstcg.nyc3.cdn.digitaloceanspaces.com/tpci/MEG/MEG_114_R_EN_LG.png;No;Meta Play!
Okidogi Barbaracle;Tarragon;POR 85;2;2;1;2,0;2,0;1;100,0;POR;85;Uncommon;Supporter;https://limitlesstcg.nyc3.cdn.digitaloceanspaces.com/tpci/POR/POR_085_R_EN_LG.png;No;Meta Play!
Okidogi Barbaracle;Gwynn;PBL 78;2;2;1;2,0;2,0;1;100,0;PBL;78;Uncommon;Supporter;https://limitlesstcg.nyc3.cdn.digitaloceanspaces.com/tpci/PBL/PBL_078_R_EN_LG.png;No;Meta Play!
Okidogi Barbaracle;Poké Pad;POR 81;4;4;1;4,0;4,0;1;100,0;POR;81;Uncommon;Item;https://limitlesstcg.nyc3.cdn.digitaloceanspaces.com/tpci/POR/POR_081_R_EN_LG.png;No;Meta Play!
Okidogi Barbaracle;Fighting Gong;MEG 116;4;4;1;4,0;4,0;1;100,0;MEG;116;Uncommon;Item;https://limitlesstcg.nyc3.cdn.digitaloceanspaces.com/tpci/MEG/MEG_116_R_EN_LG.png;No;Meta Play!
Okidogi Barbaracle;Pokégear 3.0;SVI 186;3;3;1;3,0;3,0;1;100,0;SVI;186;Common;Item;https://limitlesstcg.nyc3.cdn.digitaloceanspaces.com/tpci/SVI/SVI_186_R_EN_LG.png;No;Meta Play!
Okidogi Barbaracle;Night Stretcher;ASC 196;2;2;1;2,0;2,0;1;100,0;ASC;196;Common;Item;https://limitlesstcg.nyc3.cdn.digitaloceanspaces.com/tpci/ASC/ASC_196_R_EN_LG.png;No;Meta Play!
Okidogi Barbaracle;Air Balloon;ASC 181;2;2;1;2,0;2,0;1;100,0;ASC;181;Uncommon;Tool;https://limitlesstcg.nyc3.cdn.digitaloceanspaces.com/tpci/ASC/ASC_181_R_EN_LG.png;No;Meta Play!
Okidogi Barbaracle;Gravity Mountain;SSP 177;2;2;1;2,0;2,0;1;100,0;SSP;177;Uncommon;Stadium;https://limitlesstcg.nyc3.cdn.digitaloceanspaces.com/tpci/SSP/SSP_177_R_EN_LG.png;No;Meta Play!
Okidogi Barbaracle;Fighting Energy;MEE 6;9;9;1;9,0;9,0;1;100,0;MEE;6;;Basic Energy;https://limitlesstcg.nyc3.cdn.digitaloceanspaces.com/tpci/MEE/MEE_006_R_EN_LG.png;No;Meta Play!
Okidogi Barbaracle;Prism Energy;ASC 216;4;4;1;4,0;4,0;1;100,0;ASC;216;Uncommon;Special Energy;https://limitlesstcg.nyc3.cdn.digitaloceanspaces.com/tpci/ASC/ASC_216_R_EN_LG.png;No;Meta Play!
Okidogi Barbaracle;Rocky Fighting Energy;POR 87;2;2;1;2,0;2,0;1;100,0;POR;87;Rare;Special Energy;https://limitlesstcg.nyc3.cdn.digitaloceanspaces.com/tpci/POR/POR_087_R_EN_LG.png;No;Meta Play!
Okidogi Barbaracle;Legacy Energy;TWM 167;1;1;1;1,0;1,0;1;100,0;TWM;167;Ultra Rare;Special Energy;https://limitlesstcg.nyc3.cdn.digitaloceanspaces.com/tpci/TWM/TWM_167_R_EN_LG.png;Yes;Meta Play!
Mega Starmie;Staryu;POR 20;3;3;1;3,0;3,0;1;100,0;POR;20;Common;Basic;https://limitlesstcg.nyc3.cdn.digitaloceanspaces.com/tpci/POR/POR_020_R_EN_LG.png;No;Meta Play!
Mega Starmie;Mega Starmie ex;POR 21;3;3;1;3,0;3,0;1;100,0;POR;21;Double Rare;Stage 1;https://limitlesstcg.nyc3.cdn.digitaloceanspaces.com/tpci/POR/POR_021_R_EN_LG.png;No;Meta Play!
Mega Starmie;Snorunt;ASC 46;2;2;1;2,0;2,0;1;100,0;ASC;46;Common;Basic;https://limitlesstcg.nyc3.cdn.digitaloceanspaces.com/tpci/ASC/ASC_046_R_EN_LG.png;No;Meta Play!
Mega Starmie;Mega Froslass ex;ASC 47;2;2;1;2,0;2,0;1;100,0;ASC;47;Double Rare;Stage 1;https://limitlesstcg.nyc3.cdn.digitaloceanspaces.com/tpci/ASC/ASC_047_R_EN_LG.png;No;Meta Play!
Mega Starmie;Dreepy;ASC 158;2;2;1;2,0;2,0;1;100,0;ASC;158;Common;Basic;https://limitlesstcg.nyc3.cdn.digitaloceanspaces.com/tpci/ASC/ASC_158_R_EN_LG.png;No;Meta Play!
Mega Starmie;Drakloak;ASC 159;2;2;1;2,0;2,0;1;100,0;ASC;159;Common;Stage 1;https://limitlesstcg.nyc3.cdn.digitaloceanspaces.com/tpci/ASC/ASC_159_R_EN_LG.png;No;Meta Play!
Mega Starmie;Psyduck;ASC 39;1;1;1;1,0;1,0;1;100,0;ASC;39;Common;Basic;https://limitlesstcg.nyc3.cdn.digitaloceanspaces.com/tpci/ASC/ASC_039_R_EN_LG.png;No;Meta Play!
Mega Starmie;Fezandipiti ex;ASC 142;1;1;1;1,0;1,0;1;100,0;ASC;142;Double Rare;Basic;https://limitlesstcg.nyc3.cdn.digitaloceanspaces.com/tpci/ASC/ASC_142_R_EN_LG.png;No;Meta Play!
Mega Starmie;Meowth ex;POR 62;1;1;1;1,0;1,0;1;100,0;POR;62;Double Rare;Basic;https://limitlesstcg.nyc3.cdn.digitaloceanspaces.com/tpci/POR/POR_062_R_EN_LG.png;No;Meta Play!
Mega Starmie;Wally's Compassion;MEG 132;4;4;1;4,0;4,0;1;100,0;MEG;132;Uncommon;Supporter;https://limitlesstcg.nyc3.cdn.digitaloceanspaces.com/tpci/MEG/MEG_132_R_EN_LG.png;No;Meta Play!
Mega Starmie;Lillie's Determination;MEG 119;3;3;1;3,0;3,0;1;100,0;MEG;119;Uncommon;Supporter;https://limitlesstcg.nyc3.cdn.digitaloceanspaces.com/tpci/MEG/MEG_119_R_EN_LG.png;No;Meta Play!
Mega Starmie;Boss's Orders;MEG 114;3;3;1;3,0;3,0;1;100,0;MEG;114;Uncommon;Supporter;https://limitlesstcg.nyc3.cdn.digitaloceanspaces.com/tpci/MEG/MEG_114_R_EN_LG.png;No;Meta Play!
Mega Starmie;Hilda;WHT 84;2;2;1;2,0;2,0;1;100,0;WHT;84;Uncommon;Supporter;https://limitlesstcg.nyc3.cdn.digitaloceanspaces.com/tpci/WHT/WHT_084_R_EN_LG.png;No;Meta Play!
Mega Starmie;Team Rocket's Petrel;ASC 207;1;1;1;1,0;1,0;1;100,0;ASC;207;Uncommon;Supporter;https://limitlesstcg.nyc3.cdn.digitaloceanspaces.com/tpci/ASC/ASC_207_R_EN_LG.png;No;Meta Play!
Mega Starmie;Xerosic's Machinations;SFA 64;1;1;1;1,0;1,0;1;100,0;SFA;64;Uncommon;Supporter;https://limitlesstcg.nyc3.cdn.digitaloceanspaces.com/tpci/SFA/SFA_064_R_EN_LG.png;No;Meta Play!
Mega Starmie;Salvatore;TEF 160;1;1;1;1,0;1,0;1;100,0;TEF;160;Uncommon;Supporter;https://limitlesstcg.nyc3.cdn.digitaloceanspaces.com/tpci/TEF/TEF_160_R_EN_LG.png;No;Meta Play!
Mega Starmie;Poké Pad;POR 81;3;3;1;3,0;3,0;1;100,0;POR;81;Uncommon;Item;https://limitlesstcg.nyc3.cdn.digitaloceanspaces.com/tpci/POR/POR_081_R_EN_LG.png;No;Meta Play!
Mega Starmie;Buddy-Buddy Poffin;ASC 184;3;3;1;3,0;3,0;1;100,0;ASC;184;Common;Item;https://limitlesstcg.nyc3.cdn.digitaloceanspaces.com/tpci/ASC/ASC_184_R_EN_LG.png;No;Meta Play!
Mega Starmie;Switch;MEG 130;3;3;1;3,0;3,0;1;100,0;MEG;130;Common;Item;https://limitlesstcg.nyc3.cdn.digitaloceanspaces.com/tpci/MEG/MEG_130_R_EN_LG.png;No;Meta Play!
Mega Starmie;Ultra Ball;MEG 131;3;3;1;3,0;3,0;1;100,0;MEG;131;Common;Item;https://limitlesstcg.nyc3.cdn.digitaloceanspaces.com/tpci/MEG/MEG_131_R_EN_LG.png;No;Meta Play!
Mega Starmie;Night Stretcher;ASC 196;2;2;1;2,0;2,0;1;100,0;ASC;196;Common;Item;https://limitlesstcg.nyc3.cdn.digitaloceanspaces.com/tpci/ASC/ASC_196_R_EN_LG.png;No;Meta Play!
Mega Starmie;Mega Signal;MEG 121;1;1;1;1,0;1,0;1;100,0;MEG;121;Uncommon;Item;https://limitlesstcg.nyc3.cdn.digitaloceanspaces.com/tpci/MEG/MEG_121_R_EN_LG.png;No;Meta Play!
Mega Starmie;Special Red Card;CRI 82;1;1;1;1,0;1,0;1;100,0;CRI;82;Uncommon;Item;https://limitlesstcg.nyc3.cdn.digitaloceanspaces.com/tpci/CRI/CRI_082_R_EN_LG.png;No;Meta Play!
Mega Starmie;Hero's Cape;TEF 152;1;1;1;1,0;1,0;1;100,0;TEF;152;Ultra Rare;Tool;https://limitlesstcg.nyc3.cdn.digitaloceanspaces.com/tpci/TEF/TEF_152_R_EN_LG.png;Yes;Meta Play!
Mega Starmie;Battle Cage;PFL 85;3;3;1;3,0;3,0;1;100,0;PFL;85;Uncommon;Stadium;https://limitlesstcg.nyc3.cdn.digitaloceanspaces.com/tpci/PFL/PFL_085_R_EN_LG.png;No;Meta Play!
Mega Starmie;Water Energy;MEE 3;4;4;1;4,0;4,0;1;100,0;MEE;3;;Basic Energy;https://limitlesstcg.nyc3.cdn.digitaloceanspaces.com/tpci/MEE/MEE_003_R_EN_LG.png;No;Meta Play!
Mega Starmie;Ignition Energy;WHT 86;3;3;1;3,0;3,0;1;100,0;WHT;86;Uncommon;Special Energy;https://limitlesstcg.nyc3.cdn.digitaloceanspaces.com/tpci/WHT/WHT_086_R_EN_LG.png;No;Meta Play!
Mega Starmie;Bubbly Water Energy;CRI 84;1;1;1;1,0;1,0;1;100,0;CRI;84;Rare;Special Energy;https://limitlesstcg.nyc3.cdn.digitaloceanspaces.com/tpci/CRI/CRI_084_R_EN_LG.png;No;Meta Play!
Kangaskhan Bouffalant;Mega Kangaskhan ex;MEG 104;4;4;1;4,0;4,0;1;100,0;MEG;104;Double Rare;Basic;https://limitlesstcg.nyc3.cdn.digitaloceanspaces.com/tpci/MEG/MEG_104_R_EN_LG.png;No;Meta Play!
Kangaskhan Bouffalant;Munkidori;ASC 99;3;3;1;3,0;3,0;1;100,0;ASC;99;Rare;Basic;https://limitlesstcg.nyc3.cdn.digitaloceanspaces.com/tpci/ASC/ASC_099_R_EN_LG.png;No;Meta Play!
Kangaskhan Bouffalant;Bouffalant;SCR 119;3;3;1;3,0;3,0;1;100,0;SCR;119;Rare;Basic;https://limitlesstcg.nyc3.cdn.digitaloceanspaces.com/tpci/SCR/SCR_119_R_EN_LG.png;No;Meta Play!
Kangaskhan Bouffalant;Psyduck;ASC 39;1;1;1;1,0;1,0;1;100,0;ASC;39;Common;Basic;https://limitlesstcg.nyc3.cdn.digitaloceanspaces.com/tpci/ASC/ASC_039_R_EN_LG.png;No;Meta Play!
Kangaskhan Bouffalant;Lillie's Determination;MEG 119;4;4;1;4,0;4,0;1;100,0;MEG;119;Uncommon;Supporter;https://limitlesstcg.nyc3.cdn.digitaloceanspaces.com/tpci/MEG/MEG_119_R_EN_LG.png;No;Meta Play!
Kangaskhan Bouffalant;Crispin;SCR 133;4;4;1;4,0;4,0;1;100,0;SCR;133;Uncommon;Supporter;https://limitlesstcg.nyc3.cdn.digitaloceanspaces.com/tpci/SCR/SCR_133_R_EN_LG.png;No;Meta Play!
Kangaskhan Bouffalant;Team Rocket's Petrel;ASC 207;3;3;1;3,0;3,0;1;100,0;ASC;207;Uncommon;Supporter;https://limitlesstcg.nyc3.cdn.digitaloceanspaces.com/tpci/ASC/ASC_207_R_EN_LG.png;No;Meta Play!
Kangaskhan Bouffalant;Ciphermaniac's Codebreaking;TEF 145;2;2;1;2,0;2,0;1;100,0;TEF;145;Uncommon;Supporter;https://limitlesstcg.nyc3.cdn.digitaloceanspaces.com/tpci/TEF/TEF_145_R_EN_LG.png;No;Meta Play!
Kangaskhan Bouffalant;Boss's Orders;MEG 114;2;2;1;2,0;2,0;1;100,0;MEG;114;Uncommon;Supporter;https://limitlesstcg.nyc3.cdn.digitaloceanspaces.com/tpci/MEG/MEG_114_R_EN_LG.png;No;Meta Play!
Kangaskhan Bouffalant;Xerosic's Machinations;SFA 64;1;1;1;1,0;1,0;1;100,0;SFA;64;Uncommon;Supporter;https://limitlesstcg.nyc3.cdn.digitaloceanspaces.com/tpci/SFA/SFA_064_R_EN_LG.png;No;Meta Play!
Kangaskhan Bouffalant;Lana's Aid;TWM 155;1;1;1;1,0;1,0;1;100,0;TWM;155;Uncommon;Supporter;https://limitlesstcg.nyc3.cdn.digitaloceanspaces.com/tpci/TWM/TWM_155_R_EN_LG.png;No;Meta Play!
Kangaskhan Bouffalant;Eri;TEF 146;1;1;1;1,0;1,0;1;100,0;TEF;146;Uncommon;Supporter;https://limitlesstcg.nyc3.cdn.digitaloceanspaces.com/tpci/TEF/TEF_146_R_EN_LG.png;No;Meta Play!
Kangaskhan Bouffalant;Jumbo Ice Cream;PFL 91;4;4;1;4,0;4,0;1;100,0;PFL;91;Uncommon;Item;https://limitlesstcg.nyc3.cdn.digitaloceanspaces.com/tpci/PFL/PFL_091_R_EN_LG.png;No;Meta Play!
Kangaskhan Bouffalant;Ultra Ball;MEG 131;3;3;1;3,0;3,0;1;100,0;MEG;131;Common;Item;https://limitlesstcg.nyc3.cdn.digitaloceanspaces.com/tpci/MEG/MEG_131_R_EN_LG.png;No;Meta Play!
Kangaskhan Bouffalant;Night Stretcher;ASC 196;2;2;1;2,0;2,0;1;100,0;ASC;196;Common;Item;https://limitlesstcg.nyc3.cdn.digitaloceanspaces.com/tpci/ASC/ASC_196_R_EN_LG.png;No;Meta Play!
Kangaskhan Bouffalant;Energy Switch;MEG 115;1;1;1;1,0;1,0;1;100,0;MEG;115;Common;Item;https://limitlesstcg.nyc3.cdn.digitaloceanspaces.com/tpci/MEG/MEG_115_R_EN_LG.png;No;Meta Play!
Kangaskhan Bouffalant;Switch;MEG 130;1;1;1;1,0;1,0;1;100,0;MEG;130;Common;Item;https://limitlesstcg.nyc3.cdn.digitaloceanspaces.com/tpci/MEG/MEG_130_R_EN_LG.png;No;Meta Play!
Kangaskhan Bouffalant;Super Potion;JTG 158;1;1;1;1,0;1,0;1;100,0;JTG;158;Uncommon;Item;https://limitlesstcg.nyc3.cdn.digitaloceanspaces.com/tpci/JTG/JTG_158_R_EN_LG.png;No;Meta Play!
Kangaskhan Bouffalant;Poké Pad;POR 81;1;1;1;1,0;1,0;1;100,0;POR;81;Uncommon;Item;https://limitlesstcg.nyc3.cdn.digitaloceanspaces.com/tpci/POR/POR_081_R_EN_LG.png;No;Meta Play!
Kangaskhan Bouffalant;Hero's Cape;TEF 152;1;1;1;1,0;1,0;1;100,0;TEF;152;Ultra Rare;Tool;https://limitlesstcg.nyc3.cdn.digitaloceanspaces.com/tpci/TEF/TEF_152_R_EN_LG.png;Yes;Meta Play!
Kangaskhan Bouffalant;Air Balloon;ASC 181;1;1;1;1,0;1,0;1;100,0;ASC;181;Uncommon;Tool;https://limitlesstcg.nyc3.cdn.digitaloceanspaces.com/tpci/ASC/ASC_181_R_EN_LG.png;No;Meta Play!
Kangaskhan Bouffalant;Lumiose City;POR 77;3;3;1;3,0;3,0;1;100,0;POR;77;Uncommon;Stadium;https://limitlesstcg.nyc3.cdn.digitaloceanspaces.com/tpci/POR/POR_077_R_EN_LG.png;No;Meta Play!
Kangaskhan Bouffalant;Prism Tower;CRI 80;1;1;1;1,0;1,0;1;100,0;CRI;80;Uncommon;Stadium;https://limitlesstcg.nyc3.cdn.digitaloceanspaces.com/tpci/CRI/CRI_080_R_EN_LG.png;No;Meta Play!
Kangaskhan Bouffalant;Mist Energy;TEF 161;4;4;1;4,0;4,0;1;100,0;TEF;161;Uncommon;Special Energy;https://limitlesstcg.nyc3.cdn.digitaloceanspaces.com/tpci/TEF/TEF_161_R_EN_LG.png;No;Meta Play!
Kangaskhan Bouffalant;Darkness Energy;MEE 7;4;4;1;4,0;4,0;1;100,0;MEE;7;;Basic Energy;https://limitlesstcg.nyc3.cdn.digitaloceanspaces.com/tpci/MEE/MEE_007_R_EN_LG.png;No;Meta Play!
Kangaskhan Bouffalant;Psychic Energy;MEE 5;4;4;1;4,0;4,0;1;100,0;MEE;5;;Basic Energy;https://limitlesstcg.nyc3.cdn.digitaloceanspaces.com/tpci/MEE/MEE_005_R_EN_LG.png;No;Meta Play!
Blaziken Zoroark;Torchic;DRI 40;3;3;1;3,0;3,0;1;100,0;DRI;40;Common;Basic;https://limitlesstcg.nyc3.cdn.digitaloceanspaces.com/tpci/DRI/DRI_040_R_EN_LG.png;No;Meta Play!
Blaziken Zoroark;Combusken;DRI 41;2;2;1;2,0;2,0;1;100,0;DRI;41;Common;Stage 1;https://limitlesstcg.nyc3.cdn.digitaloceanspaces.com/tpci/DRI/DRI_041_R_EN_LG.png;No;Meta Play!
Blaziken Zoroark;Blaziken ex;JTG 24;3;3;1;3,0;3,0;1;100,0;JTG;24;Double Rare;Stage 2;https://limitlesstcg.nyc3.cdn.digitaloceanspaces.com/tpci/JTG/JTG_024_R_EN_LG.png;No;Meta Play!
Blaziken Zoroark;Blaziken;DRI 42;1;1;1;1,0;1,0;1;100,0;DRI;42;Rare;Stage 2;https://limitlesstcg.nyc3.cdn.digitaloceanspaces.com/tpci/DRI/DRI_042_R_EN_LG.png;No;Meta Play!
Blaziken Zoroark;N's Zorua;ASC 136;3;3;1;3,0;3,0;1;100,0;ASC;136;Common;Basic;https://limitlesstcg.nyc3.cdn.digitaloceanspaces.com/tpci/ASC/ASC_136_R_EN_LG.png;No;Meta Play!
Blaziken Zoroark;N's Zoroark ex;ASC 137;2;2;1;2,0;2,0;1;100,0;ASC;137;Double Rare;Stage 1;https://limitlesstcg.nyc3.cdn.digitaloceanspaces.com/tpci/ASC/ASC_137_R_EN_LG.png;No;Meta Play!
Blaziken Zoroark;Tatsugiri;TWM 131;2;2;1;2,0;2,0;1;100,0;TWM;131;Uncommon;Basic;https://limitlesstcg.nyc3.cdn.digitaloceanspaces.com/tpci/TWM/TWM_131_R_EN_LG.png;No;Meta Play!
Blaziken Zoroark;Munkidori;ASC 99;1;1;1;1,0;1,0;1;100,0;ASC;99;Rare;Basic;https://limitlesstcg.nyc3.cdn.digitaloceanspaces.com/tpci/ASC/ASC_099_R_EN_LG.png;No;Meta Play!
Blaziken Zoroark;Lillie's Clefairy ex;ASC 76;1;1;1;1,0;1,0;1;100,0;ASC;76;Double Rare;Basic;https://limitlesstcg.nyc3.cdn.digitaloceanspaces.com/tpci/ASC/ASC_076_R_EN_LG.png;No;Meta Play!
Blaziken Zoroark;Fezandipiti ex;ASC 142;1;1;1;1,0;1,0;1;100,0;ASC;142;Double Rare;Basic;https://limitlesstcg.nyc3.cdn.digitaloceanspaces.com/tpci/ASC/ASC_142_R_EN_LG.png;No;Meta Play!
Blaziken Zoroark;Pecharunt;SVP 129;1;1;1;1,0;1,0;1;100,0;SVP;129;Promo;Basic;https://limitlesstcg.nyc3.cdn.digitaloceanspaces.com/tpci/SVP/SVP_129_R_EN_LG.png;No;Meta Play!
Blaziken Zoroark;N's Reshiram;ASC 154;1;1;1;1,0;1,0;1;100,0;ASC;154;Rare;Basic;https://limitlesstcg.nyc3.cdn.digitaloceanspaces.com/tpci/ASC/ASC_154_R_EN_LG.png;No;Meta Play!
Blaziken Zoroark;Lillie's Determination;MEG 119;4;4;1;4,0;4,0;1;100,0;MEG;119;Uncommon;Supporter;https://limitlesstcg.nyc3.cdn.digitaloceanspaces.com/tpci/MEG/MEG_119_R_EN_LG.png;No;Meta Play!
Blaziken Zoroark;Boss's Orders;MEG 114;3;3;1;3,0;3,0;1;100,0;MEG;114;Uncommon;Supporter;https://limitlesstcg.nyc3.cdn.digitaloceanspaces.com/tpci/MEG/MEG_114_R_EN_LG.png;No;Meta Play!
Blaziken Zoroark;Hilda;WHT 84;2;2;1;2,0;2,0;1;100,0;WHT;84;Uncommon;Supporter;https://limitlesstcg.nyc3.cdn.digitaloceanspaces.com/tpci/WHT/WHT_084_R_EN_LG.png;No;Meta Play!
Blaziken Zoroark;Dawn;PFL 87;1;1;1;1,0;1,0;1;100,0;PFL;87;Uncommon;Supporter;https://limitlesstcg.nyc3.cdn.digitaloceanspaces.com/tpci/PFL/PFL_087_R_EN_LG.png;No;Meta Play!
Blaziken Zoroark;Buddy-Buddy Poffin;ASC 184;4;4;1;4,0;4,0;1;100,0;ASC;184;Common;Item;https://limitlesstcg.nyc3.cdn.digitaloceanspaces.com/tpci/ASC/ASC_184_R_EN_LG.png;No;Meta Play!
Blaziken Zoroark;Poké Pad;POR 81;3;3;1;3,0;3,0;1;100,0;POR;81;Uncommon;Item;https://limitlesstcg.nyc3.cdn.digitaloceanspaces.com/tpci/POR/POR_081_R_EN_LG.png;No;Meta Play!
Blaziken Zoroark;Ultra Ball;MEG 131;3;3;1;3,0;3,0;1;100,0;MEG;131;Common;Item;https://limitlesstcg.nyc3.cdn.digitaloceanspaces.com/tpci/MEG/MEG_131_R_EN_LG.png;No;Meta Play!
Blaziken Zoroark;Rare Candy;MEG 125;3;3;1;3,0;3,0;1;100,0;MEG;125;Common;Item;https://limitlesstcg.nyc3.cdn.digitaloceanspaces.com/tpci/MEG/MEG_125_R_EN_LG.png;No;Meta Play!
Blaziken Zoroark;Night Stretcher;ASC 196;2;2;1;2,0;2,0;1;100,0;ASC;196;Common;Item;https://limitlesstcg.nyc3.cdn.digitaloceanspaces.com/tpci/ASC/ASC_196_R_EN_LG.png;No;Meta Play!
Blaziken Zoroark;Switch;MEG 130;1;1;1;1,0;1,0;1;100,0;MEG;130;Common;Item;https://limitlesstcg.nyc3.cdn.digitaloceanspaces.com/tpci/MEG/MEG_130_R_EN_LG.png;No;Meta Play!
Blaziken Zoroark;Special Red Card;CRI 82;1;1;1;1,0;1,0;1;100,0;CRI;82;Uncommon;Item;https://limitlesstcg.nyc3.cdn.digitaloceanspaces.com/tpci/CRI/CRI_082_R_EN_LG.png;No;Meta Play!
Blaziken Zoroark;Unfair Stamp;TWM 165;1;1;1;1,0;1,0;1;100,0;TWM;165;Ultra Rare;Item;https://limitlesstcg.nyc3.cdn.digitaloceanspaces.com/tpci/TWM/TWM_165_R_EN_LG.png;Yes;Meta Play!
Blaziken Zoroark;Air Balloon;ASC 181;1;1;1;1,0;1,0;1;100,0;ASC;181;Uncommon;Tool;https://limitlesstcg.nyc3.cdn.digitaloceanspaces.com/tpci/ASC/ASC_181_R_EN_LG.png;No;Meta Play!
Blaziken Zoroark;Team Rocket's Watchtower;ASC 210;2;2;1;2,0;2,0;1;100,0;ASC;210;Uncommon;Stadium;https://limitlesstcg.nyc3.cdn.digitaloceanspaces.com/tpci/ASC/ASC_210_R_EN_LG.png;No;Meta Play!
Blaziken Zoroark;Darkness Energy;MEE 7;4;4;1;4,0;4,0;1;100,0;MEE;7;;Basic Energy;https://limitlesstcg.nyc3.cdn.digitaloceanspaces.com/tpci/MEE/MEE_007_R_EN_LG.png;No;Meta Play!
Blaziken Zoroark;Fire Energy;MEE 2;3;3;1;3,0;3,0;1;100,0;MEE;2;;Basic Energy;https://limitlesstcg.nyc3.cdn.digitaloceanspaces.com/tpci/MEE/MEE_002_R_EN_LG.png;No;Meta Play!
Blaziken Zoroark;Psychic Energy;MEE 5;1;1;1;1,0;1,0;1;100,0;MEE;5;;Basic Energy;https://limitlesstcg.nyc3.cdn.digitaloceanspaces.com/tpci/MEE/MEE_005_R_EN_LG.png;No;Meta Play!
