meta,tournaments_used,tournament_count,my_deck_slug,my_deck_name,my_deck_player_count,my_deck_total_wins,my_deck_total_losses,my_deck_total_ties,my_deck_overall_win_pct,opponent_deck_slug,opponent_deck_name,vs_count,vs_win_pct,vs_wins,vs_losses,vs_ties,day_filter,scraped_at,ist_spiegel,tagesfilter_quelle
SVI-BLK,38,1,alakazam-ex,Alakazam,1,0,6,2,8.33,ho-oh-armarouge,Ho-Oh Armarouge,1,0.0,0,1,0,overall,2026-10-07T21:49:57.848034+00:00,nein,abfrage
SVI-BLK,38,1,alakazam-ex,Alakazam,1,0,6,2,8.33,miraidon-ex,Miraidon,1,0.0,0,1,0,overall,2026-10-07T21:49:57.848034+00:00,nein,abfrage
SVI-BLK,38,1,alakazam-ex,Alakazam,1,0,6,2,8.33,dragapult-dusknoir,Dragapult Dusknoir,1,33.33,0,0,1,overall,2026-10-07T21:49:57.848034+00:00,nein,abfrage
SVI-BLK,38,1,alakazam-ex,Alakazam,1,0,6,2,8.33,festival-lead,Festival Lead,1,0.0,0,1,0,overall,2026-10-07T21:49:57.848034+00:00,nein,abfrage
SVI-BLK,38,1,alakazam-ex,Alakazam,1,0,6,2,8.33,n-zoroark,N's Zoroark,1,0.0,0,1,0,overall,2026-10-07T21:49:57.848034+00:00,nein,abfrage
SVI-BLK,38,1,alakazam-ex,Alakazam,1,0,6,2,8.33,gardevoir-ex-sv,Gardevoir,1,33.33,0,0,1,overall,2026-10-07T21:49:57.848034+00:00,nein,abfrage
SVI-BLK,38,1,alakazam-ex,Alakazam,1,0,6,2,8.33,raging-bolt-ogerpon,Raging Bolt Ogerpon,1,0.0,0,1,0,overall,2026-10-07T21:49:57.848034+00:00,nein,abfrage
SVI-BLK,38,1,alolan-exeggutor-ex,Alolan Exeggutor ex,1,1,3,0,25.0,dragapult-ex,Dragapult,1,100.0,1,0,0,overall,2026-10-07T21:49:59.583593+00:00,nein,abfrage
SVI-BLK,38,1,alolan-exeggutor-ex,Alolan Exeggutor ex,1,1,3,0,25.0,ethan-typhlosion,Ethan's Typhlosion,1,0.0,0,1,0,overall,2026-10-07T21:49:59.583593+00:00,nein,abfrage
SVI-BLK,38,1,alolan-exeggutor-ex,Alolan Exeggutor ex,1,1,3,0,25.0,roaring-moon-ex,Roaring Moon,1,0.0,0,1,0,overall,2026-10-07T21:49:59.583593+00:00,nein,abfrage
SVI-BLK,38,1,alolan-exeggutor-ex,Alolan Exeggutor ex,1,1,3,0,25.0,gholdengo-ex,Gholdengo,1,0.0,0,1,0,overall,2026-10-07T21:49:59.583593+00:00,nein,abfrage
SVI-BLK,38,1,ancient-box,Ancient Box,1,1,1,0,50.0,flareon-noctowl,Flareon Noctowl,1,100.0,1,0,0,overall,2026-10-07T21:50:01.324790+00:00,nein,abfrage
SVI-BLK,38,1,ancient-box,Ancient Box,1,1,1,0,50.0,gholdengo-ex,Gholdengo,1,0.0,0,1,0,overall,2026-10-07T21:50:01.324790+00:00,nein,abfrage
SVI-BLK,38,1,archaludon-ex,Archaludon,8,20,29,9,39.66,dragapult-dusknoir,Dragapult Dusknoir,9,59.26,5,3,1,overall,2026-10-07T21:50:03.088227+00:00,nein,abfrage
SVI-BLK,38,1,archaludon-ex,Archaludon,8,20,29,9,39.66,raging-bolt-ogerpon,Raging Bolt Ogerpon,9,44.44,4,5,0,overall,2026-10-07T21:50:03.088227+00:00,nein,abfrage
SVI-BLK,38,1,archaludon-ex,Archaludon,8,20,29,9,39.66,gardevoir-ex-sv,Gardevoir,7,19.05,1,5,1,overall,2026-10-07T21:50:03.088227+00:00,nein,abfrage
SVI-BLK,38,1,archaludon-ex,Archaludon,8,20,29,9,39.66,gholdengo-joltik-box,Gholdengo Joltik Box,7,38.1,2,3,2,overall,2026-10-07T21:50:03.088227+00:00,nein,abfrage
SVI-BLK,38,1,archaludon-ex,Archaludon,8,20,29,9,39.66,gholdengo-ex,Gholdengo,5,40.0,2,3,0,overall,2026-10-07T21:50:03.088227+00:00,nein,abfrage
SVI-BLK,38,1,archaludon-ex,Archaludon,8,20,29,9,39.66,charizard-pidgeot,Charizard Pidgeot,4,8.33,0,3,1,overall,2026-10-07T21:50:03.088227+00:00,nein,abfrage
SVI-BLK,38,1,archaludon-ex,Archaludon,8,20,29,9,39.66,joltik-box,Joltik Box,3,66.67,2,1,0,overall,2026-10-07T21:50:03.088227+00:00,nein,abfrage
SVI-BLK,38,1,archaludon-ex,Archaludon,8,20,29,9,39.66,grimmsnarl-froslass,Grimmsnarl Froslass,3,11.11,0,2,1,overall,2026-10-07T21:50:03.088227+00:00,nein,abfrage
SVI-BLK,38,1,archaludon-ex,Archaludon,8,20,29,9,39.66,tera-box,Tera Box,3,77.78,2,0,1,overall,2026-10-07T21:50:03.088227+00:00,nein,abfrage
SVI-BLK,38,1,archaludon-ex,Archaludon,8,20,29,9,39.66,n-zoroark,N's Zoroark,2,66.67,1,0,1,overall,2026-10-07T21:50:03.088227+00:00,nein,abfrage
SVI-BLK,38,1,archaludon-ex,Archaludon,8,20,29,9,39.66,greninja-blaziken,Greninja Blaziken,1,0.0,0,1,0,overall,2026-10-07T21:50:03.088227+00:00,nein,abfrage
SVI-BLK,38,1,archaludon-ex,Archaludon,8,20,29,9,39.66,ethan-typhlosion,Ethan's Typhlosion,1,100.0,1,0,0,overall,2026-10-07T21:50:03.088227+00:00,nein,abfrage
SVI-BLK,38,1,archaludon-ex,Archaludon,8,20,29,9,39.66,dragapult-charizard,Dragapult Charizard,1,33.33,0,0,1,overall,2026-10-07T21:50:03.088227+00:00,nein,abfrage
SVI-BLK,38,1,archaludon-ex,Archaludon,8,20,29,9,39.66,flareon-noctowl,Flareon Noctowl,1,0.0,0,1,0,overall,2026-10-07T21:50:03.088227+00:00,nein,abfrage
SVI-BLK,38,1,archaludon-ex,Archaludon,8,20,29,9,39.66,iron-thorns-ex,Iron Thorns,1,0.0,0,1,0,overall,2026-10-07T21:50:03.088227+00:00,nein,abfrage
SVI-BLK,38,1,archaludon-ex,Archaludon,8,20,29,9,39.66,hydreigon-ex,Hydreigon,1,0.0,0,1,0,overall,2026-10-07T21:50:03.088227+00:00,nein,abfrage
SVI-BLK,38,1,blaziken-ex-jtg,Blaziken,1,5,3,0,62.5,gholdengo-ex,Gholdengo,2,0.0,0,2,0,overall,2026-10-07T21:50:04.825733+00:00,nein,abfrage
SVI-BLK,38,1,blaziken-ex-jtg,Blaziken,1,5,3,0,62.5,gardevoir-ex-sv,Gardevoir,1,100.0,1,0,0,overall,2026-10-07T21:50:04.825733+00:00,nein,abfrage
SVI-BLK,38,1,blaziken-ex-jtg,Blaziken,1,5,3,0,62.5,ogerpon-ex,Ogerpon,1,0.0,0,1,0,overall,2026-10-07T21:50:04.825733+00:00,nein,abfrage
SVI-BLK,38,1,blaziken-ex-jtg,Blaziken,1,5,3,0,62.5,gholdengo-joltik-box,Gholdengo Joltik Box,1,100.0,1,0,0,overall,2026-10-07T21:50:04.825733+00:00,nein,abfrage
SVI-BLK,38,1,blaziken-ex-jtg,Blaziken,1,5,3,0,62.5,raging-bolt-ogerpon,Raging Bolt Ogerpon,1,100.0,1,0,0,overall,2026-10-07T21:50:04.825733+00:00,nein,abfrage
SVI-BLK,38,1,blaziken-ex-jtg,Blaziken,1,5,3,0,62.5,dragapult-dusknoir,Dragapult Dusknoir,1,100.0,1,0,0,overall,2026-10-07T21:50:04.825733+00:00,nein,abfrage
SVI-BLK,38,1,blaziken-ex-jtg,Blaziken,1,5,3,0,62.5,joltik-box,Joltik Box,1,100.0,1,0,0,overall,2026-10-07T21:50:04.825733+00:00,nein,abfrage
SVI-BLK,38,1,blissey-ex,Blissey,13,48,38,21,51.4,dragapult-dusknoir,Dragapult Dusknoir,23,37.68,7,11,5,overall,2026-10-07T21:50:06.556825+00:00,nein,abfrage
SVI-BLK,38,1,blissey-ex,Blissey,13,48,38,21,51.4,raging-bolt-ogerpon,Raging Bolt Ogerpon,16,64.58,9,3,4,overall,2026-10-07T21:50:06.556825+00:00,nein,abfrage
SVI-BLK,38,1,blissey-ex,Blissey,13,48,38,21,51.4,gardevoir-ex-sv,Gardevoir,13,43.59,5,6,2,overall,2026-10-07T21:50:06.556825+00:00,nein,abfrage
SVI-BLK,38,1,blissey-ex,Blissey,13,48,38,21,51.4,gholdengo-ex,Gholdengo,13,79.49,10,2,1,overall,2026-10-07T21:50:06.556825+00:00,nein,abfrage
SVI-BLK,38,1,blissey-ex,Blissey,13,48,38,21,51.4,tera-box,Tera Box,9,62.96,5,2,2,overall,2026-10-07T21:50:06.556825+00:00,nein,abfrage
SVI-BLK,38,1,blissey-ex,Blissey,13,48,38,21,51.4,gholdengo-joltik-box,Gholdengo Joltik Box,5,46.67,2,2,1,overall,2026-10-07T21:50:06.556825+00:00,nein,abfrage
SVI-BLK,38,1,blissey-ex,Blissey,13,48,38,21,51.4,gardevoir-jellicent,Gardevoir Jellicent,4,83.33,3,0,1,overall,2026-10-07T21:50:06.556825+00:00,nein,abfrage
SVI-BLK,38,1,blissey-ex,Blissey,13,48,38,21,51.4,ethan-typhlosion,Ethan's Typhlosion,3,44.44,1,1,1,overall,2026-10-07T21:50:06.556825+00:00,nein,abfrage
SVI-BLK,38,1,blissey-ex,Blissey,13,48,38,21,51.4,flareon-noctowl,Flareon Noctowl,3,33.33,1,2,0,overall,2026-10-07T21:50:06.556825+00:00,nein,abfrage
SVI-BLK,38,1,blissey-ex,Blissey,13,48,38,21,51.4,cynthia-garchomp-ex,Cynthia's Garchomp,2,16.67,0,1,1,overall,2026-10-07T21:50:06.556825+00:00,nein,abfrage
SVI-BLK,38,1,blissey-ex,Blissey,13,48,38,21,51.4,charizard-pidgeot,Charizard Pidgeot,2,16.67,0,1,1,overall,2026-10-07T21:50:06.556825+00:00,nein,abfrage
SVI-BLK,38,1,blissey-ex,Blissey,13,48,38,21,51.4,grimmsnarl-froslass,Grimmsnarl Froslass,2,100.0,2,0,0,overall,2026-10-07T21:50:06.556825+00:00,nein,abfrage
SVI-BLK,38,1,blissey-ex,Blissey,13,48,38,21,51.4,ogerpon-ex,Ogerpon,1,0.0,0,1,0,overall,2026-10-07T21:50:06.556825+00:00,nein,abfrage
SVI-BLK,38,1,blissey-ex,Blissey,13,48,38,21,51.4,ho-oh-armarouge,Ho-Oh Armarouge,1,100.0,1,0,0,overall,2026-10-07T21:50:06.556825+00:00,nein,abfrage
SVI-BLK,38,1,blissey-ex,Blissey,13,48,38,21,51.4,farigiraf-milotic,Farigiraf Milotic,1,0.0,0,1,0,overall,2026-10-07T21:50:06.556825+00:00,nein,abfrage
SVI-BLK,38,1,blissey-ex,Blissey,13,48,38,21,51.4,dragapult-ex,Dragapult,1,33.33,0,0,1,overall,2026-10-07T21:50:06.556825+00:00,nein,abfrage
SVI-BLK,38,1,blissey-ex,Blissey,13,48,38,21,51.4,joltik-box,Joltik Box,1,0.0,0,1,0,overall,2026-10-07T21:50:06.556825+00:00,nein,abfrage
SVI-BLK,38,1,blissey-ex,Blissey,13,48,38,21,51.4,charizard-dragapult,Charizard Dragapult,1,0.0,0,1,0,overall,2026-10-07T21:50:06.556825+00:00,nein,abfrage
SVI-BLK,38,1,blissey-ex,Blissey,13,48,38,21,51.4,dragapult-charizard,Dragapult Charizard,1,33.33,0,0,1,overall,2026-10-07T21:50:06.556825+00:00,nein,abfrage
SVI-BLK,38,1,blissey-ex,Blissey,13,48,38,21,51.4,gouging-fire-ex,Gouging Fire,1,100.0,1,0,0,overall,2026-10-07T21:50:06.556825+00:00,nein,abfrage
SVI-BLK,38,1,blissey-ex,Blissey,13,48,38,21,51.4,crustle-dri,Crustle,1,0.0,0,1,0,overall,2026-10-07T21:50:06.556825+00:00,nein,abfrage
SVI-BLK,38,1,blissey-ex,Blissey,13,48,38,21,51.4,n-zoroark,N's Zoroark,1,100.0,1,0,0,overall,2026-10-07T21:50:06.556825+00:00,nein,abfrage
SVI-BLK,38,1,blissey-ex,Blissey,13,48,38,21,51.4,conkeldurr-twm,Conkeldurr,1,0.0,0,1,0,overall,2026-10-07T21:50:06.556825+00:00,nein,abfrage
SVI-BLK,38,1,blissey-ex,Blissey,13,48,38,21,51.4,roaring-moon-ex,Roaring Moon,1,0.0,0,1,0,overall,2026-10-07T21:50:06.556825+00:00,nein,abfrage
SVI-BLK,38,1,ceruledge-ex,Ceruledge,9,16,29,6,35.29,gholdengo-ex,Gholdengo,8,62.5,5,3,0,overall,2026-10-07T21:50:08.297005+00:00,nein,abfrage
SVI-BLK,38,1,ceruledge-ex,Ceruledge,9,16,29,6,35.29,dragapult-dusknoir,Dragapult Dusknoir,7,42.86,3,4,0,overall,2026-10-07T21:50:08.297005+00:00,nein,abfrage
SVI-BLK,38,1,ceruledge-ex,Ceruledge,9,16,29,6,35.29,gardevoir-ex-sv,Gardevoir,7,38.1,2,3,2,overall,2026-10-07T21:50:08.297005+00:00,nein,abfrage
SVI-BLK,38,1,ceruledge-ex,Ceruledge,9,16,29,6,35.29,gardevoir-jellicent,Gardevoir Jellicent,5,26.67,1,3,1,overall,2026-10-07T21:50:08.297005+00:00,nein,abfrage
SVI-BLK,38,1,ceruledge-ex,Ceruledge,9,16,29,6,35.29,tera-box,Tera Box,4,58.33,2,1,1,overall,2026-10-07T21:50:08.297005+00:00,nein,abfrage
SVI-BLK,38,1,ceruledge-ex,Ceruledge,9,16,29,6,35.29,n-zoroark,N's Zoroark,4,25.0,1,3,0,overall,2026-10-07T21:50:08.297005+00:00,nein,abfrage
SVI-BLK,38,1,ceruledge-ex,Ceruledge,9,16,29,6,35.29,joltik-box,Joltik Box,3,22.22,0,1,2,overall,2026-10-07T21:50:08.297005+00:00,nein,abfrage
SVI-BLK,38,1,ceruledge-ex,Ceruledge,9,16,29,6,35.29,flareon-noctowl,Flareon Noctowl,2,0.0,0,2,0,overall,2026-10-07T21:50:08.297005+00:00,nein,abfrage
SVI-BLK,38,1,ceruledge-ex,Ceruledge,9,16,29,6,35.29,grimmsnarl-froslass,Grimmsnarl Froslass,2,0.0,0,2,0,overall,2026-10-07T21:50:08.297005+00:00,nein,abfrage
SVI-BLK,38,1,ceruledge-ex,Ceruledge,9,16,29,6,35.29,raging-bolt-ogerpon,Raging Bolt Ogerpon,2,0.0,0,2,0,overall,2026-10-07T21:50:08.297005+00:00,nein,abfrage
SVI-BLK,38,1,ceruledge-ex,Ceruledge,9,16,29,6,35.29,future-box,Future Box,1,0.0,0,1,0,overall,2026-10-07T21:50:08.297005+00:00,nein,abfrage
SVI-BLK,38,1,ceruledge-ex,Ceruledge,9,16,29,6,35.29,gholdengo-joltik-box,Gholdengo Joltik Box,1,0.0,0,1,0,overall,2026-10-07T21:50:08.297005+00:00,nein,abfrage
SVI-BLK,38,1,ceruledge-ex,Ceruledge,9,16,29,6,35.29,roaring-moon-ex,Roaring Moon,1,0.0,0,1,0,overall,2026-10-07T21:50:08.297005+00:00,nein,abfrage
SVI-BLK,38,1,ceruledge-ex,Ceruledge,9,16,29,6,35.29,slaking-ex,Slaking,1,0.0,0,1,0,overall,2026-10-07T21:50:08.297005+00:00,nein,abfrage
SVI-BLK,38,1,ceruledge-ex,Ceruledge,9,16,29,6,35.29,hydreigon-ex,Hydreigon,1,100.0,1,0,0,overall,2026-10-07T21:50:08.297005+00:00,nein,abfrage
SVI-BLK,38,1,ceruledge-ex,Ceruledge,9,16,29,6,35.29,charizard-pidgeot,Charizard Pidgeot,1,100.0,1,0,0,overall,2026-10-07T21:50:08.297005+00:00,nein,abfrage
SVI-BLK,38,1,ceruledge-ex,Ceruledge,9,16,29,6,35.29,chien-pao-noctowl,Chien-Pao Noctowl,1,0.0,0,1,0,overall,2026-10-07T21:50:08.297005+00:00,nein,abfrage
SVI-BLK,38,1,charizard-dragapult,Charizard Dragapult,5,29,15,13,58.48,gholdengo-ex,Gholdengo,9,48.15,3,2,4,overall,2026-10-07T21:50:10.057794+00:00,nein,abfrage
SVI-BLK,38,1,charizard-dragapult,Charizard Dragapult,5,29,15,13,58.48,raging-bolt-ogerpon,Raging Bolt Ogerpon,5,46.67,2,2,1,overall,2026-10-07T21:50:10.057794+00:00,nein,abfrage
SVI-BLK,38,1,charizard-dragapult,Charizard Dragapult,5,29,15,13,58.48,gardevoir-ex-sv,Gardevoir,5,40.0,2,3,0,overall,2026-10-07T21:50:10.057794+00:00,nein,abfrage
SVI-BLK,38,1,charizard-dragapult,Charizard Dragapult,5,29,15,13,58.48,dragapult-dusknoir,Dragapult Dusknoir,5,80.0,4,1,0,overall,2026-10-07T21:50:10.057794+00:00,nein,abfrage
SVI-BLK,38,1,charizard-dragapult,Charizard Dragapult,5,29,15,13,58.48,tera-box,Tera Box,4,33.33,1,2,1,overall,2026-10-07T21:50:10.057794+00:00,nein,abfrage
SVI-BLK,38,1,charizard-dragapult,Charizard Dragapult,5,29,15,13,58.48,ethan-typhlosion,Ethan's Typhlosion,4,58.33,2,1,1,overall,2026-10-07T21:50:10.057794+00:00,nein,abfrage
SVI-BLK,38,1,charizard-dragapult,Charizard Dragapult,5,29,15,13,58.48,charizard-pidgeot,Charizard Pidgeot,3,77.78,2,0,1,overall,2026-10-07T21:50:10.057794+00:00,nein,abfrage
SVI-BLK,38,1,charizard-dragapult,Charizard Dragapult,5,29,15,13,58.48,gardevoir-jellicent,Gardevoir Jellicent,3,77.78,2,0,1,overall,2026-10-07T21:50:10.057794+00:00,nein,abfrage
SVI-BLK,38,1,charizard-dragapult,Charizard Dragapult,5,29,15,13,58.48,n-zoroark,N's Zoroark,3,77.78,2,0,1,overall,2026-10-07T21:50:10.057794+00:00,nein,abfrage
SVI-BLK,38,1,charizard-dragapult,Charizard Dragapult,5,29,15,13,58.48,dragapult-charizard,Dragapult Charizard,2,50.0,1,1,0,overall,2026-10-07T21:50:10.057794+00:00,nein,abfrage
SVI-BLK,38,1,charizard-dragapult,Charizard Dragapult,5,29,15,13,58.48,dragapult-ex,Dragapult,2,66.67,1,0,1,overall,2026-10-07T21:50:10.057794+00:00,nein,abfrage
SVI-BLK,38,1,charizard-dragapult,Charizard Dragapult,5,29,15,13,58.48,joltik-box,Joltik Box,2,50.0,1,1,0,overall,2026-10-07T21:50:10.057794+00:00,nein,abfrage
SVI-BLK,38,1,charizard-dragapult,Charizard Dragapult,5,29,15,13,58.48,crustle-dri,Crustle,2,50.0,1,1,0,overall,2026-10-07T21:50:10.057794+00:00,nein,abfrage
SVI-BLK,38,1,charizard-dragapult,Charizard Dragapult,5,29,15,13,58.48,toedscruel-ex,Toedscruel,1,100.0,1,0,0,overall,2026-10-07T21:50:10.057794+00:00,nein,abfrage
SVI-BLK,38,1,charizard-dragapult,Charizard Dragapult,5,29,15,13,58.48,slowking-scr,Slowking,1,33.33,0,0,1,overall,2026-10-07T21:50:10.057794+00:00,nein,abfrage
SVI-BLK,38,1,charizard-dragapult,Charizard Dragapult,5,29,15,13,58.48,terapagos-noctowl,Terapagos Noctowl,1,100.0,1,0,0,overall,2026-10-07T21:50:10.057794+00:00,nein,abfrage
SVI-BLK,38,1,charizard-dragapult,Charizard Dragapult,5,29,15,13,58.48,blissey-ex,Blissey,1,100.0,1,0,0,overall,2026-10-07T21:50:10.057794+00:00,nein,abfrage
SVI-BLK,38,1,charizard-dragapult,Charizard Dragapult,5,29,15,13,58.48,iron-hands-magneton,Iron Hands Magneton,1,100.0,1,0,0,overall,2026-10-07T21:50:10.057794+00:00,nein,abfrage
SVI-BLK,38,1,charizard-dragapult,Charizard Dragapult,5,29,15,13,58.48,grimmsnarl-froslass,Grimmsnarl Froslass,1,100.0,1,0,0,overall,2026-10-07T21:50:10.057794+00:00,nein,abfrage
SVI-BLK,38,1,charizard-dragapult,Charizard Dragapult,5,29,15,13,58.48,gholdengo-joltik-box,Gholdengo Joltik Box,1,33.33,0,0,1,overall,2026-10-07T21:50:10.057794+00:00,nein,abfrage
SVI-BLK,38,1,charizard-dragapult,Charizard Dragapult,5,29,15,13,58.48,farigiraf-milotic,Farigiraf Milotic,1,0.0,0,1,0,overall,2026-10-07T21:50:10.057794+00:00,nein,abfrage
SVI-BLK,38,1,charizard-dusknoir,Charizard Dusknoir,12,26,36,10,40.74,dragapult-dusknoir,Dragapult Dusknoir,9,11.11,1,8,0,overall,2026-10-07T21:50:11.797509+00:00,nein,abfrage
SVI-BLK,38,1,charizard-dusknoir,Charizard Dusknoir,12,26,36,10,40.74,gardevoir-ex-sv,Gardevoir,9,44.44,4,5,0,overall,2026-10-07T21:50:11.797509+00:00,nein,abfrage
SVI-BLK,38,1,charizard-dusknoir,Charizard Dusknoir,12,26,36,10,40.74,gholdengo-ex,Gholdengo,8,54.17,4,3,1,overall,2026-10-07T21:50:11.797509+00:00,nein,abfrage
SVI-BLK,38,1,charizard-dusknoir,Charizard Dusknoir,12,26,36,10,40.74,raging-bolt-ogerpon,Raging Bolt Ogerpon,8,70.83,5,1,2,overall,2026-10-07T21:50:11.797509+00:00,nein,abfrage
SVI-BLK,38,1,charizard-dusknoir,Charizard Dusknoir,12,26,36,10,40.74,gholdengo-joltik-box,Gholdengo Joltik Box,6,16.67,1,5,0,overall,2026-10-07T21:50:11.797509+00:00,nein,abfrage
SVI-BLK,38,1,charizard-dusknoir,Charizard Dusknoir,12,26,36,10,40.74,joltik-box,Joltik Box,5,26.67,1,3,1,overall,2026-10-07T21:50:11.797509+00:00,nein,abfrage
SVI-BLK,38,1,charizard-dusknoir,Charizard Dusknoir,12,26,36,10,40.74,grimmsnarl-froslass,Grimmsnarl Froslass,4,41.67,1,1,2,overall,2026-10-07T21:50:11.797509+00:00,nein,abfrage
SVI-BLK,38,1,charizard-dusknoir,Charizard Dusknoir,12,26,36,10,40.74,tera-box,Tera Box,3,11.11,0,2,1,overall,2026-10-07T21:50:11.797509+00:00,nein,abfrage
SVI-BLK,38,1,charizard-dusknoir,Charizard Dusknoir,12,26,36,10,40.74,dragapult-charizard,Dragapult Charizard,3,66.67,2,1,0,overall,2026-10-07T21:50:11.797509+00:00,nein,abfrage
SVI-BLK,38,1,charizard-dusknoir,Charizard Dusknoir,12,26,36,10,40.74,charizard-pidgeot,Charizard Pidgeot,2,66.67,1,0,1,overall,2026-10-07T21:50:11.797509+00:00,nein,abfrage
SVI-BLK,38,1,charizard-dusknoir,Charizard Dusknoir,12,26,36,10,40.74,ethan-typhlosion,Ethan's Typhlosion,2,66.67,1,0,1,overall,2026-10-07T21:50:11.797509+00:00,nein,abfrage
SVI-BLK,38,1,charizard-dusknoir,Charizard Dusknoir,12,26,36,10,40.74,conkeldurr-twm,Conkeldurr,2,0.0,0,2,0,overall,2026-10-07T21:50:11.797509+00:00,nein,abfrage
SVI-BLK,38,1,charizard-dusknoir,Charizard Dusknoir,12,26,36,10,40.74,gardevoir-jellicent,Gardevoir Jellicent,2,0.0,0,2,0,overall,2026-10-07T21:50:11.797509+00:00,nein,abfrage
SVI-BLK,38,1,charizard-dusknoir,Charizard Dusknoir,12,26,36,10,40.74,dragapult-ex,Dragapult,1,0.0,0,1,0,overall,2026-10-07T21:50:11.797509+00:00,nein,abfrage
SVI-BLK,38,1,charizard-dusknoir,Charizard Dusknoir,12,26,36,10,40.74,other,Other,1,33.33,0,0,1,overall,2026-10-07T21:50:11.797509+00:00,nein,abfrage
SVI-BLK,38,1,charizard-dusknoir,Charizard Dusknoir,12,26,36,10,40.74,cynthia-garchomp-ex,Cynthia's Garchomp,1,100.0,1,0,0,overall,2026-10-07T21:50:11.797509+00:00,nein,abfrage
SVI-BLK,38,1,charizard-dusknoir,Charizard Dusknoir,12,26,36,10,40.74,tsareena-ex,Tsareena,1,100.0,1,0,0,overall,2026-10-07T21:50:11.797509+00:00,nein,abfrage
SVI-BLK,38,1,charizard-dusknoir,Charizard Dusknoir,12,26,36,10,40.74,ho-oh-armarouge,Ho-Oh Armarouge,1,100.0,1,0,0,overall,2026-10-07T21:50:11.797509+00:00,nein,abfrage
SVI-BLK,38,1,charizard-dusknoir,Charizard Dusknoir,12,26,36,10,40.74,n-zoroark,N's Zoroark,1,0.0,0,1,0,overall,2026-10-07T21:50:11.797509+00:00,nein,abfrage
SVI-BLK,38,1,charizard-dusknoir,Charizard Dusknoir,12,26,36,10,40.74,roaring-moon-ex,Roaring Moon,1,0.0,0,1,0,overall,2026-10-07T21:50:11.797509+00:00,nein,abfrage
SVI-BLK,38,1,charizard-dusknoir,Charizard Dusknoir,12,26,36,10,40.74,flareon-noctowl,Flareon Noctowl,1,100.0,1,0,0,overall,2026-10-07T21:50:11.797509+00:00,nein,abfrage
SVI-BLK,38,1,charizard-dusknoir,Charizard Dusknoir,12,26,36,10,40.74,dragapult-iron-thorns,Dragapult Iron Thorns,1,100.0,1,0,0,overall,2026-10-07T21:50:11.797509+00:00,nein,abfrage
SVI-BLK,38,1,charizard-ex,Charizard,1,4,4,0,50.0,raging-bolt-ogerpon,Raging Bolt Ogerpon,2,0.0,0,2,0,overall,2026-10-07T21:50:13.532973+00:00,nein,abfrage
SVI-BLK,38,1,charizard-ex,Charizard,1,4,4,0,50.0,dragapult-dusknoir,Dragapult Dusknoir,2,50.0,1,1,0,overall,2026-10-07T21:50:13.532973+00:00,nein,abfrage
SVI-BLK,38,1,charizard-ex,Charizard,1,4,4,0,50.0,gholdengo-ex,Gholdengo,2,100.0,2,0,0,overall,2026-10-07T21:50:13.532973+00:00,nein,abfrage
SVI-BLK,38,1,charizard-ex,Charizard,1,4,4,0,50.0,gholdengo-joltik-box,Gholdengo Joltik Box,1,0.0,0,1,0,overall,2026-10-07T21:50:13.532973+00:00,nein,abfrage
SVI-BLK,38,1,charizard-ex,Charizard,1,4,4,0,50.0,gardevoir-ex-sv,Gardevoir,1,100.0,1,0,0,overall,2026-10-07T21:50:13.532973+00:00,nein,abfrage
SVI-BLK,38,1,charizard-noctowl,Charizard Noctowl,7,30,26,10,50.51,gardevoir-ex-sv,Gardevoir,10,46.67,3,2,5,overall,2026-10-07T21:50:15.278130+00:00,nein,abfrage
SVI-BLK,38,1,charizard-noctowl,Charizard Noctowl,7,30,26,10,50.51,dragapult-dusknoir,Dragapult Dusknoir,9,48.15,4,4,1,overall,2026-10-07T21:50:15.278130+00:00,nein,abfrage
SVI-BLK,38,1,charizard-noctowl,Charizard Noctowl,7,30,26,10,50.51,gholdengo-ex,Gholdengo,8,62.5,5,3,0,overall,2026-10-07T21:50:15.278130+00:00,nein,abfrage
SVI-BLK,38,1,charizard-noctowl,Charizard Noctowl,7,30,26,10,50.51,raging-bolt-ogerpon,Raging Bolt Ogerpon,6,50.0,2,1,3,overall,2026-10-07T21:50:15.278130+00:00,nein,abfrage
SVI-BLK,38,1,charizard-noctowl,Charizard Noctowl,7,30,26,10,50.51,charizard-pidgeot,Charizard Pidgeot,4,58.33,2,1,1,overall,2026-10-07T21:50:15.278130+00:00,nein,abfrage
SVI-BLK,38,1,charizard-noctowl,Charizard Noctowl,7,30,26,10,50.51,flareon-noctowl,Flareon Noctowl,4,100.0,4,0,0,overall,2026-10-07T21:50:15.278130+00:00,nein,abfrage
SVI-BLK,38,1,charizard-noctowl,Charizard Noctowl,7,30,26,10,50.51,joltik-box,Joltik Box,4,25.0,1,3,0,overall,2026-10-07T21:50:15.278130+00:00,nein,abfrage
SVI-BLK,38,1,charizard-noctowl,Charizard Noctowl,7,30,26,10,50.51,dragapult-ex,Dragapult,3,33.33,1,2,0,overall,2026-10-07T21:50:15.278130+00:00,nein,abfrage
SVI-BLK,38,1,charizard-noctowl,Charizard Noctowl,7,30,26,10,50.51,gardevoir-jellicent,Gardevoir Jellicent,3,33.33,1,2,0,overall,2026-10-07T21:50:15.278130+00:00,nein,abfrage
SVI-BLK,38,1,charizard-noctowl,Charizard Noctowl,7,30,26,10,50.51,gholdengo-joltik-box,Gholdengo Joltik Box,3,100.0,3,0,0,overall,2026-10-07T21:50:15.278130+00:00,nein,abfrage
SVI-BLK,38,1,charizard-noctowl,Charizard Noctowl,7,30,26,10,50.51,grimmsnarl-froslass,Grimmsnarl Froslass,2,50.0,1,1,0,overall,2026-10-07T21:50:15.278130+00:00,nein,abfrage
SVI-BLK,38,1,charizard-noctowl,Charizard Noctowl,7,30,26,10,50.51,slowking-scr,Slowking,2,50.0,1,1,0,overall,2026-10-07T21:50:15.278130+00:00,nein,abfrage
SVI-BLK,38,1,charizard-noctowl,Charizard Noctowl,7,30,26,10,50.51,crustle-dri,Crustle,2,0.0,0,2,0,overall,2026-10-07T21:50:15.278130+00:00,nein,abfrage
SVI-BLK,38,1,charizard-noctowl,Charizard Noctowl,7,30,26,10,50.51,iron-thorns-ex,Iron Thorns,1,0.0,0,1,0,overall,2026-10-07T21:50:15.278130+00:00,nein,abfrage
SVI-BLK,38,1,charizard-noctowl,Charizard Noctowl,7,30,26,10,50.51,ho-oh-armarouge,Ho-Oh Armarouge,1,0.0,0,1,0,overall,2026-10-07T21:50:15.278130+00:00,nein,abfrage
SVI-BLK,38,1,charizard-noctowl,Charizard Noctowl,7,30,26,10,50.51,ethan-typhlosion,Ethan's Typhlosion,1,100.0,1,0,0,overall,2026-10-07T21:50:15.278130+00:00,nein,abfrage
SVI-BLK,38,1,charizard-noctowl,Charizard Noctowl,7,30,26,10,50.51,ogerpon-ex,Ogerpon,1,100.0,1,0,0,overall,2026-10-07T21:50:15.278130+00:00,nein,abfrage
SVI-BLK,38,1,charizard-noctowl,Charizard Noctowl,7,30,26,10,50.51,tera-box,Tera Box,1,0.0,0,1,0,overall,2026-10-07T21:50:15.278130+00:00,nein,abfrage
SVI-BLK,38,1,charizard-noctowl,Charizard Noctowl,7,30,26,10,50.51,hop-zacian,Hop's Zacian,1,0.0,0,1,0,overall,2026-10-07T21:50:15.278130+00:00,nein,abfrage
SVI-BLK,38,1,charizard-pidgeot,Charizard Pidgeot,110,365,390,134,46.08,dragapult-dusknoir,Dragapult Dusknoir,123,27.37,31,84,8,overall,2026-10-07T21:50:17.057934+00:00,nein,abfrage
SVI-BLK,38,1,charizard-pidgeot,Charizard Pidgeot,110,365,390,134,46.08,gholdengo-ex,Gholdengo,121,60.33,69,40,12,overall,2026-10-07T21:50:17.057934+00:00,nein,abfrage
SVI-BLK,38,1,charizard-pidgeot,Charizard Pidgeot,110,365,390,134,46.08,gardevoir-ex-sv,Gardevoir,103,55.34,51,34,18,overall,2026-10-07T21:50:17.057934+00:00,nein,abfrage
SVI-BLK,38,1,charizard-pidgeot,Charizard Pidgeot,110,365,390,134,46.08,raging-bolt-ogerpon,Raging Bolt Ogerpon,98,44.56,38,43,17,overall,2026-10-07T21:50:17.057934+00:00,nein,abfrage
SVI-BLK,38,1,charizard-pidgeot,Charizard Pidgeot,110,365,390,134,46.08,gholdengo-joltik-box,Gholdengo Joltik Box,62,43.01,24,30,8,overall,2026-10-07T21:50:17.057934+00:00,nein,abfrage
SVI-BLK,38,1,charizard-pidgeot,Charizard Pidgeot,110,365,390,134,46.08,joltik-box,Joltik Box,44,38.64,15,23,6,overall,2026-10-07T21:50:17.057934+00:00,nein,abfrage
SVI-BLK,38,1,charizard-pidgeot,Charizard Pidgeot,110,365,390,134,46.08,gardevoir-jellicent,Gardevoir Jellicent,31,43.01,10,11,10,overall,2026-10-07T21:50:17.057934+00:00,nein,abfrage
SVI-BLK,38,1,charizard-pidgeot,Charizard Pidgeot,110,365,390,134,46.08,tera-box,Tera Box,30,50.0,14,13,3,overall,2026-10-07T21:50:17.057934+00:00,nein,abfrage
SVI-BLK,38,1,charizard-pidgeot,Charizard Pidgeot,110,365,390,134,46.08,grimmsnarl-froslass,Grimmsnarl Froslass,28,35.71,8,14,6,overall,2026-10-07T21:50:17.057934+00:00,nein,abfrage
SVI-BLK,38,1,charizard-pidgeot,Charizard Pidgeot,110,365,390,134,46.08,dragapult-ex,Dragapult,23,24.64,4,14,5,overall,2026-10-07T21:50:17.057934+00:00,nein,abfrage
SVI-BLK,38,1,charizard-pidgeot,Charizard Pidgeot,110,365,390,134,46.08,flareon-noctowl,Flareon Noctowl,23,62.32,13,6,4,overall,2026-10-07T21:50:17.057934+00:00,nein,abfrage
SVI-BLK,38,1,charizard-pidgeot,Charizard Pidgeot,110,365,390,134,46.08,dragapult-charizard,Dragapult Charizard,18,44.44,7,8,3,overall,2026-10-07T21:50:17.057934+00:00,nein,abfrage
SVI-BLK,38,1,charizard-pidgeot,Charizard Pidgeot,110,365,390,134,46.08,ethan-typhlosion,Ethan's Typhlosion,16,33.33,3,6,7,overall,2026-10-07T21:50:17.057934+00:00,nein,abfrage
SVI-BLK,38,1,charizard-pidgeot,Charizard Pidgeot,110,365,390,134,46.08,ho-oh-armarouge,Ho-Oh Armarouge,15,68.89,9,2,4,overall,2026-10-07T21:50:17.057934+00:00,nein,abfrage
SVI-BLK,38,1,charizard-pidgeot,Charizard Pidgeot,110,365,390,134,46.08,n-zoroark,N's Zoroark,14,64.29,8,3,3,overall,2026-10-07T21:50:17.057934+00:00,nein,abfrage
SVI-BLK,38,1,charizard-pidgeot,Charizard Pidgeot,110,365,390,134,46.08,conkeldurr-twm,Conkeldurr,14,35.71,5,9,0,overall,2026-10-07T21:50:17.057934+00:00,nein,abfrage
SVI-BLK,38,1,charizard-pidgeot,Charizard Pidgeot,110,365,390,134,46.08,crustle-dri,Crustle,11,12.12,1,9,1,overall,2026-10-07T21:50:17.057934+00:00,nein,abfrage
SVI-BLK,38,1,charizard-pidgeot,Charizard Pidgeot,110,365,390,134,46.08,charizard-pidgeot,Charizard Pidgeot,8,50.0,8,8,0,overall,2026-10-07T21:50:17.057934+00:00,ja,abfrage
SVI-BLK,38,1,charizard-pidgeot,Charizard Pidgeot,110,365,390,134,46.08,iron-thorns-ex,Iron Thorns,7,47.62,3,3,1,overall,2026-10-07T21:50:17.057934+00:00,nein,abfrage
SVI-BLK,38,1,charizard-pidgeot,Charizard Pidgeot,110,365,390,134,46.08,other,Other,6,72.22,4,1,1,overall,2026-10-07T21:50:17.057934+00:00,nein,abfrage
SVI-BLK,38,1,charizard-pidgeot,Charizard Pidgeot,110,365,390,134,46.08,hop-zacian,Hop's Zacian,6,72.22,4,1,1,overall,2026-10-07T21:50:17.057934+00:00,nein,abfrage
SVI-BLK,38,1,charizard-pidgeot,Charizard Pidgeot,110,365,390,134,46.08,ogerpon-ex,Ogerpon,5,80.0,4,1,0,overall,2026-10-07T21:50:17.057934+00:00,nein,abfrage
SVI-BLK,38,1,charizard-pidgeot,Charizard Pidgeot,110,365,390,134,46.08,pidgeot-control,Pidgeot Control,5,60.0,2,0,3,overall,2026-10-07T21:50:17.057934+00:00,nein,abfrage
SVI-BLK,38,1,charizard-pidgeot,Charizard Pidgeot,110,365,390,134,46.08,cynthia-garchomp-ex,Cynthia's Garchomp,5,53.33,2,1,2,overall,2026-10-07T21:50:17.057934+00:00,nein,abfrage
SVI-BLK,38,1,charizard-pidgeot,Charizard Pidgeot,110,365,390,134,46.08,iron-hands-magneton,Iron Hands Magneton,4,50.0,2,2,0,overall,2026-10-07T21:50:17.057934+00:00,nein,abfrage
SVI-BLK,38,1,charizard-pidgeot,Charizard Pidgeot,110,365,390,134,46.08,charizard-noctowl,Charizard Noctowl,4,33.33,1,2,1,overall,2026-10-07T21:50:17.057934+00:00,nein,abfrage
SVI-BLK,38,1,charizard-pidgeot,Charizard Pidgeot,110,365,390,134,46.08,archaludon-ex,Archaludon,4,83.33,3,0,1,overall,2026-10-07T21:50:17.057934+00:00,nein,abfrage
SVI-BLK,38,1,charizard-pidgeot,Charizard Pidgeot,110,365,390,134,46.08,charizard-dragapult,Charizard Dragapult,3,11.11,0,2,1,overall,2026-10-07T21:50:17.057934+00:00,nein,abfrage
SVI-BLK,38,1,charizard-pidgeot,Charizard Pidgeot,110,365,390,134,46.08,toedscruel-ex,Toedscruel,3,66.67,2,1,0,overall,2026-10-07T21:50:17.057934+00:00,nein,abfrage
SVI-BLK,38,1,charizard-pidgeot,Charizard Pidgeot,110,365,390,134,46.08,slaking-ex,Slaking,3,77.78,2,0,1,overall,2026-10-07T21:50:17.057934+00:00,nein,abfrage
SVI-BLK,38,1,charizard-pidgeot,Charizard Pidgeot,110,365,390,134,46.08,poison-archaludon,Poison Archaludon,3,33.33,1,2,0,overall,2026-10-07T21:50:17.057934+00:00,nein,abfrage
SVI-BLK,38,1,charizard-pidgeot,Charizard Pidgeot,110,365,390,134,46.08,roaring-moon-ex,Roaring Moon,3,0.0,0,3,0,overall,2026-10-07T21:50:17.057934+00:00,nein,abfrage
SVI-BLK,38,1,charizard-pidgeot,Charizard Pidgeot,110,365,390,134,46.08,greninja-ex,Greninja,3,33.33,1,2,0,overall,2026-10-07T21:50:17.057934+00:00,nein,abfrage
SVI-BLK,38,1,charizard-pidgeot,Charizard Pidgeot,110,365,390,134,46.08,hydreigon-ex,Hydreigon,2,66.67,1,0,1,overall,2026-10-07T21:50:17.057934+00:00,nein,abfrage
SVI-BLK,38,1,charizard-pidgeot,Charizard Pidgeot,110,365,390,134,46.08,charizard-dusknoir,Charizard Dusknoir,2,16.67,0,1,1,overall,2026-10-07T21:50:17.057934+00:00,nein,abfrage
SVI-BLK,38,1,charizard-pidgeot,Charizard Pidgeot,110,365,390,134,46.08,gouging-fire-ex,Gouging Fire,2,50.0,1,1,0,overall,2026-10-07T21:50:17.057934+00:00,nein,abfrage
SVI-BLK,38,1,charizard-pidgeot,Charizard Pidgeot,110,365,390,134,46.08,miraidon-eelektrik,Miraidon Eelektrik,2,66.67,1,0,1,overall,2026-10-07T21:50:17.057934+00:00,nein,abfrage
SVI-BLK,38,1,charizard-pidgeot,Charizard Pidgeot,110,365,390,134,46.08,dudunsparce-control,Dudunsparce Control,2,100.0,2,0,0,overall,2026-10-07T21:50:17.057934+00:00,nein,abfrage
SVI-BLK,38,1,charizard-pidgeot,Charizard Pidgeot,110,365,390,134,46.08,slowking-scr,Slowking,2,16.67,0,1,1,overall,2026-10-07T21:50:17.057934+00:00,nein,abfrage
SVI-BLK,38,1,charizard-pidgeot,Charizard Pidgeot,110,365,390,134,46.08,iono-bellibolt,Iono's Bellibolt,2,66.67,1,0,1,overall,2026-10-07T21:50:17.057934+00:00,nein,abfrage
SVI-BLK,38,1,charizard-pidgeot,Charizard Pidgeot,110,365,390,134,46.08,wugtrio-svi,Wugtrio Mill,2,16.67,0,1,1,overall,2026-10-07T21:50:17.057934+00:00,nein,abfrage
SVI-BLK,38,1,charizard-pidgeot,Charizard Pidgeot,110,365,390,134,46.08,blissey-ex,Blissey,2,66.67,1,0,1,overall,2026-10-07T21:50:17.057934+00:00,nein,abfrage
SVI-BLK,38,1,charizard-pidgeot,Charizard Pidgeot,110,365,390,134,46.08,mamoswine-ex,Mamoswine,2,50.0,1,1,0,overall,2026-10-07T21:50:17.057934+00:00,nein,abfrage
SVI-BLK,38,1,charizard-pidgeot,Charizard Pidgeot,110,365,390,134,46.08,farigiraf-milotic,Farigiraf Milotic,1,0.0,0,1,0,overall,2026-10-07T21:50:17.057934+00:00,nein,abfrage
SVI-BLK,38,1,charizard-pidgeot,Charizard Pidgeot,110,365,390,134,46.08,hydrapple-ogerpon,Hydrapple Ogerpon,1,100.0,1,0,0,overall,2026-10-07T21:50:17.057934+00:00,nein,abfrage
SVI-BLK,38,1,charizard-pidgeot,Charizard Pidgeot,110,365,390,134,46.08,dragapult-blaziken,Dragapult Blaziken,1,100.0,1,0,0,overall,2026-10-07T21:50:17.057934+00:00,nein,abfrage
SVI-BLK,38,1,charizard-pidgeot,Charizard Pidgeot,110,365,390,134,46.08,chien-pao-baxcalibur,Chien-Pao Baxcalibur,1,100.0,1,0,0,overall,2026-10-07T21:50:17.057934+00:00,nein,abfrage
SVI-BLK,38,1,charizard-pidgeot,Charizard Pidgeot,110,365,390,134,46.08,scovillain-ex,Scovillain,1,0.0,0,1,0,overall,2026-10-07T21:50:17.057934+00:00,nein,abfrage
SVI-BLK,38,1,charizard-pidgeot,Charizard Pidgeot,110,365,390,134,46.08,koraidon-ex,Koraidon,1,0.0,0,1,0,overall,2026-10-07T21:50:17.057934+00:00,nein,abfrage
SVI-BLK,38,1,charizard-pidgeot,Charizard Pidgeot,110,365,390,134,46.08,dragapult-iron-thorns,Dragapult Iron Thorns,1,100.0,1,0,0,overall,2026-10-07T21:50:17.057934+00:00,nein,abfrage
SVI-BLK,38,1,charizard-pidgeot,Charizard Pidgeot,110,365,390,134,46.08,miraidon-ex,Miraidon,1,100.0,1,0,0,overall,2026-10-07T21:50:17.057934+00:00,nein,abfrage
SVI-BLK,38,1,charizard-pidgeot,Charizard Pidgeot,110,365,390,134,46.08,ceruledge-ex,Ceruledge,1,0.0,0,1,0,overall,2026-10-07T21:50:17.057934+00:00,nein,abfrage
SVI-BLK,38,1,charizard-pidgeot,Charizard Pidgeot,110,365,390,134,46.08,galvantula-ex,Galvantula,1,100.0,1,0,0,overall,2026-10-07T21:50:17.057934+00:00,nein,abfrage
SVI-BLK,38,1,charizard-pidgeot,Charizard Pidgeot,110,365,390,134,46.08,terapagos-noctowl,Terapagos Noctowl,1,100.0,1,0,0,overall,2026-10-07T21:50:17.057934+00:00,nein,abfrage
SVI-BLK,38,1,charizard-pidgeot,Charizard Pidgeot,110,365,390,134,46.08,froslass-munkidori,Froslass Munkidori,1,0.0,0,1,0,overall,2026-10-07T21:50:17.057934+00:00,nein,abfrage
SVI-BLK,38,1,charizard-pidgeot,Charizard Pidgeot,110,365,390,134,46.08,festival-lead,Festival Lead,1,0.0,0,1,0,overall,2026-10-07T21:50:17.057934+00:00,nein,abfrage
SVI-BLK,38,1,charizard-pidgeot,Charizard Pidgeot,110,365,390,134,46.08,palafin-ex,Palafin,1,100.0,1,0,0,overall,2026-10-07T21:50:17.057934+00:00,nein,abfrage
SVI-BLK,38,1,chien-pao-baxcalibur,Chien-Pao Baxcalibur,1,0,4,1,6.67,gholdengo-joltik-box,Gholdengo Joltik Box,1,0.0,0,1,0,overall,2026-10-07T21:50:18.799327+00:00,nein,abfrage
SVI-BLK,38,1,chien-pao-baxcalibur,Chien-Pao Baxcalibur,1,0,4,1,6.67,raging-bolt-ogerpon,Raging Bolt Ogerpon,1,33.33,0,0,1,overall,2026-10-07T21:50:18.799327+00:00,nein,abfrage
SVI-BLK,38,1,chien-pao-baxcalibur,Chien-Pao Baxcalibur,1,0,4,1,6.67,charizard-pidgeot,Charizard Pidgeot,1,0.0,0,1,0,overall,2026-10-07T21:50:18.799327+00:00,nein,abfrage
SVI-BLK,38,1,chien-pao-baxcalibur,Chien-Pao Baxcalibur,1,0,4,1,6.67,joltik-box,Joltik Box,1,0.0,0,1,0,overall,2026-10-07T21:50:18.799327+00:00,nein,abfrage
SVI-BLK,38,1,chien-pao-baxcalibur,Chien-Pao Baxcalibur,1,0,4,1,6.67,gholdengo-ex,Gholdengo,1,0.0,0,1,0,overall,2026-10-07T21:50:18.799327+00:00,nein,abfrage
SVI-BLK,38,1,chien-pao-noctowl,Chien-Pao Noctowl,2,3,8,0,27.27,gardevoir-jellicent,Gardevoir Jellicent,2,0.0,0,2,0,overall,2026-10-07T21:50:20.552367+00:00,nein,abfrage
SVI-BLK,38,1,chien-pao-noctowl,Chien-Pao Noctowl,2,3,8,0,27.27,dragapult-ex,Dragapult,1,0.0,0,1,0,overall,2026-10-07T21:50:20.552367+00:00,nein,abfrage
SVI-BLK,38,1,chien-pao-noctowl,Chien-Pao Noctowl,2,3,8,0,27.27,miraidon-ex,Miraidon,1,100.0,1,0,0,overall,2026-10-07T21:50:20.552367+00:00,nein,abfrage
SVI-BLK,38,1,chien-pao-noctowl,Chien-Pao Noctowl,2,3,8,0,27.27,tera-box,Tera Box,1,0.0,0,1,0,overall,2026-10-07T21:50:20.552367+00:00,nein,abfrage
SVI-BLK,38,1,chien-pao-noctowl,Chien-Pao Noctowl,2,3,8,0,27.27,joltik-box,Joltik Box,1,0.0,0,1,0,overall,2026-10-07T21:50:20.552367+00:00,nein,abfrage
SVI-BLK,38,1,chien-pao-noctowl,Chien-Pao Noctowl,2,3,8,0,27.27,ethan-typhlosion,Ethan's Typhlosion,1,0.0,0,1,0,overall,2026-10-07T21:50:20.552367+00:00,nein,abfrage
SVI-BLK,38,1,chien-pao-noctowl,Chien-Pao Noctowl,2,3,8,0,27.27,gardevoir-ex-sv,Gardevoir,1,100.0,1,0,0,overall,2026-10-07T21:50:20.552367+00:00,nein,abfrage
SVI-BLK,38,1,chien-pao-noctowl,Chien-Pao Noctowl,2,3,8,0,27.27,ceruledge-ex,Ceruledge,1,100.0,1,0,0,overall,2026-10-07T21:50:20.552367+00:00,nein,abfrage
SVI-BLK,38,1,chien-pao-noctowl,Chien-Pao Noctowl,2,3,8,0,27.27,dragapult-dusknoir,Dragapult Dusknoir,1,0.0,0,1,0,overall,2026-10-07T21:50:20.552367+00:00,nein,abfrage
SVI-BLK,38,1,chien-pao-noctowl,Chien-Pao Noctowl,2,3,8,0,27.27,raging-bolt-ogerpon,Raging Bolt Ogerpon,1,0.0,0,1,0,overall,2026-10-07T21:50:20.552367+00:00,nein,abfrage
SVI-BLK,38,1,conkeldurr-twm,Conkeldurr,29,138,95,47,54.88,gholdengo-ex,Gholdengo,43,77.52,31,5,7,overall,2026-10-07T21:50:22.293146+00:00,nein,abfrage
SVI-BLK,38,1,conkeldurr-twm,Conkeldurr,29,138,95,47,54.88,gardevoir-ex-sv,Gardevoir,29,28.74,6,16,7,overall,2026-10-07T21:50:22.293146+00:00,nein,abfrage
SVI-BLK,38,1,conkeldurr-twm,Conkeldurr,29,138,95,47,54.88,raging-bolt-ogerpon,Raging Bolt Ogerpon,27,65.43,16,6,5,overall,2026-10-07T21:50:22.293146+00:00,nein,abfrage
SVI-BLK,38,1,conkeldurr-twm,Conkeldurr,29,138,95,47,54.88,dragapult-dusknoir,Dragapult Dusknoir,27,37.04,9,15,3,overall,2026-10-07T21:50:22.293146+00:00,nein,abfrage
SVI-BLK,38,1,conkeldurr-twm,Conkeldurr,29,138,95,47,54.88,gholdengo-joltik-box,Gholdengo Joltik Box,18,94.44,17,1,0,overall,2026-10-07T21:50:22.293146+00:00,nein,abfrage
SVI-BLK,38,1,conkeldurr-twm,Conkeldurr,29,138,95,47,54.88,grimmsnarl-froslass,Grimmsnarl Froslass,14,30.95,3,7,4,overall,2026-10-07T21:50:22.293146+00:00,nein,abfrage
SVI-BLK,38,1,conkeldurr-twm,Conkeldurr,29,138,95,47,54.88,charizard-pidgeot,Charizard Pidgeot,14,64.29,9,5,0,overall,2026-10-07T21:50:22.293146+00:00,nein,abfrage
SVI-BLK,38,1,conkeldurr-twm,Conkeldurr,29,138,95,47,54.88,gardevoir-jellicent,Gardevoir Jellicent,13,12.82,1,10,2,overall,2026-10-07T21:50:22.293146+00:00,nein,abfrage
SVI-BLK,38,1,conkeldurr-twm,Conkeldurr,29,138,95,47,54.88,dragapult-charizard,Dragapult Charizard,12,19.44,2,9,1,overall,2026-10-07T21:50:22.293146+00:00,nein,abfrage
SVI-BLK,38,1,conkeldurr-twm,Conkeldurr,29,138,95,47,54.88,dragapult-ex,Dragapult,12,27.78,2,6,4,overall,2026-10-07T21:50:22.293146+00:00,nein,abfrage
SVI-BLK,38,1,conkeldurr-twm,Conkeldurr,29,138,95,47,54.88,tera-box,Tera Box,11,36.36,3,5,3,overall,2026-10-07T21:50:22.293146+00:00,nein,abfrage
SVI-BLK,38,1,conkeldurr-twm,Conkeldurr,29,138,95,47,54.88,flareon-noctowl,Flareon Noctowl,10,86.67,8,0,2,overall,2026-10-07T21:50:22.293146+00:00,nein,abfrage
SVI-BLK,38,1,conkeldurr-twm,Conkeldurr,29,138,95,47,54.88,joltik-box,Joltik Box,10,76.67,7,1,2,overall,2026-10-07T21:50:22.293146+00:00,nein,abfrage
SVI-BLK,38,1,conkeldurr-twm,Conkeldurr,29,138,95,47,54.88,ethan-typhlosion,Ethan's Typhlosion,9,81.48,7,1,1,overall,2026-10-07T21:50:22.293146+00:00,nein,abfrage
SVI-BLK,38,1,conkeldurr-twm,Conkeldurr,29,138,95,47,54.88,n-zoroark,N's Zoroark,6,50.0,3,3,0,overall,2026-10-07T21:50:22.293146+00:00,nein,abfrage
SVI-BLK,38,1,conkeldurr-twm,Conkeldurr,29,138,95,47,54.88,ho-oh-armarouge,Ho-Oh Armarouge,4,75.0,3,1,0,overall,2026-10-07T21:50:22.293146+00:00,nein,abfrage
SVI-BLK,38,1,conkeldurr-twm,Conkeldurr,29,138,95,47,54.88,palafin-ex,Palafin,2,33.33,0,0,2,overall,2026-10-07T21:50:22.293146+00:00,nein,abfrage
SVI-BLK,38,1,conkeldurr-twm,Conkeldurr,29,138,95,47,54.88,crustle-dri,Crustle,2,100.0,2,0,0,overall,2026-10-07T21:50:22.293146+00:00,nein,abfrage
SVI-BLK,38,1,conkeldurr-twm,Conkeldurr,29,138,95,47,54.88,charizard-dusknoir,Charizard Dusknoir,2,100.0,2,0,0,overall,2026-10-07T21:50:22.293146+00:00,nein,abfrage
SVI-BLK,38,1,conkeldurr-twm,Conkeldurr,29,138,95,47,54.88,pidgeot-control,Pidgeot Control,2,50.0,1,1,0,overall,2026-10-07T21:50:22.293146+00:00,nein,abfrage
SVI-BLK,38,1,conkeldurr-twm,Conkeldurr,29,138,95,47,54.88,dragapult-zoroark,Dragapult Zoroark,2,33.33,0,0,2,overall,2026-10-07T21:50:22.293146+00:00,nein,abfrage
SVI-BLK,38,1,conkeldurr-twm,Conkeldurr,29,138,95,47,54.88,conkeldurr-twm,Conkeldurr,2,41.67,1,1,2,overall,2026-10-07T21:50:22.293146+00:00,ja,abfrage
SVI-BLK,38,1,conkeldurr-twm,Conkeldurr,29,138,95,47,54.88,poison-archaludon,Poison Archaludon,1,100.0,1,0,0,overall,2026-10-07T21:50:22.293146+00:00,nein,abfrage
SVI-BLK,38,1,conkeldurr-twm,Conkeldurr,29,138,95,47,54.88,iron-thorns-ex,Iron Thorns,1,100.0,1,0,0,overall,2026-10-07T21:50:22.293146+00:00,nein,abfrage
SVI-BLK,38,1,conkeldurr-twm,Conkeldurr,29,138,95,47,54.88,miraidon-eelektrik,Miraidon Eelektrik,1,100.0,1,0,0,overall,2026-10-07T21:50:22.293146+00:00,nein,abfrage
SVI-BLK,38,1,conkeldurr-twm,Conkeldurr,29,138,95,47,54.88,hop-zacian,Hop's Zacian,1,0.0,0,1,0,overall,2026-10-07T21:50:22.293146+00:00,nein,abfrage
SVI-BLK,38,1,conkeldurr-twm,Conkeldurr,29,138,95,47,54.88,blissey-ex,Blissey,1,100.0,1,0,0,overall,2026-10-07T21:50:22.293146+00:00,nein,abfrage
SVI-BLK,38,1,conkeldurr-twm,Conkeldurr,29,138,95,47,54.88,roaring-moon-dudunsparce,Roaring Moon Dudunsparce,1,100.0,1,0,0,overall,2026-10-07T21:50:22.293146+00:00,nein,abfrage
SVI-BLK,38,1,crustle-dri,Crustle,27,119,98,33,52.0,dragapult-dusknoir,Dragapult Dusknoir,38,37.72,13,21,4,overall,2026-10-07T21:50:24.046025+00:00,nein,abfrage
SVI-BLK,38,1,crustle-dri,Crustle,27,119,98,33,52.0,gholdengo-ex,Gholdengo,30,65.56,18,7,5,overall,2026-10-07T21:50:24.046025+00:00,nein,abfrage
SVI-BLK,38,1,crustle-dri,Crustle,27,119,98,33,52.0,raging-bolt-ogerpon,Raging Bolt Ogerpon,26,47.44,11,11,4,overall,2026-10-07T21:50:24.046025+00:00,nein,abfrage
SVI-BLK,38,1,crustle-dri,Crustle,27,119,98,33,52.0,gardevoir-ex-sv,Gardevoir,24,9.72,1,19,4,overall,2026-10-07T21:50:24.046025+00:00,nein,abfrage
SVI-BLK,38,1,crustle-dri,Crustle,27,119,98,33,52.0,gholdengo-joltik-box,Gholdengo Joltik Box,23,88.41,19,0,4,overall,2026-10-07T21:50:24.046025+00:00,nein,abfrage
SVI-BLK,38,1,crustle-dri,Crustle,27,119,98,33,52.0,joltik-box,Joltik Box,17,58.82,9,5,3,overall,2026-10-07T21:50:24.046025+00:00,nein,abfrage
SVI-BLK,38,1,crustle-dri,Crustle,27,119,98,33,52.0,gardevoir-jellicent,Gardevoir Jellicent,12,11.11,1,10,1,overall,2026-10-07T21:50:24.046025+00:00,nein,abfrage
SVI-BLK,38,1,crustle-dri,Crustle,27,119,98,33,52.0,charizard-pidgeot,Charizard Pidgeot,11,84.85,9,1,1,overall,2026-10-07T21:50:24.046025+00:00,nein,abfrage
SVI-BLK,38,1,crustle-dri,Crustle,27,119,98,33,52.0,ethan-typhlosion,Ethan's Typhlosion,8,0.0,0,8,0,overall,2026-10-07T21:50:24.046025+00:00,nein,abfrage
SVI-BLK,38,1,crustle-dri,Crustle,27,119,98,33,52.0,grimmsnarl-froslass,Grimmsnarl Froslass,7,61.9,4,2,1,overall,2026-10-07T21:50:24.046025+00:00,nein,abfrage
SVI-BLK,38,1,crustle-dri,Crustle,27,119,98,33,52.0,flareon-noctowl,Flareon Noctowl,7,80.95,5,0,2,overall,2026-10-07T21:50:24.046025+00:00,nein,abfrage
SVI-BLK,38,1,crustle-dri,Crustle,27,119,98,33,52.0,dragapult-ex,Dragapult,5,60.0,3,2,0,overall,2026-10-07T21:50:24.046025+00:00,nein,abfrage
SVI-BLK,38,1,crustle-dri,Crustle,27,119,98,33,52.0,n-zoroark,N's Zoroark,5,80.0,4,1,0,overall,2026-10-07T21:50:24.046025+00:00,nein,abfrage
SVI-BLK,38,1,crustle-dri,Crustle,27,119,98,33,52.0,tera-box,Tera Box,5,66.67,3,1,1,overall,2026-10-07T21:50:24.046025+00:00,nein,abfrage
SVI-BLK,38,1,crustle-dri,Crustle,27,119,98,33,52.0,other,Other,2,50.0,1,1,0,overall,2026-10-07T21:50:24.046025+00:00,nein,abfrage
SVI-BLK,38,1,crustle-dri,Crustle,27,119,98,33,52.0,conkeldurr-twm,Conkeldurr,2,0.0,0,2,0,overall,2026-10-07T21:50:24.046025+00:00,nein,abfrage
SVI-BLK,38,1,crustle-dri,Crustle,27,119,98,33,52.0,roaring-moon-ex,Roaring Moon,2,50.0,1,1,0,overall,2026-10-07T21:50:24.046025+00:00,nein,abfrage
SVI-BLK,38,1,crustle-dri,Crustle,27,119,98,33,52.0,iron-hands-magneton,Iron Hands Magneton,2,100.0,2,0,0,overall,2026-10-07T21:50:24.046025+00:00,nein,abfrage
SVI-BLK,38,1,crustle-dri,Crustle,27,119,98,33,52.0,ogerpon-ex,Ogerpon,2,66.67,1,0,1,overall,2026-10-07T21:50:24.046025+00:00,nein,abfrage
SVI-BLK,38,1,crustle-dri,Crustle,27,119,98,33,52.0,cynthia-garchomp-ex,Cynthia's Garchomp,2,50.0,1,1,0,overall,2026-10-07T21:50:24.046025+00:00,nein,abfrage
SVI-BLK,38,1,crustle-dri,Crustle,27,119,98,33,52.0,poison-archaludon,Poison Archaludon,2,66.67,1,0,1,overall,2026-10-07T21:50:24.046025+00:00,nein,abfrage
SVI-BLK,38,1,crustle-dri,Crustle,27,119,98,33,52.0,charizard-noctowl,Charizard Noctowl,2,100.0,2,0,0,overall,2026-10-07T21:50:24.046025+00:00,nein,abfrage
SVI-BLK,38,1,crustle-dri,Crustle,27,119,98,33,52.0,toedscruel-ex,Toedscruel,2,100.0,2,0,0,overall,2026-10-07T21:50:24.046025+00:00,nein,abfrage
SVI-BLK,38,1,crustle-dri,Crustle,27,119,98,33,52.0,charizard-dragapult,Charizard Dragapult,2,50.0,1,1,0,overall,2026-10-07T21:50:24.046025+00:00,nein,abfrage
SVI-BLK,38,1,crustle-dri,Crustle,27,119,98,33,52.0,dragapult-blaziken,Dragapult Blaziken,1,0.0,0,1,0,overall,2026-10-07T21:50:24.046025+00:00,nein,abfrage
SVI-BLK,38,1,crustle-dri,Crustle,27,119,98,33,52.0,hydreigon-ex,Hydreigon,1,100.0,1,0,0,overall,2026-10-07T21:50:24.046025+00:00,nein,abfrage
SVI-BLK,38,1,crustle-dri,Crustle,27,119,98,33,52.0,miraidon-ex,Miraidon,1,100.0,1,0,0,overall,2026-10-07T21:50:24.046025+00:00,nein,abfrage
SVI-BLK,38,1,crustle-dri,Crustle,27,119,98,33,52.0,rocket-mewtwo-ex,Rocket's Mewtwo,1,0.0,0,1,0,overall,2026-10-07T21:50:24.046025+00:00,nein,abfrage
SVI-BLK,38,1,crustle-dri,Crustle,27,119,98,33,52.0,froslass-munkidori,Froslass Munkidori,1,33.33,0,0,1,overall,2026-10-07T21:50:24.046025+00:00,nein,abfrage
SVI-BLK,38,1,crustle-dri,Crustle,27,119,98,33,52.0,slaking-ex,Slaking,1,100.0,1,0,0,overall,2026-10-07T21:50:24.046025+00:00,nein,abfrage
SVI-BLK,38,1,crustle-dri,Crustle,27,119,98,33,52.0,pidgeot-control,Pidgeot Control,1,0.0,0,1,0,overall,2026-10-07T21:50:24.046025+00:00,nein,abfrage
SVI-BLK,38,1,crustle-dri,Crustle,27,119,98,33,52.0,dragapult-charizard,Dragapult Charizard,1,100.0,1,0,0,overall,2026-10-07T21:50:24.046025+00:00,nein,abfrage
SVI-BLK,38,1,crustle-dri,Crustle,27,119,98,33,52.0,farigiraf-milotic,Farigiraf Milotic,1,100.0,1,0,0,overall,2026-10-07T21:50:24.046025+00:00,nein,abfrage
SVI-BLK,38,1,crustle-dri,Crustle,27,119,98,33,52.0,blissey-ex,Blissey,1,100.0,1,0,0,overall,2026-10-07T21:50:24.046025+00:00,nein,abfrage
SVI-BLK,38,1,crustle-dri,Crustle,27,119,98,33,52.0,iron-thorns-ex,Iron Thorns,1,100.0,1,0,0,overall,2026-10-07T21:50:24.046025+00:00,nein,abfrage
SVI-BLK,38,1,crustle-dri,Crustle,27,119,98,33,52.0,ho-oh-armarouge,Ho-Oh Armarouge,1,0.0,0,1,0,overall,2026-10-07T21:50:24.046025+00:00,nein,abfrage
SVI-BLK,38,1,cynthia-garchomp-ex,Cynthia's Garchomp,15,41,44,23,45.06,gholdengo-ex,Gholdengo,14,61.9,8,4,2,overall,2026-10-07T21:50:25.808605+00:00,nein,abfrage
SVI-BLK,38,1,cynthia-garchomp-ex,Cynthia's Garchomp,15,41,44,23,45.06,dragapult-dusknoir,Dragapult Dusknoir,14,19.05,2,10,2,overall,2026-10-07T21:50:25.808605+00:00,nein,abfrage
SVI-BLK,38,1,cynthia-garchomp-ex,Cynthia's Garchomp,15,41,44,23,45.06,raging-bolt-ogerpon,Raging Bolt Ogerpon,11,15.15,1,8,2,overall,2026-10-07T21:50:25.808605+00:00,nein,abfrage
SVI-BLK,38,1,cynthia-garchomp-ex,Cynthia's Garchomp,15,41,44,23,45.06,gardevoir-ex-sv,Gardevoir,7,38.1,2,3,2,overall,2026-10-07T21:50:25.808605+00:00,nein,abfrage
SVI-BLK,38,1,cynthia-garchomp-ex,Cynthia's Garchomp,15,41,44,23,45.06,gholdengo-joltik-box,Gholdengo Joltik Box,7,80.95,5,0,2,overall,2026-10-07T21:50:25.808605+00:00,nein,abfrage
SVI-BLK,38,1,cynthia-garchomp-ex,Cynthia's Garchomp,15,41,44,23,45.06,grimmsnarl-froslass,Grimmsnarl Froslass,6,33.33,1,2,3,overall,2026-10-07T21:50:25.808605+00:00,nein,abfrage
SVI-BLK,38,1,cynthia-garchomp-ex,Cynthia's Garchomp,15,41,44,23,45.06,tera-box,Tera Box,5,40.0,2,3,0,overall,2026-10-07T21:50:25.808605+00:00,nein,abfrage
SVI-BLK,38,1,cynthia-garchomp-ex,Cynthia's Garchomp,15,41,44,23,45.06,charizard-pidgeot,Charizard Pidgeot,5,33.33,1,2,2,overall,2026-10-07T21:50:25.808605+00:00,nein,abfrage
SVI-BLK,38,1,cynthia-garchomp-ex,Cynthia's Garchomp,15,41,44,23,45.06,dragapult-charizard,Dragapult Charizard,4,16.67,0,2,2,overall,2026-10-07T21:50:25.808605+00:00,nein,abfrage
SVI-BLK,38,1,cynthia-garchomp-ex,Cynthia's Garchomp,15,41,44,23,45.06,joltik-box,Joltik Box,4,75.0,3,1,0,overall,2026-10-07T21:50:25.808605+00:00,nein,abfrage
SVI-BLK,38,1,cynthia-garchomp-ex,Cynthia's Garchomp,15,41,44,23,45.06,dragapult-ex,Dragapult,4,83.33,3,0,1,overall,2026-10-07T21:50:25.808605+00:00,nein,abfrage
SVI-BLK,38,1,cynthia-garchomp-ex,Cynthia's Garchomp,15,41,44,23,45.06,ethan-typhlosion,Ethan's Typhlosion,4,75.0,3,1,0,overall,2026-10-07T21:50:25.808605+00:00,nein,abfrage
SVI-BLK,38,1,cynthia-garchomp-ex,Cynthia's Garchomp,15,41,44,23,45.06,gardevoir-jellicent,Gardevoir Jellicent,3,11.11,0,2,1,overall,2026-10-07T21:50:25.808605+00:00,nein,abfrage
SVI-BLK,38,1,cynthia-garchomp-ex,Cynthia's Garchomp,15,41,44,23,45.06,iron-thorns-ex,Iron Thorns,2,100.0,2,0,0,overall,2026-10-07T21:50:25.808605+00:00,nein,abfrage
SVI-BLK,38,1,cynthia-garchomp-ex,Cynthia's Garchomp,15,41,44,23,45.06,flareon-noctowl,Flareon Noctowl,2,66.67,1,0,1,overall,2026-10-07T21:50:25.808605+00:00,nein,abfrage
SVI-BLK,38,1,cynthia-garchomp-ex,Cynthia's Garchomp,15,41,44,23,45.06,other,Other,2,0.0,0,2,0,overall,2026-10-07T21:50:25.808605+00:00,nein,abfrage
SVI-BLK,38,1,cynthia-garchomp-ex,Cynthia's Garchomp,15,41,44,23,45.06,blissey-ex,Blissey,2,66.67,1,0,1,overall,2026-10-07T21:50:25.808605+00:00,nein,abfrage
SVI-BLK,38,1,cynthia-garchomp-ex,Cynthia's Garchomp,15,41,44,23,45.06,roaring-moon-dudunsparce,Roaring Moon Dudunsparce,2,50.0,1,1,0,overall,2026-10-07T21:50:25.808605+00:00,nein,abfrage
SVI-BLK,38,1,cynthia-garchomp-ex,Cynthia's Garchomp,15,41,44,23,45.06,crustle-dri,Crustle,2,50.0,1,1,0,overall,2026-10-07T21:50:25.808605+00:00,nein,abfrage
SVI-BLK,38,1,cynthia-garchomp-ex,Cynthia's Garchomp,15,41,44,23,45.06,n-zoroark,N's Zoroark,2,66.67,1,0,1,overall,2026-10-07T21:50:25.808605+00:00,nein,abfrage
SVI-BLK,38,1,cynthia-garchomp-ex,Cynthia's Garchomp,15,41,44,23,45.06,charizard-dusknoir,Charizard Dusknoir,1,0.0,0,1,0,overall,2026-10-07T21:50:25.808605+00:00,nein,abfrage
SVI-BLK,38,1,cynthia-garchomp-ex,Cynthia's Garchomp,15,41,44,23,45.06,roaring-moon-ex,Roaring Moon,1,0.0,0,1,0,overall,2026-10-07T21:50:25.808605+00:00,nein,abfrage
SVI-BLK,38,1,cynthia-garchomp-ex,Cynthia's Garchomp,15,41,44,23,45.06,okidogi-ex,Okidogi,1,100.0,1,0,0,overall,2026-10-07T21:50:25.808605+00:00,nein,abfrage
SVI-BLK,38,1,cynthia-garchomp-ex,Cynthia's Garchomp,15,41,44,23,45.06,miraidon-ex,Miraidon,1,100.0,1,0,0,overall,2026-10-07T21:50:25.808605+00:00,nein,abfrage
SVI-BLK,38,1,cynthia-garchomp-ex,Cynthia's Garchomp,15,41,44,23,45.06,ho-oh-armarouge,Ho-Oh Armarouge,1,33.33,0,0,1,overall,2026-10-07T21:50:25.808605+00:00,nein,abfrage
SVI-BLK,38,1,cynthia-garchomp-ex,Cynthia's Garchomp,15,41,44,23,45.06,reging-bolt-bellibolt,Raging Bolt Bellibolt,1,100.0,1,0,0,overall,2026-10-07T21:50:25.808605+00:00,nein,abfrage
SVI-BLK,38,1,dragapult-blaziken,Dragapult Blaziken,4,8,13,6,37.04,raging-bolt-ogerpon,Raging Bolt Ogerpon,5,26.67,1,3,1,overall,2026-10-07T21:50:27.546844+00:00,nein,abfrage
SVI-BLK,38,1,dragapult-blaziken,Dragapult Blaziken,4,8,13,6,37.04,gholdengo-joltik-box,Gholdengo Joltik Box,4,25.0,1,3,0,overall,2026-10-07T21:50:27.546844+00:00,nein,abfrage
SVI-BLK,38,1,dragapult-blaziken,Dragapult Blaziken,4,8,13,6,37.04,gardevoir-ex-sv,Gardevoir,4,41.67,1,1,2,overall,2026-10-07T21:50:27.546844+00:00,nein,abfrage
SVI-BLK,38,1,dragapult-blaziken,Dragapult Blaziken,4,8,13,6,37.04,dragapult-dusknoir,Dragapult Dusknoir,3,66.67,2,1,0,overall,2026-10-07T21:50:27.546844+00:00,nein,abfrage
SVI-BLK,38,1,dragapult-blaziken,Dragapult Blaziken,4,8,13,6,37.04,dragapult-ex,Dragapult,2,50.0,1,1,0,overall,2026-10-07T21:50:27.546844+00:00,nein,abfrage
SVI-BLK,38,1,dragapult-blaziken,Dragapult Blaziken,4,8,13,6,37.04,tera-box,Tera Box,2,16.67,0,1,1,overall,2026-10-07T21:50:27.546844+00:00,nein,abfrage
SVI-BLK,38,1,dragapult-blaziken,Dragapult Blaziken,4,8,13,6,37.04,venomoth-froslass,Venomoth Froslass,1,100.0,1,0,0,overall,2026-10-07T21:50:27.546844+00:00,nein,abfrage
SVI-BLK,38,1,dragapult-blaziken,Dragapult Blaziken,4,8,13,6,37.04,crustle-dri,Crustle,1,100.0,1,0,0,overall,2026-10-07T21:50:27.546844+00:00,nein,abfrage
SVI-BLK,38,1,dragapult-blaziken,Dragapult Blaziken,4,8,13,6,37.04,mamoswine-ex,Mamoswine,1,0.0,0,1,0,overall,2026-10-07T21:50:27.546844+00:00,nein,abfrage
SVI-BLK,38,1,dragapult-blaziken,Dragapult Blaziken,4,8,13,6,37.04,charizard-pidgeot,Charizard Pidgeot,1,0.0,0,1,0,overall,2026-10-07T21:50:27.546844+00:00,nein,abfrage
SVI-BLK,38,1,dragapult-blaziken,Dragapult Blaziken,4,8,13,6,37.04,gardevoir-jellicent,Gardevoir Jellicent,1,0.0,0,1,0,overall,2026-10-07T21:50:27.546844+00:00,nein,abfrage
SVI-BLK,38,1,dragapult-blaziken,Dragapult Blaziken,4,8,13,6,37.04,terapagos-noctowl,Terapagos Noctowl,1,33.33,0,0,1,overall,2026-10-07T21:50:27.546844+00:00,nein,abfrage
SVI-BLK,38,1,dragapult-blaziken,Dragapult Blaziken,4,8,13,6,37.04,joltik-box,Joltik Box,1,33.33,0,0,1,overall,2026-10-07T21:50:27.546844+00:00,nein,abfrage
SVI-BLK,38,1,dragapult-charizard,Dragapult Charizard,51,152,159,73,45.92,dragapult-dusknoir,Dragapult Dusknoir,56,33.93,15,29,12,overall,2026-10-07T21:50:29.287120+00:00,nein,abfrage
SVI-BLK,38,1,dragapult-charizard,Dragapult Charizard,51,152,159,73,45.92,gholdengo-ex,Gholdengo,48,58.33,26,16,6,overall,2026-10-07T21:50:29.287120+00:00,nein,abfrage
SVI-BLK,38,1,dragapult-charizard,Dragapult Charizard,51,152,159,73,45.92,gardevoir-ex-sv,Gardevoir,47,51.06,20,15,12,overall,2026-10-07T21:50:29.287120+00:00,nein,abfrage
SVI-BLK,38,1,dragapult-charizard,Dragapult Charizard,51,152,159,73,45.92,raging-bolt-ogerpon,Raging Bolt Ogerpon,33,28.28,6,17,10,overall,2026-10-07T21:50:29.287120+00:00,nein,abfrage
SVI-BLK,38,1,dragapult-charizard,Dragapult Charizard,51,152,159,73,45.92,gholdengo-joltik-box,Gholdengo Joltik Box,29,40.23,10,14,5,overall,2026-10-07T21:50:29.287120+00:00,nein,abfrage
SVI-BLK,38,1,dragapult-charizard,Dragapult Charizard,51,152,159,73,45.92,joltik-box,Joltik Box,21,31.75,6,13,2,overall,2026-10-07T21:50:29.287120+00:00,nein,abfrage
SVI-BLK,38,1,dragapult-charizard,Dragapult Charizard,51,152,159,73,45.92,charizard-pidgeot,Charizard Pidgeot,18,50.0,8,7,3,overall,2026-10-07T21:50:29.287120+00:00,nein,abfrage
SVI-BLK,38,1,dragapult-charizard,Dragapult Charizard,51,152,159,73,45.92,tera-box,Tera Box,16,43.75,6,7,3,overall,2026-10-07T21:50:29.287120+00:00,nein,abfrage
SVI-BLK,38,1,dragapult-charizard,Dragapult Charizard,51,152,159,73,45.92,conkeldurr-twm,Conkeldurr,12,77.78,9,2,1,overall,2026-10-07T21:50:29.287120+00:00,nein,abfrage
SVI-BLK,38,1,dragapult-charizard,Dragapult Charizard,51,152,159,73,45.92,ethan-typhlosion,Ethan's Typhlosion,12,72.22,8,2,2,overall,2026-10-07T21:50:29.287120+00:00,nein,abfrage
SVI-BLK,38,1,dragapult-charizard,Dragapult Charizard,51,152,159,73,45.92,dragapult-ex,Dragapult,9,55.56,4,2,3,overall,2026-10-07T21:50:29.287120+00:00,nein,abfrage
SVI-BLK,38,1,dragapult-charizard,Dragapult Charizard,51,152,159,73,45.92,flareon-noctowl,Flareon Noctowl,9,37.04,3,5,1,overall,2026-10-07T21:50:29.287120+00:00,nein,abfrage
SVI-BLK,38,1,dragapult-charizard,Dragapult Charizard,51,152,159,73,45.92,grimmsnarl-froslass,Grimmsnarl Froslass,8,41.67,3,4,1,overall,2026-10-07T21:50:29.287120+00:00,nein,abfrage
SVI-BLK,38,1,dragapult-charizard,Dragapult Charizard,51,152,159,73,45.92,gardevoir-jellicent,Gardevoir Jellicent,7,19.05,1,5,1,overall,2026-10-07T21:50:29.287120+00:00,nein,abfrage
SVI-BLK,38,1,dragapult-charizard,Dragapult Charizard,51,152,159,73,45.92,n-zoroark,N's Zoroark,5,66.67,3,1,1,overall,2026-10-07T21:50:29.287120+00:00,nein,abfrage
SVI-BLK,38,1,dragapult-charizard,Dragapult Charizard,51,152,159,73,45.92,dragapult-charizard,Dragapult Charizard,4,45.83,3,3,2,overall,2026-10-07T21:50:29.287120+00:00,ja,abfrage
SVI-BLK,38,1,dragapult-charizard,Dragapult Charizard,51,152,159,73,45.92,iron-thorns-ex,Iron Thorns,4,83.33,3,0,1,overall,2026-10-07T21:50:29.287120+00:00,nein,abfrage
SVI-BLK,38,1,dragapult-charizard,Dragapult Charizard,51,152,159,73,45.92,cynthia-garchomp-ex,Cynthia's Garchomp,4,66.67,2,0,2,overall,2026-10-07T21:50:29.287120+00:00,nein,abfrage
SVI-BLK,38,1,dragapult-charizard,Dragapult Charizard,51,152,159,73,45.92,roaring-moon-ex,Roaring Moon,3,33.33,1,2,0,overall,2026-10-07T21:50:29.287120+00:00,nein,abfrage
SVI-BLK,38,1,dragapult-charizard,Dragapult Charizard,51,152,159,73,45.92,iron-hands-magneton,Iron Hands Magneton,3,66.67,2,1,0,overall,2026-10-07T21:50:29.287120+00:00,nein,abfrage
SVI-BLK,38,1,dragapult-charizard,Dragapult Charizard,51,152,159,73,45.92,charizard-dusknoir,Charizard Dusknoir,3,33.33,1,2,0,overall,2026-10-07T21:50:29.287120+00:00,nein,abfrage
SVI-BLK,38,1,dragapult-charizard,Dragapult Charizard,51,152,159,73,45.92,toedscruel-ex,Toedscruel,3,66.67,2,1,0,overall,2026-10-07T21:50:29.287120+00:00,nein,abfrage
SVI-BLK,38,1,dragapult-charizard,Dragapult Charizard,51,152,159,73,45.92,hop-zacian,Hop's Zacian,2,66.67,1,0,1,overall,2026-10-07T21:50:29.287120+00:00,nein,abfrage
SVI-BLK,38,1,dragapult-charizard,Dragapult Charizard,51,152,159,73,45.92,pidgeot-control,Pidgeot Control,2,66.67,1,0,1,overall,2026-10-07T21:50:29.287120+00:00,nein,abfrage
SVI-BLK,38,1,dragapult-charizard,Dragapult Charizard,51,152,159,73,45.92,greninja-ex,Greninja,2,50.0,1,1,0,overall,2026-10-07T21:50:29.287120+00:00,nein,abfrage
SVI-BLK,38,1,dragapult-charizard,Dragapult Charizard,51,152,159,73,45.92,charizard-dragapult,Charizard Dragapult,2,50.0,1,1,0,overall,2026-10-07T21:50:29.287120+00:00,nein,abfrage
SVI-BLK,38,1,dragapult-charizard,Dragapult Charizard,51,152,159,73,45.92,other,Other,2,50.0,1,1,0,overall,2026-10-07T21:50:29.287120+00:00,nein,abfrage
SVI-BLK,38,1,dragapult-charizard,Dragapult Charizard,51,152,159,73,45.92,poison-archaludon,Poison Archaludon,2,0.0,0,2,0,overall,2026-10-07T21:50:29.287120+00:00,nein,abfrage
SVI-BLK,38,1,dragapult-charizard,Dragapult Charizard,51,152,159,73,45.92,hydreigon-ex,Hydreigon,1,0.0,0,1,0,overall,2026-10-07T21:50:29.287120+00:00,nein,abfrage
SVI-BLK,38,1,dragapult-charizard,Dragapult Charizard,51,152,159,73,45.92,miraidon-eelektrik,Miraidon Eelektrik,1,100.0,1,0,0,overall,2026-10-07T21:50:29.287120+00:00,nein,abfrage
SVI-BLK,38,1,dragapult-charizard,Dragapult Charizard,51,152,159,73,45.92,iono-bellibolt,Iono's Bellibolt,1,33.33,0,0,1,overall,2026-10-07T21:50:29.287120+00:00,nein,abfrage
SVI-BLK,38,1,dragapult-charizard,Dragapult Charizard,51,152,159,73,45.92,archaludon-ex,Archaludon,1,33.33,0,0,1,overall,2026-10-07T21:50:29.287120+00:00,nein,abfrage
SVI-BLK,38,1,dragapult-charizard,Dragapult Charizard,51,152,159,73,45.92,terapagos-noctowl,Terapagos Noctowl,1,100.0,1,0,0,overall,2026-10-07T21:50:29.287120+00:00,nein,abfrage
SVI-BLK,38,1,dragapult-charizard,Dragapult Charizard,51,152,159,73,45.92,blissey-ex,Blissey,1,33.33,0,0,1,overall,2026-10-07T21:50:29.287120+00:00,nein,abfrage
SVI-BLK,38,1,dragapult-charizard,Dragapult Charizard,51,152,159,73,45.92,festival-lead,Festival Lead,1,0.0,0,1,0,overall,2026-10-07T21:50:29.287120+00:00,nein,abfrage
SVI-BLK,38,1,dragapult-charizard,Dragapult Charizard,51,152,159,73,45.92,dudunsparce-control,Dudunsparce Control,1,0.0,0,1,0,overall,2026-10-07T21:50:29.287120+00:00,nein,abfrage
SVI-BLK,38,1,dragapult-charizard,Dragapult Charizard,51,152,159,73,45.92,slowking-scr,Slowking,1,100.0,1,0,0,overall,2026-10-07T21:50:29.287120+00:00,nein,abfrage
SVI-BLK,38,1,dragapult-charizard,Dragapult Charizard,51,152,159,73,45.92,dragapult-zoroark,Dragapult Zoroark,1,0.0,0,1,0,overall,2026-10-07T21:50:29.287120+00:00,nein,abfrage
SVI-BLK,38,1,dragapult-charizard,Dragapult Charizard,51,152,159,73,45.92,ogerpon-ex,Ogerpon,1,100.0,1,0,0,overall,2026-10-07T21:50:29.287120+00:00,nein,abfrage
SVI-BLK,38,1,dragapult-charizard,Dragapult Charizard,51,152,159,73,45.92,crustle-dri,Crustle,1,0.0,0,1,0,overall,2026-10-07T21:50:29.287120+00:00,nein,abfrage
SVI-BLK,38,1,dragapult-charizard,Dragapult Charizard,51,152,159,73,45.92,ho-oh-armarouge,Ho-Oh Armarouge,1,0.0,0,1,0,overall,2026-10-07T21:50:29.287120+00:00,nein,abfrage
SVI-BLK,38,1,dragapult-charizard,Dragapult Charizard,51,152,159,73,45.92,united-wings,United Wings,1,100.0,1,0,0,overall,2026-10-07T21:50:29.287120+00:00,nein,abfrage
SVI-BLK,38,1,dragapult-dusknoir,Dragapult Dusknoir,398,1400,1425,366,47.7,gholdengo-ex,Gholdengo,429,40.71,156,217,56,overall,2026-10-07T21:50:31.067223+00:00,nein,abfrage
SVI-BLK,38,1,dragapult-dusknoir,Dragapult Dusknoir,398,1400,1425,366,47.7,gardevoir-ex-sv,Gardevoir,361,39.43,123,180,58,overall,2026-10-07T21:50:31.067223+00:00,nein,abfrage
SVI-BLK,38,1,dragapult-dusknoir,Dragapult Dusknoir,398,1400,1425,366,47.7,raging-bolt-ogerpon,Raging Bolt Ogerpon,301,49.94,136,122,43,overall,2026-10-07T21:50:31.067223+00:00,nein,abfrage
SVI-BLK,38,1,dragapult-dusknoir,Dragapult Dusknoir,398,1400,1425,366,47.7,gholdengo-joltik-box,Gholdengo Joltik Box,232,51.01,112,101,19,overall,2026-10-07T21:50:31.067223+00:00,nein,abfrage
SVI-BLK,38,1,dragapult-dusknoir,Dragapult Dusknoir,398,1400,1425,366,47.7,dragapult-dusknoir,Dragapult Dusknoir,225,49.11,213,213,24,overall,2026-10-07T21:50:31.067223+00:00,ja,abfrage
SVI-BLK,38,1,dragapult-dusknoir,Dragapult Dusknoir,398,1400,1425,366,47.7,joltik-box,Joltik Box,150,41.56,60,83,7,overall,2026-10-07T21:50:31.067223+00:00,nein,abfrage
SVI-BLK,38,1,dragapult-dusknoir,Dragapult Dusknoir,398,1400,1425,366,47.7,gardevoir-jellicent,Gardevoir Jellicent,130,31.79,37,80,13,overall,2026-10-07T21:50:31.067223+00:00,nein,abfrage
SVI-BLK,38,1,dragapult-dusknoir,Dragapult Dusknoir,398,1400,1425,366,47.7,charizard-pidgeot,Charizard Pidgeot,123,70.46,84,31,8,overall,2026-10-07T21:50:31.067223+00:00,nein,abfrage
SVI-BLK,38,1,dragapult-dusknoir,Dragapult Dusknoir,398,1400,1425,366,47.7,tera-box,Tera Box,120,41.11,42,56,22,overall,2026-10-07T21:50:31.067223+00:00,nein,abfrage
SVI-BLK,38,1,dragapult-dusknoir,Dragapult Dusknoir,398,1400,1425,366,47.7,grimmsnarl-froslass,Grimmsnarl Froslass,104,38.46,34,52,18,overall,2026-10-07T21:50:31.067223+00:00,nein,abfrage
SVI-BLK,38,1,dragapult-dusknoir,Dragapult Dusknoir,398,1400,1425,366,47.7,flareon-noctowl,Flareon Noctowl,96,48.26,43,43,10,overall,2026-10-07T21:50:31.067223+00:00,nein,abfrage
SVI-BLK,38,1,dragapult-dusknoir,Dragapult Dusknoir,398,1400,1425,366,47.7,n-zoroark,N's Zoroark,68,47.55,29,29,10,overall,2026-10-07T21:50:31.067223+00:00,nein,abfrage
SVI-BLK,38,1,dragapult-dusknoir,Dragapult Dusknoir,398,1400,1425,366,47.7,dragapult-ex,Dragapult,66,39.9,24,35,7,overall,2026-10-07T21:50:31.067223+00:00,nein,abfrage
SVI-BLK,38,1,dragapult-dusknoir,Dragapult Dusknoir,398,1400,1425,366,47.7,dragapult-charizard,Dragapult Charizard,56,58.93,29,15,12,overall,2026-10-07T21:50:31.067223+00:00,nein,abfrage
SVI-BLK,38,1,dragapult-dusknoir,Dragapult Dusknoir,398,1400,1425,366,47.7,ethan-typhlosion,Ethan's Typhlosion,51,75.82,37,9,5,overall,2026-10-07T21:50:31.067223+00:00,nein,abfrage
SVI-BLK,38,1,dragapult-dusknoir,Dragapult Dusknoir,398,1400,1425,366,47.7,crustle-dri,Crustle,38,58.77,21,13,4,overall,2026-10-07T21:50:31.067223+00:00,nein,abfrage
SVI-BLK,38,1,dragapult-dusknoir,Dragapult Dusknoir,398,1400,1425,366,47.7,ho-oh-armarouge,Ho-Oh Armarouge,37,52.25,18,15,4,overall,2026-10-07T21:50:31.067223+00:00,nein,abfrage
SVI-BLK,38,1,dragapult-dusknoir,Dragapult Dusknoir,398,1400,1425,366,47.7,conkeldurr-twm,Conkeldurr,27,59.26,15,9,3,overall,2026-10-07T21:50:31.067223+00:00,nein,abfrage
SVI-BLK,38,1,dragapult-dusknoir,Dragapult Dusknoir,398,1400,1425,366,47.7,blissey-ex,Blissey,23,55.07,11,7,5,overall,2026-10-07T21:50:31.067223+00:00,nein,abfrage
SVI-BLK,38,1,dragapult-dusknoir,Dragapult Dusknoir,398,1400,1425,366,47.7,iron-thorns-ex,Iron Thorns,21,74.6,15,4,2,overall,2026-10-07T21:50:31.067223+00:00,nein,abfrage
SVI-BLK,38,1,dragapult-dusknoir,Dragapult Dusknoir,398,1400,1425,366,47.7,other,Other,21,57.14,11,7,3,overall,2026-10-07T21:50:31.067223+00:00,nein,abfrage
SVI-BLK,38,1,dragapult-dusknoir,Dragapult Dusknoir,398,1400,1425,366,47.7,ogerpon-ex,Ogerpon,19,50.88,9,8,2,overall,2026-10-07T21:50:31.067223+00:00,nein,abfrage
SVI-BLK,38,1,dragapult-dusknoir,Dragapult Dusknoir,398,1400,1425,366,47.7,iron-hands-magneton,Iron Hands Magneton,17,37.25,6,10,1,overall,2026-10-07T21:50:31.067223+00:00,nein,abfrage
SVI-BLK,38,1,dragapult-dusknoir,Dragapult Dusknoir,398,1400,1425,366,47.7,toedscruel-ex,Toedscruel,16,70.83,11,4,1,overall,2026-10-07T21:50:31.067223+00:00,nein,abfrage
SVI-BLK,38,1,dragapult-dusknoir,Dragapult Dusknoir,398,1400,1425,366,47.7,cynthia-garchomp-ex,Cynthia's Garchomp,14,76.19,10,2,2,overall,2026-10-07T21:50:31.067223+00:00,nein,abfrage
SVI-BLK,38,1,dragapult-dusknoir,Dragapult Dusknoir,398,1400,1425,366,47.7,hydreigon-ex,Hydreigon,13,71.79,9,3,1,overall,2026-10-07T21:50:31.067223+00:00,nein,abfrage
SVI-BLK,38,1,dragapult-dusknoir,Dragapult Dusknoir,398,1400,1425,366,47.7,roaring-moon-ex,Roaring Moon,13,38.46,4,6,3,overall,2026-10-07T21:50:31.067223+00:00,nein,abfrage
SVI-BLK,38,1,dragapult-dusknoir,Dragapult Dusknoir,398,1400,1425,366,47.7,pidgeot-control,Pidgeot Control,10,43.33,3,3,4,overall,2026-10-07T21:50:31.067223+00:00,nein,abfrage
SVI-BLK,38,1,dragapult-dusknoir,Dragapult Dusknoir,398,1400,1425,366,47.7,poison-archaludon,Poison Archaludon,9,29.63,2,5,2,overall,2026-10-07T21:50:31.067223+00:00,nein,abfrage
SVI-BLK,38,1,dragapult-dusknoir,Dragapult Dusknoir,398,1400,1425,366,47.7,farigiraf-milotic,Farigiraf Milotic,9,55.56,4,2,3,overall,2026-10-07T21:50:31.067223+00:00,nein,abfrage
SVI-BLK,38,1,dragapult-dusknoir,Dragapult Dusknoir,398,1400,1425,366,47.7,archaludon-ex,Archaludon,9,37.04,3,5,1,overall,2026-10-07T21:50:31.067223+00:00,nein,abfrage
SVI-BLK,38,1,dragapult-dusknoir,Dragapult Dusknoir,398,1400,1425,366,47.7,charizard-dusknoir,Charizard Dusknoir,9,88.89,8,1,0,overall,2026-10-07T21:50:31.067223+00:00,nein,abfrage
SVI-BLK,38,1,dragapult-dusknoir,Dragapult Dusknoir,398,1400,1425,366,47.7,charizard-noctowl,Charizard Noctowl,9,48.15,4,4,1,overall,2026-10-07T21:50:31.067223+00:00,nein,abfrage
SVI-BLK,38,1,dragapult-dusknoir,Dragapult Dusknoir,398,1400,1425,366,47.7,roaring-moon-dudunsparce,Roaring Moon Dudunsparce,7,80.95,5,0,2,overall,2026-10-07T21:50:31.067223+00:00,nein,abfrage
SVI-BLK,38,1,dragapult-dusknoir,Dragapult Dusknoir,398,1400,1425,366,47.7,ceruledge-ex,Ceruledge,7,57.14,4,3,0,overall,2026-10-07T21:50:31.067223+00:00,nein,abfrage
SVI-BLK,38,1,dragapult-dusknoir,Dragapult Dusknoir,398,1400,1425,366,47.7,dudunsparce-control,Dudunsparce Control,7,66.67,4,1,2,overall,2026-10-07T21:50:31.067223+00:00,nein,abfrage
SVI-BLK,38,1,dragapult-dusknoir,Dragapult Dusknoir,398,1400,1425,366,47.7,hop-zacian,Hop's Zacian,6,66.67,4,2,0,overall,2026-10-07T21:50:31.067223+00:00,nein,abfrage
SVI-BLK,38,1,dragapult-dusknoir,Dragapult Dusknoir,398,1400,1425,366,47.7,miraidon-eelektrik,Miraidon Eelektrik,6,50.0,3,3,0,overall,2026-10-07T21:50:31.067223+00:00,nein,abfrage
SVI-BLK,38,1,dragapult-dusknoir,Dragapult Dusknoir,398,1400,1425,366,47.7,greninja-ex,Greninja,5,80.0,4,1,0,overall,2026-10-07T21:50:31.067223+00:00,nein,abfrage
SVI-BLK,38,1,dragapult-dusknoir,Dragapult Dusknoir,398,1400,1425,366,47.7,froslass-munkidori,Froslass Munkidori,5,40.0,2,3,0,overall,2026-10-07T21:50:31.067223+00:00,nein,abfrage
SVI-BLK,38,1,dragapult-dusknoir,Dragapult Dusknoir,398,1400,1425,366,47.7,ethan-magcargo,Ethan's Magcargo,5,60.0,3,2,0,overall,2026-10-07T21:50:31.067223+00:00,nein,abfrage
SVI-BLK,38,1,dragapult-dusknoir,Dragapult Dusknoir,398,1400,1425,366,47.7,charizard-dragapult,Charizard Dragapult,5,20.0,1,4,0,overall,2026-10-07T21:50:31.067223+00:00,nein,abfrage
SVI-BLK,38,1,dragapult-dusknoir,Dragapult Dusknoir,398,1400,1425,366,47.7,miraidon-ex,Miraidon,4,25.0,1,3,0,overall,2026-10-07T21:50:31.067223+00:00,nein,abfrage
SVI-BLK,38,1,dragapult-dusknoir,Dragapult Dusknoir,398,1400,1425,366,47.7,slaking-ex,Slaking,4,58.33,2,1,1,overall,2026-10-07T21:50:31.067223+00:00,nein,abfrage
SVI-BLK,38,1,dragapult-dusknoir,Dragapult Dusknoir,398,1400,1425,366,47.7,marnie-grimmsnarl-ex,Marnie's Grimmsnarl,4,50.0,2,2,0,overall,2026-10-07T21:50:31.067223+00:00,nein,abfrage
SVI-BLK,38,1,dragapult-dusknoir,Dragapult Dusknoir,398,1400,1425,366,47.7,hydrapple-ogerpon,Hydrapple Ogerpon,4,100.0,4,0,0,overall,2026-10-07T21:50:31.067223+00:00,nein,abfrage
SVI-BLK,38,1,dragapult-dusknoir,Dragapult Dusknoir,398,1400,1425,366,47.7,slowking-scr,Slowking,4,100.0,4,0,0,overall,2026-10-07T21:50:31.067223+00:00,nein,abfrage
SVI-BLK,38,1,dragapult-dusknoir,Dragapult Dusknoir,398,1400,1425,366,47.7,dragapult-blaziken,Dragapult Blaziken,3,33.33,1,2,0,overall,2026-10-07T21:50:31.067223+00:00,nein,abfrage
SVI-BLK,38,1,dragapult-dusknoir,Dragapult Dusknoir,398,1400,1425,366,47.7,gholdengo-dudunsparce,Gholdengo Dudunsparce,3,11.11,0,2,1,overall,2026-10-07T21:50:31.067223+00:00,nein,abfrage
SVI-BLK,38,1,dragapult-dusknoir,Dragapult Dusknoir,398,1400,1425,366,47.7,mamoswine-ex,Mamoswine,3,77.78,2,0,1,overall,2026-10-07T21:50:31.067223+00:00,nein,abfrage
SVI-BLK,38,1,dragapult-dusknoir,Dragapult Dusknoir,398,1400,1425,366,47.7,terapagos-noctowl,Terapagos Noctowl,3,33.33,1,2,0,overall,2026-10-07T21:50:31.067223+00:00,nein,abfrage
SVI-BLK,38,1,dragapult-dusknoir,Dragapult Dusknoir,398,1400,1425,366,47.7,greninja-blaziken,Greninja Blaziken,3,66.67,2,1,0,overall,2026-10-07T21:50:31.067223+00:00,nein,abfrage
SVI-BLK,38,1,dragapult-dusknoir,Dragapult Dusknoir,398,1400,1425,366,47.7,sinistcha-ogerpon,Sinistcha Ogerpon,3,100.0,3,0,0,overall,2026-10-07T21:50:31.067223+00:00,nein,abfrage
SVI-BLK,38,1,dragapult-dusknoir,Dragapult Dusknoir,398,1400,1425,366,47.7,scovillain-ex,Scovillain,3,66.67,2,1,0,overall,2026-10-07T21:50:31.067223+00:00,nein,abfrage
SVI-BLK,38,1,dragapult-dusknoir,Dragapult Dusknoir,398,1400,1425,366,47.7,reging-bolt-bellibolt,Raging Bolt Bellibolt,3,33.33,1,2,0,overall,2026-10-07T21:50:31.067223+00:00,nein,abfrage
SVI-BLK,38,1,dragapult-dusknoir,Dragapult Dusknoir,398,1400,1425,366,47.7,wugtrio-svi,Wugtrio Mill,3,100.0,3,0,0,overall,2026-10-07T21:50:31.067223+00:00,nein,abfrage
SVI-BLK,38,1,dragapult-dusknoir,Dragapult Dusknoir,398,1400,1425,366,47.7,yanmega-ex,Yanmega,2,50.0,1,1,0,overall,2026-10-07T21:50:31.067223+00:00,nein,abfrage
SVI-BLK,38,1,dragapult-dusknoir,Dragapult Dusknoir,398,1400,1425,366,47.7,rocket-spidops,Rocket's Spidops,2,0.0,0,2,0,overall,2026-10-07T21:50:31.067223+00:00,nein,abfrage
SVI-BLK,38,1,dragapult-dusknoir,Dragapult Dusknoir,398,1400,1425,366,47.7,festival-lead,Festival Lead,2,100.0,2,0,0,overall,2026-10-07T21:50:31.067223+00:00,nein,abfrage
SVI-BLK,38,1,dragapult-dusknoir,Dragapult Dusknoir,398,1400,1425,366,47.7,dragapult-zoroark,Dragapult Zoroark,2,16.67,0,1,1,overall,2026-10-07T21:50:31.067223+00:00,nein,abfrage
SVI-BLK,38,1,dragapult-dusknoir,Dragapult Dusknoir,398,1400,1425,366,47.7,rocket-porygon-z,Rocket's Porygon-Z,2,100.0,2,0,0,overall,2026-10-07T21:50:31.067223+00:00,nein,abfrage
SVI-BLK,38,1,dragapult-dusknoir,Dragapult Dusknoir,398,1400,1425,366,47.7,charizard-ex,Charizard,2,50.0,1,1,0,overall,2026-10-07T21:50:31.067223+00:00,nein,abfrage
SVI-BLK,38,1,dragapult-dusknoir,Dragapult Dusknoir,398,1400,1425,366,47.7,rocket-mewtwo-ex,Rocket's Mewtwo,2,100.0,2,0,0,overall,2026-10-07T21:50:31.067223+00:00,nein,abfrage
SVI-BLK,38,1,dragapult-dusknoir,Dragapult Dusknoir,398,1400,1425,366,47.7,flygon-ex-ssp,Flygon,2,50.0,1,1,0,overall,2026-10-07T21:50:31.067223+00:00,nein,abfrage
SVI-BLK,38,1,dragapult-dusknoir,Dragapult Dusknoir,398,1400,1425,366,47.7,gholdengo-dragapult,Gholdengo Dragapult,2,33.33,0,0,2,overall,2026-10-07T21:50:31.067223+00:00,nein,abfrage
SVI-BLK,38,1,dragapult-dusknoir,Dragapult Dusknoir,398,1400,1425,366,47.7,tsareena-ex,Tsareena,1,100.0,1,0,0,overall,2026-10-07T21:50:31.067223+00:00,nein,abfrage
SVI-BLK,38,1,dragapult-dusknoir,Dragapult Dusknoir,398,1400,1425,366,47.7,misty-gyarados,Misty's Gyarados,1,100.0,1,0,0,overall,2026-10-07T21:50:31.067223+00:00,nein,abfrage
SVI-BLK,38,1,dragapult-dusknoir,Dragapult Dusknoir,398,1400,1425,366,47.7,koraidon-ex,Koraidon,1,100.0,1,0,0,overall,2026-10-07T21:50:31.067223+00:00,nein,abfrage
SVI-BLK,38,1,dragapult-dusknoir,Dragapult Dusknoir,398,1400,1425,366,47.7,okidogi-ex,Okidogi,1,100.0,1,0,0,overall,2026-10-07T21:50:31.067223+00:00,nein,abfrage
SVI-BLK,38,1,dragapult-dusknoir,Dragapult Dusknoir,398,1400,1425,366,47.7,dragapult-iron-thorns,Dragapult Iron Thorns,1,0.0,0,1,0,overall,2026-10-07T21:50:31.067223+00:00,nein,abfrage
SVI-BLK,38,1,dragapult-dusknoir,Dragapult Dusknoir,398,1400,1425,366,47.7,scizor-ex,Scizor,1,100.0,1,0,0,overall,2026-10-07T21:50:31.067223+00:00,nein,abfrage
SVI-BLK,38,1,dragapult-dusknoir,Dragapult Dusknoir,398,1400,1425,366,47.7,dragapult-pidgeot,Dragapult Pidgeot,1,33.33,0,0,1,overall,2026-10-07T21:50:31.067223+00:00,nein,abfrage
SVI-BLK,38,1,dragapult-dusknoir,Dragapult Dusknoir,398,1400,1425,366,47.7,future-box,Future Box,1,100.0,1,0,0,overall,2026-10-07T21:50:31.067223+00:00,nein,abfrage
SVI-BLK,38,1,dragapult-dusknoir,Dragapult Dusknoir,398,1400,1425,366,47.7,alakazam-ex,Alakazam,1,33.33,0,0,1,overall,2026-10-07T21:50:31.067223+00:00,nein,abfrage
SVI-BLK,38,1,dragapult-dusknoir,Dragapult Dusknoir,398,1400,1425,366,47.7,iono-bellibolt,Iono's Bellibolt,1,100.0,1,0,0,overall,2026-10-07T21:50:31.067223+00:00,nein,abfrage
SVI-BLK,38,1,dragapult-dusknoir,Dragapult Dusknoir,398,1400,1425,366,47.7,chien-pao-noctowl,Chien-Pao Noctowl,1,100.0,1,0,0,overall,2026-10-07T21:50:31.067223+00:00,nein,abfrage
SVI-BLK,38,1,dragapult-dusknoir,Dragapult Dusknoir,398,1400,1425,366,47.7,blaziken-ex-jtg,Blaziken,1,0.0,0,1,0,overall,2026-10-07T21:50:31.067223+00:00,nein,abfrage
SVI-BLK,38,1,dragapult-dusknoir,Dragapult Dusknoir,398,1400,1425,366,47.7,iron-valiant-ex,Iron Valiant,1,100.0,1,0,0,overall,2026-10-07T21:50:31.067223+00:00,nein,abfrage
SVI-BLK,38,1,dragapult-ex,Dragapult,58,235,201,73,50.95,dragapult-dusknoir,Dragapult Dusknoir,66,56.57,35,24,7,overall,2026-10-07T21:50:32.815540+00:00,nein,abfrage
SVI-BLK,38,1,dragapult-ex,Dragapult,58,235,201,73,50.95,gardevoir-ex-sv,Gardevoir,60,29.44,15,37,8,overall,2026-10-07T21:50:32.815540+00:00,nein,abfrage
SVI-BLK,38,1,dragapult-ex,Dragapult,58,235,201,73,50.95,raging-bolt-ogerpon,Raging Bolt Ogerpon,57,54.39,28,20,9,overall,2026-10-07T21:50:32.815540+00:00,nein,abfrage
SVI-BLK,38,1,dragapult-ex,Dragapult,58,235,201,73,50.95,gholdengo-ex,Gholdengo,56,67.26,36,15,5,overall,2026-10-07T21:50:32.815540+00:00,nein,abfrage
SVI-BLK,38,1,dragapult-ex,Dragapult,58,235,201,73,50.95,gholdengo-joltik-box,Gholdengo Joltik Box,35,47.62,16,17,2,overall,2026-10-07T21:50:32.815540+00:00,nein,abfrage
SVI-BLK,38,1,dragapult-ex,Dragapult,58,235,201,73,50.95,grimmsnarl-froslass,Grimmsnarl Froslass,24,51.39,10,7,7,overall,2026-10-07T21:50:32.815540+00:00,nein,abfrage
SVI-BLK,38,1,dragapult-ex,Dragapult,58,235,201,73,50.95,flareon-noctowl,Flareon Noctowl,24,65.28,14,5,5,overall,2026-10-07T21:50:32.815540+00:00,nein,abfrage
SVI-BLK,38,1,dragapult-ex,Dragapult,58,235,201,73,50.95,charizard-pidgeot,Charizard Pidgeot,23,68.12,14,4,5,overall,2026-10-07T21:50:32.815540+00:00,nein,abfrage
SVI-BLK,38,1,dragapult-ex,Dragapult,58,235,201,73,50.95,joltik-box,Joltik Box,22,42.42,9,12,1,overall,2026-10-07T21:50:32.815540+00:00,nein,abfrage
SVI-BLK,38,1,dragapult-ex,Dragapult,58,235,201,73,50.95,tera-box,Tera Box,17,33.33,5,10,2,overall,2026-10-07T21:50:32.815540+00:00,nein,abfrage
SVI-BLK,38,1,dragapult-ex,Dragapult,58,235,201,73,50.95,gardevoir-jellicent,Gardevoir Jellicent,16,37.5,5,8,3,overall,2026-10-07T21:50:32.815540+00:00,nein,abfrage
SVI-BLK,38,1,dragapult-ex,Dragapult,58,235,201,73,50.95,conkeldurr-twm,Conkeldurr,12,61.11,6,2,4,overall,2026-10-07T21:50:32.815540+00:00,nein,abfrage
SVI-BLK,38,1,dragapult-ex,Dragapult,58,235,201,73,50.95,dragapult-charizard,Dragapult Charizard,9,33.33,2,4,3,overall,2026-10-07T21:50:32.815540+00:00,nein,abfrage
SVI-BLK,38,1,dragapult-ex,Dragapult,58,235,201,73,50.95,n-zoroark,N's Zoroark,8,33.33,2,4,2,overall,2026-10-07T21:50:32.815540+00:00,nein,abfrage
SVI-BLK,38,1,dragapult-ex,Dragapult,58,235,201,73,50.95,ho-oh-armarouge,Ho-Oh Armarouge,7,47.62,3,3,1,overall,2026-10-07T21:50:32.815540+00:00,nein,abfrage
SVI-BLK,38,1,dragapult-ex,Dragapult,58,235,201,73,50.95,ethan-typhlosion,Ethan's Typhlosion,6,55.56,3,2,1,overall,2026-10-07T21:50:32.815540+00:00,nein,abfrage
SVI-BLK,38,1,dragapult-ex,Dragapult,58,235,201,73,50.95,dragapult-ex,Dragapult,6,50.0,6,6,0,overall,2026-10-07T21:50:32.815540+00:00,ja,abfrage
SVI-BLK,38,1,dragapult-ex,Dragapult,58,235,201,73,50.95,crustle-dri,Crustle,5,40.0,2,3,0,overall,2026-10-07T21:50:32.815540+00:00,nein,abfrage
SVI-BLK,38,1,dragapult-ex,Dragapult,58,235,201,73,50.95,hydreigon-ex,Hydreigon,5,66.67,3,1,1,overall,2026-10-07T21:50:32.815540+00:00,nein,abfrage
SVI-BLK,38,1,dragapult-ex,Dragapult,58,235,201,73,50.95,other,Other,4,75.0,3,1,0,overall,2026-10-07T21:50:32.815540+00:00,nein,abfrage
SVI-BLK,38,1,dragapult-ex,Dragapult,58,235,201,73,50.95,cynthia-garchomp-ex,Cynthia's Garchomp,4,8.33,0,3,1,overall,2026-10-07T21:50:32.815540+00:00,nein,abfrage
SVI-BLK,38,1,dragapult-ex,Dragapult,58,235,201,73,50.95,farigiraf-milotic,Farigiraf Milotic,3,66.67,2,1,0,overall,2026-10-07T21:50:32.815540+00:00,nein,abfrage
SVI-BLK,38,1,dragapult-ex,Dragapult,58,235,201,73,50.95,charizard-noctowl,Charizard Noctowl,3,66.67,2,1,0,overall,2026-10-07T21:50:32.815540+00:00,nein,abfrage
SVI-BLK,38,1,dragapult-ex,Dragapult,58,235,201,73,50.95,toedscruel-ex,Toedscruel,3,55.56,1,0,2,overall,2026-10-07T21:50:32.815540+00:00,nein,abfrage
SVI-BLK,38,1,dragapult-ex,Dragapult,58,235,201,73,50.95,pidgeot-control,Pidgeot Control,3,0.0,0,3,0,overall,2026-10-07T21:50:32.815540+00:00,nein,abfrage
SVI-BLK,38,1,dragapult-ex,Dragapult,58,235,201,73,50.95,dragapult-blaziken,Dragapult Blaziken,2,50.0,1,1,0,overall,2026-10-07T21:50:32.815540+00:00,nein,abfrage
SVI-BLK,38,1,dragapult-ex,Dragapult,58,235,201,73,50.95,iron-hands-magneton,Iron Hands Magneton,2,0.0,0,2,0,overall,2026-10-07T21:50:32.815540+00:00,nein,abfrage
SVI-BLK,38,1,dragapult-ex,Dragapult,58,235,201,73,50.95,charizard-dragapult,Charizard Dragapult,2,16.67,0,1,1,overall,2026-10-07T21:50:32.815540+00:00,nein,abfrage
SVI-BLK,38,1,dragapult-ex,Dragapult,58,235,201,73,50.95,slowking-scr,Slowking,2,100.0,2,0,0,overall,2026-10-07T21:50:32.815540+00:00,nein,abfrage
SVI-BLK,38,1,dragapult-ex,Dragapult,58,235,201,73,50.95,hop-zacian,Hop's Zacian,2,66.67,1,0,1,overall,2026-10-07T21:50:32.815540+00:00,nein,abfrage
SVI-BLK,38,1,dragapult-ex,Dragapult,58,235,201,73,50.95,chien-pao-noctowl,Chien-Pao Noctowl,1,100.0,1,0,0,overall,2026-10-07T21:50:32.815540+00:00,nein,abfrage
SVI-BLK,38,1,dragapult-ex,Dragapult,58,235,201,73,50.95,charizard-dusknoir,Charizard Dusknoir,1,100.0,1,0,0,overall,2026-10-07T21:50:32.815540+00:00,nein,abfrage
SVI-BLK,38,1,dragapult-ex,Dragapult,58,235,201,73,50.95,alolan-exeggutor-ex,Alolan Exeggutor ex,1,0.0,0,1,0,overall,2026-10-07T21:50:32.815540+00:00,nein,abfrage
SVI-BLK,38,1,dragapult-ex,Dragapult,58,235,201,73,50.95,roaring-moon-ex,Roaring Moon,1,100.0,1,0,0,overall,2026-10-07T21:50:32.815540+00:00,nein,abfrage
SVI-BLK,38,1,dragapult-ex,Dragapult,58,235,201,73,50.95,ogerpon-ex,Ogerpon,1,33.33,0,0,1,overall,2026-10-07T21:50:32.815540+00:00,nein,abfrage
SVI-BLK,38,1,dragapult-ex,Dragapult,58,235,201,73,50.95,blissey-ex,Blissey,1,33.33,0,0,1,overall,2026-10-07T21:50:32.815540+00:00,nein,abfrage
SVI-BLK,38,1,dragapult-ex,Dragapult,58,235,201,73,50.95,dudunsparce-control,Dudunsparce Control,1,100.0,1,0,0,overall,2026-10-07T21:50:32.815540+00:00,nein,abfrage
SVI-BLK,38,1,dragapult-ex,Dragapult,58,235,201,73,50.95,greninja-ex,Greninja,1,0.0,0,1,0,overall,2026-10-07T21:50:32.815540+00:00,nein,abfrage
SVI-BLK,38,1,dragapult-ex,Dragapult,58,235,201,73,50.95,venomoth-froslass,Venomoth Froslass,1,100.0,1,0,0,overall,2026-10-07T21:50:32.815540+00:00,nein,abfrage
SVI-BLK,38,1,dragapult-ex,Dragapult,58,235,201,73,50.95,miraidon-eelektrik,Miraidon Eelektrik,1,100.0,1,0,0,overall,2026-10-07T21:50:32.815540+00:00,nein,abfrage
SVI-BLK,38,1,dragapult-ex,Dragapult,58,235,201,73,50.95,galvantula-ex,Galvantula,1,100.0,1,0,0,overall,2026-10-07T21:50:32.815540+00:00,nein,abfrage
SVI-BLK,38,1,dragapult-ex,Dragapult,58,235,201,73,50.95,iron-thorns-ex,Iron Thorns,1,100.0,1,0,0,overall,2026-10-07T21:50:32.815540+00:00,nein,abfrage
SVI-BLK,38,1,dragapult-ex,Dragapult,58,235,201,73,50.95,festival-lead,Festival Lead,1,100.0,1,0,0,overall,2026-10-07T21:50:32.815540+00:00,nein,abfrage
SVI-BLK,38,1,dragapult-ex,Dragapult,58,235,201,73,50.95,mamoswine-ex,Mamoswine,1,0.0,0,1,0,overall,2026-10-07T21:50:32.815540+00:00,nein,abfrage
SVI-BLK,38,1,dragapult-iron-thorns,Dragapult Iron Thorns,1,3,2,3,50.0,gardevoir-ex-sv,Gardevoir,2,33.33,0,0,2,overall,2026-10-07T21:50:34.555501+00:00,nein,abfrage
SVI-BLK,38,1,dragapult-iron-thorns,Dragapult Iron Thorns,1,3,2,3,50.0,dragapult-dusknoir,Dragapult Dusknoir,1,100.0,1,0,0,overall,2026-10-07T21:50:34.555501+00:00,nein,abfrage
SVI-BLK,38,1,dragapult-iron-thorns,Dragapult Iron Thorns,1,3,2,3,50.0,tera-box,Tera Box,1,33.33,0,0,1,overall,2026-10-07T21:50:34.555501+00:00,nein,abfrage
SVI-BLK,38,1,dragapult-iron-thorns,Dragapult Iron Thorns,1,3,2,3,50.0,charizard-pidgeot,Charizard Pidgeot,1,0.0,0,1,0,overall,2026-10-07T21:50:34.555501+00:00,nein,abfrage
SVI-BLK,38,1,dragapult-iron-thorns,Dragapult Iron Thorns,1,3,2,3,50.0,raging-bolt-ogerpon,Raging Bolt Ogerpon,1,100.0,1,0,0,overall,2026-10-07T21:50:34.555501+00:00,nein,abfrage
SVI-BLK,38,1,dragapult-iron-thorns,Dragapult Iron Thorns,1,3,2,3,50.0,gholdengo-ex,Gholdengo,1,100.0,1,0,0,overall,2026-10-07T21:50:34.555501+00:00,nein,abfrage
SVI-BLK,38,1,dragapult-iron-thorns,Dragapult Iron Thorns,1,3,2,3,50.0,charizard-dusknoir,Charizard Dusknoir,1,0.0,0,1,0,overall,2026-10-07T21:50:34.555501+00:00,nein,abfrage
SVI-BLK,38,1,dragapult-pidgeot,Dragapult Pidgeot,1,2,2,2,44.44,pidgeot-control,Pidgeot Control,2,16.67,0,1,1,overall,2026-10-07T21:50:36.323554+00:00,nein,abfrage
SVI-BLK,38,1,dragapult-pidgeot,Dragapult Pidgeot,1,2,2,2,44.44,hydrapple-ogerpon,Hydrapple Ogerpon,1,100.0,1,0,0,overall,2026-10-07T21:50:36.323554+00:00,nein,abfrage
SVI-BLK,38,1,dragapult-pidgeot,Dragapult Pidgeot,1,2,2,2,44.44,grimmsnarl-froslass,Grimmsnarl Froslass,1,0.0,0,1,0,overall,2026-10-07T21:50:36.323554+00:00,nein,abfrage
SVI-BLK,38,1,dragapult-pidgeot,Dragapult Pidgeot,1,2,2,2,44.44,dragapult-dusknoir,Dragapult Dusknoir,1,33.33,0,0,1,overall,2026-10-07T21:50:36.323554+00:00,nein,abfrage
SVI-BLK,38,1,dragapult-pidgeot,Dragapult Pidgeot,1,2,2,2,44.44,raging-bolt-ogerpon,Raging Bolt Ogerpon,1,100.0,1,0,0,overall,2026-10-07T21:50:36.323554+00:00,nein,abfrage
SVI-BLK,38,1,dragapult-zoroark,Dragapult Zoroark,2,7,5,3,53.33,gardevoir-ex-sv,Gardevoir,3,66.67,2,1,0,overall,2026-10-07T21:50:38.083083+00:00,nein,abfrage
SVI-BLK,38,1,dragapult-zoroark,Dragapult Zoroark,2,7,5,3,53.33,dragapult-dusknoir,Dragapult Dusknoir,2,66.67,1,0,1,overall,2026-10-07T21:50:38.083083+00:00,nein,abfrage
SVI-BLK,38,1,dragapult-zoroark,Dragapult Zoroark,2,7,5,3,53.33,conkeldurr-twm,Conkeldurr,2,33.33,0,0,2,overall,2026-10-07T21:50:38.083083+00:00,nein,abfrage
SVI-BLK,38,1,dragapult-zoroark,Dragapult Zoroark,2,7,5,3,53.33,toedscruel-ex,Toedscruel,1,100.0,1,0,0,overall,2026-10-07T21:50:38.083083+00:00,nein,abfrage
SVI-BLK,38,1,dragapult-zoroark,Dragapult Zoroark,2,7,5,3,53.33,ethan-typhlosion,Ethan's Typhlosion,1,100.0,1,0,0,overall,2026-10-07T21:50:38.083083+00:00,nein,abfrage
SVI-BLK,38,1,dragapult-zoroark,Dragapult Zoroark,2,7,5,3,53.33,joltik-box,Joltik Box,1,0.0,0,1,0,overall,2026-10-07T21:50:38.083083+00:00,nein,abfrage
SVI-BLK,38,1,dragapult-zoroark,Dragapult Zoroark,2,7,5,3,53.33,grimmsnarl-froslass,Grimmsnarl Froslass,1,0.0,0,1,0,overall,2026-10-07T21:50:38.083083+00:00,nein,abfrage
SVI-BLK,38,1,dragapult-zoroark,Dragapult Zoroark,2,7,5,3,53.33,gholdengo-ex,Gholdengo,1,0.0,0,1,0,overall,2026-10-07T21:50:38.083083+00:00,nein,abfrage
SVI-BLK,38,1,dragapult-zoroark,Dragapult Zoroark,2,7,5,3,53.33,dragapult-charizard,Dragapult Charizard,1,100.0,1,0,0,overall,2026-10-07T21:50:38.083083+00:00,nein,abfrage
SVI-BLK,38,1,dragapult-zoroark,Dragapult Zoroark,2,7,5,3,53.33,raging-bolt-ogerpon,Raging Bolt Ogerpon,1,0.0,0,1,0,overall,2026-10-07T21:50:38.083083+00:00,nein,abfrage
SVI-BLK,38,1,dragapult-zoroark,Dragapult Zoroark,2,7,5,3,53.33,gardevoir-jellicent,Gardevoir Jellicent,1,100.0,1,0,0,overall,2026-10-07T21:50:38.083083+00:00,nein,abfrage
SVI-BLK,38,1,dudunsparce-control,Dudunsparce Control,4,11,12,3,46.15,dragapult-dusknoir,Dragapult Dusknoir,7,23.81,1,4,2,overall,2026-10-07T21:50:39.823122+00:00,nein,abfrage
SVI-BLK,38,1,dudunsparce-control,Dudunsparce Control,4,11,12,3,46.15,gardevoir-ex-sv,Gardevoir,5,26.67,1,3,1,overall,2026-10-07T21:50:39.823122+00:00,nein,abfrage
SVI-BLK,38,1,dudunsparce-control,Dudunsparce Control,4,11,12,3,46.15,charizard-pidgeot,Charizard Pidgeot,2,0.0,0,2,0,overall,2026-10-07T21:50:39.823122+00:00,nein,abfrage
SVI-BLK,38,1,dudunsparce-control,Dudunsparce Control,4,11,12,3,46.15,flareon-noctowl,Flareon Noctowl,1,100.0,1,0,0,overall,2026-10-07T21:50:39.823122+00:00,nein,abfrage
SVI-BLK,38,1,dudunsparce-control,Dudunsparce Control,4,11,12,3,46.15,poison-archaludon,Poison Archaludon,1,100.0,1,0,0,overall,2026-10-07T21:50:39.823122+00:00,nein,abfrage
SVI-BLK,38,1,dudunsparce-control,Dudunsparce Control,4,11,12,3,46.15,mamoswine-ex,Mamoswine,1,100.0,1,0,0,overall,2026-10-07T21:50:39.823122+00:00,nein,abfrage
SVI-BLK,38,1,dudunsparce-control,Dudunsparce Control,4,11,12,3,46.15,dragapult-ex,Dragapult,1,0.0,0,1,0,overall,2026-10-07T21:50:39.823122+00:00,nein,abfrage
SVI-BLK,38,1,dudunsparce-control,Dudunsparce Control,4,11,12,3,46.15,raging-bolt-ogerpon,Raging Bolt Ogerpon,1,0.0,0,1,0,overall,2026-10-07T21:50:39.823122+00:00,nein,abfrage
SVI-BLK,38,1,dudunsparce-control,Dudunsparce Control,4,11,12,3,46.15,other,Other,1,100.0,1,0,0,overall,2026-10-07T21:50:39.823122+00:00,nein,abfrage
SVI-BLK,38,1,dudunsparce-control,Dudunsparce Control,4,11,12,3,46.15,gholdengo-ex,Gholdengo,1,100.0,1,0,0,overall,2026-10-07T21:50:39.823122+00:00,nein,abfrage
SVI-BLK,38,1,dudunsparce-control,Dudunsparce Control,4,11,12,3,46.15,dragapult-charizard,Dragapult Charizard,1,100.0,1,0,0,overall,2026-10-07T21:50:39.823122+00:00,nein,abfrage
SVI-BLK,38,1,dudunsparce-control,Dudunsparce Control,4,11,12,3,46.15,yanmega-ex,Yanmega,1,100.0,1,0,0,overall,2026-10-07T21:50:39.823122+00:00,nein,abfrage
SVI-BLK,38,1,dudunsparce-control,Dudunsparce Control,4,11,12,3,46.15,n-zoroark,N's Zoroark,1,100.0,1,0,0,overall,2026-10-07T21:50:39.823122+00:00,nein,abfrage
SVI-BLK,38,1,dudunsparce-control,Dudunsparce Control,4,11,12,3,46.15,gardevoir-jellicent,Gardevoir Jellicent,1,100.0,1,0,0,overall,2026-10-07T21:50:39.823122+00:00,nein,abfrage
SVI-BLK,38,1,dudunsparce-control,Dudunsparce Control,4,11,12,3,46.15,tera-box,Tera Box,1,0.0,0,1,0,overall,2026-10-07T21:50:39.823122+00:00,nein,abfrage
SVI-BLK,38,1,ethan-magcargo,Ethan's Magcargo,2,4,6,2,38.89,dragapult-dusknoir,Dragapult Dusknoir,5,40.0,2,3,0,overall,2026-10-07T21:50:41.558063+00:00,nein,abfrage
SVI-BLK,38,1,ethan-magcargo,Ethan's Magcargo,2,4,6,2,38.89,gardevoir-ex-sv,Gardevoir,2,50.0,1,1,0,overall,2026-10-07T21:50:41.558063+00:00,nein,abfrage
SVI-BLK,38,1,ethan-magcargo,Ethan's Magcargo,2,4,6,2,38.89,gholdengo-ex,Gholdengo,1,0.0,0,1,0,overall,2026-10-07T21:50:41.558063+00:00,nein,abfrage
SVI-BLK,38,1,ethan-magcargo,Ethan's Magcargo,2,4,6,2,38.89,n-zoroark,N's Zoroark,1,0.0,0,1,0,overall,2026-10-07T21:50:41.558063+00:00,nein,abfrage
SVI-BLK,38,1,ethan-magcargo,Ethan's Magcargo,2,4,6,2,38.89,other,Other,1,33.33,0,0,1,overall,2026-10-07T21:50:41.558063+00:00,nein,abfrage
SVI-BLK,38,1,ethan-magcargo,Ethan's Magcargo,2,4,6,2,38.89,gholdengo-joltik-box,Gholdengo Joltik Box,1,33.33,0,0,1,overall,2026-10-07T21:50:41.558063+00:00,nein,abfrage
SVI-BLK,38,1,ethan-magcargo,Ethan's Magcargo,2,4,6,2,38.89,poison-archaludon,Poison Archaludon,1,100.0,1,0,0,overall,2026-10-07T21:50:41.558063+00:00,nein,abfrage
SVI-BLK,38,1,ethan-typhlosion,Ethan's Typhlosion,52,170,173,70,46.81,dragapult-dusknoir,Dragapult Dusknoir,51,20.92,9,37,5,overall,2026-10-07T21:50:43.329999+00:00,nein,abfrage
SVI-BLK,38,1,ethan-typhlosion,Ethan's Typhlosion,52,170,173,70,46.81,gholdengo-ex,Gholdengo,49,78.91,37,7,5,overall,2026-10-07T21:50:43.329999+00:00,nein,abfrage
SVI-BLK,38,1,ethan-typhlosion,Ethan's Typhlosion,52,170,173,70,46.81,gardevoir-ex-sv,Gardevoir,45,34.07,13,25,7,overall,2026-10-07T21:50:43.329999+00:00,nein,abfrage
SVI-BLK,38,1,ethan-typhlosion,Ethan's Typhlosion,52,170,173,70,46.81,raging-bolt-ogerpon,Raging Bolt Ogerpon,44,56.06,21,12,11,overall,2026-10-07T21:50:43.329999+00:00,nein,abfrage
SVI-BLK,38,1,ethan-typhlosion,Ethan's Typhlosion,52,170,173,70,46.81,gholdengo-joltik-box,Gholdengo Joltik Box,26,58.97,14,8,4,overall,2026-10-07T21:50:43.329999+00:00,nein,abfrage
SVI-BLK,38,1,ethan-typhlosion,Ethan's Typhlosion,52,170,173,70,46.81,joltik-box,Joltik Box,26,53.85,12,8,6,overall,2026-10-07T21:50:43.329999+00:00,nein,abfrage
SVI-BLK,38,1,ethan-typhlosion,Ethan's Typhlosion,52,170,173,70,46.81,tera-box,Tera Box,19,57.89,10,6,3,overall,2026-10-07T21:50:43.329999+00:00,nein,abfrage
SVI-BLK,38,1,ethan-typhlosion,Ethan's Typhlosion,52,170,173,70,46.81,charizard-pidgeot,Charizard Pidgeot,16,52.08,6,3,7,overall,2026-10-07T21:50:43.329999+00:00,nein,abfrage
SVI-BLK,38,1,ethan-typhlosion,Ethan's Typhlosion,52,170,173,70,46.81,gardevoir-jellicent,Gardevoir Jellicent,14,28.57,3,8,3,overall,2026-10-07T21:50:43.329999+00:00,nein,abfrage
SVI-BLK,38,1,ethan-typhlosion,Ethan's Typhlosion,52,170,173,70,46.81,dragapult-charizard,Dragapult Charizard,12,22.22,2,8,2,overall,2026-10-07T21:50:43.329999+00:00,nein,abfrage
SVI-BLK,38,1,ethan-typhlosion,Ethan's Typhlosion,52,170,173,70,46.81,flareon-noctowl,Flareon Noctowl,12,27.78,3,8,1,overall,2026-10-07T21:50:43.329999+00:00,nein,abfrage
SVI-BLK,38,1,ethan-typhlosion,Ethan's Typhlosion,52,170,173,70,46.81,grimmsnarl-froslass,Grimmsnarl Froslass,9,14.81,1,7,1,overall,2026-10-07T21:50:43.329999+00:00,nein,abfrage
SVI-BLK,38,1,ethan-typhlosion,Ethan's Typhlosion,52,170,173,70,46.81,conkeldurr-twm,Conkeldurr,9,14.81,1,7,1,overall,2026-10-07T21:50:43.329999+00:00,nein,abfrage
SVI-BLK,38,1,ethan-typhlosion,Ethan's Typhlosion,52,170,173,70,46.81,crustle-dri,Crustle,8,100.0,8,0,0,overall,2026-10-07T21:50:43.329999+00:00,nein,abfrage
SVI-BLK,38,1,ethan-typhlosion,Ethan's Typhlosion,52,170,173,70,46.81,dragapult-ex,Dragapult,6,38.89,2,3,1,overall,2026-10-07T21:50:43.329999+00:00,nein,abfrage
SVI-BLK,38,1,ethan-typhlosion,Ethan's Typhlosion,52,170,173,70,46.81,n-zoroark,N's Zoroark,6,27.78,1,3,2,overall,2026-10-07T21:50:43.329999+00:00,nein,abfrage
SVI-BLK,38,1,ethan-typhlosion,Ethan's Typhlosion,52,170,173,70,46.81,ho-oh-armarouge,Ho-Oh Armarouge,4,75.0,3,1,0,overall,2026-10-07T21:50:43.329999+00:00,nein,abfrage
SVI-BLK,38,1,ethan-typhlosion,Ethan's Typhlosion,52,170,173,70,46.81,ethan-typhlosion,Ethan's Typhlosion,4,41.67,2,2,4,overall,2026-10-07T21:50:43.329999+00:00,ja,abfrage
SVI-BLK,38,1,ethan-typhlosion,Ethan's Typhlosion,52,170,173,70,46.81,charizard-dragapult,Charizard Dragapult,4,33.33,1,2,1,overall,2026-10-07T21:50:43.329999+00:00,nein,abfrage
SVI-BLK,38,1,ethan-typhlosion,Ethan's Typhlosion,52,170,173,70,46.81,cynthia-garchomp-ex,Cynthia's Garchomp,4,25.0,1,3,0,overall,2026-10-07T21:50:43.329999+00:00,nein,abfrage
SVI-BLK,38,1,ethan-typhlosion,Ethan's Typhlosion,52,170,173,70,46.81,blissey-ex,Blissey,3,44.44,1,1,1,overall,2026-10-07T21:50:43.329999+00:00,nein,abfrage
SVI-BLK,38,1,ethan-typhlosion,Ethan's Typhlosion,52,170,173,70,46.81,other,Other,3,77.78,2,0,1,overall,2026-10-07T21:50:43.329999+00:00,nein,abfrage
SVI-BLK,38,1,ethan-typhlosion,Ethan's Typhlosion,52,170,173,70,46.81,iron-hands-magneton,Iron Hands Magneton,3,0.0,0,3,0,overall,2026-10-07T21:50:43.329999+00:00,nein,abfrage
SVI-BLK,38,1,ethan-typhlosion,Ethan's Typhlosion,52,170,173,70,46.81,iron-thorns-ex,Iron Thorns,3,100.0,3,0,0,overall,2026-10-07T21:50:43.329999+00:00,nein,abfrage
SVI-BLK,38,1,ethan-typhlosion,Ethan's Typhlosion,52,170,173,70,46.81,charizard-dusknoir,Charizard Dusknoir,2,16.67,0,1,1,overall,2026-10-07T21:50:43.329999+00:00,nein,abfrage
SVI-BLK,38,1,ethan-typhlosion,Ethan's Typhlosion,52,170,173,70,46.81,poison-archaludon,Poison Archaludon,2,33.33,0,0,2,overall,2026-10-07T21:50:43.329999+00:00,nein,abfrage
SVI-BLK,38,1,ethan-typhlosion,Ethan's Typhlosion,52,170,173,70,46.81,terapagos-noctowl,Terapagos Noctowl,2,16.67,0,1,1,overall,2026-10-07T21:50:43.329999+00:00,nein,abfrage
SVI-BLK,38,1,ethan-typhlosion,Ethan's Typhlosion,52,170,173,70,46.81,toedscruel-ex,Toedscruel,2,100.0,2,0,0,overall,2026-10-07T21:50:43.329999+00:00,nein,abfrage
SVI-BLK,38,1,ethan-typhlosion,Ethan's Typhlosion,52,170,173,70,46.81,ogerpon-ex,Ogerpon,2,50.0,1,1,0,overall,2026-10-07T21:50:43.329999+00:00,nein,abfrage
SVI-BLK,38,1,ethan-typhlosion,Ethan's Typhlosion,52,170,173,70,46.81,pidgeot-control,Pidgeot Control,2,100.0,2,0,0,overall,2026-10-07T21:50:43.329999+00:00,nein,abfrage
SVI-BLK,38,1,ethan-typhlosion,Ethan's Typhlosion,52,170,173,70,46.81,hop-zacian,Hop's Zacian,1,100.0,1,0,0,overall,2026-10-07T21:50:43.329999+00:00,nein,abfrage
SVI-BLK,38,1,ethan-typhlosion,Ethan's Typhlosion,52,170,173,70,46.81,dragapult-zoroark,Dragapult Zoroark,1,0.0,0,1,0,overall,2026-10-07T21:50:43.329999+00:00,nein,abfrage
SVI-BLK,38,1,ethan-typhlosion,Ethan's Typhlosion,52,170,173,70,46.81,united-wings,United Wings,1,100.0,1,0,0,overall,2026-10-07T21:50:43.329999+00:00,nein,abfrage
SVI-BLK,38,1,ethan-typhlosion,Ethan's Typhlosion,52,170,173,70,46.81,iono-bellibolt,Iono's Bellibolt,1,100.0,1,0,0,overall,2026-10-07T21:50:43.329999+00:00,nein,abfrage
SVI-BLK,38,1,ethan-typhlosion,Ethan's Typhlosion,52,170,173,70,46.81,alolan-exeggutor-ex,Alolan Exeggutor ex,1,100.0,1,0,0,overall,2026-10-07T21:50:43.329999+00:00,nein,abfrage
SVI-BLK,38,1,ethan-typhlosion,Ethan's Typhlosion,52,170,173,70,46.81,miraidon-eelektrik,Miraidon Eelektrik,1,0.0,0,1,0,overall,2026-10-07T21:50:43.329999+00:00,nein,abfrage
SVI-BLK,38,1,ethan-typhlosion,Ethan's Typhlosion,52,170,173,70,46.81,slowking-scr,Slowking,1,100.0,1,0,0,overall,2026-10-07T21:50:43.329999+00:00,nein,abfrage
SVI-BLK,38,1,ethan-typhlosion,Ethan's Typhlosion,52,170,173,70,46.81,archaludon-ex,Archaludon,1,0.0,0,1,0,overall,2026-10-07T21:50:43.329999+00:00,nein,abfrage
SVI-BLK,38,1,ethan-typhlosion,Ethan's Typhlosion,52,170,173,70,46.81,slaking-ex,Slaking,1,100.0,1,0,0,overall,2026-10-07T21:50:43.329999+00:00,nein,abfrage
SVI-BLK,38,1,ethan-typhlosion,Ethan's Typhlosion,52,170,173,70,46.81,chien-pao-noctowl,Chien-Pao Noctowl,1,100.0,1,0,0,overall,2026-10-07T21:50:43.329999+00:00,nein,abfrage
SVI-BLK,38,1,ethan-typhlosion,Ethan's Typhlosion,52,170,173,70,46.81,hydreigon-ex,Hydreigon,1,0.0,0,1,0,overall,2026-10-07T21:50:43.329999+00:00,nein,abfrage
SVI-BLK,38,1,ethan-typhlosion,Ethan's Typhlosion,52,170,173,70,46.81,festival-lead,Festival Lead,1,100.0,1,0,0,overall,2026-10-07T21:50:43.329999+00:00,nein,abfrage
SVI-BLK,38,1,ethan-typhlosion,Ethan's Typhlosion,52,170,173,70,46.81,charizard-noctowl,Charizard Noctowl,1,0.0,0,1,0,overall,2026-10-07T21:50:43.329999+00:00,nein,abfrage
SVI-BLK,38,1,ethan-typhlosion,Ethan's Typhlosion,52,170,173,70,46.81,roaring-moon-dudunsparce,Roaring Moon Dudunsparce,1,0.0,0,1,0,overall,2026-10-07T21:50:43.329999+00:00,nein,abfrage
SVI-BLK,38,1,ethan-typhlosion,Ethan's Typhlosion,52,170,173,70,46.81,marnie-grimmsnarl-ex,Marnie's Grimmsnarl,1,100.0,1,0,0,overall,2026-10-07T21:50:43.329999+00:00,nein,abfrage
SVI-BLK,38,1,ethan-typhlosion,Ethan's Typhlosion,52,170,173,70,46.81,seaking-pre,Seaking Festival Lead,1,0.0,0,1,0,overall,2026-10-07T21:50:43.329999+00:00,nein,abfrage
SVI-BLK,38,1,ethan-typhlosion,Ethan's Typhlosion,52,170,173,70,46.81,rocket-porygon-z,Rocket's Porygon-Z,1,0.0,0,1,0,overall,2026-10-07T21:50:43.329999+00:00,nein,abfrage
SVI-BLK,38,1,farigiraf-milotic,Farigiraf Milotic,6,23,17,11,52.29,dragapult-dusknoir,Dragapult Dusknoir,9,33.33,2,4,3,overall,2026-10-07T21:50:45.068317+00:00,nein,abfrage
SVI-BLK,38,1,farigiraf-milotic,Farigiraf Milotic,6,23,17,11,52.29,gholdengo-ex,Gholdengo,9,85.19,7,0,2,overall,2026-10-07T21:50:45.068317+00:00,nein,abfrage
SVI-BLK,38,1,farigiraf-milotic,Farigiraf Milotic,6,23,17,11,52.29,gardevoir-ex-sv,Gardevoir,8,45.83,3,3,2,overall,2026-10-07T21:50:45.068317+00:00,nein,abfrage
SVI-BLK,38,1,farigiraf-milotic,Farigiraf Milotic,6,23,17,11,52.29,gardevoir-jellicent,Gardevoir Jellicent,4,41.67,1,1,2,overall,2026-10-07T21:50:45.068317+00:00,nein,abfrage
SVI-BLK,38,1,farigiraf-milotic,Farigiraf Milotic,6,23,17,11,52.29,dragapult-ex,Dragapult,3,33.33,1,2,0,overall,2026-10-07T21:50:45.068317+00:00,nein,abfrage
SVI-BLK,38,1,farigiraf-milotic,Farigiraf Milotic,6,23,17,11,52.29,joltik-box,Joltik Box,3,66.67,2,1,0,overall,2026-10-07T21:50:45.068317+00:00,nein,abfrage
SVI-BLK,38,1,farigiraf-milotic,Farigiraf Milotic,6,23,17,11,52.29,pidgeot-control,Pidgeot Control,3,11.11,0,2,1,overall,2026-10-07T21:50:45.068317+00:00,nein,abfrage
SVI-BLK,38,1,farigiraf-milotic,Farigiraf Milotic,6,23,17,11,52.29,other,Other,2,100.0,2,0,0,overall,2026-10-07T21:50:45.068317+00:00,nein,abfrage
SVI-BLK,38,1,farigiraf-milotic,Farigiraf Milotic,6,23,17,11,52.29,raging-bolt-ogerpon,Raging Bolt Ogerpon,2,50.0,1,1,0,overall,2026-10-07T21:50:45.068317+00:00,nein,abfrage
SVI-BLK,38,1,farigiraf-milotic,Farigiraf Milotic,6,23,17,11,52.29,blissey-ex,Blissey,1,100.0,1,0,0,overall,2026-10-07T21:50:45.068317+00:00,nein,abfrage
SVI-BLK,38,1,farigiraf-milotic,Farigiraf Milotic,6,23,17,11,52.29,charizard-pidgeot,Charizard Pidgeot,1,100.0,1,0,0,overall,2026-10-07T21:50:45.068317+00:00,nein,abfrage
SVI-BLK,38,1,farigiraf-milotic,Farigiraf Milotic,6,23,17,11,52.29,seaking-pre,Seaking Festival Lead,1,0.0,0,1,0,overall,2026-10-07T21:50:45.068317+00:00,nein,abfrage
SVI-BLK,38,1,farigiraf-milotic,Farigiraf Milotic,6,23,17,11,52.29,gholdengo-joltik-box,Gholdengo Joltik Box,1,0.0,0,1,0,overall,2026-10-07T21:50:45.068317+00:00,nein,abfrage
SVI-BLK,38,1,farigiraf-milotic,Farigiraf Milotic,6,23,17,11,52.29,charizard-dragapult,Charizard Dragapult,1,100.0,1,0,0,overall,2026-10-07T21:50:45.068317+00:00,nein,abfrage
SVI-BLK,38,1,farigiraf-milotic,Farigiraf Milotic,6,23,17,11,52.29,crustle-dri,Crustle,1,0.0,0,1,0,overall,2026-10-07T21:50:45.068317+00:00,nein,abfrage
SVI-BLK,38,1,farigiraf-milotic,Farigiraf Milotic,6,23,17,11,52.29,tera-box,Tera Box,1,100.0,1,0,0,overall,2026-10-07T21:50:45.068317+00:00,nein,abfrage
SVI-BLK,38,1,farigiraf-milotic,Farigiraf Milotic,6,23,17,11,52.29,ogerpon-ex,Ogerpon,1,33.33,0,0,1,overall,2026-10-07T21:50:45.068317+00:00,nein,abfrage
SVI-BLK,38,1,festival-lead,Festival Lead,3,6,13,2,31.75,raging-bolt-ogerpon,Raging Bolt Ogerpon,4,33.33,1,2,1,overall,2026-10-07T21:50:46.830739+00:00,nein,abfrage
SVI-BLK,38,1,festival-lead,Festival Lead,3,6,13,2,31.75,gholdengo-ex,Gholdengo,4,25.0,1,3,0,overall,2026-10-07T21:50:46.830739+00:00,nein,abfrage
SVI-BLK,38,1,festival-lead,Festival Lead,3,6,13,2,31.75,gardevoir-ex-sv,Gardevoir,2,66.67,1,0,1,overall,2026-10-07T21:50:46.830739+00:00,nein,abfrage
SVI-BLK,38,1,festival-lead,Festival Lead,3,6,13,2,31.75,dragapult-dusknoir,Dragapult Dusknoir,2,0.0,0,2,0,overall,2026-10-07T21:50:46.830739+00:00,nein,abfrage
SVI-BLK,38,1,festival-lead,Festival Lead,3,6,13,2,31.75,tera-box,Tera Box,2,0.0,0,2,0,overall,2026-10-07T21:50:46.830739+00:00,nein,abfrage
SVI-BLK,38,1,festival-lead,Festival Lead,3,6,13,2,31.75,gholdengo-joltik-box,Gholdengo Joltik Box,1,0.0,0,1,0,overall,2026-10-07T21:50:46.830739+00:00,nein,abfrage
SVI-BLK,38,1,festival-lead,Festival Lead,3,6,13,2,31.75,ethan-typhlosion,Ethan's Typhlosion,1,0.0,0,1,0,overall,2026-10-07T21:50:46.830739+00:00,nein,abfrage
SVI-BLK,38,1,festival-lead,Festival Lead,3,6,13,2,31.75,dragapult-charizard,Dragapult Charizard,1,100.0,1,0,0,overall,2026-10-07T21:50:46.830739+00:00,nein,abfrage
SVI-BLK,38,1,festival-lead,Festival Lead,3,6,13,2,31.75,alakazam-ex,Alakazam,1,100.0,1,0,0,overall,2026-10-07T21:50:46.830739+00:00,nein,abfrage
SVI-BLK,38,1,festival-lead,Festival Lead,3,6,13,2,31.75,dragapult-ex,Dragapult,1,0.0,0,1,0,overall,2026-10-07T21:50:46.830739+00:00,nein,abfrage
SVI-BLK,38,1,festival-lead,Festival Lead,3,6,13,2,31.75,flygon-ex-ssp,Flygon,1,0.0,0,1,0,overall,2026-10-07T21:50:46.830739+00:00,nein,abfrage
SVI-BLK,38,1,festival-lead,Festival Lead,3,6,13,2,31.75,charizard-pidgeot,Charizard Pidgeot,1,100.0,1,0,0,overall,2026-10-07T21:50:46.830739+00:00,nein,abfrage
SVI-BLK,38,1,flareon-ex,Flareon,1,0,4,0,0.0,gholdengo-joltik-box,Gholdengo Joltik Box,2,0.0,0,2,0,overall,2026-10-07T21:50:48.588416+00:00,nein,abfrage
SVI-BLK,38,1,flareon-ex,Flareon,1,0,4,0,0.0,gardevoir-jellicent,Gardevoir Jellicent,1,0.0,0,1,0,overall,2026-10-07T21:50:48.588416+00:00,nein,abfrage
SVI-BLK,38,1,flareon-ex,Flareon,1,0,4,0,0.0,flareon-noctowl,Flareon Noctowl,1,0.0,0,1,0,overall,2026-10-07T21:50:48.588416+00:00,nein,abfrage
SVI-BLK,38,1,flareon-noctowl,Flareon Noctowl,80,281,279,89,47.87,dragapult-dusknoir,Dragapult Dusknoir,96,48.26,43,43,10,overall,2026-10-07T21:50:50.357393+00:00,nein,abfrage
SVI-BLK,38,1,flareon-noctowl,Flareon Noctowl,80,281,279,89,47.87,gardevoir-ex-sv,Gardevoir,89,33.33,25,50,14,overall,2026-10-07T21:50:50.357393+00:00,nein,abfrage
SVI-BLK,38,1,flareon-noctowl,Flareon Noctowl,80,281,279,89,47.87,gholdengo-ex,Gholdengo,83,71.49,58,21,4,overall,2026-10-07T21:50:50.357393+00:00,nein,abfrage
SVI-BLK,38,1,flareon-noctowl,Flareon Noctowl,80,281,279,89,47.87,raging-bolt-ogerpon,Raging Bolt Ogerpon,58,56.9,31,21,6,overall,2026-10-07T21:50:50.357393+00:00,nein,abfrage
SVI-BLK,38,1,flareon-noctowl,Flareon Noctowl,80,281,279,89,47.87,gholdengo-joltik-box,Gholdengo Joltik Box,46,48.55,20,19,7,overall,2026-10-07T21:50:50.357393+00:00,nein,abfrage
SVI-BLK,38,1,flareon-noctowl,Flareon Noctowl,80,281,279,89,47.87,joltik-box,Joltik Box,35,37.14,10,16,9,overall,2026-10-07T21:50:50.357393+00:00,nein,abfrage
SVI-BLK,38,1,flareon-noctowl,Flareon Noctowl,80,281,279,89,47.87,gardevoir-jellicent,Gardevoir Jellicent,28,26.19,5,16,7,overall,2026-10-07T21:50:50.357393+00:00,nein,abfrage
SVI-BLK,38,1,flareon-noctowl,Flareon Noctowl,80,281,279,89,47.87,dragapult-ex,Dragapult,24,27.78,5,14,5,overall,2026-10-07T21:50:50.357393+00:00,nein,abfrage
SVI-BLK,38,1,flareon-noctowl,Flareon Noctowl,80,281,279,89,47.87,charizard-pidgeot,Charizard Pidgeot,23,31.88,6,13,4,overall,2026-10-07T21:50:50.357393+00:00,nein,abfrage
SVI-BLK,38,1,flareon-noctowl,Flareon Noctowl,80,281,279,89,47.87,tera-box,Tera Box,20,46.67,8,8,4,overall,2026-10-07T21:50:50.357393+00:00,nein,abfrage
SVI-BLK,38,1,flareon-noctowl,Flareon Noctowl,80,281,279,89,47.87,grimmsnarl-froslass,Grimmsnarl Froslass,17,64.71,10,4,3,overall,2026-10-07T21:50:50.357393+00:00,nein,abfrage
SVI-BLK,38,1,flareon-noctowl,Flareon Noctowl,80,281,279,89,47.87,n-zoroark,N's Zoroark,14,61.9,8,4,2,overall,2026-10-07T21:50:50.357393+00:00,nein,abfrage
SVI-BLK,38,1,flareon-noctowl,Flareon Noctowl,80,281,279,89,47.87,ethan-typhlosion,Ethan's Typhlosion,12,69.44,8,3,1,overall,2026-10-07T21:50:50.357393+00:00,nein,abfrage
SVI-BLK,38,1,flareon-noctowl,Flareon Noctowl,80,281,279,89,47.87,conkeldurr-twm,Conkeldurr,10,6.67,0,8,2,overall,2026-10-07T21:50:50.357393+00:00,nein,abfrage
SVI-BLK,38,1,flareon-noctowl,Flareon Noctowl,80,281,279,89,47.87,dragapult-charizard,Dragapult Charizard,9,59.26,5,3,1,overall,2026-10-07T21:50:50.357393+00:00,nein,abfrage
SVI-BLK,38,1,flareon-noctowl,Flareon Noctowl,80,281,279,89,47.87,flareon-noctowl,Flareon Noctowl,8,47.92,7,7,2,overall,2026-10-07T21:50:50.357393+00:00,ja,abfrage
SVI-BLK,38,1,flareon-noctowl,Flareon Noctowl,80,281,279,89,47.87,crustle-dri,Crustle,7,9.52,0,5,2,overall,2026-10-07T21:50:50.357393+00:00,nein,abfrage
SVI-BLK,38,1,flareon-noctowl,Flareon Noctowl,80,281,279,89,47.87,iron-thorns-ex,Iron Thorns,7,52.38,3,2,2,overall,2026-10-07T21:50:50.357393+00:00,nein,abfrage
SVI-BLK,38,1,flareon-noctowl,Flareon Noctowl,80,281,279,89,47.87,other,Other,5,60.0,3,2,0,overall,2026-10-07T21:50:50.357393+00:00,nein,abfrage
SVI-BLK,38,1,flareon-noctowl,Flareon Noctowl,80,281,279,89,47.87,ho-oh-armarouge,Ho-Oh Armarouge,4,16.67,0,2,2,overall,2026-10-07T21:50:50.357393+00:00,nein,abfrage
SVI-BLK,38,1,flareon-noctowl,Flareon Noctowl,80,281,279,89,47.87,charizard-noctowl,Charizard Noctowl,4,0.0,0,4,0,overall,2026-10-07T21:50:50.357393+00:00,nein,abfrage
SVI-BLK,38,1,flareon-noctowl,Flareon Noctowl,80,281,279,89,47.87,toedscruel-ex,Toedscruel,4,75.0,3,1,0,overall,2026-10-07T21:50:50.357393+00:00,nein,abfrage
SVI-BLK,38,1,flareon-noctowl,Flareon Noctowl,80,281,279,89,47.87,slowking-scr,Slowking,3,33.33,1,2,0,overall,2026-10-07T21:50:50.357393+00:00,nein,abfrage
SVI-BLK,38,1,flareon-noctowl,Flareon Noctowl,80,281,279,89,47.87,blissey-ex,Blissey,3,66.67,2,1,0,overall,2026-10-07T21:50:50.357393+00:00,nein,abfrage
SVI-BLK,38,1,flareon-noctowl,Flareon Noctowl,80,281,279,89,47.87,ceruledge-ex,Ceruledge,2,100.0,2,0,0,overall,2026-10-07T21:50:50.357393+00:00,nein,abfrage
SVI-BLK,38,1,flareon-noctowl,Flareon Noctowl,80,281,279,89,47.87,cynthia-garchomp-ex,Cynthia's Garchomp,2,16.67,0,1,1,overall,2026-10-07T21:50:50.357393+00:00,nein,abfrage
SVI-BLK,38,1,flareon-noctowl,Flareon Noctowl,80,281,279,89,47.87,froslass-munkidori,Froslass Munkidori,2,50.0,1,1,0,overall,2026-10-07T21:50:50.357393+00:00,nein,abfrage
SVI-BLK,38,1,flareon-noctowl,Flareon Noctowl,80,281,279,89,47.87,greninja-ex,Greninja,2,100.0,2,0,0,overall,2026-10-07T21:50:50.357393+00:00,nein,abfrage
SVI-BLK,38,1,flareon-noctowl,Flareon Noctowl,80,281,279,89,47.87,hop-zacian,Hop's Zacian,2,100.0,2,0,0,overall,2026-10-07T21:50:50.357393+00:00,nein,abfrage
SVI-BLK,38,1,flareon-noctowl,Flareon Noctowl,80,281,279,89,47.87,poison-archaludon,Poison Archaludon,2,50.0,1,1,0,overall,2026-10-07T21:50:50.357393+00:00,nein,abfrage
SVI-BLK,38,1,flareon-noctowl,Flareon Noctowl,80,281,279,89,47.87,scizor-ex,Scizor,1,100.0,1,0,0,overall,2026-10-07T21:50:50.357393+00:00,nein,abfrage
SVI-BLK,38,1,flareon-noctowl,Flareon Noctowl,80,281,279,89,47.87,ancient-box,Ancient Box,1,0.0,0,1,0,overall,2026-10-07T21:50:50.357393+00:00,nein,abfrage
SVI-BLK,38,1,flareon-noctowl,Flareon Noctowl,80,281,279,89,47.87,dudunsparce-control,Dudunsparce Control,1,0.0,0,1,0,overall,2026-10-07T21:50:50.357393+00:00,nein,abfrage
SVI-BLK,38,1,flareon-noctowl,Flareon Noctowl,80,281,279,89,47.87,iron-hands-magneton,Iron Hands Magneton,1,100.0,1,0,0,overall,2026-10-07T21:50:50.357393+00:00,nein,abfrage
SVI-BLK,38,1,flareon-noctowl,Flareon Noctowl,80,281,279,89,47.87,okidogi-twm,Okidogi,1,100.0,1,0,0,overall,2026-10-07T21:50:50.357393+00:00,nein,abfrage
SVI-BLK,38,1,flareon-noctowl,Flareon Noctowl,80,281,279,89,47.87,marnie-grimmsnarl-ex,Marnie's Grimmsnarl,1,100.0,1,0,0,overall,2026-10-07T21:50:50.357393+00:00,nein,abfrage
SVI-BLK,38,1,flareon-noctowl,Flareon Noctowl,80,281,279,89,47.87,flareon-ex,Flareon,1,100.0,1,0,0,overall,2026-10-07T21:50:50.357393+00:00,nein,abfrage
SVI-BLK,38,1,flareon-noctowl,Flareon Noctowl,80,281,279,89,47.87,reging-bolt-bellibolt,Raging Bolt Bellibolt,1,100.0,1,0,0,overall,2026-10-07T21:50:50.357393+00:00,nein,abfrage
SVI-BLK,38,1,flareon-noctowl,Flareon Noctowl,80,281,279,89,47.87,greninja-blaziken,Greninja Blaziken,1,100.0,1,0,0,overall,2026-10-07T21:50:50.357393+00:00,nein,abfrage
SVI-BLK,38,1,flareon-noctowl,Flareon Noctowl,80,281,279,89,47.87,mamoswine-ex,Mamoswine,1,100.0,1,0,0,overall,2026-10-07T21:50:50.357393+00:00,nein,abfrage
SVI-BLK,38,1,flareon-noctowl,Flareon Noctowl,80,281,279,89,47.87,scovillain-ex,Scovillain,1,100.0,1,0,0,overall,2026-10-07T21:50:50.357393+00:00,nein,abfrage
SVI-BLK,38,1,flareon-noctowl,Flareon Noctowl,80,281,279,89,47.87,archaludon-ex,Archaludon,1,100.0,1,0,0,overall,2026-10-07T21:50:50.357393+00:00,nein,abfrage
SVI-BLK,38,1,flareon-noctowl,Flareon Noctowl,80,281,279,89,47.87,roaring-moon-ex,Roaring Moon,1,100.0,1,0,0,overall,2026-10-07T21:50:50.357393+00:00,nein,abfrage
SVI-BLK,38,1,flareon-noctowl,Flareon Noctowl,80,281,279,89,47.87,miraidon-eelektrik,Miraidon Eelektrik,1,100.0,1,0,0,overall,2026-10-07T21:50:50.357393+00:00,nein,abfrage
SVI-BLK,38,1,flareon-noctowl,Flareon Noctowl,80,281,279,89,47.87,charizard-dusknoir,Charizard Dusknoir,1,0.0,0,1,0,overall,2026-10-07T21:50:50.357393+00:00,nein,abfrage
SVI-BLK,38,1,flareon-noctowl,Flareon Noctowl,80,281,279,89,47.87,yanmega-ex,Yanmega,1,0.0,0,1,0,overall,2026-10-07T21:50:50.357393+00:00,nein,abfrage
SVI-BLK,38,1,flareon-noctowl,Flareon Noctowl,80,281,279,89,47.87,hydreigon-ex,Hydreigon,1,33.33,0,0,1,overall,2026-10-07T21:50:50.357393+00:00,nein,abfrage
SVI-BLK,38,1,flareon-noctowl,Flareon Noctowl,80,281,279,89,47.87,palafin-ex,Palafin,1,0.0,0,1,0,overall,2026-10-07T21:50:50.357393+00:00,nein,abfrage
SVI-BLK,38,1,flygon-ex-ssp,Flygon,1,3,4,1,41.67,dragapult-dusknoir,Dragapult Dusknoir,2,50.0,1,1,0,overall,2026-10-07T21:50:52.109050+00:00,nein,abfrage
SVI-BLK,38,1,flygon-ex-ssp,Flygon,1,3,4,1,41.67,tera-box,Tera Box,1,0.0,0,1,0,overall,2026-10-07T21:50:52.109050+00:00,nein,abfrage
SVI-BLK,38,1,flygon-ex-ssp,Flygon,1,3,4,1,41.67,raging-bolt-ogerpon,Raging Bolt Ogerpon,1,100.0,1,0,0,overall,2026-10-07T21:50:52.109050+00:00,nein,abfrage
SVI-BLK,38,1,flygon-ex-ssp,Flygon,1,3,4,1,41.67,gholdengo-ex,Gholdengo,1,33.33,0,0,1,overall,2026-10-07T21:50:52.109050+00:00,nein,abfrage
SVI-BLK,38,1,flygon-ex-ssp,Flygon,1,3,4,1,41.67,gardevoir-ex-sv,Gardevoir,1,0.0,0,1,0,overall,2026-10-07T21:50:52.109050+00:00,nein,abfrage
SVI-BLK,38,1,flygon-ex-ssp,Flygon,1,3,4,1,41.67,grimmsnarl-froslass,Grimmsnarl Froslass,1,0.0,0,1,0,overall,2026-10-07T21:50:52.109050+00:00,nein,abfrage
SVI-BLK,38,1,flygon-ex-ssp,Flygon,1,3,4,1,41.67,festival-lead,Festival Lead,1,100.0,1,0,0,overall,2026-10-07T21:50:52.109050+00:00,nein,abfrage
SVI-BLK,38,1,froslass-munkidori,Froslass Munkidori,4,13,12,6,48.39,gardevoir-ex-sv,Gardevoir,12,41.67,4,5,3,overall,2026-10-07T21:50:53.880259+00:00,nein,abfrage
SVI-BLK,38,1,froslass-munkidori,Froslass Munkidori,4,13,12,6,48.39,dragapult-dusknoir,Dragapult Dusknoir,5,60.0,3,2,0,overall,2026-10-07T21:50:53.880259+00:00,nein,abfrage
SVI-BLK,38,1,froslass-munkidori,Froslass Munkidori,4,13,12,6,48.39,gholdengo-ex,Gholdengo,3,77.78,2,0,1,overall,2026-10-07T21:50:53.880259+00:00,nein,abfrage
SVI-BLK,38,1,froslass-munkidori,Froslass Munkidori,4,13,12,6,48.39,raging-bolt-ogerpon,Raging Bolt Ogerpon,2,66.67,1,0,1,overall,2026-10-07T21:50:53.880259+00:00,nein,abfrage
SVI-BLK,38,1,froslass-munkidori,Froslass Munkidori,4,13,12,6,48.39,grimmsnarl-froslass,Grimmsnarl Froslass,2,50.0,1,1,0,overall,2026-10-07T21:50:53.880259+00:00,nein,abfrage
SVI-BLK,38,1,froslass-munkidori,Froslass Munkidori,4,13,12,6,48.39,flareon-noctowl,Flareon Noctowl,2,50.0,1,1,0,overall,2026-10-07T21:50:53.880259+00:00,nein,abfrage
SVI-BLK,38,1,froslass-munkidori,Froslass Munkidori,4,13,12,6,48.39,greninja-blaziken,Greninja Blaziken,1,0.0,0,1,0,overall,2026-10-07T21:50:53.880259+00:00,nein,abfrage
SVI-BLK,38,1,froslass-munkidori,Froslass Munkidori,4,13,12,6,48.39,joltik-box,Joltik Box,1,0.0,0,1,0,overall,2026-10-07T21:50:53.880259+00:00,nein,abfrage
SVI-BLK,38,1,froslass-munkidori,Froslass Munkidori,4,13,12,6,48.39,crustle-dri,Crustle,1,33.33,0,0,1,overall,2026-10-07T21:50:53.880259+00:00,nein,abfrage
SVI-BLK,38,1,froslass-munkidori,Froslass Munkidori,4,13,12,6,48.39,ho-oh-armarouge,Ho-Oh Armarouge,1,0.0,0,1,0,overall,2026-10-07T21:50:53.880259+00:00,nein,abfrage
SVI-BLK,38,1,froslass-munkidori,Froslass Munkidori,4,13,12,6,48.39,charizard-pidgeot,Charizard Pidgeot,1,100.0,1,0,0,overall,2026-10-07T21:50:53.880259+00:00,nein,abfrage
SVI-BLK,38,1,future-box,Future Box,1,1,3,0,25.0,ceruledge-ex,Ceruledge,1,100.0,1,0,0,overall,2026-10-07T21:50:55.620926+00:00,nein,abfrage
SVI-BLK,38,1,future-box,Future Box,1,1,3,0,25.0,grimmsnarl-froslass,Grimmsnarl Froslass,1,0.0,0,1,0,overall,2026-10-07T21:50:55.620926+00:00,nein,abfrage
SVI-BLK,38,1,future-box,Future Box,1,1,3,0,25.0,gholdengo-joltik-box,Gholdengo Joltik Box,1,0.0,0,1,0,overall,2026-10-07T21:50:55.620926+00:00,nein,abfrage
SVI-BLK,38,1,future-box,Future Box,1,1,3,0,25.0,dragapult-dusknoir,Dragapult Dusknoir,1,0.0,0,1,0,overall,2026-10-07T21:50:55.620926+00:00,nein,abfrage
SVI-BLK,38,1,galvantula-ex,Galvantula,1,3,4,1,41.67,raging-bolt-ogerpon,Raging Bolt Ogerpon,2,50.0,1,1,0,overall,2026-10-07T21:50:57.380732+00:00,nein,abfrage
SVI-BLK,38,1,galvantula-ex,Galvantula,1,3,4,1,41.67,gardevoir-jellicent,Gardevoir Jellicent,1,33.33,0,0,1,overall,2026-10-07T21:50:57.380732+00:00,nein,abfrage
SVI-BLK,38,1,galvantula-ex,Galvantula,1,3,4,1,41.67,gholdengo-ex,Gholdengo,1,100.0,1,0,0,overall,2026-10-07T21:50:57.380732+00:00,nein,abfrage
SVI-BLK,38,1,galvantula-ex,Galvantula,1,3,4,1,41.67,ho-oh-armarouge,Ho-Oh Armarouge,1,0.0,0,1,0,overall,2026-10-07T21:50:57.380732+00:00,nein,abfrage
SVI-BLK,38,1,galvantula-ex,Galvantula,1,3,4,1,41.67,dragapult-ex,Dragapult,1,0.0,0,1,0,overall,2026-10-07T21:50:57.380732+00:00,nein,abfrage
SVI-BLK,38,1,galvantula-ex,Galvantula,1,3,4,1,41.67,charizard-pidgeot,Charizard Pidgeot,1,0.0,0,1,0,overall,2026-10-07T21:50:57.380732+00:00,nein,abfrage
SVI-BLK,38,1,galvantula-ex,Galvantula,1,3,4,1,41.67,joltik-box,Joltik Box,1,100.0,1,0,0,overall,2026-10-07T21:50:57.380732+00:00,nein,abfrage
SVI-BLK,38,1,gardevoir-ex-sv,Gardevoir,319,1054,1035,455,47.39,dragapult-dusknoir,Dragapult Dusknoir,361,55.22,180,123,58,overall,2026-10-07T21:50:59.197086+00:00,nein,abfrage
SVI-BLK,38,1,gardevoir-ex-sv,Gardevoir,319,1054,1035,455,47.39,gholdengo-ex,Gholdengo,298,33.78,78,152,68,overall,2026-10-07T21:50:59.197086+00:00,nein,abfrage
SVI-BLK,38,1,gardevoir-ex-sv,Gardevoir,319,1054,1035,455,47.39,raging-bolt-ogerpon,Raging Bolt Ogerpon,239,55.37,116,74,49,overall,2026-10-07T21:50:59.197086+00:00,nein,abfrage
SVI-BLK,38,1,gardevoir-ex-sv,Gardevoir,319,1054,1035,455,47.39,gholdengo-joltik-box,Gholdengo Joltik Box,163,30.88,40,92,31,overall,2026-10-07T21:50:59.197086+00:00,nein,abfrage
SVI-BLK,38,1,gardevoir-ex-sv,Gardevoir,319,1054,1035,455,47.39,gardevoir-ex-sv,Gardevoir,141,48.11,125,125,32,overall,2026-10-07T21:50:59.197086+00:00,ja,abfrage
SVI-BLK,38,1,gardevoir-ex-sv,Gardevoir,319,1054,1035,455,47.39,gardevoir-jellicent,Gardevoir Jellicent,130,34.1,38,73,19,overall,2026-10-07T21:50:59.197086+00:00,nein,abfrage
SVI-BLK,38,1,gardevoir-ex-sv,Gardevoir,319,1054,1035,455,47.39,joltik-box,Joltik Box,124,57.26,63,37,24,overall,2026-10-07T21:50:59.197086+00:00,nein,abfrage
SVI-BLK,38,1,gardevoir-ex-sv,Gardevoir,319,1054,1035,455,47.39,charizard-pidgeot,Charizard Pidgeot,103,38.83,34,51,18,overall,2026-10-07T21:50:59.197086+00:00,nein,abfrage
SVI-BLK,38,1,gardevoir-ex-sv,Gardevoir,319,1054,1035,455,47.39,flareon-noctowl,Flareon Noctowl,89,61.42,50,25,14,overall,2026-10-07T21:50:59.197086+00:00,nein,abfrage
SVI-BLK,38,1,gardevoir-ex-sv,Gardevoir,319,1054,1035,455,47.39,tera-box,Tera Box,88,47.73,38,38,12,overall,2026-10-07T21:50:59.197086+00:00,nein,abfrage
SVI-BLK,38,1,gardevoir-ex-sv,Gardevoir,319,1054,1035,455,47.39,grimmsnarl-froslass,Grimmsnarl Froslass,85,28.24,17,47,21,overall,2026-10-07T21:50:59.197086+00:00,nein,abfrage
SVI-BLK,38,1,gardevoir-ex-sv,Gardevoir,319,1054,1035,455,47.39,dragapult-ex,Dragapult,60,66.11,37,15,8,overall,2026-10-07T21:50:59.197086+00:00,nein,abfrage
SVI-BLK,38,1,gardevoir-ex-sv,Gardevoir,319,1054,1035,455,47.39,dragapult-charizard,Dragapult Charizard,47,40.43,15,20,12,overall,2026-10-07T21:50:59.197086+00:00,nein,abfrage
SVI-BLK,38,1,gardevoir-ex-sv,Gardevoir,319,1054,1035,455,47.39,ethan-typhlosion,Ethan's Typhlosion,45,60.74,25,13,7,overall,2026-10-07T21:50:59.197086+00:00,nein,abfrage
SVI-BLK,38,1,gardevoir-ex-sv,Gardevoir,319,1054,1035,455,47.39,n-zoroark,N's Zoroark,44,38.64,15,23,6,overall,2026-10-07T21:50:59.197086+00:00,nein,abfrage
SVI-BLK,38,1,gardevoir-ex-sv,Gardevoir,319,1054,1035,455,47.39,ho-oh-armarouge,Ho-Oh Armarouge,34,58.82,17,8,9,overall,2026-10-07T21:50:59.197086+00:00,nein,abfrage
SVI-BLK,38,1,gardevoir-ex-sv,Gardevoir,319,1054,1035,455,47.39,conkeldurr-twm,Conkeldurr,29,63.22,16,6,7,overall,2026-10-07T21:50:59.197086+00:00,nein,abfrage
SVI-BLK,38,1,gardevoir-ex-sv,Gardevoir,319,1054,1035,455,47.39,crustle-dri,Crustle,24,84.72,19,1,4,overall,2026-10-07T21:50:59.197086+00:00,nein,abfrage
SVI-BLK,38,1,gardevoir-ex-sv,Gardevoir,319,1054,1035,455,47.39,other,Other,22,75.76,16,4,2,overall,2026-10-07T21:50:59.197086+00:00,nein,abfrage
SVI-BLK,38,1,gardevoir-ex-sv,Gardevoir,319,1054,1035,455,47.39,iron-thorns-ex,Iron Thorns,19,10.53,1,15,3,overall,2026-10-07T21:50:59.197086+00:00,nein,abfrage
SVI-BLK,38,1,gardevoir-ex-sv,Gardevoir,319,1054,1035,455,47.39,iron-hands-magneton,Iron Hands Magneton,16,41.67,6,8,2,overall,2026-10-07T21:50:59.197086+00:00,nein,abfrage
SVI-BLK,38,1,gardevoir-ex-sv,Gardevoir,319,1054,1035,455,47.39,roaring-moon-ex,Roaring Moon,15,37.78,5,8,2,overall,2026-10-07T21:50:59.197086+00:00,nein,abfrage
SVI-BLK,38,1,gardevoir-ex-sv,Gardevoir,319,1054,1035,455,47.39,blissey-ex,Blissey,13,51.28,6,5,2,overall,2026-10-07T21:50:59.197086+00:00,nein,abfrage
SVI-BLK,38,1,gardevoir-ex-sv,Gardevoir,319,1054,1035,455,47.39,froslass-munkidori,Froslass Munkidori,12,50.0,5,4,3,overall,2026-10-07T21:50:59.197086+00:00,nein,abfrage
SVI-BLK,38,1,gardevoir-ex-sv,Gardevoir,319,1054,1035,455,47.39,toedscruel-ex,Toedscruel,11,60.61,6,3,2,overall,2026-10-07T21:50:59.197086+00:00,nein,abfrage
SVI-BLK,38,1,gardevoir-ex-sv,Gardevoir,319,1054,1035,455,47.39,ogerpon-ex,Ogerpon,11,66.67,6,1,4,overall,2026-10-07T21:50:59.197086+00:00,nein,abfrage
SVI-BLK,38,1,gardevoir-ex-sv,Gardevoir,319,1054,1035,455,47.39,charizard-noctowl,Charizard Noctowl,10,36.67,2,3,5,overall,2026-10-07T21:50:59.197086+00:00,nein,abfrage
SVI-BLK,38,1,gardevoir-ex-sv,Gardevoir,319,1054,1035,455,47.39,hydreigon-ex,Hydreigon,10,26.67,2,6,2,overall,2026-10-07T21:50:59.197086+00:00,nein,abfrage
SVI-BLK,38,1,gardevoir-ex-sv,Gardevoir,319,1054,1035,455,47.39,hop-zacian,Hop's Zacian,9,48.15,4,4,1,overall,2026-10-07T21:50:59.197086+00:00,nein,abfrage
SVI-BLK,38,1,gardevoir-ex-sv,Gardevoir,319,1054,1035,455,47.39,charizard-dusknoir,Charizard Dusknoir,9,55.56,5,4,0,overall,2026-10-07T21:50:59.197086+00:00,nein,abfrage
SVI-BLK,38,1,gardevoir-ex-sv,Gardevoir,319,1054,1035,455,47.39,farigiraf-milotic,Farigiraf Milotic,8,45.83,3,3,2,overall,2026-10-07T21:50:59.197086+00:00,nein,abfrage
SVI-BLK,38,1,gardevoir-ex-sv,Gardevoir,319,1054,1035,455,47.39,poison-archaludon,Poison Archaludon,7,52.38,3,2,2,overall,2026-10-07T21:50:59.197086+00:00,nein,abfrage
SVI-BLK,38,1,gardevoir-ex-sv,Gardevoir,319,1054,1035,455,47.39,cynthia-garchomp-ex,Cynthia's Garchomp,7,52.38,3,2,2,overall,2026-10-07T21:50:59.197086+00:00,nein,abfrage
SVI-BLK,38,1,gardevoir-ex-sv,Gardevoir,319,1054,1035,455,47.39,archaludon-ex,Archaludon,7,76.19,5,1,1,overall,2026-10-07T21:50:59.197086+00:00,nein,abfrage
SVI-BLK,38,1,gardevoir-ex-sv,Gardevoir,319,1054,1035,455,47.39,ceruledge-ex,Ceruledge,7,52.38,3,2,2,overall,2026-10-07T21:50:59.197086+00:00,nein,abfrage
SVI-BLK,38,1,gardevoir-ex-sv,Gardevoir,319,1054,1035,455,47.39,slowking-scr,Slowking,6,38.89,2,3,1,overall,2026-10-07T21:50:59.197086+00:00,nein,abfrage
SVI-BLK,38,1,gardevoir-ex-sv,Gardevoir,319,1054,1035,455,47.39,rocket-mewtwo-ex,Rocket's Mewtwo,6,72.22,4,1,1,overall,2026-10-07T21:50:59.197086+00:00,nein,abfrage
SVI-BLK,38,1,gardevoir-ex-sv,Gardevoir,319,1054,1035,455,47.39,roaring-moon-dudunsparce,Roaring Moon Dudunsparce,6,11.11,0,4,2,overall,2026-10-07T21:50:59.197086+00:00,nein,abfrage
SVI-BLK,38,1,gardevoir-ex-sv,Gardevoir,319,1054,1035,455,47.39,dudunsparce-control,Dudunsparce Control,5,66.67,3,1,1,overall,2026-10-07T21:50:59.197086+00:00,nein,abfrage
SVI-BLK,38,1,gardevoir-ex-sv,Gardevoir,319,1054,1035,455,47.39,mamoswine-ex,Mamoswine,5,66.67,3,1,1,overall,2026-10-07T21:50:59.197086+00:00,nein,abfrage
SVI-BLK,38,1,gardevoir-ex-sv,Gardevoir,319,1054,1035,455,47.39,charizard-dragapult,Charizard Dragapult,5,60.0,3,2,0,overall,2026-10-07T21:50:59.197086+00:00,nein,abfrage
SVI-BLK,38,1,gardevoir-ex-sv,Gardevoir,319,1054,1035,455,47.39,greninja-ex,Greninja,5,66.67,3,1,1,overall,2026-10-07T21:50:59.197086+00:00,nein,abfrage
SVI-BLK,38,1,gardevoir-ex-sv,Gardevoir,319,1054,1035,455,47.39,pidgeot-control,Pidgeot Control,4,33.33,1,2,1,overall,2026-10-07T21:50:59.197086+00:00,nein,abfrage
SVI-BLK,38,1,gardevoir-ex-sv,Gardevoir,319,1054,1035,455,47.39,slaking-ex,Slaking,4,75.0,3,1,0,overall,2026-10-07T21:50:59.197086+00:00,nein,abfrage
SVI-BLK,38,1,gardevoir-ex-sv,Gardevoir,319,1054,1035,455,47.39,dragapult-blaziken,Dragapult Blaziken,4,41.67,1,1,2,overall,2026-10-07T21:50:59.197086+00:00,nein,abfrage
SVI-BLK,38,1,gardevoir-ex-sv,Gardevoir,319,1054,1035,455,47.39,scovillain-ex,Scovillain,3,66.67,2,1,0,overall,2026-10-07T21:50:59.197086+00:00,nein,abfrage
SVI-BLK,38,1,gardevoir-ex-sv,Gardevoir,319,1054,1035,455,47.39,united-wings,United Wings,3,66.67,2,1,0,overall,2026-10-07T21:50:59.197086+00:00,nein,abfrage
SVI-BLK,38,1,gardevoir-ex-sv,Gardevoir,319,1054,1035,455,47.39,gholdengo-dudunsparce,Gholdengo Dudunsparce,3,33.33,1,2,0,overall,2026-10-07T21:50:59.197086+00:00,nein,abfrage
SVI-BLK,38,1,gardevoir-ex-sv,Gardevoir,319,1054,1035,455,47.39,reging-bolt-bellibolt,Raging Bolt Bellibolt,3,77.78,2,0,1,overall,2026-10-07T21:50:59.197086+00:00,nein,abfrage
SVI-BLK,38,1,gardevoir-ex-sv,Gardevoir,319,1054,1035,455,47.39,hydrapple-ogerpon,Hydrapple Ogerpon,3,66.67,2,1,0,overall,2026-10-07T21:50:59.197086+00:00,nein,abfrage
SVI-BLK,38,1,gardevoir-ex-sv,Gardevoir,319,1054,1035,455,47.39,terapagos-noctowl,Terapagos Noctowl,3,77.78,2,0,1,overall,2026-10-07T21:50:59.197086+00:00,nein,abfrage
SVI-BLK,38,1,gardevoir-ex-sv,Gardevoir,319,1054,1035,455,47.39,dragapult-zoroark,Dragapult Zoroark,3,33.33,1,2,0,overall,2026-10-07T21:50:59.197086+00:00,nein,abfrage
SVI-BLK,38,1,gardevoir-ex-sv,Gardevoir,319,1054,1035,455,47.39,seaking-pre,Seaking Festival Lead,3,44.44,1,1,1,overall,2026-10-07T21:50:59.197086+00:00,nein,abfrage
SVI-BLK,38,1,gardevoir-ex-sv,Gardevoir,319,1054,1035,455,47.39,miraidon-eelektrik,Miraidon Eelektrik,2,16.67,0,1,1,overall,2026-10-07T21:50:59.197086+00:00,nein,abfrage
SVI-BLK,38,1,gardevoir-ex-sv,Gardevoir,319,1054,1035,455,47.39,dragapult-iron-thorns,Dragapult Iron Thorns,2,33.33,0,0,2,overall,2026-10-07T21:50:59.197086+00:00,nein,abfrage
SVI-BLK,38,1,gardevoir-ex-sv,Gardevoir,319,1054,1035,455,47.39,sinistcha-ogerpon,Sinistcha Ogerpon,2,16.67,0,1,1,overall,2026-10-07T21:50:59.197086+00:00,nein,abfrage
SVI-BLK,38,1,gardevoir-ex-sv,Gardevoir,319,1054,1035,455,47.39,wugtrio-svi,Wugtrio Mill,2,100.0,2,0,0,overall,2026-10-07T21:50:59.197086+00:00,nein,abfrage
SVI-BLK,38,1,gardevoir-ex-sv,Gardevoir,319,1054,1035,455,47.39,festival-lead,Festival Lead,2,16.67,0,1,1,overall,2026-10-07T21:50:59.197086+00:00,nein,abfrage
SVI-BLK,38,1,gardevoir-ex-sv,Gardevoir,319,1054,1035,455,47.39,ethan-magcargo,Ethan's Magcargo,2,50.0,1,1,0,overall,2026-10-07T21:50:59.197086+00:00,nein,abfrage
SVI-BLK,38,1,gardevoir-ex-sv,Gardevoir,319,1054,1035,455,47.39,iron-valiant-ex,Iron Valiant,2,100.0,2,0,0,overall,2026-10-07T21:50:59.197086+00:00,nein,abfrage
SVI-BLK,38,1,gardevoir-ex-sv,Gardevoir,319,1054,1035,455,47.39,gholdengo-dragapult,Gholdengo Dragapult,2,100.0,2,0,0,overall,2026-10-07T21:50:59.197086+00:00,nein,abfrage
SVI-BLK,38,1,gardevoir-ex-sv,Gardevoir,319,1054,1035,455,47.39,okidogi-ex,Okidogi,1,100.0,1,0,0,overall,2026-10-07T21:50:59.197086+00:00,nein,abfrage
SVI-BLK,38,1,gardevoir-ex-sv,Gardevoir,319,1054,1035,455,47.39,koraidon-ex,Koraidon,1,100.0,1,0,0,overall,2026-10-07T21:50:59.197086+00:00,nein,abfrage
SVI-BLK,38,1,gardevoir-ex-sv,Gardevoir,319,1054,1035,455,47.39,blaziken-ex-jtg,Blaziken,1,0.0,0,1,0,overall,2026-10-07T21:50:59.197086+00:00,nein,abfrage
SVI-BLK,38,1,gardevoir-ex-sv,Gardevoir,319,1054,1035,455,47.39,rocket-porygon-z,Rocket's Porygon-Z,1,0.0,0,1,0,overall,2026-10-07T21:50:59.197086+00:00,nein,abfrage
SVI-BLK,38,1,gardevoir-ex-sv,Gardevoir,319,1054,1035,455,47.39,greninja-blaziken,Greninja Blaziken,1,100.0,1,0,0,overall,2026-10-07T21:50:59.197086+00:00,nein,abfrage
SVI-BLK,38,1,gardevoir-ex-sv,Gardevoir,319,1054,1035,455,47.39,chien-pao-noctowl,Chien-Pao Noctowl,1,0.0,0,1,0,overall,2026-10-07T21:50:59.197086+00:00,nein,abfrage
SVI-BLK,38,1,gardevoir-ex-sv,Gardevoir,319,1054,1035,455,47.39,flygon-ex-ssp,Flygon,1,100.0,1,0,0,overall,2026-10-07T21:50:59.197086+00:00,nein,abfrage
SVI-BLK,38,1,gardevoir-ex-sv,Gardevoir,319,1054,1035,455,47.39,marnie-grimmsnarl-ex,Marnie's Grimmsnarl,1,0.0,0,1,0,overall,2026-10-07T21:50:59.197086+00:00,nein,abfrage
SVI-BLK,38,1,gardevoir-ex-sv,Gardevoir,319,1054,1035,455,47.39,charizard-ex,Charizard,1,0.0,0,1,0,overall,2026-10-07T21:50:59.197086+00:00,nein,abfrage
SVI-BLK,38,1,gardevoir-ex-sv,Gardevoir,319,1054,1035,455,47.39,alakazam-ex,Alakazam,1,33.33,0,0,1,overall,2026-10-07T21:50:59.197086+00:00,nein,abfrage
SVI-BLK,38,1,gardevoir-ex-sv,Gardevoir,319,1054,1035,455,47.39,okidogi-twm,Okidogi,1,100.0,1,0,0,overall,2026-10-07T21:50:59.197086+00:00,nein,abfrage
SVI-BLK,38,1,gardevoir-ex-sv,Gardevoir,319,1054,1035,455,47.39,yanmega-ex,Yanmega,1,100.0,1,0,0,overall,2026-10-07T21:50:59.197086+00:00,nein,abfrage
SVI-BLK,38,1,gardevoir-ex-sv,Gardevoir,319,1054,1035,455,47.39,palafin-ex,Palafin,1,100.0,1,0,0,overall,2026-10-07T21:50:59.197086+00:00,nein,abfrage
SVI-BLK,38,1,gardevoir-jellicent,Gardevoir Jellicent,92,431,281,142,56.01,gardevoir-ex-sv,Gardevoir,130,61.03,73,38,19,overall,2026-10-07T21:51:00.966608+00:00,nein,abfrage
SVI-BLK,38,1,gardevoir-jellicent,Gardevoir Jellicent,92,431,281,142,56.01,dragapult-dusknoir,Dragapult Dusknoir,130,64.87,80,37,13,overall,2026-10-07T21:51:00.966608+00:00,nein,abfrage
SVI-BLK,38,1,gardevoir-jellicent,Gardevoir Jellicent,92,431,281,142,56.01,gholdengo-ex,Gholdengo,102,48.37,44,42,16,overall,2026-10-07T21:51:00.966608+00:00,nein,abfrage
SVI-BLK,38,1,gardevoir-jellicent,Gardevoir Jellicent,92,431,281,142,56.01,raging-bolt-ogerpon,Raging Bolt Ogerpon,70,63.81,41,18,11,overall,2026-10-07T21:51:00.966608+00:00,nein,abfrage
SVI-BLK,38,1,gardevoir-jellicent,Gardevoir Jellicent,92,431,281,142,56.01,gholdengo-joltik-box,Gholdengo Joltik Box,61,44.81,22,23,16,overall,2026-10-07T21:51:00.966608+00:00,nein,abfrage
SVI-BLK,38,1,gardevoir-jellicent,Gardevoir Jellicent,92,431,281,142,56.01,joltik-box,Joltik Box,37,48.65,16,15,6,overall,2026-10-07T21:51:00.966608+00:00,nein,abfrage
SVI-BLK,38,1,gardevoir-jellicent,Gardevoir Jellicent,92,431,281,142,56.01,tera-box,Tera Box,33,46.46,13,13,7,overall,2026-10-07T21:51:00.966608+00:00,nein,abfrage
SVI-BLK,38,1,gardevoir-jellicent,Gardevoir Jellicent,92,431,281,142,56.01,charizard-pidgeot,Charizard Pidgeot,31,46.24,11,10,10,overall,2026-10-07T21:51:00.966608+00:00,nein,abfrage
SVI-BLK,38,1,gardevoir-jellicent,Gardevoir Jellicent,92,431,281,142,56.01,flareon-noctowl,Flareon Noctowl,28,65.48,16,5,7,overall,2026-10-07T21:51:00.966608+00:00,nein,abfrage
SVI-BLK,38,1,gardevoir-jellicent,Gardevoir Jellicent,92,431,281,142,56.01,n-zoroark,N's Zoroark,25,28.0,6,16,3,overall,2026-10-07T21:51:00.966608+00:00,nein,abfrage
SVI-BLK,38,1,gardevoir-jellicent,Gardevoir Jellicent,92,431,281,142,56.01,gardevoir-jellicent,Gardevoir Jellicent,22,46.97,18,18,8,overall,2026-10-07T21:51:00.966608+00:00,ja,abfrage
SVI-BLK,38,1,gardevoir-jellicent,Gardevoir Jellicent,92,431,281,142,56.01,grimmsnarl-froslass,Grimmsnarl Froslass,20,30.0,5,12,3,overall,2026-10-07T21:51:00.966608+00:00,nein,abfrage
SVI-BLK,38,1,gardevoir-jellicent,Gardevoir Jellicent,92,431,281,142,56.01,dragapult-ex,Dragapult,16,56.25,8,5,3,overall,2026-10-07T21:51:00.966608+00:00,nein,abfrage
SVI-BLK,38,1,gardevoir-jellicent,Gardevoir Jellicent,92,431,281,142,56.01,ethan-typhlosion,Ethan's Typhlosion,14,64.29,8,3,3,overall,2026-10-07T21:51:00.966608+00:00,nein,abfrage
SVI-BLK,38,1,gardevoir-jellicent,Gardevoir Jellicent,92,431,281,142,56.01,conkeldurr-twm,Conkeldurr,13,82.05,10,1,2,overall,2026-10-07T21:51:00.966608+00:00,nein,abfrage
SVI-BLK,38,1,gardevoir-jellicent,Gardevoir Jellicent,92,431,281,142,56.01,crustle-dri,Crustle,12,86.11,10,1,1,overall,2026-10-07T21:51:00.966608+00:00,nein,abfrage
SVI-BLK,38,1,gardevoir-jellicent,Gardevoir Jellicent,92,431,281,142,56.01,ho-oh-armarouge,Ho-Oh Armarouge,10,60.0,5,2,3,overall,2026-10-07T21:51:00.966608+00:00,nein,abfrage
SVI-BLK,38,1,gardevoir-jellicent,Gardevoir Jellicent,92,431,281,142,56.01,dragapult-charizard,Dragapult Charizard,7,76.19,5,1,1,overall,2026-10-07T21:51:00.966608+00:00,nein,abfrage
SVI-BLK,38,1,gardevoir-jellicent,Gardevoir Jellicent,92,431,281,142,56.01,ceruledge-ex,Ceruledge,5,66.67,3,1,1,overall,2026-10-07T21:51:00.966608+00:00,nein,abfrage
SVI-BLK,38,1,gardevoir-jellicent,Gardevoir Jellicent,92,431,281,142,56.01,toedscruel-ex,Toedscruel,5,46.67,2,2,1,overall,2026-10-07T21:51:00.966608+00:00,nein,abfrage
SVI-BLK,38,1,gardevoir-jellicent,Gardevoir Jellicent,92,431,281,142,56.01,blissey-ex,Blissey,4,8.33,0,3,1,overall,2026-10-07T21:51:00.966608+00:00,nein,abfrage
SVI-BLK,38,1,gardevoir-jellicent,Gardevoir Jellicent,92,431,281,142,56.01,roaring-moon-ex,Roaring Moon,4,33.33,1,2,1,overall,2026-10-07T21:51:00.966608+00:00,nein,abfrage
SVI-BLK,38,1,gardevoir-jellicent,Gardevoir Jellicent,92,431,281,142,56.01,farigiraf-milotic,Farigiraf Milotic,4,41.67,1,1,2,overall,2026-10-07T21:51:00.966608+00:00,nein,abfrage
SVI-BLK,38,1,gardevoir-jellicent,Gardevoir Jellicent,92,431,281,142,56.01,cynthia-garchomp-ex,Cynthia's Garchomp,3,77.78,2,0,1,overall,2026-10-07T21:51:00.966608+00:00,nein,abfrage
SVI-BLK,38,1,gardevoir-jellicent,Gardevoir Jellicent,92,431,281,142,56.01,iron-thorns-ex,Iron Thorns,3,0.0,0,3,0,overall,2026-10-07T21:51:00.966608+00:00,nein,abfrage
SVI-BLK,38,1,gardevoir-jellicent,Gardevoir Jellicent,92,431,281,142,56.01,other,Other,3,100.0,3,0,0,overall,2026-10-07T21:51:00.966608+00:00,nein,abfrage
SVI-BLK,38,1,gardevoir-jellicent,Gardevoir Jellicent,92,431,281,142,56.01,charizard-noctowl,Charizard Noctowl,3,66.67,2,1,0,overall,2026-10-07T21:51:00.966608+00:00,nein,abfrage
SVI-BLK,38,1,gardevoir-jellicent,Gardevoir Jellicent,92,431,281,142,56.01,charizard-dragapult,Charizard Dragapult,3,11.11,0,2,1,overall,2026-10-07T21:51:00.966608+00:00,nein,abfrage
SVI-BLK,38,1,gardevoir-jellicent,Gardevoir Jellicent,92,431,281,142,56.01,ogerpon-ex,Ogerpon,3,100.0,3,0,0,overall,2026-10-07T21:51:00.966608+00:00,nein,abfrage
SVI-BLK,38,1,gardevoir-jellicent,Gardevoir Jellicent,92,431,281,142,56.01,slowking-scr,Slowking,2,100.0,2,0,0,overall,2026-10-07T21:51:00.966608+00:00,nein,abfrage
SVI-BLK,38,1,gardevoir-jellicent,Gardevoir Jellicent,92,431,281,142,56.01,pidgeot-control,Pidgeot Control,2,50.0,1,1,0,overall,2026-10-07T21:51:00.966608+00:00,nein,abfrage
SVI-BLK,38,1,gardevoir-jellicent,Gardevoir Jellicent,92,431,281,142,56.01,chien-pao-noctowl,Chien-Pao Noctowl,2,100.0,2,0,0,overall,2026-10-07T21:51:00.966608+00:00,nein,abfrage
SVI-BLK,38,1,gardevoir-jellicent,Gardevoir Jellicent,92,431,281,142,56.01,sinistcha-ogerpon,Sinistcha Ogerpon,2,100.0,2,0,0,overall,2026-10-07T21:51:00.966608+00:00,nein,abfrage
SVI-BLK,38,1,gardevoir-jellicent,Gardevoir Jellicent,92,431,281,142,56.01,charizard-dusknoir,Charizard Dusknoir,2,100.0,2,0,0,overall,2026-10-07T21:51:00.966608+00:00,nein,abfrage
SVI-BLK,38,1,gardevoir-jellicent,Gardevoir Jellicent,92,431,281,142,56.01,terapagos-noctowl,Terapagos Noctowl,2,100.0,2,0,0,overall,2026-10-07T21:51:00.966608+00:00,nein,abfrage
SVI-BLK,38,1,gardevoir-jellicent,Gardevoir Jellicent,92,431,281,142,56.01,flareon-ex,Flareon,1,100.0,1,0,0,overall,2026-10-07T21:51:00.966608+00:00,nein,abfrage
SVI-BLK,38,1,gardevoir-jellicent,Gardevoir Jellicent,92,431,281,142,56.01,galvantula-ex,Galvantula,1,33.33,0,0,1,overall,2026-10-07T21:51:00.966608+00:00,nein,abfrage
SVI-BLK,38,1,gardevoir-jellicent,Gardevoir Jellicent,92,431,281,142,56.01,hydrapple-ogerpon,Hydrapple Ogerpon,1,100.0,1,0,0,overall,2026-10-07T21:51:00.966608+00:00,nein,abfrage
SVI-BLK,38,1,gardevoir-jellicent,Gardevoir Jellicent,92,431,281,142,56.01,greninja-ex,Greninja,1,100.0,1,0,0,overall,2026-10-07T21:51:00.966608+00:00,nein,abfrage
SVI-BLK,38,1,gardevoir-jellicent,Gardevoir Jellicent,92,431,281,142,56.01,dragapult-blaziken,Dragapult Blaziken,1,100.0,1,0,0,overall,2026-10-07T21:51:00.966608+00:00,nein,abfrage
SVI-BLK,38,1,gardevoir-jellicent,Gardevoir Jellicent,92,431,281,142,56.01,united-wings,United Wings,1,0.0,0,1,0,overall,2026-10-07T21:51:00.966608+00:00,nein,abfrage
SVI-BLK,38,1,gardevoir-jellicent,Gardevoir Jellicent,92,431,281,142,56.01,gholdengo-dudunsparce,Gholdengo Dudunsparce,1,100.0,1,0,0,overall,2026-10-07T21:51:00.966608+00:00,nein,abfrage
SVI-BLK,38,1,gardevoir-jellicent,Gardevoir Jellicent,92,431,281,142,56.01,hop-zacian,Hop's Zacian,1,100.0,1,0,0,overall,2026-10-07T21:51:00.966608+00:00,nein,abfrage
SVI-BLK,38,1,gardevoir-jellicent,Gardevoir Jellicent,92,431,281,142,56.01,iron-hands-magneton,Iron Hands Magneton,1,100.0,1,0,0,overall,2026-10-07T21:51:00.966608+00:00,nein,abfrage
SVI-BLK,38,1,gardevoir-jellicent,Gardevoir Jellicent,92,431,281,142,56.01,gouging-fire-ex,Gouging Fire,1,100.0,1,0,0,overall,2026-10-07T21:51:00.966608+00:00,nein,abfrage
SVI-BLK,38,1,gardevoir-jellicent,Gardevoir Jellicent,92,431,281,142,56.01,hydreigon-ex,Hydreigon,1,33.33,0,0,1,overall,2026-10-07T21:51:00.966608+00:00,nein,abfrage
SVI-BLK,38,1,gardevoir-jellicent,Gardevoir Jellicent,92,431,281,142,56.01,wugtrio-svi,Wugtrio Mill,1,100.0,1,0,0,overall,2026-10-07T21:51:00.966608+00:00,nein,abfrage
SVI-BLK,38,1,gardevoir-jellicent,Gardevoir Jellicent,92,431,281,142,56.01,dudunsparce-control,Dudunsparce Control,1,0.0,0,1,0,overall,2026-10-07T21:51:00.966608+00:00,nein,abfrage
SVI-BLK,38,1,gardevoir-jellicent,Gardevoir Jellicent,92,431,281,142,56.01,dragapult-zoroark,Dragapult Zoroark,1,0.0,0,1,0,overall,2026-10-07T21:51:00.966608+00:00,nein,abfrage
SVI-BLK,38,1,gholdengo-dragapult,Gholdengo Dragapult,2,4,7,2,35.9,joltik-box,Joltik Box,2,0.0,0,2,0,overall,2026-10-07T21:51:02.727585+00:00,nein,abfrage
SVI-BLK,38,1,gholdengo-dragapult,Gholdengo Dragapult,2,4,7,2,35.9,grimmsnarl-froslass,Grimmsnarl Froslass,2,50.0,1,1,0,overall,2026-10-07T21:51:02.727585+00:00,nein,abfrage
SVI-BLK,38,1,gholdengo-dragapult,Gholdengo Dragapult,2,4,7,2,35.9,dragapult-dusknoir,Dragapult Dusknoir,2,33.33,0,0,2,overall,2026-10-07T21:51:02.727585+00:00,nein,abfrage
SVI-BLK,38,1,gholdengo-dragapult,Gholdengo Dragapult,2,4,7,2,35.9,gardevoir-ex-sv,Gardevoir,2,0.0,0,2,0,overall,2026-10-07T21:51:02.727585+00:00,nein,abfrage
SVI-BLK,38,1,gholdengo-dragapult,Gholdengo Dragapult,2,4,7,2,35.9,raging-bolt-ogerpon,Raging Bolt Ogerpon,1,0.0,0,1,0,overall,2026-10-07T21:51:02.727585+00:00,nein,abfrage
SVI-BLK,38,1,gholdengo-dragapult,Gholdengo Dragapult,2,4,7,2,35.9,other,Other,1,100.0,1,0,0,overall,2026-10-07T21:51:02.727585+00:00,nein,abfrage
SVI-BLK,38,1,gholdengo-dragapult,Gholdengo Dragapult,2,4,7,2,35.9,gholdengo-ex,Gholdengo,1,100.0,1,0,0,overall,2026-10-07T21:51:02.727585+00:00,nein,abfrage
SVI-BLK,38,1,gholdengo-dragapult,Gholdengo Dragapult,2,4,7,2,35.9,hydreigon-ex,Hydreigon,1,100.0,1,0,0,overall,2026-10-07T21:51:02.727585+00:00,nein,abfrage
SVI-BLK,38,1,gholdengo-dragapult,Gholdengo Dragapult,2,4,7,2,35.9,tera-box,Tera Box,1,0.0,0,1,0,overall,2026-10-07T21:51:02.727585+00:00,nein,abfrage
SVI-BLK,38,1,gholdengo-dudunsparce,Gholdengo Dudunsparce,2,8,4,4,58.33,gardevoir-ex-sv,Gardevoir,3,66.67,2,1,0,overall,2026-10-07T21:51:04.474266+00:00,nein,abfrage
SVI-BLK,38,1,gholdengo-dudunsparce,Gholdengo Dudunsparce,2,8,4,4,58.33,dragapult-dusknoir,Dragapult Dusknoir,3,77.78,2,0,1,overall,2026-10-07T21:51:04.474266+00:00,nein,abfrage
SVI-BLK,38,1,gholdengo-dudunsparce,Gholdengo Dudunsparce,2,8,4,4,58.33,gholdengo-ex,Gholdengo,3,100.0,3,0,0,overall,2026-10-07T21:51:04.474266+00:00,nein,abfrage
SVI-BLK,38,1,gholdengo-dudunsparce,Gholdengo Dudunsparce,2,8,4,4,58.33,raging-bolt-ogerpon,Raging Bolt Ogerpon,3,33.33,1,2,0,overall,2026-10-07T21:51:04.474266+00:00,nein,abfrage
SVI-BLK,38,1,gholdengo-dudunsparce,Gholdengo Dudunsparce,2,8,4,4,58.33,grimmsnarl-froslass,Grimmsnarl Froslass,2,33.33,0,0,2,overall,2026-10-07T21:51:04.474266+00:00,nein,abfrage
SVI-BLK,38,1,gholdengo-dudunsparce,Gholdengo Dudunsparce,2,8,4,4,58.33,joltik-box,Joltik Box,1,33.33,0,0,1,overall,2026-10-07T21:51:04.474266+00:00,nein,abfrage
SVI-BLK,38,1,gholdengo-dudunsparce,Gholdengo Dudunsparce,2,8,4,4,58.33,gardevoir-jellicent,Gardevoir Jellicent,1,0.0,0,1,0,overall,2026-10-07T21:51:04.474266+00:00,nein,abfrage
SVI-BLK,38,1,gholdengo-ex,Gholdengo,337,1088,1173,350,46.14,dragapult-dusknoir,Dragapult Dusknoir,429,54.93,217,156,56,overall,2026-10-07T21:51:06.257435+00:00,nein,abfrage
SVI-BLK,38,1,gholdengo-ex,Gholdengo,337,1088,1173,350,46.14,gardevoir-ex-sv,Gardevoir,298,58.61,152,78,68,overall,2026-10-07T21:51:06.257435+00:00,nein,abfrage
SVI-BLK,38,1,gholdengo-ex,Gholdengo,337,1088,1173,350,46.14,raging-bolt-ogerpon,Raging Bolt Ogerpon,229,50.22,106,96,27,overall,2026-10-07T21:51:06.257435+00:00,nein,abfrage
SVI-BLK,38,1,gholdengo-ex,Gholdengo,337,1088,1173,350,46.14,gholdengo-joltik-box,Gholdengo Joltik Box,166,38.35,58,91,17,overall,2026-10-07T21:51:06.257435+00:00,nein,abfrage
SVI-BLK,38,1,gholdengo-ex,Gholdengo,337,1088,1173,350,46.14,joltik-box,Joltik Box,137,44.53,54,62,21,overall,2026-10-07T21:51:06.257435+00:00,nein,abfrage
SVI-BLK,38,1,gholdengo-ex,Gholdengo,337,1088,1173,350,46.14,gholdengo-ex,Gholdengo,134,48.51,122,122,24,overall,2026-10-07T21:51:06.257435+00:00,ja,abfrage
SVI-BLK,38,1,gholdengo-ex,Gholdengo,337,1088,1173,350,46.14,charizard-pidgeot,Charizard Pidgeot,121,36.36,40,69,12,overall,2026-10-07T21:51:06.257435+00:00,nein,abfrage
SVI-BLK,38,1,gholdengo-ex,Gholdengo,337,1088,1173,350,46.14,tera-box,Tera Box,106,39.31,38,57,11,overall,2026-10-07T21:51:06.257435+00:00,nein,abfrage
SVI-BLK,38,1,gholdengo-ex,Gholdengo,337,1088,1173,350,46.14,gardevoir-jellicent,Gardevoir Jellicent,102,46.41,42,44,16,overall,2026-10-07T21:51:06.257435+00:00,nein,abfrage
SVI-BLK,38,1,gholdengo-ex,Gholdengo,337,1088,1173,350,46.14,flareon-noctowl,Flareon Noctowl,83,26.91,21,58,4,overall,2026-10-07T21:51:06.257435+00:00,nein,abfrage
SVI-BLK,38,1,gholdengo-ex,Gholdengo,337,1088,1173,350,46.14,grimmsnarl-froslass,Grimmsnarl Froslass,80,51.67,35,26,19,overall,2026-10-07T21:51:06.257435+00:00,nein,abfrage
SVI-BLK,38,1,gholdengo-ex,Gholdengo,337,1088,1173,350,46.14,dragapult-ex,Dragapult,56,29.76,15,36,5,overall,2026-10-07T21:51:06.257435+00:00,nein,abfrage
SVI-BLK,38,1,gholdengo-ex,Gholdengo,337,1088,1173,350,46.14,ethan-typhlosion,Ethan's Typhlosion,49,17.69,7,37,5,overall,2026-10-07T21:51:06.257435+00:00,nein,abfrage
SVI-BLK,38,1,gholdengo-ex,Gholdengo,337,1088,1173,350,46.14,dragapult-charizard,Dragapult Charizard,48,37.5,16,26,6,overall,2026-10-07T21:51:06.257435+00:00,nein,abfrage
SVI-BLK,38,1,gholdengo-ex,Gholdengo,337,1088,1173,350,46.14,n-zoroark,N's Zoroark,47,52.48,23,19,5,overall,2026-10-07T21:51:06.257435+00:00,nein,abfrage
SVI-BLK,38,1,gholdengo-ex,Gholdengo,337,1088,1173,350,46.14,conkeldurr-twm,Conkeldurr,43,17.05,5,31,7,overall,2026-10-07T21:51:06.257435+00:00,nein,abfrage
SVI-BLK,38,1,gholdengo-ex,Gholdengo,337,1088,1173,350,46.14,ho-oh-armarouge,Ho-Oh Armarouge,40,38.33,13,20,7,overall,2026-10-07T21:51:06.257435+00:00,nein,abfrage
SVI-BLK,38,1,gholdengo-ex,Gholdengo,337,1088,1173,350,46.14,crustle-dri,Crustle,30,28.89,7,18,5,overall,2026-10-07T21:51:06.257435+00:00,nein,abfrage
SVI-BLK,38,1,gholdengo-ex,Gholdengo,337,1088,1173,350,46.14,iron-thorns-ex,Iron Thorns,18,22.22,3,12,3,overall,2026-10-07T21:51:06.257435+00:00,nein,abfrage
SVI-BLK,38,1,gholdengo-ex,Gholdengo,337,1088,1173,350,46.14,toedscruel-ex,Toedscruel,16,66.67,10,4,2,overall,2026-10-07T21:51:06.257435+00:00,nein,abfrage
SVI-BLK,38,1,gholdengo-ex,Gholdengo,337,1088,1173,350,46.14,cynthia-garchomp-ex,Cynthia's Garchomp,14,33.33,4,8,2,overall,2026-10-07T21:51:06.257435+00:00,nein,abfrage
SVI-BLK,38,1,gholdengo-ex,Gholdengo,337,1088,1173,350,46.14,blissey-ex,Blissey,13,17.95,2,10,1,overall,2026-10-07T21:51:06.257435+00:00,nein,abfrage
SVI-BLK,38,1,gholdengo-ex,Gholdengo,337,1088,1173,350,46.14,iron-hands-magneton,Iron Hands Magneton,13,56.41,7,5,1,overall,2026-10-07T21:51:06.257435+00:00,nein,abfrage
SVI-BLK,38,1,gholdengo-ex,Gholdengo,337,1088,1173,350,46.14,other,Other,13,58.97,7,4,2,overall,2026-10-07T21:51:06.257435+00:00,nein,abfrage
SVI-BLK,38,1,gholdengo-ex,Gholdengo,337,1088,1173,350,46.14,roaring-moon-ex,Roaring Moon,10,50.0,5,5,0,overall,2026-10-07T21:51:06.257435+00:00,nein,abfrage
SVI-BLK,38,1,gholdengo-ex,Gholdengo,337,1088,1173,350,46.14,ogerpon-ex,Ogerpon,10,23.33,2,7,1,overall,2026-10-07T21:51:06.257435+00:00,nein,abfrage
SVI-BLK,38,1,gholdengo-ex,Gholdengo,337,1088,1173,350,46.14,poison-archaludon,Poison Archaludon,10,80.0,8,2,0,overall,2026-10-07T21:51:06.257435+00:00,nein,abfrage
SVI-BLK,38,1,gholdengo-ex,Gholdengo,337,1088,1173,350,46.14,charizard-dragapult,Charizard Dragapult,9,37.04,2,3,4,overall,2026-10-07T21:51:06.257435+00:00,nein,abfrage
SVI-BLK,38,1,gholdengo-ex,Gholdengo,337,1088,1173,350,46.14,pidgeot-control,Pidgeot Control,9,33.33,2,4,3,overall,2026-10-07T21:51:06.257435+00:00,nein,abfrage
SVI-BLK,38,1,gholdengo-ex,Gholdengo,337,1088,1173,350,46.14,hydreigon-ex,Hydreigon,9,77.78,7,2,0,overall,2026-10-07T21:51:06.257435+00:00,nein,abfrage
SVI-BLK,38,1,gholdengo-ex,Gholdengo,337,1088,1173,350,46.14,farigiraf-milotic,Farigiraf Milotic,9,7.41,0,7,2,overall,2026-10-07T21:51:06.257435+00:00,nein,abfrage
SVI-BLK,38,1,gholdengo-ex,Gholdengo,337,1088,1173,350,46.14,charizard-dusknoir,Charizard Dusknoir,8,41.67,3,4,1,overall,2026-10-07T21:51:06.257435+00:00,nein,abfrage
SVI-BLK,38,1,gholdengo-ex,Gholdengo,337,1088,1173,350,46.14,charizard-noctowl,Charizard Noctowl,8,37.5,3,5,0,overall,2026-10-07T21:51:06.257435+00:00,nein,abfrage
SVI-BLK,38,1,gholdengo-ex,Gholdengo,337,1088,1173,350,46.14,hop-zacian,Hop's Zacian,8,20.83,1,5,2,overall,2026-10-07T21:51:06.257435+00:00,nein,abfrage
SVI-BLK,38,1,gholdengo-ex,Gholdengo,337,1088,1173,350,46.14,ceruledge-ex,Ceruledge,8,37.5,3,5,0,overall,2026-10-07T21:51:06.257435+00:00,nein,abfrage
SVI-BLK,38,1,gholdengo-ex,Gholdengo,337,1088,1173,350,46.14,greninja-ex,Greninja,6,61.11,3,1,2,overall,2026-10-07T21:51:06.257435+00:00,nein,abfrage
SVI-BLK,38,1,gholdengo-ex,Gholdengo,337,1088,1173,350,46.14,rocket-mewtwo-ex,Rocket's Mewtwo,5,73.33,3,0,2,overall,2026-10-07T21:51:06.257435+00:00,nein,abfrage
SVI-BLK,38,1,gholdengo-ex,Gholdengo,337,1088,1173,350,46.14,archaludon-ex,Archaludon,5,60.0,3,2,0,overall,2026-10-07T21:51:06.257435+00:00,nein,abfrage
SVI-BLK,38,1,gholdengo-ex,Gholdengo,337,1088,1173,350,46.14,united-wings,United Wings,5,60.0,3,2,0,overall,2026-10-07T21:51:06.257435+00:00,nein,abfrage
SVI-BLK,38,1,gholdengo-ex,Gholdengo,337,1088,1173,350,46.14,miraidon-eelektrik,Miraidon Eelektrik,4,50.0,2,2,0,overall,2026-10-07T21:51:06.257435+00:00,nein,abfrage
SVI-BLK,38,1,gholdengo-ex,Gholdengo,337,1088,1173,350,46.14,mamoswine-ex,Mamoswine,4,75.0,3,1,0,overall,2026-10-07T21:51:06.257435+00:00,nein,abfrage
SVI-BLK,38,1,gholdengo-ex,Gholdengo,337,1088,1173,350,46.14,terapagos-noctowl,Terapagos Noctowl,4,58.33,2,1,1,overall,2026-10-07T21:51:06.257435+00:00,nein,abfrage
SVI-BLK,38,1,gholdengo-ex,Gholdengo,337,1088,1173,350,46.14,festival-lead,Festival Lead,4,75.0,3,1,0,overall,2026-10-07T21:51:06.257435+00:00,nein,abfrage
SVI-BLK,38,1,gholdengo-ex,Gholdengo,337,1088,1173,350,46.14,greninja-blaziken,Greninja Blaziken,3,77.78,2,0,1,overall,2026-10-07T21:51:06.257435+00:00,nein,abfrage
SVI-BLK,38,1,gholdengo-ex,Gholdengo,337,1088,1173,350,46.14,reging-bolt-bellibolt,Raging Bolt Bellibolt,3,100.0,3,0,0,overall,2026-10-07T21:51:06.257435+00:00,nein,abfrage
SVI-BLK,38,1,gholdengo-ex,Gholdengo,337,1088,1173,350,46.14,miraidon-ex,Miraidon,3,77.78,2,0,1,overall,2026-10-07T21:51:06.257435+00:00,nein,abfrage
SVI-BLK,38,1,gholdengo-ex,Gholdengo,337,1088,1173,350,46.14,froslass-munkidori,Froslass Munkidori,3,11.11,0,2,1,overall,2026-10-07T21:51:06.257435+00:00,nein,abfrage
SVI-BLK,38,1,gholdengo-ex,Gholdengo,337,1088,1173,350,46.14,slowking-scr,Slowking,3,66.67,2,1,0,overall,2026-10-07T21:51:06.257435+00:00,nein,abfrage
SVI-BLK,38,1,gholdengo-ex,Gholdengo,337,1088,1173,350,46.14,gholdengo-dudunsparce,Gholdengo Dudunsparce,3,0.0,0,3,0,overall,2026-10-07T21:51:06.257435+00:00,nein,abfrage
SVI-BLK,38,1,gholdengo-ex,Gholdengo,337,1088,1173,350,46.14,marnie-grimmsnarl-ex,Marnie's Grimmsnarl,3,66.67,2,1,0,overall,2026-10-07T21:51:06.257435+00:00,nein,abfrage
SVI-BLK,38,1,gholdengo-ex,Gholdengo,337,1088,1173,350,46.14,blaziken-ex-jtg,Blaziken,2,100.0,2,0,0,overall,2026-10-07T21:51:06.257435+00:00,nein,abfrage
SVI-BLK,38,1,gholdengo-ex,Gholdengo,337,1088,1173,350,46.14,hydrapple-ogerpon,Hydrapple Ogerpon,2,66.67,1,0,1,overall,2026-10-07T21:51:06.257435+00:00,nein,abfrage
SVI-BLK,38,1,gholdengo-ex,Gholdengo,337,1088,1173,350,46.14,okidogi-twm,Okidogi,2,16.67,0,1,1,overall,2026-10-07T21:51:06.257435+00:00,nein,abfrage
SVI-BLK,38,1,gholdengo-ex,Gholdengo,337,1088,1173,350,46.14,charizard-ex,Charizard,2,0.0,0,2,0,overall,2026-10-07T21:51:06.257435+00:00,nein,abfrage
SVI-BLK,38,1,gholdengo-ex,Gholdengo,337,1088,1173,350,46.14,slaking-ex,Slaking,2,50.0,1,1,0,overall,2026-10-07T21:51:06.257435+00:00,nein,abfrage
SVI-BLK,38,1,gholdengo-ex,Gholdengo,337,1088,1173,350,46.14,ethan-magcargo,Ethan's Magcargo,1,100.0,1,0,0,overall,2026-10-07T21:51:06.257435+00:00,nein,abfrage
SVI-BLK,38,1,gholdengo-ex,Gholdengo,337,1088,1173,350,46.14,ancient-box,Ancient Box,1,100.0,1,0,0,overall,2026-10-07T21:51:06.257435+00:00,nein,abfrage
SVI-BLK,38,1,gholdengo-ex,Gholdengo,337,1088,1173,350,46.14,tsareena-ex,Tsareena,1,100.0,1,0,0,overall,2026-10-07T21:51:06.257435+00:00,nein,abfrage
SVI-BLK,38,1,gholdengo-ex,Gholdengo,337,1088,1173,350,46.14,rocket-spidops,Rocket's Spidops,1,100.0,1,0,0,overall,2026-10-07T21:51:06.257435+00:00,nein,abfrage
SVI-BLK,38,1,gholdengo-ex,Gholdengo,337,1088,1173,350,46.14,rocket-porygon-z,Rocket's Porygon-Z,1,0.0,0,1,0,overall,2026-10-07T21:51:06.257435+00:00,nein,abfrage
SVI-BLK,38,1,gholdengo-ex,Gholdengo,337,1088,1173,350,46.14,gouging-fire-ex,Gouging Fire,1,100.0,1,0,0,overall,2026-10-07T21:51:06.257435+00:00,nein,abfrage
SVI-BLK,38,1,gholdengo-ex,Gholdengo,337,1088,1173,350,46.14,dragapult-zoroark,Dragapult Zoroark,1,100.0,1,0,0,overall,2026-10-07T21:51:06.257435+00:00,nein,abfrage
SVI-BLK,38,1,gholdengo-ex,Gholdengo,337,1088,1173,350,46.14,venomoth-froslass,Venomoth Froslass,1,100.0,1,0,0,overall,2026-10-07T21:51:06.257435+00:00,nein,abfrage
SVI-BLK,38,1,gholdengo-ex,Gholdengo,337,1088,1173,350,46.14,galvantula-ex,Galvantula,1,0.0,0,1,0,overall,2026-10-07T21:51:06.257435+00:00,nein,abfrage
SVI-BLK,38,1,gholdengo-ex,Gholdengo,337,1088,1173,350,46.14,roaring-moon-dudunsparce,Roaring Moon Dudunsparce,1,100.0,1,0,0,overall,2026-10-07T21:51:06.257435+00:00,nein,abfrage
SVI-BLK,38,1,gholdengo-ex,Gholdengo,337,1088,1173,350,46.14,dudunsparce-control,Dudunsparce Control,1,0.0,0,1,0,overall,2026-10-07T21:51:06.257435+00:00,nein,abfrage
SVI-BLK,38,1,gholdengo-ex,Gholdengo,337,1088,1173,350,46.14,alolan-exeggutor-ex,Alolan Exeggutor ex,1,100.0,1,0,0,overall,2026-10-07T21:51:06.257435+00:00,nein,abfrage
SVI-BLK,38,1,gholdengo-ex,Gholdengo,337,1088,1173,350,46.14,flygon-ex-ssp,Flygon,1,33.33,0,0,1,overall,2026-10-07T21:51:06.257435+00:00,nein,abfrage
SVI-BLK,38,1,gholdengo-ex,Gholdengo,337,1088,1173,350,46.14,gholdengo-dragapult,Gholdengo Dragapult,1,0.0,0,1,0,overall,2026-10-07T21:51:06.257435+00:00,nein,abfrage
SVI-BLK,38,1,gholdengo-ex,Gholdengo,337,1088,1173,350,46.14,chien-pao-baxcalibur,Chien-Pao Baxcalibur,1,100.0,1,0,0,overall,2026-10-07T21:51:06.257435+00:00,nein,abfrage
SVI-BLK,38,1,gholdengo-ex,Gholdengo,337,1088,1173,350,46.14,scovillain-ex,Scovillain,1,0.0,0,1,0,overall,2026-10-07T21:51:06.257435+00:00,nein,abfrage
SVI-BLK,38,1,gholdengo-ex,Gholdengo,337,1088,1173,350,46.14,dragapult-iron-thorns,Dragapult Iron Thorns,1,0.0,0,1,0,overall,2026-10-07T21:51:06.257435+00:00,nein,abfrage
SVI-BLK,38,1,gholdengo-ex,Gholdengo,337,1088,1173,350,46.14,palafin-ex,Palafin,1,0.0,0,1,0,overall,2026-10-07T21:51:06.257435+00:00,nein,abfrage
SVI-BLK,38,1,gholdengo-ex,Gholdengo,337,1088,1173,350,46.14,seaking-pre,Seaking Festival Lead,1,0.0,0,1,0,overall,2026-10-07T21:51:06.257435+00:00,nein,abfrage
SVI-BLK,38,1,gholdengo-joltik-box,Gholdengo Joltik Box,172,679,630,194,49.48,dragapult-dusknoir,Dragapult Dusknoir,232,46.26,101,112,19,overall,2026-10-07T21:51:08.020080+00:00,nein,abfrage
SVI-BLK,38,1,gholdengo-joltik-box,Gholdengo Joltik Box,172,679,630,194,49.48,raging-bolt-ogerpon,Raging Bolt Ogerpon,167,37.13,54,89,24,overall,2026-10-07T21:51:08.020080+00:00,nein,abfrage
SVI-BLK,38,1,gholdengo-joltik-box,Gholdengo Joltik Box,172,679,630,194,49.48,gholdengo-ex,Gholdengo,166,58.23,91,58,17,overall,2026-10-07T21:51:08.020080+00:00,nein,abfrage
SVI-BLK,38,1,gholdengo-joltik-box,Gholdengo Joltik Box,172,679,630,194,49.48,gardevoir-ex-sv,Gardevoir,163,62.78,92,40,31,overall,2026-10-07T21:51:08.020080+00:00,nein,abfrage
SVI-BLK,38,1,gholdengo-joltik-box,Gholdengo Joltik Box,172,679,630,194,49.48,joltik-box,Joltik Box,73,50.23,34,31,8,overall,2026-10-07T21:51:08.020080+00:00,nein,abfrage
SVI-BLK,38,1,gholdengo-joltik-box,Gholdengo Joltik Box,172,679,630,194,49.48,charizard-pidgeot,Charizard Pidgeot,62,52.69,30,24,8,overall,2026-10-07T21:51:08.020080+00:00,nein,abfrage
SVI-BLK,38,1,gholdengo-joltik-box,Gholdengo Joltik Box,172,679,630,194,49.48,gardevoir-jellicent,Gardevoir Jellicent,61,46.45,23,22,16,overall,2026-10-07T21:51:08.020080+00:00,nein,abfrage
SVI-BLK,38,1,gholdengo-joltik-box,Gholdengo Joltik Box,172,679,630,194,49.48,tera-box,Tera Box,59,53.67,30,24,5,overall,2026-10-07T21:51:08.020080+00:00,nein,abfrage
SVI-BLK,38,1,gholdengo-joltik-box,Gholdengo Joltik Box,172,679,630,194,49.48,gholdengo-joltik-box,Gholdengo Joltik Box,57,47.95,50,50,14,overall,2026-10-07T21:51:08.020080+00:00,ja,abfrage
SVI-BLK,38,1,gholdengo-joltik-box,Gholdengo Joltik Box,172,679,630,194,49.48,grimmsnarl-froslass,Grimmsnarl Froslass,56,50.0,26,24,6,overall,2026-10-07T21:51:08.020080+00:00,nein,abfrage
SVI-BLK,38,1,gholdengo-joltik-box,Gholdengo Joltik Box,172,679,630,194,49.48,flareon-noctowl,Flareon Noctowl,46,46.38,19,20,7,overall,2026-10-07T21:51:08.020080+00:00,nein,abfrage
SVI-BLK,38,1,gholdengo-joltik-box,Gholdengo Joltik Box,172,679,630,194,49.48,dragapult-ex,Dragapult,35,50.48,17,16,2,overall,2026-10-07T21:51:08.020080+00:00,nein,abfrage
SVI-BLK,38,1,gholdengo-joltik-box,Gholdengo Joltik Box,172,679,630,194,49.48,dragapult-charizard,Dragapult Charizard,29,54.02,14,10,5,overall,2026-10-07T21:51:08.020080+00:00,nein,abfrage
SVI-BLK,38,1,gholdengo-joltik-box,Gholdengo Joltik Box,172,679,630,194,49.48,ethan-typhlosion,Ethan's Typhlosion,26,35.9,8,14,4,overall,2026-10-07T21:51:08.020080+00:00,nein,abfrage
SVI-BLK,38,1,gholdengo-joltik-box,Gholdengo Joltik Box,172,679,630,194,49.48,n-zoroark,N's Zoroark,25,45.33,10,11,4,overall,2026-10-07T21:51:08.020080+00:00,nein,abfrage
SVI-BLK,38,1,gholdengo-joltik-box,Gholdengo Joltik Box,172,679,630,194,49.48,ho-oh-armarouge,Ho-Oh Armarouge,25,62.67,14,6,5,overall,2026-10-07T21:51:08.020080+00:00,nein,abfrage
SVI-BLK,38,1,gholdengo-joltik-box,Gholdengo Joltik Box,172,679,630,194,49.48,crustle-dri,Crustle,23,5.8,0,19,4,overall,2026-10-07T21:51:08.020080+00:00,nein,abfrage
SVI-BLK,38,1,gholdengo-joltik-box,Gholdengo Joltik Box,172,679,630,194,49.48,conkeldurr-twm,Conkeldurr,18,5.56,1,17,0,overall,2026-10-07T21:51:08.020080+00:00,nein,abfrage
SVI-BLK,38,1,gholdengo-joltik-box,Gholdengo Joltik Box,172,679,630,194,49.48,iron-hands-magneton,Iron Hands Magneton,11,54.55,6,5,0,overall,2026-10-07T21:51:08.020080+00:00,nein,abfrage
SVI-BLK,38,1,gholdengo-joltik-box,Gholdengo Joltik Box,172,679,630,194,49.48,ogerpon-ex,Ogerpon,7,47.62,3,3,1,overall,2026-10-07T21:51:08.020080+00:00,nein,abfrage
SVI-BLK,38,1,gholdengo-joltik-box,Gholdengo Joltik Box,172,679,630,194,49.48,archaludon-ex,Archaludon,7,52.38,3,2,2,overall,2026-10-07T21:51:08.020080+00:00,nein,abfrage
SVI-BLK,38,1,gholdengo-joltik-box,Gholdengo Joltik Box,172,679,630,194,49.48,iron-thorns-ex,Iron Thorns,7,61.9,4,2,1,overall,2026-10-07T21:51:08.020080+00:00,nein,abfrage
SVI-BLK,38,1,gholdengo-joltik-box,Gholdengo Joltik Box,172,679,630,194,49.48,cynthia-garchomp-ex,Cynthia's Garchomp,7,9.52,0,5,2,overall,2026-10-07T21:51:08.020080+00:00,nein,abfrage
SVI-BLK,38,1,gholdengo-joltik-box,Gholdengo Joltik Box,172,679,630,194,49.48,toedscruel-ex,Toedscruel,6,55.56,3,2,1,overall,2026-10-07T21:51:08.020080+00:00,nein,abfrage
SVI-BLK,38,1,gholdengo-joltik-box,Gholdengo Joltik Box,172,679,630,194,49.48,charizard-dusknoir,Charizard Dusknoir,6,83.33,5,1,0,overall,2026-10-07T21:51:08.020080+00:00,nein,abfrage
SVI-BLK,38,1,gholdengo-joltik-box,Gholdengo Joltik Box,172,679,630,194,49.48,other,Other,5,66.67,3,1,1,overall,2026-10-07T21:51:08.020080+00:00,nein,abfrage
SVI-BLK,38,1,gholdengo-joltik-box,Gholdengo Joltik Box,172,679,630,194,49.48,poison-archaludon,Poison Archaludon,5,80.0,4,1,0,overall,2026-10-07T21:51:08.020080+00:00,nein,abfrage
SVI-BLK,38,1,gholdengo-joltik-box,Gholdengo Joltik Box,172,679,630,194,49.48,blissey-ex,Blissey,5,46.67,2,2,1,overall,2026-10-07T21:51:08.020080+00:00,nein,abfrage
SVI-BLK,38,1,gholdengo-joltik-box,Gholdengo Joltik Box,172,679,630,194,49.48,pidgeot-control,Pidgeot Control,4,50.0,2,2,0,overall,2026-10-07T21:51:08.020080+00:00,nein,abfrage
SVI-BLK,38,1,gholdengo-joltik-box,Gholdengo Joltik Box,172,679,630,194,49.48,dragapult-blaziken,Dragapult Blaziken,4,75.0,3,1,0,overall,2026-10-07T21:51:08.020080+00:00,nein,abfrage
SVI-BLK,38,1,gholdengo-joltik-box,Gholdengo Joltik Box,172,679,630,194,49.48,slaking-ex,Slaking,4,58.33,2,1,1,overall,2026-10-07T21:51:08.020080+00:00,nein,abfrage
SVI-BLK,38,1,gholdengo-joltik-box,Gholdengo Joltik Box,172,679,630,194,49.48,roaring-moon-ex,Roaring Moon,4,50.0,2,2,0,overall,2026-10-07T21:51:08.020080+00:00,nein,abfrage
SVI-BLK,38,1,gholdengo-joltik-box,Gholdengo Joltik Box,172,679,630,194,49.48,seaking-pre,Seaking Festival Lead,3,33.33,1,2,0,overall,2026-10-07T21:51:08.020080+00:00,nein,abfrage
SVI-BLK,38,1,gholdengo-joltik-box,Gholdengo Joltik Box,172,679,630,194,49.48,miraidon-eelektrik,Miraidon Eelektrik,3,33.33,1,2,0,overall,2026-10-07T21:51:08.020080+00:00,nein,abfrage
SVI-BLK,38,1,gholdengo-joltik-box,Gholdengo Joltik Box,172,679,630,194,49.48,hydreigon-ex,Hydreigon,3,33.33,1,2,0,overall,2026-10-07T21:51:08.020080+00:00,nein,abfrage
SVI-BLK,38,1,gholdengo-joltik-box,Gholdengo Joltik Box,172,679,630,194,49.48,roaring-moon-dudunsparce,Roaring Moon Dudunsparce,3,77.78,2,0,1,overall,2026-10-07T21:51:08.020080+00:00,nein,abfrage
SVI-BLK,38,1,gholdengo-joltik-box,Gholdengo Joltik Box,172,679,630,194,49.48,iron-valiant-ex,Iron Valiant,3,66.67,2,1,0,overall,2026-10-07T21:51:08.020080+00:00,nein,abfrage
SVI-BLK,38,1,gholdengo-joltik-box,Gholdengo Joltik Box,172,679,630,194,49.48,charizard-noctowl,Charizard Noctowl,3,0.0,0,3,0,overall,2026-10-07T21:51:08.020080+00:00,nein,abfrage
SVI-BLK,38,1,gholdengo-joltik-box,Gholdengo Joltik Box,172,679,630,194,49.48,marnie-grimmsnarl-ex,Marnie's Grimmsnarl,2,66.67,1,0,1,overall,2026-10-07T21:51:08.020080+00:00,nein,abfrage
SVI-BLK,38,1,gholdengo-joltik-box,Gholdengo Joltik Box,172,679,630,194,49.48,terapagos-noctowl,Terapagos Noctowl,2,66.67,1,0,1,overall,2026-10-07T21:51:08.020080+00:00,nein,abfrage
SVI-BLK,38,1,gholdengo-joltik-box,Gholdengo Joltik Box,172,679,630,194,49.48,miraidon-ex,Miraidon,2,100.0,2,0,0,overall,2026-10-07T21:51:08.020080+00:00,nein,abfrage
SVI-BLK,38,1,gholdengo-joltik-box,Gholdengo Joltik Box,172,679,630,194,49.48,flareon-ex,Flareon,2,100.0,2,0,0,overall,2026-10-07T21:51:08.020080+00:00,nein,abfrage
SVI-BLK,38,1,gholdengo-joltik-box,Gholdengo Joltik Box,172,679,630,194,49.48,hop-zacian,Hop's Zacian,1,100.0,1,0,0,overall,2026-10-07T21:51:08.020080+00:00,nein,abfrage
SVI-BLK,38,1,gholdengo-joltik-box,Gholdengo Joltik Box,172,679,630,194,49.48,chien-pao-baxcalibur,Chien-Pao Baxcalibur,1,100.0,1,0,0,overall,2026-10-07T21:51:08.020080+00:00,nein,abfrage
SVI-BLK,38,1,gholdengo-joltik-box,Gholdengo Joltik Box,172,679,630,194,49.48,festival-lead,Festival Lead,1,100.0,1,0,0,overall,2026-10-07T21:51:08.020080+00:00,nein,abfrage
SVI-BLK,38,1,gholdengo-joltik-box,Gholdengo Joltik Box,172,679,630,194,49.48,wugtrio-svi,Wugtrio Mill,1,100.0,1,0,0,overall,2026-10-07T21:51:08.020080+00:00,nein,abfrage
SVI-BLK,38,1,gholdengo-joltik-box,Gholdengo Joltik Box,172,679,630,194,49.48,ceruledge-ex,Ceruledge,1,100.0,1,0,0,overall,2026-10-07T21:51:08.020080+00:00,nein,abfrage
SVI-BLK,38,1,gholdengo-joltik-box,Gholdengo Joltik Box,172,679,630,194,49.48,future-box,Future Box,1,100.0,1,0,0,overall,2026-10-07T21:51:08.020080+00:00,nein,abfrage
SVI-BLK,38,1,gholdengo-joltik-box,Gholdengo Joltik Box,172,679,630,194,49.48,okidogi-twm,Okidogi,1,0.0,0,1,0,overall,2026-10-07T21:51:08.020080+00:00,nein,abfrage
SVI-BLK,38,1,gholdengo-joltik-box,Gholdengo Joltik Box,172,679,630,194,49.48,charizard-ex,Charizard,1,100.0,1,0,0,overall,2026-10-07T21:51:08.020080+00:00,nein,abfrage
SVI-BLK,38,1,gholdengo-joltik-box,Gholdengo Joltik Box,172,679,630,194,49.48,farigiraf-milotic,Farigiraf Milotic,1,100.0,1,0,0,overall,2026-10-07T21:51:08.020080+00:00,nein,abfrage
SVI-BLK,38,1,gholdengo-joltik-box,Gholdengo Joltik Box,172,679,630,194,49.48,gouging-fire-ex,Gouging Fire,1,0.0,0,1,0,overall,2026-10-07T21:51:08.020080+00:00,nein,abfrage
SVI-BLK,38,1,gholdengo-joltik-box,Gholdengo Joltik Box,172,679,630,194,49.48,ethan-magcargo,Ethan's Magcargo,1,33.33,0,0,1,overall,2026-10-07T21:51:08.020080+00:00,nein,abfrage
SVI-BLK,38,1,gholdengo-joltik-box,Gholdengo Joltik Box,172,679,630,194,49.48,blaziken-ex-jtg,Blaziken,1,0.0,0,1,0,overall,2026-10-07T21:51:08.020080+00:00,nein,abfrage
SVI-BLK,38,1,gholdengo-joltik-box,Gholdengo Joltik Box,172,679,630,194,49.48,reging-bolt-bellibolt,Raging Bolt Bellibolt,1,100.0,1,0,0,overall,2026-10-07T21:51:08.020080+00:00,nein,abfrage
SVI-BLK,38,1,gholdengo-joltik-box,Gholdengo Joltik Box,172,679,630,194,49.48,charizard-dragapult,Charizard Dragapult,1,33.33,0,0,1,overall,2026-10-07T21:51:08.020080+00:00,nein,abfrage
SVI-BLK,38,1,gholdengo-joltik-box,Gholdengo Joltik Box,172,679,630,194,49.48,palafin-ex,Palafin,1,100.0,1,0,0,overall,2026-10-07T21:51:08.020080+00:00,nein,abfrage
SVI-BLK,38,1,gouging-fire-ex,Gouging Fire,1,4,4,0,50.0,charizard-pidgeot,Charizard Pidgeot,2,50.0,1,1,0,overall,2026-10-07T21:51:09.761678+00:00,nein,abfrage
SVI-BLK,38,1,gouging-fire-ex,Gouging Fire,1,4,4,0,50.0,raging-bolt-ogerpon,Raging Bolt Ogerpon,2,100.0,2,0,0,overall,2026-10-07T21:51:09.761678+00:00,nein,abfrage
SVI-BLK,38,1,gouging-fire-ex,Gouging Fire,1,4,4,0,50.0,gholdengo-ex,Gholdengo,1,0.0,0,1,0,overall,2026-10-07T21:51:09.761678+00:00,nein,abfrage
SVI-BLK,38,1,gouging-fire-ex,Gouging Fire,1,4,4,0,50.0,gholdengo-joltik-box,Gholdengo Joltik Box,1,100.0,1,0,0,overall,2026-10-07T21:51:09.761678+00:00,nein,abfrage
SVI-BLK,38,1,gouging-fire-ex,Gouging Fire,1,4,4,0,50.0,gardevoir-jellicent,Gardevoir Jellicent,1,0.0,0,1,0,overall,2026-10-07T21:51:09.761678+00:00,nein,abfrage
SVI-BLK,38,1,gouging-fire-ex,Gouging Fire,1,4,4,0,50.0,blissey-ex,Blissey,1,0.0,0,1,0,overall,2026-10-07T21:51:09.761678+00:00,nein,abfrage
SVI-BLK,38,1,greninja-blaziken,Greninja Blaziken,3,7,9,3,42.11,raging-bolt-ogerpon,Raging Bolt Ogerpon,4,58.33,2,1,1,overall,2026-10-07T21:51:11.500534+00:00,nein,abfrage
SVI-BLK,38,1,greninja-blaziken,Greninja Blaziken,3,7,9,3,42.11,gholdengo-ex,Gholdengo,3,11.11,0,2,1,overall,2026-10-07T21:51:11.500534+00:00,nein,abfrage
SVI-BLK,38,1,greninja-blaziken,Greninja Blaziken,3,7,9,3,42.11,dragapult-dusknoir,Dragapult Dusknoir,3,33.33,1,2,0,overall,2026-10-07T21:51:11.500534+00:00,nein,abfrage
SVI-BLK,38,1,greninja-blaziken,Greninja Blaziken,3,7,9,3,42.11,archaludon-ex,Archaludon,1,100.0,1,0,0,overall,2026-10-07T21:51:11.500534+00:00,nein,abfrage
SVI-BLK,38,1,greninja-blaziken,Greninja Blaziken,3,7,9,3,42.11,froslass-munkidori,Froslass Munkidori,1,100.0,1,0,0,overall,2026-10-07T21:51:11.500534+00:00,nein,abfrage
SVI-BLK,38,1,greninja-blaziken,Greninja Blaziken,3,7,9,3,42.11,grimmsnarl-froslass,Grimmsnarl Froslass,1,0.0,0,1,0,overall,2026-10-07T21:51:11.500534+00:00,nein,abfrage
SVI-BLK,38,1,greninja-blaziken,Greninja Blaziken,3,7,9,3,42.11,flareon-noctowl,Flareon Noctowl,1,0.0,0,1,0,overall,2026-10-07T21:51:11.500534+00:00,nein,abfrage
SVI-BLK,38,1,greninja-blaziken,Greninja Blaziken,3,7,9,3,42.11,slaking-ex,Slaking,1,100.0,1,0,0,overall,2026-10-07T21:51:11.500534+00:00,nein,abfrage
SVI-BLK,38,1,greninja-blaziken,Greninja Blaziken,3,7,9,3,42.11,gardevoir-ex-sv,Gardevoir,1,0.0,0,1,0,overall,2026-10-07T21:51:11.500534+00:00,nein,abfrage
SVI-BLK,38,1,greninja-blaziken,Greninja Blaziken,3,7,9,3,42.11,joltik-box,Joltik Box,1,33.33,0,0,1,overall,2026-10-07T21:51:11.500534+00:00,nein,abfrage
SVI-BLK,38,1,greninja-blaziken,Greninja Blaziken,3,7,9,3,42.11,ho-oh-armarouge,Ho-Oh Armarouge,1,0.0,0,1,0,overall,2026-10-07T21:51:11.500534+00:00,nein,abfrage
SVI-BLK,38,1,greninja-blaziken,Greninja Blaziken,3,7,9,3,42.11,tera-box,Tera Box,1,100.0,1,0,0,overall,2026-10-07T21:51:11.500534+00:00,nein,abfrage
SVI-BLK,38,1,greninja-ex,Greninja,9,11,27,7,29.63,raging-bolt-ogerpon,Raging Bolt Ogerpon,7,38.1,2,3,2,overall,2026-10-07T21:51:13.239851+00:00,nein,abfrage
SVI-BLK,38,1,greninja-ex,Greninja,9,11,27,7,29.63,gholdengo-ex,Gholdengo,6,27.78,1,3,2,overall,2026-10-07T21:51:13.239851+00:00,nein,abfrage
SVI-BLK,38,1,greninja-ex,Greninja,9,11,27,7,29.63,dragapult-dusknoir,Dragapult Dusknoir,5,20.0,1,4,0,overall,2026-10-07T21:51:13.239851+00:00,nein,abfrage
SVI-BLK,38,1,greninja-ex,Greninja,9,11,27,7,29.63,gardevoir-ex-sv,Gardevoir,5,26.67,1,3,1,overall,2026-10-07T21:51:13.239851+00:00,nein,abfrage
SVI-BLK,38,1,greninja-ex,Greninja,9,11,27,7,29.63,tera-box,Tera Box,3,0.0,0,3,0,overall,2026-10-07T21:51:13.239851+00:00,nein,abfrage
SVI-BLK,38,1,greninja-ex,Greninja,9,11,27,7,29.63,charizard-pidgeot,Charizard Pidgeot,3,66.67,2,1,0,overall,2026-10-07T21:51:13.239851+00:00,nein,abfrage
SVI-BLK,38,1,greninja-ex,Greninja,9,11,27,7,29.63,ogerpon-ex,Ogerpon,2,16.67,0,1,1,overall,2026-10-07T21:51:13.239851+00:00,nein,abfrage
SVI-BLK,38,1,greninja-ex,Greninja,9,11,27,7,29.63,grimmsnarl-froslass,Grimmsnarl Froslass,2,0.0,0,2,0,overall,2026-10-07T21:51:13.239851+00:00,nein,abfrage
SVI-BLK,38,1,greninja-ex,Greninja,9,11,27,7,29.63,dragapult-charizard,Dragapult Charizard,2,50.0,1,1,0,overall,2026-10-07T21:51:13.239851+00:00,nein,abfrage
SVI-BLK,38,1,greninja-ex,Greninja,9,11,27,7,29.63,n-zoroark,N's Zoroark,2,50.0,1,1,0,overall,2026-10-07T21:51:13.239851+00:00,nein,abfrage
SVI-BLK,38,1,greninja-ex,Greninja,9,11,27,7,29.63,joltik-box,Joltik Box,2,66.67,1,0,1,overall,2026-10-07T21:51:13.239851+00:00,nein,abfrage
SVI-BLK,38,1,greninja-ex,Greninja,9,11,27,7,29.63,flareon-noctowl,Flareon Noctowl,2,0.0,0,2,0,overall,2026-10-07T21:51:13.239851+00:00,nein,abfrage
SVI-BLK,38,1,greninja-ex,Greninja,9,11,27,7,29.63,gardevoir-jellicent,Gardevoir Jellicent,1,0.0,0,1,0,overall,2026-10-07T21:51:13.239851+00:00,nein,abfrage
SVI-BLK,38,1,greninja-ex,Greninja,9,11,27,7,29.63,hop-zacian,Hop's Zacian,1,0.0,0,1,0,overall,2026-10-07T21:51:13.239851+00:00,nein,abfrage
SVI-BLK,38,1,greninja-ex,Greninja,9,11,27,7,29.63,dragapult-ex,Dragapult,1,100.0,1,0,0,overall,2026-10-07T21:51:13.239851+00:00,nein,abfrage
SVI-BLK,38,1,grimmsnarl-froslass,Grimmsnarl Froslass,84,303,260,130,49.98,dragapult-dusknoir,Dragapult Dusknoir,104,55.77,52,34,18,overall,2026-10-07T21:51:15.012191+00:00,nein,abfrage
SVI-BLK,38,1,grimmsnarl-froslass,Grimmsnarl Froslass,84,303,260,130,49.98,gardevoir-ex-sv,Gardevoir,85,63.53,47,17,21,overall,2026-10-07T21:51:15.012191+00:00,nein,abfrage
SVI-BLK,38,1,grimmsnarl-froslass,Grimmsnarl Froslass,84,303,260,130,49.98,gholdengo-ex,Gholdengo,80,40.42,26,35,19,overall,2026-10-07T21:51:15.012191+00:00,nein,abfrage
SVI-BLK,38,1,grimmsnarl-froslass,Grimmsnarl Froslass,84,303,260,130,49.98,raging-bolt-ogerpon,Raging Bolt Ogerpon,66,34.85,19,35,12,overall,2026-10-07T21:51:15.012191+00:00,nein,abfrage
SVI-BLK,38,1,grimmsnarl-froslass,Grimmsnarl Froslass,84,303,260,130,49.98,gholdengo-joltik-box,Gholdengo Joltik Box,56,46.43,24,26,6,overall,2026-10-07T21:51:15.012191+00:00,nein,abfrage
SVI-BLK,38,1,grimmsnarl-froslass,Grimmsnarl Froslass,84,303,260,130,49.98,tera-box,Tera Box,35,39.05,12,18,5,overall,2026-10-07T21:51:15.012191+00:00,nein,abfrage
SVI-BLK,38,1,grimmsnarl-froslass,Grimmsnarl Froslass,84,303,260,130,49.98,joltik-box,Joltik Box,34,45.1,14,16,4,overall,2026-10-07T21:51:15.012191+00:00,nein,abfrage
SVI-BLK,38,1,grimmsnarl-froslass,Grimmsnarl Froslass,84,303,260,130,49.98,charizard-pidgeot,Charizard Pidgeot,28,57.14,14,8,6,overall,2026-10-07T21:51:15.012191+00:00,nein,abfrage
SVI-BLK,38,1,grimmsnarl-froslass,Grimmsnarl Froslass,84,303,260,130,49.98,dragapult-ex,Dragapult,24,38.89,7,10,7,overall,2026-10-07T21:51:15.012191+00:00,nein,abfrage
SVI-BLK,38,1,grimmsnarl-froslass,Grimmsnarl Froslass,84,303,260,130,49.98,gardevoir-jellicent,Gardevoir Jellicent,20,65.0,12,5,3,overall,2026-10-07T21:51:15.012191+00:00,nein,abfrage
SVI-BLK,38,1,grimmsnarl-froslass,Grimmsnarl Froslass,84,303,260,130,49.98,n-zoroark,N's Zoroark,19,36.84,6,10,3,overall,2026-10-07T21:51:15.012191+00:00,nein,abfrage
SVI-BLK,38,1,grimmsnarl-froslass,Grimmsnarl Froslass,84,303,260,130,49.98,flareon-noctowl,Flareon Noctowl,17,29.41,4,10,3,overall,2026-10-07T21:51:15.012191+00:00,nein,abfrage
SVI-BLK,38,1,grimmsnarl-froslass,Grimmsnarl Froslass,84,303,260,130,49.98,conkeldurr-twm,Conkeldurr,14,59.52,7,3,4,overall,2026-10-07T21:51:15.012191+00:00,nein,abfrage
SVI-BLK,38,1,grimmsnarl-froslass,Grimmsnarl Froslass,84,303,260,130,49.98,ho-oh-armarouge,Ho-Oh Armarouge,10,66.67,6,2,2,overall,2026-10-07T21:51:15.012191+00:00,nein,abfrage
SVI-BLK,38,1,grimmsnarl-froslass,Grimmsnarl Froslass,84,303,260,130,49.98,ethan-typhlosion,Ethan's Typhlosion,9,81.48,7,1,1,overall,2026-10-07T21:51:15.012191+00:00,nein,abfrage
SVI-BLK,38,1,grimmsnarl-froslass,Grimmsnarl Froslass,84,303,260,130,49.98,dragapult-charizard,Dragapult Charizard,8,54.17,4,3,1,overall,2026-10-07T21:51:15.012191+00:00,nein,abfrage
SVI-BLK,38,1,grimmsnarl-froslass,Grimmsnarl Froslass,84,303,260,130,49.98,crustle-dri,Crustle,7,33.33,2,4,1,overall,2026-10-07T21:51:15.012191+00:00,nein,abfrage
SVI-BLK,38,1,grimmsnarl-froslass,Grimmsnarl Froslass,84,303,260,130,49.98,grimmsnarl-froslass,Grimmsnarl Froslass,7,47.62,6,6,2,overall,2026-10-07T21:51:15.012191+00:00,ja,abfrage
SVI-BLK,38,1,grimmsnarl-froslass,Grimmsnarl Froslass,84,303,260,130,49.98,cynthia-garchomp-ex,Cynthia's Garchomp,6,50.0,2,1,3,overall,2026-10-07T21:51:15.012191+00:00,nein,abfrage
SVI-BLK,38,1,grimmsnarl-froslass,Grimmsnarl Froslass,84,303,260,130,49.98,charizard-dusknoir,Charizard Dusknoir,4,41.67,1,1,2,overall,2026-10-07T21:51:15.012191+00:00,nein,abfrage
SVI-BLK,38,1,grimmsnarl-froslass,Grimmsnarl Froslass,84,303,260,130,49.98,toedscruel-ex,Toedscruel,4,8.33,0,3,1,overall,2026-10-07T21:51:15.012191+00:00,nein,abfrage
SVI-BLK,38,1,grimmsnarl-froslass,Grimmsnarl Froslass,84,303,260,130,49.98,archaludon-ex,Archaludon,3,77.78,2,0,1,overall,2026-10-07T21:51:15.012191+00:00,nein,abfrage
SVI-BLK,38,1,grimmsnarl-froslass,Grimmsnarl Froslass,84,303,260,130,49.98,roaring-moon-ex,Roaring Moon,3,100.0,3,0,0,overall,2026-10-07T21:51:15.012191+00:00,nein,abfrage
SVI-BLK,38,1,grimmsnarl-froslass,Grimmsnarl Froslass,84,303,260,130,49.98,other,Other,3,100.0,3,0,0,overall,2026-10-07T21:51:15.012191+00:00,nein,abfrage
SVI-BLK,38,1,grimmsnarl-froslass,Grimmsnarl Froslass,84,303,260,130,49.98,iron-thorns-ex,Iron Thorns,3,77.78,2,0,1,overall,2026-10-07T21:51:15.012191+00:00,nein,abfrage
SVI-BLK,38,1,grimmsnarl-froslass,Grimmsnarl Froslass,84,303,260,130,49.98,ceruledge-ex,Ceruledge,2,100.0,2,0,0,overall,2026-10-07T21:51:15.012191+00:00,nein,abfrage
SVI-BLK,38,1,grimmsnarl-froslass,Grimmsnarl Froslass,84,303,260,130,49.98,greninja-ex,Greninja,2,100.0,2,0,0,overall,2026-10-07T21:51:15.012191+00:00,nein,abfrage
SVI-BLK,38,1,grimmsnarl-froslass,Grimmsnarl Froslass,84,303,260,130,49.98,froslass-munkidori,Froslass Munkidori,2,50.0,1,1,0,overall,2026-10-07T21:51:15.012191+00:00,nein,abfrage
SVI-BLK,38,1,grimmsnarl-froslass,Grimmsnarl Froslass,84,303,260,130,49.98,gholdengo-dudunsparce,Gholdengo Dudunsparce,2,33.33,0,0,2,overall,2026-10-07T21:51:15.012191+00:00,nein,abfrage
SVI-BLK,38,1,grimmsnarl-froslass,Grimmsnarl Froslass,84,303,260,130,49.98,charizard-noctowl,Charizard Noctowl,2,50.0,1,1,0,overall,2026-10-07T21:51:15.012191+00:00,nein,abfrage
SVI-BLK,38,1,grimmsnarl-froslass,Grimmsnarl Froslass,84,303,260,130,49.98,gholdengo-dragapult,Gholdengo Dragapult,2,50.0,1,1,0,overall,2026-10-07T21:51:15.012191+00:00,nein,abfrage
SVI-BLK,38,1,grimmsnarl-froslass,Grimmsnarl Froslass,84,303,260,130,49.98,blissey-ex,Blissey,2,0.0,0,2,0,overall,2026-10-07T21:51:15.012191+00:00,nein,abfrage
SVI-BLK,38,1,grimmsnarl-froslass,Grimmsnarl Froslass,84,303,260,130,49.98,sinistcha-ogerpon,Sinistcha Ogerpon,2,50.0,1,1,0,overall,2026-10-07T21:51:15.012191+00:00,nein,abfrage
SVI-BLK,38,1,grimmsnarl-froslass,Grimmsnarl Froslass,84,303,260,130,49.98,ogerpon-ex,Ogerpon,2,100.0,2,0,0,overall,2026-10-07T21:51:15.012191+00:00,nein,abfrage
SVI-BLK,38,1,grimmsnarl-froslass,Grimmsnarl Froslass,84,303,260,130,49.98,wugtrio-svi,Wugtrio Mill,1,100.0,1,0,0,overall,2026-10-07T21:51:15.012191+00:00,nein,abfrage
SVI-BLK,38,1,grimmsnarl-froslass,Grimmsnarl Froslass,84,303,260,130,49.98,miraidon-ex,Miraidon,1,100.0,1,0,0,overall,2026-10-07T21:51:15.012191+00:00,nein,abfrage
SVI-BLK,38,1,grimmsnarl-froslass,Grimmsnarl Froslass,84,303,260,130,49.98,hydrapple-ogerpon,Hydrapple Ogerpon,1,0.0,0,1,0,overall,2026-10-07T21:51:15.012191+00:00,nein,abfrage
SVI-BLK,38,1,grimmsnarl-froslass,Grimmsnarl Froslass,84,303,260,130,49.98,iron-hands-magneton,Iron Hands Magneton,1,0.0,0,1,0,overall,2026-10-07T21:51:15.012191+00:00,nein,abfrage
SVI-BLK,38,1,grimmsnarl-froslass,Grimmsnarl Froslass,84,303,260,130,49.98,miraidon-eelektrik,Miraidon Eelektrik,1,100.0,1,0,0,overall,2026-10-07T21:51:15.012191+00:00,nein,abfrage
SVI-BLK,38,1,grimmsnarl-froslass,Grimmsnarl Froslass,84,303,260,130,49.98,dragapult-pidgeot,Dragapult Pidgeot,1,100.0,1,0,0,overall,2026-10-07T21:51:15.012191+00:00,nein,abfrage
SVI-BLK,38,1,grimmsnarl-froslass,Grimmsnarl Froslass,84,303,260,130,49.98,future-box,Future Box,1,100.0,1,0,0,overall,2026-10-07T21:51:15.012191+00:00,nein,abfrage
SVI-BLK,38,1,grimmsnarl-froslass,Grimmsnarl Froslass,84,303,260,130,49.98,hydreigon-ex,Hydreigon,1,100.0,1,0,0,overall,2026-10-07T21:51:15.012191+00:00,nein,abfrage
SVI-BLK,38,1,grimmsnarl-froslass,Grimmsnarl Froslass,84,303,260,130,49.98,venomoth-froslass,Venomoth Froslass,1,33.33,0,0,1,overall,2026-10-07T21:51:15.012191+00:00,nein,abfrage
SVI-BLK,38,1,grimmsnarl-froslass,Grimmsnarl Froslass,84,303,260,130,49.98,dragapult-zoroark,Dragapult Zoroark,1,100.0,1,0,0,overall,2026-10-07T21:51:15.012191+00:00,nein,abfrage
SVI-BLK,38,1,grimmsnarl-froslass,Grimmsnarl Froslass,84,303,260,130,49.98,hop-zacian,Hop's Zacian,1,100.0,1,0,0,overall,2026-10-07T21:51:15.012191+00:00,nein,abfrage
SVI-BLK,38,1,grimmsnarl-froslass,Grimmsnarl Froslass,84,303,260,130,49.98,greninja-blaziken,Greninja Blaziken,1,100.0,1,0,0,overall,2026-10-07T21:51:15.012191+00:00,nein,abfrage
SVI-BLK,38,1,grimmsnarl-froslass,Grimmsnarl Froslass,84,303,260,130,49.98,terapagos-noctowl,Terapagos Noctowl,1,0.0,0,1,0,overall,2026-10-07T21:51:15.012191+00:00,nein,abfrage
SVI-BLK,38,1,grimmsnarl-froslass,Grimmsnarl Froslass,84,303,260,130,49.98,slaking-ex,Slaking,1,0.0,0,1,0,overall,2026-10-07T21:51:15.012191+00:00,nein,abfrage
SVI-BLK,38,1,grimmsnarl-froslass,Grimmsnarl Froslass,84,303,260,130,49.98,palafin-ex,Palafin,1,0.0,0,1,0,overall,2026-10-07T21:51:15.012191+00:00,nein,abfrage
SVI-BLK,38,1,grimmsnarl-froslass,Grimmsnarl Froslass,84,303,260,130,49.98,united-wings,United Wings,1,33.33,0,0,1,overall,2026-10-07T21:51:15.012191+00:00,nein,abfrage
SVI-BLK,38,1,grimmsnarl-froslass,Grimmsnarl Froslass,84,303,260,130,49.98,charizard-dragapult,Charizard Dragapult,1,0.0,0,1,0,overall,2026-10-07T21:51:15.012191+00:00,nein,abfrage
SVI-BLK,38,1,grimmsnarl-froslass,Grimmsnarl Froslass,84,303,260,130,49.98,flygon-ex-ssp,Flygon,1,100.0,1,0,0,overall,2026-10-07T21:51:15.012191+00:00,nein,abfrage
SVI-BLK,38,1,grimmsnarl-froslass,Grimmsnarl Froslass,84,303,260,130,49.98,pidgeot-control,Pidgeot Control,1,100.0,1,0,0,overall,2026-10-07T21:51:15.012191+00:00,nein,abfrage
SVI-BLK,38,1,ho-oh-armarouge,Ho-Oh Armarouge,37,111,123,49,44.99,gholdengo-ex,Gholdengo,40,55.83,20,13,7,overall,2026-10-07T21:51:16.759627+00:00,nein,abfrage
SVI-BLK,38,1,ho-oh-armarouge,Ho-Oh Armarouge,37,111,123,49,44.99,dragapult-dusknoir,Dragapult Dusknoir,37,44.14,15,18,4,overall,2026-10-07T21:51:16.759627+00:00,nein,abfrage
SVI-BLK,38,1,ho-oh-armarouge,Ho-Oh Armarouge,37,111,123,49,44.99,gardevoir-ex-sv,Gardevoir,34,32.35,8,17,9,overall,2026-10-07T21:51:16.759627+00:00,nein,abfrage
SVI-BLK,38,1,ho-oh-armarouge,Ho-Oh Armarouge,37,111,123,49,44.99,raging-bolt-ogerpon,Raging Bolt Ogerpon,33,59.6,18,10,5,overall,2026-10-07T21:51:16.759627+00:00,nein,abfrage
SVI-BLK,38,1,ho-oh-armarouge,Ho-Oh Armarouge,37,111,123,49,44.99,gholdengo-joltik-box,Gholdengo Joltik Box,25,30.67,6,14,5,overall,2026-10-07T21:51:16.759627+00:00,nein,abfrage
SVI-BLK,38,1,ho-oh-armarouge,Ho-Oh Armarouge,37,111,123,49,44.99,charizard-pidgeot,Charizard Pidgeot,15,22.22,2,9,4,overall,2026-10-07T21:51:16.759627+00:00,nein,abfrage
SVI-BLK,38,1,ho-oh-armarouge,Ho-Oh Armarouge,37,111,123,49,44.99,joltik-box,Joltik Box,13,38.46,4,6,3,overall,2026-10-07T21:51:16.759627+00:00,nein,abfrage
SVI-BLK,38,1,ho-oh-armarouge,Ho-Oh Armarouge,37,111,123,49,44.99,gardevoir-jellicent,Gardevoir Jellicent,10,30.0,2,5,3,overall,2026-10-07T21:51:16.759627+00:00,nein,abfrage
SVI-BLK,38,1,ho-oh-armarouge,Ho-Oh Armarouge,37,111,123,49,44.99,grimmsnarl-froslass,Grimmsnarl Froslass,10,26.67,2,6,2,overall,2026-10-07T21:51:16.759627+00:00,nein,abfrage
SVI-BLK,38,1,ho-oh-armarouge,Ho-Oh Armarouge,37,111,123,49,44.99,tera-box,Tera Box,8,66.67,5,2,1,overall,2026-10-07T21:51:16.759627+00:00,nein,abfrage
SVI-BLK,38,1,ho-oh-armarouge,Ho-Oh Armarouge,37,111,123,49,44.99,dragapult-ex,Dragapult,7,47.62,3,3,1,overall,2026-10-07T21:51:16.759627+00:00,nein,abfrage
SVI-BLK,38,1,ho-oh-armarouge,Ho-Oh Armarouge,37,111,123,49,44.99,flareon-noctowl,Flareon Noctowl,4,66.67,2,0,2,overall,2026-10-07T21:51:16.759627+00:00,nein,abfrage
SVI-BLK,38,1,ho-oh-armarouge,Ho-Oh Armarouge,37,111,123,49,44.99,ethan-typhlosion,Ethan's Typhlosion,4,25.0,1,3,0,overall,2026-10-07T21:51:16.759627+00:00,nein,abfrage
SVI-BLK,38,1,ho-oh-armarouge,Ho-Oh Armarouge,37,111,123,49,44.99,conkeldurr-twm,Conkeldurr,4,25.0,1,3,0,overall,2026-10-07T21:51:16.759627+00:00,nein,abfrage
SVI-BLK,38,1,ho-oh-armarouge,Ho-Oh Armarouge,37,111,123,49,44.99,n-zoroark,N's Zoroark,3,33.33,1,2,0,overall,2026-10-07T21:51:16.759627+00:00,nein,abfrage
SVI-BLK,38,1,ho-oh-armarouge,Ho-Oh Armarouge,37,111,123,49,44.99,ho-oh-armarouge,Ho-Oh Armarouge,3,50.0,3,3,0,overall,2026-10-07T21:51:16.759627+00:00,ja,abfrage
SVI-BLK,38,1,ho-oh-armarouge,Ho-Oh Armarouge,37,111,123,49,44.99,rocket-mewtwo-ex,Rocket's Mewtwo,2,66.67,1,0,1,overall,2026-10-07T21:51:16.759627+00:00,nein,abfrage
SVI-BLK,38,1,ho-oh-armarouge,Ho-Oh Armarouge,37,111,123,49,44.99,other,Other,2,100.0,2,0,0,overall,2026-10-07T21:51:16.759627+00:00,nein,abfrage
SVI-BLK,38,1,ho-oh-armarouge,Ho-Oh Armarouge,37,111,123,49,44.99,roaring-moon-ex,Roaring Moon,2,66.67,1,0,1,overall,2026-10-07T21:51:16.759627+00:00,nein,abfrage
SVI-BLK,38,1,ho-oh-armarouge,Ho-Oh Armarouge,37,111,123,49,44.99,iron-thorns-ex,Iron Thorns,2,50.0,1,1,0,overall,2026-10-07T21:51:16.759627+00:00,nein,abfrage
SVI-BLK,38,1,ho-oh-armarouge,Ho-Oh Armarouge,37,111,123,49,44.99,charizard-noctowl,Charizard Noctowl,1,100.0,1,0,0,overall,2026-10-07T21:51:16.759627+00:00,nein,abfrage
SVI-BLK,38,1,ho-oh-armarouge,Ho-Oh Armarouge,37,111,123,49,44.99,yanmega-ex,Yanmega,1,100.0,1,0,0,overall,2026-10-07T21:51:16.759627+00:00,nein,abfrage
SVI-BLK,38,1,ho-oh-armarouge,Ho-Oh Armarouge,37,111,123,49,44.99,iron-hands-magneton,Iron Hands Magneton,1,100.0,1,0,0,overall,2026-10-07T21:51:16.759627+00:00,nein,abfrage
SVI-BLK,38,1,ho-oh-armarouge,Ho-Oh Armarouge,37,111,123,49,44.99,alakazam-ex,Alakazam,1,100.0,1,0,0,overall,2026-10-07T21:51:16.759627+00:00,nein,abfrage
SVI-BLK,38,1,ho-oh-armarouge,Ho-Oh Armarouge,37,111,123,49,44.99,blissey-ex,Blissey,1,0.0,0,1,0,overall,2026-10-07T21:51:16.759627+00:00,nein,abfrage
SVI-BLK,38,1,ho-oh-armarouge,Ho-Oh Armarouge,37,111,123,49,44.99,slaking-ex,Slaking,1,0.0,0,1,0,overall,2026-10-07T21:51:16.759627+00:00,nein,abfrage
SVI-BLK,38,1,ho-oh-armarouge,Ho-Oh Armarouge,37,111,123,49,44.99,palafin-ex,Palafin,1,100.0,1,0,0,overall,2026-10-07T21:51:16.759627+00:00,nein,abfrage
SVI-BLK,38,1,ho-oh-armarouge,Ho-Oh Armarouge,37,111,123,49,44.99,charizard-dusknoir,Charizard Dusknoir,1,0.0,0,1,0,overall,2026-10-07T21:51:16.759627+00:00,nein,abfrage
SVI-BLK,38,1,ho-oh-armarouge,Ho-Oh Armarouge,37,111,123,49,44.99,galvantula-ex,Galvantula,1,100.0,1,0,0,overall,2026-10-07T21:51:16.759627+00:00,nein,abfrage
SVI-BLK,38,1,ho-oh-armarouge,Ho-Oh Armarouge,37,111,123,49,44.99,ogerpon-ex,Ogerpon,1,0.0,0,1,0,overall,2026-10-07T21:51:16.759627+00:00,nein,abfrage
SVI-BLK,38,1,ho-oh-armarouge,Ho-Oh Armarouge,37,111,123,49,44.99,slowking-scr,Slowking,1,0.0,0,1,0,overall,2026-10-07T21:51:16.759627+00:00,nein,abfrage
SVI-BLK,38,1,ho-oh-armarouge,Ho-Oh Armarouge,37,111,123,49,44.99,greninja-blaziken,Greninja Blaziken,1,100.0,1,0,0,overall,2026-10-07T21:51:16.759627+00:00,nein,abfrage
SVI-BLK,38,1,ho-oh-armarouge,Ho-Oh Armarouge,37,111,123,49,44.99,froslass-munkidori,Froslass Munkidori,1,100.0,1,0,0,overall,2026-10-07T21:51:16.759627+00:00,nein,abfrage
SVI-BLK,38,1,ho-oh-armarouge,Ho-Oh Armarouge,37,111,123,49,44.99,pidgeot-control,Pidgeot Control,1,100.0,1,0,0,overall,2026-10-07T21:51:16.759627+00:00,nein,abfrage
SVI-BLK,38,1,ho-oh-armarouge,Ho-Oh Armarouge,37,111,123,49,44.99,miraidon-eelektrik,Miraidon Eelektrik,1,0.0,0,1,0,overall,2026-10-07T21:51:16.759627+00:00,nein,abfrage
SVI-BLK,38,1,ho-oh-armarouge,Ho-Oh Armarouge,37,111,123,49,44.99,cynthia-garchomp-ex,Cynthia's Garchomp,1,33.33,0,0,1,overall,2026-10-07T21:51:16.759627+00:00,nein,abfrage
SVI-BLK,38,1,ho-oh-armarouge,Ho-Oh Armarouge,37,111,123,49,44.99,dragapult-charizard,Dragapult Charizard,1,100.0,1,0,0,overall,2026-10-07T21:51:16.759627+00:00,nein,abfrage
SVI-BLK,38,1,ho-oh-armarouge,Ho-Oh Armarouge,37,111,123,49,44.99,toedscruel-ex,Toedscruel,1,0.0,0,1,0,overall,2026-10-07T21:51:16.759627+00:00,nein,abfrage
SVI-BLK,38,1,ho-oh-armarouge,Ho-Oh Armarouge,37,111,123,49,44.99,hop-zacian,Hop's Zacian,1,100.0,1,0,0,overall,2026-10-07T21:51:16.759627+00:00,nein,abfrage
SVI-BLK,38,1,ho-oh-armarouge,Ho-Oh Armarouge,37,111,123,49,44.99,crustle-dri,Crustle,1,100.0,1,0,0,overall,2026-10-07T21:51:16.759627+00:00,nein,abfrage
SVI-BLK,38,1,ho-oh-armarouge,Ho-Oh Armarouge,37,111,123,49,44.99,seaking-pre,Seaking Festival Lead,1,100.0,1,0,0,overall,2026-10-07T21:51:16.759627+00:00,nein,abfrage
SVI-BLK,38,1,hop-zacian,Hop's Zacian,6,20,23,6,44.9,gardevoir-ex-sv,Gardevoir,9,48.15,4,4,1,overall,2026-10-07T21:51:18.511981+00:00,nein,abfrage
SVI-BLK,38,1,hop-zacian,Hop's Zacian,6,20,23,6,44.9,gholdengo-ex,Gholdengo,8,70.83,5,1,2,overall,2026-10-07T21:51:18.511981+00:00,nein,abfrage
SVI-BLK,38,1,hop-zacian,Hop's Zacian,6,20,23,6,44.9,charizard-pidgeot,Charizard Pidgeot,6,22.22,1,4,1,overall,2026-10-07T21:51:18.511981+00:00,nein,abfrage
SVI-BLK,38,1,hop-zacian,Hop's Zacian,6,20,23,6,44.9,dragapult-dusknoir,Dragapult Dusknoir,6,33.33,2,4,0,overall,2026-10-07T21:51:18.511981+00:00,nein,abfrage
SVI-BLK,38,1,hop-zacian,Hop's Zacian,6,20,23,6,44.9,dragapult-charizard,Dragapult Charizard,2,16.67,0,1,1,overall,2026-10-07T21:51:18.511981+00:00,nein,abfrage
SVI-BLK,38,1,hop-zacian,Hop's Zacian,6,20,23,6,44.9,flareon-noctowl,Flareon Noctowl,2,0.0,0,2,0,overall,2026-10-07T21:51:18.511981+00:00,nein,abfrage
SVI-BLK,38,1,hop-zacian,Hop's Zacian,6,20,23,6,44.9,tera-box,Tera Box,2,100.0,2,0,0,overall,2026-10-07T21:51:18.511981+00:00,nein,abfrage
SVI-BLK,38,1,hop-zacian,Hop's Zacian,6,20,23,6,44.9,dragapult-ex,Dragapult,2,16.67,0,1,1,overall,2026-10-07T21:51:18.511981+00:00,nein,abfrage
SVI-BLK,38,1,hop-zacian,Hop's Zacian,6,20,23,6,44.9,gholdengo-joltik-box,Gholdengo Joltik Box,1,0.0,0,1,0,overall,2026-10-07T21:51:18.511981+00:00,nein,abfrage
SVI-BLK,38,1,hop-zacian,Hop's Zacian,6,20,23,6,44.9,ethan-typhlosion,Ethan's Typhlosion,1,0.0,0,1,0,overall,2026-10-07T21:51:18.511981+00:00,nein,abfrage
SVI-BLK,38,1,hop-zacian,Hop's Zacian,6,20,23,6,44.9,joltik-box,Joltik Box,1,100.0,1,0,0,overall,2026-10-07T21:51:18.511981+00:00,nein,abfrage
SVI-BLK,38,1,hop-zacian,Hop's Zacian,6,20,23,6,44.9,greninja-ex,Greninja,1,100.0,1,0,0,overall,2026-10-07T21:51:18.511981+00:00,nein,abfrage
SVI-BLK,38,1,hop-zacian,Hop's Zacian,6,20,23,6,44.9,grimmsnarl-froslass,Grimmsnarl Froslass,1,0.0,0,1,0,overall,2026-10-07T21:51:18.511981+00:00,nein,abfrage
SVI-BLK,38,1,hop-zacian,Hop's Zacian,6,20,23,6,44.9,gardevoir-jellicent,Gardevoir Jellicent,1,0.0,0,1,0,overall,2026-10-07T21:51:18.511981+00:00,nein,abfrage
SVI-BLK,38,1,hop-zacian,Hop's Zacian,6,20,23,6,44.9,conkeldurr-twm,Conkeldurr,1,100.0,1,0,0,overall,2026-10-07T21:51:18.511981+00:00,nein,abfrage
SVI-BLK,38,1,hop-zacian,Hop's Zacian,6,20,23,6,44.9,raging-bolt-ogerpon,Raging Bolt Ogerpon,1,100.0,1,0,0,overall,2026-10-07T21:51:18.511981+00:00,nein,abfrage
SVI-BLK,38,1,hop-zacian,Hop's Zacian,6,20,23,6,44.9,ho-oh-armarouge,Ho-Oh Armarouge,1,0.0,0,1,0,overall,2026-10-07T21:51:18.511981+00:00,nein,abfrage
SVI-BLK,38,1,hop-zacian,Hop's Zacian,6,20,23,6,44.9,charizard-noctowl,Charizard Noctowl,1,100.0,1,0,0,overall,2026-10-07T21:51:18.511981+00:00,nein,abfrage
SVI-BLK,38,1,hydrapple-ogerpon,Hydrapple Ogerpon,4,6,14,6,30.77,tera-box,Tera Box,4,25.0,1,3,0,overall,2026-10-07T21:51:20.246011+00:00,nein,abfrage
SVI-BLK,38,1,hydrapple-ogerpon,Hydrapple Ogerpon,4,6,14,6,30.77,dragapult-dusknoir,Dragapult Dusknoir,4,0.0,0,4,0,overall,2026-10-07T21:51:20.246011+00:00,nein,abfrage
SVI-BLK,38,1,hydrapple-ogerpon,Hydrapple Ogerpon,4,6,14,6,30.77,raging-bolt-ogerpon,Raging Bolt Ogerpon,4,41.67,1,1,2,overall,2026-10-07T21:51:20.246011+00:00,nein,abfrage
SVI-BLK,38,1,hydrapple-ogerpon,Hydrapple Ogerpon,4,6,14,6,30.77,gardevoir-ex-sv,Gardevoir,3,33.33,1,2,0,overall,2026-10-07T21:51:20.246011+00:00,nein,abfrage
SVI-BLK,38,1,hydrapple-ogerpon,Hydrapple Ogerpon,4,6,14,6,30.77,gholdengo-ex,Gholdengo,2,16.67,0,1,1,overall,2026-10-07T21:51:20.246011+00:00,nein,abfrage
SVI-BLK,38,1,hydrapple-ogerpon,Hydrapple Ogerpon,4,6,14,6,30.77,joltik-box,Joltik Box,2,66.67,1,0,1,overall,2026-10-07T21:51:20.246011+00:00,nein,abfrage
SVI-BLK,38,1,hydrapple-ogerpon,Hydrapple Ogerpon,4,6,14,6,30.77,dragapult-pidgeot,Dragapult Pidgeot,1,0.0,0,1,0,overall,2026-10-07T21:51:20.246011+00:00,nein,abfrage
SVI-BLK,38,1,hydrapple-ogerpon,Hydrapple Ogerpon,4,6,14,6,30.77,grimmsnarl-froslass,Grimmsnarl Froslass,1,100.0,1,0,0,overall,2026-10-07T21:51:20.246011+00:00,nein,abfrage
SVI-BLK,38,1,hydrapple-ogerpon,Hydrapple Ogerpon,4,6,14,6,30.77,gardevoir-jellicent,Gardevoir Jellicent,1,0.0,0,1,0,overall,2026-10-07T21:51:20.246011+00:00,nein,abfrage
SVI-BLK,38,1,hydrapple-ogerpon,Hydrapple Ogerpon,4,6,14,6,30.77,charizard-pidgeot,Charizard Pidgeot,1,0.0,0,1,0,overall,2026-10-07T21:51:20.246011+00:00,nein,abfrage
SVI-BLK,38,1,hydrapple-ogerpon,Hydrapple Ogerpon,4,6,14,6,30.77,toedscruel-ex,Toedscruel,1,33.33,0,0,1,overall,2026-10-07T21:51:20.246011+00:00,nein,abfrage
SVI-BLK,38,1,hydrapple-ogerpon,Hydrapple Ogerpon,4,6,14,6,30.77,sinistcha-ogerpon,Sinistcha Ogerpon,1,33.33,0,0,1,overall,2026-10-07T21:51:20.246011+00:00,nein,abfrage
SVI-BLK,38,1,hydrapple-ogerpon,Hydrapple Ogerpon,4,6,14,6,30.77,mamoswine-ex,Mamoswine,1,100.0,1,0,0,overall,2026-10-07T21:51:20.246011+00:00,nein,abfrage
SVI-BLK,38,1,hydreigon-ex,Hydreigon,10,20,38,11,34.3,dragapult-dusknoir,Dragapult Dusknoir,13,25.64,3,9,1,overall,2026-10-07T21:51:22.013197+00:00,nein,abfrage
SVI-BLK,38,1,hydreigon-ex,Hydreigon,10,20,38,11,34.3,gardevoir-ex-sv,Gardevoir,10,66.67,6,2,2,overall,2026-10-07T21:51:22.013197+00:00,nein,abfrage
SVI-BLK,38,1,hydreigon-ex,Hydreigon,10,20,38,11,34.3,gholdengo-ex,Gholdengo,9,22.22,2,7,0,overall,2026-10-07T21:51:22.013197+00:00,nein,abfrage
SVI-BLK,38,1,hydreigon-ex,Hydreigon,10,20,38,11,34.3,raging-bolt-ogerpon,Raging Bolt Ogerpon,9,3.7,0,8,1,overall,2026-10-07T21:51:22.013197+00:00,nein,abfrage
SVI-BLK,38,1,hydreigon-ex,Hydreigon,10,20,38,11,34.3,dragapult-ex,Dragapult,5,26.67,1,3,1,overall,2026-10-07T21:51:22.013197+00:00,nein,abfrage
SVI-BLK,38,1,hydreigon-ex,Hydreigon,10,20,38,11,34.3,gholdengo-joltik-box,Gholdengo Joltik Box,3,66.67,2,1,0,overall,2026-10-07T21:51:22.013197+00:00,nein,abfrage
SVI-BLK,38,1,hydreigon-ex,Hydreigon,10,20,38,11,34.3,charizard-pidgeot,Charizard Pidgeot,2,16.67,0,1,1,overall,2026-10-07T21:51:22.013197+00:00,nein,abfrage
SVI-BLK,38,1,hydreigon-ex,Hydreigon,10,20,38,11,34.3,joltik-box,Joltik Box,2,16.67,0,1,1,overall,2026-10-07T21:51:22.013197+00:00,nein,abfrage
SVI-BLK,38,1,hydreigon-ex,Hydreigon,10,20,38,11,34.3,tera-box,Tera Box,1,100.0,1,0,0,overall,2026-10-07T21:51:22.013197+00:00,nein,abfrage
SVI-BLK,38,1,hydreigon-ex,Hydreigon,10,20,38,11,34.3,dragapult-charizard,Dragapult Charizard,1,100.0,1,0,0,overall,2026-10-07T21:51:22.013197+00:00,nein,abfrage
SVI-BLK,38,1,hydreigon-ex,Hydreigon,10,20,38,11,34.3,grimmsnarl-froslass,Grimmsnarl Froslass,1,0.0,0,1,0,overall,2026-10-07T21:51:22.013197+00:00,nein,abfrage
SVI-BLK,38,1,hydreigon-ex,Hydreigon,10,20,38,11,34.3,pidgeot-control,Pidgeot Control,1,0.0,0,1,0,overall,2026-10-07T21:51:22.013197+00:00,nein,abfrage
SVI-BLK,38,1,hydreigon-ex,Hydreigon,10,20,38,11,34.3,ceruledge-ex,Ceruledge,1,0.0,0,1,0,overall,2026-10-07T21:51:22.013197+00:00,nein,abfrage
SVI-BLK,38,1,hydreigon-ex,Hydreigon,10,20,38,11,34.3,crustle-dri,Crustle,1,0.0,0,1,0,overall,2026-10-07T21:51:22.013197+00:00,nein,abfrage
SVI-BLK,38,1,hydreigon-ex,Hydreigon,10,20,38,11,34.3,ethan-typhlosion,Ethan's Typhlosion,1,100.0,1,0,0,overall,2026-10-07T21:51:22.013197+00:00,nein,abfrage
SVI-BLK,38,1,hydreigon-ex,Hydreigon,10,20,38,11,34.3,iron-hands-magneton,Iron Hands Magneton,1,100.0,1,0,0,overall,2026-10-07T21:51:22.013197+00:00,nein,abfrage
SVI-BLK,38,1,hydreigon-ex,Hydreigon,10,20,38,11,34.3,scovillain-ex,Scovillain,1,0.0,0,1,0,overall,2026-10-07T21:51:22.013197+00:00,nein,abfrage
SVI-BLK,38,1,hydreigon-ex,Hydreigon,10,20,38,11,34.3,gardevoir-jellicent,Gardevoir Jellicent,1,33.33,0,0,1,overall,2026-10-07T21:51:22.013197+00:00,nein,abfrage
SVI-BLK,38,1,hydreigon-ex,Hydreigon,10,20,38,11,34.3,gholdengo-dragapult,Gholdengo Dragapult,1,0.0,0,1,0,overall,2026-10-07T21:51:22.013197+00:00,nein,abfrage
SVI-BLK,38,1,hydreigon-ex,Hydreigon,10,20,38,11,34.3,n-zoroark,N's Zoroark,1,100.0,1,0,0,overall,2026-10-07T21:51:22.013197+00:00,nein,abfrage
SVI-BLK,38,1,hydreigon-ex,Hydreigon,10,20,38,11,34.3,flareon-noctowl,Flareon Noctowl,1,33.33,0,0,1,overall,2026-10-07T21:51:22.013197+00:00,nein,abfrage
SVI-BLK,38,1,hydreigon-ex,Hydreigon,10,20,38,11,34.3,archaludon-ex,Archaludon,1,100.0,1,0,0,overall,2026-10-07T21:51:22.013197+00:00,nein,abfrage
SVI-BLK,38,1,hydreigon-ex,Hydreigon,10,20,38,11,34.3,hydreigon-ex,Hydreigon,1,33.33,0,0,2,overall,2026-10-07T21:51:22.013197+00:00,ja,abfrage
SVI-BLK,38,1,iono-bellibolt,Iono's Bellibolt,1,0,3,2,13.33,charizard-pidgeot,Charizard Pidgeot,2,16.67,0,1,1,overall,2026-10-07T21:51:23.746612+00:00,nein,abfrage
SVI-BLK,38,1,iono-bellibolt,Iono's Bellibolt,1,0,3,2,13.33,ethan-typhlosion,Ethan's Typhlosion,1,0.0,0,1,0,overall,2026-10-07T21:51:23.746612+00:00,nein,abfrage
SVI-BLK,38,1,iono-bellibolt,Iono's Bellibolt,1,0,3,2,13.33,dragapult-charizard,Dragapult Charizard,1,33.33,0,0,1,overall,2026-10-07T21:51:23.746612+00:00,nein,abfrage
SVI-BLK,38,1,iono-bellibolt,Iono's Bellibolt,1,0,3,2,13.33,dragapult-dusknoir,Dragapult Dusknoir,1,0.0,0,1,0,overall,2026-10-07T21:51:23.746612+00:00,nein,abfrage
SVI-BLK,38,1,iron-hands-magneton,Iron Hands Magneton,13,44,47,6,47.42,dragapult-dusknoir,Dragapult Dusknoir,17,60.78,10,6,1,overall,2026-10-07T21:51:25.489588+00:00,nein,abfrage
SVI-BLK,38,1,iron-hands-magneton,Iron Hands Magneton,13,44,47,6,47.42,gardevoir-ex-sv,Gardevoir,16,54.17,8,6,2,overall,2026-10-07T21:51:25.489588+00:00,nein,abfrage
SVI-BLK,38,1,iron-hands-magneton,Iron Hands Magneton,13,44,47,6,47.42,gholdengo-ex,Gholdengo,13,41.03,5,7,1,overall,2026-10-07T21:51:25.489588+00:00,nein,abfrage
SVI-BLK,38,1,iron-hands-magneton,Iron Hands Magneton,13,44,47,6,47.42,gholdengo-joltik-box,Gholdengo Joltik Box,11,45.45,5,6,0,overall,2026-10-07T21:51:25.489588+00:00,nein,abfrage
SVI-BLK,38,1,iron-hands-magneton,Iron Hands Magneton,13,44,47,6,47.42,raging-bolt-ogerpon,Raging Bolt Ogerpon,8,29.17,2,5,1,overall,2026-10-07T21:51:25.489588+00:00,nein,abfrage
SVI-BLK,38,1,iron-hands-magneton,Iron Hands Magneton,13,44,47,6,47.42,tera-box,Tera Box,5,46.67,2,2,1,overall,2026-10-07T21:51:25.489588+00:00,nein,abfrage
SVI-BLK,38,1,iron-hands-magneton,Iron Hands Magneton,13,44,47,6,47.42,charizard-pidgeot,Charizard Pidgeot,4,50.0,2,2,0,overall,2026-10-07T21:51:25.489588+00:00,nein,abfrage
SVI-BLK,38,1,iron-hands-magneton,Iron Hands Magneton,13,44,47,6,47.42,dragapult-charizard,Dragapult Charizard,3,33.33,1,2,0,overall,2026-10-07T21:51:25.489588+00:00,nein,abfrage
SVI-BLK,38,1,iron-hands-magneton,Iron Hands Magneton,13,44,47,6,47.42,ethan-typhlosion,Ethan's Typhlosion,3,100.0,3,0,0,overall,2026-10-07T21:51:25.489588+00:00,nein,abfrage
SVI-BLK,38,1,iron-hands-magneton,Iron Hands Magneton,13,44,47,6,47.42,dragapult-ex,Dragapult,2,100.0,2,0,0,overall,2026-10-07T21:51:25.489588+00:00,nein,abfrage
SVI-BLK,38,1,iron-hands-magneton,Iron Hands Magneton,13,44,47,6,47.42,crustle-dri,Crustle,2,0.0,0,2,0,overall,2026-10-07T21:51:25.489588+00:00,nein,abfrage
SVI-BLK,38,1,iron-hands-magneton,Iron Hands Magneton,13,44,47,6,47.42,joltik-box,Joltik Box,2,50.0,1,1,0,overall,2026-10-07T21:51:25.489588+00:00,nein,abfrage
SVI-BLK,38,1,iron-hands-magneton,Iron Hands Magneton,13,44,47,6,47.42,ogerpon-ex,Ogerpon,1,100.0,1,0,0,overall,2026-10-07T21:51:25.489588+00:00,nein,abfrage
SVI-BLK,38,1,iron-hands-magneton,Iron Hands Magneton,13,44,47,6,47.42,other,Other,1,0.0,0,1,0,overall,2026-10-07T21:51:25.489588+00:00,nein,abfrage
SVI-BLK,38,1,iron-hands-magneton,Iron Hands Magneton,13,44,47,6,47.42,flareon-noctowl,Flareon Noctowl,1,0.0,0,1,0,overall,2026-10-07T21:51:25.489588+00:00,nein,abfrage
SVI-BLK,38,1,iron-hands-magneton,Iron Hands Magneton,13,44,47,6,47.42,grimmsnarl-froslass,Grimmsnarl Froslass,1,100.0,1,0,0,overall,2026-10-07T21:51:25.489588+00:00,nein,abfrage
SVI-BLK,38,1,iron-hands-magneton,Iron Hands Magneton,13,44,47,6,47.42,ho-oh-armarouge,Ho-Oh Armarouge,1,0.0,0,1,0,overall,2026-10-07T21:51:25.489588+00:00,nein,abfrage
SVI-BLK,38,1,iron-hands-magneton,Iron Hands Magneton,13,44,47,6,47.42,seaking-pre,Seaking Festival Lead,1,0.0,0,1,0,overall,2026-10-07T21:51:25.489588+00:00,nein,abfrage
SVI-BLK,38,1,iron-hands-magneton,Iron Hands Magneton,13,44,47,6,47.42,poison-archaludon,Poison Archaludon,1,0.0,0,1,0,overall,2026-10-07T21:51:25.489588+00:00,nein,abfrage
SVI-BLK,38,1,iron-hands-magneton,Iron Hands Magneton,13,44,47,6,47.42,gardevoir-jellicent,Gardevoir Jellicent,1,0.0,0,1,0,overall,2026-10-07T21:51:25.489588+00:00,nein,abfrage
SVI-BLK,38,1,iron-hands-magneton,Iron Hands Magneton,13,44,47,6,47.42,hydreigon-ex,Hydreigon,1,0.0,0,1,0,overall,2026-10-07T21:51:25.489588+00:00,nein,abfrage
SVI-BLK,38,1,iron-hands-magneton,Iron Hands Magneton,13,44,47,6,47.42,charizard-dragapult,Charizard Dragapult,1,0.0,0,1,0,overall,2026-10-07T21:51:25.489588+00:00,nein,abfrage
SVI-BLK,38,1,iron-hands-magneton,Iron Hands Magneton,13,44,47,6,47.42,miraidon-ex,Miraidon,1,100.0,1,0,0,overall,2026-10-07T21:51:25.489588+00:00,nein,abfrage
SVI-BLK,38,1,iron-thorns-ex,Iron Thorns,16,64,56,17,50.85,dragapult-dusknoir,Dragapult Dusknoir,21,22.22,4,15,2,overall,2026-10-07T21:51:27.240768+00:00,nein,abfrage
SVI-BLK,38,1,iron-thorns-ex,Iron Thorns,16,64,56,17,50.85,gardevoir-ex-sv,Gardevoir,19,84.21,15,1,3,overall,2026-10-07T21:51:27.240768+00:00,nein,abfrage
SVI-BLK,38,1,iron-thorns-ex,Iron Thorns,16,64,56,17,50.85,gholdengo-ex,Gholdengo,18,72.22,12,3,3,overall,2026-10-07T21:51:27.240768+00:00,nein,abfrage
SVI-BLK,38,1,iron-thorns-ex,Iron Thorns,16,64,56,17,50.85,raging-bolt-ogerpon,Raging Bolt Ogerpon,17,60.78,10,6,1,overall,2026-10-07T21:51:27.240768+00:00,nein,abfrage
SVI-BLK,38,1,iron-thorns-ex,Iron Thorns,16,64,56,17,50.85,tera-box,Tera Box,10,43.33,4,5,1,overall,2026-10-07T21:51:27.240768+00:00,nein,abfrage
SVI-BLK,38,1,iron-thorns-ex,Iron Thorns,16,64,56,17,50.85,flareon-noctowl,Flareon Noctowl,7,38.1,2,3,2,overall,2026-10-07T21:51:27.240768+00:00,nein,abfrage
SVI-BLK,38,1,iron-thorns-ex,Iron Thorns,16,64,56,17,50.85,gholdengo-joltik-box,Gholdengo Joltik Box,7,33.33,2,4,1,overall,2026-10-07T21:51:27.240768+00:00,nein,abfrage
SVI-BLK,38,1,iron-thorns-ex,Iron Thorns,16,64,56,17,50.85,charizard-pidgeot,Charizard Pidgeot,7,47.62,3,3,1,overall,2026-10-07T21:51:27.240768+00:00,nein,abfrage
SVI-BLK,38,1,iron-thorns-ex,Iron Thorns,16,64,56,17,50.85,dragapult-charizard,Dragapult Charizard,4,8.33,0,3,1,overall,2026-10-07T21:51:27.240768+00:00,nein,abfrage
SVI-BLK,38,1,iron-thorns-ex,Iron Thorns,16,64,56,17,50.85,gardevoir-jellicent,Gardevoir Jellicent,3,100.0,3,0,0,overall,2026-10-07T21:51:27.240768+00:00,nein,abfrage
SVI-BLK,38,1,iron-thorns-ex,Iron Thorns,16,64,56,17,50.85,joltik-box,Joltik Box,3,66.67,2,1,0,overall,2026-10-07T21:51:27.240768+00:00,nein,abfrage
SVI-BLK,38,1,iron-thorns-ex,Iron Thorns,16,64,56,17,50.85,ethan-typhlosion,Ethan's Typhlosion,3,0.0,0,3,0,overall,2026-10-07T21:51:27.240768+00:00,nein,abfrage
SVI-BLK,38,1,iron-thorns-ex,Iron Thorns,16,64,56,17,50.85,grimmsnarl-froslass,Grimmsnarl Froslass,3,11.11,0,2,1,overall,2026-10-07T21:51:27.240768+00:00,nein,abfrage
SVI-BLK,38,1,iron-thorns-ex,Iron Thorns,16,64,56,17,50.85,cynthia-garchomp-ex,Cynthia's Garchomp,2,0.0,0,2,0,overall,2026-10-07T21:51:27.240768+00:00,nein,abfrage
SVI-BLK,38,1,iron-thorns-ex,Iron Thorns,16,64,56,17,50.85,ho-oh-armarouge,Ho-Oh Armarouge,2,50.0,1,1,0,overall,2026-10-07T21:51:27.240768+00:00,nein,abfrage
SVI-BLK,38,1,iron-thorns-ex,Iron Thorns,16,64,56,17,50.85,reging-bolt-bellibolt,Raging Bolt Bellibolt,1,33.33,0,0,1,overall,2026-10-07T21:51:27.240768+00:00,nein,abfrage
SVI-BLK,38,1,iron-thorns-ex,Iron Thorns,16,64,56,17,50.85,charizard-noctowl,Charizard Noctowl,1,100.0,1,0,0,overall,2026-10-07T21:51:27.240768+00:00,nein,abfrage
SVI-BLK,38,1,iron-thorns-ex,Iron Thorns,16,64,56,17,50.85,iron-valiant-ex,Iron Valiant,1,0.0,0,1,0,overall,2026-10-07T21:51:27.240768+00:00,nein,abfrage
SVI-BLK,38,1,iron-thorns-ex,Iron Thorns,16,64,56,17,50.85,conkeldurr-twm,Conkeldurr,1,0.0,0,1,0,overall,2026-10-07T21:51:27.240768+00:00,nein,abfrage
SVI-BLK,38,1,iron-thorns-ex,Iron Thorns,16,64,56,17,50.85,pidgeot-control,Pidgeot Control,1,100.0,1,0,0,overall,2026-10-07T21:51:27.240768+00:00,nein,abfrage
SVI-BLK,38,1,iron-thorns-ex,Iron Thorns,16,64,56,17,50.85,archaludon-ex,Archaludon,1,100.0,1,0,0,overall,2026-10-07T21:51:27.240768+00:00,nein,abfrage
SVI-BLK,38,1,iron-thorns-ex,Iron Thorns,16,64,56,17,50.85,dragapult-ex,Dragapult,1,0.0,0,1,0,overall,2026-10-07T21:51:27.240768+00:00,nein,abfrage
SVI-BLK,38,1,iron-thorns-ex,Iron Thorns,16,64,56,17,50.85,other,Other,1,100.0,1,0,0,overall,2026-10-07T21:51:27.240768+00:00,nein,abfrage
SVI-BLK,38,1,iron-thorns-ex,Iron Thorns,16,64,56,17,50.85,poison-archaludon,Poison Archaludon,1,100.0,1,0,0,overall,2026-10-07T21:51:27.240768+00:00,nein,abfrage
SVI-BLK,38,1,iron-thorns-ex,Iron Thorns,16,64,56,17,50.85,slowking-scr,Slowking,1,100.0,1,0,0,overall,2026-10-07T21:51:27.240768+00:00,nein,abfrage
SVI-BLK,38,1,iron-thorns-ex,Iron Thorns,16,64,56,17,50.85,crustle-dri,Crustle,1,0.0,0,1,0,overall,2026-10-07T21:51:27.240768+00:00,nein,abfrage
SVI-BLK,38,1,iron-valiant-ex,Iron Valiant,1,3,5,0,37.5,gholdengo-joltik-box,Gholdengo Joltik Box,3,33.33,1,2,0,overall,2026-10-07T21:51:28.971663+00:00,nein,abfrage
SVI-BLK,38,1,iron-valiant-ex,Iron Valiant,1,3,5,0,37.5,gardevoir-ex-sv,Gardevoir,2,0.0,0,2,0,overall,2026-10-07T21:51:28.971663+00:00,nein,abfrage
SVI-BLK,38,1,iron-valiant-ex,Iron Valiant,1,3,5,0,37.5,iron-thorns-ex,Iron Thorns,1,100.0,1,0,0,overall,2026-10-07T21:51:28.971663+00:00,nein,abfrage
SVI-BLK,38,1,iron-valiant-ex,Iron Valiant,1,3,5,0,37.5,n-zoroark,N's Zoroark,1,100.0,1,0,0,overall,2026-10-07T21:51:28.971663+00:00,nein,abfrage
SVI-BLK,38,1,iron-valiant-ex,Iron Valiant,1,3,5,0,37.5,dragapult-dusknoir,Dragapult Dusknoir,1,0.0,0,1,0,overall,2026-10-07T21:51:28.971663+00:00,nein,abfrage
SVI-BLK,38,1,joltik-box,Joltik Box,123,451,442,142,48.15,dragapult-dusknoir,Dragapult Dusknoir,150,56.89,83,60,7,overall,2026-10-07T21:51:30.734747+00:00,nein,abfrage
SVI-BLK,38,1,joltik-box,Joltik Box,123,451,442,142,48.15,gholdengo-ex,Gholdengo,137,50.36,62,54,21,overall,2026-10-07T21:51:30.734747+00:00,nein,abfrage
SVI-BLK,38,1,joltik-box,Joltik Box,123,451,442,142,48.15,gardevoir-ex-sv,Gardevoir,124,36.29,37,63,24,overall,2026-10-07T21:51:30.734747+00:00,nein,abfrage
SVI-BLK,38,1,joltik-box,Joltik Box,123,451,442,142,48.15,raging-bolt-ogerpon,Raging Bolt Ogerpon,105,32.38,31,65,9,overall,2026-10-07T21:51:30.734747+00:00,nein,abfrage
SVI-BLK,38,1,joltik-box,Joltik Box,123,451,442,142,48.15,gholdengo-joltik-box,Gholdengo Joltik Box,73,46.12,31,34,8,overall,2026-10-07T21:51:30.734747+00:00,nein,abfrage
SVI-BLK,38,1,joltik-box,Joltik Box,123,451,442,142,48.15,charizard-pidgeot,Charizard Pidgeot,44,56.82,23,15,6,overall,2026-10-07T21:51:30.734747+00:00,nein,abfrage
SVI-BLK,38,1,joltik-box,Joltik Box,123,451,442,142,48.15,gardevoir-jellicent,Gardevoir Jellicent,37,45.95,15,16,6,overall,2026-10-07T21:51:30.734747+00:00,nein,abfrage
SVI-BLK,38,1,joltik-box,Joltik Box,123,451,442,142,48.15,flareon-noctowl,Flareon Noctowl,35,54.29,16,10,9,overall,2026-10-07T21:51:30.734747+00:00,nein,abfrage
SVI-BLK,38,1,joltik-box,Joltik Box,123,451,442,142,48.15,grimmsnarl-froslass,Grimmsnarl Froslass,34,50.98,16,14,4,overall,2026-10-07T21:51:30.734747+00:00,nein,abfrage
SVI-BLK,38,1,joltik-box,Joltik Box,123,451,442,142,48.15,tera-box,Tera Box,32,65.63,20,9,3,overall,2026-10-07T21:51:30.734747+00:00,nein,abfrage
SVI-BLK,38,1,joltik-box,Joltik Box,123,451,442,142,48.15,ethan-typhlosion,Ethan's Typhlosion,26,38.46,8,12,6,overall,2026-10-07T21:51:30.734747+00:00,nein,abfrage
SVI-BLK,38,1,joltik-box,Joltik Box,123,451,442,142,48.15,joltik-box,Joltik Box,22,46.97,18,18,8,overall,2026-10-07T21:51:30.734747+00:00,ja,abfrage
SVI-BLK,38,1,joltik-box,Joltik Box,123,451,442,142,48.15,dragapult-ex,Dragapult,22,56.06,12,9,1,overall,2026-10-07T21:51:30.734747+00:00,nein,abfrage
SVI-BLK,38,1,joltik-box,Joltik Box,123,451,442,142,48.15,dragapult-charizard,Dragapult Charizard,21,65.08,13,6,2,overall,2026-10-07T21:51:30.734747+00:00,nein,abfrage
SVI-BLK,38,1,joltik-box,Joltik Box,123,451,442,142,48.15,crustle-dri,Crustle,17,35.29,5,9,3,overall,2026-10-07T21:51:30.734747+00:00,nein,abfrage
SVI-BLK,38,1,joltik-box,Joltik Box,123,451,442,142,48.15,ho-oh-armarouge,Ho-Oh Armarouge,13,53.85,6,4,3,overall,2026-10-07T21:51:30.734747+00:00,nein,abfrage
SVI-BLK,38,1,joltik-box,Joltik Box,123,451,442,142,48.15,n-zoroark,N's Zoroark,11,51.52,5,4,2,overall,2026-10-07T21:51:30.734747+00:00,nein,abfrage
SVI-BLK,38,1,joltik-box,Joltik Box,123,451,442,142,48.15,conkeldurr-twm,Conkeldurr,10,16.67,1,7,2,overall,2026-10-07T21:51:30.734747+00:00,nein,abfrage
SVI-BLK,38,1,joltik-box,Joltik Box,123,451,442,142,48.15,roaring-moon-ex,Roaring Moon,7,61.9,4,2,1,overall,2026-10-07T21:51:30.734747+00:00,nein,abfrage
SVI-BLK,38,1,joltik-box,Joltik Box,123,451,442,142,48.15,other,Other,6,88.89,5,0,1,overall,2026-10-07T21:51:30.734747+00:00,nein,abfrage
SVI-BLK,38,1,joltik-box,Joltik Box,123,451,442,142,48.15,toedscruel-ex,Toedscruel,5,60.0,3,2,0,overall,2026-10-07T21:51:30.734747+00:00,nein,abfrage
SVI-BLK,38,1,joltik-box,Joltik Box,123,451,442,142,48.15,charizard-dusknoir,Charizard Dusknoir,5,66.67,3,1,1,overall,2026-10-07T21:51:30.734747+00:00,nein,abfrage
SVI-BLK,38,1,joltik-box,Joltik Box,123,451,442,142,48.15,slowking-scr,Slowking,4,83.33,3,0,1,overall,2026-10-07T21:51:30.734747+00:00,nein,abfrage
SVI-BLK,38,1,joltik-box,Joltik Box,123,451,442,142,48.15,cynthia-garchomp-ex,Cynthia's Garchomp,4,25.0,1,3,0,overall,2026-10-07T21:51:30.734747+00:00,nein,abfrage
SVI-BLK,38,1,joltik-box,Joltik Box,123,451,442,142,48.15,miraidon-ex,Miraidon,4,50.0,2,2,0,overall,2026-10-07T21:51:30.734747+00:00,nein,abfrage
SVI-BLK,38,1,joltik-box,Joltik Box,123,451,442,142,48.15,charizard-noctowl,Charizard Noctowl,4,75.0,3,1,0,overall,2026-10-07T21:51:30.734747+00:00,nein,abfrage
SVI-BLK,38,1,joltik-box,Joltik Box,123,451,442,142,48.15,archaludon-ex,Archaludon,3,33.33,1,2,0,overall,2026-10-07T21:51:30.734747+00:00,nein,abfrage
SVI-BLK,38,1,joltik-box,Joltik Box,123,451,442,142,48.15,ceruledge-ex,Ceruledge,3,55.56,1,0,2,overall,2026-10-07T21:51:30.734747+00:00,nein,abfrage
SVI-BLK,38,1,joltik-box,Joltik Box,123,451,442,142,48.15,iron-thorns-ex,Iron Thorns,3,33.33,1,2,0,overall,2026-10-07T21:51:30.734747+00:00,nein,abfrage
SVI-BLK,38,1,joltik-box,Joltik Box,123,451,442,142,48.15,rocket-mewtwo-ex,Rocket's Mewtwo,3,11.11,0,2,1,overall,2026-10-07T21:51:30.734747+00:00,nein,abfrage
SVI-BLK,38,1,joltik-box,Joltik Box,123,451,442,142,48.15,ogerpon-ex,Ogerpon,3,66.67,2,1,0,overall,2026-10-07T21:51:30.734747+00:00,nein,abfrage
SVI-BLK,38,1,joltik-box,Joltik Box,123,451,442,142,48.15,farigiraf-milotic,Farigiraf Milotic,3,33.33,1,2,0,overall,2026-10-07T21:51:30.734747+00:00,nein,abfrage
SVI-BLK,38,1,joltik-box,Joltik Box,123,451,442,142,48.15,gholdengo-dragapult,Gholdengo Dragapult,2,100.0,2,0,0,overall,2026-10-07T21:51:30.734747+00:00,nein,abfrage
SVI-BLK,38,1,joltik-box,Joltik Box,123,451,442,142,48.15,hydreigon-ex,Hydreigon,2,66.67,1,0,1,overall,2026-10-07T21:51:30.734747+00:00,nein,abfrage
SVI-BLK,38,1,joltik-box,Joltik Box,123,451,442,142,48.15,scovillain-ex,Scovillain,2,66.67,1,0,1,overall,2026-10-07T21:51:30.734747+00:00,nein,abfrage
SVI-BLK,38,1,joltik-box,Joltik Box,123,451,442,142,48.15,pidgeot-control,Pidgeot Control,2,50.0,1,1,0,overall,2026-10-07T21:51:30.734747+00:00,nein,abfrage
SVI-BLK,38,1,joltik-box,Joltik Box,123,451,442,142,48.15,yanmega-ex,Yanmega,2,66.67,1,0,1,overall,2026-10-07T21:51:30.734747+00:00,nein,abfrage
SVI-BLK,38,1,joltik-box,Joltik Box,123,451,442,142,48.15,greninja-ex,Greninja,2,16.67,0,1,1,overall,2026-10-07T21:51:30.734747+00:00,nein,abfrage
SVI-BLK,38,1,joltik-box,Joltik Box,123,451,442,142,48.15,iron-hands-magneton,Iron Hands Magneton,2,50.0,1,1,0,overall,2026-10-07T21:51:30.734747+00:00,nein,abfrage
SVI-BLK,38,1,joltik-box,Joltik Box,123,451,442,142,48.15,charizard-dragapult,Charizard Dragapult,2,50.0,1,1,0,overall,2026-10-07T21:51:30.734747+00:00,nein,abfrage
SVI-BLK,38,1,joltik-box,Joltik Box,123,451,442,142,48.15,hydrapple-ogerpon,Hydrapple Ogerpon,2,16.67,0,1,1,overall,2026-10-07T21:51:30.734747+00:00,nein,abfrage
SVI-BLK,38,1,joltik-box,Joltik Box,123,451,442,142,48.15,terapagos-noctowl,Terapagos Noctowl,1,33.33,0,0,1,overall,2026-10-07T21:51:30.734747+00:00,nein,abfrage
SVI-BLK,38,1,joltik-box,Joltik Box,123,451,442,142,48.15,wugtrio-svi,Wugtrio Mill,1,100.0,1,0,0,overall,2026-10-07T21:51:30.734747+00:00,nein,abfrage
SVI-BLK,38,1,joltik-box,Joltik Box,123,451,442,142,48.15,slaking-ex,Slaking,1,33.33,0,0,1,overall,2026-10-07T21:51:30.734747+00:00,nein,abfrage
SVI-BLK,38,1,joltik-box,Joltik Box,123,451,442,142,48.15,hop-zacian,Hop's Zacian,1,0.0,0,1,0,overall,2026-10-07T21:51:30.734747+00:00,nein,abfrage
SVI-BLK,38,1,joltik-box,Joltik Box,123,451,442,142,48.15,dragapult-zoroark,Dragapult Zoroark,1,100.0,1,0,0,overall,2026-10-07T21:51:30.734747+00:00,nein,abfrage
SVI-BLK,38,1,joltik-box,Joltik Box,123,451,442,142,48.15,poison-archaludon,Poison Archaludon,1,0.0,0,1,0,overall,2026-10-07T21:51:30.734747+00:00,nein,abfrage
SVI-BLK,38,1,joltik-box,Joltik Box,123,451,442,142,48.15,mamoswine-ex,Mamoswine,1,100.0,1,0,0,overall,2026-10-07T21:51:30.734747+00:00,nein,abfrage
SVI-BLK,38,1,joltik-box,Joltik Box,123,451,442,142,48.15,gholdengo-dudunsparce,Gholdengo Dudunsparce,1,33.33,0,0,1,overall,2026-10-07T21:51:30.734747+00:00,nein,abfrage
SVI-BLK,38,1,joltik-box,Joltik Box,123,451,442,142,48.15,blissey-ex,Blissey,1,100.0,1,0,0,overall,2026-10-07T21:51:30.734747+00:00,nein,abfrage
SVI-BLK,38,1,joltik-box,Joltik Box,123,451,442,142,48.15,okidogi-twm,Okidogi,1,0.0,0,1,0,overall,2026-10-07T21:51:30.734747+00:00,nein,abfrage
SVI-BLK,38,1,joltik-box,Joltik Box,123,451,442,142,48.15,roaring-moon-dudunsparce,Roaring Moon Dudunsparce,1,33.33,0,0,1,overall,2026-10-07T21:51:30.734747+00:00,nein,abfrage
SVI-BLK,38,1,joltik-box,Joltik Box,123,451,442,142,48.15,chien-pao-noctowl,Chien-Pao Noctowl,1,100.0,1,0,0,overall,2026-10-07T21:51:30.734747+00:00,nein,abfrage
SVI-BLK,38,1,joltik-box,Joltik Box,123,451,442,142,48.15,miraidon-eelektrik,Miraidon Eelektrik,1,100.0,1,0,0,overall,2026-10-07T21:51:30.734747+00:00,nein,abfrage
SVI-BLK,38,1,joltik-box,Joltik Box,123,451,442,142,48.15,chien-pao-baxcalibur,Chien-Pao Baxcalibur,1,100.0,1,0,0,overall,2026-10-07T21:51:30.734747+00:00,nein,abfrage
SVI-BLK,38,1,joltik-box,Joltik Box,123,451,442,142,48.15,greninja-blaziken,Greninja Blaziken,1,33.33,0,0,1,overall,2026-10-07T21:51:30.734747+00:00,nein,abfrage
SVI-BLK,38,1,joltik-box,Joltik Box,123,451,442,142,48.15,froslass-munkidori,Froslass Munkidori,1,100.0,1,0,0,overall,2026-10-07T21:51:30.734747+00:00,nein,abfrage
SVI-BLK,38,1,joltik-box,Joltik Box,123,451,442,142,48.15,blaziken-ex-jtg,Blaziken,1,0.0,0,1,0,overall,2026-10-07T21:51:30.734747+00:00,nein,abfrage
SVI-BLK,38,1,joltik-box,Joltik Box,123,451,442,142,48.15,dragapult-blaziken,Dragapult Blaziken,1,33.33,0,0,1,overall,2026-10-07T21:51:30.734747+00:00,nein,abfrage
SVI-BLK,38,1,joltik-box,Joltik Box,123,451,442,142,48.15,galvantula-ex,Galvantula,1,0.0,0,1,0,overall,2026-10-07T21:51:30.734747+00:00,nein,abfrage
SVI-BLK,38,1,joltik-box,Joltik Box,123,451,442,142,48.15,palafin-ex,Palafin,1,100.0,1,0,0,overall,2026-10-07T21:51:30.734747+00:00,nein,abfrage
SVI-BLK,38,1,joltik-box,Joltik Box,123,451,442,142,48.15,seaking-pre,Seaking Festival Lead,1,100.0,1,0,0,overall,2026-10-07T21:51:30.734747+00:00,nein,abfrage
SVI-BLK,38,1,koraidon-ex,Koraidon,1,1,3,0,25.0,dragapult-dusknoir,Dragapult Dusknoir,1,0.0,0,1,0,overall,2026-10-07T21:51:32.475471+00:00,nein,abfrage
SVI-BLK,38,1,koraidon-ex,Koraidon,1,1,3,0,25.0,raging-bolt-ogerpon,Raging Bolt Ogerpon,1,0.0,0,1,0,overall,2026-10-07T21:51:32.475471+00:00,nein,abfrage
SVI-BLK,38,1,koraidon-ex,Koraidon,1,1,3,0,25.0,gardevoir-ex-sv,Gardevoir,1,0.0,0,1,0,overall,2026-10-07T21:51:32.475471+00:00,nein,abfrage
SVI-BLK,38,1,koraidon-ex,Koraidon,1,1,3,0,25.0,charizard-pidgeot,Charizard Pidgeot,1,100.0,1,0,0,overall,2026-10-07T21:51:32.475471+00:00,nein,abfrage
SVI-BLK,38,1,mamoswine-ex,Mamoswine,5,7,17,2,29.49,gardevoir-ex-sv,Gardevoir,5,26.67,1,3,1,overall,2026-10-07T21:51:34.211615+00:00,nein,abfrage
SVI-BLK,38,1,mamoswine-ex,Mamoswine,5,7,17,2,29.49,gholdengo-ex,Gholdengo,4,25.0,1,3,0,overall,2026-10-07T21:51:34.211615+00:00,nein,abfrage
SVI-BLK,38,1,mamoswine-ex,Mamoswine,5,7,17,2,29.49,dragapult-dusknoir,Dragapult Dusknoir,3,11.11,0,2,1,overall,2026-10-07T21:51:34.211615+00:00,nein,abfrage
SVI-BLK,38,1,mamoswine-ex,Mamoswine,5,7,17,2,29.49,raging-bolt-ogerpon,Raging Bolt Ogerpon,3,33.33,1,2,0,overall,2026-10-07T21:51:34.211615+00:00,nein,abfrage
SVI-BLK,38,1,mamoswine-ex,Mamoswine,5,7,17,2,29.49,tera-box,Tera Box,2,0.0,0,2,0,overall,2026-10-07T21:51:34.211615+00:00,nein,abfrage
SVI-BLK,38,1,mamoswine-ex,Mamoswine,5,7,17,2,29.49,charizard-pidgeot,Charizard Pidgeot,2,50.0,1,1,0,overall,2026-10-07T21:51:34.211615+00:00,nein,abfrage
SVI-BLK,38,1,mamoswine-ex,Mamoswine,5,7,17,2,29.49,other,Other,1,100.0,1,0,0,overall,2026-10-07T21:51:34.211615+00:00,nein,abfrage
SVI-BLK,38,1,mamoswine-ex,Mamoswine,5,7,17,2,29.49,dudunsparce-control,Dudunsparce Control,1,0.0,0,1,0,overall,2026-10-07T21:51:34.211615+00:00,nein,abfrage
SVI-BLK,38,1,mamoswine-ex,Mamoswine,5,7,17,2,29.49,joltik-box,Joltik Box,1,0.0,0,1,0,overall,2026-10-07T21:51:34.211615+00:00,nein,abfrage
SVI-BLK,38,1,mamoswine-ex,Mamoswine,5,7,17,2,29.49,dragapult-blaziken,Dragapult Blaziken,1,100.0,1,0,0,overall,2026-10-07T21:51:34.211615+00:00,nein,abfrage
SVI-BLK,38,1,mamoswine-ex,Mamoswine,5,7,17,2,29.49,flareon-noctowl,Flareon Noctowl,1,0.0,0,1,0,overall,2026-10-07T21:51:34.211615+00:00,nein,abfrage
SVI-BLK,38,1,mamoswine-ex,Mamoswine,5,7,17,2,29.49,hydrapple-ogerpon,Hydrapple Ogerpon,1,0.0,0,1,0,overall,2026-10-07T21:51:34.211615+00:00,nein,abfrage
SVI-BLK,38,1,mamoswine-ex,Mamoswine,5,7,17,2,29.49,dragapult-ex,Dragapult,1,100.0,1,0,0,overall,2026-10-07T21:51:34.211615+00:00,nein,abfrage
SVI-BLK,38,1,marnie-grimmsnarl-ex,Marnie's Grimmsnarl,2,6,8,2,41.67,dragapult-dusknoir,Dragapult Dusknoir,4,50.0,2,2,0,overall,2026-10-07T21:51:35.948543+00:00,nein,abfrage
SVI-BLK,38,1,marnie-grimmsnarl-ex,Marnie's Grimmsnarl,2,6,8,2,41.67,gholdengo-ex,Gholdengo,3,33.33,1,2,0,overall,2026-10-07T21:51:35.948543+00:00,nein,abfrage
SVI-BLK,38,1,marnie-grimmsnarl-ex,Marnie's Grimmsnarl,2,6,8,2,41.67,gholdengo-joltik-box,Gholdengo Joltik Box,2,16.67,0,1,1,overall,2026-10-07T21:51:35.948543+00:00,nein,abfrage
SVI-BLK,38,1,marnie-grimmsnarl-ex,Marnie's Grimmsnarl,2,6,8,2,41.67,raging-bolt-ogerpon,Raging Bolt Ogerpon,2,50.0,1,1,0,overall,2026-10-07T21:51:35.948543+00:00,nein,abfrage
SVI-BLK,38,1,marnie-grimmsnarl-ex,Marnie's Grimmsnarl,2,6,8,2,41.67,n-zoroark,N's Zoroark,1,33.33,0,0,1,overall,2026-10-07T21:51:35.948543+00:00,nein,abfrage
SVI-BLK,38,1,marnie-grimmsnarl-ex,Marnie's Grimmsnarl,2,6,8,2,41.67,flareon-noctowl,Flareon Noctowl,1,0.0,0,1,0,overall,2026-10-07T21:51:35.948543+00:00,nein,abfrage
SVI-BLK,38,1,marnie-grimmsnarl-ex,Marnie's Grimmsnarl,2,6,8,2,41.67,ethan-typhlosion,Ethan's Typhlosion,1,0.0,0,1,0,overall,2026-10-07T21:51:35.948543+00:00,nein,abfrage
SVI-BLK,38,1,marnie-grimmsnarl-ex,Marnie's Grimmsnarl,2,6,8,2,41.67,gardevoir-ex-sv,Gardevoir,1,100.0,1,0,0,overall,2026-10-07T21:51:35.948543+00:00,nein,abfrage
SVI-BLK,38,1,marnie-grimmsnarl-ex,Marnie's Grimmsnarl,2,6,8,2,41.67,roaring-moon-dudunsparce,Roaring Moon Dudunsparce,1,100.0,1,0,0,overall,2026-10-07T21:51:35.948543+00:00,nein,abfrage
SVI-BLK,38,1,miraidon-eelektrik,Miraidon Eelektrik,4,12,14,2,45.24,dragapult-dusknoir,Dragapult Dusknoir,6,50.0,3,3,0,overall,2026-10-07T21:51:37.695711+00:00,nein,abfrage
SVI-BLK,38,1,miraidon-eelektrik,Miraidon Eelektrik,4,12,14,2,45.24,gholdengo-ex,Gholdengo,4,50.0,2,2,0,overall,2026-10-07T21:51:37.695711+00:00,nein,abfrage
SVI-BLK,38,1,miraidon-eelektrik,Miraidon Eelektrik,4,12,14,2,45.24,gholdengo-joltik-box,Gholdengo Joltik Box,3,66.67,2,1,0,overall,2026-10-07T21:51:37.695711+00:00,nein,abfrage
SVI-BLK,38,1,miraidon-eelektrik,Miraidon Eelektrik,4,12,14,2,45.24,gardevoir-ex-sv,Gardevoir,2,66.67,1,0,1,overall,2026-10-07T21:51:37.695711+00:00,nein,abfrage
SVI-BLK,38,1,miraidon-eelektrik,Miraidon Eelektrik,4,12,14,2,45.24,charizard-pidgeot,Charizard Pidgeot,2,16.67,0,1,1,overall,2026-10-07T21:51:37.695711+00:00,nein,abfrage
SVI-BLK,38,1,miraidon-eelektrik,Miraidon Eelektrik,4,12,14,2,45.24,grimmsnarl-froslass,Grimmsnarl Froslass,1,0.0,0,1,0,overall,2026-10-07T21:51:37.695711+00:00,nein,abfrage
SVI-BLK,38,1,miraidon-eelektrik,Miraidon Eelektrik,4,12,14,2,45.24,ethan-typhlosion,Ethan's Typhlosion,1,100.0,1,0,0,overall,2026-10-07T21:51:37.695711+00:00,nein,abfrage
SVI-BLK,38,1,miraidon-eelektrik,Miraidon Eelektrik,4,12,14,2,45.24,dragapult-charizard,Dragapult Charizard,1,0.0,0,1,0,overall,2026-10-07T21:51:37.695711+00:00,nein,abfrage
SVI-BLK,38,1,miraidon-eelektrik,Miraidon Eelektrik,4,12,14,2,45.24,conkeldurr-twm,Conkeldurr,1,0.0,0,1,0,overall,2026-10-07T21:51:37.695711+00:00,nein,abfrage
SVI-BLK,38,1,miraidon-eelektrik,Miraidon Eelektrik,4,12,14,2,45.24,wugtrio-svi,Wugtrio Mill,1,100.0,1,0,0,overall,2026-10-07T21:51:37.695711+00:00,nein,abfrage
SVI-BLK,38,1,miraidon-eelektrik,Miraidon Eelektrik,4,12,14,2,45.24,raging-bolt-ogerpon,Raging Bolt Ogerpon,1,0.0,0,1,0,overall,2026-10-07T21:51:37.695711+00:00,nein,abfrage
SVI-BLK,38,1,miraidon-eelektrik,Miraidon Eelektrik,4,12,14,2,45.24,rocket-spidops,Rocket's Spidops,1,100.0,1,0,0,overall,2026-10-07T21:51:37.695711+00:00,nein,abfrage
SVI-BLK,38,1,miraidon-eelektrik,Miraidon Eelektrik,4,12,14,2,45.24,joltik-box,Joltik Box,1,0.0,0,1,0,overall,2026-10-07T21:51:37.695711+00:00,nein,abfrage
SVI-BLK,38,1,miraidon-eelektrik,Miraidon Eelektrik,4,12,14,2,45.24,dragapult-ex,Dragapult,1,0.0,0,1,0,overall,2026-10-07T21:51:37.695711+00:00,nein,abfrage
SVI-BLK,38,1,miraidon-eelektrik,Miraidon Eelektrik,4,12,14,2,45.24,ho-oh-armarouge,Ho-Oh Armarouge,1,100.0,1,0,0,overall,2026-10-07T21:51:37.695711+00:00,nein,abfrage
SVI-BLK,38,1,miraidon-eelektrik,Miraidon Eelektrik,4,12,14,2,45.24,flareon-noctowl,Flareon Noctowl,1,0.0,0,1,0,overall,2026-10-07T21:51:37.695711+00:00,nein,abfrage
SVI-BLK,38,1,miraidon-ex,Miraidon,4,8,14,2,36.11,dragapult-dusknoir,Dragapult Dusknoir,4,75.0,3,1,0,overall,2026-10-07T21:51:39.438530+00:00,nein,abfrage
SVI-BLK,38,1,miraidon-ex,Miraidon,4,8,14,2,36.11,raging-bolt-ogerpon,Raging Bolt Ogerpon,4,58.33,2,1,1,overall,2026-10-07T21:51:39.438530+00:00,nein,abfrage
SVI-BLK,38,1,miraidon-ex,Miraidon,4,8,14,2,36.11,joltik-box,Joltik Box,4,50.0,2,2,0,overall,2026-10-07T21:51:39.438530+00:00,nein,abfrage
SVI-BLK,38,1,miraidon-ex,Miraidon,4,8,14,2,36.11,gholdengo-ex,Gholdengo,3,11.11,0,2,1,overall,2026-10-07T21:51:39.438530+00:00,nein,abfrage
SVI-BLK,38,1,miraidon-ex,Miraidon,4,8,14,2,36.11,gholdengo-joltik-box,Gholdengo Joltik Box,2,0.0,0,2,0,overall,2026-10-07T21:51:39.438530+00:00,nein,abfrage
SVI-BLK,38,1,miraidon-ex,Miraidon,4,8,14,2,36.11,grimmsnarl-froslass,Grimmsnarl Froslass,1,0.0,0,1,0,overall,2026-10-07T21:51:39.438530+00:00,nein,abfrage
SVI-BLK,38,1,miraidon-ex,Miraidon,4,8,14,2,36.11,chien-pao-noctowl,Chien-Pao Noctowl,1,0.0,0,1,0,overall,2026-10-07T21:51:39.438530+00:00,nein,abfrage
SVI-BLK,38,1,miraidon-ex,Miraidon,4,8,14,2,36.11,alakazam-ex,Alakazam,1,100.0,1,0,0,overall,2026-10-07T21:51:39.438530+00:00,nein,abfrage
SVI-BLK,38,1,miraidon-ex,Miraidon,4,8,14,2,36.11,crustle-dri,Crustle,1,0.0,0,1,0,overall,2026-10-07T21:51:39.438530+00:00,nein,abfrage
SVI-BLK,38,1,miraidon-ex,Miraidon,4,8,14,2,36.11,charizard-pidgeot,Charizard Pidgeot,1,0.0,0,1,0,overall,2026-10-07T21:51:39.438530+00:00,nein,abfrage
SVI-BLK,38,1,miraidon-ex,Miraidon,4,8,14,2,36.11,cynthia-garchomp-ex,Cynthia's Garchomp,1,0.0,0,1,0,overall,2026-10-07T21:51:39.438530+00:00,nein,abfrage
SVI-BLK,38,1,miraidon-ex,Miraidon,4,8,14,2,36.11,iron-hands-magneton,Iron Hands Magneton,1,0.0,0,1,0,overall,2026-10-07T21:51:39.438530+00:00,nein,abfrage
SVI-BLK,38,1,misty-gyarados,Misty's Gyarados,1,0,1,0,0.0,dragapult-dusknoir,Dragapult Dusknoir,1,0.0,0,1,0,overall,2026-10-07T21:51:41.186686+00:00,nein,abfrage
SVI-BLK,38,1,n-zoroark,N's Zoroark,51,170,181,55,46.39,dragapult-dusknoir,Dragapult Dusknoir,68,47.55,29,29,10,overall,2026-10-07T21:51:42.937386+00:00,nein,abfrage
SVI-BLK,38,1,n-zoroark,N's Zoroark,51,170,181,55,46.39,gholdengo-ex,Gholdengo,47,43.97,19,23,5,overall,2026-10-07T21:51:42.937386+00:00,nein,abfrage
SVI-BLK,38,1,n-zoroark,N's Zoroark,51,170,181,55,46.39,gardevoir-ex-sv,Gardevoir,44,56.82,23,15,6,overall,2026-10-07T21:51:42.937386+00:00,nein,abfrage
SVI-BLK,38,1,n-zoroark,N's Zoroark,51,170,181,55,46.39,raging-bolt-ogerpon,Raging Bolt Ogerpon,37,27.93,9,24,4,overall,2026-10-07T21:51:42.937386+00:00,nein,abfrage
SVI-BLK,38,1,n-zoroark,N's Zoroark,51,170,181,55,46.39,gholdengo-joltik-box,Gholdengo Joltik Box,25,49.33,11,10,4,overall,2026-10-07T21:51:42.937386+00:00,nein,abfrage
SVI-BLK,38,1,n-zoroark,N's Zoroark,51,170,181,55,46.39,gardevoir-jellicent,Gardevoir Jellicent,25,68.0,16,6,3,overall,2026-10-07T21:51:42.937386+00:00,nein,abfrage
SVI-BLK,38,1,n-zoroark,N's Zoroark,51,170,181,55,46.39,tera-box,Tera Box,25,41.33,9,12,4,overall,2026-10-07T21:51:42.937386+00:00,nein,abfrage
SVI-BLK,38,1,n-zoroark,N's Zoroark,51,170,181,55,46.39,grimmsnarl-froslass,Grimmsnarl Froslass,19,57.89,10,6,3,overall,2026-10-07T21:51:42.937386+00:00,nein,abfrage
SVI-BLK,38,1,n-zoroark,N's Zoroark,51,170,181,55,46.39,charizard-pidgeot,Charizard Pidgeot,14,28.57,3,8,3,overall,2026-10-07T21:51:42.937386+00:00,nein,abfrage
SVI-BLK,38,1,n-zoroark,N's Zoroark,51,170,181,55,46.39,flareon-noctowl,Flareon Noctowl,14,33.33,4,8,2,overall,2026-10-07T21:51:42.937386+00:00,nein,abfrage
SVI-BLK,38,1,n-zoroark,N's Zoroark,51,170,181,55,46.39,joltik-box,Joltik Box,11,42.42,4,5,2,overall,2026-10-07T21:51:42.937386+00:00,nein,abfrage
SVI-BLK,38,1,n-zoroark,N's Zoroark,51,170,181,55,46.39,dragapult-ex,Dragapult,8,58.33,4,2,2,overall,2026-10-07T21:51:42.937386+00:00,nein,abfrage
SVI-BLK,38,1,n-zoroark,N's Zoroark,51,170,181,55,46.39,conkeldurr-twm,Conkeldurr,6,50.0,3,3,0,overall,2026-10-07T21:51:42.937386+00:00,nein,abfrage
SVI-BLK,38,1,n-zoroark,N's Zoroark,51,170,181,55,46.39,ethan-typhlosion,Ethan's Typhlosion,6,61.11,3,1,2,overall,2026-10-07T21:51:42.937386+00:00,nein,abfrage
SVI-BLK,38,1,n-zoroark,N's Zoroark,51,170,181,55,46.39,dragapult-charizard,Dragapult Charizard,5,26.67,1,3,1,overall,2026-10-07T21:51:42.937386+00:00,nein,abfrage
SVI-BLK,38,1,n-zoroark,N's Zoroark,51,170,181,55,46.39,crustle-dri,Crustle,5,20.0,1,4,0,overall,2026-10-07T21:51:42.937386+00:00,nein,abfrage
SVI-BLK,38,1,n-zoroark,N's Zoroark,51,170,181,55,46.39,ceruledge-ex,Ceruledge,4,75.0,3,1,0,overall,2026-10-07T21:51:42.937386+00:00,nein,abfrage
SVI-BLK,38,1,n-zoroark,N's Zoroark,51,170,181,55,46.39,slowking-scr,Slowking,4,50.0,2,2,0,overall,2026-10-07T21:51:42.937386+00:00,nein,abfrage
SVI-BLK,38,1,n-zoroark,N's Zoroark,51,170,181,55,46.39,other,Other,4,75.0,3,1,0,overall,2026-10-07T21:51:42.937386+00:00,nein,abfrage
SVI-BLK,38,1,n-zoroark,N's Zoroark,51,170,181,55,46.39,ho-oh-armarouge,Ho-Oh Armarouge,3,66.67,2,1,0,overall,2026-10-07T21:51:42.937386+00:00,nein,abfrage
SVI-BLK,38,1,n-zoroark,N's Zoroark,51,170,181,55,46.39,charizard-dragapult,Charizard Dragapult,3,11.11,0,2,1,overall,2026-10-07T21:51:42.937386+00:00,nein,abfrage
SVI-BLK,38,1,n-zoroark,N's Zoroark,51,170,181,55,46.39,pidgeot-control,Pidgeot Control,2,50.0,1,1,0,overall,2026-10-07T21:51:42.937386+00:00,nein,abfrage
SVI-BLK,38,1,n-zoroark,N's Zoroark,51,170,181,55,46.39,toedscruel-ex,Toedscruel,2,0.0,0,2,0,overall,2026-10-07T21:51:42.937386+00:00,nein,abfrage
SVI-BLK,38,1,n-zoroark,N's Zoroark,51,170,181,55,46.39,n-zoroark,N's Zoroark,2,50.0,2,2,0,overall,2026-10-07T21:51:42.937386+00:00,ja,abfrage
SVI-BLK,38,1,n-zoroark,N's Zoroark,51,170,181,55,46.39,archaludon-ex,Archaludon,2,16.67,0,1,1,overall,2026-10-07T21:51:42.937386+00:00,nein,abfrage
SVI-BLK,38,1,n-zoroark,N's Zoroark,51,170,181,55,46.39,greninja-ex,Greninja,2,50.0,1,1,0,overall,2026-10-07T21:51:42.937386+00:00,nein,abfrage
SVI-BLK,38,1,n-zoroark,N's Zoroark,51,170,181,55,46.39,cynthia-garchomp-ex,Cynthia's Garchomp,2,16.67,0,1,1,overall,2026-10-07T21:51:42.937386+00:00,nein,abfrage
SVI-BLK,38,1,n-zoroark,N's Zoroark,51,170,181,55,46.39,poison-archaludon,Poison Archaludon,2,0.0,0,2,0,overall,2026-10-07T21:51:42.937386+00:00,nein,abfrage
SVI-BLK,38,1,n-zoroark,N's Zoroark,51,170,181,55,46.39,roaring-moon-ex,Roaring Moon,1,100.0,1,0,0,overall,2026-10-07T21:51:42.937386+00:00,nein,abfrage
SVI-BLK,38,1,n-zoroark,N's Zoroark,51,170,181,55,46.39,marnie-grimmsnarl-ex,Marnie's Grimmsnarl,1,33.33,0,0,1,overall,2026-10-07T21:51:42.937386+00:00,nein,abfrage
SVI-BLK,38,1,n-zoroark,N's Zoroark,51,170,181,55,46.39,iron-valiant-ex,Iron Valiant,1,0.0,0,1,0,overall,2026-10-07T21:51:42.937386+00:00,nein,abfrage
SVI-BLK,38,1,n-zoroark,N's Zoroark,51,170,181,55,46.39,ethan-magcargo,Ethan's Magcargo,1,100.0,1,0,0,overall,2026-10-07T21:51:42.937386+00:00,nein,abfrage
SVI-BLK,38,1,n-zoroark,N's Zoroark,51,170,181,55,46.39,charizard-dusknoir,Charizard Dusknoir,1,100.0,1,0,0,overall,2026-10-07T21:51:42.937386+00:00,nein,abfrage
SVI-BLK,38,1,n-zoroark,N's Zoroark,51,170,181,55,46.39,dudunsparce-control,Dudunsparce Control,1,0.0,0,1,0,overall,2026-10-07T21:51:42.937386+00:00,nein,abfrage
SVI-BLK,38,1,n-zoroark,N's Zoroark,51,170,181,55,46.39,alakazam-ex,Alakazam,1,100.0,1,0,0,overall,2026-10-07T21:51:42.937386+00:00,nein,abfrage
SVI-BLK,38,1,n-zoroark,N's Zoroark,51,170,181,55,46.39,hydreigon-ex,Hydreigon,1,0.0,0,1,0,overall,2026-10-07T21:51:42.937386+00:00,nein,abfrage
SVI-BLK,38,1,n-zoroark,N's Zoroark,51,170,181,55,46.39,united-wings,United Wings,1,0.0,0,1,0,overall,2026-10-07T21:51:42.937386+00:00,nein,abfrage
SVI-BLK,38,1,n-zoroark,N's Zoroark,51,170,181,55,46.39,blissey-ex,Blissey,1,0.0,0,1,0,overall,2026-10-07T21:51:42.937386+00:00,nein,abfrage
SVI-BLK,38,1,n-zoroark,N's Zoroark,51,170,181,55,46.39,roaring-moon-dudunsparce,Roaring Moon Dudunsparce,1,100.0,1,0,0,overall,2026-10-07T21:51:42.937386+00:00,nein,abfrage
SVI-BLK,38,1,ogerpon-ex,Ogerpon,11,36,40,17,44.8,dragapult-dusknoir,Dragapult Dusknoir,19,45.61,8,9,2,overall,2026-10-07T21:51:44.678107+00:00,nein,abfrage
SVI-BLK,38,1,ogerpon-ex,Ogerpon,11,36,40,17,44.8,raging-bolt-ogerpon,Raging Bolt Ogerpon,11,66.67,6,1,4,overall,2026-10-07T21:51:44.678107+00:00,nein,abfrage
SVI-BLK,38,1,ogerpon-ex,Ogerpon,11,36,40,17,44.8,gardevoir-ex-sv,Gardevoir,11,21.21,1,6,4,overall,2026-10-07T21:51:44.678107+00:00,nein,abfrage
SVI-BLK,38,1,ogerpon-ex,Ogerpon,11,36,40,17,44.8,gholdengo-ex,Gholdengo,10,73.33,7,2,1,overall,2026-10-07T21:51:44.678107+00:00,nein,abfrage
SVI-BLK,38,1,ogerpon-ex,Ogerpon,11,36,40,17,44.8,gholdengo-joltik-box,Gholdengo Joltik Box,7,47.62,3,3,1,overall,2026-10-07T21:51:44.678107+00:00,nein,abfrage
SVI-BLK,38,1,ogerpon-ex,Ogerpon,11,36,40,17,44.8,charizard-pidgeot,Charizard Pidgeot,5,20.0,1,4,0,overall,2026-10-07T21:51:44.678107+00:00,nein,abfrage
SVI-BLK,38,1,ogerpon-ex,Ogerpon,11,36,40,17,44.8,joltik-box,Joltik Box,3,33.33,1,2,0,overall,2026-10-07T21:51:44.678107+00:00,nein,abfrage
SVI-BLK,38,1,ogerpon-ex,Ogerpon,11,36,40,17,44.8,gardevoir-jellicent,Gardevoir Jellicent,3,0.0,0,3,0,overall,2026-10-07T21:51:44.678107+00:00,nein,abfrage
SVI-BLK,38,1,ogerpon-ex,Ogerpon,11,36,40,17,44.8,greninja-ex,Greninja,2,66.67,1,0,1,overall,2026-10-07T21:51:44.678107+00:00,nein,abfrage
SVI-BLK,38,1,ogerpon-ex,Ogerpon,11,36,40,17,44.8,ogerpon-ex,Ogerpon,2,50.0,2,2,0,overall,2026-10-07T21:51:44.678107+00:00,ja,abfrage
SVI-BLK,38,1,ogerpon-ex,Ogerpon,11,36,40,17,44.8,ethan-typhlosion,Ethan's Typhlosion,2,50.0,1,1,0,overall,2026-10-07T21:51:44.678107+00:00,nein,abfrage
SVI-BLK,38,1,ogerpon-ex,Ogerpon,11,36,40,17,44.8,crustle-dri,Crustle,2,16.67,0,1,1,overall,2026-10-07T21:51:44.678107+00:00,nein,abfrage
SVI-BLK,38,1,ogerpon-ex,Ogerpon,11,36,40,17,44.8,grimmsnarl-froslass,Grimmsnarl Froslass,2,0.0,0,2,0,overall,2026-10-07T21:51:44.678107+00:00,nein,abfrage
SVI-BLK,38,1,ogerpon-ex,Ogerpon,11,36,40,17,44.8,iron-hands-magneton,Iron Hands Magneton,1,0.0,0,1,0,overall,2026-10-07T21:51:44.678107+00:00,nein,abfrage
SVI-BLK,38,1,ogerpon-ex,Ogerpon,11,36,40,17,44.8,blissey-ex,Blissey,1,100.0,1,0,0,overall,2026-10-07T21:51:44.678107+00:00,nein,abfrage
SVI-BLK,38,1,ogerpon-ex,Ogerpon,11,36,40,17,44.8,dragapult-ex,Dragapult,1,33.33,0,0,1,overall,2026-10-07T21:51:44.678107+00:00,nein,abfrage
SVI-BLK,38,1,ogerpon-ex,Ogerpon,11,36,40,17,44.8,blaziken-ex-jtg,Blaziken,1,100.0,1,0,0,overall,2026-10-07T21:51:44.678107+00:00,nein,abfrage
SVI-BLK,38,1,ogerpon-ex,Ogerpon,11,36,40,17,44.8,ho-oh-armarouge,Ho-Oh Armarouge,1,100.0,1,0,0,overall,2026-10-07T21:51:44.678107+00:00,nein,abfrage
SVI-BLK,38,1,ogerpon-ex,Ogerpon,11,36,40,17,44.8,dragapult-charizard,Dragapult Charizard,1,0.0,0,1,0,overall,2026-10-07T21:51:44.678107+00:00,nein,abfrage
SVI-BLK,38,1,ogerpon-ex,Ogerpon,11,36,40,17,44.8,slowking-scr,Slowking,1,100.0,1,0,0,overall,2026-10-07T21:51:44.678107+00:00,nein,abfrage
SVI-BLK,38,1,ogerpon-ex,Ogerpon,11,36,40,17,44.8,other,Other,1,33.33,0,0,1,overall,2026-10-07T21:51:44.678107+00:00,nein,abfrage
SVI-BLK,38,1,ogerpon-ex,Ogerpon,11,36,40,17,44.8,charizard-noctowl,Charizard Noctowl,1,0.0,0,1,0,overall,2026-10-07T21:51:44.678107+00:00,nein,abfrage
SVI-BLK,38,1,ogerpon-ex,Ogerpon,11,36,40,17,44.8,poison-archaludon,Poison Archaludon,1,100.0,1,0,0,overall,2026-10-07T21:51:44.678107+00:00,nein,abfrage
SVI-BLK,38,1,ogerpon-ex,Ogerpon,11,36,40,17,44.8,tera-box,Tera Box,1,0.0,0,1,0,overall,2026-10-07T21:51:44.678107+00:00,nein,abfrage
SVI-BLK,38,1,ogerpon-ex,Ogerpon,11,36,40,17,44.8,farigiraf-milotic,Farigiraf Milotic,1,33.33,0,0,1,overall,2026-10-07T21:51:44.678107+00:00,nein,abfrage
SVI-BLK,38,1,okidogi-ex,Okidogi,1,0,3,0,0.0,dragapult-dusknoir,Dragapult Dusknoir,1,0.0,0,1,0,overall,2026-10-07T21:51:46.447712+00:00,nein,abfrage
SVI-BLK,38,1,okidogi-ex,Okidogi,1,0,3,0,0.0,gardevoir-ex-sv,Gardevoir,1,0.0,0,1,0,overall,2026-10-07T21:51:46.447712+00:00,nein,abfrage
SVI-BLK,38,1,okidogi-ex,Okidogi,1,0,3,0,0.0,cynthia-garchomp-ex,Cynthia's Garchomp,1,0.0,0,1,0,overall,2026-10-07T21:51:46.447712+00:00,nein,abfrage
SVI-BLK,38,1,okidogi-twm,Okidogi,1,4,3,1,54.17,gholdengo-ex,Gholdengo,2,66.67,1,0,1,overall,2026-10-07T21:51:48.209906+00:00,nein,abfrage
SVI-BLK,38,1,okidogi-twm,Okidogi,1,4,3,1,54.17,flareon-noctowl,Flareon Noctowl,1,0.0,0,1,0,overall,2026-10-07T21:51:48.209906+00:00,nein,abfrage
SVI-BLK,38,1,okidogi-twm,Okidogi,1,4,3,1,54.17,joltik-box,Joltik Box,1,100.0,1,0,0,overall,2026-10-07T21:51:48.209906+00:00,nein,abfrage
SVI-BLK,38,1,okidogi-twm,Okidogi,1,4,3,1,54.17,gholdengo-joltik-box,Gholdengo Joltik Box,1,100.0,1,0,0,overall,2026-10-07T21:51:48.209906+00:00,nein,abfrage
SVI-BLK,38,1,okidogi-twm,Okidogi,1,4,3,1,54.17,raging-bolt-ogerpon,Raging Bolt Ogerpon,1,0.0,0,1,0,overall,2026-10-07T21:51:48.209906+00:00,nein,abfrage
SVI-BLK,38,1,okidogi-twm,Okidogi,1,4,3,1,54.17,tera-box,Tera Box,1,100.0,1,0,0,overall,2026-10-07T21:51:48.209906+00:00,nein,abfrage
SVI-BLK,38,1,okidogi-twm,Okidogi,1,4,3,1,54.17,gardevoir-ex-sv,Gardevoir,1,0.0,0,1,0,overall,2026-10-07T21:51:48.209906+00:00,nein,abfrage
SVI-BLK,38,1,other,Other,23,29,90,19,25.6,gardevoir-ex-sv,Gardevoir,22,21.21,4,16,2,overall,2026-10-07T21:51:49.958246+00:00,nein,abfrage
SVI-BLK,38,1,other,Other,23,29,90,19,25.6,dragapult-dusknoir,Dragapult Dusknoir,21,38.1,7,11,3,overall,2026-10-07T21:51:49.958246+00:00,nein,abfrage
SVI-BLK,38,1,other,Other,23,29,90,19,25.6,raging-bolt-ogerpon,Raging Bolt Ogerpon,14,23.81,2,8,4,overall,2026-10-07T21:51:49.958246+00:00,nein,abfrage
SVI-BLK,38,1,other,Other,23,29,90,19,25.6,gholdengo-ex,Gholdengo,13,35.9,4,7,2,overall,2026-10-07T21:51:49.958246+00:00,nein,abfrage
SVI-BLK,38,1,other,Other,23,29,90,19,25.6,charizard-pidgeot,Charizard Pidgeot,6,22.22,1,4,1,overall,2026-10-07T21:51:49.958246+00:00,nein,abfrage
SVI-BLK,38,1,other,Other,23,29,90,19,25.6,tera-box,Tera Box,6,0.0,0,6,0,overall,2026-10-07T21:51:49.958246+00:00,nein,abfrage
SVI-BLK,38,1,other,Other,23,29,90,19,25.6,joltik-box,Joltik Box,6,5.56,0,5,1,overall,2026-10-07T21:51:49.958246+00:00,nein,abfrage
SVI-BLK,38,1,other,Other,23,29,90,19,25.6,flareon-noctowl,Flareon Noctowl,5,40.0,2,3,0,overall,2026-10-07T21:51:49.958246+00:00,nein,abfrage
SVI-BLK,38,1,other,Other,23,29,90,19,25.6,gholdengo-joltik-box,Gholdengo Joltik Box,5,26.67,1,3,1,overall,2026-10-07T21:51:49.958246+00:00,nein,abfrage
SVI-BLK,38,1,other,Other,23,29,90,19,25.6,dragapult-ex,Dragapult,4,25.0,1,3,0,overall,2026-10-07T21:51:49.958246+00:00,nein,abfrage
SVI-BLK,38,1,other,Other,23,29,90,19,25.6,n-zoroark,N's Zoroark,4,25.0,1,3,0,overall,2026-10-07T21:51:49.958246+00:00,nein,abfrage
SVI-BLK,38,1,other,Other,23,29,90,19,25.6,ethan-typhlosion,Ethan's Typhlosion,3,11.11,0,2,1,overall,2026-10-07T21:51:49.958246+00:00,nein,abfrage
SVI-BLK,38,1,other,Other,23,29,90,19,25.6,grimmsnarl-froslass,Grimmsnarl Froslass,3,0.0,0,3,0,overall,2026-10-07T21:51:49.958246+00:00,nein,abfrage
SVI-BLK,38,1,other,Other,23,29,90,19,25.6,gardevoir-jellicent,Gardevoir Jellicent,3,0.0,0,3,0,overall,2026-10-07T21:51:49.958246+00:00,nein,abfrage
SVI-BLK,38,1,other,Other,23,29,90,19,25.6,ho-oh-armarouge,Ho-Oh Armarouge,2,0.0,0,2,0,overall,2026-10-07T21:51:49.958246+00:00,nein,abfrage
SVI-BLK,38,1,other,Other,23,29,90,19,25.6,crustle-dri,Crustle,2,50.0,1,1,0,overall,2026-10-07T21:51:49.958246+00:00,nein,abfrage
SVI-BLK,38,1,other,Other,23,29,90,19,25.6,cynthia-garchomp-ex,Cynthia's Garchomp,2,100.0,2,0,0,overall,2026-10-07T21:51:49.958246+00:00,nein,abfrage
SVI-BLK,38,1,other,Other,23,29,90,19,25.6,farigiraf-milotic,Farigiraf Milotic,2,0.0,0,2,0,overall,2026-10-07T21:51:49.958246+00:00,nein,abfrage
SVI-BLK,38,1,other,Other,23,29,90,19,25.6,dragapult-charizard,Dragapult Charizard,2,50.0,1,1,0,overall,2026-10-07T21:51:49.958246+00:00,nein,abfrage
SVI-BLK,38,1,other,Other,23,29,90,19,25.6,iron-hands-magneton,Iron Hands Magneton,1,100.0,1,0,0,overall,2026-10-07T21:51:49.958246+00:00,nein,abfrage
SVI-BLK,38,1,other,Other,23,29,90,19,25.6,mamoswine-ex,Mamoswine,1,0.0,0,1,0,overall,2026-10-07T21:51:49.958246+00:00,nein,abfrage
SVI-BLK,38,1,other,Other,23,29,90,19,25.6,charizard-dusknoir,Charizard Dusknoir,1,33.33,0,0,1,overall,2026-10-07T21:51:49.958246+00:00,nein,abfrage
SVI-BLK,38,1,other,Other,23,29,90,19,25.6,roaring-moon-ex,Roaring Moon,1,0.0,0,1,0,overall,2026-10-07T21:51:49.958246+00:00,nein,abfrage
SVI-BLK,38,1,other,Other,23,29,90,19,25.6,gholdengo-dragapult,Gholdengo Dragapult,1,0.0,0,1,0,overall,2026-10-07T21:51:49.958246+00:00,nein,abfrage
SVI-BLK,38,1,other,Other,23,29,90,19,25.6,poison-archaludon,Poison Archaludon,1,0.0,0,1,0,overall,2026-10-07T21:51:49.958246+00:00,nein,abfrage
SVI-BLK,38,1,other,Other,23,29,90,19,25.6,dudunsparce-control,Dudunsparce Control,1,0.0,0,1,0,overall,2026-10-07T21:51:49.958246+00:00,nein,abfrage
SVI-BLK,38,1,other,Other,23,29,90,19,25.6,ethan-magcargo,Ethan's Magcargo,1,33.33,0,0,1,overall,2026-10-07T21:51:49.958246+00:00,nein,abfrage
SVI-BLK,38,1,other,Other,23,29,90,19,25.6,roaring-moon-dudunsparce,Roaring Moon Dudunsparce,1,33.33,0,0,1,overall,2026-10-07T21:51:49.958246+00:00,nein,abfrage
SVI-BLK,38,1,other,Other,23,29,90,19,25.6,ogerpon-ex,Ogerpon,1,33.33,0,0,1,overall,2026-10-07T21:51:49.958246+00:00,nein,abfrage
SVI-BLK,38,1,other,Other,23,29,90,19,25.6,other,Other,1,50.0,1,1,0,overall,2026-10-07T21:51:49.958246+00:00,ja,abfrage
SVI-BLK,38,1,other,Other,23,29,90,19,25.6,iron-thorns-ex,Iron Thorns,1,0.0,0,1,0,overall,2026-10-07T21:51:49.958246+00:00,nein,abfrage
SVI-BLK,38,1,palafin-ex,Palafin,1,6,5,3,50.0,raging-bolt-ogerpon,Raging Bolt Ogerpon,3,77.78,2,0,1,overall,2026-10-07T21:51:51.697361+00:00,nein,abfrage
SVI-BLK,38,1,palafin-ex,Palafin,1,6,5,3,50.0,conkeldurr-twm,Conkeldurr,2,33.33,0,0,2,overall,2026-10-07T21:51:51.697361+00:00,nein,abfrage
SVI-BLK,38,1,palafin-ex,Palafin,1,6,5,3,50.0,toedscruel-ex,Toedscruel,1,100.0,1,0,0,overall,2026-10-07T21:51:51.697361+00:00,nein,abfrage
SVI-BLK,38,1,palafin-ex,Palafin,1,6,5,3,50.0,ho-oh-armarouge,Ho-Oh Armarouge,1,0.0,0,1,0,overall,2026-10-07T21:51:51.697361+00:00,nein,abfrage
SVI-BLK,38,1,palafin-ex,Palafin,1,6,5,3,50.0,grimmsnarl-froslass,Grimmsnarl Froslass,1,100.0,1,0,0,overall,2026-10-07T21:51:51.697361+00:00,nein,abfrage
SVI-BLK,38,1,palafin-ex,Palafin,1,6,5,3,50.0,flareon-noctowl,Flareon Noctowl,1,100.0,1,0,0,overall,2026-10-07T21:51:51.697361+00:00,nein,abfrage
SVI-BLK,38,1,palafin-ex,Palafin,1,6,5,3,50.0,gardevoir-ex-sv,Gardevoir,1,0.0,0,1,0,overall,2026-10-07T21:51:51.697361+00:00,nein,abfrage
SVI-BLK,38,1,palafin-ex,Palafin,1,6,5,3,50.0,joltik-box,Joltik Box,1,0.0,0,1,0,overall,2026-10-07T21:51:51.697361+00:00,nein,abfrage
SVI-BLK,38,1,palafin-ex,Palafin,1,6,5,3,50.0,gholdengo-joltik-box,Gholdengo Joltik Box,1,0.0,0,1,0,overall,2026-10-07T21:51:51.697361+00:00,nein,abfrage
SVI-BLK,38,1,palafin-ex,Palafin,1,6,5,3,50.0,gholdengo-ex,Gholdengo,1,100.0,1,0,0,overall,2026-10-07T21:51:51.697361+00:00,nein,abfrage
SVI-BLK,38,1,palafin-ex,Palafin,1,6,5,3,50.0,charizard-pidgeot,Charizard Pidgeot,1,0.0,0,1,0,overall,2026-10-07T21:51:51.697361+00:00,nein,abfrage
SVI-BLK,38,1,pidgeot-control,Pidgeot Control,8,24,23,14,46.99,dragapult-dusknoir,Dragapult Dusknoir,10,43.33,3,3,4,overall,2026-10-07T21:51:53.449764+00:00,nein,abfrage
SVI-BLK,38,1,pidgeot-control,Pidgeot Control,8,24,23,14,46.99,gholdengo-ex,Gholdengo,9,55.56,4,2,3,overall,2026-10-07T21:51:53.449764+00:00,nein,abfrage
SVI-BLK,38,1,pidgeot-control,Pidgeot Control,8,24,23,14,46.99,charizard-pidgeot,Charizard Pidgeot,5,20.0,0,2,3,overall,2026-10-07T21:51:53.449764+00:00,nein,abfrage
SVI-BLK,38,1,pidgeot-control,Pidgeot Control,8,24,23,14,46.99,gholdengo-joltik-box,Gholdengo Joltik Box,4,50.0,2,2,0,overall,2026-10-07T21:51:53.449764+00:00,nein,abfrage
SVI-BLK,38,1,pidgeot-control,Pidgeot Control,8,24,23,14,46.99,gardevoir-ex-sv,Gardevoir,4,58.33,2,1,1,overall,2026-10-07T21:51:53.449764+00:00,nein,abfrage
SVI-BLK,38,1,pidgeot-control,Pidgeot Control,8,24,23,14,46.99,dragapult-ex,Dragapult,3,100.0,3,0,0,overall,2026-10-07T21:51:53.449764+00:00,nein,abfrage
SVI-BLK,38,1,pidgeot-control,Pidgeot Control,8,24,23,14,46.99,farigiraf-milotic,Farigiraf Milotic,3,77.78,2,0,1,overall,2026-10-07T21:51:53.449764+00:00,nein,abfrage
SVI-BLK,38,1,pidgeot-control,Pidgeot Control,8,24,23,14,46.99,n-zoroark,N's Zoroark,2,50.0,1,1,0,overall,2026-10-07T21:51:53.449764+00:00,nein,abfrage
SVI-BLK,38,1,pidgeot-control,Pidgeot Control,8,24,23,14,46.99,gardevoir-jellicent,Gardevoir Jellicent,2,50.0,1,1,0,overall,2026-10-07T21:51:53.449764+00:00,nein,abfrage
SVI-BLK,38,1,pidgeot-control,Pidgeot Control,8,24,23,14,46.99,tera-box,Tera Box,2,50.0,1,1,0,overall,2026-10-07T21:51:53.449764+00:00,nein,abfrage
SVI-BLK,38,1,pidgeot-control,Pidgeot Control,8,24,23,14,46.99,joltik-box,Joltik Box,2,50.0,1,1,0,overall,2026-10-07T21:51:53.449764+00:00,nein,abfrage
SVI-BLK,38,1,pidgeot-control,Pidgeot Control,8,24,23,14,46.99,dragapult-charizard,Dragapult Charizard,2,16.67,0,1,1,overall,2026-10-07T21:51:53.449764+00:00,nein,abfrage
SVI-BLK,38,1,pidgeot-control,Pidgeot Control,8,24,23,14,46.99,dragapult-pidgeot,Dragapult Pidgeot,2,66.67,1,0,1,overall,2026-10-07T21:51:53.449764+00:00,nein,abfrage
SVI-BLK,38,1,pidgeot-control,Pidgeot Control,8,24,23,14,46.99,conkeldurr-twm,Conkeldurr,2,50.0,1,1,0,overall,2026-10-07T21:51:53.449764+00:00,nein,abfrage
SVI-BLK,38,1,pidgeot-control,Pidgeot Control,8,24,23,14,46.99,ethan-typhlosion,Ethan's Typhlosion,2,0.0,0,2,0,overall,2026-10-07T21:51:53.449764+00:00,nein,abfrage
SVI-BLK,38,1,pidgeot-control,Pidgeot Control,8,24,23,14,46.99,hydreigon-ex,Hydreigon,1,100.0,1,0,0,overall,2026-10-07T21:51:53.449764+00:00,nein,abfrage
SVI-BLK,38,1,pidgeot-control,Pidgeot Control,8,24,23,14,46.99,iron-thorns-ex,Iron Thorns,1,0.0,0,1,0,overall,2026-10-07T21:51:53.449764+00:00,nein,abfrage
SVI-BLK,38,1,pidgeot-control,Pidgeot Control,8,24,23,14,46.99,ho-oh-armarouge,Ho-Oh Armarouge,1,0.0,0,1,0,overall,2026-10-07T21:51:53.449764+00:00,nein,abfrage
SVI-BLK,38,1,pidgeot-control,Pidgeot Control,8,24,23,14,46.99,crustle-dri,Crustle,1,100.0,1,0,0,overall,2026-10-07T21:51:53.449764+00:00,nein,abfrage
SVI-BLK,38,1,pidgeot-control,Pidgeot Control,8,24,23,14,46.99,raging-bolt-ogerpon,Raging Bolt Ogerpon,1,0.0,0,1,0,overall,2026-10-07T21:51:53.449764+00:00,nein,abfrage
SVI-BLK,38,1,pidgeot-control,Pidgeot Control,8,24,23,14,46.99,grimmsnarl-froslass,Grimmsnarl Froslass,1,0.0,0,1,0,overall,2026-10-07T21:51:53.449764+00:00,nein,abfrage
SVI-BLK,38,1,poison-archaludon,Poison Archaludon,7,22,29,7,41.95,gholdengo-ex,Gholdengo,10,20.0,2,8,0,overall,2026-10-07T21:51:55.217463+00:00,nein,abfrage
SVI-BLK,38,1,poison-archaludon,Poison Archaludon,7,22,29,7,41.95,dragapult-dusknoir,Dragapult Dusknoir,9,62.96,5,2,2,overall,2026-10-07T21:51:55.217463+00:00,nein,abfrage
SVI-BLK,38,1,poison-archaludon,Poison Archaludon,7,22,29,7,41.95,gardevoir-ex-sv,Gardevoir,7,38.1,2,3,2,overall,2026-10-07T21:51:55.217463+00:00,nein,abfrage
SVI-BLK,38,1,poison-archaludon,Poison Archaludon,7,22,29,7,41.95,gholdengo-joltik-box,Gholdengo Joltik Box,5,20.0,1,4,0,overall,2026-10-07T21:51:55.217463+00:00,nein,abfrage
SVI-BLK,38,1,poison-archaludon,Poison Archaludon,7,22,29,7,41.95,raging-bolt-ogerpon,Raging Bolt Ogerpon,4,25.0,1,3,0,overall,2026-10-07T21:51:55.217463+00:00,nein,abfrage
SVI-BLK,38,1,poison-archaludon,Poison Archaludon,7,22,29,7,41.95,charizard-pidgeot,Charizard Pidgeot,3,66.67,2,1,0,overall,2026-10-07T21:51:55.217463+00:00,nein,abfrage
SVI-BLK,38,1,poison-archaludon,Poison Archaludon,7,22,29,7,41.95,ethan-typhlosion,Ethan's Typhlosion,2,33.33,0,0,2,overall,2026-10-07T21:51:55.217463+00:00,nein,abfrage
SVI-BLK,38,1,poison-archaludon,Poison Archaludon,7,22,29,7,41.95,crustle-dri,Crustle,2,16.67,0,1,1,overall,2026-10-07T21:51:55.217463+00:00,nein,abfrage
SVI-BLK,38,1,poison-archaludon,Poison Archaludon,7,22,29,7,41.95,flareon-noctowl,Flareon Noctowl,2,50.0,1,1,0,overall,2026-10-07T21:51:55.217463+00:00,nein,abfrage
SVI-BLK,38,1,poison-archaludon,Poison Archaludon,7,22,29,7,41.95,tera-box,Tera Box,2,50.0,1,1,0,overall,2026-10-07T21:51:55.217463+00:00,nein,abfrage
SVI-BLK,38,1,poison-archaludon,Poison Archaludon,7,22,29,7,41.95,n-zoroark,N's Zoroark,2,100.0,2,0,0,overall,2026-10-07T21:51:55.217463+00:00,nein,abfrage
SVI-BLK,38,1,poison-archaludon,Poison Archaludon,7,22,29,7,41.95,dragapult-charizard,Dragapult Charizard,2,100.0,2,0,0,overall,2026-10-07T21:51:55.217463+00:00,nein,abfrage
SVI-BLK,38,1,poison-archaludon,Poison Archaludon,7,22,29,7,41.95,dudunsparce-control,Dudunsparce Control,1,0.0,0,1,0,overall,2026-10-07T21:51:55.217463+00:00,nein,abfrage
SVI-BLK,38,1,poison-archaludon,Poison Archaludon,7,22,29,7,41.95,joltik-box,Joltik Box,1,100.0,1,0,0,overall,2026-10-07T21:51:55.217463+00:00,nein,abfrage
SVI-BLK,38,1,poison-archaludon,Poison Archaludon,7,22,29,7,41.95,conkeldurr-twm,Conkeldurr,1,0.0,0,1,0,overall,2026-10-07T21:51:55.217463+00:00,nein,abfrage
SVI-BLK,38,1,poison-archaludon,Poison Archaludon,7,22,29,7,41.95,other,Other,1,100.0,1,0,0,overall,2026-10-07T21:51:55.217463+00:00,nein,abfrage
SVI-BLK,38,1,poison-archaludon,Poison Archaludon,7,22,29,7,41.95,iron-hands-magneton,Iron Hands Magneton,1,100.0,1,0,0,overall,2026-10-07T21:51:55.217463+00:00,nein,abfrage
SVI-BLK,38,1,poison-archaludon,Poison Archaludon,7,22,29,7,41.95,iron-thorns-ex,Iron Thorns,1,0.0,0,1,0,overall,2026-10-07T21:51:55.217463+00:00,nein,abfrage
SVI-BLK,38,1,poison-archaludon,Poison Archaludon,7,22,29,7,41.95,ethan-magcargo,Ethan's Magcargo,1,0.0,0,1,0,overall,2026-10-07T21:51:55.217463+00:00,nein,abfrage
SVI-BLK,38,1,poison-archaludon,Poison Archaludon,7,22,29,7,41.95,ogerpon-ex,Ogerpon,1,0.0,0,1,0,overall,2026-10-07T21:51:55.217463+00:00,nein,abfrage
SVI-BLK,38,1,raging-bolt-ogerpon,Raging Bolt Ogerpon,263,883,898,338,46.99,dragapult-dusknoir,Dragapult Dusknoir,301,45.29,122,136,43,overall,2026-10-07T21:51:56.980075+00:00,nein,abfrage
SVI-BLK,38,1,raging-bolt-ogerpon,Raging Bolt Ogerpon,263,883,898,338,46.99,gardevoir-ex-sv,Gardevoir,239,37.8,74,116,49,overall,2026-10-07T21:51:56.980075+00:00,nein,abfrage
SVI-BLK,38,1,raging-bolt-ogerpon,Raging Bolt Ogerpon,263,883,898,338,46.99,gholdengo-ex,Gholdengo,229,45.85,96,106,27,overall,2026-10-07T21:51:56.980075+00:00,nein,abfrage
SVI-BLK,38,1,raging-bolt-ogerpon,Raging Bolt Ogerpon,263,883,898,338,46.99,gholdengo-joltik-box,Gholdengo Joltik Box,167,58.08,89,54,24,overall,2026-10-07T21:51:56.980075+00:00,nein,abfrage
SVI-BLK,38,1,raging-bolt-ogerpon,Raging Bolt Ogerpon,263,883,898,338,46.99,raging-bolt-ogerpon,Raging Bolt Ogerpon,107,47.04,88,88,38,overall,2026-10-07T21:51:56.980075+00:00,ja,abfrage
SVI-BLK,38,1,raging-bolt-ogerpon,Raging Bolt Ogerpon,263,883,898,338,46.99,joltik-box,Joltik Box,105,64.76,65,31,9,overall,2026-10-07T21:51:56.980075+00:00,nein,abfrage
SVI-BLK,38,1,raging-bolt-ogerpon,Raging Bolt Ogerpon,263,883,898,338,46.99,charizard-pidgeot,Charizard Pidgeot,98,49.66,43,38,17,overall,2026-10-07T21:51:56.980075+00:00,nein,abfrage
SVI-BLK,38,1,raging-bolt-ogerpon,Raging Bolt Ogerpon,263,883,898,338,46.99,tera-box,Tera Box,86,39.92,31,45,10,overall,2026-10-07T21:51:56.980075+00:00,nein,abfrage
SVI-BLK,38,1,raging-bolt-ogerpon,Raging Bolt Ogerpon,263,883,898,338,46.99,gardevoir-jellicent,Gardevoir Jellicent,70,30.95,18,41,11,overall,2026-10-07T21:51:56.980075+00:00,nein,abfrage
SVI-BLK,38,1,raging-bolt-ogerpon,Raging Bolt Ogerpon,263,883,898,338,46.99,grimmsnarl-froslass,Grimmsnarl Froslass,66,59.09,35,19,12,overall,2026-10-07T21:51:56.980075+00:00,nein,abfrage
SVI-BLK,38,1,raging-bolt-ogerpon,Raging Bolt Ogerpon,263,883,898,338,46.99,flareon-noctowl,Flareon Noctowl,58,39.66,21,31,6,overall,2026-10-07T21:51:56.980075+00:00,nein,abfrage
SVI-BLK,38,1,raging-bolt-ogerpon,Raging Bolt Ogerpon,263,883,898,338,46.99,dragapult-ex,Dragapult,57,40.35,20,28,9,overall,2026-10-07T21:51:56.980075+00:00,nein,abfrage
SVI-BLK,38,1,raging-bolt-ogerpon,Raging Bolt Ogerpon,263,883,898,338,46.99,ethan-typhlosion,Ethan's Typhlosion,44,35.61,12,21,11,overall,2026-10-07T21:51:56.980075+00:00,nein,abfrage
SVI-BLK,38,1,raging-bolt-ogerpon,Raging Bolt Ogerpon,263,883,898,338,46.99,n-zoroark,N's Zoroark,37,68.47,24,9,4,overall,2026-10-07T21:51:56.980075+00:00,nein,abfrage
SVI-BLK,38,1,raging-bolt-ogerpon,Raging Bolt Ogerpon,263,883,898,338,46.99,ho-oh-armarouge,Ho-Oh Armarouge,33,35.35,10,18,5,overall,2026-10-07T21:51:56.980075+00:00,nein,abfrage
SVI-BLK,38,1,raging-bolt-ogerpon,Raging Bolt Ogerpon,263,883,898,338,46.99,dragapult-charizard,Dragapult Charizard,33,61.62,17,6,10,overall,2026-10-07T21:51:56.980075+00:00,nein,abfrage
SVI-BLK,38,1,raging-bolt-ogerpon,Raging Bolt Ogerpon,263,883,898,338,46.99,conkeldurr-twm,Conkeldurr,27,28.4,6,16,5,overall,2026-10-07T21:51:56.980075+00:00,nein,abfrage
SVI-BLK,38,1,raging-bolt-ogerpon,Raging Bolt Ogerpon,263,883,898,338,46.99,crustle-dri,Crustle,26,47.44,11,11,4,overall,2026-10-07T21:51:56.980075+00:00,nein,abfrage
SVI-BLK,38,1,raging-bolt-ogerpon,Raging Bolt Ogerpon,263,883,898,338,46.99,iron-thorns-ex,Iron Thorns,17,37.25,6,10,1,overall,2026-10-07T21:51:56.980075+00:00,nein,abfrage
SVI-BLK,38,1,raging-bolt-ogerpon,Raging Bolt Ogerpon,263,883,898,338,46.99,blissey-ex,Blissey,16,27.08,3,9,4,overall,2026-10-07T21:51:56.980075+00:00,nein,abfrage
SVI-BLK,38,1,raging-bolt-ogerpon,Raging Bolt Ogerpon,263,883,898,338,46.99,other,Other,14,66.67,8,2,4,overall,2026-10-07T21:51:56.980075+00:00,nein,abfrage
SVI-BLK,38,1,raging-bolt-ogerpon,Raging Bolt Ogerpon,263,883,898,338,46.99,ogerpon-ex,Ogerpon,11,21.21,1,6,4,overall,2026-10-07T21:51:56.980075+00:00,nein,abfrage
SVI-BLK,38,1,raging-bolt-ogerpon,Raging Bolt Ogerpon,263,883,898,338,46.99,cynthia-garchomp-ex,Cynthia's Garchomp,11,78.79,8,1,2,overall,2026-10-07T21:51:56.980075+00:00,nein,abfrage
SVI-BLK,38,1,raging-bolt-ogerpon,Raging Bolt Ogerpon,263,883,898,338,46.99,archaludon-ex,Archaludon,9,55.56,5,4,0,overall,2026-10-07T21:51:56.980075+00:00,nein,abfrage
SVI-BLK,38,1,raging-bolt-ogerpon,Raging Bolt Ogerpon,263,883,898,338,46.99,hydreigon-ex,Hydreigon,9,92.59,8,0,1,overall,2026-10-07T21:51:56.980075+00:00,nein,abfrage
SVI-BLK,38,1,raging-bolt-ogerpon,Raging Bolt Ogerpon,263,883,898,338,46.99,iron-hands-magneton,Iron Hands Magneton,8,66.67,5,2,1,overall,2026-10-07T21:51:56.980075+00:00,nein,abfrage
SVI-BLK,38,1,raging-bolt-ogerpon,Raging Bolt Ogerpon,263,883,898,338,46.99,charizard-dusknoir,Charizard Dusknoir,8,20.83,1,5,2,overall,2026-10-07T21:51:56.980075+00:00,nein,abfrage
SVI-BLK,38,1,raging-bolt-ogerpon,Raging Bolt Ogerpon,263,883,898,338,46.99,greninja-ex,Greninja,7,52.38,3,2,2,overall,2026-10-07T21:51:56.980075+00:00,nein,abfrage
SVI-BLK,38,1,raging-bolt-ogerpon,Raging Bolt Ogerpon,263,883,898,338,46.99,roaring-moon-ex,Roaring Moon,7,57.14,3,1,3,overall,2026-10-07T21:51:56.980075+00:00,nein,abfrage
SVI-BLK,38,1,raging-bolt-ogerpon,Raging Bolt Ogerpon,263,883,898,338,46.99,charizard-noctowl,Charizard Noctowl,6,33.33,1,2,3,overall,2026-10-07T21:51:56.980075+00:00,nein,abfrage
SVI-BLK,38,1,raging-bolt-ogerpon,Raging Bolt Ogerpon,263,883,898,338,46.99,toedscruel-ex,Toedscruel,6,38.89,2,3,1,overall,2026-10-07T21:51:56.980075+00:00,nein,abfrage
SVI-BLK,38,1,raging-bolt-ogerpon,Raging Bolt Ogerpon,263,883,898,338,46.99,slowking-scr,Slowking,5,73.33,3,0,2,overall,2026-10-07T21:51:56.980075+00:00,nein,abfrage
SVI-BLK,38,1,raging-bolt-ogerpon,Raging Bolt Ogerpon,263,883,898,338,46.99,charizard-dragapult,Charizard Dragapult,5,46.67,2,2,1,overall,2026-10-07T21:51:56.980075+00:00,nein,abfrage
SVI-BLK,38,1,raging-bolt-ogerpon,Raging Bolt Ogerpon,263,883,898,338,46.99,dragapult-blaziken,Dragapult Blaziken,5,66.67,3,1,1,overall,2026-10-07T21:51:56.980075+00:00,nein,abfrage
SVI-BLK,38,1,raging-bolt-ogerpon,Raging Bolt Ogerpon,263,883,898,338,46.99,festival-lead,Festival Lead,4,58.33,2,1,1,overall,2026-10-07T21:51:56.980075+00:00,nein,abfrage
SVI-BLK,38,1,raging-bolt-ogerpon,Raging Bolt Ogerpon,263,883,898,338,46.99,greninja-blaziken,Greninja Blaziken,4,33.33,1,2,1,overall,2026-10-07T21:51:56.980075+00:00,nein,abfrage
SVI-BLK,38,1,raging-bolt-ogerpon,Raging Bolt Ogerpon,263,883,898,338,46.99,poison-archaludon,Poison Archaludon,4,75.0,3,1,0,overall,2026-10-07T21:51:56.980075+00:00,nein,abfrage
SVI-BLK,38,1,raging-bolt-ogerpon,Raging Bolt Ogerpon,263,883,898,338,46.99,terapagos-noctowl,Terapagos Noctowl,4,16.67,0,2,2,overall,2026-10-07T21:51:56.980075+00:00,nein,abfrage
SVI-BLK,38,1,raging-bolt-ogerpon,Raging Bolt Ogerpon,263,883,898,338,46.99,miraidon-ex,Miraidon,4,33.33,1,2,1,overall,2026-10-07T21:51:56.980075+00:00,nein,abfrage
SVI-BLK,38,1,raging-bolt-ogerpon,Raging Bolt Ogerpon,263,883,898,338,46.99,rocket-mewtwo-ex,Rocket's Mewtwo,4,58.33,2,1,1,overall,2026-10-07T21:51:56.980075+00:00,nein,abfrage
SVI-BLK,38,1,raging-bolt-ogerpon,Raging Bolt Ogerpon,263,883,898,338,46.99,hydrapple-ogerpon,Hydrapple Ogerpon,4,41.67,1,1,2,overall,2026-10-07T21:51:56.980075+00:00,nein,abfrage
SVI-BLK,38,1,raging-bolt-ogerpon,Raging Bolt Ogerpon,263,883,898,338,46.99,mamoswine-ex,Mamoswine,3,66.67,2,1,0,overall,2026-10-07T21:51:56.980075+00:00,nein,abfrage
SVI-BLK,38,1,raging-bolt-ogerpon,Raging Bolt Ogerpon,263,883,898,338,46.99,slaking-ex,Slaking,3,33.33,1,2,0,overall,2026-10-07T21:51:56.980075+00:00,nein,abfrage
SVI-BLK,38,1,raging-bolt-ogerpon,Raging Bolt Ogerpon,263,883,898,338,46.99,palafin-ex,Palafin,3,11.11,0,2,1,overall,2026-10-07T21:51:56.980075+00:00,nein,abfrage
SVI-BLK,38,1,raging-bolt-ogerpon,Raging Bolt Ogerpon,263,883,898,338,46.99,gholdengo-dudunsparce,Gholdengo Dudunsparce,3,66.67,2,1,0,overall,2026-10-07T21:51:56.980075+00:00,nein,abfrage
SVI-BLK,38,1,raging-bolt-ogerpon,Raging Bolt Ogerpon,263,883,898,338,46.99,galvantula-ex,Galvantula,2,50.0,1,1,0,overall,2026-10-07T21:51:56.980075+00:00,nein,abfrage
SVI-BLK,38,1,raging-bolt-ogerpon,Raging Bolt Ogerpon,263,883,898,338,46.99,froslass-munkidori,Froslass Munkidori,2,16.67,0,1,1,overall,2026-10-07T21:51:56.980075+00:00,nein,abfrage
SVI-BLK,38,1,raging-bolt-ogerpon,Raging Bolt Ogerpon,263,883,898,338,46.99,charizard-ex,Charizard,2,100.0,2,0,0,overall,2026-10-07T21:51:56.980075+00:00,nein,abfrage
SVI-BLK,38,1,raging-bolt-ogerpon,Raging Bolt Ogerpon,263,883,898,338,46.99,rocket-porygon-z,Rocket's Porygon-Z,2,0.0,0,2,0,overall,2026-10-07T21:51:56.980075+00:00,nein,abfrage
SVI-BLK,38,1,raging-bolt-ogerpon,Raging Bolt Ogerpon,263,883,898,338,46.99,scovillain-ex,Scovillain,2,100.0,2,0,0,overall,2026-10-07T21:51:56.980075+00:00,nein,abfrage
SVI-BLK,38,1,raging-bolt-ogerpon,Raging Bolt Ogerpon,263,883,898,338,46.99,gouging-fire-ex,Gouging Fire,2,0.0,0,2,0,overall,2026-10-07T21:51:56.980075+00:00,nein,abfrage
SVI-BLK,38,1,raging-bolt-ogerpon,Raging Bolt Ogerpon,263,883,898,338,46.99,farigiraf-milotic,Farigiraf Milotic,2,50.0,1,1,0,overall,2026-10-07T21:51:56.980075+00:00,nein,abfrage
SVI-BLK,38,1,raging-bolt-ogerpon,Raging Bolt Ogerpon,263,883,898,338,46.99,ceruledge-ex,Ceruledge,2,100.0,2,0,0,overall,2026-10-07T21:51:56.980075+00:00,nein,abfrage
SVI-BLK,38,1,raging-bolt-ogerpon,Raging Bolt Ogerpon,263,883,898,338,46.99,reging-bolt-bellibolt,Raging Bolt Bellibolt,2,50.0,1,1,0,overall,2026-10-07T21:51:56.980075+00:00,nein,abfrage
SVI-BLK,38,1,raging-bolt-ogerpon,Raging Bolt Ogerpon,263,883,898,338,46.99,venomoth-froslass,Venomoth Froslass,2,100.0,2,0,0,overall,2026-10-07T21:51:56.980075+00:00,nein,abfrage
SVI-BLK,38,1,raging-bolt-ogerpon,Raging Bolt Ogerpon,263,883,898,338,46.99,marnie-grimmsnarl-ex,Marnie's Grimmsnarl,2,50.0,1,1,0,overall,2026-10-07T21:51:56.980075+00:00,nein,abfrage
SVI-BLK,38,1,raging-bolt-ogerpon,Raging Bolt Ogerpon,263,883,898,338,46.99,gholdengo-dragapult,Gholdengo Dragapult,1,100.0,1,0,0,overall,2026-10-07T21:51:56.980075+00:00,nein,abfrage
SVI-BLK,38,1,raging-bolt-ogerpon,Raging Bolt Ogerpon,263,883,898,338,46.99,sinistcha-ogerpon,Sinistcha Ogerpon,1,100.0,1,0,0,overall,2026-10-07T21:51:56.980075+00:00,nein,abfrage
SVI-BLK,38,1,raging-bolt-ogerpon,Raging Bolt Ogerpon,263,883,898,338,46.99,chien-pao-baxcalibur,Chien-Pao Baxcalibur,1,33.33,0,0,1,overall,2026-10-07T21:51:56.980075+00:00,nein,abfrage
SVI-BLK,38,1,raging-bolt-ogerpon,Raging Bolt Ogerpon,263,883,898,338,46.99,koraidon-ex,Koraidon,1,100.0,1,0,0,overall,2026-10-07T21:51:56.980075+00:00,nein,abfrage
SVI-BLK,38,1,raging-bolt-ogerpon,Raging Bolt Ogerpon,263,883,898,338,46.99,flygon-ex-ssp,Flygon,1,0.0,0,1,0,overall,2026-10-07T21:51:56.980075+00:00,nein,abfrage
SVI-BLK,38,1,raging-bolt-ogerpon,Raging Bolt Ogerpon,263,883,898,338,46.99,miraidon-eelektrik,Miraidon Eelektrik,1,100.0,1,0,0,overall,2026-10-07T21:51:56.980075+00:00,nein,abfrage
SVI-BLK,38,1,raging-bolt-ogerpon,Raging Bolt Ogerpon,263,883,898,338,46.99,united-wings,United Wings,1,0.0,0,1,0,overall,2026-10-07T21:51:56.980075+00:00,nein,abfrage
SVI-BLK,38,1,raging-bolt-ogerpon,Raging Bolt Ogerpon,263,883,898,338,46.99,dudunsparce-control,Dudunsparce Control,1,100.0,1,0,0,overall,2026-10-07T21:51:56.980075+00:00,nein,abfrage
SVI-BLK,38,1,raging-bolt-ogerpon,Raging Bolt Ogerpon,263,883,898,338,46.99,okidogi-twm,Okidogi,1,100.0,1,0,0,overall,2026-10-07T21:51:56.980075+00:00,nein,abfrage
SVI-BLK,38,1,raging-bolt-ogerpon,Raging Bolt Ogerpon,263,883,898,338,46.99,dragapult-pidgeot,Dragapult Pidgeot,1,0.0,0,1,0,overall,2026-10-07T21:51:56.980075+00:00,nein,abfrage
SVI-BLK,38,1,raging-bolt-ogerpon,Raging Bolt Ogerpon,263,883,898,338,46.99,hop-zacian,Hop's Zacian,1,0.0,0,1,0,overall,2026-10-07T21:51:56.980075+00:00,nein,abfrage
SVI-BLK,38,1,raging-bolt-ogerpon,Raging Bolt Ogerpon,263,883,898,338,46.99,roaring-moon-dudunsparce,Roaring Moon Dudunsparce,1,33.33,0,0,1,overall,2026-10-07T21:51:56.980075+00:00,nein,abfrage
SVI-BLK,38,1,raging-bolt-ogerpon,Raging Bolt Ogerpon,263,883,898,338,46.99,rocket-spidops,Rocket's Spidops,1,100.0,1,0,0,overall,2026-10-07T21:51:56.980075+00:00,nein,abfrage
SVI-BLK,38,1,raging-bolt-ogerpon,Raging Bolt Ogerpon,263,883,898,338,46.99,blaziken-ex-jtg,Blaziken,1,0.0,0,1,0,overall,2026-10-07T21:51:56.980075+00:00,nein,abfrage
SVI-BLK,38,1,raging-bolt-ogerpon,Raging Bolt Ogerpon,263,883,898,338,46.99,dragapult-iron-thorns,Dragapult Iron Thorns,1,0.0,0,1,0,overall,2026-10-07T21:51:56.980075+00:00,nein,abfrage
SVI-BLK,38,1,raging-bolt-ogerpon,Raging Bolt Ogerpon,263,883,898,338,46.99,pidgeot-control,Pidgeot Control,1,100.0,1,0,0,overall,2026-10-07T21:51:56.980075+00:00,nein,abfrage
SVI-BLK,38,1,raging-bolt-ogerpon,Raging Bolt Ogerpon,263,883,898,338,46.99,dragapult-zoroark,Dragapult Zoroark,1,100.0,1,0,0,overall,2026-10-07T21:51:56.980075+00:00,nein,abfrage
SVI-BLK,38,1,raging-bolt-ogerpon,Raging Bolt Ogerpon,263,883,898,338,46.99,chien-pao-noctowl,Chien-Pao Noctowl,1,100.0,1,0,0,overall,2026-10-07T21:51:56.980075+00:00,nein,abfrage
SVI-BLK,38,1,raging-bolt-ogerpon,Raging Bolt Ogerpon,263,883,898,338,46.99,alakazam-ex,Alakazam,1,100.0,1,0,0,overall,2026-10-07T21:51:56.980075+00:00,nein,abfrage
SVI-BLK,38,1,raging-bolt-ogerpon,Raging Bolt Ogerpon,263,883,898,338,46.99,seaking-pre,Seaking Festival Lead,1,100.0,1,0,0,overall,2026-10-07T21:51:56.980075+00:00,nein,abfrage
SVI-BLK,38,1,reging-bolt-bellibolt,Raging Bolt Bellibolt,2,3,10,2,24.44,gholdengo-ex,Gholdengo,3,0.0,0,3,0,overall,2026-10-07T21:51:58.715796+00:00,nein,abfrage
SVI-BLK,38,1,reging-bolt-bellibolt,Raging Bolt Bellibolt,2,3,10,2,24.44,gardevoir-ex-sv,Gardevoir,3,11.11,0,2,1,overall,2026-10-07T21:51:58.715796+00:00,nein,abfrage
SVI-BLK,38,1,reging-bolt-bellibolt,Raging Bolt Bellibolt,2,3,10,2,24.44,dragapult-dusknoir,Dragapult Dusknoir,3,66.67,2,1,0,overall,2026-10-07T21:51:58.715796+00:00,nein,abfrage
SVI-BLK,38,1,reging-bolt-bellibolt,Raging Bolt Bellibolt,2,3,10,2,24.44,raging-bolt-ogerpon,Raging Bolt Ogerpon,2,50.0,1,1,0,overall,2026-10-07T21:51:58.715796+00:00,nein,abfrage
SVI-BLK,38,1,reging-bolt-bellibolt,Raging Bolt Bellibolt,2,3,10,2,24.44,iron-thorns-ex,Iron Thorns,1,33.33,0,0,1,overall,2026-10-07T21:51:58.715796+00:00,nein,abfrage
SVI-BLK,38,1,reging-bolt-bellibolt,Raging Bolt Bellibolt,2,3,10,2,24.44,flareon-noctowl,Flareon Noctowl,1,0.0,0,1,0,overall,2026-10-07T21:51:58.715796+00:00,nein,abfrage
SVI-BLK,38,1,reging-bolt-bellibolt,Raging Bolt Bellibolt,2,3,10,2,24.44,gholdengo-joltik-box,Gholdengo Joltik Box,1,0.0,0,1,0,overall,2026-10-07T21:51:58.715796+00:00,nein,abfrage
SVI-BLK,38,1,reging-bolt-bellibolt,Raging Bolt Bellibolt,2,3,10,2,24.44,cynthia-garchomp-ex,Cynthia's Garchomp,1,0.0,0,1,0,overall,2026-10-07T21:51:58.715796+00:00,nein,abfrage
SVI-BLK,38,1,roaring-moon-dudunsparce,Roaring Moon Dudunsparce,3,7,12,8,35.8,dragapult-dusknoir,Dragapult Dusknoir,7,9.52,0,5,2,overall,2026-10-07T21:52:00.478190+00:00,nein,abfrage
SVI-BLK,38,1,roaring-moon-dudunsparce,Roaring Moon Dudunsparce,3,7,12,8,35.8,gardevoir-ex-sv,Gardevoir,6,77.78,4,0,2,overall,2026-10-07T21:52:00.478190+00:00,nein,abfrage
SVI-BLK,38,1,roaring-moon-dudunsparce,Roaring Moon Dudunsparce,3,7,12,8,35.8,gholdengo-joltik-box,Gholdengo Joltik Box,3,11.11,0,2,1,overall,2026-10-07T21:52:00.478190+00:00,nein,abfrage
SVI-BLK,38,1,roaring-moon-dudunsparce,Roaring Moon Dudunsparce,3,7,12,8,35.8,cynthia-garchomp-ex,Cynthia's Garchomp,2,50.0,1,1,0,overall,2026-10-07T21:52:00.478190+00:00,nein,abfrage
SVI-BLK,38,1,roaring-moon-dudunsparce,Roaring Moon Dudunsparce,3,7,12,8,35.8,tera-box,Tera Box,1,100.0,1,0,0,overall,2026-10-07T21:52:00.478190+00:00,nein,abfrage
SVI-BLK,38,1,roaring-moon-dudunsparce,Roaring Moon Dudunsparce,3,7,12,8,35.8,joltik-box,Joltik Box,1,33.33,0,0,1,overall,2026-10-07T21:52:00.478190+00:00,nein,abfrage
SVI-BLK,38,1,roaring-moon-dudunsparce,Roaring Moon Dudunsparce,3,7,12,8,35.8,gholdengo-ex,Gholdengo,1,0.0,0,1,0,overall,2026-10-07T21:52:00.478190+00:00,nein,abfrage
SVI-BLK,38,1,roaring-moon-dudunsparce,Roaring Moon Dudunsparce,3,7,12,8,35.8,ethan-typhlosion,Ethan's Typhlosion,1,100.0,1,0,0,overall,2026-10-07T21:52:00.478190+00:00,nein,abfrage
SVI-BLK,38,1,roaring-moon-dudunsparce,Roaring Moon Dudunsparce,3,7,12,8,35.8,other,Other,1,33.33,0,0,1,overall,2026-10-07T21:52:00.478190+00:00,nein,abfrage
SVI-BLK,38,1,roaring-moon-dudunsparce,Roaring Moon Dudunsparce,3,7,12,8,35.8,raging-bolt-ogerpon,Raging Bolt Ogerpon,1,33.33,0,0,1,overall,2026-10-07T21:52:00.478190+00:00,nein,abfrage
SVI-BLK,38,1,roaring-moon-dudunsparce,Roaring Moon Dudunsparce,3,7,12,8,35.8,marnie-grimmsnarl-ex,Marnie's Grimmsnarl,1,0.0,0,1,0,overall,2026-10-07T21:52:00.478190+00:00,nein,abfrage
SVI-BLK,38,1,roaring-moon-dudunsparce,Roaring Moon Dudunsparce,3,7,12,8,35.8,n-zoroark,N's Zoroark,1,0.0,0,1,0,overall,2026-10-07T21:52:00.478190+00:00,nein,abfrage
SVI-BLK,38,1,roaring-moon-dudunsparce,Roaring Moon Dudunsparce,3,7,12,8,35.8,conkeldurr-twm,Conkeldurr,1,0.0,0,1,0,overall,2026-10-07T21:52:00.478190+00:00,nein,abfrage
SVI-BLK,38,1,roaring-moon-ex,Roaring Moon,11,41,36,12,50.56,gardevoir-ex-sv,Gardevoir,15,57.78,8,5,2,overall,2026-10-07T21:52:02.254408+00:00,nein,abfrage
SVI-BLK,38,1,roaring-moon-ex,Roaring Moon,11,41,36,12,50.56,dragapult-dusknoir,Dragapult Dusknoir,13,53.85,6,4,3,overall,2026-10-07T21:52:02.254408+00:00,nein,abfrage
SVI-BLK,38,1,roaring-moon-ex,Roaring Moon,11,41,36,12,50.56,gholdengo-ex,Gholdengo,10,50.0,5,5,0,overall,2026-10-07T21:52:02.254408+00:00,nein,abfrage
SVI-BLK,38,1,roaring-moon-ex,Roaring Moon,11,41,36,12,50.56,raging-bolt-ogerpon,Raging Bolt Ogerpon,7,28.57,1,3,3,overall,2026-10-07T21:52:02.254408+00:00,nein,abfrage
SVI-BLK,38,1,roaring-moon-ex,Roaring Moon,11,41,36,12,50.56,joltik-box,Joltik Box,7,33.33,2,4,1,overall,2026-10-07T21:52:02.254408+00:00,nein,abfrage
SVI-BLK,38,1,roaring-moon-ex,Roaring Moon,11,41,36,12,50.56,tera-box,Tera Box,6,38.89,2,3,1,overall,2026-10-07T21:52:02.254408+00:00,nein,abfrage
SVI-BLK,38,1,roaring-moon-ex,Roaring Moon,11,41,36,12,50.56,gardevoir-jellicent,Gardevoir Jellicent,4,58.33,2,1,1,overall,2026-10-07T21:52:02.254408+00:00,nein,abfrage
SVI-BLK,38,1,roaring-moon-ex,Roaring Moon,11,41,36,12,50.56,gholdengo-joltik-box,Gholdengo Joltik Box,4,50.0,2,2,0,overall,2026-10-07T21:52:02.254408+00:00,nein,abfrage
SVI-BLK,38,1,roaring-moon-ex,Roaring Moon,11,41,36,12,50.56,dragapult-charizard,Dragapult Charizard,3,66.67,2,1,0,overall,2026-10-07T21:52:02.254408+00:00,nein,abfrage
SVI-BLK,38,1,roaring-moon-ex,Roaring Moon,11,41,36,12,50.56,grimmsnarl-froslass,Grimmsnarl Froslass,3,0.0,0,3,0,overall,2026-10-07T21:52:02.254408+00:00,nein,abfrage
SVI-BLK,38,1,roaring-moon-ex,Roaring Moon,11,41,36,12,50.56,charizard-pidgeot,Charizard Pidgeot,3,100.0,3,0,0,overall,2026-10-07T21:52:02.254408+00:00,nein,abfrage
SVI-BLK,38,1,roaring-moon-ex,Roaring Moon,11,41,36,12,50.56,ho-oh-armarouge,Ho-Oh Armarouge,2,16.67,0,1,1,overall,2026-10-07T21:52:02.254408+00:00,nein,abfrage
SVI-BLK,38,1,roaring-moon-ex,Roaring Moon,11,41,36,12,50.56,crustle-dri,Crustle,2,50.0,1,1,0,overall,2026-10-07T21:52:02.254408+00:00,nein,abfrage
SVI-BLK,38,1,roaring-moon-ex,Roaring Moon,11,41,36,12,50.56,n-zoroark,N's Zoroark,1,0.0,0,1,0,overall,2026-10-07T21:52:02.254408+00:00,nein,abfrage
SVI-BLK,38,1,roaring-moon-ex,Roaring Moon,11,41,36,12,50.56,other,Other,1,100.0,1,0,0,overall,2026-10-07T21:52:02.254408+00:00,nein,abfrage
SVI-BLK,38,1,roaring-moon-ex,Roaring Moon,11,41,36,12,50.56,dragapult-ex,Dragapult,1,0.0,0,1,0,overall,2026-10-07T21:52:02.254408+00:00,nein,abfrage
SVI-BLK,38,1,roaring-moon-ex,Roaring Moon,11,41,36,12,50.56,alolan-exeggutor-ex,Alolan Exeggutor ex,1,100.0,1,0,0,overall,2026-10-07T21:52:02.254408+00:00,nein,abfrage
SVI-BLK,38,1,roaring-moon-ex,Roaring Moon,11,41,36,12,50.56,ceruledge-ex,Ceruledge,1,100.0,1,0,0,overall,2026-10-07T21:52:02.254408+00:00,nein,abfrage
SVI-BLK,38,1,roaring-moon-ex,Roaring Moon,11,41,36,12,50.56,slowking-scr,Slowking,1,100.0,1,0,0,overall,2026-10-07T21:52:02.254408+00:00,nein,abfrage
SVI-BLK,38,1,roaring-moon-ex,Roaring Moon,11,41,36,12,50.56,cynthia-garchomp-ex,Cynthia's Garchomp,1,100.0,1,0,0,overall,2026-10-07T21:52:02.254408+00:00,nein,abfrage
SVI-BLK,38,1,roaring-moon-ex,Roaring Moon,11,41,36,12,50.56,charizard-dusknoir,Charizard Dusknoir,1,100.0,1,0,0,overall,2026-10-07T21:52:02.254408+00:00,nein,abfrage
SVI-BLK,38,1,roaring-moon-ex,Roaring Moon,11,41,36,12,50.56,flareon-noctowl,Flareon Noctowl,1,0.0,0,1,0,overall,2026-10-07T21:52:02.254408+00:00,nein,abfrage
SVI-BLK,38,1,roaring-moon-ex,Roaring Moon,11,41,36,12,50.56,blissey-ex,Blissey,1,100.0,1,0,0,overall,2026-10-07T21:52:02.254408+00:00,nein,abfrage
SVI-BLK,38,1,rocket-mewtwo-ex,Rocket's Mewtwo,4,7,12,6,36.0,gardevoir-ex-sv,Gardevoir,6,22.22,1,4,1,overall,2026-10-07T21:52:03.998560+00:00,nein,abfrage
SVI-BLK,38,1,rocket-mewtwo-ex,Rocket's Mewtwo,4,7,12,6,36.0,gholdengo-ex,Gholdengo,5,13.33,0,3,2,overall,2026-10-07T21:52:03.998560+00:00,nein,abfrage
SVI-BLK,38,1,rocket-mewtwo-ex,Rocket's Mewtwo,4,7,12,6,36.0,raging-bolt-ogerpon,Raging Bolt Ogerpon,4,33.33,1,2,1,overall,2026-10-07T21:52:03.998560+00:00,nein,abfrage
SVI-BLK,38,1,rocket-mewtwo-ex,Rocket's Mewtwo,4,7,12,6,36.0,joltik-box,Joltik Box,3,77.78,2,0,1,overall,2026-10-07T21:52:03.998560+00:00,nein,abfrage
SVI-BLK,38,1,rocket-mewtwo-ex,Rocket's Mewtwo,4,7,12,6,36.0,ho-oh-armarouge,Ho-Oh Armarouge,2,16.67,0,1,1,overall,2026-10-07T21:52:03.998560+00:00,nein,abfrage
SVI-BLK,38,1,rocket-mewtwo-ex,Rocket's Mewtwo,4,7,12,6,36.0,dragapult-dusknoir,Dragapult Dusknoir,2,0.0,0,2,0,overall,2026-10-07T21:52:03.998560+00:00,nein,abfrage
SVI-BLK,38,1,rocket-mewtwo-ex,Rocket's Mewtwo,4,7,12,6,36.0,toedscruel-ex,Toedscruel,1,100.0,1,0,0,overall,2026-10-07T21:52:03.998560+00:00,nein,abfrage
SVI-BLK,38,1,rocket-mewtwo-ex,Rocket's Mewtwo,4,7,12,6,36.0,united-wings,United Wings,1,100.0,1,0,0,overall,2026-10-07T21:52:03.998560+00:00,nein,abfrage
SVI-BLK,38,1,rocket-mewtwo-ex,Rocket's Mewtwo,4,7,12,6,36.0,crustle-dri,Crustle,1,100.0,1,0,0,overall,2026-10-07T21:52:03.998560+00:00,nein,abfrage
SVI-BLK,38,1,rocket-porygon-z,Rocket's Porygon-Z,1,5,3,0,62.5,raging-bolt-ogerpon,Raging Bolt Ogerpon,2,100.0,2,0,0,overall,2026-10-07T21:52:05.813662+00:00,nein,abfrage
SVI-BLK,38,1,rocket-porygon-z,Rocket's Porygon-Z,1,5,3,0,62.5,dragapult-dusknoir,Dragapult Dusknoir,2,0.0,0,2,0,overall,2026-10-07T21:52:05.813662+00:00,nein,abfrage
SVI-BLK,38,1,rocket-porygon-z,Rocket's Porygon-Z,1,5,3,0,62.5,gholdengo-ex,Gholdengo,1,100.0,1,0,0,overall,2026-10-07T21:52:05.813662+00:00,nein,abfrage
SVI-BLK,38,1,rocket-porygon-z,Rocket's Porygon-Z,1,5,3,0,62.5,gardevoir-ex-sv,Gardevoir,1,100.0,1,0,0,overall,2026-10-07T21:52:05.813662+00:00,nein,abfrage
SVI-BLK,38,1,rocket-porygon-z,Rocket's Porygon-Z,1,5,3,0,62.5,tera-box,Tera Box,1,0.0,0,1,0,overall,2026-10-07T21:52:05.813662+00:00,nein,abfrage
SVI-BLK,38,1,rocket-porygon-z,Rocket's Porygon-Z,1,5,3,0,62.5,ethan-typhlosion,Ethan's Typhlosion,1,100.0,1,0,0,overall,2026-10-07T21:52:05.813662+00:00,nein,abfrage
SVI-BLK,38,1,rocket-spidops,Rocket's Spidops,1,2,3,1,38.89,dragapult-dusknoir,Dragapult Dusknoir,2,100.0,2,0,0,overall,2026-10-07T21:52:07.553792+00:00,nein,abfrage
SVI-BLK,38,1,rocket-spidops,Rocket's Spidops,1,2,3,1,38.89,gholdengo-ex,Gholdengo,1,0.0,0,1,0,overall,2026-10-07T21:52:07.553792+00:00,nein,abfrage
SVI-BLK,38,1,rocket-spidops,Rocket's Spidops,1,2,3,1,38.89,miraidon-eelektrik,Miraidon Eelektrik,1,0.0,0,1,0,overall,2026-10-07T21:52:07.553792+00:00,nein,abfrage
SVI-BLK,38,1,rocket-spidops,Rocket's Spidops,1,2,3,1,38.89,tera-box,Tera Box,1,33.33,0,0,1,overall,2026-10-07T21:52:07.553792+00:00,nein,abfrage
SVI-BLK,38,1,rocket-spidops,Rocket's Spidops,1,2,3,1,38.89,raging-bolt-ogerpon,Raging Bolt Ogerpon,1,0.0,0,1,0,overall,2026-10-07T21:52:07.553792+00:00,nein,abfrage
SVI-BLK,38,1,scizor-ex,Scizor,1,0,2,0,0.0,flareon-noctowl,Flareon Noctowl,1,0.0,0,1,0,overall,2026-10-07T21:52:09.321917+00:00,nein,abfrage
SVI-BLK,38,1,scizor-ex,Scizor,1,0,2,0,0.0,dragapult-dusknoir,Dragapult Dusknoir,1,0.0,0,1,0,overall,2026-10-07T21:52:09.321917+00:00,nein,abfrage
SVI-BLK,38,1,scovillain-ex,Scovillain,2,5,8,1,38.1,gardevoir-ex-sv,Gardevoir,3,33.33,1,2,0,overall,2026-10-09T06:42:22.796751+00:00,nein,abfrage
SVI-BLK,38,1,scovillain-ex,Scovillain,2,5,8,1,38.1,dragapult-dusknoir,Dragapult Dusknoir,3,33.33,1,2,0,overall,2026-10-09T06:42:22.796751+00:00,nein,abfrage
SVI-BLK,38,1,scovillain-ex,Scovillain,2,5,8,1,38.1,joltik-box,Joltik Box,2,16.67,0,1,1,overall,2026-10-09T06:42:22.796751+00:00,nein,abfrage
SVI-BLK,38,1,scovillain-ex,Scovillain,2,5,8,1,38.1,raging-bolt-ogerpon,Raging Bolt Ogerpon,2,0.0,0,2,0,overall,2026-10-09T06:42:22.796751+00:00,nein,abfrage
SVI-BLK,38,1,scovillain-ex,Scovillain,2,5,8,1,38.1,flareon-noctowl,Flareon Noctowl,1,0.0,0,1,0,overall,2026-10-09T06:42:22.796751+00:00,nein,abfrage
SVI-BLK,38,1,scovillain-ex,Scovillain,2,5,8,1,38.1,charizard-pidgeot,Charizard Pidgeot,1,100.0,1,0,0,overall,2026-10-09T06:42:22.796751+00:00,nein,abfrage
SVI-BLK,38,1,scovillain-ex,Scovillain,2,5,8,1,38.1,hydreigon-ex,Hydreigon,1,100.0,1,0,0,overall,2026-10-09T06:42:22.796751+00:00,nein,abfrage
SVI-BLK,38,1,scovillain-ex,Scovillain,2,5,8,1,38.1,gholdengo-ex,Gholdengo,1,100.0,1,0,0,overall,2026-10-09T06:42:22.796751+00:00,nein,abfrage
SVI-BLK,38,1,seaking-pre,Seaking Festival Lead,1,8,5,1,59.52,gholdengo-joltik-box,Gholdengo Joltik Box,3,66.67,2,1,0,overall,2026-10-09T06:42:24.666964+00:00,nein,abfrage
SVI-BLK,38,1,seaking-pre,Seaking Festival Lead,1,8,5,1,59.52,gardevoir-ex-sv,Gardevoir,3,44.44,1,1,1,overall,2026-10-09T06:42:24.666964+00:00,nein,abfrage
SVI-BLK,38,1,seaking-pre,Seaking Festival Lead,1,8,5,1,59.52,iron-hands-magneton,Iron Hands Magneton,1,100.0,1,0,0,overall,2026-10-09T06:42:24.666964+00:00,nein,abfrage
SVI-BLK,38,1,seaking-pre,Seaking Festival Lead,1,8,5,1,59.52,farigiraf-milotic,Farigiraf Milotic,1,100.0,1,0,0,overall,2026-10-09T06:42:24.666964+00:00,nein,abfrage
SVI-BLK,38,1,seaking-pre,Seaking Festival Lead,1,8,5,1,59.52,ethan-typhlosion,Ethan's Typhlosion,1,100.0,1,0,0,overall,2026-10-09T06:42:24.666964+00:00,nein,abfrage
SVI-BLK,38,1,seaking-pre,Seaking Festival Lead,1,8,5,1,59.52,raging-bolt-ogerpon,Raging Bolt Ogerpon,1,0.0,0,1,0,overall,2026-10-09T06:42:24.666964+00:00,nein,abfrage
SVI-BLK,38,1,seaking-pre,Seaking Festival Lead,1,8,5,1,59.52,tera-box,Tera Box,1,100.0,1,0,0,overall,2026-10-09T06:42:24.666964+00:00,nein,abfrage
SVI-BLK,38,1,seaking-pre,Seaking Festival Lead,1,8,5,1,59.52,joltik-box,Joltik Box,1,0.0,0,1,0,overall,2026-10-09T06:42:24.666964+00:00,nein,abfrage
SVI-BLK,38,1,seaking-pre,Seaking Festival Lead,1,8,5,1,59.52,ho-oh-armarouge,Ho-Oh Armarouge,1,0.0,0,1,0,overall,2026-10-09T06:42:24.666964+00:00,nein,abfrage
SVI-BLK,38,1,seaking-pre,Seaking Festival Lead,1,8,5,1,59.52,gholdengo-ex,Gholdengo,1,100.0,1,0,0,overall,2026-10-09T06:42:24.666964+00:00,nein,abfrage
SVI-BLK,38,1,sinistcha-ogerpon,Sinistcha Ogerpon,2,2,7,2,24.24,dragapult-dusknoir,Dragapult Dusknoir,3,0.0,0,3,0,overall,2026-10-09T06:42:26.542578+00:00,nein,abfrage
SVI-BLK,38,1,sinistcha-ogerpon,Sinistcha Ogerpon,2,2,7,2,24.24,gardevoir-ex-sv,Gardevoir,2,66.67,1,0,1,overall,2026-10-09T06:42:26.542578+00:00,nein,abfrage
SVI-BLK,38,1,sinistcha-ogerpon,Sinistcha Ogerpon,2,2,7,2,24.24,gardevoir-jellicent,Gardevoir Jellicent,2,0.0,0,2,0,overall,2026-10-09T06:42:26.542578+00:00,nein,abfrage
SVI-BLK,38,1,sinistcha-ogerpon,Sinistcha Ogerpon,2,2,7,2,24.24,grimmsnarl-froslass,Grimmsnarl Froslass,2,50.0,1,1,0,overall,2026-10-09T06:42:26.542578+00:00,nein,abfrage
SVI-BLK,38,1,sinistcha-ogerpon,Sinistcha Ogerpon,2,2,7,2,24.24,raging-bolt-ogerpon,Raging Bolt Ogerpon,1,0.0,0,1,0,overall,2026-10-09T06:42:26.542578+00:00,nein,abfrage
SVI-BLK,38,1,sinistcha-ogerpon,Sinistcha Ogerpon,2,2,7,2,24.24,hydrapple-ogerpon,Hydrapple Ogerpon,1,33.33,0,0,1,overall,2026-10-09T06:42:26.542578+00:00,nein,abfrage
SVI-BLK,38,1,slaking-ex,Slaking,4,9,14,4,38.27,dragapult-dusknoir,Dragapult Dusknoir,4,33.33,1,2,1,overall,2026-10-09T06:42:28.426245+00:00,nein,abfrage
SVI-BLK,38,1,slaking-ex,Slaking,4,9,14,4,38.27,gholdengo-joltik-box,Gholdengo Joltik Box,4,33.33,1,2,1,overall,2026-10-09T06:42:28.426245+00:00,nein,abfrage
SVI-BLK,38,1,slaking-ex,Slaking,4,9,14,4,38.27,gardevoir-ex-sv,Gardevoir,4,25.0,1,3,0,overall,2026-10-09T06:42:28.426245+00:00,nein,abfrage
SVI-BLK,38,1,slaking-ex,Slaking,4,9,14,4,38.27,charizard-pidgeot,Charizard Pidgeot,3,11.11,0,2,1,overall,2026-10-09T06:42:28.426245+00:00,nein,abfrage
SVI-BLK,38,1,slaking-ex,Slaking,4,9,14,4,38.27,raging-bolt-ogerpon,Raging Bolt Ogerpon,3,66.67,2,1,0,overall,2026-10-09T06:42:28.426245+00:00,nein,abfrage
SVI-BLK,38,1,slaking-ex,Slaking,4,9,14,4,38.27,gholdengo-ex,Gholdengo,2,50.0,1,1,0,overall,2026-10-09T06:42:28.426245+00:00,nein,abfrage
SVI-BLK,38,1,slaking-ex,Slaking,4,9,14,4,38.27,joltik-box,Joltik Box,1,33.33,0,0,1,overall,2026-10-09T06:42:28.426245+00:00,nein,abfrage
SVI-BLK,38,1,slaking-ex,Slaking,4,9,14,4,38.27,ho-oh-armarouge,Ho-Oh Armarouge,1,100.0,1,0,0,overall,2026-10-09T06:42:28.426245+00:00,nein,abfrage
SVI-BLK,38,1,slaking-ex,Slaking,4,9,14,4,38.27,ceruledge-ex,Ceruledge,1,100.0,1,0,0,overall,2026-10-09T06:42:28.426245+00:00,nein,abfrage
SVI-BLK,38,1,slaking-ex,Slaking,4,9,14,4,38.27,grimmsnarl-froslass,Grimmsnarl Froslass,1,100.0,1,0,0,overall,2026-10-09T06:42:28.426245+00:00,nein,abfrage
SVI-BLK,38,1,slaking-ex,Slaking,4,9,14,4,38.27,ethan-typhlosion,Ethan's Typhlosion,1,0.0,0,1,0,overall,2026-10-09T06:42:28.426245+00:00,nein,abfrage
SVI-BLK,38,1,slaking-ex,Slaking,4,9,14,4,38.27,greninja-blaziken,Greninja Blaziken,1,0.0,0,1,0,overall,2026-10-09T06:42:28.426245+00:00,nein,abfrage
SVI-BLK,38,1,slaking-ex,Slaking,4,9,14,4,38.27,crustle-dri,Crustle,1,0.0,0,1,0,overall,2026-10-09T06:42:28.426245+00:00,nein,abfrage
SVI-BLK,38,1,slowking-scr,Slowking,9,13,28,6,31.91,gardevoir-ex-sv,Gardevoir,6,55.56,3,2,1,overall,2026-10-09T06:42:30.292951+00:00,nein,abfrage
SVI-BLK,38,1,slowking-scr,Slowking,9,13,28,6,31.91,raging-bolt-ogerpon,Raging Bolt Ogerpon,5,13.33,0,3,2,overall,2026-10-09T06:42:30.292951+00:00,nein,abfrage
SVI-BLK,38,1,slowking-scr,Slowking,9,13,28,6,31.91,joltik-box,Joltik Box,4,8.33,0,3,1,overall,2026-10-09T06:42:30.292951+00:00,nein,abfrage
SVI-BLK,38,1,slowking-scr,Slowking,9,13,28,6,31.91,n-zoroark,N's Zoroark,4,50.0,2,2,0,overall,2026-10-09T06:42:30.292951+00:00,nein,abfrage
SVI-BLK,38,1,slowking-scr,Slowking,9,13,28,6,31.91,dragapult-dusknoir,Dragapult Dusknoir,4,0.0,0,4,0,overall,2026-10-09T06:42:30.292951+00:00,nein,abfrage
SVI-BLK,38,1,slowking-scr,Slowking,9,13,28,6,31.91,flareon-noctowl,Flareon Noctowl,3,66.67,2,1,0,overall,2026-10-09T06:42:30.292951+00:00,nein,abfrage
SVI-BLK,38,1,slowking-scr,Slowking,9,13,28,6,31.91,gholdengo-ex,Gholdengo,3,33.33,1,2,0,overall,2026-10-09T06:42:30.292951+00:00,nein,abfrage
SVI-BLK,38,1,slowking-scr,Slowking,9,13,28,6,31.91,gardevoir-jellicent,Gardevoir Jellicent,2,0.0,0,2,0,overall,2026-10-09T06:42:30.292951+00:00,nein,abfrage
SVI-BLK,38,1,slowking-scr,Slowking,9,13,28,6,31.91,charizard-pidgeot,Charizard Pidgeot,2,66.67,1,0,1,overall,2026-10-09T06:42:30.292951+00:00,nein,abfrage
SVI-BLK,38,1,slowking-scr,Slowking,9,13,28,6,31.91,dragapult-ex,Dragapult,2,0.0,0,2,0,overall,2026-10-09T06:42:30.292951+00:00,nein,abfrage
SVI-BLK,38,1,slowking-scr,Slowking,9,13,28,6,31.91,charizard-noctowl,Charizard Noctowl,2,50.0,1,1,0,overall,2026-10-09T06:42:30.292951+00:00,nein,abfrage
SVI-BLK,38,1,slowking-scr,Slowking,9,13,28,6,31.91,tera-box,Tera Box,1,0.0,0,1,0,overall,2026-10-09T06:42:30.292951+00:00,nein,abfrage
SVI-BLK,38,1,slowking-scr,Slowking,9,13,28,6,31.91,ethan-typhlosion,Ethan's Typhlosion,1,0.0,0,1,0,overall,2026-10-09T06:42:30.292951+00:00,nein,abfrage
SVI-BLK,38,1,slowking-scr,Slowking,9,13,28,6,31.91,united-wings,United Wings,1,100.0,1,0,0,overall,2026-10-09T06:42:30.292951+00:00,nein,abfrage
SVI-BLK,38,1,slowking-scr,Slowking,9,13,28,6,31.91,wugtrio-svi,Wugtrio Mill,1,100.0,1,0,0,overall,2026-10-09T06:42:30.292951+00:00,nein,abfrage
SVI-BLK,38,1,slowking-scr,Slowking,9,13,28,6,31.91,roaring-moon-ex,Roaring Moon,1,0.0,0,1,0,overall,2026-10-09T06:42:30.292951+00:00,nein,abfrage
SVI-BLK,38,1,slowking-scr,Slowking,9,13,28,6,31.91,charizard-dragapult,Charizard Dragapult,1,33.33,0,0,1,overall,2026-10-09T06:42:30.292951+00:00,nein,abfrage
SVI-BLK,38,1,slowking-scr,Slowking,9,13,28,6,31.91,dragapult-charizard,Dragapult Charizard,1,0.0,0,1,0,overall,2026-10-09T06:42:30.292951+00:00,nein,abfrage
SVI-BLK,38,1,slowking-scr,Slowking,9,13,28,6,31.91,ho-oh-armarouge,Ho-Oh Armarouge,1,100.0,1,0,0,overall,2026-10-09T06:42:30.292951+00:00,nein,abfrage
SVI-BLK,38,1,slowking-scr,Slowking,9,13,28,6,31.91,ogerpon-ex,Ogerpon,1,0.0,0,1,0,overall,2026-10-09T06:42:30.292951+00:00,nein,abfrage
SVI-BLK,38,1,slowking-scr,Slowking,9,13,28,6,31.91,iron-thorns-ex,Iron Thorns,1,0.0,0,1,0,overall,2026-10-09T06:42:30.292951+00:00,nein,abfrage
SVI-BLK,38,1,tera-box,Tera Box,95,383,329,122,50.8,dragapult-dusknoir,Dragapult Dusknoir,120,52.78,56,42,22,overall,2026-10-09T06:42:32.363510+00:00,nein,abfrage
SVI-BLK,38,1,tera-box,Tera Box,95,383,329,122,50.8,gholdengo-ex,Gholdengo,106,57.23,57,38,11,overall,2026-10-09T06:42:32.363510+00:00,nein,abfrage
SVI-BLK,38,1,tera-box,Tera Box,95,383,329,122,50.8,gardevoir-ex-sv,Gardevoir,88,47.73,38,38,12,overall,2026-10-09T06:42:32.363510+00:00,nein,abfrage
SVI-BLK,38,1,tera-box,Tera Box,95,383,329,122,50.8,raging-bolt-ogerpon,Raging Bolt Ogerpon,86,56.2,45,31,10,overall,2026-10-09T06:42:32.363510+00:00,nein,abfrage
SVI-BLK,38,1,tera-box,Tera Box,95,383,329,122,50.8,gholdengo-joltik-box,Gholdengo Joltik Box,59,43.5,24,30,5,overall,2026-10-09T06:42:32.363510+00:00,nein,abfrage
SVI-BLK,38,1,tera-box,Tera Box,95,383,329,122,50.8,grimmsnarl-froslass,Grimmsnarl Froslass,35,56.19,18,12,5,overall,2026-10-09T06:42:32.363510+00:00,nein,abfrage
SVI-BLK,38,1,tera-box,Tera Box,95,383,329,122,50.8,gardevoir-jellicent,Gardevoir Jellicent,33,46.46,13,13,7,overall,2026-10-09T06:42:32.363510+00:00,nein,abfrage
SVI-BLK,38,1,tera-box,Tera Box,95,383,329,122,50.8,joltik-box,Joltik Box,32,31.25,9,20,3,overall,2026-10-09T06:42:32.363510+00:00,nein,abfrage
SVI-BLK,38,1,tera-box,Tera Box,95,383,329,122,50.8,charizard-pidgeot,Charizard Pidgeot,30,46.67,13,14,3,overall,2026-10-09T06:42:32.363510+00:00,nein,abfrage
SVI-BLK,38,1,tera-box,Tera Box,95,383,329,122,50.8,n-zoroark,N's Zoroark,25,53.33,12,9,4,overall,2026-10-09T06:42:32.363510+00:00,nein,abfrage
SVI-BLK,38,1,tera-box,Tera Box,95,383,329,122,50.8,flareon-noctowl,Flareon Noctowl,20,46.67,8,8,4,overall,2026-10-09T06:42:32.363510+00:00,nein,abfrage
SVI-BLK,38,1,tera-box,Tera Box,95,383,329,122,50.8,ethan-typhlosion,Ethan's Typhlosion,19,36.84,6,10,3,overall,2026-10-09T06:42:32.363510+00:00,nein,abfrage
SVI-BLK,38,1,tera-box,Tera Box,95,383,329,122,50.8,dragapult-ex,Dragapult,17,62.75,10,5,2,overall,2026-10-09T06:42:32.363510+00:00,nein,abfrage
SVI-BLK,38,1,tera-box,Tera Box,95,383,329,122,50.8,dragapult-charizard,Dragapult Charizard,16,50.0,7,6,3,overall,2026-10-09T06:42:32.363510+00:00,nein,abfrage
SVI-BLK,38,1,tera-box,Tera Box,95,383,329,122,50.8,tera-box,Tera Box,14,44.05,9,9,10,overall,2026-10-09T06:42:32.363510+00:00,ja,abfrage
SVI-BLK,38,1,tera-box,Tera Box,95,383,329,122,50.8,conkeldurr-twm,Conkeldurr,11,54.55,5,3,3,overall,2026-10-09T06:42:32.363510+00:00,nein,abfrage
SVI-BLK,38,1,tera-box,Tera Box,95,383,329,122,50.8,iron-thorns-ex,Iron Thorns,10,53.33,5,4,1,overall,2026-10-09T06:42:32.363510+00:00,nein,abfrage
SVI-BLK,38,1,tera-box,Tera Box,95,383,329,122,50.8,blissey-ex,Blissey,9,29.63,2,5,2,overall,2026-10-09T06:42:32.363510+00:00,nein,abfrage
SVI-BLK,38,1,tera-box,Tera Box,95,383,329,122,50.8,ho-oh-armarouge,Ho-Oh Armarouge,8,29.17,2,5,1,overall,2026-10-09T06:42:32.363510+00:00,nein,abfrage
SVI-BLK,38,1,tera-box,Tera Box,95,383,329,122,50.8,other,Other,6,100.0,6,0,0,overall,2026-10-09T06:42:32.363510+00:00,nein,abfrage
SVI-BLK,38,1,tera-box,Tera Box,95,383,329,122,50.8,roaring-moon-ex,Roaring Moon,6,55.56,3,2,1,overall,2026-10-09T06:42:32.363510+00:00,nein,abfrage
SVI-BLK,38,1,tera-box,Tera Box,95,383,329,122,50.8,iron-hands-magneton,Iron Hands Magneton,5,46.67,2,2,1,overall,2026-10-09T06:42:32.363510+00:00,nein,abfrage
SVI-BLK,38,1,tera-box,Tera Box,95,383,329,122,50.8,cynthia-garchomp-ex,Cynthia's Garchomp,5,60.0,3,2,0,overall,2026-10-09T06:42:32.363510+00:00,nein,abfrage
SVI-BLK,38,1,tera-box,Tera Box,95,383,329,122,50.8,crustle-dri,Crustle,5,26.67,1,3,1,overall,2026-10-09T06:42:32.363510+00:00,nein,abfrage
SVI-BLK,38,1,tera-box,Tera Box,95,383,329,122,50.8,hydrapple-ogerpon,Hydrapple Ogerpon,4,75.0,3,1,0,overall,2026-10-09T06:42:32.363510+00:00,nein,abfrage
SVI-BLK,38,1,tera-box,Tera Box,95,383,329,122,50.8,ceruledge-ex,Ceruledge,4,33.33,1,2,1,overall,2026-10-09T06:42:32.363510+00:00,nein,abfrage
SVI-BLK,38,1,tera-box,Tera Box,95,383,329,122,50.8,toedscruel-ex,Toedscruel,4,83.33,3,0,1,overall,2026-10-09T06:42:32.363510+00:00,nein,abfrage
SVI-BLK,38,1,tera-box,Tera Box,95,383,329,122,50.8,charizard-dragapult,Charizard Dragapult,4,58.33,2,1,1,overall,2026-10-09T06:42:32.363510+00:00,nein,abfrage
SVI-BLK,38,1,tera-box,Tera Box,95,383,329,122,50.8,greninja-ex,Greninja,3,100.0,3,0,0,overall,2026-10-09T06:42:32.363510+00:00,nein,abfrage
SVI-BLK,38,1,tera-box,Tera Box,95,383,329,122,50.8,charizard-dusknoir,Charizard Dusknoir,3,77.78,2,0,1,overall,2026-10-09T06:42:32.363510+00:00,nein,abfrage
SVI-BLK,38,1,tera-box,Tera Box,95,383,329,122,50.8,archaludon-ex,Archaludon,3,11.11,0,2,1,overall,2026-10-09T06:42:32.363510+00:00,nein,abfrage
SVI-BLK,38,1,tera-box,Tera Box,95,383,329,122,50.8,pidgeot-control,Pidgeot Control,2,50.0,1,1,0,overall,2026-10-09T06:42:32.363510+00:00,nein,abfrage
SVI-BLK,38,1,tera-box,Tera Box,95,383,329,122,50.8,dragapult-blaziken,Dragapult Blaziken,2,66.67,1,0,1,overall,2026-10-09T06:42:32.363510+00:00,nein,abfrage
SVI-BLK,38,1,tera-box,Tera Box,95,383,329,122,50.8,festival-lead,Festival Lead,2,100.0,2,0,0,overall,2026-10-09T06:42:32.363510+00:00,nein,abfrage
SVI-BLK,38,1,tera-box,Tera Box,95,383,329,122,50.8,mamoswine-ex,Mamoswine,2,100.0,2,0,0,overall,2026-10-09T06:42:32.363510+00:00,nein,abfrage
SVI-BLK,38,1,tera-box,Tera Box,95,383,329,122,50.8,poison-archaludon,Poison Archaludon,2,50.0,1,1,0,overall,2026-10-09T06:42:32.363510+00:00,nein,abfrage
SVI-BLK,38,1,tera-box,Tera Box,95,383,329,122,50.8,hop-zacian,Hop's Zacian,2,0.0,0,2,0,overall,2026-10-09T06:42:32.363510+00:00,nein,abfrage
SVI-BLK,38,1,tera-box,Tera Box,95,383,329,122,50.8,flygon-ex-ssp,Flygon,1,100.0,1,0,0,overall,2026-10-09T06:42:32.363510+00:00,nein,abfrage
SVI-BLK,38,1,tera-box,Tera Box,95,383,329,122,50.8,hydreigon-ex,Hydreigon,1,0.0,0,1,0,overall,2026-10-09T06:42:32.363510+00:00,nein,abfrage
SVI-BLK,38,1,tera-box,Tera Box,95,383,329,122,50.8,roaring-moon-dudunsparce,Roaring Moon Dudunsparce,1,0.0,0,1,0,overall,2026-10-09T06:42:32.363510+00:00,nein,abfrage
SVI-BLK,38,1,tera-box,Tera Box,95,383,329,122,50.8,slowking-scr,Slowking,1,100.0,1,0,0,overall,2026-10-09T06:42:32.363510+00:00,nein,abfrage
SVI-BLK,38,1,tera-box,Tera Box,95,383,329,122,50.8,dragapult-iron-thorns,Dragapult Iron Thorns,1,33.33,0,0,1,overall,2026-10-09T06:42:32.363510+00:00,nein,abfrage
SVI-BLK,38,1,tera-box,Tera Box,95,383,329,122,50.8,chien-pao-noctowl,Chien-Pao Noctowl,1,100.0,1,0,0,overall,2026-10-09T06:42:32.363510+00:00,nein,abfrage
SVI-BLK,38,1,tera-box,Tera Box,95,383,329,122,50.8,rocket-porygon-z,Rocket's Porygon-Z,1,100.0,1,0,0,overall,2026-10-09T06:42:32.363510+00:00,nein,abfrage
SVI-BLK,38,1,tera-box,Tera Box,95,383,329,122,50.8,rocket-spidops,Rocket's Spidops,1,33.33,0,0,1,overall,2026-10-09T06:42:32.363510+00:00,nein,abfrage
SVI-BLK,38,1,tera-box,Tera Box,95,383,329,122,50.8,okidogi-twm,Okidogi,1,0.0,0,1,0,overall,2026-10-09T06:42:32.363510+00:00,nein,abfrage
SVI-BLK,38,1,tera-box,Tera Box,95,383,329,122,50.8,greninja-blaziken,Greninja Blaziken,1,0.0,0,1,0,overall,2026-10-09T06:42:32.363510+00:00,nein,abfrage
SVI-BLK,38,1,tera-box,Tera Box,95,383,329,122,50.8,gholdengo-dragapult,Gholdengo Dragapult,1,100.0,1,0,0,overall,2026-10-09T06:42:32.363510+00:00,nein,abfrage
SVI-BLK,38,1,tera-box,Tera Box,95,383,329,122,50.8,dudunsparce-control,Dudunsparce Control,1,100.0,1,0,0,overall,2026-10-09T06:42:32.363510+00:00,nein,abfrage
SVI-BLK,38,1,tera-box,Tera Box,95,383,329,122,50.8,seaking-pre,Seaking Festival Lead,1,0.0,0,1,0,overall,2026-10-09T06:42:32.363510+00:00,nein,abfrage
SVI-BLK,38,1,tera-box,Tera Box,95,383,329,122,50.8,farigiraf-milotic,Farigiraf Milotic,1,0.0,0,1,0,overall,2026-10-09T06:42:32.363510+00:00,nein,abfrage
SVI-BLK,38,1,tera-box,Tera Box,95,383,329,122,50.8,ogerpon-ex,Ogerpon,1,100.0,1,0,0,overall,2026-10-09T06:42:32.363510+00:00,nein,abfrage
SVI-BLK,38,1,tera-box,Tera Box,95,383,329,122,50.8,charizard-noctowl,Charizard Noctowl,1,100.0,1,0,0,overall,2026-10-09T06:42:32.363510+00:00,nein,abfrage
SVI-BLK,38,1,terapagos-noctowl,Terapagos Noctowl,4,7,11,8,37.18,gholdengo-ex,Gholdengo,4,33.33,1,2,1,overall,2026-10-09T06:42:34.245091+00:00,nein,abfrage
SVI-BLK,38,1,terapagos-noctowl,Terapagos Noctowl,4,7,11,8,37.18,raging-bolt-ogerpon,Raging Bolt Ogerpon,4,66.67,2,0,2,overall,2026-10-09T06:42:34.245091+00:00,nein,abfrage
SVI-BLK,38,1,terapagos-noctowl,Terapagos Noctowl,4,7,11,8,37.18,dragapult-dusknoir,Dragapult Dusknoir,3,66.67,2,1,0,overall,2026-10-09T06:42:34.245091+00:00,nein,abfrage
SVI-BLK,38,1,terapagos-noctowl,Terapagos Noctowl,4,7,11,8,37.18,gardevoir-ex-sv,Gardevoir,3,11.11,0,2,1,overall,2026-10-09T06:42:34.245091+00:00,nein,abfrage
SVI-BLK,38,1,terapagos-noctowl,Terapagos Noctowl,4,7,11,8,37.18,gholdengo-joltik-box,Gholdengo Joltik Box,2,16.67,0,1,1,overall,2026-10-09T06:42:34.245091+00:00,nein,abfrage
SVI-BLK,38,1,terapagos-noctowl,Terapagos Noctowl,4,7,11,8,37.18,ethan-typhlosion,Ethan's Typhlosion,2,66.67,1,0,1,overall,2026-10-09T06:42:34.245091+00:00,nein,abfrage
SVI-BLK,38,1,terapagos-noctowl,Terapagos Noctowl,4,7,11,8,37.18,gardevoir-jellicent,Gardevoir Jellicent,2,0.0,0,2,0,overall,2026-10-09T06:42:34.245091+00:00,nein,abfrage
SVI-BLK,38,1,terapagos-noctowl,Terapagos Noctowl,4,7,11,8,37.18,joltik-box,Joltik Box,1,33.33,0,0,1,overall,2026-10-09T06:42:34.245091+00:00,nein,abfrage
SVI-BLK,38,1,terapagos-noctowl,Terapagos Noctowl,4,7,11,8,37.18,grimmsnarl-froslass,Grimmsnarl Froslass,1,100.0,1,0,0,overall,2026-10-09T06:42:34.245091+00:00,nein,abfrage
SVI-BLK,38,1,terapagos-noctowl,Terapagos Noctowl,4,7,11,8,37.18,charizard-dragapult,Charizard Dragapult,1,0.0,0,1,0,overall,2026-10-09T06:42:34.245091+00:00,nein,abfrage
SVI-BLK,38,1,terapagos-noctowl,Terapagos Noctowl,4,7,11,8,37.18,dragapult-charizard,Dragapult Charizard,1,0.0,0,1,0,overall,2026-10-09T06:42:34.245091+00:00,nein,abfrage
SVI-BLK,38,1,terapagos-noctowl,Terapagos Noctowl,4,7,11,8,37.18,dragapult-blaziken,Dragapult Blaziken,1,33.33,0,0,1,overall,2026-10-09T06:42:34.245091+00:00,nein,abfrage
SVI-BLK,38,1,terapagos-noctowl,Terapagos Noctowl,4,7,11,8,37.18,charizard-pidgeot,Charizard Pidgeot,1,0.0,0,1,0,overall,2026-10-09T06:42:34.245091+00:00,nein,abfrage
SVI-BLK,38,1,toedscruel-ex,Toedscruel,14,29,56,13,34.01,gholdengo-ex,Gholdengo,16,29.17,4,10,2,overall,2026-10-09T06:42:36.097904+00:00,nein,abfrage
SVI-BLK,38,1,toedscruel-ex,Toedscruel,14,29,56,13,34.01,dragapult-dusknoir,Dragapult Dusknoir,16,27.08,4,11,1,overall,2026-10-09T06:42:36.097904+00:00,nein,abfrage
SVI-BLK,38,1,toedscruel-ex,Toedscruel,14,29,56,13,34.01,gardevoir-ex-sv,Gardevoir,11,33.33,3,6,2,overall,2026-10-09T06:42:36.097904+00:00,nein,abfrage
SVI-BLK,38,1,toedscruel-ex,Toedscruel,14,29,56,13,34.01,gholdengo-joltik-box,Gholdengo Joltik Box,6,38.89,2,3,1,overall,2026-10-09T06:42:36.097904+00:00,nein,abfrage
SVI-BLK,38,1,toedscruel-ex,Toedscruel,14,29,56,13,34.01,raging-bolt-ogerpon,Raging Bolt Ogerpon,6,55.56,3,2,1,overall,2026-10-09T06:42:36.097904+00:00,nein,abfrage
SVI-BLK,38,1,toedscruel-ex,Toedscruel,14,29,56,13,34.01,joltik-box,Joltik Box,5,40.0,2,3,0,overall,2026-10-09T06:42:36.097904+00:00,nein,abfrage
SVI-BLK,38,1,toedscruel-ex,Toedscruel,14,29,56,13,34.01,gardevoir-jellicent,Gardevoir Jellicent,5,46.67,2,2,1,overall,2026-10-09T06:42:36.097904+00:00,nein,abfrage
SVI-BLK,38,1,toedscruel-ex,Toedscruel,14,29,56,13,34.01,tera-box,Tera Box,4,8.33,0,3,1,overall,2026-10-09T06:42:36.097904+00:00,nein,abfrage
SVI-BLK,38,1,toedscruel-ex,Toedscruel,14,29,56,13,34.01,grimmsnarl-froslass,Grimmsnarl Froslass,4,83.33,3,0,1,overall,2026-10-09T06:42:36.097904+00:00,nein,abfrage
SVI-BLK,38,1,toedscruel-ex,Toedscruel,14,29,56,13,34.01,flareon-noctowl,Flareon Noctowl,4,25.0,1,3,0,overall,2026-10-09T06:42:36.097904+00:00,nein,abfrage
SVI-BLK,38,1,toedscruel-ex,Toedscruel,14,29,56,13,34.01,charizard-pidgeot,Charizard Pidgeot,3,33.33,1,2,0,overall,2026-10-09T06:42:36.097904+00:00,nein,abfrage
SVI-BLK,38,1,toedscruel-ex,Toedscruel,14,29,56,13,34.01,dragapult-ex,Dragapult,3,22.22,0,1,2,overall,2026-10-09T06:42:36.097904+00:00,nein,abfrage
SVI-BLK,38,1,toedscruel-ex,Toedscruel,14,29,56,13,34.01,dragapult-charizard,Dragapult Charizard,3,33.33,1,2,0,overall,2026-10-09T06:42:36.097904+00:00,nein,abfrage
SVI-BLK,38,1,toedscruel-ex,Toedscruel,14,29,56,13,34.01,n-zoroark,N's Zoroark,2,100.0,2,0,0,overall,2026-10-09T06:42:36.097904+00:00,nein,abfrage
SVI-BLK,38,1,toedscruel-ex,Toedscruel,14,29,56,13,34.01,ethan-typhlosion,Ethan's Typhlosion,2,0.0,0,2,0,overall,2026-10-09T06:42:36.097904+00:00,nein,abfrage
SVI-BLK,38,1,toedscruel-ex,Toedscruel,14,29,56,13,34.01,crustle-dri,Crustle,2,0.0,0,2,0,overall,2026-10-09T06:42:36.097904+00:00,nein,abfrage
SVI-BLK,38,1,toedscruel-ex,Toedscruel,14,29,56,13,34.01,dragapult-zoroark,Dragapult Zoroark,1,0.0,0,1,0,overall,2026-10-09T06:42:36.097904+00:00,nein,abfrage
SVI-BLK,38,1,toedscruel-ex,Toedscruel,14,29,56,13,34.01,palafin-ex,Palafin,1,0.0,0,1,0,overall,2026-10-09T06:42:36.097904+00:00,nein,abfrage
SVI-BLK,38,1,toedscruel-ex,Toedscruel,14,29,56,13,34.01,charizard-dragapult,Charizard Dragapult,1,0.0,0,1,0,overall,2026-10-09T06:42:36.097904+00:00,nein,abfrage
SVI-BLK,38,1,toedscruel-ex,Toedscruel,14,29,56,13,34.01,rocket-mewtwo-ex,Rocket's Mewtwo,1,0.0,0,1,0,overall,2026-10-09T06:42:36.097904+00:00,nein,abfrage
SVI-BLK,38,1,toedscruel-ex,Toedscruel,14,29,56,13,34.01,hydrapple-ogerpon,Hydrapple Ogerpon,1,33.33,0,0,1,overall,2026-10-09T06:42:36.097904+00:00,nein,abfrage
SVI-BLK,38,1,toedscruel-ex,Toedscruel,14,29,56,13,34.01,ho-oh-armarouge,Ho-Oh Armarouge,1,100.0,1,0,0,overall,2026-10-09T06:42:36.097904+00:00,nein,abfrage
SVI-BLK,38,1,tsareena-ex,Tsareena,1,0,3,0,0.0,dragapult-dusknoir,Dragapult Dusknoir,1,0.0,0,1,0,overall,2026-10-09T06:42:37.970091+00:00,nein,abfrage
SVI-BLK,38,1,tsareena-ex,Tsareena,1,0,3,0,0.0,gholdengo-ex,Gholdengo,1,0.0,0,1,0,overall,2026-10-09T06:42:37.970091+00:00,nein,abfrage
SVI-BLK,38,1,tsareena-ex,Tsareena,1,0,3,0,0.0,charizard-dusknoir,Charizard Dusknoir,1,0.0,0,1,0,overall,2026-10-09T06:42:37.970091+00:00,nein,abfrage
SVI-BLK,38,1,united-wings,United Wings,2,6,9,1,39.58,gholdengo-ex,Gholdengo,5,40.0,2,3,0,overall,2026-10-09T06:42:39.828068+00:00,nein,abfrage
SVI-BLK,38,1,united-wings,United Wings,2,6,9,1,39.58,gardevoir-ex-sv,Gardevoir,3,33.33,1,2,0,overall,2026-10-09T06:42:39.828068+00:00,nein,abfrage
SVI-BLK,38,1,united-wings,United Wings,2,6,9,1,39.58,ethan-typhlosion,Ethan's Typhlosion,1,0.0,0,1,0,overall,2026-10-09T06:42:39.828068+00:00,nein,abfrage
SVI-BLK,38,1,united-wings,United Wings,2,6,9,1,39.58,slowking-scr,Slowking,1,0.0,0,1,0,overall,2026-10-09T06:42:39.828068+00:00,nein,abfrage
SVI-BLK,38,1,united-wings,United Wings,2,6,9,1,39.58,rocket-mewtwo-ex,Rocket's Mewtwo,1,0.0,0,1,0,overall,2026-10-09T06:42:39.828068+00:00,nein,abfrage
SVI-BLK,38,1,united-wings,United Wings,2,6,9,1,39.58,gardevoir-jellicent,Gardevoir Jellicent,1,100.0,1,0,0,overall,2026-10-09T06:42:39.828068+00:00,nein,abfrage
SVI-BLK,38,1,united-wings,United Wings,2,6,9,1,39.58,raging-bolt-ogerpon,Raging Bolt Ogerpon,1,100.0,1,0,0,overall,2026-10-09T06:42:39.828068+00:00,nein,abfrage
SVI-BLK,38,1,united-wings,United Wings,2,6,9,1,39.58,grimmsnarl-froslass,Grimmsnarl Froslass,1,33.33,0,0,1,overall,2026-10-09T06:42:39.828068+00:00,nein,abfrage
SVI-BLK,38,1,united-wings,United Wings,2,6,9,1,39.58,n-zoroark,N's Zoroark,1,100.0,1,0,0,overall,2026-10-09T06:42:39.828068+00:00,nein,abfrage
SVI-BLK,38,1,united-wings,United Wings,2,6,9,1,39.58,dragapult-charizard,Dragapult Charizard,1,0.0,0,1,0,overall,2026-10-09T06:42:39.828068+00:00,nein,abfrage
SVI-BLK,38,1,venomoth-froslass,Venomoth Froslass,1,0,5,1,5.56,raging-bolt-ogerpon,Raging Bolt Ogerpon,2,0.0,0,2,0,overall,2026-10-09T06:42:41.705352+00:00,nein,abfrage
SVI-BLK,38,1,venomoth-froslass,Venomoth Froslass,1,0,5,1,5.56,dragapult-blaziken,Dragapult Blaziken,1,0.0,0,1,0,overall,2026-10-09T06:42:41.705352+00:00,nein,abfrage
SVI-BLK,38,1,venomoth-froslass,Venomoth Froslass,1,0,5,1,5.56,grimmsnarl-froslass,Grimmsnarl Froslass,1,33.33,0,0,1,overall,2026-10-09T06:42:41.705352+00:00,nein,abfrage
SVI-BLK,38,1,venomoth-froslass,Venomoth Froslass,1,0,5,1,5.56,gholdengo-ex,Gholdengo,1,0.0,0,1,0,overall,2026-10-09T06:42:41.705352+00:00,nein,abfrage
SVI-BLK,38,1,venomoth-froslass,Venomoth Froslass,1,0,5,1,5.56,dragapult-ex,Dragapult,1,0.0,0,1,0,overall,2026-10-09T06:42:41.705352+00:00,nein,abfrage
SVI-BLK,38,1,wugtrio-svi,Wugtrio Mill,3,1,11,1,10.26,dragapult-dusknoir,Dragapult Dusknoir,3,0.0,0,3,0,overall,2026-10-09T06:42:43.603080+00:00,nein,abfrage
SVI-BLK,38,1,wugtrio-svi,Wugtrio Mill,3,1,11,1,10.26,gardevoir-ex-sv,Gardevoir,2,0.0,0,2,0,overall,2026-10-09T06:42:43.603080+00:00,nein,abfrage
SVI-BLK,38,1,wugtrio-svi,Wugtrio Mill,3,1,11,1,10.26,charizard-pidgeot,Charizard Pidgeot,2,66.67,1,0,1,overall,2026-10-09T06:42:43.603080+00:00,nein,abfrage
SVI-BLK,38,1,wugtrio-svi,Wugtrio Mill,3,1,11,1,10.26,grimmsnarl-froslass,Grimmsnarl Froslass,1,0.0,0,1,0,overall,2026-10-09T06:42:43.603080+00:00,nein,abfrage
SVI-BLK,38,1,wugtrio-svi,Wugtrio Mill,3,1,11,1,10.26,joltik-box,Joltik Box,1,0.0,0,1,0,overall,2026-10-09T06:42:43.603080+00:00,nein,abfrage
SVI-BLK,38,1,wugtrio-svi,Wugtrio Mill,3,1,11,1,10.26,gholdengo-joltik-box,Gholdengo Joltik Box,1,0.0,0,1,0,overall,2026-10-09T06:42:43.603080+00:00,nein,abfrage
SVI-BLK,38,1,wugtrio-svi,Wugtrio Mill,3,1,11,1,10.26,slowking-scr,Slowking,1,0.0,0,1,0,overall,2026-10-09T06:42:43.603080+00:00,nein,abfrage
SVI-BLK,38,1,wugtrio-svi,Wugtrio Mill,3,1,11,1,10.26,miraidon-eelektrik,Miraidon Eelektrik,1,0.0,0,1,0,overall,2026-10-09T06:42:43.603080+00:00,nein,abfrage
SVI-BLK,38,1,wugtrio-svi,Wugtrio Mill,3,1,11,1,10.26,gardevoir-jellicent,Gardevoir Jellicent,1,0.0,0,1,0,overall,2026-10-09T06:42:43.603080+00:00,nein,abfrage
SVI-BLK,38,1,yanmega-ex,Yanmega,1,2,5,1,29.17,dragapult-dusknoir,Dragapult Dusknoir,2,50.0,1,1,0,overall,2026-10-09T06:42:45.487812+00:00,nein,abfrage
SVI-BLK,38,1,yanmega-ex,Yanmega,1,2,5,1,29.17,joltik-box,Joltik Box,2,16.67,0,1,1,overall,2026-10-09T06:42:45.487812+00:00,nein,abfrage
SVI-BLK,38,1,yanmega-ex,Yanmega,1,2,5,1,29.17,ho-oh-armarouge,Ho-Oh Armarouge,1,0.0,0,1,0,overall,2026-10-09T06:42:45.487812+00:00,nein,abfrage
SVI-BLK,38,1,yanmega-ex,Yanmega,1,2,5,1,29.17,dudunsparce-control,Dudunsparce Control,1,0.0,0,1,0,overall,2026-10-09T06:42:45.487812+00:00,nein,abfrage
SVI-BLK,38,1,yanmega-ex,Yanmega,1,2,5,1,29.17,flareon-noctowl,Flareon Noctowl,1,100.0,1,0,0,overall,2026-10-09T06:42:45.487812+00:00,nein,abfrage
SVI-BLK,38,1,yanmega-ex,Yanmega,1,2,5,1,29.17,gardevoir-ex-sv,Gardevoir,1,0.0,0,1,0,overall,2026-10-09T06:42:45.487812+00:00,nein,abfrage
SVI-BLK,37,1,ancient-box,Ancient Box,1,1,3,1,26.67,flareon-noctowl,Flareon Noctowl,2,0.0,0,2,0,overall,2026-10-09T06:42:47.293777+00:00,nein,abfrage
SVI-BLK,37,1,ancient-box,Ancient Box,1,1,3,1,26.67,raging-bolt-ogerpon,Raging Bolt Ogerpon,2,16.67,0,1,1,overall,2026-10-09T06:42:47.293777+00:00,nein,abfrage
SVI-BLK,37,1,ancient-box,Ancient Box,1,1,3,1,26.67,gardevoir-ex-sv,Gardevoir,1,100.0,1,0,0,overall,2026-10-09T06:42:47.293777+00:00,nein,abfrage
SVI-BLK,37,1,archaludon-ex,Archaludon,5,19,16,8,50.39,dragapult-dusknoir,Dragapult Dusknoir,7,52.38,3,2,2,overall,2026-10-09T06:42:49.121621+00:00,nein,abfrage
SVI-BLK,37,1,archaludon-ex,Archaludon,5,19,16,8,50.39,raging-bolt-ogerpon,Raging Bolt Ogerpon,7,52.38,3,2,2,overall,2026-10-09T06:42:49.121621+00:00,nein,abfrage
SVI-BLK,37,1,archaludon-ex,Archaludon,5,19,16,8,50.39,gardevoir-ex-sv,Gardevoir,5,60.0,3,2,0,overall,2026-10-09T06:42:49.121621+00:00,nein,abfrage
SVI-BLK,37,1,archaludon-ex,Archaludon,5,19,16,8,50.39,grimmsnarl-froslass,Grimmsnarl Froslass,5,46.67,2,2,1,overall,2026-10-09T06:42:49.121621+00:00,nein,abfrage
SVI-BLK,37,1,archaludon-ex,Archaludon,5,19,16,8,50.39,charizard-pidgeot,Charizard Pidgeot,4,33.33,1,2,1,overall,2026-10-09T06:42:49.121621+00:00,nein,abfrage
SVI-BLK,37,1,archaludon-ex,Archaludon,5,19,16,8,50.39,dragapult-charizard,Dragapult Charizard,3,33.33,1,2,0,overall,2026-10-09T06:42:49.121621+00:00,nein,abfrage
SVI-BLK,37,1,archaludon-ex,Archaludon,5,19,16,8,50.39,gholdengo-joltik-box,Gholdengo Joltik Box,2,50.0,1,1,0,overall,2026-10-09T06:42:49.121621+00:00,nein,abfrage
SVI-BLK,37,1,archaludon-ex,Archaludon,5,19,16,8,50.39,joltik-box,Joltik Box,2,100.0,2,0,0,overall,2026-10-09T06:42:49.121621+00:00,nein,abfrage
SVI-BLK,37,1,archaludon-ex,Archaludon,5,19,16,8,50.39,dragapult-ex,Dragapult,1,100.0,1,0,0,overall,2026-10-09T06:42:49.121621+00:00,nein,abfrage
SVI-BLK,37,1,archaludon-ex,Archaludon,5,19,16,8,50.39,tera-box,Tera Box,1,100.0,1,0,0,overall,2026-10-09T06:42:49.121621+00:00,nein,abfrage
SVI-BLK,37,1,archaludon-ex,Archaludon,5,19,16,8,50.39,gardevoir-jellicent,Gardevoir Jellicent,1,0.0,0,1,0,overall,2026-10-09T06:42:49.121621+00:00,nein,abfrage
SVI-BLK,37,1,archaludon-ex,Archaludon,5,19,16,8,50.39,terapagos-noctowl,Terapagos Noctowl,1,33.33,0,0,1,overall,2026-10-09T06:42:49.121621+00:00,nein,abfrage
SVI-BLK,37,1,archaludon-ex,Archaludon,5,19,16,8,50.39,miraidon-ex,Miraidon,1,100.0,1,0,0,overall,2026-10-09T06:42:49.121621+00:00,nein,abfrage
SVI-BLK,37,1,archaludon-ex,Archaludon,5,19,16,8,50.39,flareon-noctowl,Flareon Noctowl,1,33.33,0,0,1,overall,2026-10-09T06:42:49.121621+00:00,nein,abfrage
SVI-BLK,37,1,archaludon-ex,Archaludon,5,19,16,8,50.39,charizard-noctowl,Charizard Noctowl,1,0.0,0,1,0,overall,2026-10-09T06:42:49.121621+00:00,nein,abfrage
SVI-BLK,37,1,azumarill-ssp,Azumarill,1,3,4,1,41.67,dragapult-ex,Dragapult,2,16.67,0,1,1,overall,2026-10-09T06:42:50.953798+00:00,nein,abfrage
SVI-BLK,37,1,azumarill-ssp,Azumarill,1,3,4,1,41.67,joltik-box,Joltik Box,1,0.0,0,1,0,overall,2026-10-09T06:42:50.953798+00:00,nein,abfrage
SVI-BLK,37,1,azumarill-ssp,Azumarill,1,3,4,1,41.67,toedscruel-ex,Toedscruel,1,100.0,1,0,0,overall,2026-10-09T06:42:50.953798+00:00,nein,abfrage
SVI-BLK,37,1,azumarill-ssp,Azumarill,1,3,4,1,41.67,gardevoir-jellicent,Gardevoir Jellicent,1,0.0,0,1,0,overall,2026-10-09T06:42:50.953798+00:00,nein,abfrage
SVI-BLK,37,1,azumarill-ssp,Azumarill,1,3,4,1,41.67,gholdengo-joltik-box,Gholdengo Joltik Box,1,100.0,1,0,0,overall,2026-10-09T06:42:50.953798+00:00,nein,abfrage
SVI-BLK,37,1,azumarill-ssp,Azumarill,1,3,4,1,41.67,dragapult-dusknoir,Dragapult Dusknoir,1,100.0,1,0,0,overall,2026-10-09T06:42:50.953798+00:00,nein,abfrage
SVI-BLK,37,1,azumarill-ssp,Azumarill,1,3,4,1,41.67,raging-bolt-ogerpon,Raging Bolt Ogerpon,1,0.0,0,1,0,overall,2026-10-09T06:42:50.953798+00:00,nein,abfrage
SVI-BLK,37,1,blissey-ex,Blissey,7,17,22,11,41.33,dragapult-dusknoir,Dragapult Dusknoir,10,36.67,3,5,2,overall,2026-10-09T06:42:52.794412+00:00,nein,abfrage
SVI-BLK,37,1,blissey-ex,Blissey,7,17,22,11,41.33,raging-bolt-ogerpon,Raging Bolt Ogerpon,9,37.04,3,5,1,overall,2026-10-09T06:42:52.794412+00:00,nein,abfrage
SVI-BLK,37,1,blissey-ex,Blissey,7,17,22,11,41.33,gholdengo-ex,Gholdengo,7,38.1,2,3,2,overall,2026-10-09T06:42:52.794412+00:00,nein,abfrage
SVI-BLK,37,1,blissey-ex,Blissey,7,17,22,11,41.33,grimmsnarl-froslass,Grimmsnarl Froslass,4,58.33,2,1,1,overall,2026-10-09T06:42:52.794412+00:00,nein,abfrage
SVI-BLK,37,1,blissey-ex,Blissey,7,17,22,11,41.33,gholdengo-joltik-box,Gholdengo Joltik Box,4,16.67,0,2,2,overall,2026-10-09T06:42:52.794412+00:00,nein,abfrage
SVI-BLK,37,1,blissey-ex,Blissey,7,17,22,11,41.33,charizard-pidgeot,Charizard Pidgeot,3,44.44,1,1,1,overall,2026-10-09T06:42:52.794412+00:00,nein,abfrage
SVI-BLK,37,1,blissey-ex,Blissey,7,17,22,11,41.33,gardevoir-ex-sv,Gardevoir,3,44.44,1,1,1,overall,2026-10-09T06:42:52.794412+00:00,nein,abfrage
SVI-BLK,37,1,blissey-ex,Blissey,7,17,22,11,41.33,ho-oh-armarouge,Ho-Oh Armarouge,2,0.0,0,2,0,overall,2026-10-09T06:42:52.794412+00:00,nein,abfrage
SVI-BLK,37,1,blissey-ex,Blissey,7,17,22,11,41.33,dragapult-charizard,Dragapult Charizard,2,50.0,1,1,0,overall,2026-10-09T06:42:52.794412+00:00,nein,abfrage
SVI-BLK,37,1,blissey-ex,Blissey,7,17,22,11,41.33,joltik-box,Joltik Box,2,66.67,1,0,1,overall,2026-10-09T06:42:52.794412+00:00,nein,abfrage
SVI-BLK,37,1,blissey-ex,Blissey,7,17,22,11,41.33,ceruledge-ex,Ceruledge,1,0.0,0,1,0,overall,2026-10-09T06:42:52.794412+00:00,nein,abfrage
SVI-BLK,37,1,blissey-ex,Blissey,7,17,22,11,41.33,rocket-mewtwo-ex,Rocket's Mewtwo,1,100.0,1,0,0,overall,2026-10-09T06:42:52.794412+00:00,nein,abfrage
SVI-BLK,37,1,blissey-ex,Blissey,7,17,22,11,41.33,dudunsparce-control,Dudunsparce Control,1,100.0,1,0,0,overall,2026-10-09T06:42:52.794412+00:00,nein,abfrage
SVI-BLK,37,1,blissey-ex,Blissey,7,17,22,11,41.33,ethan-typhlosion,Ethan's Typhlosion,1,100.0,1,0,0,overall,2026-10-09T06:42:52.794412+00:00,nein,abfrage
SVI-BLK,37,1,ceruledge-ex,Ceruledge,9,23,31,8,41.4,dragapult-dusknoir,Dragapult Dusknoir,9,40.74,3,4,2,overall,2026-10-09T06:42:54.619854+00:00,nein,abfrage
SVI-BLK,37,1,ceruledge-ex,Ceruledge,9,23,31,8,41.4,raging-bolt-ogerpon,Raging Bolt Ogerpon,9,33.33,3,6,0,overall,2026-10-09T06:42:54.619854+00:00,nein,abfrage
SVI-BLK,37,1,ceruledge-ex,Ceruledge,9,23,31,8,41.4,charizard-pidgeot,Charizard Pidgeot,8,50.0,4,4,0,overall,2026-10-09T06:42:54.619854+00:00,nein,abfrage
SVI-BLK,37,1,ceruledge-ex,Ceruledge,9,23,31,8,41.4,gardevoir-ex-sv,Gardevoir,6,22.22,1,4,1,overall,2026-10-09T06:42:54.619854+00:00,nein,abfrage
SVI-BLK,37,1,ceruledge-ex,Ceruledge,9,23,31,8,41.4,gholdengo-ex,Gholdengo,5,33.33,1,2,2,overall,2026-10-09T06:42:54.619854+00:00,nein,abfrage
SVI-BLK,37,1,ceruledge-ex,Ceruledge,9,23,31,8,41.4,gholdengo-joltik-box,Gholdengo Joltik Box,5,40.0,2,3,0,overall,2026-10-09T06:42:54.619854+00:00,nein,abfrage
SVI-BLK,37,1,ceruledge-ex,Ceruledge,9,23,31,8,41.4,grimmsnarl-froslass,Grimmsnarl Froslass,4,33.33,1,2,1,overall,2026-10-09T06:42:54.619854+00:00,nein,abfrage
SVI-BLK,37,1,ceruledge-ex,Ceruledge,9,23,31,8,41.4,dragapult-charizard,Dragapult Charizard,2,100.0,2,0,0,overall,2026-10-09T06:42:54.619854+00:00,nein,abfrage
SVI-BLK,37,1,ceruledge-ex,Ceruledge,9,23,31,8,41.4,cynthia-garchomp-ex,Cynthia's Garchomp,2,0.0,0,2,0,overall,2026-10-09T06:42:54.619854+00:00,nein,abfrage
SVI-BLK,37,1,ceruledge-ex,Ceruledge,9,23,31,8,41.4,joltik-box,Joltik Box,2,66.67,1,0,1,overall,2026-10-09T06:42:54.619854+00:00,nein,abfrage
SVI-BLK,37,1,ceruledge-ex,Ceruledge,9,23,31,8,41.4,rocket-mewtwo-ex,Rocket's Mewtwo,1,0.0,0,1,0,overall,2026-10-09T06:42:54.619854+00:00,nein,abfrage
SVI-BLK,37,1,ceruledge-ex,Ceruledge,9,23,31,8,41.4,palafin-ex,Palafin,1,0.0,0,1,0,overall,2026-10-09T06:42:54.619854+00:00,nein,abfrage
SVI-BLK,37,1,ceruledge-ex,Ceruledge,9,23,31,8,41.4,blissey-ex,Blissey,1,100.0,1,0,0,overall,2026-10-09T06:42:54.619854+00:00,nein,abfrage
SVI-BLK,37,1,ceruledge-ex,Ceruledge,9,23,31,8,41.4,crustle-dri,Crustle,1,0.0,0,1,0,overall,2026-10-09T06:42:54.619854+00:00,nein,abfrage
SVI-BLK,37,1,ceruledge-ex,Ceruledge,9,23,31,8,41.4,ethan-magcargo,Ethan's Magcargo,1,100.0,1,0,0,overall,2026-10-09T06:42:54.619854+00:00,nein,abfrage
SVI-BLK,37,1,ceruledge-ex,Ceruledge,9,23,31,8,41.4,charizard-dusknoir,Charizard Dusknoir,1,0.0,0,1,0,overall,2026-10-09T06:42:54.619854+00:00,nein,abfrage
SVI-BLK,37,1,ceruledge-ex,Ceruledge,9,23,31,8,41.4,ho-oh-armarouge,Ho-Oh Armarouge,1,33.33,0,0,1,overall,2026-10-09T06:42:54.619854+00:00,nein,abfrage
SVI-BLK,37,1,ceruledge-ex,Ceruledge,9,23,31,8,41.4,roaring-moon-ex,Roaring Moon,1,100.0,1,0,0,overall,2026-10-09T06:42:54.619854+00:00,nein,abfrage
SVI-BLK,37,1,ceruledge-ex,Ceruledge,9,23,31,8,41.4,other,Other,1,100.0,1,0,0,overall,2026-10-09T06:42:54.619854+00:00,nein,abfrage
SVI-BLK,37,1,ceruledge-ex,Ceruledge,9,23,31,8,41.4,chien-pao-baxcalibur,Chien-Pao Baxcalibur,1,100.0,1,0,0,overall,2026-10-09T06:42:54.619854+00:00,nein,abfrage
SVI-BLK,37,1,charizard-dragapult,Charizard Dragapult,1,3,3,2,45.83,gholdengo-joltik-box,Gholdengo Joltik Box,2,50.0,1,1,0,overall,2026-10-09T06:42:56.457397+00:00,nein,abfrage
SVI-BLK,37,1,charizard-dragapult,Charizard Dragapult,1,3,3,2,45.83,raging-bolt-ogerpon,Raging Bolt Ogerpon,1,33.33,0,0,1,overall,2026-10-09T06:42:56.457397+00:00,nein,abfrage
SVI-BLK,37,1,charizard-dragapult,Charizard Dragapult,1,3,3,2,45.83,grimmsnarl-froslass,Grimmsnarl Froslass,1,0.0,0,1,0,overall,2026-10-09T06:42:56.457397+00:00,nein,abfrage
SVI-BLK,37,1,charizard-dragapult,Charizard Dragapult,1,3,3,2,45.83,charizard-pidgeot,Charizard Pidgeot,1,0.0,0,1,0,overall,2026-10-09T06:42:56.457397+00:00,nein,abfrage
SVI-BLK,37,1,charizard-dragapult,Charizard Dragapult,1,3,3,2,45.83,gholdengo-ex,Gholdengo,1,33.33,0,0,1,overall,2026-10-09T06:42:56.457397+00:00,nein,abfrage
SVI-BLK,37,1,charizard-dragapult,Charizard Dragapult,1,3,3,2,45.83,miraidon-ex,Miraidon,1,100.0,1,0,0,overall,2026-10-09T06:42:56.457397+00:00,nein,abfrage
SVI-BLK,37,1,charizard-dragapult,Charizard Dragapult,1,3,3,2,45.83,dragapult-charizard,Dragapult Charizard,1,100.0,1,0,0,overall,2026-10-09T06:42:56.457397+00:00,nein,abfrage
SVI-BLK,37,1,charizard-dusknoir,Charizard Dusknoir,5,14,11,10,49.52,gardevoir-ex-sv,Gardevoir,5,53.33,2,1,2,overall,2026-10-09T06:42:58.256616+00:00,nein,abfrage
SVI-BLK,37,1,charizard-dusknoir,Charizard Dusknoir,5,14,11,10,49.52,dragapult-charizard,Dragapult Charizard,4,33.33,0,0,4,overall,2026-10-09T06:42:58.256616+00:00,nein,abfrage
SVI-BLK,37,1,charizard-dusknoir,Charizard Dusknoir,5,14,11,10,49.52,gholdengo-joltik-box,Gholdengo Joltik Box,3,33.33,1,2,0,overall,2026-10-09T06:42:58.256616+00:00,nein,abfrage
SVI-BLK,37,1,charizard-dusknoir,Charizard Dusknoir,5,14,11,10,49.52,dragapult-dusknoir,Dragapult Dusknoir,3,0.0,0,3,0,overall,2026-10-09T06:42:58.256616+00:00,nein,abfrage
SVI-BLK,37,1,charizard-dusknoir,Charizard Dusknoir,5,14,11,10,49.52,gholdengo-ex,Gholdengo,3,55.56,1,0,2,overall,2026-10-09T06:42:58.256616+00:00,nein,abfrage
SVI-BLK,37,1,charizard-dusknoir,Charizard Dusknoir,5,14,11,10,49.52,grimmsnarl-froslass,Grimmsnarl Froslass,3,44.44,1,1,1,overall,2026-10-09T06:42:58.256616+00:00,nein,abfrage
SVI-BLK,37,1,charizard-dusknoir,Charizard Dusknoir,5,14,11,10,49.52,charizard-pidgeot,Charizard Pidgeot,2,50.0,1,1,0,overall,2026-10-09T06:42:58.256616+00:00,nein,abfrage
SVI-BLK,37,1,charizard-dusknoir,Charizard Dusknoir,5,14,11,10,49.52,raging-bolt-ogerpon,Raging Bolt Ogerpon,2,66.67,1,0,1,overall,2026-10-09T06:42:58.256616+00:00,nein,abfrage
SVI-BLK,37,1,charizard-dusknoir,Charizard Dusknoir,5,14,11,10,49.52,joltik-box,Joltik Box,2,0.0,0,2,0,overall,2026-10-09T06:42:58.256616+00:00,nein,abfrage
SVI-BLK,37,1,charizard-dusknoir,Charizard Dusknoir,5,14,11,10,49.52,cynthia-garchomp-ex,Cynthia's Garchomp,2,50.0,1,1,0,overall,2026-10-09T06:42:58.256616+00:00,nein,abfrage
SVI-BLK,37,1,charizard-dusknoir,Charizard Dusknoir,5,14,11,10,49.52,ho-oh-armarouge,Ho-Oh Armarouge,1,100.0,1,0,0,overall,2026-10-09T06:42:58.256616+00:00,nein,abfrage
SVI-BLK,37,1,charizard-dusknoir,Charizard Dusknoir,5,14,11,10,49.52,ceruledge-ex,Ceruledge,1,100.0,1,0,0,overall,2026-10-09T06:42:58.256616+00:00,nein,abfrage
SVI-BLK,37,1,charizard-dusknoir,Charizard Dusknoir,5,14,11,10,49.52,rocket-nidoking-ex,Rocket's Nidoking,1,100.0,1,0,0,overall,2026-10-09T06:42:58.256616+00:00,nein,abfrage
SVI-BLK,37,1,charizard-dusknoir,Charizard Dusknoir,5,14,11,10,49.52,dragapult-ex,Dragapult,1,100.0,1,0,0,overall,2026-10-09T06:42:58.256616+00:00,nein,abfrage
SVI-BLK,37,1,charizard-dusknoir,Charizard Dusknoir,5,14,11,10,49.52,miraidon-ex,Miraidon,1,100.0,1,0,0,overall,2026-10-09T06:42:58.256616+00:00,nein,abfrage
SVI-BLK,37,1,charizard-dusknoir,Charizard Dusknoir,5,14,11,10,49.52,gholdengo-dudunsparce,Gholdengo Dudunsparce,1,100.0,1,0,0,overall,2026-10-09T06:42:58.256616+00:00,nein,abfrage
SVI-BLK,37,1,charizard-noctowl,Charizard Noctowl,4,25,13,9,59.57,dragapult-dusknoir,Dragapult Dusknoir,9,51.85,4,3,2,overall,2026-10-09T06:43:00.106413+00:00,nein,abfrage
SVI-BLK,37,1,charizard-noctowl,Charizard Noctowl,4,25,13,9,59.57,gholdengo-ex,Gholdengo,7,71.43,4,0,3,overall,2026-10-09T06:43:00.106413+00:00,nein,abfrage
SVI-BLK,37,1,charizard-noctowl,Charizard Noctowl,4,25,13,9,59.57,gholdengo-joltik-box,Gholdengo Joltik Box,5,66.67,3,1,1,overall,2026-10-09T06:43:00.106413+00:00,nein,abfrage
SVI-BLK,37,1,charizard-noctowl,Charizard Noctowl,4,25,13,9,59.57,gardevoir-ex-sv,Gardevoir,4,58.33,2,1,1,overall,2026-10-09T06:43:00.106413+00:00,nein,abfrage
SVI-BLK,37,1,charizard-noctowl,Charizard Noctowl,4,25,13,9,59.57,raging-bolt-ogerpon,Raging Bolt Ogerpon,3,77.78,2,0,1,overall,2026-10-09T06:43:00.106413+00:00,nein,abfrage
SVI-BLK,37,1,charizard-noctowl,Charizard Noctowl,4,25,13,9,59.57,grimmsnarl-froslass,Grimmsnarl Froslass,3,66.67,2,1,0,overall,2026-10-09T06:43:00.106413+00:00,nein,abfrage
SVI-BLK,37,1,charizard-noctowl,Charizard Noctowl,4,25,13,9,59.57,dragapult-ex,Dragapult,2,16.67,0,1,1,overall,2026-10-09T06:43:00.106413+00:00,nein,abfrage
SVI-BLK,37,1,charizard-noctowl,Charizard Noctowl,4,25,13,9,59.57,charizard-pidgeot,Charizard Pidgeot,2,100.0,2,0,0,overall,2026-10-09T06:43:00.106413+00:00,nein,abfrage
SVI-BLK,37,1,charizard-noctowl,Charizard Noctowl,4,25,13,9,59.57,ethan-typhlosion,Ethan's Typhlosion,2,50.0,1,1,0,overall,2026-10-09T06:43:00.106413+00:00,nein,abfrage
SVI-BLK,37,1,charizard-noctowl,Charizard Noctowl,4,25,13,9,59.57,dragapult-charizard,Dragapult Charizard,1,0.0,0,1,0,overall,2026-10-09T06:43:00.106413+00:00,nein,abfrage
SVI-BLK,37,1,charizard-noctowl,Charizard Noctowl,4,25,13,9,59.57,gardevoir-jellicent,Gardevoir Jellicent,1,100.0,1,0,0,overall,2026-10-09T06:43:00.106413+00:00,nein,abfrage
SVI-BLK,37,1,charizard-noctowl,Charizard Noctowl,4,25,13,9,59.57,n-zoroark,N's Zoroark,1,0.0,0,1,0,overall,2026-10-09T06:43:00.106413+00:00,nein,abfrage
SVI-BLK,37,1,charizard-noctowl,Charizard Noctowl,4,25,13,9,59.57,roaring-moon-ex,Roaring Moon,1,100.0,1,0,0,overall,2026-10-09T06:43:00.106413+00:00,nein,abfrage
SVI-BLK,37,1,charizard-noctowl,Charizard Noctowl,4,25,13,9,59.57,cynthia-garchomp-ex,Cynthia's Garchomp,1,100.0,1,0,0,overall,2026-10-09T06:43:00.106413+00:00,nein,abfrage
SVI-BLK,37,1,charizard-noctowl,Charizard Noctowl,4,25,13,9,59.57,flareon-ex,Flareon,1,100.0,1,0,0,overall,2026-10-09T06:43:00.106413+00:00,nein,abfrage
SVI-BLK,37,1,charizard-noctowl,Charizard Noctowl,4,25,13,9,59.57,joltik-box,Joltik Box,1,0.0,0,1,0,overall,2026-10-09T06:43:00.106413+00:00,nein,abfrage
SVI-BLK,37,1,charizard-noctowl,Charizard Noctowl,4,25,13,9,59.57,archaludon-ex,Archaludon,1,100.0,1,0,0,overall,2026-10-09T06:43:00.106413+00:00,nein,abfrage
SVI-BLK,37,1,charizard-pidgeot,Charizard Pidgeot,114,350,395,189,44.22,dragapult-dusknoir,Dragapult Dusknoir,140,35.0,40,73,27,overall,2026-10-09T06:43:01.961523+00:00,nein,abfrage
SVI-BLK,37,1,charizard-pidgeot,Charizard Pidgeot,114,350,395,189,44.22,raging-bolt-ogerpon,Raging Bolt Ogerpon,140,40.71,47,63,30,overall,2026-10-09T06:43:01.961523+00:00,nein,abfrage
SVI-BLK,37,1,charizard-pidgeot,Charizard Pidgeot,114,350,395,189,44.22,gardevoir-ex-sv,Gardevoir,116,47.99,48,45,23,overall,2026-10-09T06:43:01.961523+00:00,nein,abfrage
SVI-BLK,37,1,charizard-pidgeot,Charizard Pidgeot,114,350,395,189,44.22,gholdengo-ex,Gholdengo,106,53.77,49,33,24,overall,2026-10-09T06:43:01.961523+00:00,nein,abfrage
SVI-BLK,37,1,charizard-pidgeot,Charizard Pidgeot,114,350,395,189,44.22,dragapult-charizard,Dragapult Charizard,51,33.99,14,27,10,overall,2026-10-09T06:43:01.961523+00:00,nein,abfrage
SVI-BLK,37,1,charizard-pidgeot,Charizard Pidgeot,114,350,395,189,44.22,joltik-box,Joltik Box,46,46.38,19,20,7,overall,2026-10-09T06:43:01.961523+00:00,nein,abfrage
SVI-BLK,37,1,charizard-pidgeot,Charizard Pidgeot,114,350,395,189,44.22,gholdengo-joltik-box,Gholdengo Joltik Box,46,39.86,17,25,4,overall,2026-10-09T06:43:01.961523+00:00,nein,abfrage
SVI-BLK,37,1,charizard-pidgeot,Charizard Pidgeot,114,350,395,189,44.22,grimmsnarl-froslass,Grimmsnarl Froslass,41,45.53,16,17,8,overall,2026-10-09T06:43:01.961523+00:00,nein,abfrage
SVI-BLK,37,1,charizard-pidgeot,Charizard Pidgeot,114,350,395,189,44.22,charizard-pidgeot,Charizard Pidgeot,31,45.16,22,22,18,overall,2026-10-09T06:43:01.961523+00:00,ja,abfrage
SVI-BLK,37,1,charizard-pidgeot,Charizard Pidgeot,114,350,395,189,44.22,ethan-typhlosion,Ethan's Typhlosion,27,58.02,12,4,11,overall,2026-10-09T06:43:01.961523+00:00,nein,abfrage
SVI-BLK,37,1,charizard-pidgeot,Charizard Pidgeot,114,350,395,189,44.22,flareon-noctowl,Flareon Noctowl,18,46.3,6,5,7,overall,2026-10-09T06:43:01.961523+00:00,nein,abfrage
SVI-BLK,37,1,charizard-pidgeot,Charizard Pidgeot,114,350,395,189,44.22,n-zoroark,N's Zoroark,16,81.25,12,1,3,overall,2026-10-09T06:43:01.961523+00:00,nein,abfrage
SVI-BLK,37,1,charizard-pidgeot,Charizard Pidgeot,114,350,395,189,44.22,tera-box,Tera Box,13,35.9,4,7,2,overall,2026-10-09T06:43:01.961523+00:00,nein,abfrage
SVI-BLK,37,1,charizard-pidgeot,Charizard Pidgeot,114,350,395,189,44.22,dragapult-ex,Dragapult,12,27.78,3,8,1,overall,2026-10-09T06:43:01.961523+00:00,nein,abfrage
SVI-BLK,37,1,charizard-pidgeot,Charizard Pidgeot,114,350,395,189,44.22,gardevoir-jellicent,Gardevoir Jellicent,10,40.0,3,4,3,overall,2026-10-09T06:43:01.961523+00:00,nein,abfrage
SVI-BLK,37,1,charizard-pidgeot,Charizard Pidgeot,114,350,395,189,44.22,ceruledge-ex,Ceruledge,8,50.0,4,4,0,overall,2026-10-09T06:43:01.961523+00:00,nein,abfrage
SVI-BLK,37,1,charizard-pidgeot,Charizard Pidgeot,114,350,395,189,44.22,ho-oh-armarouge,Ho-Oh Armarouge,7,57.14,4,3,0,overall,2026-10-09T06:43:01.961523+00:00,nein,abfrage
SVI-BLK,37,1,charizard-pidgeot,Charizard Pidgeot,114,350,395,189,44.22,toedscruel-ex,Toedscruel,6,44.44,2,2,2,overall,2026-10-09T06:43:01.961523+00:00,nein,abfrage
SVI-BLK,37,1,charizard-pidgeot,Charizard Pidgeot,114,350,395,189,44.22,cynthia-garchomp-ex,Cynthia's Garchomp,5,46.67,2,2,1,overall,2026-10-09T06:43:01.961523+00:00,nein,abfrage
SVI-BLK,37,1,charizard-pidgeot,Charizard Pidgeot,114,350,395,189,44.22,rocket-mewtwo-ex,Rocket's Mewtwo,5,40.0,2,3,0,overall,2026-10-09T06:43:01.961523+00:00,nein,abfrage
SVI-BLK,37,1,charizard-pidgeot,Charizard Pidgeot,114,350,395,189,44.22,crustle-dri,Crustle,5,40.0,2,3,0,overall,2026-10-09T06:43:01.961523+00:00,nein,abfrage
SVI-BLK,37,1,charizard-pidgeot,Charizard Pidgeot,114,350,395,189,44.22,ogerpon-ex,Ogerpon,4,50.0,2,2,0,overall,2026-10-09T06:43:01.961523+00:00,nein,abfrage
SVI-BLK,37,1,charizard-pidgeot,Charizard Pidgeot,114,350,395,189,44.22,hydreigon-ex,Hydreigon,4,33.33,1,2,1,overall,2026-10-09T06:43:01.961523+00:00,nein,abfrage
SVI-BLK,37,1,charizard-pidgeot,Charizard Pidgeot,114,350,395,189,44.22,archaludon-ex,Archaludon,4,58.33,2,1,1,overall,2026-10-09T06:43:01.961523+00:00,nein,abfrage
SVI-BLK,37,1,charizard-pidgeot,Charizard Pidgeot,114,350,395,189,44.22,farigiraf-milotic,Farigiraf Milotic,3,33.33,1,2,0,overall,2026-10-09T06:43:01.961523+00:00,nein,abfrage
SVI-BLK,37,1,charizard-pidgeot,Charizard Pidgeot,114,350,395,189,44.22,blissey-ex,Blissey,3,44.44,1,1,1,overall,2026-10-09T06:43:01.961523+00:00,nein,abfrage
SVI-BLK,37,1,charizard-pidgeot,Charizard Pidgeot,114,350,395,189,44.22,froslass-munkidori,Froslass Munkidori,3,44.44,1,1,1,overall,2026-10-09T06:43:01.961523+00:00,nein,abfrage
SVI-BLK,37,1,charizard-pidgeot,Charizard Pidgeot,114,350,395,189,44.22,other,Other,3,11.11,0,2,1,overall,2026-10-09T06:43:01.961523+00:00,nein,abfrage
SVI-BLK,37,1,charizard-pidgeot,Charizard Pidgeot,114,350,395,189,44.22,roaring-moon-ex,Roaring Moon,3,33.33,1,2,0,overall,2026-10-09T06:43:01.961523+00:00,nein,abfrage
SVI-BLK,37,1,charizard-pidgeot,Charizard Pidgeot,114,350,395,189,44.22,charizard-dusknoir,Charizard Dusknoir,2,50.0,1,1,0,overall,2026-10-09T06:43:01.961523+00:00,nein,abfrage
SVI-BLK,37,1,charizard-pidgeot,Charizard Pidgeot,114,350,395,189,44.22,flareon-ex,Flareon,2,100.0,2,0,0,overall,2026-10-09T06:43:01.961523+00:00,nein,abfrage
SVI-BLK,37,1,charizard-pidgeot,Charizard Pidgeot,114,350,395,189,44.22,palafin-ex,Palafin,2,0.0,0,2,0,overall,2026-10-09T06:43:01.961523+00:00,nein,abfrage
SVI-BLK,37,1,charizard-pidgeot,Charizard Pidgeot,114,350,395,189,44.22,charizard-noctowl,Charizard Noctowl,2,0.0,0,2,0,overall,2026-10-09T06:43:01.961523+00:00,nein,abfrage
SVI-BLK,37,1,charizard-pidgeot,Charizard Pidgeot,114,350,395,189,44.22,festival-lead,Festival Lead,1,100.0,1,0,0,overall,2026-10-09T06:43:01.961523+00:00,nein,abfrage
SVI-BLK,37,1,charizard-pidgeot,Charizard Pidgeot,114,350,395,189,44.22,tinkaton-ex,Tinkaton,1,100.0,1,0,0,overall,2026-10-09T06:43:01.961523+00:00,nein,abfrage
SVI-BLK,37,1,charizard-pidgeot,Charizard Pidgeot,114,350,395,189,44.22,seaking-pre,Seaking Festival Lead,1,0.0,0,1,0,overall,2026-10-09T06:43:01.961523+00:00,nein,abfrage
SVI-BLK,37,1,charizard-pidgeot,Charizard Pidgeot,114,350,395,189,44.22,reging-bolt-bellibolt,Raging Bolt Bellibolt,1,100.0,1,0,0,overall,2026-10-09T06:43:01.961523+00:00,nein,abfrage
SVI-BLK,37,1,charizard-pidgeot,Charizard Pidgeot,114,350,395,189,44.22,rocket-nidoking-ex,Rocket's Nidoking,1,100.0,1,0,0,overall,2026-10-09T06:43:01.961523+00:00,nein,abfrage
SVI-BLK,37,1,charizard-pidgeot,Charizard Pidgeot,114,350,395,189,44.22,marnie-grimmsnarl-ex,Marnie's Grimmsnarl,1,100.0,1,0,0,overall,2026-10-09T06:43:01.961523+00:00,nein,abfrage
SVI-BLK,37,1,charizard-pidgeot,Charizard Pidgeot,114,350,395,189,44.22,chien-pao-baxcalibur,Chien-Pao Baxcalibur,1,100.0,1,0,0,overall,2026-10-09T06:43:01.961523+00:00,nein,abfrage
SVI-BLK,37,1,charizard-pidgeot,Charizard Pidgeot,114,350,395,189,44.22,charizard-dragapult,Charizard Dragapult,1,100.0,1,0,0,overall,2026-10-09T06:43:01.961523+00:00,nein,abfrage
SVI-BLK,37,1,charizard-pidgeot,Charizard Pidgeot,114,350,395,189,44.22,greninja-blaziken,Greninja Blaziken,1,33.33,0,0,1,overall,2026-10-09T06:43:01.961523+00:00,nein,abfrage
SVI-BLK,37,1,charizard-pidgeot,Charizard Pidgeot,114,350,395,189,44.22,dragapult-iron-thorns,Dragapult Iron Thorns,1,33.33,0,0,1,overall,2026-10-09T06:43:01.961523+00:00,nein,abfrage
SVI-BLK,37,1,charizard-pidgeot,Charizard Pidgeot,114,350,395,189,44.22,gholdengo-dudunsparce,Gholdengo Dudunsparce,1,33.33,0,0,1,overall,2026-10-09T06:43:01.961523+00:00,nein,abfrage
SVI-BLK,37,1,charizard-pidgeot,Charizard Pidgeot,114,350,395,189,44.22,miraidon-eelektrik,Miraidon Eelektrik,1,100.0,1,0,0,overall,2026-10-09T06:43:01.961523+00:00,nein,abfrage
SVI-BLK,37,1,charizard-pidgeot,Charizard Pidgeot,114,350,395,189,44.22,dudunsparce-control,Dudunsparce Control,1,0.0,0,1,0,overall,2026-10-09T06:43:01.961523+00:00,nein,abfrage
SVI-BLK,37,1,charizard-pidgeot,Charizard Pidgeot,114,350,395,189,44.22,iron-thorns-ex,Iron Thorns,1,0.0,0,1,0,overall,2026-10-09T06:43:01.961523+00:00,nein,abfrage
SVI-BLK,37,1,charizard-pidgeot,Charizard Pidgeot,114,350,395,189,44.22,okidogi-twm,Okidogi,1,100.0,1,0,0,overall,2026-10-09T06:43:01.961523+00:00,nein,abfrage
SVI-BLK,37,1,chien-pao-baxcalibur,Chien-Pao Baxcalibur,1,2,5,1,29.17,gardevoir-ex-sv,Gardevoir,2,50.0,1,1,0,overall,2026-10-09T06:43:03.770497+00:00,nein,abfrage
SVI-BLK,37,1,chien-pao-baxcalibur,Chien-Pao Baxcalibur,1,2,5,1,29.17,raging-bolt-ogerpon,Raging Bolt Ogerpon,1,0.0,0,1,0,overall,2026-10-09T06:43:03.770497+00:00,nein,abfrage
SVI-BLK,37,1,chien-pao-baxcalibur,Chien-Pao Baxcalibur,1,2,5,1,29.17,dragapult-dusknoir,Dragapult Dusknoir,1,0.0,0,1,0,overall,2026-10-09T06:43:03.770497+00:00,nein,abfrage
SVI-BLK,37,1,chien-pao-baxcalibur,Chien-Pao Baxcalibur,1,2,5,1,29.17,charizard-pidgeot,Charizard Pidgeot,1,0.0,0,1,0,overall,2026-10-09T06:43:03.770497+00:00,nein,abfrage
SVI-BLK,37,1,chien-pao-baxcalibur,Chien-Pao Baxcalibur,1,2,5,1,29.17,ethan-typhlosion,Ethan's Typhlosion,1,100.0,1,0,0,overall,2026-10-09T06:43:03.770497+00:00,nein,abfrage
SVI-BLK,37,1,chien-pao-baxcalibur,Chien-Pao Baxcalibur,1,2,5,1,29.17,slowking-scr,Slowking,1,33.33,0,0,1,overall,2026-10-09T06:43:03.770497+00:00,nein,abfrage
SVI-BLK,37,1,chien-pao-baxcalibur,Chien-Pao Baxcalibur,1,2,5,1,29.17,ceruledge-ex,Ceruledge,1,0.0,0,1,0,overall,2026-10-09T06:43:03.770497+00:00,nein,abfrage
SVI-BLK,37,1,conkeldurr-twm,Conkeldurr,1,6,4,3,53.85,raging-bolt-ogerpon,Raging Bolt Ogerpon,4,100.0,4,0,0,overall,2026-10-09T06:43:05.584118+00:00,nein,abfrage
SVI-BLK,37,1,conkeldurr-twm,Conkeldurr,1,6,4,3,53.85,gardevoir-ex-sv,Gardevoir,2,0.0,0,2,0,overall,2026-10-09T06:43:05.584118+00:00,nein,abfrage
SVI-BLK,37,1,conkeldurr-twm,Conkeldurr,1,6,4,3,53.85,gholdengo-joltik-box,Gholdengo Joltik Box,1,100.0,1,0,0,overall,2026-10-09T06:43:05.584118+00:00,nein,abfrage
SVI-BLK,37,1,conkeldurr-twm,Conkeldurr,1,6,4,3,53.85,gholdengo-dudunsparce,Gholdengo Dudunsparce,1,33.33,0,0,1,overall,2026-10-09T06:43:05.584118+00:00,nein,abfrage
SVI-BLK,37,1,conkeldurr-twm,Conkeldurr,1,6,4,3,53.85,tera-box,Tera Box,1,100.0,1,0,0,overall,2026-10-09T06:43:05.584118+00:00,nein,abfrage
SVI-BLK,37,1,conkeldurr-twm,Conkeldurr,1,6,4,3,53.85,dragapult-dusknoir,Dragapult Dusknoir,1,0.0,0,1,0,overall,2026-10-09T06:43:05.584118+00:00,nein,abfrage
SVI-BLK,37,1,conkeldurr-twm,Conkeldurr,1,6,4,3,53.85,joltik-box,Joltik Box,1,33.33,0,0,1,overall,2026-10-09T06:43:05.584118+00:00,nein,abfrage
SVI-BLK,37,1,conkeldurr-twm,Conkeldurr,1,6,4,3,53.85,dragapult-ex,Dragapult,1,0.0,0,1,0,overall,2026-10-09T06:43:05.584118+00:00,nein,abfrage
SVI-BLK,37,1,conkeldurr-twm,Conkeldurr,1,6,4,3,53.85,n-zoroark,N's Zoroark,1,33.33,0,0,1,overall,2026-10-09T06:43:05.584118+00:00,nein,abfrage
SVI-BLK,37,1,crustle-dri,Crustle,6,36,20,11,59.2,raging-bolt-ogerpon,Raging Bolt Ogerpon,15,46.67,6,6,3,overall,2026-10-09T06:43:07.384378+00:00,nein,abfrage
SVI-BLK,37,1,crustle-dri,Crustle,6,36,20,11,59.2,gholdengo-ex,Gholdengo,10,93.33,9,0,1,overall,2026-10-09T06:43:07.384378+00:00,nein,abfrage
SVI-BLK,37,1,crustle-dri,Crustle,6,36,20,11,59.2,gholdengo-joltik-box,Gholdengo Joltik Box,9,92.59,8,0,1,overall,2026-10-09T06:43:07.384378+00:00,nein,abfrage
SVI-BLK,37,1,crustle-dri,Crustle,6,36,20,11,59.2,gardevoir-ex-sv,Gardevoir,6,16.67,1,5,0,overall,2026-10-09T06:43:07.384378+00:00,nein,abfrage
SVI-BLK,37,1,crustle-dri,Crustle,6,36,20,11,59.2,dragapult-dusknoir,Dragapult Dusknoir,5,26.67,1,3,1,overall,2026-10-09T06:43:07.384378+00:00,nein,abfrage
SVI-BLK,37,1,crustle-dri,Crustle,6,36,20,11,59.2,charizard-pidgeot,Charizard Pidgeot,5,60.0,3,2,0,overall,2026-10-09T06:43:07.384378+00:00,nein,abfrage
SVI-BLK,37,1,crustle-dri,Crustle,6,36,20,11,59.2,tera-box,Tera Box,4,41.67,1,1,2,overall,2026-10-09T06:43:07.384378+00:00,nein,abfrage
SVI-BLK,37,1,crustle-dri,Crustle,6,36,20,11,59.2,joltik-box,Joltik Box,3,100.0,3,0,0,overall,2026-10-09T06:43:07.384378+00:00,nein,abfrage
SVI-BLK,37,1,crustle-dri,Crustle,6,36,20,11,59.2,grimmsnarl-froslass,Grimmsnarl Froslass,2,100.0,2,0,0,overall,2026-10-09T06:43:07.384378+00:00,nein,abfrage
SVI-BLK,37,1,crustle-dri,Crustle,6,36,20,11,59.2,ethan-typhlosion,Ethan's Typhlosion,1,0.0,0,1,0,overall,2026-10-09T06:43:07.384378+00:00,nein,abfrage
SVI-BLK,37,1,crustle-dri,Crustle,6,36,20,11,59.2,dragapult-ex,Dragapult,1,100.0,1,0,0,overall,2026-10-09T06:43:07.384378+00:00,nein,abfrage
SVI-BLK,37,1,crustle-dri,Crustle,6,36,20,11,59.2,ceruledge-ex,Ceruledge,1,100.0,1,0,0,overall,2026-10-09T06:43:07.384378+00:00,nein,abfrage
SVI-BLK,37,1,crustle-dri,Crustle,6,36,20,11,59.2,dragapult-charizard,Dragapult Charizard,1,0.0,0,1,0,overall,2026-10-09T06:43:07.384378+00:00,nein,abfrage
SVI-BLK,37,1,crustle-dri,Crustle,6,36,20,11,59.2,miraidon-eelektrik,Miraidon Eelektrik,1,33.33,0,0,1,overall,2026-10-09T06:43:07.384378+00:00,nein,abfrage
SVI-BLK,37,1,crustle-dri,Crustle,6,36,20,11,59.2,flareon-noctowl,Flareon Noctowl,1,33.33,0,0,1,overall,2026-10-09T06:43:07.384378+00:00,nein,abfrage
SVI-BLK,37,1,cynthia-garchomp-ex,Cynthia's Garchomp,15,48,51,10,47.09,dragapult-dusknoir,Dragapult Dusknoir,18,35.19,6,11,1,overall,2026-10-09T06:43:09.213398+00:00,nein,abfrage
SVI-BLK,37,1,cynthia-garchomp-ex,Cynthia's Garchomp,15,48,51,10,47.09,raging-bolt-ogerpon,Raging Bolt Ogerpon,14,33.33,4,8,2,overall,2026-10-09T06:43:09.213398+00:00,nein,abfrage
SVI-BLK,37,1,cynthia-garchomp-ex,Cynthia's Garchomp,15,48,51,10,47.09,gholdengo-ex,Gholdengo,11,42.42,4,5,2,overall,2026-10-09T06:43:09.213398+00:00,nein,abfrage
SVI-BLK,37,1,cynthia-garchomp-ex,Cynthia's Garchomp,15,48,51,10,47.09,gardevoir-ex-sv,Gardevoir,10,80.0,8,2,0,overall,2026-10-09T06:43:09.213398+00:00,nein,abfrage
SVI-BLK,37,1,cynthia-garchomp-ex,Cynthia's Garchomp,15,48,51,10,47.09,gholdengo-joltik-box,Gholdengo Joltik Box,7,42.86,3,4,0,overall,2026-10-09T06:43:09.213398+00:00,nein,abfrage
SVI-BLK,37,1,cynthia-garchomp-ex,Cynthia's Garchomp,15,48,51,10,47.09,joltik-box,Joltik Box,5,46.67,2,2,1,overall,2026-10-09T06:43:09.213398+00:00,nein,abfrage
SVI-BLK,37,1,cynthia-garchomp-ex,Cynthia's Garchomp,15,48,51,10,47.09,charizard-pidgeot,Charizard Pidgeot,5,46.67,2,2,1,overall,2026-10-09T06:43:09.213398+00:00,nein,abfrage
SVI-BLK,37,1,cynthia-garchomp-ex,Cynthia's Garchomp,15,48,51,10,47.09,grimmsnarl-froslass,Grimmsnarl Froslass,3,33.33,1,2,0,overall,2026-10-09T06:43:09.213398+00:00,nein,abfrage
SVI-BLK,37,1,cynthia-garchomp-ex,Cynthia's Garchomp,15,48,51,10,47.09,dragapult-charizard,Dragapult Charizard,3,66.67,2,1,0,overall,2026-10-09T06:43:09.213398+00:00,nein,abfrage
SVI-BLK,37,1,cynthia-garchomp-ex,Cynthia's Garchomp,15,48,51,10,47.09,tera-box,Tera Box,3,11.11,0,2,1,overall,2026-10-09T06:43:09.213398+00:00,nein,abfrage
SVI-BLK,37,1,cynthia-garchomp-ex,Cynthia's Garchomp,15,48,51,10,47.09,ceruledge-ex,Ceruledge,2,100.0,2,0,0,overall,2026-10-09T06:43:09.213398+00:00,nein,abfrage
SVI-BLK,37,1,cynthia-garchomp-ex,Cynthia's Garchomp,15,48,51,10,47.09,sinistcha-ogerpon,Sinistcha Ogerpon,2,16.67,0,1,1,overall,2026-10-09T06:43:09.213398+00:00,nein,abfrage
SVI-BLK,37,1,cynthia-garchomp-ex,Cynthia's Garchomp,15,48,51,10,47.09,n-zoroark,N's Zoroark,2,50.0,1,1,0,overall,2026-10-09T06:43:09.213398+00:00,nein,abfrage
SVI-BLK,37,1,cynthia-garchomp-ex,Cynthia's Garchomp,15,48,51,10,47.09,charizard-dusknoir,Charizard Dusknoir,2,50.0,1,1,0,overall,2026-10-09T06:43:09.213398+00:00,nein,abfrage
SVI-BLK,37,1,cynthia-garchomp-ex,Cynthia's Garchomp,15,48,51,10,47.09,gardevoir-jellicent,Gardevoir Jellicent,2,50.0,1,1,0,overall,2026-10-09T06:43:09.213398+00:00,nein,abfrage
SVI-BLK,37,1,cynthia-garchomp-ex,Cynthia's Garchomp,15,48,51,10,47.09,dragapult-ex,Dragapult,2,0.0,0,2,0,overall,2026-10-09T06:43:09.213398+00:00,nein,abfrage
SVI-BLK,37,1,cynthia-garchomp-ex,Cynthia's Garchomp,15,48,51,10,47.09,gholdengo-dragapult,Gholdengo Dragapult,1,100.0,1,0,0,overall,2026-10-09T06:43:09.213398+00:00,nein,abfrage
SVI-BLK,37,1,cynthia-garchomp-ex,Cynthia's Garchomp,15,48,51,10,47.09,flareon-noctowl,Flareon Noctowl,1,0.0,0,1,0,overall,2026-10-09T06:43:09.213398+00:00,nein,abfrage
SVI-BLK,37,1,cynthia-garchomp-ex,Cynthia's Garchomp,15,48,51,10,47.09,froslass-munkidori,Froslass Munkidori,1,0.0,0,1,0,overall,2026-10-09T06:43:09.213398+00:00,nein,abfrage
SVI-BLK,37,1,cynthia-garchomp-ex,Cynthia's Garchomp,15,48,51,10,47.09,slowking-scr,Slowking,1,33.33,0,0,1,overall,2026-10-09T06:43:09.213398+00:00,nein,abfrage
SVI-BLK,37,1,cynthia-garchomp-ex,Cynthia's Garchomp,15,48,51,10,47.09,charizard-noctowl,Charizard Noctowl,1,0.0,0,1,0,overall,2026-10-09T06:43:09.213398+00:00,nein,abfrage
SVI-BLK,37,1,cynthia-garchomp-ex,Cynthia's Garchomp,15,48,51,10,47.09,okidogi-twm,Okidogi,1,0.0,0,1,0,overall,2026-10-09T06:43:09.213398+00:00,nein,abfrage
SVI-BLK,37,1,cynthia-garchomp-ex,Cynthia's Garchomp,15,48,51,10,47.09,okidogi-ex,Okidogi,1,100.0,1,0,0,overall,2026-10-09T06:43:09.213398+00:00,nein,abfrage
SVI-BLK,37,1,cynthia-garchomp-ex,Cynthia's Garchomp,15,48,51,10,47.09,reging-bolt-bellibolt,Raging Bolt Bellibolt,1,100.0,1,0,0,overall,2026-10-09T06:43:09.213398+00:00,nein,abfrage
SVI-BLK,37,1,cynthia-garchomp-ex,Cynthia's Garchomp,15,48,51,10,47.09,other,Other,1,0.0,0,1,0,overall,2026-10-09T06:43:09.213398+00:00,nein,abfrage
SVI-BLK,37,1,cynthia-garchomp-ex,Cynthia's Garchomp,15,48,51,10,47.09,dragapult-blaziken,Dragapult Blaziken,1,100.0,1,0,0,overall,2026-10-09T06:43:09.213398+00:00,nein,abfrage
SVI-BLK,37,1,cynthia-garchomp-ex,Cynthia's Garchomp,15,48,51,10,47.09,tinkaton-ex,Tinkaton,1,0.0,0,1,0,overall,2026-10-09T06:43:09.213398+00:00,nein,abfrage
SVI-BLK,37,1,cynthia-garchomp-ex,Cynthia's Garchomp,15,48,51,10,47.09,palafin-ex,Palafin,1,100.0,1,0,0,overall,2026-10-09T06:43:09.213398+00:00,nein,abfrage
SVI-BLK,37,1,cynthia-garchomp-ex,Cynthia's Garchomp,15,48,51,10,47.09,ho-oh-armarouge,Ho-Oh Armarouge,1,100.0,1,0,0,overall,2026-10-09T06:43:09.213398+00:00,nein,abfrage
SVI-BLK,37,1,cynthia-garchomp-ex,Cynthia's Garchomp,15,48,51,10,47.09,hydreigon-ex,Hydreigon,1,100.0,1,0,0,overall,2026-10-09T06:43:09.213398+00:00,nein,abfrage
SVI-BLK,37,1,cynthia-garchomp-ex,Cynthia's Garchomp,15,48,51,10,47.09,ethan-typhlosion,Ethan's Typhlosion,1,100.0,1,0,0,overall,2026-10-09T06:43:09.213398+00:00,nein,abfrage
SVI-BLK,37,1,cynthia-garchomp-ex,Cynthia's Garchomp,15,48,51,10,47.09,miraidon-ex,Miraidon,1,100.0,1,0,0,overall,2026-10-09T06:43:09.213398+00:00,nein,abfrage
SVI-BLK,37,1,cynthia-garchomp-ex,Cynthia's Garchomp,15,48,51,10,47.09,roaring-moon-ex,Roaring Moon,1,100.0,1,0,0,overall,2026-10-09T06:43:09.213398+00:00,nein,abfrage
SVI-BLK,37,1,dragapult-blaziken,Dragapult Blaziken,2,2,7,1,23.33,gardevoir-ex-sv,Gardevoir,4,8.33,0,3,1,overall,2026-10-09T06:43:11.022244+00:00,nein,abfrage
SVI-BLK,37,1,dragapult-blaziken,Dragapult Blaziken,2,2,7,1,23.33,gholdengo-ex,Gholdengo,1,100.0,1,0,0,overall,2026-10-09T06:43:11.022244+00:00,nein,abfrage
SVI-BLK,37,1,dragapult-blaziken,Dragapult Blaziken,2,2,7,1,23.33,gholdengo-joltik-box,Gholdengo Joltik Box,1,0.0,0,1,0,overall,2026-10-09T06:43:11.022244+00:00,nein,abfrage
SVI-BLK,37,1,dragapult-blaziken,Dragapult Blaziken,2,2,7,1,23.33,joltik-box,Joltik Box,1,0.0,0,1,0,overall,2026-10-09T06:43:11.022244+00:00,nein,abfrage
SVI-BLK,37,1,dragapult-blaziken,Dragapult Blaziken,2,2,7,1,23.33,dragapult-charizard,Dragapult Charizard,1,100.0,1,0,0,overall,2026-10-09T06:43:11.022244+00:00,nein,abfrage
SVI-BLK,37,1,dragapult-blaziken,Dragapult Blaziken,2,2,7,1,23.33,dragapult-dusknoir,Dragapult Dusknoir,1,0.0,0,1,0,overall,2026-10-09T06:43:11.022244+00:00,nein,abfrage
SVI-BLK,37,1,dragapult-blaziken,Dragapult Blaziken,2,2,7,1,23.33,cynthia-garchomp-ex,Cynthia's Garchomp,1,0.0,0,1,0,overall,2026-10-09T06:43:11.022244+00:00,nein,abfrage
SVI-BLK,37,1,dragapult-charizard,Dragapult Charizard,80,208,291,119,40.08,dragapult-dusknoir,Dragapult Dusknoir,80,34.17,23,44,13,overall,2026-10-09T06:43:12.860035+00:00,nein,abfrage
SVI-BLK,37,1,dragapult-charizard,Dragapult Charizard,80,208,291,119,40.08,raging-bolt-ogerpon,Raging Bolt Ogerpon,74,43.24,27,32,15,overall,2026-10-09T06:43:12.860035+00:00,nein,abfrage
SVI-BLK,37,1,dragapult-charizard,Dragapult Charizard,80,208,291,119,40.08,gardevoir-ex-sv,Gardevoir,68,35.29,20,36,12,overall,2026-10-09T06:43:12.860035+00:00,nein,abfrage
SVI-BLK,37,1,dragapult-charizard,Dragapult Charizard,80,208,291,119,40.08,gholdengo-ex,Gholdengo,68,33.82,19,37,12,overall,2026-10-09T06:43:12.860035+00:00,nein,abfrage
SVI-BLK,37,1,dragapult-charizard,Dragapult Charizard,80,208,291,119,40.08,charizard-pidgeot,Charizard Pidgeot,51,59.48,27,14,10,overall,2026-10-09T06:43:12.860035+00:00,nein,abfrage
SVI-BLK,37,1,dragapult-charizard,Dragapult Charizard,80,208,291,119,40.08,grimmsnarl-froslass,Grimmsnarl Froslass,37,47.75,15,14,8,overall,2026-10-09T06:43:12.860035+00:00,nein,abfrage
SVI-BLK,37,1,dragapult-charizard,Dragapult Charizard,80,208,291,119,40.08,gholdengo-joltik-box,Gholdengo Joltik Box,37,34.23,9,17,11,overall,2026-10-09T06:43:12.860035+00:00,nein,abfrage
SVI-BLK,37,1,dragapult-charizard,Dragapult Charizard,80,208,291,119,40.08,joltik-box,Joltik Box,18,48.15,8,8,2,overall,2026-10-09T06:43:12.860035+00:00,nein,abfrage
SVI-BLK,37,1,dragapult-charizard,Dragapult Charizard,80,208,291,119,40.08,ethan-typhlosion,Ethan's Typhlosion,18,59.26,9,4,5,overall,2026-10-09T06:43:12.860035+00:00,nein,abfrage
SVI-BLK,37,1,dragapult-charizard,Dragapult Charizard,80,208,291,119,40.08,tera-box,Tera Box,16,29.17,4,10,2,overall,2026-10-09T06:43:12.860035+00:00,nein,abfrage
SVI-BLK,37,1,dragapult-charizard,Dragapult Charizard,80,208,291,119,40.08,dragapult-ex,Dragapult,15,17.78,2,11,2,overall,2026-10-09T06:43:12.860035+00:00,nein,abfrage
SVI-BLK,37,1,dragapult-charizard,Dragapult Charizard,80,208,291,119,40.08,flareon-noctowl,Flareon Noctowl,14,23.81,2,8,4,overall,2026-10-09T06:43:12.860035+00:00,nein,abfrage
SVI-BLK,37,1,dragapult-charizard,Dragapult Charizard,80,208,291,119,40.08,n-zoroark,N's Zoroark,12,19.44,1,7,4,overall,2026-10-09T06:43:12.860035+00:00,nein,abfrage
SVI-BLK,37,1,dragapult-charizard,Dragapult Charizard,80,208,291,119,40.08,dragapult-charizard,Dragapult Charizard,11,46.97,9,9,4,overall,2026-10-09T06:43:12.860035+00:00,ja,abfrage
SVI-BLK,37,1,dragapult-charizard,Dragapult Charizard,80,208,291,119,40.08,other,Other,9,55.56,5,4,0,overall,2026-10-09T06:43:12.860035+00:00,nein,abfrage
SVI-BLK,37,1,dragapult-charizard,Dragapult Charizard,80,208,291,119,40.08,gardevoir-jellicent,Gardevoir Jellicent,7,61.9,4,2,1,overall,2026-10-09T06:43:12.860035+00:00,nein,abfrage
SVI-BLK,37,1,dragapult-charizard,Dragapult Charizard,80,208,291,119,40.08,ho-oh-armarouge,Ho-Oh Armarouge,6,33.33,2,4,0,overall,2026-10-09T06:43:12.860035+00:00,nein,abfrage
SVI-BLK,37,1,dragapult-charizard,Dragapult Charizard,80,208,291,119,40.08,rocket-mewtwo-ex,Rocket's Mewtwo,5,26.67,1,3,1,overall,2026-10-09T06:43:12.860035+00:00,nein,abfrage
SVI-BLK,37,1,dragapult-charizard,Dragapult Charizard,80,208,291,119,40.08,okidogi-twm,Okidogi,4,58.33,2,1,1,overall,2026-10-09T06:43:12.860035+00:00,nein,abfrage
SVI-BLK,37,1,dragapult-charizard,Dragapult Charizard,80,208,291,119,40.08,charizard-dusknoir,Charizard Dusknoir,4,33.33,0,0,4,overall,2026-10-09T06:43:12.860035+00:00,nein,abfrage
SVI-BLK,37,1,dragapult-charizard,Dragapult Charizard,80,208,291,119,40.08,cynthia-garchomp-ex,Cynthia's Garchomp,3,33.33,1,2,0,overall,2026-10-09T06:43:12.860035+00:00,nein,abfrage
SVI-BLK,37,1,dragapult-charizard,Dragapult Charizard,80,208,291,119,40.08,archaludon-ex,Archaludon,3,66.67,2,1,0,overall,2026-10-09T06:43:12.860035+00:00,nein,abfrage
SVI-BLK,37,1,dragapult-charizard,Dragapult Charizard,80,208,291,119,40.08,roaring-moon-ex,Roaring Moon,3,77.78,2,0,1,overall,2026-10-09T06:43:12.860035+00:00,nein,abfrage
SVI-BLK,37,1,dragapult-charizard,Dragapult Charizard,80,208,291,119,40.08,marnie-grimmsnarl-ex,Marnie's Grimmsnarl,3,44.44,1,1,1,overall,2026-10-09T06:43:12.860035+00:00,nein,abfrage
SVI-BLK,37,1,dragapult-charizard,Dragapult Charizard,80,208,291,119,40.08,hydreigon-ex,Hydreigon,3,33.33,1,2,0,overall,2026-10-09T06:43:12.860035+00:00,nein,abfrage
SVI-BLK,37,1,dragapult-charizard,Dragapult Charizard,80,208,291,119,40.08,ceruledge-ex,Ceruledge,2,0.0,0,2,0,overall,2026-10-09T06:43:12.860035+00:00,nein,abfrage
SVI-BLK,37,1,dragapult-charizard,Dragapult Charizard,80,208,291,119,40.08,espathra-xatu,Espathra Xatu,2,66.67,1,0,1,overall,2026-10-09T06:43:12.860035+00:00,nein,abfrage
SVI-BLK,37,1,dragapult-charizard,Dragapult Charizard,80,208,291,119,40.08,palafin-ex,Palafin,2,50.0,1,1,0,overall,2026-10-09T06:43:12.860035+00:00,nein,abfrage
SVI-BLK,37,1,dragapult-charizard,Dragapult Charizard,80,208,291,119,40.08,blissey-ex,Blissey,2,50.0,1,1,0,overall,2026-10-09T06:43:12.860035+00:00,nein,abfrage
SVI-BLK,37,1,dragapult-charizard,Dragapult Charizard,80,208,291,119,40.08,froslass-munkidori,Froslass Munkidori,2,50.0,1,1,0,overall,2026-10-09T06:43:12.860035+00:00,nein,abfrage
SVI-BLK,37,1,dragapult-charizard,Dragapult Charizard,80,208,291,119,40.08,mamoswine-ex,Mamoswine,2,50.0,1,1,0,overall,2026-10-09T06:43:12.860035+00:00,nein,abfrage
SVI-BLK,37,1,dragapult-charizard,Dragapult Charizard,80,208,291,119,40.08,toedscruel-ex,Toedscruel,2,16.67,0,1,1,overall,2026-10-09T06:43:12.860035+00:00,nein,abfrage
SVI-BLK,37,1,dragapult-charizard,Dragapult Charizard,80,208,291,119,40.08,charizard-noctowl,Charizard Noctowl,1,100.0,1,0,0,overall,2026-10-09T06:43:12.860035+00:00,nein,abfrage
SVI-BLK,37,1,dragapult-charizard,Dragapult Charizard,80,208,291,119,40.08,miraidon-eelektrik,Miraidon Eelektrik,1,33.33,0,0,1,overall,2026-10-09T06:43:12.860035+00:00,nein,abfrage
SVI-BLK,37,1,dragapult-charizard,Dragapult Charizard,80,208,291,119,40.08,pidgeot-control,Pidgeot Control,1,0.0,0,1,0,overall,2026-10-09T06:43:12.860035+00:00,nein,abfrage
SVI-BLK,37,1,dragapult-charizard,Dragapult Charizard,80,208,291,119,40.08,iron-thorns-ex,Iron Thorns,1,100.0,1,0,0,overall,2026-10-09T06:43:12.860035+00:00,nein,abfrage
SVI-BLK,37,1,dragapult-charizard,Dragapult Charizard,80,208,291,119,40.08,seaking-pre,Seaking Festival Lead,1,100.0,1,0,0,overall,2026-10-09T06:43:12.860035+00:00,nein,abfrage
SVI-BLK,37,1,dragapult-charizard,Dragapult Charizard,80,208,291,119,40.08,reging-bolt-bellibolt,Raging Bolt Bellibolt,1,100.0,1,0,0,overall,2026-10-09T06:43:12.860035+00:00,nein,abfrage
SVI-BLK,37,1,dragapult-charizard,Dragapult Charizard,80,208,291,119,40.08,dragapult-blaziken,Dragapult Blaziken,1,0.0,0,1,0,overall,2026-10-09T06:43:12.860035+00:00,nein,abfrage
SVI-BLK,37,1,dragapult-charizard,Dragapult Charizard,80,208,291,119,40.08,crustle-dri,Crustle,1,100.0,1,0,0,overall,2026-10-09T06:43:12.860035+00:00,nein,abfrage
SVI-BLK,37,1,dragapult-charizard,Dragapult Charizard,80,208,291,119,40.08,slowking-scr,Slowking,1,0.0,0,1,0,overall,2026-10-09T06:43:12.860035+00:00,nein,abfrage
SVI-BLK,37,1,dragapult-charizard,Dragapult Charizard,80,208,291,119,40.08,gholdengo-dragapult,Gholdengo Dragapult,1,0.0,0,1,0,overall,2026-10-09T06:43:12.860035+00:00,nein,abfrage
SVI-BLK,37,1,dragapult-charizard,Dragapult Charizard,80,208,291,119,40.08,charizard-dragapult,Charizard Dragapult,1,0.0,0,1,0,overall,2026-10-09T06:43:12.860035+00:00,nein,abfrage
SVI-BLK,37,1,dragapult-charizard,Dragapult Charizard,80,208,291,119,40.08,rocket-nidoking-ex,Rocket's Nidoking,1,100.0,1,0,0,overall,2026-10-09T06:43:12.860035+00:00,nein,abfrage
SVI-BLK,37,1,dragapult-charizard,Dragapult Charizard,80,208,291,119,40.08,dragapult-iron-thorns,Dragapult Iron Thorns,1,33.33,0,0,1,overall,2026-10-09T06:43:12.860035+00:00,nein,abfrage
SVI-BLK,37,1,dragapult-charizard,Dragapult Charizard,80,208,291,119,40.08,ogerpon-ex,Ogerpon,1,33.33,0,0,1,overall,2026-10-09T06:43:12.860035+00:00,nein,abfrage
SVI-BLK,37,1,dragapult-dusknoir,Dragapult Dusknoir,229,782,794,357,46.61,raging-bolt-ogerpon,Raging Bolt Ogerpon,269,46.59,106,105,58,overall,2026-10-09T06:43:14.726182+00:00,nein,abfrage
SVI-BLK,37,1,dragapult-dusknoir,Dragapult Dusknoir,229,782,794,357,46.61,gardevoir-ex-sv,Gardevoir,222,38.89,71,105,46,overall,2026-10-09T06:43:14.726182+00:00,nein,abfrage
SVI-BLK,37,1,dragapult-dusknoir,Dragapult Dusknoir,229,782,794,357,46.61,gholdengo-ex,Gholdengo,214,36.45,64,108,42,overall,2026-10-09T06:43:14.726182+00:00,nein,abfrage
SVI-BLK,37,1,dragapult-dusknoir,Dragapult Dusknoir,229,782,794,357,46.61,charizard-pidgeot,Charizard Pidgeot,140,58.57,73,40,27,overall,2026-10-09T06:43:14.726182+00:00,nein,abfrage
SVI-BLK,37,1,dragapult-dusknoir,Dragapult Dusknoir,229,782,794,357,46.61,dragapult-dusknoir,Dragapult Dusknoir,136,47.79,118,118,36,overall,2026-10-09T06:43:14.726182+00:00,ja,abfrage
SVI-BLK,37,1,dragapult-dusknoir,Dragapult Dusknoir,229,782,794,357,46.61,gholdengo-joltik-box,Gholdengo Joltik Box,129,43.67,49,58,22,overall,2026-10-09T06:43:14.726182+00:00,nein,abfrage
SVI-BLK,37,1,dragapult-dusknoir,Dragapult Dusknoir,229,782,794,357,46.61,dragapult-charizard,Dragapult Charizard,80,60.42,44,23,13,overall,2026-10-09T06:43:14.726182+00:00,nein,abfrage
SVI-BLK,37,1,dragapult-dusknoir,Dragapult Dusknoir,229,782,794,357,46.61,grimmsnarl-froslass,Grimmsnarl Froslass,77,41.99,26,32,19,overall,2026-10-09T06:43:14.726182+00:00,nein,abfrage
SVI-BLK,37,1,dragapult-dusknoir,Dragapult Dusknoir,229,782,794,357,46.61,joltik-box,Joltik Box,65,49.74,30,28,7,overall,2026-10-09T06:43:14.726182+00:00,nein,abfrage
SVI-BLK,37,1,dragapult-dusknoir,Dragapult Dusknoir,229,782,794,357,46.61,flareon-noctowl,Flareon Noctowl,51,54.9,25,17,9,overall,2026-10-09T06:43:14.726182+00:00,nein,abfrage
SVI-BLK,37,1,dragapult-dusknoir,Dragapult Dusknoir,229,782,794,357,46.61,ethan-typhlosion,Ethan's Typhlosion,49,64.63,28,10,11,overall,2026-10-09T06:43:14.726182+00:00,nein,abfrage
SVI-BLK,37,1,dragapult-dusknoir,Dragapult Dusknoir,229,782,794,357,46.61,tera-box,Tera Box,47,27.66,10,28,9,overall,2026-10-09T06:43:14.726182+00:00,nein,abfrage
SVI-BLK,37,1,dragapult-dusknoir,Dragapult Dusknoir,229,782,794,357,46.61,dragapult-ex,Dragapult,39,31.62,9,20,10,overall,2026-10-09T06:43:14.726182+00:00,nein,abfrage
SVI-BLK,37,1,dragapult-dusknoir,Dragapult Dusknoir,229,782,794,357,46.61,gardevoir-jellicent,Gardevoir Jellicent,35,38.1,11,17,7,overall,2026-10-09T06:43:14.726182+00:00,nein,abfrage
SVI-BLK,37,1,dragapult-dusknoir,Dragapult Dusknoir,229,782,794,357,46.61,ho-oh-armarouge,Ho-Oh Armarouge,23,40.58,7,9,7,overall,2026-10-09T06:43:14.726182+00:00,nein,abfrage
SVI-BLK,37,1,dragapult-dusknoir,Dragapult Dusknoir,229,782,794,357,46.61,n-zoroark,N's Zoroark,22,50.0,9,7,6,overall,2026-10-09T06:43:14.726182+00:00,nein,abfrage
SVI-BLK,37,1,dragapult-dusknoir,Dragapult Dusknoir,229,782,794,357,46.61,cynthia-garchomp-ex,Cynthia's Garchomp,18,62.96,11,6,1,overall,2026-10-09T06:43:14.726182+00:00,nein,abfrage
SVI-BLK,37,1,dragapult-dusknoir,Dragapult Dusknoir,229,782,794,357,46.61,blissey-ex,Blissey,10,56.67,5,3,2,overall,2026-10-09T06:43:14.726182+00:00,nein,abfrage
SVI-BLK,37,1,dragapult-dusknoir,Dragapult Dusknoir,229,782,794,357,46.61,ceruledge-ex,Ceruledge,9,51.85,4,3,2,overall,2026-10-09T06:43:14.726182+00:00,nein,abfrage
SVI-BLK,37,1,dragapult-dusknoir,Dragapult Dusknoir,229,782,794,357,46.61,charizard-noctowl,Charizard Noctowl,9,40.74,3,4,2,overall,2026-10-09T06:43:14.726182+00:00,nein,abfrage
SVI-BLK,37,1,dragapult-dusknoir,Dragapult Dusknoir,229,782,794,357,46.61,hydreigon-ex,Hydreigon,8,62.5,5,3,0,overall,2026-10-09T06:43:14.726182+00:00,nein,abfrage
SVI-BLK,37,1,dragapult-dusknoir,Dragapult Dusknoir,229,782,794,357,46.61,toedscruel-ex,Toedscruel,8,58.33,4,2,2,overall,2026-10-09T06:43:14.726182+00:00,nein,abfrage
SVI-BLK,37,1,dragapult-dusknoir,Dragapult Dusknoir,229,782,794,357,46.61,other,Other,8,66.67,5,2,1,overall,2026-10-09T06:43:14.726182+00:00,nein,abfrage
SVI-BLK,37,1,dragapult-dusknoir,Dragapult Dusknoir,229,782,794,357,46.61,archaludon-ex,Archaludon,7,38.1,2,3,2,overall,2026-10-09T06:43:14.726182+00:00,nein,abfrage
SVI-BLK,37,1,dragapult-dusknoir,Dragapult Dusknoir,229,782,794,357,46.61,ogerpon-ex,Ogerpon,6,11.11,0,4,2,overall,2026-10-09T06:43:14.726182+00:00,nein,abfrage
SVI-BLK,37,1,dragapult-dusknoir,Dragapult Dusknoir,229,782,794,357,46.61,roaring-moon-ex,Roaring Moon,6,50.0,3,3,0,overall,2026-10-09T06:43:14.726182+00:00,nein,abfrage
SVI-BLK,37,1,dragapult-dusknoir,Dragapult Dusknoir,229,782,794,357,46.61,festival-lead,Festival Lead,6,66.67,4,2,0,overall,2026-10-09T06:43:14.726182+00:00,nein,abfrage
SVI-BLK,37,1,dragapult-dusknoir,Dragapult Dusknoir,229,782,794,357,46.61,rocket-mewtwo-ex,Rocket's Mewtwo,6,55.56,3,2,1,overall,2026-10-09T06:43:14.726182+00:00,nein,abfrage
SVI-BLK,37,1,dragapult-dusknoir,Dragapult Dusknoir,229,782,794,357,46.61,miraidon-eelektrik,Miraidon Eelektrik,6,38.89,2,3,1,overall,2026-10-09T06:43:14.726182+00:00,nein,abfrage
SVI-BLK,37,1,dragapult-dusknoir,Dragapult Dusknoir,229,782,794,357,46.61,mamoswine-ex,Mamoswine,5,66.67,3,1,1,overall,2026-10-09T06:43:14.726182+00:00,nein,abfrage
SVI-BLK,37,1,dragapult-dusknoir,Dragapult Dusknoir,229,782,794,357,46.61,palafin-ex,Palafin,5,100.0,5,0,0,overall,2026-10-09T06:43:14.726182+00:00,nein,abfrage
SVI-BLK,37,1,dragapult-dusknoir,Dragapult Dusknoir,229,782,794,357,46.61,crustle-dri,Crustle,5,66.67,3,1,1,overall,2026-10-09T06:43:14.726182+00:00,nein,abfrage
SVI-BLK,37,1,dragapult-dusknoir,Dragapult Dusknoir,229,782,794,357,46.61,froslass-munkidori,Froslass Munkidori,5,73.33,3,0,2,overall,2026-10-09T06:43:14.726182+00:00,nein,abfrage
SVI-BLK,37,1,dragapult-dusknoir,Dragapult Dusknoir,229,782,794,357,46.61,espathra-froslass,Espathra Froslass,4,75.0,3,1,0,overall,2026-10-09T06:43:14.726182+00:00,nein,abfrage
SVI-BLK,37,1,dragapult-dusknoir,Dragapult Dusknoir,229,782,794,357,46.61,tinkaton-ex,Tinkaton,4,50.0,2,2,0,overall,2026-10-09T06:43:14.726182+00:00,nein,abfrage
SVI-BLK,37,1,dragapult-dusknoir,Dragapult Dusknoir,229,782,794,357,46.61,pidgeot-control,Pidgeot Control,4,33.33,1,2,1,overall,2026-10-09T06:43:14.726182+00:00,nein,abfrage
SVI-BLK,37,1,dragapult-dusknoir,Dragapult Dusknoir,229,782,794,357,46.61,reging-bolt-bellibolt,Raging Bolt Bellibolt,3,44.44,1,1,1,overall,2026-10-09T06:43:14.726182+00:00,nein,abfrage
SVI-BLK,37,1,dragapult-dusknoir,Dragapult Dusknoir,229,782,794,357,46.61,charizard-dusknoir,Charizard Dusknoir,3,100.0,3,0,0,overall,2026-10-09T06:43:14.726182+00:00,nein,abfrage
SVI-BLK,37,1,dragapult-dusknoir,Dragapult Dusknoir,229,782,794,357,46.61,farigiraf-milotic,Farigiraf Milotic,3,77.78,2,0,1,overall,2026-10-09T06:43:14.726182+00:00,nein,abfrage
SVI-BLK,37,1,dragapult-dusknoir,Dragapult Dusknoir,229,782,794,357,46.61,slowking-scr,Slowking,3,100.0,3,0,0,overall,2026-10-09T06:43:14.726182+00:00,nein,abfrage
SVI-BLK,37,1,dragapult-dusknoir,Dragapult Dusknoir,229,782,794,357,46.61,spidops-ex,Spidops,3,100.0,3,0,0,overall,2026-10-09T06:43:14.726182+00:00,nein,abfrage
SVI-BLK,37,1,dragapult-dusknoir,Dragapult Dusknoir,229,782,794,357,46.61,ethan-magcargo,Ethan's Magcargo,3,33.33,1,2,0,overall,2026-10-09T06:43:14.726182+00:00,nein,abfrage
SVI-BLK,37,1,dragapult-dusknoir,Dragapult Dusknoir,229,782,794,357,46.61,miraidon-ex,Miraidon,3,100.0,3,0,0,overall,2026-10-09T06:43:14.726182+00:00,nein,abfrage
SVI-BLK,37,1,dragapult-dusknoir,Dragapult Dusknoir,229,782,794,357,46.61,sinistcha-ogerpon,Sinistcha Ogerpon,2,66.67,1,0,1,overall,2026-10-09T06:43:14.726182+00:00,nein,abfrage
SVI-BLK,37,1,dragapult-dusknoir,Dragapult Dusknoir,229,782,794,357,46.61,flareon-ex,Flareon,2,16.67,0,1,1,overall,2026-10-09T06:43:14.726182+00:00,nein,abfrage
SVI-BLK,37,1,dragapult-dusknoir,Dragapult Dusknoir,229,782,794,357,46.61,okidogi-ex,Okidogi,2,66.67,1,0,1,overall,2026-10-09T06:43:14.726182+00:00,nein,abfrage
SVI-BLK,37,1,dragapult-dusknoir,Dragapult Dusknoir,229,782,794,357,46.61,gholdengo-dragapult,Gholdengo Dragapult,2,16.67,0,1,1,overall,2026-10-09T06:43:14.726182+00:00,nein,abfrage
SVI-BLK,37,1,dragapult-dusknoir,Dragapult Dusknoir,229,782,794,357,46.61,rocket-spidops,Rocket's Spidops,2,50.0,1,1,0,overall,2026-10-09T06:43:14.726182+00:00,nein,abfrage
SVI-BLK,37,1,dragapult-dusknoir,Dragapult Dusknoir,229,782,794,357,46.61,terapagos-noctowl,Terapagos Noctowl,1,0.0,0,1,0,overall,2026-10-09T06:43:14.726182+00:00,nein,abfrage
SVI-BLK,37,1,dragapult-dusknoir,Dragapult Dusknoir,229,782,794,357,46.61,chien-pao-baxcalibur,Chien-Pao Baxcalibur,1,100.0,1,0,0,overall,2026-10-09T06:43:14.726182+00:00,nein,abfrage
SVI-BLK,37,1,dragapult-dusknoir,Dragapult Dusknoir,229,782,794,357,46.61,farigiraf-ex,Farigiraf,1,100.0,1,0,0,overall,2026-10-09T06:43:14.726182+00:00,nein,abfrage
SVI-BLK,37,1,dragapult-dusknoir,Dragapult Dusknoir,229,782,794,357,46.61,dragapult-blaziken,Dragapult Blaziken,1,100.0,1,0,0,overall,2026-10-09T06:43:14.726182+00:00,nein,abfrage
SVI-BLK,37,1,dragapult-dusknoir,Dragapult Dusknoir,229,782,794,357,46.61,rocket-nidoking-ex,Rocket's Nidoking,1,100.0,1,0,0,overall,2026-10-09T06:43:14.726182+00:00,nein,abfrage
SVI-BLK,37,1,dragapult-dusknoir,Dragapult Dusknoir,229,782,794,357,46.61,hop-zacian,Hop's Zacian,1,100.0,1,0,0,overall,2026-10-09T06:43:14.726182+00:00,nein,abfrage
SVI-BLK,37,1,dragapult-dusknoir,Dragapult Dusknoir,229,782,794,357,46.61,azumarill-ssp,Azumarill,1,0.0,0,1,0,overall,2026-10-09T06:43:14.726182+00:00,nein,abfrage
SVI-BLK,37,1,dragapult-dusknoir,Dragapult Dusknoir,229,782,794,357,46.61,greninja-blaziken,Greninja Blaziken,1,33.33,0,0,1,overall,2026-10-09T06:43:14.726182+00:00,nein,abfrage
SVI-BLK,37,1,dragapult-dusknoir,Dragapult Dusknoir,229,782,794,357,46.61,marnie-grimmsnarl-ex,Marnie's Grimmsnarl,1,0.0,0,1,0,overall,2026-10-09T06:43:14.726182+00:00,nein,abfrage
SVI-BLK,37,1,dragapult-dusknoir,Dragapult Dusknoir,229,782,794,357,46.61,conkeldurr-twm,Conkeldurr,1,100.0,1,0,0,overall,2026-10-09T06:43:14.726182+00:00,nein,abfrage
SVI-BLK,37,1,dragapult-dusknoir,Dragapult Dusknoir,229,782,794,357,46.61,iron-thorns-ex,Iron Thorns,1,0.0,0,1,0,overall,2026-10-09T06:43:14.726182+00:00,nein,abfrage
SVI-BLK,37,1,dragapult-ex,Dragapult,39,125,122,63,47.1,raging-bolt-ogerpon,Raging Bolt Ogerpon,49,41.5,17,22,10,overall,2026-10-09T06:43:16.553125+00:00,nein,abfrage
SVI-BLK,37,1,dragapult-ex,Dragapult,39,125,122,63,47.1,dragapult-dusknoir,Dragapult Dusknoir,39,59.83,20,9,10,overall,2026-10-09T06:43:16.553125+00:00,nein,abfrage
SVI-BLK,37,1,dragapult-ex,Dragapult,39,125,122,63,47.1,gholdengo-ex,Gholdengo,38,56.14,18,10,10,overall,2026-10-09T06:43:16.553125+00:00,nein,abfrage
SVI-BLK,37,1,dragapult-ex,Dragapult,39,125,122,63,47.1,gardevoir-ex-sv,Gardevoir,34,39.22,11,16,7,overall,2026-10-09T06:43:16.553125+00:00,nein,abfrage
SVI-BLK,37,1,dragapult-ex,Dragapult,39,125,122,63,47.1,gholdengo-joltik-box,Gholdengo Joltik Box,23,46.38,9,9,5,overall,2026-10-09T06:43:16.553125+00:00,nein,abfrage
SVI-BLK,37,1,dragapult-ex,Dragapult,39,125,122,63,47.1,grimmsnarl-froslass,Grimmsnarl Froslass,20,31.67,6,13,1,overall,2026-10-09T06:43:16.553125+00:00,nein,abfrage
SVI-BLK,37,1,dragapult-ex,Dragapult,39,125,122,63,47.1,dragapult-charizard,Dragapult Charizard,15,77.78,11,2,2,overall,2026-10-09T06:43:16.553125+00:00,nein,abfrage
SVI-BLK,37,1,dragapult-ex,Dragapult,39,125,122,63,47.1,ethan-typhlosion,Ethan's Typhlosion,13,53.85,6,4,3,overall,2026-10-09T06:43:16.553125+00:00,nein,abfrage
SVI-BLK,37,1,dragapult-ex,Dragapult,39,125,122,63,47.1,charizard-pidgeot,Charizard Pidgeot,12,69.44,8,3,1,overall,2026-10-09T06:43:16.553125+00:00,nein,abfrage
SVI-BLK,37,1,dragapult-ex,Dragapult,39,125,122,63,47.1,joltik-box,Joltik Box,12,41.67,3,3,6,overall,2026-10-09T06:43:16.553125+00:00,nein,abfrage
SVI-BLK,37,1,dragapult-ex,Dragapult,39,125,122,63,47.1,tera-box,Tera Box,8,4.17,0,7,1,overall,2026-10-09T06:43:16.553125+00:00,nein,abfrage
SVI-BLK,37,1,dragapult-ex,Dragapult,39,125,122,63,47.1,flareon-noctowl,Flareon Noctowl,6,27.78,1,3,2,overall,2026-10-09T06:43:16.553125+00:00,nein,abfrage
SVI-BLK,37,1,dragapult-ex,Dragapult,39,125,122,63,47.1,ho-oh-armarouge,Ho-Oh Armarouge,5,6.67,0,4,1,overall,2026-10-09T06:43:16.553125+00:00,nein,abfrage
SVI-BLK,37,1,dragapult-ex,Dragapult,39,125,122,63,47.1,gardevoir-jellicent,Gardevoir Jellicent,4,8.33,0,3,1,overall,2026-10-09T06:43:16.553125+00:00,nein,abfrage
SVI-BLK,37,1,dragapult-ex,Dragapult,39,125,122,63,47.1,n-zoroark,N's Zoroark,4,25.0,1,3,0,overall,2026-10-09T06:43:16.553125+00:00,nein,abfrage
SVI-BLK,37,1,dragapult-ex,Dragapult,39,125,122,63,47.1,hop-zacian,Hop's Zacian,3,100.0,3,0,0,overall,2026-10-09T06:43:16.553125+00:00,nein,abfrage
SVI-BLK,37,1,dragapult-ex,Dragapult,39,125,122,63,47.1,charizard-noctowl,Charizard Noctowl,2,66.67,1,0,1,overall,2026-10-09T06:43:16.553125+00:00,nein,abfrage
SVI-BLK,37,1,dragapult-ex,Dragapult,39,125,122,63,47.1,ogerpon-ex,Ogerpon,2,100.0,2,0,0,overall,2026-10-09T06:43:16.553125+00:00,nein,abfrage
SVI-BLK,37,1,dragapult-ex,Dragapult,39,125,122,63,47.1,azumarill-ssp,Azumarill,2,66.67,1,0,1,overall,2026-10-09T06:43:16.553125+00:00,nein,abfrage
SVI-BLK,37,1,dragapult-ex,Dragapult,39,125,122,63,47.1,cynthia-garchomp-ex,Cynthia's Garchomp,2,100.0,2,0,0,overall,2026-10-09T06:43:16.553125+00:00,nein,abfrage
SVI-BLK,37,1,dragapult-ex,Dragapult,39,125,122,63,47.1,froslass-munkidori,Froslass Munkidori,1,33.33,0,0,1,overall,2026-10-09T06:43:16.553125+00:00,nein,abfrage
SVI-BLK,37,1,dragapult-ex,Dragapult,39,125,122,63,47.1,crustle-dri,Crustle,1,0.0,0,1,0,overall,2026-10-09T06:43:16.553125+00:00,nein,abfrage
SVI-BLK,37,1,dragapult-ex,Dragapult,39,125,122,63,47.1,archaludon-ex,Archaludon,1,0.0,0,1,0,overall,2026-10-09T06:43:16.553125+00:00,nein,abfrage
SVI-BLK,37,1,dragapult-ex,Dragapult,39,125,122,63,47.1,okidogi-ex,Okidogi,1,100.0,1,0,0,overall,2026-10-09T06:43:16.553125+00:00,nein,abfrage
SVI-BLK,37,1,dragapult-ex,Dragapult,39,125,122,63,47.1,festival-lead,Festival Lead,1,100.0,1,0,0,overall,2026-10-09T06:43:16.553125+00:00,nein,abfrage
SVI-BLK,37,1,dragapult-ex,Dragapult,39,125,122,63,47.1,greninja-blaziken,Greninja Blaziken,1,100.0,1,0,0,overall,2026-10-09T06:43:16.553125+00:00,nein,abfrage
SVI-BLK,37,1,dragapult-ex,Dragapult,39,125,122,63,47.1,toedscruel-ex,Toedscruel,1,100.0,1,0,0,overall,2026-10-09T06:43:16.553125+00:00,nein,abfrage
SVI-BLK,37,1,dragapult-ex,Dragapult,39,125,122,63,47.1,farigiraf-ex,Farigiraf,1,0.0,0,1,0,overall,2026-10-09T06:43:16.553125+00:00,nein,abfrage
SVI-BLK,37,1,dragapult-ex,Dragapult,39,125,122,63,47.1,other,Other,1,0.0,0,1,0,overall,2026-10-09T06:43:16.553125+00:00,nein,abfrage
SVI-BLK,37,1,dragapult-ex,Dragapult,39,125,122,63,47.1,hydreigon-ex,Hydreigon,1,0.0,0,1,0,overall,2026-10-09T06:43:16.553125+00:00,nein,abfrage
SVI-BLK,37,1,dragapult-ex,Dragapult,39,125,122,63,47.1,charizard-dusknoir,Charizard Dusknoir,1,0.0,0,1,0,overall,2026-10-09T06:43:16.553125+00:00,nein,abfrage
SVI-BLK,37,1,dragapult-ex,Dragapult,39,125,122,63,47.1,conkeldurr-twm,Conkeldurr,1,100.0,1,0,0,overall,2026-10-09T06:43:16.553125+00:00,nein,abfrage
SVI-BLK,37,1,dragapult-iron-thorns,Dragapult Iron Thorns,1,1,4,3,25.0,gardevoir-ex-sv,Gardevoir,2,0.0,0,2,0,overall,2026-10-09T06:43:18.364754+00:00,nein,abfrage
SVI-BLK,37,1,dragapult-iron-thorns,Dragapult Iron Thorns,1,1,4,3,25.0,grimmsnarl-froslass,Grimmsnarl Froslass,2,50.0,1,1,0,overall,2026-10-09T06:43:18.364754+00:00,nein,abfrage
SVI-BLK,37,1,dragapult-iron-thorns,Dragapult Iron Thorns,1,1,4,3,25.0,raging-bolt-ogerpon,Raging Bolt Ogerpon,1,0.0,0,1,0,overall,2026-10-09T06:43:18.364754+00:00,nein,abfrage
SVI-BLK,37,1,dragapult-iron-thorns,Dragapult Iron Thorns,1,1,4,3,25.0,gholdengo-ex,Gholdengo,1,33.33,0,0,1,overall,2026-10-09T06:43:18.364754+00:00,nein,abfrage
SVI-BLK,37,1,dragapult-iron-thorns,Dragapult Iron Thorns,1,1,4,3,25.0,charizard-pidgeot,Charizard Pidgeot,1,33.33,0,0,1,overall,2026-10-09T06:43:18.364754+00:00,nein,abfrage
SVI-BLK,37,1,dragapult-iron-thorns,Dragapult Iron Thorns,1,1,4,3,25.0,dragapult-charizard,Dragapult Charizard,1,33.33,0,0,1,overall,2026-10-09T06:43:18.364754+00:00,nein,abfrage
SVI-BLK,37,1,dudunsparce-control,Dudunsparce Control,1,4,3,1,54.17,gardevoir-ex-sv,Gardevoir,3,44.44,1,1,1,overall,2026-10-09T06:43:20.181030+00:00,nein,abfrage
SVI-BLK,37,1,dudunsparce-control,Dudunsparce Control,1,4,3,1,54.17,gholdengo-ex,Gholdengo,2,50.0,1,1,0,overall,2026-10-09T06:43:20.181030+00:00,nein,abfrage
SVI-BLK,37,1,dudunsparce-control,Dudunsparce Control,1,4,3,1,54.17,n-zoroark,N's Zoroark,1,100.0,1,0,0,overall,2026-10-09T06:43:20.181030+00:00,nein,abfrage
SVI-BLK,37,1,dudunsparce-control,Dudunsparce Control,1,4,3,1,54.17,blissey-ex,Blissey,1,0.0,0,1,0,overall,2026-10-09T06:43:20.181030+00:00,nein,abfrage
SVI-BLK,37,1,dudunsparce-control,Dudunsparce Control,1,4,3,1,54.17,charizard-pidgeot,Charizard Pidgeot,1,100.0,1,0,0,overall,2026-10-09T06:43:20.181030+00:00,nein,abfrage
SVI-BLK,37,1,espathra-froslass,Espathra Froslass,1,4,4,0,50.0,dragapult-dusknoir,Dragapult Dusknoir,4,25.0,1,3,0,overall,2026-10-09T06:43:22.006362+00:00,nein,abfrage
SVI-BLK,37,1,espathra-froslass,Espathra Froslass,1,4,4,0,50.0,raging-bolt-ogerpon,Raging Bolt Ogerpon,2,100.0,2,0,0,overall,2026-10-09T06:43:22.006362+00:00,nein,abfrage
SVI-BLK,37,1,espathra-froslass,Espathra Froslass,1,4,4,0,50.0,gholdengo-joltik-box,Gholdengo Joltik Box,1,0.0,0,1,0,overall,2026-10-09T06:43:22.006362+00:00,nein,abfrage
SVI-BLK,37,1,espathra-froslass,Espathra Froslass,1,4,4,0,50.0,gholdengo-ex,Gholdengo,1,100.0,1,0,0,overall,2026-10-09T06:43:22.006362+00:00,nein,abfrage
SVI-BLK,37,1,espathra-xatu,Espathra Xatu,1,3,3,2,45.83,gholdengo-joltik-box,Gholdengo Joltik Box,2,66.67,1,0,1,overall,2026-10-09T06:43:23.818133+00:00,nein,abfrage
SVI-BLK,37,1,espathra-xatu,Espathra Xatu,1,3,3,2,45.83,dragapult-charizard,Dragapult Charizard,2,16.67,0,1,1,overall,2026-10-09T06:43:23.818133+00:00,nein,abfrage
SVI-BLK,37,1,espathra-xatu,Espathra Xatu,1,3,3,2,45.83,roaring-moon-ex,Roaring Moon,1,0.0,0,1,0,overall,2026-10-09T06:43:23.818133+00:00,nein,abfrage
SVI-BLK,37,1,espathra-xatu,Espathra Xatu,1,3,3,2,45.83,ethan-typhlosion,Ethan's Typhlosion,1,0.0,0,1,0,overall,2026-10-09T06:43:23.818133+00:00,nein,abfrage
SVI-BLK,37,1,espathra-xatu,Espathra Xatu,1,3,3,2,45.83,gardevoir-ex-sv,Gardevoir,1,100.0,1,0,0,overall,2026-10-09T06:43:23.818133+00:00,nein,abfrage
SVI-BLK,37,1,espathra-xatu,Espathra Xatu,1,3,3,2,45.83,grimmsnarl-froslass,Grimmsnarl Froslass,1,100.0,1,0,0,overall,2026-10-09T06:43:23.818133+00:00,nein,abfrage
SVI-BLK,37,1,ethan-magcargo,Ethan's Magcargo,2,5,6,2,43.59,dragapult-dusknoir,Dragapult Dusknoir,3,66.67,2,1,0,overall,2026-10-09T06:43:25.632793+00:00,nein,abfrage
SVI-BLK,37,1,ethan-magcargo,Ethan's Magcargo,2,5,6,2,43.59,raging-bolt-ogerpon,Raging Bolt Ogerpon,3,22.22,0,1,2,overall,2026-10-09T06:43:25.632793+00:00,nein,abfrage
SVI-BLK,37,1,ethan-magcargo,Ethan's Magcargo,2,5,6,2,43.59,gholdengo-ex,Gholdengo,2,50.0,1,1,0,overall,2026-10-09T06:43:25.632793+00:00,nein,abfrage
SVI-BLK,37,1,ethan-magcargo,Ethan's Magcargo,2,5,6,2,43.59,gholdengo-joltik-box,Gholdengo Joltik Box,1,0.0,0,1,0,overall,2026-10-09T06:43:25.632793+00:00,nein,abfrage
SVI-BLK,37,1,ethan-magcargo,Ethan's Magcargo,2,5,6,2,43.59,ceruledge-ex,Ceruledge,1,0.0,0,1,0,overall,2026-10-09T06:43:25.632793+00:00,nein,abfrage
SVI-BLK,37,1,ethan-magcargo,Ethan's Magcargo,2,5,6,2,43.59,ho-oh-armarouge,Ho-Oh Armarouge,1,100.0,1,0,0,overall,2026-10-09T06:43:25.632793+00:00,nein,abfrage
SVI-BLK,37,1,ethan-magcargo,Ethan's Magcargo,2,5,6,2,43.59,other,Other,1,0.0,0,1,0,overall,2026-10-09T06:43:25.632793+00:00,nein,abfrage
SVI-BLK,37,1,ethan-magcargo,Ethan's Magcargo,2,5,6,2,43.59,ethan-typhlosion,Ethan's Typhlosion,1,100.0,1,0,0,overall,2026-10-09T06:43:25.632793+00:00,nein,abfrage
SVI-BLK,37,1,ethan-typhlosion,Ethan's Typhlosion,40,118,143,66,42.81,dragapult-dusknoir,Dragapult Dusknoir,49,27.89,10,28,11,overall,2026-10-09T06:43:27.444106+00:00,nein,abfrage
SVI-BLK,37,1,ethan-typhlosion,Ethan's Typhlosion,40,118,143,66,42.81,raging-bolt-ogerpon,Raging Bolt Ogerpon,47,41.13,15,19,13,overall,2026-10-09T06:43:27.444106+00:00,nein,abfrage
SVI-BLK,37,1,ethan-typhlosion,Ethan's Typhlosion,40,118,143,66,42.81,gholdengo-ex,Gholdengo,40,77.5,30,7,3,overall,2026-10-09T06:43:27.444106+00:00,nein,abfrage
SVI-BLK,37,1,ethan-typhlosion,Ethan's Typhlosion,40,118,143,66,42.81,gardevoir-ex-sv,Gardevoir,32,31.25,8,18,6,overall,2026-10-09T06:43:27.444106+00:00,nein,abfrage
SVI-BLK,37,1,ethan-typhlosion,Ethan's Typhlosion,40,118,143,66,42.81,charizard-pidgeot,Charizard Pidgeot,27,28.4,4,12,11,overall,2026-10-09T06:43:27.444106+00:00,nein,abfrage
SVI-BLK,37,1,ethan-typhlosion,Ethan's Typhlosion,40,118,143,66,42.81,gholdengo-joltik-box,Gholdengo Joltik Box,20,58.33,11,7,2,overall,2026-10-09T06:43:27.444106+00:00,nein,abfrage
SVI-BLK,37,1,ethan-typhlosion,Ethan's Typhlosion,40,118,143,66,42.81,dragapult-charizard,Dragapult Charizard,18,31.48,4,9,5,overall,2026-10-09T06:43:27.444106+00:00,nein,abfrage
SVI-BLK,37,1,ethan-typhlosion,Ethan's Typhlosion,40,118,143,66,42.81,grimmsnarl-froslass,Grimmsnarl Froslass,14,38.1,4,6,4,overall,2026-10-09T06:43:27.444106+00:00,nein,abfrage
SVI-BLK,37,1,ethan-typhlosion,Ethan's Typhlosion,40,118,143,66,42.81,dragapult-ex,Dragapult,13,38.46,4,6,3,overall,2026-10-09T06:43:27.444106+00:00,nein,abfrage
SVI-BLK,37,1,ethan-typhlosion,Ethan's Typhlosion,40,118,143,66,42.81,joltik-box,Joltik Box,10,50.0,4,3,3,overall,2026-10-09T06:43:27.444106+00:00,nein,abfrage
SVI-BLK,37,1,ethan-typhlosion,Ethan's Typhlosion,40,118,143,66,42.81,n-zoroark,N's Zoroark,7,33.33,2,4,1,overall,2026-10-09T06:43:27.444106+00:00,nein,abfrage
SVI-BLK,37,1,ethan-typhlosion,Ethan's Typhlosion,40,118,143,66,42.81,ho-oh-armarouge,Ho-Oh Armarouge,4,25.0,1,3,0,overall,2026-10-09T06:43:27.444106+00:00,nein,abfrage
SVI-BLK,37,1,ethan-typhlosion,Ethan's Typhlosion,40,118,143,66,42.81,tera-box,Tera Box,4,75.0,3,1,0,overall,2026-10-09T06:43:27.444106+00:00,nein,abfrage
SVI-BLK,37,1,ethan-typhlosion,Ethan's Typhlosion,40,118,143,66,42.81,gardevoir-jellicent,Gardevoir Jellicent,4,0.0,0,4,0,overall,2026-10-09T06:43:27.444106+00:00,nein,abfrage
SVI-BLK,37,1,ethan-typhlosion,Ethan's Typhlosion,40,118,143,66,42.81,ethan-typhlosion,Ethan's Typhlosion,3,50.0,3,3,0,overall,2026-10-09T06:43:27.444106+00:00,ja,abfrage
SVI-BLK,37,1,ethan-typhlosion,Ethan's Typhlosion,40,118,143,66,42.81,hydreigon-ex,Hydreigon,3,44.44,1,1,1,overall,2026-10-09T06:43:27.444106+00:00,nein,abfrage
SVI-BLK,37,1,ethan-typhlosion,Ethan's Typhlosion,40,118,143,66,42.81,festival-lead,Festival Lead,3,33.33,1,2,0,overall,2026-10-09T06:43:27.444106+00:00,nein,abfrage
SVI-BLK,37,1,ethan-typhlosion,Ethan's Typhlosion,40,118,143,66,42.81,flareon-noctowl,Flareon Noctowl,3,33.33,1,2,0,overall,2026-10-09T06:43:27.444106+00:00,nein,abfrage
SVI-BLK,37,1,ethan-typhlosion,Ethan's Typhlosion,40,118,143,66,42.81,charizard-noctowl,Charizard Noctowl,2,50.0,1,1,0,overall,2026-10-09T06:43:27.444106+00:00,nein,abfrage
SVI-BLK,37,1,ethan-typhlosion,Ethan's Typhlosion,40,118,143,66,42.81,crustle-dri,Crustle,1,100.0,1,0,0,overall,2026-10-09T06:43:27.444106+00:00,nein,abfrage
SVI-BLK,37,1,ethan-typhlosion,Ethan's Typhlosion,40,118,143,66,42.81,miraidon-ex,Miraidon,1,100.0,1,0,0,overall,2026-10-09T06:43:27.444106+00:00,nein,abfrage
SVI-BLK,37,1,ethan-typhlosion,Ethan's Typhlosion,40,118,143,66,42.81,iron-thorns-ex,Iron Thorns,1,100.0,1,0,0,overall,2026-10-09T06:43:27.444106+00:00,nein,abfrage
SVI-BLK,37,1,ethan-typhlosion,Ethan's Typhlosion,40,118,143,66,42.81,rocket-mewtwo-ex,Rocket's Mewtwo,1,33.33,0,0,1,overall,2026-10-09T06:43:27.444106+00:00,nein,abfrage
SVI-BLK,37,1,ethan-typhlosion,Ethan's Typhlosion,40,118,143,66,42.81,espathra-xatu,Espathra Xatu,1,100.0,1,0,0,overall,2026-10-09T06:43:27.444106+00:00,nein,abfrage
SVI-BLK,37,1,ethan-typhlosion,Ethan's Typhlosion,40,118,143,66,42.81,gholdengo-dragapult,Gholdengo Dragapult,1,33.33,0,0,1,overall,2026-10-09T06:43:27.444106+00:00,nein,abfrage
SVI-BLK,37,1,ethan-typhlosion,Ethan's Typhlosion,40,118,143,66,42.81,blissey-ex,Blissey,1,0.0,0,1,0,overall,2026-10-09T06:43:27.444106+00:00,nein,abfrage
SVI-BLK,37,1,ethan-typhlosion,Ethan's Typhlosion,40,118,143,66,42.81,okidogi-ex,Okidogi,1,100.0,1,0,0,overall,2026-10-09T06:43:27.444106+00:00,nein,abfrage
SVI-BLK,37,1,ethan-typhlosion,Ethan's Typhlosion,40,118,143,66,42.81,chien-pao-baxcalibur,Chien-Pao Baxcalibur,1,0.0,0,1,0,overall,2026-10-09T06:43:27.444106+00:00,nein,abfrage
SVI-BLK,37,1,ethan-typhlosion,Ethan's Typhlosion,40,118,143,66,42.81,toedscruel-ex,Toedscruel,1,100.0,1,0,0,overall,2026-10-09T06:43:27.444106+00:00,nein,abfrage
SVI-BLK,37,1,ethan-typhlosion,Ethan's Typhlosion,40,118,143,66,42.81,ogerpon-ex,Ogerpon,1,100.0,1,0,0,overall,2026-10-09T06:43:27.444106+00:00,nein,abfrage
SVI-BLK,37,1,ethan-typhlosion,Ethan's Typhlosion,40,118,143,66,42.81,marnie-grimmsnarl-ex,Marnie's Grimmsnarl,1,100.0,1,0,0,overall,2026-10-09T06:43:27.444106+00:00,nein,abfrage
SVI-BLK,37,1,ethan-typhlosion,Ethan's Typhlosion,40,118,143,66,42.81,cynthia-garchomp-ex,Cynthia's Garchomp,1,0.0,0,1,0,overall,2026-10-09T06:43:27.444106+00:00,nein,abfrage
SVI-BLK,37,1,ethan-typhlosion,Ethan's Typhlosion,40,118,143,66,42.81,ethan-magcargo,Ethan's Magcargo,1,0.0,0,1,0,overall,2026-10-09T06:43:27.444106+00:00,nein,abfrage
SVI-BLK,37,1,ethan-typhlosion,Ethan's Typhlosion,40,118,143,66,42.81,other,Other,1,100.0,1,0,0,overall,2026-10-09T06:43:27.444106+00:00,nein,abfrage
SVI-BLK,37,1,ethan-typhlosion,Ethan's Typhlosion,40,118,143,66,42.81,hop-zacian,Hop's Zacian,1,100.0,1,0,0,overall,2026-10-09T06:43:27.444106+00:00,nein,abfrage
SVI-BLK,37,1,ethan-typhlosion,Ethan's Typhlosion,40,118,143,66,42.81,okidogi-twm,Okidogi,1,33.33,0,0,1,overall,2026-10-09T06:43:27.444106+00:00,nein,abfrage
SVI-BLK,37,1,farigiraf-ex,Farigiraf,1,2,2,2,44.44,gholdengo-ex,Gholdengo,3,44.44,1,1,1,overall,2026-10-09T06:43:29.255942+00:00,nein,abfrage
SVI-BLK,37,1,farigiraf-ex,Farigiraf,1,2,2,2,44.44,raging-bolt-ogerpon,Raging Bolt Ogerpon,1,33.33,0,0,1,overall,2026-10-09T06:43:29.255942+00:00,nein,abfrage
SVI-BLK,37,1,farigiraf-ex,Farigiraf,1,2,2,2,44.44,dragapult-dusknoir,Dragapult Dusknoir,1,0.0,0,1,0,overall,2026-10-09T06:43:29.255942+00:00,nein,abfrage
SVI-BLK,37,1,farigiraf-ex,Farigiraf,1,2,2,2,44.44,dragapult-ex,Dragapult,1,100.0,1,0,0,overall,2026-10-09T06:43:29.255942+00:00,nein,abfrage
SVI-BLK,37,1,farigiraf-milotic,Farigiraf Milotic,2,5,6,2,43.59,charizard-pidgeot,Charizard Pidgeot,3,66.67,2,1,0,overall,2026-10-09T06:43:31.052431+00:00,nein,abfrage
SVI-BLK,37,1,farigiraf-milotic,Farigiraf Milotic,2,5,6,2,43.59,dragapult-dusknoir,Dragapult Dusknoir,3,11.11,0,2,1,overall,2026-10-09T06:43:31.052431+00:00,nein,abfrage
SVI-BLK,37,1,farigiraf-milotic,Farigiraf Milotic,2,5,6,2,43.59,raging-bolt-ogerpon,Raging Bolt Ogerpon,2,100.0,2,0,0,overall,2026-10-09T06:43:31.052431+00:00,nein,abfrage
SVI-BLK,37,1,farigiraf-milotic,Farigiraf Milotic,2,5,6,2,43.59,gholdengo-joltik-box,Gholdengo Joltik Box,2,0.0,0,2,0,overall,2026-10-09T06:43:31.052431+00:00,nein,abfrage
SVI-BLK,37,1,farigiraf-milotic,Farigiraf Milotic,2,5,6,2,43.59,rocket-spidops,Rocket's Spidops,1,33.33,0,0,1,overall,2026-10-09T06:43:31.052431+00:00,nein,abfrage
SVI-BLK,37,1,farigiraf-milotic,Farigiraf Milotic,2,5,6,2,43.59,gardevoir-jellicent,Gardevoir Jellicent,1,0.0,0,1,0,overall,2026-10-09T06:43:31.052431+00:00,nein,abfrage
SVI-BLK,37,1,farigiraf-milotic,Farigiraf Milotic,2,5,6,2,43.59,gardevoir-ex-sv,Gardevoir,1,100.0,1,0,0,overall,2026-10-09T06:43:31.052431+00:00,nein,abfrage
SVI-BLK,37,1,festival-lead,Festival Lead,5,10,23,2,30.48,dragapult-dusknoir,Dragapult Dusknoir,6,33.33,2,4,0,overall,2026-10-09T06:43:32.880246+00:00,nein,abfrage
SVI-BLK,37,1,festival-lead,Festival Lead,5,10,23,2,30.48,raging-bolt-ogerpon,Raging Bolt Ogerpon,6,33.33,2,4,0,overall,2026-10-09T06:43:32.880246+00:00,nein,abfrage
SVI-BLK,37,1,festival-lead,Festival Lead,5,10,23,2,30.48,ethan-typhlosion,Ethan's Typhlosion,3,66.67,2,1,0,overall,2026-10-09T06:43:32.880246+00:00,nein,abfrage
SVI-BLK,37,1,festival-lead,Festival Lead,5,10,23,2,30.48,gardevoir-ex-sv,Gardevoir,3,0.0,0,3,0,overall,2026-10-09T06:43:32.880246+00:00,nein,abfrage
SVI-BLK,37,1,festival-lead,Festival Lead,5,10,23,2,30.48,gholdengo-ex,Gholdengo,3,33.33,1,2,0,overall,2026-10-09T06:43:32.880246+00:00,nein,abfrage
SVI-BLK,37,1,festival-lead,Festival Lead,5,10,23,2,30.48,gholdengo-joltik-box,Gholdengo Joltik Box,2,33.33,0,0,2,overall,2026-10-09T06:43:32.880246+00:00,nein,abfrage
SVI-BLK,37,1,festival-lead,Festival Lead,5,10,23,2,30.48,gardevoir-jellicent,Gardevoir Jellicent,2,50.0,1,1,0,overall,2026-10-09T06:43:32.880246+00:00,nein,abfrage
SVI-BLK,37,1,festival-lead,Festival Lead,5,10,23,2,30.48,charizard-pidgeot,Charizard Pidgeot,1,0.0,0,1,0,overall,2026-10-09T06:43:32.880246+00:00,nein,abfrage
SVI-BLK,37,1,festival-lead,Festival Lead,5,10,23,2,30.48,tera-box,Tera Box,1,0.0,0,1,0,overall,2026-10-09T06:43:32.880246+00:00,nein,abfrage
SVI-BLK,37,1,festival-lead,Festival Lead,5,10,23,2,30.48,hop-zacian,Hop's Zacian,1,0.0,0,1,0,overall,2026-10-09T06:43:32.880246+00:00,nein,abfrage
SVI-BLK,37,1,festival-lead,Festival Lead,5,10,23,2,30.48,rocket-nidoking-ex,Rocket's Nidoking,1,0.0,0,1,0,overall,2026-10-09T06:43:32.880246+00:00,nein,abfrage
SVI-BLK,37,1,festival-lead,Festival Lead,5,10,23,2,30.48,dragapult-ex,Dragapult,1,0.0,0,1,0,overall,2026-10-09T06:43:32.880246+00:00,nein,abfrage
SVI-BLK,37,1,festival-lead,Festival Lead,5,10,23,2,30.48,seaking-pre,Seaking Festival Lead,1,100.0,1,0,0,overall,2026-10-09T06:43:32.880246+00:00,nein,abfrage
SVI-BLK,37,1,festival-lead,Festival Lead,5,10,23,2,30.48,palafin-ex,Palafin,1,100.0,1,0,0,overall,2026-10-09T06:43:32.880246+00:00,nein,abfrage
SVI-BLK,37,1,festival-lead,Festival Lead,5,10,23,2,30.48,flareon-noctowl,Flareon Noctowl,1,0.0,0,1,0,overall,2026-10-09T06:43:32.880246+00:00,nein,abfrage
SVI-BLK,37,1,festival-lead,Festival Lead,5,10,23,2,30.48,reging-bolt-bellibolt,Raging Bolt Bellibolt,1,0.0,0,1,0,overall,2026-10-09T06:43:32.880246+00:00,nein,abfrage
SVI-BLK,37,1,festival-lead,Festival Lead,5,10,23,2,30.48,joltik-box,Joltik Box,1,0.0,0,1,0,overall,2026-10-09T06:43:32.880246+00:00,nein,abfrage
SVI-BLK,37,1,flareon-ex,Flareon,2,4,8,1,33.33,charizard-pidgeot,Charizard Pidgeot,2,0.0,0,2,0,overall,2026-10-09T06:43:34.688850+00:00,nein,abfrage
SVI-BLK,37,1,flareon-ex,Flareon,2,4,8,1,33.33,gholdengo-joltik-box,Gholdengo Joltik Box,2,0.0,0,2,0,overall,2026-10-09T06:43:34.688850+00:00,nein,abfrage
SVI-BLK,37,1,flareon-ex,Flareon,2,4,8,1,33.33,dragapult-dusknoir,Dragapult Dusknoir,2,66.67,1,0,1,overall,2026-10-09T06:43:34.688850+00:00,nein,abfrage
SVI-BLK,37,1,flareon-ex,Flareon,2,4,8,1,33.33,tera-box,Tera Box,1,100.0,1,0,0,overall,2026-10-09T06:43:34.688850+00:00,nein,abfrage
SVI-BLK,37,1,flareon-ex,Flareon,2,4,8,1,33.33,rocket-mewtwo-ex,Rocket's Mewtwo,1,0.0,0,1,0,overall,2026-10-09T06:43:34.688850+00:00,nein,abfrage
SVI-BLK,37,1,flareon-ex,Flareon,2,4,8,1,33.33,grimmsnarl-froslass,Grimmsnarl Froslass,1,100.0,1,0,0,overall,2026-10-09T06:43:34.688850+00:00,nein,abfrage
SVI-BLK,37,1,flareon-ex,Flareon,2,4,8,1,33.33,ho-oh-armarouge,Ho-Oh Armarouge,1,0.0,0,1,0,overall,2026-10-09T06:43:34.688850+00:00,nein,abfrage
SVI-BLK,37,1,flareon-ex,Flareon,2,4,8,1,33.33,charizard-noctowl,Charizard Noctowl,1,0.0,0,1,0,overall,2026-10-09T06:43:34.688850+00:00,nein,abfrage
SVI-BLK,37,1,flareon-ex,Flareon,2,4,8,1,33.33,joltik-box,Joltik Box,1,0.0,0,1,0,overall,2026-10-09T06:43:34.688850+00:00,nein,abfrage
SVI-BLK,37,1,flareon-ex,Flareon,2,4,8,1,33.33,gholdengo-ex,Gholdengo,1,100.0,1,0,0,overall,2026-10-09T06:43:34.688850+00:00,nein,abfrage
SVI-BLK,37,1,flareon-noctowl,Flareon Noctowl,31,122,106,52,49.76,dragapult-dusknoir,Dragapult Dusknoir,51,39.22,17,25,9,overall,2026-10-09T06:43:36.502473+00:00,nein,abfrage
SVI-BLK,37,1,flareon-noctowl,Flareon Noctowl,31,122,106,52,49.76,raging-bolt-ogerpon,Raging Bolt Ogerpon,39,55.56,19,12,8,overall,2026-10-09T06:43:36.502473+00:00,nein,abfrage
SVI-BLK,37,1,flareon-noctowl,Flareon Noctowl,31,122,106,52,49.76,gholdengo-ex,Gholdengo,30,55.56,16,12,2,overall,2026-10-09T06:43:36.502473+00:00,nein,abfrage
SVI-BLK,37,1,flareon-noctowl,Flareon Noctowl,31,122,106,52,49.76,gardevoir-ex-sv,Gardevoir,29,37.93,9,14,6,overall,2026-10-09T06:43:36.502473+00:00,nein,abfrage
SVI-BLK,37,1,flareon-noctowl,Flareon Noctowl,31,122,106,52,49.76,charizard-pidgeot,Charizard Pidgeot,18,40.74,5,6,7,overall,2026-10-09T06:43:36.502473+00:00,nein,abfrage
SVI-BLK,37,1,flareon-noctowl,Flareon Noctowl,31,122,106,52,49.76,gholdengo-joltik-box,Gholdengo Joltik Box,17,58.82,9,5,3,overall,2026-10-09T06:43:36.502473+00:00,nein,abfrage
SVI-BLK,37,1,flareon-noctowl,Flareon Noctowl,31,122,106,52,49.76,tera-box,Tera Box,15,33.33,5,10,0,overall,2026-10-09T06:43:36.502473+00:00,nein,abfrage
SVI-BLK,37,1,flareon-noctowl,Flareon Noctowl,31,122,106,52,49.76,dragapult-charizard,Dragapult Charizard,14,66.67,8,2,4,overall,2026-10-09T06:43:36.502473+00:00,nein,abfrage
SVI-BLK,37,1,flareon-noctowl,Flareon Noctowl,31,122,106,52,49.76,joltik-box,Joltik Box,12,30.56,3,7,2,overall,2026-10-09T06:43:36.502473+00:00,nein,abfrage
SVI-BLK,37,1,flareon-noctowl,Flareon Noctowl,31,122,106,52,49.76,grimmsnarl-froslass,Grimmsnarl Froslass,8,62.5,4,1,3,overall,2026-10-09T06:43:36.502473+00:00,nein,abfrage
SVI-BLK,37,1,flareon-noctowl,Flareon Noctowl,31,122,106,52,49.76,n-zoroark,N's Zoroark,6,66.67,4,2,0,overall,2026-10-09T06:43:36.502473+00:00,nein,abfrage
SVI-BLK,37,1,flareon-noctowl,Flareon Noctowl,31,122,106,52,49.76,dragapult-ex,Dragapult,6,61.11,3,1,2,overall,2026-10-09T06:43:36.502473+00:00,nein,abfrage
SVI-BLK,37,1,flareon-noctowl,Flareon Noctowl,31,122,106,52,49.76,ho-oh-armarouge,Ho-Oh Armarouge,3,66.67,2,1,0,overall,2026-10-09T06:43:36.502473+00:00,nein,abfrage
SVI-BLK,37,1,flareon-noctowl,Flareon Noctowl,31,122,106,52,49.76,flareon-noctowl,Flareon Noctowl,3,44.44,2,2,2,overall,2026-10-09T06:43:36.502473+00:00,ja,abfrage
SVI-BLK,37,1,flareon-noctowl,Flareon Noctowl,31,122,106,52,49.76,ethan-typhlosion,Ethan's Typhlosion,3,66.67,2,1,0,overall,2026-10-09T06:43:36.502473+00:00,nein,abfrage
SVI-BLK,37,1,flareon-noctowl,Flareon Noctowl,31,122,106,52,49.76,ancient-box,Ancient Box,2,100.0,2,0,0,overall,2026-10-09T06:43:36.502473+00:00,nein,abfrage
SVI-BLK,37,1,flareon-noctowl,Flareon Noctowl,31,122,106,52,49.76,gardevoir-jellicent,Gardevoir Jellicent,2,100.0,2,0,0,overall,2026-10-09T06:43:36.502473+00:00,nein,abfrage
SVI-BLK,37,1,flareon-noctowl,Flareon Noctowl,31,122,106,52,49.76,terapagos-noctowl,Terapagos Noctowl,2,16.67,0,1,1,overall,2026-10-09T06:43:36.502473+00:00,nein,abfrage
SVI-BLK,37,1,flareon-noctowl,Flareon Noctowl,31,122,106,52,49.76,roaring-moon-ex,Roaring Moon,2,66.67,1,0,1,overall,2026-10-09T06:43:36.502473+00:00,nein,abfrage
SVI-BLK,37,1,flareon-noctowl,Flareon Noctowl,31,122,106,52,49.76,rocket-spidops,Rocket's Spidops,1,100.0,1,0,0,overall,2026-10-09T06:43:36.502473+00:00,nein,abfrage
SVI-BLK,37,1,flareon-noctowl,Flareon Noctowl,31,122,106,52,49.76,cynthia-garchomp-ex,Cynthia's Garchomp,1,100.0,1,0,0,overall,2026-10-09T06:43:36.502473+00:00,nein,abfrage
SVI-BLK,37,1,flareon-noctowl,Flareon Noctowl,31,122,106,52,49.76,gholdengo-dudunsparce,Gholdengo Dudunsparce,1,0.0,0,1,0,overall,2026-10-09T06:43:36.502473+00:00,nein,abfrage
SVI-BLK,37,1,flareon-noctowl,Flareon Noctowl,31,122,106,52,49.76,spidops-ex,Spidops,1,100.0,1,0,0,overall,2026-10-09T06:43:36.502473+00:00,nein,abfrage
SVI-BLK,37,1,flareon-noctowl,Flareon Noctowl,31,122,106,52,49.76,froslass-munkidori,Froslass Munkidori,1,0.0,0,1,0,overall,2026-10-09T06:43:36.502473+00:00,nein,abfrage
SVI-BLK,37,1,flareon-noctowl,Flareon Noctowl,31,122,106,52,49.76,ogerpon-ex,Ogerpon,1,100.0,1,0,0,overall,2026-10-09T06:43:36.502473+00:00,nein,abfrage
SVI-BLK,37,1,flareon-noctowl,Flareon Noctowl,31,122,106,52,49.76,slowking-scr,Slowking,1,100.0,1,0,0,overall,2026-10-09T06:43:36.502473+00:00,nein,abfrage
SVI-BLK,37,1,flareon-noctowl,Flareon Noctowl,31,122,106,52,49.76,seaking-pre,Seaking Festival Lead,1,0.0,0,1,0,overall,2026-10-09T06:43:36.502473+00:00,nein,abfrage
SVI-BLK,37,1,flareon-noctowl,Flareon Noctowl,31,122,106,52,49.76,sinistcha-ogerpon,Sinistcha Ogerpon,1,100.0,1,0,0,overall,2026-10-09T06:43:36.502473+00:00,nein,abfrage
SVI-BLK,37,1,flareon-noctowl,Flareon Noctowl,31,122,106,52,49.76,festival-lead,Festival Lead,1,100.0,1,0,0,overall,2026-10-09T06:43:36.502473+00:00,nein,abfrage
SVI-BLK,37,1,flareon-noctowl,Flareon Noctowl,31,122,106,52,49.76,hydreigon-ex,Hydreigon,1,100.0,1,0,0,overall,2026-10-09T06:43:36.502473+00:00,nein,abfrage
SVI-BLK,37,1,flareon-noctowl,Flareon Noctowl,31,122,106,52,49.76,archaludon-ex,Archaludon,1,33.33,0,0,1,overall,2026-10-09T06:43:36.502473+00:00,nein,abfrage
SVI-BLK,37,1,flareon-noctowl,Flareon Noctowl,31,122,106,52,49.76,crustle-dri,Crustle,1,33.33,0,0,1,overall,2026-10-09T06:43:36.502473+00:00,nein,abfrage
SVI-BLK,37,1,froslass-munkidori,Froslass Munkidori,4,12,10,10,47.92,raging-bolt-ogerpon,Raging Bolt Ogerpon,7,66.67,4,1,2,overall,2026-10-09T06:43:38.320853+00:00,nein,abfrage
SVI-BLK,37,1,froslass-munkidori,Froslass Munkidori,4,12,10,10,47.92,gardevoir-ex-sv,Gardevoir,5,46.67,2,2,1,overall,2026-10-09T06:43:38.320853+00:00,nein,abfrage
SVI-BLK,37,1,froslass-munkidori,Froslass Munkidori,4,12,10,10,47.92,dragapult-dusknoir,Dragapult Dusknoir,5,13.33,0,3,2,overall,2026-10-09T06:43:38.320853+00:00,nein,abfrage
SVI-BLK,37,1,froslass-munkidori,Froslass Munkidori,4,12,10,10,47.92,gholdengo-ex,Gholdengo,4,41.67,1,1,2,overall,2026-10-09T06:43:38.320853+00:00,nein,abfrage
SVI-BLK,37,1,froslass-munkidori,Froslass Munkidori,4,12,10,10,47.92,charizard-pidgeot,Charizard Pidgeot,3,44.44,1,1,1,overall,2026-10-09T06:43:38.320853+00:00,nein,abfrage
SVI-BLK,37,1,froslass-munkidori,Froslass Munkidori,4,12,10,10,47.92,dragapult-charizard,Dragapult Charizard,2,50.0,1,1,0,overall,2026-10-09T06:43:38.320853+00:00,nein,abfrage
SVI-BLK,37,1,froslass-munkidori,Froslass Munkidori,4,12,10,10,47.92,gholdengo-joltik-box,Gholdengo Joltik Box,2,50.0,1,1,0,overall,2026-10-09T06:43:38.320853+00:00,nein,abfrage
SVI-BLK,37,1,froslass-munkidori,Froslass Munkidori,4,12,10,10,47.92,dragapult-ex,Dragapult,1,33.33,0,0,1,overall,2026-10-09T06:43:38.320853+00:00,nein,abfrage
SVI-BLK,37,1,froslass-munkidori,Froslass Munkidori,4,12,10,10,47.92,cynthia-garchomp-ex,Cynthia's Garchomp,1,100.0,1,0,0,overall,2026-10-09T06:43:38.320853+00:00,nein,abfrage
SVI-BLK,37,1,froslass-munkidori,Froslass Munkidori,4,12,10,10,47.92,flareon-noctowl,Flareon Noctowl,1,100.0,1,0,0,overall,2026-10-09T06:43:38.320853+00:00,nein,abfrage
SVI-BLK,37,1,froslass-munkidori,Froslass Munkidori,4,12,10,10,47.92,n-zoroark,N's Zoroark,1,33.33,0,0,1,overall,2026-10-09T06:43:38.320853+00:00,nein,abfrage
SVI-BLK,37,1,gardevoir-ex-sv,Gardevoir,173,600,588,269,47.33,dragapult-dusknoir,Dragapult Dusknoir,222,54.2,105,71,46,overall,2026-10-09T06:43:40.146682+00:00,nein,abfrage
SVI-BLK,37,1,gardevoir-ex-sv,Gardevoir,173,600,588,269,47.33,raging-bolt-ogerpon,Raging Bolt Ogerpon,182,56.96,92,55,35,overall,2026-10-09T06:43:40.146682+00:00,nein,abfrage
SVI-BLK,37,1,gardevoir-ex-sv,Gardevoir,173,600,588,269,47.33,gholdengo-ex,Gholdengo,153,35.08,45,82,26,overall,2026-10-09T06:43:40.146682+00:00,nein,abfrage
SVI-BLK,37,1,gardevoir-ex-sv,Gardevoir,173,600,588,269,47.33,charizard-pidgeot,Charizard Pidgeot,116,45.4,45,48,23,overall,2026-10-09T06:43:40.146682+00:00,nein,abfrage
SVI-BLK,37,1,gardevoir-ex-sv,Gardevoir,173,600,588,269,47.33,gholdengo-joltik-box,Gholdengo Joltik Box,102,28.76,22,58,22,overall,2026-10-09T06:43:40.146682+00:00,nein,abfrage
SVI-BLK,37,1,gardevoir-ex-sv,Gardevoir,173,600,588,269,47.33,gardevoir-ex-sv,Gardevoir,83,47.99,73,73,20,overall,2026-10-09T06:43:40.146682+00:00,ja,abfrage
SVI-BLK,37,1,gardevoir-ex-sv,Gardevoir,173,600,588,269,47.33,dragapult-charizard,Dragapult Charizard,68,58.82,36,20,12,overall,2026-10-09T06:43:40.146682+00:00,nein,abfrage
SVI-BLK,37,1,gardevoir-ex-sv,Gardevoir,173,600,588,269,47.33,grimmsnarl-froslass,Grimmsnarl Froslass,57,25.73,12,37,8,overall,2026-10-09T06:43:40.146682+00:00,nein,abfrage
SVI-BLK,37,1,gardevoir-ex-sv,Gardevoir,173,600,588,269,47.33,tera-box,Tera Box,45,47.41,19,19,7,overall,2026-10-09T06:43:40.146682+00:00,nein,abfrage
SVI-BLK,37,1,gardevoir-ex-sv,Gardevoir,173,600,588,269,47.33,joltik-box,Joltik Box,43,39.53,13,18,12,overall,2026-10-09T06:43:40.146682+00:00,nein,abfrage
SVI-BLK,37,1,gardevoir-ex-sv,Gardevoir,173,600,588,269,47.33,dragapult-ex,Dragapult,34,53.92,16,11,7,overall,2026-10-09T06:43:40.146682+00:00,nein,abfrage
SVI-BLK,37,1,gardevoir-ex-sv,Gardevoir,173,600,588,269,47.33,ethan-typhlosion,Ethan's Typhlosion,32,62.5,18,8,6,overall,2026-10-09T06:43:40.146682+00:00,nein,abfrage
SVI-BLK,37,1,gardevoir-ex-sv,Gardevoir,173,600,588,269,47.33,gardevoir-jellicent,Gardevoir Jellicent,30,48.89,13,12,5,overall,2026-10-09T06:43:40.146682+00:00,nein,abfrage
SVI-BLK,37,1,gardevoir-ex-sv,Gardevoir,173,600,588,269,47.33,flareon-noctowl,Flareon Noctowl,29,55.17,14,9,6,overall,2026-10-09T06:43:40.146682+00:00,nein,abfrage
SVI-BLK,37,1,gardevoir-ex-sv,Gardevoir,173,600,588,269,47.33,n-zoroark,N's Zoroark,27,34.57,7,13,7,overall,2026-10-09T06:43:40.146682+00:00,nein,abfrage
SVI-BLK,37,1,gardevoir-ex-sv,Gardevoir,173,600,588,269,47.33,ho-oh-armarouge,Ho-Oh Armarouge,24,56.94,12,7,5,overall,2026-10-09T06:43:40.146682+00:00,nein,abfrage
SVI-BLK,37,1,gardevoir-ex-sv,Gardevoir,173,600,588,269,47.33,cynthia-garchomp-ex,Cynthia's Garchomp,10,20.0,2,8,0,overall,2026-10-09T06:43:40.146682+00:00,nein,abfrage
SVI-BLK,37,1,gardevoir-ex-sv,Gardevoir,173,600,588,269,47.33,rocket-mewtwo-ex,Rocket's Mewtwo,6,72.22,4,1,1,overall,2026-10-09T06:43:40.146682+00:00,nein,abfrage
SVI-BLK,37,1,gardevoir-ex-sv,Gardevoir,173,600,588,269,47.33,ceruledge-ex,Ceruledge,6,72.22,4,1,1,overall,2026-10-09T06:43:40.146682+00:00,nein,abfrage
SVI-BLK,37,1,gardevoir-ex-sv,Gardevoir,173,600,588,269,47.33,crustle-dri,Crustle,6,83.33,5,1,0,overall,2026-10-09T06:43:40.146682+00:00,nein,abfrage
SVI-BLK,37,1,gardevoir-ex-sv,Gardevoir,173,600,588,269,47.33,froslass-munkidori,Froslass Munkidori,5,46.67,2,2,1,overall,2026-10-09T06:43:40.146682+00:00,nein,abfrage
SVI-BLK,37,1,gardevoir-ex-sv,Gardevoir,173,600,588,269,47.33,charizard-dusknoir,Charizard Dusknoir,5,33.33,1,2,2,overall,2026-10-09T06:43:40.146682+00:00,nein,abfrage
SVI-BLK,37,1,gardevoir-ex-sv,Gardevoir,173,600,588,269,47.33,archaludon-ex,Archaludon,5,40.0,2,3,0,overall,2026-10-09T06:43:40.146682+00:00,nein,abfrage
SVI-BLK,37,1,gardevoir-ex-sv,Gardevoir,173,600,588,269,47.33,other,Other,5,100.0,5,0,0,overall,2026-10-09T06:43:40.146682+00:00,nein,abfrage
SVI-BLK,37,1,gardevoir-ex-sv,Gardevoir,173,600,588,269,47.33,gholdengo-dudunsparce,Gholdengo Dudunsparce,4,8.33,0,3,1,overall,2026-10-09T06:43:40.146682+00:00,nein,abfrage
SVI-BLK,37,1,gardevoir-ex-sv,Gardevoir,173,600,588,269,47.33,roaring-moon-ex,Roaring Moon,4,25.0,1,3,0,overall,2026-10-09T06:43:40.146682+00:00,nein,abfrage
SVI-BLK,37,1,gardevoir-ex-sv,Gardevoir,173,600,588,269,47.33,marnie-grimmsnarl-ex,Marnie's Grimmsnarl,4,33.33,1,2,1,overall,2026-10-09T06:43:40.146682+00:00,nein,abfrage
SVI-BLK,37,1,gardevoir-ex-sv,Gardevoir,173,600,588,269,47.33,hydreigon-ex,Hydreigon,4,41.67,1,1,2,overall,2026-10-09T06:43:40.146682+00:00,nein,abfrage
SVI-BLK,37,1,gardevoir-ex-sv,Gardevoir,173,600,588,269,47.33,dragapult-blaziken,Dragapult Blaziken,4,83.33,3,0,1,overall,2026-10-09T06:43:40.146682+00:00,nein,abfrage
SVI-BLK,37,1,gardevoir-ex-sv,Gardevoir,173,600,588,269,47.33,charizard-noctowl,Charizard Noctowl,4,33.33,1,2,1,overall,2026-10-09T06:43:40.146682+00:00,nein,abfrage
SVI-BLK,37,1,gardevoir-ex-sv,Gardevoir,173,600,588,269,47.33,dudunsparce-control,Dudunsparce Control,3,44.44,1,1,1,overall,2026-10-09T06:43:40.146682+00:00,nein,abfrage
SVI-BLK,37,1,gardevoir-ex-sv,Gardevoir,173,600,588,269,47.33,toedscruel-ex,Toedscruel,3,55.56,1,0,2,overall,2026-10-09T06:43:40.146682+00:00,nein,abfrage
SVI-BLK,37,1,gardevoir-ex-sv,Gardevoir,173,600,588,269,47.33,blissey-ex,Blissey,3,44.44,1,1,1,overall,2026-10-09T06:43:40.146682+00:00,nein,abfrage
SVI-BLK,37,1,gardevoir-ex-sv,Gardevoir,173,600,588,269,47.33,festival-lead,Festival Lead,3,100.0,3,0,0,overall,2026-10-09T06:43:40.146682+00:00,nein,abfrage
SVI-BLK,37,1,gardevoir-ex-sv,Gardevoir,173,600,588,269,47.33,ogerpon-ex,Ogerpon,3,77.78,2,0,1,overall,2026-10-09T06:43:40.146682+00:00,nein,abfrage
SVI-BLK,37,1,gardevoir-ex-sv,Gardevoir,173,600,588,269,47.33,okidogi-twm,Okidogi,2,33.33,0,0,2,overall,2026-10-09T06:43:40.146682+00:00,nein,abfrage
SVI-BLK,37,1,gardevoir-ex-sv,Gardevoir,173,600,588,269,47.33,dragapult-iron-thorns,Dragapult Iron Thorns,2,100.0,2,0,0,overall,2026-10-09T06:43:40.146682+00:00,nein,abfrage
SVI-BLK,37,1,gardevoir-ex-sv,Gardevoir,173,600,588,269,47.33,hop-zacian,Hop's Zacian,2,50.0,1,1,0,overall,2026-10-09T06:43:40.146682+00:00,nein,abfrage
SVI-BLK,37,1,gardevoir-ex-sv,Gardevoir,173,600,588,269,47.33,chien-pao-baxcalibur,Chien-Pao Baxcalibur,2,50.0,1,1,0,overall,2026-10-09T06:43:40.146682+00:00,nein,abfrage
SVI-BLK,37,1,gardevoir-ex-sv,Gardevoir,173,600,588,269,47.33,spidops-ex,Spidops,2,100.0,2,0,0,overall,2026-10-09T06:43:40.146682+00:00,nein,abfrage
SVI-BLK,37,1,gardevoir-ex-sv,Gardevoir,173,600,588,269,47.33,conkeldurr-twm,Conkeldurr,2,100.0,2,0,0,overall,2026-10-09T06:43:40.146682+00:00,nein,abfrage
SVI-BLK,37,1,gardevoir-ex-sv,Gardevoir,173,600,588,269,47.33,miraidon-eelektrik,Miraidon Eelektrik,2,50.0,1,1,0,overall,2026-10-09T06:43:40.146682+00:00,nein,abfrage
SVI-BLK,37,1,gardevoir-ex-sv,Gardevoir,173,600,588,269,47.33,slowking-scr,Slowking,2,50.0,1,1,0,overall,2026-10-09T06:43:40.146682+00:00,nein,abfrage
SVI-BLK,37,1,gardevoir-ex-sv,Gardevoir,173,600,588,269,47.33,gholdengo-dragapult,Gholdengo Dragapult,1,100.0,1,0,0,overall,2026-10-09T06:43:40.146682+00:00,nein,abfrage
SVI-BLK,37,1,gardevoir-ex-sv,Gardevoir,173,600,588,269,47.33,ancient-box,Ancient Box,1,0.0,0,1,0,overall,2026-10-09T06:43:40.146682+00:00,nein,abfrage
SVI-BLK,37,1,gardevoir-ex-sv,Gardevoir,173,600,588,269,47.33,mamoswine-ex,Mamoswine,1,0.0,0,1,0,overall,2026-10-09T06:43:40.146682+00:00,nein,abfrage
SVI-BLK,37,1,gardevoir-ex-sv,Gardevoir,173,600,588,269,47.33,seaking-pre,Seaking Festival Lead,1,100.0,1,0,0,overall,2026-10-09T06:43:40.146682+00:00,nein,abfrage
SVI-BLK,37,1,gardevoir-ex-sv,Gardevoir,173,600,588,269,47.33,greninja-blaziken,Greninja Blaziken,1,100.0,1,0,0,overall,2026-10-09T06:43:40.146682+00:00,nein,abfrage
SVI-BLK,37,1,gardevoir-ex-sv,Gardevoir,173,600,588,269,47.33,sinistcha-ogerpon,Sinistcha Ogerpon,1,0.0,0,1,0,overall,2026-10-09T06:43:40.146682+00:00,nein,abfrage
SVI-BLK,37,1,gardevoir-ex-sv,Gardevoir,173,600,588,269,47.33,farigiraf-milotic,Farigiraf Milotic,1,0.0,0,1,0,overall,2026-10-09T06:43:40.146682+00:00,nein,abfrage
SVI-BLK,37,1,gardevoir-ex-sv,Gardevoir,173,600,588,269,47.33,espathra-xatu,Espathra Xatu,1,0.0,0,1,0,overall,2026-10-09T06:43:40.146682+00:00,nein,abfrage
SVI-BLK,37,1,gardevoir-ex-sv,Gardevoir,173,600,588,269,47.33,pidgeot-control,Pidgeot Control,1,100.0,1,0,0,overall,2026-10-09T06:43:40.146682+00:00,nein,abfrage
SVI-BLK,37,1,gardevoir-ex-sv,Gardevoir,173,600,588,269,47.33,reging-bolt-bellibolt,Raging Bolt Bellibolt,1,100.0,1,0,0,overall,2026-10-09T06:43:40.146682+00:00,nein,abfrage
SVI-BLK,37,1,gardevoir-ex-sv,Gardevoir,173,600,588,269,47.33,miraidon-ex,Miraidon,1,100.0,1,0,0,overall,2026-10-09T06:43:40.146682+00:00,nein,abfrage
SVI-BLK,37,1,gardevoir-ex-sv,Gardevoir,173,600,588,269,47.33,iron-thorns-ex,Iron Thorns,1,0.0,0,1,0,overall,2026-10-09T06:43:40.146682+00:00,nein,abfrage
SVI-BLK,37,1,gardevoir-jellicent,Gardevoir Jellicent,22,79,78,34,47.29,dragapult-dusknoir,Dragapult Dusknoir,35,55.24,17,11,7,overall,2026-10-09T06:43:41.958942+00:00,nein,abfrage
SVI-BLK,37,1,gardevoir-jellicent,Gardevoir Jellicent,22,79,78,34,47.29,gardevoir-ex-sv,Gardevoir,30,45.56,12,13,5,overall,2026-10-09T06:43:41.958942+00:00,nein,abfrage
SVI-BLK,37,1,gardevoir-jellicent,Gardevoir Jellicent,22,79,78,34,47.29,raging-bolt-ogerpon,Raging Bolt Ogerpon,27,48.15,11,10,6,overall,2026-10-09T06:43:41.958942+00:00,nein,abfrage
SVI-BLK,37,1,gardevoir-jellicent,Gardevoir Jellicent,22,79,78,34,47.29,gholdengo-ex,Gholdengo,21,41.27,8,11,2,overall,2026-10-09T06:43:41.958942+00:00,nein,abfrage
SVI-BLK,37,1,gardevoir-jellicent,Gardevoir Jellicent,22,79,78,34,47.29,gholdengo-joltik-box,Gholdengo Joltik Box,18,38.89,6,9,3,overall,2026-10-09T06:43:41.958942+00:00,nein,abfrage
SVI-BLK,37,1,gardevoir-jellicent,Gardevoir Jellicent,22,79,78,34,47.29,charizard-pidgeot,Charizard Pidgeot,10,50.0,4,3,3,overall,2026-10-09T06:43:41.958942+00:00,nein,abfrage
SVI-BLK,37,1,gardevoir-jellicent,Gardevoir Jellicent,22,79,78,34,47.29,grimmsnarl-froslass,Grimmsnarl Froslass,7,19.05,1,5,1,overall,2026-10-09T06:43:41.958942+00:00,nein,abfrage
SVI-BLK,37,1,gardevoir-jellicent,Gardevoir Jellicent,22,79,78,34,47.29,dragapult-charizard,Dragapult Charizard,7,33.33,2,4,1,overall,2026-10-09T06:43:41.958942+00:00,nein,abfrage
SVI-BLK,37,1,gardevoir-jellicent,Gardevoir Jellicent,22,79,78,34,47.29,joltik-box,Joltik Box,6,61.11,3,1,2,overall,2026-10-09T06:43:41.958942+00:00,nein,abfrage
SVI-BLK,37,1,gardevoir-jellicent,Gardevoir Jellicent,22,79,78,34,47.29,dragapult-ex,Dragapult,4,83.33,3,0,1,overall,2026-10-09T06:43:41.958942+00:00,nein,abfrage
SVI-BLK,37,1,gardevoir-jellicent,Gardevoir Jellicent,22,79,78,34,47.29,ethan-typhlosion,Ethan's Typhlosion,4,100.0,4,0,0,overall,2026-10-09T06:43:41.958942+00:00,nein,abfrage
SVI-BLK,37,1,gardevoir-jellicent,Gardevoir Jellicent,22,79,78,34,47.29,tera-box,Tera Box,3,22.22,0,1,2,overall,2026-10-09T06:43:41.958942+00:00,nein,abfrage
SVI-BLK,37,1,gardevoir-jellicent,Gardevoir Jellicent,22,79,78,34,47.29,n-zoroark,N's Zoroark,3,44.44,1,1,1,overall,2026-10-09T06:43:41.958942+00:00,nein,abfrage
SVI-BLK,37,1,gardevoir-jellicent,Gardevoir Jellicent,22,79,78,34,47.29,flareon-noctowl,Flareon Noctowl,2,0.0,0,2,0,overall,2026-10-09T06:43:41.958942+00:00,nein,abfrage
SVI-BLK,37,1,gardevoir-jellicent,Gardevoir Jellicent,22,79,78,34,47.29,cynthia-garchomp-ex,Cynthia's Garchomp,2,50.0,1,1,0,overall,2026-10-09T06:43:41.958942+00:00,nein,abfrage
SVI-BLK,37,1,gardevoir-jellicent,Gardevoir Jellicent,22,79,78,34,47.29,festival-lead,Festival Lead,2,50.0,1,1,0,overall,2026-10-09T06:43:41.958942+00:00,nein,abfrage
SVI-BLK,37,1,gardevoir-jellicent,Gardevoir Jellicent,22,79,78,34,47.29,ho-oh-armarouge,Ho-Oh Armarouge,2,0.0,0,2,0,overall,2026-10-09T06:43:41.958942+00:00,nein,abfrage
SVI-BLK,37,1,gardevoir-jellicent,Gardevoir Jellicent,22,79,78,34,47.29,charizard-noctowl,Charizard Noctowl,1,0.0,0,1,0,overall,2026-10-09T06:43:41.958942+00:00,nein,abfrage
SVI-BLK,37,1,gardevoir-jellicent,Gardevoir Jellicent,22,79,78,34,47.29,azumarill-ssp,Azumarill,1,100.0,1,0,0,overall,2026-10-09T06:43:41.958942+00:00,nein,abfrage
SVI-BLK,37,1,gardevoir-jellicent,Gardevoir Jellicent,22,79,78,34,47.29,roaring-moon-ex,Roaring Moon,1,0.0,0,1,0,overall,2026-10-09T06:43:41.958942+00:00,nein,abfrage
SVI-BLK,37,1,gardevoir-jellicent,Gardevoir Jellicent,22,79,78,34,47.29,archaludon-ex,Archaludon,1,100.0,1,0,0,overall,2026-10-09T06:43:41.958942+00:00,nein,abfrage
SVI-BLK,37,1,gardevoir-jellicent,Gardevoir Jellicent,22,79,78,34,47.29,gholdengo-dudunsparce,Gholdengo Dudunsparce,1,100.0,1,0,0,overall,2026-10-09T06:43:41.958942+00:00,nein,abfrage
SVI-BLK,37,1,gardevoir-jellicent,Gardevoir Jellicent,22,79,78,34,47.29,farigiraf-milotic,Farigiraf Milotic,1,100.0,1,0,0,overall,2026-10-09T06:43:41.958942+00:00,nein,abfrage
SVI-BLK,37,1,gardevoir-jellicent,Gardevoir Jellicent,22,79,78,34,47.29,miraidon-eelektrik,Miraidon Eelektrik,1,100.0,1,0,0,overall,2026-10-09T06:43:41.958942+00:00,nein,abfrage
SVI-BLK,37,1,gholdengo-dragapult,Gholdengo Dragapult,3,4,6,4,38.1,gholdengo-ex,Gholdengo,3,33.33,1,2,0,overall,2026-10-09T06:43:43.782519+00:00,nein,abfrage
SVI-BLK,37,1,gholdengo-dragapult,Gholdengo Dragapult,3,4,6,4,38.1,dragapult-dusknoir,Dragapult Dusknoir,2,66.67,1,0,1,overall,2026-10-09T06:43:43.782519+00:00,nein,abfrage
SVI-BLK,37,1,gholdengo-dragapult,Gholdengo Dragapult,3,4,6,4,38.1,raging-bolt-ogerpon,Raging Bolt Ogerpon,2,16.67,0,1,1,overall,2026-10-09T06:43:43.782519+00:00,nein,abfrage
SVI-BLK,37,1,gholdengo-dragapult,Gholdengo Dragapult,3,4,6,4,38.1,cynthia-garchomp-ex,Cynthia's Garchomp,1,0.0,0,1,0,overall,2026-10-09T06:43:43.782519+00:00,nein,abfrage
SVI-BLK,37,1,gholdengo-dragapult,Gholdengo Dragapult,3,4,6,4,38.1,gardevoir-ex-sv,Gardevoir,1,0.0,0,1,0,overall,2026-10-09T06:43:43.782519+00:00,nein,abfrage
SVI-BLK,37,1,gholdengo-dragapult,Gholdengo Dragapult,3,4,6,4,38.1,gholdengo-joltik-box,Gholdengo Joltik Box,1,33.33,0,0,1,overall,2026-10-09T06:43:43.782519+00:00,nein,abfrage
SVI-BLK,37,1,gholdengo-dragapult,Gholdengo Dragapult,3,4,6,4,38.1,other,Other,1,100.0,1,0,0,overall,2026-10-09T06:43:43.782519+00:00,nein,abfrage
SVI-BLK,37,1,gholdengo-dragapult,Gholdengo Dragapult,3,4,6,4,38.1,joltik-box,Joltik Box,1,0.0,0,1,0,overall,2026-10-09T06:43:43.782519+00:00,nein,abfrage
SVI-BLK,37,1,gholdengo-dragapult,Gholdengo Dragapult,3,4,6,4,38.1,ethan-typhlosion,Ethan's Typhlosion,1,33.33,0,0,1,overall,2026-10-09T06:43:43.782519+00:00,nein,abfrage
SVI-BLK,37,1,gholdengo-dragapult,Gholdengo Dragapult,3,4,6,4,38.1,dragapult-charizard,Dragapult Charizard,1,100.0,1,0,0,overall,2026-10-09T06:43:43.782519+00:00,nein,abfrage
SVI-BLK,37,1,gholdengo-dudunsparce,Gholdengo Dudunsparce,2,6,6,4,45.83,gardevoir-ex-sv,Gardevoir,4,83.33,3,0,1,overall,2026-10-09T06:43:45.631097+00:00,nein,abfrage
SVI-BLK,37,1,gholdengo-dudunsparce,Gholdengo Dudunsparce,2,6,6,4,45.83,gholdengo-ex,Gholdengo,3,33.33,1,2,0,overall,2026-10-09T06:43:45.631097+00:00,nein,abfrage
SVI-BLK,37,1,gholdengo-dudunsparce,Gholdengo Dudunsparce,2,6,6,4,45.83,raging-bolt-ogerpon,Raging Bolt Ogerpon,2,66.67,1,0,1,overall,2026-10-09T06:43:45.631097+00:00,nein,abfrage
SVI-BLK,37,1,gholdengo-dudunsparce,Gholdengo Dudunsparce,2,6,6,4,45.83,flareon-noctowl,Flareon Noctowl,1,100.0,1,0,0,overall,2026-10-09T06:43:45.631097+00:00,nein,abfrage
SVI-BLK,37,1,gholdengo-dudunsparce,Gholdengo Dudunsparce,2,6,6,4,45.83,conkeldurr-twm,Conkeldurr,1,33.33,0,0,1,overall,2026-10-09T06:43:45.631097+00:00,nein,abfrage
SVI-BLK,37,1,gholdengo-dudunsparce,Gholdengo Dudunsparce,2,6,6,4,45.83,gholdengo-joltik-box,Gholdengo Joltik Box,1,0.0,0,1,0,overall,2026-10-09T06:43:45.631097+00:00,nein,abfrage
SVI-BLK,37,1,gholdengo-dudunsparce,Gholdengo Dudunsparce,2,6,6,4,45.83,gardevoir-jellicent,Gardevoir Jellicent,1,0.0,0,1,0,overall,2026-10-09T06:43:45.631097+00:00,nein,abfrage
SVI-BLK,37,1,gholdengo-dudunsparce,Gholdengo Dudunsparce,2,6,6,4,45.83,joltik-box,Joltik Box,1,0.0,0,1,0,overall,2026-10-09T06:43:45.631097+00:00,nein,abfrage
SVI-BLK,37,1,gholdengo-dudunsparce,Gholdengo Dudunsparce,2,6,6,4,45.83,charizard-pidgeot,Charizard Pidgeot,1,33.33,0,0,1,overall,2026-10-09T06:43:45.631097+00:00,nein,abfrage
SVI-BLK,37,1,gholdengo-dudunsparce,Gholdengo Dudunsparce,2,6,6,4,45.83,charizard-dusknoir,Charizard Dusknoir,1,0.0,0,1,0,overall,2026-10-09T06:43:45.631097+00:00,nein,abfrage
SVI-BLK,37,1,gholdengo-ex,Gholdengo,178,660,595,268,49.2,raging-bolt-ogerpon,Raging Bolt Ogerpon,216,52.93,102,77,37,overall,2026-10-09T06:43:47.458549+00:00,nein,abfrage
SVI-BLK,37,1,gholdengo-ex,Gholdengo,178,660,595,268,49.2,dragapult-dusknoir,Dragapult Dusknoir,214,57.01,108,64,42,overall,2026-10-09T06:43:47.458549+00:00,nein,abfrage
SVI-BLK,37,1,gholdengo-ex,Gholdengo,178,660,595,268,49.2,gardevoir-ex-sv,Gardevoir,153,59.26,82,45,26,overall,2026-10-09T06:43:47.458549+00:00,nein,abfrage
SVI-BLK,37,1,gholdengo-ex,Gholdengo,178,660,595,268,49.2,gholdengo-joltik-box,Gholdengo Joltik Box,111,40.24,40,57,14,overall,2026-10-09T06:43:47.458549+00:00,nein,abfrage
SVI-BLK,37,1,gholdengo-ex,Gholdengo,178,660,595,268,49.2,charizard-pidgeot,Charizard Pidgeot,106,38.68,33,49,24,overall,2026-10-09T06:43:47.458549+00:00,nein,abfrage
SVI-BLK,37,1,gholdengo-ex,Gholdengo,178,660,595,268,49.2,gholdengo-ex,Gholdengo,99,47.31,83,83,32,overall,2026-10-09T06:43:47.458549+00:00,ja,abfrage
SVI-BLK,37,1,gholdengo-ex,Gholdengo,178,660,595,268,49.2,grimmsnarl-froslass,Grimmsnarl Froslass,68,61.27,38,19,11,overall,2026-10-09T06:43:47.458549+00:00,nein,abfrage
SVI-BLK,37,1,gholdengo-ex,Gholdengo,178,660,595,268,49.2,dragapult-charizard,Dragapult Charizard,68,60.29,37,19,12,overall,2026-10-09T06:43:47.458549+00:00,nein,abfrage
SVI-BLK,37,1,gholdengo-ex,Gholdengo,178,660,595,268,49.2,joltik-box,Joltik Box,51,43.79,19,22,10,overall,2026-10-09T06:43:47.458549+00:00,nein,abfrage
SVI-BLK,37,1,gholdengo-ex,Gholdengo,178,660,595,268,49.2,tera-box,Tera Box,41,30.89,10,23,8,overall,2026-10-09T06:43:47.458549+00:00,nein,abfrage
SVI-BLK,37,1,gholdengo-ex,Gholdengo,178,660,595,268,49.2,ethan-typhlosion,Ethan's Typhlosion,40,20.0,7,30,3,overall,2026-10-09T06:43:47.458549+00:00,nein,abfrage
SVI-BLK,37,1,gholdengo-ex,Gholdengo,178,660,595,268,49.2,dragapult-ex,Dragapult,38,35.09,10,18,10,overall,2026-10-09T06:43:47.458549+00:00,nein,abfrage
SVI-BLK,37,1,gholdengo-ex,Gholdengo,178,660,595,268,49.2,flareon-noctowl,Flareon Noctowl,30,42.22,12,16,2,overall,2026-10-09T06:43:47.458549+00:00,nein,abfrage
SVI-BLK,37,1,gholdengo-ex,Gholdengo,178,660,595,268,49.2,gardevoir-jellicent,Gardevoir Jellicent,21,55.56,11,8,2,overall,2026-10-09T06:43:47.458549+00:00,nein,abfrage
SVI-BLK,37,1,gholdengo-ex,Gholdengo,178,660,595,268,49.2,n-zoroark,N's Zoroark,16,70.83,10,2,4,overall,2026-10-09T06:43:47.458549+00:00,nein,abfrage
SVI-BLK,37,1,gholdengo-ex,Gholdengo,178,660,595,268,49.2,cynthia-garchomp-ex,Cynthia's Garchomp,11,51.52,5,4,2,overall,2026-10-09T06:43:47.458549+00:00,nein,abfrage
SVI-BLK,37,1,gholdengo-ex,Gholdengo,178,660,595,268,49.2,roaring-moon-ex,Roaring Moon,11,39.39,4,6,1,overall,2026-10-09T06:43:47.458549+00:00,nein,abfrage
SVI-BLK,37,1,gholdengo-ex,Gholdengo,178,660,595,268,49.2,crustle-dri,Crustle,10,3.33,0,9,1,overall,2026-10-09T06:43:47.458549+00:00,nein,abfrage
SVI-BLK,37,1,gholdengo-ex,Gholdengo,178,660,595,268,49.2,miraidon-eelektrik,Miraidon Eelektrik,8,66.67,5,2,1,overall,2026-10-09T06:43:47.458549+00:00,nein,abfrage
SVI-BLK,37,1,gholdengo-ex,Gholdengo,178,660,595,268,49.2,blissey-ex,Blissey,7,52.38,3,2,2,overall,2026-10-09T06:43:47.458549+00:00,nein,abfrage
SVI-BLK,37,1,gholdengo-ex,Gholdengo,178,660,595,268,49.2,ho-oh-armarouge,Ho-Oh Armarouge,7,47.62,2,1,4,overall,2026-10-09T06:43:47.458549+00:00,nein,abfrage
SVI-BLK,37,1,gholdengo-ex,Gholdengo,178,660,595,268,49.2,charizard-noctowl,Charizard Noctowl,7,14.29,0,4,3,overall,2026-10-09T06:43:47.458549+00:00,nein,abfrage
SVI-BLK,37,1,gholdengo-ex,Gholdengo,178,660,595,268,49.2,hydreigon-ex,Hydreigon,6,66.67,4,2,0,overall,2026-10-09T06:43:47.458549+00:00,nein,abfrage
SVI-BLK,37,1,gholdengo-ex,Gholdengo,178,660,595,268,49.2,rocket-mewtwo-ex,Rocket's Mewtwo,6,66.67,3,0,3,overall,2026-10-09T06:43:47.458549+00:00,nein,abfrage
SVI-BLK,37,1,gholdengo-ex,Gholdengo,178,660,595,268,49.2,ceruledge-ex,Ceruledge,5,53.33,2,1,2,overall,2026-10-09T06:43:47.458549+00:00,nein,abfrage
SVI-BLK,37,1,gholdengo-ex,Gholdengo,178,660,595,268,49.2,froslass-munkidori,Froslass Munkidori,4,41.67,1,1,2,overall,2026-10-09T06:43:47.458549+00:00,nein,abfrage
SVI-BLK,37,1,gholdengo-ex,Gholdengo,178,660,595,268,49.2,miraidon-ex,Miraidon,4,75.0,3,1,0,overall,2026-10-09T06:43:47.458549+00:00,nein,abfrage
SVI-BLK,37,1,gholdengo-ex,Gholdengo,178,660,595,268,49.2,toedscruel-ex,Toedscruel,4,16.67,0,2,2,overall,2026-10-09T06:43:47.458549+00:00,nein,abfrage
SVI-BLK,37,1,gholdengo-ex,Gholdengo,178,660,595,268,49.2,charizard-dusknoir,Charizard Dusknoir,3,22.22,0,1,2,overall,2026-10-09T06:43:47.458549+00:00,nein,abfrage
SVI-BLK,37,1,gholdengo-ex,Gholdengo,178,660,595,268,49.2,farigiraf-ex,Farigiraf,3,44.44,1,1,1,overall,2026-10-09T06:43:47.458549+00:00,nein,abfrage
SVI-BLK,37,1,gholdengo-ex,Gholdengo,178,660,595,268,49.2,gholdengo-dudunsparce,Gholdengo Dudunsparce,3,66.67,2,1,0,overall,2026-10-09T06:43:47.458549+00:00,nein,abfrage
SVI-BLK,37,1,gholdengo-ex,Gholdengo,178,660,595,268,49.2,gholdengo-dragapult,Gholdengo Dragapult,3,66.67,2,1,0,overall,2026-10-09T06:43:47.458549+00:00,nein,abfrage
SVI-BLK,37,1,gholdengo-ex,Gholdengo,178,660,595,268,49.2,marnie-grimmsnarl-ex,Marnie's Grimmsnarl,3,77.78,2,0,1,overall,2026-10-09T06:43:47.458549+00:00,nein,abfrage
SVI-BLK,37,1,gholdengo-ex,Gholdengo,178,660,595,268,49.2,okidogi-twm,Okidogi,3,33.33,1,2,0,overall,2026-10-09T06:43:47.458549+00:00,nein,abfrage
SVI-BLK,37,1,gholdengo-ex,Gholdengo,178,660,595,268,49.2,festival-lead,Festival Lead,3,66.67,2,1,0,overall,2026-10-09T06:43:47.458549+00:00,nein,abfrage
SVI-BLK,37,1,gholdengo-ex,Gholdengo,178,660,595,268,49.2,ethan-magcargo,Ethan's Magcargo,2,50.0,1,1,0,overall,2026-10-09T06:43:47.458549+00:00,nein,abfrage
SVI-BLK,37,1,gholdengo-ex,Gholdengo,178,660,595,268,49.2,other,Other,2,50.0,1,1,0,overall,2026-10-09T06:43:47.458549+00:00,nein,abfrage
SVI-BLK,37,1,gholdengo-ex,Gholdengo,178,660,595,268,49.2,ogerpon-ex,Ogerpon,2,50.0,1,1,0,overall,2026-10-09T06:43:47.458549+00:00,nein,abfrage
SVI-BLK,37,1,gholdengo-ex,Gholdengo,178,660,595,268,49.2,reging-bolt-bellibolt,Raging Bolt Bellibolt,2,66.67,1,0,1,overall,2026-10-09T06:43:47.458549+00:00,nein,abfrage
SVI-BLK,37,1,gholdengo-ex,Gholdengo,178,660,595,268,49.2,sinistcha-ogerpon,Sinistcha Ogerpon,2,100.0,2,0,0,overall,2026-10-09T06:43:47.458549+00:00,nein,abfrage
SVI-BLK,37,1,gholdengo-ex,Gholdengo,178,660,595,268,49.2,iron-thorns-ex,Iron Thorns,2,0.0,0,2,0,overall,2026-10-09T06:43:47.458549+00:00,nein,abfrage
SVI-BLK,37,1,gholdengo-ex,Gholdengo,178,660,595,268,49.2,seaking-pre,Seaking Festival Lead,2,0.0,0,2,0,overall,2026-10-09T06:43:47.458549+00:00,nein,abfrage
SVI-BLK,37,1,gholdengo-ex,Gholdengo,178,660,595,268,49.2,dudunsparce-control,Dudunsparce Control,2,50.0,1,1,0,overall,2026-10-09T06:43:47.458549+00:00,nein,abfrage
SVI-BLK,37,1,gholdengo-ex,Gholdengo,178,660,595,268,49.2,okidogi-ex,Okidogi,1,100.0,1,0,0,overall,2026-10-09T06:43:47.458549+00:00,nein,abfrage
SVI-BLK,37,1,gholdengo-ex,Gholdengo,178,660,595,268,49.2,dragapult-blaziken,Dragapult Blaziken,1,0.0,0,1,0,overall,2026-10-09T06:43:47.458549+00:00,nein,abfrage
SVI-BLK,37,1,gholdengo-ex,Gholdengo,178,660,595,268,49.2,hop-zacian,Hop's Zacian,1,100.0,1,0,0,overall,2026-10-09T06:43:47.458549+00:00,nein,abfrage
SVI-BLK,37,1,gholdengo-ex,Gholdengo,178,660,595,268,49.2,pidgeot-control,Pidgeot Control,1,0.0,0,1,0,overall,2026-10-09T06:43:47.458549+00:00,nein,abfrage
SVI-BLK,37,1,gholdengo-ex,Gholdengo,178,660,595,268,49.2,palafin-ex,Palafin,1,100.0,1,0,0,overall,2026-10-09T06:43:47.458549+00:00,nein,abfrage
SVI-BLK,37,1,gholdengo-ex,Gholdengo,178,660,595,268,49.2,dragapult-iron-thorns,Dragapult Iron Thorns,1,33.33,0,0,1,overall,2026-10-09T06:43:47.458549+00:00,nein,abfrage
SVI-BLK,37,1,gholdengo-ex,Gholdengo,178,660,595,268,49.2,charizard-dragapult,Charizard Dragapult,1,33.33,0,0,1,overall,2026-10-09T06:43:47.458549+00:00,nein,abfrage
SVI-BLK,37,1,gholdengo-ex,Gholdengo,178,660,595,268,49.2,espathra-froslass,Espathra Froslass,1,0.0,0,1,0,overall,2026-10-09T06:43:47.458549+00:00,nein,abfrage
SVI-BLK,37,1,gholdengo-ex,Gholdengo,178,660,595,268,49.2,terapagos-noctowl,Terapagos Noctowl,1,100.0,1,0,0,overall,2026-10-09T06:43:47.458549+00:00,nein,abfrage
SVI-BLK,37,1,gholdengo-ex,Gholdengo,178,660,595,268,49.2,flareon-ex,Flareon,1,0.0,0,1,0,overall,2026-10-09T06:43:47.458549+00:00,nein,abfrage
SVI-BLK,37,1,gholdengo-joltik-box,Gholdengo Joltik Box,106,408,351,155,50.29,dragapult-dusknoir,Dragapult Dusknoir,129,50.65,58,49,22,overall,2026-10-09T06:43:49.275248+00:00,nein,abfrage
SVI-BLK,37,1,gholdengo-joltik-box,Gholdengo Joltik Box,106,408,351,155,50.29,raging-bolt-ogerpon,Raging Bolt Ogerpon,123,31.17,31,70,22,overall,2026-10-09T06:43:49.275248+00:00,nein,abfrage
SVI-BLK,37,1,gholdengo-joltik-box,Gholdengo Joltik Box,106,408,351,155,50.29,gholdengo-ex,Gholdengo,111,55.56,57,40,14,overall,2026-10-09T06:43:49.275248+00:00,nein,abfrage
SVI-BLK,37,1,gholdengo-joltik-box,Gholdengo Joltik Box,106,408,351,155,50.29,gardevoir-ex-sv,Gardevoir,102,64.05,58,22,22,overall,2026-10-09T06:43:49.275248+00:00,nein,abfrage
SVI-BLK,37,1,gholdengo-joltik-box,Gholdengo Joltik Box,106,408,351,155,50.29,charizard-pidgeot,Charizard Pidgeot,46,57.25,25,17,4,overall,2026-10-09T06:43:49.275248+00:00,nein,abfrage
SVI-BLK,37,1,gholdengo-joltik-box,Gholdengo Joltik Box,106,408,351,155,50.29,grimmsnarl-froslass,Grimmsnarl Froslass,41,64.23,22,6,13,overall,2026-10-09T06:43:49.275248+00:00,nein,abfrage
SVI-BLK,37,1,gholdengo-joltik-box,Gholdengo Joltik Box,106,408,351,155,50.29,dragapult-charizard,Dragapult Charizard,37,55.86,17,9,11,overall,2026-10-09T06:43:49.275248+00:00,nein,abfrage
SVI-BLK,37,1,gholdengo-joltik-box,Gholdengo Joltik Box,106,408,351,155,50.29,gholdengo-joltik-box,Gholdengo Joltik Box,29,47.13,24,24,10,overall,2026-10-09T06:43:49.275248+00:00,ja,abfrage
SVI-BLK,37,1,gholdengo-joltik-box,Gholdengo Joltik Box,106,408,351,155,50.29,tera-box,Tera Box,28,36.9,9,15,4,overall,2026-10-09T06:43:49.275248+00:00,nein,abfrage
SVI-BLK,37,1,gholdengo-joltik-box,Gholdengo Joltik Box,106,408,351,155,50.29,joltik-box,Joltik Box,26,37.18,9,15,2,overall,2026-10-09T06:43:49.275248+00:00,nein,abfrage
SVI-BLK,37,1,gholdengo-joltik-box,Gholdengo Joltik Box,106,408,351,155,50.29,dragapult-ex,Dragapult,23,46.38,9,9,5,overall,2026-10-09T06:43:49.275248+00:00,nein,abfrage
SVI-BLK,37,1,gholdengo-joltik-box,Gholdengo Joltik Box,106,408,351,155,50.29,ethan-typhlosion,Ethan's Typhlosion,20,38.33,7,11,2,overall,2026-10-09T06:43:49.275248+00:00,nein,abfrage
SVI-BLK,37,1,gholdengo-joltik-box,Gholdengo Joltik Box,106,408,351,155,50.29,gardevoir-jellicent,Gardevoir Jellicent,18,55.56,9,6,3,overall,2026-10-09T06:43:49.275248+00:00,nein,abfrage
SVI-BLK,37,1,gholdengo-joltik-box,Gholdengo Joltik Box,106,408,351,155,50.29,n-zoroark,N's Zoroark,18,62.96,10,4,4,overall,2026-10-09T06:43:49.275248+00:00,nein,abfrage
SVI-BLK,37,1,gholdengo-joltik-box,Gholdengo Joltik Box,106,408,351,155,50.29,flareon-noctowl,Flareon Noctowl,17,35.29,5,9,3,overall,2026-10-09T06:43:49.275248+00:00,nein,abfrage
SVI-BLK,37,1,gholdengo-joltik-box,Gholdengo Joltik Box,106,408,351,155,50.29,roaring-moon-ex,Roaring Moon,11,60.61,6,3,2,overall,2026-10-09T06:43:49.275248+00:00,nein,abfrage
SVI-BLK,37,1,gholdengo-joltik-box,Gholdengo Joltik Box,106,408,351,155,50.29,crustle-dri,Crustle,9,3.7,0,8,1,overall,2026-10-09T06:43:49.275248+00:00,nein,abfrage
SVI-BLK,37,1,gholdengo-joltik-box,Gholdengo Joltik Box,106,408,351,155,50.29,ho-oh-armarouge,Ho-Oh Armarouge,9,70.37,6,2,1,overall,2026-10-09T06:43:49.275248+00:00,nein,abfrage
SVI-BLK,37,1,gholdengo-joltik-box,Gholdengo Joltik Box,106,408,351,155,50.29,cynthia-garchomp-ex,Cynthia's Garchomp,7,57.14,4,3,0,overall,2026-10-09T06:43:49.275248+00:00,nein,abfrage
SVI-BLK,37,1,gholdengo-joltik-box,Gholdengo Joltik Box,106,408,351,155,50.29,charizard-noctowl,Charizard Noctowl,5,26.67,1,3,1,overall,2026-10-09T06:43:49.275248+00:00,nein,abfrage
SVI-BLK,37,1,gholdengo-joltik-box,Gholdengo Joltik Box,106,408,351,155,50.29,ceruledge-ex,Ceruledge,5,60.0,3,2,0,overall,2026-10-09T06:43:49.275248+00:00,nein,abfrage
SVI-BLK,37,1,gholdengo-joltik-box,Gholdengo Joltik Box,106,408,351,155,50.29,blissey-ex,Blissey,4,66.67,2,0,2,overall,2026-10-09T06:43:49.275248+00:00,nein,abfrage
SVI-BLK,37,1,gholdengo-joltik-box,Gholdengo Joltik Box,106,408,351,155,50.29,ogerpon-ex,Ogerpon,4,25.0,1,3,0,overall,2026-10-09T06:43:49.275248+00:00,nein,abfrage
SVI-BLK,37,1,gholdengo-joltik-box,Gholdengo Joltik Box,106,408,351,155,50.29,hydreigon-ex,Hydreigon,3,77.78,2,0,1,overall,2026-10-09T06:43:49.275248+00:00,nein,abfrage
SVI-BLK,37,1,gholdengo-joltik-box,Gholdengo Joltik Box,106,408,351,155,50.29,charizard-dusknoir,Charizard Dusknoir,3,66.67,2,1,0,overall,2026-10-09T06:43:49.275248+00:00,nein,abfrage
SVI-BLK,37,1,gholdengo-joltik-box,Gholdengo Joltik Box,106,408,351,155,50.29,miraidon-ex,Miraidon,3,33.33,1,2,0,overall,2026-10-09T06:43:49.275248+00:00,nein,abfrage
SVI-BLK,37,1,gholdengo-joltik-box,Gholdengo Joltik Box,106,408,351,155,50.29,rocket-mewtwo-ex,Rocket's Mewtwo,3,100.0,3,0,0,overall,2026-10-09T06:43:49.275248+00:00,nein,abfrage
SVI-BLK,37,1,gholdengo-joltik-box,Gholdengo Joltik Box,106,408,351,155,50.29,toedscruel-ex,Toedscruel,3,100.0,3,0,0,overall,2026-10-09T06:43:49.275248+00:00,nein,abfrage
SVI-BLK,37,1,gholdengo-joltik-box,Gholdengo Joltik Box,106,408,351,155,50.29,espathra-xatu,Espathra Xatu,2,16.67,0,1,1,overall,2026-10-09T06:43:49.275248+00:00,nein,abfrage
SVI-BLK,37,1,gholdengo-joltik-box,Gholdengo Joltik Box,106,408,351,155,50.29,slowking-scr,Slowking,2,100.0,2,0,0,overall,2026-10-09T06:43:49.275248+00:00,nein,abfrage
SVI-BLK,37,1,gholdengo-joltik-box,Gholdengo Joltik Box,106,408,351,155,50.29,flareon-ex,Flareon,2,100.0,2,0,0,overall,2026-10-09T06:43:49.275248+00:00,nein,abfrage
SVI-BLK,37,1,gholdengo-joltik-box,Gholdengo Joltik Box,106,408,351,155,50.29,charizard-dragapult,Charizard Dragapult,2,50.0,1,1,0,overall,2026-10-09T06:43:49.275248+00:00,nein,abfrage
SVI-BLK,37,1,gholdengo-joltik-box,Gholdengo Joltik Box,106,408,351,155,50.29,festival-lead,Festival Lead,2,33.33,0,0,2,overall,2026-10-09T06:43:49.275248+00:00,nein,abfrage
SVI-BLK,37,1,gholdengo-joltik-box,Gholdengo Joltik Box,106,408,351,155,50.29,farigiraf-milotic,Farigiraf Milotic,2,100.0,2,0,0,overall,2026-10-09T06:43:49.275248+00:00,nein,abfrage
SVI-BLK,37,1,gholdengo-joltik-box,Gholdengo Joltik Box,106,408,351,155,50.29,froslass-munkidori,Froslass Munkidori,2,50.0,1,1,0,overall,2026-10-09T06:43:49.275248+00:00,nein,abfrage
SVI-BLK,37,1,gholdengo-joltik-box,Gholdengo Joltik Box,106,408,351,155,50.29,mamoswine-ex,Mamoswine,2,100.0,2,0,0,overall,2026-10-09T06:43:49.275248+00:00,nein,abfrage
SVI-BLK,37,1,gholdengo-joltik-box,Gholdengo Joltik Box,106,408,351,155,50.29,archaludon-ex,Archaludon,2,50.0,1,1,0,overall,2026-10-09T06:43:49.275248+00:00,nein,abfrage
SVI-BLK,37,1,gholdengo-joltik-box,Gholdengo Joltik Box,106,408,351,155,50.29,palafin-ex,Palafin,2,100.0,2,0,0,overall,2026-10-09T06:43:49.275248+00:00,nein,abfrage
SVI-BLK,37,1,gholdengo-joltik-box,Gholdengo Joltik Box,106,408,351,155,50.29,rocket-spidops,Rocket's Spidops,2,16.67,0,1,1,overall,2026-10-09T06:43:49.275248+00:00,nein,abfrage
SVI-BLK,37,1,gholdengo-joltik-box,Gholdengo Joltik Box,106,408,351,155,50.29,pidgeot-control,Pidgeot Control,1,100.0,1,0,0,overall,2026-10-09T06:43:49.275248+00:00,nein,abfrage
SVI-BLK,37,1,gholdengo-joltik-box,Gholdengo Joltik Box,106,408,351,155,50.29,ethan-magcargo,Ethan's Magcargo,1,100.0,1,0,0,overall,2026-10-09T06:43:49.275248+00:00,nein,abfrage
SVI-BLK,37,1,gholdengo-joltik-box,Gholdengo Joltik Box,106,408,351,155,50.29,gholdengo-dragapult,Gholdengo Dragapult,1,33.33,0,0,1,overall,2026-10-09T06:43:49.275248+00:00,nein,abfrage
SVI-BLK,37,1,gholdengo-joltik-box,Gholdengo Joltik Box,106,408,351,155,50.29,rocket-nidoking-ex,Rocket's Nidoking,1,100.0,1,0,0,overall,2026-10-09T06:43:49.275248+00:00,nein,abfrage
SVI-BLK,37,1,gholdengo-joltik-box,Gholdengo Joltik Box,106,408,351,155,50.29,conkeldurr-twm,Conkeldurr,1,0.0,0,1,0,overall,2026-10-09T06:43:49.275248+00:00,nein,abfrage
SVI-BLK,37,1,gholdengo-joltik-box,Gholdengo Joltik Box,106,408,351,155,50.29,dragapult-blaziken,Dragapult Blaziken,1,100.0,1,0,0,overall,2026-10-09T06:43:49.275248+00:00,nein,abfrage
SVI-BLK,37,1,gholdengo-joltik-box,Gholdengo Joltik Box,106,408,351,155,50.29,seaking-pre,Seaking Festival Lead,1,0.0,0,1,0,overall,2026-10-09T06:43:49.275248+00:00,nein,abfrage
SVI-BLK,37,1,gholdengo-joltik-box,Gholdengo Joltik Box,106,408,351,155,50.29,other,Other,1,0.0,0,1,0,overall,2026-10-09T06:43:49.275248+00:00,nein,abfrage
SVI-BLK,37,1,gholdengo-joltik-box,Gholdengo Joltik Box,106,408,351,155,50.29,gholdengo-dudunsparce,Gholdengo Dudunsparce,1,100.0,1,0,0,overall,2026-10-09T06:43:49.275248+00:00,nein,abfrage
SVI-BLK,37,1,gholdengo-joltik-box,Gholdengo Joltik Box,106,408,351,155,50.29,azumarill-ssp,Azumarill,1,0.0,0,1,0,overall,2026-10-09T06:43:49.275248+00:00,nein,abfrage
SVI-BLK,37,1,gholdengo-joltik-box,Gholdengo Joltik Box,106,408,351,155,50.29,marnie-grimmsnarl-ex,Marnie's Grimmsnarl,1,0.0,0,1,0,overall,2026-10-09T06:43:49.275248+00:00,nein,abfrage
SVI-BLK,37,1,gholdengo-joltik-box,Gholdengo Joltik Box,106,408,351,155,50.29,espathra-froslass,Espathra Froslass,1,100.0,1,0,0,overall,2026-10-09T06:43:49.275248+00:00,nein,abfrage
SVI-BLK,37,1,gholdengo-joltik-box,Gholdengo Joltik Box,106,408,351,155,50.29,terapagos-noctowl,Terapagos Noctowl,1,0.0,0,1,0,overall,2026-10-09T06:43:49.275248+00:00,nein,abfrage
SVI-BLK,37,1,gholdengo-joltik-box,Gholdengo Joltik Box,106,408,351,155,50.29,iron-thorns-ex,Iron Thorns,1,0.0,0,1,0,overall,2026-10-09T06:43:49.275248+00:00,nein,abfrage
SVI-BLK,37,1,gholdengo-joltik-box,Gholdengo Joltik Box,106,408,351,155,50.29,sinistcha-ogerpon,Sinistcha Ogerpon,1,100.0,1,0,0,overall,2026-10-09T06:43:49.275248+00:00,nein,abfrage
SVI-BLK,37,1,gholdengo-joltik-box,Gholdengo Joltik Box,106,408,351,155,50.29,greninja-blaziken,Greninja Blaziken,1,33.33,0,0,1,overall,2026-10-09T06:43:49.275248+00:00,nein,abfrage
SVI-BLK,37,1,gholdengo-joltik-box,Gholdengo Joltik Box,106,408,351,155,50.29,miraidon-eelektrik,Miraidon Eelektrik,1,100.0,1,0,0,overall,2026-10-09T06:43:49.275248+00:00,nein,abfrage
SVI-BLK,37,1,greninja-blaziken,Greninja Blaziken,1,1,4,3,25.0,hop-zacian,Hop's Zacian,1,0.0,0,1,0,overall,2026-10-09T06:43:51.106778+00:00,nein,abfrage
SVI-BLK,37,1,greninja-blaziken,Greninja Blaziken,1,1,4,3,25.0,joltik-box,Joltik Box,1,0.0,0,1,0,overall,2026-10-09T06:43:51.106778+00:00,nein,abfrage
SVI-BLK,37,1,greninja-blaziken,Greninja Blaziken,1,1,4,3,25.0,grimmsnarl-froslass,Grimmsnarl Froslass,1,100.0,1,0,0,overall,2026-10-09T06:43:51.106778+00:00,nein,abfrage
SVI-BLK,37,1,greninja-blaziken,Greninja Blaziken,1,1,4,3,25.0,dragapult-ex,Dragapult,1,0.0,0,1,0,overall,2026-10-09T06:43:51.106778+00:00,nein,abfrage
SVI-BLK,37,1,greninja-blaziken,Greninja Blaziken,1,1,4,3,25.0,gardevoir-ex-sv,Gardevoir,1,0.0,0,1,0,overall,2026-10-09T06:43:51.106778+00:00,nein,abfrage
SVI-BLK,37,1,greninja-blaziken,Greninja Blaziken,1,1,4,3,25.0,charizard-pidgeot,Charizard Pidgeot,1,33.33,0,0,1,overall,2026-10-09T06:43:51.106778+00:00,nein,abfrage
SVI-BLK,37,1,greninja-blaziken,Greninja Blaziken,1,1,4,3,25.0,dragapult-dusknoir,Dragapult Dusknoir,1,33.33,0,0,1,overall,2026-10-09T06:43:51.106778+00:00,nein,abfrage
SVI-BLK,37,1,greninja-blaziken,Greninja Blaziken,1,1,4,3,25.0,gholdengo-joltik-box,Gholdengo Joltik Box,1,33.33,0,0,1,overall,2026-10-09T06:43:51.106778+00:00,nein,abfrage
SVI-BLK,37,1,grimmsnarl-froslass,Grimmsnarl Froslass,78,227,268,124,43.35,raging-bolt-ogerpon,Raging Bolt Ogerpon,105,29.84,24,59,22,overall,2026-10-09T06:43:52.926663+00:00,nein,abfrage
SVI-BLK,37,1,grimmsnarl-froslass,Grimmsnarl Froslass,78,227,268,124,43.35,dragapult-dusknoir,Dragapult Dusknoir,77,49.78,32,26,19,overall,2026-10-09T06:43:52.926663+00:00,nein,abfrage
SVI-BLK,37,1,grimmsnarl-froslass,Grimmsnarl Froslass,78,227,268,124,43.35,gholdengo-ex,Gholdengo,68,33.33,19,38,11,overall,2026-10-09T06:43:52.926663+00:00,nein,abfrage
SVI-BLK,37,1,grimmsnarl-froslass,Grimmsnarl Froslass,78,227,268,124,43.35,gardevoir-ex-sv,Gardevoir,57,69.59,37,12,8,overall,2026-10-09T06:43:52.926663+00:00,nein,abfrage
SVI-BLK,37,1,grimmsnarl-froslass,Grimmsnarl Froslass,78,227,268,124,43.35,charizard-pidgeot,Charizard Pidgeot,41,47.97,17,16,8,overall,2026-10-09T06:43:52.926663+00:00,nein,abfrage
SVI-BLK,37,1,grimmsnarl-froslass,Grimmsnarl Froslass,78,227,268,124,43.35,gholdengo-joltik-box,Gholdengo Joltik Box,41,25.2,6,22,13,overall,2026-10-09T06:43:52.926663+00:00,nein,abfrage
SVI-BLK,37,1,grimmsnarl-froslass,Grimmsnarl Froslass,78,227,268,124,43.35,dragapult-charizard,Dragapult Charizard,37,45.05,14,15,8,overall,2026-10-09T06:43:52.926663+00:00,nein,abfrage
SVI-BLK,37,1,grimmsnarl-froslass,Grimmsnarl Froslass,78,227,268,124,43.35,dragapult-ex,Dragapult,20,66.67,13,6,1,overall,2026-10-09T06:43:52.926663+00:00,nein,abfrage
SVI-BLK,37,1,grimmsnarl-froslass,Grimmsnarl Froslass,78,227,268,124,43.35,tera-box,Tera Box,18,55.56,9,6,3,overall,2026-10-09T06:43:52.926663+00:00,nein,abfrage
SVI-BLK,37,1,grimmsnarl-froslass,Grimmsnarl Froslass,78,227,268,124,43.35,grimmsnarl-froslass,Grimmsnarl Froslass,17,46.08,13,13,8,overall,2026-10-09T06:43:52.926663+00:00,ja,abfrage
SVI-BLK,37,1,grimmsnarl-froslass,Grimmsnarl Froslass,78,227,268,124,43.35,ethan-typhlosion,Ethan's Typhlosion,14,52.38,6,4,4,overall,2026-10-09T06:43:52.926663+00:00,nein,abfrage
SVI-BLK,37,1,grimmsnarl-froslass,Grimmsnarl Froslass,78,227,268,124,43.35,joltik-box,Joltik Box,11,21.21,2,8,1,overall,2026-10-09T06:43:52.926663+00:00,nein,abfrage
SVI-BLK,37,1,grimmsnarl-froslass,Grimmsnarl Froslass,78,227,268,124,43.35,n-zoroark,N's Zoroark,8,33.33,2,4,2,overall,2026-10-09T06:43:52.926663+00:00,nein,abfrage
SVI-BLK,37,1,grimmsnarl-froslass,Grimmsnarl Froslass,78,227,268,124,43.35,flareon-noctowl,Flareon Noctowl,8,25.0,1,4,3,overall,2026-10-09T06:43:52.926663+00:00,nein,abfrage
SVI-BLK,37,1,grimmsnarl-froslass,Grimmsnarl Froslass,78,227,268,124,43.35,gardevoir-jellicent,Gardevoir Jellicent,7,76.19,5,1,1,overall,2026-10-09T06:43:52.926663+00:00,nein,abfrage
SVI-BLK,37,1,grimmsnarl-froslass,Grimmsnarl Froslass,78,227,268,124,43.35,ho-oh-armarouge,Ho-Oh Armarouge,6,66.67,4,2,0,overall,2026-10-09T06:43:52.926663+00:00,nein,abfrage
SVI-BLK,37,1,grimmsnarl-froslass,Grimmsnarl Froslass,78,227,268,124,43.35,archaludon-ex,Archaludon,5,46.67,2,2,1,overall,2026-10-09T06:43:52.926663+00:00,nein,abfrage
SVI-BLK,37,1,grimmsnarl-froslass,Grimmsnarl Froslass,78,227,268,124,43.35,other,Other,5,73.33,3,0,2,overall,2026-10-09T06:43:52.926663+00:00,nein,abfrage
SVI-BLK,37,1,grimmsnarl-froslass,Grimmsnarl Froslass,78,227,268,124,43.35,toedscruel-ex,Toedscruel,5,13.33,0,3,2,overall,2026-10-09T06:43:52.926663+00:00,nein,abfrage
SVI-BLK,37,1,grimmsnarl-froslass,Grimmsnarl Froslass,78,227,268,124,43.35,roaring-moon-ex,Roaring Moon,4,58.33,2,1,1,overall,2026-10-09T06:43:52.926663+00:00,nein,abfrage
SVI-BLK,37,1,grimmsnarl-froslass,Grimmsnarl Froslass,78,227,268,124,43.35,blissey-ex,Blissey,4,33.33,1,2,1,overall,2026-10-09T06:43:52.926663+00:00,nein,abfrage
SVI-BLK,37,1,grimmsnarl-froslass,Grimmsnarl Froslass,78,227,268,124,43.35,ceruledge-ex,Ceruledge,4,58.33,2,1,1,overall,2026-10-09T06:43:52.926663+00:00,nein,abfrage
SVI-BLK,37,1,grimmsnarl-froslass,Grimmsnarl Froslass,78,227,268,124,43.35,cynthia-garchomp-ex,Cynthia's Garchomp,3,66.67,2,1,0,overall,2026-10-09T06:43:52.926663+00:00,nein,abfrage
SVI-BLK,37,1,grimmsnarl-froslass,Grimmsnarl Froslass,78,227,268,124,43.35,rocket-mewtwo-ex,Rocket's Mewtwo,3,33.33,0,0,3,overall,2026-10-09T06:43:52.926663+00:00,nein,abfrage
SVI-BLK,37,1,grimmsnarl-froslass,Grimmsnarl Froslass,78,227,268,124,43.35,charizard-noctowl,Charizard Noctowl,3,33.33,1,2,0,overall,2026-10-09T06:43:52.926663+00:00,nein,abfrage
SVI-BLK,37,1,grimmsnarl-froslass,Grimmsnarl Froslass,78,227,268,124,43.35,charizard-dusknoir,Charizard Dusknoir,3,44.44,1,1,1,overall,2026-10-09T06:43:52.926663+00:00,nein,abfrage
SVI-BLK,37,1,grimmsnarl-froslass,Grimmsnarl Froslass,78,227,268,124,43.35,crustle-dri,Crustle,2,0.0,0,2,0,overall,2026-10-09T06:43:52.926663+00:00,nein,abfrage
SVI-BLK,37,1,grimmsnarl-froslass,Grimmsnarl Froslass,78,227,268,124,43.35,ogerpon-ex,Ogerpon,2,50.0,1,1,0,overall,2026-10-09T06:43:52.926663+00:00,nein,abfrage
SVI-BLK,37,1,grimmsnarl-froslass,Grimmsnarl Froslass,78,227,268,124,43.35,miraidon-ex,Miraidon,2,0.0,0,2,0,overall,2026-10-09T06:43:52.926663+00:00,nein,abfrage
SVI-BLK,37,1,grimmsnarl-froslass,Grimmsnarl Froslass,78,227,268,124,43.35,hop-zacian,Hop's Zacian,2,0.0,0,2,0,overall,2026-10-09T06:43:52.926663+00:00,nein,abfrage
SVI-BLK,37,1,grimmsnarl-froslass,Grimmsnarl Froslass,78,227,268,124,43.35,dragapult-iron-thorns,Dragapult Iron Thorns,2,50.0,1,1,0,overall,2026-10-09T06:43:52.926663+00:00,nein,abfrage
SVI-BLK,37,1,grimmsnarl-froslass,Grimmsnarl Froslass,78,227,268,124,43.35,terapagos-noctowl,Terapagos Noctowl,1,100.0,1,0,0,overall,2026-10-09T06:43:52.926663+00:00,nein,abfrage
SVI-BLK,37,1,grimmsnarl-froslass,Grimmsnarl Froslass,78,227,268,124,43.35,marnie-grimmsnarl-ex,Marnie's Grimmsnarl,1,0.0,0,1,0,overall,2026-10-09T06:43:52.926663+00:00,nein,abfrage
SVI-BLK,37,1,grimmsnarl-froslass,Grimmsnarl Froslass,78,227,268,124,43.35,sinistcha-ogerpon,Sinistcha Ogerpon,1,0.0,0,1,0,overall,2026-10-09T06:43:52.926663+00:00,nein,abfrage
SVI-BLK,37,1,grimmsnarl-froslass,Grimmsnarl Froslass,78,227,268,124,43.35,palafin-ex,Palafin,1,100.0,1,0,0,overall,2026-10-09T06:43:52.926663+00:00,nein,abfrage
SVI-BLK,37,1,grimmsnarl-froslass,Grimmsnarl Froslass,78,227,268,124,43.35,slowking-scr,Slowking,1,0.0,0,1,0,overall,2026-10-09T06:43:52.926663+00:00,nein,abfrage
SVI-BLK,37,1,grimmsnarl-froslass,Grimmsnarl Froslass,78,227,268,124,43.35,greninja-blaziken,Greninja Blaziken,1,0.0,0,1,0,overall,2026-10-09T06:43:52.926663+00:00,nein,abfrage
SVI-BLK,37,1,grimmsnarl-froslass,Grimmsnarl Froslass,78,227,268,124,43.35,charizard-dragapult,Charizard Dragapult,1,100.0,1,0,0,overall,2026-10-09T06:43:52.926663+00:00,nein,abfrage
SVI-BLK,37,1,grimmsnarl-froslass,Grimmsnarl Froslass,78,227,268,124,43.35,flareon-ex,Flareon,1,0.0,0,1,0,overall,2026-10-09T06:43:52.926663+00:00,nein,abfrage
SVI-BLK,37,1,grimmsnarl-froslass,Grimmsnarl Froslass,78,227,268,124,43.35,iron-thorns-ex,Iron Thorns,1,0.0,0,1,0,overall,2026-10-09T06:43:52.926663+00:00,nein,abfrage
SVI-BLK,37,1,grimmsnarl-froslass,Grimmsnarl Froslass,78,227,268,124,43.35,hydreigon-ex,Hydreigon,1,0.0,0,1,0,overall,2026-10-09T06:43:52.926663+00:00,nein,abfrage
SVI-BLK,37,1,grimmsnarl-froslass,Grimmsnarl Froslass,78,227,268,124,43.35,espathra-xatu,Espathra Xatu,1,0.0,0,1,0,overall,2026-10-09T06:43:52.926663+00:00,nein,abfrage
SVI-BLK,37,1,grimmsnarl-froslass,Grimmsnarl Froslass,78,227,268,124,43.35,reging-bolt-bellibolt,Raging Bolt Bellibolt,1,100.0,1,0,0,overall,2026-10-09T06:43:52.926663+00:00,nein,abfrage
SVI-BLK,37,1,grimmsnarl-froslass,Grimmsnarl Froslass,78,227,268,124,43.35,spidops-ex,Spidops,1,100.0,1,0,0,overall,2026-10-09T06:43:52.926663+00:00,nein,abfrage
SVI-BLK,37,1,ho-oh-armarouge,Ho-Oh Armarouge,19,54,60,29,44.52,raging-bolt-ogerpon,Raging Bolt Ogerpon,24,44.44,9,10,5,overall,2026-10-09T06:43:54.751028+00:00,nein,abfrage
SVI-BLK,37,1,ho-oh-armarouge,Ho-Oh Armarouge,19,54,60,29,44.52,gardevoir-ex-sv,Gardevoir,24,36.11,7,12,5,overall,2026-10-09T06:43:54.751028+00:00,nein,abfrage
SVI-BLK,37,1,ho-oh-armarouge,Ho-Oh Armarouge,19,54,60,29,44.52,dragapult-dusknoir,Dragapult Dusknoir,23,49.28,9,7,7,overall,2026-10-09T06:43:54.751028+00:00,nein,abfrage
SVI-BLK,37,1,ho-oh-armarouge,Ho-Oh Armarouge,19,54,60,29,44.52,gholdengo-joltik-box,Gholdengo Joltik Box,9,25.93,2,6,1,overall,2026-10-09T06:43:54.751028+00:00,nein,abfrage
SVI-BLK,37,1,ho-oh-armarouge,Ho-Oh Armarouge,19,54,60,29,44.52,gholdengo-ex,Gholdengo,7,33.33,1,2,4,overall,2026-10-09T06:43:54.751028+00:00,nein,abfrage
SVI-BLK,37,1,ho-oh-armarouge,Ho-Oh Armarouge,19,54,60,29,44.52,charizard-pidgeot,Charizard Pidgeot,7,42.86,3,4,0,overall,2026-10-09T06:43:54.751028+00:00,nein,abfrage
SVI-BLK,37,1,ho-oh-armarouge,Ho-Oh Armarouge,19,54,60,29,44.52,dragapult-charizard,Dragapult Charizard,6,66.67,4,2,0,overall,2026-10-09T06:43:54.751028+00:00,nein,abfrage
SVI-BLK,37,1,ho-oh-armarouge,Ho-Oh Armarouge,19,54,60,29,44.52,grimmsnarl-froslass,Grimmsnarl Froslass,6,33.33,2,4,0,overall,2026-10-09T06:43:54.751028+00:00,nein,abfrage
SVI-BLK,37,1,ho-oh-armarouge,Ho-Oh Armarouge,19,54,60,29,44.52,dragapult-ex,Dragapult,5,86.67,4,0,1,overall,2026-10-09T06:43:54.751028+00:00,nein,abfrage
SVI-BLK,37,1,ho-oh-armarouge,Ho-Oh Armarouge,19,54,60,29,44.52,joltik-box,Joltik Box,5,20.0,0,2,3,overall,2026-10-09T06:43:54.751028+00:00,nein,abfrage
SVI-BLK,37,1,ho-oh-armarouge,Ho-Oh Armarouge,19,54,60,29,44.52,ethan-typhlosion,Ethan's Typhlosion,4,75.0,3,1,0,overall,2026-10-09T06:43:54.751028+00:00,nein,abfrage
SVI-BLK,37,1,ho-oh-armarouge,Ho-Oh Armarouge,19,54,60,29,44.52,flareon-noctowl,Flareon Noctowl,3,33.33,1,2,0,overall,2026-10-09T06:43:54.751028+00:00,nein,abfrage
SVI-BLK,37,1,ho-oh-armarouge,Ho-Oh Armarouge,19,54,60,29,44.52,tera-box,Tera Box,3,33.33,1,2,0,overall,2026-10-09T06:43:54.751028+00:00,nein,abfrage
SVI-BLK,37,1,ho-oh-armarouge,Ho-Oh Armarouge,19,54,60,29,44.52,blissey-ex,Blissey,2,100.0,2,0,0,overall,2026-10-09T06:43:54.751028+00:00,nein,abfrage
SVI-BLK,37,1,ho-oh-armarouge,Ho-Oh Armarouge,19,54,60,29,44.52,gardevoir-jellicent,Gardevoir Jellicent,2,100.0,2,0,0,overall,2026-10-09T06:43:54.751028+00:00,nein,abfrage
SVI-BLK,37,1,ho-oh-armarouge,Ho-Oh Armarouge,19,54,60,29,44.52,marnie-grimmsnarl-ex,Marnie's Grimmsnarl,1,100.0,1,0,0,overall,2026-10-09T06:43:54.751028+00:00,nein,abfrage
SVI-BLK,37,1,ho-oh-armarouge,Ho-Oh Armarouge,19,54,60,29,44.52,charizard-dusknoir,Charizard Dusknoir,1,0.0,0,1,0,overall,2026-10-09T06:43:54.751028+00:00,nein,abfrage
SVI-BLK,37,1,ho-oh-armarouge,Ho-Oh Armarouge,19,54,60,29,44.52,hop-zacian,Hop's Zacian,1,33.33,0,0,1,overall,2026-10-09T06:43:54.751028+00:00,nein,abfrage
SVI-BLK,37,1,ho-oh-armarouge,Ho-Oh Armarouge,19,54,60,29,44.52,hydreigon-ex,Hydreigon,1,0.0,0,1,0,overall,2026-10-09T06:43:54.751028+00:00,nein,abfrage
SVI-BLK,37,1,ho-oh-armarouge,Ho-Oh Armarouge,19,54,60,29,44.52,roaring-moon-ex,Roaring Moon,1,33.33,0,0,1,overall,2026-10-09T06:43:54.751028+00:00,nein,abfrage
SVI-BLK,37,1,ho-oh-armarouge,Ho-Oh Armarouge,19,54,60,29,44.52,ceruledge-ex,Ceruledge,1,33.33,0,0,1,overall,2026-10-09T06:43:54.751028+00:00,nein,abfrage
SVI-BLK,37,1,ho-oh-armarouge,Ho-Oh Armarouge,19,54,60,29,44.52,ethan-magcargo,Ethan's Magcargo,1,0.0,0,1,0,overall,2026-10-09T06:43:54.751028+00:00,nein,abfrage
SVI-BLK,37,1,ho-oh-armarouge,Ho-Oh Armarouge,19,54,60,29,44.52,flareon-ex,Flareon,1,100.0,1,0,0,overall,2026-10-09T06:43:54.751028+00:00,nein,abfrage
SVI-BLK,37,1,ho-oh-armarouge,Ho-Oh Armarouge,19,54,60,29,44.52,cynthia-garchomp-ex,Cynthia's Garchomp,1,0.0,0,1,0,overall,2026-10-09T06:43:54.751028+00:00,nein,abfrage
SVI-BLK,37,1,ho-oh-armarouge,Ho-Oh Armarouge,19,54,60,29,44.52,other,Other,1,100.0,1,0,0,overall,2026-10-09T06:43:54.751028+00:00,nein,abfrage
SVI-BLK,37,1,ho-oh-armarouge,Ho-Oh Armarouge,19,54,60,29,44.52,reging-bolt-bellibolt,Raging Bolt Bellibolt,1,0.0,0,1,0,overall,2026-10-09T06:43:54.751028+00:00,nein,abfrage
SVI-BLK,37,1,ho-oh-armarouge,Ho-Oh Armarouge,19,54,60,29,44.52,sinistcha-ogerpon,Sinistcha Ogerpon,1,0.0,0,1,0,overall,2026-10-09T06:43:54.751028+00:00,nein,abfrage
SVI-BLK,37,1,hop-zacian,Hop's Zacian,3,8,10,3,42.86,dragapult-ex,Dragapult,3,0.0,0,3,0,overall,2026-10-09T06:43:56.585655+00:00,nein,abfrage
SVI-BLK,37,1,hop-zacian,Hop's Zacian,3,8,10,3,42.86,raging-bolt-ogerpon,Raging Bolt Ogerpon,3,11.11,0,2,1,overall,2026-10-09T06:43:56.585655+00:00,nein,abfrage
SVI-BLK,37,1,hop-zacian,Hop's Zacian,3,8,10,3,42.86,gardevoir-ex-sv,Gardevoir,2,50.0,1,1,0,overall,2026-10-09T06:43:56.585655+00:00,nein,abfrage
SVI-BLK,37,1,hop-zacian,Hop's Zacian,3,8,10,3,42.86,grimmsnarl-froslass,Grimmsnarl Froslass,2,100.0,2,0,0,overall,2026-10-09T06:43:56.585655+00:00,nein,abfrage
SVI-BLK,37,1,hop-zacian,Hop's Zacian,3,8,10,3,42.86,greninja-blaziken,Greninja Blaziken,1,100.0,1,0,0,overall,2026-10-09T06:43:56.585655+00:00,nein,abfrage
SVI-BLK,37,1,hop-zacian,Hop's Zacian,3,8,10,3,42.86,festival-lead,Festival Lead,1,100.0,1,0,0,overall,2026-10-09T06:43:56.585655+00:00,nein,abfrage
SVI-BLK,37,1,hop-zacian,Hop's Zacian,3,8,10,3,42.86,palafin-ex,Palafin,1,100.0,1,0,0,overall,2026-10-09T06:43:56.585655+00:00,nein,abfrage
SVI-BLK,37,1,hop-zacian,Hop's Zacian,3,8,10,3,42.86,ho-oh-armarouge,Ho-Oh Armarouge,1,33.33,0,0,1,overall,2026-10-09T06:43:56.585655+00:00,nein,abfrage
SVI-BLK,37,1,hop-zacian,Hop's Zacian,3,8,10,3,42.86,gholdengo-ex,Gholdengo,1,0.0,0,1,0,overall,2026-10-09T06:43:56.585655+00:00,nein,abfrage
SVI-BLK,37,1,hop-zacian,Hop's Zacian,3,8,10,3,42.86,joltik-box,Joltik Box,1,100.0,1,0,0,overall,2026-10-09T06:43:56.585655+00:00,nein,abfrage
SVI-BLK,37,1,hop-zacian,Hop's Zacian,3,8,10,3,42.86,n-zoroark,N's Zoroark,1,33.33,0,0,1,overall,2026-10-09T06:43:56.585655+00:00,nein,abfrage
SVI-BLK,37,1,hop-zacian,Hop's Zacian,3,8,10,3,42.86,dragapult-dusknoir,Dragapult Dusknoir,1,0.0,0,1,0,overall,2026-10-09T06:43:56.585655+00:00,nein,abfrage
SVI-BLK,37,1,hop-zacian,Hop's Zacian,3,8,10,3,42.86,tinkaton-ex,Tinkaton,1,0.0,0,1,0,overall,2026-10-09T06:43:56.585655+00:00,nein,abfrage
SVI-BLK,37,1,hop-zacian,Hop's Zacian,3,8,10,3,42.86,rocket-mewtwo-ex,Rocket's Mewtwo,1,100.0,1,0,0,overall,2026-10-09T06:43:56.585655+00:00,nein,abfrage
SVI-BLK,37,1,hop-zacian,Hop's Zacian,3,8,10,3,42.86,ethan-typhlosion,Ethan's Typhlosion,1,0.0,0,1,0,overall,2026-10-09T06:43:56.585655+00:00,nein,abfrage
SVI-BLK,37,1,hydreigon-ex,Hydreigon,6,16,24,5,39.26,dragapult-dusknoir,Dragapult Dusknoir,8,37.5,3,5,0,overall,2026-10-09T06:43:58.413090+00:00,nein,abfrage
SVI-BLK,37,1,hydreigon-ex,Hydreigon,6,16,24,5,39.26,gholdengo-ex,Gholdengo,6,33.33,2,4,0,overall,2026-10-09T06:43:58.413090+00:00,nein,abfrage
SVI-BLK,37,1,hydreigon-ex,Hydreigon,6,16,24,5,39.26,gardevoir-ex-sv,Gardevoir,4,41.67,1,1,2,overall,2026-10-09T06:43:58.413090+00:00,nein,abfrage
SVI-BLK,37,1,hydreigon-ex,Hydreigon,6,16,24,5,39.26,charizard-pidgeot,Charizard Pidgeot,4,58.33,2,1,1,overall,2026-10-09T06:43:58.413090+00:00,nein,abfrage
SVI-BLK,37,1,hydreigon-ex,Hydreigon,6,16,24,5,39.26,raging-bolt-ogerpon,Raging Bolt Ogerpon,4,50.0,2,2,0,overall,2026-10-09T06:43:58.413090+00:00,nein,abfrage
SVI-BLK,37,1,hydreigon-ex,Hydreigon,6,16,24,5,39.26,gholdengo-joltik-box,Gholdengo Joltik Box,3,11.11,0,2,1,overall,2026-10-09T06:43:58.413090+00:00,nein,abfrage
SVI-BLK,37,1,hydreigon-ex,Hydreigon,6,16,24,5,39.26,ethan-typhlosion,Ethan's Typhlosion,3,44.44,1,1,1,overall,2026-10-09T06:43:58.413090+00:00,nein,abfrage
SVI-BLK,37,1,hydreigon-ex,Hydreigon,6,16,24,5,39.26,dragapult-charizard,Dragapult Charizard,3,66.67,2,1,0,overall,2026-10-09T06:43:58.413090+00:00,nein,abfrage
SVI-BLK,37,1,hydreigon-ex,Hydreigon,6,16,24,5,39.26,roaring-moon-ex,Roaring Moon,2,0.0,0,2,0,overall,2026-10-09T06:43:58.413090+00:00,nein,abfrage
SVI-BLK,37,1,hydreigon-ex,Hydreigon,6,16,24,5,39.26,ho-oh-armarouge,Ho-Oh Armarouge,1,100.0,1,0,0,overall,2026-10-09T06:43:58.413090+00:00,nein,abfrage
SVI-BLK,37,1,hydreigon-ex,Hydreigon,6,16,24,5,39.26,ogerpon-ex,Ogerpon,1,0.0,0,1,0,overall,2026-10-09T06:43:58.413090+00:00,nein,abfrage
SVI-BLK,37,1,hydreigon-ex,Hydreigon,6,16,24,5,39.26,miraidon-eelektrik,Miraidon Eelektrik,1,0.0,0,1,0,overall,2026-10-09T06:43:58.413090+00:00,nein,abfrage
SVI-BLK,37,1,hydreigon-ex,Hydreigon,6,16,24,5,39.26,joltik-box,Joltik Box,1,0.0,0,1,0,overall,2026-10-09T06:43:58.413090+00:00,nein,abfrage
SVI-BLK,37,1,hydreigon-ex,Hydreigon,6,16,24,5,39.26,dragapult-ex,Dragapult,1,100.0,1,0,0,overall,2026-10-09T06:43:58.413090+00:00,nein,abfrage
SVI-BLK,37,1,hydreigon-ex,Hydreigon,6,16,24,5,39.26,flareon-noctowl,Flareon Noctowl,1,0.0,0,1,0,overall,2026-10-09T06:43:58.413090+00:00,nein,abfrage
SVI-BLK,37,1,hydreigon-ex,Hydreigon,6,16,24,5,39.26,cynthia-garchomp-ex,Cynthia's Garchomp,1,0.0,0,1,0,overall,2026-10-09T06:43:58.413090+00:00,nein,abfrage
SVI-BLK,37,1,hydreigon-ex,Hydreigon,6,16,24,5,39.26,grimmsnarl-froslass,Grimmsnarl Froslass,1,100.0,1,0,0,overall,2026-10-09T06:43:58.413090+00:00,nein,abfrage
SVI-BLK,37,1,iron-thorns-ex,Iron Thorns,1,10,2,1,79.49,gholdengo-ex,Gholdengo,2,100.0,2,0,0,overall,2026-10-09T06:44:00.278523+00:00,nein,abfrage
SVI-BLK,37,1,iron-thorns-ex,Iron Thorns,1,10,2,1,79.49,toedscruel-ex,Toedscruel,1,100.0,1,0,0,overall,2026-10-09T06:44:00.278523+00:00,nein,abfrage
SVI-BLK,37,1,iron-thorns-ex,Iron Thorns,1,10,2,1,79.49,ethan-typhlosion,Ethan's Typhlosion,1,0.0,0,1,0,overall,2026-10-09T06:44:00.278523+00:00,nein,abfrage
SVI-BLK,37,1,iron-thorns-ex,Iron Thorns,1,10,2,1,79.49,dragapult-charizard,Dragapult Charizard,1,0.0,0,1,0,overall,2026-10-09T06:44:00.278523+00:00,nein,abfrage
SVI-BLK,37,1,iron-thorns-ex,Iron Thorns,1,10,2,1,79.49,grimmsnarl-froslass,Grimmsnarl Froslass,1,100.0,1,0,0,overall,2026-10-09T06:44:00.278523+00:00,nein,abfrage
SVI-BLK,37,1,iron-thorns-ex,Iron Thorns,1,10,2,1,79.49,tera-box,Tera Box,1,100.0,1,0,0,overall,2026-10-09T06:44:00.278523+00:00,nein,abfrage
SVI-BLK,37,1,iron-thorns-ex,Iron Thorns,1,10,2,1,79.49,gholdengo-joltik-box,Gholdengo Joltik Box,1,100.0,1,0,0,overall,2026-10-09T06:44:00.278523+00:00,nein,abfrage
SVI-BLK,37,1,iron-thorns-ex,Iron Thorns,1,10,2,1,79.49,raging-bolt-ogerpon,Raging Bolt Ogerpon,1,33.33,0,0,1,overall,2026-10-09T06:44:00.278523+00:00,nein,abfrage
SVI-BLK,37,1,iron-thorns-ex,Iron Thorns,1,10,2,1,79.49,charizard-pidgeot,Charizard Pidgeot,1,100.0,1,0,0,overall,2026-10-09T06:44:00.278523+00:00,nein,abfrage
SVI-BLK,37,1,iron-thorns-ex,Iron Thorns,1,10,2,1,79.49,dragapult-dusknoir,Dragapult Dusknoir,1,100.0,1,0,0,overall,2026-10-09T06:44:00.278523+00:00,nein,abfrage
SVI-BLK,37,1,iron-thorns-ex,Iron Thorns,1,10,2,1,79.49,gardevoir-ex-sv,Gardevoir,1,100.0,1,0,0,overall,2026-10-09T06:44:00.278523+00:00,nein,abfrage
SVI-BLK,37,1,joltik-box,Joltik Box,57,193,175,91,48.66,raging-bolt-ogerpon,Raging Bolt Ogerpon,71,39.91,23,32,16,overall,2026-10-09T06:44:02.107690+00:00,nein,abfrage
SVI-BLK,37,1,joltik-box,Joltik Box,57,193,175,91,48.66,dragapult-dusknoir,Dragapult Dusknoir,65,46.67,28,30,7,overall,2026-10-09T06:44:02.107690+00:00,nein,abfrage
SVI-BLK,37,1,joltik-box,Joltik Box,57,193,175,91,48.66,gholdengo-ex,Gholdengo,51,49.67,22,19,10,overall,2026-10-09T06:44:02.107690+00:00,nein,abfrage
SVI-BLK,37,1,joltik-box,Joltik Box,57,193,175,91,48.66,charizard-pidgeot,Charizard Pidgeot,46,48.55,20,19,7,overall,2026-10-09T06:44:02.107690+00:00,nein,abfrage
SVI-BLK,37,1,joltik-box,Joltik Box,57,193,175,91,48.66,gardevoir-ex-sv,Gardevoir,43,51.16,18,13,12,overall,2026-10-09T06:44:02.107690+00:00,nein,abfrage
SVI-BLK,37,1,joltik-box,Joltik Box,57,193,175,91,48.66,gholdengo-joltik-box,Gholdengo Joltik Box,26,60.26,15,9,2,overall,2026-10-09T06:44:02.107690+00:00,nein,abfrage
SVI-BLK,37,1,joltik-box,Joltik Box,57,193,175,91,48.66,dragapult-charizard,Dragapult Charizard,18,48.15,8,8,2,overall,2026-10-09T06:44:02.107690+00:00,nein,abfrage
SVI-BLK,37,1,joltik-box,Joltik Box,57,193,175,91,48.66,flareon-noctowl,Flareon Noctowl,12,63.89,7,3,2,overall,2026-10-09T06:44:02.107690+00:00,nein,abfrage
SVI-BLK,37,1,joltik-box,Joltik Box,57,193,175,91,48.66,dragapult-ex,Dragapult,12,41.67,3,3,6,overall,2026-10-09T06:44:02.107690+00:00,nein,abfrage
SVI-BLK,37,1,joltik-box,Joltik Box,57,193,175,91,48.66,grimmsnarl-froslass,Grimmsnarl Froslass,11,75.76,8,2,1,overall,2026-10-09T06:44:02.107690+00:00,nein,abfrage
SVI-BLK,37,1,joltik-box,Joltik Box,57,193,175,91,48.66,tera-box,Tera Box,11,27.27,2,6,3,overall,2026-10-09T06:44:02.107690+00:00,nein,abfrage
SVI-BLK,37,1,joltik-box,Joltik Box,57,193,175,91,48.66,n-zoroark,N's Zoroark,11,75.76,8,2,1,overall,2026-10-09T06:44:02.107690+00:00,nein,abfrage
SVI-BLK,37,1,joltik-box,Joltik Box,57,193,175,91,48.66,joltik-box,Joltik Box,10,45.0,7,7,6,overall,2026-10-09T06:44:02.107690+00:00,ja,abfrage
SVI-BLK,37,1,joltik-box,Joltik Box,57,193,175,91,48.66,ethan-typhlosion,Ethan's Typhlosion,10,40.0,3,4,3,overall,2026-10-09T06:44:02.107690+00:00,nein,abfrage
SVI-BLK,37,1,joltik-box,Joltik Box,57,193,175,91,48.66,gardevoir-jellicent,Gardevoir Jellicent,6,27.78,1,3,2,overall,2026-10-09T06:44:02.107690+00:00,nein,abfrage
SVI-BLK,37,1,joltik-box,Joltik Box,57,193,175,91,48.66,cynthia-garchomp-ex,Cynthia's Garchomp,5,46.67,2,2,1,overall,2026-10-09T06:44:02.107690+00:00,nein,abfrage
SVI-BLK,37,1,joltik-box,Joltik Box,57,193,175,91,48.66,ho-oh-armarouge,Ho-Oh Armarouge,5,60.0,2,0,3,overall,2026-10-09T06:44:02.107690+00:00,nein,abfrage
SVI-BLK,37,1,joltik-box,Joltik Box,57,193,175,91,48.66,roaring-moon-ex,Roaring Moon,3,77.78,2,0,1,overall,2026-10-09T06:44:02.107690+00:00,nein,abfrage
SVI-BLK,37,1,joltik-box,Joltik Box,57,193,175,91,48.66,crustle-dri,Crustle,3,0.0,0,3,0,overall,2026-10-09T06:44:02.107690+00:00,nein,abfrage
SVI-BLK,37,1,joltik-box,Joltik Box,57,193,175,91,48.66,rocket-mewtwo-ex,Rocket's Mewtwo,2,0.0,0,2,0,overall,2026-10-09T06:44:02.107690+00:00,nein,abfrage
SVI-BLK,37,1,joltik-box,Joltik Box,57,193,175,91,48.66,charizard-dusknoir,Charizard Dusknoir,2,100.0,2,0,0,overall,2026-10-09T06:44:02.107690+00:00,nein,abfrage
SVI-BLK,37,1,joltik-box,Joltik Box,57,193,175,91,48.66,blissey-ex,Blissey,2,16.67,0,1,1,overall,2026-10-09T06:44:02.107690+00:00,nein,abfrage
SVI-BLK,37,1,joltik-box,Joltik Box,57,193,175,91,48.66,archaludon-ex,Archaludon,2,0.0,0,2,0,overall,2026-10-09T06:44:02.107690+00:00,nein,abfrage
SVI-BLK,37,1,joltik-box,Joltik Box,57,193,175,91,48.66,ceruledge-ex,Ceruledge,2,16.67,0,1,1,overall,2026-10-09T06:44:02.107690+00:00,nein,abfrage
SVI-BLK,37,1,joltik-box,Joltik Box,57,193,175,91,48.66,azumarill-ssp,Azumarill,1,100.0,1,0,0,overall,2026-10-09T06:44:02.107690+00:00,nein,abfrage
SVI-BLK,37,1,joltik-box,Joltik Box,57,193,175,91,48.66,terapagos-noctowl,Terapagos Noctowl,1,33.33,0,0,1,overall,2026-10-09T06:44:02.107690+00:00,nein,abfrage
SVI-BLK,37,1,joltik-box,Joltik Box,57,193,175,91,48.66,marnie-grimmsnarl-ex,Marnie's Grimmsnarl,1,100.0,1,0,0,overall,2026-10-09T06:44:02.107690+00:00,nein,abfrage
SVI-BLK,37,1,joltik-box,Joltik Box,57,193,175,91,48.66,dragapult-blaziken,Dragapult Blaziken,1,100.0,1,0,0,overall,2026-10-09T06:44:02.107690+00:00,nein,abfrage
SVI-BLK,37,1,joltik-box,Joltik Box,57,193,175,91,48.66,greninja-blaziken,Greninja Blaziken,1,100.0,1,0,0,overall,2026-10-09T06:44:02.107690+00:00,nein,abfrage
SVI-BLK,37,1,joltik-box,Joltik Box,57,193,175,91,48.66,rocket-nidoking-ex,Rocket's Nidoking,1,100.0,1,0,0,overall,2026-10-09T06:44:02.107690+00:00,nein,abfrage
SVI-BLK,37,1,joltik-box,Joltik Box,57,193,175,91,48.66,hop-zacian,Hop's Zacian,1,0.0,0,1,0,overall,2026-10-09T06:44:02.107690+00:00,nein,abfrage
SVI-BLK,37,1,joltik-box,Joltik Box,57,193,175,91,48.66,gholdengo-dragapult,Gholdengo Dragapult,1,100.0,1,0,0,overall,2026-10-09T06:44:02.107690+00:00,nein,abfrage
SVI-BLK,37,1,joltik-box,Joltik Box,57,193,175,91,48.66,flareon-ex,Flareon,1,100.0,1,0,0,overall,2026-10-09T06:44:02.107690+00:00,nein,abfrage
SVI-BLK,37,1,joltik-box,Joltik Box,57,193,175,91,48.66,hydreigon-ex,Hydreigon,1,100.0,1,0,0,overall,2026-10-09T06:44:02.107690+00:00,nein,abfrage
SVI-BLK,37,1,joltik-box,Joltik Box,57,193,175,91,48.66,other,Other,1,0.0,0,1,0,overall,2026-10-09T06:44:02.107690+00:00,nein,abfrage
SVI-BLK,37,1,joltik-box,Joltik Box,57,193,175,91,48.66,gholdengo-dudunsparce,Gholdengo Dudunsparce,1,100.0,1,0,0,overall,2026-10-09T06:44:02.107690+00:00,nein,abfrage
SVI-BLK,37,1,joltik-box,Joltik Box,57,193,175,91,48.66,slowking-scr,Slowking,1,33.33,0,0,1,overall,2026-10-09T06:44:02.107690+00:00,nein,abfrage
SVI-BLK,37,1,joltik-box,Joltik Box,57,193,175,91,48.66,festival-lead,Festival Lead,1,100.0,1,0,0,overall,2026-10-09T06:44:02.107690+00:00,nein,abfrage
SVI-BLK,37,1,joltik-box,Joltik Box,57,193,175,91,48.66,sinistcha-ogerpon,Sinistcha Ogerpon,1,100.0,1,0,0,overall,2026-10-09T06:44:02.107690+00:00,nein,abfrage
SVI-BLK,37,1,joltik-box,Joltik Box,57,193,175,91,48.66,charizard-noctowl,Charizard Noctowl,1,100.0,1,0,0,overall,2026-10-09T06:44:02.107690+00:00,nein,abfrage
SVI-BLK,37,1,joltik-box,Joltik Box,57,193,175,91,48.66,conkeldurr-twm,Conkeldurr,1,33.33,0,0,1,overall,2026-10-09T06:44:02.107690+00:00,nein,abfrage
SVI-BLK,37,1,mamoswine-ex,Mamoswine,2,5,8,1,38.1,dragapult-dusknoir,Dragapult Dusknoir,5,26.67,1,3,1,overall,2026-10-09T06:44:03.919867+00:00,nein,abfrage
SVI-BLK,37,1,mamoswine-ex,Mamoswine,2,5,8,1,38.1,raging-bolt-ogerpon,Raging Bolt Ogerpon,3,33.33,1,2,0,overall,2026-10-09T06:44:03.919867+00:00,nein,abfrage
SVI-BLK,37,1,mamoswine-ex,Mamoswine,2,5,8,1,38.1,gholdengo-joltik-box,Gholdengo Joltik Box,2,0.0,0,2,0,overall,2026-10-09T06:44:03.919867+00:00,nein,abfrage
SVI-BLK,37,1,mamoswine-ex,Mamoswine,2,5,8,1,38.1,dragapult-charizard,Dragapult Charizard,2,50.0,1,1,0,overall,2026-10-09T06:44:03.919867+00:00,nein,abfrage
SVI-BLK,37,1,mamoswine-ex,Mamoswine,2,5,8,1,38.1,ogerpon-ex,Ogerpon,1,100.0,1,0,0,overall,2026-10-09T06:44:03.919867+00:00,nein,abfrage
SVI-BLK,37,1,mamoswine-ex,Mamoswine,2,5,8,1,38.1,gardevoir-ex-sv,Gardevoir,1,100.0,1,0,0,overall,2026-10-09T06:44:03.919867+00:00,nein,abfrage
SVI-BLK,37,1,marnie-grimmsnarl-ex,Marnie's Grimmsnarl,3,7,11,4,37.88,gardevoir-ex-sv,Gardevoir,4,58.33,2,1,1,overall,2026-10-09T06:44:05.721030+00:00,nein,abfrage
SVI-BLK,37,1,marnie-grimmsnarl-ex,Marnie's Grimmsnarl,3,7,11,4,37.88,raging-bolt-ogerpon,Raging Bolt Ogerpon,3,0.0,0,3,0,overall,2026-10-09T06:44:05.721030+00:00,nein,abfrage
SVI-BLK,37,1,marnie-grimmsnarl-ex,Marnie's Grimmsnarl,3,7,11,4,37.88,gholdengo-ex,Gholdengo,3,11.11,0,2,1,overall,2026-10-09T06:44:05.721030+00:00,nein,abfrage
SVI-BLK,37,1,marnie-grimmsnarl-ex,Marnie's Grimmsnarl,3,7,11,4,37.88,dragapult-charizard,Dragapult Charizard,3,44.44,1,1,1,overall,2026-10-09T06:44:05.721030+00:00,nein,abfrage
SVI-BLK,37,1,marnie-grimmsnarl-ex,Marnie's Grimmsnarl,3,7,11,4,37.88,ho-oh-armarouge,Ho-Oh Armarouge,1,0.0,0,1,0,overall,2026-10-09T06:44:05.721030+00:00,nein,abfrage
SVI-BLK,37,1,marnie-grimmsnarl-ex,Marnie's Grimmsnarl,3,7,11,4,37.88,grimmsnarl-froslass,Grimmsnarl Froslass,1,100.0,1,0,0,overall,2026-10-09T06:44:05.721030+00:00,nein,abfrage
SVI-BLK,37,1,marnie-grimmsnarl-ex,Marnie's Grimmsnarl,3,7,11,4,37.88,joltik-box,Joltik Box,1,0.0,0,1,0,overall,2026-10-09T06:44:05.721030+00:00,nein,abfrage
SVI-BLK,37,1,marnie-grimmsnarl-ex,Marnie's Grimmsnarl,3,7,11,4,37.88,tera-box,Tera Box,1,33.33,0,0,1,overall,2026-10-09T06:44:05.721030+00:00,nein,abfrage
SVI-BLK,37,1,marnie-grimmsnarl-ex,Marnie's Grimmsnarl,3,7,11,4,37.88,charizard-pidgeot,Charizard Pidgeot,1,0.0,0,1,0,overall,2026-10-09T06:44:05.721030+00:00,nein,abfrage
SVI-BLK,37,1,marnie-grimmsnarl-ex,Marnie's Grimmsnarl,3,7,11,4,37.88,gholdengo-joltik-box,Gholdengo Joltik Box,1,100.0,1,0,0,overall,2026-10-09T06:44:05.721030+00:00,nein,abfrage
SVI-BLK,37,1,marnie-grimmsnarl-ex,Marnie's Grimmsnarl,3,7,11,4,37.88,dragapult-dusknoir,Dragapult Dusknoir,1,100.0,1,0,0,overall,2026-10-09T06:44:05.721030+00:00,nein,abfrage
SVI-BLK,37,1,marnie-grimmsnarl-ex,Marnie's Grimmsnarl,3,7,11,4,37.88,ethan-typhlosion,Ethan's Typhlosion,1,0.0,0,1,0,overall,2026-10-09T06:44:05.721030+00:00,nein,abfrage
SVI-BLK,37,1,miraidon-eelektrik,Miraidon Eelektrik,4,11,16,6,39.39,gholdengo-ex,Gholdengo,8,29.17,2,5,1,overall,2026-10-09T06:44:07.544696+00:00,nein,abfrage
SVI-BLK,37,1,miraidon-eelektrik,Miraidon Eelektrik,4,11,16,6,39.39,raging-bolt-ogerpon,Raging Bolt Ogerpon,6,72.22,4,1,1,overall,2026-10-09T06:44:07.544696+00:00,nein,abfrage
SVI-BLK,37,1,miraidon-eelektrik,Miraidon Eelektrik,4,11,16,6,39.39,dragapult-dusknoir,Dragapult Dusknoir,6,55.56,3,2,1,overall,2026-10-09T06:44:07.544696+00:00,nein,abfrage
SVI-BLK,37,1,miraidon-eelektrik,Miraidon Eelektrik,4,11,16,6,39.39,gardevoir-ex-sv,Gardevoir,2,50.0,1,1,0,overall,2026-10-09T06:44:07.544696+00:00,nein,abfrage
SVI-BLK,37,1,miraidon-eelektrik,Miraidon Eelektrik,4,11,16,6,39.39,other,Other,1,0.0,0,1,0,overall,2026-10-09T06:44:07.544696+00:00,nein,abfrage
SVI-BLK,37,1,miraidon-eelektrik,Miraidon Eelektrik,4,11,16,6,39.39,dragapult-charizard,Dragapult Charizard,1,33.33,0,0,1,overall,2026-10-09T06:44:07.544696+00:00,nein,abfrage
SVI-BLK,37,1,miraidon-eelektrik,Miraidon Eelektrik,4,11,16,6,39.39,hydreigon-ex,Hydreigon,1,100.0,1,0,0,overall,2026-10-09T06:44:07.544696+00:00,nein,abfrage
SVI-BLK,37,1,miraidon-eelektrik,Miraidon Eelektrik,4,11,16,6,39.39,tera-box,Tera Box,1,0.0,0,1,0,overall,2026-10-09T06:44:07.544696+00:00,nein,abfrage
SVI-BLK,37,1,miraidon-eelektrik,Miraidon Eelektrik,4,11,16,6,39.39,gardevoir-jellicent,Gardevoir Jellicent,1,0.0,0,1,0,overall,2026-10-09T06:44:07.544696+00:00,nein,abfrage
SVI-BLK,37,1,miraidon-eelektrik,Miraidon Eelektrik,4,11,16,6,39.39,crustle-dri,Crustle,1,33.33,0,0,1,overall,2026-10-09T06:44:07.544696+00:00,nein,abfrage
SVI-BLK,37,1,miraidon-eelektrik,Miraidon Eelektrik,4,11,16,6,39.39,charizard-pidgeot,Charizard Pidgeot,1,0.0,0,1,0,overall,2026-10-09T06:44:07.544696+00:00,nein,abfrage
SVI-BLK,37,1,miraidon-eelektrik,Miraidon Eelektrik,4,11,16,6,39.39,okidogi-twm,Okidogi,1,33.33,0,0,1,overall,2026-10-09T06:44:07.544696+00:00,nein,abfrage
SVI-BLK,37,1,miraidon-eelektrik,Miraidon Eelektrik,4,11,16,6,39.39,gholdengo-joltik-box,Gholdengo Joltik Box,1,0.0,0,1,0,overall,2026-10-09T06:44:07.544696+00:00,nein,abfrage
SVI-BLK,37,1,miraidon-ex,Miraidon,3,8,14,2,36.11,raging-bolt-ogerpon,Raging Bolt Ogerpon,4,58.33,2,1,1,overall,2026-10-09T06:44:09.358831+00:00,nein,abfrage
SVI-BLK,37,1,miraidon-ex,Miraidon,3,8,14,2,36.11,gholdengo-ex,Gholdengo,4,25.0,1,3,0,overall,2026-10-09T06:44:09.358831+00:00,nein,abfrage
SVI-BLK,37,1,miraidon-ex,Miraidon,3,8,14,2,36.11,gholdengo-joltik-box,Gholdengo Joltik Box,3,66.67,2,1,0,overall,2026-10-09T06:44:09.358831+00:00,nein,abfrage
SVI-BLK,37,1,miraidon-ex,Miraidon,3,8,14,2,36.11,dragapult-dusknoir,Dragapult Dusknoir,3,0.0,0,3,0,overall,2026-10-09T06:44:09.358831+00:00,nein,abfrage
SVI-BLK,37,1,miraidon-ex,Miraidon,3,8,14,2,36.11,grimmsnarl-froslass,Grimmsnarl Froslass,2,100.0,2,0,0,overall,2026-10-09T06:44:09.358831+00:00,nein,abfrage
SVI-BLK,37,1,miraidon-ex,Miraidon,3,8,14,2,36.11,ethan-typhlosion,Ethan's Typhlosion,1,0.0,0,1,0,overall,2026-10-09T06:44:09.358831+00:00,nein,abfrage
SVI-BLK,37,1,miraidon-ex,Miraidon,3,8,14,2,36.11,tera-box,Tera Box,1,100.0,1,0,0,overall,2026-10-09T06:44:09.358831+00:00,nein,abfrage
SVI-BLK,37,1,miraidon-ex,Miraidon,3,8,14,2,36.11,archaludon-ex,Archaludon,1,0.0,0,1,0,overall,2026-10-09T06:44:09.358831+00:00,nein,abfrage
SVI-BLK,37,1,miraidon-ex,Miraidon,3,8,14,2,36.11,okidogi-twm,Okidogi,1,33.33,0,0,1,overall,2026-10-09T06:44:09.358831+00:00,nein,abfrage
SVI-BLK,37,1,miraidon-ex,Miraidon,3,8,14,2,36.11,charizard-dusknoir,Charizard Dusknoir,1,0.0,0,1,0,overall,2026-10-09T06:44:09.358831+00:00,nein,abfrage
SVI-BLK,37,1,miraidon-ex,Miraidon,3,8,14,2,36.11,charizard-dragapult,Charizard Dragapult,1,0.0,0,1,0,overall,2026-10-09T06:44:09.358831+00:00,nein,abfrage
SVI-BLK,37,1,miraidon-ex,Miraidon,3,8,14,2,36.11,gardevoir-ex-sv,Gardevoir,1,0.0,0,1,0,overall,2026-10-09T06:44:09.358831+00:00,nein,abfrage
SVI-BLK,37,1,miraidon-ex,Miraidon,3,8,14,2,36.11,cynthia-garchomp-ex,Cynthia's Garchomp,1,0.0,0,1,0,overall,2026-10-09T06:44:09.358831+00:00,nein,abfrage
SVI-BLK,37,1,n-zoroark,N's Zoroark,25,68,86,43,41.79,gardevoir-ex-sv,Gardevoir,27,56.79,13,7,7,overall,2026-10-09T06:44:11.177686+00:00,nein,abfrage
SVI-BLK,37,1,n-zoroark,N's Zoroark,25,68,86,43,41.79,raging-bolt-ogerpon,Raging Bolt Ogerpon,26,38.46,9,14,3,overall,2026-10-09T06:44:11.177686+00:00,nein,abfrage
SVI-BLK,37,1,n-zoroark,N's Zoroark,25,68,86,43,41.79,dragapult-dusknoir,Dragapult Dusknoir,22,40.91,7,9,6,overall,2026-10-09T06:44:11.177686+00:00,nein,abfrage
SVI-BLK,37,1,n-zoroark,N's Zoroark,25,68,86,43,41.79,gholdengo-joltik-box,Gholdengo Joltik Box,18,29.63,4,10,4,overall,2026-10-09T06:44:11.177686+00:00,nein,abfrage
SVI-BLK,37,1,n-zoroark,N's Zoroark,25,68,86,43,41.79,charizard-pidgeot,Charizard Pidgeot,16,12.5,1,12,3,overall,2026-10-09T06:44:11.177686+00:00,nein,abfrage
SVI-BLK,37,1,n-zoroark,N's Zoroark,25,68,86,43,41.79,gholdengo-ex,Gholdengo,16,20.83,2,10,4,overall,2026-10-09T06:44:11.177686+00:00,nein,abfrage
SVI-BLK,37,1,n-zoroark,N's Zoroark,25,68,86,43,41.79,dragapult-charizard,Dragapult Charizard,12,69.44,7,1,4,overall,2026-10-09T06:44:11.177686+00:00,nein,abfrage
SVI-BLK,37,1,n-zoroark,N's Zoroark,25,68,86,43,41.79,joltik-box,Joltik Box,11,21.21,2,8,1,overall,2026-10-09T06:44:11.177686+00:00,nein,abfrage
SVI-BLK,37,1,n-zoroark,N's Zoroark,25,68,86,43,41.79,grimmsnarl-froslass,Grimmsnarl Froslass,8,58.33,4,2,2,overall,2026-10-09T06:44:11.177686+00:00,nein,abfrage
SVI-BLK,37,1,n-zoroark,N's Zoroark,25,68,86,43,41.79,ethan-typhlosion,Ethan's Typhlosion,7,61.9,4,2,1,overall,2026-10-09T06:44:11.177686+00:00,nein,abfrage
SVI-BLK,37,1,n-zoroark,N's Zoroark,25,68,86,43,41.79,flareon-noctowl,Flareon Noctowl,6,33.33,2,4,0,overall,2026-10-09T06:44:11.177686+00:00,nein,abfrage
SVI-BLK,37,1,n-zoroark,N's Zoroark,25,68,86,43,41.79,dragapult-ex,Dragapult,4,75.0,3,1,0,overall,2026-10-09T06:44:11.177686+00:00,nein,abfrage
SVI-BLK,37,1,n-zoroark,N's Zoroark,25,68,86,43,41.79,tera-box,Tera Box,3,44.44,1,1,1,overall,2026-10-09T06:44:11.177686+00:00,nein,abfrage
SVI-BLK,37,1,n-zoroark,N's Zoroark,25,68,86,43,41.79,gardevoir-jellicent,Gardevoir Jellicent,3,44.44,1,1,1,overall,2026-10-09T06:44:11.177686+00:00,nein,abfrage
SVI-BLK,37,1,n-zoroark,N's Zoroark,25,68,86,43,41.79,n-zoroark,N's Zoroark,2,50.0,2,2,0,overall,2026-10-09T06:44:11.177686+00:00,ja,abfrage
SVI-BLK,37,1,n-zoroark,N's Zoroark,25,68,86,43,41.79,cynthia-garchomp-ex,Cynthia's Garchomp,2,50.0,1,1,0,overall,2026-10-09T06:44:11.177686+00:00,nein,abfrage
SVI-BLK,37,1,n-zoroark,N's Zoroark,25,68,86,43,41.79,rocket-spidops,Rocket's Spidops,1,33.33,0,0,1,overall,2026-10-09T06:44:11.177686+00:00,nein,abfrage
SVI-BLK,37,1,n-zoroark,N's Zoroark,25,68,86,43,41.79,roaring-moon-ex,Roaring Moon,1,100.0,1,0,0,overall,2026-10-09T06:44:11.177686+00:00,nein,abfrage
SVI-BLK,37,1,n-zoroark,N's Zoroark,25,68,86,43,41.79,reging-bolt-bellibolt,Raging Bolt Bellibolt,1,100.0,1,0,0,overall,2026-10-09T06:44:11.177686+00:00,nein,abfrage
SVI-BLK,37,1,n-zoroark,N's Zoroark,25,68,86,43,41.79,charizard-noctowl,Charizard Noctowl,1,100.0,1,0,0,overall,2026-10-09T06:44:11.177686+00:00,nein,abfrage
SVI-BLK,37,1,n-zoroark,N's Zoroark,25,68,86,43,41.79,toedscruel-ex,Toedscruel,1,100.0,1,0,0,overall,2026-10-09T06:44:11.177686+00:00,nein,abfrage
SVI-BLK,37,1,n-zoroark,N's Zoroark,25,68,86,43,41.79,dudunsparce-control,Dudunsparce Control,1,0.0,0,1,0,overall,2026-10-09T06:44:11.177686+00:00,nein,abfrage
SVI-BLK,37,1,n-zoroark,N's Zoroark,25,68,86,43,41.79,palafin-ex,Palafin,1,33.33,0,0,1,overall,2026-10-09T06:44:11.177686+00:00,nein,abfrage
SVI-BLK,37,1,n-zoroark,N's Zoroark,25,68,86,43,41.79,hop-zacian,Hop's Zacian,1,33.33,0,0,1,overall,2026-10-09T06:44:11.177686+00:00,nein,abfrage
SVI-BLK,37,1,n-zoroark,N's Zoroark,25,68,86,43,41.79,froslass-munkidori,Froslass Munkidori,1,33.33,0,0,1,overall,2026-10-09T06:44:11.177686+00:00,nein,abfrage
SVI-BLK,37,1,n-zoroark,N's Zoroark,25,68,86,43,41.79,other,Other,1,100.0,1,0,0,overall,2026-10-09T06:44:11.177686+00:00,nein,abfrage
SVI-BLK,37,1,n-zoroark,N's Zoroark,25,68,86,43,41.79,rocket-mewtwo-ex,Rocket's Mewtwo,1,33.33,0,0,1,overall,2026-10-09T06:44:11.177686+00:00,nein,abfrage
SVI-BLK,37,1,n-zoroark,N's Zoroark,25,68,86,43,41.79,conkeldurr-twm,Conkeldurr,1,33.33,0,0,1,overall,2026-10-09T06:44:11.177686+00:00,nein,abfrage
SVI-BLK,37,1,ogerpon-ex,Ogerpon,4,14,15,5,46.08,dragapult-dusknoir,Dragapult Dusknoir,6,77.78,4,0,2,overall,2026-10-09T06:44:13.001716+00:00,nein,abfrage
SVI-BLK,37,1,ogerpon-ex,Ogerpon,4,14,15,5,46.08,raging-bolt-ogerpon,Raging Bolt Ogerpon,6,38.89,2,3,1,overall,2026-10-09T06:44:13.001716+00:00,nein,abfrage
SVI-BLK,37,1,ogerpon-ex,Ogerpon,4,14,15,5,46.08,charizard-pidgeot,Charizard Pidgeot,4,50.0,2,2,0,overall,2026-10-09T06:44:13.001716+00:00,nein,abfrage
SVI-BLK,37,1,ogerpon-ex,Ogerpon,4,14,15,5,46.08,gholdengo-joltik-box,Gholdengo Joltik Box,4,75.0,3,1,0,overall,2026-10-09T06:44:13.001716+00:00,nein,abfrage
SVI-BLK,37,1,ogerpon-ex,Ogerpon,4,14,15,5,46.08,gardevoir-ex-sv,Gardevoir,3,11.11,0,2,1,overall,2026-10-09T06:44:13.001716+00:00,nein,abfrage
SVI-BLK,37,1,ogerpon-ex,Ogerpon,4,14,15,5,46.08,grimmsnarl-froslass,Grimmsnarl Froslass,2,50.0,1,1,0,overall,2026-10-09T06:44:13.001716+00:00,nein,abfrage
SVI-BLK,37,1,ogerpon-ex,Ogerpon,4,14,15,5,46.08,gholdengo-ex,Gholdengo,2,50.0,1,1,0,overall,2026-10-09T06:44:13.001716+00:00,nein,abfrage
SVI-BLK,37,1,ogerpon-ex,Ogerpon,4,14,15,5,46.08,dragapult-ex,Dragapult,2,0.0,0,2,0,overall,2026-10-09T06:44:13.001716+00:00,nein,abfrage
SVI-BLK,37,1,ogerpon-ex,Ogerpon,4,14,15,5,46.08,mamoswine-ex,Mamoswine,1,0.0,0,1,0,overall,2026-10-09T06:44:13.001716+00:00,nein,abfrage
SVI-BLK,37,1,ogerpon-ex,Ogerpon,4,14,15,5,46.08,hydreigon-ex,Hydreigon,1,100.0,1,0,0,overall,2026-10-09T06:44:13.001716+00:00,nein,abfrage
SVI-BLK,37,1,ogerpon-ex,Ogerpon,4,14,15,5,46.08,flareon-noctowl,Flareon Noctowl,1,0.0,0,1,0,overall,2026-10-09T06:44:13.001716+00:00,nein,abfrage
SVI-BLK,37,1,ogerpon-ex,Ogerpon,4,14,15,5,46.08,ethan-typhlosion,Ethan's Typhlosion,1,0.0,0,1,0,overall,2026-10-09T06:44:13.001716+00:00,nein,abfrage
SVI-BLK,37,1,ogerpon-ex,Ogerpon,4,14,15,5,46.08,dragapult-charizard,Dragapult Charizard,1,33.33,0,0,1,overall,2026-10-09T06:44:13.001716+00:00,nein,abfrage
SVI-BLK,37,1,okidogi-ex,Okidogi,1,0,5,1,5.56,dragapult-dusknoir,Dragapult Dusknoir,2,16.67,0,1,1,overall,2026-10-09T06:44:14.809738+00:00,nein,abfrage
SVI-BLK,37,1,okidogi-ex,Okidogi,1,0,5,1,5.56,gholdengo-ex,Gholdengo,1,0.0,0,1,0,overall,2026-10-09T06:44:14.809738+00:00,nein,abfrage
SVI-BLK,37,1,okidogi-ex,Okidogi,1,0,5,1,5.56,dragapult-ex,Dragapult,1,0.0,0,1,0,overall,2026-10-09T06:44:14.809738+00:00,nein,abfrage
SVI-BLK,37,1,okidogi-ex,Okidogi,1,0,5,1,5.56,cynthia-garchomp-ex,Cynthia's Garchomp,1,0.0,0,1,0,overall,2026-10-09T06:44:14.809738+00:00,nein,abfrage
SVI-BLK,37,1,okidogi-ex,Okidogi,1,0,5,1,5.56,ethan-typhlosion,Ethan's Typhlosion,1,0.0,0,1,0,overall,2026-10-09T06:44:14.809738+00:00,nein,abfrage
SVI-BLK,37,1,okidogi-twm,Okidogi,2,6,8,6,40.0,dragapult-charizard,Dragapult Charizard,4,33.33,1,2,1,overall,2026-10-09T06:44:16.607509+00:00,nein,abfrage
SVI-BLK,37,1,okidogi-twm,Okidogi,2,6,8,6,40.0,raging-bolt-ogerpon,Raging Bolt Ogerpon,4,25.0,1,3,0,overall,2026-10-09T06:44:16.607509+00:00,nein,abfrage
SVI-BLK,37,1,okidogi-twm,Okidogi,2,6,8,6,40.0,gholdengo-ex,Gholdengo,3,66.67,2,1,0,overall,2026-10-09T06:44:16.607509+00:00,nein,abfrage
SVI-BLK,37,1,okidogi-twm,Okidogi,2,6,8,6,40.0,gardevoir-ex-sv,Gardevoir,2,33.33,0,0,2,overall,2026-10-09T06:44:16.607509+00:00,nein,abfrage
SVI-BLK,37,1,okidogi-twm,Okidogi,2,6,8,6,40.0,cynthia-garchomp-ex,Cynthia's Garchomp,1,100.0,1,0,0,overall,2026-10-09T06:44:16.607509+00:00,nein,abfrage
SVI-BLK,37,1,okidogi-twm,Okidogi,2,6,8,6,40.0,miraidon-ex,Miraidon,1,33.33,0,0,1,overall,2026-10-09T06:44:16.607509+00:00,nein,abfrage
SVI-BLK,37,1,okidogi-twm,Okidogi,2,6,8,6,40.0,tera-box,Tera Box,1,100.0,1,0,0,overall,2026-10-09T06:44:16.607509+00:00,nein,abfrage
SVI-BLK,37,1,okidogi-twm,Okidogi,2,6,8,6,40.0,miraidon-eelektrik,Miraidon Eelektrik,1,33.33,0,0,1,overall,2026-10-09T06:44:16.607509+00:00,nein,abfrage
SVI-BLK,37,1,okidogi-twm,Okidogi,2,6,8,6,40.0,ethan-typhlosion,Ethan's Typhlosion,1,33.33,0,0,1,overall,2026-10-09T06:44:16.607509+00:00,nein,abfrage
SVI-BLK,37,1,okidogi-twm,Okidogi,2,6,8,6,40.0,charizard-pidgeot,Charizard Pidgeot,1,0.0,0,1,0,overall,2026-10-09T06:44:16.607509+00:00,nein,abfrage
SVI-BLK,37,1,other,Other,8,19,36,5,34.44,raging-bolt-ogerpon,Raging Bolt Ogerpon,14,23.81,3,10,1,overall,2026-10-09T06:44:18.455852+00:00,nein,abfrage
SVI-BLK,37,1,other,Other,8,19,36,5,34.44,dragapult-charizard,Dragapult Charizard,9,44.44,4,5,0,overall,2026-10-09T06:44:18.455852+00:00,nein,abfrage
SVI-BLK,37,1,other,Other,8,19,36,5,34.44,dragapult-dusknoir,Dragapult Dusknoir,8,29.17,2,5,1,overall,2026-10-09T06:44:18.455852+00:00,nein,abfrage
SVI-BLK,37,1,other,Other,8,19,36,5,34.44,gardevoir-ex-sv,Gardevoir,5,0.0,0,5,0,overall,2026-10-09T06:44:18.455852+00:00,nein,abfrage
SVI-BLK,37,1,other,Other,8,19,36,5,34.44,grimmsnarl-froslass,Grimmsnarl Froslass,5,13.33,0,3,2,overall,2026-10-09T06:44:18.455852+00:00,nein,abfrage
SVI-BLK,37,1,other,Other,8,19,36,5,34.44,charizard-pidgeot,Charizard Pidgeot,3,77.78,2,0,1,overall,2026-10-09T06:44:18.455852+00:00,nein,abfrage
SVI-BLK,37,1,other,Other,8,19,36,5,34.44,gholdengo-ex,Gholdengo,2,50.0,1,1,0,overall,2026-10-09T06:44:18.455852+00:00,nein,abfrage
SVI-BLK,37,1,other,Other,8,19,36,5,34.44,miraidon-eelektrik,Miraidon Eelektrik,1,100.0,1,0,0,overall,2026-10-09T06:44:18.455852+00:00,nein,abfrage
SVI-BLK,37,1,other,Other,8,19,36,5,34.44,gholdengo-dragapult,Gholdengo Dragapult,1,0.0,0,1,0,overall,2026-10-09T06:44:18.455852+00:00,nein,abfrage
SVI-BLK,37,1,other,Other,8,19,36,5,34.44,gholdengo-joltik-box,Gholdengo Joltik Box,1,100.0,1,0,0,overall,2026-10-09T06:44:18.455852+00:00,nein,abfrage
SVI-BLK,37,1,other,Other,8,19,36,5,34.44,tera-box,Tera Box,1,0.0,0,1,0,overall,2026-10-09T06:44:18.455852+00:00,nein,abfrage
SVI-BLK,37,1,other,Other,8,19,36,5,34.44,ceruledge-ex,Ceruledge,1,0.0,0,1,0,overall,2026-10-09T06:44:18.455852+00:00,nein,abfrage
SVI-BLK,37,1,other,Other,8,19,36,5,34.44,cynthia-garchomp-ex,Cynthia's Garchomp,1,100.0,1,0,0,overall,2026-10-09T06:44:18.455852+00:00,nein,abfrage
SVI-BLK,37,1,other,Other,8,19,36,5,34.44,n-zoroark,N's Zoroark,1,0.0,0,1,0,overall,2026-10-09T06:44:18.455852+00:00,nein,abfrage
SVI-BLK,37,1,other,Other,8,19,36,5,34.44,dragapult-ex,Dragapult,1,100.0,1,0,0,overall,2026-10-09T06:44:18.455852+00:00,nein,abfrage
SVI-BLK,37,1,other,Other,8,19,36,5,34.44,joltik-box,Joltik Box,1,100.0,1,0,0,overall,2026-10-09T06:44:18.455852+00:00,nein,abfrage
SVI-BLK,37,1,other,Other,8,19,36,5,34.44,ethan-magcargo,Ethan's Magcargo,1,100.0,1,0,0,overall,2026-10-09T06:44:18.455852+00:00,nein,abfrage
SVI-BLK,37,1,other,Other,8,19,36,5,34.44,ho-oh-armarouge,Ho-Oh Armarouge,1,0.0,0,1,0,overall,2026-10-09T06:44:18.455852+00:00,nein,abfrage
SVI-BLK,37,1,other,Other,8,19,36,5,34.44,ethan-typhlosion,Ethan's Typhlosion,1,0.0,0,1,0,overall,2026-10-09T06:44:18.455852+00:00,nein,abfrage
SVI-BLK,37,1,palafin-ex,Palafin,3,5,15,1,25.4,dragapult-dusknoir,Dragapult Dusknoir,5,0.0,0,5,0,overall,2026-10-09T06:44:20.263829+00:00,nein,abfrage
SVI-BLK,37,1,palafin-ex,Palafin,3,5,15,1,25.4,dragapult-charizard,Dragapult Charizard,2,50.0,1,1,0,overall,2026-10-09T06:44:20.263829+00:00,nein,abfrage
SVI-BLK,37,1,palafin-ex,Palafin,3,5,15,1,25.4,charizard-pidgeot,Charizard Pidgeot,2,100.0,2,0,0,overall,2026-10-09T06:44:20.263829+00:00,nein,abfrage
SVI-BLK,37,1,palafin-ex,Palafin,3,5,15,1,25.4,gholdengo-joltik-box,Gholdengo Joltik Box,2,0.0,0,2,0,overall,2026-10-09T06:44:20.263829+00:00,nein,abfrage
SVI-BLK,37,1,palafin-ex,Palafin,3,5,15,1,25.4,raging-bolt-ogerpon,Raging Bolt Ogerpon,1,100.0,1,0,0,overall,2026-10-09T06:44:20.263829+00:00,nein,abfrage
SVI-BLK,37,1,palafin-ex,Palafin,3,5,15,1,25.4,ceruledge-ex,Ceruledge,1,100.0,1,0,0,overall,2026-10-09T06:44:20.263829+00:00,nein,abfrage
SVI-BLK,37,1,palafin-ex,Palafin,3,5,15,1,25.4,hop-zacian,Hop's Zacian,1,0.0,0,1,0,overall,2026-10-09T06:44:20.263829+00:00,nein,abfrage
SVI-BLK,37,1,palafin-ex,Palafin,3,5,15,1,25.4,grimmsnarl-froslass,Grimmsnarl Froslass,1,0.0,0,1,0,overall,2026-10-09T06:44:20.263829+00:00,nein,abfrage
SVI-BLK,37,1,palafin-ex,Palafin,3,5,15,1,25.4,gholdengo-ex,Gholdengo,1,0.0,0,1,0,overall,2026-10-09T06:44:20.263829+00:00,nein,abfrage
SVI-BLK,37,1,palafin-ex,Palafin,3,5,15,1,25.4,n-zoroark,N's Zoroark,1,33.33,0,0,1,overall,2026-10-09T06:44:20.263829+00:00,nein,abfrage
SVI-BLK,37,1,palafin-ex,Palafin,3,5,15,1,25.4,festival-lead,Festival Lead,1,0.0,0,1,0,overall,2026-10-09T06:44:20.263829+00:00,nein,abfrage
SVI-BLK,37,1,palafin-ex,Palafin,3,5,15,1,25.4,cynthia-garchomp-ex,Cynthia's Garchomp,1,0.0,0,1,0,overall,2026-10-09T06:44:20.263829+00:00,nein,abfrage
SVI-BLK,37,1,palafin-ex,Palafin,3,5,15,1,25.4,reging-bolt-bellibolt,Raging Bolt Bellibolt,1,0.0,0,1,0,overall,2026-10-09T06:44:20.263829+00:00,nein,abfrage
SVI-BLK,37,1,pidgeot-control,Pidgeot Control,1,4,3,1,54.17,dragapult-dusknoir,Dragapult Dusknoir,4,58.33,2,1,1,overall,2026-10-09T06:44:22.064440+00:00,nein,abfrage
SVI-BLK,37,1,pidgeot-control,Pidgeot Control,1,4,3,1,54.17,gholdengo-joltik-box,Gholdengo Joltik Box,1,0.0,0,1,0,overall,2026-10-09T06:44:22.064440+00:00,nein,abfrage
SVI-BLK,37,1,pidgeot-control,Pidgeot Control,1,4,3,1,54.17,dragapult-charizard,Dragapult Charizard,1,100.0,1,0,0,overall,2026-10-09T06:44:22.064440+00:00,nein,abfrage
SVI-BLK,37,1,pidgeot-control,Pidgeot Control,1,4,3,1,54.17,gholdengo-ex,Gholdengo,1,100.0,1,0,0,overall,2026-10-09T06:44:22.064440+00:00,nein,abfrage
SVI-BLK,37,1,pidgeot-control,Pidgeot Control,1,4,3,1,54.17,gardevoir-ex-sv,Gardevoir,1,0.0,0,1,0,overall,2026-10-09T06:44:22.064440+00:00,nein,abfrage
SVI-BLK,37,1,raging-bolt-ogerpon,Raging Bolt Ogerpon,226,762,726,378,47.59,dragapult-dusknoir,Dragapult Dusknoir,269,46.22,105,106,58,overall,2026-10-09T06:44:23.931713+00:00,nein,abfrage
SVI-BLK,37,1,raging-bolt-ogerpon,Raging Bolt Ogerpon,226,762,726,378,47.59,gholdengo-ex,Gholdengo,216,41.36,77,102,37,overall,2026-10-09T06:44:23.931713+00:00,nein,abfrage
SVI-BLK,37,1,raging-bolt-ogerpon,Raging Bolt Ogerpon,226,762,726,378,47.59,gardevoir-ex-sv,Gardevoir,182,36.63,55,92,35,overall,2026-10-09T06:44:23.931713+00:00,nein,abfrage
SVI-BLK,37,1,raging-bolt-ogerpon,Raging Bolt Ogerpon,226,762,726,378,47.59,charizard-pidgeot,Charizard Pidgeot,140,52.14,63,47,30,overall,2026-10-09T06:44:23.931713+00:00,nein,abfrage
SVI-BLK,37,1,raging-bolt-ogerpon,Raging Bolt Ogerpon,226,762,726,378,47.59,gholdengo-joltik-box,Gholdengo Joltik Box,123,62.87,70,31,22,overall,2026-10-09T06:44:23.931713+00:00,nein,abfrage
SVI-BLK,37,1,raging-bolt-ogerpon,Raging Bolt Ogerpon,226,762,726,378,47.59,raging-bolt-ogerpon,Raging Bolt Ogerpon,118,46.33,92,92,52,overall,2026-10-09T06:44:23.931713+00:00,ja,abfrage
SVI-BLK,37,1,raging-bolt-ogerpon,Raging Bolt Ogerpon,226,762,726,378,47.59,grimmsnarl-froslass,Grimmsnarl Froslass,105,63.17,59,24,22,overall,2026-10-09T06:44:23.931713+00:00,nein,abfrage
SVI-BLK,37,1,raging-bolt-ogerpon,Raging Bolt Ogerpon,226,762,726,378,47.59,dragapult-charizard,Dragapult Charizard,74,50.0,32,27,15,overall,2026-10-09T06:44:23.931713+00:00,nein,abfrage
SVI-BLK,37,1,raging-bolt-ogerpon,Raging Bolt Ogerpon,226,762,726,378,47.59,joltik-box,Joltik Box,71,52.58,32,23,16,overall,2026-10-09T06:44:23.931713+00:00,nein,abfrage
SVI-BLK,37,1,raging-bolt-ogerpon,Raging Bolt Ogerpon,226,762,726,378,47.59,dragapult-ex,Dragapult,49,51.7,22,17,10,overall,2026-10-09T06:44:23.931713+00:00,nein,abfrage
SVI-BLK,37,1,raging-bolt-ogerpon,Raging Bolt Ogerpon,226,762,726,378,47.59,tera-box,Tera Box,49,25.17,10,32,7,overall,2026-10-09T06:44:23.931713+00:00,nein,abfrage
SVI-BLK,37,1,raging-bolt-ogerpon,Raging Bolt Ogerpon,226,762,726,378,47.59,ethan-typhlosion,Ethan's Typhlosion,47,49.65,19,15,13,overall,2026-10-09T06:44:23.931713+00:00,nein,abfrage
SVI-BLK,37,1,raging-bolt-ogerpon,Raging Bolt Ogerpon,226,762,726,378,47.59,flareon-noctowl,Flareon Noctowl,39,37.61,12,19,8,overall,2026-10-09T06:44:23.931713+00:00,nein,abfrage
SVI-BLK,37,1,raging-bolt-ogerpon,Raging Bolt Ogerpon,226,762,726,378,47.59,gardevoir-jellicent,Gardevoir Jellicent,27,44.44,10,11,6,overall,2026-10-09T06:44:23.931713+00:00,nein,abfrage
SVI-BLK,37,1,raging-bolt-ogerpon,Raging Bolt Ogerpon,226,762,726,378,47.59,n-zoroark,N's Zoroark,26,57.69,14,9,3,overall,2026-10-09T06:44:23.931713+00:00,nein,abfrage
SVI-BLK,37,1,raging-bolt-ogerpon,Raging Bolt Ogerpon,226,762,726,378,47.59,ho-oh-armarouge,Ho-Oh Armarouge,24,48.61,10,9,5,overall,2026-10-09T06:44:23.931713+00:00,nein,abfrage
SVI-BLK,37,1,raging-bolt-ogerpon,Raging Bolt Ogerpon,226,762,726,378,47.59,crustle-dri,Crustle,15,46.67,6,6,3,overall,2026-10-09T06:44:23.931713+00:00,nein,abfrage
SVI-BLK,37,1,raging-bolt-ogerpon,Raging Bolt Ogerpon,226,762,726,378,47.59,cynthia-garchomp-ex,Cynthia's Garchomp,14,61.9,8,4,2,overall,2026-10-09T06:44:23.931713+00:00,nein,abfrage
SVI-BLK,37,1,raging-bolt-ogerpon,Raging Bolt Ogerpon,226,762,726,378,47.59,other,Other,14,73.81,10,3,1,overall,2026-10-09T06:44:23.931713+00:00,nein,abfrage
SVI-BLK,37,1,raging-bolt-ogerpon,Raging Bolt Ogerpon,226,762,726,378,47.59,roaring-moon-ex,Roaring Moon,10,43.33,3,3,4,overall,2026-10-09T06:44:23.931713+00:00,nein,abfrage
SVI-BLK,37,1,raging-bolt-ogerpon,Raging Bolt Ogerpon,226,762,726,378,47.59,ceruledge-ex,Ceruledge,9,66.67,6,3,0,overall,2026-10-09T06:44:23.931713+00:00,nein,abfrage
SVI-BLK,37,1,raging-bolt-ogerpon,Raging Bolt Ogerpon,226,762,726,378,47.59,blissey-ex,Blissey,9,59.26,5,3,1,overall,2026-10-09T06:44:23.931713+00:00,nein,abfrage
SVI-BLK,37,1,raging-bolt-ogerpon,Raging Bolt Ogerpon,226,762,726,378,47.59,archaludon-ex,Archaludon,7,38.1,2,3,2,overall,2026-10-09T06:44:23.931713+00:00,nein,abfrage
SVI-BLK,37,1,raging-bolt-ogerpon,Raging Bolt Ogerpon,226,762,726,378,47.59,froslass-munkidori,Froslass Munkidori,7,23.81,1,4,2,overall,2026-10-09T06:44:23.931713+00:00,nein,abfrage
SVI-BLK,37,1,raging-bolt-ogerpon,Raging Bolt Ogerpon,226,762,726,378,47.59,miraidon-eelektrik,Miraidon Eelektrik,6,22.22,1,4,1,overall,2026-10-09T06:44:23.931713+00:00,nein,abfrage
SVI-BLK,37,1,raging-bolt-ogerpon,Raging Bolt Ogerpon,226,762,726,378,47.59,festival-lead,Festival Lead,6,66.67,4,2,0,overall,2026-10-09T06:44:23.931713+00:00,nein,abfrage
SVI-BLK,37,1,raging-bolt-ogerpon,Raging Bolt Ogerpon,226,762,726,378,47.59,ogerpon-ex,Ogerpon,6,55.56,3,2,1,overall,2026-10-09T06:44:23.931713+00:00,nein,abfrage
SVI-BLK,37,1,raging-bolt-ogerpon,Raging Bolt Ogerpon,226,762,726,378,47.59,miraidon-ex,Miraidon,4,33.33,1,2,1,overall,2026-10-09T06:44:23.931713+00:00,nein,abfrage
SVI-BLK,37,1,raging-bolt-ogerpon,Raging Bolt Ogerpon,226,762,726,378,47.59,toedscruel-ex,Toedscruel,4,50.0,1,0,3,overall,2026-10-09T06:44:23.931713+00:00,nein,abfrage
SVI-BLK,37,1,raging-bolt-ogerpon,Raging Bolt Ogerpon,226,762,726,378,47.59,conkeldurr-twm,Conkeldurr,4,0.0,0,4,0,overall,2026-10-09T06:44:23.931713+00:00,nein,abfrage
SVI-BLK,37,1,raging-bolt-ogerpon,Raging Bolt Ogerpon,226,762,726,378,47.59,okidogi-twm,Okidogi,4,75.0,3,1,0,overall,2026-10-09T06:44:23.931713+00:00,nein,abfrage
SVI-BLK,37,1,raging-bolt-ogerpon,Raging Bolt Ogerpon,226,762,726,378,47.59,rocket-mewtwo-ex,Rocket's Mewtwo,4,66.67,2,0,2,overall,2026-10-09T06:44:23.931713+00:00,nein,abfrage
SVI-BLK,37,1,raging-bolt-ogerpon,Raging Bolt Ogerpon,226,762,726,378,47.59,hydreigon-ex,Hydreigon,4,50.0,2,2,0,overall,2026-10-09T06:44:23.931713+00:00,nein,abfrage
SVI-BLK,37,1,raging-bolt-ogerpon,Raging Bolt Ogerpon,226,762,726,378,47.59,charizard-noctowl,Charizard Noctowl,3,11.11,0,2,1,overall,2026-10-09T06:44:23.931713+00:00,nein,abfrage
SVI-BLK,37,1,raging-bolt-ogerpon,Raging Bolt Ogerpon,226,762,726,378,47.59,seaking-pre,Seaking Festival Lead,3,77.78,2,0,1,overall,2026-10-09T06:44:23.931713+00:00,nein,abfrage
SVI-BLK,37,1,raging-bolt-ogerpon,Raging Bolt Ogerpon,226,762,726,378,47.59,marnie-grimmsnarl-ex,Marnie's Grimmsnarl,3,100.0,3,0,0,overall,2026-10-09T06:44:23.931713+00:00,nein,abfrage
SVI-BLK,37,1,raging-bolt-ogerpon,Raging Bolt Ogerpon,226,762,726,378,47.59,mamoswine-ex,Mamoswine,3,66.67,2,1,0,overall,2026-10-09T06:44:23.931713+00:00,nein,abfrage
SVI-BLK,37,1,raging-bolt-ogerpon,Raging Bolt Ogerpon,226,762,726,378,47.59,sinistcha-ogerpon,Sinistcha Ogerpon,3,44.44,1,1,1,overall,2026-10-09T06:44:23.931713+00:00,nein,abfrage
SVI-BLK,37,1,raging-bolt-ogerpon,Raging Bolt Ogerpon,226,762,726,378,47.59,hop-zacian,Hop's Zacian,3,77.78,2,0,1,overall,2026-10-09T06:44:23.931713+00:00,nein,abfrage
SVI-BLK,37,1,raging-bolt-ogerpon,Raging Bolt Ogerpon,226,762,726,378,47.59,ethan-magcargo,Ethan's Magcargo,3,55.56,1,0,2,overall,2026-10-09T06:44:23.931713+00:00,nein,abfrage
SVI-BLK,37,1,raging-bolt-ogerpon,Raging Bolt Ogerpon,226,762,726,378,47.59,espathra-froslass,Espathra Froslass,2,0.0,0,2,0,overall,2026-10-09T06:44:23.931713+00:00,nein,abfrage
SVI-BLK,37,1,raging-bolt-ogerpon,Raging Bolt Ogerpon,226,762,726,378,47.59,charizard-dusknoir,Charizard Dusknoir,2,16.67,0,1,1,overall,2026-10-09T06:44:23.931713+00:00,nein,abfrage
SVI-BLK,37,1,raging-bolt-ogerpon,Raging Bolt Ogerpon,226,762,726,378,47.59,slowking-scr,Slowking,2,100.0,2,0,0,overall,2026-10-09T06:44:23.931713+00:00,nein,abfrage
SVI-BLK,37,1,raging-bolt-ogerpon,Raging Bolt Ogerpon,226,762,726,378,47.59,ancient-box,Ancient Box,2,66.67,1,0,1,overall,2026-10-09T06:44:23.931713+00:00,nein,abfrage
SVI-BLK,37,1,raging-bolt-ogerpon,Raging Bolt Ogerpon,226,762,726,378,47.59,farigiraf-milotic,Farigiraf Milotic,2,0.0,0,2,0,overall,2026-10-09T06:44:23.931713+00:00,nein,abfrage
SVI-BLK,37,1,raging-bolt-ogerpon,Raging Bolt Ogerpon,226,762,726,378,47.59,gholdengo-dragapult,Gholdengo Dragapult,2,66.67,1,0,1,overall,2026-10-09T06:44:23.931713+00:00,nein,abfrage
SVI-BLK,37,1,raging-bolt-ogerpon,Raging Bolt Ogerpon,226,762,726,378,47.59,gholdengo-dudunsparce,Gholdengo Dudunsparce,2,16.67,0,1,1,overall,2026-10-09T06:44:23.931713+00:00,nein,abfrage
SVI-BLK,37,1,raging-bolt-ogerpon,Raging Bolt Ogerpon,226,762,726,378,47.59,chien-pao-baxcalibur,Chien-Pao Baxcalibur,1,100.0,1,0,0,overall,2026-10-09T06:44:23.931713+00:00,nein,abfrage
SVI-BLK,37,1,raging-bolt-ogerpon,Raging Bolt Ogerpon,226,762,726,378,47.59,palafin-ex,Palafin,1,0.0,0,1,0,overall,2026-10-09T06:44:23.931713+00:00,nein,abfrage
SVI-BLK,37,1,raging-bolt-ogerpon,Raging Bolt Ogerpon,226,762,726,378,47.59,charizard-dragapult,Charizard Dragapult,1,33.33,0,0,1,overall,2026-10-09T06:44:23.931713+00:00,nein,abfrage
SVI-BLK,37,1,raging-bolt-ogerpon,Raging Bolt Ogerpon,226,762,726,378,47.59,farigiraf-ex,Farigiraf,1,33.33,0,0,1,overall,2026-10-09T06:44:23.931713+00:00,nein,abfrage
SVI-BLK,37,1,raging-bolt-ogerpon,Raging Bolt Ogerpon,226,762,726,378,47.59,dragapult-iron-thorns,Dragapult Iron Thorns,1,100.0,1,0,0,overall,2026-10-09T06:44:23.931713+00:00,nein,abfrage
SVI-BLK,37,1,raging-bolt-ogerpon,Raging Bolt Ogerpon,226,762,726,378,47.59,spidops-ex,Spidops,1,0.0,0,1,0,overall,2026-10-09T06:44:23.931713+00:00,nein,abfrage
SVI-BLK,37,1,raging-bolt-ogerpon,Raging Bolt Ogerpon,226,762,726,378,47.59,terapagos-noctowl,Terapagos Noctowl,1,33.33,0,0,1,overall,2026-10-09T06:44:23.931713+00:00,nein,abfrage
SVI-BLK,37,1,raging-bolt-ogerpon,Raging Bolt Ogerpon,226,762,726,378,47.59,reging-bolt-bellibolt,Raging Bolt Bellibolt,1,0.0,0,1,0,overall,2026-10-09T06:44:23.931713+00:00,nein,abfrage
SVI-BLK,37,1,raging-bolt-ogerpon,Raging Bolt Ogerpon,226,762,726,378,47.59,rocket-spidops,Rocket's Spidops,1,100.0,1,0,0,overall,2026-10-09T06:44:23.931713+00:00,nein,abfrage
SVI-BLK,37,1,raging-bolt-ogerpon,Raging Bolt Ogerpon,226,762,726,378,47.59,rocket-nidoking-ex,Rocket's Nidoking,1,0.0,0,1,0,overall,2026-10-09T06:44:23.931713+00:00,nein,abfrage
SVI-BLK,37,1,raging-bolt-ogerpon,Raging Bolt Ogerpon,226,762,726,378,47.59,iron-thorns-ex,Iron Thorns,1,33.33,0,0,1,overall,2026-10-09T06:44:23.931713+00:00,nein,abfrage
SVI-BLK,37,1,raging-bolt-ogerpon,Raging Bolt Ogerpon,226,762,726,378,47.59,tinkaton-ex,Tinkaton,1,33.33,0,0,1,overall,2026-10-09T06:44:23.931713+00:00,nein,abfrage
SVI-BLK,37,1,raging-bolt-ogerpon,Raging Bolt Ogerpon,226,762,726,378,47.59,azumarill-ssp,Azumarill,1,100.0,1,0,0,overall,2026-10-09T06:44:23.931713+00:00,nein,abfrage
SVI-BLK,37,1,reging-bolt-bellibolt,Raging Bolt Bellibolt,2,5,9,2,35.42,dragapult-dusknoir,Dragapult Dusknoir,3,44.44,1,1,1,overall,2026-10-09T06:44:25.735150+00:00,nein,abfrage
SVI-BLK,37,1,reging-bolt-bellibolt,Raging Bolt Bellibolt,2,5,9,2,35.42,gholdengo-ex,Gholdengo,2,16.67,0,1,1,overall,2026-10-09T06:44:25.735150+00:00,nein,abfrage
SVI-BLK,37,1,reging-bolt-bellibolt,Raging Bolt Bellibolt,2,5,9,2,35.42,n-zoroark,N's Zoroark,1,0.0,0,1,0,overall,2026-10-09T06:44:25.735150+00:00,nein,abfrage
SVI-BLK,37,1,reging-bolt-bellibolt,Raging Bolt Bellibolt,2,5,9,2,35.42,dragapult-charizard,Dragapult Charizard,1,0.0,0,1,0,overall,2026-10-09T06:44:25.735150+00:00,nein,abfrage
SVI-BLK,37,1,reging-bolt-bellibolt,Raging Bolt Bellibolt,2,5,9,2,35.42,charizard-pidgeot,Charizard Pidgeot,1,0.0,0,1,0,overall,2026-10-09T06:44:25.735150+00:00,nein,abfrage
SVI-BLK,37,1,reging-bolt-bellibolt,Raging Bolt Bellibolt,2,5,9,2,35.42,cynthia-garchomp-ex,Cynthia's Garchomp,1,0.0,0,1,0,overall,2026-10-09T06:44:25.735150+00:00,nein,abfrage
SVI-BLK,37,1,reging-bolt-bellibolt,Raging Bolt Bellibolt,2,5,9,2,35.42,slowking-scr,Slowking,1,0.0,0,1,0,overall,2026-10-09T06:44:25.735150+00:00,nein,abfrage
SVI-BLK,37,1,reging-bolt-bellibolt,Raging Bolt Bellibolt,2,5,9,2,35.42,raging-bolt-ogerpon,Raging Bolt Ogerpon,1,100.0,1,0,0,overall,2026-10-09T06:44:25.735150+00:00,nein,abfrage
SVI-BLK,37,1,reging-bolt-bellibolt,Raging Bolt Bellibolt,2,5,9,2,35.42,palafin-ex,Palafin,1,100.0,1,0,0,overall,2026-10-09T06:44:25.735150+00:00,nein,abfrage
SVI-BLK,37,1,reging-bolt-bellibolt,Raging Bolt Bellibolt,2,5,9,2,35.42,ho-oh-armarouge,Ho-Oh Armarouge,1,100.0,1,0,0,overall,2026-10-09T06:44:25.735150+00:00,nein,abfrage
SVI-BLK,37,1,reging-bolt-bellibolt,Raging Bolt Bellibolt,2,5,9,2,35.42,festival-lead,Festival Lead,1,100.0,1,0,0,overall,2026-10-09T06:44:25.735150+00:00,nein,abfrage
SVI-BLK,37,1,reging-bolt-bellibolt,Raging Bolt Bellibolt,2,5,9,2,35.42,gardevoir-ex-sv,Gardevoir,1,0.0,0,1,0,overall,2026-10-09T06:44:25.735150+00:00,nein,abfrage
SVI-BLK,37,1,reging-bolt-bellibolt,Raging Bolt Bellibolt,2,5,9,2,35.42,grimmsnarl-froslass,Grimmsnarl Froslass,1,0.0,0,1,0,overall,2026-10-09T06:44:25.735150+00:00,nein,abfrage
SVI-BLK,37,1,roaring-moon-ex,Roaring Moon,8,27,29,12,45.59,gholdengo-joltik-box,Gholdengo Joltik Box,11,33.33,3,6,2,overall,2026-10-09T06:44:27.561748+00:00,nein,abfrage
SVI-BLK,37,1,roaring-moon-ex,Roaring Moon,8,27,29,12,45.59,gholdengo-ex,Gholdengo,11,57.58,6,4,1,overall,2026-10-09T06:44:27.561748+00:00,nein,abfrage
SVI-BLK,37,1,roaring-moon-ex,Roaring Moon,8,27,29,12,45.59,raging-bolt-ogerpon,Raging Bolt Ogerpon,10,43.33,3,3,4,overall,2026-10-09T06:44:27.561748+00:00,nein,abfrage
SVI-BLK,37,1,roaring-moon-ex,Roaring Moon,8,27,29,12,45.59,dragapult-dusknoir,Dragapult Dusknoir,6,50.0,3,3,0,overall,2026-10-09T06:44:27.561748+00:00,nein,abfrage
SVI-BLK,37,1,roaring-moon-ex,Roaring Moon,8,27,29,12,45.59,grimmsnarl-froslass,Grimmsnarl Froslass,4,33.33,1,2,1,overall,2026-10-09T06:44:27.561748+00:00,nein,abfrage
SVI-BLK,37,1,roaring-moon-ex,Roaring Moon,8,27,29,12,45.59,gardevoir-ex-sv,Gardevoir,4,75.0,3,1,0,overall,2026-10-09T06:44:27.561748+00:00,nein,abfrage
SVI-BLK,37,1,roaring-moon-ex,Roaring Moon,8,27,29,12,45.59,joltik-box,Joltik Box,3,11.11,0,2,1,overall,2026-10-09T06:44:27.561748+00:00,nein,abfrage
SVI-BLK,37,1,roaring-moon-ex,Roaring Moon,8,27,29,12,45.59,dragapult-charizard,Dragapult Charizard,3,11.11,0,2,1,overall,2026-10-09T06:44:27.561748+00:00,nein,abfrage
SVI-BLK,37,1,roaring-moon-ex,Roaring Moon,8,27,29,12,45.59,charizard-pidgeot,Charizard Pidgeot,3,66.67,2,1,0,overall,2026-10-09T06:44:27.561748+00:00,nein,abfrage
SVI-BLK,37,1,roaring-moon-ex,Roaring Moon,8,27,29,12,45.59,hydreigon-ex,Hydreigon,2,100.0,2,0,0,overall,2026-10-09T06:44:27.561748+00:00,nein,abfrage
SVI-BLK,37,1,roaring-moon-ex,Roaring Moon,8,27,29,12,45.59,flareon-noctowl,Flareon Noctowl,2,16.67,0,1,1,overall,2026-10-09T06:44:27.561748+00:00,nein,abfrage
SVI-BLK,37,1,roaring-moon-ex,Roaring Moon,8,27,29,12,45.59,n-zoroark,N's Zoroark,1,0.0,0,1,0,overall,2026-10-09T06:44:27.561748+00:00,nein,abfrage
SVI-BLK,37,1,roaring-moon-ex,Roaring Moon,8,27,29,12,45.59,charizard-noctowl,Charizard Noctowl,1,0.0,0,1,0,overall,2026-10-09T06:44:27.561748+00:00,nein,abfrage
SVI-BLK,37,1,roaring-moon-ex,Roaring Moon,8,27,29,12,45.59,ho-oh-armarouge,Ho-Oh Armarouge,1,33.33,0,0,1,overall,2026-10-09T06:44:27.561748+00:00,nein,abfrage
SVI-BLK,37,1,roaring-moon-ex,Roaring Moon,8,27,29,12,45.59,espathra-xatu,Espathra Xatu,1,100.0,1,0,0,overall,2026-10-09T06:44:27.561748+00:00,nein,abfrage
SVI-BLK,37,1,roaring-moon-ex,Roaring Moon,8,27,29,12,45.59,gardevoir-jellicent,Gardevoir Jellicent,1,100.0,1,0,0,overall,2026-10-09T06:44:27.561748+00:00,nein,abfrage
SVI-BLK,37,1,roaring-moon-ex,Roaring Moon,8,27,29,12,45.59,ceruledge-ex,Ceruledge,1,0.0,0,1,0,overall,2026-10-09T06:44:27.561748+00:00,nein,abfrage
SVI-BLK,37,1,roaring-moon-ex,Roaring Moon,8,27,29,12,45.59,rocket-mewtwo-ex,Rocket's Mewtwo,1,100.0,1,0,0,overall,2026-10-09T06:44:27.561748+00:00,nein,abfrage
SVI-BLK,37,1,roaring-moon-ex,Roaring Moon,8,27,29,12,45.59,cynthia-garchomp-ex,Cynthia's Garchomp,1,0.0,0,1,0,overall,2026-10-09T06:44:27.561748+00:00,nein,abfrage
SVI-BLK,37,1,rocket-mewtwo-ex,Rocket's Mewtwo,7,13,22,14,36.05,gardevoir-ex-sv,Gardevoir,6,22.22,1,4,1,overall,2026-10-09T06:44:29.373431+00:00,nein,abfrage
SVI-BLK,37,1,rocket-mewtwo-ex,Rocket's Mewtwo,7,13,22,14,36.05,gholdengo-ex,Gholdengo,6,16.67,0,3,3,overall,2026-10-09T06:44:29.373431+00:00,nein,abfrage
SVI-BLK,37,1,rocket-mewtwo-ex,Rocket's Mewtwo,7,13,22,14,36.05,dragapult-dusknoir,Dragapult Dusknoir,6,38.89,2,3,1,overall,2026-10-09T06:44:29.373431+00:00,nein,abfrage
SVI-BLK,37,1,rocket-mewtwo-ex,Rocket's Mewtwo,7,13,22,14,36.05,dragapult-charizard,Dragapult Charizard,5,66.67,3,1,1,overall,2026-10-09T06:44:29.373431+00:00,nein,abfrage
SVI-BLK,37,1,rocket-mewtwo-ex,Rocket's Mewtwo,7,13,22,14,36.05,charizard-pidgeot,Charizard Pidgeot,5,60.0,3,2,0,overall,2026-10-09T06:44:29.373431+00:00,nein,abfrage
SVI-BLK,37,1,rocket-mewtwo-ex,Rocket's Mewtwo,7,13,22,14,36.05,raging-bolt-ogerpon,Raging Bolt Ogerpon,4,16.67,0,2,2,overall,2026-10-09T06:44:29.373431+00:00,nein,abfrage
SVI-BLK,37,1,rocket-mewtwo-ex,Rocket's Mewtwo,7,13,22,14,36.05,gholdengo-joltik-box,Gholdengo Joltik Box,3,0.0,0,3,0,overall,2026-10-09T06:44:29.373431+00:00,nein,abfrage
SVI-BLK,37,1,rocket-mewtwo-ex,Rocket's Mewtwo,7,13,22,14,36.05,grimmsnarl-froslass,Grimmsnarl Froslass,3,33.33,0,0,3,overall,2026-10-09T06:44:29.373431+00:00,nein,abfrage
SVI-BLK,37,1,rocket-mewtwo-ex,Rocket's Mewtwo,7,13,22,14,36.05,joltik-box,Joltik Box,2,100.0,2,0,0,overall,2026-10-09T06:44:29.373431+00:00,nein,abfrage
SVI-BLK,37,1,rocket-mewtwo-ex,Rocket's Mewtwo,7,13,22,14,36.05,ceruledge-ex,Ceruledge,1,100.0,1,0,0,overall,2026-10-09T06:44:29.373431+00:00,nein,abfrage
SVI-BLK,37,1,rocket-mewtwo-ex,Rocket's Mewtwo,7,13,22,14,36.05,blissey-ex,Blissey,1,0.0,0,1,0,overall,2026-10-09T06:44:29.373431+00:00,nein,abfrage
SVI-BLK,37,1,rocket-mewtwo-ex,Rocket's Mewtwo,7,13,22,14,36.05,flareon-ex,Flareon,1,100.0,1,0,0,overall,2026-10-09T06:44:29.373431+00:00,nein,abfrage
SVI-BLK,37,1,rocket-mewtwo-ex,Rocket's Mewtwo,7,13,22,14,36.05,ethan-typhlosion,Ethan's Typhlosion,1,33.33,0,0,1,overall,2026-10-09T06:44:29.373431+00:00,nein,abfrage
SVI-BLK,37,1,rocket-mewtwo-ex,Rocket's Mewtwo,7,13,22,14,36.05,tera-box,Tera Box,1,33.33,0,0,1,overall,2026-10-09T06:44:29.373431+00:00,nein,abfrage
SVI-BLK,37,1,rocket-mewtwo-ex,Rocket's Mewtwo,7,13,22,14,36.05,n-zoroark,N's Zoroark,1,33.33,0,0,1,overall,2026-10-09T06:44:29.373431+00:00,nein,abfrage
SVI-BLK,37,1,rocket-mewtwo-ex,Rocket's Mewtwo,7,13,22,14,36.05,roaring-moon-ex,Roaring Moon,1,0.0,0,1,0,overall,2026-10-09T06:44:29.373431+00:00,nein,abfrage
SVI-BLK,37,1,rocket-mewtwo-ex,Rocket's Mewtwo,7,13,22,14,36.05,hop-zacian,Hop's Zacian,1,0.0,0,1,0,overall,2026-10-09T06:44:29.373431+00:00,nein,abfrage
SVI-BLK,37,1,rocket-nidoking-ex,Rocket's Nidoking,1,2,6,0,25.0,gholdengo-joltik-box,Gholdengo Joltik Box,1,0.0,0,1,0,overall,2026-10-09T06:44:31.181316+00:00,nein,abfrage
SVI-BLK,37,1,rocket-nidoking-ex,Rocket's Nidoking,1,2,6,0,25.0,festival-lead,Festival Lead,1,100.0,1,0,0,overall,2026-10-09T06:44:31.181316+00:00,nein,abfrage
SVI-BLK,37,1,rocket-nidoking-ex,Rocket's Nidoking,1,2,6,0,25.0,joltik-box,Joltik Box,1,0.0,0,1,0,overall,2026-10-09T06:44:31.181316+00:00,nein,abfrage
SVI-BLK,37,1,rocket-nidoking-ex,Rocket's Nidoking,1,2,6,0,25.0,charizard-pidgeot,Charizard Pidgeot,1,0.0,0,1,0,overall,2026-10-09T06:44:31.181316+00:00,nein,abfrage
SVI-BLK,37,1,rocket-nidoking-ex,Rocket's Nidoking,1,2,6,0,25.0,dragapult-dusknoir,Dragapult Dusknoir,1,0.0,0,1,0,overall,2026-10-09T06:44:31.181316+00:00,nein,abfrage
SVI-BLK,37,1,rocket-nidoking-ex,Rocket's Nidoking,1,2,6,0,25.0,charizard-dusknoir,Charizard Dusknoir,1,0.0,0,1,0,overall,2026-10-09T06:44:31.181316+00:00,nein,abfrage
SVI-BLK,37,1,rocket-nidoking-ex,Rocket's Nidoking,1,2,6,0,25.0,raging-bolt-ogerpon,Raging Bolt Ogerpon,1,100.0,1,0,0,overall,2026-10-09T06:44:31.181316+00:00,nein,abfrage
SVI-BLK,37,1,rocket-nidoking-ex,Rocket's Nidoking,1,2,6,0,25.0,dragapult-charizard,Dragapult Charizard,1,0.0,0,1,0,overall,2026-10-09T06:44:31.181316+00:00,nein,abfrage
SVI-BLK,37,1,rocket-spidops,Rocket's Spidops,1,2,3,3,37.5,dragapult-dusknoir,Dragapult Dusknoir,2,50.0,1,1,0,overall,2026-10-09T06:44:33.009330+00:00,nein,abfrage
SVI-BLK,37,1,rocket-spidops,Rocket's Spidops,1,2,3,3,37.5,gholdengo-joltik-box,Gholdengo Joltik Box,2,66.67,1,0,1,overall,2026-10-09T06:44:33.009330+00:00,nein,abfrage
SVI-BLK,37,1,rocket-spidops,Rocket's Spidops,1,2,3,3,37.5,flareon-noctowl,Flareon Noctowl,1,0.0,0,1,0,overall,2026-10-09T06:44:33.009330+00:00,nein,abfrage
SVI-BLK,37,1,rocket-spidops,Rocket's Spidops,1,2,3,3,37.5,n-zoroark,N's Zoroark,1,33.33,0,0,1,overall,2026-10-09T06:44:33.009330+00:00,nein,abfrage
SVI-BLK,37,1,rocket-spidops,Rocket's Spidops,1,2,3,3,37.5,farigiraf-milotic,Farigiraf Milotic,1,33.33,0,0,1,overall,2026-10-09T06:44:33.009330+00:00,nein,abfrage
SVI-BLK,37,1,rocket-spidops,Rocket's Spidops,1,2,3,3,37.5,raging-bolt-ogerpon,Raging Bolt Ogerpon,1,0.0,0,1,0,overall,2026-10-09T06:44:33.009330+00:00,nein,abfrage
SVI-BLK,37,1,seaking-pre,Seaking Festival Lead,2,5,6,2,43.59,raging-bolt-ogerpon,Raging Bolt Ogerpon,3,11.11,0,2,1,overall,2026-10-09T06:44:35.001716+00:00,nein,abfrage
SVI-BLK,37,1,seaking-pre,Seaking Festival Lead,2,5,6,2,43.59,gholdengo-ex,Gholdengo,2,100.0,2,0,0,overall,2026-10-09T06:44:35.001716+00:00,nein,abfrage
SVI-BLK,37,1,seaking-pre,Seaking Festival Lead,2,5,6,2,43.59,charizard-pidgeot,Charizard Pidgeot,1,100.0,1,0,0,overall,2026-10-09T06:44:35.001716+00:00,nein,abfrage
SVI-BLK,37,1,seaking-pre,Seaking Festival Lead,2,5,6,2,43.59,gardevoir-ex-sv,Gardevoir,1,0.0,0,1,0,overall,2026-10-09T06:44:35.001716+00:00,nein,abfrage
SVI-BLK,37,1,seaking-pre,Seaking Festival Lead,2,5,6,2,43.59,gholdengo-joltik-box,Gholdengo Joltik Box,1,100.0,1,0,0,overall,2026-10-09T06:44:35.001716+00:00,nein,abfrage
SVI-BLK,37,1,seaking-pre,Seaking Festival Lead,2,5,6,2,43.59,dragapult-charizard,Dragapult Charizard,1,0.0,0,1,0,overall,2026-10-09T06:44:35.001716+00:00,nein,abfrage
SVI-BLK,37,1,seaking-pre,Seaking Festival Lead,2,5,6,2,43.59,sinistcha-ogerpon,Sinistcha Ogerpon,1,33.33,0,0,1,overall,2026-10-09T06:44:35.001716+00:00,nein,abfrage
SVI-BLK,37,1,seaking-pre,Seaking Festival Lead,2,5,6,2,43.59,flareon-noctowl,Flareon Noctowl,1,100.0,1,0,0,overall,2026-10-09T06:44:35.001716+00:00,nein,abfrage
SVI-BLK,37,1,seaking-pre,Seaking Festival Lead,2,5,6,2,43.59,festival-lead,Festival Lead,1,0.0,0,1,0,overall,2026-10-09T06:44:35.001716+00:00,nein,abfrage
SVI-BLK,37,1,seaking-pre,Seaking Festival Lead,2,5,6,2,43.59,tera-box,Tera Box,1,0.0,0,1,0,overall,2026-10-09T06:44:35.001716+00:00,nein,abfrage
SVI-BLK,37,1,sinistcha-ogerpon,Sinistcha Ogerpon,2,5,7,4,39.58,raging-bolt-ogerpon,Raging Bolt Ogerpon,3,44.44,1,1,1,overall,2026-10-09T06:44:36.845940+00:00,nein,abfrage
SVI-BLK,37,1,sinistcha-ogerpon,Sinistcha Ogerpon,2,5,7,4,39.58,dragapult-dusknoir,Dragapult Dusknoir,2,16.67,0,1,1,overall,2026-10-09T06:44:36.845940+00:00,nein,abfrage
SVI-BLK,37,1,sinistcha-ogerpon,Sinistcha Ogerpon,2,5,7,4,39.58,cynthia-garchomp-ex,Cynthia's Garchomp,2,66.67,1,0,1,overall,2026-10-09T06:44:36.845940+00:00,nein,abfrage
SVI-BLK,37,1,sinistcha-ogerpon,Sinistcha Ogerpon,2,5,7,4,39.58,gholdengo-ex,Gholdengo,2,0.0,0,2,0,overall,2026-10-09T06:44:36.845940+00:00,nein,abfrage
SVI-BLK,37,1,sinistcha-ogerpon,Sinistcha Ogerpon,2,5,7,4,39.58,grimmsnarl-froslass,Grimmsnarl Froslass,1,100.0,1,0,0,overall,2026-10-09T06:44:36.845940+00:00,nein,abfrage
SVI-BLK,37,1,sinistcha-ogerpon,Sinistcha Ogerpon,2,5,7,4,39.58,seaking-pre,Seaking Festival Lead,1,33.33,0,0,1,overall,2026-10-09T06:44:36.845940+00:00,nein,abfrage
SVI-BLK,37,1,sinistcha-ogerpon,Sinistcha Ogerpon,2,5,7,4,39.58,flareon-noctowl,Flareon Noctowl,1,0.0,0,1,0,overall,2026-10-09T06:44:36.845940+00:00,nein,abfrage
SVI-BLK,37,1,sinistcha-ogerpon,Sinistcha Ogerpon,2,5,7,4,39.58,gardevoir-ex-sv,Gardevoir,1,100.0,1,0,0,overall,2026-10-09T06:44:36.845940+00:00,nein,abfrage
SVI-BLK,37,1,sinistcha-ogerpon,Sinistcha Ogerpon,2,5,7,4,39.58,ho-oh-armarouge,Ho-Oh Armarouge,1,100.0,1,0,0,overall,2026-10-09T06:44:36.845940+00:00,nein,abfrage
SVI-BLK,37,1,sinistcha-ogerpon,Sinistcha Ogerpon,2,5,7,4,39.58,gholdengo-joltik-box,Gholdengo Joltik Box,1,0.0,0,1,0,overall,2026-10-09T06:44:36.845940+00:00,nein,abfrage
SVI-BLK,37,1,sinistcha-ogerpon,Sinistcha Ogerpon,2,5,7,4,39.58,joltik-box,Joltik Box,1,0.0,0,1,0,overall,2026-10-09T06:44:36.845940+00:00,nein,abfrage
SVI-BLK,37,1,slowking-scr,Slowking,2,4,9,3,31.25,dragapult-dusknoir,Dragapult Dusknoir,3,0.0,0,3,0,overall,2026-10-09T06:44:38.640595+00:00,nein,abfrage
SVI-BLK,37,1,slowking-scr,Slowking,2,4,9,3,31.25,gholdengo-joltik-box,Gholdengo Joltik Box,2,0.0,0,2,0,overall,2026-10-09T06:44:38.640595+00:00,nein,abfrage
SVI-BLK,37,1,slowking-scr,Slowking,2,4,9,3,31.25,raging-bolt-ogerpon,Raging Bolt Ogerpon,2,0.0,0,2,0,overall,2026-10-09T06:44:38.640595+00:00,nein,abfrage
SVI-BLK,37,1,slowking-scr,Slowking,2,4,9,3,31.25,gardevoir-ex-sv,Gardevoir,2,50.0,1,1,0,overall,2026-10-09T06:44:38.640595+00:00,nein,abfrage
SVI-BLK,37,1,slowking-scr,Slowking,2,4,9,3,31.25,cynthia-garchomp-ex,Cynthia's Garchomp,1,33.33,0,0,1,overall,2026-10-09T06:44:38.640595+00:00,nein,abfrage
SVI-BLK,37,1,slowking-scr,Slowking,2,4,9,3,31.25,grimmsnarl-froslass,Grimmsnarl Froslass,1,100.0,1,0,0,overall,2026-10-09T06:44:38.640595+00:00,nein,abfrage
SVI-BLK,37,1,slowking-scr,Slowking,2,4,9,3,31.25,flareon-noctowl,Flareon Noctowl,1,0.0,0,1,0,overall,2026-10-09T06:44:38.640595+00:00,nein,abfrage
SVI-BLK,37,1,slowking-scr,Slowking,2,4,9,3,31.25,reging-bolt-bellibolt,Raging Bolt Bellibolt,1,100.0,1,0,0,overall,2026-10-09T06:44:38.640595+00:00,nein,abfrage
SVI-BLK,37,1,slowking-scr,Slowking,2,4,9,3,31.25,joltik-box,Joltik Box,1,33.33,0,0,1,overall,2026-10-09T06:44:38.640595+00:00,nein,abfrage
SVI-BLK,37,1,slowking-scr,Slowking,2,4,9,3,31.25,dragapult-charizard,Dragapult Charizard,1,100.0,1,0,0,overall,2026-10-09T06:44:38.640595+00:00,nein,abfrage
SVI-BLK,37,1,slowking-scr,Slowking,2,4,9,3,31.25,chien-pao-baxcalibur,Chien-Pao Baxcalibur,1,33.33,0,0,1,overall,2026-10-09T06:44:38.640595+00:00,nein,abfrage
SVI-BLK,37,1,spidops-ex,Spidops,1,1,7,0,12.5,dragapult-dusknoir,Dragapult Dusknoir,3,0.0,0,3,0,overall,2026-10-09T06:44:40.466164+00:00,nein,abfrage
SVI-BLK,37,1,spidops-ex,Spidops,1,1,7,0,12.5,gardevoir-ex-sv,Gardevoir,2,0.0,0,2,0,overall,2026-10-09T06:44:40.466164+00:00,nein,abfrage
SVI-BLK,37,1,spidops-ex,Spidops,1,1,7,0,12.5,flareon-noctowl,Flareon Noctowl,1,0.0,0,1,0,overall,2026-10-09T06:44:40.466164+00:00,nein,abfrage
SVI-BLK,37,1,spidops-ex,Spidops,1,1,7,0,12.5,raging-bolt-ogerpon,Raging Bolt Ogerpon,1,100.0,1,0,0,overall,2026-10-09T06:44:40.466164+00:00,nein,abfrage
SVI-BLK,37,1,spidops-ex,Spidops,1,1,7,0,12.5,grimmsnarl-froslass,Grimmsnarl Froslass,1,0.0,0,1,0,overall,2026-10-09T06:44:40.466164+00:00,nein,abfrage
SVI-BLK,37,1,tera-box,Tera Box,33,181,100,56,59.25,raging-bolt-ogerpon,Raging Bolt Ogerpon,49,70.07,32,10,7,overall,2026-10-09T06:44:42.311679+00:00,nein,abfrage
SVI-BLK,37,1,tera-box,Tera Box,33,181,100,56,59.25,dragapult-dusknoir,Dragapult Dusknoir,47,65.96,28,10,9,overall,2026-10-09T06:44:42.311679+00:00,nein,abfrage
SVI-BLK,37,1,tera-box,Tera Box,33,181,100,56,59.25,gardevoir-ex-sv,Gardevoir,45,47.41,19,19,7,overall,2026-10-09T06:44:42.311679+00:00,nein,abfrage
SVI-BLK,37,1,tera-box,Tera Box,33,181,100,56,59.25,gholdengo-ex,Gholdengo,41,62.6,23,10,8,overall,2026-10-09T06:44:42.311679+00:00,nein,abfrage
SVI-BLK,37,1,tera-box,Tera Box,33,181,100,56,59.25,gholdengo-joltik-box,Gholdengo Joltik Box,28,58.33,15,9,4,overall,2026-10-09T06:44:42.311679+00:00,nein,abfrage
SVI-BLK,37,1,tera-box,Tera Box,33,181,100,56,59.25,grimmsnarl-froslass,Grimmsnarl Froslass,18,38.89,6,9,3,overall,2026-10-09T06:44:42.311679+00:00,nein,abfrage
SVI-BLK,37,1,tera-box,Tera Box,33,181,100,56,59.25,dragapult-charizard,Dragapult Charizard,16,66.67,10,4,2,overall,2026-10-09T06:44:42.311679+00:00,nein,abfrage
SVI-BLK,37,1,tera-box,Tera Box,33,181,100,56,59.25,flareon-noctowl,Flareon Noctowl,15,66.67,10,5,0,overall,2026-10-09T06:44:42.311679+00:00,nein,abfrage
SVI-BLK,37,1,tera-box,Tera Box,33,181,100,56,59.25,charizard-pidgeot,Charizard Pidgeot,13,58.97,7,4,2,overall,2026-10-09T06:44:42.311679+00:00,nein,abfrage
SVI-BLK,37,1,tera-box,Tera Box,33,181,100,56,59.25,joltik-box,Joltik Box,11,63.64,6,2,3,overall,2026-10-09T06:44:42.311679+00:00,nein,abfrage
SVI-BLK,37,1,tera-box,Tera Box,33,181,100,56,59.25,dragapult-ex,Dragapult,8,91.67,7,0,1,overall,2026-10-09T06:44:42.311679+00:00,nein,abfrage
SVI-BLK,37,1,tera-box,Tera Box,33,181,100,56,59.25,tera-box,Tera Box,6,47.22,5,5,2,overall,2026-10-09T06:44:42.311679+00:00,ja,abfrage
SVI-BLK,37,1,tera-box,Tera Box,33,181,100,56,59.25,ethan-typhlosion,Ethan's Typhlosion,4,25.0,1,3,0,overall,2026-10-09T06:44:42.311679+00:00,nein,abfrage
SVI-BLK,37,1,tera-box,Tera Box,33,181,100,56,59.25,crustle-dri,Crustle,4,41.67,1,1,2,overall,2026-10-09T06:44:42.311679+00:00,nein,abfrage
SVI-BLK,37,1,tera-box,Tera Box,33,181,100,56,59.25,gardevoir-jellicent,Gardevoir Jellicent,3,55.56,1,0,2,overall,2026-10-09T06:44:42.311679+00:00,nein,abfrage
SVI-BLK,37,1,tera-box,Tera Box,33,181,100,56,59.25,cynthia-garchomp-ex,Cynthia's Garchomp,3,77.78,2,0,1,overall,2026-10-09T06:44:42.311679+00:00,nein,abfrage
SVI-BLK,37,1,tera-box,Tera Box,33,181,100,56,59.25,n-zoroark,N's Zoroark,3,44.44,1,1,1,overall,2026-10-09T06:44:42.311679+00:00,nein,abfrage
SVI-BLK,37,1,tera-box,Tera Box,33,181,100,56,59.25,ho-oh-armarouge,Ho-Oh Armarouge,3,66.67,2,1,0,overall,2026-10-09T06:44:42.311679+00:00,nein,abfrage
SVI-BLK,37,1,tera-box,Tera Box,33,181,100,56,59.25,festival-lead,Festival Lead,1,100.0,1,0,0,overall,2026-10-09T06:44:42.311679+00:00,nein,abfrage
SVI-BLK,37,1,tera-box,Tera Box,33,181,100,56,59.25,flareon-ex,Flareon,1,0.0,0,1,0,overall,2026-10-09T06:44:42.311679+00:00,nein,abfrage
SVI-BLK,37,1,tera-box,Tera Box,33,181,100,56,59.25,archaludon-ex,Archaludon,1,0.0,0,1,0,overall,2026-10-09T06:44:42.311679+00:00,nein,abfrage
SVI-BLK,37,1,tera-box,Tera Box,33,181,100,56,59.25,other,Other,1,100.0,1,0,0,overall,2026-10-09T06:44:42.311679+00:00,nein,abfrage
SVI-BLK,37,1,tera-box,Tera Box,33,181,100,56,59.25,marnie-grimmsnarl-ex,Marnie's Grimmsnarl,1,33.33,0,0,1,overall,2026-10-09T06:44:42.311679+00:00,nein,abfrage
SVI-BLK,37,1,tera-box,Tera Box,33,181,100,56,59.25,rocket-mewtwo-ex,Rocket's Mewtwo,1,33.33,0,0,1,overall,2026-10-09T06:44:42.311679+00:00,nein,abfrage
SVI-BLK,37,1,tera-box,Tera Box,33,181,100,56,59.25,miraidon-ex,Miraidon,1,0.0,0,1,0,overall,2026-10-09T06:44:42.311679+00:00,nein,abfrage
SVI-BLK,37,1,tera-box,Tera Box,33,181,100,56,59.25,miraidon-eelektrik,Miraidon Eelektrik,1,100.0,1,0,0,overall,2026-10-09T06:44:42.311679+00:00,nein,abfrage
SVI-BLK,37,1,tera-box,Tera Box,33,181,100,56,59.25,conkeldurr-twm,Conkeldurr,1,0.0,0,1,0,overall,2026-10-09T06:44:42.311679+00:00,nein,abfrage
SVI-BLK,37,1,tera-box,Tera Box,33,181,100,56,59.25,iron-thorns-ex,Iron Thorns,1,0.0,0,1,0,overall,2026-10-09T06:44:42.311679+00:00,nein,abfrage
SVI-BLK,37,1,tera-box,Tera Box,33,181,100,56,59.25,seaking-pre,Seaking Festival Lead,1,100.0,1,0,0,overall,2026-10-09T06:44:42.311679+00:00,nein,abfrage
SVI-BLK,37,1,tera-box,Tera Box,33,181,100,56,59.25,okidogi-twm,Okidogi,1,0.0,0,1,0,overall,2026-10-09T06:44:42.311679+00:00,nein,abfrage
SVI-BLK,37,1,terapagos-noctowl,Terapagos Noctowl,2,3,2,4,48.15,flareon-noctowl,Flareon Noctowl,2,66.67,1,0,1,overall,2026-10-09T06:44:44.148621+00:00,nein,abfrage
SVI-BLK,37,1,terapagos-noctowl,Terapagos Noctowl,2,3,2,4,48.15,dragapult-dusknoir,Dragapult Dusknoir,1,100.0,1,0,0,overall,2026-10-09T06:44:44.148621+00:00,nein,abfrage
SVI-BLK,37,1,terapagos-noctowl,Terapagos Noctowl,2,3,2,4,48.15,grimmsnarl-froslass,Grimmsnarl Froslass,1,0.0,0,1,0,overall,2026-10-09T06:44:44.148621+00:00,nein,abfrage
SVI-BLK,37,1,terapagos-noctowl,Terapagos Noctowl,2,3,2,4,48.15,joltik-box,Joltik Box,1,33.33,0,0,1,overall,2026-10-09T06:44:44.148621+00:00,nein,abfrage
SVI-BLK,37,1,terapagos-noctowl,Terapagos Noctowl,2,3,2,4,48.15,archaludon-ex,Archaludon,1,33.33,0,0,1,overall,2026-10-09T06:44:44.148621+00:00,nein,abfrage
SVI-BLK,37,1,terapagos-noctowl,Terapagos Noctowl,2,3,2,4,48.15,raging-bolt-ogerpon,Raging Bolt Ogerpon,1,33.33,0,0,1,overall,2026-10-09T06:44:44.148621+00:00,nein,abfrage
SVI-BLK,37,1,terapagos-noctowl,Terapagos Noctowl,2,3,2,4,48.15,gholdengo-joltik-box,Gholdengo Joltik Box,1,100.0,1,0,0,overall,2026-10-09T06:44:44.148621+00:00,nein,abfrage
SVI-BLK,37,1,terapagos-noctowl,Terapagos Noctowl,2,3,2,4,48.15,gholdengo-ex,Gholdengo,1,0.0,0,1,0,overall,2026-10-09T06:44:44.148621+00:00,nein,abfrage
SVI-BLK,37,1,tinkaton-ex,Tinkaton,1,4,3,1,54.17,dragapult-dusknoir,Dragapult Dusknoir,4,50.0,2,2,0,overall,2026-10-09T06:44:46.149263+00:00,nein,abfrage
SVI-BLK,37,1,tinkaton-ex,Tinkaton,1,4,3,1,54.17,charizard-pidgeot,Charizard Pidgeot,1,0.0,0,1,0,overall,2026-10-09T06:44:46.149263+00:00,nein,abfrage
SVI-BLK,37,1,tinkaton-ex,Tinkaton,1,4,3,1,54.17,cynthia-garchomp-ex,Cynthia's Garchomp,1,100.0,1,0,0,overall,2026-10-09T06:44:46.149263+00:00,nein,abfrage
SVI-BLK,37,1,tinkaton-ex,Tinkaton,1,4,3,1,54.17,hop-zacian,Hop's Zacian,1,100.0,1,0,0,overall,2026-10-09T06:44:46.149263+00:00,nein,abfrage
SVI-BLK,37,1,tinkaton-ex,Tinkaton,1,4,3,1,54.17,raging-bolt-ogerpon,Raging Bolt Ogerpon,1,33.33,0,0,1,overall,2026-10-09T06:44:46.149263+00:00,nein,abfrage
SVI-BLK,37,1,toedscruel-ex,Toedscruel,6,10,16,16,36.51,dragapult-dusknoir,Dragapult Dusknoir,8,33.33,2,4,2,overall,2026-10-09T06:44:47.974765+00:00,nein,abfrage
SVI-BLK,37,1,toedscruel-ex,Toedscruel,6,10,16,16,36.51,charizard-pidgeot,Charizard Pidgeot,6,44.44,2,2,2,overall,2026-10-09T06:44:47.974765+00:00,nein,abfrage
SVI-BLK,37,1,toedscruel-ex,Toedscruel,6,10,16,16,36.51,grimmsnarl-froslass,Grimmsnarl Froslass,5,73.33,3,0,2,overall,2026-10-09T06:44:47.974765+00:00,nein,abfrage
SVI-BLK,37,1,toedscruel-ex,Toedscruel,6,10,16,16,36.51,raging-bolt-ogerpon,Raging Bolt Ogerpon,4,25.0,0,1,3,overall,2026-10-09T06:44:47.974765+00:00,nein,abfrage
SVI-BLK,37,1,toedscruel-ex,Toedscruel,6,10,16,16,36.51,gholdengo-ex,Gholdengo,4,66.67,2,0,2,overall,2026-10-09T06:44:47.974765+00:00,nein,abfrage
SVI-BLK,37,1,toedscruel-ex,Toedscruel,6,10,16,16,36.51,gardevoir-ex-sv,Gardevoir,3,22.22,0,1,2,overall,2026-10-09T06:44:47.974765+00:00,nein,abfrage
SVI-BLK,37,1,toedscruel-ex,Toedscruel,6,10,16,16,36.51,gholdengo-joltik-box,Gholdengo Joltik Box,3,0.0,0,3,0,overall,2026-10-09T06:44:47.974765+00:00,nein,abfrage
SVI-BLK,37,1,toedscruel-ex,Toedscruel,6,10,16,16,36.51,dragapult-charizard,Dragapult Charizard,2,66.67,1,0,1,overall,2026-10-09T06:44:47.974765+00:00,nein,abfrage
SVI-BLK,37,1,toedscruel-ex,Toedscruel,6,10,16,16,36.51,iron-thorns-ex,Iron Thorns,1,0.0,0,1,0,overall,2026-10-09T06:44:47.974765+00:00,nein,abfrage
SVI-BLK,37,1,toedscruel-ex,Toedscruel,6,10,16,16,36.51,azumarill-ssp,Azumarill,1,0.0,0,1,0,overall,2026-10-09T06:44:47.974765+00:00,nein,abfrage
SVI-BLK,37,1,toedscruel-ex,Toedscruel,6,10,16,16,36.51,n-zoroark,N's Zoroark,1,0.0,0,1,0,overall,2026-10-09T06:44:47.974765+00:00,nein,abfrage
SVI-BLK,37,1,toedscruel-ex,Toedscruel,6,10,16,16,36.51,dragapult-ex,Dragapult,1,0.0,0,1,0,overall,2026-10-09T06:44:47.974765+00:00,nein,abfrage
SVI-BLK,37,1,toedscruel-ex,Toedscruel,6,10,16,16,36.51,ethan-typhlosion,Ethan's Typhlosion,1,0.0,0,1,0,overall,2026-10-09T06:44:47.974765+00:00,nein,abfrage
SVI-BLK,37,1,toedscruel-ex,Toedscruel,6,10,16,16,36.51,toedscruel-ex,Toedscruel,1,33.33,0,0,2,overall,2026-10-09T06:44:47.974765+00:00,ja,abfrage
SVI-BLK,36,1,ancient-box,Ancient Box,1,2,2,3,42.86,gholdengo-ex,Gholdengo,2,16.67,0,1,1,overall,2026-10-09T06:44:49.834568+00:00,nein,abfrage
SVI-BLK,36,1,ancient-box,Ancient Box,1,2,2,3,42.86,raging-bolt-ogerpon,Raging Bolt Ogerpon,1,100.0,1,0,0,overall,2026-10-09T06:44:49.834568+00:00,nein,abfrage
SVI-BLK,36,1,ancient-box,Ancient Box,1,2,2,3,42.86,charizard-pidgeot,Charizard Pidgeot,1,100.0,1,0,0,overall,2026-10-09T06:44:49.834568+00:00,nein,abfrage
SVI-BLK,36,1,ancient-box,Ancient Box,1,2,2,3,42.86,dragapult-dusknoir,Dragapult Dusknoir,1,33.33,0,0,1,overall,2026-10-09T06:44:49.834568+00:00,nein,abfrage
SVI-BLK,36,1,ancient-box,Ancient Box,1,2,2,3,42.86,grimmsnarl-froslass,Grimmsnarl Froslass,1,33.33,0,0,1,overall,2026-10-09T06:44:49.834568+00:00,nein,abfrage
SVI-BLK,36,1,ancient-box,Ancient Box,1,2,2,3,42.86,gholdengo-joltik-box,Gholdengo Joltik Box,1,0.0,0,1,0,overall,2026-10-09T06:44:49.834568+00:00,nein,abfrage
SVI-BLK,36,1,archaludon-ex,Archaludon,2,6,8,2,41.67,charizard-pidgeot,Charizard Pidgeot,3,66.67,2,1,0,overall,2026-10-09T06:44:51.709933+00:00,nein,abfrage
SVI-BLK,36,1,archaludon-ex,Archaludon,2,6,8,2,41.67,gardevoir-ex-sv,Gardevoir,2,16.67,0,1,1,overall,2026-10-09T06:44:51.709933+00:00,nein,abfrage
SVI-BLK,36,1,archaludon-ex,Archaludon,2,6,8,2,41.67,gholdengo-ex,Gholdengo,2,16.67,0,1,1,overall,2026-10-09T06:44:51.709933+00:00,nein,abfrage
SVI-BLK,36,1,archaludon-ex,Archaludon,2,6,8,2,41.67,raging-bolt-ogerpon,Raging Bolt Ogerpon,1,100.0,1,0,0,overall,2026-10-09T06:44:51.709933+00:00,nein,abfrage
SVI-BLK,36,1,archaludon-ex,Archaludon,2,6,8,2,41.67,roaring-moon-dudunsparce,Roaring Moon Dudunsparce,1,100.0,1,0,0,overall,2026-10-09T06:44:51.709933+00:00,nein,abfrage
SVI-BLK,36,1,archaludon-ex,Archaludon,2,6,8,2,41.67,spidops-ex,Spidops,1,0.0,0,1,0,overall,2026-10-09T06:44:51.709933+00:00,nein,abfrage
SVI-BLK,36,1,archaludon-ex,Archaludon,2,6,8,2,41.67,joltik-box,Joltik Box,1,0.0,0,1,0,overall,2026-10-09T06:44:51.709933+00:00,nein,abfrage
SVI-BLK,36,1,archaludon-ex,Archaludon,2,6,8,2,41.67,dragapult-dusknoir,Dragapult Dusknoir,1,0.0,0,1,0,overall,2026-10-09T06:44:51.709933+00:00,nein,abfrage
SVI-BLK,36,1,archaludon-ex,Archaludon,2,6,8,2,41.67,ogerpon-ex,Ogerpon,1,0.0,0,1,0,overall,2026-10-09T06:44:51.709933+00:00,nein,abfrage
SVI-BLK,36,1,archaludon-ex,Archaludon,2,6,8,2,41.67,dragapult-charizard,Dragapult Charizard,1,0.0,0,1,0,overall,2026-10-09T06:44:51.709933+00:00,nein,abfrage
SVI-BLK,36,1,archaludon-ex,Archaludon,2,6,8,2,41.67,dragapult-iron-thorns,Dragapult Iron Thorns,1,100.0,1,0,0,overall,2026-10-09T06:44:51.709933+00:00,nein,abfrage
SVI-BLK,36,1,archaludon-ex,Archaludon,2,6,8,2,41.67,blaziken-ex-jtg,Blaziken,1,100.0,1,0,0,overall,2026-10-09T06:44:51.709933+00:00,nein,abfrage
SVI-BLK,36,1,azumarill-ssp,Azumarill,3,7,13,4,34.72,dragapult-dusknoir,Dragapult Dusknoir,5,26.67,1,3,1,overall,2026-10-09T06:44:53.571029+00:00,nein,abfrage
SVI-BLK,36,1,azumarill-ssp,Azumarill,3,7,13,4,34.72,gardevoir-ex-sv,Gardevoir,4,50.0,2,2,0,overall,2026-10-09T06:44:53.571029+00:00,nein,abfrage
SVI-BLK,36,1,azumarill-ssp,Azumarill,3,7,13,4,34.72,gholdengo-ex,Gholdengo,4,41.67,1,1,2,overall,2026-10-09T06:44:53.571029+00:00,nein,abfrage
SVI-BLK,36,1,azumarill-ssp,Azumarill,3,7,13,4,34.72,gholdengo-joltik-box,Gholdengo Joltik Box,2,0.0,0,2,0,overall,2026-10-09T06:44:53.571029+00:00,nein,abfrage
SVI-BLK,36,1,azumarill-ssp,Azumarill,3,7,13,4,34.72,crustle-dri,Crustle,1,100.0,1,0,0,overall,2026-10-09T06:44:53.571029+00:00,nein,abfrage
SVI-BLK,36,1,azumarill-ssp,Azumarill,3,7,13,4,34.72,raging-bolt-ogerpon,Raging Bolt Ogerpon,1,0.0,0,1,0,overall,2026-10-09T06:44:53.571029+00:00,nein,abfrage
SVI-BLK,36,1,azumarill-ssp,Azumarill,3,7,13,4,34.72,n-zoroark,N's Zoroark,1,0.0,0,1,0,overall,2026-10-09T06:44:53.571029+00:00,nein,abfrage
SVI-BLK,36,1,azumarill-ssp,Azumarill,3,7,13,4,34.72,conkeldurr-twm,Conkeldurr,1,33.33,0,0,1,overall,2026-10-09T06:44:53.571029+00:00,nein,abfrage
SVI-BLK,36,1,azumarill-ssp,Azumarill,3,7,13,4,34.72,hydreigon-ex,Hydreigon,1,0.0,0,1,0,overall,2026-10-09T06:44:53.571029+00:00,nein,abfrage
SVI-BLK,36,1,azumarill-ssp,Azumarill,3,7,13,4,34.72,dragapult-ex,Dragapult,1,0.0,0,1,0,overall,2026-10-09T06:44:53.571029+00:00,nein,abfrage
SVI-BLK,36,1,azumarill-ssp,Azumarill,3,7,13,4,34.72,ceruledge-ex,Ceruledge,1,100.0,1,0,0,overall,2026-10-09T06:44:53.571029+00:00,nein,abfrage
SVI-BLK,36,1,azumarill-ssp,Azumarill,3,7,13,4,34.72,farigiraf-ex,Farigiraf,1,100.0,1,0,0,overall,2026-10-09T06:44:53.571029+00:00,nein,abfrage
SVI-BLK,36,1,blaziken-ex-jtg,Blaziken,1,3,5,0,37.5,raging-bolt-ogerpon,Raging Bolt Ogerpon,2,0.0,0,2,0,overall,2026-10-09T06:44:55.450509+00:00,nein,abfrage
SVI-BLK,36,1,blaziken-ex-jtg,Blaziken,1,3,5,0,37.5,crustle-dri,Crustle,1,0.0,0,1,0,overall,2026-10-09T06:44:55.450509+00:00,nein,abfrage
SVI-BLK,36,1,blaziken-ex-jtg,Blaziken,1,3,5,0,37.5,cynthia-garchomp-ex,Cynthia's Garchomp,1,0.0,0,1,0,overall,2026-10-09T06:44:55.450509+00:00,nein,abfrage
SVI-BLK,36,1,blaziken-ex-jtg,Blaziken,1,3,5,0,37.5,ho-oh-armarouge,Ho-Oh Armarouge,1,100.0,1,0,0,overall,2026-10-09T06:44:55.450509+00:00,nein,abfrage
SVI-BLK,36,1,blaziken-ex-jtg,Blaziken,1,3,5,0,37.5,dragapult-dusknoir,Dragapult Dusknoir,1,100.0,1,0,0,overall,2026-10-09T06:44:55.450509+00:00,nein,abfrage
SVI-BLK,36,1,blaziken-ex-jtg,Blaziken,1,3,5,0,37.5,dragapult-charizard,Dragapult Charizard,1,100.0,1,0,0,overall,2026-10-09T06:44:55.450509+00:00,nein,abfrage
SVI-BLK,36,1,blaziken-ex-jtg,Blaziken,1,3,5,0,37.5,archaludon-ex,Archaludon,1,0.0,0,1,0,overall,2026-10-09T06:44:55.450509+00:00,nein,abfrage
SVI-BLK,36,1,blaziken-zoroark,Blaziken Zoroark,1,3,3,2,45.83,gholdengo-joltik-box,Gholdengo Joltik Box,2,66.67,1,0,1,overall,2026-10-09T06:44:57.326129+00:00,nein,abfrage
SVI-BLK,36,1,blaziken-zoroark,Blaziken Zoroark,1,3,3,2,45.83,raging-bolt-ogerpon,Raging Bolt Ogerpon,2,66.67,1,0,1,overall,2026-10-09T06:44:57.326129+00:00,nein,abfrage
SVI-BLK,36,1,blaziken-zoroark,Blaziken Zoroark,1,3,3,2,45.83,charizard-pidgeot,Charizard Pidgeot,1,0.0,0,1,0,overall,2026-10-09T06:44:57.326129+00:00,nein,abfrage
SVI-BLK,36,1,blaziken-zoroark,Blaziken Zoroark,1,3,3,2,45.83,flareon-noctowl,Flareon Noctowl,1,0.0,0,1,0,overall,2026-10-09T06:44:57.326129+00:00,nein,abfrage
SVI-BLK,36,1,blaziken-zoroark,Blaziken Zoroark,1,3,3,2,45.83,dragapult-dusknoir,Dragapult Dusknoir,1,100.0,1,0,0,overall,2026-10-09T06:44:57.326129+00:00,nein,abfrage
SVI-BLK,36,1,blissey-ex,Blissey,7,15,31,4,32.67,raging-bolt-ogerpon,Raging Bolt Ogerpon,11,0.0,0,11,0,overall,2026-10-09T06:44:59.189991+00:00,nein,abfrage
SVI-BLK,36,1,blissey-ex,Blissey,7,15,31,4,32.67,gholdengo-ex,Gholdengo,7,33.33,2,4,1,overall,2026-10-09T06:44:59.189991+00:00,nein,abfrage
SVI-BLK,36,1,blissey-ex,Blissey,7,15,31,4,32.67,dragapult-dusknoir,Dragapult Dusknoir,6,27.78,1,3,2,overall,2026-10-09T06:44:59.189991+00:00,nein,abfrage
SVI-BLK,36,1,blissey-ex,Blissey,7,15,31,4,32.67,charizard-pidgeot,Charizard Pidgeot,3,33.33,1,2,0,overall,2026-10-09T06:44:59.189991+00:00,nein,abfrage
SVI-BLK,36,1,blissey-ex,Blissey,7,15,31,4,32.67,joltik-box,Joltik Box,3,66.67,2,1,0,overall,2026-10-09T06:44:59.189991+00:00,nein,abfrage
SVI-BLK,36,1,blissey-ex,Blissey,7,15,31,4,32.67,gardevoir-ex-sv,Gardevoir,2,50.0,1,1,0,overall,2026-10-09T06:44:59.189991+00:00,nein,abfrage
SVI-BLK,36,1,blissey-ex,Blissey,7,15,31,4,32.67,pidgeot-control,Pidgeot Control,2,50.0,1,1,0,overall,2026-10-09T06:44:59.189991+00:00,nein,abfrage
SVI-BLK,36,1,blissey-ex,Blissey,7,15,31,4,32.67,gholdengo-joltik-box,Gholdengo Joltik Box,2,66.67,1,0,1,overall,2026-10-09T06:44:59.189991+00:00,nein,abfrage
SVI-BLK,36,1,blissey-ex,Blissey,7,15,31,4,32.67,dragapult-ex,Dragapult,2,50.0,1,1,0,overall,2026-10-09T06:44:59.189991+00:00,nein,abfrage
SVI-BLK,36,1,blissey-ex,Blissey,7,15,31,4,32.67,grimmsnarl-froslass,Grimmsnarl Froslass,2,50.0,1,1,0,overall,2026-10-09T06:44:59.189991+00:00,nein,abfrage
SVI-BLK,36,1,blissey-ex,Blissey,7,15,31,4,32.67,n-zoroark,N's Zoroark,1,100.0,1,0,0,overall,2026-10-09T06:44:59.189991+00:00,nein,abfrage
SVI-BLK,36,1,blissey-ex,Blissey,7,15,31,4,32.67,charizard-dusknoir,Charizard Dusknoir,1,0.0,0,1,0,overall,2026-10-09T06:44:59.189991+00:00,nein,abfrage
SVI-BLK,36,1,blissey-ex,Blissey,7,15,31,4,32.67,flareon-noctowl,Flareon Noctowl,1,0.0,0,1,0,overall,2026-10-09T06:44:59.189991+00:00,nein,abfrage
SVI-BLK,36,1,blissey-ex,Blissey,7,15,31,4,32.67,conkeldurr-twm,Conkeldurr,1,0.0,0,1,0,overall,2026-10-09T06:44:59.189991+00:00,nein,abfrage
SVI-BLK,36,1,blissey-ex,Blissey,7,15,31,4,32.67,other,Other,1,100.0,1,0,0,overall,2026-10-09T06:44:59.189991+00:00,nein,abfrage
SVI-BLK,36,1,blissey-ex,Blissey,7,15,31,4,32.67,crustle-dri,Crustle,1,0.0,0,1,0,overall,2026-10-09T06:44:59.189991+00:00,nein,abfrage
SVI-BLK,36,1,blissey-ex,Blissey,7,15,31,4,32.67,gardevoir-jellicent,Gardevoir Jellicent,1,0.0,0,1,0,overall,2026-10-09T06:44:59.189991+00:00,nein,abfrage
SVI-BLK,36,1,blissey-ex,Blissey,7,15,31,4,32.67,ethan-typhlosion,Ethan's Typhlosion,1,0.0,0,1,0,overall,2026-10-09T06:44:59.189991+00:00,nein,abfrage
SVI-BLK,36,1,blissey-ex,Blissey,7,15,31,4,32.67,dragapult-charizard,Dragapult Charizard,1,100.0,1,0,0,overall,2026-10-09T06:44:59.189991+00:00,nein,abfrage
SVI-BLK,36,1,blissey-ex,Blissey,7,15,31,4,32.67,meowscarada-ex,Meowscarada,1,100.0,1,0,0,overall,2026-10-09T06:44:59.189991+00:00,nein,abfrage
SVI-BLK,36,1,ceruledge-ex,Ceruledge,18,50,71,28,39.82,dragapult-dusknoir,Dragapult Dusknoir,25,44.0,9,10,6,overall,2026-10-09T06:45:01.082763+00:00,nein,abfrage
SVI-BLK,36,1,ceruledge-ex,Ceruledge,18,50,71,28,39.82,gholdengo-ex,Gholdengo,19,49.12,8,7,4,overall,2026-10-09T06:45:01.082763+00:00,nein,abfrage
SVI-BLK,36,1,ceruledge-ex,Ceruledge,18,50,71,28,39.82,raging-bolt-ogerpon,Raging Bolt Ogerpon,15,31.11,4,9,2,overall,2026-10-09T06:45:01.082763+00:00,nein,abfrage
SVI-BLK,36,1,ceruledge-ex,Ceruledge,18,50,71,28,39.82,flareon-noctowl,Flareon Noctowl,11,45.45,5,6,0,overall,2026-10-09T06:45:01.082763+00:00,nein,abfrage
SVI-BLK,36,1,ceruledge-ex,Ceruledge,18,50,71,28,39.82,charizard-pidgeot,Charizard Pidgeot,10,23.33,2,7,1,overall,2026-10-09T06:45:01.082763+00:00,nein,abfrage
SVI-BLK,36,1,ceruledge-ex,Ceruledge,18,50,71,28,39.82,gholdengo-joltik-box,Gholdengo Joltik Box,9,37.04,3,5,1,overall,2026-10-09T06:45:01.082763+00:00,nein,abfrage
SVI-BLK,36,1,ceruledge-ex,Ceruledge,18,50,71,28,39.82,gardevoir-ex-sv,Gardevoir,8,45.83,3,3,2,overall,2026-10-09T06:45:01.082763+00:00,nein,abfrage
SVI-BLK,36,1,ceruledge-ex,Ceruledge,18,50,71,28,39.82,grimmsnarl-froslass,Grimmsnarl Froslass,8,50.0,3,2,3,overall,2026-10-09T06:45:01.082763+00:00,nein,abfrage
SVI-BLK,36,1,ceruledge-ex,Ceruledge,18,50,71,28,39.82,ho-oh-armarouge,Ho-Oh Armarouge,5,33.33,1,2,2,overall,2026-10-09T06:45:01.082763+00:00,nein,abfrage
SVI-BLK,36,1,ceruledge-ex,Ceruledge,18,50,71,28,39.82,tera-box,Tera Box,4,33.33,1,2,1,overall,2026-10-09T06:45:01.082763+00:00,nein,abfrage
SVI-BLK,36,1,ceruledge-ex,Ceruledge,18,50,71,28,39.82,dragapult-charizard,Dragapult Charizard,3,0.0,0,3,0,overall,2026-10-09T06:45:01.082763+00:00,nein,abfrage
SVI-BLK,36,1,ceruledge-ex,Ceruledge,18,50,71,28,39.82,ethan-typhlosion,Ethan's Typhlosion,3,33.33,1,2,0,overall,2026-10-09T06:45:01.082763+00:00,nein,abfrage
SVI-BLK,36,1,ceruledge-ex,Ceruledge,18,50,71,28,39.82,joltik-box,Joltik Box,3,44.44,1,1,1,overall,2026-10-09T06:45:01.082763+00:00,nein,abfrage
SVI-BLK,36,1,ceruledge-ex,Ceruledge,18,50,71,28,39.82,froslass-munkidori,Froslass Munkidori,2,100.0,2,0,0,overall,2026-10-09T06:45:01.082763+00:00,nein,abfrage
SVI-BLK,36,1,ceruledge-ex,Ceruledge,18,50,71,28,39.82,dragapult-ex,Dragapult,2,33.33,0,0,2,overall,2026-10-09T06:45:01.082763+00:00,nein,abfrage
SVI-BLK,36,1,ceruledge-ex,Ceruledge,18,50,71,28,39.82,crustle-dri,Crustle,2,0.0,0,2,0,overall,2026-10-09T06:45:01.082763+00:00,nein,abfrage
SVI-BLK,36,1,ceruledge-ex,Ceruledge,18,50,71,28,39.82,gardevoir-jellicent,Gardevoir Jellicent,2,16.67,0,1,1,overall,2026-10-09T06:45:01.082763+00:00,nein,abfrage
SVI-BLK,36,1,ceruledge-ex,Ceruledge,18,50,71,28,39.82,iron-hands-magneton,Iron Hands Magneton,2,50.0,1,1,0,overall,2026-10-09T06:45:01.082763+00:00,nein,abfrage
SVI-BLK,36,1,ceruledge-ex,Ceruledge,18,50,71,28,39.82,charizard-noctowl,Charizard Noctowl,2,100.0,2,0,0,overall,2026-10-09T06:45:01.082763+00:00,nein,abfrage
SVI-BLK,36,1,ceruledge-ex,Ceruledge,18,50,71,28,39.82,cynthia-garchomp-ex,Cynthia's Garchomp,2,100.0,2,0,0,overall,2026-10-09T06:45:01.082763+00:00,nein,abfrage
SVI-BLK,36,1,ceruledge-ex,Ceruledge,18,50,71,28,39.82,pidgeot-control,Pidgeot Control,1,100.0,1,0,0,overall,2026-10-09T06:45:01.082763+00:00,nein,abfrage
SVI-BLK,36,1,ceruledge-ex,Ceruledge,18,50,71,28,39.82,hydreigon-ex,Hydreigon,1,33.33,0,0,1,overall,2026-10-09T06:45:01.082763+00:00,nein,abfrage
SVI-BLK,36,1,ceruledge-ex,Ceruledge,18,50,71,28,39.82,n-zoroark,N's Zoroark,1,0.0,0,1,0,overall,2026-10-09T06:45:01.082763+00:00,nein,abfrage
SVI-BLK,36,1,ceruledge-ex,Ceruledge,18,50,71,28,39.82,roaring-moon-dudunsparce,Roaring Moon Dudunsparce,1,33.33,0,0,1,overall,2026-10-09T06:45:01.082763+00:00,nein,abfrage
SVI-BLK,36,1,ceruledge-ex,Ceruledge,18,50,71,28,39.82,marnie-grimmsnarl-ex,Marnie's Grimmsnarl,1,100.0,1,0,0,overall,2026-10-09T06:45:01.082763+00:00,nein,abfrage
SVI-BLK,36,1,ceruledge-ex,Ceruledge,18,50,71,28,39.82,other,Other,1,0.0,0,1,0,overall,2026-10-09T06:45:01.082763+00:00,nein,abfrage
SVI-BLK,36,1,ceruledge-ex,Ceruledge,18,50,71,28,39.82,okidogi-twm,Okidogi,1,0.0,0,1,0,overall,2026-10-09T06:45:01.082763+00:00,nein,abfrage
SVI-BLK,36,1,ceruledge-ex,Ceruledge,18,50,71,28,39.82,gouging-fire-ex,Gouging Fire,1,0.0,0,1,0,overall,2026-10-09T06:45:01.082763+00:00,nein,abfrage
SVI-BLK,36,1,ceruledge-ex,Ceruledge,18,50,71,28,39.82,greninja-ex,Greninja,1,0.0,0,1,0,overall,2026-10-09T06:45:01.082763+00:00,nein,abfrage
SVI-BLK,36,1,ceruledge-ex,Ceruledge,18,50,71,28,39.82,azumarill-ssp,Azumarill,1,0.0,0,1,0,overall,2026-10-09T06:45:01.082763+00:00,nein,abfrage
SVI-BLK,36,1,ceruledge-ex,Ceruledge,18,50,71,28,39.82,spidops-ex,Spidops,1,0.0,0,1,0,overall,2026-10-09T06:45:01.082763+00:00,nein,abfrage
SVI-BLK,36,1,charizard-dragapult,Charizard Dragapult,2,18,4,6,71.43,dragapult-dusknoir,Dragapult Dusknoir,8,45.83,3,3,2,overall,2026-10-09T06:45:02.935179+00:00,nein,abfrage
SVI-BLK,36,1,charizard-dragapult,Charizard Dragapult,2,18,4,6,71.43,gholdengo-joltik-box,Gholdengo Joltik Box,3,66.67,2,1,0,overall,2026-10-09T06:45:02.935179+00:00,nein,abfrage
SVI-BLK,36,1,charizard-dragapult,Charizard Dragapult,2,18,4,6,71.43,charizard-pidgeot,Charizard Pidgeot,3,100.0,3,0,0,overall,2026-10-09T06:45:02.935179+00:00,nein,abfrage
SVI-BLK,36,1,charizard-dragapult,Charizard Dragapult,2,18,4,6,71.43,joltik-box,Joltik Box,3,100.0,3,0,0,overall,2026-10-09T06:45:02.935179+00:00,nein,abfrage
SVI-BLK,36,1,charizard-dragapult,Charizard Dragapult,2,18,4,6,71.43,ethan-typhlosion,Ethan's Typhlosion,2,66.67,1,0,1,overall,2026-10-09T06:45:02.935179+00:00,nein,abfrage
SVI-BLK,36,1,charizard-dragapult,Charizard Dragapult,2,18,4,6,71.43,flareon-noctowl,Flareon Noctowl,2,66.67,1,0,1,overall,2026-10-09T06:45:02.935179+00:00,nein,abfrage
SVI-BLK,36,1,charizard-dragapult,Charizard Dragapult,2,18,4,6,71.43,raging-bolt-ogerpon,Raging Bolt Ogerpon,2,100.0,2,0,0,overall,2026-10-09T06:45:02.935179+00:00,nein,abfrage
SVI-BLK,36,1,charizard-dragapult,Charizard Dragapult,2,18,4,6,71.43,slowking-scr,Slowking,1,100.0,1,0,0,overall,2026-10-09T06:45:02.935179+00:00,nein,abfrage
SVI-BLK,36,1,charizard-dragapult,Charizard Dragapult,2,18,4,6,71.43,gardevoir-jellicent,Gardevoir Jellicent,1,33.33,0,0,1,overall,2026-10-09T06:45:02.935179+00:00,nein,abfrage
SVI-BLK,36,1,charizard-dragapult,Charizard Dragapult,2,18,4,6,71.43,crustle-dri,Crustle,1,100.0,1,0,0,overall,2026-10-09T06:45:02.935179+00:00,nein,abfrage
SVI-BLK,36,1,charizard-dragapult,Charizard Dragapult,2,18,4,6,71.43,gardevoir-ex-sv,Gardevoir,1,33.33,0,0,1,overall,2026-10-09T06:45:02.935179+00:00,nein,abfrage
SVI-BLK,36,1,charizard-dragapult,Charizard Dragapult,2,18,4,6,71.43,gholdengo-ex,Gholdengo,1,100.0,1,0,0,overall,2026-10-09T06:45:02.935179+00:00,nein,abfrage
SVI-BLK,36,1,charizard-dusknoir,Charizard Dusknoir,7,25,29,6,45.0,dragapult-dusknoir,Dragapult Dusknoir,8,29.17,2,5,1,overall,2026-10-09T06:45:04.810981+00:00,nein,abfrage
SVI-BLK,36,1,charizard-dusknoir,Charizard Dusknoir,7,25,29,6,45.0,raging-bolt-ogerpon,Raging Bolt Ogerpon,8,41.67,3,4,1,overall,2026-10-09T06:45:04.810981+00:00,nein,abfrage
SVI-BLK,36,1,charizard-dusknoir,Charizard Dusknoir,7,25,29,6,45.0,gholdengo-joltik-box,Gholdengo Joltik Box,7,33.33,2,4,1,overall,2026-10-09T06:45:04.810981+00:00,nein,abfrage
SVI-BLK,36,1,charizard-dusknoir,Charizard Dusknoir,7,25,29,6,45.0,charizard-pidgeot,Charizard Pidgeot,5,60.0,3,2,0,overall,2026-10-09T06:45:04.810981+00:00,nein,abfrage
SVI-BLK,36,1,charizard-dusknoir,Charizard Dusknoir,7,25,29,6,45.0,gholdengo-ex,Gholdengo,5,46.67,2,2,1,overall,2026-10-09T06:45:04.810981+00:00,nein,abfrage
SVI-BLK,36,1,charizard-dusknoir,Charizard Dusknoir,7,25,29,6,45.0,dragapult-ex,Dragapult,5,80.0,4,1,0,overall,2026-10-09T06:45:04.810981+00:00,nein,abfrage
SVI-BLK,36,1,charizard-dusknoir,Charizard Dusknoir,7,25,29,6,45.0,gardevoir-ex-sv,Gardevoir,3,44.44,1,1,1,overall,2026-10-09T06:45:04.810981+00:00,nein,abfrage
SVI-BLK,36,1,charizard-dusknoir,Charizard Dusknoir,7,25,29,6,45.0,grimmsnarl-froslass,Grimmsnarl Froslass,3,33.33,1,2,0,overall,2026-10-09T06:45:04.810981+00:00,nein,abfrage
SVI-BLK,36,1,charizard-dusknoir,Charizard Dusknoir,7,25,29,6,45.0,cynthia-garchomp-ex,Cynthia's Garchomp,2,66.67,1,0,1,overall,2026-10-09T06:45:04.810981+00:00,nein,abfrage
SVI-BLK,36,1,charizard-dusknoir,Charizard Dusknoir,7,25,29,6,45.0,roaring-moon-ex,Roaring Moon,2,100.0,2,0,0,overall,2026-10-09T06:45:04.810981+00:00,nein,abfrage
SVI-BLK,36,1,charizard-dusknoir,Charizard Dusknoir,7,25,29,6,45.0,other,Other,2,0.0,0,2,0,overall,2026-10-09T06:45:04.810981+00:00,nein,abfrage
SVI-BLK,36,1,charizard-dusknoir,Charizard Dusknoir,7,25,29,6,45.0,chien-pao-baxcalibur,Chien-Pao Baxcalibur,1,0.0,0,1,0,overall,2026-10-09T06:45:04.810981+00:00,nein,abfrage
SVI-BLK,36,1,charizard-dusknoir,Charizard Dusknoir,7,25,29,6,45.0,blissey-ex,Blissey,1,100.0,1,0,0,overall,2026-10-09T06:45:04.810981+00:00,nein,abfrage
SVI-BLK,36,1,charizard-dusknoir,Charizard Dusknoir,7,25,29,6,45.0,farigiraf-milotic,Farigiraf Milotic,1,0.0,0,1,0,overall,2026-10-09T06:45:04.810981+00:00,nein,abfrage
SVI-BLK,36,1,charizard-dusknoir,Charizard Dusknoir,7,25,29,6,45.0,n-zoroark,N's Zoroark,1,0.0,0,1,0,overall,2026-10-09T06:45:04.810981+00:00,nein,abfrage
SVI-BLK,36,1,charizard-dusknoir,Charizard Dusknoir,7,25,29,6,45.0,ho-oh-armarouge,Ho-Oh Armarouge,1,100.0,1,0,0,overall,2026-10-09T06:45:04.810981+00:00,nein,abfrage
SVI-BLK,36,1,charizard-dusknoir,Charizard Dusknoir,7,25,29,6,45.0,gouging-fire-ex,Gouging Fire,1,0.0,0,1,0,overall,2026-10-09T06:45:04.810981+00:00,nein,abfrage
SVI-BLK,36,1,charizard-dusknoir,Charizard Dusknoir,7,25,29,6,45.0,conkeldurr-twm,Conkeldurr,1,100.0,1,0,0,overall,2026-10-09T06:45:04.810981+00:00,nein,abfrage
SVI-BLK,36,1,charizard-dusknoir,Charizard Dusknoir,7,25,29,6,45.0,heatran-metang,Heatran Metang,1,100.0,1,0,0,overall,2026-10-09T06:45:04.810981+00:00,nein,abfrage
SVI-BLK,36,1,charizard-dusknoir,Charizard Dusknoir,7,25,29,6,45.0,crustle-dri,Crustle,1,0.0,0,1,0,overall,2026-10-09T06:45:04.810981+00:00,nein,abfrage
SVI-BLK,36,1,charizard-dusknoir,Charizard Dusknoir,7,25,29,6,45.0,gardevoir-jellicent,Gardevoir Jellicent,1,0.0,0,1,0,overall,2026-10-09T06:45:04.810981+00:00,nein,abfrage
SVI-BLK,36,1,charizard-ex,Charizard,2,11,8,3,54.55,tera-box,Tera Box,3,66.67,2,1,0,overall,2026-10-09T06:45:06.671864+00:00,nein,abfrage
SVI-BLK,36,1,charizard-ex,Charizard,2,11,8,3,54.55,ethan-typhlosion,Ethan's Typhlosion,2,50.0,1,1,0,overall,2026-10-09T06:45:06.671864+00:00,nein,abfrage
SVI-BLK,36,1,charizard-ex,Charizard,2,11,8,3,54.55,joltik-box,Joltik Box,2,50.0,1,1,0,overall,2026-10-09T06:45:06.671864+00:00,nein,abfrage
SVI-BLK,36,1,charizard-ex,Charizard,2,11,8,3,54.55,raging-bolt-ogerpon,Raging Bolt Ogerpon,2,50.0,1,1,0,overall,2026-10-09T06:45:06.671864+00:00,nein,abfrage
SVI-BLK,36,1,charizard-ex,Charizard,2,11,8,3,54.55,gholdengo-ex,Gholdengo,2,66.67,1,0,1,overall,2026-10-09T06:45:06.671864+00:00,nein,abfrage
SVI-BLK,36,1,charizard-ex,Charizard,2,11,8,3,54.55,cynthia-garchomp-ex,Cynthia's Garchomp,1,0.0,0,1,0,overall,2026-10-09T06:45:06.671864+00:00,nein,abfrage
SVI-BLK,36,1,charizard-ex,Charizard,2,11,8,3,54.55,charizard-pidgeot,Charizard Pidgeot,1,0.0,0,1,0,overall,2026-10-09T06:45:06.671864+00:00,nein,abfrage
SVI-BLK,36,1,charizard-ex,Charizard,2,11,8,3,54.55,flareon-noctowl,Flareon Noctowl,1,0.0,0,1,0,overall,2026-10-09T06:45:06.671864+00:00,nein,abfrage
SVI-BLK,36,1,charizard-ex,Charizard,2,11,8,3,54.55,okidogi-twm,Okidogi,1,100.0,1,0,0,overall,2026-10-09T06:45:06.671864+00:00,nein,abfrage
SVI-BLK,36,1,charizard-ex,Charizard,2,11,8,3,54.55,future-box,Future Box,1,33.33,0,0,1,overall,2026-10-09T06:45:06.671864+00:00,nein,abfrage
SVI-BLK,36,1,charizard-ex,Charizard,2,11,8,3,54.55,n-zoroark,N's Zoroark,1,100.0,1,0,0,overall,2026-10-09T06:45:06.671864+00:00,nein,abfrage
SVI-BLK,36,1,charizard-ex,Charizard,2,11,8,3,54.55,crustle-dri,Crustle,1,33.33,0,0,1,overall,2026-10-09T06:45:06.671864+00:00,nein,abfrage
SVI-BLK,36,1,charizard-ex,Charizard,2,11,8,3,54.55,gardevoir-ex-sv,Gardevoir,1,100.0,1,0,0,overall,2026-10-09T06:45:06.671864+00:00,nein,abfrage
SVI-BLK,36,1,charizard-ex,Charizard,2,11,8,3,54.55,conkeldurr-twm,Conkeldurr,1,100.0,1,0,0,overall,2026-10-09T06:45:06.671864+00:00,nein,abfrage
SVI-BLK,36,1,charizard-ex,Charizard,2,11,8,3,54.55,dragapult-dusknoir,Dragapult Dusknoir,1,0.0,0,1,0,overall,2026-10-09T06:45:06.671864+00:00,nein,abfrage
SVI-BLK,36,1,charizard-ex,Charizard,2,11,8,3,54.55,gholdengo-joltik-box,Gholdengo Joltik Box,1,100.0,1,0,0,overall,2026-10-09T06:45:06.671864+00:00,nein,abfrage
SVI-BLK,36,1,charizard-noctowl,Charizard Noctowl,7,29,26,10,49.74,dragapult-dusknoir,Dragapult Dusknoir,12,36.11,4,7,1,overall,2026-10-09T06:45:08.548314+00:00,nein,abfrage
SVI-BLK,36,1,charizard-noctowl,Charizard Noctowl,7,29,26,10,49.74,raging-bolt-ogerpon,Raging Bolt Ogerpon,9,33.33,3,6,0,overall,2026-10-09T06:45:08.548314+00:00,nein,abfrage
SVI-BLK,36,1,charizard-noctowl,Charizard Noctowl,7,29,26,10,49.74,gholdengo-ex,Gholdengo,8,50.0,3,2,3,overall,2026-10-09T06:45:08.548314+00:00,nein,abfrage
SVI-BLK,36,1,charizard-noctowl,Charizard Noctowl,7,29,26,10,49.74,gholdengo-joltik-box,Gholdengo Joltik Box,7,76.19,5,1,1,overall,2026-10-09T06:45:08.548314+00:00,nein,abfrage
SVI-BLK,36,1,charizard-noctowl,Charizard Noctowl,7,29,26,10,49.74,charizard-pidgeot,Charizard Pidgeot,4,50.0,2,2,0,overall,2026-10-09T06:45:08.548314+00:00,nein,abfrage
SVI-BLK,36,1,charizard-noctowl,Charizard Noctowl,7,29,26,10,49.74,joltik-box,Joltik Box,3,0.0,0,3,0,overall,2026-10-09T06:45:08.548314+00:00,nein,abfrage
SVI-BLK,36,1,charizard-noctowl,Charizard Noctowl,7,29,26,10,49.74,dragapult-ex,Dragapult,3,44.44,1,1,1,overall,2026-10-09T06:45:08.548314+00:00,nein,abfrage
SVI-BLK,36,1,charizard-noctowl,Charizard Noctowl,7,29,26,10,49.74,gardevoir-ex-sv,Gardevoir,3,55.56,1,0,2,overall,2026-10-09T06:45:08.548314+00:00,nein,abfrage
SVI-BLK,36,1,charizard-noctowl,Charizard Noctowl,7,29,26,10,49.74,other,Other,2,100.0,2,0,0,overall,2026-10-09T06:45:08.548314+00:00,nein,abfrage
SVI-BLK,36,1,charizard-noctowl,Charizard Noctowl,7,29,26,10,49.74,tera-box,Tera Box,2,100.0,2,0,0,overall,2026-10-09T06:45:08.548314+00:00,nein,abfrage
SVI-BLK,36,1,charizard-noctowl,Charizard Noctowl,7,29,26,10,49.74,grimmsnarl-froslass,Grimmsnarl Froslass,2,100.0,2,0,0,overall,2026-10-09T06:45:08.548314+00:00,nein,abfrage
SVI-BLK,36,1,charizard-noctowl,Charizard Noctowl,7,29,26,10,49.74,ceruledge-ex,Ceruledge,2,0.0,0,2,0,overall,2026-10-09T06:45:08.548314+00:00,nein,abfrage
SVI-BLK,36,1,charizard-noctowl,Charizard Noctowl,7,29,26,10,49.74,crustle-dri,Crustle,1,100.0,1,0,0,overall,2026-10-09T06:45:08.548314+00:00,nein,abfrage
SVI-BLK,36,1,charizard-noctowl,Charizard Noctowl,7,29,26,10,49.74,ethan-typhlosion,Ethan's Typhlosion,1,0.0,0,1,0,overall,2026-10-09T06:45:08.548314+00:00,nein,abfrage
SVI-BLK,36,1,charizard-noctowl,Charizard Noctowl,7,29,26,10,49.74,rocket-mewtwo-ex,Rocket's Mewtwo,1,33.33,0,0,1,overall,2026-10-09T06:45:08.548314+00:00,nein,abfrage
SVI-BLK,36,1,charizard-noctowl,Charizard Noctowl,7,29,26,10,49.74,pidgeot-control,Pidgeot Control,1,100.0,1,0,0,overall,2026-10-09T06:45:08.548314+00:00,nein,abfrage
SVI-BLK,36,1,charizard-noctowl,Charizard Noctowl,7,29,26,10,49.74,flareon-noctowl,Flareon Noctowl,1,100.0,1,0,0,overall,2026-10-09T06:45:08.548314+00:00,nein,abfrage
SVI-BLK,36,1,charizard-noctowl,Charizard Noctowl,7,29,26,10,49.74,n-zoroark,N's Zoroark,1,33.33,0,0,1,overall,2026-10-09T06:45:08.548314+00:00,nein,abfrage
SVI-BLK,36,1,charizard-noctowl,Charizard Noctowl,7,29,26,10,49.74,cynthia-garchomp-ex,Cynthia's Garchomp,1,0.0,0,1,0,overall,2026-10-09T06:45:08.548314+00:00,nein,abfrage
SVI-BLK,36,1,charizard-noctowl,Charizard Noctowl,7,29,26,10,49.74,ho-oh-armarouge,Ho-Oh Armarouge,1,100.0,1,0,0,overall,2026-10-09T06:45:08.548314+00:00,nein,abfrage
SVI-BLK,36,1,charizard-pidgeot,Charizard Pidgeot,170,562,623,226,45.17,dragapult-dusknoir,Dragapult Dusknoir,221,28.51,51,134,36,overall,2026-10-09T06:45:10.465387+00:00,nein,abfrage
SVI-BLK,36,1,charizard-pidgeot,Charizard Pidgeot,170,562,623,226,45.17,raging-bolt-ogerpon,Raging Bolt Ogerpon,180,43.89,68,79,33,overall,2026-10-09T06:45:10.465387+00:00,nein,abfrage
SVI-BLK,36,1,charizard-pidgeot,Charizard Pidgeot,170,562,623,226,45.17,gholdengo-ex,Gholdengo,154,55.63,77,51,26,overall,2026-10-09T06:45:10.465387+00:00,nein,abfrage
SVI-BLK,36,1,charizard-pidgeot,Charizard Pidgeot,170,562,623,226,45.17,gardevoir-ex-sv,Gardevoir,107,65.73,63,22,22,overall,2026-10-09T06:45:10.465387+00:00,nein,abfrage
SVI-BLK,36,1,charizard-pidgeot,Charizard Pidgeot,170,562,623,226,45.17,gholdengo-joltik-box,Gholdengo Joltik Box,98,39.8,35,51,12,overall,2026-10-09T06:45:10.465387+00:00,nein,abfrage
SVI-BLK,36,1,charizard-pidgeot,Charizard Pidgeot,170,562,623,226,45.17,tera-box,Tera Box,63,35.98,20,35,8,overall,2026-10-09T06:45:10.465387+00:00,nein,abfrage
SVI-BLK,36,1,charizard-pidgeot,Charizard Pidgeot,170,562,623,226,45.17,grimmsnarl-froslass,Grimmsnarl Froslass,52,33.97,14,27,11,overall,2026-10-09T06:45:10.465387+00:00,nein,abfrage
SVI-BLK,36,1,charizard-pidgeot,Charizard Pidgeot,170,562,623,226,45.17,dragapult-ex,Dragapult,44,39.39,15,22,7,overall,2026-10-09T06:45:10.465387+00:00,nein,abfrage
SVI-BLK,36,1,charizard-pidgeot,Charizard Pidgeot,170,562,623,226,45.17,joltik-box,Joltik Box,40,34.17,11,21,8,overall,2026-10-09T06:45:10.465387+00:00,nein,abfrage
SVI-BLK,36,1,charizard-pidgeot,Charizard Pidgeot,170,562,623,226,45.17,flareon-noctowl,Flareon Noctowl,39,64.1,23,10,6,overall,2026-10-09T06:45:10.465387+00:00,nein,abfrage
SVI-BLK,36,1,charizard-pidgeot,Charizard Pidgeot,170,562,623,226,45.17,charizard-pidgeot,Charizard Pidgeot,38,47.81,33,33,10,overall,2026-10-09T06:45:10.465387+00:00,ja,abfrage
SVI-BLK,36,1,charizard-pidgeot,Charizard Pidgeot,170,562,623,226,45.17,dragapult-charizard,Dragapult Charizard,32,46.88,13,13,6,overall,2026-10-09T06:45:10.465387+00:00,nein,abfrage
SVI-BLK,36,1,charizard-pidgeot,Charizard Pidgeot,170,562,623,226,45.17,gardevoir-jellicent,Gardevoir Jellicent,30,45.56,12,13,5,overall,2026-10-09T06:45:10.465387+00:00,nein,abfrage
SVI-BLK,36,1,charizard-pidgeot,Charizard Pidgeot,170,562,623,226,45.17,ethan-typhlosion,Ethan's Typhlosion,27,70.37,18,6,3,overall,2026-10-09T06:45:10.465387+00:00,nein,abfrage
SVI-BLK,36,1,charizard-pidgeot,Charizard Pidgeot,170,562,623,226,45.17,crustle-dri,Crustle,22,31.82,6,13,3,overall,2026-10-09T06:45:10.465387+00:00,nein,abfrage
SVI-BLK,36,1,charizard-pidgeot,Charizard Pidgeot,170,562,623,226,45.17,ho-oh-armarouge,Ho-Oh Armarouge,21,55.56,10,6,5,overall,2026-10-09T06:45:10.465387+00:00,nein,abfrage
SVI-BLK,36,1,charizard-pidgeot,Charizard Pidgeot,170,562,623,226,45.17,n-zoroark,N's Zoroark,18,59.26,9,4,5,overall,2026-10-09T06:45:10.465387+00:00,nein,abfrage
SVI-BLK,36,1,charizard-pidgeot,Charizard Pidgeot,170,562,623,226,45.17,froslass-munkidori,Froslass Munkidori,11,30.3,3,7,1,overall,2026-10-09T06:45:10.465387+00:00,nein,abfrage
SVI-BLK,36,1,charizard-pidgeot,Charizard Pidgeot,170,562,623,226,45.17,ceruledge-ex,Ceruledge,10,73.33,7,2,1,overall,2026-10-09T06:45:10.465387+00:00,nein,abfrage
SVI-BLK,36,1,charizard-pidgeot,Charizard Pidgeot,170,562,623,226,45.17,miraidon-eelektrik,Miraidon Eelektrik,9,55.56,5,4,0,overall,2026-10-09T06:45:10.465387+00:00,nein,abfrage
SVI-BLK,36,1,charizard-pidgeot,Charizard Pidgeot,170,562,623,226,45.17,conkeldurr-twm,Conkeldurr,9,48.15,4,4,1,overall,2026-10-09T06:45:10.465387+00:00,nein,abfrage
SVI-BLK,36,1,charizard-pidgeot,Charizard Pidgeot,170,562,623,226,45.17,pidgeot-control,Pidgeot Control,9,55.56,5,4,0,overall,2026-10-09T06:45:10.465387+00:00,nein,abfrage
SVI-BLK,36,1,charizard-pidgeot,Charizard Pidgeot,170,562,623,226,45.17,roaring-moon-ex,Roaring Moon,8,37.5,3,5,0,overall,2026-10-09T06:45:10.465387+00:00,nein,abfrage
SVI-BLK,36,1,charizard-pidgeot,Charizard Pidgeot,170,562,623,226,45.17,farigiraf-milotic,Farigiraf Milotic,8,45.83,3,3,2,overall,2026-10-09T06:45:10.465387+00:00,nein,abfrage
SVI-BLK,36,1,charizard-pidgeot,Charizard Pidgeot,170,562,623,226,45.17,cynthia-garchomp-ex,Cynthia's Garchomp,8,54.17,4,3,1,overall,2026-10-09T06:45:10.465387+00:00,nein,abfrage
SVI-BLK,36,1,charizard-pidgeot,Charizard Pidgeot,170,562,623,226,45.17,other,Other,7,90.48,6,0,1,overall,2026-10-09T06:45:10.465387+00:00,nein,abfrage
SVI-BLK,36,1,charizard-pidgeot,Charizard Pidgeot,170,562,623,226,45.17,hydreigon-ex,Hydreigon,7,42.86,3,4,0,overall,2026-10-09T06:45:10.465387+00:00,nein,abfrage
SVI-BLK,36,1,charizard-pidgeot,Charizard Pidgeot,170,562,623,226,45.17,iron-hands-magneton,Iron Hands Magneton,6,33.33,2,4,0,overall,2026-10-09T06:45:10.465387+00:00,nein,abfrage
SVI-BLK,36,1,charizard-pidgeot,Charizard Pidgeot,170,562,623,226,45.17,mamoswine-ex,Mamoswine,6,27.78,1,3,2,overall,2026-10-09T06:45:10.465387+00:00,nein,abfrage
SVI-BLK,36,1,charizard-pidgeot,Charizard Pidgeot,170,562,623,226,45.17,ogerpon-ex,Ogerpon,6,38.89,2,3,1,overall,2026-10-09T06:45:10.465387+00:00,nein,abfrage
SVI-BLK,36,1,charizard-pidgeot,Charizard Pidgeot,170,562,623,226,45.17,charizard-dusknoir,Charizard Dusknoir,5,40.0,2,3,0,overall,2026-10-09T06:45:10.465387+00:00,nein,abfrage
SVI-BLK,36,1,charizard-pidgeot,Charizard Pidgeot,170,562,623,226,45.17,rocket-mewtwo-ex,Rocket's Mewtwo,4,83.33,3,0,1,overall,2026-10-09T06:45:10.465387+00:00,nein,abfrage
SVI-BLK,36,1,charizard-pidgeot,Charizard Pidgeot,170,562,623,226,45.17,dragapult-blaziken,Dragapult Blaziken,4,66.67,2,0,2,overall,2026-10-09T06:45:10.465387+00:00,nein,abfrage
SVI-BLK,36,1,charizard-pidgeot,Charizard Pidgeot,170,562,623,226,45.17,charizard-noctowl,Charizard Noctowl,4,50.0,2,2,0,overall,2026-10-09T06:45:10.465387+00:00,nein,abfrage
SVI-BLK,36,1,charizard-pidgeot,Charizard Pidgeot,170,562,623,226,45.17,toedscruel-ex,Toedscruel,4,41.67,1,1,2,overall,2026-10-09T06:45:10.465387+00:00,nein,abfrage
SVI-BLK,36,1,charizard-pidgeot,Charizard Pidgeot,170,562,623,226,45.17,slowking-scr,Slowking,3,0.0,0,3,0,overall,2026-10-09T06:45:10.465387+00:00,nein,abfrage
SVI-BLK,36,1,charizard-pidgeot,Charizard Pidgeot,170,562,623,226,45.17,archaludon-ex,Archaludon,3,33.33,1,2,0,overall,2026-10-09T06:45:10.465387+00:00,nein,abfrage
SVI-BLK,36,1,charizard-pidgeot,Charizard Pidgeot,170,562,623,226,45.17,charizard-dragapult,Charizard Dragapult,3,0.0,0,3,0,overall,2026-10-09T06:45:10.465387+00:00,nein,abfrage
SVI-BLK,36,1,charizard-pidgeot,Charizard Pidgeot,170,562,623,226,45.17,blissey-ex,Blissey,3,66.67,2,1,0,overall,2026-10-09T06:45:10.465387+00:00,nein,abfrage
SVI-BLK,36,1,charizard-pidgeot,Charizard Pidgeot,170,562,623,226,45.17,dragapult-zoroark,Dragapult Zoroark,2,66.67,1,0,1,overall,2026-10-09T06:45:10.465387+00:00,nein,abfrage
SVI-BLK,36,1,charizard-pidgeot,Charizard Pidgeot,170,562,623,226,45.17,okidogi-twm,Okidogi,2,50.0,1,1,0,overall,2026-10-09T06:45:10.465387+00:00,nein,abfrage
SVI-BLK,36,1,charizard-pidgeot,Charizard Pidgeot,170,562,623,226,45.17,rocket-spidops,Rocket's Spidops,2,16.67,0,1,1,overall,2026-10-09T06:45:10.465387+00:00,nein,abfrage
SVI-BLK,36,1,charizard-pidgeot,Charizard Pidgeot,170,562,623,226,45.17,slaking-ex,Slaking,2,66.67,1,0,1,overall,2026-10-09T06:45:10.465387+00:00,nein,abfrage
SVI-BLK,36,1,charizard-pidgeot,Charizard Pidgeot,170,562,623,226,45.17,hop-zacian,Hop's Zacian,2,100.0,2,0,0,overall,2026-10-09T06:45:10.465387+00:00,nein,abfrage
SVI-BLK,36,1,charizard-pidgeot,Charizard Pidgeot,170,562,623,226,45.17,espathra-ex,Espathra,2,0.0,0,2,0,overall,2026-10-09T06:45:10.465387+00:00,nein,abfrage
SVI-BLK,36,1,charizard-pidgeot,Charizard Pidgeot,170,562,623,226,45.17,gholdengo-dragapult,Gholdengo Dragapult,2,50.0,1,1,0,overall,2026-10-09T06:45:10.465387+00:00,nein,abfrage
SVI-BLK,36,1,charizard-pidgeot,Charizard Pidgeot,170,562,623,226,45.17,dudunsparce-control,Dudunsparce Control,1,100.0,1,0,0,overall,2026-10-09T06:45:10.465387+00:00,nein,abfrage
SVI-BLK,36,1,charizard-pidgeot,Charizard Pidgeot,170,562,623,226,45.17,chien-pao-noctowl,Chien-Pao Noctowl,1,100.0,1,0,0,overall,2026-10-09T06:45:10.465387+00:00,nein,abfrage
SVI-BLK,36,1,charizard-pidgeot,Charizard Pidgeot,170,562,623,226,45.17,spidops-ex,Spidops,1,100.0,1,0,0,overall,2026-10-09T06:45:10.465387+00:00,nein,abfrage
SVI-BLK,36,1,charizard-pidgeot,Charizard Pidgeot,170,562,623,226,45.17,scovillain-ex,Scovillain,1,100.0,1,0,0,overall,2026-10-09T06:45:10.465387+00:00,nein,abfrage
SVI-BLK,36,1,charizard-pidgeot,Charizard Pidgeot,170,562,623,226,45.17,future-box,Future Box,1,100.0,1,0,0,overall,2026-10-09T06:45:10.465387+00:00,nein,abfrage
SVI-BLK,36,1,charizard-pidgeot,Charizard Pidgeot,170,562,623,226,45.17,flareon-ex,Flareon,1,100.0,1,0,0,overall,2026-10-09T06:45:10.465387+00:00,nein,abfrage
SVI-BLK,36,1,charizard-pidgeot,Charizard Pidgeot,170,562,623,226,45.17,heatran-metang,Heatran Metang,1,100.0,1,0,0,overall,2026-10-09T06:45:10.465387+00:00,nein,abfrage
SVI-BLK,36,1,charizard-pidgeot,Charizard Pidgeot,170,562,623,226,45.17,charizard-ex,Charizard,1,100.0,1,0,0,overall,2026-10-09T06:45:10.465387+00:00,nein,abfrage
SVI-BLK,36,1,charizard-pidgeot,Charizard Pidgeot,170,562,623,226,45.17,ancient-box,Ancient Box,1,0.0,0,1,0,overall,2026-10-09T06:45:10.465387+00:00,nein,abfrage
SVI-BLK,36,1,charizard-pidgeot,Charizard Pidgeot,170,562,623,226,45.17,poison-terapagos,Poison Terapagos,1,100.0,1,0,0,overall,2026-10-09T06:45:10.465387+00:00,nein,abfrage
SVI-BLK,36,1,charizard-pidgeot,Charizard Pidgeot,170,562,623,226,45.17,dragapult-iron-thorns,Dragapult Iron Thorns,1,33.33,0,0,1,overall,2026-10-09T06:45:10.465387+00:00,nein,abfrage
SVI-BLK,36,1,charizard-pidgeot,Charizard Pidgeot,170,562,623,226,45.17,terapagos-noctowl,Terapagos Noctowl,1,0.0,0,1,0,overall,2026-10-09T06:45:10.465387+00:00,nein,abfrage
SVI-BLK,36,1,charizard-pidgeot,Charizard Pidgeot,170,562,623,226,45.17,gouging-fire-ex,Gouging Fire,1,0.0,0,1,0,overall,2026-10-09T06:45:10.465387+00:00,nein,abfrage
SVI-BLK,36,1,charizard-pidgeot,Charizard Pidgeot,170,562,623,226,45.17,blaziken-zoroark,Blaziken Zoroark,1,100.0,1,0,0,overall,2026-10-09T06:45:10.465387+00:00,nein,abfrage
SVI-BLK,36,1,charizard-pidgeot,Charizard Pidgeot,170,562,623,226,45.17,greninja-ex,Greninja,1,100.0,1,0,0,overall,2026-10-09T06:45:10.465387+00:00,nein,abfrage
SVI-BLK,36,1,charizard-pidgeot,Charizard Pidgeot,170,562,623,226,45.17,reging-bolt-bellibolt,Raging Bolt Bellibolt,1,33.33,0,0,1,overall,2026-10-09T06:45:10.465387+00:00,nein,abfrage
SVI-BLK,36,1,charizard-pidgeot,Charizard Pidgeot,170,562,623,226,45.17,roaring-moon-dudunsparce,Roaring Moon Dudunsparce,1,100.0,1,0,0,overall,2026-10-09T06:45:10.465387+00:00,nein,abfrage
SVI-BLK,36,1,charizard-pidgeot,Charizard Pidgeot,170,562,623,226,45.17,wugtrio-svi,Wugtrio Mill,1,100.0,1,0,0,overall,2026-10-09T06:45:10.465387+00:00,nein,abfrage
SVI-BLK,36,1,charizard-pidgeot,Charizard Pidgeot,170,562,623,226,45.17,chien-pao-baxcalibur,Chien-Pao Baxcalibur,1,100.0,1,0,0,overall,2026-10-09T06:45:10.465387+00:00,nein,abfrage
SVI-BLK,36,1,charizard-pidgeot,Charizard Pidgeot,170,562,623,226,45.17,yanmega-ex,Yanmega,1,0.0,0,1,0,overall,2026-10-09T06:45:10.465387+00:00,nein,abfrage
SVI-BLK,36,1,charizard-pidgeot,Charizard Pidgeot,170,562,623,226,45.17,iron-thorns-ex,Iron Thorns,1,100.0,1,0,0,overall,2026-10-09T06:45:10.465387+00:00,nein,abfrage
SVI-BLK,36,1,charizard-pidgeot,Charizard Pidgeot,170,562,623,226,45.17,marnie-grimmsnarl-ex,Marnie's Grimmsnarl,1,0.0,0,1,0,overall,2026-10-09T06:45:10.465387+00:00,nein,abfrage
SVI-BLK,36,1,charizard-pidgeot,Charizard Pidgeot,170,562,623,226,45.17,copperajah-ex,Copperajah,1,100.0,1,0,0,overall,2026-10-09T06:45:10.465387+00:00,nein,abfrage
SVI-BLK,36,1,charizard-pidgeot,Charizard Pidgeot,170,562,623,226,45.17,festival-lead,Festival Lead,1,0.0,0,1,0,overall,2026-10-09T06:45:10.465387+00:00,nein,abfrage
SVI-BLK,36,1,chien-pao-baxcalibur,Chien-Pao Baxcalibur,2,3,8,1,27.78,dragapult-dusknoir,Dragapult Dusknoir,3,33.33,1,2,0,overall,2026-10-09T06:45:12.329443+00:00,nein,abfrage
SVI-BLK,36,1,chien-pao-baxcalibur,Chien-Pao Baxcalibur,2,3,8,1,27.78,charizard-dusknoir,Charizard Dusknoir,1,100.0,1,0,0,overall,2026-10-09T06:45:12.329443+00:00,nein,abfrage
SVI-BLK,36,1,chien-pao-baxcalibur,Chien-Pao Baxcalibur,2,3,8,1,27.78,iron-hands-magneton,Iron Hands Magneton,1,0.0,0,1,0,overall,2026-10-09T06:45:12.329443+00:00,nein,abfrage
SVI-BLK,36,1,chien-pao-baxcalibur,Chien-Pao Baxcalibur,2,3,8,1,27.78,ho-oh-armarouge,Ho-Oh Armarouge,1,33.33,0,0,1,overall,2026-10-09T06:45:12.329443+00:00,nein,abfrage
SVI-BLK,36,1,chien-pao-baxcalibur,Chien-Pao Baxcalibur,2,3,8,1,27.78,raging-bolt-ogerpon,Raging Bolt Ogerpon,1,0.0,0,1,0,overall,2026-10-09T06:45:12.329443+00:00,nein,abfrage
SVI-BLK,36,1,chien-pao-baxcalibur,Chien-Pao Baxcalibur,2,3,8,1,27.78,flareon-noctowl,Flareon Noctowl,1,0.0,0,1,0,overall,2026-10-09T06:45:12.329443+00:00,nein,abfrage
SVI-BLK,36,1,chien-pao-baxcalibur,Chien-Pao Baxcalibur,2,3,8,1,27.78,charizard-pidgeot,Charizard Pidgeot,1,0.0,0,1,0,overall,2026-10-09T06:45:12.329443+00:00,nein,abfrage
SVI-BLK,36,1,chien-pao-baxcalibur,Chien-Pao Baxcalibur,2,3,8,1,27.78,gholdengo-ex,Gholdengo,1,0.0,0,1,0,overall,2026-10-09T06:45:12.329443+00:00,nein,abfrage
SVI-BLK,36,1,chien-pao-baxcalibur,Chien-Pao Baxcalibur,2,3,8,1,27.78,tinkaton-ex,Tinkaton,1,0.0,0,1,0,overall,2026-10-09T06:45:12.329443+00:00,nein,abfrage
SVI-BLK,36,1,chien-pao-noctowl,Chien-Pao Noctowl,4,17,15,6,50.0,dragapult-dusknoir,Dragapult Dusknoir,5,6.67,0,4,1,overall,2026-10-09T06:45:14.203590+00:00,nein,abfrage
SVI-BLK,36,1,chien-pao-noctowl,Chien-Pao Noctowl,4,17,15,6,50.0,raging-bolt-ogerpon,Raging Bolt Ogerpon,4,75.0,3,1,0,overall,2026-10-09T06:45:14.203590+00:00,nein,abfrage
SVI-BLK,36,1,chien-pao-noctowl,Chien-Pao Noctowl,4,17,15,6,50.0,joltik-box,Joltik Box,4,83.33,3,0,1,overall,2026-10-09T06:45:14.203590+00:00,nein,abfrage
SVI-BLK,36,1,chien-pao-noctowl,Chien-Pao Noctowl,4,17,15,6,50.0,gholdengo-joltik-box,Gholdengo Joltik Box,3,33.33,1,2,0,overall,2026-10-09T06:45:14.203590+00:00,nein,abfrage
SVI-BLK,36,1,chien-pao-noctowl,Chien-Pao Noctowl,4,17,15,6,50.0,gholdengo-ex,Gholdengo,3,44.44,1,1,1,overall,2026-10-09T06:45:14.203590+00:00,nein,abfrage
SVI-BLK,36,1,chien-pao-noctowl,Chien-Pao Noctowl,4,17,15,6,50.0,gardevoir-ex-sv,Gardevoir,3,66.67,2,1,0,overall,2026-10-09T06:45:14.203590+00:00,nein,abfrage
SVI-BLK,36,1,chien-pao-noctowl,Chien-Pao Noctowl,4,17,15,6,50.0,tera-box,Tera Box,2,50.0,1,1,0,overall,2026-10-09T06:45:14.203590+00:00,nein,abfrage
SVI-BLK,36,1,chien-pao-noctowl,Chien-Pao Noctowl,4,17,15,6,50.0,ethan-typhlosion,Ethan's Typhlosion,2,66.67,1,0,1,overall,2026-10-09T06:45:14.203590+00:00,nein,abfrage
SVI-BLK,36,1,chien-pao-noctowl,Chien-Pao Noctowl,4,17,15,6,50.0,flareon-noctowl,Flareon Noctowl,2,50.0,1,1,0,overall,2026-10-09T06:45:14.203590+00:00,nein,abfrage
SVI-BLK,36,1,chien-pao-noctowl,Chien-Pao Noctowl,4,17,15,6,50.0,gardevoir-jellicent,Gardevoir Jellicent,2,0.0,0,2,0,overall,2026-10-09T06:45:14.203590+00:00,nein,abfrage
SVI-BLK,36,1,chien-pao-noctowl,Chien-Pao Noctowl,4,17,15,6,50.0,charizard-pidgeot,Charizard Pidgeot,1,0.0,0,1,0,overall,2026-10-09T06:45:14.203590+00:00,nein,abfrage
SVI-BLK,36,1,chien-pao-noctowl,Chien-Pao Noctowl,4,17,15,6,50.0,dragapult-charizard,Dragapult Charizard,1,33.33,0,0,1,overall,2026-10-09T06:45:14.203590+00:00,nein,abfrage
SVI-BLK,36,1,chien-pao-noctowl,Chien-Pao Noctowl,4,17,15,6,50.0,dragapult-ex,Dragapult,1,100.0,1,0,0,overall,2026-10-09T06:45:14.203590+00:00,nein,abfrage
SVI-BLK,36,1,chien-pao-noctowl,Chien-Pao Noctowl,4,17,15,6,50.0,crustle-dri,Crustle,1,33.33,0,0,1,overall,2026-10-09T06:45:14.203590+00:00,nein,abfrage
SVI-BLK,36,1,chien-pao-noctowl,Chien-Pao Noctowl,4,17,15,6,50.0,iron-hands-magneton,Iron Hands Magneton,1,0.0,0,1,0,overall,2026-10-09T06:45:14.203590+00:00,nein,abfrage
SVI-BLK,36,1,chien-pao-noctowl,Chien-Pao Noctowl,4,17,15,6,50.0,n-zoroark,N's Zoroark,1,100.0,1,0,0,overall,2026-10-09T06:45:14.203590+00:00,nein,abfrage
SVI-BLK,36,1,chien-pao-noctowl,Chien-Pao Noctowl,4,17,15,6,50.0,ogerpon-ex,Ogerpon,1,100.0,1,0,0,overall,2026-10-09T06:45:14.203590+00:00,nein,abfrage
SVI-BLK,36,1,chien-pao-noctowl,Chien-Pao Noctowl,4,17,15,6,50.0,spidops-ex,Spidops,1,100.0,1,0,0,overall,2026-10-09T06:45:14.203590+00:00,nein,abfrage
SVI-BLK,36,1,clefairy-ogerpon,Clefairy Ogerpon,1,4,2,2,58.33,dragapult-dusknoir,Dragapult Dusknoir,2,66.67,1,0,1,overall,2026-10-09T06:45:16.062986+00:00,nein,abfrage
SVI-BLK,36,1,clefairy-ogerpon,Clefairy Ogerpon,1,4,2,2,58.33,gardevoir-ex-sv,Gardevoir,1,100.0,1,0,0,overall,2026-10-09T06:45:16.062986+00:00,nein,abfrage
SVI-BLK,36,1,clefairy-ogerpon,Clefairy Ogerpon,1,4,2,2,58.33,farigiraf-milotic,Farigiraf Milotic,1,0.0,0,1,0,overall,2026-10-09T06:45:16.062986+00:00,nein,abfrage
SVI-BLK,36,1,clefairy-ogerpon,Clefairy Ogerpon,1,4,2,2,58.33,raging-bolt-ogerpon,Raging Bolt Ogerpon,1,100.0,1,0,0,overall,2026-10-09T06:45:16.062986+00:00,nein,abfrage
SVI-BLK,36,1,clefairy-ogerpon,Clefairy Ogerpon,1,4,2,2,58.33,gardevoir-jellicent,Gardevoir Jellicent,1,100.0,1,0,0,overall,2026-10-09T06:45:16.062986+00:00,nein,abfrage
SVI-BLK,36,1,clefairy-ogerpon,Clefairy Ogerpon,1,4,2,2,58.33,gholdengo-joltik-box,Gholdengo Joltik Box,1,33.33,0,0,1,overall,2026-10-09T06:45:16.062986+00:00,nein,abfrage
SVI-BLK,36,1,clefairy-ogerpon,Clefairy Ogerpon,1,4,2,2,58.33,gholdengo-ex,Gholdengo,1,0.0,0,1,0,overall,2026-10-09T06:45:16.062986+00:00,nein,abfrage
SVI-BLK,36,1,conkeldurr-twm,Conkeldurr,15,71,51,21,54.55,dragapult-dusknoir,Dragapult Dusknoir,23,46.38,10,11,2,overall,2026-10-09T06:45:17.978063+00:00,nein,abfrage
SVI-BLK,36,1,conkeldurr-twm,Conkeldurr,15,71,51,21,54.55,raging-bolt-ogerpon,Raging Bolt Ogerpon,16,72.92,11,3,2,overall,2026-10-09T06:45:17.978063+00:00,nein,abfrage
SVI-BLK,36,1,conkeldurr-twm,Conkeldurr,15,71,51,21,54.55,tera-box,Tera Box,13,51.28,6,5,2,overall,2026-10-09T06:45:17.978063+00:00,nein,abfrage
SVI-BLK,36,1,conkeldurr-twm,Conkeldurr,15,71,51,21,54.55,gholdengo-joltik-box,Gholdengo Joltik Box,10,53.33,5,4,1,overall,2026-10-09T06:45:17.978063+00:00,nein,abfrage
SVI-BLK,36,1,conkeldurr-twm,Conkeldurr,15,71,51,21,54.55,charizard-pidgeot,Charizard Pidgeot,9,48.15,4,4,1,overall,2026-10-09T06:45:17.978063+00:00,nein,abfrage
SVI-BLK,36,1,conkeldurr-twm,Conkeldurr,15,71,51,21,54.55,gholdengo-ex,Gholdengo,7,76.19,5,1,1,overall,2026-10-09T06:45:17.978063+00:00,nein,abfrage
SVI-BLK,36,1,conkeldurr-twm,Conkeldurr,15,71,51,21,54.55,gardevoir-ex-sv,Gardevoir,5,33.33,1,2,2,overall,2026-10-09T06:45:17.978063+00:00,nein,abfrage
SVI-BLK,36,1,conkeldurr-twm,Conkeldurr,15,71,51,21,54.55,flareon-noctowl,Flareon Noctowl,5,66.67,3,1,1,overall,2026-10-09T06:45:17.978063+00:00,nein,abfrage
SVI-BLK,36,1,conkeldurr-twm,Conkeldurr,15,71,51,21,54.55,dragapult-ex,Dragapult,5,40.0,2,3,0,overall,2026-10-09T06:45:17.978063+00:00,nein,abfrage
SVI-BLK,36,1,conkeldurr-twm,Conkeldurr,15,71,51,21,54.55,crustle-dri,Crustle,5,100.0,5,0,0,overall,2026-10-09T06:45:17.978063+00:00,nein,abfrage
SVI-BLK,36,1,conkeldurr-twm,Conkeldurr,15,71,51,21,54.55,joltik-box,Joltik Box,5,66.67,3,1,1,overall,2026-10-09T06:45:17.978063+00:00,nein,abfrage
SVI-BLK,36,1,conkeldurr-twm,Conkeldurr,15,71,51,21,54.55,gardevoir-jellicent,Gardevoir Jellicent,4,41.67,1,1,2,overall,2026-10-09T06:45:17.978063+00:00,nein,abfrage
SVI-BLK,36,1,conkeldurr-twm,Conkeldurr,15,71,51,21,54.55,ethan-typhlosion,Ethan's Typhlosion,4,83.33,3,0,1,overall,2026-10-09T06:45:17.978063+00:00,nein,abfrage
SVI-BLK,36,1,conkeldurr-twm,Conkeldurr,15,71,51,21,54.55,grimmsnarl-froslass,Grimmsnarl Froslass,3,66.67,2,1,0,overall,2026-10-09T06:45:17.978063+00:00,nein,abfrage
SVI-BLK,36,1,conkeldurr-twm,Conkeldurr,15,71,51,21,54.55,froslass-munkidori,Froslass Munkidori,2,16.67,0,1,1,overall,2026-10-09T06:45:17.978063+00:00,nein,abfrage
SVI-BLK,36,1,conkeldurr-twm,Conkeldurr,15,71,51,21,54.55,roaring-moon-ex,Roaring Moon,2,0.0,0,2,0,overall,2026-10-09T06:45:17.978063+00:00,nein,abfrage
SVI-BLK,36,1,conkeldurr-twm,Conkeldurr,15,71,51,21,54.55,conkeldurr-twm,Conkeldurr,2,50.0,2,2,0,overall,2026-10-09T06:45:17.978063+00:00,ja,abfrage
SVI-BLK,36,1,conkeldurr-twm,Conkeldurr,15,71,51,21,54.55,dragapult-charizard,Dragapult Charizard,2,0.0,0,2,0,overall,2026-10-09T06:45:17.978063+00:00,nein,abfrage
SVI-BLK,36,1,conkeldurr-twm,Conkeldurr,15,71,51,21,54.55,dragapult-blaziken,Dragapult Blaziken,2,0.0,0,2,0,overall,2026-10-09T06:45:17.978063+00:00,nein,abfrage
SVI-BLK,36,1,conkeldurr-twm,Conkeldurr,15,71,51,21,54.55,toedscruel-ex,Toedscruel,1,33.33,0,0,1,overall,2026-10-09T06:45:17.978063+00:00,nein,abfrage
SVI-BLK,36,1,conkeldurr-twm,Conkeldurr,15,71,51,21,54.55,gouging-fire-ex,Gouging Fire,1,0.0,0,1,0,overall,2026-10-09T06:45:17.978063+00:00,nein,abfrage
SVI-BLK,36,1,conkeldurr-twm,Conkeldurr,15,71,51,21,54.55,farigiraf-milotic,Farigiraf Milotic,1,100.0,1,0,0,overall,2026-10-09T06:45:17.978063+00:00,nein,abfrage
SVI-BLK,36,1,conkeldurr-twm,Conkeldurr,15,71,51,21,54.55,feraligatr-tef,Feraligatr,1,100.0,1,0,0,overall,2026-10-09T06:45:17.978063+00:00,nein,abfrage
SVI-BLK,36,1,conkeldurr-twm,Conkeldurr,15,71,51,21,54.55,azumarill-ssp,Azumarill,1,33.33,0,0,1,overall,2026-10-09T06:45:17.978063+00:00,nein,abfrage
SVI-BLK,36,1,conkeldurr-twm,Conkeldurr,15,71,51,21,54.55,blissey-ex,Blissey,1,100.0,1,0,0,overall,2026-10-09T06:45:17.978063+00:00,nein,abfrage
SVI-BLK,36,1,conkeldurr-twm,Conkeldurr,15,71,51,21,54.55,mamoswine-ex,Mamoswine,1,100.0,1,0,0,overall,2026-10-09T06:45:17.978063+00:00,nein,abfrage
SVI-BLK,36,1,conkeldurr-twm,Conkeldurr,15,71,51,21,54.55,other,Other,1,100.0,1,0,0,overall,2026-10-09T06:45:17.978063+00:00,nein,abfrage
SVI-BLK,36,1,conkeldurr-twm,Conkeldurr,15,71,51,21,54.55,hydreigon-ex,Hydreigon,1,100.0,1,0,0,overall,2026-10-09T06:45:17.978063+00:00,nein,abfrage
SVI-BLK,36,1,conkeldurr-twm,Conkeldurr,15,71,51,21,54.55,charizard-dusknoir,Charizard Dusknoir,1,0.0,0,1,0,overall,2026-10-09T06:45:17.978063+00:00,nein,abfrage
SVI-BLK,36,1,conkeldurr-twm,Conkeldurr,15,71,51,21,54.55,n-zoroark,N's Zoroark,1,33.33,0,0,1,overall,2026-10-09T06:45:17.978063+00:00,nein,abfrage
SVI-BLK,36,1,conkeldurr-twm,Conkeldurr,15,71,51,21,54.55,ho-oh-armarouge,Ho-Oh Armarouge,1,33.33,0,0,1,overall,2026-10-09T06:45:17.978063+00:00,nein,abfrage
SVI-BLK,36,1,conkeldurr-twm,Conkeldurr,15,71,51,21,54.55,festival-lead,Festival Lead,1,100.0,1,0,0,overall,2026-10-09T06:45:17.978063+00:00,nein,abfrage
SVI-BLK,36,1,conkeldurr-twm,Conkeldurr,15,71,51,21,54.55,cynthia-garchomp-ex,Cynthia's Garchomp,1,0.0,0,1,0,overall,2026-10-09T06:45:17.978063+00:00,nein,abfrage
SVI-BLK,36,1,conkeldurr-twm,Conkeldurr,15,71,51,21,54.55,rocket-mewtwo-ex,Rocket's Mewtwo,1,0.0,0,1,0,overall,2026-10-09T06:45:17.978063+00:00,nein,abfrage
SVI-BLK,36,1,conkeldurr-twm,Conkeldurr,15,71,51,21,54.55,charizard-ex,Charizard,1,0.0,0,1,0,overall,2026-10-09T06:45:17.978063+00:00,nein,abfrage
SVI-BLK,36,1,copperajah-ex,Copperajah,1,3,4,1,41.67,dragapult-ex,Dragapult,2,66.67,1,0,1,overall,2026-10-09T06:45:19.858707+00:00,nein,abfrage
SVI-BLK,36,1,copperajah-ex,Copperajah,1,3,4,1,41.67,raging-bolt-ogerpon,Raging Bolt Ogerpon,2,50.0,1,1,0,overall,2026-10-09T06:45:19.858707+00:00,nein,abfrage
SVI-BLK,36,1,copperajah-ex,Copperajah,1,3,4,1,41.67,joltik-box,Joltik Box,1,0.0,0,1,0,overall,2026-10-09T06:45:19.858707+00:00,nein,abfrage
SVI-BLK,36,1,copperajah-ex,Copperajah,1,3,4,1,41.67,gholdengo-joltik-box,Gholdengo Joltik Box,1,0.0,0,1,0,overall,2026-10-09T06:45:19.858707+00:00,nein,abfrage
SVI-BLK,36,1,copperajah-ex,Copperajah,1,3,4,1,41.67,tera-box,Tera Box,1,100.0,1,0,0,overall,2026-10-09T06:45:19.858707+00:00,nein,abfrage
SVI-BLK,36,1,copperajah-ex,Copperajah,1,3,4,1,41.67,charizard-pidgeot,Charizard Pidgeot,1,0.0,0,1,0,overall,2026-10-09T06:45:19.858707+00:00,nein,abfrage
SVI-BLK,36,1,crustle-dri,Crustle,39,164,135,61,51.2,dragapult-dusknoir,Dragapult Dusknoir,57,47.37,24,24,9,overall,2026-10-09T06:45:21.719089+00:00,nein,abfrage
SVI-BLK,36,1,crustle-dri,Crustle,39,164,135,61,51.2,raging-bolt-ogerpon,Raging Bolt Ogerpon,50,33.33,12,24,14,overall,2026-10-09T06:45:21.719089+00:00,nein,abfrage
SVI-BLK,36,1,crustle-dri,Crustle,39,164,135,61,51.2,gholdengo-ex,Gholdengo,35,80.0,28,7,0,overall,2026-10-09T06:45:21.719089+00:00,nein,abfrage
SVI-BLK,36,1,crustle-dri,Crustle,39,164,135,61,51.2,gardevoir-ex-sv,Gardevoir,27,8.64,1,22,4,overall,2026-10-09T06:45:21.719089+00:00,nein,abfrage
SVI-BLK,36,1,crustle-dri,Crustle,39,164,135,61,51.2,charizard-pidgeot,Charizard Pidgeot,22,63.64,13,6,3,overall,2026-10-09T06:45:21.719089+00:00,nein,abfrage
SVI-BLK,36,1,crustle-dri,Crustle,39,164,135,61,51.2,gholdengo-joltik-box,Gholdengo Joltik Box,22,92.42,20,1,1,overall,2026-10-09T06:45:21.719089+00:00,nein,abfrage
SVI-BLK,36,1,crustle-dri,Crustle,39,164,135,61,51.2,flareon-noctowl,Flareon Noctowl,19,73.68,13,3,3,overall,2026-10-09T06:45:21.719089+00:00,nein,abfrage
SVI-BLK,36,1,crustle-dri,Crustle,39,164,135,61,51.2,tera-box,Tera Box,19,61.4,9,2,8,overall,2026-10-09T06:45:21.719089+00:00,nein,abfrage
SVI-BLK,36,1,crustle-dri,Crustle,39,164,135,61,51.2,dragapult-ex,Dragapult,12,58.33,6,3,3,overall,2026-10-09T06:45:21.719089+00:00,nein,abfrage
SVI-BLK,36,1,crustle-dri,Crustle,39,164,135,61,51.2,grimmsnarl-froslass,Grimmsnarl Froslass,11,66.67,7,3,1,overall,2026-10-09T06:45:21.719089+00:00,nein,abfrage
SVI-BLK,36,1,crustle-dri,Crustle,39,164,135,61,51.2,joltik-box,Joltik Box,11,60.61,6,3,2,overall,2026-10-09T06:45:21.719089+00:00,nein,abfrage
SVI-BLK,36,1,crustle-dri,Crustle,39,164,135,61,51.2,ho-oh-armarouge,Ho-Oh Armarouge,8,16.67,1,6,1,overall,2026-10-09T06:45:21.719089+00:00,nein,abfrage
SVI-BLK,36,1,crustle-dri,Crustle,39,164,135,61,51.2,gardevoir-jellicent,Gardevoir Jellicent,8,12.5,1,7,0,overall,2026-10-09T06:45:21.719089+00:00,nein,abfrage
SVI-BLK,36,1,crustle-dri,Crustle,39,164,135,61,51.2,ethan-typhlosion,Ethan's Typhlosion,6,16.67,1,5,0,overall,2026-10-09T06:45:21.719089+00:00,nein,abfrage
SVI-BLK,36,1,crustle-dri,Crustle,39,164,135,61,51.2,iron-hands-magneton,Iron Hands Magneton,6,100.0,6,0,0,overall,2026-10-09T06:45:21.719089+00:00,nein,abfrage
SVI-BLK,36,1,crustle-dri,Crustle,39,164,135,61,51.2,dragapult-charizard,Dragapult Charizard,5,66.67,3,1,1,overall,2026-10-09T06:45:21.719089+00:00,nein,abfrage
SVI-BLK,36,1,crustle-dri,Crustle,39,164,135,61,51.2,conkeldurr-twm,Conkeldurr,5,0.0,0,5,0,overall,2026-10-09T06:45:21.719089+00:00,nein,abfrage
SVI-BLK,36,1,crustle-dri,Crustle,39,164,135,61,51.2,pidgeot-control,Pidgeot Control,3,11.11,0,2,1,overall,2026-10-09T06:45:21.719089+00:00,nein,abfrage
SVI-BLK,36,1,crustle-dri,Crustle,39,164,135,61,51.2,n-zoroark,N's Zoroark,3,66.67,2,1,0,overall,2026-10-09T06:45:21.719089+00:00,nein,abfrage
SVI-BLK,36,1,crustle-dri,Crustle,39,164,135,61,51.2,crustle-dri,Crustle,3,38.89,1,1,4,overall,2026-10-09T06:45:21.719089+00:00,ja,abfrage
SVI-BLK,36,1,crustle-dri,Crustle,39,164,135,61,51.2,cynthia-garchomp-ex,Cynthia's Garchomp,2,100.0,2,0,0,overall,2026-10-09T06:45:21.719089+00:00,nein,abfrage
SVI-BLK,36,1,crustle-dri,Crustle,39,164,135,61,51.2,roaring-moon-ex,Roaring Moon,2,50.0,1,1,0,overall,2026-10-09T06:45:21.719089+00:00,nein,abfrage
SVI-BLK,36,1,crustle-dri,Crustle,39,164,135,61,51.2,ceruledge-ex,Ceruledge,2,100.0,2,0,0,overall,2026-10-09T06:45:21.719089+00:00,nein,abfrage
SVI-BLK,36,1,crustle-dri,Crustle,39,164,135,61,51.2,ogerpon-ex,Ogerpon,1,0.0,0,1,0,overall,2026-10-09T06:45:21.719089+00:00,nein,abfrage
SVI-BLK,36,1,crustle-dri,Crustle,39,164,135,61,51.2,azumarill-ssp,Azumarill,1,0.0,0,1,0,overall,2026-10-09T06:45:21.719089+00:00,nein,abfrage
SVI-BLK,36,1,crustle-dri,Crustle,39,164,135,61,51.2,blaziken-ex-jtg,Blaziken,1,100.0,1,0,0,overall,2026-10-09T06:45:21.719089+00:00,nein,abfrage
SVI-BLK,36,1,crustle-dri,Crustle,39,164,135,61,51.2,mamoswine-ex,Mamoswine,1,33.33,0,0,1,overall,2026-10-09T06:45:21.719089+00:00,nein,abfrage
SVI-BLK,36,1,crustle-dri,Crustle,39,164,135,61,51.2,hydreigon-ex,Hydreigon,1,0.0,0,1,0,overall,2026-10-09T06:45:21.719089+00:00,nein,abfrage
SVI-BLK,36,1,crustle-dri,Crustle,39,164,135,61,51.2,charizard-noctowl,Charizard Noctowl,1,0.0,0,1,0,overall,2026-10-09T06:45:21.719089+00:00,nein,abfrage
SVI-BLK,36,1,crustle-dri,Crustle,39,164,135,61,51.2,milotic-ex,Milotic,1,33.33,0,0,1,overall,2026-10-09T06:45:21.719089+00:00,nein,abfrage
SVI-BLK,36,1,crustle-dri,Crustle,39,164,135,61,51.2,blissey-ex,Blissey,1,100.0,1,0,0,overall,2026-10-09T06:45:21.719089+00:00,nein,abfrage
SVI-BLK,36,1,crustle-dri,Crustle,39,164,135,61,51.2,chien-pao-noctowl,Chien-Pao Noctowl,1,33.33,0,0,1,overall,2026-10-09T06:45:21.719089+00:00,nein,abfrage
SVI-BLK,36,1,crustle-dri,Crustle,39,164,135,61,51.2,spidops-ex,Spidops,1,0.0,0,1,0,overall,2026-10-09T06:45:21.719089+00:00,nein,abfrage
SVI-BLK,36,1,crustle-dri,Crustle,39,164,135,61,51.2,dragapult-blaziken,Dragapult Blaziken,1,33.33,0,0,1,overall,2026-10-09T06:45:21.719089+00:00,nein,abfrage
SVI-BLK,36,1,crustle-dri,Crustle,39,164,135,61,51.2,greninja-ex,Greninja,1,100.0,1,0,0,overall,2026-10-09T06:45:21.719089+00:00,nein,abfrage
SVI-BLK,36,1,crustle-dri,Crustle,39,164,135,61,51.2,charizard-ex,Charizard,1,33.33,0,0,1,overall,2026-10-09T06:45:21.719089+00:00,nein,abfrage
SVI-BLK,36,1,crustle-dri,Crustle,39,164,135,61,51.2,toedscruel-ex,Toedscruel,1,100.0,1,0,0,overall,2026-10-09T06:45:21.719089+00:00,nein,abfrage
SVI-BLK,36,1,crustle-dri,Crustle,39,164,135,61,51.2,charizard-dusknoir,Charizard Dusknoir,1,100.0,1,0,0,overall,2026-10-09T06:45:21.719089+00:00,nein,abfrage
SVI-BLK,36,1,crustle-dri,Crustle,39,164,135,61,51.2,slowking-scr,Slowking,1,33.33,0,0,1,overall,2026-10-09T06:45:21.719089+00:00,nein,abfrage
SVI-BLK,36,1,crustle-dri,Crustle,39,164,135,61,51.2,charizard-dragapult,Charizard Dragapult,1,0.0,0,1,0,overall,2026-10-09T06:45:21.719089+00:00,nein,abfrage
SVI-BLK,36,1,cynthia-garchomp-ex,Cynthia's Garchomp,16,38,65,16,36.41,dragapult-dusknoir,Dragapult Dusknoir,22,24.24,4,14,4,overall,2026-10-09T06:45:23.579544+00:00,nein,abfrage
SVI-BLK,36,1,cynthia-garchomp-ex,Cynthia's Garchomp,16,38,65,16,36.41,raging-bolt-ogerpon,Raging Bolt Ogerpon,14,45.24,6,7,1,overall,2026-10-09T06:45:23.579544+00:00,nein,abfrage
SVI-BLK,36,1,cynthia-garchomp-ex,Cynthia's Garchomp,16,38,65,16,36.41,gholdengo-ex,Gholdengo,14,21.43,2,9,3,overall,2026-10-09T06:45:23.579544+00:00,nein,abfrage
SVI-BLK,36,1,cynthia-garchomp-ex,Cynthia's Garchomp,16,38,65,16,36.41,gardevoir-ex-sv,Gardevoir,8,62.5,5,3,0,overall,2026-10-09T06:45:23.579544+00:00,nein,abfrage
SVI-BLK,36,1,cynthia-garchomp-ex,Cynthia's Garchomp,16,38,65,16,36.41,charizard-pidgeot,Charizard Pidgeot,8,41.67,3,4,1,overall,2026-10-09T06:45:23.579544+00:00,nein,abfrage
SVI-BLK,36,1,cynthia-garchomp-ex,Cynthia's Garchomp,16,38,65,16,36.41,gholdengo-joltik-box,Gholdengo Joltik Box,5,46.67,2,2,1,overall,2026-10-09T06:45:23.579544+00:00,nein,abfrage
SVI-BLK,36,1,cynthia-garchomp-ex,Cynthia's Garchomp,16,38,65,16,36.41,grimmsnarl-froslass,Grimmsnarl Froslass,4,33.33,1,2,1,overall,2026-10-09T06:45:23.579544+00:00,nein,abfrage
SVI-BLK,36,1,cynthia-garchomp-ex,Cynthia's Garchomp,16,38,65,16,36.41,flareon-noctowl,Flareon Noctowl,4,25.0,1,3,0,overall,2026-10-09T06:45:23.579544+00:00,nein,abfrage
SVI-BLK,36,1,cynthia-garchomp-ex,Cynthia's Garchomp,16,38,65,16,36.41,tera-box,Tera Box,4,16.67,0,2,2,overall,2026-10-09T06:45:23.579544+00:00,nein,abfrage
SVI-BLK,36,1,cynthia-garchomp-ex,Cynthia's Garchomp,16,38,65,16,36.41,ethan-typhlosion,Ethan's Typhlosion,4,75.0,3,1,0,overall,2026-10-09T06:45:23.579544+00:00,nein,abfrage
SVI-BLK,36,1,cynthia-garchomp-ex,Cynthia's Garchomp,16,38,65,16,36.41,n-zoroark,N's Zoroark,3,0.0,0,3,0,overall,2026-10-09T06:45:23.579544+00:00,nein,abfrage
SVI-BLK,36,1,cynthia-garchomp-ex,Cynthia's Garchomp,16,38,65,16,36.41,dragapult-charizard,Dragapult Charizard,3,33.33,1,2,0,overall,2026-10-09T06:45:23.579544+00:00,nein,abfrage
SVI-BLK,36,1,cynthia-garchomp-ex,Cynthia's Garchomp,16,38,65,16,36.41,joltik-box,Joltik Box,3,77.78,2,0,1,overall,2026-10-09T06:45:23.579544+00:00,nein,abfrage
SVI-BLK,36,1,cynthia-garchomp-ex,Cynthia's Garchomp,16,38,65,16,36.41,ho-oh-armarouge,Ho-Oh Armarouge,3,11.11,0,2,1,overall,2026-10-09T06:45:23.579544+00:00,nein,abfrage
SVI-BLK,36,1,cynthia-garchomp-ex,Cynthia's Garchomp,16,38,65,16,36.41,gardevoir-jellicent,Gardevoir Jellicent,3,0.0,0,3,0,overall,2026-10-09T06:45:23.579544+00:00,nein,abfrage
SVI-BLK,36,1,cynthia-garchomp-ex,Cynthia's Garchomp,16,38,65,16,36.41,charizard-dusknoir,Charizard Dusknoir,2,16.67,0,1,1,overall,2026-10-09T06:45:23.579544+00:00,nein,abfrage
SVI-BLK,36,1,cynthia-garchomp-ex,Cynthia's Garchomp,16,38,65,16,36.41,crustle-dri,Crustle,2,0.0,0,2,0,overall,2026-10-09T06:45:23.579544+00:00,nein,abfrage
SVI-BLK,36,1,cynthia-garchomp-ex,Cynthia's Garchomp,16,38,65,16,36.41,meowscarada-ex,Meowscarada,2,50.0,1,1,0,overall,2026-10-09T06:45:23.579544+00:00,nein,abfrage
SVI-BLK,36,1,cynthia-garchomp-ex,Cynthia's Garchomp,16,38,65,16,36.41,ceruledge-ex,Ceruledge,2,0.0,0,2,0,overall,2026-10-09T06:45:23.579544+00:00,nein,abfrage
SVI-BLK,36,1,cynthia-garchomp-ex,Cynthia's Garchomp,16,38,65,16,36.41,charizard-ex,Charizard,1,100.0,1,0,0,overall,2026-10-09T06:45:23.579544+00:00,nein,abfrage
SVI-BLK,36,1,cynthia-garchomp-ex,Cynthia's Garchomp,16,38,65,16,36.41,dragapult-iron-thorns,Dragapult Iron Thorns,1,100.0,1,0,0,overall,2026-10-09T06:45:23.579544+00:00,nein,abfrage
SVI-BLK,36,1,cynthia-garchomp-ex,Cynthia's Garchomp,16,38,65,16,36.41,farigiraf-milotic,Farigiraf Milotic,1,100.0,1,0,0,overall,2026-10-09T06:45:23.579544+00:00,nein,abfrage
SVI-BLK,36,1,cynthia-garchomp-ex,Cynthia's Garchomp,16,38,65,16,36.41,blaziken-ex-jtg,Blaziken,1,100.0,1,0,0,overall,2026-10-09T06:45:23.579544+00:00,nein,abfrage
SVI-BLK,36,1,cynthia-garchomp-ex,Cynthia's Garchomp,16,38,65,16,36.41,miraidon-eelektrik,Miraidon Eelektrik,1,0.0,0,1,0,overall,2026-10-09T06:45:23.579544+00:00,nein,abfrage
SVI-BLK,36,1,cynthia-garchomp-ex,Cynthia's Garchomp,16,38,65,16,36.41,iron-hands-magneton,Iron Hands Magneton,1,100.0,1,0,0,overall,2026-10-09T06:45:23.579544+00:00,nein,abfrage
SVI-BLK,36,1,cynthia-garchomp-ex,Cynthia's Garchomp,16,38,65,16,36.41,conkeldurr-twm,Conkeldurr,1,100.0,1,0,0,overall,2026-10-09T06:45:23.579544+00:00,nein,abfrage
SVI-BLK,36,1,cynthia-garchomp-ex,Cynthia's Garchomp,16,38,65,16,36.41,charizard-noctowl,Charizard Noctowl,1,100.0,1,0,0,overall,2026-10-09T06:45:23.579544+00:00,nein,abfrage
SVI-BLK,36,1,dragapult-blaziken,Dragapult Blaziken,4,23,13,6,59.52,dragapult-dusknoir,Dragapult Dusknoir,7,61.9,4,2,1,overall,2026-10-09T06:45:25.455922+00:00,nein,abfrage
SVI-BLK,36,1,dragapult-blaziken,Dragapult Blaziken,4,23,13,6,59.52,gholdengo-ex,Gholdengo,4,75.0,3,1,0,overall,2026-10-09T06:45:25.455922+00:00,nein,abfrage
SVI-BLK,36,1,dragapult-blaziken,Dragapult Blaziken,4,23,13,6,59.52,charizard-pidgeot,Charizard Pidgeot,4,16.67,0,2,2,overall,2026-10-09T06:45:25.455922+00:00,nein,abfrage
SVI-BLK,36,1,dragapult-blaziken,Dragapult Blaziken,4,23,13,6,59.52,joltik-box,Joltik Box,3,66.67,2,1,0,overall,2026-10-09T06:45:25.455922+00:00,nein,abfrage
SVI-BLK,36,1,dragapult-blaziken,Dragapult Blaziken,4,23,13,6,59.52,dragapult-ex,Dragapult,2,100.0,2,0,0,overall,2026-10-09T06:45:25.455922+00:00,nein,abfrage
SVI-BLK,36,1,dragapult-blaziken,Dragapult Blaziken,4,23,13,6,59.52,raging-bolt-ogerpon,Raging Bolt Ogerpon,2,66.67,1,0,1,overall,2026-10-09T06:45:25.455922+00:00,nein,abfrage
SVI-BLK,36,1,dragapult-blaziken,Dragapult Blaziken,4,23,13,6,59.52,gardevoir-jellicent,Gardevoir Jellicent,2,0.0,0,2,0,overall,2026-10-09T06:45:25.455922+00:00,nein,abfrage
SVI-BLK,36,1,dragapult-blaziken,Dragapult Blaziken,4,23,13,6,59.52,gholdengo-joltik-box,Gholdengo Joltik Box,2,100.0,2,0,0,overall,2026-10-09T06:45:25.455922+00:00,nein,abfrage
SVI-BLK,36,1,dragapult-blaziken,Dragapult Blaziken,4,23,13,6,59.52,ethan-typhlosion,Ethan's Typhlosion,2,66.67,1,0,1,overall,2026-10-09T06:45:25.455922+00:00,nein,abfrage
SVI-BLK,36,1,dragapult-blaziken,Dragapult Blaziken,4,23,13,6,59.52,gardevoir-ex-sv,Gardevoir,2,50.0,1,1,0,overall,2026-10-09T06:45:25.455922+00:00,nein,abfrage
SVI-BLK,36,1,dragapult-blaziken,Dragapult Blaziken,4,23,13,6,59.52,conkeldurr-twm,Conkeldurr,2,100.0,2,0,0,overall,2026-10-09T06:45:25.455922+00:00,nein,abfrage
SVI-BLK,36,1,dragapult-blaziken,Dragapult Blaziken,4,23,13,6,59.52,tera-box,Tera Box,2,100.0,2,0,0,overall,2026-10-09T06:45:25.455922+00:00,nein,abfrage
SVI-BLK,36,1,dragapult-blaziken,Dragapult Blaziken,4,23,13,6,59.52,iron-hands-magneton,Iron Hands Magneton,1,0.0,0,1,0,overall,2026-10-09T06:45:25.455922+00:00,nein,abfrage
SVI-BLK,36,1,dragapult-blaziken,Dragapult Blaziken,4,23,13,6,59.52,n-zoroark,N's Zoroark,1,100.0,1,0,0,overall,2026-10-09T06:45:25.455922+00:00,nein,abfrage
SVI-BLK,36,1,dragapult-blaziken,Dragapult Blaziken,4,23,13,6,59.52,dudunsparce-control,Dudunsparce Control,1,0.0,0,1,0,overall,2026-10-09T06:45:25.455922+00:00,nein,abfrage
SVI-BLK,36,1,dragapult-blaziken,Dragapult Blaziken,4,23,13,6,59.52,grimmsnarl-froslass,Grimmsnarl Froslass,1,0.0,0,1,0,overall,2026-10-09T06:45:25.455922+00:00,nein,abfrage
SVI-BLK,36,1,dragapult-blaziken,Dragapult Blaziken,4,23,13,6,59.52,crustle-dri,Crustle,1,33.33,0,0,1,overall,2026-10-09T06:45:25.455922+00:00,nein,abfrage
SVI-BLK,36,1,dragapult-blaziken,Dragapult Blaziken,4,23,13,6,59.52,pidgeot-control,Pidgeot Control,1,100.0,1,0,0,overall,2026-10-09T06:45:25.455922+00:00,nein,abfrage
SVI-BLK,36,1,dragapult-blaziken,Dragapult Blaziken,4,23,13,6,59.52,froslass-munkidori,Froslass Munkidori,1,100.0,1,0,0,overall,2026-10-09T06:45:25.455922+00:00,nein,abfrage
SVI-BLK,36,1,dragapult-blaziken,Dragapult Blaziken,4,23,13,6,59.52,greninja-ex,Greninja,1,0.0,0,1,0,overall,2026-10-09T06:45:25.455922+00:00,nein,abfrage
SVI-BLK,36,1,dragapult-charizard,Dragapult Charizard,46,127,177,80,40.02,dragapult-dusknoir,Dragapult Dusknoir,52,23.72,10,35,7,overall,2026-10-09T06:45:27.327444+00:00,nein,abfrage
SVI-BLK,36,1,dragapult-charizard,Dragapult Charizard,46,127,177,80,40.02,gholdengo-ex,Gholdengo,47,33.33,12,24,11,overall,2026-10-09T06:45:27.327444+00:00,nein,abfrage
SVI-BLK,36,1,dragapult-charizard,Dragapult Charizard,46,127,177,80,40.02,raging-bolt-ogerpon,Raging Bolt Ogerpon,46,36.96,14,23,9,overall,2026-10-09T06:45:27.327444+00:00,nein,abfrage
SVI-BLK,36,1,dragapult-charizard,Dragapult Charizard,46,127,177,80,40.02,gardevoir-ex-sv,Gardevoir,39,43.59,12,12,15,overall,2026-10-09T06:45:27.327444+00:00,nein,abfrage
SVI-BLK,36,1,dragapult-charizard,Dragapult Charizard,46,127,177,80,40.02,charizard-pidgeot,Charizard Pidgeot,32,46.88,13,13,6,overall,2026-10-09T06:45:27.327444+00:00,nein,abfrage
SVI-BLK,36,1,dragapult-charizard,Dragapult Charizard,46,127,177,80,40.02,gholdengo-joltik-box,Gholdengo Joltik Box,22,59.09,12,7,3,overall,2026-10-09T06:45:27.327444+00:00,nein,abfrage
SVI-BLK,36,1,dragapult-charizard,Dragapult Charizard,46,127,177,80,40.02,grimmsnarl-froslass,Grimmsnarl Froslass,16,39.58,5,7,4,overall,2026-10-09T06:45:27.327444+00:00,nein,abfrage
SVI-BLK,36,1,dragapult-charizard,Dragapult Charizard,46,127,177,80,40.02,flareon-noctowl,Flareon Noctowl,15,55.56,8,6,1,overall,2026-10-09T06:45:27.327444+00:00,nein,abfrage
SVI-BLK,36,1,dragapult-charizard,Dragapult Charizard,46,127,177,80,40.02,tera-box,Tera Box,13,28.21,3,8,2,overall,2026-10-09T06:45:27.327444+00:00,nein,abfrage
SVI-BLK,36,1,dragapult-charizard,Dragapult Charizard,46,127,177,80,40.02,joltik-box,Joltik Box,12,36.11,4,7,1,overall,2026-10-09T06:45:27.327444+00:00,nein,abfrage
SVI-BLK,36,1,dragapult-charizard,Dragapult Charizard,46,127,177,80,40.02,gardevoir-jellicent,Gardevoir Jellicent,9,25.93,2,6,1,overall,2026-10-09T06:45:27.327444+00:00,nein,abfrage
SVI-BLK,36,1,dragapult-charizard,Dragapult Charizard,46,127,177,80,40.02,dragapult-ex,Dragapult,8,50.0,3,2,3,overall,2026-10-09T06:45:27.327444+00:00,nein,abfrage
SVI-BLK,36,1,dragapult-charizard,Dragapult Charizard,46,127,177,80,40.02,n-zoroark,N's Zoroark,8,58.33,4,2,2,overall,2026-10-09T06:45:27.327444+00:00,nein,abfrage
SVI-BLK,36,1,dragapult-charizard,Dragapult Charizard,46,127,177,80,40.02,ethan-typhlosion,Ethan's Typhlosion,7,42.86,2,2,3,overall,2026-10-09T06:45:27.327444+00:00,nein,abfrage
SVI-BLK,36,1,dragapult-charizard,Dragapult Charizard,46,127,177,80,40.02,ho-oh-armarouge,Ho-Oh Armarouge,6,44.44,2,2,2,overall,2026-10-09T06:45:27.327444+00:00,nein,abfrage
SVI-BLK,36,1,dragapult-charizard,Dragapult Charizard,46,127,177,80,40.02,dragapult-charizard,Dragapult Charizard,6,47.22,5,5,2,overall,2026-10-09T06:45:27.327444+00:00,ja,abfrage
SVI-BLK,36,1,dragapult-charizard,Dragapult Charizard,46,127,177,80,40.02,crustle-dri,Crustle,5,26.67,1,3,1,overall,2026-10-09T06:45:27.327444+00:00,nein,abfrage
SVI-BLK,36,1,dragapult-charizard,Dragapult Charizard,46,127,177,80,40.02,cynthia-garchomp-ex,Cynthia's Garchomp,3,66.67,2,1,0,overall,2026-10-09T06:45:27.327444+00:00,nein,abfrage
SVI-BLK,36,1,dragapult-charizard,Dragapult Charizard,46,127,177,80,40.02,pidgeot-control,Pidgeot Control,3,44.44,1,1,1,overall,2026-10-09T06:45:27.327444+00:00,nein,abfrage
SVI-BLK,36,1,dragapult-charizard,Dragapult Charizard,46,127,177,80,40.02,ceruledge-ex,Ceruledge,3,100.0,3,0,0,overall,2026-10-09T06:45:27.327444+00:00,nein,abfrage
SVI-BLK,36,1,dragapult-charizard,Dragapult Charizard,46,127,177,80,40.02,other,Other,3,77.78,2,0,1,overall,2026-10-09T06:45:27.327444+00:00,nein,abfrage
SVI-BLK,36,1,dragapult-charizard,Dragapult Charizard,46,127,177,80,40.02,hydreigon-ex,Hydreigon,2,50.0,1,1,0,overall,2026-10-09T06:45:27.327444+00:00,nein,abfrage
SVI-BLK,36,1,dragapult-charizard,Dragapult Charizard,46,127,177,80,40.02,farigiraf-milotic,Farigiraf Milotic,2,16.67,0,1,1,overall,2026-10-09T06:45:27.327444+00:00,nein,abfrage
SVI-BLK,36,1,dragapult-charizard,Dragapult Charizard,46,127,177,80,40.02,mamoswine-ex,Mamoswine,2,16.67,0,1,1,overall,2026-10-09T06:45:27.327444+00:00,nein,abfrage
SVI-BLK,36,1,dragapult-charizard,Dragapult Charizard,46,127,177,80,40.02,conkeldurr-twm,Conkeldurr,2,100.0,2,0,0,overall,2026-10-09T06:45:27.327444+00:00,nein,abfrage
SVI-BLK,36,1,dragapult-charizard,Dragapult Charizard,46,127,177,80,40.02,ogerpon-ex,Ogerpon,2,0.0,0,2,0,overall,2026-10-09T06:45:27.327444+00:00,nein,abfrage
SVI-BLK,36,1,dragapult-charizard,Dragapult Charizard,46,127,177,80,40.02,farigiraf-ex,Farigiraf,1,100.0,1,0,0,overall,2026-10-09T06:45:27.327444+00:00,nein,abfrage
SVI-BLK,36,1,dragapult-charizard,Dragapult Charizard,46,127,177,80,40.02,iron-hands-magneton,Iron Hands Magneton,1,33.33,0,0,1,overall,2026-10-09T06:45:27.327444+00:00,nein,abfrage
SVI-BLK,36,1,dragapult-charizard,Dragapult Charizard,46,127,177,80,40.02,chien-pao-noctowl,Chien-Pao Noctowl,1,33.33,0,0,1,overall,2026-10-09T06:45:27.327444+00:00,nein,abfrage
SVI-BLK,36,1,dragapult-charizard,Dragapult Charizard,46,127,177,80,40.02,slowking-scr,Slowking,1,0.0,0,1,0,overall,2026-10-09T06:45:27.327444+00:00,nein,abfrage
SVI-BLK,36,1,dragapult-charizard,Dragapult Charizard,46,127,177,80,40.02,greninja-ex,Greninja,1,33.33,0,0,1,overall,2026-10-09T06:45:27.327444+00:00,nein,abfrage
SVI-BLK,36,1,dragapult-charizard,Dragapult Charizard,46,127,177,80,40.02,flareon-ex,Flareon,1,0.0,0,1,0,overall,2026-10-09T06:45:27.327444+00:00,nein,abfrage
SVI-BLK,36,1,dragapult-charizard,Dragapult Charizard,46,127,177,80,40.02,archaludon-ex,Archaludon,1,100.0,1,0,0,overall,2026-10-09T06:45:27.327444+00:00,nein,abfrage
SVI-BLK,36,1,dragapult-charizard,Dragapult Charizard,46,127,177,80,40.02,meowscarada-ex,Meowscarada,1,0.0,0,1,0,overall,2026-10-09T06:45:27.327444+00:00,nein,abfrage
SVI-BLK,36,1,dragapult-charizard,Dragapult Charizard,46,127,177,80,40.02,blaziken-ex-jtg,Blaziken,1,0.0,0,1,0,overall,2026-10-09T06:45:27.327444+00:00,nein,abfrage
SVI-BLK,36,1,dragapult-charizard,Dragapult Charizard,46,127,177,80,40.02,blissey-ex,Blissey,1,0.0,0,1,0,overall,2026-10-09T06:45:27.327444+00:00,nein,abfrage
SVI-BLK,36,1,dragapult-charizard,Dragapult Charizard,46,127,177,80,40.02,terapagos-noctowl,Terapagos Noctowl,1,100.0,1,0,0,overall,2026-10-09T06:45:27.327444+00:00,nein,abfrage
SVI-BLK,36,1,dragapult-dusknoir,Dragapult Dusknoir,351,1314,1276,453,48.14,gholdengo-ex,Gholdengo,354,41.9,127,163,64,overall,2026-10-09T06:45:29.208393+00:00,nein,abfrage
SVI-BLK,36,1,dragapult-dusknoir,Dragapult Dusknoir,351,1314,1276,453,48.14,raging-bolt-ogerpon,Raging Bolt Ogerpon,342,49.61,155,143,44,overall,2026-10-09T06:45:29.208393+00:00,nein,abfrage
SVI-BLK,36,1,dragapult-dusknoir,Dragapult Dusknoir,351,1314,1276,453,48.14,gardevoir-ex-sv,Gardevoir,253,38.47,86,133,34,overall,2026-10-09T06:45:29.208393+00:00,nein,abfrage
SVI-BLK,36,1,dragapult-dusknoir,Dragapult Dusknoir,351,1314,1276,453,48.14,dragapult-dusknoir,Dragapult Dusknoir,224,47.69,193,193,62,overall,2026-10-09T06:45:29.208393+00:00,ja,abfrage
SVI-BLK,36,1,dragapult-dusknoir,Dragapult Dusknoir,351,1314,1276,453,48.14,charizard-pidgeot,Charizard Pidgeot,221,66.06,134,51,36,overall,2026-10-09T06:45:29.208393+00:00,nein,abfrage
SVI-BLK,36,1,dragapult-dusknoir,Dragapult Dusknoir,351,1314,1276,453,48.14,gholdengo-joltik-box,Gholdengo Joltik Box,208,45.67,88,99,21,overall,2026-10-09T06:45:29.208393+00:00,nein,abfrage
SVI-BLK,36,1,dragapult-dusknoir,Dragapult Dusknoir,351,1314,1276,453,48.14,tera-box,Tera Box,132,30.81,35,80,17,overall,2026-10-09T06:45:29.208393+00:00,nein,abfrage
SVI-BLK,36,1,dragapult-dusknoir,Dragapult Dusknoir,351,1314,1276,453,48.14,grimmsnarl-froslass,Grimmsnarl Froslass,117,39.89,39,55,23,overall,2026-10-09T06:45:29.208393+00:00,nein,abfrage
SVI-BLK,36,1,dragapult-dusknoir,Dragapult Dusknoir,351,1314,1276,453,48.14,joltik-box,Joltik Box,112,44.35,45,53,14,overall,2026-10-09T06:45:29.208393+00:00,nein,abfrage
SVI-BLK,36,1,dragapult-dusknoir,Dragapult Dusknoir,351,1314,1276,453,48.14,flareon-noctowl,Flareon Noctowl,103,52.43,49,39,15,overall,2026-10-09T06:45:29.208393+00:00,nein,abfrage
SVI-BLK,36,1,dragapult-dusknoir,Dragapult Dusknoir,351,1314,1276,453,48.14,dragapult-ex,Dragapult,88,46.97,38,40,10,overall,2026-10-09T06:45:29.208393+00:00,nein,abfrage
SVI-BLK,36,1,dragapult-dusknoir,Dragapult Dusknoir,351,1314,1276,453,48.14,gardevoir-jellicent,Gardevoir Jellicent,79,31.22,20,45,14,overall,2026-10-09T06:45:29.208393+00:00,nein,abfrage
SVI-BLK,36,1,dragapult-dusknoir,Dragapult Dusknoir,351,1314,1276,453,48.14,ethan-typhlosion,Ethan's Typhlosion,64,68.75,39,10,15,overall,2026-10-09T06:45:29.208393+00:00,nein,abfrage
SVI-BLK,36,1,dragapult-dusknoir,Dragapult Dusknoir,351,1314,1276,453,48.14,crustle-dri,Crustle,57,47.37,24,24,9,overall,2026-10-09T06:45:29.208393+00:00,nein,abfrage
SVI-BLK,36,1,dragapult-dusknoir,Dragapult Dusknoir,351,1314,1276,453,48.14,dragapult-charizard,Dragapult Charizard,52,71.79,35,10,7,overall,2026-10-09T06:45:29.208393+00:00,nein,abfrage
SVI-BLK,36,1,dragapult-dusknoir,Dragapult Dusknoir,351,1314,1276,453,48.14,ho-oh-armarouge,Ho-Oh Armarouge,37,54.05,20,17,0,overall,2026-10-09T06:45:29.208393+00:00,nein,abfrage
SVI-BLK,36,1,dragapult-dusknoir,Dragapult Dusknoir,351,1314,1276,453,48.14,n-zoroark,N's Zoroark,33,41.41,9,10,14,overall,2026-10-09T06:45:29.208393+00:00,nein,abfrage
SVI-BLK,36,1,dragapult-dusknoir,Dragapult Dusknoir,351,1314,1276,453,48.14,ceruledge-ex,Ceruledge,25,48.0,10,9,6,overall,2026-10-09T06:45:29.208393+00:00,nein,abfrage
SVI-BLK,36,1,dragapult-dusknoir,Dragapult Dusknoir,351,1314,1276,453,48.14,conkeldurr-twm,Conkeldurr,23,50.72,11,10,2,overall,2026-10-09T06:45:29.208393+00:00,nein,abfrage
SVI-BLK,36,1,dragapult-dusknoir,Dragapult Dusknoir,351,1314,1276,453,48.14,cynthia-garchomp-ex,Cynthia's Garchomp,22,69.7,14,4,4,overall,2026-10-09T06:45:29.208393+00:00,nein,abfrage
SVI-BLK,36,1,dragapult-dusknoir,Dragapult Dusknoir,351,1314,1276,453,48.14,pidgeot-control,Pidgeot Control,22,54.55,10,6,6,overall,2026-10-09T06:45:29.208393+00:00,nein,abfrage
SVI-BLK,36,1,dragapult-dusknoir,Dragapult Dusknoir,351,1314,1276,453,48.14,farigiraf-milotic,Farigiraf Milotic,21,49.21,9,8,4,overall,2026-10-09T06:45:29.208393+00:00,nein,abfrage
SVI-BLK,36,1,dragapult-dusknoir,Dragapult Dusknoir,351,1314,1276,453,48.14,slowking-scr,Slowking,15,75.56,11,3,1,overall,2026-10-09T06:45:29.208393+00:00,nein,abfrage
SVI-BLK,36,1,dragapult-dusknoir,Dragapult Dusknoir,351,1314,1276,453,48.14,roaring-moon-ex,Roaring Moon,14,45.24,6,7,1,overall,2026-10-09T06:45:29.208393+00:00,nein,abfrage
SVI-BLK,36,1,dragapult-dusknoir,Dragapult Dusknoir,351,1314,1276,453,48.14,hydreigon-ex,Hydreigon,14,64.29,9,5,0,overall,2026-10-09T06:45:29.208393+00:00,nein,abfrage
SVI-BLK,36,1,dragapult-dusknoir,Dragapult Dusknoir,351,1314,1276,453,48.14,charizard-noctowl,Charizard Noctowl,12,61.11,7,4,1,overall,2026-10-09T06:45:29.208393+00:00,nein,abfrage
SVI-BLK,36,1,dragapult-dusknoir,Dragapult Dusknoir,351,1314,1276,453,48.14,ogerpon-ex,Ogerpon,11,63.64,6,2,3,overall,2026-10-09T06:45:29.208393+00:00,nein,abfrage
SVI-BLK,36,1,dragapult-dusknoir,Dragapult Dusknoir,351,1314,1276,453,48.14,slaking-ex,Slaking,10,36.67,3,5,2,overall,2026-10-09T06:45:29.208393+00:00,nein,abfrage
SVI-BLK,36,1,dragapult-dusknoir,Dragapult Dusknoir,351,1314,1276,453,48.14,miraidon-eelektrik,Miraidon Eelektrik,10,43.33,4,5,1,overall,2026-10-09T06:45:29.208393+00:00,nein,abfrage
SVI-BLK,36,1,dragapult-dusknoir,Dragapult Dusknoir,351,1314,1276,453,48.14,rocket-mewtwo-ex,Rocket's Mewtwo,9,70.37,6,2,1,overall,2026-10-09T06:45:29.208393+00:00,nein,abfrage
SVI-BLK,36,1,dragapult-dusknoir,Dragapult Dusknoir,351,1314,1276,453,48.14,froslass-munkidori,Froslass Munkidori,9,40.74,3,4,2,overall,2026-10-09T06:45:29.208393+00:00,nein,abfrage
SVI-BLK,36,1,dragapult-dusknoir,Dragapult Dusknoir,351,1314,1276,453,48.14,other,Other,8,91.67,7,0,1,overall,2026-10-09T06:45:29.208393+00:00,nein,abfrage
SVI-BLK,36,1,dragapult-dusknoir,Dragapult Dusknoir,351,1314,1276,453,48.14,charizard-dragapult,Charizard Dragapult,8,45.83,3,3,2,overall,2026-10-09T06:45:29.208393+00:00,nein,abfrage
SVI-BLK,36,1,dragapult-dusknoir,Dragapult Dusknoir,351,1314,1276,453,48.14,charizard-dusknoir,Charizard Dusknoir,8,66.67,5,2,1,overall,2026-10-09T06:45:29.208393+00:00,nein,abfrage
SVI-BLK,36,1,dragapult-dusknoir,Dragapult Dusknoir,351,1314,1276,453,48.14,dragapult-blaziken,Dragapult Blaziken,7,33.33,2,4,1,overall,2026-10-09T06:45:29.208393+00:00,nein,abfrage
SVI-BLK,36,1,dragapult-dusknoir,Dragapult Dusknoir,351,1314,1276,453,48.14,blissey-ex,Blissey,6,61.11,3,1,2,overall,2026-10-09T06:45:29.208393+00:00,nein,abfrage
SVI-BLK,36,1,dragapult-dusknoir,Dragapult Dusknoir,351,1314,1276,453,48.14,terapagos-noctowl,Terapagos Noctowl,6,88.89,5,0,1,overall,2026-10-09T06:45:29.208393+00:00,nein,abfrage
SVI-BLK,36,1,dragapult-dusknoir,Dragapult Dusknoir,351,1314,1276,453,48.14,chien-pao-noctowl,Chien-Pao Noctowl,5,86.67,4,0,1,overall,2026-10-09T06:45:29.208393+00:00,nein,abfrage
SVI-BLK,36,1,dragapult-dusknoir,Dragapult Dusknoir,351,1314,1276,453,48.14,okidogi-twm,Okidogi,5,86.67,4,0,1,overall,2026-10-09T06:45:29.208393+00:00,nein,abfrage
SVI-BLK,36,1,dragapult-dusknoir,Dragapult Dusknoir,351,1314,1276,453,48.14,azumarill-ssp,Azumarill,5,66.67,3,1,1,overall,2026-10-09T06:45:29.208393+00:00,nein,abfrage
SVI-BLK,36,1,dragapult-dusknoir,Dragapult Dusknoir,351,1314,1276,453,48.14,spidops-ex,Spidops,4,50.0,2,2,0,overall,2026-10-09T06:45:29.208393+00:00,nein,abfrage
SVI-BLK,36,1,dragapult-dusknoir,Dragapult Dusknoir,351,1314,1276,453,48.14,iron-hands-magneton,Iron Hands Magneton,4,33.33,1,2,1,overall,2026-10-09T06:45:29.208393+00:00,nein,abfrage
SVI-BLK,36,1,dragapult-dusknoir,Dragapult Dusknoir,351,1314,1276,453,48.14,tinkaton-ex,Tinkaton,4,75.0,3,1,0,overall,2026-10-09T06:45:29.208393+00:00,nein,abfrage
SVI-BLK,36,1,dragapult-dusknoir,Dragapult Dusknoir,351,1314,1276,453,48.14,rocket-spidops,Rocket's Spidops,4,16.67,0,2,2,overall,2026-10-09T06:45:29.208393+00:00,nein,abfrage
SVI-BLK,36,1,dragapult-dusknoir,Dragapult Dusknoir,351,1314,1276,453,48.14,flareon-ex,Flareon,4,100.0,4,0,0,overall,2026-10-09T06:45:29.208393+00:00,nein,abfrage
SVI-BLK,36,1,dragapult-dusknoir,Dragapult Dusknoir,351,1314,1276,453,48.14,chien-pao-baxcalibur,Chien-Pao Baxcalibur,3,66.67,2,1,0,overall,2026-10-09T06:45:29.208393+00:00,nein,abfrage
SVI-BLK,36,1,dragapult-dusknoir,Dragapult Dusknoir,351,1314,1276,453,48.14,mamoswine-ex,Mamoswine,3,77.78,2,0,1,overall,2026-10-09T06:45:29.208393+00:00,nein,abfrage
SVI-BLK,36,1,dragapult-dusknoir,Dragapult Dusknoir,351,1314,1276,453,48.14,toedscruel-ex,Toedscruel,3,11.11,0,2,1,overall,2026-10-09T06:45:29.208393+00:00,nein,abfrage
SVI-BLK,36,1,dragapult-dusknoir,Dragapult Dusknoir,351,1314,1276,453,48.14,miraidon-ex,Miraidon,2,50.0,1,1,0,overall,2026-10-09T06:45:29.208393+00:00,nein,abfrage
SVI-BLK,36,1,dragapult-dusknoir,Dragapult Dusknoir,351,1314,1276,453,48.14,yanmega-ex,Yanmega,2,0.0,0,2,0,overall,2026-10-09T06:45:29.208393+00:00,nein,abfrage
SVI-BLK,36,1,dragapult-dusknoir,Dragapult Dusknoir,351,1314,1276,453,48.14,poison-archaludon,Poison Archaludon,2,100.0,2,0,0,overall,2026-10-09T06:45:29.208393+00:00,nein,abfrage
SVI-BLK,36,1,dragapult-dusknoir,Dragapult Dusknoir,351,1314,1276,453,48.14,meowscarada-ex,Meowscarada,2,100.0,2,0,0,overall,2026-10-09T06:45:29.208393+00:00,nein,abfrage
SVI-BLK,36,1,dragapult-dusknoir,Dragapult Dusknoir,351,1314,1276,453,48.14,clefairy-ogerpon,Clefairy Ogerpon,2,16.67,0,1,1,overall,2026-10-09T06:45:29.208393+00:00,nein,abfrage
SVI-BLK,36,1,dragapult-dusknoir,Dragapult Dusknoir,351,1314,1276,453,48.14,marnie-grimmsnarl-ex,Marnie's Grimmsnarl,1,100.0,1,0,0,overall,2026-10-09T06:45:29.208393+00:00,nein,abfrage
SVI-BLK,36,1,dragapult-dusknoir,Dragapult Dusknoir,351,1314,1276,453,48.14,poison-terapagos,Poison Terapagos,1,0.0,0,1,0,overall,2026-10-09T06:45:29.208393+00:00,nein,abfrage
SVI-BLK,36,1,dragapult-dusknoir,Dragapult Dusknoir,351,1314,1276,453,48.14,reging-bolt-bellibolt,Raging Bolt Bellibolt,1,33.33,0,0,1,overall,2026-10-09T06:45:29.208393+00:00,nein,abfrage
SVI-BLK,36,1,dragapult-dusknoir,Dragapult Dusknoir,351,1314,1276,453,48.14,dragapult-iron-thorns,Dragapult Iron Thorns,1,100.0,1,0,0,overall,2026-10-09T06:45:29.208393+00:00,nein,abfrage
SVI-BLK,36,1,dragapult-dusknoir,Dragapult Dusknoir,351,1314,1276,453,48.14,hop-zacian,Hop's Zacian,1,100.0,1,0,0,overall,2026-10-09T06:45:29.208393+00:00,nein,abfrage
SVI-BLK,36,1,dragapult-dusknoir,Dragapult Dusknoir,351,1314,1276,453,48.14,ancient-box,Ancient Box,1,33.33,0,0,1,overall,2026-10-09T06:45:29.208393+00:00,nein,abfrage
SVI-BLK,36,1,dragapult-dusknoir,Dragapult Dusknoir,351,1314,1276,453,48.14,archaludon-ex,Archaludon,1,100.0,1,0,0,overall,2026-10-09T06:45:29.208393+00:00,nein,abfrage
SVI-BLK,36,1,dragapult-dusknoir,Dragapult Dusknoir,351,1314,1276,453,48.14,blaziken-ex-jtg,Blaziken,1,0.0,0,1,0,overall,2026-10-09T06:45:29.208393+00:00,nein,abfrage
SVI-BLK,36,1,dragapult-dusknoir,Dragapult Dusknoir,351,1314,1276,453,48.14,future-box,Future Box,1,0.0,0,1,0,overall,2026-10-09T06:45:29.208393+00:00,nein,abfrage
SVI-BLK,36,1,dragapult-dusknoir,Dragapult Dusknoir,351,1314,1276,453,48.14,roaring-moon-dudunsparce,Roaring Moon Dudunsparce,1,100.0,1,0,0,overall,2026-10-09T06:45:29.208393+00:00,nein,abfrage
SVI-BLK,36,1,dragapult-dusknoir,Dragapult Dusknoir,351,1314,1276,453,48.14,blaziken-zoroark,Blaziken Zoroark,1,0.0,0,1,0,overall,2026-10-09T06:45:29.208393+00:00,nein,abfrage
SVI-BLK,36,1,dragapult-dusknoir,Dragapult Dusknoir,351,1314,1276,453,48.14,wugtrio-svi,Wugtrio Mill,1,100.0,1,0,0,overall,2026-10-09T06:45:29.208393+00:00,nein,abfrage
SVI-BLK,36,1,dragapult-dusknoir,Dragapult Dusknoir,351,1314,1276,453,48.14,festival-lead,Festival Lead,1,100.0,1,0,0,overall,2026-10-09T06:45:29.208393+00:00,nein,abfrage
SVI-BLK,36,1,dragapult-dusknoir,Dragapult Dusknoir,351,1314,1276,453,48.14,heatran-metang,Heatran Metang,1,100.0,1,0,0,overall,2026-10-09T06:45:29.208393+00:00,nein,abfrage
SVI-BLK,36,1,dragapult-dusknoir,Dragapult Dusknoir,351,1314,1276,453,48.14,charizard-ex,Charizard,1,100.0,1,0,0,overall,2026-10-09T06:45:29.208393+00:00,nein,abfrage
SVI-BLK,36,1,dragapult-ex,Dragapult,74,234,254,107,45.32,dragapult-dusknoir,Dragapult Dusknoir,88,49.24,40,38,10,overall,2026-10-09T06:45:31.068632+00:00,nein,abfrage
SVI-BLK,36,1,dragapult-ex,Dragapult,74,234,254,107,45.32,raging-bolt-ogerpon,Raging Bolt Ogerpon,76,45.18,28,29,19,overall,2026-10-09T06:45:31.068632+00:00,nein,abfrage
SVI-BLK,36,1,dragapult-ex,Dragapult,74,234,254,107,45.32,gholdengo-ex,Gholdengo,71,47.42,29,28,14,overall,2026-10-09T06:45:31.068632+00:00,nein,abfrage
SVI-BLK,36,1,dragapult-ex,Dragapult,74,234,254,107,45.32,charizard-pidgeot,Charizard Pidgeot,44,55.3,22,15,7,overall,2026-10-09T06:45:31.068632+00:00,nein,abfrage
SVI-BLK,36,1,dragapult-ex,Dragapult,74,234,254,107,45.32,gardevoir-ex-sv,Gardevoir,40,30.0,9,22,9,overall,2026-10-09T06:45:31.068632+00:00,nein,abfrage
SVI-BLK,36,1,dragapult-ex,Dragapult,74,234,254,107,45.32,gholdengo-joltik-box,Gholdengo Joltik Box,40,35.83,13,23,4,overall,2026-10-09T06:45:31.068632+00:00,nein,abfrage
SVI-BLK,36,1,dragapult-ex,Dragapult,74,234,254,107,45.32,flareon-noctowl,Flareon Noctowl,30,58.89,16,9,5,overall,2026-10-09T06:45:31.068632+00:00,nein,abfrage
SVI-BLK,36,1,dragapult-ex,Dragapult,74,234,254,107,45.32,tera-box,Tera Box,29,45.98,11,11,7,overall,2026-10-09T06:45:31.068632+00:00,nein,abfrage
SVI-BLK,36,1,dragapult-ex,Dragapult,74,234,254,107,45.32,grimmsnarl-froslass,Grimmsnarl Froslass,27,41.98,11,15,1,overall,2026-10-09T06:45:31.068632+00:00,nein,abfrage
SVI-BLK,36,1,dragapult-ex,Dragapult,74,234,254,107,45.32,joltik-box,Joltik Box,14,30.95,4,9,1,overall,2026-10-09T06:45:31.068632+00:00,nein,abfrage
SVI-BLK,36,1,dragapult-ex,Dragapult,74,234,254,107,45.32,crustle-dri,Crustle,12,33.33,3,6,3,overall,2026-10-09T06:45:31.068632+00:00,nein,abfrage
SVI-BLK,36,1,dragapult-ex,Dragapult,74,234,254,107,45.32,n-zoroark,N's Zoroark,12,50.0,5,4,3,overall,2026-10-09T06:45:31.068632+00:00,nein,abfrage
SVI-BLK,36,1,dragapult-ex,Dragapult,74,234,254,107,45.32,ethan-typhlosion,Ethan's Typhlosion,11,42.42,3,3,5,overall,2026-10-09T06:45:31.068632+00:00,nein,abfrage
SVI-BLK,36,1,dragapult-ex,Dragapult,74,234,254,107,45.32,dragapult-charizard,Dragapult Charizard,8,37.5,2,3,3,overall,2026-10-09T06:45:31.068632+00:00,nein,abfrage
SVI-BLK,36,1,dragapult-ex,Dragapult,74,234,254,107,45.32,ho-oh-armarouge,Ho-Oh Armarouge,8,37.5,2,3,3,overall,2026-10-09T06:45:31.068632+00:00,nein,abfrage
SVI-BLK,36,1,dragapult-ex,Dragapult,74,234,254,107,45.32,gardevoir-jellicent,Gardevoir Jellicent,7,42.86,2,2,3,overall,2026-10-09T06:45:31.068632+00:00,nein,abfrage
SVI-BLK,36,1,dragapult-ex,Dragapult,74,234,254,107,45.32,conkeldurr-twm,Conkeldurr,5,60.0,3,2,0,overall,2026-10-09T06:45:31.068632+00:00,nein,abfrage
SVI-BLK,36,1,dragapult-ex,Dragapult,74,234,254,107,45.32,dragapult-ex,Dragapult,5,46.67,4,4,2,overall,2026-10-09T06:45:31.068632+00:00,ja,abfrage
SVI-BLK,36,1,dragapult-ex,Dragapult,74,234,254,107,45.32,charizard-dusknoir,Charizard Dusknoir,5,20.0,1,4,0,overall,2026-10-09T06:45:31.068632+00:00,nein,abfrage
SVI-BLK,36,1,dragapult-ex,Dragapult,74,234,254,107,45.32,iron-hands-magneton,Iron Hands Magneton,3,100.0,3,0,0,overall,2026-10-09T06:45:31.068632+00:00,nein,abfrage
SVI-BLK,36,1,dragapult-ex,Dragapult,74,234,254,107,45.32,miraidon-eelektrik,Miraidon Eelektrik,3,44.44,1,1,1,overall,2026-10-09T06:45:31.068632+00:00,nein,abfrage
SVI-BLK,36,1,dragapult-ex,Dragapult,74,234,254,107,45.32,farigiraf-milotic,Farigiraf Milotic,3,44.44,1,1,1,overall,2026-10-09T06:45:31.068632+00:00,nein,abfrage
SVI-BLK,36,1,dragapult-ex,Dragapult,74,234,254,107,45.32,slowking-scr,Slowking,3,77.78,2,0,1,overall,2026-10-09T06:45:31.068632+00:00,nein,abfrage
SVI-BLK,36,1,dragapult-ex,Dragapult,74,234,254,107,45.32,other,Other,3,100.0,3,0,0,overall,2026-10-09T06:45:31.068632+00:00,nein,abfrage
SVI-BLK,36,1,dragapult-ex,Dragapult,74,234,254,107,45.32,charizard-noctowl,Charizard Noctowl,3,44.44,1,1,1,overall,2026-10-09T06:45:31.068632+00:00,nein,abfrage
SVI-BLK,36,1,dragapult-ex,Dragapult,74,234,254,107,45.32,rocket-mewtwo-ex,Rocket's Mewtwo,3,66.67,2,1,0,overall,2026-10-09T06:45:31.068632+00:00,nein,abfrage
SVI-BLK,36,1,dragapult-ex,Dragapult,74,234,254,107,45.32,copperajah-ex,Copperajah,2,16.67,0,1,1,overall,2026-10-09T06:45:31.068632+00:00,nein,abfrage
SVI-BLK,36,1,dragapult-ex,Dragapult,74,234,254,107,45.32,dragapult-blaziken,Dragapult Blaziken,2,0.0,0,2,0,overall,2026-10-09T06:45:31.068632+00:00,nein,abfrage
SVI-BLK,36,1,dragapult-ex,Dragapult,74,234,254,107,45.32,ceruledge-ex,Ceruledge,2,33.33,0,0,2,overall,2026-10-09T06:45:31.068632+00:00,nein,abfrage
SVI-BLK,36,1,dragapult-ex,Dragapult,74,234,254,107,45.32,roaring-moon-ex,Roaring Moon,2,50.0,1,1,0,overall,2026-10-09T06:45:31.068632+00:00,nein,abfrage
SVI-BLK,36,1,dragapult-ex,Dragapult,74,234,254,107,45.32,pidgeot-control,Pidgeot Control,2,0.0,0,2,0,overall,2026-10-09T06:45:31.068632+00:00,nein,abfrage
SVI-BLK,36,1,dragapult-ex,Dragapult,74,234,254,107,45.32,blissey-ex,Blissey,2,50.0,1,1,0,overall,2026-10-09T06:45:31.068632+00:00,nein,abfrage
SVI-BLK,36,1,dragapult-ex,Dragapult,74,234,254,107,45.32,festival-lead,Festival Lead,2,50.0,1,1,0,overall,2026-10-09T06:45:31.068632+00:00,nein,abfrage
SVI-BLK,36,1,dragapult-ex,Dragapult,74,234,254,107,45.32,flareon-ex,Flareon,2,50.0,1,1,0,overall,2026-10-09T06:45:31.068632+00:00,nein,abfrage
SVI-BLK,36,1,dragapult-ex,Dragapult,74,234,254,107,45.32,ogerpon-ex,Ogerpon,2,50.0,1,1,0,overall,2026-10-09T06:45:31.068632+00:00,nein,abfrage
SVI-BLK,36,1,dragapult-ex,Dragapult,74,234,254,107,45.32,wugtrio-svi,Wugtrio Mill,1,100.0,1,0,0,overall,2026-10-09T06:45:31.068632+00:00,nein,abfrage
SVI-BLK,36,1,dragapult-ex,Dragapult,74,234,254,107,45.32,greninja-ex,Greninja,1,100.0,1,0,0,overall,2026-10-09T06:45:31.068632+00:00,nein,abfrage
SVI-BLK,36,1,dragapult-ex,Dragapult,74,234,254,107,45.32,dragapult-iron-thorns,Dragapult Iron Thorns,1,0.0,0,1,0,overall,2026-10-09T06:45:31.068632+00:00,nein,abfrage
SVI-BLK,36,1,dragapult-ex,Dragapult,74,234,254,107,45.32,chien-pao-noctowl,Chien-Pao Noctowl,1,0.0,0,1,0,overall,2026-10-09T06:45:31.068632+00:00,nein,abfrage
SVI-BLK,36,1,dragapult-ex,Dragapult,74,234,254,107,45.32,okidogi-twm,Okidogi,1,33.33,0,0,1,overall,2026-10-09T06:45:31.068632+00:00,nein,abfrage
SVI-BLK,36,1,dragapult-ex,Dragapult,74,234,254,107,45.32,azumarill-ssp,Azumarill,1,100.0,1,0,0,overall,2026-10-09T06:45:31.068632+00:00,nein,abfrage
SVI-BLK,36,1,dragapult-ex,Dragapult,74,234,254,107,45.32,froslass-munkidori,Froslass Munkidori,1,100.0,1,0,0,overall,2026-10-09T06:45:31.068632+00:00,nein,abfrage
SVI-BLK,36,1,dragapult-ex,Dragapult,74,234,254,107,45.32,hydreigon-ex,Hydreigon,1,100.0,1,0,0,overall,2026-10-09T06:45:31.068632+00:00,nein,abfrage
SVI-BLK,36,1,dragapult-ex,Dragapult,74,234,254,107,45.32,yanmega-ex,Yanmega,1,100.0,1,0,0,overall,2026-10-09T06:45:31.068632+00:00,nein,abfrage
SVI-BLK,36,1,dragapult-ex,Dragapult,74,234,254,107,45.32,mamoswine-ex,Mamoswine,1,0.0,0,1,0,overall,2026-10-09T06:45:31.068632+00:00,nein,abfrage
SVI-BLK,36,1,dragapult-ex,Dragapult,74,234,254,107,45.32,gholdengo-dragapult,Gholdengo Dragapult,1,100.0,1,0,0,overall,2026-10-09T06:45:31.068632+00:00,nein,abfrage
SVI-BLK,36,1,dragapult-ex,Dragapult,74,234,254,107,45.32,toedscruel-ex,Toedscruel,1,0.0,0,1,0,overall,2026-10-09T06:45:31.068632+00:00,nein,abfrage
SVI-BLK,36,1,dragapult-ex,Dragapult,74,234,254,107,45.32,roaring-moon-dudunsparce,Roaring Moon Dudunsparce,1,0.0,0,1,0,overall,2026-10-09T06:45:31.068632+00:00,nein,abfrage
SVI-BLK,36,1,dragapult-ex,Dragapult,74,234,254,107,45.32,dudunsparce-control,Dudunsparce Control,1,0.0,0,1,0,overall,2026-10-09T06:45:31.068632+00:00,nein,abfrage
SVI-BLK,36,1,dragapult-ex,Dragapult,74,234,254,107,45.32,slaking-ex,Slaking,1,0.0,0,1,0,overall,2026-10-09T06:45:31.068632+00:00,nein,abfrage
SVI-BLK,36,1,dragapult-iron-thorns,Dragapult Iron Thorns,2,4,10,2,29.17,ho-oh-armarouge,Ho-Oh Armarouge,2,0.0,0,2,0,overall,2026-10-09T06:45:32.942109+00:00,nein,abfrage
SVI-BLK,36,1,dragapult-iron-thorns,Dragapult Iron Thorns,2,4,10,2,29.17,ethan-typhlosion,Ethan's Typhlosion,1,100.0,1,0,0,overall,2026-10-09T06:45:32.942109+00:00,nein,abfrage
SVI-BLK,36,1,dragapult-iron-thorns,Dragapult Iron Thorns,2,4,10,2,29.17,cynthia-garchomp-ex,Cynthia's Garchomp,1,0.0,0,1,0,overall,2026-10-09T06:45:32.942109+00:00,nein,abfrage
SVI-BLK,36,1,dragapult-iron-thorns,Dragapult Iron Thorns,2,4,10,2,29.17,dragapult-dusknoir,Dragapult Dusknoir,1,0.0,0,1,0,overall,2026-10-09T06:45:32.942109+00:00,nein,abfrage
SVI-BLK,36,1,dragapult-iron-thorns,Dragapult Iron Thorns,2,4,10,2,29.17,tera-box,Tera Box,1,0.0,0,1,0,overall,2026-10-09T06:45:32.942109+00:00,nein,abfrage
SVI-BLK,36,1,dragapult-iron-thorns,Dragapult Iron Thorns,2,4,10,2,29.17,charizard-pidgeot,Charizard Pidgeot,1,33.33,0,0,1,overall,2026-10-09T06:45:32.942109+00:00,nein,abfrage
SVI-BLK,36,1,dragapult-iron-thorns,Dragapult Iron Thorns,2,4,10,2,29.17,dragapult-ex,Dragapult,1,100.0,1,0,0,overall,2026-10-09T06:45:32.942109+00:00,nein,abfrage
SVI-BLK,36,1,dragapult-iron-thorns,Dragapult Iron Thorns,2,4,10,2,29.17,froslass-munkidori,Froslass Munkidori,1,0.0,0,1,0,overall,2026-10-09T06:45:32.942109+00:00,nein,abfrage
SVI-BLK,36,1,dragapult-iron-thorns,Dragapult Iron Thorns,2,4,10,2,29.17,grimmsnarl-froslass,Grimmsnarl Froslass,1,100.0,1,0,0,overall,2026-10-09T06:45:32.942109+00:00,nein,abfrage
SVI-BLK,36,1,dragapult-iron-thorns,Dragapult Iron Thorns,2,4,10,2,29.17,gholdengo-ex,Gholdengo,1,100.0,1,0,0,overall,2026-10-09T06:45:32.942109+00:00,nein,abfrage
SVI-BLK,36,1,dragapult-iron-thorns,Dragapult Iron Thorns,2,4,10,2,29.17,gardevoir-ex-sv,Gardevoir,1,0.0,0,1,0,overall,2026-10-09T06:45:32.942109+00:00,nein,abfrage
SVI-BLK,36,1,dragapult-iron-thorns,Dragapult Iron Thorns,2,4,10,2,29.17,roaring-moon-ex,Roaring Moon,1,0.0,0,1,0,overall,2026-10-09T06:45:32.942109+00:00,nein,abfrage
SVI-BLK,36,1,dragapult-iron-thorns,Dragapult Iron Thorns,2,4,10,2,29.17,flareon-noctowl,Flareon Noctowl,1,33.33,0,0,1,overall,2026-10-09T06:45:32.942109+00:00,nein,abfrage
SVI-BLK,36,1,dragapult-iron-thorns,Dragapult Iron Thorns,2,4,10,2,29.17,archaludon-ex,Archaludon,1,0.0,0,1,0,overall,2026-10-09T06:45:32.942109+00:00,nein,abfrage
SVI-BLK,36,1,dragapult-iron-thorns,Dragapult Iron Thorns,2,4,10,2,29.17,terapagos-noctowl,Terapagos Noctowl,1,0.0,0,1,0,overall,2026-10-09T06:45:32.942109+00:00,nein,abfrage
SVI-BLK,36,1,dragapult-zoroark,Dragapult Zoroark,1,2,4,2,33.33,charizard-pidgeot,Charizard Pidgeot,2,16.67,0,1,1,overall,2026-10-09T06:45:34.804956+00:00,nein,abfrage
SVI-BLK,36,1,dragapult-zoroark,Dragapult Zoroark,1,2,4,2,33.33,gardevoir-ex-sv,Gardevoir,1,100.0,1,0,0,overall,2026-10-09T06:45:34.804956+00:00,nein,abfrage
SVI-BLK,36,1,dragapult-zoroark,Dragapult Zoroark,1,2,4,2,33.33,gholdengo-joltik-box,Gholdengo Joltik Box,1,33.33,0,0,1,overall,2026-10-09T06:45:34.804956+00:00,nein,abfrage
SVI-BLK,36,1,dragapult-zoroark,Dragapult Zoroark,1,2,4,2,33.33,raging-bolt-ogerpon,Raging Bolt Ogerpon,1,0.0,0,1,0,overall,2026-10-09T06:45:34.804956+00:00,nein,abfrage
SVI-BLK,36,1,dragapult-zoroark,Dragapult Zoroark,1,2,4,2,33.33,flareon-noctowl,Flareon Noctowl,1,0.0,0,1,0,overall,2026-10-09T06:45:34.804956+00:00,nein,abfrage
SVI-BLK,36,1,dragapult-zoroark,Dragapult Zoroark,1,2,4,2,33.33,slowking-scr,Slowking,1,100.0,1,0,0,overall,2026-10-09T06:45:34.804956+00:00,nein,abfrage
SVI-BLK,36,1,dragapult-zoroark,Dragapult Zoroark,1,2,4,2,33.33,grimmsnarl-froslass,Grimmsnarl Froslass,1,0.0,0,1,0,overall,2026-10-09T06:45:34.804956+00:00,nein,abfrage
SVI-BLK,36,1,dudunsparce-control,Dudunsparce Control,1,4,2,2,58.33,raging-bolt-ogerpon,Raging Bolt Ogerpon,3,44.44,1,1,1,overall,2026-10-09T06:45:36.664354+00:00,nein,abfrage
SVI-BLK,36,1,dudunsparce-control,Dudunsparce Control,1,4,2,2,58.33,charizard-pidgeot,Charizard Pidgeot,1,0.0,0,1,0,overall,2026-10-09T06:45:36.664354+00:00,nein,abfrage
SVI-BLK,36,1,dudunsparce-control,Dudunsparce Control,1,4,2,2,58.33,flareon-noctowl,Flareon Noctowl,1,33.33,0,0,1,overall,2026-10-09T06:45:36.664354+00:00,nein,abfrage
SVI-BLK,36,1,dudunsparce-control,Dudunsparce Control,1,4,2,2,58.33,gardevoir-ex-sv,Gardevoir,1,100.0,1,0,0,overall,2026-10-09T06:45:36.664354+00:00,nein,abfrage
SVI-BLK,36,1,dudunsparce-control,Dudunsparce Control,1,4,2,2,58.33,dragapult-blaziken,Dragapult Blaziken,1,100.0,1,0,0,overall,2026-10-09T06:45:36.664354+00:00,nein,abfrage
SVI-BLK,36,1,dudunsparce-control,Dudunsparce Control,1,4,2,2,58.33,dragapult-ex,Dragapult,1,100.0,1,0,0,overall,2026-10-09T06:45:36.664354+00:00,nein,abfrage
SVI-BLK,36,1,espathra-ex,Espathra,1,4,3,1,54.17,gardevoir-ex-sv,Gardevoir,2,16.67,0,1,1,overall,2026-10-09T06:45:38.516786+00:00,nein,abfrage
SVI-BLK,36,1,espathra-ex,Espathra,1,4,3,1,54.17,flareon-noctowl,Flareon Noctowl,2,50.0,1,1,0,overall,2026-10-09T06:45:38.516786+00:00,nein,abfrage
SVI-BLK,36,1,espathra-ex,Espathra,1,4,3,1,54.17,charizard-pidgeot,Charizard Pidgeot,2,100.0,2,0,0,overall,2026-10-09T06:45:38.516786+00:00,nein,abfrage
SVI-BLK,36,1,espathra-ex,Espathra,1,4,3,1,54.17,raging-bolt-ogerpon,Raging Bolt Ogerpon,1,0.0,0,1,0,overall,2026-10-09T06:45:38.516786+00:00,nein,abfrage
SVI-BLK,36,1,espathra-ex,Espathra,1,4,3,1,54.17,other,Other,1,100.0,1,0,0,overall,2026-10-09T06:45:38.516786+00:00,nein,abfrage
SVI-BLK,36,1,ethan-typhlosion,Ethan's Typhlosion,48,161,177,82,44.84,dragapult-dusknoir,Dragapult Dusknoir,64,23.44,10,39,15,overall,2026-10-09T06:45:40.408539+00:00,nein,abfrage
SVI-BLK,36,1,ethan-typhlosion,Ethan's Typhlosion,48,161,177,82,44.84,raging-bolt-ogerpon,Raging Bolt Ogerpon,45,62.96,25,10,10,overall,2026-10-09T06:45:40.408539+00:00,nein,abfrage
SVI-BLK,36,1,ethan-typhlosion,Ethan's Typhlosion,48,161,177,82,44.84,gholdengo-ex,Gholdengo,38,77.19,28,6,4,overall,2026-10-09T06:45:40.408539+00:00,nein,abfrage
SVI-BLK,36,1,ethan-typhlosion,Ethan's Typhlosion,48,161,177,82,44.84,gardevoir-ex-sv,Gardevoir,35,29.52,7,18,10,overall,2026-10-09T06:45:40.408539+00:00,nein,abfrage
SVI-BLK,36,1,ethan-typhlosion,Ethan's Typhlosion,48,161,177,82,44.84,gholdengo-joltik-box,Gholdengo Joltik Box,35,47.62,14,13,8,overall,2026-10-09T06:45:40.408539+00:00,nein,abfrage
SVI-BLK,36,1,ethan-typhlosion,Ethan's Typhlosion,48,161,177,82,44.84,charizard-pidgeot,Charizard Pidgeot,27,25.93,6,18,3,overall,2026-10-09T06:45:40.408539+00:00,nein,abfrage
SVI-BLK,36,1,ethan-typhlosion,Ethan's Typhlosion,48,161,177,82,44.84,joltik-box,Joltik Box,19,59.65,11,7,1,overall,2026-10-09T06:45:40.408539+00:00,nein,abfrage
SVI-BLK,36,1,ethan-typhlosion,Ethan's Typhlosion,48,161,177,82,44.84,tera-box,Tera Box,19,36.84,6,10,3,overall,2026-10-09T06:45:40.408539+00:00,nein,abfrage
SVI-BLK,36,1,ethan-typhlosion,Ethan's Typhlosion,48,161,177,82,44.84,flareon-noctowl,Flareon Noctowl,14,52.38,6,4,4,overall,2026-10-09T06:45:40.408539+00:00,nein,abfrage
SVI-BLK,36,1,ethan-typhlosion,Ethan's Typhlosion,48,161,177,82,44.84,gardevoir-jellicent,Gardevoir Jellicent,13,43.59,5,6,2,overall,2026-10-09T06:45:40.408539+00:00,nein,abfrage
SVI-BLK,36,1,ethan-typhlosion,Ethan's Typhlosion,48,161,177,82,44.84,dragapult-ex,Dragapult,11,42.42,3,3,5,overall,2026-10-09T06:45:40.408539+00:00,nein,abfrage
SVI-BLK,36,1,ethan-typhlosion,Ethan's Typhlosion,48,161,177,82,44.84,grimmsnarl-froslass,Grimmsnarl Froslass,9,25.93,2,6,1,overall,2026-10-09T06:45:40.408539+00:00,nein,abfrage
SVI-BLK,36,1,ethan-typhlosion,Ethan's Typhlosion,48,161,177,82,44.84,ho-oh-armarouge,Ho-Oh Armarouge,9,59.26,5,3,1,overall,2026-10-09T06:45:40.408539+00:00,nein,abfrage
SVI-BLK,36,1,ethan-typhlosion,Ethan's Typhlosion,48,161,177,82,44.84,dragapult-charizard,Dragapult Charizard,7,42.86,2,2,3,overall,2026-10-09T06:45:40.408539+00:00,nein,abfrage
SVI-BLK,36,1,ethan-typhlosion,Ethan's Typhlosion,48,161,177,82,44.84,crustle-dri,Crustle,6,83.33,5,1,0,overall,2026-10-09T06:45:40.408539+00:00,nein,abfrage
SVI-BLK,36,1,ethan-typhlosion,Ethan's Typhlosion,48,161,177,82,44.84,n-zoroark,N's Zoroark,5,60.0,3,2,0,overall,2026-10-09T06:45:40.408539+00:00,nein,abfrage
SVI-BLK,36,1,ethan-typhlosion,Ethan's Typhlosion,48,161,177,82,44.84,conkeldurr-twm,Conkeldurr,4,8.33,0,3,1,overall,2026-10-09T06:45:40.408539+00:00,nein,abfrage
SVI-BLK,36,1,ethan-typhlosion,Ethan's Typhlosion,48,161,177,82,44.84,cynthia-garchomp-ex,Cynthia's Garchomp,4,25.0,1,3,0,overall,2026-10-09T06:45:40.408539+00:00,nein,abfrage
SVI-BLK,36,1,ethan-typhlosion,Ethan's Typhlosion,48,161,177,82,44.84,terapagos-noctowl,Terapagos Noctowl,3,66.67,2,1,0,overall,2026-10-09T06:45:40.408539+00:00,nein,abfrage
SVI-BLK,36,1,ethan-typhlosion,Ethan's Typhlosion,48,161,177,82,44.84,iron-hands-magneton,Iron Hands Magneton,3,100.0,3,0,0,overall,2026-10-09T06:45:40.408539+00:00,nein,abfrage
SVI-BLK,36,1,ethan-typhlosion,Ethan's Typhlosion,48,161,177,82,44.84,roaring-moon-dudunsparce,Roaring Moon Dudunsparce,3,0.0,0,3,0,overall,2026-10-09T06:45:40.408539+00:00,nein,abfrage
SVI-BLK,36,1,ethan-typhlosion,Ethan's Typhlosion,48,161,177,82,44.84,ceruledge-ex,Ceruledge,3,66.67,2,1,0,overall,2026-10-09T06:45:40.408539+00:00,nein,abfrage
SVI-BLK,36,1,ethan-typhlosion,Ethan's Typhlosion,48,161,177,82,44.84,roaring-moon-ex,Roaring Moon,3,11.11,0,2,1,overall,2026-10-09T06:45:40.408539+00:00,nein,abfrage
SVI-BLK,36,1,ethan-typhlosion,Ethan's Typhlosion,48,161,177,82,44.84,other,Other,3,33.33,1,2,0,overall,2026-10-09T06:45:40.408539+00:00,nein,abfrage
SVI-BLK,36,1,ethan-typhlosion,Ethan's Typhlosion,48,161,177,82,44.84,charizard-ex,Charizard,2,50.0,1,1,0,overall,2026-10-09T06:45:40.408539+00:00,nein,abfrage
SVI-BLK,36,1,ethan-typhlosion,Ethan's Typhlosion,48,161,177,82,44.84,toedscruel-ex,Toedscruel,2,100.0,2,0,0,overall,2026-10-09T06:45:40.408539+00:00,nein,abfrage
SVI-BLK,36,1,ethan-typhlosion,Ethan's Typhlosion,48,161,177,82,44.84,froslass-munkidori,Froslass Munkidori,2,0.0,0,2,0,overall,2026-10-09T06:45:40.408539+00:00,nein,abfrage
SVI-BLK,36,1,ethan-typhlosion,Ethan's Typhlosion,48,161,177,82,44.84,farigiraf-milotic,Farigiraf Milotic,2,100.0,2,0,0,overall,2026-10-09T06:45:40.408539+00:00,nein,abfrage
SVI-BLK,36,1,ethan-typhlosion,Ethan's Typhlosion,48,161,177,82,44.84,charizard-dragapult,Charizard Dragapult,2,16.67,0,1,1,overall,2026-10-09T06:45:40.408539+00:00,nein,abfrage
SVI-BLK,36,1,ethan-typhlosion,Ethan's Typhlosion,48,161,177,82,44.84,dragapult-blaziken,Dragapult Blaziken,2,16.67,0,1,1,overall,2026-10-09T06:45:40.408539+00:00,nein,abfrage
SVI-BLK,36,1,ethan-typhlosion,Ethan's Typhlosion,48,161,177,82,44.84,ethan-typhlosion,Ethan's Typhlosion,2,50.0,2,2,0,overall,2026-10-09T06:45:40.408539+00:00,ja,abfrage
SVI-BLK,36,1,ethan-typhlosion,Ethan's Typhlosion,48,161,177,82,44.84,poison-archaludon,Poison Archaludon,2,16.67,0,1,1,overall,2026-10-09T06:45:40.408539+00:00,nein,abfrage
SVI-BLK,36,1,ethan-typhlosion,Ethan's Typhlosion,48,161,177,82,44.84,chien-pao-noctowl,Chien-Pao Noctowl,2,16.67,0,1,1,overall,2026-10-09T06:45:40.408539+00:00,nein,abfrage
SVI-BLK,36,1,ethan-typhlosion,Ethan's Typhlosion,48,161,177,82,44.84,slaking-ex,Slaking,2,50.0,1,1,0,overall,2026-10-09T06:45:40.408539+00:00,nein,abfrage
SVI-BLK,36,1,ethan-typhlosion,Ethan's Typhlosion,48,161,177,82,44.84,slowking-scr,Slowking,2,50.0,1,1,0,overall,2026-10-09T06:45:40.408539+00:00,nein,abfrage
SVI-BLK,36,1,ethan-typhlosion,Ethan's Typhlosion,48,161,177,82,44.84,greninja-ex,Greninja,1,100.0,1,0,0,overall,2026-10-09T06:45:40.408539+00:00,nein,abfrage
SVI-BLK,36,1,ethan-typhlosion,Ethan's Typhlosion,48,161,177,82,44.84,dragapult-iron-thorns,Dragapult Iron Thorns,1,0.0,0,1,0,overall,2026-10-09T06:45:40.408539+00:00,nein,abfrage
SVI-BLK,36,1,ethan-typhlosion,Ethan's Typhlosion,48,161,177,82,44.84,rocket-spidops,Rocket's Spidops,1,33.33,0,0,1,overall,2026-10-09T06:45:40.408539+00:00,nein,abfrage
SVI-BLK,36,1,ethan-typhlosion,Ethan's Typhlosion,48,161,177,82,44.84,flareon-ex,Flareon,1,33.33,0,0,1,overall,2026-10-09T06:45:40.408539+00:00,nein,abfrage
SVI-BLK,36,1,ethan-typhlosion,Ethan's Typhlosion,48,161,177,82,44.84,mamoswine-ex,Mamoswine,1,33.33,0,0,1,overall,2026-10-09T06:45:40.408539+00:00,nein,abfrage
SVI-BLK,36,1,ethan-typhlosion,Ethan's Typhlosion,48,161,177,82,44.84,charizard-noctowl,Charizard Noctowl,1,100.0,1,0,0,overall,2026-10-09T06:45:40.408539+00:00,nein,abfrage
SVI-BLK,36,1,ethan-typhlosion,Ethan's Typhlosion,48,161,177,82,44.84,okidogi-twm,Okidogi,1,33.33,0,0,1,overall,2026-10-09T06:45:40.408539+00:00,nein,abfrage
SVI-BLK,36,1,ethan-typhlosion,Ethan's Typhlosion,48,161,177,82,44.84,blissey-ex,Blissey,1,100.0,1,0,0,overall,2026-10-09T06:45:40.408539+00:00,nein,abfrage
SVI-BLK,36,1,ethan-typhlosion,Ethan's Typhlosion,48,161,177,82,44.84,wugtrio-svi,Wugtrio Mill,1,33.33,0,0,1,overall,2026-10-09T06:45:40.408539+00:00,nein,abfrage
SVI-BLK,36,1,ethan-typhlosion,Ethan's Typhlosion,48,161,177,82,44.84,pidgeot-control,Pidgeot Control,1,100.0,1,0,0,overall,2026-10-09T06:45:40.408539+00:00,nein,abfrage
SVI-BLK,36,1,ethan-typhlosion,Ethan's Typhlosion,48,161,177,82,44.84,ogerpon-ex,Ogerpon,1,33.33,0,0,1,overall,2026-10-09T06:45:40.408539+00:00,nein,abfrage
SVI-BLK,36,1,farigiraf-ex,Farigiraf,1,1,4,3,25.0,grimmsnarl-froslass,Grimmsnarl Froslass,3,22.22,0,1,2,overall,2026-10-09T06:45:42.275574+00:00,nein,abfrage
SVI-BLK,36,1,farigiraf-ex,Farigiraf,1,1,4,3,25.0,gholdengo-joltik-box,Gholdengo Joltik Box,1,0.0,0,1,0,overall,2026-10-09T06:45:42.275574+00:00,nein,abfrage
SVI-BLK,36,1,farigiraf-ex,Farigiraf,1,1,4,3,25.0,dragapult-charizard,Dragapult Charizard,1,0.0,0,1,0,overall,2026-10-09T06:45:42.275574+00:00,nein,abfrage
SVI-BLK,36,1,farigiraf-ex,Farigiraf,1,1,4,3,25.0,gholdengo-ex,Gholdengo,1,33.33,0,0,1,overall,2026-10-09T06:45:42.275574+00:00,nein,abfrage
SVI-BLK,36,1,farigiraf-ex,Farigiraf,1,1,4,3,25.0,raging-bolt-ogerpon,Raging Bolt Ogerpon,1,100.0,1,0,0,overall,2026-10-09T06:45:42.275574+00:00,nein,abfrage
SVI-BLK,36,1,farigiraf-ex,Farigiraf,1,1,4,3,25.0,azumarill-ssp,Azumarill,1,0.0,0,1,0,overall,2026-10-09T06:45:42.275574+00:00,nein,abfrage
SVI-BLK,36,1,farigiraf-milotic,Farigiraf Milotic,12,49,44,16,49.85,dragapult-dusknoir,Dragapult Dusknoir,21,44.44,8,9,4,overall,2026-10-09T06:45:44.153654+00:00,nein,abfrage
SVI-BLK,36,1,farigiraf-milotic,Farigiraf Milotic,12,49,44,16,49.85,raging-bolt-ogerpon,Raging Bolt Ogerpon,15,48.89,7,7,1,overall,2026-10-09T06:45:44.153654+00:00,nein,abfrage
SVI-BLK,36,1,farigiraf-milotic,Farigiraf Milotic,12,49,44,16,49.85,gholdengo-ex,Gholdengo,9,70.37,6,2,1,overall,2026-10-09T06:45:44.153654+00:00,nein,abfrage
SVI-BLK,36,1,farigiraf-milotic,Farigiraf Milotic,12,49,44,16,49.85,gardevoir-ex-sv,Gardevoir,8,37.5,2,3,3,overall,2026-10-09T06:45:44.153654+00:00,nein,abfrage
SVI-BLK,36,1,farigiraf-milotic,Farigiraf Milotic,12,49,44,16,49.85,charizard-pidgeot,Charizard Pidgeot,8,45.83,3,3,2,overall,2026-10-09T06:45:44.153654+00:00,nein,abfrage
SVI-BLK,36,1,farigiraf-milotic,Farigiraf Milotic,12,49,44,16,49.85,gholdengo-joltik-box,Gholdengo Joltik Box,8,54.17,4,3,1,overall,2026-10-09T06:45:44.153654+00:00,nein,abfrage
SVI-BLK,36,1,farigiraf-milotic,Farigiraf Milotic,12,49,44,16,49.85,flareon-noctowl,Flareon Noctowl,6,66.67,4,2,0,overall,2026-10-09T06:45:44.153654+00:00,nein,abfrage
SVI-BLK,36,1,farigiraf-milotic,Farigiraf Milotic,12,49,44,16,49.85,dragapult-ex,Dragapult,3,44.44,1,1,1,overall,2026-10-09T06:45:44.153654+00:00,nein,abfrage
SVI-BLK,36,1,farigiraf-milotic,Farigiraf Milotic,12,49,44,16,49.85,joltik-box,Joltik Box,3,33.33,1,2,0,overall,2026-10-09T06:45:44.153654+00:00,nein,abfrage
SVI-BLK,36,1,farigiraf-milotic,Farigiraf Milotic,12,49,44,16,49.85,ho-oh-armarouge,Ho-Oh Armarouge,3,66.67,2,1,0,overall,2026-10-09T06:45:44.153654+00:00,nein,abfrage
SVI-BLK,36,1,farigiraf-milotic,Farigiraf Milotic,12,49,44,16,49.85,gardevoir-jellicent,Gardevoir Jellicent,2,0.0,0,2,0,overall,2026-10-09T06:45:44.153654+00:00,nein,abfrage
SVI-BLK,36,1,farigiraf-milotic,Farigiraf Milotic,12,49,44,16,49.85,ethan-typhlosion,Ethan's Typhlosion,2,0.0,0,2,0,overall,2026-10-09T06:45:44.153654+00:00,nein,abfrage
SVI-BLK,36,1,farigiraf-milotic,Farigiraf Milotic,12,49,44,16,49.85,n-zoroark,N's Zoroark,2,100.0,2,0,0,overall,2026-10-09T06:45:44.153654+00:00,nein,abfrage
SVI-BLK,36,1,farigiraf-milotic,Farigiraf Milotic,12,49,44,16,49.85,dragapult-charizard,Dragapult Charizard,2,66.67,1,0,1,overall,2026-10-09T06:45:44.153654+00:00,nein,abfrage
SVI-BLK,36,1,farigiraf-milotic,Farigiraf Milotic,12,49,44,16,49.85,tera-box,Tera Box,2,50.0,1,1,0,overall,2026-10-09T06:45:44.153654+00:00,nein,abfrage
SVI-BLK,36,1,farigiraf-milotic,Farigiraf Milotic,12,49,44,16,49.85,hydreigon-ex,Hydreigon,1,100.0,1,0,0,overall,2026-10-09T06:45:44.153654+00:00,nein,abfrage
SVI-BLK,36,1,farigiraf-milotic,Farigiraf Milotic,12,49,44,16,49.85,clefairy-ogerpon,Clefairy Ogerpon,1,100.0,1,0,0,overall,2026-10-09T06:45:44.153654+00:00,nein,abfrage
SVI-BLK,36,1,farigiraf-milotic,Farigiraf Milotic,12,49,44,16,49.85,charizard-dusknoir,Charizard Dusknoir,1,100.0,1,0,0,overall,2026-10-09T06:45:44.153654+00:00,nein,abfrage
SVI-BLK,36,1,farigiraf-milotic,Farigiraf Milotic,12,49,44,16,49.85,roaring-moon-ex,Roaring Moon,1,0.0,0,1,0,overall,2026-10-09T06:45:44.153654+00:00,nein,abfrage
SVI-BLK,36,1,farigiraf-milotic,Farigiraf Milotic,12,49,44,16,49.85,cynthia-garchomp-ex,Cynthia's Garchomp,1,0.0,0,1,0,overall,2026-10-09T06:45:44.153654+00:00,nein,abfrage
SVI-BLK,36,1,farigiraf-milotic,Farigiraf Milotic,12,49,44,16,49.85,conkeldurr-twm,Conkeldurr,1,0.0,0,1,0,overall,2026-10-09T06:45:44.153654+00:00,nein,abfrage
SVI-BLK,36,1,farigiraf-milotic,Farigiraf Milotic,12,49,44,16,49.85,pidgeot-control,Pidgeot Control,1,0.0,0,1,0,overall,2026-10-09T06:45:44.153654+00:00,nein,abfrage
SVI-BLK,36,1,farigiraf-milotic,Farigiraf Milotic,12,49,44,16,49.85,rocket-spidops,Rocket's Spidops,1,0.0,0,1,0,overall,2026-10-09T06:45:44.153654+00:00,nein,abfrage
SVI-BLK,36,1,farigiraf-milotic,Farigiraf Milotic,12,49,44,16,49.85,miraidon-ex,Miraidon,1,100.0,1,0,0,overall,2026-10-09T06:45:44.153654+00:00,nein,abfrage
SVI-BLK,36,1,farigiraf-milotic,Farigiraf Milotic,12,49,44,16,49.85,mamoswine-ex,Mamoswine,1,100.0,1,0,0,overall,2026-10-09T06:45:44.153654+00:00,nein,abfrage
SVI-BLK,36,1,farigiraf-milotic,Farigiraf Milotic,12,49,44,16,49.85,greninja-ex,Greninja,1,0.0,0,1,0,overall,2026-10-09T06:45:44.153654+00:00,nein,abfrage
SVI-BLK,36,1,farigiraf-milotic,Farigiraf Milotic,12,49,44,16,49.85,iron-hands-magneton,Iron Hands Magneton,1,100.0,1,0,0,overall,2026-10-09T06:45:44.153654+00:00,nein,abfrage
SVI-BLK,36,1,farigiraf-milotic,Farigiraf Milotic,12,49,44,16,49.85,farigiraf-milotic,Farigiraf Milotic,1,33.33,0,0,2,overall,2026-10-09T06:45:44.153654+00:00,ja,abfrage
SVI-BLK,36,1,farigiraf-milotic,Farigiraf Milotic,12,49,44,16,49.85,miraidon-eelektrik,Miraidon Eelektrik,1,100.0,1,0,0,overall,2026-10-09T06:45:44.153654+00:00,nein,abfrage
SVI-BLK,36,1,feraligatr-tef,Feraligatr,1,1,3,1,26.67,grimmsnarl-froslass,Grimmsnarl Froslass,2,16.67,0,1,1,overall,2026-10-09T06:45:46.024096+00:00,nein,abfrage
SVI-BLK,36,1,feraligatr-tef,Feraligatr,1,1,3,1,26.67,slowking-scr,Slowking,1,100.0,1,0,0,overall,2026-10-09T06:45:46.024096+00:00,nein,abfrage
SVI-BLK,36,1,feraligatr-tef,Feraligatr,1,1,3,1,26.67,gholdengo-ex,Gholdengo,1,0.0,0,1,0,overall,2026-10-09T06:45:46.024096+00:00,nein,abfrage
SVI-BLK,36,1,feraligatr-tef,Feraligatr,1,1,3,1,26.67,conkeldurr-twm,Conkeldurr,1,0.0,0,1,0,overall,2026-10-09T06:45:46.024096+00:00,nein,abfrage
SVI-BLK,36,1,festival-lead,Festival Lead,2,5,8,3,37.5,ho-oh-armarouge,Ho-Oh Armarouge,3,77.78,2,0,1,overall,2026-10-09T06:45:47.887000+00:00,nein,abfrage
SVI-BLK,36,1,festival-lead,Festival Lead,2,5,8,3,37.5,gholdengo-ex,Gholdengo,3,11.11,0,2,1,overall,2026-10-09T06:45:47.887000+00:00,nein,abfrage
SVI-BLK,36,1,festival-lead,Festival Lead,2,5,8,3,37.5,gardevoir-ex-sv,Gardevoir,2,16.67,0,1,1,overall,2026-10-09T06:45:47.887000+00:00,nein,abfrage
SVI-BLK,36,1,festival-lead,Festival Lead,2,5,8,3,37.5,dragapult-ex,Dragapult,2,50.0,1,1,0,overall,2026-10-09T06:45:47.887000+00:00,nein,abfrage
SVI-BLK,36,1,festival-lead,Festival Lead,2,5,8,3,37.5,gholdengo-joltik-box,Gholdengo Joltik Box,1,0.0,0,1,0,overall,2026-10-09T06:45:47.887000+00:00,nein,abfrage
SVI-BLK,36,1,festival-lead,Festival Lead,2,5,8,3,37.5,flareon-noctowl,Flareon Noctowl,1,0.0,0,1,0,overall,2026-10-09T06:45:47.887000+00:00,nein,abfrage
SVI-BLK,36,1,festival-lead,Festival Lead,2,5,8,3,37.5,raging-bolt-ogerpon,Raging Bolt Ogerpon,1,100.0,1,0,0,overall,2026-10-09T06:45:47.887000+00:00,nein,abfrage
SVI-BLK,36,1,festival-lead,Festival Lead,2,5,8,3,37.5,dragapult-dusknoir,Dragapult Dusknoir,1,0.0,0,1,0,overall,2026-10-09T06:45:47.887000+00:00,nein,abfrage
SVI-BLK,36,1,festival-lead,Festival Lead,2,5,8,3,37.5,conkeldurr-twm,Conkeldurr,1,0.0,0,1,0,overall,2026-10-09T06:45:47.887000+00:00,nein,abfrage
SVI-BLK,36,1,festival-lead,Festival Lead,2,5,8,3,37.5,charizard-pidgeot,Charizard Pidgeot,1,100.0,1,0,0,overall,2026-10-09T06:45:47.887000+00:00,nein,abfrage
SVI-BLK,36,1,flareon-ex,Flareon,3,4,13,2,24.56,dragapult-dusknoir,Dragapult Dusknoir,4,0.0,0,4,0,overall,2026-10-09T06:45:49.757884+00:00,nein,abfrage
SVI-BLK,36,1,flareon-ex,Flareon,3,4,13,2,24.56,grimmsnarl-froslass,Grimmsnarl Froslass,3,0.0,0,3,0,overall,2026-10-09T06:45:49.757884+00:00,nein,abfrage
SVI-BLK,36,1,flareon-ex,Flareon,3,4,13,2,24.56,iron-hands-magneton,Iron Hands Magneton,2,0.0,0,2,0,overall,2026-10-09T06:45:49.757884+00:00,nein,abfrage
SVI-BLK,36,1,flareon-ex,Flareon,3,4,13,2,24.56,gholdengo-joltik-box,Gholdengo Joltik Box,2,16.67,0,1,1,overall,2026-10-09T06:45:49.757884+00:00,nein,abfrage
SVI-BLK,36,1,flareon-ex,Flareon,3,4,13,2,24.56,dragapult-ex,Dragapult,2,50.0,1,1,0,overall,2026-10-09T06:45:49.757884+00:00,nein,abfrage
SVI-BLK,36,1,flareon-ex,Flareon,3,4,13,2,24.56,charizard-pidgeot,Charizard Pidgeot,1,0.0,0,1,0,overall,2026-10-09T06:45:49.757884+00:00,nein,abfrage
SVI-BLK,36,1,flareon-ex,Flareon,3,4,13,2,24.56,gholdengo-ex,Gholdengo,1,100.0,1,0,0,overall,2026-10-09T06:45:49.757884+00:00,nein,abfrage
SVI-BLK,36,1,flareon-ex,Flareon,3,4,13,2,24.56,n-zoroark,N's Zoroark,1,100.0,1,0,0,overall,2026-10-09T06:45:49.757884+00:00,nein,abfrage
SVI-BLK,36,1,flareon-ex,Flareon,3,4,13,2,24.56,ethan-typhlosion,Ethan's Typhlosion,1,33.33,0,0,1,overall,2026-10-09T06:45:49.757884+00:00,nein,abfrage
SVI-BLK,36,1,flareon-ex,Flareon,3,4,13,2,24.56,dragapult-charizard,Dragapult Charizard,1,100.0,1,0,0,overall,2026-10-09T06:45:49.757884+00:00,nein,abfrage
SVI-BLK,36,1,flareon-ex,Flareon,3,4,13,2,24.56,rocket-spidops,Rocket's Spidops,1,0.0,0,1,0,overall,2026-10-09T06:45:49.757884+00:00,nein,abfrage
SVI-BLK,36,1,flareon-noctowl,Flareon Noctowl,83,322,299,111,49.04,dragapult-dusknoir,Dragapult Dusknoir,103,42.72,39,49,15,overall,2026-10-09T06:45:51.631413+00:00,nein,abfrage
SVI-BLK,36,1,flareon-noctowl,Flareon Noctowl,83,322,299,111,49.04,gholdengo-ex,Gholdengo,82,65.45,50,21,11,overall,2026-10-09T06:45:51.631413+00:00,nein,abfrage
SVI-BLK,36,1,flareon-noctowl,Flareon Noctowl,83,322,299,111,49.04,raging-bolt-ogerpon,Raging Bolt Ogerpon,78,51.71,35,27,16,overall,2026-10-09T06:45:51.631413+00:00,nein,abfrage
SVI-BLK,36,1,flareon-noctowl,Flareon Noctowl,83,322,299,111,49.04,gholdengo-joltik-box,Gholdengo Joltik Box,55,55.76,29,21,5,overall,2026-10-09T06:45:51.631413+00:00,nein,abfrage
SVI-BLK,36,1,flareon-noctowl,Flareon Noctowl,83,322,299,111,49.04,gardevoir-ex-sv,Gardevoir,50,48.0,21,20,9,overall,2026-10-09T06:45:51.631413+00:00,nein,abfrage
SVI-BLK,36,1,flareon-noctowl,Flareon Noctowl,83,322,299,111,49.04,tera-box,Tera Box,42,49.21,19,18,5,overall,2026-10-09T06:45:51.631413+00:00,nein,abfrage
SVI-BLK,36,1,flareon-noctowl,Flareon Noctowl,83,322,299,111,49.04,charizard-pidgeot,Charizard Pidgeot,39,30.77,10,23,6,overall,2026-10-09T06:45:51.631413+00:00,nein,abfrage
SVI-BLK,36,1,flareon-noctowl,Flareon Noctowl,83,322,299,111,49.04,dragapult-ex,Dragapult,30,35.56,9,16,5,overall,2026-10-09T06:45:51.631413+00:00,nein,abfrage
SVI-BLK,36,1,flareon-noctowl,Flareon Noctowl,83,322,299,111,49.04,grimmsnarl-froslass,Grimmsnarl Froslass,30,66.67,18,6,6,overall,2026-10-09T06:45:51.631413+00:00,nein,abfrage
SVI-BLK,36,1,flareon-noctowl,Flareon Noctowl,83,322,299,111,49.04,joltik-box,Joltik Box,28,41.67,10,13,5,overall,2026-10-09T06:45:51.631413+00:00,nein,abfrage
SVI-BLK,36,1,flareon-noctowl,Flareon Noctowl,83,322,299,111,49.04,crustle-dri,Crustle,19,21.05,3,13,3,overall,2026-10-09T06:45:51.631413+00:00,nein,abfrage
SVI-BLK,36,1,flareon-noctowl,Flareon Noctowl,83,322,299,111,49.04,gardevoir-jellicent,Gardevoir Jellicent,15,48.89,6,5,4,overall,2026-10-09T06:45:51.631413+00:00,nein,abfrage
SVI-BLK,36,1,flareon-noctowl,Flareon Noctowl,83,322,299,111,49.04,ho-oh-armarouge,Ho-Oh Armarouge,15,33.33,5,10,0,overall,2026-10-09T06:45:51.631413+00:00,nein,abfrage
SVI-BLK,36,1,flareon-noctowl,Flareon Noctowl,83,322,299,111,49.04,dragapult-charizard,Dragapult Charizard,15,42.22,6,8,1,overall,2026-10-09T06:45:51.631413+00:00,nein,abfrage
SVI-BLK,36,1,flareon-noctowl,Flareon Noctowl,83,322,299,111,49.04,ethan-typhlosion,Ethan's Typhlosion,14,38.1,4,6,4,overall,2026-10-09T06:45:51.631413+00:00,nein,abfrage
SVI-BLK,36,1,flareon-noctowl,Flareon Noctowl,83,322,299,111,49.04,ceruledge-ex,Ceruledge,11,54.55,6,5,0,overall,2026-10-09T06:45:51.631413+00:00,nein,abfrage
SVI-BLK,36,1,flareon-noctowl,Flareon Noctowl,83,322,299,111,49.04,flareon-noctowl,Flareon Noctowl,10,46.67,8,8,4,overall,2026-10-09T06:45:51.631413+00:00,ja,abfrage
SVI-BLK,36,1,flareon-noctowl,Flareon Noctowl,83,322,299,111,49.04,n-zoroark,N's Zoroark,8,62.5,5,3,0,overall,2026-10-09T06:45:51.631413+00:00,nein,abfrage
SVI-BLK,36,1,flareon-noctowl,Flareon Noctowl,83,322,299,111,49.04,farigiraf-milotic,Farigiraf Milotic,6,33.33,2,4,0,overall,2026-10-09T06:45:51.631413+00:00,nein,abfrage
SVI-BLK,36,1,flareon-noctowl,Flareon Noctowl,83,322,299,111,49.04,other,Other,5,86.67,4,0,1,overall,2026-10-09T06:45:51.631413+00:00,nein,abfrage
SVI-BLK,36,1,flareon-noctowl,Flareon Noctowl,83,322,299,111,49.04,conkeldurr-twm,Conkeldurr,5,26.67,1,3,1,overall,2026-10-09T06:45:51.631413+00:00,nein,abfrage
SVI-BLK,36,1,flareon-noctowl,Flareon Noctowl,83,322,299,111,49.04,ogerpon-ex,Ogerpon,5,40.0,2,3,0,overall,2026-10-09T06:45:51.631413+00:00,nein,abfrage
SVI-BLK,36,1,flareon-noctowl,Flareon Noctowl,83,322,299,111,49.04,cynthia-garchomp-ex,Cynthia's Garchomp,4,75.0,3,1,0,overall,2026-10-09T06:45:51.631413+00:00,nein,abfrage
SVI-BLK,36,1,flareon-noctowl,Flareon Noctowl,83,322,299,111,49.04,roaring-moon-ex,Roaring Moon,3,33.33,1,2,0,overall,2026-10-09T06:45:51.631413+00:00,nein,abfrage
SVI-BLK,36,1,flareon-noctowl,Flareon Noctowl,83,322,299,111,49.04,slowking-scr,Slowking,3,44.44,1,1,1,overall,2026-10-09T06:45:51.631413+00:00,nein,abfrage
SVI-BLK,36,1,flareon-noctowl,Flareon Noctowl,83,322,299,111,49.04,slaking-ex,Slaking,3,33.33,1,2,0,overall,2026-10-09T06:45:51.631413+00:00,nein,abfrage
SVI-BLK,36,1,flareon-noctowl,Flareon Noctowl,83,322,299,111,49.04,poison-archaludon,Poison Archaludon,3,77.78,2,0,1,overall,2026-10-09T06:45:51.631413+00:00,nein,abfrage
SVI-BLK,36,1,flareon-noctowl,Flareon Noctowl,83,322,299,111,49.04,iron-hands-magneton,Iron Hands Magneton,3,66.67,2,1,0,overall,2026-10-09T06:45:51.631413+00:00,nein,abfrage
SVI-BLK,36,1,flareon-noctowl,Flareon Noctowl,83,322,299,111,49.04,miraidon-eelektrik,Miraidon Eelektrik,3,77.78,2,0,1,overall,2026-10-09T06:45:51.631413+00:00,nein,abfrage
SVI-BLK,36,1,flareon-noctowl,Flareon Noctowl,83,322,299,111,49.04,hydreigon-ex,Hydreigon,3,100.0,3,0,0,overall,2026-10-09T06:45:51.631413+00:00,nein,abfrage
SVI-BLK,36,1,flareon-noctowl,Flareon Noctowl,83,322,299,111,49.04,rocket-mewtwo-ex,Rocket's Mewtwo,2,50.0,1,1,0,overall,2026-10-09T06:45:51.631413+00:00,nein,abfrage
SVI-BLK,36,1,flareon-noctowl,Flareon Noctowl,83,322,299,111,49.04,pidgeot-control,Pidgeot Control,2,16.67,0,1,1,overall,2026-10-09T06:45:51.631413+00:00,nein,abfrage
SVI-BLK,36,1,flareon-noctowl,Flareon Noctowl,83,322,299,111,49.04,greninja-ex,Greninja,2,100.0,2,0,0,overall,2026-10-09T06:45:51.631413+00:00,nein,abfrage
SVI-BLK,36,1,flareon-noctowl,Flareon Noctowl,83,322,299,111,49.04,charizard-dragapult,Charizard Dragapult,2,16.67,0,1,1,overall,2026-10-09T06:45:51.631413+00:00,nein,abfrage
SVI-BLK,36,1,flareon-noctowl,Flareon Noctowl,83,322,299,111,49.04,espathra-ex,Espathra,2,50.0,1,1,0,overall,2026-10-09T06:45:51.631413+00:00,nein,abfrage
SVI-BLK,36,1,flareon-noctowl,Flareon Noctowl,83,322,299,111,49.04,chien-pao-noctowl,Chien-Pao Noctowl,2,50.0,1,1,0,overall,2026-10-09T06:45:51.631413+00:00,nein,abfrage
SVI-BLK,36,1,flareon-noctowl,Flareon Noctowl,83,322,299,111,49.04,froslass-munkidori,Froslass Munkidori,2,50.0,1,1,0,overall,2026-10-09T06:45:51.631413+00:00,nein,abfrage
SVI-BLK,36,1,flareon-noctowl,Flareon Noctowl,83,322,299,111,49.04,milotic-ex,Milotic,1,33.33,0,0,1,overall,2026-10-09T06:45:51.631413+00:00,nein,abfrage
SVI-BLK,36,1,flareon-noctowl,Flareon Noctowl,83,322,299,111,49.04,reging-bolt-bellibolt,Raging Bolt Bellibolt,1,100.0,1,0,0,overall,2026-10-09T06:45:51.631413+00:00,nein,abfrage
SVI-BLK,36,1,flareon-noctowl,Flareon Noctowl,83,322,299,111,49.04,festival-lead,Festival Lead,1,100.0,1,0,0,overall,2026-10-09T06:45:51.631413+00:00,nein,abfrage
SVI-BLK,36,1,flareon-noctowl,Flareon Noctowl,83,322,299,111,49.04,hop-zacian,Hop's Zacian,1,33.33,0,0,1,overall,2026-10-09T06:45:51.631413+00:00,nein,abfrage
SVI-BLK,36,1,flareon-noctowl,Flareon Noctowl,83,322,299,111,49.04,dudunsparce-control,Dudunsparce Control,1,33.33,0,0,1,overall,2026-10-09T06:45:51.631413+00:00,nein,abfrage
SVI-BLK,36,1,flareon-noctowl,Flareon Noctowl,83,322,299,111,49.04,iron-thorns-ex,Iron Thorns,1,0.0,0,1,0,overall,2026-10-09T06:45:51.631413+00:00,nein,abfrage
SVI-BLK,36,1,flareon-noctowl,Flareon Noctowl,83,322,299,111,49.04,blissey-ex,Blissey,1,100.0,1,0,0,overall,2026-10-09T06:45:51.631413+00:00,nein,abfrage
SVI-BLK,36,1,flareon-noctowl,Flareon Noctowl,83,322,299,111,49.04,okidogi-ex,Okidogi,1,33.33,0,0,1,overall,2026-10-09T06:45:51.631413+00:00,nein,abfrage
SVI-BLK,36,1,flareon-noctowl,Flareon Noctowl,83,322,299,111,49.04,gholdengo-dragapult,Gholdengo Dragapult,1,0.0,0,1,0,overall,2026-10-09T06:45:51.631413+00:00,nein,abfrage
SVI-BLK,36,1,flareon-noctowl,Flareon Noctowl,83,322,299,111,49.04,charizard-ex,Charizard,1,100.0,1,0,0,overall,2026-10-09T06:45:51.631413+00:00,nein,abfrage
SVI-BLK,36,1,flareon-noctowl,Flareon Noctowl,83,322,299,111,49.04,yanmega-ex,Yanmega,1,0.0,0,1,0,overall,2026-10-09T06:45:51.631413+00:00,nein,abfrage
SVI-BLK,36,1,flareon-noctowl,Flareon Noctowl,83,322,299,111,49.04,chien-pao-baxcalibur,Chien-Pao Baxcalibur,1,100.0,1,0,0,overall,2026-10-09T06:45:51.631413+00:00,nein,abfrage
SVI-BLK,36,1,flareon-noctowl,Flareon Noctowl,83,322,299,111,49.04,dragapult-zoroark,Dragapult Zoroark,1,100.0,1,0,0,overall,2026-10-09T06:45:51.631413+00:00,nein,abfrage
SVI-BLK,36,1,flareon-noctowl,Flareon Noctowl,83,322,299,111,49.04,blaziken-zoroark,Blaziken Zoroark,1,100.0,1,0,0,overall,2026-10-09T06:45:51.631413+00:00,nein,abfrage
SVI-BLK,36,1,flareon-noctowl,Flareon Noctowl,83,322,299,111,49.04,scovillain-ex,Scovillain,1,100.0,1,0,0,overall,2026-10-09T06:45:51.631413+00:00,nein,abfrage
SVI-BLK,36,1,flareon-noctowl,Flareon Noctowl,83,322,299,111,49.04,charizard-noctowl,Charizard Noctowl,1,0.0,0,1,0,overall,2026-10-09T06:45:51.631413+00:00,nein,abfrage
SVI-BLK,36,1,flareon-noctowl,Flareon Noctowl,83,322,299,111,49.04,dragapult-iron-thorns,Dragapult Iron Thorns,1,33.33,0,0,1,overall,2026-10-09T06:45:51.631413+00:00,nein,abfrage
SVI-BLK,36,1,flareon-noctowl,Flareon Noctowl,83,322,299,111,49.04,okidogi-twm,Okidogi,1,100.0,1,0,0,overall,2026-10-09T06:45:51.631413+00:00,nein,abfrage
SVI-BLK,36,1,froslass-munkidori,Froslass Munkidori,10,39,32,15,51.16,raging-bolt-ogerpon,Raging Bolt Ogerpon,12,75.0,8,1,3,overall,2026-10-09T06:45:53.498866+00:00,nein,abfrage
SVI-BLK,36,1,froslass-munkidori,Froslass Munkidori,10,39,32,15,51.16,gardevoir-ex-sv,Gardevoir,12,22.22,2,8,2,overall,2026-10-09T06:45:53.498866+00:00,nein,abfrage
SVI-BLK,36,1,froslass-munkidori,Froslass Munkidori,10,39,32,15,51.16,charizard-pidgeot,Charizard Pidgeot,11,66.67,7,3,1,overall,2026-10-09T06:45:53.498866+00:00,nein,abfrage
SVI-BLK,36,1,froslass-munkidori,Froslass Munkidori,10,39,32,15,51.16,dragapult-dusknoir,Dragapult Dusknoir,9,51.85,4,3,2,overall,2026-10-09T06:45:53.498866+00:00,nein,abfrage
SVI-BLK,36,1,froslass-munkidori,Froslass Munkidori,10,39,32,15,51.16,gholdengo-ex,Gholdengo,8,70.83,5,1,2,overall,2026-10-09T06:45:53.498866+00:00,nein,abfrage
SVI-BLK,36,1,froslass-munkidori,Froslass Munkidori,10,39,32,15,51.16,tera-box,Tera Box,6,38.89,2,3,1,overall,2026-10-09T06:45:53.498866+00:00,nein,abfrage
SVI-BLK,36,1,froslass-munkidori,Froslass Munkidori,10,39,32,15,51.16,grimmsnarl-froslass,Grimmsnarl Froslass,4,58.33,2,1,1,overall,2026-10-09T06:45:53.498866+00:00,nein,abfrage
SVI-BLK,36,1,froslass-munkidori,Froslass Munkidori,10,39,32,15,51.16,gholdengo-joltik-box,Gholdengo Joltik Box,3,66.67,2,1,0,overall,2026-10-09T06:45:53.498866+00:00,nein,abfrage
SVI-BLK,36,1,froslass-munkidori,Froslass Munkidori,10,39,32,15,51.16,joltik-box,Joltik Box,3,0.0,0,3,0,overall,2026-10-09T06:45:53.498866+00:00,nein,abfrage
SVI-BLK,36,1,froslass-munkidori,Froslass Munkidori,10,39,32,15,51.16,ceruledge-ex,Ceruledge,2,0.0,0,2,0,overall,2026-10-09T06:45:53.498866+00:00,nein,abfrage
SVI-BLK,36,1,froslass-munkidori,Froslass Munkidori,10,39,32,15,51.16,ethan-typhlosion,Ethan's Typhlosion,2,100.0,2,0,0,overall,2026-10-09T06:45:53.498866+00:00,nein,abfrage
SVI-BLK,36,1,froslass-munkidori,Froslass Munkidori,10,39,32,15,51.16,conkeldurr-twm,Conkeldurr,2,66.67,1,0,1,overall,2026-10-09T06:45:53.498866+00:00,nein,abfrage
SVI-BLK,36,1,froslass-munkidori,Froslass Munkidori,10,39,32,15,51.16,gardevoir-jellicent,Gardevoir Jellicent,2,50.0,1,1,0,overall,2026-10-09T06:45:53.498866+00:00,nein,abfrage
SVI-BLK,36,1,froslass-munkidori,Froslass Munkidori,10,39,32,15,51.16,other,Other,2,50.0,1,1,0,overall,2026-10-09T06:45:53.498866+00:00,nein,abfrage
SVI-BLK,36,1,froslass-munkidori,Froslass Munkidori,10,39,32,15,51.16,flareon-noctowl,Flareon Noctowl,2,50.0,1,1,0,overall,2026-10-09T06:45:53.498866+00:00,nein,abfrage
SVI-BLK,36,1,froslass-munkidori,Froslass Munkidori,10,39,32,15,51.16,gouging-fire-ex,Gouging Fire,1,33.33,0,0,1,overall,2026-10-09T06:45:53.498866+00:00,nein,abfrage
SVI-BLK,36,1,froslass-munkidori,Froslass Munkidori,10,39,32,15,51.16,miraidon-eelektrik,Miraidon Eelektrik,1,0.0,0,1,0,overall,2026-10-09T06:45:53.498866+00:00,nein,abfrage
SVI-BLK,36,1,froslass-munkidori,Froslass Munkidori,10,39,32,15,51.16,ho-oh-armarouge,Ho-Oh Armarouge,1,33.33,0,0,1,overall,2026-10-09T06:45:53.498866+00:00,nein,abfrage
SVI-BLK,36,1,froslass-munkidori,Froslass Munkidori,10,39,32,15,51.16,dragapult-iron-thorns,Dragapult Iron Thorns,1,100.0,1,0,0,overall,2026-10-09T06:45:53.498866+00:00,nein,abfrage
SVI-BLK,36,1,froslass-munkidori,Froslass Munkidori,10,39,32,15,51.16,dragapult-ex,Dragapult,1,0.0,0,1,0,overall,2026-10-09T06:45:53.498866+00:00,nein,abfrage
SVI-BLK,36,1,froslass-munkidori,Froslass Munkidori,10,39,32,15,51.16,dragapult-blaziken,Dragapult Blaziken,1,0.0,0,1,0,overall,2026-10-09T06:45:53.498866+00:00,nein,abfrage
SVI-BLK,36,1,future-box,Future Box,1,3,4,1,41.67,gholdengo-joltik-box,Gholdengo Joltik Box,2,0.0,0,2,0,overall,2026-10-09T06:45:55.373184+00:00,nein,abfrage
SVI-BLK,36,1,future-box,Future Box,1,3,4,1,41.67,charizard-pidgeot,Charizard Pidgeot,1,0.0,0,1,0,overall,2026-10-09T06:45:55.373184+00:00,nein,abfrage
SVI-BLK,36,1,future-box,Future Box,1,3,4,1,41.67,gholdengo-ex,Gholdengo,1,0.0,0,1,0,overall,2026-10-09T06:45:55.373184+00:00,nein,abfrage
SVI-BLK,36,1,future-box,Future Box,1,3,4,1,41.67,charizard-ex,Charizard,1,33.33,0,0,1,overall,2026-10-09T06:45:55.373184+00:00,nein,abfrage
SVI-BLK,36,1,future-box,Future Box,1,3,4,1,41.67,dragapult-dusknoir,Dragapult Dusknoir,1,100.0,1,0,0,overall,2026-10-09T06:45:55.373184+00:00,nein,abfrage
SVI-BLK,36,1,future-box,Future Box,1,3,4,1,41.67,raging-bolt-ogerpon,Raging Bolt Ogerpon,1,100.0,1,0,0,overall,2026-10-09T06:45:55.373184+00:00,nein,abfrage
SVI-BLK,36,1,future-box,Future Box,1,3,4,1,41.67,tera-box,Tera Box,1,100.0,1,0,0,overall,2026-10-09T06:45:55.373184+00:00,nein,abfrage
SVI-BLK,36,1,gardevoir-ex-sv,Gardevoir,200,673,668,333,46.83,dragapult-dusknoir,Dragapult Dusknoir,253,57.05,133,86,34,overall,2026-10-09T06:45:57.252004+00:00,nein,abfrage
SVI-BLK,36,1,gardevoir-ex-sv,Gardevoir,200,673,668,333,46.83,gholdengo-ex,Gholdengo,200,37.17,59,95,46,overall,2026-10-09T06:45:57.252004+00:00,nein,abfrage
SVI-BLK,36,1,gardevoir-ex-sv,Gardevoir,200,673,668,333,46.83,raging-bolt-ogerpon,Raging Bolt Ogerpon,178,58.43,91,48,39,overall,2026-10-09T06:45:57.252004+00:00,nein,abfrage
SVI-BLK,36,1,gardevoir-ex-sv,Gardevoir,200,673,668,333,46.83,gholdengo-joltik-box,Gholdengo Joltik Box,118,33.9,33,64,21,overall,2026-10-09T06:45:57.252004+00:00,nein,abfrage
SVI-BLK,36,1,gardevoir-ex-sv,Gardevoir,200,673,668,333,46.83,charizard-pidgeot,Charizard Pidgeot,107,27.41,22,63,22,overall,2026-10-09T06:45:57.252004+00:00,nein,abfrage
SVI-BLK,36,1,gardevoir-ex-sv,Gardevoir,200,673,668,333,46.83,joltik-box,Joltik Box,86,48.45,36,33,17,overall,2026-10-09T06:45:57.252004+00:00,nein,abfrage
SVI-BLK,36,1,gardevoir-ex-sv,Gardevoir,200,673,668,333,46.83,tera-box,Tera Box,78,42.74,26,30,22,overall,2026-10-09T06:45:57.252004+00:00,nein,abfrage
SVI-BLK,36,1,gardevoir-ex-sv,Gardevoir,200,673,668,333,46.83,gardevoir-ex-sv,Gardevoir,65,46.67,52,52,26,overall,2026-10-09T06:45:57.252004+00:00,ja,abfrage
SVI-BLK,36,1,gardevoir-ex-sv,Gardevoir,200,673,668,333,46.83,grimmsnarl-froslass,Grimmsnarl Froslass,64,38.02,20,31,13,overall,2026-10-09T06:45:57.252004+00:00,nein,abfrage
SVI-BLK,36,1,gardevoir-ex-sv,Gardevoir,200,673,668,333,46.83,flareon-noctowl,Flareon Noctowl,50,46.0,20,21,9,overall,2026-10-09T06:45:57.252004+00:00,nein,abfrage
SVI-BLK,36,1,gardevoir-ex-sv,Gardevoir,200,673,668,333,46.83,dragapult-ex,Dragapult,40,62.5,22,9,9,overall,2026-10-09T06:45:57.252004+00:00,nein,abfrage
SVI-BLK,36,1,gardevoir-ex-sv,Gardevoir,200,673,668,333,46.83,gardevoir-jellicent,Gardevoir Jellicent,40,37.5,13,21,6,overall,2026-10-09T06:45:57.252004+00:00,nein,abfrage
SVI-BLK,36,1,gardevoir-ex-sv,Gardevoir,200,673,668,333,46.83,dragapult-charizard,Dragapult Charizard,39,43.59,12,12,15,overall,2026-10-09T06:45:57.252004+00:00,nein,abfrage
SVI-BLK,36,1,gardevoir-ex-sv,Gardevoir,200,673,668,333,46.83,ethan-typhlosion,Ethan's Typhlosion,35,60.95,18,7,10,overall,2026-10-09T06:45:57.252004+00:00,nein,abfrage
SVI-BLK,36,1,gardevoir-ex-sv,Gardevoir,200,673,668,333,46.83,n-zoroark,N's Zoroark,31,20.43,5,22,4,overall,2026-10-09T06:45:57.252004+00:00,nein,abfrage
SVI-BLK,36,1,gardevoir-ex-sv,Gardevoir,200,673,668,333,46.83,ho-oh-armarouge,Ho-Oh Armarouge,29,52.87,14,11,4,overall,2026-10-09T06:45:57.252004+00:00,nein,abfrage
SVI-BLK,36,1,gardevoir-ex-sv,Gardevoir,200,673,668,333,46.83,crustle-dri,Crustle,27,86.42,22,1,4,overall,2026-10-09T06:45:57.252004+00:00,nein,abfrage
SVI-BLK,36,1,gardevoir-ex-sv,Gardevoir,200,673,668,333,46.83,froslass-munkidori,Froslass Munkidori,12,72.22,8,2,2,overall,2026-10-09T06:45:57.252004+00:00,nein,abfrage
SVI-BLK,36,1,gardevoir-ex-sv,Gardevoir,200,673,668,333,46.83,roaring-moon-ex,Roaring Moon,11,42.42,4,5,2,overall,2026-10-09T06:45:57.252004+00:00,nein,abfrage
SVI-BLK,36,1,gardevoir-ex-sv,Gardevoir,200,673,668,333,46.83,pidgeot-control,Pidgeot Control,10,33.33,3,6,1,overall,2026-10-09T06:45:57.252004+00:00,nein,abfrage
SVI-BLK,36,1,gardevoir-ex-sv,Gardevoir,200,673,668,333,46.83,other,Other,9,77.78,7,2,0,overall,2026-10-09T06:45:57.252004+00:00,nein,abfrage
SVI-BLK,36,1,gardevoir-ex-sv,Gardevoir,200,673,668,333,46.83,ceruledge-ex,Ceruledge,8,45.83,3,3,2,overall,2026-10-09T06:45:57.252004+00:00,nein,abfrage
SVI-BLK,36,1,gardevoir-ex-sv,Gardevoir,200,673,668,333,46.83,farigiraf-milotic,Farigiraf Milotic,8,50.0,3,2,3,overall,2026-10-09T06:45:57.252004+00:00,nein,abfrage
SVI-BLK,36,1,gardevoir-ex-sv,Gardevoir,200,673,668,333,46.83,cynthia-garchomp-ex,Cynthia's Garchomp,8,37.5,3,5,0,overall,2026-10-09T06:45:57.252004+00:00,nein,abfrage
SVI-BLK,36,1,gardevoir-ex-sv,Gardevoir,200,673,668,333,46.83,slowking-scr,Slowking,8,54.17,4,3,1,overall,2026-10-09T06:45:57.252004+00:00,nein,abfrage
SVI-BLK,36,1,gardevoir-ex-sv,Gardevoir,200,673,668,333,46.83,hydreigon-ex,Hydreigon,7,61.9,4,2,1,overall,2026-10-09T06:45:57.252004+00:00,nein,abfrage
SVI-BLK,36,1,gardevoir-ex-sv,Gardevoir,200,673,668,333,46.83,iron-hands-magneton,Iron Hands Magneton,7,42.86,2,2,3,overall,2026-10-09T06:45:57.252004+00:00,nein,abfrage
SVI-BLK,36,1,gardevoir-ex-sv,Gardevoir,200,673,668,333,46.83,conkeldurr-twm,Conkeldurr,5,53.33,2,1,2,overall,2026-10-09T06:45:57.252004+00:00,nein,abfrage
SVI-BLK,36,1,gardevoir-ex-sv,Gardevoir,200,673,668,333,46.83,mamoswine-ex,Mamoswine,5,66.67,3,1,1,overall,2026-10-09T06:45:57.252004+00:00,nein,abfrage
SVI-BLK,36,1,gardevoir-ex-sv,Gardevoir,200,673,668,333,46.83,rocket-spidops,Rocket's Spidops,4,75.0,3,1,0,overall,2026-10-09T06:45:57.252004+00:00,nein,abfrage
SVI-BLK,36,1,gardevoir-ex-sv,Gardevoir,200,673,668,333,46.83,azumarill-ssp,Azumarill,4,50.0,2,2,0,overall,2026-10-09T06:45:57.252004+00:00,nein,abfrage
SVI-BLK,36,1,gardevoir-ex-sv,Gardevoir,200,673,668,333,46.83,miraidon-eelektrik,Miraidon Eelektrik,4,25.0,1,3,0,overall,2026-10-09T06:45:57.252004+00:00,nein,abfrage
SVI-BLK,36,1,gardevoir-ex-sv,Gardevoir,200,673,668,333,46.83,charizard-dusknoir,Charizard Dusknoir,3,44.44,1,1,1,overall,2026-10-09T06:45:57.252004+00:00,nein,abfrage
SVI-BLK,36,1,gardevoir-ex-sv,Gardevoir,200,673,668,333,46.83,terapagos-noctowl,Terapagos Noctowl,3,11.11,0,2,1,overall,2026-10-09T06:45:57.252004+00:00,nein,abfrage
SVI-BLK,36,1,gardevoir-ex-sv,Gardevoir,200,673,668,333,46.83,charizard-noctowl,Charizard Noctowl,3,22.22,0,1,2,overall,2026-10-09T06:45:57.252004+00:00,nein,abfrage
SVI-BLK,36,1,gardevoir-ex-sv,Gardevoir,200,673,668,333,46.83,ogerpon-ex,Ogerpon,3,77.78,2,0,1,overall,2026-10-09T06:45:57.252004+00:00,nein,abfrage
SVI-BLK,36,1,gardevoir-ex-sv,Gardevoir,200,673,668,333,46.83,chien-pao-noctowl,Chien-Pao Noctowl,3,33.33,1,2,0,overall,2026-10-09T06:45:57.252004+00:00,nein,abfrage
SVI-BLK,36,1,gardevoir-ex-sv,Gardevoir,200,673,668,333,46.83,archaludon-ex,Archaludon,2,66.67,1,0,1,overall,2026-10-09T06:45:57.252004+00:00,nein,abfrage
SVI-BLK,36,1,gardevoir-ex-sv,Gardevoir,200,673,668,333,46.83,espathra-ex,Espathra,2,66.67,1,0,1,overall,2026-10-09T06:45:57.252004+00:00,nein,abfrage
SVI-BLK,36,1,gardevoir-ex-sv,Gardevoir,200,673,668,333,46.83,blissey-ex,Blissey,2,50.0,1,1,0,overall,2026-10-09T06:45:57.252004+00:00,nein,abfrage
SVI-BLK,36,1,gardevoir-ex-sv,Gardevoir,200,673,668,333,46.83,festival-lead,Festival Lead,2,66.67,1,0,1,overall,2026-10-09T06:45:57.252004+00:00,nein,abfrage
SVI-BLK,36,1,gardevoir-ex-sv,Gardevoir,200,673,668,333,46.83,greninja-ex,Greninja,2,50.0,1,1,0,overall,2026-10-09T06:45:57.252004+00:00,nein,abfrage
SVI-BLK,36,1,gardevoir-ex-sv,Gardevoir,200,673,668,333,46.83,yanmega-ex,Yanmega,2,50.0,1,1,0,overall,2026-10-09T06:45:57.252004+00:00,nein,abfrage
SVI-BLK,36,1,gardevoir-ex-sv,Gardevoir,200,673,668,333,46.83,dragapult-blaziken,Dragapult Blaziken,2,50.0,1,1,0,overall,2026-10-09T06:45:57.252004+00:00,nein,abfrage
SVI-BLK,36,1,gardevoir-ex-sv,Gardevoir,200,673,668,333,46.83,okidogi-twm,Okidogi,2,50.0,1,1,0,overall,2026-10-09T06:45:57.252004+00:00,nein,abfrage
SVI-BLK,36,1,gardevoir-ex-sv,Gardevoir,200,673,668,333,46.83,clefairy-ogerpon,Clefairy Ogerpon,1,0.0,0,1,0,overall,2026-10-09T06:45:57.252004+00:00,nein,abfrage
SVI-BLK,36,1,gardevoir-ex-sv,Gardevoir,200,673,668,333,46.83,dragapult-zoroark,Dragapult Zoroark,1,0.0,0,1,0,overall,2026-10-09T06:45:57.252004+00:00,nein,abfrage
SVI-BLK,36,1,gardevoir-ex-sv,Gardevoir,200,673,668,333,46.83,roaring-moon-dudunsparce,Roaring Moon Dudunsparce,1,0.0,0,1,0,overall,2026-10-09T06:45:57.252004+00:00,nein,abfrage
SVI-BLK,36,1,gardevoir-ex-sv,Gardevoir,200,673,668,333,46.83,hop-zacian,Hop's Zacian,1,100.0,1,0,0,overall,2026-10-09T06:45:57.252004+00:00,nein,abfrage
SVI-BLK,36,1,gardevoir-ex-sv,Gardevoir,200,673,668,333,46.83,rocket-mewtwo-ex,Rocket's Mewtwo,1,100.0,1,0,0,overall,2026-10-09T06:45:57.252004+00:00,nein,abfrage
SVI-BLK,36,1,gardevoir-ex-sv,Gardevoir,200,673,668,333,46.83,meowscarada-ex,Meowscarada,1,100.0,1,0,0,overall,2026-10-09T06:45:57.252004+00:00,nein,abfrage
SVI-BLK,36,1,gardevoir-ex-sv,Gardevoir,200,673,668,333,46.83,iron-thorns-ex,Iron Thorns,1,0.0,0,1,0,overall,2026-10-09T06:45:57.252004+00:00,nein,abfrage
SVI-BLK,36,1,gardevoir-ex-sv,Gardevoir,200,673,668,333,46.83,slaking-ex,Slaking,1,33.33,0,0,1,overall,2026-10-09T06:45:57.252004+00:00,nein,abfrage
SVI-BLK,36,1,gardevoir-ex-sv,Gardevoir,200,673,668,333,46.83,dudunsparce-control,Dudunsparce Control,1,0.0,0,1,0,overall,2026-10-09T06:45:57.252004+00:00,nein,abfrage
SVI-BLK,36,1,gardevoir-ex-sv,Gardevoir,200,673,668,333,46.83,heatran-metang,Heatran Metang,1,100.0,1,0,0,overall,2026-10-09T06:45:57.252004+00:00,nein,abfrage
SVI-BLK,36,1,gardevoir-ex-sv,Gardevoir,200,673,668,333,46.83,spidops-ex,Spidops,1,33.33,0,0,1,overall,2026-10-09T06:45:57.252004+00:00,nein,abfrage
SVI-BLK,36,1,gardevoir-ex-sv,Gardevoir,200,673,668,333,46.83,marnie-grimmsnarl-ex,Marnie's Grimmsnarl,1,0.0,0,1,0,overall,2026-10-09T06:45:57.252004+00:00,nein,abfrage
SVI-BLK,36,1,gardevoir-ex-sv,Gardevoir,200,673,668,333,46.83,tinkaton-ex,Tinkaton,1,100.0,1,0,0,overall,2026-10-09T06:45:57.252004+00:00,nein,abfrage
SVI-BLK,36,1,gardevoir-ex-sv,Gardevoir,200,673,668,333,46.83,hydrapple-ogerpon,Hydrapple Ogerpon,1,100.0,1,0,0,overall,2026-10-09T06:45:57.252004+00:00,nein,abfrage
SVI-BLK,36,1,gardevoir-ex-sv,Gardevoir,200,673,668,333,46.83,dragapult-iron-thorns,Dragapult Iron Thorns,1,100.0,1,0,0,overall,2026-10-09T06:45:57.252004+00:00,nein,abfrage
SVI-BLK,36,1,gardevoir-ex-sv,Gardevoir,200,673,668,333,46.83,milotic-ex,Milotic,1,33.33,0,0,1,overall,2026-10-09T06:45:57.252004+00:00,nein,abfrage
SVI-BLK,36,1,gardevoir-ex-sv,Gardevoir,200,673,668,333,46.83,toedscruel-ex,Toedscruel,1,0.0,0,1,0,overall,2026-10-09T06:45:57.252004+00:00,nein,abfrage
SVI-BLK,36,1,gardevoir-ex-sv,Gardevoir,200,673,668,333,46.83,charizard-ex,Charizard,1,0.0,0,1,0,overall,2026-10-09T06:45:57.252004+00:00,nein,abfrage
SVI-BLK,36,1,gardevoir-ex-sv,Gardevoir,200,673,668,333,46.83,charizard-dragapult,Charizard Dragapult,1,33.33,0,0,1,overall,2026-10-09T06:45:57.252004+00:00,nein,abfrage
SVI-BLK,36,1,gardevoir-jellicent,Gardevoir Jellicent,49,237,176,83,53.36,dragapult-dusknoir,Dragapult Dusknoir,79,62.87,45,20,14,overall,2026-10-09T06:45:59.144182+00:00,nein,abfrage
SVI-BLK,36,1,gardevoir-jellicent,Gardevoir Jellicent,49,237,176,83,53.36,raging-bolt-ogerpon,Raging Bolt Ogerpon,75,64.44,45,20,10,overall,2026-10-09T06:45:59.144182+00:00,nein,abfrage
SVI-BLK,36,1,gardevoir-jellicent,Gardevoir Jellicent,49,237,176,83,53.36,gholdengo-ex,Gholdengo,52,46.15,21,22,9,overall,2026-10-09T06:45:59.144182+00:00,nein,abfrage
SVI-BLK,36,1,gardevoir-jellicent,Gardevoir Jellicent,49,237,176,83,53.36,gholdengo-joltik-box,Gholdengo Joltik Box,41,35.77,13,23,5,overall,2026-10-09T06:45:59.144182+00:00,nein,abfrage
SVI-BLK,36,1,gardevoir-jellicent,Gardevoir Jellicent,49,237,176,83,53.36,gardevoir-ex-sv,Gardevoir,40,57.5,21,13,6,overall,2026-10-09T06:45:59.144182+00:00,nein,abfrage
SVI-BLK,36,1,gardevoir-jellicent,Gardevoir Jellicent,49,237,176,83,53.36,charizard-pidgeot,Charizard Pidgeot,30,48.89,13,12,5,overall,2026-10-09T06:45:59.144182+00:00,nein,abfrage
SVI-BLK,36,1,gardevoir-jellicent,Gardevoir Jellicent,49,237,176,83,53.36,tera-box,Tera Box,28,35.71,9,16,3,overall,2026-10-09T06:45:59.144182+00:00,nein,abfrage
SVI-BLK,36,1,gardevoir-jellicent,Gardevoir Jellicent,49,237,176,83,53.36,joltik-box,Joltik Box,19,50.88,8,6,5,overall,2026-10-09T06:45:59.144182+00:00,nein,abfrage
SVI-BLK,36,1,gardevoir-jellicent,Gardevoir Jellicent,49,237,176,83,53.36,flareon-noctowl,Flareon Noctowl,15,42.22,5,6,4,overall,2026-10-09T06:45:59.144182+00:00,nein,abfrage
SVI-BLK,36,1,gardevoir-jellicent,Gardevoir Jellicent,49,237,176,83,53.36,grimmsnarl-froslass,Grimmsnarl Froslass,14,14.29,1,10,3,overall,2026-10-09T06:45:59.144182+00:00,nein,abfrage
SVI-BLK,36,1,gardevoir-jellicent,Gardevoir Jellicent,49,237,176,83,53.36,ethan-typhlosion,Ethan's Typhlosion,13,51.28,6,5,2,overall,2026-10-09T06:45:59.144182+00:00,nein,abfrage
SVI-BLK,36,1,gardevoir-jellicent,Gardevoir Jellicent,49,237,176,83,53.36,ho-oh-armarouge,Ho-Oh Armarouge,10,60.0,5,2,3,overall,2026-10-09T06:45:59.144182+00:00,nein,abfrage
SVI-BLK,36,1,gardevoir-jellicent,Gardevoir Jellicent,49,237,176,83,53.36,dragapult-charizard,Dragapult Charizard,9,70.37,6,2,1,overall,2026-10-09T06:45:59.144182+00:00,nein,abfrage
SVI-BLK,36,1,gardevoir-jellicent,Gardevoir Jellicent,49,237,176,83,53.36,crustle-dri,Crustle,8,87.5,7,1,0,overall,2026-10-09T06:45:59.144182+00:00,nein,abfrage
SVI-BLK,36,1,gardevoir-jellicent,Gardevoir Jellicent,49,237,176,83,53.36,dragapult-ex,Dragapult,7,42.86,2,2,3,overall,2026-10-09T06:45:59.144182+00:00,nein,abfrage
SVI-BLK,36,1,gardevoir-jellicent,Gardevoir Jellicent,49,237,176,83,53.36,conkeldurr-twm,Conkeldurr,4,41.67,1,1,2,overall,2026-10-09T06:45:59.144182+00:00,nein,abfrage
SVI-BLK,36,1,gardevoir-jellicent,Gardevoir Jellicent,49,237,176,83,53.36,n-zoroark,N's Zoroark,4,33.33,1,2,1,overall,2026-10-09T06:45:59.144182+00:00,nein,abfrage
SVI-BLK,36,1,gardevoir-jellicent,Gardevoir Jellicent,49,237,176,83,53.36,slowking-scr,Slowking,4,50.0,2,2,0,overall,2026-10-09T06:45:59.144182+00:00,nein,abfrage
SVI-BLK,36,1,gardevoir-jellicent,Gardevoir Jellicent,49,237,176,83,53.36,gardevoir-jellicent,Gardevoir Jellicent,3,44.44,2,2,2,overall,2026-10-09T06:45:59.144182+00:00,ja,abfrage
SVI-BLK,36,1,gardevoir-jellicent,Gardevoir Jellicent,49,237,176,83,53.36,cynthia-garchomp-ex,Cynthia's Garchomp,3,100.0,3,0,0,overall,2026-10-09T06:45:59.144182+00:00,nein,abfrage
SVI-BLK,36,1,gardevoir-jellicent,Gardevoir Jellicent,49,237,176,83,53.36,rocket-spidops,Rocket's Spidops,3,33.33,1,2,0,overall,2026-10-09T06:45:59.144182+00:00,nein,abfrage
SVI-BLK,36,1,gardevoir-jellicent,Gardevoir Jellicent,49,237,176,83,53.36,farigiraf-milotic,Farigiraf Milotic,2,100.0,2,0,0,overall,2026-10-09T06:45:59.144182+00:00,nein,abfrage
SVI-BLK,36,1,gardevoir-jellicent,Gardevoir Jellicent,49,237,176,83,53.36,other,Other,2,16.67,0,1,1,overall,2026-10-09T06:45:59.144182+00:00,nein,abfrage
SVI-BLK,36,1,gardevoir-jellicent,Gardevoir Jellicent,49,237,176,83,53.36,dragapult-blaziken,Dragapult Blaziken,2,100.0,2,0,0,overall,2026-10-09T06:45:59.144182+00:00,nein,abfrage
SVI-BLK,36,1,gardevoir-jellicent,Gardevoir Jellicent,49,237,176,83,53.36,froslass-munkidori,Froslass Munkidori,2,50.0,1,1,0,overall,2026-10-09T06:45:59.144182+00:00,nein,abfrage
SVI-BLK,36,1,gardevoir-jellicent,Gardevoir Jellicent,49,237,176,83,53.36,ceruledge-ex,Ceruledge,2,66.67,1,0,1,overall,2026-10-09T06:45:59.144182+00:00,nein,abfrage
SVI-BLK,36,1,gardevoir-jellicent,Gardevoir Jellicent,49,237,176,83,53.36,terapagos-noctowl,Terapagos Noctowl,2,66.67,1,0,1,overall,2026-10-09T06:45:59.144182+00:00,nein,abfrage
SVI-BLK,36,1,gardevoir-jellicent,Gardevoir Jellicent,49,237,176,83,53.36,roaring-moon-ex,Roaring Moon,2,50.0,1,1,0,overall,2026-10-09T06:45:59.144182+00:00,nein,abfrage
SVI-BLK,36,1,gardevoir-jellicent,Gardevoir Jellicent,49,237,176,83,53.36,chien-pao-noctowl,Chien-Pao Noctowl,2,100.0,2,0,0,overall,2026-10-09T06:45:59.144182+00:00,nein,abfrage
SVI-BLK,36,1,gardevoir-jellicent,Gardevoir Jellicent,49,237,176,83,53.36,okidogi-twm,Okidogi,1,100.0,1,0,0,overall,2026-10-09T06:45:59.144182+00:00,nein,abfrage
SVI-BLK,36,1,gardevoir-jellicent,Gardevoir Jellicent,49,237,176,83,53.36,meowscarada-ex,Meowscarada,1,100.0,1,0,0,overall,2026-10-09T06:45:59.144182+00:00,nein,abfrage
SVI-BLK,36,1,gardevoir-jellicent,Gardevoir Jellicent,49,237,176,83,53.36,clefairy-ogerpon,Clefairy Ogerpon,1,0.0,0,1,0,overall,2026-10-09T06:45:59.144182+00:00,nein,abfrage
SVI-BLK,36,1,gardevoir-jellicent,Gardevoir Jellicent,49,237,176,83,53.36,hydreigon-ex,Hydreigon,1,33.33,0,0,1,overall,2026-10-09T06:45:59.144182+00:00,nein,abfrage
SVI-BLK,36,1,gardevoir-jellicent,Gardevoir Jellicent,49,237,176,83,53.36,charizard-dragapult,Charizard Dragapult,1,33.33,0,0,1,overall,2026-10-09T06:45:59.144182+00:00,nein,abfrage
SVI-BLK,36,1,gardevoir-jellicent,Gardevoir Jellicent,49,237,176,83,53.36,blissey-ex,Blissey,1,100.0,1,0,0,overall,2026-10-09T06:45:59.144182+00:00,nein,abfrage
SVI-BLK,36,1,gardevoir-jellicent,Gardevoir Jellicent,49,237,176,83,53.36,greninja-ex,Greninja,1,100.0,1,0,0,overall,2026-10-09T06:45:59.144182+00:00,nein,abfrage
SVI-BLK,36,1,gardevoir-jellicent,Gardevoir Jellicent,49,237,176,83,53.36,rocket-mewtwo-ex,Rocket's Mewtwo,1,100.0,1,0,0,overall,2026-10-09T06:45:59.144182+00:00,nein,abfrage
SVI-BLK,36,1,gardevoir-jellicent,Gardevoir Jellicent,49,237,176,83,53.36,pidgeot-control,Pidgeot Control,1,0.0,0,1,0,overall,2026-10-09T06:45:59.144182+00:00,nein,abfrage
SVI-BLK,36,1,gardevoir-jellicent,Gardevoir Jellicent,49,237,176,83,53.36,miraidon-eelektrik,Miraidon Eelektrik,1,100.0,1,0,0,overall,2026-10-09T06:45:59.144182+00:00,nein,abfrage
SVI-BLK,36,1,gardevoir-jellicent,Gardevoir Jellicent,49,237,176,83,53.36,charizard-dusknoir,Charizard Dusknoir,1,100.0,1,0,0,overall,2026-10-09T06:45:59.144182+00:00,nein,abfrage
SVI-BLK,36,1,gholdengo-dragapult,Gholdengo Dragapult,1,2,4,2,33.33,joltik-box,Joltik Box,2,0.0,0,2,0,overall,2026-10-09T06:46:01.008653+00:00,nein,abfrage
SVI-BLK,36,1,gholdengo-dragapult,Gholdengo Dragapult,1,2,4,2,33.33,raging-bolt-ogerpon,Raging Bolt Ogerpon,2,33.33,0,0,2,overall,2026-10-09T06:46:01.008653+00:00,nein,abfrage
SVI-BLK,36,1,gholdengo-dragapult,Gholdengo Dragapult,1,2,4,2,33.33,charizard-pidgeot,Charizard Pidgeot,2,50.0,1,1,0,overall,2026-10-09T06:46:01.008653+00:00,nein,abfrage
SVI-BLK,36,1,gholdengo-dragapult,Gholdengo Dragapult,1,2,4,2,33.33,flareon-noctowl,Flareon Noctowl,1,100.0,1,0,0,overall,2026-10-09T06:46:01.008653+00:00,nein,abfrage
SVI-BLK,36,1,gholdengo-dragapult,Gholdengo Dragapult,1,2,4,2,33.33,dragapult-ex,Dragapult,1,0.0,0,1,0,overall,2026-10-09T06:46:01.008653+00:00,nein,abfrage
SVI-BLK,36,1,gholdengo-ex,Gholdengo,277,931,994,408,45.74,dragapult-dusknoir,Dragapult Dusknoir,354,52.07,163,127,64,overall,2026-10-09T06:46:02.904562+00:00,nein,abfrage
SVI-BLK,36,1,gholdengo-ex,Gholdengo,277,931,994,408,45.74,raging-bolt-ogerpon,Raging Bolt Ogerpon,267,43.2,101,123,43,overall,2026-10-09T06:46:02.904562+00:00,nein,abfrage
SVI-BLK,36,1,gholdengo-ex,Gholdengo,277,931,994,408,45.74,gardevoir-ex-sv,Gardevoir,200,55.17,95,59,46,overall,2026-10-09T06:46:02.904562+00:00,nein,abfrage
SVI-BLK,36,1,gholdengo-ex,Gholdengo,277,931,994,408,45.74,charizard-pidgeot,Charizard Pidgeot,154,38.74,51,77,26,overall,2026-10-09T06:46:02.904562+00:00,nein,abfrage
SVI-BLK,36,1,gholdengo-ex,Gholdengo,277,931,994,408,45.74,gholdengo-joltik-box,Gholdengo Joltik Box,148,37.61,47,75,26,overall,2026-10-09T06:46:02.904562+00:00,nein,abfrage
SVI-BLK,36,1,gholdengo-ex,Gholdengo,277,931,994,408,45.74,gholdengo-ex,Gholdengo,135,47.04,111,111,48,overall,2026-10-09T06:46:02.904562+00:00,ja,abfrage
SVI-BLK,36,1,gholdengo-ex,Gholdengo,277,931,994,408,45.74,tera-box,Tera Box,109,30.58,28,65,16,overall,2026-10-09T06:46:02.904562+00:00,nein,abfrage
SVI-BLK,36,1,gholdengo-ex,Gholdengo,277,931,994,408,45.74,joltik-box,Joltik Box,103,40.45,37,52,14,overall,2026-10-09T06:46:02.904562+00:00,nein,abfrage
SVI-BLK,36,1,gholdengo-ex,Gholdengo,277,931,994,408,45.74,grimmsnarl-froslass,Grimmsnarl Froslass,87,61.69,48,22,17,overall,2026-10-09T06:46:02.904562+00:00,nein,abfrage
SVI-BLK,36,1,gholdengo-ex,Gholdengo,277,931,994,408,45.74,flareon-noctowl,Flareon Noctowl,82,30.08,21,50,11,overall,2026-10-09T06:46:02.904562+00:00,nein,abfrage
SVI-BLK,36,1,gholdengo-ex,Gholdengo,277,931,994,408,45.74,dragapult-ex,Dragapult,71,46.01,28,29,14,overall,2026-10-09T06:46:02.904562+00:00,nein,abfrage
SVI-BLK,36,1,gholdengo-ex,Gholdengo,277,931,994,408,45.74,gardevoir-jellicent,Gardevoir Jellicent,52,48.08,22,21,9,overall,2026-10-09T06:46:02.904562+00:00,nein,abfrage
SVI-BLK,36,1,gholdengo-ex,Gholdengo,277,931,994,408,45.74,dragapult-charizard,Dragapult Charizard,47,58.87,24,12,11,overall,2026-10-09T06:46:02.904562+00:00,nein,abfrage
SVI-BLK,36,1,gholdengo-ex,Gholdengo,277,931,994,408,45.74,ethan-typhlosion,Ethan's Typhlosion,38,19.3,6,28,4,overall,2026-10-09T06:46:02.904562+00:00,nein,abfrage
SVI-BLK,36,1,gholdengo-ex,Gholdengo,277,931,994,408,45.74,ho-oh-armarouge,Ho-Oh Armarouge,35,53.33,18,15,2,overall,2026-10-09T06:46:02.904562+00:00,nein,abfrage
SVI-BLK,36,1,gholdengo-ex,Gholdengo,277,931,994,408,45.74,crustle-dri,Crustle,35,20.0,7,28,0,overall,2026-10-09T06:46:02.904562+00:00,nein,abfrage
SVI-BLK,36,1,gholdengo-ex,Gholdengo,277,931,994,408,45.74,n-zoroark,N's Zoroark,31,48.39,14,14,3,overall,2026-10-09T06:46:02.904562+00:00,nein,abfrage
SVI-BLK,36,1,gholdengo-ex,Gholdengo,277,931,994,408,45.74,ceruledge-ex,Ceruledge,19,43.86,7,8,4,overall,2026-10-09T06:46:02.904562+00:00,nein,abfrage
SVI-BLK,36,1,gholdengo-ex,Gholdengo,277,931,994,408,45.74,iron-hands-magneton,Iron Hands Magneton,16,58.33,8,4,4,overall,2026-10-09T06:46:02.904562+00:00,nein,abfrage
SVI-BLK,36,1,gholdengo-ex,Gholdengo,277,931,994,408,45.74,ogerpon-ex,Ogerpon,14,28.57,3,8,3,overall,2026-10-09T06:46:02.904562+00:00,nein,abfrage
SVI-BLK,36,1,gholdengo-ex,Gholdengo,277,931,994,408,45.74,cynthia-garchomp-ex,Cynthia's Garchomp,14,71.43,9,2,3,overall,2026-10-09T06:46:02.904562+00:00,nein,abfrage
SVI-BLK,36,1,gholdengo-ex,Gholdengo,277,931,994,408,45.74,other,Other,13,61.54,7,3,3,overall,2026-10-09T06:46:02.904562+00:00,nein,abfrage
SVI-BLK,36,1,gholdengo-ex,Gholdengo,277,931,994,408,45.74,pidgeot-control,Pidgeot Control,12,30.56,3,7,2,overall,2026-10-09T06:46:02.904562+00:00,nein,abfrage
SVI-BLK,36,1,gholdengo-ex,Gholdengo,277,931,994,408,45.74,roaring-moon-ex,Roaring Moon,10,76.67,7,1,2,overall,2026-10-09T06:46:02.904562+00:00,nein,abfrage
SVI-BLK,36,1,gholdengo-ex,Gholdengo,277,931,994,408,45.74,rocket-mewtwo-ex,Rocket's Mewtwo,10,83.33,8,1,1,overall,2026-10-09T06:46:02.904562+00:00,nein,abfrage
SVI-BLK,36,1,gholdengo-ex,Gholdengo,277,931,994,408,45.74,slowking-scr,Slowking,9,37.04,3,5,1,overall,2026-10-09T06:46:02.904562+00:00,nein,abfrage
SVI-BLK,36,1,gholdengo-ex,Gholdengo,277,931,994,408,45.74,farigiraf-milotic,Farigiraf Milotic,9,25.93,2,6,1,overall,2026-10-09T06:46:02.904562+00:00,nein,abfrage
SVI-BLK,36,1,gholdengo-ex,Gholdengo,277,931,994,408,45.74,froslass-munkidori,Froslass Munkidori,8,20.83,1,5,2,overall,2026-10-09T06:46:02.904562+00:00,nein,abfrage
SVI-BLK,36,1,gholdengo-ex,Gholdengo,277,931,994,408,45.74,charizard-noctowl,Charizard Noctowl,8,37.5,2,3,3,overall,2026-10-09T06:46:02.904562+00:00,nein,abfrage
SVI-BLK,36,1,gholdengo-ex,Gholdengo,277,931,994,408,45.74,hydreigon-ex,Hydreigon,7,66.67,4,1,2,overall,2026-10-09T06:46:02.904562+00:00,nein,abfrage
SVI-BLK,36,1,gholdengo-ex,Gholdengo,277,931,994,408,45.74,blissey-ex,Blissey,7,61.9,4,2,1,overall,2026-10-09T06:46:02.904562+00:00,nein,abfrage
SVI-BLK,36,1,gholdengo-ex,Gholdengo,277,931,994,408,45.74,conkeldurr-twm,Conkeldurr,7,19.05,1,5,1,overall,2026-10-09T06:46:02.904562+00:00,nein,abfrage
SVI-BLK,36,1,gholdengo-ex,Gholdengo,277,931,994,408,45.74,terapagos-noctowl,Terapagos Noctowl,6,61.11,3,1,2,overall,2026-10-09T06:46:02.904562+00:00,nein,abfrage
SVI-BLK,36,1,gholdengo-ex,Gholdengo,277,931,994,408,45.74,mamoswine-ex,Mamoswine,6,55.56,3,2,1,overall,2026-10-09T06:46:02.904562+00:00,nein,abfrage
SVI-BLK,36,1,gholdengo-ex,Gholdengo,277,931,994,408,45.74,okidogi-twm,Okidogi,5,53.33,2,1,2,overall,2026-10-09T06:46:02.904562+00:00,nein,abfrage
SVI-BLK,36,1,gholdengo-ex,Gholdengo,277,931,994,408,45.74,charizard-dusknoir,Charizard Dusknoir,5,46.67,2,2,1,overall,2026-10-09T06:46:02.904562+00:00,nein,abfrage
SVI-BLK,36,1,gholdengo-ex,Gholdengo,277,931,994,408,45.74,greninja-ex,Greninja,5,13.33,0,3,2,overall,2026-10-09T06:46:02.904562+00:00,nein,abfrage
SVI-BLK,36,1,gholdengo-ex,Gholdengo,277,931,994,408,45.74,dragapult-blaziken,Dragapult Blaziken,4,25.0,1,3,0,overall,2026-10-09T06:46:02.904562+00:00,nein,abfrage
SVI-BLK,36,1,gholdengo-ex,Gholdengo,277,931,994,408,45.74,azumarill-ssp,Azumarill,4,41.67,1,1,2,overall,2026-10-09T06:46:02.904562+00:00,nein,abfrage
SVI-BLK,36,1,gholdengo-ex,Gholdengo,277,931,994,408,45.74,slaking-ex,Slaking,3,55.56,1,0,2,overall,2026-10-09T06:46:02.904562+00:00,nein,abfrage
SVI-BLK,36,1,gholdengo-ex,Gholdengo,277,931,994,408,45.74,chien-pao-noctowl,Chien-Pao Noctowl,3,44.44,1,1,1,overall,2026-10-09T06:46:02.904562+00:00,nein,abfrage
SVI-BLK,36,1,gholdengo-ex,Gholdengo,277,931,994,408,45.74,festival-lead,Festival Lead,3,77.78,2,0,1,overall,2026-10-09T06:46:02.904562+00:00,nein,abfrage
SVI-BLK,36,1,gholdengo-ex,Gholdengo,277,931,994,408,45.74,ancient-box,Ancient Box,2,66.67,1,0,1,overall,2026-10-09T06:46:02.904562+00:00,nein,abfrage
SVI-BLK,36,1,gholdengo-ex,Gholdengo,277,931,994,408,45.74,archaludon-ex,Archaludon,2,66.67,1,0,1,overall,2026-10-09T06:46:02.904562+00:00,nein,abfrage
SVI-BLK,36,1,gholdengo-ex,Gholdengo,277,931,994,408,45.74,rocket-spidops,Rocket's Spidops,2,100.0,2,0,0,overall,2026-10-09T06:46:02.904562+00:00,nein,abfrage
SVI-BLK,36,1,gholdengo-ex,Gholdengo,277,931,994,408,45.74,milotic-ex,Milotic,2,16.67,0,1,1,overall,2026-10-09T06:46:02.904562+00:00,nein,abfrage
SVI-BLK,36,1,gholdengo-ex,Gholdengo,277,931,994,408,45.74,marnie-grimmsnarl-ex,Marnie's Grimmsnarl,2,100.0,2,0,0,overall,2026-10-09T06:46:02.904562+00:00,nein,abfrage
SVI-BLK,36,1,gholdengo-ex,Gholdengo,277,931,994,408,45.74,scovillain-ex,Scovillain,2,50.0,1,1,0,overall,2026-10-09T06:46:02.904562+00:00,nein,abfrage
SVI-BLK,36,1,gholdengo-ex,Gholdengo,277,931,994,408,45.74,yanmega-ex,Yanmega,2,16.67,0,1,1,overall,2026-10-09T06:46:02.904562+00:00,nein,abfrage
SVI-BLK,36,1,gholdengo-ex,Gholdengo,277,931,994,408,45.74,roaring-moon-dudunsparce,Roaring Moon Dudunsparce,2,50.0,1,1,0,overall,2026-10-09T06:46:02.904562+00:00,nein,abfrage
SVI-BLK,36,1,gholdengo-ex,Gholdengo,277,931,994,408,45.74,charizard-ex,Charizard,2,16.67,0,1,1,overall,2026-10-09T06:46:02.904562+00:00,nein,abfrage
SVI-BLK,36,1,gholdengo-ex,Gholdengo,277,931,994,408,45.74,poison-terapagos,Poison Terapagos,1,100.0,1,0,0,overall,2026-10-09T06:46:02.904562+00:00,nein,abfrage
SVI-BLK,36,1,gholdengo-ex,Gholdengo,277,931,994,408,45.74,miraidon-eelektrik,Miraidon Eelektrik,1,100.0,1,0,0,overall,2026-10-09T06:46:02.904562+00:00,nein,abfrage
SVI-BLK,36,1,gholdengo-ex,Gholdengo,277,931,994,408,45.74,gouging-fire-ex,Gouging Fire,1,100.0,1,0,0,overall,2026-10-09T06:46:02.904562+00:00,nein,abfrage
SVI-BLK,36,1,gholdengo-ex,Gholdengo,277,931,994,408,45.74,future-box,Future Box,1,100.0,1,0,0,overall,2026-10-09T06:46:02.904562+00:00,nein,abfrage
SVI-BLK,36,1,gholdengo-ex,Gholdengo,277,931,994,408,45.74,flareon-ex,Flareon,1,0.0,0,1,0,overall,2026-10-09T06:46:02.904562+00:00,nein,abfrage
SVI-BLK,36,1,gholdengo-ex,Gholdengo,277,931,994,408,45.74,feraligatr-tef,Feraligatr,1,100.0,1,0,0,overall,2026-10-09T06:46:02.904562+00:00,nein,abfrage
SVI-BLK,36,1,gholdengo-ex,Gholdengo,277,931,994,408,45.74,toedscruel-ex,Toedscruel,1,33.33,0,0,1,overall,2026-10-09T06:46:02.904562+00:00,nein,abfrage
SVI-BLK,36,1,gholdengo-ex,Gholdengo,277,931,994,408,45.74,reging-bolt-bellibolt,Raging Bolt Bellibolt,1,100.0,1,0,0,overall,2026-10-09T06:46:02.904562+00:00,nein,abfrage
SVI-BLK,36,1,gholdengo-ex,Gholdengo,277,931,994,408,45.74,farigiraf-ex,Farigiraf,1,33.33,0,0,1,overall,2026-10-09T06:46:02.904562+00:00,nein,abfrage
SVI-BLK,36,1,gholdengo-ex,Gholdengo,277,931,994,408,45.74,miraidon-ex,Miraidon,1,100.0,1,0,0,overall,2026-10-09T06:46:02.904562+00:00,nein,abfrage
SVI-BLK,36,1,gholdengo-ex,Gholdengo,277,931,994,408,45.74,wugtrio-svi,Wugtrio Mill,1,100.0,1,0,0,overall,2026-10-09T06:46:02.904562+00:00,nein,abfrage
SVI-BLK,36,1,gholdengo-ex,Gholdengo,277,931,994,408,45.74,okidogi-ex,Okidogi,1,100.0,1,0,0,overall,2026-10-09T06:46:02.904562+00:00,nein,abfrage
SVI-BLK,36,1,gholdengo-ex,Gholdengo,277,931,994,408,45.74,dragapult-iron-thorns,Dragapult Iron Thorns,1,0.0,0,1,0,overall,2026-10-09T06:46:02.904562+00:00,nein,abfrage
SVI-BLK,36,1,gholdengo-ex,Gholdengo,277,931,994,408,45.74,tinkaton-ex,Tinkaton,1,100.0,1,0,0,overall,2026-10-09T06:46:02.904562+00:00,nein,abfrage
SVI-BLK,36,1,gholdengo-ex,Gholdengo,277,931,994,408,45.74,chien-pao-baxcalibur,Chien-Pao Baxcalibur,1,100.0,1,0,0,overall,2026-10-09T06:46:02.904562+00:00,nein,abfrage
SVI-BLK,36,1,gholdengo-ex,Gholdengo,277,931,994,408,45.74,poison-archaludon,Poison Archaludon,1,0.0,0,1,0,overall,2026-10-09T06:46:02.904562+00:00,nein,abfrage
SVI-BLK,36,1,gholdengo-ex,Gholdengo,277,931,994,408,45.74,clefairy-ogerpon,Clefairy Ogerpon,1,100.0,1,0,0,overall,2026-10-09T06:46:02.904562+00:00,nein,abfrage
SVI-BLK,36,1,gholdengo-ex,Gholdengo,277,931,994,408,45.74,charizard-dragapult,Charizard Dragapult,1,0.0,0,1,0,overall,2026-10-09T06:46:02.904562+00:00,nein,abfrage
SVI-BLK,36,1,gholdengo-joltik-box,Gholdengo Joltik Box,166,667,606,209,49.71,dragapult-dusknoir,Dragapult Dusknoir,208,50.96,99,88,21,overall,2026-10-09T06:46:04.820827+00:00,nein,abfrage
SVI-BLK,36,1,gholdengo-joltik-box,Gholdengo Joltik Box,166,667,606,209,49.71,raging-bolt-ogerpon,Raging Bolt Ogerpon,208,40.22,73,103,32,overall,2026-10-09T06:46:04.820827+00:00,nein,abfrage
SVI-BLK,36,1,gholdengo-joltik-box,Gholdengo Joltik Box,166,667,606,209,49.71,gholdengo-ex,Gholdengo,148,56.53,75,47,26,overall,2026-10-09T06:46:04.820827+00:00,nein,abfrage
SVI-BLK,36,1,gholdengo-joltik-box,Gholdengo Joltik Box,166,667,606,209,49.71,gardevoir-ex-sv,Gardevoir,118,60.17,64,33,21,overall,2026-10-09T06:46:04.820827+00:00,nein,abfrage
SVI-BLK,36,1,gholdengo-joltik-box,Gholdengo Joltik Box,166,667,606,209,49.71,charizard-pidgeot,Charizard Pidgeot,98,56.12,51,35,12,overall,2026-10-09T06:46:04.820827+00:00,nein,abfrage
SVI-BLK,36,1,gholdengo-joltik-box,Gholdengo Joltik Box,166,667,606,209,49.71,tera-box,Tera Box,69,39.61,23,33,13,overall,2026-10-09T06:46:04.820827+00:00,nein,abfrage
SVI-BLK,36,1,gholdengo-joltik-box,Gholdengo Joltik Box,166,667,606,209,49.71,joltik-box,Joltik Box,67,41.29,24,32,11,overall,2026-10-09T06:46:04.820827+00:00,nein,abfrage
SVI-BLK,36,1,gholdengo-joltik-box,Gholdengo Joltik Box,166,667,606,209,49.71,gholdengo-joltik-box,Gholdengo Joltik Box,58,47.99,51,51,14,overall,2026-10-09T06:46:04.820827+00:00,ja,abfrage
SVI-BLK,36,1,gholdengo-joltik-box,Gholdengo Joltik Box,166,667,606,209,49.71,flareon-noctowl,Flareon Noctowl,55,41.21,21,29,5,overall,2026-10-09T06:46:04.820827+00:00,nein,abfrage
SVI-BLK,36,1,gholdengo-joltik-box,Gholdengo Joltik Box,166,667,606,209,49.71,gardevoir-jellicent,Gardevoir Jellicent,41,60.16,23,13,5,overall,2026-10-09T06:46:04.820827+00:00,nein,abfrage
SVI-BLK,36,1,gholdengo-joltik-box,Gholdengo Joltik Box,166,667,606,209,49.71,dragapult-ex,Dragapult,40,60.83,23,13,4,overall,2026-10-09T06:46:04.820827+00:00,nein,abfrage
SVI-BLK,36,1,gholdengo-joltik-box,Gholdengo Joltik Box,166,667,606,209,49.71,grimmsnarl-froslass,Grimmsnarl Froslass,40,72.5,27,7,6,overall,2026-10-09T06:46:04.820827+00:00,nein,abfrage
SVI-BLK,36,1,gholdengo-joltik-box,Gholdengo Joltik Box,166,667,606,209,49.71,ethan-typhlosion,Ethan's Typhlosion,35,44.76,13,14,8,overall,2026-10-09T06:46:04.820827+00:00,nein,abfrage
SVI-BLK,36,1,gholdengo-joltik-box,Gholdengo Joltik Box,166,667,606,209,49.71,ho-oh-armarouge,Ho-Oh Armarouge,22,42.42,8,10,4,overall,2026-10-09T06:46:04.820827+00:00,nein,abfrage
SVI-BLK,36,1,gholdengo-joltik-box,Gholdengo Joltik Box,166,667,606,209,49.71,dragapult-charizard,Dragapult Charizard,22,36.36,7,12,3,overall,2026-10-09T06:46:04.820827+00:00,nein,abfrage
SVI-BLK,36,1,gholdengo-joltik-box,Gholdengo Joltik Box,166,667,606,209,49.71,crustle-dri,Crustle,22,6.06,1,20,1,overall,2026-10-09T06:46:04.820827+00:00,nein,abfrage
SVI-BLK,36,1,gholdengo-joltik-box,Gholdengo Joltik Box,166,667,606,209,49.71,n-zoroark,N's Zoroark,15,46.67,6,6,3,overall,2026-10-09T06:46:04.820827+00:00,nein,abfrage
SVI-BLK,36,1,gholdengo-joltik-box,Gholdengo Joltik Box,166,667,606,209,49.71,conkeldurr-twm,Conkeldurr,10,43.33,4,5,1,overall,2026-10-09T06:46:04.820827+00:00,nein,abfrage
SVI-BLK,36,1,gholdengo-joltik-box,Gholdengo Joltik Box,166,667,606,209,49.71,ceruledge-ex,Ceruledge,9,59.26,5,3,1,overall,2026-10-09T06:46:04.820827+00:00,nein,abfrage
SVI-BLK,36,1,gholdengo-joltik-box,Gholdengo Joltik Box,166,667,606,209,49.71,pidgeot-control,Pidgeot Control,9,37.04,3,5,1,overall,2026-10-09T06:46:04.820827+00:00,nein,abfrage
SVI-BLK,36,1,gholdengo-joltik-box,Gholdengo Joltik Box,166,667,606,209,49.71,farigiraf-milotic,Farigiraf Milotic,8,41.67,3,4,1,overall,2026-10-09T06:46:04.820827+00:00,nein,abfrage
SVI-BLK,36,1,gholdengo-joltik-box,Gholdengo Joltik Box,166,667,606,209,49.71,charizard-dusknoir,Charizard Dusknoir,7,61.9,4,2,1,overall,2026-10-09T06:46:04.820827+00:00,nein,abfrage
SVI-BLK,36,1,gholdengo-joltik-box,Gholdengo Joltik Box,166,667,606,209,49.71,charizard-noctowl,Charizard Noctowl,7,19.05,1,5,1,overall,2026-10-09T06:46:04.820827+00:00,nein,abfrage
SVI-BLK,36,1,gholdengo-joltik-box,Gholdengo Joltik Box,166,667,606,209,49.71,iron-hands-magneton,Iron Hands Magneton,7,42.86,3,4,0,overall,2026-10-09T06:46:04.820827+00:00,nein,abfrage
SVI-BLK,36,1,gholdengo-joltik-box,Gholdengo Joltik Box,166,667,606,209,49.71,cynthia-garchomp-ex,Cynthia's Garchomp,5,46.67,2,2,1,overall,2026-10-09T06:46:04.820827+00:00,nein,abfrage
SVI-BLK,36,1,gholdengo-joltik-box,Gholdengo Joltik Box,166,667,606,209,49.71,other,Other,5,100.0,5,0,0,overall,2026-10-09T06:46:04.820827+00:00,nein,abfrage
SVI-BLK,36,1,gholdengo-joltik-box,Gholdengo Joltik Box,166,667,606,209,49.71,slowking-scr,Slowking,5,86.67,4,0,1,overall,2026-10-09T06:46:04.820827+00:00,nein,abfrage
SVI-BLK,36,1,gholdengo-joltik-box,Gholdengo Joltik Box,166,667,606,209,49.71,hydreigon-ex,Hydreigon,4,25.0,1,3,0,overall,2026-10-09T06:46:04.820827+00:00,nein,abfrage
SVI-BLK,36,1,gholdengo-joltik-box,Gholdengo Joltik Box,166,667,606,209,49.71,ogerpon-ex,Ogerpon,4,83.33,3,0,1,overall,2026-10-09T06:46:04.820827+00:00,nein,abfrage
SVI-BLK,36,1,gholdengo-joltik-box,Gholdengo Joltik Box,166,667,606,209,49.71,roaring-moon-ex,Roaring Moon,4,75.0,3,1,0,overall,2026-10-09T06:46:04.820827+00:00,nein,abfrage
SVI-BLK,36,1,gholdengo-joltik-box,Gholdengo Joltik Box,166,667,606,209,49.71,terapagos-noctowl,Terapagos Noctowl,4,75.0,3,1,0,overall,2026-10-09T06:46:04.820827+00:00,nein,abfrage
SVI-BLK,36,1,gholdengo-joltik-box,Gholdengo Joltik Box,166,667,606,209,49.71,iron-thorns-ex,Iron Thorns,4,50.0,2,2,0,overall,2026-10-09T06:46:04.820827+00:00,nein,abfrage
SVI-BLK,36,1,gholdengo-joltik-box,Gholdengo Joltik Box,166,667,606,209,49.71,froslass-munkidori,Froslass Munkidori,3,33.33,1,2,0,overall,2026-10-09T06:46:04.820827+00:00,nein,abfrage
SVI-BLK,36,1,gholdengo-joltik-box,Gholdengo Joltik Box,166,667,606,209,49.71,mamoswine-ex,Mamoswine,3,22.22,0,1,2,overall,2026-10-09T06:46:04.820827+00:00,nein,abfrage
SVI-BLK,36,1,gholdengo-joltik-box,Gholdengo Joltik Box,166,667,606,209,49.71,chien-pao-noctowl,Chien-Pao Noctowl,3,66.67,2,1,0,overall,2026-10-09T06:46:04.820827+00:00,nein,abfrage
SVI-BLK,36,1,gholdengo-joltik-box,Gholdengo Joltik Box,166,667,606,209,49.71,poison-archaludon,Poison Archaludon,3,11.11,0,2,1,overall,2026-10-09T06:46:04.820827+00:00,nein,abfrage
SVI-BLK,36,1,gholdengo-joltik-box,Gholdengo Joltik Box,166,667,606,209,49.71,charizard-dragapult,Charizard Dragapult,3,33.33,1,2,0,overall,2026-10-09T06:46:04.820827+00:00,nein,abfrage
SVI-BLK,36,1,gholdengo-joltik-box,Gholdengo Joltik Box,166,667,606,209,49.71,tinkaton-ex,Tinkaton,3,33.33,1,2,0,overall,2026-10-09T06:46:04.820827+00:00,nein,abfrage
SVI-BLK,36,1,gholdengo-joltik-box,Gholdengo Joltik Box,166,667,606,209,49.71,greninja-ex,Greninja,3,0.0,0,3,0,overall,2026-10-09T06:46:04.820827+00:00,nein,abfrage
SVI-BLK,36,1,gholdengo-joltik-box,Gholdengo Joltik Box,166,667,606,209,49.71,miraidon-eelektrik,Miraidon Eelektrik,3,66.67,2,1,0,overall,2026-10-09T06:46:04.820827+00:00,nein,abfrage
SVI-BLK,36,1,gholdengo-joltik-box,Gholdengo Joltik Box,166,667,606,209,49.71,azumarill-ssp,Azumarill,2,100.0,2,0,0,overall,2026-10-09T06:46:04.820827+00:00,nein,abfrage
SVI-BLK,36,1,gholdengo-joltik-box,Gholdengo Joltik Box,166,667,606,209,49.71,blaziken-zoroark,Blaziken Zoroark,2,16.67,0,1,1,overall,2026-10-09T06:46:04.820827+00:00,nein,abfrage
SVI-BLK,36,1,gholdengo-joltik-box,Gholdengo Joltik Box,166,667,606,209,49.71,roaring-moon-dudunsparce,Roaring Moon Dudunsparce,2,100.0,2,0,0,overall,2026-10-09T06:46:04.820827+00:00,nein,abfrage
SVI-BLK,36,1,gholdengo-joltik-box,Gholdengo Joltik Box,166,667,606,209,49.71,toedscruel-ex,Toedscruel,2,100.0,2,0,0,overall,2026-10-09T06:46:04.820827+00:00,nein,abfrage
SVI-BLK,36,1,gholdengo-joltik-box,Gholdengo Joltik Box,166,667,606,209,49.71,blissey-ex,Blissey,2,16.67,0,1,1,overall,2026-10-09T06:46:04.820827+00:00,nein,abfrage
SVI-BLK,36,1,gholdengo-joltik-box,Gholdengo Joltik Box,166,667,606,209,49.71,rocket-mewtwo-ex,Rocket's Mewtwo,2,100.0,2,0,0,overall,2026-10-09T06:46:04.820827+00:00,nein,abfrage
SVI-BLK,36,1,gholdengo-joltik-box,Gholdengo Joltik Box,166,667,606,209,49.71,dragapult-blaziken,Dragapult Blaziken,2,0.0,0,2,0,overall,2026-10-09T06:46:04.820827+00:00,nein,abfrage
SVI-BLK,36,1,gholdengo-joltik-box,Gholdengo Joltik Box,166,667,606,209,49.71,flareon-ex,Flareon,2,66.67,1,0,1,overall,2026-10-09T06:46:04.820827+00:00,nein,abfrage
SVI-BLK,36,1,gholdengo-joltik-box,Gholdengo Joltik Box,166,667,606,209,49.71,future-box,Future Box,2,100.0,2,0,0,overall,2026-10-09T06:46:04.820827+00:00,nein,abfrage
SVI-BLK,36,1,gholdengo-joltik-box,Gholdengo Joltik Box,166,667,606,209,49.71,okidogi-twm,Okidogi,2,50.0,1,1,0,overall,2026-10-09T06:46:04.820827+00:00,nein,abfrage
SVI-BLK,36,1,gholdengo-joltik-box,Gholdengo Joltik Box,166,667,606,209,49.71,rocket-spidops,Rocket's Spidops,2,16.67,0,1,1,overall,2026-10-09T06:46:04.820827+00:00,nein,abfrage
SVI-BLK,36,1,gholdengo-joltik-box,Gholdengo Joltik Box,166,667,606,209,49.71,slaking-ex,Slaking,2,100.0,2,0,0,overall,2026-10-09T06:46:04.820827+00:00,nein,abfrage
SVI-BLK,36,1,gholdengo-joltik-box,Gholdengo Joltik Box,166,667,606,209,49.71,farigiraf-ex,Farigiraf,1,100.0,1,0,0,overall,2026-10-09T06:46:04.820827+00:00,nein,abfrage
SVI-BLK,36,1,gholdengo-joltik-box,Gholdengo Joltik Box,166,667,606,209,49.71,festival-lead,Festival Lead,1,100.0,1,0,0,overall,2026-10-09T06:46:04.820827+00:00,nein,abfrage
SVI-BLK,36,1,gholdengo-joltik-box,Gholdengo Joltik Box,166,667,606,209,49.71,yanmega-ex,Yanmega,1,100.0,1,0,0,overall,2026-10-09T06:46:04.820827+00:00,nein,abfrage
SVI-BLK,36,1,gholdengo-joltik-box,Gholdengo Joltik Box,166,667,606,209,49.71,okidogi-ex,Okidogi,1,100.0,1,0,0,overall,2026-10-09T06:46:04.820827+00:00,nein,abfrage
SVI-BLK,36,1,gholdengo-joltik-box,Gholdengo Joltik Box,166,667,606,209,49.71,dragapult-zoroark,Dragapult Zoroark,1,33.33,0,0,1,overall,2026-10-09T06:46:04.820827+00:00,nein,abfrage
SVI-BLK,36,1,gholdengo-joltik-box,Gholdengo Joltik Box,166,667,606,209,49.71,copperajah-ex,Copperajah,1,100.0,1,0,0,overall,2026-10-09T06:46:04.820827+00:00,nein,abfrage
SVI-BLK,36,1,gholdengo-joltik-box,Gholdengo Joltik Box,166,667,606,209,49.71,poison-terapagos,Poison Terapagos,1,100.0,1,0,0,overall,2026-10-09T06:46:04.820827+00:00,nein,abfrage
SVI-BLK,36,1,gholdengo-joltik-box,Gholdengo Joltik Box,166,667,606,209,49.71,clefairy-ogerpon,Clefairy Ogerpon,1,33.33,0,0,1,overall,2026-10-09T06:46:04.820827+00:00,nein,abfrage
SVI-BLK,36,1,gholdengo-joltik-box,Gholdengo Joltik Box,166,667,606,209,49.71,ancient-box,Ancient Box,1,100.0,1,0,0,overall,2026-10-09T06:46:04.820827+00:00,nein,abfrage
SVI-BLK,36,1,gholdengo-joltik-box,Gholdengo Joltik Box,166,667,606,209,49.71,charizard-ex,Charizard,1,0.0,0,1,0,overall,2026-10-09T06:46:04.820827+00:00,nein,abfrage
SVI-BLK,36,1,gouging-fire-ex,Gouging Fire,2,4,3,2,51.85,raging-bolt-ogerpon,Raging Bolt Ogerpon,2,0.0,0,2,0,overall,2026-10-09T06:46:06.675000+00:00,nein,abfrage
SVI-BLK,36,1,gouging-fire-ex,Gouging Fire,2,4,3,2,51.85,froslass-munkidori,Froslass Munkidori,1,33.33,0,0,1,overall,2026-10-09T06:46:06.675000+00:00,nein,abfrage
SVI-BLK,36,1,gouging-fire-ex,Gouging Fire,2,4,3,2,51.85,gholdengo-ex,Gholdengo,1,0.0,0,1,0,overall,2026-10-09T06:46:06.675000+00:00,nein,abfrage
SVI-BLK,36,1,gouging-fire-ex,Gouging Fire,2,4,3,2,51.85,conkeldurr-twm,Conkeldurr,1,100.0,1,0,0,overall,2026-10-09T06:46:06.675000+00:00,nein,abfrage
SVI-BLK,36,1,gouging-fire-ex,Gouging Fire,2,4,3,2,51.85,charizard-pidgeot,Charizard Pidgeot,1,100.0,1,0,0,overall,2026-10-09T06:46:06.675000+00:00,nein,abfrage
SVI-BLK,36,1,gouging-fire-ex,Gouging Fire,2,4,3,2,51.85,tera-box,Tera Box,1,33.33,0,0,1,overall,2026-10-09T06:46:06.675000+00:00,nein,abfrage
SVI-BLK,36,1,gouging-fire-ex,Gouging Fire,2,4,3,2,51.85,charizard-dusknoir,Charizard Dusknoir,1,100.0,1,0,0,overall,2026-10-09T06:46:06.675000+00:00,nein,abfrage
SVI-BLK,36,1,gouging-fire-ex,Gouging Fire,2,4,3,2,51.85,ceruledge-ex,Ceruledge,1,100.0,1,0,0,overall,2026-10-09T06:46:06.675000+00:00,nein,abfrage
SVI-BLK,36,1,greninja-ex,Greninja,4,18,16,4,50.88,raging-bolt-ogerpon,Raging Bolt Ogerpon,9,25.93,2,6,1,overall,2026-10-09T06:46:08.728502+00:00,nein,abfrage
SVI-BLK,36,1,greninja-ex,Greninja,4,18,16,4,50.88,gholdengo-ex,Gholdengo,5,73.33,3,0,2,overall,2026-10-09T06:46:08.728502+00:00,nein,abfrage
SVI-BLK,36,1,greninja-ex,Greninja,4,18,16,4,50.88,gholdengo-joltik-box,Gholdengo Joltik Box,3,100.0,3,0,0,overall,2026-10-09T06:46:08.728502+00:00,nein,abfrage
SVI-BLK,36,1,greninja-ex,Greninja,4,18,16,4,50.88,gardevoir-ex-sv,Gardevoir,2,50.0,1,1,0,overall,2026-10-09T06:46:08.728502+00:00,nein,abfrage
SVI-BLK,36,1,greninja-ex,Greninja,4,18,16,4,50.88,flareon-noctowl,Flareon Noctowl,2,0.0,0,2,0,overall,2026-10-09T06:46:08.728502+00:00,nein,abfrage
SVI-BLK,36,1,greninja-ex,Greninja,4,18,16,4,50.88,tera-box,Tera Box,2,50.0,1,1,0,overall,2026-10-09T06:46:08.728502+00:00,nein,abfrage
SVI-BLK,36,1,greninja-ex,Greninja,4,18,16,4,50.88,grimmsnarl-froslass,Grimmsnarl Froslass,1,100.0,1,0,0,overall,2026-10-09T06:46:08.728502+00:00,nein,abfrage
SVI-BLK,36,1,greninja-ex,Greninja,4,18,16,4,50.88,ethan-typhlosion,Ethan's Typhlosion,1,0.0,0,1,0,overall,2026-10-09T06:46:08.728502+00:00,nein,abfrage
SVI-BLK,36,1,greninja-ex,Greninja,4,18,16,4,50.88,joltik-box,Joltik Box,1,100.0,1,0,0,overall,2026-10-09T06:46:08.728502+00:00,nein,abfrage
SVI-BLK,36,1,greninja-ex,Greninja,4,18,16,4,50.88,dragapult-ex,Dragapult,1,0.0,0,1,0,overall,2026-10-09T06:46:08.728502+00:00,nein,abfrage
SVI-BLK,36,1,greninja-ex,Greninja,4,18,16,4,50.88,dragapult-charizard,Dragapult Charizard,1,33.33,0,0,1,overall,2026-10-09T06:46:08.728502+00:00,nein,abfrage
SVI-BLK,36,1,greninja-ex,Greninja,4,18,16,4,50.88,charizard-pidgeot,Charizard Pidgeot,1,0.0,0,1,0,overall,2026-10-09T06:46:08.728502+00:00,nein,abfrage
SVI-BLK,36,1,greninja-ex,Greninja,4,18,16,4,50.88,iron-hands-magneton,Iron Hands Magneton,1,0.0,0,1,0,overall,2026-10-09T06:46:08.728502+00:00,nein,abfrage
SVI-BLK,36,1,greninja-ex,Greninja,4,18,16,4,50.88,farigiraf-milotic,Farigiraf Milotic,1,100.0,1,0,0,overall,2026-10-09T06:46:08.728502+00:00,nein,abfrage
SVI-BLK,36,1,greninja-ex,Greninja,4,18,16,4,50.88,crustle-dri,Crustle,1,0.0,0,1,0,overall,2026-10-09T06:46:08.728502+00:00,nein,abfrage
SVI-BLK,36,1,greninja-ex,Greninja,4,18,16,4,50.88,gardevoir-jellicent,Gardevoir Jellicent,1,0.0,0,1,0,overall,2026-10-09T06:46:08.728502+00:00,nein,abfrage
SVI-BLK,36,1,greninja-ex,Greninja,4,18,16,4,50.88,ceruledge-ex,Ceruledge,1,100.0,1,0,0,overall,2026-10-09T06:46:08.728502+00:00,nein,abfrage
SVI-BLK,36,1,greninja-ex,Greninja,4,18,16,4,50.88,yanmega-ex,Yanmega,1,100.0,1,0,0,overall,2026-10-09T06:46:08.728502+00:00,nein,abfrage
SVI-BLK,36,1,greninja-ex,Greninja,4,18,16,4,50.88,terapagos-noctowl,Terapagos Noctowl,1,100.0,1,0,0,overall,2026-10-09T06:46:08.728502+00:00,nein,abfrage
SVI-BLK,36,1,greninja-ex,Greninja,4,18,16,4,50.88,dragapult-blaziken,Dragapult Blaziken,1,100.0,1,0,0,overall,2026-10-09T06:46:08.728502+00:00,nein,abfrage
SVI-BLK,36,1,greninja-ex,Greninja,4,18,16,4,50.88,pidgeot-control,Pidgeot Control,1,100.0,1,0,0,overall,2026-10-09T06:46:08.728502+00:00,nein,abfrage
SVI-BLK,36,1,grimmsnarl-froslass,Grimmsnarl Froslass,93,298,322,141,45.34,dragapult-dusknoir,Dragapult Dusknoir,117,53.56,55,39,23,overall,2026-10-09T06:46:10.611401+00:00,nein,abfrage
SVI-BLK,36,1,grimmsnarl-froslass,Grimmsnarl Froslass,93,298,322,141,45.34,raging-bolt-ogerpon,Raging Bolt Ogerpon,89,41.2,30,39,20,overall,2026-10-09T06:46:10.611401+00:00,nein,abfrage
SVI-BLK,36,1,grimmsnarl-froslass,Grimmsnarl Froslass,93,298,322,141,45.34,gholdengo-ex,Gholdengo,87,31.8,22,48,17,overall,2026-10-09T06:46:10.611401+00:00,nein,abfrage
SVI-BLK,36,1,grimmsnarl-froslass,Grimmsnarl Froslass,93,298,322,141,45.34,gardevoir-ex-sv,Gardevoir,64,55.21,31,20,13,overall,2026-10-09T06:46:10.611401+00:00,nein,abfrage
SVI-BLK,36,1,grimmsnarl-froslass,Grimmsnarl Froslass,93,298,322,141,45.34,charizard-pidgeot,Charizard Pidgeot,52,58.97,27,14,11,overall,2026-10-09T06:46:10.611401+00:00,nein,abfrage
SVI-BLK,36,1,grimmsnarl-froslass,Grimmsnarl Froslass,93,298,322,141,45.34,gholdengo-joltik-box,Gholdengo Joltik Box,40,22.5,7,27,6,overall,2026-10-09T06:46:10.611401+00:00,nein,abfrage
SVI-BLK,36,1,grimmsnarl-froslass,Grimmsnarl Froslass,93,298,322,141,45.34,tera-box,Tera Box,39,32.48,12,25,2,overall,2026-10-09T06:46:10.611401+00:00,nein,abfrage
SVI-BLK,36,1,grimmsnarl-froslass,Grimmsnarl Froslass,93,298,322,141,45.34,joltik-box,Joltik Box,32,40.63,11,15,6,overall,2026-10-09T06:46:10.611401+00:00,nein,abfrage
SVI-BLK,36,1,grimmsnarl-froslass,Grimmsnarl Froslass,93,298,322,141,45.34,flareon-noctowl,Flareon Noctowl,30,26.67,6,18,6,overall,2026-10-09T06:46:10.611401+00:00,nein,abfrage
SVI-BLK,36,1,grimmsnarl-froslass,Grimmsnarl Froslass,93,298,322,141,45.34,dragapult-ex,Dragapult,27,56.79,15,11,1,overall,2026-10-09T06:46:10.611401+00:00,nein,abfrage
SVI-BLK,36,1,grimmsnarl-froslass,Grimmsnarl Froslass,93,298,322,141,45.34,dragapult-charizard,Dragapult Charizard,16,52.08,7,5,4,overall,2026-10-09T06:46:10.611401+00:00,nein,abfrage
SVI-BLK,36,1,grimmsnarl-froslass,Grimmsnarl Froslass,93,298,322,141,45.34,grimmsnarl-froslass,Grimmsnarl Froslass,15,45.56,11,11,8,overall,2026-10-09T06:46:10.611401+00:00,ja,abfrage
SVI-BLK,36,1,grimmsnarl-froslass,Grimmsnarl Froslass,93,298,322,141,45.34,gardevoir-jellicent,Gardevoir Jellicent,14,78.57,10,1,3,overall,2026-10-09T06:46:10.611401+00:00,nein,abfrage
SVI-BLK,36,1,grimmsnarl-froslass,Grimmsnarl Froslass,93,298,322,141,45.34,ho-oh-armarouge,Ho-Oh Armarouge,13,46.15,6,7,0,overall,2026-10-09T06:46:10.611401+00:00,nein,abfrage
SVI-BLK,36,1,grimmsnarl-froslass,Grimmsnarl Froslass,93,298,322,141,45.34,crustle-dri,Crustle,11,30.3,3,7,1,overall,2026-10-09T06:46:10.611401+00:00,nein,abfrage
SVI-BLK,36,1,grimmsnarl-froslass,Grimmsnarl Froslass,93,298,322,141,45.34,n-zoroark,N's Zoroark,9,48.15,4,4,1,overall,2026-10-09T06:46:10.611401+00:00,nein,abfrage
SVI-BLK,36,1,grimmsnarl-froslass,Grimmsnarl Froslass,93,298,322,141,45.34,ethan-typhlosion,Ethan's Typhlosion,9,70.37,6,2,1,overall,2026-10-09T06:46:10.611401+00:00,nein,abfrage
SVI-BLK,36,1,grimmsnarl-froslass,Grimmsnarl Froslass,93,298,322,141,45.34,ceruledge-ex,Ceruledge,8,37.5,2,3,3,overall,2026-10-09T06:46:10.611401+00:00,nein,abfrage
SVI-BLK,36,1,grimmsnarl-froslass,Grimmsnarl Froslass,93,298,322,141,45.34,other,Other,6,83.33,5,1,0,overall,2026-10-09T06:46:10.611401+00:00,nein,abfrage
SVI-BLK,36,1,grimmsnarl-froslass,Grimmsnarl Froslass,93,298,322,141,45.34,ogerpon-ex,Ogerpon,5,13.33,0,3,2,overall,2026-10-09T06:46:10.611401+00:00,nein,abfrage
SVI-BLK,36,1,grimmsnarl-froslass,Grimmsnarl Froslass,93,298,322,141,45.34,slowking-scr,Slowking,4,58.33,2,1,1,overall,2026-10-09T06:46:10.611401+00:00,nein,abfrage
SVI-BLK,36,1,grimmsnarl-froslass,Grimmsnarl Froslass,93,298,322,141,45.34,cynthia-garchomp-ex,Cynthia's Garchomp,4,58.33,2,1,1,overall,2026-10-09T06:46:10.611401+00:00,nein,abfrage
SVI-BLK,36,1,grimmsnarl-froslass,Grimmsnarl Froslass,93,298,322,141,45.34,froslass-munkidori,Froslass Munkidori,4,33.33,1,2,1,overall,2026-10-09T06:46:10.611401+00:00,nein,abfrage
SVI-BLK,36,1,grimmsnarl-froslass,Grimmsnarl Froslass,93,298,322,141,45.34,rocket-mewtwo-ex,Rocket's Mewtwo,4,50.0,2,2,0,overall,2026-10-09T06:46:10.611401+00:00,nein,abfrage
SVI-BLK,36,1,grimmsnarl-froslass,Grimmsnarl Froslass,93,298,322,141,45.34,flareon-ex,Flareon,3,100.0,3,0,0,overall,2026-10-09T06:46:10.611401+00:00,nein,abfrage
SVI-BLK,36,1,grimmsnarl-froslass,Grimmsnarl Froslass,93,298,322,141,45.34,conkeldurr-twm,Conkeldurr,3,33.33,1,2,0,overall,2026-10-09T06:46:10.611401+00:00,nein,abfrage
SVI-BLK,36,1,grimmsnarl-froslass,Grimmsnarl Froslass,93,298,322,141,45.34,charizard-dusknoir,Charizard Dusknoir,3,66.67,2,1,0,overall,2026-10-09T06:46:10.611401+00:00,nein,abfrage
SVI-BLK,36,1,grimmsnarl-froslass,Grimmsnarl Froslass,93,298,322,141,45.34,mamoswine-ex,Mamoswine,3,33.33,1,2,0,overall,2026-10-09T06:46:10.611401+00:00,nein,abfrage
SVI-BLK,36,1,grimmsnarl-froslass,Grimmsnarl Froslass,93,298,322,141,45.34,farigiraf-ex,Farigiraf,3,55.56,1,0,2,overall,2026-10-09T06:46:10.611401+00:00,nein,abfrage
SVI-BLK,36,1,grimmsnarl-froslass,Grimmsnarl Froslass,93,298,322,141,45.34,miraidon-eelektrik,Miraidon Eelektrik,3,33.33,1,2,0,overall,2026-10-09T06:46:10.611401+00:00,nein,abfrage
SVI-BLK,36,1,grimmsnarl-froslass,Grimmsnarl Froslass,93,298,322,141,45.34,pidgeot-control,Pidgeot Control,2,50.0,1,1,0,overall,2026-10-09T06:46:10.611401+00:00,nein,abfrage
SVI-BLK,36,1,grimmsnarl-froslass,Grimmsnarl Froslass,93,298,322,141,45.34,feraligatr-tef,Feraligatr,2,66.67,1,0,1,overall,2026-10-09T06:46:10.611401+00:00,nein,abfrage
SVI-BLK,36,1,grimmsnarl-froslass,Grimmsnarl Froslass,93,298,322,141,45.34,charizard-noctowl,Charizard Noctowl,2,0.0,0,2,0,overall,2026-10-09T06:46:10.611401+00:00,nein,abfrage
SVI-BLK,36,1,grimmsnarl-froslass,Grimmsnarl Froslass,93,298,322,141,45.34,blissey-ex,Blissey,2,50.0,1,1,0,overall,2026-10-09T06:46:10.611401+00:00,nein,abfrage
SVI-BLK,36,1,grimmsnarl-froslass,Grimmsnarl Froslass,93,298,322,141,45.34,hydreigon-ex,Hydreigon,2,33.33,0,0,2,overall,2026-10-09T06:46:10.611401+00:00,nein,abfrage
SVI-BLK,36,1,grimmsnarl-froslass,Grimmsnarl Froslass,93,298,322,141,45.34,greninja-ex,Greninja,1,0.0,0,1,0,overall,2026-10-09T06:46:10.611401+00:00,nein,abfrage
SVI-BLK,36,1,grimmsnarl-froslass,Grimmsnarl Froslass,93,298,322,141,45.34,rocket-spidops,Rocket's Spidops,1,100.0,1,0,0,overall,2026-10-09T06:46:10.611401+00:00,nein,abfrage
SVI-BLK,36,1,grimmsnarl-froslass,Grimmsnarl Froslass,93,298,322,141,45.34,iron-hands-magneton,Iron Hands Magneton,1,100.0,1,0,0,overall,2026-10-09T06:46:10.611401+00:00,nein,abfrage
SVI-BLK,36,1,grimmsnarl-froslass,Grimmsnarl Froslass,93,298,322,141,45.34,hydrapple-ogerpon,Hydrapple Ogerpon,1,100.0,1,0,0,overall,2026-10-09T06:46:10.611401+00:00,nein,abfrage
SVI-BLK,36,1,grimmsnarl-froslass,Grimmsnarl Froslass,93,298,322,141,45.34,roaring-moon-ex,Roaring Moon,1,33.33,0,0,1,overall,2026-10-09T06:46:10.611401+00:00,nein,abfrage
SVI-BLK,36,1,grimmsnarl-froslass,Grimmsnarl Froslass,93,298,322,141,45.34,okidogi-twm,Okidogi,1,0.0,0,1,0,overall,2026-10-09T06:46:10.611401+00:00,nein,abfrage
SVI-BLK,36,1,grimmsnarl-froslass,Grimmsnarl Froslass,93,298,322,141,45.34,scovillain-ex,Scovillain,1,100.0,1,0,0,overall,2026-10-09T06:46:10.611401+00:00,nein,abfrage
SVI-BLK,36,1,grimmsnarl-froslass,Grimmsnarl Froslass,93,298,322,141,45.34,yanmega-ex,Yanmega,1,33.33,0,0,1,overall,2026-10-09T06:46:10.611401+00:00,nein,abfrage
SVI-BLK,36,1,grimmsnarl-froslass,Grimmsnarl Froslass,93,298,322,141,45.34,dragapult-iron-thorns,Dragapult Iron Thorns,1,0.0,0,1,0,overall,2026-10-09T06:46:10.611401+00:00,nein,abfrage
SVI-BLK,36,1,grimmsnarl-froslass,Grimmsnarl Froslass,93,298,322,141,45.34,spidops-ex,Spidops,1,100.0,1,0,0,overall,2026-10-09T06:46:10.611401+00:00,nein,abfrage
SVI-BLK,36,1,grimmsnarl-froslass,Grimmsnarl Froslass,93,298,322,141,45.34,ancient-box,Ancient Box,1,33.33,0,0,1,overall,2026-10-09T06:46:10.611401+00:00,nein,abfrage
SVI-BLK,36,1,grimmsnarl-froslass,Grimmsnarl Froslass,93,298,322,141,45.34,reging-bolt-bellibolt,Raging Bolt Bellibolt,1,100.0,1,0,0,overall,2026-10-09T06:46:10.611401+00:00,nein,abfrage
SVI-BLK,36,1,grimmsnarl-froslass,Grimmsnarl Froslass,93,298,322,141,45.34,hop-zacian,Hop's Zacian,1,0.0,0,1,0,overall,2026-10-09T06:46:10.611401+00:00,nein,abfrage
SVI-BLK,36,1,grimmsnarl-froslass,Grimmsnarl Froslass,93,298,322,141,45.34,dragapult-blaziken,Dragapult Blaziken,1,100.0,1,0,0,overall,2026-10-09T06:46:10.611401+00:00,nein,abfrage
SVI-BLK,36,1,grimmsnarl-froslass,Grimmsnarl Froslass,93,298,322,141,45.34,miraidon-ex,Miraidon,1,0.0,0,1,0,overall,2026-10-09T06:46:10.611401+00:00,nein,abfrage
SVI-BLK,36,1,grimmsnarl-froslass,Grimmsnarl Froslass,93,298,322,141,45.34,dragapult-zoroark,Dragapult Zoroark,1,100.0,1,0,0,overall,2026-10-09T06:46:10.611401+00:00,nein,abfrage
SVI-BLK,36,1,heatran-metang,Heatran Metang,1,1,6,1,16.67,raging-bolt-ogerpon,Raging Bolt Ogerpon,2,66.67,1,0,1,overall,2026-10-09T06:46:12.473937+00:00,nein,abfrage
SVI-BLK,36,1,heatran-metang,Heatran Metang,1,1,6,1,16.67,charizard-pidgeot,Charizard Pidgeot,1,0.0,0,1,0,overall,2026-10-09T06:46:12.473937+00:00,nein,abfrage
SVI-BLK,36,1,heatran-metang,Heatran Metang,1,1,6,1,16.67,gardevoir-ex-sv,Gardevoir,1,0.0,0,1,0,overall,2026-10-09T06:46:12.473937+00:00,nein,abfrage
SVI-BLK,36,1,heatran-metang,Heatran Metang,1,1,6,1,16.67,terapagos-noctowl,Terapagos Noctowl,1,0.0,0,1,0,overall,2026-10-09T06:46:12.473937+00:00,nein,abfrage
SVI-BLK,36,1,heatran-metang,Heatran Metang,1,1,6,1,16.67,charizard-dusknoir,Charizard Dusknoir,1,0.0,0,1,0,overall,2026-10-09T06:46:12.473937+00:00,nein,abfrage
SVI-BLK,36,1,heatran-metang,Heatran Metang,1,1,6,1,16.67,dragapult-dusknoir,Dragapult Dusknoir,1,0.0,0,1,0,overall,2026-10-09T06:46:12.473937+00:00,nein,abfrage
SVI-BLK,36,1,ho-oh-armarouge,Ho-Oh Armarouge,37,134,140,47,46.63,raging-bolt-ogerpon,Raging Bolt Ogerpon,44,43.18,16,19,9,overall,2026-10-09T06:46:14.351413+00:00,nein,abfrage
SVI-BLK,36,1,ho-oh-armarouge,Ho-Oh Armarouge,37,134,140,47,46.63,dragapult-dusknoir,Dragapult Dusknoir,37,45.95,17,20,0,overall,2026-10-09T06:46:14.351413+00:00,nein,abfrage
SVI-BLK,36,1,ho-oh-armarouge,Ho-Oh Armarouge,37,134,140,47,46.63,gholdengo-ex,Gholdengo,35,44.76,15,18,2,overall,2026-10-09T06:46:14.351413+00:00,nein,abfrage
SVI-BLK,36,1,ho-oh-armarouge,Ho-Oh Armarouge,37,134,140,47,46.63,gardevoir-ex-sv,Gardevoir,29,42.53,11,14,4,overall,2026-10-09T06:46:14.351413+00:00,nein,abfrage
SVI-BLK,36,1,ho-oh-armarouge,Ho-Oh Armarouge,37,134,140,47,46.63,gholdengo-joltik-box,Gholdengo Joltik Box,22,51.52,10,8,4,overall,2026-10-09T06:46:14.351413+00:00,nein,abfrage
SVI-BLK,36,1,ho-oh-armarouge,Ho-Oh Armarouge,37,134,140,47,46.63,charizard-pidgeot,Charizard Pidgeot,21,36.51,6,10,5,overall,2026-10-09T06:46:14.351413+00:00,nein,abfrage
SVI-BLK,36,1,ho-oh-armarouge,Ho-Oh Armarouge,37,134,140,47,46.63,flareon-noctowl,Flareon Noctowl,15,66.67,10,5,0,overall,2026-10-09T06:46:14.351413+00:00,nein,abfrage
SVI-BLK,36,1,ho-oh-armarouge,Ho-Oh Armarouge,37,134,140,47,46.63,grimmsnarl-froslass,Grimmsnarl Froslass,13,53.85,7,6,0,overall,2026-10-09T06:46:14.351413+00:00,nein,abfrage
SVI-BLK,36,1,ho-oh-armarouge,Ho-Oh Armarouge,37,134,140,47,46.63,gardevoir-jellicent,Gardevoir Jellicent,10,30.0,2,5,3,overall,2026-10-09T06:46:14.351413+00:00,nein,abfrage
SVI-BLK,36,1,ho-oh-armarouge,Ho-Oh Armarouge,37,134,140,47,46.63,joltik-box,Joltik Box,9,14.81,1,7,1,overall,2026-10-09T06:46:14.351413+00:00,nein,abfrage
SVI-BLK,36,1,ho-oh-armarouge,Ho-Oh Armarouge,37,134,140,47,46.63,ethan-typhlosion,Ethan's Typhlosion,9,37.04,3,5,1,overall,2026-10-09T06:46:14.351413+00:00,nein,abfrage
SVI-BLK,36,1,ho-oh-armarouge,Ho-Oh Armarouge,37,134,140,47,46.63,dragapult-ex,Dragapult,8,50.0,3,2,3,overall,2026-10-09T06:46:14.351413+00:00,nein,abfrage
SVI-BLK,36,1,ho-oh-armarouge,Ho-Oh Armarouge,37,134,140,47,46.63,crustle-dri,Crustle,8,79.17,6,1,1,overall,2026-10-09T06:46:14.351413+00:00,nein,abfrage
SVI-BLK,36,1,ho-oh-armarouge,Ho-Oh Armarouge,37,134,140,47,46.63,tera-box,Tera Box,7,57.14,3,1,3,overall,2026-10-09T06:46:14.351413+00:00,nein,abfrage
SVI-BLK,36,1,ho-oh-armarouge,Ho-Oh Armarouge,37,134,140,47,46.63,dragapult-charizard,Dragapult Charizard,6,44.44,2,2,2,overall,2026-10-09T06:46:14.351413+00:00,nein,abfrage
SVI-BLK,36,1,ho-oh-armarouge,Ho-Oh Armarouge,37,134,140,47,46.63,ceruledge-ex,Ceruledge,5,53.33,2,1,2,overall,2026-10-09T06:46:14.351413+00:00,nein,abfrage
SVI-BLK,36,1,ho-oh-armarouge,Ho-Oh Armarouge,37,134,140,47,46.63,n-zoroark,N's Zoroark,4,83.33,3,0,1,overall,2026-10-09T06:46:14.351413+00:00,nein,abfrage
SVI-BLK,36,1,ho-oh-armarouge,Ho-Oh Armarouge,37,134,140,47,46.63,pidgeot-control,Pidgeot Control,4,83.33,3,0,1,overall,2026-10-09T06:46:14.351413+00:00,nein,abfrage
SVI-BLK,36,1,ho-oh-armarouge,Ho-Oh Armarouge,37,134,140,47,46.63,other,Other,4,75.0,3,1,0,overall,2026-10-09T06:46:14.351413+00:00,nein,abfrage
SVI-BLK,36,1,ho-oh-armarouge,Ho-Oh Armarouge,37,134,140,47,46.63,cynthia-garchomp-ex,Cynthia's Garchomp,3,77.78,2,0,1,overall,2026-10-09T06:46:14.351413+00:00,nein,abfrage
SVI-BLK,36,1,ho-oh-armarouge,Ho-Oh Armarouge,37,134,140,47,46.63,iron-hands-magneton,Iron Hands Magneton,3,33.33,1,2,0,overall,2026-10-09T06:46:14.351413+00:00,nein,abfrage
SVI-BLK,36,1,ho-oh-armarouge,Ho-Oh Armarouge,37,134,140,47,46.63,festival-lead,Festival Lead,3,11.11,0,2,1,overall,2026-10-09T06:46:14.351413+00:00,nein,abfrage
SVI-BLK,36,1,ho-oh-armarouge,Ho-Oh Armarouge,37,134,140,47,46.63,farigiraf-milotic,Farigiraf Milotic,3,33.33,1,2,0,overall,2026-10-09T06:46:14.351413+00:00,nein,abfrage
SVI-BLK,36,1,ho-oh-armarouge,Ho-Oh Armarouge,37,134,140,47,46.63,dragapult-iron-thorns,Dragapult Iron Thorns,2,100.0,2,0,0,overall,2026-10-09T06:46:14.351413+00:00,nein,abfrage
SVI-BLK,36,1,ho-oh-armarouge,Ho-Oh Armarouge,37,134,140,47,46.63,rocket-mewtwo-ex,Rocket's Mewtwo,2,50.0,1,1,0,overall,2026-10-09T06:46:14.351413+00:00,nein,abfrage
SVI-BLK,36,1,ho-oh-armarouge,Ho-Oh Armarouge,37,134,140,47,46.63,slowking-scr,Slowking,1,0.0,0,1,0,overall,2026-10-09T06:46:14.351413+00:00,nein,abfrage
SVI-BLK,36,1,ho-oh-armarouge,Ho-Oh Armarouge,37,134,140,47,46.63,hydrapple-ogerpon,Hydrapple Ogerpon,1,0.0,0,1,0,overall,2026-10-09T06:46:14.351413+00:00,nein,abfrage
SVI-BLK,36,1,ho-oh-armarouge,Ho-Oh Armarouge,37,134,140,47,46.63,ho-oh-armarouge,Ho-Oh Armarouge,1,50.0,1,1,0,overall,2026-10-09T06:46:14.351413+00:00,ja,abfrage
SVI-BLK,36,1,ho-oh-armarouge,Ho-Oh Armarouge,37,134,140,47,46.63,froslass-munkidori,Froslass Munkidori,1,33.33,0,0,1,overall,2026-10-09T06:46:14.351413+00:00,nein,abfrage
SVI-BLK,36,1,ho-oh-armarouge,Ho-Oh Armarouge,37,134,140,47,46.63,chien-pao-baxcalibur,Chien-Pao Baxcalibur,1,33.33,0,0,1,overall,2026-10-09T06:46:14.351413+00:00,nein,abfrage
SVI-BLK,36,1,ho-oh-armarouge,Ho-Oh Armarouge,37,134,140,47,46.63,blaziken-ex-jtg,Blaziken,1,0.0,0,1,0,overall,2026-10-09T06:46:14.351413+00:00,nein,abfrage
SVI-BLK,36,1,ho-oh-armarouge,Ho-Oh Armarouge,37,134,140,47,46.63,rocket-spidops,Rocket's Spidops,1,100.0,1,0,0,overall,2026-10-09T06:46:14.351413+00:00,nein,abfrage
SVI-BLK,36,1,ho-oh-armarouge,Ho-Oh Armarouge,37,134,140,47,46.63,charizard-dusknoir,Charizard Dusknoir,1,0.0,0,1,0,overall,2026-10-09T06:46:14.351413+00:00,nein,abfrage
SVI-BLK,36,1,ho-oh-armarouge,Ho-Oh Armarouge,37,134,140,47,46.63,okidogi-twm,Okidogi,1,0.0,0,1,0,overall,2026-10-09T06:46:14.351413+00:00,nein,abfrage
SVI-BLK,36,1,ho-oh-armarouge,Ho-Oh Armarouge,37,134,140,47,46.63,conkeldurr-twm,Conkeldurr,1,33.33,0,0,1,overall,2026-10-09T06:46:14.351413+00:00,nein,abfrage
SVI-BLK,36,1,ho-oh-armarouge,Ho-Oh Armarouge,37,134,140,47,46.63,mamoswine-ex,Mamoswine,1,100.0,1,0,0,overall,2026-10-09T06:46:14.351413+00:00,nein,abfrage
SVI-BLK,36,1,ho-oh-armarouge,Ho-Oh Armarouge,37,134,140,47,46.63,charizard-noctowl,Charizard Noctowl,1,0.0,0,1,0,overall,2026-10-09T06:46:14.351413+00:00,nein,abfrage
SVI-BLK,36,1,hop-zacian,Hop's Zacian,1,1,5,1,19.05,charizard-pidgeot,Charizard Pidgeot,2,0.0,0,2,0,overall,2026-10-09T06:46:16.241055+00:00,nein,abfrage
SVI-BLK,36,1,hop-zacian,Hop's Zacian,1,1,5,1,19.05,gardevoir-ex-sv,Gardevoir,1,0.0,0,1,0,overall,2026-10-09T06:46:16.241055+00:00,nein,abfrage
SVI-BLK,36,1,hop-zacian,Hop's Zacian,1,1,5,1,19.05,flareon-noctowl,Flareon Noctowl,1,33.33,0,0,1,overall,2026-10-09T06:46:16.241055+00:00,nein,abfrage
SVI-BLK,36,1,hop-zacian,Hop's Zacian,1,1,5,1,19.05,dragapult-dusknoir,Dragapult Dusknoir,1,0.0,0,1,0,overall,2026-10-09T06:46:16.241055+00:00,nein,abfrage
SVI-BLK,36,1,hop-zacian,Hop's Zacian,1,1,5,1,19.05,grimmsnarl-froslass,Grimmsnarl Froslass,1,100.0,1,0,0,overall,2026-10-09T06:46:16.241055+00:00,nein,abfrage
SVI-BLK,36,1,hop-zacian,Hop's Zacian,1,1,5,1,19.05,raging-bolt-ogerpon,Raging Bolt Ogerpon,1,0.0,0,1,0,overall,2026-10-09T06:46:16.241055+00:00,nein,abfrage
SVI-BLK,36,1,hydrapple-ogerpon,Hydrapple Ogerpon,1,1,3,1,26.67,ho-oh-armarouge,Ho-Oh Armarouge,1,100.0,1,0,0,overall,2026-10-09T06:46:18.110661+00:00,nein,abfrage
SVI-BLK,36,1,hydrapple-ogerpon,Hydrapple Ogerpon,1,1,3,1,26.67,grimmsnarl-froslass,Grimmsnarl Froslass,1,0.0,0,1,0,overall,2026-10-09T06:46:18.110661+00:00,nein,abfrage
SVI-BLK,36,1,hydrapple-ogerpon,Hydrapple Ogerpon,1,1,3,1,26.67,n-zoroark,N's Zoroark,1,0.0,0,1,0,overall,2026-10-09T06:46:18.110661+00:00,nein,abfrage
SVI-BLK,36,1,hydrapple-ogerpon,Hydrapple Ogerpon,1,1,3,1,26.67,roaring-moon-ex,Roaring Moon,1,33.33,0,0,1,overall,2026-10-09T06:46:18.110661+00:00,nein,abfrage
SVI-BLK,36,1,hydrapple-ogerpon,Hydrapple Ogerpon,1,1,3,1,26.67,gardevoir-ex-sv,Gardevoir,1,0.0,0,1,0,overall,2026-10-09T06:46:18.110661+00:00,nein,abfrage
SVI-BLK,36,1,hydreigon-ex,Hydreigon,11,28,42,8,39.32,dragapult-dusknoir,Dragapult Dusknoir,14,35.71,5,9,0,overall,2026-10-09T06:46:20.002912+00:00,nein,abfrage
SVI-BLK,36,1,hydreigon-ex,Hydreigon,11,28,42,8,39.32,gholdengo-ex,Gholdengo,7,23.81,1,4,2,overall,2026-10-09T06:46:20.002912+00:00,nein,abfrage
SVI-BLK,36,1,hydreigon-ex,Hydreigon,11,28,42,8,39.32,charizard-pidgeot,Charizard Pidgeot,7,57.14,4,3,0,overall,2026-10-09T06:46:20.002912+00:00,nein,abfrage
SVI-BLK,36,1,hydreigon-ex,Hydreigon,11,28,42,8,39.32,gardevoir-ex-sv,Gardevoir,7,33.33,2,4,1,overall,2026-10-09T06:46:20.002912+00:00,nein,abfrage
SVI-BLK,36,1,hydreigon-ex,Hydreigon,11,28,42,8,39.32,raging-bolt-ogerpon,Raging Bolt Ogerpon,7,14.29,1,6,0,overall,2026-10-09T06:46:20.002912+00:00,nein,abfrage
SVI-BLK,36,1,hydreigon-ex,Hydreigon,11,28,42,8,39.32,gholdengo-joltik-box,Gholdengo Joltik Box,4,75.0,3,1,0,overall,2026-10-09T06:46:20.002912+00:00,nein,abfrage
SVI-BLK,36,1,hydreigon-ex,Hydreigon,11,28,42,8,39.32,joltik-box,Joltik Box,3,100.0,3,0,0,overall,2026-10-09T06:46:20.002912+00:00,nein,abfrage
SVI-BLK,36,1,hydreigon-ex,Hydreigon,11,28,42,8,39.32,tera-box,Tera Box,3,11.11,0,2,1,overall,2026-10-09T06:46:20.002912+00:00,nein,abfrage
SVI-BLK,36,1,hydreigon-ex,Hydreigon,11,28,42,8,39.32,flareon-noctowl,Flareon Noctowl,3,0.0,0,3,0,overall,2026-10-09T06:46:20.002912+00:00,nein,abfrage
SVI-BLK,36,1,hydreigon-ex,Hydreigon,11,28,42,8,39.32,dragapult-charizard,Dragapult Charizard,2,50.0,1,1,0,overall,2026-10-09T06:46:20.002912+00:00,nein,abfrage
SVI-BLK,36,1,hydreigon-ex,Hydreigon,11,28,42,8,39.32,grimmsnarl-froslass,Grimmsnarl Froslass,2,33.33,0,0,2,overall,2026-10-09T06:46:20.002912+00:00,nein,abfrage
SVI-BLK,36,1,hydreigon-ex,Hydreigon,11,28,42,8,39.32,n-zoroark,N's Zoroark,2,50.0,1,1,0,overall,2026-10-09T06:46:20.002912+00:00,nein,abfrage
SVI-BLK,36,1,hydreigon-ex,Hydreigon,11,28,42,8,39.32,roaring-moon-ex,Roaring Moon,2,50.0,1,1,0,overall,2026-10-09T06:46:20.002912+00:00,nein,abfrage
SVI-BLK,36,1,hydreigon-ex,Hydreigon,11,28,42,8,39.32,iron-hands-magneton,Iron Hands Magneton,2,100.0,2,0,0,overall,2026-10-09T06:46:20.002912+00:00,nein,abfrage
SVI-BLK,36,1,hydreigon-ex,Hydreigon,11,28,42,8,39.32,farigiraf-milotic,Farigiraf Milotic,1,0.0,0,1,0,overall,2026-10-09T06:46:20.002912+00:00,nein,abfrage
SVI-BLK,36,1,hydreigon-ex,Hydreigon,11,28,42,8,39.32,spidops-ex,Spidops,1,0.0,0,1,0,overall,2026-10-09T06:46:20.002912+00:00,nein,abfrage
SVI-BLK,36,1,hydreigon-ex,Hydreigon,11,28,42,8,39.32,crustle-dri,Crustle,1,100.0,1,0,0,overall,2026-10-09T06:46:20.002912+00:00,nein,abfrage
SVI-BLK,36,1,hydreigon-ex,Hydreigon,11,28,42,8,39.32,ceruledge-ex,Ceruledge,1,33.33,0,0,1,overall,2026-10-09T06:46:20.002912+00:00,nein,abfrage
SVI-BLK,36,1,hydreigon-ex,Hydreigon,11,28,42,8,39.32,ogerpon-ex,Ogerpon,1,0.0,0,1,0,overall,2026-10-09T06:46:20.002912+00:00,nein,abfrage
SVI-BLK,36,1,hydreigon-ex,Hydreigon,11,28,42,8,39.32,azumarill-ssp,Azumarill,1,100.0,1,0,0,overall,2026-10-09T06:46:20.002912+00:00,nein,abfrage
SVI-BLK,36,1,hydreigon-ex,Hydreigon,11,28,42,8,39.32,gardevoir-jellicent,Gardevoir Jellicent,1,33.33,0,0,1,overall,2026-10-09T06:46:20.002912+00:00,nein,abfrage
SVI-BLK,36,1,hydreigon-ex,Hydreigon,11,28,42,8,39.32,dragapult-ex,Dragapult,1,0.0,0,1,0,overall,2026-10-09T06:46:20.002912+00:00,nein,abfrage
SVI-BLK,36,1,hydreigon-ex,Hydreigon,11,28,42,8,39.32,conkeldurr-twm,Conkeldurr,1,0.0,0,1,0,overall,2026-10-09T06:46:20.002912+00:00,nein,abfrage
SVI-BLK,36,1,hydreigon-ex,Hydreigon,11,28,42,8,39.32,hydreigon-ex,Hydreigon,1,50.0,1,1,0,overall,2026-10-09T06:46:20.002912+00:00,ja,abfrage
SVI-BLK,36,1,hydreigon-ex,Hydreigon,11,28,42,8,39.32,poison-archaludon,Poison Archaludon,1,0.0,0,1,0,overall,2026-10-09T06:46:20.002912+00:00,nein,abfrage
SVI-BLK,36,1,hydreigon-ex,Hydreigon,11,28,42,8,39.32,mamoswine-ex,Mamoswine,1,100.0,1,0,0,overall,2026-10-09T06:46:20.002912+00:00,nein,abfrage
SVI-BLK,36,1,iron-hands-magneton,Iron Hands Magneton,12,31,48,12,38.46,gholdengo-ex,Gholdengo,16,33.33,4,8,4,overall,2026-10-09T06:46:21.885572+00:00,nein,abfrage
SVI-BLK,36,1,iron-hands-magneton,Iron Hands Magneton,12,31,48,12,38.46,gardevoir-ex-sv,Gardevoir,7,42.86,2,2,3,overall,2026-10-09T06:46:21.885572+00:00,nein,abfrage
SVI-BLK,36,1,iron-hands-magneton,Iron Hands Magneton,12,31,48,12,38.46,gholdengo-joltik-box,Gholdengo Joltik Box,7,57.14,4,3,0,overall,2026-10-09T06:46:21.885572+00:00,nein,abfrage
SVI-BLK,36,1,iron-hands-magneton,Iron Hands Magneton,12,31,48,12,38.46,raging-bolt-ogerpon,Raging Bolt Ogerpon,6,38.89,2,3,1,overall,2026-10-09T06:46:21.885572+00:00,nein,abfrage
SVI-BLK,36,1,iron-hands-magneton,Iron Hands Magneton,12,31,48,12,38.46,charizard-pidgeot,Charizard Pidgeot,6,66.67,4,2,0,overall,2026-10-09T06:46:21.885572+00:00,nein,abfrage
SVI-BLK,36,1,iron-hands-magneton,Iron Hands Magneton,12,31,48,12,38.46,tera-box,Tera Box,6,22.22,1,4,1,overall,2026-10-09T06:46:21.885572+00:00,nein,abfrage
SVI-BLK,36,1,iron-hands-magneton,Iron Hands Magneton,12,31,48,12,38.46,crustle-dri,Crustle,6,0.0,0,6,0,overall,2026-10-09T06:46:21.885572+00:00,nein,abfrage
SVI-BLK,36,1,iron-hands-magneton,Iron Hands Magneton,12,31,48,12,38.46,joltik-box,Joltik Box,5,26.67,1,3,1,overall,2026-10-09T06:46:21.885572+00:00,nein,abfrage
SVI-BLK,36,1,iron-hands-magneton,Iron Hands Magneton,12,31,48,12,38.46,dragapult-dusknoir,Dragapult Dusknoir,4,58.33,2,1,1,overall,2026-10-09T06:46:21.885572+00:00,nein,abfrage
SVI-BLK,36,1,iron-hands-magneton,Iron Hands Magneton,12,31,48,12,38.46,dragapult-ex,Dragapult,3,0.0,0,3,0,overall,2026-10-09T06:46:21.885572+00:00,nein,abfrage
SVI-BLK,36,1,iron-hands-magneton,Iron Hands Magneton,12,31,48,12,38.46,ethan-typhlosion,Ethan's Typhlosion,3,0.0,0,3,0,overall,2026-10-09T06:46:21.885572+00:00,nein,abfrage
SVI-BLK,36,1,iron-hands-magneton,Iron Hands Magneton,12,31,48,12,38.46,ho-oh-armarouge,Ho-Oh Armarouge,3,66.67,2,1,0,overall,2026-10-09T06:46:21.885572+00:00,nein,abfrage
SVI-BLK,36,1,iron-hands-magneton,Iron Hands Magneton,12,31,48,12,38.46,flareon-noctowl,Flareon Noctowl,3,33.33,1,2,0,overall,2026-10-09T06:46:21.885572+00:00,nein,abfrage
SVI-BLK,36,1,iron-hands-magneton,Iron Hands Magneton,12,31,48,12,38.46,flareon-ex,Flareon,2,100.0,2,0,0,overall,2026-10-09T06:46:21.885572+00:00,nein,abfrage
SVI-BLK,36,1,iron-hands-magneton,Iron Hands Magneton,12,31,48,12,38.46,ceruledge-ex,Ceruledge,2,50.0,1,1,0,overall,2026-10-09T06:46:21.885572+00:00,nein,abfrage
SVI-BLK,36,1,iron-hands-magneton,Iron Hands Magneton,12,31,48,12,38.46,hydreigon-ex,Hydreigon,2,0.0,0,2,0,overall,2026-10-09T06:46:21.885572+00:00,nein,abfrage
SVI-BLK,36,1,iron-hands-magneton,Iron Hands Magneton,12,31,48,12,38.46,dragapult-blaziken,Dragapult Blaziken,1,100.0,1,0,0,overall,2026-10-09T06:46:21.885572+00:00,nein,abfrage
SVI-BLK,36,1,iron-hands-magneton,Iron Hands Magneton,12,31,48,12,38.46,grimmsnarl-froslass,Grimmsnarl Froslass,1,0.0,0,1,0,overall,2026-10-09T06:46:21.885572+00:00,nein,abfrage
SVI-BLK,36,1,iron-hands-magneton,Iron Hands Magneton,12,31,48,12,38.46,pidgeot-control,Pidgeot Control,1,0.0,0,1,0,overall,2026-10-09T06:46:21.885572+00:00,nein,abfrage
SVI-BLK,36,1,iron-hands-magneton,Iron Hands Magneton,12,31,48,12,38.46,dragapult-charizard,Dragapult Charizard,1,33.33,0,0,1,overall,2026-10-09T06:46:21.885572+00:00,nein,abfrage
SVI-BLK,36,1,iron-hands-magneton,Iron Hands Magneton,12,31,48,12,38.46,n-zoroark,N's Zoroark,1,100.0,1,0,0,overall,2026-10-09T06:46:21.885572+00:00,nein,abfrage
SVI-BLK,36,1,iron-hands-magneton,Iron Hands Magneton,12,31,48,12,38.46,chien-pao-baxcalibur,Chien-Pao Baxcalibur,1,100.0,1,0,0,overall,2026-10-09T06:46:21.885572+00:00,nein,abfrage
SVI-BLK,36,1,iron-hands-magneton,Iron Hands Magneton,12,31,48,12,38.46,greninja-ex,Greninja,1,100.0,1,0,0,overall,2026-10-09T06:46:21.885572+00:00,nein,abfrage
SVI-BLK,36,1,iron-hands-magneton,Iron Hands Magneton,12,31,48,12,38.46,farigiraf-milotic,Farigiraf Milotic,1,0.0,0,1,0,overall,2026-10-09T06:46:21.885572+00:00,nein,abfrage
SVI-BLK,36,1,iron-hands-magneton,Iron Hands Magneton,12,31,48,12,38.46,chien-pao-noctowl,Chien-Pao Noctowl,1,100.0,1,0,0,overall,2026-10-09T06:46:21.885572+00:00,nein,abfrage
SVI-BLK,36,1,iron-hands-magneton,Iron Hands Magneton,12,31,48,12,38.46,cynthia-garchomp-ex,Cynthia's Garchomp,1,0.0,0,1,0,overall,2026-10-09T06:46:21.885572+00:00,nein,abfrage
SVI-BLK,36,1,iron-thorns-ex,Iron Thorns,1,4,4,0,50.0,gholdengo-joltik-box,Gholdengo Joltik Box,4,50.0,2,2,0,overall,2026-10-09T06:46:23.744013+00:00,nein,abfrage
SVI-BLK,36,1,iron-thorns-ex,Iron Thorns,1,4,4,0,50.0,tera-box,Tera Box,1,0.0,0,1,0,overall,2026-10-09T06:46:23.744013+00:00,nein,abfrage
SVI-BLK,36,1,iron-thorns-ex,Iron Thorns,1,4,4,0,50.0,gardevoir-ex-sv,Gardevoir,1,100.0,1,0,0,overall,2026-10-09T06:46:23.744013+00:00,nein,abfrage
SVI-BLK,36,1,iron-thorns-ex,Iron Thorns,1,4,4,0,50.0,flareon-noctowl,Flareon Noctowl,1,100.0,1,0,0,overall,2026-10-09T06:46:23.744013+00:00,nein,abfrage
SVI-BLK,36,1,iron-thorns-ex,Iron Thorns,1,4,4,0,50.0,charizard-pidgeot,Charizard Pidgeot,1,0.0,0,1,0,overall,2026-10-09T06:46:23.744013+00:00,nein,abfrage
SVI-BLK,36,1,joltik-box,Joltik Box,89,381,316,125,51.42,dragapult-dusknoir,Dragapult Dusknoir,112,51.49,53,45,14,overall,2026-10-09T06:46:25.597245+00:00,nein,abfrage
SVI-BLK,36,1,joltik-box,Joltik Box,89,381,316,125,51.42,gholdengo-ex,Gholdengo,103,55.02,52,37,14,overall,2026-10-09T06:46:25.597245+00:00,nein,abfrage
SVI-BLK,36,1,joltik-box,Joltik Box,89,381,316,125,51.42,raging-bolt-ogerpon,Raging Bolt Ogerpon,100,50.33,46,41,13,overall,2026-10-09T06:46:25.597245+00:00,nein,abfrage
SVI-BLK,36,1,joltik-box,Joltik Box,89,381,316,125,51.42,gardevoir-ex-sv,Gardevoir,86,44.96,33,36,17,overall,2026-10-09T06:46:25.597245+00:00,nein,abfrage
SVI-BLK,36,1,joltik-box,Joltik Box,89,381,316,125,51.42,gholdengo-joltik-box,Gholdengo Joltik Box,67,53.23,32,24,11,overall,2026-10-09T06:46:25.597245+00:00,nein,abfrage
SVI-BLK,36,1,joltik-box,Joltik Box,89,381,316,125,51.42,tera-box,Tera Box,42,39.68,14,20,8,overall,2026-10-09T06:46:25.597245+00:00,nein,abfrage
SVI-BLK,36,1,joltik-box,Joltik Box,89,381,316,125,51.42,charizard-pidgeot,Charizard Pidgeot,40,59.17,21,11,8,overall,2026-10-09T06:46:25.597245+00:00,nein,abfrage
SVI-BLK,36,1,joltik-box,Joltik Box,89,381,316,125,51.42,grimmsnarl-froslass,Grimmsnarl Froslass,32,53.13,15,11,6,overall,2026-10-09T06:46:25.597245+00:00,nein,abfrage
SVI-BLK,36,1,joltik-box,Joltik Box,89,381,316,125,51.42,flareon-noctowl,Flareon Noctowl,28,52.38,13,10,5,overall,2026-10-09T06:46:25.597245+00:00,nein,abfrage
SVI-BLK,36,1,joltik-box,Joltik Box,89,381,316,125,51.42,gardevoir-jellicent,Gardevoir Jellicent,19,40.35,6,8,5,overall,2026-10-09T06:46:25.597245+00:00,nein,abfrage
SVI-BLK,36,1,joltik-box,Joltik Box,89,381,316,125,51.42,ethan-typhlosion,Ethan's Typhlosion,19,38.6,7,11,1,overall,2026-10-09T06:46:25.597245+00:00,nein,abfrage
SVI-BLK,36,1,joltik-box,Joltik Box,89,381,316,125,51.42,joltik-box,Joltik Box,14,46.43,11,11,6,overall,2026-10-09T06:46:25.597245+00:00,ja,abfrage
SVI-BLK,36,1,joltik-box,Joltik Box,89,381,316,125,51.42,dragapult-ex,Dragapult,14,66.67,9,4,1,overall,2026-10-09T06:46:25.597245+00:00,nein,abfrage
SVI-BLK,36,1,joltik-box,Joltik Box,89,381,316,125,51.42,n-zoroark,N's Zoroark,12,80.56,9,1,2,overall,2026-10-09T06:46:25.597245+00:00,nein,abfrage
SVI-BLK,36,1,joltik-box,Joltik Box,89,381,316,125,51.42,dragapult-charizard,Dragapult Charizard,12,61.11,7,4,1,overall,2026-10-09T06:46:25.597245+00:00,nein,abfrage
SVI-BLK,36,1,joltik-box,Joltik Box,89,381,316,125,51.42,crustle-dri,Crustle,11,33.33,3,6,2,overall,2026-10-09T06:46:25.597245+00:00,nein,abfrage
SVI-BLK,36,1,joltik-box,Joltik Box,89,381,316,125,51.42,ho-oh-armarouge,Ho-Oh Armarouge,9,81.48,7,1,1,overall,2026-10-09T06:46:25.597245+00:00,nein,abfrage
SVI-BLK,36,1,joltik-box,Joltik Box,89,381,316,125,51.42,slowking-scr,Slowking,7,71.43,5,2,0,overall,2026-10-09T06:46:25.597245+00:00,nein,abfrage
SVI-BLK,36,1,joltik-box,Joltik Box,89,381,316,125,51.42,pidgeot-control,Pidgeot Control,5,66.67,3,1,1,overall,2026-10-09T06:46:25.597245+00:00,nein,abfrage
SVI-BLK,36,1,joltik-box,Joltik Box,89,381,316,125,51.42,other,Other,5,80.0,4,1,0,overall,2026-10-09T06:46:25.597245+00:00,nein,abfrage
SVI-BLK,36,1,joltik-box,Joltik Box,89,381,316,125,51.42,iron-hands-magneton,Iron Hands Magneton,5,66.67,3,1,1,overall,2026-10-09T06:46:25.597245+00:00,nein,abfrage
SVI-BLK,36,1,joltik-box,Joltik Box,89,381,316,125,51.42,conkeldurr-twm,Conkeldurr,5,26.67,1,3,1,overall,2026-10-09T06:46:25.597245+00:00,nein,abfrage
SVI-BLK,36,1,joltik-box,Joltik Box,89,381,316,125,51.42,miraidon-eelektrik,Miraidon Eelektrik,4,58.33,2,1,1,overall,2026-10-09T06:46:25.597245+00:00,nein,abfrage
SVI-BLK,36,1,joltik-box,Joltik Box,89,381,316,125,51.42,chien-pao-noctowl,Chien-Pao Noctowl,4,8.33,0,3,1,overall,2026-10-09T06:46:25.597245+00:00,nein,abfrage
SVI-BLK,36,1,joltik-box,Joltik Box,89,381,316,125,51.42,charizard-noctowl,Charizard Noctowl,3,100.0,3,0,0,overall,2026-10-09T06:46:25.597245+00:00,nein,abfrage
SVI-BLK,36,1,joltik-box,Joltik Box,89,381,316,125,51.42,hydreigon-ex,Hydreigon,3,0.0,0,3,0,overall,2026-10-09T06:46:25.597245+00:00,nein,abfrage
SVI-BLK,36,1,joltik-box,Joltik Box,89,381,316,125,51.42,cynthia-garchomp-ex,Cynthia's Garchomp,3,11.11,0,2,1,overall,2026-10-09T06:46:25.597245+00:00,nein,abfrage
SVI-BLK,36,1,joltik-box,Joltik Box,89,381,316,125,51.42,dragapult-blaziken,Dragapult Blaziken,3,33.33,1,2,0,overall,2026-10-09T06:46:25.597245+00:00,nein,abfrage
SVI-BLK,36,1,joltik-box,Joltik Box,89,381,316,125,51.42,rocket-mewtwo-ex,Rocket's Mewtwo,3,22.22,0,1,2,overall,2026-10-09T06:46:25.597245+00:00,nein,abfrage
SVI-BLK,36,1,joltik-box,Joltik Box,89,381,316,125,51.42,froslass-munkidori,Froslass Munkidori,3,100.0,3,0,0,overall,2026-10-09T06:46:25.597245+00:00,nein,abfrage
SVI-BLK,36,1,joltik-box,Joltik Box,89,381,316,125,51.42,blissey-ex,Blissey,3,33.33,1,2,0,overall,2026-10-09T06:46:25.597245+00:00,nein,abfrage
SVI-BLK,36,1,joltik-box,Joltik Box,89,381,316,125,51.42,farigiraf-milotic,Farigiraf Milotic,3,66.67,2,1,0,overall,2026-10-09T06:46:25.597245+00:00,nein,abfrage
SVI-BLK,36,1,joltik-box,Joltik Box,89,381,316,125,51.42,ceruledge-ex,Ceruledge,3,44.44,1,1,1,overall,2026-10-09T06:46:25.597245+00:00,nein,abfrage
SVI-BLK,36,1,joltik-box,Joltik Box,89,381,316,125,51.42,charizard-dragapult,Charizard Dragapult,3,0.0,0,3,0,overall,2026-10-09T06:46:25.597245+00:00,nein,abfrage
SVI-BLK,36,1,joltik-box,Joltik Box,89,381,316,125,51.42,gholdengo-dragapult,Gholdengo Dragapult,2,100.0,2,0,0,overall,2026-10-09T06:46:25.597245+00:00,nein,abfrage
SVI-BLK,36,1,joltik-box,Joltik Box,89,381,316,125,51.42,ogerpon-ex,Ogerpon,2,66.67,1,0,1,overall,2026-10-09T06:46:25.597245+00:00,nein,abfrage
SVI-BLK,36,1,joltik-box,Joltik Box,89,381,316,125,51.42,charizard-ex,Charizard,2,50.0,1,1,0,overall,2026-10-09T06:46:25.597245+00:00,nein,abfrage
SVI-BLK,36,1,joltik-box,Joltik Box,89,381,316,125,51.42,slaking-ex,Slaking,2,50.0,1,1,0,overall,2026-10-09T06:46:25.597245+00:00,nein,abfrage
SVI-BLK,36,1,joltik-box,Joltik Box,89,381,316,125,51.42,yanmega-ex,Yanmega,2,100.0,2,0,0,overall,2026-10-09T06:46:25.597245+00:00,nein,abfrage
SVI-BLK,36,1,joltik-box,Joltik Box,89,381,316,125,51.42,greninja-ex,Greninja,1,0.0,0,1,0,overall,2026-10-09T06:46:25.597245+00:00,nein,abfrage
SVI-BLK,36,1,joltik-box,Joltik Box,89,381,316,125,51.42,copperajah-ex,Copperajah,1,100.0,1,0,0,overall,2026-10-09T06:46:25.597245+00:00,nein,abfrage
SVI-BLK,36,1,joltik-box,Joltik Box,89,381,316,125,51.42,archaludon-ex,Archaludon,1,100.0,1,0,0,overall,2026-10-09T06:46:25.597245+00:00,nein,abfrage
SVI-BLK,36,1,joltik-box,Joltik Box,89,381,316,125,51.42,roaring-moon-ex,Roaring Moon,1,100.0,1,0,0,overall,2026-10-09T06:46:25.597245+00:00,nein,abfrage
SVI-BLK,36,1,joltik-box,Joltik Box,89,381,316,125,51.42,marnie-grimmsnarl-ex,Marnie's Grimmsnarl,1,0.0,0,1,0,overall,2026-10-09T06:46:25.597245+00:00,nein,abfrage
SVI-BLK,36,1,joltik-box,Joltik Box,89,381,316,125,51.42,okidogi-twm,Okidogi,1,0.0,0,1,0,overall,2026-10-09T06:46:25.597245+00:00,nein,abfrage
SVI-BLK,36,1,joltik-box,Joltik Box,89,381,316,125,51.42,poison-archaludon,Poison Archaludon,1,100.0,1,0,0,overall,2026-10-09T06:46:25.597245+00:00,nein,abfrage
SVI-BLK,36,1,joltik-box,Joltik Box,89,381,316,125,51.42,miraidon-ex,Miraidon,1,100.0,1,0,0,overall,2026-10-09T06:46:25.597245+00:00,nein,abfrage
SVI-BLK,36,1,joltik-box,Joltik Box,89,381,316,125,51.42,terapagos-noctowl,Terapagos Noctowl,1,0.0,0,1,0,overall,2026-10-09T06:46:25.597245+00:00,nein,abfrage
SVI-BLK,36,1,mamoswine-ex,Mamoswine,5,11,17,12,37.5,gholdengo-ex,Gholdengo,6,38.89,2,3,1,overall,2026-10-09T06:46:27.472839+00:00,nein,abfrage
SVI-BLK,36,1,mamoswine-ex,Mamoswine,5,11,17,12,37.5,charizard-pidgeot,Charizard Pidgeot,6,61.11,3,1,2,overall,2026-10-09T06:46:27.472839+00:00,nein,abfrage
SVI-BLK,36,1,mamoswine-ex,Mamoswine,5,11,17,12,37.5,gardevoir-ex-sv,Gardevoir,5,26.67,1,3,1,overall,2026-10-09T06:46:27.472839+00:00,nein,abfrage
SVI-BLK,36,1,mamoswine-ex,Mamoswine,5,11,17,12,37.5,gholdengo-joltik-box,Gholdengo Joltik Box,3,55.56,1,0,2,overall,2026-10-09T06:46:27.472839+00:00,nein,abfrage
SVI-BLK,36,1,mamoswine-ex,Mamoswine,5,11,17,12,37.5,dragapult-dusknoir,Dragapult Dusknoir,3,11.11,0,2,1,overall,2026-10-09T06:46:27.472839+00:00,nein,abfrage
SVI-BLK,36,1,mamoswine-ex,Mamoswine,5,11,17,12,37.5,grimmsnarl-froslass,Grimmsnarl Froslass,3,66.67,2,1,0,overall,2026-10-09T06:46:27.472839+00:00,nein,abfrage
SVI-BLK,36,1,mamoswine-ex,Mamoswine,5,11,17,12,37.5,dragapult-charizard,Dragapult Charizard,2,66.67,1,0,1,overall,2026-10-09T06:46:27.472839+00:00,nein,abfrage
SVI-BLK,36,1,mamoswine-ex,Mamoswine,5,11,17,12,37.5,n-zoroark,N's Zoroark,2,16.67,0,1,1,overall,2026-10-09T06:46:27.472839+00:00,nein,abfrage
SVI-BLK,36,1,mamoswine-ex,Mamoswine,5,11,17,12,37.5,slowking-scr,Slowking,1,0.0,0,1,0,overall,2026-10-09T06:46:27.472839+00:00,nein,abfrage
SVI-BLK,36,1,mamoswine-ex,Mamoswine,5,11,17,12,37.5,crustle-dri,Crustle,1,33.33,0,0,1,overall,2026-10-09T06:46:27.472839+00:00,nein,abfrage
SVI-BLK,36,1,mamoswine-ex,Mamoswine,5,11,17,12,37.5,ethan-typhlosion,Ethan's Typhlosion,1,33.33,0,0,1,overall,2026-10-09T06:46:27.472839+00:00,nein,abfrage
SVI-BLK,36,1,mamoswine-ex,Mamoswine,5,11,17,12,37.5,conkeldurr-twm,Conkeldurr,1,0.0,0,1,0,overall,2026-10-09T06:46:27.472839+00:00,nein,abfrage
SVI-BLK,36,1,mamoswine-ex,Mamoswine,5,11,17,12,37.5,raging-bolt-ogerpon,Raging Bolt Ogerpon,1,33.33,0,0,1,overall,2026-10-09T06:46:27.472839+00:00,nein,abfrage
SVI-BLK,36,1,mamoswine-ex,Mamoswine,5,11,17,12,37.5,farigiraf-milotic,Farigiraf Milotic,1,0.0,0,1,0,overall,2026-10-09T06:46:27.472839+00:00,nein,abfrage
SVI-BLK,36,1,mamoswine-ex,Mamoswine,5,11,17,12,37.5,dragapult-ex,Dragapult,1,100.0,1,0,0,overall,2026-10-09T06:46:27.472839+00:00,nein,abfrage
SVI-BLK,36,1,mamoswine-ex,Mamoswine,5,11,17,12,37.5,hydreigon-ex,Hydreigon,1,0.0,0,1,0,overall,2026-10-09T06:46:27.472839+00:00,nein,abfrage
SVI-BLK,36,1,mamoswine-ex,Mamoswine,5,11,17,12,37.5,scovillain-ex,Scovillain,1,0.0,0,1,0,overall,2026-10-09T06:46:27.472839+00:00,nein,abfrage
SVI-BLK,36,1,mamoswine-ex,Mamoswine,5,11,17,12,37.5,ho-oh-armarouge,Ho-Oh Armarouge,1,0.0,0,1,0,overall,2026-10-09T06:46:27.472839+00:00,nein,abfrage
SVI-BLK,36,1,marnie-grimmsnarl-ex,Marnie's Grimmsnarl,1,3,5,0,37.5,gholdengo-ex,Gholdengo,2,0.0,0,2,0,overall,2026-10-09T06:46:29.339115+00:00,nein,abfrage
SVI-BLK,36,1,marnie-grimmsnarl-ex,Marnie's Grimmsnarl,1,3,5,0,37.5,dragapult-dusknoir,Dragapult Dusknoir,1,0.0,0,1,0,overall,2026-10-09T06:46:29.339115+00:00,nein,abfrage
SVI-BLK,36,1,marnie-grimmsnarl-ex,Marnie's Grimmsnarl,1,3,5,0,37.5,raging-bolt-ogerpon,Raging Bolt Ogerpon,1,0.0,0,1,0,overall,2026-10-09T06:46:29.339115+00:00,nein,abfrage
SVI-BLK,36,1,marnie-grimmsnarl-ex,Marnie's Grimmsnarl,1,3,5,0,37.5,gardevoir-ex-sv,Gardevoir,1,100.0,1,0,0,overall,2026-10-09T06:46:29.339115+00:00,nein,abfrage
SVI-BLK,36,1,marnie-grimmsnarl-ex,Marnie's Grimmsnarl,1,3,5,0,37.5,ceruledge-ex,Ceruledge,1,0.0,0,1,0,overall,2026-10-09T06:46:29.339115+00:00,nein,abfrage
SVI-BLK,36,1,marnie-grimmsnarl-ex,Marnie's Grimmsnarl,1,3,5,0,37.5,joltik-box,Joltik Box,1,100.0,1,0,0,overall,2026-10-09T06:46:29.339115+00:00,nein,abfrage
SVI-BLK,36,1,marnie-grimmsnarl-ex,Marnie's Grimmsnarl,1,3,5,0,37.5,charizard-pidgeot,Charizard Pidgeot,1,100.0,1,0,0,overall,2026-10-09T06:46:29.339115+00:00,nein,abfrage
SVI-BLK,36,1,meowscarada-ex,Meowscarada,1,2,6,0,25.0,cynthia-garchomp-ex,Cynthia's Garchomp,2,50.0,1,1,0,overall,2026-10-09T06:46:31.214079+00:00,nein,abfrage
SVI-BLK,36,1,meowscarada-ex,Meowscarada,1,2,6,0,25.0,dragapult-dusknoir,Dragapult Dusknoir,2,0.0,0,2,0,overall,2026-10-09T06:46:31.214079+00:00,nein,abfrage
SVI-BLK,36,1,meowscarada-ex,Meowscarada,1,2,6,0,25.0,gardevoir-jellicent,Gardevoir Jellicent,1,0.0,0,1,0,overall,2026-10-09T06:46:31.214079+00:00,nein,abfrage
SVI-BLK,36,1,meowscarada-ex,Meowscarada,1,2,6,0,25.0,gardevoir-ex-sv,Gardevoir,1,0.0,0,1,0,overall,2026-10-09T06:46:31.214079+00:00,nein,abfrage
SVI-BLK,36,1,meowscarada-ex,Meowscarada,1,2,6,0,25.0,dragapult-charizard,Dragapult Charizard,1,100.0,1,0,0,overall,2026-10-09T06:46:31.214079+00:00,nein,abfrage
SVI-BLK,36,1,meowscarada-ex,Meowscarada,1,2,6,0,25.0,blissey-ex,Blissey,1,0.0,0,1,0,overall,2026-10-09T06:46:31.214079+00:00,nein,abfrage
SVI-BLK,36,1,milotic-ex,Milotic,1,3,1,4,54.17,gholdengo-ex,Gholdengo,2,66.67,1,0,1,overall,2026-10-09T06:46:33.076842+00:00,nein,abfrage
SVI-BLK,36,1,milotic-ex,Milotic,1,3,1,4,54.17,raging-bolt-ogerpon,Raging Bolt Ogerpon,2,50.0,1,1,0,overall,2026-10-09T06:46:33.076842+00:00,nein,abfrage
SVI-BLK,36,1,milotic-ex,Milotic,1,3,1,4,54.17,flareon-noctowl,Flareon Noctowl,1,33.33,0,0,1,overall,2026-10-09T06:46:33.076842+00:00,nein,abfrage
SVI-BLK,36,1,milotic-ex,Milotic,1,3,1,4,54.17,crustle-dri,Crustle,1,33.33,0,0,1,overall,2026-10-09T06:46:33.076842+00:00,nein,abfrage
SVI-BLK,36,1,milotic-ex,Milotic,1,3,1,4,54.17,tera-box,Tera Box,1,100.0,1,0,0,overall,2026-10-09T06:46:33.076842+00:00,nein,abfrage
SVI-BLK,36,1,milotic-ex,Milotic,1,3,1,4,54.17,gardevoir-ex-sv,Gardevoir,1,33.33,0,0,1,overall,2026-10-09T06:46:33.076842+00:00,nein,abfrage
SVI-BLK,36,1,miraidon-eelektrik,Miraidon Eelektrik,5,23,27,6,44.64,dragapult-dusknoir,Dragapult Dusknoir,10,53.33,5,4,1,overall,2026-10-09T06:46:34.923860+00:00,nein,abfrage
SVI-BLK,36,1,miraidon-eelektrik,Miraidon Eelektrik,5,23,27,6,44.64,charizard-pidgeot,Charizard Pidgeot,9,44.44,4,5,0,overall,2026-10-09T06:46:34.923860+00:00,nein,abfrage
SVI-BLK,36,1,miraidon-eelektrik,Miraidon Eelektrik,5,23,27,6,44.64,raging-bolt-ogerpon,Raging Bolt Ogerpon,6,55.56,3,2,1,overall,2026-10-09T06:46:34.923860+00:00,nein,abfrage
SVI-BLK,36,1,miraidon-eelektrik,Miraidon Eelektrik,5,23,27,6,44.64,gardevoir-ex-sv,Gardevoir,4,75.0,3,1,0,overall,2026-10-09T06:46:34.923860+00:00,nein,abfrage
SVI-BLK,36,1,miraidon-eelektrik,Miraidon Eelektrik,5,23,27,6,44.64,joltik-box,Joltik Box,4,33.33,1,2,1,overall,2026-10-09T06:46:34.923860+00:00,nein,abfrage
SVI-BLK,36,1,miraidon-eelektrik,Miraidon Eelektrik,5,23,27,6,44.64,dragapult-ex,Dragapult,3,44.44,1,1,1,overall,2026-10-09T06:46:34.923860+00:00,nein,abfrage
SVI-BLK,36,1,miraidon-eelektrik,Miraidon Eelektrik,5,23,27,6,44.64,flareon-noctowl,Flareon Noctowl,3,11.11,0,2,1,overall,2026-10-09T06:46:34.923860+00:00,nein,abfrage
SVI-BLK,36,1,miraidon-eelektrik,Miraidon Eelektrik,5,23,27,6,44.64,okidogi-twm,Okidogi,3,33.33,1,2,0,overall,2026-10-09T06:46:34.923860+00:00,nein,abfrage
SVI-BLK,36,1,miraidon-eelektrik,Miraidon Eelektrik,5,23,27,6,44.64,grimmsnarl-froslass,Grimmsnarl Froslass,3,66.67,2,1,0,overall,2026-10-09T06:46:34.923860+00:00,nein,abfrage
SVI-BLK,36,1,miraidon-eelektrik,Miraidon Eelektrik,5,23,27,6,44.64,gholdengo-joltik-box,Gholdengo Joltik Box,3,33.33,1,2,0,overall,2026-10-09T06:46:34.923860+00:00,nein,abfrage
SVI-BLK,36,1,miraidon-eelektrik,Miraidon Eelektrik,5,23,27,6,44.64,tera-box,Tera Box,2,16.67,0,1,1,overall,2026-10-09T06:46:34.923860+00:00,nein,abfrage
SVI-BLK,36,1,miraidon-eelektrik,Miraidon Eelektrik,5,23,27,6,44.64,froslass-munkidori,Froslass Munkidori,1,100.0,1,0,0,overall,2026-10-09T06:46:34.923860+00:00,nein,abfrage
SVI-BLK,36,1,miraidon-eelektrik,Miraidon Eelektrik,5,23,27,6,44.64,gholdengo-ex,Gholdengo,1,0.0,0,1,0,overall,2026-10-09T06:46:34.923860+00:00,nein,abfrage
SVI-BLK,36,1,miraidon-eelektrik,Miraidon Eelektrik,5,23,27,6,44.64,cynthia-garchomp-ex,Cynthia's Garchomp,1,100.0,1,0,0,overall,2026-10-09T06:46:34.923860+00:00,nein,abfrage
SVI-BLK,36,1,miraidon-eelektrik,Miraidon Eelektrik,5,23,27,6,44.64,slowking-scr,Slowking,1,0.0,0,1,0,overall,2026-10-09T06:46:34.923860+00:00,nein,abfrage
SVI-BLK,36,1,miraidon-eelektrik,Miraidon Eelektrik,5,23,27,6,44.64,farigiraf-milotic,Farigiraf Milotic,1,0.0,0,1,0,overall,2026-10-09T06:46:34.923860+00:00,nein,abfrage
SVI-BLK,36,1,miraidon-eelektrik,Miraidon Eelektrik,5,23,27,6,44.64,gardevoir-jellicent,Gardevoir Jellicent,1,0.0,0,1,0,overall,2026-10-09T06:46:34.923860+00:00,nein,abfrage
SVI-BLK,36,1,miraidon-ex,Miraidon,1,3,5,0,37.5,raging-bolt-ogerpon,Raging Bolt Ogerpon,2,50.0,1,1,0,overall,2026-10-09T06:46:36.784552+00:00,nein,abfrage
SVI-BLK,36,1,miraidon-ex,Miraidon,1,3,5,0,37.5,dragapult-dusknoir,Dragapult Dusknoir,2,50.0,1,1,0,overall,2026-10-09T06:46:36.784552+00:00,nein,abfrage
SVI-BLK,36,1,miraidon-ex,Miraidon,1,3,5,0,37.5,gholdengo-ex,Gholdengo,1,0.0,0,1,0,overall,2026-10-09T06:46:36.784552+00:00,nein,abfrage
SVI-BLK,36,1,miraidon-ex,Miraidon,1,3,5,0,37.5,farigiraf-milotic,Farigiraf Milotic,1,0.0,0,1,0,overall,2026-10-09T06:46:36.784552+00:00,nein,abfrage
SVI-BLK,36,1,miraidon-ex,Miraidon,1,3,5,0,37.5,grimmsnarl-froslass,Grimmsnarl Froslass,1,100.0,1,0,0,overall,2026-10-09T06:46:36.784552+00:00,nein,abfrage
SVI-BLK,36,1,miraidon-ex,Miraidon,1,3,5,0,37.5,joltik-box,Joltik Box,1,0.0,0,1,0,overall,2026-10-09T06:46:36.784552+00:00,nein,abfrage
SVI-BLK,36,1,n-zoroark,N's Zoroark,35,98,126,49,41.88,dragapult-dusknoir,Dragapult Dusknoir,33,44.44,10,9,14,overall,2026-10-09T06:46:38.638389+00:00,nein,abfrage
SVI-BLK,36,1,n-zoroark,N's Zoroark,35,98,126,49,41.88,gardevoir-ex-sv,Gardevoir,31,75.27,22,5,4,overall,2026-10-09T06:46:38.638389+00:00,nein,abfrage
SVI-BLK,36,1,n-zoroark,N's Zoroark,35,98,126,49,41.88,gholdengo-ex,Gholdengo,31,48.39,14,14,3,overall,2026-10-09T06:46:38.638389+00:00,nein,abfrage
SVI-BLK,36,1,n-zoroark,N's Zoroark,35,98,126,49,41.88,raging-bolt-ogerpon,Raging Bolt Ogerpon,28,25.0,6,19,3,overall,2026-10-09T06:46:38.638389+00:00,nein,abfrage
SVI-BLK,36,1,n-zoroark,N's Zoroark,35,98,126,49,41.88,charizard-pidgeot,Charizard Pidgeot,18,31.48,4,9,5,overall,2026-10-09T06:46:38.638389+00:00,nein,abfrage
SVI-BLK,36,1,n-zoroark,N's Zoroark,35,98,126,49,41.88,tera-box,Tera Box,15,33.33,5,10,0,overall,2026-10-09T06:46:38.638389+00:00,nein,abfrage
SVI-BLK,36,1,n-zoroark,N's Zoroark,35,98,126,49,41.88,gholdengo-joltik-box,Gholdengo Joltik Box,15,46.67,6,6,3,overall,2026-10-09T06:46:38.638389+00:00,nein,abfrage
SVI-BLK,36,1,n-zoroark,N's Zoroark,35,98,126,49,41.88,joltik-box,Joltik Box,12,13.89,1,9,2,overall,2026-10-09T06:46:38.638389+00:00,nein,abfrage
SVI-BLK,36,1,n-zoroark,N's Zoroark,35,98,126,49,41.88,dragapult-ex,Dragapult,12,41.67,4,5,3,overall,2026-10-09T06:46:38.638389+00:00,nein,abfrage
SVI-BLK,36,1,n-zoroark,N's Zoroark,35,98,126,49,41.88,grimmsnarl-froslass,Grimmsnarl Froslass,9,48.15,4,4,1,overall,2026-10-09T06:46:38.638389+00:00,nein,abfrage
SVI-BLK,36,1,n-zoroark,N's Zoroark,35,98,126,49,41.88,flareon-noctowl,Flareon Noctowl,8,37.5,3,5,0,overall,2026-10-09T06:46:38.638389+00:00,nein,abfrage
SVI-BLK,36,1,n-zoroark,N's Zoroark,35,98,126,49,41.88,dragapult-charizard,Dragapult Charizard,8,33.33,2,4,2,overall,2026-10-09T06:46:38.638389+00:00,nein,abfrage
SVI-BLK,36,1,n-zoroark,N's Zoroark,35,98,126,49,41.88,ethan-typhlosion,Ethan's Typhlosion,5,40.0,2,3,0,overall,2026-10-09T06:46:38.638389+00:00,nein,abfrage
SVI-BLK,36,1,n-zoroark,N's Zoroark,35,98,126,49,41.88,ho-oh-armarouge,Ho-Oh Armarouge,4,8.33,0,3,1,overall,2026-10-09T06:46:38.638389+00:00,nein,abfrage
SVI-BLK,36,1,n-zoroark,N's Zoroark,35,98,126,49,41.88,gardevoir-jellicent,Gardevoir Jellicent,4,58.33,2,1,1,overall,2026-10-09T06:46:38.638389+00:00,nein,abfrage
SVI-BLK,36,1,n-zoroark,N's Zoroark,35,98,126,49,41.88,cynthia-garchomp-ex,Cynthia's Garchomp,3,100.0,3,0,0,overall,2026-10-09T06:46:38.638389+00:00,nein,abfrage
SVI-BLK,36,1,n-zoroark,N's Zoroark,35,98,126,49,41.88,roaring-moon-ex,Roaring Moon,3,0.0,0,3,0,overall,2026-10-09T06:46:38.638389+00:00,nein,abfrage
SVI-BLK,36,1,n-zoroark,N's Zoroark,35,98,126,49,41.88,crustle-dri,Crustle,3,33.33,1,2,0,overall,2026-10-09T06:46:38.638389+00:00,nein,abfrage
SVI-BLK,36,1,n-zoroark,N's Zoroark,35,98,126,49,41.88,n-zoroark,N's Zoroark,2,50.0,2,2,0,overall,2026-10-09T06:46:38.638389+00:00,ja,abfrage
SVI-BLK,36,1,n-zoroark,N's Zoroark,35,98,126,49,41.88,farigiraf-milotic,Farigiraf Milotic,2,0.0,0,2,0,overall,2026-10-09T06:46:38.638389+00:00,nein,abfrage
SVI-BLK,36,1,n-zoroark,N's Zoroark,35,98,126,49,41.88,wugtrio-svi,Wugtrio Mill,2,33.33,0,0,2,overall,2026-10-09T06:46:38.638389+00:00,nein,abfrage
SVI-BLK,36,1,n-zoroark,N's Zoroark,35,98,126,49,41.88,mamoswine-ex,Mamoswine,2,66.67,1,0,1,overall,2026-10-09T06:46:38.638389+00:00,nein,abfrage
SVI-BLK,36,1,n-zoroark,N's Zoroark,35,98,126,49,41.88,hydreigon-ex,Hydreigon,2,50.0,1,1,0,overall,2026-10-09T06:46:38.638389+00:00,nein,abfrage
SVI-BLK,36,1,n-zoroark,N's Zoroark,35,98,126,49,41.88,blissey-ex,Blissey,1,0.0,0,1,0,overall,2026-10-09T06:46:38.638389+00:00,nein,abfrage
SVI-BLK,36,1,n-zoroark,N's Zoroark,35,98,126,49,41.88,okidogi-twm,Okidogi,1,0.0,0,1,0,overall,2026-10-09T06:46:38.638389+00:00,nein,abfrage
SVI-BLK,36,1,n-zoroark,N's Zoroark,35,98,126,49,41.88,hydrapple-ogerpon,Hydrapple Ogerpon,1,100.0,1,0,0,overall,2026-10-09T06:46:38.638389+00:00,nein,abfrage
SVI-BLK,36,1,n-zoroark,N's Zoroark,35,98,126,49,41.88,iron-hands-magneton,Iron Hands Magneton,1,0.0,0,1,0,overall,2026-10-09T06:46:38.638389+00:00,nein,abfrage
SVI-BLK,36,1,n-zoroark,N's Zoroark,35,98,126,49,41.88,charizard-dusknoir,Charizard Dusknoir,1,100.0,1,0,0,overall,2026-10-09T06:46:38.638389+00:00,nein,abfrage
SVI-BLK,36,1,n-zoroark,N's Zoroark,35,98,126,49,41.88,flareon-ex,Flareon,1,0.0,0,1,0,overall,2026-10-09T06:46:38.638389+00:00,nein,abfrage
SVI-BLK,36,1,n-zoroark,N's Zoroark,35,98,126,49,41.88,azumarill-ssp,Azumarill,1,100.0,1,0,0,overall,2026-10-09T06:46:38.638389+00:00,nein,abfrage
SVI-BLK,36,1,n-zoroark,N's Zoroark,35,98,126,49,41.88,roaring-moon-dudunsparce,Roaring Moon Dudunsparce,1,33.33,0,0,1,overall,2026-10-09T06:46:38.638389+00:00,nein,abfrage
SVI-BLK,36,1,n-zoroark,N's Zoroark,35,98,126,49,41.88,dragapult-blaziken,Dragapult Blaziken,1,0.0,0,1,0,overall,2026-10-09T06:46:38.638389+00:00,nein,abfrage
SVI-BLK,36,1,n-zoroark,N's Zoroark,35,98,126,49,41.88,ceruledge-ex,Ceruledge,1,100.0,1,0,0,overall,2026-10-09T06:46:38.638389+00:00,nein,abfrage
SVI-BLK,36,1,n-zoroark,N's Zoroark,35,98,126,49,41.88,charizard-ex,Charizard,1,0.0,0,1,0,overall,2026-10-09T06:46:38.638389+00:00,nein,abfrage
SVI-BLK,36,1,n-zoroark,N's Zoroark,35,98,126,49,41.88,rocket-mewtwo-ex,Rocket's Mewtwo,1,0.0,0,1,0,overall,2026-10-09T06:46:38.638389+00:00,nein,abfrage
SVI-BLK,36,1,n-zoroark,N's Zoroark,35,98,126,49,41.88,toedscruel-ex,Toedscruel,1,0.0,0,1,0,overall,2026-10-09T06:46:38.638389+00:00,nein,abfrage
SVI-BLK,36,1,n-zoroark,N's Zoroark,35,98,126,49,41.88,chien-pao-noctowl,Chien-Pao Noctowl,1,0.0,0,1,0,overall,2026-10-09T06:46:38.638389+00:00,nein,abfrage
SVI-BLK,36,1,n-zoroark,N's Zoroark,35,98,126,49,41.88,conkeldurr-twm,Conkeldurr,1,33.33,0,0,1,overall,2026-10-09T06:46:38.638389+00:00,nein,abfrage
SVI-BLK,36,1,n-zoroark,N's Zoroark,35,98,126,49,41.88,charizard-noctowl,Charizard Noctowl,1,33.33,0,0,1,overall,2026-10-09T06:46:38.638389+00:00,nein,abfrage
SVI-BLK,36,1,n-zoroark,N's Zoroark,35,98,126,49,41.88,ogerpon-ex,Ogerpon,1,100.0,1,0,0,overall,2026-10-09T06:46:38.638389+00:00,nein,abfrage
SVI-BLK,36,1,n-zoroark,N's Zoroark,35,98,126,49,41.88,rocket-spidops,Rocket's Spidops,1,0.0,0,1,0,overall,2026-10-09T06:46:38.638389+00:00,nein,abfrage
SVI-BLK,36,1,ogerpon-ex,Ogerpon,8,35,25,18,52.56,gholdengo-ex,Gholdengo,14,64.29,8,3,3,overall,2026-10-09T06:46:40.533738+00:00,nein,abfrage
SVI-BLK,36,1,ogerpon-ex,Ogerpon,8,35,25,18,52.56,dragapult-dusknoir,Dragapult Dusknoir,11,27.27,2,6,3,overall,2026-10-09T06:46:40.533738+00:00,nein,abfrage
SVI-BLK,36,1,ogerpon-ex,Ogerpon,8,35,25,18,52.56,raging-bolt-ogerpon,Raging Bolt Ogerpon,10,70.0,6,1,3,overall,2026-10-09T06:46:40.533738+00:00,nein,abfrage
SVI-BLK,36,1,ogerpon-ex,Ogerpon,8,35,25,18,52.56,tera-box,Tera Box,6,61.11,3,1,2,overall,2026-10-09T06:46:40.533738+00:00,nein,abfrage
SVI-BLK,36,1,ogerpon-ex,Ogerpon,8,35,25,18,52.56,charizard-pidgeot,Charizard Pidgeot,6,55.56,3,2,1,overall,2026-10-09T06:46:40.533738+00:00,nein,abfrage
SVI-BLK,36,1,ogerpon-ex,Ogerpon,8,35,25,18,52.56,flareon-noctowl,Flareon Noctowl,5,60.0,3,2,0,overall,2026-10-09T06:46:40.533738+00:00,nein,abfrage
SVI-BLK,36,1,ogerpon-ex,Ogerpon,8,35,25,18,52.56,grimmsnarl-froslass,Grimmsnarl Froslass,5,73.33,3,0,2,overall,2026-10-09T06:46:40.533738+00:00,nein,abfrage
SVI-BLK,36,1,ogerpon-ex,Ogerpon,8,35,25,18,52.56,gholdengo-joltik-box,Gholdengo Joltik Box,4,8.33,0,3,1,overall,2026-10-09T06:46:40.533738+00:00,nein,abfrage
SVI-BLK,36,1,ogerpon-ex,Ogerpon,8,35,25,18,52.56,gardevoir-ex-sv,Gardevoir,3,11.11,0,2,1,overall,2026-10-09T06:46:40.533738+00:00,nein,abfrage
SVI-BLK,36,1,ogerpon-ex,Ogerpon,8,35,25,18,52.56,joltik-box,Joltik Box,2,16.67,0,1,1,overall,2026-10-09T06:46:40.533738+00:00,nein,abfrage
SVI-BLK,36,1,ogerpon-ex,Ogerpon,8,35,25,18,52.56,dragapult-ex,Dragapult,2,50.0,1,1,0,overall,2026-10-09T06:46:40.533738+00:00,nein,abfrage
SVI-BLK,36,1,ogerpon-ex,Ogerpon,8,35,25,18,52.56,dragapult-charizard,Dragapult Charizard,2,100.0,2,0,0,overall,2026-10-09T06:46:40.533738+00:00,nein,abfrage
SVI-BLK,36,1,ogerpon-ex,Ogerpon,8,35,25,18,52.56,roaring-moon-dudunsparce,Roaring Moon Dudunsparce,1,0.0,0,1,0,overall,2026-10-09T06:46:40.533738+00:00,nein,abfrage
SVI-BLK,36,1,ogerpon-ex,Ogerpon,8,35,25,18,52.56,crustle-dri,Crustle,1,100.0,1,0,0,overall,2026-10-09T06:46:40.533738+00:00,nein,abfrage
SVI-BLK,36,1,ogerpon-ex,Ogerpon,8,35,25,18,52.56,hydreigon-ex,Hydreigon,1,100.0,1,0,0,overall,2026-10-09T06:46:40.533738+00:00,nein,abfrage
SVI-BLK,36,1,ogerpon-ex,Ogerpon,8,35,25,18,52.56,archaludon-ex,Archaludon,1,100.0,1,0,0,overall,2026-10-09T06:46:40.533738+00:00,nein,abfrage
SVI-BLK,36,1,ogerpon-ex,Ogerpon,8,35,25,18,52.56,chien-pao-noctowl,Chien-Pao Noctowl,1,0.0,0,1,0,overall,2026-10-09T06:46:40.533738+00:00,nein,abfrage
SVI-BLK,36,1,ogerpon-ex,Ogerpon,8,35,25,18,52.56,n-zoroark,N's Zoroark,1,0.0,0,1,0,overall,2026-10-09T06:46:40.533738+00:00,nein,abfrage
SVI-BLK,36,1,ogerpon-ex,Ogerpon,8,35,25,18,52.56,ethan-typhlosion,Ethan's Typhlosion,1,33.33,0,0,1,overall,2026-10-09T06:46:40.533738+00:00,nein,abfrage
SVI-BLK,36,1,okidogi-ex,Okidogi,1,0,2,2,16.67,tera-box,Tera Box,1,33.33,0,0,1,overall,2026-10-09T06:46:42.418082+00:00,nein,abfrage
SVI-BLK,36,1,okidogi-ex,Okidogi,1,0,2,2,16.67,gholdengo-joltik-box,Gholdengo Joltik Box,1,0.0,0,1,0,overall,2026-10-09T06:46:42.418082+00:00,nein,abfrage
SVI-BLK,36,1,okidogi-ex,Okidogi,1,0,2,2,16.67,flareon-noctowl,Flareon Noctowl,1,33.33,0,0,1,overall,2026-10-09T06:46:42.418082+00:00,nein,abfrage
SVI-BLK,36,1,okidogi-ex,Okidogi,1,0,2,2,16.67,gholdengo-ex,Gholdengo,1,0.0,0,1,0,overall,2026-10-09T06:46:42.418082+00:00,nein,abfrage
SVI-BLK,36,1,okidogi-twm,Okidogi,4,12,16,5,41.41,gholdengo-ex,Gholdengo,5,33.33,1,2,2,overall,2026-10-09T06:46:44.267103+00:00,nein,abfrage
SVI-BLK,36,1,okidogi-twm,Okidogi,4,12,16,5,41.41,dragapult-dusknoir,Dragapult Dusknoir,5,6.67,0,4,1,overall,2026-10-09T06:46:44.267103+00:00,nein,abfrage
SVI-BLK,36,1,okidogi-twm,Okidogi,4,12,16,5,41.41,raging-bolt-ogerpon,Raging Bolt Ogerpon,3,33.33,1,2,0,overall,2026-10-09T06:46:44.267103+00:00,nein,abfrage
SVI-BLK,36,1,okidogi-twm,Okidogi,4,12,16,5,41.41,miraidon-eelektrik,Miraidon Eelektrik,3,66.67,2,1,0,overall,2026-10-09T06:46:44.267103+00:00,nein,abfrage
SVI-BLK,36,1,okidogi-twm,Okidogi,4,12,16,5,41.41,charizard-pidgeot,Charizard Pidgeot,2,50.0,1,1,0,overall,2026-10-09T06:46:44.267103+00:00,nein,abfrage
SVI-BLK,36,1,okidogi-twm,Okidogi,4,12,16,5,41.41,gholdengo-joltik-box,Gholdengo Joltik Box,2,50.0,1,1,0,overall,2026-10-09T06:46:44.267103+00:00,nein,abfrage
SVI-BLK,36,1,okidogi-twm,Okidogi,4,12,16,5,41.41,gardevoir-ex-sv,Gardevoir,2,50.0,1,1,0,overall,2026-10-09T06:46:44.267103+00:00,nein,abfrage
SVI-BLK,36,1,okidogi-twm,Okidogi,4,12,16,5,41.41,gardevoir-jellicent,Gardevoir Jellicent,1,0.0,0,1,0,overall,2026-10-09T06:46:44.267103+00:00,nein,abfrage
SVI-BLK,36,1,okidogi-twm,Okidogi,4,12,16,5,41.41,pidgeot-control,Pidgeot Control,1,0.0,0,1,0,overall,2026-10-09T06:46:44.267103+00:00,nein,abfrage
SVI-BLK,36,1,okidogi-twm,Okidogi,4,12,16,5,41.41,grimmsnarl-froslass,Grimmsnarl Froslass,1,100.0,1,0,0,overall,2026-10-09T06:46:44.267103+00:00,nein,abfrage
SVI-BLK,36,1,okidogi-twm,Okidogi,4,12,16,5,41.41,n-zoroark,N's Zoroark,1,100.0,1,0,0,overall,2026-10-09T06:46:44.267103+00:00,nein,abfrage
SVI-BLK,36,1,okidogi-twm,Okidogi,4,12,16,5,41.41,charizard-ex,Charizard,1,0.0,0,1,0,overall,2026-10-09T06:46:44.267103+00:00,nein,abfrage
SVI-BLK,36,1,okidogi-twm,Okidogi,4,12,16,5,41.41,dragapult-ex,Dragapult,1,33.33,0,0,1,overall,2026-10-09T06:46:44.267103+00:00,nein,abfrage
SVI-BLK,36,1,okidogi-twm,Okidogi,4,12,16,5,41.41,ethan-typhlosion,Ethan's Typhlosion,1,33.33,0,0,1,overall,2026-10-09T06:46:44.267103+00:00,nein,abfrage
SVI-BLK,36,1,okidogi-twm,Okidogi,4,12,16,5,41.41,ho-oh-armarouge,Ho-Oh Armarouge,1,100.0,1,0,0,overall,2026-10-09T06:46:44.267103+00:00,nein,abfrage
SVI-BLK,36,1,okidogi-twm,Okidogi,4,12,16,5,41.41,ceruledge-ex,Ceruledge,1,100.0,1,0,0,overall,2026-10-09T06:46:44.267103+00:00,nein,abfrage
SVI-BLK,36,1,okidogi-twm,Okidogi,4,12,16,5,41.41,joltik-box,Joltik Box,1,100.0,1,0,0,overall,2026-10-09T06:46:44.267103+00:00,nein,abfrage
SVI-BLK,36,1,okidogi-twm,Okidogi,4,12,16,5,41.41,flareon-noctowl,Flareon Noctowl,1,0.0,0,1,0,overall,2026-10-09T06:46:44.267103+00:00,nein,abfrage
SVI-BLK,36,1,other,Other,16,21,72,11,23.72,gholdengo-ex,Gholdengo,13,30.77,3,7,3,overall,2026-10-09T06:46:46.140588+00:00,nein,abfrage
SVI-BLK,36,1,other,Other,16,21,72,11,23.72,raging-bolt-ogerpon,Raging Bolt Ogerpon,11,36.36,3,5,3,overall,2026-10-09T06:46:46.140588+00:00,nein,abfrage
SVI-BLK,36,1,other,Other,16,21,72,11,23.72,gardevoir-ex-sv,Gardevoir,9,22.22,2,7,0,overall,2026-10-09T06:46:46.140588+00:00,nein,abfrage
SVI-BLK,36,1,other,Other,16,21,72,11,23.72,dragapult-dusknoir,Dragapult Dusknoir,8,4.17,0,7,1,overall,2026-10-09T06:46:46.140588+00:00,nein,abfrage
SVI-BLK,36,1,other,Other,16,21,72,11,23.72,charizard-pidgeot,Charizard Pidgeot,7,4.76,0,6,1,overall,2026-10-09T06:46:46.140588+00:00,nein,abfrage
SVI-BLK,36,1,other,Other,16,21,72,11,23.72,grimmsnarl-froslass,Grimmsnarl Froslass,6,16.67,1,5,0,overall,2026-10-09T06:46:46.140588+00:00,nein,abfrage
SVI-BLK,36,1,other,Other,16,21,72,11,23.72,flareon-noctowl,Flareon Noctowl,5,6.67,0,4,1,overall,2026-10-09T06:46:46.140588+00:00,nein,abfrage
SVI-BLK,36,1,other,Other,16,21,72,11,23.72,joltik-box,Joltik Box,5,20.0,1,4,0,overall,2026-10-09T06:46:46.140588+00:00,nein,abfrage
SVI-BLK,36,1,other,Other,16,21,72,11,23.72,gholdengo-joltik-box,Gholdengo Joltik Box,5,0.0,0,5,0,overall,2026-10-09T06:46:46.140588+00:00,nein,abfrage
SVI-BLK,36,1,other,Other,16,21,72,11,23.72,tera-box,Tera Box,4,25.0,1,3,0,overall,2026-10-09T06:46:46.140588+00:00,nein,abfrage
SVI-BLK,36,1,other,Other,16,21,72,11,23.72,ho-oh-armarouge,Ho-Oh Armarouge,4,25.0,1,3,0,overall,2026-10-09T06:46:46.140588+00:00,nein,abfrage
SVI-BLK,36,1,other,Other,16,21,72,11,23.72,dragapult-ex,Dragapult,3,0.0,0,3,0,overall,2026-10-09T06:46:46.140588+00:00,nein,abfrage
SVI-BLK,36,1,other,Other,16,21,72,11,23.72,dragapult-charizard,Dragapult Charizard,3,11.11,0,2,1,overall,2026-10-09T06:46:46.140588+00:00,nein,abfrage
SVI-BLK,36,1,other,Other,16,21,72,11,23.72,ethan-typhlosion,Ethan's Typhlosion,3,66.67,2,1,0,overall,2026-10-09T06:46:46.140588+00:00,nein,abfrage
SVI-BLK,36,1,other,Other,16,21,72,11,23.72,charizard-noctowl,Charizard Noctowl,2,0.0,0,2,0,overall,2026-10-09T06:46:46.140588+00:00,nein,abfrage
SVI-BLK,36,1,other,Other,16,21,72,11,23.72,gardevoir-jellicent,Gardevoir Jellicent,2,66.67,1,0,1,overall,2026-10-09T06:46:46.140588+00:00,nein,abfrage
SVI-BLK,36,1,other,Other,16,21,72,11,23.72,froslass-munkidori,Froslass Munkidori,2,50.0,1,1,0,overall,2026-10-09T06:46:46.140588+00:00,nein,abfrage
SVI-BLK,36,1,other,Other,16,21,72,11,23.72,charizard-dusknoir,Charizard Dusknoir,2,100.0,2,0,0,overall,2026-10-09T06:46:46.140588+00:00,nein,abfrage
SVI-BLK,36,1,other,Other,16,21,72,11,23.72,espathra-ex,Espathra,1,0.0,0,1,0,overall,2026-10-09T06:46:46.140588+00:00,nein,abfrage
SVI-BLK,36,1,other,Other,16,21,72,11,23.72,terapagos-noctowl,Terapagos Noctowl,1,0.0,0,1,0,overall,2026-10-09T06:46:46.140588+00:00,nein,abfrage
SVI-BLK,36,1,other,Other,16,21,72,11,23.72,blissey-ex,Blissey,1,0.0,0,1,0,overall,2026-10-09T06:46:46.140588+00:00,nein,abfrage
SVI-BLK,36,1,other,Other,16,21,72,11,23.72,conkeldurr-twm,Conkeldurr,1,0.0,0,1,0,overall,2026-10-09T06:46:46.140588+00:00,nein,abfrage
SVI-BLK,36,1,other,Other,16,21,72,11,23.72,slowking-scr,Slowking,1,0.0,0,1,0,overall,2026-10-09T06:46:46.140588+00:00,nein,abfrage
SVI-BLK,36,1,other,Other,16,21,72,11,23.72,toedscruel-ex,Toedscruel,1,0.0,0,1,0,overall,2026-10-09T06:46:46.140588+00:00,nein,abfrage
SVI-BLK,36,1,other,Other,16,21,72,11,23.72,spidops-ex,Spidops,1,100.0,1,0,0,overall,2026-10-09T06:46:46.140588+00:00,nein,abfrage
SVI-BLK,36,1,other,Other,16,21,72,11,23.72,ceruledge-ex,Ceruledge,1,100.0,1,0,0,overall,2026-10-09T06:46:46.140588+00:00,nein,abfrage
SVI-BLK,36,1,other,Other,16,21,72,11,23.72,pidgeot-control,Pidgeot Control,1,100.0,1,0,0,overall,2026-10-09T06:46:46.140588+00:00,nein,abfrage
SVI-BLK,36,1,pidgeot-control,Pidgeot Control,12,50,46,17,49.26,dragapult-dusknoir,Dragapult Dusknoir,22,36.36,6,10,6,overall,2026-10-09T06:46:48.006924+00:00,nein,abfrage
SVI-BLK,36,1,pidgeot-control,Pidgeot Control,12,50,46,17,49.26,gholdengo-ex,Gholdengo,12,63.89,7,3,2,overall,2026-10-09T06:46:48.006924+00:00,nein,abfrage
SVI-BLK,36,1,pidgeot-control,Pidgeot Control,12,50,46,17,49.26,raging-bolt-ogerpon,Raging Bolt Ogerpon,11,66.67,7,3,1,overall,2026-10-09T06:46:48.006924+00:00,nein,abfrage
SVI-BLK,36,1,pidgeot-control,Pidgeot Control,12,50,46,17,49.26,gardevoir-ex-sv,Gardevoir,10,63.33,6,3,1,overall,2026-10-09T06:46:48.006924+00:00,nein,abfrage
SVI-BLK,36,1,pidgeot-control,Pidgeot Control,12,50,46,17,49.26,gholdengo-joltik-box,Gholdengo Joltik Box,9,59.26,5,3,1,overall,2026-10-09T06:46:48.006924+00:00,nein,abfrage
SVI-BLK,36,1,pidgeot-control,Pidgeot Control,12,50,46,17,49.26,charizard-pidgeot,Charizard Pidgeot,9,44.44,4,5,0,overall,2026-10-09T06:46:48.006924+00:00,nein,abfrage
SVI-BLK,36,1,pidgeot-control,Pidgeot Control,12,50,46,17,49.26,tera-box,Tera Box,7,33.33,2,4,1,overall,2026-10-09T06:46:48.006924+00:00,nein,abfrage
SVI-BLK,36,1,pidgeot-control,Pidgeot Control,12,50,46,17,49.26,joltik-box,Joltik Box,5,26.67,1,3,1,overall,2026-10-09T06:46:48.006924+00:00,nein,abfrage
SVI-BLK,36,1,pidgeot-control,Pidgeot Control,12,50,46,17,49.26,ho-oh-armarouge,Ho-Oh Armarouge,4,8.33,0,3,1,overall,2026-10-09T06:46:48.006924+00:00,nein,abfrage
SVI-BLK,36,1,pidgeot-control,Pidgeot Control,12,50,46,17,49.26,dragapult-charizard,Dragapult Charizard,3,44.44,1,1,1,overall,2026-10-09T06:46:48.006924+00:00,nein,abfrage
SVI-BLK,36,1,pidgeot-control,Pidgeot Control,12,50,46,17,49.26,crustle-dri,Crustle,3,77.78,2,0,1,overall,2026-10-09T06:46:48.006924+00:00,nein,abfrage
SVI-BLK,36,1,pidgeot-control,Pidgeot Control,12,50,46,17,49.26,grimmsnarl-froslass,Grimmsnarl Froslass,2,50.0,1,1,0,overall,2026-10-09T06:46:48.006924+00:00,nein,abfrage
SVI-BLK,36,1,pidgeot-control,Pidgeot Control,12,50,46,17,49.26,blissey-ex,Blissey,2,50.0,1,1,0,overall,2026-10-09T06:46:48.006924+00:00,nein,abfrage
SVI-BLK,36,1,pidgeot-control,Pidgeot Control,12,50,46,17,49.26,dragapult-ex,Dragapult,2,100.0,2,0,0,overall,2026-10-09T06:46:48.006924+00:00,nein,abfrage
SVI-BLK,36,1,pidgeot-control,Pidgeot Control,12,50,46,17,49.26,flareon-noctowl,Flareon Noctowl,2,66.67,1,0,1,overall,2026-10-09T06:46:48.006924+00:00,nein,abfrage
SVI-BLK,36,1,pidgeot-control,Pidgeot Control,12,50,46,17,49.26,okidogi-twm,Okidogi,1,100.0,1,0,0,overall,2026-10-09T06:46:48.006924+00:00,nein,abfrage
SVI-BLK,36,1,pidgeot-control,Pidgeot Control,12,50,46,17,49.26,iron-hands-magneton,Iron Hands Magneton,1,100.0,1,0,0,overall,2026-10-09T06:46:48.006924+00:00,nein,abfrage
SVI-BLK,36,1,pidgeot-control,Pidgeot Control,12,50,46,17,49.26,ceruledge-ex,Ceruledge,1,0.0,0,1,0,overall,2026-10-09T06:46:48.006924+00:00,nein,abfrage
SVI-BLK,36,1,pidgeot-control,Pidgeot Control,12,50,46,17,49.26,farigiraf-milotic,Farigiraf Milotic,1,100.0,1,0,0,overall,2026-10-09T06:46:48.006924+00:00,nein,abfrage
SVI-BLK,36,1,pidgeot-control,Pidgeot Control,12,50,46,17,49.26,charizard-noctowl,Charizard Noctowl,1,0.0,0,1,0,overall,2026-10-09T06:46:48.006924+00:00,nein,abfrage
SVI-BLK,36,1,pidgeot-control,Pidgeot Control,12,50,46,17,49.26,other,Other,1,0.0,0,1,0,overall,2026-10-09T06:46:48.006924+00:00,nein,abfrage
SVI-BLK,36,1,pidgeot-control,Pidgeot Control,12,50,46,17,49.26,dragapult-blaziken,Dragapult Blaziken,1,0.0,0,1,0,overall,2026-10-09T06:46:48.006924+00:00,nein,abfrage
SVI-BLK,36,1,pidgeot-control,Pidgeot Control,12,50,46,17,49.26,ethan-typhlosion,Ethan's Typhlosion,1,0.0,0,1,0,overall,2026-10-09T06:46:48.006924+00:00,nein,abfrage
SVI-BLK,36,1,pidgeot-control,Pidgeot Control,12,50,46,17,49.26,gardevoir-jellicent,Gardevoir Jellicent,1,100.0,1,0,0,overall,2026-10-09T06:46:48.006924+00:00,nein,abfrage
SVI-BLK,36,1,pidgeot-control,Pidgeot Control,12,50,46,17,49.26,greninja-ex,Greninja,1,0.0,0,1,0,overall,2026-10-09T06:46:48.006924+00:00,nein,abfrage
SVI-BLK,36,1,poison-archaludon,Poison Archaludon,2,7,5,4,52.08,gholdengo-joltik-box,Gholdengo Joltik Box,3,77.78,2,0,1,overall,2026-10-09T06:46:49.857778+00:00,nein,abfrage
SVI-BLK,36,1,poison-archaludon,Poison Archaludon,2,7,5,4,52.08,flareon-noctowl,Flareon Noctowl,3,11.11,0,2,1,overall,2026-10-09T06:46:49.857778+00:00,nein,abfrage
SVI-BLK,36,1,poison-archaludon,Poison Archaludon,2,7,5,4,52.08,raging-bolt-ogerpon,Raging Bolt Ogerpon,2,66.67,1,0,1,overall,2026-10-09T06:46:49.857778+00:00,nein,abfrage
SVI-BLK,36,1,poison-archaludon,Poison Archaludon,2,7,5,4,52.08,dragapult-dusknoir,Dragapult Dusknoir,2,0.0,0,2,0,overall,2026-10-09T06:46:49.857778+00:00,nein,abfrage
SVI-BLK,36,1,poison-archaludon,Poison Archaludon,2,7,5,4,52.08,ethan-typhlosion,Ethan's Typhlosion,2,66.67,1,0,1,overall,2026-10-09T06:46:49.857778+00:00,nein,abfrage
SVI-BLK,36,1,poison-archaludon,Poison Archaludon,2,7,5,4,52.08,gholdengo-ex,Gholdengo,1,100.0,1,0,0,overall,2026-10-09T06:46:49.857778+00:00,nein,abfrage
SVI-BLK,36,1,poison-archaludon,Poison Archaludon,2,7,5,4,52.08,hydreigon-ex,Hydreigon,1,100.0,1,0,0,overall,2026-10-09T06:46:49.857778+00:00,nein,abfrage
SVI-BLK,36,1,poison-archaludon,Poison Archaludon,2,7,5,4,52.08,joltik-box,Joltik Box,1,0.0,0,1,0,overall,2026-10-09T06:46:49.857778+00:00,nein,abfrage
SVI-BLK,36,1,poison-terapagos,Poison Terapagos,1,1,3,0,25.0,dragapult-dusknoir,Dragapult Dusknoir,1,100.0,1,0,0,overall,2026-10-09T06:46:51.732855+00:00,nein,abfrage
SVI-BLK,36,1,poison-terapagos,Poison Terapagos,1,1,3,0,25.0,gholdengo-ex,Gholdengo,1,0.0,0,1,0,overall,2026-10-09T06:46:51.732855+00:00,nein,abfrage
SVI-BLK,36,1,poison-terapagos,Poison Terapagos,1,1,3,0,25.0,charizard-pidgeot,Charizard Pidgeot,1,0.0,0,1,0,overall,2026-10-09T06:46:51.732855+00:00,nein,abfrage
SVI-BLK,36,1,poison-terapagos,Poison Terapagos,1,1,3,0,25.0,gholdengo-joltik-box,Gholdengo Joltik Box,1,0.0,0,1,0,overall,2026-10-09T06:46:51.732855+00:00,nein,abfrage
SVI-BLK,36,1,raging-bolt-ogerpon,Raging Bolt Ogerpon,296,1029,1056,416,46.69,dragapult-dusknoir,Dragapult Dusknoir,342,46.1,143,155,44,overall,2026-10-09T06:46:53.616800+00:00,nein,abfrage
SVI-BLK,36,1,raging-bolt-ogerpon,Raging Bolt Ogerpon,296,1029,1056,416,46.69,gholdengo-ex,Gholdengo,267,51.44,123,101,43,overall,2026-10-09T06:46:53.616800+00:00,nein,abfrage
SVI-BLK,36,1,raging-bolt-ogerpon,Raging Bolt Ogerpon,296,1029,1056,416,46.69,gholdengo-joltik-box,Gholdengo Joltik Box,208,54.65,103,73,32,overall,2026-10-09T06:46:53.616800+00:00,nein,abfrage
SVI-BLK,36,1,raging-bolt-ogerpon,Raging Bolt Ogerpon,296,1029,1056,416,46.69,charizard-pidgeot,Charizard Pidgeot,180,50.0,79,68,33,overall,2026-10-09T06:46:53.616800+00:00,nein,abfrage
SVI-BLK,36,1,raging-bolt-ogerpon,Raging Bolt Ogerpon,296,1029,1056,416,46.69,gardevoir-ex-sv,Gardevoir,178,34.27,48,91,39,overall,2026-10-09T06:46:53.616800+00:00,nein,abfrage
SVI-BLK,36,1,raging-bolt-ogerpon,Raging Bolt Ogerpon,296,1029,1056,416,46.69,raging-bolt-ogerpon,Raging Bolt Ogerpon,149,47.09,123,123,52,overall,2026-10-09T06:46:53.616800+00:00,ja,abfrage
SVI-BLK,36,1,raging-bolt-ogerpon,Raging Bolt Ogerpon,296,1029,1056,416,46.69,tera-box,Tera Box,130,31.54,37,81,12,overall,2026-10-09T06:46:53.616800+00:00,nein,abfrage
SVI-BLK,36,1,raging-bolt-ogerpon,Raging Bolt Ogerpon,296,1029,1056,416,46.69,joltik-box,Joltik Box,100,45.33,41,46,13,overall,2026-10-09T06:46:53.616800+00:00,nein,abfrage
SVI-BLK,36,1,raging-bolt-ogerpon,Raging Bolt Ogerpon,296,1029,1056,416,46.69,grimmsnarl-froslass,Grimmsnarl Froslass,89,51.31,39,30,20,overall,2026-10-09T06:46:53.616800+00:00,nein,abfrage
SVI-BLK,36,1,raging-bolt-ogerpon,Raging Bolt Ogerpon,296,1029,1056,416,46.69,flareon-noctowl,Flareon Noctowl,78,41.45,27,35,16,overall,2026-10-09T06:46:53.616800+00:00,nein,abfrage
SVI-BLK,36,1,raging-bolt-ogerpon,Raging Bolt Ogerpon,296,1029,1056,416,46.69,dragapult-ex,Dragapult,76,46.49,29,28,19,overall,2026-10-09T06:46:53.616800+00:00,nein,abfrage
SVI-BLK,36,1,raging-bolt-ogerpon,Raging Bolt Ogerpon,296,1029,1056,416,46.69,gardevoir-jellicent,Gardevoir Jellicent,75,31.11,20,45,10,overall,2026-10-09T06:46:53.616800+00:00,nein,abfrage
SVI-BLK,36,1,raging-bolt-ogerpon,Raging Bolt Ogerpon,296,1029,1056,416,46.69,crustle-dri,Crustle,50,57.33,24,12,14,overall,2026-10-09T06:46:53.616800+00:00,nein,abfrage
SVI-BLK,36,1,raging-bolt-ogerpon,Raging Bolt Ogerpon,296,1029,1056,416,46.69,dragapult-charizard,Dragapult Charizard,46,56.52,23,14,9,overall,2026-10-09T06:46:53.616800+00:00,nein,abfrage
SVI-BLK,36,1,raging-bolt-ogerpon,Raging Bolt Ogerpon,296,1029,1056,416,46.69,ethan-typhlosion,Ethan's Typhlosion,45,29.63,10,25,10,overall,2026-10-09T06:46:53.616800+00:00,nein,abfrage
SVI-BLK,36,1,raging-bolt-ogerpon,Raging Bolt Ogerpon,296,1029,1056,416,46.69,ho-oh-armarouge,Ho-Oh Armarouge,44,50.0,19,16,9,overall,2026-10-09T06:46:53.616800+00:00,nein,abfrage
SVI-BLK,36,1,raging-bolt-ogerpon,Raging Bolt Ogerpon,296,1029,1056,416,46.69,n-zoroark,N's Zoroark,28,71.43,19,6,3,overall,2026-10-09T06:46:53.616800+00:00,nein,abfrage
SVI-BLK,36,1,raging-bolt-ogerpon,Raging Bolt Ogerpon,296,1029,1056,416,46.69,conkeldurr-twm,Conkeldurr,16,22.92,3,11,2,overall,2026-10-09T06:46:53.616800+00:00,nein,abfrage
SVI-BLK,36,1,raging-bolt-ogerpon,Raging Bolt Ogerpon,296,1029,1056,416,46.69,farigiraf-milotic,Farigiraf Milotic,15,48.89,7,7,1,overall,2026-10-09T06:46:53.616800+00:00,nein,abfrage
SVI-BLK,36,1,raging-bolt-ogerpon,Raging Bolt Ogerpon,296,1029,1056,416,46.69,ceruledge-ex,Ceruledge,15,64.44,9,4,2,overall,2026-10-09T06:46:53.616800+00:00,nein,abfrage
SVI-BLK,36,1,raging-bolt-ogerpon,Raging Bolt Ogerpon,296,1029,1056,416,46.69,roaring-moon-ex,Roaring Moon,15,77.78,11,2,2,overall,2026-10-09T06:46:53.616800+00:00,nein,abfrage
SVI-BLK,36,1,raging-bolt-ogerpon,Raging Bolt Ogerpon,296,1029,1056,416,46.69,cynthia-garchomp-ex,Cynthia's Garchomp,14,52.38,7,6,1,overall,2026-10-09T06:46:53.616800+00:00,nein,abfrage
SVI-BLK,36,1,raging-bolt-ogerpon,Raging Bolt Ogerpon,296,1029,1056,416,46.69,froslass-munkidori,Froslass Munkidori,12,16.67,1,8,3,overall,2026-10-09T06:46:53.616800+00:00,nein,abfrage
SVI-BLK,36,1,raging-bolt-ogerpon,Raging Bolt Ogerpon,296,1029,1056,416,46.69,blissey-ex,Blissey,11,100.0,11,0,0,overall,2026-10-09T06:46:53.616800+00:00,nein,abfrage
SVI-BLK,36,1,raging-bolt-ogerpon,Raging Bolt Ogerpon,296,1029,1056,416,46.69,other,Other,11,54.55,5,3,3,overall,2026-10-09T06:46:53.616800+00:00,nein,abfrage
SVI-BLK,36,1,raging-bolt-ogerpon,Raging Bolt Ogerpon,296,1029,1056,416,46.69,pidgeot-control,Pidgeot Control,11,30.3,3,7,1,overall,2026-10-09T06:46:53.616800+00:00,nein,abfrage
SVI-BLK,36,1,raging-bolt-ogerpon,Raging Bolt Ogerpon,296,1029,1056,416,46.69,ogerpon-ex,Ogerpon,10,20.0,1,6,3,overall,2026-10-09T06:46:53.616800+00:00,nein,abfrage
SVI-BLK,36,1,raging-bolt-ogerpon,Raging Bolt Ogerpon,296,1029,1056,416,46.69,charizard-noctowl,Charizard Noctowl,9,66.67,6,3,0,overall,2026-10-09T06:46:53.616800+00:00,nein,abfrage
SVI-BLK,36,1,raging-bolt-ogerpon,Raging Bolt Ogerpon,296,1029,1056,416,46.69,greninja-ex,Greninja,9,70.37,6,2,1,overall,2026-10-09T06:46:53.616800+00:00,nein,abfrage
SVI-BLK,36,1,raging-bolt-ogerpon,Raging Bolt Ogerpon,296,1029,1056,416,46.69,charizard-dusknoir,Charizard Dusknoir,8,54.17,4,3,1,overall,2026-10-09T06:46:53.616800+00:00,nein,abfrage
SVI-BLK,36,1,raging-bolt-ogerpon,Raging Bolt Ogerpon,296,1029,1056,416,46.69,hydreigon-ex,Hydreigon,7,85.71,6,1,0,overall,2026-10-09T06:46:53.616800+00:00,nein,abfrage
SVI-BLK,36,1,raging-bolt-ogerpon,Raging Bolt Ogerpon,296,1029,1056,416,46.69,iron-hands-magneton,Iron Hands Magneton,6,55.56,3,2,1,overall,2026-10-09T06:46:53.616800+00:00,nein,abfrage
SVI-BLK,36,1,raging-bolt-ogerpon,Raging Bolt Ogerpon,296,1029,1056,416,46.69,miraidon-eelektrik,Miraidon Eelektrik,6,38.89,2,3,1,overall,2026-10-09T06:46:53.616800+00:00,nein,abfrage
SVI-BLK,36,1,raging-bolt-ogerpon,Raging Bolt Ogerpon,296,1029,1056,416,46.69,rocket-mewtwo-ex,Rocket's Mewtwo,6,66.67,4,2,0,overall,2026-10-09T06:46:53.616800+00:00,nein,abfrage
SVI-BLK,36,1,raging-bolt-ogerpon,Raging Bolt Ogerpon,296,1029,1056,416,46.69,toedscruel-ex,Toedscruel,5,73.33,3,0,2,overall,2026-10-09T06:46:53.616800+00:00,nein,abfrage
SVI-BLK,36,1,raging-bolt-ogerpon,Raging Bolt Ogerpon,296,1029,1056,416,46.69,rocket-spidops,Rocket's Spidops,5,46.67,2,2,1,overall,2026-10-09T06:46:53.616800+00:00,nein,abfrage
SVI-BLK,36,1,raging-bolt-ogerpon,Raging Bolt Ogerpon,296,1029,1056,416,46.69,chien-pao-noctowl,Chien-Pao Noctowl,4,25.0,1,3,0,overall,2026-10-09T06:46:53.616800+00:00,nein,abfrage
SVI-BLK,36,1,raging-bolt-ogerpon,Raging Bolt Ogerpon,296,1029,1056,416,46.69,slowking-scr,Slowking,4,33.33,1,2,1,overall,2026-10-09T06:46:53.616800+00:00,nein,abfrage
SVI-BLK,36,1,raging-bolt-ogerpon,Raging Bolt Ogerpon,296,1029,1056,416,46.69,tinkaton-ex,Tinkaton,3,77.78,2,0,1,overall,2026-10-09T06:46:53.616800+00:00,nein,abfrage
SVI-BLK,36,1,raging-bolt-ogerpon,Raging Bolt Ogerpon,296,1029,1056,416,46.69,terapagos-noctowl,Terapagos Noctowl,3,66.67,2,1,0,overall,2026-10-09T06:46:53.616800+00:00,nein,abfrage
SVI-BLK,36,1,raging-bolt-ogerpon,Raging Bolt Ogerpon,296,1029,1056,416,46.69,okidogi-twm,Okidogi,3,66.67,2,1,0,overall,2026-10-09T06:46:53.616800+00:00,nein,abfrage
SVI-BLK,36,1,raging-bolt-ogerpon,Raging Bolt Ogerpon,296,1029,1056,416,46.69,roaring-moon-dudunsparce,Roaring Moon Dudunsparce,3,11.11,0,2,1,overall,2026-10-09T06:46:53.616800+00:00,nein,abfrage
SVI-BLK,36,1,raging-bolt-ogerpon,Raging Bolt Ogerpon,296,1029,1056,416,46.69,spidops-ex,Spidops,3,44.44,1,1,1,overall,2026-10-09T06:46:53.616800+00:00,nein,abfrage
SVI-BLK,36,1,raging-bolt-ogerpon,Raging Bolt Ogerpon,296,1029,1056,416,46.69,dudunsparce-control,Dudunsparce Control,3,44.44,1,1,1,overall,2026-10-09T06:46:53.616800+00:00,nein,abfrage
SVI-BLK,36,1,raging-bolt-ogerpon,Raging Bolt Ogerpon,296,1029,1056,416,46.69,heatran-metang,Heatran Metang,2,16.67,0,1,1,overall,2026-10-09T06:46:53.616800+00:00,nein,abfrage
SVI-BLK,36,1,raging-bolt-ogerpon,Raging Bolt Ogerpon,296,1029,1056,416,46.69,gouging-fire-ex,Gouging Fire,2,100.0,2,0,0,overall,2026-10-09T06:46:53.616800+00:00,nein,abfrage
SVI-BLK,36,1,raging-bolt-ogerpon,Raging Bolt Ogerpon,296,1029,1056,416,46.69,poison-archaludon,Poison Archaludon,2,16.67,0,1,1,overall,2026-10-09T06:46:53.616800+00:00,nein,abfrage
SVI-BLK,36,1,raging-bolt-ogerpon,Raging Bolt Ogerpon,296,1029,1056,416,46.69,blaziken-ex-jtg,Blaziken,2,100.0,2,0,0,overall,2026-10-09T06:46:53.616800+00:00,nein,abfrage
SVI-BLK,36,1,raging-bolt-ogerpon,Raging Bolt Ogerpon,296,1029,1056,416,46.69,dragapult-blaziken,Dragapult Blaziken,2,16.67,0,1,1,overall,2026-10-09T06:46:53.616800+00:00,nein,abfrage
SVI-BLK,36,1,raging-bolt-ogerpon,Raging Bolt Ogerpon,296,1029,1056,416,46.69,miraidon-ex,Miraidon,2,50.0,1,1,0,overall,2026-10-09T06:46:53.616800+00:00,nein,abfrage
SVI-BLK,36,1,raging-bolt-ogerpon,Raging Bolt Ogerpon,296,1029,1056,416,46.69,gholdengo-dragapult,Gholdengo Dragapult,2,33.33,0,0,2,overall,2026-10-09T06:46:53.616800+00:00,nein,abfrage
SVI-BLK,36,1,raging-bolt-ogerpon,Raging Bolt Ogerpon,296,1029,1056,416,46.69,milotic-ex,Milotic,2,50.0,1,1,0,overall,2026-10-09T06:46:53.616800+00:00,nein,abfrage
SVI-BLK,36,1,raging-bolt-ogerpon,Raging Bolt Ogerpon,296,1029,1056,416,46.69,copperajah-ex,Copperajah,2,50.0,1,1,0,overall,2026-10-09T06:46:53.616800+00:00,nein,abfrage
SVI-BLK,36,1,raging-bolt-ogerpon,Raging Bolt Ogerpon,296,1029,1056,416,46.69,charizard-dragapult,Charizard Dragapult,2,0.0,0,2,0,overall,2026-10-09T06:46:53.616800+00:00,nein,abfrage
SVI-BLK,36,1,raging-bolt-ogerpon,Raging Bolt Ogerpon,296,1029,1056,416,46.69,charizard-ex,Charizard,2,50.0,1,1,0,overall,2026-10-09T06:46:53.616800+00:00,nein,abfrage
SVI-BLK,36,1,raging-bolt-ogerpon,Raging Bolt Ogerpon,296,1029,1056,416,46.69,blaziken-zoroark,Blaziken Zoroark,2,16.67,0,1,1,overall,2026-10-09T06:46:53.616800+00:00,nein,abfrage
SVI-BLK,36,1,raging-bolt-ogerpon,Raging Bolt Ogerpon,296,1029,1056,416,46.69,wugtrio-svi,Wugtrio Mill,1,33.33,0,0,1,overall,2026-10-09T06:46:53.616800+00:00,nein,abfrage
SVI-BLK,36,1,raging-bolt-ogerpon,Raging Bolt Ogerpon,296,1029,1056,416,46.69,yanmega-ex,Yanmega,1,100.0,1,0,0,overall,2026-10-09T06:46:53.616800+00:00,nein,abfrage
SVI-BLK,36,1,raging-bolt-ogerpon,Raging Bolt Ogerpon,296,1029,1056,416,46.69,archaludon-ex,Archaludon,1,0.0,0,1,0,overall,2026-10-09T06:46:53.616800+00:00,nein,abfrage
SVI-BLK,36,1,raging-bolt-ogerpon,Raging Bolt Ogerpon,296,1029,1056,416,46.69,espathra-ex,Espathra,1,100.0,1,0,0,overall,2026-10-09T06:46:53.616800+00:00,nein,abfrage
SVI-BLK,36,1,raging-bolt-ogerpon,Raging Bolt Ogerpon,296,1029,1056,416,46.69,ancient-box,Ancient Box,1,0.0,0,1,0,overall,2026-10-09T06:46:53.616800+00:00,nein,abfrage
SVI-BLK,36,1,raging-bolt-ogerpon,Raging Bolt Ogerpon,296,1029,1056,416,46.69,azumarill-ssp,Azumarill,1,100.0,1,0,0,overall,2026-10-09T06:46:53.616800+00:00,nein,abfrage
SVI-BLK,36,1,raging-bolt-ogerpon,Raging Bolt Ogerpon,296,1029,1056,416,46.69,clefairy-ogerpon,Clefairy Ogerpon,1,0.0,0,1,0,overall,2026-10-09T06:46:53.616800+00:00,nein,abfrage
SVI-BLK,36,1,raging-bolt-ogerpon,Raging Bolt Ogerpon,296,1029,1056,416,46.69,marnie-grimmsnarl-ex,Marnie's Grimmsnarl,1,100.0,1,0,0,overall,2026-10-09T06:46:53.616800+00:00,nein,abfrage
SVI-BLK,36,1,raging-bolt-ogerpon,Raging Bolt Ogerpon,296,1029,1056,416,46.69,dragapult-zoroark,Dragapult Zoroark,1,100.0,1,0,0,overall,2026-10-09T06:46:53.616800+00:00,nein,abfrage
SVI-BLK,36,1,raging-bolt-ogerpon,Raging Bolt Ogerpon,296,1029,1056,416,46.69,festival-lead,Festival Lead,1,0.0,0,1,0,overall,2026-10-09T06:46:53.616800+00:00,nein,abfrage
SVI-BLK,36,1,raging-bolt-ogerpon,Raging Bolt Ogerpon,296,1029,1056,416,46.69,chien-pao-baxcalibur,Chien-Pao Baxcalibur,1,100.0,1,0,0,overall,2026-10-09T06:46:53.616800+00:00,nein,abfrage
SVI-BLK,36,1,raging-bolt-ogerpon,Raging Bolt Ogerpon,296,1029,1056,416,46.69,mamoswine-ex,Mamoswine,1,33.33,0,0,1,overall,2026-10-09T06:46:53.616800+00:00,nein,abfrage
SVI-BLK,36,1,raging-bolt-ogerpon,Raging Bolt Ogerpon,296,1029,1056,416,46.69,hop-zacian,Hop's Zacian,1,100.0,1,0,0,overall,2026-10-09T06:46:53.616800+00:00,nein,abfrage
SVI-BLK,36,1,raging-bolt-ogerpon,Raging Bolt Ogerpon,296,1029,1056,416,46.69,future-box,Future Box,1,0.0,0,1,0,overall,2026-10-09T06:46:53.616800+00:00,nein,abfrage
SVI-BLK,36,1,raging-bolt-ogerpon,Raging Bolt Ogerpon,296,1029,1056,416,46.69,farigiraf-ex,Farigiraf,1,0.0,0,1,0,overall,2026-10-09T06:46:53.616800+00:00,nein,abfrage
SVI-BLK,36,1,raging-bolt-ogerpon,Raging Bolt Ogerpon,296,1029,1056,416,46.69,scovillain-ex,Scovillain,1,100.0,1,0,0,overall,2026-10-09T06:46:53.616800+00:00,nein,abfrage
SVI-BLK,36,1,raging-bolt-ogerpon,Raging Bolt Ogerpon,296,1029,1056,416,46.69,slaking-ex,Slaking,1,100.0,1,0,0,overall,2026-10-09T06:46:53.616800+00:00,nein,abfrage
SVI-BLK,36,1,reging-bolt-bellibolt,Raging Bolt Bellibolt,1,0,3,2,13.33,dragapult-dusknoir,Dragapult Dusknoir,1,33.33,0,0,1,overall,2026-10-09T06:46:55.490767+00:00,nein,abfrage
SVI-BLK,36,1,reging-bolt-bellibolt,Raging Bolt Bellibolt,1,0,3,2,13.33,flareon-noctowl,Flareon Noctowl,1,0.0,0,1,0,overall,2026-10-09T06:46:55.490767+00:00,nein,abfrage
SVI-BLK,36,1,reging-bolt-bellibolt,Raging Bolt Bellibolt,1,0,3,2,13.33,gholdengo-ex,Gholdengo,1,0.0,0,1,0,overall,2026-10-09T06:46:55.490767+00:00,nein,abfrage
SVI-BLK,36,1,reging-bolt-bellibolt,Raging Bolt Bellibolt,1,0,3,2,13.33,charizard-pidgeot,Charizard Pidgeot,1,33.33,0,0,1,overall,2026-10-09T06:46:55.490767+00:00,nein,abfrage
SVI-BLK,36,1,reging-bolt-bellibolt,Raging Bolt Bellibolt,1,0,3,2,13.33,grimmsnarl-froslass,Grimmsnarl Froslass,1,0.0,0,1,0,overall,2026-10-09T06:46:55.490767+00:00,nein,abfrage
SVI-BLK,36,1,roaring-moon-dudunsparce,Roaring Moon Dudunsparce,2,10,6,4,56.67,raging-bolt-ogerpon,Raging Bolt Ogerpon,3,77.78,2,0,1,overall,2026-10-09T06:46:57.338132+00:00,nein,abfrage
SVI-BLK,36,1,roaring-moon-dudunsparce,Roaring Moon Dudunsparce,2,10,6,4,56.67,ethan-typhlosion,Ethan's Typhlosion,3,100.0,3,0,0,overall,2026-10-09T06:46:57.338132+00:00,nein,abfrage
SVI-BLK,36,1,roaring-moon-dudunsparce,Roaring Moon Dudunsparce,2,10,6,4,56.67,gholdengo-joltik-box,Gholdengo Joltik Box,2,0.0,0,2,0,overall,2026-10-09T06:46:57.338132+00:00,nein,abfrage
SVI-BLK,36,1,roaring-moon-dudunsparce,Roaring Moon Dudunsparce,2,10,6,4,56.67,gholdengo-ex,Gholdengo,2,50.0,1,1,0,overall,2026-10-09T06:46:57.338132+00:00,nein,abfrage
SVI-BLK,36,1,roaring-moon-dudunsparce,Roaring Moon Dudunsparce,2,10,6,4,56.67,tera-box,Tera Box,2,66.67,1,0,1,overall,2026-10-09T06:46:57.338132+00:00,nein,abfrage
SVI-BLK,36,1,roaring-moon-dudunsparce,Roaring Moon Dudunsparce,2,10,6,4,56.67,ogerpon-ex,Ogerpon,1,100.0,1,0,0,overall,2026-10-09T06:46:57.338132+00:00,nein,abfrage
SVI-BLK,36,1,roaring-moon-dudunsparce,Roaring Moon Dudunsparce,2,10,6,4,56.67,gardevoir-ex-sv,Gardevoir,1,100.0,1,0,0,overall,2026-10-09T06:46:57.338132+00:00,nein,abfrage
SVI-BLK,36,1,roaring-moon-dudunsparce,Roaring Moon Dudunsparce,2,10,6,4,56.67,archaludon-ex,Archaludon,1,0.0,0,1,0,overall,2026-10-09T06:46:57.338132+00:00,nein,abfrage
SVI-BLK,36,1,roaring-moon-dudunsparce,Roaring Moon Dudunsparce,2,10,6,4,56.67,n-zoroark,N's Zoroark,1,33.33,0,0,1,overall,2026-10-09T06:46:57.338132+00:00,nein,abfrage
SVI-BLK,36,1,roaring-moon-dudunsparce,Roaring Moon Dudunsparce,2,10,6,4,56.67,ceruledge-ex,Ceruledge,1,33.33,0,0,1,overall,2026-10-09T06:46:57.338132+00:00,nein,abfrage
SVI-BLK,36,1,roaring-moon-dudunsparce,Roaring Moon Dudunsparce,2,10,6,4,56.67,charizard-pidgeot,Charizard Pidgeot,1,0.0,0,1,0,overall,2026-10-09T06:46:57.338132+00:00,nein,abfrage
SVI-BLK,36,1,roaring-moon-dudunsparce,Roaring Moon Dudunsparce,2,10,6,4,56.67,dragapult-dusknoir,Dragapult Dusknoir,1,0.0,0,1,0,overall,2026-10-09T06:46:57.338132+00:00,nein,abfrage
SVI-BLK,36,1,roaring-moon-dudunsparce,Roaring Moon Dudunsparce,2,10,6,4,56.67,dragapult-ex,Dragapult,1,100.0,1,0,0,overall,2026-10-09T06:46:57.338132+00:00,nein,abfrage
SVI-BLK,36,1,roaring-moon-ex,Roaring Moon,12,36,43,12,43.96,raging-bolt-ogerpon,Raging Bolt Ogerpon,15,17.78,2,11,2,overall,2026-10-09T06:46:59.186394+00:00,nein,abfrage
SVI-BLK,36,1,roaring-moon-ex,Roaring Moon,12,36,43,12,43.96,dragapult-dusknoir,Dragapult Dusknoir,14,52.38,7,6,1,overall,2026-10-09T06:46:59.186394+00:00,nein,abfrage
SVI-BLK,36,1,roaring-moon-ex,Roaring Moon,12,36,43,12,43.96,gardevoir-ex-sv,Gardevoir,11,51.52,5,4,2,overall,2026-10-09T06:46:59.186394+00:00,nein,abfrage
SVI-BLK,36,1,roaring-moon-ex,Roaring Moon,12,36,43,12,43.96,gholdengo-ex,Gholdengo,10,16.67,1,7,2,overall,2026-10-09T06:46:59.186394+00:00,nein,abfrage
SVI-BLK,36,1,roaring-moon-ex,Roaring Moon,12,36,43,12,43.96,charizard-pidgeot,Charizard Pidgeot,8,62.5,5,3,0,overall,2026-10-09T06:46:59.186394+00:00,nein,abfrage
SVI-BLK,36,1,roaring-moon-ex,Roaring Moon,12,36,43,12,43.96,gholdengo-joltik-box,Gholdengo Joltik Box,4,25.0,1,3,0,overall,2026-10-09T06:46:59.186394+00:00,nein,abfrage
SVI-BLK,36,1,roaring-moon-ex,Roaring Moon,12,36,43,12,43.96,flareon-noctowl,Flareon Noctowl,3,66.67,2,1,0,overall,2026-10-09T06:46:59.186394+00:00,nein,abfrage
SVI-BLK,36,1,roaring-moon-ex,Roaring Moon,12,36,43,12,43.96,n-zoroark,N's Zoroark,3,100.0,3,0,0,overall,2026-10-09T06:46:59.186394+00:00,nein,abfrage
SVI-BLK,36,1,roaring-moon-ex,Roaring Moon,12,36,43,12,43.96,ethan-typhlosion,Ethan's Typhlosion,3,77.78,2,0,1,overall,2026-10-09T06:46:59.186394+00:00,nein,abfrage
SVI-BLK,36,1,roaring-moon-ex,Roaring Moon,12,36,43,12,43.96,tera-box,Tera Box,3,22.22,0,1,2,overall,2026-10-09T06:46:59.186394+00:00,nein,abfrage
SVI-BLK,36,1,roaring-moon-ex,Roaring Moon,12,36,43,12,43.96,dragapult-ex,Dragapult,2,50.0,1,1,0,overall,2026-10-09T06:46:59.186394+00:00,nein,abfrage
SVI-BLK,36,1,roaring-moon-ex,Roaring Moon,12,36,43,12,43.96,conkeldurr-twm,Conkeldurr,2,100.0,2,0,0,overall,2026-10-09T06:46:59.186394+00:00,nein,abfrage
SVI-BLK,36,1,roaring-moon-ex,Roaring Moon,12,36,43,12,43.96,crustle-dri,Crustle,2,50.0,1,1,0,overall,2026-10-09T06:46:59.186394+00:00,nein,abfrage
SVI-BLK,36,1,roaring-moon-ex,Roaring Moon,12,36,43,12,43.96,charizard-dusknoir,Charizard Dusknoir,2,0.0,0,2,0,overall,2026-10-09T06:46:59.186394+00:00,nein,abfrage
SVI-BLK,36,1,roaring-moon-ex,Roaring Moon,12,36,43,12,43.96,hydreigon-ex,Hydreigon,2,50.0,1,1,0,overall,2026-10-09T06:46:59.186394+00:00,nein,abfrage
SVI-BLK,36,1,roaring-moon-ex,Roaring Moon,12,36,43,12,43.96,gardevoir-jellicent,Gardevoir Jellicent,2,50.0,1,1,0,overall,2026-10-09T06:46:59.186394+00:00,nein,abfrage
SVI-BLK,36,1,roaring-moon-ex,Roaring Moon,12,36,43,12,43.96,grimmsnarl-froslass,Grimmsnarl Froslass,1,33.33,0,0,1,overall,2026-10-09T06:46:59.186394+00:00,nein,abfrage
SVI-BLK,36,1,roaring-moon-ex,Roaring Moon,12,36,43,12,43.96,farigiraf-milotic,Farigiraf Milotic,1,100.0,1,0,0,overall,2026-10-09T06:46:59.186394+00:00,nein,abfrage
SVI-BLK,36,1,roaring-moon-ex,Roaring Moon,12,36,43,12,43.96,hydrapple-ogerpon,Hydrapple Ogerpon,1,33.33,0,0,1,overall,2026-10-09T06:46:59.186394+00:00,nein,abfrage
SVI-BLK,36,1,roaring-moon-ex,Roaring Moon,12,36,43,12,43.96,joltik-box,Joltik Box,1,0.0,0,1,0,overall,2026-10-09T06:46:59.186394+00:00,nein,abfrage
SVI-BLK,36,1,roaring-moon-ex,Roaring Moon,12,36,43,12,43.96,dragapult-iron-thorns,Dragapult Iron Thorns,1,100.0,1,0,0,overall,2026-10-09T06:46:59.186394+00:00,nein,abfrage
SVI-BLK,36,1,rocket-mewtwo-ex,Rocket's Mewtwo,8,14,34,7,29.7,gholdengo-ex,Gholdengo,10,13.33,1,8,1,overall,2026-10-09T06:47:01.046563+00:00,nein,abfrage
SVI-BLK,36,1,rocket-mewtwo-ex,Rocket's Mewtwo,8,14,34,7,29.7,dragapult-dusknoir,Dragapult Dusknoir,9,25.93,2,6,1,overall,2026-10-09T06:47:01.046563+00:00,nein,abfrage
SVI-BLK,36,1,rocket-mewtwo-ex,Rocket's Mewtwo,8,14,34,7,29.7,raging-bolt-ogerpon,Raging Bolt Ogerpon,6,33.33,2,4,0,overall,2026-10-09T06:47:01.046563+00:00,nein,abfrage
SVI-BLK,36,1,rocket-mewtwo-ex,Rocket's Mewtwo,8,14,34,7,29.7,charizard-pidgeot,Charizard Pidgeot,4,8.33,0,3,1,overall,2026-10-09T06:47:01.046563+00:00,nein,abfrage
SVI-BLK,36,1,rocket-mewtwo-ex,Rocket's Mewtwo,8,14,34,7,29.7,grimmsnarl-froslass,Grimmsnarl Froslass,4,50.0,2,2,0,overall,2026-10-09T06:47:01.046563+00:00,nein,abfrage
SVI-BLK,36,1,rocket-mewtwo-ex,Rocket's Mewtwo,8,14,34,7,29.7,joltik-box,Joltik Box,3,55.56,1,0,2,overall,2026-10-09T06:47:01.046563+00:00,nein,abfrage
SVI-BLK,36,1,rocket-mewtwo-ex,Rocket's Mewtwo,8,14,34,7,29.7,dragapult-ex,Dragapult,3,33.33,1,2,0,overall,2026-10-09T06:47:01.046563+00:00,nein,abfrage
SVI-BLK,36,1,rocket-mewtwo-ex,Rocket's Mewtwo,8,14,34,7,29.7,flareon-noctowl,Flareon Noctowl,2,50.0,1,1,0,overall,2026-10-09T06:47:01.046563+00:00,nein,abfrage
SVI-BLK,36,1,rocket-mewtwo-ex,Rocket's Mewtwo,8,14,34,7,29.7,gholdengo-joltik-box,Gholdengo Joltik Box,2,0.0,0,2,0,overall,2026-10-09T06:47:01.046563+00:00,nein,abfrage
SVI-BLK,36,1,rocket-mewtwo-ex,Rocket's Mewtwo,8,14,34,7,29.7,ho-oh-armarouge,Ho-Oh Armarouge,2,50.0,1,1,0,overall,2026-10-09T06:47:01.046563+00:00,nein,abfrage
SVI-BLK,36,1,rocket-mewtwo-ex,Rocket's Mewtwo,8,14,34,7,29.7,gardevoir-ex-sv,Gardevoir,1,0.0,0,1,0,overall,2026-10-09T06:47:01.046563+00:00,nein,abfrage
SVI-BLK,36,1,rocket-mewtwo-ex,Rocket's Mewtwo,8,14,34,7,29.7,slowking-scr,Slowking,1,0.0,0,1,0,overall,2026-10-09T06:47:01.046563+00:00,nein,abfrage
SVI-BLK,36,1,rocket-mewtwo-ex,Rocket's Mewtwo,8,14,34,7,29.7,slaking-ex,Slaking,1,100.0,1,0,0,overall,2026-10-09T06:47:01.046563+00:00,nein,abfrage
SVI-BLK,36,1,rocket-mewtwo-ex,Rocket's Mewtwo,8,14,34,7,29.7,scovillain-ex,Scovillain,1,33.33,0,0,1,overall,2026-10-09T06:47:01.046563+00:00,nein,abfrage
SVI-BLK,36,1,rocket-mewtwo-ex,Rocket's Mewtwo,8,14,34,7,29.7,charizard-noctowl,Charizard Noctowl,1,33.33,0,0,1,overall,2026-10-09T06:47:01.046563+00:00,nein,abfrage
SVI-BLK,36,1,rocket-mewtwo-ex,Rocket's Mewtwo,8,14,34,7,29.7,n-zoroark,N's Zoroark,1,100.0,1,0,0,overall,2026-10-09T06:47:01.046563+00:00,nein,abfrage
SVI-BLK,36,1,rocket-mewtwo-ex,Rocket's Mewtwo,8,14,34,7,29.7,tera-box,Tera Box,1,0.0,0,1,0,overall,2026-10-09T06:47:01.046563+00:00,nein,abfrage
SVI-BLK,36,1,rocket-mewtwo-ex,Rocket's Mewtwo,8,14,34,7,29.7,gardevoir-jellicent,Gardevoir Jellicent,1,0.0,0,1,0,overall,2026-10-09T06:47:01.046563+00:00,nein,abfrage
SVI-BLK,36,1,rocket-mewtwo-ex,Rocket's Mewtwo,8,14,34,7,29.7,terapagos-noctowl,Terapagos Noctowl,1,0.0,0,1,0,overall,2026-10-09T06:47:01.046563+00:00,nein,abfrage
SVI-BLK,36,1,rocket-mewtwo-ex,Rocket's Mewtwo,8,14,34,7,29.7,conkeldurr-twm,Conkeldurr,1,100.0,1,0,0,overall,2026-10-09T06:47:01.046563+00:00,nein,abfrage
SVI-BLK,36,1,rocket-spidops,Rocket's Spidops,4,12,10,7,49.43,raging-bolt-ogerpon,Raging Bolt Ogerpon,5,46.67,2,2,1,overall,2026-10-09T06:47:02.956850+00:00,nein,abfrage
SVI-BLK,36,1,rocket-spidops,Rocket's Spidops,4,12,10,7,49.43,gardevoir-ex-sv,Gardevoir,4,25.0,1,3,0,overall,2026-10-09T06:47:02.956850+00:00,nein,abfrage
SVI-BLK,36,1,rocket-spidops,Rocket's Spidops,4,12,10,7,49.43,dragapult-dusknoir,Dragapult Dusknoir,4,66.67,2,0,2,overall,2026-10-09T06:47:02.956850+00:00,nein,abfrage
SVI-BLK,36,1,rocket-spidops,Rocket's Spidops,4,12,10,7,49.43,gardevoir-jellicent,Gardevoir Jellicent,3,66.67,2,1,0,overall,2026-10-09T06:47:02.956850+00:00,nein,abfrage
SVI-BLK,36,1,rocket-spidops,Rocket's Spidops,4,12,10,7,49.43,gholdengo-ex,Gholdengo,2,0.0,0,2,0,overall,2026-10-09T06:47:02.956850+00:00,nein,abfrage
SVI-BLK,36,1,rocket-spidops,Rocket's Spidops,4,12,10,7,49.43,charizard-pidgeot,Charizard Pidgeot,2,66.67,1,0,1,overall,2026-10-09T06:47:02.956850+00:00,nein,abfrage
SVI-BLK,36,1,rocket-spidops,Rocket's Spidops,4,12,10,7,49.43,gholdengo-joltik-box,Gholdengo Joltik Box,2,66.67,1,0,1,overall,2026-10-09T06:47:02.956850+00:00,nein,abfrage
SVI-BLK,36,1,rocket-spidops,Rocket's Spidops,4,12,10,7,49.43,grimmsnarl-froslass,Grimmsnarl Froslass,1,0.0,0,1,0,overall,2026-10-09T06:47:02.956850+00:00,nein,abfrage
SVI-BLK,36,1,rocket-spidops,Rocket's Spidops,4,12,10,7,49.43,tera-box,Tera Box,1,33.33,0,0,1,overall,2026-10-09T06:47:02.956850+00:00,nein,abfrage
SVI-BLK,36,1,rocket-spidops,Rocket's Spidops,4,12,10,7,49.43,ethan-typhlosion,Ethan's Typhlosion,1,33.33,0,0,1,overall,2026-10-09T06:47:02.956850+00:00,nein,abfrage
SVI-BLK,36,1,rocket-spidops,Rocket's Spidops,4,12,10,7,49.43,farigiraf-milotic,Farigiraf Milotic,1,100.0,1,0,0,overall,2026-10-09T06:47:02.956850+00:00,nein,abfrage
SVI-BLK,36,1,rocket-spidops,Rocket's Spidops,4,12,10,7,49.43,ho-oh-armarouge,Ho-Oh Armarouge,1,0.0,0,1,0,overall,2026-10-09T06:47:02.956850+00:00,nein,abfrage
SVI-BLK,36,1,rocket-spidops,Rocket's Spidops,4,12,10,7,49.43,flareon-ex,Flareon,1,100.0,1,0,0,overall,2026-10-09T06:47:02.956850+00:00,nein,abfrage
SVI-BLK,36,1,rocket-spidops,Rocket's Spidops,4,12,10,7,49.43,n-zoroark,N's Zoroark,1,100.0,1,0,0,overall,2026-10-09T06:47:02.956850+00:00,nein,abfrage
SVI-BLK,36,1,scovillain-ex,Scovillain,1,2,5,1,29.17,gholdengo-ex,Gholdengo,2,50.0,1,1,0,overall,2026-10-09T06:47:04.841904+00:00,nein,abfrage
SVI-BLK,36,1,scovillain-ex,Scovillain,1,2,5,1,29.17,charizard-pidgeot,Charizard Pidgeot,1,0.0,0,1,0,overall,2026-10-09T06:47:04.841904+00:00,nein,abfrage
SVI-BLK,36,1,scovillain-ex,Scovillain,1,2,5,1,29.17,grimmsnarl-froslass,Grimmsnarl Froslass,1,0.0,0,1,0,overall,2026-10-09T06:47:04.841904+00:00,nein,abfrage
SVI-BLK,36,1,scovillain-ex,Scovillain,1,2,5,1,29.17,rocket-mewtwo-ex,Rocket's Mewtwo,1,33.33,0,0,1,overall,2026-10-09T06:47:04.841904+00:00,nein,abfrage
SVI-BLK,36,1,scovillain-ex,Scovillain,1,2,5,1,29.17,flareon-noctowl,Flareon Noctowl,1,0.0,0,1,0,overall,2026-10-09T06:47:04.841904+00:00,nein,abfrage
SVI-BLK,36,1,scovillain-ex,Scovillain,1,2,5,1,29.17,mamoswine-ex,Mamoswine,1,100.0,1,0,0,overall,2026-10-09T06:47:04.841904+00:00,nein,abfrage
SVI-BLK,36,1,scovillain-ex,Scovillain,1,2,5,1,29.17,raging-bolt-ogerpon,Raging Bolt Ogerpon,1,0.0,0,1,0,overall,2026-10-09T06:47:04.841904+00:00,nein,abfrage
SVI-BLK,36,1,slaking-ex,Slaking,3,11,12,6,44.83,dragapult-dusknoir,Dragapult Dusknoir,10,56.67,5,3,2,overall,2026-10-09T06:47:06.686308+00:00,nein,abfrage
SVI-BLK,36,1,slaking-ex,Slaking,3,11,12,6,44.83,gholdengo-ex,Gholdengo,3,22.22,0,1,2,overall,2026-10-09T06:47:06.686308+00:00,nein,abfrage
SVI-BLK,36,1,slaking-ex,Slaking,3,11,12,6,44.83,flareon-noctowl,Flareon Noctowl,3,66.67,2,1,0,overall,2026-10-09T06:47:06.686308+00:00,nein,abfrage
SVI-BLK,36,1,slaking-ex,Slaking,3,11,12,6,44.83,charizard-pidgeot,Charizard Pidgeot,2,16.67,0,1,1,overall,2026-10-09T06:47:06.686308+00:00,nein,abfrage
SVI-BLK,36,1,slaking-ex,Slaking,3,11,12,6,44.83,joltik-box,Joltik Box,2,50.0,1,1,0,overall,2026-10-09T06:47:06.686308+00:00,nein,abfrage
SVI-BLK,36,1,slaking-ex,Slaking,3,11,12,6,44.83,ethan-typhlosion,Ethan's Typhlosion,2,50.0,1,1,0,overall,2026-10-09T06:47:06.686308+00:00,nein,abfrage
SVI-BLK,36,1,slaking-ex,Slaking,3,11,12,6,44.83,gholdengo-joltik-box,Gholdengo Joltik Box,2,0.0,0,2,0,overall,2026-10-09T06:47:06.686308+00:00,nein,abfrage
SVI-BLK,36,1,slaking-ex,Slaking,3,11,12,6,44.83,gardevoir-ex-sv,Gardevoir,1,33.33,0,0,1,overall,2026-10-09T06:47:06.686308+00:00,nein,abfrage
SVI-BLK,36,1,slaking-ex,Slaking,3,11,12,6,44.83,rocket-mewtwo-ex,Rocket's Mewtwo,1,0.0,0,1,0,overall,2026-10-09T06:47:06.686308+00:00,nein,abfrage
SVI-BLK,36,1,slaking-ex,Slaking,3,11,12,6,44.83,dragapult-ex,Dragapult,1,100.0,1,0,0,overall,2026-10-09T06:47:06.686308+00:00,nein,abfrage
SVI-BLK,36,1,slaking-ex,Slaking,3,11,12,6,44.83,tera-box,Tera Box,1,100.0,1,0,0,overall,2026-10-09T06:47:06.686308+00:00,nein,abfrage
SVI-BLK,36,1,slaking-ex,Slaking,3,11,12,6,44.83,raging-bolt-ogerpon,Raging Bolt Ogerpon,1,0.0,0,1,0,overall,2026-10-09T06:47:06.686308+00:00,nein,abfrage
SVI-BLK,36,1,slowking-scr,Slowking,10,32,40,11,42.97,dragapult-dusknoir,Dragapult Dusknoir,15,22.22,3,11,1,overall,2026-10-09T06:47:08.546839+00:00,nein,abfrage
SVI-BLK,36,1,slowking-scr,Slowking,10,32,40,11,42.97,gholdengo-ex,Gholdengo,9,59.26,5,3,1,overall,2026-10-09T06:47:08.546839+00:00,nein,abfrage
SVI-BLK,36,1,slowking-scr,Slowking,10,32,40,11,42.97,gardevoir-ex-sv,Gardevoir,8,41.67,3,4,1,overall,2026-10-09T06:47:08.546839+00:00,nein,abfrage
SVI-BLK,36,1,slowking-scr,Slowking,10,32,40,11,42.97,joltik-box,Joltik Box,7,28.57,2,5,0,overall,2026-10-09T06:47:08.546839+00:00,nein,abfrage
SVI-BLK,36,1,slowking-scr,Slowking,10,32,40,11,42.97,tera-box,Tera Box,5,73.33,3,0,2,overall,2026-10-09T06:47:08.546839+00:00,nein,abfrage
SVI-BLK,36,1,slowking-scr,Slowking,10,32,40,11,42.97,gholdengo-joltik-box,Gholdengo Joltik Box,5,6.67,0,4,1,overall,2026-10-09T06:47:08.546839+00:00,nein,abfrage
SVI-BLK,36,1,slowking-scr,Slowking,10,32,40,11,42.97,grimmsnarl-froslass,Grimmsnarl Froslass,4,33.33,1,2,1,overall,2026-10-09T06:47:08.546839+00:00,nein,abfrage
SVI-BLK,36,1,slowking-scr,Slowking,10,32,40,11,42.97,gardevoir-jellicent,Gardevoir Jellicent,4,50.0,2,2,0,overall,2026-10-09T06:47:08.546839+00:00,nein,abfrage
SVI-BLK,36,1,slowking-scr,Slowking,10,32,40,11,42.97,raging-bolt-ogerpon,Raging Bolt Ogerpon,4,58.33,2,1,1,overall,2026-10-09T06:47:08.546839+00:00,nein,abfrage
SVI-BLK,36,1,slowking-scr,Slowking,10,32,40,11,42.97,charizard-pidgeot,Charizard Pidgeot,3,100.0,3,0,0,overall,2026-10-09T06:47:08.546839+00:00,nein,abfrage
SVI-BLK,36,1,slowking-scr,Slowking,10,32,40,11,42.97,dragapult-ex,Dragapult,3,11.11,0,2,1,overall,2026-10-09T06:47:08.546839+00:00,nein,abfrage
SVI-BLK,36,1,slowking-scr,Slowking,10,32,40,11,42.97,flareon-noctowl,Flareon Noctowl,3,44.44,1,1,1,overall,2026-10-09T06:47:08.546839+00:00,nein,abfrage
SVI-BLK,36,1,slowking-scr,Slowking,10,32,40,11,42.97,ethan-typhlosion,Ethan's Typhlosion,2,50.0,1,1,0,overall,2026-10-09T06:47:08.546839+00:00,nein,abfrage
SVI-BLK,36,1,slowking-scr,Slowking,10,32,40,11,42.97,ho-oh-armarouge,Ho-Oh Armarouge,1,100.0,1,0,0,overall,2026-10-09T06:47:08.546839+00:00,nein,abfrage
SVI-BLK,36,1,slowking-scr,Slowking,10,32,40,11,42.97,charizard-dragapult,Charizard Dragapult,1,0.0,0,1,0,overall,2026-10-09T06:47:08.546839+00:00,nein,abfrage
SVI-BLK,36,1,slowking-scr,Slowking,10,32,40,11,42.97,feraligatr-tef,Feraligatr,1,0.0,0,1,0,overall,2026-10-09T06:47:08.546839+00:00,nein,abfrage
SVI-BLK,36,1,slowking-scr,Slowking,10,32,40,11,42.97,mamoswine-ex,Mamoswine,1,100.0,1,0,0,overall,2026-10-09T06:47:08.546839+00:00,nein,abfrage
SVI-BLK,36,1,slowking-scr,Slowking,10,32,40,11,42.97,dragapult-charizard,Dragapult Charizard,1,100.0,1,0,0,overall,2026-10-09T06:47:08.546839+00:00,nein,abfrage
SVI-BLK,36,1,slowking-scr,Slowking,10,32,40,11,42.97,rocket-mewtwo-ex,Rocket's Mewtwo,1,100.0,1,0,0,overall,2026-10-09T06:47:08.546839+00:00,nein,abfrage
SVI-BLK,36,1,slowking-scr,Slowking,10,32,40,11,42.97,other,Other,1,100.0,1,0,0,overall,2026-10-09T06:47:08.546839+00:00,nein,abfrage
SVI-BLK,36,1,slowking-scr,Slowking,10,32,40,11,42.97,miraidon-eelektrik,Miraidon Eelektrik,1,100.0,1,0,0,overall,2026-10-09T06:47:08.546839+00:00,nein,abfrage
SVI-BLK,36,1,slowking-scr,Slowking,10,32,40,11,42.97,dragapult-zoroark,Dragapult Zoroark,1,0.0,0,1,0,overall,2026-10-09T06:47:08.546839+00:00,nein,abfrage
SVI-BLK,36,1,slowking-scr,Slowking,10,32,40,11,42.97,crustle-dri,Crustle,1,33.33,0,0,1,overall,2026-10-09T06:47:08.546839+00:00,nein,abfrage
SVI-BLK,36,1,spidops-ex,Spidops,2,7,7,2,47.92,dragapult-dusknoir,Dragapult Dusknoir,4,50.0,2,2,0,overall,2026-10-09T06:47:10.422564+00:00,nein,abfrage
SVI-BLK,36,1,spidops-ex,Spidops,2,7,7,2,47.92,raging-bolt-ogerpon,Raging Bolt Ogerpon,3,44.44,1,1,1,overall,2026-10-09T06:47:10.422564+00:00,nein,abfrage
SVI-BLK,36,1,spidops-ex,Spidops,2,7,7,2,47.92,charizard-pidgeot,Charizard Pidgeot,1,0.0,0,1,0,overall,2026-10-09T06:47:10.422564+00:00,nein,abfrage
SVI-BLK,36,1,spidops-ex,Spidops,2,7,7,2,47.92,hydreigon-ex,Hydreigon,1,100.0,1,0,0,overall,2026-10-09T06:47:10.422564+00:00,nein,abfrage
SVI-BLK,36,1,spidops-ex,Spidops,2,7,7,2,47.92,archaludon-ex,Archaludon,1,100.0,1,0,0,overall,2026-10-09T06:47:10.422564+00:00,nein,abfrage
SVI-BLK,36,1,spidops-ex,Spidops,2,7,7,2,47.92,gardevoir-ex-sv,Gardevoir,1,33.33,0,0,1,overall,2026-10-09T06:47:10.422564+00:00,nein,abfrage
SVI-BLK,36,1,spidops-ex,Spidops,2,7,7,2,47.92,grimmsnarl-froslass,Grimmsnarl Froslass,1,0.0,0,1,0,overall,2026-10-09T06:47:10.422564+00:00,nein,abfrage
SVI-BLK,36,1,spidops-ex,Spidops,2,7,7,2,47.92,other,Other,1,0.0,0,1,0,overall,2026-10-09T06:47:10.422564+00:00,nein,abfrage
SVI-BLK,36,1,spidops-ex,Spidops,2,7,7,2,47.92,crustle-dri,Crustle,1,100.0,1,0,0,overall,2026-10-09T06:47:10.422564+00:00,nein,abfrage
SVI-BLK,36,1,spidops-ex,Spidops,2,7,7,2,47.92,chien-pao-noctowl,Chien-Pao Noctowl,1,0.0,0,1,0,overall,2026-10-09T06:47:10.422564+00:00,nein,abfrage
SVI-BLK,36,1,spidops-ex,Spidops,2,7,7,2,47.92,ceruledge-ex,Ceruledge,1,100.0,1,0,0,overall,2026-10-09T06:47:10.422564+00:00,nein,abfrage
SVI-BLK,36,1,tera-box,Tera Box,94,503,320,154,56.74,dragapult-dusknoir,Dragapult Dusknoir,132,64.9,80,35,17,overall,2026-10-09T06:47:12.292985+00:00,nein,abfrage
SVI-BLK,36,1,tera-box,Tera Box,94,503,320,154,56.74,raging-bolt-ogerpon,Raging Bolt Ogerpon,130,65.38,81,37,12,overall,2026-10-09T06:47:12.292985+00:00,nein,abfrage
SVI-BLK,36,1,tera-box,Tera Box,94,503,320,154,56.74,gholdengo-ex,Gholdengo,109,64.53,65,28,16,overall,2026-10-09T06:47:12.292985+00:00,nein,abfrage
SVI-BLK,36,1,tera-box,Tera Box,94,503,320,154,56.74,gardevoir-ex-sv,Gardevoir,78,47.86,30,26,22,overall,2026-10-09T06:47:12.292985+00:00,nein,abfrage
SVI-BLK,36,1,tera-box,Tera Box,94,503,320,154,56.74,gholdengo-joltik-box,Gholdengo Joltik Box,69,54.11,33,23,13,overall,2026-10-09T06:47:12.292985+00:00,nein,abfrage
SVI-BLK,36,1,tera-box,Tera Box,94,503,320,154,56.74,charizard-pidgeot,Charizard Pidgeot,63,59.79,35,20,8,overall,2026-10-09T06:47:12.292985+00:00,nein,abfrage
SVI-BLK,36,1,tera-box,Tera Box,94,503,320,154,56.74,flareon-noctowl,Flareon Noctowl,42,46.83,18,19,5,overall,2026-10-09T06:47:12.292985+00:00,nein,abfrage
SVI-BLK,36,1,tera-box,Tera Box,94,503,320,154,56.74,joltik-box,Joltik Box,42,53.97,20,14,8,overall,2026-10-09T06:47:12.292985+00:00,nein,abfrage
SVI-BLK,36,1,tera-box,Tera Box,94,503,320,154,56.74,grimmsnarl-froslass,Grimmsnarl Froslass,39,65.81,25,12,2,overall,2026-10-09T06:47:12.292985+00:00,nein,abfrage
SVI-BLK,36,1,tera-box,Tera Box,94,503,320,154,56.74,dragapult-ex,Dragapult,29,45.98,11,11,7,overall,2026-10-09T06:47:12.292985+00:00,nein,abfrage
SVI-BLK,36,1,tera-box,Tera Box,94,503,320,154,56.74,gardevoir-jellicent,Gardevoir Jellicent,28,60.71,16,9,3,overall,2026-10-09T06:47:12.292985+00:00,nein,abfrage
SVI-BLK,36,1,tera-box,Tera Box,94,503,320,154,56.74,tera-box,Tera Box,24,49.31,23,23,2,overall,2026-10-09T06:47:12.292985+00:00,ja,abfrage
SVI-BLK,36,1,tera-box,Tera Box,94,503,320,154,56.74,ethan-typhlosion,Ethan's Typhlosion,19,57.89,10,6,3,overall,2026-10-09T06:47:12.292985+00:00,nein,abfrage
SVI-BLK,36,1,tera-box,Tera Box,94,503,320,154,56.74,crustle-dri,Crustle,19,24.56,2,9,8,overall,2026-10-09T06:47:12.292985+00:00,nein,abfrage
SVI-BLK,36,1,tera-box,Tera Box,94,503,320,154,56.74,n-zoroark,N's Zoroark,15,66.67,10,5,0,overall,2026-10-09T06:47:12.292985+00:00,nein,abfrage
SVI-BLK,36,1,tera-box,Tera Box,94,503,320,154,56.74,conkeldurr-twm,Conkeldurr,13,43.59,5,6,2,overall,2026-10-09T06:47:12.292985+00:00,nein,abfrage
SVI-BLK,36,1,tera-box,Tera Box,94,503,320,154,56.74,dragapult-charizard,Dragapult Charizard,13,66.67,8,3,2,overall,2026-10-09T06:47:12.292985+00:00,nein,abfrage
SVI-BLK,36,1,tera-box,Tera Box,94,503,320,154,56.74,ho-oh-armarouge,Ho-Oh Armarouge,7,28.57,1,3,3,overall,2026-10-09T06:47:12.292985+00:00,nein,abfrage
SVI-BLK,36,1,tera-box,Tera Box,94,503,320,154,56.74,pidgeot-control,Pidgeot Control,7,61.9,4,2,1,overall,2026-10-09T06:47:12.292985+00:00,nein,abfrage
SVI-BLK,36,1,tera-box,Tera Box,94,503,320,154,56.74,ogerpon-ex,Ogerpon,6,27.78,1,3,2,overall,2026-10-09T06:47:12.292985+00:00,nein,abfrage
SVI-BLK,36,1,tera-box,Tera Box,94,503,320,154,56.74,iron-hands-magneton,Iron Hands Magneton,6,72.22,4,1,1,overall,2026-10-09T06:47:12.292985+00:00,nein,abfrage
SVI-BLK,36,1,tera-box,Tera Box,94,503,320,154,56.74,froslass-munkidori,Froslass Munkidori,6,55.56,3,2,1,overall,2026-10-09T06:47:12.292985+00:00,nein,abfrage
SVI-BLK,36,1,tera-box,Tera Box,94,503,320,154,56.74,slowking-scr,Slowking,5,13.33,0,3,2,overall,2026-10-09T06:47:12.292985+00:00,nein,abfrage
SVI-BLK,36,1,tera-box,Tera Box,94,503,320,154,56.74,other,Other,4,75.0,3,1,0,overall,2026-10-09T06:47:12.292985+00:00,nein,abfrage
SVI-BLK,36,1,tera-box,Tera Box,94,503,320,154,56.74,ceruledge-ex,Ceruledge,4,58.33,2,1,1,overall,2026-10-09T06:47:12.292985+00:00,nein,abfrage
SVI-BLK,36,1,tera-box,Tera Box,94,503,320,154,56.74,cynthia-garchomp-ex,Cynthia's Garchomp,4,66.67,2,0,2,overall,2026-10-09T06:47:12.292985+00:00,nein,abfrage
SVI-BLK,36,1,tera-box,Tera Box,94,503,320,154,56.74,hydreigon-ex,Hydreigon,3,77.78,2,0,1,overall,2026-10-09T06:47:12.292985+00:00,nein,abfrage
SVI-BLK,36,1,tera-box,Tera Box,94,503,320,154,56.74,charizard-ex,Charizard,3,33.33,1,2,0,overall,2026-10-09T06:47:12.292985+00:00,nein,abfrage
SVI-BLK,36,1,tera-box,Tera Box,94,503,320,154,56.74,roaring-moon-ex,Roaring Moon,3,55.56,1,0,2,overall,2026-10-09T06:47:12.292985+00:00,nein,abfrage
SVI-BLK,36,1,tera-box,Tera Box,94,503,320,154,56.74,chien-pao-noctowl,Chien-Pao Noctowl,2,50.0,1,1,0,overall,2026-10-09T06:47:12.292985+00:00,nein,abfrage
SVI-BLK,36,1,tera-box,Tera Box,94,503,320,154,56.74,charizard-noctowl,Charizard Noctowl,2,0.0,0,2,0,overall,2026-10-09T06:47:12.292985+00:00,nein,abfrage
SVI-BLK,36,1,tera-box,Tera Box,94,503,320,154,56.74,farigiraf-milotic,Farigiraf Milotic,2,50.0,1,1,0,overall,2026-10-09T06:47:12.292985+00:00,nein,abfrage
SVI-BLK,36,1,tera-box,Tera Box,94,503,320,154,56.74,miraidon-eelektrik,Miraidon Eelektrik,2,66.67,1,0,1,overall,2026-10-09T06:47:12.292985+00:00,nein,abfrage
SVI-BLK,36,1,tera-box,Tera Box,94,503,320,154,56.74,greninja-ex,Greninja,2,50.0,1,1,0,overall,2026-10-09T06:47:12.292985+00:00,nein,abfrage
SVI-BLK,36,1,tera-box,Tera Box,94,503,320,154,56.74,roaring-moon-dudunsparce,Roaring Moon Dudunsparce,2,16.67,0,1,1,overall,2026-10-09T06:47:12.292985+00:00,nein,abfrage
SVI-BLK,36,1,tera-box,Tera Box,94,503,320,154,56.74,dragapult-blaziken,Dragapult Blaziken,2,0.0,0,2,0,overall,2026-10-09T06:47:12.292985+00:00,nein,abfrage
SVI-BLK,36,1,tera-box,Tera Box,94,503,320,154,56.74,okidogi-ex,Okidogi,1,33.33,0,0,1,overall,2026-10-09T06:47:12.292985+00:00,nein,abfrage
SVI-BLK,36,1,tera-box,Tera Box,94,503,320,154,56.74,iron-thorns-ex,Iron Thorns,1,100.0,1,0,0,overall,2026-10-09T06:47:12.292985+00:00,nein,abfrage
SVI-BLK,36,1,tera-box,Tera Box,94,503,320,154,56.74,rocket-spidops,Rocket's Spidops,1,33.33,0,0,1,overall,2026-10-09T06:47:12.292985+00:00,nein,abfrage
SVI-BLK,36,1,tera-box,Tera Box,94,503,320,154,56.74,yanmega-ex,Yanmega,1,0.0,0,1,0,overall,2026-10-09T06:47:12.292985+00:00,nein,abfrage
SVI-BLK,36,1,tera-box,Tera Box,94,503,320,154,56.74,toedscruel-ex,Toedscruel,1,33.33,0,0,1,overall,2026-10-09T06:47:12.292985+00:00,nein,abfrage
SVI-BLK,36,1,tera-box,Tera Box,94,503,320,154,56.74,dragapult-iron-thorns,Dragapult Iron Thorns,1,100.0,1,0,0,overall,2026-10-09T06:47:12.292985+00:00,nein,abfrage
SVI-BLK,36,1,tera-box,Tera Box,94,503,320,154,56.74,gouging-fire-ex,Gouging Fire,1,33.33,0,0,1,overall,2026-10-09T06:47:12.292985+00:00,nein,abfrage
SVI-BLK,36,1,tera-box,Tera Box,94,503,320,154,56.74,milotic-ex,Milotic,1,0.0,0,1,0,overall,2026-10-09T06:47:12.292985+00:00,nein,abfrage
SVI-BLK,36,1,tera-box,Tera Box,94,503,320,154,56.74,copperajah-ex,Copperajah,1,0.0,0,1,0,overall,2026-10-09T06:47:12.292985+00:00,nein,abfrage
SVI-BLK,36,1,tera-box,Tera Box,94,503,320,154,56.74,rocket-mewtwo-ex,Rocket's Mewtwo,1,100.0,1,0,0,overall,2026-10-09T06:47:12.292985+00:00,nein,abfrage
SVI-BLK,36,1,tera-box,Tera Box,94,503,320,154,56.74,future-box,Future Box,1,0.0,0,1,0,overall,2026-10-09T06:47:12.292985+00:00,nein,abfrage
SVI-BLK,36,1,tera-box,Tera Box,94,503,320,154,56.74,slaking-ex,Slaking,1,0.0,0,1,0,overall,2026-10-09T06:47:12.292985+00:00,nein,abfrage
SVI-BLK,36,1,terapagos-noctowl,Terapagos Noctowl,4,12,18,5,39.05,gholdengo-ex,Gholdengo,6,27.78,1,3,2,overall,2026-10-09T06:47:14.156555+00:00,nein,abfrage
SVI-BLK,36,1,terapagos-noctowl,Terapagos Noctowl,4,12,18,5,39.05,dragapult-dusknoir,Dragapult Dusknoir,6,5.56,0,5,1,overall,2026-10-09T06:47:14.156555+00:00,nein,abfrage
SVI-BLK,36,1,terapagos-noctowl,Terapagos Noctowl,4,12,18,5,39.05,gholdengo-joltik-box,Gholdengo Joltik Box,4,25.0,1,3,0,overall,2026-10-09T06:47:14.156555+00:00,nein,abfrage
SVI-BLK,36,1,terapagos-noctowl,Terapagos Noctowl,4,12,18,5,39.05,ethan-typhlosion,Ethan's Typhlosion,3,33.33,1,2,0,overall,2026-10-09T06:47:14.156555+00:00,nein,abfrage
SVI-BLK,36,1,terapagos-noctowl,Terapagos Noctowl,4,12,18,5,39.05,gardevoir-ex-sv,Gardevoir,3,77.78,2,0,1,overall,2026-10-09T06:47:14.156555+00:00,nein,abfrage
SVI-BLK,36,1,terapagos-noctowl,Terapagos Noctowl,4,12,18,5,39.05,raging-bolt-ogerpon,Raging Bolt Ogerpon,3,33.33,1,2,0,overall,2026-10-09T06:47:14.156555+00:00,nein,abfrage
SVI-BLK,36,1,terapagos-noctowl,Terapagos Noctowl,4,12,18,5,39.05,gardevoir-jellicent,Gardevoir Jellicent,2,16.67,0,1,1,overall,2026-10-09T06:47:14.156555+00:00,nein,abfrage
SVI-BLK,36,1,terapagos-noctowl,Terapagos Noctowl,4,12,18,5,39.05,other,Other,1,100.0,1,0,0,overall,2026-10-09T06:47:14.156555+00:00,nein,abfrage
SVI-BLK,36,1,terapagos-noctowl,Terapagos Noctowl,4,12,18,5,39.05,charizard-pidgeot,Charizard Pidgeot,1,100.0,1,0,0,overall,2026-10-09T06:47:14.156555+00:00,nein,abfrage
SVI-BLK,36,1,terapagos-noctowl,Terapagos Noctowl,4,12,18,5,39.05,heatran-metang,Heatran Metang,1,100.0,1,0,0,overall,2026-10-09T06:47:14.156555+00:00,nein,abfrage
SVI-BLK,36,1,terapagos-noctowl,Terapagos Noctowl,4,12,18,5,39.05,rocket-mewtwo-ex,Rocket's Mewtwo,1,100.0,1,0,0,overall,2026-10-09T06:47:14.156555+00:00,nein,abfrage
SVI-BLK,36,1,terapagos-noctowl,Terapagos Noctowl,4,12,18,5,39.05,dragapult-iron-thorns,Dragapult Iron Thorns,1,100.0,1,0,0,overall,2026-10-09T06:47:14.156555+00:00,nein,abfrage
SVI-BLK,36,1,terapagos-noctowl,Terapagos Noctowl,4,12,18,5,39.05,greninja-ex,Greninja,1,0.0,0,1,0,overall,2026-10-09T06:47:14.156555+00:00,nein,abfrage
SVI-BLK,36,1,terapagos-noctowl,Terapagos Noctowl,4,12,18,5,39.05,joltik-box,Joltik Box,1,100.0,1,0,0,overall,2026-10-09T06:47:14.156555+00:00,nein,abfrage
SVI-BLK,36,1,terapagos-noctowl,Terapagos Noctowl,4,12,18,5,39.05,dragapult-charizard,Dragapult Charizard,1,0.0,0,1,0,overall,2026-10-09T06:47:14.156555+00:00,nein,abfrage
SVI-BLK,36,1,tinkaton-ex,Tinkaton,2,4,8,1,33.33,dragapult-dusknoir,Dragapult Dusknoir,4,25.0,1,3,0,overall,2026-10-09T06:47:16.016469+00:00,nein,abfrage
SVI-BLK,36,1,tinkaton-ex,Tinkaton,2,4,8,1,33.33,raging-bolt-ogerpon,Raging Bolt Ogerpon,3,11.11,0,2,1,overall,2026-10-09T06:47:16.016469+00:00,nein,abfrage
SVI-BLK,36,1,tinkaton-ex,Tinkaton,2,4,8,1,33.33,gholdengo-joltik-box,Gholdengo Joltik Box,3,66.67,2,1,0,overall,2026-10-09T06:47:16.016469+00:00,nein,abfrage
SVI-BLK,36,1,tinkaton-ex,Tinkaton,2,4,8,1,33.33,gardevoir-ex-sv,Gardevoir,1,0.0,0,1,0,overall,2026-10-09T06:47:16.016469+00:00,nein,abfrage
SVI-BLK,36,1,tinkaton-ex,Tinkaton,2,4,8,1,33.33,gholdengo-ex,Gholdengo,1,0.0,0,1,0,overall,2026-10-09T06:47:16.016469+00:00,nein,abfrage
SVI-BLK,36,1,tinkaton-ex,Tinkaton,2,4,8,1,33.33,chien-pao-baxcalibur,Chien-Pao Baxcalibur,1,100.0,1,0,0,overall,2026-10-09T06:47:16.016469+00:00,nein,abfrage
SVI-BLK,36,1,toedscruel-ex,Toedscruel,3,7,9,8,40.28,raging-bolt-ogerpon,Raging Bolt Ogerpon,5,13.33,0,3,2,overall,2026-10-09T06:47:17.865335+00:00,nein,abfrage
SVI-BLK,36,1,toedscruel-ex,Toedscruel,3,7,9,8,40.28,charizard-pidgeot,Charizard Pidgeot,4,41.67,1,1,2,overall,2026-10-09T06:47:17.865335+00:00,nein,abfrage
SVI-BLK,36,1,toedscruel-ex,Toedscruel,3,7,9,8,40.28,dragapult-dusknoir,Dragapult Dusknoir,3,77.78,2,0,1,overall,2026-10-09T06:47:17.865335+00:00,nein,abfrage
SVI-BLK,36,1,toedscruel-ex,Toedscruel,3,7,9,8,40.28,ethan-typhlosion,Ethan's Typhlosion,2,0.0,0,2,0,overall,2026-10-09T06:47:17.865335+00:00,nein,abfrage
SVI-BLK,36,1,toedscruel-ex,Toedscruel,3,7,9,8,40.28,gholdengo-joltik-box,Gholdengo Joltik Box,2,0.0,0,2,0,overall,2026-10-09T06:47:17.865335+00:00,nein,abfrage
SVI-BLK,36,1,toedscruel-ex,Toedscruel,3,7,9,8,40.28,conkeldurr-twm,Conkeldurr,1,33.33,0,0,1,overall,2026-10-09T06:47:17.865335+00:00,nein,abfrage
SVI-BLK,36,1,toedscruel-ex,Toedscruel,3,7,9,8,40.28,tera-box,Tera Box,1,33.33,0,0,1,overall,2026-10-09T06:47:17.865335+00:00,nein,abfrage
SVI-BLK,36,1,toedscruel-ex,Toedscruel,3,7,9,8,40.28,gholdengo-ex,Gholdengo,1,33.33,0,0,1,overall,2026-10-09T06:47:17.865335+00:00,nein,abfrage
SVI-BLK,36,1,toedscruel-ex,Toedscruel,3,7,9,8,40.28,other,Other,1,100.0,1,0,0,overall,2026-10-09T06:47:17.865335+00:00,nein,abfrage
SVI-BLK,36,1,toedscruel-ex,Toedscruel,3,7,9,8,40.28,n-zoroark,N's Zoroark,1,100.0,1,0,0,overall,2026-10-09T06:47:17.865335+00:00,nein,abfrage
SVI-BLK,36,1,toedscruel-ex,Toedscruel,3,7,9,8,40.28,dragapult-ex,Dragapult,1,100.0,1,0,0,overall,2026-10-09T06:47:17.865335+00:00,nein,abfrage
SVI-BLK,36,1,toedscruel-ex,Toedscruel,3,7,9,8,40.28,gardevoir-ex-sv,Gardevoir,1,100.0,1,0,0,overall,2026-10-09T06:47:17.865335+00:00,nein,abfrage
SVI-BLK,36,1,toedscruel-ex,Toedscruel,3,7,9,8,40.28,crustle-dri,Crustle,1,0.0,0,1,0,overall,2026-10-09T06:47:17.865335+00:00,nein,abfrage
SVI-BLK,36,1,wugtrio-svi,Wugtrio Mill,1,0,4,4,16.67,n-zoroark,N's Zoroark,2,33.33,0,0,2,overall,2026-10-09T06:47:19.741529+00:00,nein,abfrage
SVI-BLK,36,1,wugtrio-svi,Wugtrio Mill,1,0,4,4,16.67,raging-bolt-ogerpon,Raging Bolt Ogerpon,1,33.33,0,0,1,overall,2026-10-09T06:47:19.741529+00:00,nein,abfrage
SVI-BLK,36,1,wugtrio-svi,Wugtrio Mill,1,0,4,4,16.67,dragapult-ex,Dragapult,1,0.0,0,1,0,overall,2026-10-09T06:47:19.741529+00:00,nein,abfrage
SVI-BLK,36,1,wugtrio-svi,Wugtrio Mill,1,0,4,4,16.67,gholdengo-ex,Gholdengo,1,0.0,0,1,0,overall,2026-10-09T06:47:19.741529+00:00,nein,abfrage
SVI-BLK,36,1,wugtrio-svi,Wugtrio Mill,1,0,4,4,16.67,charizard-pidgeot,Charizard Pidgeot,1,0.0,0,1,0,overall,2026-10-09T06:47:19.741529+00:00,nein,abfrage
SVI-BLK,36,1,wugtrio-svi,Wugtrio Mill,1,0,4,4,16.67,dragapult-dusknoir,Dragapult Dusknoir,1,0.0,0,1,0,overall,2026-10-09T06:47:19.741529+00:00,nein,abfrage
SVI-BLK,36,1,wugtrio-svi,Wugtrio Mill,1,0,4,4,16.67,ethan-typhlosion,Ethan's Typhlosion,1,33.33,0,0,1,overall,2026-10-09T06:47:19.741529+00:00,nein,abfrage
SVI-BLK,36,1,yanmega-ex,Yanmega,2,7,7,2,47.92,gardevoir-ex-sv,Gardevoir,2,50.0,1,1,0,overall,2026-10-09T06:47:21.614247+00:00,nein,abfrage
SVI-BLK,36,1,yanmega-ex,Yanmega,2,7,7,2,47.92,dragapult-dusknoir,Dragapult Dusknoir,2,100.0,2,0,0,overall,2026-10-09T06:47:21.614247+00:00,nein,abfrage
SVI-BLK,36,1,yanmega-ex,Yanmega,2,7,7,2,47.92,gholdengo-ex,Gholdengo,2,66.67,1,0,1,overall,2026-10-09T06:47:21.614247+00:00,nein,abfrage
SVI-BLK,36,1,yanmega-ex,Yanmega,2,7,7,2,47.92,joltik-box,Joltik Box,2,0.0,0,2,0,overall,2026-10-09T06:47:21.614247+00:00,nein,abfrage
SVI-BLK,36,1,yanmega-ex,Yanmega,2,7,7,2,47.92,raging-bolt-ogerpon,Raging Bolt Ogerpon,1,0.0,0,1,0,overall,2026-10-09T06:47:21.614247+00:00,nein,abfrage
SVI-BLK,36,1,yanmega-ex,Yanmega,2,7,7,2,47.92,gholdengo-joltik-box,Gholdengo Joltik Box,1,0.0,0,1,0,overall,2026-10-09T06:47:21.614247+00:00,nein,abfrage
SVI-BLK,36,1,yanmega-ex,Yanmega,2,7,7,2,47.92,tera-box,Tera Box,1,100.0,1,0,0,overall,2026-10-09T06:47:21.614247+00:00,nein,abfrage
SVI-BLK,36,1,yanmega-ex,Yanmega,2,7,7,2,47.92,grimmsnarl-froslass,Grimmsnarl Froslass,1,33.33,0,0,1,overall,2026-10-09T06:47:21.614247+00:00,nein,abfrage
SVI-BLK,36,1,yanmega-ex,Yanmega,2,7,7,2,47.92,flareon-noctowl,Flareon Noctowl,1,100.0,1,0,0,overall,2026-10-09T06:47:21.614247+00:00,nein,abfrage
SVI-BLK,36,1,yanmega-ex,Yanmega,2,7,7,2,47.92,dragapult-ex,Dragapult,1,0.0,0,1,0,overall,2026-10-09T06:47:21.614247+00:00,nein,abfrage
SVI-BLK,36,1,yanmega-ex,Yanmega,2,7,7,2,47.92,charizard-pidgeot,Charizard Pidgeot,1,100.0,1,0,0,overall,2026-10-09T06:47:21.614247+00:00,nein,abfrage
SVI-BLK,36,1,yanmega-ex,Yanmega,2,7,7,2,47.92,greninja-ex,Greninja,1,0.0,0,1,0,overall,2026-10-09T06:47:21.614247+00:00,nein,abfrage
SVI-BLK,35,1,archaludon-ex,Archaludon,1,3,4,1,41.67,grimmsnarl-froslass,Grimmsnarl Froslass,2,0.0,0,2,0,overall,2026-10-09T06:47:23.376773+00:00,nein,abfrage
SVI-BLK,35,1,archaludon-ex,Archaludon,1,3,4,1,41.67,gholdengo-ex,Gholdengo,2,50.0,1,1,0,overall,2026-10-09T06:47:23.376773+00:00,nein,abfrage
SVI-BLK,35,1,archaludon-ex,Archaludon,1,3,4,1,41.67,gardevoir-ex-sv,Gardevoir,1,0.0,0,1,0,overall,2026-10-09T06:47:23.376773+00:00,nein,abfrage
SVI-BLK,35,1,archaludon-ex,Archaludon,1,3,4,1,41.67,dragapult-dusknoir,Dragapult Dusknoir,1,100.0,1,0,0,overall,2026-10-09T06:47:23.376773+00:00,nein,abfrage
SVI-BLK,35,1,archaludon-ex,Archaludon,1,3,4,1,41.67,tera-box,Tera Box,1,100.0,1,0,0,overall,2026-10-09T06:47:23.376773+00:00,nein,abfrage
SVI-BLK,35,1,archaludon-ex,Archaludon,1,3,4,1,41.67,flareon-noctowl,Flareon Noctowl,1,33.33,0,0,1,overall,2026-10-09T06:47:23.376773+00:00,nein,abfrage
SVI-BLK,35,1,blissey-ex,Blissey,3,12,9,3,54.17,dragapult-dusknoir,Dragapult Dusknoir,5,46.67,2,2,1,overall,2026-10-09T06:47:25.141683+00:00,nein,abfrage
SVI-BLK,35,1,blissey-ex,Blissey,3,12,9,3,54.17,gholdengo-ex,Gholdengo,4,75.0,3,1,0,overall,2026-10-09T06:47:25.141683+00:00,nein,abfrage
SVI-BLK,35,1,blissey-ex,Blissey,3,12,9,3,54.17,gardevoir-ex-sv,Gardevoir,4,0.0,0,4,0,overall,2026-10-09T06:47:25.141683+00:00,nein,abfrage
SVI-BLK,35,1,blissey-ex,Blissey,3,12,9,3,54.17,charizard-pidgeot,Charizard Pidgeot,2,100.0,2,0,0,overall,2026-10-09T06:47:25.141683+00:00,nein,abfrage
SVI-BLK,35,1,blissey-ex,Blissey,3,12,9,3,54.17,raging-bolt-ogerpon,Raging Bolt Ogerpon,2,50.0,1,1,0,overall,2026-10-09T06:47:25.141683+00:00,nein,abfrage
SVI-BLK,35,1,blissey-ex,Blissey,3,12,9,3,54.17,flareon-noctowl,Flareon Noctowl,2,66.67,1,0,1,overall,2026-10-09T06:47:25.141683+00:00,nein,abfrage
SVI-BLK,35,1,blissey-ex,Blissey,3,12,9,3,54.17,ho-oh-armarouge,Ho-Oh Armarouge,1,100.0,1,0,0,overall,2026-10-09T06:47:25.141683+00:00,nein,abfrage
SVI-BLK,35,1,blissey-ex,Blissey,3,12,9,3,54.17,joltik-box,Joltik Box,1,0.0,0,1,0,overall,2026-10-09T06:47:25.141683+00:00,nein,abfrage
SVI-BLK,35,1,blissey-ex,Blissey,3,12,9,3,54.17,gholdengo-joltik-box,Gholdengo Joltik Box,1,100.0,1,0,0,overall,2026-10-09T06:47:25.141683+00:00,nein,abfrage
SVI-BLK,35,1,blissey-ex,Blissey,3,12,9,3,54.17,miraidon-ex,Miraidon,1,100.0,1,0,0,overall,2026-10-09T06:47:25.141683+00:00,nein,abfrage
SVI-BLK,35,1,blissey-ex,Blissey,3,12,9,3,54.17,dragapult-ex,Dragapult,1,33.33,0,0,1,overall,2026-10-09T06:47:25.141683+00:00,nein,abfrage
SVI-BLK,35,1,ceruledge-ex,Ceruledge,2,5,7,0,41.67,dragapult-dusknoir,Dragapult Dusknoir,3,66.67,2,1,0,overall,2026-10-09T06:47:26.913067+00:00,nein,abfrage
SVI-BLK,35,1,ceruledge-ex,Ceruledge,2,5,7,0,41.67,gholdengo-ex,Gholdengo,3,33.33,1,2,0,overall,2026-10-09T06:47:26.913067+00:00,nein,abfrage
SVI-BLK,35,1,ceruledge-ex,Ceruledge,2,5,7,0,41.67,raging-bolt-ogerpon,Raging Bolt Ogerpon,2,50.0,1,1,0,overall,2026-10-09T06:47:26.913067+00:00,nein,abfrage
SVI-BLK,35,1,ceruledge-ex,Ceruledge,2,5,7,0,41.67,gardevoir-ex-sv,Gardevoir,2,50.0,1,1,0,overall,2026-10-09T06:47:26.913067+00:00,nein,abfrage
SVI-BLK,35,1,ceruledge-ex,Ceruledge,2,5,7,0,41.67,farigiraf-milotic,Farigiraf Milotic,1,0.0,0,1,0,overall,2026-10-09T06:47:26.913067+00:00,nein,abfrage
SVI-BLK,35,1,ceruledge-ex,Ceruledge,2,5,7,0,41.67,joltik-box,Joltik Box,1,0.0,0,1,0,overall,2026-10-09T06:47:26.913067+00:00,nein,abfrage
SVI-BLK,35,1,charizard-dragapult,Charizard Dragapult,6,23,20,6,51.02,gholdengo-ex,Gholdengo,12,77.78,9,2,1,overall,2026-10-09T06:47:28.718950+00:00,nein,abfrage
SVI-BLK,35,1,charizard-dragapult,Charizard Dragapult,6,23,20,6,51.02,dragapult-dusknoir,Dragapult Dusknoir,9,25.93,2,6,1,overall,2026-10-09T06:47:28.718950+00:00,nein,abfrage
SVI-BLK,35,1,charizard-dragapult,Charizard Dragapult,6,23,20,6,51.02,gardevoir-ex-sv,Gardevoir,5,46.67,2,2,1,overall,2026-10-09T06:47:28.718950+00:00,nein,abfrage
SVI-BLK,35,1,charizard-dragapult,Charizard Dragapult,6,23,20,6,51.02,dragapult-ex,Dragapult,3,33.33,1,2,0,overall,2026-10-09T06:47:28.718950+00:00,nein,abfrage
SVI-BLK,35,1,charizard-dragapult,Charizard Dragapult,6,23,20,6,51.02,charizard-pidgeot,Charizard Pidgeot,3,44.44,1,1,1,overall,2026-10-09T06:47:28.718950+00:00,nein,abfrage
SVI-BLK,35,1,charizard-dragapult,Charizard Dragapult,6,23,20,6,51.02,raging-bolt-ogerpon,Raging Bolt Ogerpon,3,0.0,0,3,0,overall,2026-10-09T06:47:28.718950+00:00,nein,abfrage
SVI-BLK,35,1,charizard-dragapult,Charizard Dragapult,6,23,20,6,51.02,flareon-noctowl,Flareon Noctowl,2,100.0,2,0,0,overall,2026-10-09T06:47:28.718950+00:00,nein,abfrage
SVI-BLK,35,1,charizard-dragapult,Charizard Dragapult,6,23,20,6,51.02,dragapult-charizard,Dragapult Charizard,1,0.0,0,1,0,overall,2026-10-09T06:47:28.718950+00:00,nein,abfrage
SVI-BLK,35,1,charizard-dragapult,Charizard Dragapult,6,23,20,6,51.02,gholdengo-joltik-box,Gholdengo Joltik Box,1,100.0,1,0,0,overall,2026-10-09T06:47:28.718950+00:00,nein,abfrage
SVI-BLK,35,1,charizard-dragapult,Charizard Dragapult,6,23,20,6,51.02,ethan-typhlosion,Ethan's Typhlosion,1,100.0,1,0,0,overall,2026-10-09T06:47:28.718950+00:00,nein,abfrage
SVI-BLK,35,1,charizard-dragapult,Charizard Dragapult,6,23,20,6,51.02,joltik-box,Joltik Box,1,100.0,1,0,0,overall,2026-10-09T06:47:28.718950+00:00,nein,abfrage
SVI-BLK,35,1,charizard-dragapult,Charizard Dragapult,6,23,20,6,51.02,charizard-dragapult,Charizard Dragapult,1,33.33,0,0,2,overall,2026-10-09T06:47:28.718950+00:00,ja,abfrage
SVI-BLK,35,1,charizard-dragapult,Charizard Dragapult,6,23,20,6,51.02,ho-oh-armarouge,Ho-Oh Armarouge,1,0.0,0,1,0,overall,2026-10-09T06:47:28.718950+00:00,nein,abfrage
SVI-BLK,35,1,charizard-dragapult,Charizard Dragapult,6,23,20,6,51.02,crustle-dri,Crustle,1,100.0,1,0,0,overall,2026-10-09T06:47:28.718950+00:00,nein,abfrage
SVI-BLK,35,1,charizard-dragapult,Charizard Dragapult,6,23,20,6,51.02,n-zoroark,N's Zoroark,1,100.0,1,0,0,overall,2026-10-09T06:47:28.718950+00:00,nein,abfrage
SVI-BLK,35,1,charizard-dragapult,Charizard Dragapult,6,23,20,6,51.02,dudunsparce-control,Dudunsparce Control,1,100.0,1,0,0,overall,2026-10-09T06:47:28.718950+00:00,nein,abfrage
SVI-BLK,35,1,charizard-dragapult,Charizard Dragapult,6,23,20,6,51.02,grimmsnarl-froslass,Grimmsnarl Froslass,1,0.0,0,1,0,overall,2026-10-09T06:47:28.718950+00:00,nein,abfrage
SVI-BLK,35,1,charizard-dragapult,Charizard Dragapult,6,23,20,6,51.02,tera-box,Tera Box,1,0.0,0,1,0,overall,2026-10-09T06:47:28.718950+00:00,nein,abfrage
SVI-BLK,35,1,charizard-dusknoir,Charizard Dusknoir,2,7,7,2,47.92,gardevoir-ex-sv,Gardevoir,6,61.11,3,1,2,overall,2026-10-09T06:47:30.474696+00:00,nein,abfrage
SVI-BLK,35,1,charizard-dusknoir,Charizard Dusknoir,2,7,7,2,47.92,raging-bolt-ogerpon,Raging Bolt Ogerpon,3,0.0,0,3,0,overall,2026-10-09T06:47:30.474696+00:00,nein,abfrage
SVI-BLK,35,1,charizard-dusknoir,Charizard Dusknoir,2,7,7,2,47.92,dragapult-dusknoir,Dragapult Dusknoir,2,0.0,0,2,0,overall,2026-10-09T06:47:30.474696+00:00,nein,abfrage
SVI-BLK,35,1,charizard-dusknoir,Charizard Dusknoir,2,7,7,2,47.92,grimmsnarl-froslass,Grimmsnarl Froslass,1,100.0,1,0,0,overall,2026-10-09T06:47:30.474696+00:00,nein,abfrage
SVI-BLK,35,1,charizard-dusknoir,Charizard Dusknoir,2,7,7,2,47.92,gholdengo-ex,Gholdengo,1,0.0,0,1,0,overall,2026-10-09T06:47:30.474696+00:00,nein,abfrage
SVI-BLK,35,1,charizard-dusknoir,Charizard Dusknoir,2,7,7,2,47.92,joltik-box,Joltik Box,1,100.0,1,0,0,overall,2026-10-09T06:47:30.474696+00:00,nein,abfrage
SVI-BLK,35,1,charizard-dusknoir,Charizard Dusknoir,2,7,7,2,47.92,gholdengo-joltik-box,Gholdengo Joltik Box,1,100.0,1,0,0,overall,2026-10-09T06:47:30.474696+00:00,nein,abfrage
SVI-BLK,35,1,charizard-noctowl,Charizard Noctowl,1,2,4,0,33.33,gholdengo-ex,Gholdengo,2,50.0,1,1,0,overall,2026-10-09T06:47:32.255833+00:00,nein,abfrage
SVI-BLK,35,1,charizard-noctowl,Charizard Noctowl,1,2,4,0,33.33,gardevoir-ex-sv,Gardevoir,1,0.0,0,1,0,overall,2026-10-09T06:47:32.255833+00:00,nein,abfrage
SVI-BLK,35,1,charizard-noctowl,Charizard Noctowl,1,2,4,0,33.33,gholdengo-joltik-box,Gholdengo Joltik Box,1,100.0,1,0,0,overall,2026-10-09T06:47:32.255833+00:00,nein,abfrage
SVI-BLK,35,1,charizard-noctowl,Charizard Noctowl,1,2,4,0,33.33,grimmsnarl-froslass,Grimmsnarl Froslass,1,0.0,0,1,0,overall,2026-10-09T06:47:32.255833+00:00,nein,abfrage
SVI-BLK,35,1,charizard-noctowl,Charizard Noctowl,1,2,4,0,33.33,dragapult-charizard,Dragapult Charizard,1,0.0,0,1,0,overall,2026-10-09T06:47:32.255833+00:00,nein,abfrage
SVI-BLK,35,1,charizard-pidgeot,Charizard Pidgeot,28,104,106,24,47.86,gholdengo-ex,Gholdengo,57,61.99,33,17,7,overall,2026-10-09T06:47:34.017168+00:00,nein,abfrage
SVI-BLK,35,1,charizard-pidgeot,Charizard Pidgeot,28,104,106,24,47.86,dragapult-dusknoir,Dragapult Dusknoir,42,18.25,7,33,2,overall,2026-10-09T06:47:34.017168+00:00,nein,abfrage
SVI-BLK,35,1,charizard-pidgeot,Charizard Pidgeot,28,104,106,24,47.86,raging-bolt-ogerpon,Raging Bolt Ogerpon,24,50.0,11,10,3,overall,2026-10-09T06:47:34.017168+00:00,nein,abfrage
SVI-BLK,35,1,charizard-pidgeot,Charizard Pidgeot,28,104,106,24,47.86,gardevoir-ex-sv,Gardevoir,19,52.63,9,7,3,overall,2026-10-09T06:47:34.017168+00:00,nein,abfrage
SVI-BLK,35,1,charizard-pidgeot,Charizard Pidgeot,28,104,106,24,47.86,dragapult-ex,Dragapult,13,51.28,6,5,2,overall,2026-10-09T06:47:34.017168+00:00,nein,abfrage
SVI-BLK,35,1,charizard-pidgeot,Charizard Pidgeot,28,104,106,24,47.86,grimmsnarl-froslass,Grimmsnarl Froslass,10,56.67,5,3,2,overall,2026-10-09T06:47:34.017168+00:00,nein,abfrage
SVI-BLK,35,1,charizard-pidgeot,Charizard Pidgeot,28,104,106,24,47.86,flareon-noctowl,Flareon Noctowl,7,57.14,4,3,0,overall,2026-10-09T06:47:34.017168+00:00,nein,abfrage
SVI-BLK,35,1,charizard-pidgeot,Charizard Pidgeot,28,104,106,24,47.86,n-zoroark,N's Zoroark,7,71.43,5,2,0,overall,2026-10-09T06:47:34.017168+00:00,nein,abfrage
SVI-BLK,35,1,charizard-pidgeot,Charizard Pidgeot,28,104,106,24,47.86,crustle-dri,Crustle,6,33.33,2,4,0,overall,2026-10-09T06:47:34.017168+00:00,nein,abfrage
SVI-BLK,35,1,charizard-pidgeot,Charizard Pidgeot,28,104,106,24,47.86,joltik-box,Joltik Box,6,16.67,1,5,0,overall,2026-10-09T06:47:34.017168+00:00,nein,abfrage
SVI-BLK,35,1,charizard-pidgeot,Charizard Pidgeot,28,104,106,24,47.86,dragapult-charizard,Dragapult Charizard,5,40.0,2,3,0,overall,2026-10-09T06:47:34.017168+00:00,nein,abfrage
SVI-BLK,35,1,charizard-pidgeot,Charizard Pidgeot,28,104,106,24,47.86,gholdengo-joltik-box,Gholdengo Joltik Box,5,26.67,1,3,1,overall,2026-10-09T06:47:34.017168+00:00,nein,abfrage
SVI-BLK,35,1,charizard-pidgeot,Charizard Pidgeot,28,104,106,24,47.86,charizard-pidgeot,Charizard Pidgeot,4,50.0,4,4,0,overall,2026-10-09T06:47:34.017168+00:00,ja,abfrage
SVI-BLK,35,1,charizard-pidgeot,Charizard Pidgeot,28,104,106,24,47.86,gardevoir-jellicent,Gardevoir Jellicent,4,41.67,1,1,2,overall,2026-10-09T06:47:34.017168+00:00,nein,abfrage
SVI-BLK,35,1,charizard-pidgeot,Charizard Pidgeot,28,104,106,24,47.86,charizard-dragapult,Charizard Dragapult,3,44.44,1,1,1,overall,2026-10-09T06:47:34.017168+00:00,nein,abfrage
SVI-BLK,35,1,charizard-pidgeot,Charizard Pidgeot,28,104,106,24,47.86,pidgeot-control,Pidgeot Control,3,66.67,2,1,0,overall,2026-10-09T06:47:34.017168+00:00,nein,abfrage
SVI-BLK,35,1,charizard-pidgeot,Charizard Pidgeot,28,104,106,24,47.86,ho-oh-armarouge,Ho-Oh Armarouge,2,100.0,2,0,0,overall,2026-10-09T06:47:34.017168+00:00,nein,abfrage
SVI-BLK,35,1,charizard-pidgeot,Charizard Pidgeot,28,104,106,24,47.86,blissey-ex,Blissey,2,0.0,0,2,0,overall,2026-10-09T06:47:34.017168+00:00,nein,abfrage
SVI-BLK,35,1,charizard-pidgeot,Charizard Pidgeot,28,104,106,24,47.86,dragapult-iron-thorns,Dragapult Iron Thorns,2,100.0,2,0,0,overall,2026-10-09T06:47:34.017168+00:00,nein,abfrage
SVI-BLK,35,1,charizard-pidgeot,Charizard Pidgeot,28,104,106,24,47.86,hop-zacian,Hop's Zacian,1,100.0,1,0,0,overall,2026-10-09T06:47:34.017168+00:00,nein,abfrage
SVI-BLK,35,1,charizard-pidgeot,Charizard Pidgeot,28,104,106,24,47.86,ethan-typhlosion,Ethan's Typhlosion,1,100.0,1,0,0,overall,2026-10-09T06:47:34.017168+00:00,nein,abfrage
SVI-BLK,35,1,charizard-pidgeot,Charizard Pidgeot,28,104,106,24,47.86,tera-box,Tera Box,1,100.0,1,0,0,overall,2026-10-09T06:47:34.017168+00:00,nein,abfrage
SVI-BLK,35,1,charizard-pidgeot,Charizard Pidgeot,28,104,106,24,47.86,iron-hands-magneton,Iron Hands Magneton,1,100.0,1,0,0,overall,2026-10-09T06:47:34.017168+00:00,nein,abfrage
SVI-BLK,35,1,charizard-pidgeot,Charizard Pidgeot,28,104,106,24,47.86,froslass-munkidori,Froslass Munkidori,1,33.33,0,0,1,overall,2026-10-09T06:47:34.017168+00:00,nein,abfrage
SVI-BLK,35,1,charizard-pidgeot,Charizard Pidgeot,28,104,106,24,47.86,spidops-ex,Spidops,1,0.0,0,1,0,overall,2026-10-09T06:47:34.017168+00:00,nein,abfrage
SVI-BLK,35,1,crustle-dri,Crustle,10,34,40,2,45.61,gholdengo-ex,Gholdengo,21,76.19,16,5,0,overall,2026-10-09T06:47:35.795519+00:00,nein,abfrage
SVI-BLK,35,1,crustle-dri,Crustle,10,34,40,2,45.61,dragapult-dusknoir,Dragapult Dusknoir,15,24.44,3,10,2,overall,2026-10-09T06:47:35.795519+00:00,nein,abfrage
SVI-BLK,35,1,crustle-dri,Crustle,10,34,40,2,45.61,gardevoir-ex-sv,Gardevoir,11,9.09,1,10,0,overall,2026-10-09T06:47:35.795519+00:00,nein,abfrage
SVI-BLK,35,1,crustle-dri,Crustle,10,34,40,2,45.61,charizard-pidgeot,Charizard Pidgeot,6,66.67,4,2,0,overall,2026-10-09T06:47:35.795519+00:00,nein,abfrage
SVI-BLK,35,1,crustle-dri,Crustle,10,34,40,2,45.61,raging-bolt-ogerpon,Raging Bolt Ogerpon,6,33.33,2,4,0,overall,2026-10-09T06:47:35.795519+00:00,nein,abfrage
SVI-BLK,35,1,crustle-dri,Crustle,10,34,40,2,45.61,grimmsnarl-froslass,Grimmsnarl Froslass,3,66.67,2,1,0,overall,2026-10-09T06:47:35.795519+00:00,nein,abfrage
SVI-BLK,35,1,crustle-dri,Crustle,10,34,40,2,45.61,dragapult-charizard,Dragapult Charizard,3,33.33,1,2,0,overall,2026-10-09T06:47:35.795519+00:00,nein,abfrage
SVI-BLK,35,1,crustle-dri,Crustle,10,34,40,2,45.61,n-zoroark,N's Zoroark,1,0.0,0,1,0,overall,2026-10-09T06:47:35.795519+00:00,nein,abfrage
SVI-BLK,35,1,crustle-dri,Crustle,10,34,40,2,45.61,gholdengo-joltik-box,Gholdengo Joltik Box,1,100.0,1,0,0,overall,2026-10-09T06:47:35.795519+00:00,nein,abfrage
SVI-BLK,35,1,crustle-dri,Crustle,10,34,40,2,45.61,dragapult-ex,Dragapult,1,100.0,1,0,0,overall,2026-10-09T06:47:35.795519+00:00,nein,abfrage
SVI-BLK,35,1,crustle-dri,Crustle,10,34,40,2,45.61,joltik-box,Joltik Box,1,100.0,1,0,0,overall,2026-10-09T06:47:35.795519+00:00,nein,abfrage
SVI-BLK,35,1,crustle-dri,Crustle,10,34,40,2,45.61,spidops-ex,Spidops,1,100.0,1,0,0,overall,2026-10-09T06:47:35.795519+00:00,nein,abfrage
SVI-BLK,35,1,crustle-dri,Crustle,10,34,40,2,45.61,charizard-dragapult,Charizard Dragapult,1,0.0,0,1,0,overall,2026-10-09T06:47:35.795519+00:00,nein,abfrage
SVI-BLK,35,1,crustle-dri,Crustle,10,34,40,2,45.61,flareon-noctowl,Flareon Noctowl,1,0.0,0,1,0,overall,2026-10-09T06:47:35.795519+00:00,nein,abfrage
SVI-BLK,35,1,crustle-dri,Crustle,10,34,40,2,45.61,gardevoir-jellicent,Gardevoir Jellicent,1,0.0,0,1,0,overall,2026-10-09T06:47:35.795519+00:00,nein,abfrage
SVI-BLK,35,1,crustle-dri,Crustle,10,34,40,2,45.61,roaring-moon-dudunsparce,Roaring Moon Dudunsparce,1,0.0,0,1,0,overall,2026-10-09T06:47:35.795519+00:00,nein,abfrage
SVI-BLK,35,1,crustle-dri,Crustle,10,34,40,2,45.61,crustle-dri,Crustle,1,50.0,1,1,0,overall,2026-10-09T06:47:35.795519+00:00,ja,abfrage
SVI-BLK,35,1,dragapult-blaziken,Dragapult Blaziken,3,14,9,0,60.87,gholdengo-ex,Gholdengo,5,80.0,4,1,0,overall,2026-10-09T06:47:37.551679+00:00,nein,abfrage
SVI-BLK,35,1,dragapult-blaziken,Dragapult Blaziken,3,14,9,0,60.87,flareon-noctowl,Flareon Noctowl,3,66.67,2,1,0,overall,2026-10-09T06:47:37.551679+00:00,nein,abfrage
SVI-BLK,35,1,dragapult-blaziken,Dragapult Blaziken,3,14,9,0,60.87,dragapult-dusknoir,Dragapult Dusknoir,3,66.67,2,1,0,overall,2026-10-09T06:47:37.551679+00:00,nein,abfrage
SVI-BLK,35,1,dragapult-blaziken,Dragapult Blaziken,3,14,9,0,60.87,gardevoir-jellicent,Gardevoir Jellicent,2,0.0,0,2,0,overall,2026-10-09T06:47:37.551679+00:00,nein,abfrage
SVI-BLK,35,1,dragapult-blaziken,Dragapult Blaziken,3,14,9,0,60.87,grimmsnarl-froslass,Grimmsnarl Froslass,2,0.0,0,2,0,overall,2026-10-09T06:47:37.551679+00:00,nein,abfrage
SVI-BLK,35,1,dragapult-blaziken,Dragapult Blaziken,3,14,9,0,60.87,tera-box,Tera Box,2,0.0,0,2,0,overall,2026-10-09T06:47:37.551679+00:00,nein,abfrage
SVI-BLK,35,1,dragapult-blaziken,Dragapult Blaziken,3,14,9,0,60.87,roaring-moon-ex,Roaring Moon,1,100.0,1,0,0,overall,2026-10-09T06:47:37.551679+00:00,nein,abfrage
SVI-BLK,35,1,dragapult-blaziken,Dragapult Blaziken,3,14,9,0,60.87,gholdengo-dudunsparce,Gholdengo Dudunsparce,1,100.0,1,0,0,overall,2026-10-09T06:47:37.551679+00:00,nein,abfrage
SVI-BLK,35,1,dragapult-blaziken,Dragapult Blaziken,3,14,9,0,60.87,gardevoir-ex-sv,Gardevoir,1,100.0,1,0,0,overall,2026-10-09T06:47:37.551679+00:00,nein,abfrage
SVI-BLK,35,1,dragapult-blaziken,Dragapult Blaziken,3,14,9,0,60.87,joltik-box,Joltik Box,1,100.0,1,0,0,overall,2026-10-09T06:47:37.551679+00:00,nein,abfrage
SVI-BLK,35,1,dragapult-blaziken,Dragapult Blaziken,3,14,9,0,60.87,miraidon-ex,Miraidon,1,100.0,1,0,0,overall,2026-10-09T06:47:37.551679+00:00,nein,abfrage
SVI-BLK,35,1,dragapult-blaziken,Dragapult Blaziken,3,14,9,0,60.87,farigiraf-milotic,Farigiraf Milotic,1,100.0,1,0,0,overall,2026-10-09T06:47:37.551679+00:00,nein,abfrage
SVI-BLK,35,1,dragapult-charizard,Dragapult Charizard,17,50,58,12,45.0,gholdengo-ex,Gholdengo,29,54.02,15,12,2,overall,2026-10-09T06:47:39.319627+00:00,nein,abfrage
SVI-BLK,35,1,dragapult-charizard,Dragapult Charizard,17,50,58,12,45.0,dragapult-dusknoir,Dragapult Dusknoir,22,39.39,8,12,2,overall,2026-10-09T06:47:39.319627+00:00,nein,abfrage
SVI-BLK,35,1,dragapult-charizard,Dragapult Charizard,17,50,58,12,45.0,flareon-noctowl,Flareon Noctowl,12,41.67,4,5,3,overall,2026-10-09T06:47:39.319627+00:00,nein,abfrage
SVI-BLK,35,1,dragapult-charizard,Dragapult Charizard,17,50,58,12,45.0,raging-bolt-ogerpon,Raging Bolt Ogerpon,10,33.33,3,6,1,overall,2026-10-09T06:47:39.319627+00:00,nein,abfrage
SVI-BLK,35,1,dragapult-charizard,Dragapult Charizard,17,50,58,12,45.0,gardevoir-ex-sv,Gardevoir,10,16.67,1,7,2,overall,2026-10-09T06:47:39.319627+00:00,nein,abfrage
SVI-BLK,35,1,dragapult-charizard,Dragapult Charizard,17,50,58,12,45.0,grimmsnarl-froslass,Grimmsnarl Froslass,6,33.33,2,4,0,overall,2026-10-09T06:47:39.319627+00:00,nein,abfrage
SVI-BLK,35,1,dragapult-charizard,Dragapult Charizard,17,50,58,12,45.0,charizard-pidgeot,Charizard Pidgeot,5,60.0,3,2,0,overall,2026-10-09T06:47:39.319627+00:00,nein,abfrage
SVI-BLK,35,1,dragapult-charizard,Dragapult Charizard,17,50,58,12,45.0,dragapult-ex,Dragapult,5,20.0,1,4,0,overall,2026-10-09T06:47:39.319627+00:00,nein,abfrage
SVI-BLK,35,1,dragapult-charizard,Dragapult Charizard,17,50,58,12,45.0,crustle-dri,Crustle,3,66.67,2,1,0,overall,2026-10-09T06:47:39.319627+00:00,nein,abfrage
SVI-BLK,35,1,dragapult-charizard,Dragapult Charizard,17,50,58,12,45.0,joltik-box,Joltik Box,3,66.67,2,1,0,overall,2026-10-09T06:47:39.319627+00:00,nein,abfrage
SVI-BLK,35,1,dragapult-charizard,Dragapult Charizard,17,50,58,12,45.0,n-zoroark,N's Zoroark,2,50.0,1,1,0,overall,2026-10-09T06:47:39.319627+00:00,nein,abfrage
SVI-BLK,35,1,dragapult-charizard,Dragapult Charizard,17,50,58,12,45.0,dragapult-charizard,Dragapult Charizard,2,41.67,1,1,2,overall,2026-10-09T06:47:39.319627+00:00,ja,abfrage
SVI-BLK,35,1,dragapult-charizard,Dragapult Charizard,17,50,58,12,45.0,ethan-typhlosion,Ethan's Typhlosion,2,100.0,2,0,0,overall,2026-10-09T06:47:39.319627+00:00,nein,abfrage
SVI-BLK,35,1,dragapult-charizard,Dragapult Charizard,17,50,58,12,45.0,charizard-dragapult,Charizard Dragapult,1,100.0,1,0,0,overall,2026-10-09T06:47:39.319627+00:00,nein,abfrage
SVI-BLK,35,1,dragapult-charizard,Dragapult Charizard,17,50,58,12,45.0,tera-box,Tera Box,1,0.0,0,1,0,overall,2026-10-09T06:47:39.319627+00:00,nein,abfrage
SVI-BLK,35,1,dragapult-charizard,Dragapult Charizard,17,50,58,12,45.0,gholdengo-dudunsparce,Gholdengo Dudunsparce,1,100.0,1,0,0,overall,2026-10-09T06:47:39.319627+00:00,nein,abfrage
SVI-BLK,35,1,dragapult-charizard,Dragapult Charizard,17,50,58,12,45.0,gholdengo-joltik-box,Gholdengo Joltik Box,1,100.0,1,0,0,overall,2026-10-09T06:47:39.319627+00:00,nein,abfrage
SVI-BLK,35,1,dragapult-charizard,Dragapult Charizard,17,50,58,12,45.0,ho-oh-armarouge,Ho-Oh Armarouge,1,100.0,1,0,0,overall,2026-10-09T06:47:39.319627+00:00,nein,abfrage
SVI-BLK,35,1,dragapult-charizard,Dragapult Charizard,17,50,58,12,45.0,charizard-noctowl,Charizard Noctowl,1,100.0,1,0,0,overall,2026-10-09T06:47:39.319627+00:00,nein,abfrage
SVI-BLK,35,1,dragapult-dusknoir,Dragapult Dusknoir,123,431,422,84,48.99,gholdengo-ex,Gholdengo,222,35.74,71,126,25,overall,2026-10-09T06:47:41.089600+00:00,nein,abfrage
SVI-BLK,35,1,dragapult-dusknoir,Dragapult Dusknoir,123,431,422,84,48.99,raging-bolt-ogerpon,Raging Bolt Ogerpon,99,54.55,50,37,12,overall,2026-10-09T06:47:41.089600+00:00,nein,abfrage
SVI-BLK,35,1,dragapult-dusknoir,Dragapult Dusknoir,123,431,422,84,48.99,dragapult-dusknoir,Dragapult Dusknoir,96,49.13,91,91,10,overall,2026-10-09T06:47:41.089600+00:00,ja,abfrage
SVI-BLK,35,1,dragapult-dusknoir,Dragapult Dusknoir,123,431,422,84,48.99,gardevoir-ex-sv,Gardevoir,90,45.19,38,44,8,overall,2026-10-09T06:47:41.089600+00:00,nein,abfrage
SVI-BLK,35,1,dragapult-dusknoir,Dragapult Dusknoir,123,431,422,84,48.99,charizard-pidgeot,Charizard Pidgeot,42,80.16,33,7,2,overall,2026-10-09T06:47:41.089600+00:00,nein,abfrage
SVI-BLK,35,1,dragapult-dusknoir,Dragapult Dusknoir,123,431,422,84,48.99,grimmsnarl-froslass,Grimmsnarl Froslass,38,50.88,18,16,4,overall,2026-10-09T06:47:41.089600+00:00,nein,abfrage
SVI-BLK,35,1,dragapult-dusknoir,Dragapult Dusknoir,123,431,422,84,48.99,flareon-noctowl,Flareon Noctowl,33,58.59,18,11,4,overall,2026-10-09T06:47:41.089600+00:00,nein,abfrage
SVI-BLK,35,1,dragapult-dusknoir,Dragapult Dusknoir,123,431,422,84,48.99,dragapult-ex,Dragapult,27,46.91,12,13,2,overall,2026-10-09T06:47:41.089600+00:00,nein,abfrage
SVI-BLK,35,1,dragapult-dusknoir,Dragapult Dusknoir,123,431,422,84,48.99,joltik-box,Joltik Box,27,53.09,14,12,1,overall,2026-10-09T06:47:41.089600+00:00,nein,abfrage
SVI-BLK,35,1,dragapult-dusknoir,Dragapult Dusknoir,123,431,422,84,48.99,dragapult-charizard,Dragapult Charizard,22,57.58,12,8,2,overall,2026-10-09T06:47:41.089600+00:00,nein,abfrage
SVI-BLK,35,1,dragapult-dusknoir,Dragapult Dusknoir,123,431,422,84,48.99,n-zoroark,N's Zoroark,21,33.33,6,12,3,overall,2026-10-09T06:47:41.089600+00:00,nein,abfrage
SVI-BLK,35,1,dragapult-dusknoir,Dragapult Dusknoir,123,431,422,84,48.99,gholdengo-joltik-box,Gholdengo Joltik Box,19,59.65,11,7,1,overall,2026-10-09T06:47:41.089600+00:00,nein,abfrage
SVI-BLK,35,1,dragapult-dusknoir,Dragapult Dusknoir,123,431,422,84,48.99,crustle-dri,Crustle,15,71.11,10,3,2,overall,2026-10-09T06:47:41.089600+00:00,nein,abfrage
SVI-BLK,35,1,dragapult-dusknoir,Dragapult Dusknoir,123,431,422,84,48.99,gardevoir-jellicent,Gardevoir Jellicent,12,25.0,2,7,3,overall,2026-10-09T06:47:41.089600+00:00,nein,abfrage
SVI-BLK,35,1,dragapult-dusknoir,Dragapult Dusknoir,123,431,422,84,48.99,charizard-dragapult,Charizard Dragapult,9,70.37,6,2,1,overall,2026-10-09T06:47:41.089600+00:00,nein,abfrage
SVI-BLK,35,1,dragapult-dusknoir,Dragapult Dusknoir,123,431,422,84,48.99,tera-box,Tera Box,8,50.0,4,4,0,overall,2026-10-09T06:47:41.089600+00:00,nein,abfrage
SVI-BLK,35,1,dragapult-dusknoir,Dragapult Dusknoir,123,431,422,84,48.99,spidops-ex,Spidops,6,100.0,6,0,0,overall,2026-10-09T06:47:41.089600+00:00,nein,abfrage
SVI-BLK,35,1,dragapult-dusknoir,Dragapult Dusknoir,123,431,422,84,48.99,blissey-ex,Blissey,5,46.67,2,2,1,overall,2026-10-09T06:47:41.089600+00:00,nein,abfrage
SVI-BLK,35,1,dragapult-dusknoir,Dragapult Dusknoir,123,431,422,84,48.99,roaring-moon-dudunsparce,Roaring Moon Dudunsparce,4,100.0,4,0,0,overall,2026-10-09T06:47:41.089600+00:00,nein,abfrage
SVI-BLK,35,1,dragapult-dusknoir,Dragapult Dusknoir,123,431,422,84,48.99,ceruledge-ex,Ceruledge,3,33.33,1,2,0,overall,2026-10-09T06:47:41.089600+00:00,nein,abfrage
SVI-BLK,35,1,dragapult-dusknoir,Dragapult Dusknoir,123,431,422,84,48.99,pidgeot-control,Pidgeot Control,3,33.33,1,2,0,overall,2026-10-09T06:47:41.089600+00:00,nein,abfrage
SVI-BLK,35,1,dragapult-dusknoir,Dragapult Dusknoir,123,431,422,84,48.99,ethan-typhlosion,Ethan's Typhlosion,3,100.0,3,0,0,overall,2026-10-09T06:47:41.089600+00:00,nein,abfrage
SVI-BLK,35,1,dragapult-dusknoir,Dragapult Dusknoir,123,431,422,84,48.99,iron-hands-magneton,Iron Hands Magneton,3,66.67,2,1,0,overall,2026-10-09T06:47:41.089600+00:00,nein,abfrage
SVI-BLK,35,1,dragapult-dusknoir,Dragapult Dusknoir,123,431,422,84,48.99,dragapult-blaziken,Dragapult Blaziken,3,33.33,1,2,0,overall,2026-10-09T06:47:41.089600+00:00,nein,abfrage
SVI-BLK,35,1,dragapult-dusknoir,Dragapult Dusknoir,123,431,422,84,48.99,gholdengo-dudunsparce,Gholdengo Dudunsparce,2,0.0,0,2,0,overall,2026-10-09T06:47:41.089600+00:00,nein,abfrage
SVI-BLK,35,1,dragapult-dusknoir,Dragapult Dusknoir,123,431,422,84,48.99,miraidon-eelektrik,Miraidon Eelektrik,2,100.0,2,0,0,overall,2026-10-09T06:47:41.089600+00:00,nein,abfrage
SVI-BLK,35,1,dragapult-dusknoir,Dragapult Dusknoir,123,431,422,84,48.99,farigiraf-milotic,Farigiraf Milotic,2,66.67,1,0,1,overall,2026-10-09T06:47:41.089600+00:00,nein,abfrage
SVI-BLK,35,1,dragapult-dusknoir,Dragapult Dusknoir,123,431,422,84,48.99,dragapult-iron-thorns,Dragapult Iron Thorns,2,100.0,2,0,0,overall,2026-10-09T06:47:41.089600+00:00,nein,abfrage
SVI-BLK,35,1,dragapult-dusknoir,Dragapult Dusknoir,123,431,422,84,48.99,dudunsparce-control,Dudunsparce Control,2,50.0,1,1,0,overall,2026-10-09T06:47:41.089600+00:00,nein,abfrage
SVI-BLK,35,1,dragapult-dusknoir,Dragapult Dusknoir,123,431,422,84,48.99,charizard-dusknoir,Charizard Dusknoir,2,100.0,2,0,0,overall,2026-10-09T06:47:41.089600+00:00,nein,abfrage
SVI-BLK,35,1,dragapult-dusknoir,Dragapult Dusknoir,123,431,422,84,48.99,slowking-scr,Slowking,2,50.0,1,1,0,overall,2026-10-09T06:47:41.089600+00:00,nein,abfrage
SVI-BLK,35,1,dragapult-dusknoir,Dragapult Dusknoir,123,431,422,84,48.99,other,Other,1,33.33,0,0,1,overall,2026-10-09T06:47:41.089600+00:00,nein,abfrage
SVI-BLK,35,1,dragapult-dusknoir,Dragapult Dusknoir,123,431,422,84,48.99,ho-oh-armarouge,Ho-Oh Armarouge,1,0.0,0,1,0,overall,2026-10-09T06:47:41.089600+00:00,nein,abfrage
SVI-BLK,35,1,dragapult-dusknoir,Dragapult Dusknoir,123,431,422,84,48.99,archaludon-ex,Archaludon,1,0.0,0,1,0,overall,2026-10-09T06:47:41.089600+00:00,nein,abfrage
SVI-BLK,35,1,dragapult-dusknoir,Dragapult Dusknoir,123,431,422,84,48.99,hop-zacian,Hop's Zacian,1,0.0,0,1,0,overall,2026-10-09T06:47:41.089600+00:00,nein,abfrage
SVI-BLK,35,1,dragapult-dusknoir,Dragapult Dusknoir,123,431,422,84,48.99,roaring-moon-ex,Roaring Moon,1,100.0,1,0,0,overall,2026-10-09T06:47:41.089600+00:00,nein,abfrage
SVI-BLK,35,1,dragapult-ex,Dragapult,27,93,79,29,51.08,gholdengo-ex,Gholdengo,35,50.48,15,12,8,overall,2026-10-09T06:47:42.840729+00:00,nein,abfrage
SVI-BLK,35,1,dragapult-ex,Dragapult,27,93,79,29,51.08,dragapult-dusknoir,Dragapult Dusknoir,27,50.62,13,12,2,overall,2026-10-09T06:47:42.840729+00:00,nein,abfrage
SVI-BLK,35,1,dragapult-ex,Dragapult,27,93,79,29,51.08,gardevoir-ex-sv,Gardevoir,24,34.72,8,15,1,overall,2026-10-09T06:47:42.840729+00:00,nein,abfrage
SVI-BLK,35,1,dragapult-ex,Dragapult,27,93,79,29,51.08,raging-bolt-ogerpon,Raging Bolt Ogerpon,17,54.9,9,7,1,overall,2026-10-09T06:47:42.840729+00:00,nein,abfrage
SVI-BLK,35,1,dragapult-ex,Dragapult,27,93,79,29,51.08,flareon-noctowl,Flareon Noctowl,15,68.89,9,2,4,overall,2026-10-09T06:47:42.840729+00:00,nein,abfrage
SVI-BLK,35,1,dragapult-ex,Dragapult,27,93,79,29,51.08,charizard-pidgeot,Charizard Pidgeot,13,43.59,5,6,2,overall,2026-10-09T06:47:42.840729+00:00,nein,abfrage
SVI-BLK,35,1,dragapult-ex,Dragapult,27,93,79,29,51.08,joltik-box,Joltik Box,12,41.67,5,7,0,overall,2026-10-09T06:47:42.840729+00:00,nein,abfrage
SVI-BLK,35,1,dragapult-ex,Dragapult,27,93,79,29,51.08,grimmsnarl-froslass,Grimmsnarl Froslass,9,62.96,5,2,2,overall,2026-10-09T06:47:42.840729+00:00,nein,abfrage
SVI-BLK,35,1,dragapult-ex,Dragapult,27,93,79,29,51.08,n-zoroark,N's Zoroark,6,22.22,1,4,1,overall,2026-10-09T06:47:42.840729+00:00,nein,abfrage
SVI-BLK,35,1,dragapult-ex,Dragapult,27,93,79,29,51.08,dragapult-ex,Dragapult,6,47.22,5,5,2,overall,2026-10-09T06:47:42.840729+00:00,ja,abfrage
SVI-BLK,35,1,dragapult-ex,Dragapult,27,93,79,29,51.08,dragapult-charizard,Dragapult Charizard,5,80.0,4,1,0,overall,2026-10-09T06:47:42.840729+00:00,nein,abfrage
SVI-BLK,35,1,dragapult-ex,Dragapult,27,93,79,29,51.08,tera-box,Tera Box,5,60.0,3,2,0,overall,2026-10-09T06:47:42.840729+00:00,nein,abfrage
SVI-BLK,35,1,dragapult-ex,Dragapult,27,93,79,29,51.08,ho-oh-armarouge,Ho-Oh Armarouge,4,25.0,0,1,3,overall,2026-10-09T06:47:42.840729+00:00,nein,abfrage
SVI-BLK,35,1,dragapult-ex,Dragapult,27,93,79,29,51.08,spidops-ex,Spidops,3,77.78,2,0,1,overall,2026-10-09T06:47:42.840729+00:00,nein,abfrage
SVI-BLK,35,1,dragapult-ex,Dragapult,27,93,79,29,51.08,charizard-dragapult,Charizard Dragapult,3,66.67,2,1,0,overall,2026-10-09T06:47:42.840729+00:00,nein,abfrage
SVI-BLK,35,1,dragapult-ex,Dragapult,27,93,79,29,51.08,gholdengo-joltik-box,Gholdengo Joltik Box,1,100.0,1,0,0,overall,2026-10-09T06:47:42.840729+00:00,nein,abfrage
SVI-BLK,35,1,dragapult-ex,Dragapult,27,93,79,29,51.08,miraidon-ex,Miraidon,1,0.0,0,1,0,overall,2026-10-09T06:47:42.840729+00:00,nein,abfrage
SVI-BLK,35,1,dragapult-ex,Dragapult,27,93,79,29,51.08,gardevoir-jellicent,Gardevoir Jellicent,1,100.0,1,0,0,overall,2026-10-09T06:47:42.840729+00:00,nein,abfrage
SVI-BLK,35,1,dragapult-ex,Dragapult,27,93,79,29,51.08,dudunsparce-control,Dudunsparce Control,1,100.0,1,0,0,overall,2026-10-09T06:47:42.840729+00:00,nein,abfrage
SVI-BLK,35,1,dragapult-ex,Dragapult,27,93,79,29,51.08,slowking-scr,Slowking,1,100.0,1,0,0,overall,2026-10-09T06:47:42.840729+00:00,nein,abfrage
SVI-BLK,35,1,dragapult-ex,Dragapult,27,93,79,29,51.08,crustle-dri,Crustle,1,0.0,0,1,0,overall,2026-10-09T06:47:42.840729+00:00,nein,abfrage
SVI-BLK,35,1,dragapult-ex,Dragapult,27,93,79,29,51.08,pidgeot-control,Pidgeot Control,1,100.0,1,0,0,overall,2026-10-09T06:47:42.840729+00:00,nein,abfrage
SVI-BLK,35,1,dragapult-ex,Dragapult,27,93,79,29,51.08,blissey-ex,Blissey,1,33.33,0,0,1,overall,2026-10-09T06:47:42.840729+00:00,nein,abfrage
SVI-BLK,35,1,dragapult-ex,Dragapult,27,93,79,29,51.08,farigiraf-milotic,Farigiraf Milotic,1,33.33,0,0,1,overall,2026-10-09T06:47:42.840729+00:00,nein,abfrage
SVI-BLK,35,1,dragapult-ex,Dragapult,27,93,79,29,51.08,slaking-ex,Slaking,1,100.0,1,0,0,overall,2026-10-09T06:47:42.840729+00:00,nein,abfrage
SVI-BLK,35,1,dragapult-ex,Dragapult,27,93,79,29,51.08,gholdengo-dudunsparce,Gholdengo Dudunsparce,1,100.0,1,0,0,overall,2026-10-09T06:47:42.840729+00:00,nein,abfrage
SVI-BLK,35,1,dragapult-iron-thorns,Dragapult Iron Thorns,1,2,6,0,25.0,charizard-pidgeot,Charizard Pidgeot,2,0.0,0,2,0,overall,2026-10-09T06:47:44.601915+00:00,nein,abfrage
SVI-BLK,35,1,dragapult-iron-thorns,Dragapult Iron Thorns,1,2,6,0,25.0,dragapult-dusknoir,Dragapult Dusknoir,2,0.0,0,2,0,overall,2026-10-09T06:47:44.601915+00:00,nein,abfrage
SVI-BLK,35,1,dragapult-iron-thorns,Dragapult Iron Thorns,1,2,6,0,25.0,joltik-box,Joltik Box,1,100.0,1,0,0,overall,2026-10-09T06:47:44.601915+00:00,nein,abfrage
SVI-BLK,35,1,dragapult-iron-thorns,Dragapult Iron Thorns,1,2,6,0,25.0,n-zoroark,N's Zoroark,1,0.0,0,1,0,overall,2026-10-09T06:47:44.601915+00:00,nein,abfrage
SVI-BLK,35,1,dragapult-iron-thorns,Dragapult Iron Thorns,1,2,6,0,25.0,gholdengo-ex,Gholdengo,1,100.0,1,0,0,overall,2026-10-09T06:47:44.601915+00:00,nein,abfrage
SVI-BLK,35,1,dragapult-iron-thorns,Dragapult Iron Thorns,1,2,6,0,25.0,raging-bolt-ogerpon,Raging Bolt Ogerpon,1,0.0,0,1,0,overall,2026-10-09T06:47:44.601915+00:00,nein,abfrage
SVI-BLK,35,1,dudunsparce-control,Dudunsparce Control,1,5,3,0,62.5,gholdengo-ex,Gholdengo,2,100.0,2,0,0,overall,2026-10-09T06:47:46.387213+00:00,nein,abfrage
SVI-BLK,35,1,dudunsparce-control,Dudunsparce Control,1,5,3,0,62.5,dragapult-dusknoir,Dragapult Dusknoir,2,50.0,1,1,0,overall,2026-10-09T06:47:46.387213+00:00,nein,abfrage
SVI-BLK,35,1,dudunsparce-control,Dudunsparce Control,1,5,3,0,62.5,flareon-noctowl,Flareon Noctowl,1,100.0,1,0,0,overall,2026-10-09T06:47:46.387213+00:00,nein,abfrage
SVI-BLK,35,1,dudunsparce-control,Dudunsparce Control,1,5,3,0,62.5,dragapult-ex,Dragapult,1,0.0,0,1,0,overall,2026-10-09T06:47:46.387213+00:00,nein,abfrage
SVI-BLK,35,1,dudunsparce-control,Dudunsparce Control,1,5,3,0,62.5,grimmsnarl-froslass,Grimmsnarl Froslass,1,100.0,1,0,0,overall,2026-10-09T06:47:46.387213+00:00,nein,abfrage
SVI-BLK,35,1,dudunsparce-control,Dudunsparce Control,1,5,3,0,62.5,charizard-dragapult,Charizard Dragapult,1,0.0,0,1,0,overall,2026-10-09T06:47:46.387213+00:00,nein,abfrage
SVI-BLK,35,1,ethan-typhlosion,Ethan's Typhlosion,3,2,13,2,15.69,raging-bolt-ogerpon,Raging Bolt Ogerpon,3,44.44,1,1,1,overall,2026-10-09T06:47:48.162659+00:00,nein,abfrage
SVI-BLK,35,1,ethan-typhlosion,Ethan's Typhlosion,3,2,13,2,15.69,dragapult-dusknoir,Dragapult Dusknoir,3,0.0,0,3,0,overall,2026-10-09T06:47:48.162659+00:00,nein,abfrage
SVI-BLK,35,1,ethan-typhlosion,Ethan's Typhlosion,3,2,13,2,15.69,gholdengo-ex,Gholdengo,2,0.0,0,2,0,overall,2026-10-09T06:47:48.162659+00:00,nein,abfrage
SVI-BLK,35,1,ethan-typhlosion,Ethan's Typhlosion,3,2,13,2,15.69,dragapult-charizard,Dragapult Charizard,2,0.0,0,2,0,overall,2026-10-09T06:47:48.162659+00:00,nein,abfrage
SVI-BLK,35,1,ethan-typhlosion,Ethan's Typhlosion,3,2,13,2,15.69,tera-box,Tera Box,1,100.0,1,0,0,overall,2026-10-09T06:47:48.162659+00:00,nein,abfrage
SVI-BLK,35,1,ethan-typhlosion,Ethan's Typhlosion,3,2,13,2,15.69,grimmsnarl-froslass,Grimmsnarl Froslass,1,33.33,0,0,1,overall,2026-10-09T06:47:48.162659+00:00,nein,abfrage
SVI-BLK,35,1,ethan-typhlosion,Ethan's Typhlosion,3,2,13,2,15.69,charizard-dragapult,Charizard Dragapult,1,0.0,0,1,0,overall,2026-10-09T06:47:48.162659+00:00,nein,abfrage
SVI-BLK,35,1,ethan-typhlosion,Ethan's Typhlosion,3,2,13,2,15.69,slowking-scr,Slowking,1,0.0,0,1,0,overall,2026-10-09T06:47:48.162659+00:00,nein,abfrage
SVI-BLK,35,1,ethan-typhlosion,Ethan's Typhlosion,3,2,13,2,15.69,charizard-pidgeot,Charizard Pidgeot,1,0.0,0,1,0,overall,2026-10-09T06:47:48.162659+00:00,nein,abfrage
SVI-BLK,35,1,ethan-typhlosion,Ethan's Typhlosion,3,2,13,2,15.69,gardevoir-jellicent,Gardevoir Jellicent,1,0.0,0,1,0,overall,2026-10-09T06:47:48.162659+00:00,nein,abfrage
SVI-BLK,35,1,ethan-typhlosion,Ethan's Typhlosion,3,2,13,2,15.69,gardevoir-ex-sv,Gardevoir,1,0.0,0,1,0,overall,2026-10-09T06:47:48.162659+00:00,nein,abfrage
SVI-BLK,35,1,farigiraf-milotic,Farigiraf Milotic,2,9,5,5,56.14,gholdengo-ex,Gholdengo,7,76.19,5,1,1,overall,2026-10-09T06:47:49.927195+00:00,nein,abfrage
SVI-BLK,35,1,farigiraf-milotic,Farigiraf Milotic,2,9,5,5,56.14,raging-bolt-ogerpon,Raging Bolt Ogerpon,2,50.0,1,1,0,overall,2026-10-09T06:47:49.927195+00:00,nein,abfrage
SVI-BLK,35,1,farigiraf-milotic,Farigiraf Milotic,2,9,5,5,56.14,gardevoir-ex-sv,Gardevoir,2,16.67,0,1,1,overall,2026-10-09T06:47:49.927195+00:00,nein,abfrage
SVI-BLK,35,1,farigiraf-milotic,Farigiraf Milotic,2,9,5,5,56.14,dragapult-dusknoir,Dragapult Dusknoir,2,16.67,0,1,1,overall,2026-10-09T06:47:49.927195+00:00,nein,abfrage
SVI-BLK,35,1,farigiraf-milotic,Farigiraf Milotic,2,9,5,5,56.14,joltik-box,Joltik Box,1,100.0,1,0,0,overall,2026-10-09T06:47:49.927195+00:00,nein,abfrage
SVI-BLK,35,1,farigiraf-milotic,Farigiraf Milotic,2,9,5,5,56.14,ceruledge-ex,Ceruledge,1,100.0,1,0,0,overall,2026-10-09T06:47:49.927195+00:00,nein,abfrage
SVI-BLK,35,1,farigiraf-milotic,Farigiraf Milotic,2,9,5,5,56.14,n-zoroark,N's Zoroark,1,33.33,0,0,1,overall,2026-10-09T06:47:49.927195+00:00,nein,abfrage
SVI-BLK,35,1,farigiraf-milotic,Farigiraf Milotic,2,9,5,5,56.14,grimmsnarl-froslass,Grimmsnarl Froslass,1,100.0,1,0,0,overall,2026-10-09T06:47:49.927195+00:00,nein,abfrage
SVI-BLK,35,1,farigiraf-milotic,Farigiraf Milotic,2,9,5,5,56.14,dragapult-ex,Dragapult,1,33.33,0,0,1,overall,2026-10-09T06:47:49.927195+00:00,nein,abfrage
SVI-BLK,35,1,farigiraf-milotic,Farigiraf Milotic,2,9,5,5,56.14,dragapult-blaziken,Dragapult Blaziken,1,0.0,0,1,0,overall,2026-10-09T06:47:49.927195+00:00,nein,abfrage
SVI-BLK,35,1,festival-lead,Festival Lead,1,0,1,0,0.0,n-zoroark,N's Zoroark,1,0.0,0,1,0,overall,2026-10-09T06:47:51.685333+00:00,nein,abfrage
SVI-BLK,35,1,flareon-noctowl,Flareon Noctowl,32,125,104,23,52.65,gholdengo-ex,Gholdengo,62,74.73,46,15,1,overall,2026-10-09T06:47:53.442800+00:00,nein,abfrage
SVI-BLK,35,1,flareon-noctowl,Flareon Noctowl,32,125,104,23,52.65,gardevoir-ex-sv,Gardevoir,38,53.51,19,15,4,overall,2026-10-09T06:47:53.442800+00:00,nein,abfrage
SVI-BLK,35,1,flareon-noctowl,Flareon Noctowl,32,125,104,23,52.65,dragapult-dusknoir,Dragapult Dusknoir,33,37.37,11,18,4,overall,2026-10-09T06:47:53.442800+00:00,nein,abfrage
SVI-BLK,35,1,flareon-noctowl,Flareon Noctowl,32,125,104,23,52.65,raging-bolt-ogerpon,Raging Bolt Ogerpon,25,54.67,13,10,2,overall,2026-10-09T06:47:53.442800+00:00,nein,abfrage
SVI-BLK,35,1,flareon-noctowl,Flareon Noctowl,32,125,104,23,52.65,dragapult-ex,Dragapult,15,22.22,2,9,4,overall,2026-10-09T06:47:53.442800+00:00,nein,abfrage
SVI-BLK,35,1,flareon-noctowl,Flareon Noctowl,32,125,104,23,52.65,dragapult-charizard,Dragapult Charizard,12,50.0,5,4,3,overall,2026-10-09T06:47:53.442800+00:00,nein,abfrage
SVI-BLK,35,1,flareon-noctowl,Flareon Noctowl,32,125,104,23,52.65,n-zoroark,N's Zoroark,8,75.0,6,2,0,overall,2026-10-09T06:47:53.442800+00:00,nein,abfrage
SVI-BLK,35,1,flareon-noctowl,Flareon Noctowl,32,125,104,23,52.65,charizard-pidgeot,Charizard Pidgeot,7,42.86,3,4,0,overall,2026-10-09T06:47:53.442800+00:00,nein,abfrage
SVI-BLK,35,1,flareon-noctowl,Flareon Noctowl,32,125,104,23,52.65,gholdengo-joltik-box,Gholdengo Joltik Box,7,47.62,3,3,1,overall,2026-10-09T06:47:53.442800+00:00,nein,abfrage
SVI-BLK,35,1,flareon-noctowl,Flareon Noctowl,32,125,104,23,52.65,grimmsnarl-froslass,Grimmsnarl Froslass,7,42.86,3,4,0,overall,2026-10-09T06:47:53.442800+00:00,nein,abfrage
SVI-BLK,35,1,flareon-noctowl,Flareon Noctowl,32,125,104,23,52.65,joltik-box,Joltik Box,6,38.89,2,3,1,overall,2026-10-09T06:47:53.442800+00:00,nein,abfrage
SVI-BLK,35,1,flareon-noctowl,Flareon Noctowl,32,125,104,23,52.65,gardevoir-jellicent,Gardevoir Jellicent,4,25.0,1,3,0,overall,2026-10-09T06:47:53.442800+00:00,nein,abfrage
SVI-BLK,35,1,flareon-noctowl,Flareon Noctowl,32,125,104,23,52.65,flareon-noctowl,Flareon Noctowl,4,50.0,4,4,0,overall,2026-10-09T06:47:53.442800+00:00,ja,abfrage
SVI-BLK,35,1,flareon-noctowl,Flareon Noctowl,32,125,104,23,52.65,spidops-ex,Spidops,3,33.33,1,2,0,overall,2026-10-09T06:47:53.442800+00:00,nein,abfrage
SVI-BLK,35,1,flareon-noctowl,Flareon Noctowl,32,125,104,23,52.65,dragapult-blaziken,Dragapult Blaziken,3,33.33,1,2,0,overall,2026-10-09T06:47:53.442800+00:00,nein,abfrage
SVI-BLK,35,1,flareon-noctowl,Flareon Noctowl,32,125,104,23,52.65,charizard-dragapult,Charizard Dragapult,2,0.0,0,2,0,overall,2026-10-09T06:47:53.442800+00:00,nein,abfrage
SVI-BLK,35,1,flareon-noctowl,Flareon Noctowl,32,125,104,23,52.65,blissey-ex,Blissey,2,16.67,0,1,1,overall,2026-10-09T06:47:53.442800+00:00,nein,abfrage
SVI-BLK,35,1,flareon-noctowl,Flareon Noctowl,32,125,104,23,52.65,pidgeot-control,Pidgeot Control,1,33.33,0,0,1,overall,2026-10-09T06:47:53.442800+00:00,nein,abfrage
SVI-BLK,35,1,flareon-noctowl,Flareon Noctowl,32,125,104,23,52.65,dudunsparce-control,Dudunsparce Control,1,0.0,0,1,0,overall,2026-10-09T06:47:53.442800+00:00,nein,abfrage
SVI-BLK,35,1,flareon-noctowl,Flareon Noctowl,32,125,104,23,52.65,tera-box,Tera Box,1,0.0,0,1,0,overall,2026-10-09T06:47:53.442800+00:00,nein,abfrage
SVI-BLK,35,1,flareon-noctowl,Flareon Noctowl,32,125,104,23,52.65,roaring-moon-dudunsparce,Roaring Moon Dudunsparce,1,0.0,0,1,0,overall,2026-10-09T06:47:53.442800+00:00,nein,abfrage
SVI-BLK,35,1,flareon-noctowl,Flareon Noctowl,32,125,104,23,52.65,roaring-moon-ex,Roaring Moon,1,100.0,1,0,0,overall,2026-10-09T06:47:53.442800+00:00,nein,abfrage
SVI-BLK,35,1,flareon-noctowl,Flareon Noctowl,32,125,104,23,52.65,crustle-dri,Crustle,1,100.0,1,0,0,overall,2026-10-09T06:47:53.442800+00:00,nein,abfrage
SVI-BLK,35,1,flareon-noctowl,Flareon Noctowl,32,125,104,23,52.65,ho-oh-armarouge,Ho-Oh Armarouge,1,100.0,1,0,0,overall,2026-10-09T06:47:53.442800+00:00,nein,abfrage
SVI-BLK,35,1,flareon-noctowl,Flareon Noctowl,32,125,104,23,52.65,archaludon-ex,Archaludon,1,33.33,0,0,1,overall,2026-10-09T06:47:53.442800+00:00,nein,abfrage
SVI-BLK,35,1,flareon-noctowl,Flareon Noctowl,32,125,104,23,52.65,froslass-munkidori,Froslass Munkidori,1,100.0,1,0,0,overall,2026-10-09T06:47:53.442800+00:00,nein,abfrage
SVI-BLK,35,1,froslass-munkidori,Froslass Munkidori,1,4,2,2,58.33,raging-bolt-ogerpon,Raging Bolt Ogerpon,2,66.67,1,0,1,overall,2026-10-09T06:47:55.215481+00:00,nein,abfrage
SVI-BLK,35,1,froslass-munkidori,Froslass Munkidori,1,4,2,2,58.33,gardevoir-ex-sv,Gardevoir,2,50.0,1,1,0,overall,2026-10-09T06:47:55.215481+00:00,nein,abfrage
SVI-BLK,35,1,froslass-munkidori,Froslass Munkidori,1,4,2,2,58.33,gholdengo-ex,Gholdengo,1,100.0,1,0,0,overall,2026-10-09T06:47:55.215481+00:00,nein,abfrage
SVI-BLK,35,1,froslass-munkidori,Froslass Munkidori,1,4,2,2,58.33,charizard-pidgeot,Charizard Pidgeot,1,33.33,0,0,1,overall,2026-10-09T06:47:55.215481+00:00,nein,abfrage
SVI-BLK,35,1,froslass-munkidori,Froslass Munkidori,1,4,2,2,58.33,gholdengo-joltik-box,Gholdengo Joltik Box,1,100.0,1,0,0,overall,2026-10-09T06:47:55.215481+00:00,nein,abfrage
SVI-BLK,35,1,froslass-munkidori,Froslass Munkidori,1,4,2,2,58.33,flareon-noctowl,Flareon Noctowl,1,0.0,0,1,0,overall,2026-10-09T06:47:55.215481+00:00,nein,abfrage
SVI-BLK,35,1,gardevoir-ex-sv,Gardevoir,84,251,270,75,46.31,gholdengo-ex,Gholdengo,138,31.4,36,80,22,overall,2026-10-09T06:47:56.989816+00:00,nein,abfrage
SVI-BLK,35,1,gardevoir-ex-sv,Gardevoir,84,251,270,75,46.31,dragapult-dusknoir,Dragapult Dusknoir,90,51.85,44,38,8,overall,2026-10-09T06:47:56.989816+00:00,nein,abfrage
SVI-BLK,35,1,gardevoir-ex-sv,Gardevoir,84,251,270,75,46.31,raging-bolt-ogerpon,Raging Bolt Ogerpon,66,56.57,36,26,4,overall,2026-10-09T06:47:56.989816+00:00,nein,abfrage
SVI-BLK,35,1,gardevoir-ex-sv,Gardevoir,84,251,270,75,46.31,flareon-noctowl,Flareon Noctowl,38,42.98,15,19,4,overall,2026-10-09T06:47:56.989816+00:00,nein,abfrage
SVI-BLK,35,1,gardevoir-ex-sv,Gardevoir,84,251,270,75,46.31,gardevoir-ex-sv,Gardevoir,32,45.83,24,24,16,overall,2026-10-09T06:47:56.989816+00:00,ja,abfrage
SVI-BLK,35,1,gardevoir-ex-sv,Gardevoir,84,251,270,75,46.31,grimmsnarl-froslass,Grimmsnarl Froslass,28,23.81,5,18,5,overall,2026-10-09T06:47:56.989816+00:00,nein,abfrage
SVI-BLK,35,1,gardevoir-ex-sv,Gardevoir,84,251,270,75,46.31,joltik-box,Joltik Box,24,79.17,19,5,0,overall,2026-10-09T06:47:56.989816+00:00,nein,abfrage
SVI-BLK,35,1,gardevoir-ex-sv,Gardevoir,84,251,270,75,46.31,dragapult-ex,Dragapult,24,63.89,15,8,1,overall,2026-10-09T06:47:56.989816+00:00,nein,abfrage
SVI-BLK,35,1,gardevoir-ex-sv,Gardevoir,84,251,270,75,46.31,charizard-pidgeot,Charizard Pidgeot,19,42.11,7,9,3,overall,2026-10-09T06:47:56.989816+00:00,nein,abfrage
SVI-BLK,35,1,gardevoir-ex-sv,Gardevoir,84,251,270,75,46.31,n-zoroark,N's Zoroark,15,15.56,2,12,1,overall,2026-10-09T06:47:56.989816+00:00,nein,abfrage
SVI-BLK,35,1,gardevoir-ex-sv,Gardevoir,84,251,270,75,46.31,crustle-dri,Crustle,11,90.91,10,1,0,overall,2026-10-09T06:47:56.989816+00:00,nein,abfrage
SVI-BLK,35,1,gardevoir-ex-sv,Gardevoir,84,251,270,75,46.31,dragapult-charizard,Dragapult Charizard,10,76.67,7,1,2,overall,2026-10-09T06:47:56.989816+00:00,nein,abfrage
SVI-BLK,35,1,gardevoir-ex-sv,Gardevoir,84,251,270,75,46.31,gholdengo-joltik-box,Gholdengo Joltik Box,7,33.33,2,4,1,overall,2026-10-09T06:47:56.989816+00:00,nein,abfrage
SVI-BLK,35,1,gardevoir-ex-sv,Gardevoir,84,251,270,75,46.31,gardevoir-jellicent,Gardevoir Jellicent,7,47.62,3,3,1,overall,2026-10-09T06:47:56.989816+00:00,nein,abfrage
SVI-BLK,35,1,gardevoir-ex-sv,Gardevoir,84,251,270,75,46.31,charizard-dusknoir,Charizard Dusknoir,6,27.78,1,3,2,overall,2026-10-09T06:47:56.989816+00:00,nein,abfrage
SVI-BLK,35,1,gardevoir-ex-sv,Gardevoir,84,251,270,75,46.31,charizard-dragapult,Charizard Dragapult,5,46.67,2,2,1,overall,2026-10-09T06:47:56.989816+00:00,nein,abfrage
SVI-BLK,35,1,gardevoir-ex-sv,Gardevoir,84,251,270,75,46.31,tera-box,Tera Box,4,58.33,2,1,1,overall,2026-10-09T06:47:56.989816+00:00,nein,abfrage
SVI-BLK,35,1,gardevoir-ex-sv,Gardevoir,84,251,270,75,46.31,blissey-ex,Blissey,4,100.0,4,0,0,overall,2026-10-09T06:47:56.989816+00:00,nein,abfrage
SVI-BLK,35,1,gardevoir-ex-sv,Gardevoir,84,251,270,75,46.31,ho-oh-armarouge,Ho-Oh Armarouge,4,75.0,3,1,0,overall,2026-10-09T06:47:56.989816+00:00,nein,abfrage
SVI-BLK,35,1,gardevoir-ex-sv,Gardevoir,84,251,270,75,46.31,toedscruel-ex,Toedscruel,3,77.78,2,0,1,overall,2026-10-09T06:47:56.989816+00:00,nein,abfrage
SVI-BLK,35,1,gardevoir-ex-sv,Gardevoir,84,251,270,75,46.31,gholdengo-dudunsparce,Gholdengo Dudunsparce,2,0.0,0,2,0,overall,2026-10-09T06:47:56.989816+00:00,nein,abfrage
SVI-BLK,35,1,gardevoir-ex-sv,Gardevoir,84,251,270,75,46.31,ceruledge-ex,Ceruledge,2,50.0,1,1,0,overall,2026-10-09T06:47:56.989816+00:00,nein,abfrage
SVI-BLK,35,1,gardevoir-ex-sv,Gardevoir,84,251,270,75,46.31,farigiraf-milotic,Farigiraf Milotic,2,66.67,1,0,1,overall,2026-10-09T06:47:56.989816+00:00,nein,abfrage
SVI-BLK,35,1,gardevoir-ex-sv,Gardevoir,84,251,270,75,46.31,slaking-ex,Slaking,2,16.67,0,1,1,overall,2026-10-09T06:47:56.989816+00:00,nein,abfrage
SVI-BLK,35,1,gardevoir-ex-sv,Gardevoir,84,251,270,75,46.31,froslass-munkidori,Froslass Munkidori,2,50.0,1,1,0,overall,2026-10-09T06:47:56.989816+00:00,nein,abfrage
SVI-BLK,35,1,gardevoir-ex-sv,Gardevoir,84,251,270,75,46.31,marnie-grimmsnarl-ex,Marnie's Grimmsnarl,2,0.0,0,2,0,overall,2026-10-09T06:47:56.989816+00:00,nein,abfrage
SVI-BLK,35,1,gardevoir-ex-sv,Gardevoir,84,251,270,75,46.31,charizard-noctowl,Charizard Noctowl,1,100.0,1,0,0,overall,2026-10-09T06:47:56.989816+00:00,nein,abfrage
SVI-BLK,35,1,gardevoir-ex-sv,Gardevoir,84,251,270,75,46.31,archaludon-ex,Archaludon,1,100.0,1,0,0,overall,2026-10-09T06:47:56.989816+00:00,nein,abfrage
SVI-BLK,35,1,gardevoir-ex-sv,Gardevoir,84,251,270,75,46.31,gholdengo-dragapult,Gholdengo Dragapult,1,100.0,1,0,0,overall,2026-10-09T06:47:56.989816+00:00,nein,abfrage
SVI-BLK,35,1,gardevoir-ex-sv,Gardevoir,84,251,270,75,46.31,miraidon-eelektrik,Miraidon Eelektrik,1,100.0,1,0,0,overall,2026-10-09T06:47:56.989816+00:00,nein,abfrage
SVI-BLK,35,1,gardevoir-ex-sv,Gardevoir,84,251,270,75,46.31,hop-zacian,Hop's Zacian,1,100.0,1,0,0,overall,2026-10-09T06:47:56.989816+00:00,nein,abfrage
SVI-BLK,35,1,gardevoir-ex-sv,Gardevoir,84,251,270,75,46.31,dragapult-blaziken,Dragapult Blaziken,1,0.0,0,1,0,overall,2026-10-09T06:47:56.989816+00:00,nein,abfrage
SVI-BLK,35,1,gardevoir-ex-sv,Gardevoir,84,251,270,75,46.31,miraidon-ex,Miraidon,1,100.0,1,0,0,overall,2026-10-09T06:47:56.989816+00:00,nein,abfrage
SVI-BLK,35,1,gardevoir-ex-sv,Gardevoir,84,251,270,75,46.31,spidops-ex,Spidops,1,0.0,0,1,0,overall,2026-10-09T06:47:56.989816+00:00,nein,abfrage
SVI-BLK,35,1,gardevoir-ex-sv,Gardevoir,84,251,270,75,46.31,slowking-scr,Slowking,1,0.0,0,1,0,overall,2026-10-09T06:47:56.989816+00:00,nein,abfrage
SVI-BLK,35,1,gardevoir-ex-sv,Gardevoir,84,251,270,75,46.31,ethan-typhlosion,Ethan's Typhlosion,1,100.0,1,0,0,overall,2026-10-09T06:47:56.989816+00:00,nein,abfrage
SVI-BLK,35,1,gardevoir-ex-sv,Gardevoir,84,251,270,75,46.31,iron-hands-magneton,Iron Hands Magneton,1,0.0,0,1,0,overall,2026-10-09T06:47:56.989816+00:00,nein,abfrage
SVI-BLK,35,1,gardevoir-ex-sv,Gardevoir,84,251,270,75,46.31,pidgeot-control,Pidgeot Control,1,0.0,0,1,0,overall,2026-10-09T06:47:56.989816+00:00,nein,abfrage
SVI-BLK,35,1,gardevoir-jellicent,Gardevoir Jellicent,9,32,24,13,52.66,gholdengo-ex,Gholdengo,16,45.83,6,6,4,overall,2026-10-09T06:47:58.734422+00:00,nein,abfrage
SVI-BLK,35,1,gardevoir-jellicent,Gardevoir Jellicent,9,32,24,13,52.66,dragapult-dusknoir,Dragapult Dusknoir,12,66.67,7,2,3,overall,2026-10-09T06:47:58.734422+00:00,nein,abfrage
SVI-BLK,35,1,gardevoir-jellicent,Gardevoir Jellicent,9,32,24,13,52.66,raging-bolt-ogerpon,Raging Bolt Ogerpon,9,51.85,4,3,2,overall,2026-10-09T06:47:58.734422+00:00,nein,abfrage
SVI-BLK,35,1,gardevoir-jellicent,Gardevoir Jellicent,9,32,24,13,52.66,gardevoir-ex-sv,Gardevoir,7,47.62,3,3,1,overall,2026-10-09T06:47:58.734422+00:00,nein,abfrage
SVI-BLK,35,1,gardevoir-jellicent,Gardevoir Jellicent,9,32,24,13,52.66,flareon-noctowl,Flareon Noctowl,4,75.0,3,1,0,overall,2026-10-09T06:47:58.734422+00:00,nein,abfrage
SVI-BLK,35,1,gardevoir-jellicent,Gardevoir Jellicent,9,32,24,13,52.66,charizard-pidgeot,Charizard Pidgeot,4,41.67,1,1,2,overall,2026-10-09T06:47:58.734422+00:00,nein,abfrage
SVI-BLK,35,1,gardevoir-jellicent,Gardevoir Jellicent,9,32,24,13,52.66,joltik-box,Joltik Box,3,33.33,1,2,0,overall,2026-10-09T06:47:58.734422+00:00,nein,abfrage
SVI-BLK,35,1,gardevoir-jellicent,Gardevoir Jellicent,9,32,24,13,52.66,dragapult-blaziken,Dragapult Blaziken,2,100.0,2,0,0,overall,2026-10-09T06:47:58.734422+00:00,nein,abfrage
SVI-BLK,35,1,gardevoir-jellicent,Gardevoir Jellicent,9,32,24,13,52.66,grimmsnarl-froslass,Grimmsnarl Froslass,2,0.0,0,2,0,overall,2026-10-09T06:47:58.734422+00:00,nein,abfrage
SVI-BLK,35,1,gardevoir-jellicent,Gardevoir Jellicent,9,32,24,13,52.66,gouging-fire-ex,Gouging Fire,1,100.0,1,0,0,overall,2026-10-09T06:47:58.734422+00:00,nein,abfrage
SVI-BLK,35,1,gardevoir-jellicent,Gardevoir Jellicent,9,32,24,13,52.66,dragapult-ex,Dragapult,1,0.0,0,1,0,overall,2026-10-09T06:47:58.734422+00:00,nein,abfrage
SVI-BLK,35,1,gardevoir-jellicent,Gardevoir Jellicent,9,32,24,13,52.66,tera-box,Tera Box,1,100.0,1,0,0,overall,2026-10-09T06:47:58.734422+00:00,nein,abfrage
SVI-BLK,35,1,gardevoir-jellicent,Gardevoir Jellicent,9,32,24,13,52.66,ethan-typhlosion,Ethan's Typhlosion,1,100.0,1,0,0,overall,2026-10-09T06:47:58.734422+00:00,nein,abfrage
SVI-BLK,35,1,gardevoir-jellicent,Gardevoir Jellicent,9,32,24,13,52.66,other,Other,1,33.33,0,0,1,overall,2026-10-09T06:47:58.734422+00:00,nein,abfrage
SVI-BLK,35,1,gardevoir-jellicent,Gardevoir Jellicent,9,32,24,13,52.66,crustle-dri,Crustle,1,100.0,1,0,0,overall,2026-10-09T06:47:58.734422+00:00,nein,abfrage
SVI-BLK,35,1,gardevoir-jellicent,Gardevoir Jellicent,9,32,24,13,52.66,n-zoroark,N's Zoroark,1,0.0,0,1,0,overall,2026-10-09T06:47:58.734422+00:00,nein,abfrage
SVI-BLK,35,1,gardevoir-jellicent,Gardevoir Jellicent,9,32,24,13,52.66,gardevoir-jellicent,Gardevoir Jellicent,1,50.0,1,1,0,overall,2026-10-09T06:47:58.734422+00:00,ja,abfrage
SVI-BLK,35,1,gardevoir-jellicent,Gardevoir Jellicent,9,32,24,13,52.66,ho-oh-armarouge,Ho-Oh Armarouge,1,0.0,0,1,0,overall,2026-10-09T06:47:58.734422+00:00,nein,abfrage
SVI-BLK,35,1,gholdengo-dragapult,Gholdengo Dragapult,1,0,1,0,0.0,gardevoir-ex-sv,Gardevoir,1,0.0,0,1,0,overall,2026-10-09T06:48:00.498348+00:00,nein,abfrage
SVI-BLK,35,1,gholdengo-dudunsparce,Gholdengo Dudunsparce,2,8,8,0,50.0,gholdengo-ex,Gholdengo,8,50.0,4,4,0,overall,2026-10-09T06:48:02.297626+00:00,nein,abfrage
SVI-BLK,35,1,gholdengo-dudunsparce,Gholdengo Dudunsparce,2,8,8,0,50.0,gardevoir-ex-sv,Gardevoir,2,100.0,2,0,0,overall,2026-10-09T06:48:02.297626+00:00,nein,abfrage
SVI-BLK,35,1,gholdengo-dudunsparce,Gholdengo Dudunsparce,2,8,8,0,50.0,dragapult-dusknoir,Dragapult Dusknoir,2,100.0,2,0,0,overall,2026-10-09T06:48:02.297626+00:00,nein,abfrage
SVI-BLK,35,1,gholdengo-dudunsparce,Gholdengo Dudunsparce,2,8,8,0,50.0,dragapult-blaziken,Dragapult Blaziken,1,0.0,0,1,0,overall,2026-10-09T06:48:02.297626+00:00,nein,abfrage
SVI-BLK,35,1,gholdengo-dudunsparce,Gholdengo Dudunsparce,2,8,8,0,50.0,dragapult-charizard,Dragapult Charizard,1,0.0,0,1,0,overall,2026-10-09T06:48:02.297626+00:00,nein,abfrage
SVI-BLK,35,1,gholdengo-dudunsparce,Gholdengo Dudunsparce,2,8,8,0,50.0,n-zoroark,N's Zoroark,1,0.0,0,1,0,overall,2026-10-09T06:48:02.297626+00:00,nein,abfrage
SVI-BLK,35,1,gholdengo-dudunsparce,Gholdengo Dudunsparce,2,8,8,0,50.0,dragapult-ex,Dragapult,1,0.0,0,1,0,overall,2026-10-09T06:48:02.297626+00:00,nein,abfrage
SVI-BLK,35,1,gholdengo-ex,Gholdengo,162,574,561,120,48.92,dragapult-dusknoir,Dragapult Dusknoir,222,60.51,126,71,25,overall,2026-10-09T06:48:04.066642+00:00,nein,abfrage
SVI-BLK,35,1,gholdengo-ex,Gholdengo,162,574,561,120,48.92,gardevoir-ex-sv,Gardevoir,138,63.29,80,36,22,overall,2026-10-09T06:48:04.066642+00:00,nein,abfrage
SVI-BLK,35,1,gholdengo-ex,Gholdengo,162,574,561,120,48.92,gholdengo-ex,Gholdengo,135,49.14,128,128,14,overall,2026-10-09T06:48:04.066642+00:00,ja,abfrage
SVI-BLK,35,1,gholdengo-ex,Gholdengo,162,574,561,120,48.92,raging-bolt-ogerpon,Raging Bolt Ogerpon,131,49.36,62,61,8,overall,2026-10-09T06:48:04.066642+00:00,nein,abfrage
SVI-BLK,35,1,gholdengo-ex,Gholdengo,162,574,561,120,48.92,flareon-noctowl,Flareon Noctowl,62,24.73,15,46,1,overall,2026-10-09T06:48:04.066642+00:00,nein,abfrage
SVI-BLK,35,1,gholdengo-ex,Gholdengo,162,574,561,120,48.92,joltik-box,Joltik Box,58,40.23,20,28,10,overall,2026-10-09T06:48:04.066642+00:00,nein,abfrage
SVI-BLK,35,1,gholdengo-ex,Gholdengo,162,574,561,120,48.92,charizard-pidgeot,Charizard Pidgeot,57,33.92,17,33,7,overall,2026-10-09T06:48:04.066642+00:00,nein,abfrage
SVI-BLK,35,1,gholdengo-ex,Gholdengo,162,574,561,120,48.92,grimmsnarl-froslass,Grimmsnarl Froslass,56,55.95,29,20,7,overall,2026-10-09T06:48:04.066642+00:00,nein,abfrage
SVI-BLK,35,1,gholdengo-ex,Gholdengo,162,574,561,120,48.92,dragapult-ex,Dragapult,35,41.9,12,15,8,overall,2026-10-09T06:48:04.066642+00:00,nein,abfrage
SVI-BLK,35,1,gholdengo-ex,Gholdengo,162,574,561,120,48.92,dragapult-charizard,Dragapult Charizard,29,43.68,12,15,2,overall,2026-10-09T06:48:04.066642+00:00,nein,abfrage
SVI-BLK,35,1,gholdengo-ex,Gholdengo,162,574,561,120,48.92,n-zoroark,N's Zoroark,27,56.79,14,9,4,overall,2026-10-09T06:48:04.066642+00:00,nein,abfrage
SVI-BLK,35,1,gholdengo-ex,Gholdengo,162,574,561,120,48.92,tera-box,Tera Box,22,34.85,7,13,2,overall,2026-10-09T06:48:04.066642+00:00,nein,abfrage
SVI-BLK,35,1,gholdengo-ex,Gholdengo,162,574,561,120,48.92,crustle-dri,Crustle,21,23.81,5,16,0,overall,2026-10-09T06:48:04.066642+00:00,nein,abfrage
SVI-BLK,35,1,gholdengo-ex,Gholdengo,162,574,561,120,48.92,gardevoir-jellicent,Gardevoir Jellicent,16,45.83,6,6,4,overall,2026-10-09T06:48:04.066642+00:00,nein,abfrage
SVI-BLK,35,1,gholdengo-ex,Gholdengo,162,574,561,120,48.92,gholdengo-joltik-box,Gholdengo Joltik Box,15,40.0,6,9,0,overall,2026-10-09T06:48:04.066642+00:00,nein,abfrage
SVI-BLK,35,1,gholdengo-ex,Gholdengo,162,574,561,120,48.92,charizard-dragapult,Charizard Dragapult,12,19.44,2,9,1,overall,2026-10-09T06:48:04.066642+00:00,nein,abfrage
SVI-BLK,35,1,gholdengo-ex,Gholdengo,162,574,561,120,48.92,gholdengo-dudunsparce,Gholdengo Dudunsparce,8,50.0,4,4,0,overall,2026-10-09T06:48:04.066642+00:00,nein,abfrage
SVI-BLK,35,1,gholdengo-ex,Gholdengo,162,574,561,120,48.92,farigiraf-milotic,Farigiraf Milotic,7,19.05,1,5,1,overall,2026-10-09T06:48:04.066642+00:00,nein,abfrage
SVI-BLK,35,1,gholdengo-ex,Gholdengo,162,574,561,120,48.92,spidops-ex,Spidops,6,22.22,1,4,1,overall,2026-10-09T06:48:04.066642+00:00,nein,abfrage
SVI-BLK,35,1,gholdengo-ex,Gholdengo,162,574,561,120,48.92,ho-oh-armarouge,Ho-Oh Armarouge,6,33.33,2,4,0,overall,2026-10-09T06:48:04.066642+00:00,nein,abfrage
SVI-BLK,35,1,gholdengo-ex,Gholdengo,162,574,561,120,48.92,dragapult-blaziken,Dragapult Blaziken,5,20.0,1,4,0,overall,2026-10-09T06:48:04.066642+00:00,nein,abfrage
SVI-BLK,35,1,gholdengo-ex,Gholdengo,162,574,561,120,48.92,blissey-ex,Blissey,4,25.0,1,3,0,overall,2026-10-09T06:48:04.066642+00:00,nein,abfrage
SVI-BLK,35,1,gholdengo-ex,Gholdengo,162,574,561,120,48.92,iron-hands-magneton,Iron Hands Magneton,4,25.0,1,3,0,overall,2026-10-09T06:48:04.066642+00:00,nein,abfrage
SVI-BLK,35,1,gholdengo-ex,Gholdengo,162,574,561,120,48.92,pidgeot-control,Pidgeot Control,4,58.33,2,1,1,overall,2026-10-09T06:48:04.066642+00:00,nein,abfrage
SVI-BLK,35,1,gholdengo-ex,Gholdengo,162,574,561,120,48.92,toedscruel-ex,Toedscruel,3,11.11,0,2,1,overall,2026-10-09T06:48:04.066642+00:00,nein,abfrage
SVI-BLK,35,1,gholdengo-ex,Gholdengo,162,574,561,120,48.92,ceruledge-ex,Ceruledge,3,66.67,2,1,0,overall,2026-10-09T06:48:04.066642+00:00,nein,abfrage
SVI-BLK,35,1,gholdengo-ex,Gholdengo,162,574,561,120,48.92,dudunsparce-control,Dudunsparce Control,2,0.0,0,2,0,overall,2026-10-09T06:48:04.066642+00:00,nein,abfrage
SVI-BLK,35,1,gholdengo-ex,Gholdengo,162,574,561,120,48.92,slowking-scr,Slowking,2,66.67,1,0,1,overall,2026-10-09T06:48:04.066642+00:00,nein,abfrage
SVI-BLK,35,1,gholdengo-ex,Gholdengo,162,574,561,120,48.92,slaking-ex,Slaking,2,50.0,1,1,0,overall,2026-10-09T06:48:04.066642+00:00,nein,abfrage
SVI-BLK,35,1,gholdengo-ex,Gholdengo,162,574,561,120,48.92,ethan-typhlosion,Ethan's Typhlosion,2,100.0,2,0,0,overall,2026-10-09T06:48:04.066642+00:00,nein,abfrage
SVI-BLK,35,1,gholdengo-ex,Gholdengo,162,574,561,120,48.92,charizard-noctowl,Charizard Noctowl,2,50.0,1,1,0,overall,2026-10-09T06:48:04.066642+00:00,nein,abfrage
SVI-BLK,35,1,gholdengo-ex,Gholdengo,162,574,561,120,48.92,marnie-grimmsnarl-ex,Marnie's Grimmsnarl,2,50.0,1,1,0,overall,2026-10-09T06:48:04.066642+00:00,nein,abfrage
SVI-BLK,35,1,gholdengo-ex,Gholdengo,162,574,561,120,48.92,archaludon-ex,Archaludon,2,50.0,1,1,0,overall,2026-10-09T06:48:04.066642+00:00,nein,abfrage
SVI-BLK,35,1,gholdengo-ex,Gholdengo,162,574,561,120,48.92,froslass-munkidori,Froslass Munkidori,1,0.0,0,1,0,overall,2026-10-09T06:48:04.066642+00:00,nein,abfrage
SVI-BLK,35,1,gholdengo-ex,Gholdengo,162,574,561,120,48.92,charizard-dusknoir,Charizard Dusknoir,1,100.0,1,0,0,overall,2026-10-09T06:48:04.066642+00:00,nein,abfrage
SVI-BLK,35,1,gholdengo-ex,Gholdengo,162,574,561,120,48.92,other,Other,1,0.0,0,1,0,overall,2026-10-09T06:48:04.066642+00:00,nein,abfrage
SVI-BLK,35,1,gholdengo-ex,Gholdengo,162,574,561,120,48.92,dragapult-iron-thorns,Dragapult Iron Thorns,1,0.0,0,1,0,overall,2026-10-09T06:48:04.066642+00:00,nein,abfrage
SVI-BLK,35,1,gholdengo-ex,Gholdengo,162,574,561,120,48.92,roaring-moon-dudunsparce,Roaring Moon Dudunsparce,1,0.0,0,1,0,overall,2026-10-09T06:48:04.066642+00:00,nein,abfrage
SVI-BLK,35,1,gholdengo-ex,Gholdengo,162,574,561,120,48.92,hop-zacian,Hop's Zacian,1,100.0,1,0,0,overall,2026-10-09T06:48:04.066642+00:00,nein,abfrage
SVI-BLK,35,1,gholdengo-ex,Gholdengo,162,574,561,120,48.92,miraidon-ex,Miraidon,1,0.0,0,1,0,overall,2026-10-09T06:48:04.066642+00:00,nein,abfrage
SVI-BLK,35,1,gholdengo-ex,Gholdengo,162,574,561,120,48.92,roaring-moon-ex,Roaring Moon,1,100.0,1,0,0,overall,2026-10-09T06:48:04.066642+00:00,nein,abfrage
SVI-BLK,35,1,gholdengo-joltik-box,Gholdengo Joltik Box,12,36,41,7,45.63,dragapult-dusknoir,Dragapult Dusknoir,19,38.6,7,11,1,overall,2026-10-09T06:48:05.830664+00:00,nein,abfrage
SVI-BLK,35,1,gholdengo-joltik-box,Gholdengo Joltik Box,12,36,41,7,45.63,gholdengo-ex,Gholdengo,15,60.0,9,6,0,overall,2026-10-09T06:48:05.830664+00:00,nein,abfrage
SVI-BLK,35,1,gholdengo-joltik-box,Gholdengo Joltik Box,12,36,41,7,45.63,raging-bolt-ogerpon,Raging Bolt Ogerpon,9,59.26,5,3,1,overall,2026-10-09T06:48:05.830664+00:00,nein,abfrage
SVI-BLK,35,1,gholdengo-joltik-box,Gholdengo Joltik Box,12,36,41,7,45.63,gardevoir-ex-sv,Gardevoir,7,61.9,4,2,1,overall,2026-10-09T06:48:05.830664+00:00,nein,abfrage
SVI-BLK,35,1,gholdengo-joltik-box,Gholdengo Joltik Box,12,36,41,7,45.63,flareon-noctowl,Flareon Noctowl,7,47.62,3,3,1,overall,2026-10-09T06:48:05.830664+00:00,nein,abfrage
SVI-BLK,35,1,gholdengo-joltik-box,Gholdengo Joltik Box,12,36,41,7,45.63,charizard-pidgeot,Charizard Pidgeot,5,66.67,3,1,1,overall,2026-10-09T06:48:05.830664+00:00,nein,abfrage
SVI-BLK,35,1,gholdengo-joltik-box,Gholdengo Joltik Box,12,36,41,7,45.63,grimmsnarl-froslass,Grimmsnarl Froslass,4,33.33,1,2,1,overall,2026-10-09T06:48:05.830664+00:00,nein,abfrage
SVI-BLK,35,1,gholdengo-joltik-box,Gholdengo Joltik Box,12,36,41,7,45.63,joltik-box,Joltik Box,3,66.67,2,1,0,overall,2026-10-09T06:48:05.830664+00:00,nein,abfrage
SVI-BLK,35,1,gholdengo-joltik-box,Gholdengo Joltik Box,12,36,41,7,45.63,n-zoroark,N's Zoroark,2,16.67,0,1,1,overall,2026-10-09T06:48:05.830664+00:00,nein,abfrage
SVI-BLK,35,1,gholdengo-joltik-box,Gholdengo Joltik Box,12,36,41,7,45.63,charizard-dragapult,Charizard Dragapult,1,0.0,0,1,0,overall,2026-10-09T06:48:05.830664+00:00,nein,abfrage
SVI-BLK,35,1,gholdengo-joltik-box,Gholdengo Joltik Box,12,36,41,7,45.63,dragapult-ex,Dragapult,1,0.0,0,1,0,overall,2026-10-09T06:48:05.830664+00:00,nein,abfrage
SVI-BLK,35,1,gholdengo-joltik-box,Gholdengo Joltik Box,12,36,41,7,45.63,other,Other,1,0.0,0,1,0,overall,2026-10-09T06:48:05.830664+00:00,nein,abfrage
SVI-BLK,35,1,gholdengo-joltik-box,Gholdengo Joltik Box,12,36,41,7,45.63,spidops-ex,Spidops,1,100.0,1,0,0,overall,2026-10-09T06:48:05.830664+00:00,nein,abfrage
SVI-BLK,35,1,gholdengo-joltik-box,Gholdengo Joltik Box,12,36,41,7,45.63,charizard-noctowl,Charizard Noctowl,1,0.0,0,1,0,overall,2026-10-09T06:48:05.830664+00:00,nein,abfrage
SVI-BLK,35,1,gholdengo-joltik-box,Gholdengo Joltik Box,12,36,41,7,45.63,crustle-dri,Crustle,1,0.0,0,1,0,overall,2026-10-09T06:48:05.830664+00:00,nein,abfrage
SVI-BLK,35,1,gholdengo-joltik-box,Gholdengo Joltik Box,12,36,41,7,45.63,gholdengo-joltik-box,Gholdengo Joltik Box,1,50.0,1,1,0,overall,2026-10-09T06:48:05.830664+00:00,ja,abfrage
SVI-BLK,35,1,gholdengo-joltik-box,Gholdengo Joltik Box,12,36,41,7,45.63,blissey-ex,Blissey,1,0.0,0,1,0,overall,2026-10-09T06:48:05.830664+00:00,nein,abfrage
SVI-BLK,35,1,gholdengo-joltik-box,Gholdengo Joltik Box,12,36,41,7,45.63,dragapult-charizard,Dragapult Charizard,1,0.0,0,1,0,overall,2026-10-09T06:48:05.830664+00:00,nein,abfrage
SVI-BLK,35,1,gholdengo-joltik-box,Gholdengo Joltik Box,12,36,41,7,45.63,froslass-munkidori,Froslass Munkidori,1,0.0,0,1,0,overall,2026-10-09T06:48:05.830664+00:00,nein,abfrage
SVI-BLK,35,1,gholdengo-joltik-box,Gholdengo Joltik Box,12,36,41,7,45.63,charizard-dusknoir,Charizard Dusknoir,1,0.0,0,1,0,overall,2026-10-09T06:48:05.830664+00:00,nein,abfrage
SVI-BLK,35,1,gouging-fire-ex,Gouging Fire,1,0,1,0,0.0,gardevoir-jellicent,Gardevoir Jellicent,1,0.0,0,1,0,overall,2026-10-09T06:48:07.613145+00:00,nein,abfrage
SVI-BLK,35,1,grimmsnarl-froslass,Grimmsnarl Froslass,34,107,111,36,46.85,gholdengo-ex,Gholdengo,56,39.88,20,29,7,overall,2026-10-09T06:48:09.490213+00:00,nein,abfrage
SVI-BLK,35,1,grimmsnarl-froslass,Grimmsnarl Froslass,34,107,111,36,46.85,dragapult-dusknoir,Dragapult Dusknoir,38,45.61,16,18,4,overall,2026-10-09T06:48:09.490213+00:00,nein,abfrage
SVI-BLK,35,1,grimmsnarl-froslass,Grimmsnarl Froslass,34,107,111,36,46.85,raging-bolt-ogerpon,Raging Bolt Ogerpon,31,36.56,9,15,7,overall,2026-10-09T06:48:09.490213+00:00,nein,abfrage
SVI-BLK,35,1,grimmsnarl-froslass,Grimmsnarl Froslass,34,107,111,36,46.85,gardevoir-ex-sv,Gardevoir,28,70.24,18,5,5,overall,2026-10-09T06:48:09.490213+00:00,nein,abfrage
SVI-BLK,35,1,grimmsnarl-froslass,Grimmsnarl Froslass,34,107,111,36,46.85,joltik-box,Joltik Box,13,41.03,5,7,1,overall,2026-10-09T06:48:09.490213+00:00,nein,abfrage
SVI-BLK,35,1,grimmsnarl-froslass,Grimmsnarl Froslass,34,107,111,36,46.85,charizard-pidgeot,Charizard Pidgeot,10,36.67,3,5,2,overall,2026-10-09T06:48:09.490213+00:00,nein,abfrage
SVI-BLK,35,1,grimmsnarl-froslass,Grimmsnarl Froslass,34,107,111,36,46.85,grimmsnarl-froslass,Grimmsnarl Froslass,10,46.67,8,8,4,overall,2026-10-09T06:48:09.490213+00:00,ja,abfrage
SVI-BLK,35,1,grimmsnarl-froslass,Grimmsnarl Froslass,34,107,111,36,46.85,dragapult-ex,Dragapult,9,29.63,2,5,2,overall,2026-10-09T06:48:09.490213+00:00,nein,abfrage
SVI-BLK,35,1,grimmsnarl-froslass,Grimmsnarl Froslass,34,107,111,36,46.85,flareon-noctowl,Flareon Noctowl,7,57.14,4,3,0,overall,2026-10-09T06:48:09.490213+00:00,nein,abfrage
SVI-BLK,35,1,grimmsnarl-froslass,Grimmsnarl Froslass,34,107,111,36,46.85,dragapult-charizard,Dragapult Charizard,6,66.67,4,2,0,overall,2026-10-09T06:48:09.490213+00:00,nein,abfrage
SVI-BLK,35,1,grimmsnarl-froslass,Grimmsnarl Froslass,34,107,111,36,46.85,n-zoroark,N's Zoroark,6,61.11,3,1,2,overall,2026-10-09T06:48:09.490213+00:00,nein,abfrage
SVI-BLK,35,1,grimmsnarl-froslass,Grimmsnarl Froslass,34,107,111,36,46.85,gholdengo-joltik-box,Gholdengo Joltik Box,4,58.33,2,1,1,overall,2026-10-09T06:48:09.490213+00:00,nein,abfrage
SVI-BLK,35,1,grimmsnarl-froslass,Grimmsnarl Froslass,34,107,111,36,46.85,crustle-dri,Crustle,3,33.33,1,2,0,overall,2026-10-09T06:48:09.490213+00:00,nein,abfrage
SVI-BLK,35,1,grimmsnarl-froslass,Grimmsnarl Froslass,34,107,111,36,46.85,tera-box,Tera Box,3,33.33,1,2,0,overall,2026-10-09T06:48:09.490213+00:00,nein,abfrage
SVI-BLK,35,1,grimmsnarl-froslass,Grimmsnarl Froslass,34,107,111,36,46.85,dragapult-blaziken,Dragapult Blaziken,2,100.0,2,0,0,overall,2026-10-09T06:48:09.490213+00:00,nein,abfrage
SVI-BLK,35,1,grimmsnarl-froslass,Grimmsnarl Froslass,34,107,111,36,46.85,archaludon-ex,Archaludon,2,100.0,2,0,0,overall,2026-10-09T06:48:09.490213+00:00,nein,abfrage
SVI-BLK,35,1,grimmsnarl-froslass,Grimmsnarl Froslass,34,107,111,36,46.85,gardevoir-jellicent,Gardevoir Jellicent,2,100.0,2,0,0,overall,2026-10-09T06:48:09.490213+00:00,nein,abfrage
SVI-BLK,35,1,grimmsnarl-froslass,Grimmsnarl Froslass,34,107,111,36,46.85,charizard-dusknoir,Charizard Dusknoir,1,0.0,0,1,0,overall,2026-10-09T06:48:09.490213+00:00,nein,abfrage
SVI-BLK,35,1,grimmsnarl-froslass,Grimmsnarl Froslass,34,107,111,36,46.85,ho-oh-armarouge,Ho-Oh Armarouge,1,0.0,0,1,0,overall,2026-10-09T06:48:09.490213+00:00,nein,abfrage
SVI-BLK,35,1,grimmsnarl-froslass,Grimmsnarl Froslass,34,107,111,36,46.85,ethan-typhlosion,Ethan's Typhlosion,1,33.33,0,0,1,overall,2026-10-09T06:48:09.490213+00:00,nein,abfrage
SVI-BLK,35,1,grimmsnarl-froslass,Grimmsnarl Froslass,34,107,111,36,46.85,charizard-noctowl,Charizard Noctowl,1,100.0,1,0,0,overall,2026-10-09T06:48:09.490213+00:00,nein,abfrage
SVI-BLK,35,1,grimmsnarl-froslass,Grimmsnarl Froslass,34,107,111,36,46.85,hop-zacian,Hop's Zacian,1,100.0,1,0,0,overall,2026-10-09T06:48:09.490213+00:00,nein,abfrage
SVI-BLK,35,1,grimmsnarl-froslass,Grimmsnarl Froslass,34,107,111,36,46.85,dudunsparce-control,Dudunsparce Control,1,0.0,0,1,0,overall,2026-10-09T06:48:09.490213+00:00,nein,abfrage
SVI-BLK,35,1,grimmsnarl-froslass,Grimmsnarl Froslass,34,107,111,36,46.85,marnie-grimmsnarl-ex,Marnie's Grimmsnarl,1,0.0,0,1,0,overall,2026-10-09T06:48:09.490213+00:00,nein,abfrage
SVI-BLK,35,1,grimmsnarl-froslass,Grimmsnarl Froslass,34,107,111,36,46.85,slowking-scr,Slowking,1,0.0,0,1,0,overall,2026-10-09T06:48:09.490213+00:00,nein,abfrage
SVI-BLK,35,1,grimmsnarl-froslass,Grimmsnarl Froslass,34,107,111,36,46.85,farigiraf-milotic,Farigiraf Milotic,1,0.0,0,1,0,overall,2026-10-09T06:48:09.490213+00:00,nein,abfrage
SVI-BLK,35,1,grimmsnarl-froslass,Grimmsnarl Froslass,34,107,111,36,46.85,iron-hands-magneton,Iron Hands Magneton,1,0.0,0,1,0,overall,2026-10-09T06:48:09.490213+00:00,nein,abfrage
SVI-BLK,35,1,grimmsnarl-froslass,Grimmsnarl Froslass,34,107,111,36,46.85,spidops-ex,Spidops,1,0.0,0,1,0,overall,2026-10-09T06:48:09.490213+00:00,nein,abfrage
SVI-BLK,35,1,grimmsnarl-froslass,Grimmsnarl Froslass,34,107,111,36,46.85,charizard-dragapult,Charizard Dragapult,1,100.0,1,0,0,overall,2026-10-09T06:48:09.490213+00:00,nein,abfrage
SVI-BLK,35,1,ho-oh-armarouge,Ho-Oh Armarouge,4,14,11,4,52.87,gholdengo-ex,Gholdengo,6,66.67,4,2,0,overall,2026-10-09T06:48:11.272921+00:00,nein,abfrage
SVI-BLK,35,1,ho-oh-armarouge,Ho-Oh Armarouge,4,14,11,4,52.87,dragapult-ex,Dragapult,4,50.0,1,0,3,overall,2026-10-09T06:48:11.272921+00:00,nein,abfrage
SVI-BLK,35,1,ho-oh-armarouge,Ho-Oh Armarouge,4,14,11,4,52.87,gardevoir-ex-sv,Gardevoir,4,25.0,1,3,0,overall,2026-10-09T06:48:11.272921+00:00,nein,abfrage
SVI-BLK,35,1,ho-oh-armarouge,Ho-Oh Armarouge,4,14,11,4,52.87,raging-bolt-ogerpon,Raging Bolt Ogerpon,3,66.67,2,1,0,overall,2026-10-09T06:48:11.272921+00:00,nein,abfrage
SVI-BLK,35,1,ho-oh-armarouge,Ho-Oh Armarouge,4,14,11,4,52.87,charizard-pidgeot,Charizard Pidgeot,2,0.0,0,2,0,overall,2026-10-09T06:48:11.272921+00:00,nein,abfrage
SVI-BLK,35,1,ho-oh-armarouge,Ho-Oh Armarouge,4,14,11,4,52.87,joltik-box,Joltik Box,2,66.67,1,0,1,overall,2026-10-09T06:48:11.272921+00:00,nein,abfrage
SVI-BLK,35,1,ho-oh-armarouge,Ho-Oh Armarouge,4,14,11,4,52.87,grimmsnarl-froslass,Grimmsnarl Froslass,1,100.0,1,0,0,overall,2026-10-09T06:48:11.272921+00:00,nein,abfrage
SVI-BLK,35,1,ho-oh-armarouge,Ho-Oh Armarouge,4,14,11,4,52.87,dragapult-dusknoir,Dragapult Dusknoir,1,100.0,1,0,0,overall,2026-10-09T06:48:11.272921+00:00,nein,abfrage
SVI-BLK,35,1,ho-oh-armarouge,Ho-Oh Armarouge,4,14,11,4,52.87,blissey-ex,Blissey,1,0.0,0,1,0,overall,2026-10-09T06:48:11.272921+00:00,nein,abfrage
SVI-BLK,35,1,ho-oh-armarouge,Ho-Oh Armarouge,4,14,11,4,52.87,spidops-ex,Spidops,1,100.0,1,0,0,overall,2026-10-09T06:48:11.272921+00:00,nein,abfrage
SVI-BLK,35,1,ho-oh-armarouge,Ho-Oh Armarouge,4,14,11,4,52.87,charizard-dragapult,Charizard Dragapult,1,100.0,1,0,0,overall,2026-10-09T06:48:11.272921+00:00,nein,abfrage
SVI-BLK,35,1,ho-oh-armarouge,Ho-Oh Armarouge,4,14,11,4,52.87,dragapult-charizard,Dragapult Charizard,1,0.0,0,1,0,overall,2026-10-09T06:48:11.272921+00:00,nein,abfrage
SVI-BLK,35,1,ho-oh-armarouge,Ho-Oh Armarouge,4,14,11,4,52.87,flareon-noctowl,Flareon Noctowl,1,0.0,0,1,0,overall,2026-10-09T06:48:11.272921+00:00,nein,abfrage
SVI-BLK,35,1,ho-oh-armarouge,Ho-Oh Armarouge,4,14,11,4,52.87,gardevoir-jellicent,Gardevoir Jellicent,1,100.0,1,0,0,overall,2026-10-09T06:48:11.272921+00:00,nein,abfrage
SVI-BLK,35,1,hop-zacian,Hop's Zacian,1,1,6,0,14.29,charizard-pidgeot,Charizard Pidgeot,1,0.0,0,1,0,overall,2026-10-09T06:48:13.025418+00:00,nein,abfrage
SVI-BLK,35,1,hop-zacian,Hop's Zacian,1,1,6,0,14.29,gardevoir-ex-sv,Gardevoir,1,0.0,0,1,0,overall,2026-10-09T06:48:13.025418+00:00,nein,abfrage
SVI-BLK,35,1,hop-zacian,Hop's Zacian,1,1,6,0,14.29,grimmsnarl-froslass,Grimmsnarl Froslass,1,0.0,0,1,0,overall,2026-10-09T06:48:13.025418+00:00,nein,abfrage
SVI-BLK,35,1,hop-zacian,Hop's Zacian,1,1,6,0,14.29,dragapult-dusknoir,Dragapult Dusknoir,1,100.0,1,0,0,overall,2026-10-09T06:48:13.025418+00:00,nein,abfrage
SVI-BLK,35,1,hop-zacian,Hop's Zacian,1,1,6,0,14.29,gholdengo-ex,Gholdengo,1,0.0,0,1,0,overall,2026-10-09T06:48:13.025418+00:00,nein,abfrage
SVI-BLK,35,1,hop-zacian,Hop's Zacian,1,1,6,0,14.29,miraidon-eelektrik,Miraidon Eelektrik,1,0.0,0,1,0,overall,2026-10-09T06:48:13.025418+00:00,nein,abfrage
SVI-BLK,35,1,hop-zacian,Hop's Zacian,1,1,6,0,14.29,raging-bolt-ogerpon,Raging Bolt Ogerpon,1,0.0,0,1,0,overall,2026-10-09T06:48:13.025418+00:00,nein,abfrage
SVI-BLK,35,1,iron-hands-magneton,Iron Hands Magneton,2,9,7,0,56.25,gholdengo-ex,Gholdengo,4,75.0,3,1,0,overall,2026-10-09T06:48:14.803915+00:00,nein,abfrage
SVI-BLK,35,1,iron-hands-magneton,Iron Hands Magneton,2,9,7,0,56.25,raging-bolt-ogerpon,Raging Bolt Ogerpon,3,33.33,1,2,0,overall,2026-10-09T06:48:14.803915+00:00,nein,abfrage
SVI-BLK,35,1,iron-hands-magneton,Iron Hands Magneton,2,9,7,0,56.25,dragapult-dusknoir,Dragapult Dusknoir,3,33.33,1,2,0,overall,2026-10-09T06:48:14.803915+00:00,nein,abfrage
SVI-BLK,35,1,iron-hands-magneton,Iron Hands Magneton,2,9,7,0,56.25,roaring-moon-dudunsparce,Roaring Moon Dudunsparce,1,100.0,1,0,0,overall,2026-10-09T06:48:14.803915+00:00,nein,abfrage
SVI-BLK,35,1,iron-hands-magneton,Iron Hands Magneton,2,9,7,0,56.25,charizard-pidgeot,Charizard Pidgeot,1,0.0,0,1,0,overall,2026-10-09T06:48:14.803915+00:00,nein,abfrage
SVI-BLK,35,1,iron-hands-magneton,Iron Hands Magneton,2,9,7,0,56.25,joltik-box,Joltik Box,1,0.0,0,1,0,overall,2026-10-09T06:48:14.803915+00:00,nein,abfrage
SVI-BLK,35,1,iron-hands-magneton,Iron Hands Magneton,2,9,7,0,56.25,grimmsnarl-froslass,Grimmsnarl Froslass,1,100.0,1,0,0,overall,2026-10-09T06:48:14.803915+00:00,nein,abfrage
SVI-BLK,35,1,iron-hands-magneton,Iron Hands Magneton,2,9,7,0,56.25,gardevoir-ex-sv,Gardevoir,1,100.0,1,0,0,overall,2026-10-09T06:48:14.803915+00:00,nein,abfrage
SVI-BLK,35,1,iron-hands-magneton,Iron Hands Magneton,2,9,7,0,56.25,tera-box,Tera Box,1,100.0,1,0,0,overall,2026-10-09T06:48:14.803915+00:00,nein,abfrage
SVI-BLK,35,1,joltik-box,Joltik Box,30,89,105,22,44.6,gholdengo-ex,Gholdengo,58,54.02,28,20,10,overall,2026-10-09T06:48:16.577369+00:00,nein,abfrage
SVI-BLK,35,1,joltik-box,Joltik Box,30,89,105,22,44.6,raging-bolt-ogerpon,Raging Bolt Ogerpon,28,29.76,7,17,4,overall,2026-10-09T06:48:16.577369+00:00,nein,abfrage
SVI-BLK,35,1,joltik-box,Joltik Box,30,89,105,22,44.6,dragapult-dusknoir,Dragapult Dusknoir,27,45.68,12,14,1,overall,2026-10-09T06:48:16.577369+00:00,nein,abfrage
SVI-BLK,35,1,joltik-box,Joltik Box,30,89,105,22,44.6,gardevoir-ex-sv,Gardevoir,24,20.83,5,19,0,overall,2026-10-09T06:48:16.577369+00:00,nein,abfrage
SVI-BLK,35,1,joltik-box,Joltik Box,30,89,105,22,44.6,grimmsnarl-froslass,Grimmsnarl Froslass,13,56.41,7,5,1,overall,2026-10-09T06:48:16.577369+00:00,nein,abfrage
SVI-BLK,35,1,joltik-box,Joltik Box,30,89,105,22,44.6,dragapult-ex,Dragapult,12,58.33,7,5,0,overall,2026-10-09T06:48:16.577369+00:00,nein,abfrage
SVI-BLK,35,1,joltik-box,Joltik Box,30,89,105,22,44.6,flareon-noctowl,Flareon Noctowl,6,55.56,3,2,1,overall,2026-10-09T06:48:16.577369+00:00,nein,abfrage
SVI-BLK,35,1,joltik-box,Joltik Box,30,89,105,22,44.6,charizard-pidgeot,Charizard Pidgeot,6,83.33,5,1,0,overall,2026-10-09T06:48:16.577369+00:00,nein,abfrage
SVI-BLK,35,1,joltik-box,Joltik Box,30,89,105,22,44.6,n-zoroark,N's Zoroark,4,50.0,2,2,0,overall,2026-10-09T06:48:16.577369+00:00,nein,abfrage
SVI-BLK,35,1,joltik-box,Joltik Box,30,89,105,22,44.6,gardevoir-jellicent,Gardevoir Jellicent,3,66.67,2,1,0,overall,2026-10-09T06:48:16.577369+00:00,nein,abfrage
SVI-BLK,35,1,joltik-box,Joltik Box,30,89,105,22,44.6,dragapult-charizard,Dragapult Charizard,3,33.33,1,2,0,overall,2026-10-09T06:48:16.577369+00:00,nein,abfrage
SVI-BLK,35,1,joltik-box,Joltik Box,30,89,105,22,44.6,gholdengo-joltik-box,Gholdengo Joltik Box,3,33.33,1,2,0,overall,2026-10-09T06:48:16.577369+00:00,nein,abfrage
SVI-BLK,35,1,joltik-box,Joltik Box,30,89,105,22,44.6,joltik-box,Joltik Box,3,50.0,3,3,0,overall,2026-10-09T06:48:16.577369+00:00,ja,abfrage
SVI-BLK,35,1,joltik-box,Joltik Box,30,89,105,22,44.6,spidops-ex,Spidops,2,33.33,0,0,2,overall,2026-10-09T06:48:16.577369+00:00,nein,abfrage
SVI-BLK,35,1,joltik-box,Joltik Box,30,89,105,22,44.6,slaking-ex,Slaking,2,16.67,0,1,1,overall,2026-10-09T06:48:16.577369+00:00,nein,abfrage
SVI-BLK,35,1,joltik-box,Joltik Box,30,89,105,22,44.6,ho-oh-armarouge,Ho-Oh Armarouge,2,16.67,0,1,1,overall,2026-10-09T06:48:16.577369+00:00,nein,abfrage
SVI-BLK,35,1,joltik-box,Joltik Box,30,89,105,22,44.6,dragapult-iron-thorns,Dragapult Iron Thorns,1,0.0,0,1,0,overall,2026-10-09T06:48:16.577369+00:00,nein,abfrage
SVI-BLK,35,1,joltik-box,Joltik Box,30,89,105,22,44.6,miraidon-eelektrik,Miraidon Eelektrik,1,0.0,0,1,0,overall,2026-10-09T06:48:16.577369+00:00,nein,abfrage
SVI-BLK,35,1,joltik-box,Joltik Box,30,89,105,22,44.6,marnie-grimmsnarl-ex,Marnie's Grimmsnarl,1,33.33,0,0,1,overall,2026-10-09T06:48:16.577369+00:00,nein,abfrage
SVI-BLK,35,1,joltik-box,Joltik Box,30,89,105,22,44.6,charizard-dragapult,Charizard Dragapult,1,0.0,0,1,0,overall,2026-10-09T06:48:16.577369+00:00,nein,abfrage
SVI-BLK,35,1,joltik-box,Joltik Box,30,89,105,22,44.6,blissey-ex,Blissey,1,100.0,1,0,0,overall,2026-10-09T06:48:16.577369+00:00,nein,abfrage
SVI-BLK,35,1,joltik-box,Joltik Box,30,89,105,22,44.6,crustle-dri,Crustle,1,0.0,0,1,0,overall,2026-10-09T06:48:16.577369+00:00,nein,abfrage
SVI-BLK,35,1,joltik-box,Joltik Box,30,89,105,22,44.6,roaring-moon-ex,Roaring Moon,1,100.0,1,0,0,overall,2026-10-09T06:48:16.577369+00:00,nein,abfrage
SVI-BLK,35,1,joltik-box,Joltik Box,30,89,105,22,44.6,farigiraf-milotic,Farigiraf Milotic,1,0.0,0,1,0,overall,2026-10-09T06:48:16.577369+00:00,nein,abfrage
SVI-BLK,35,1,joltik-box,Joltik Box,30,89,105,22,44.6,charizard-dusknoir,Charizard Dusknoir,1,0.0,0,1,0,overall,2026-10-09T06:48:16.577369+00:00,nein,abfrage
SVI-BLK,35,1,joltik-box,Joltik Box,30,89,105,22,44.6,iron-hands-magneton,Iron Hands Magneton,1,100.0,1,0,0,overall,2026-10-09T06:48:16.577369+00:00,nein,abfrage
SVI-BLK,35,1,joltik-box,Joltik Box,30,89,105,22,44.6,ceruledge-ex,Ceruledge,1,100.0,1,0,0,overall,2026-10-09T06:48:16.577369+00:00,nein,abfrage
SVI-BLK,35,1,joltik-box,Joltik Box,30,89,105,22,44.6,dragapult-blaziken,Dragapult Blaziken,1,0.0,0,1,0,overall,2026-10-09T06:48:16.577369+00:00,nein,abfrage
SVI-BLK,35,1,joltik-box,Joltik Box,30,89,105,22,44.6,miraidon-ex,Miraidon,1,100.0,1,0,0,overall,2026-10-09T06:48:16.577369+00:00,nein,abfrage
SVI-BLK,35,1,marnie-grimmsnarl-ex,Marnie's Grimmsnarl,1,4,3,1,54.17,raging-bolt-ogerpon,Raging Bolt Ogerpon,2,0.0,0,2,0,overall,2026-10-09T06:48:18.358875+00:00,nein,abfrage
SVI-BLK,35,1,marnie-grimmsnarl-ex,Marnie's Grimmsnarl,1,4,3,1,54.17,gardevoir-ex-sv,Gardevoir,2,100.0,2,0,0,overall,2026-10-09T06:48:18.358875+00:00,nein,abfrage
SVI-BLK,35,1,marnie-grimmsnarl-ex,Marnie's Grimmsnarl,1,4,3,1,54.17,gholdengo-ex,Gholdengo,2,50.0,1,1,0,overall,2026-10-09T06:48:18.358875+00:00,nein,abfrage
SVI-BLK,35,1,marnie-grimmsnarl-ex,Marnie's Grimmsnarl,1,4,3,1,54.17,joltik-box,Joltik Box,1,33.33,0,0,1,overall,2026-10-09T06:48:18.358875+00:00,nein,abfrage
SVI-BLK,35,1,marnie-grimmsnarl-ex,Marnie's Grimmsnarl,1,4,3,1,54.17,grimmsnarl-froslass,Grimmsnarl Froslass,1,100.0,1,0,0,overall,2026-10-09T06:48:18.358875+00:00,nein,abfrage
SVI-BLK,35,1,miraidon-eelektrik,Miraidon Eelektrik,1,4,4,0,50.0,raging-bolt-ogerpon,Raging Bolt Ogerpon,3,66.67,2,1,0,overall,2026-10-09T06:48:20.104340+00:00,nein,abfrage
SVI-BLK,35,1,miraidon-eelektrik,Miraidon Eelektrik,1,4,4,0,50.0,dragapult-dusknoir,Dragapult Dusknoir,2,0.0,0,2,0,overall,2026-10-09T06:48:20.104340+00:00,nein,abfrage
SVI-BLK,35,1,miraidon-eelektrik,Miraidon Eelektrik,1,4,4,0,50.0,joltik-box,Joltik Box,1,100.0,1,0,0,overall,2026-10-09T06:48:20.104340+00:00,nein,abfrage
SVI-BLK,35,1,miraidon-eelektrik,Miraidon Eelektrik,1,4,4,0,50.0,gardevoir-ex-sv,Gardevoir,1,0.0,0,1,0,overall,2026-10-09T06:48:20.104340+00:00,nein,abfrage
SVI-BLK,35,1,miraidon-eelektrik,Miraidon Eelektrik,1,4,4,0,50.0,hop-zacian,Hop's Zacian,1,100.0,1,0,0,overall,2026-10-09T06:48:20.104340+00:00,nein,abfrage
SVI-BLK,35,1,miraidon-ex,Miraidon,1,3,5,0,37.5,raging-bolt-ogerpon,Raging Bolt Ogerpon,2,50.0,1,1,0,overall,2026-10-09T06:48:21.880310+00:00,nein,abfrage
SVI-BLK,35,1,miraidon-ex,Miraidon,1,3,5,0,37.5,dragapult-ex,Dragapult,1,100.0,1,0,0,overall,2026-10-09T06:48:21.880310+00:00,nein,abfrage
SVI-BLK,35,1,miraidon-ex,Miraidon,1,3,5,0,37.5,blissey-ex,Blissey,1,0.0,0,1,0,overall,2026-10-09T06:48:21.880310+00:00,nein,abfrage
SVI-BLK,35,1,miraidon-ex,Miraidon,1,3,5,0,37.5,gardevoir-ex-sv,Gardevoir,1,0.0,0,1,0,overall,2026-10-09T06:48:21.880310+00:00,nein,abfrage
SVI-BLK,35,1,miraidon-ex,Miraidon,1,3,5,0,37.5,gholdengo-ex,Gholdengo,1,100.0,1,0,0,overall,2026-10-09T06:48:21.880310+00:00,nein,abfrage
SVI-BLK,35,1,miraidon-ex,Miraidon,1,3,5,0,37.5,dragapult-blaziken,Dragapult Blaziken,1,0.0,0,1,0,overall,2026-10-09T06:48:21.880310+00:00,nein,abfrage
SVI-BLK,35,1,miraidon-ex,Miraidon,1,3,5,0,37.5,joltik-box,Joltik Box,1,0.0,0,1,0,overall,2026-10-09T06:48:21.880310+00:00,nein,abfrage
SVI-BLK,35,1,n-zoroark,N's Zoroark,17,60,50,17,51.71,gholdengo-ex,Gholdengo,27,38.27,9,14,4,overall,2026-10-09T06:48:23.658801+00:00,nein,abfrage
SVI-BLK,35,1,n-zoroark,N's Zoroark,17,60,50,17,51.71,dragapult-dusknoir,Dragapult Dusknoir,21,61.9,12,6,3,overall,2026-10-09T06:48:23.658801+00:00,nein,abfrage
SVI-BLK,35,1,n-zoroark,N's Zoroark,17,60,50,17,51.71,gardevoir-ex-sv,Gardevoir,15,82.22,12,2,1,overall,2026-10-09T06:48:23.658801+00:00,nein,abfrage
SVI-BLK,35,1,n-zoroark,N's Zoroark,17,60,50,17,51.71,raging-bolt-ogerpon,Raging Bolt Ogerpon,10,33.33,2,4,4,overall,2026-10-09T06:48:23.658801+00:00,nein,abfrage
SVI-BLK,35,1,n-zoroark,N's Zoroark,17,60,50,17,51.71,flareon-noctowl,Flareon Noctowl,8,25.0,2,6,0,overall,2026-10-09T06:48:23.658801+00:00,nein,abfrage
SVI-BLK,35,1,n-zoroark,N's Zoroark,17,60,50,17,51.71,charizard-pidgeot,Charizard Pidgeot,7,28.57,2,5,0,overall,2026-10-09T06:48:23.658801+00:00,nein,abfrage
SVI-BLK,35,1,n-zoroark,N's Zoroark,17,60,50,17,51.71,dragapult-ex,Dragapult,6,72.22,4,1,1,overall,2026-10-09T06:48:23.658801+00:00,nein,abfrage
SVI-BLK,35,1,n-zoroark,N's Zoroark,17,60,50,17,51.71,grimmsnarl-froslass,Grimmsnarl Froslass,6,27.78,1,3,2,overall,2026-10-09T06:48:23.658801+00:00,nein,abfrage
SVI-BLK,35,1,n-zoroark,N's Zoroark,17,60,50,17,51.71,joltik-box,Joltik Box,4,50.0,2,2,0,overall,2026-10-09T06:48:23.658801+00:00,nein,abfrage
SVI-BLK,35,1,n-zoroark,N's Zoroark,17,60,50,17,51.71,n-zoroark,N's Zoroark,4,50.0,4,4,0,overall,2026-10-09T06:48:23.658801+00:00,ja,abfrage
SVI-BLK,35,1,n-zoroark,N's Zoroark,17,60,50,17,51.71,gholdengo-joltik-box,Gholdengo Joltik Box,2,66.67,1,0,1,overall,2026-10-09T06:48:23.658801+00:00,nein,abfrage
SVI-BLK,35,1,n-zoroark,N's Zoroark,17,60,50,17,51.71,dragapult-charizard,Dragapult Charizard,2,50.0,1,1,0,overall,2026-10-09T06:48:23.658801+00:00,nein,abfrage
SVI-BLK,35,1,n-zoroark,N's Zoroark,17,60,50,17,51.71,tera-box,Tera Box,2,100.0,2,0,0,overall,2026-10-09T06:48:23.658801+00:00,nein,abfrage
SVI-BLK,35,1,n-zoroark,N's Zoroark,17,60,50,17,51.71,festival-lead,Festival Lead,1,100.0,1,0,0,overall,2026-10-09T06:48:23.658801+00:00,nein,abfrage
SVI-BLK,35,1,n-zoroark,N's Zoroark,17,60,50,17,51.71,crustle-dri,Crustle,1,100.0,1,0,0,overall,2026-10-09T06:48:23.658801+00:00,nein,abfrage
SVI-BLK,35,1,n-zoroark,N's Zoroark,17,60,50,17,51.71,dragapult-iron-thorns,Dragapult Iron Thorns,1,100.0,1,0,0,overall,2026-10-09T06:48:23.658801+00:00,nein,abfrage
SVI-BLK,35,1,n-zoroark,N's Zoroark,17,60,50,17,51.71,farigiraf-milotic,Farigiraf Milotic,1,33.33,0,0,1,overall,2026-10-09T06:48:23.658801+00:00,nein,abfrage
SVI-BLK,35,1,n-zoroark,N's Zoroark,17,60,50,17,51.71,charizard-dragapult,Charizard Dragapult,1,0.0,0,1,0,overall,2026-10-09T06:48:23.658801+00:00,nein,abfrage
SVI-BLK,35,1,n-zoroark,N's Zoroark,17,60,50,17,51.71,slaking-ex,Slaking,1,0.0,0,1,0,overall,2026-10-09T06:48:23.658801+00:00,nein,abfrage
SVI-BLK,35,1,n-zoroark,N's Zoroark,17,60,50,17,51.71,gardevoir-jellicent,Gardevoir Jellicent,1,100.0,1,0,0,overall,2026-10-09T06:48:23.658801+00:00,nein,abfrage
SVI-BLK,35,1,n-zoroark,N's Zoroark,17,60,50,17,51.71,gholdengo-dudunsparce,Gholdengo Dudunsparce,1,100.0,1,0,0,overall,2026-10-09T06:48:23.658801+00:00,nein,abfrage
SVI-BLK,35,1,other,Other,1,2,2,2,44.44,dragapult-dusknoir,Dragapult Dusknoir,1,33.33,0,0,1,overall,2026-10-09T06:48:25.420068+00:00,nein,abfrage
SVI-BLK,35,1,other,Other,1,2,2,2,44.44,gholdengo-joltik-box,Gholdengo Joltik Box,1,100.0,1,0,0,overall,2026-10-09T06:48:25.420068+00:00,nein,abfrage
SVI-BLK,35,1,other,Other,1,2,2,2,44.44,tera-box,Tera Box,1,0.0,0,1,0,overall,2026-10-09T06:48:25.420068+00:00,nein,abfrage
SVI-BLK,35,1,other,Other,1,2,2,2,44.44,gholdengo-ex,Gholdengo,1,100.0,1,0,0,overall,2026-10-09T06:48:25.420068+00:00,nein,abfrage
SVI-BLK,35,1,other,Other,1,2,2,2,44.44,gardevoir-jellicent,Gardevoir Jellicent,1,33.33,0,0,1,overall,2026-10-09T06:48:25.420068+00:00,nein,abfrage
SVI-BLK,35,1,other,Other,1,2,2,2,44.44,toedscruel-ex,Toedscruel,1,0.0,0,1,0,overall,2026-10-09T06:48:25.420068+00:00,nein,abfrage
SVI-BLK,35,1,pidgeot-control,Pidgeot Control,2,5,7,2,40.48,gholdengo-ex,Gholdengo,4,33.33,1,2,1,overall,2026-10-09T06:48:27.194289+00:00,nein,abfrage
SVI-BLK,35,1,pidgeot-control,Pidgeot Control,2,5,7,2,40.48,dragapult-dusknoir,Dragapult Dusknoir,3,66.67,2,1,0,overall,2026-10-09T06:48:27.194289+00:00,nein,abfrage
SVI-BLK,35,1,pidgeot-control,Pidgeot Control,2,5,7,2,40.48,charizard-pidgeot,Charizard Pidgeot,3,33.33,1,2,0,overall,2026-10-09T06:48:27.194289+00:00,nein,abfrage
SVI-BLK,35,1,pidgeot-control,Pidgeot Control,2,5,7,2,40.48,flareon-noctowl,Flareon Noctowl,1,33.33,0,0,1,overall,2026-10-09T06:48:27.194289+00:00,nein,abfrage
SVI-BLK,35,1,pidgeot-control,Pidgeot Control,2,5,7,2,40.48,dragapult-ex,Dragapult,1,0.0,0,1,0,overall,2026-10-09T06:48:27.194289+00:00,nein,abfrage
SVI-BLK,35,1,pidgeot-control,Pidgeot Control,2,5,7,2,40.48,raging-bolt-ogerpon,Raging Bolt Ogerpon,1,0.0,0,1,0,overall,2026-10-09T06:48:27.194289+00:00,nein,abfrage
SVI-BLK,35,1,pidgeot-control,Pidgeot Control,2,5,7,2,40.48,gardevoir-ex-sv,Gardevoir,1,100.0,1,0,0,overall,2026-10-09T06:48:27.194289+00:00,nein,abfrage
SVI-BLK,35,1,raging-bolt-ogerpon,Raging Bolt Ogerpon,72,260,256,71,48.32,gholdengo-ex,Gholdengo,131,48.6,61,62,8,overall,2026-10-09T06:48:28.960260+00:00,nein,abfrage
SVI-BLK,35,1,raging-bolt-ogerpon,Raging Bolt Ogerpon,72,260,256,71,48.32,dragapult-dusknoir,Dragapult Dusknoir,99,41.41,37,50,12,overall,2026-10-09T06:48:28.960260+00:00,nein,abfrage
SVI-BLK,35,1,raging-bolt-ogerpon,Raging Bolt Ogerpon,72,260,256,71,48.32,gardevoir-ex-sv,Gardevoir,66,41.41,26,36,4,overall,2026-10-09T06:48:28.960260+00:00,nein,abfrage
SVI-BLK,35,1,raging-bolt-ogerpon,Raging Bolt Ogerpon,72,260,256,71,48.32,raging-bolt-ogerpon,Raging Bolt Ogerpon,40,45.83,30,30,20,overall,2026-10-09T06:48:28.960260+00:00,ja,abfrage
SVI-BLK,35,1,raging-bolt-ogerpon,Raging Bolt Ogerpon,72,260,256,71,48.32,grimmsnarl-froslass,Grimmsnarl Froslass,31,55.91,15,9,7,overall,2026-10-09T06:48:28.960260+00:00,nein,abfrage
SVI-BLK,35,1,raging-bolt-ogerpon,Raging Bolt Ogerpon,72,260,256,71,48.32,joltik-box,Joltik Box,28,65.48,17,7,4,overall,2026-10-09T06:48:28.960260+00:00,nein,abfrage
SVI-BLK,35,1,raging-bolt-ogerpon,Raging Bolt Ogerpon,72,260,256,71,48.32,flareon-noctowl,Flareon Noctowl,25,42.67,10,13,2,overall,2026-10-09T06:48:28.960260+00:00,nein,abfrage
SVI-BLK,35,1,raging-bolt-ogerpon,Raging Bolt Ogerpon,72,260,256,71,48.32,charizard-pidgeot,Charizard Pidgeot,24,45.83,10,11,3,overall,2026-10-09T06:48:28.960260+00:00,nein,abfrage
SVI-BLK,35,1,raging-bolt-ogerpon,Raging Bolt Ogerpon,72,260,256,71,48.32,dragapult-ex,Dragapult,17,43.14,7,9,1,overall,2026-10-09T06:48:28.960260+00:00,nein,abfrage
SVI-BLK,35,1,raging-bolt-ogerpon,Raging Bolt Ogerpon,72,260,256,71,48.32,n-zoroark,N's Zoroark,10,53.33,4,2,4,overall,2026-10-09T06:48:28.960260+00:00,nein,abfrage
SVI-BLK,35,1,raging-bolt-ogerpon,Raging Bolt Ogerpon,72,260,256,71,48.32,dragapult-charizard,Dragapult Charizard,10,63.33,6,3,1,overall,2026-10-09T06:48:28.960260+00:00,nein,abfrage
SVI-BLK,35,1,raging-bolt-ogerpon,Raging Bolt Ogerpon,72,260,256,71,48.32,gardevoir-jellicent,Gardevoir Jellicent,9,40.74,3,4,2,overall,2026-10-09T06:48:28.960260+00:00,nein,abfrage
SVI-BLK,35,1,raging-bolt-ogerpon,Raging Bolt Ogerpon,72,260,256,71,48.32,gholdengo-joltik-box,Gholdengo Joltik Box,9,37.04,3,5,1,overall,2026-10-09T06:48:28.960260+00:00,nein,abfrage
SVI-BLK,35,1,raging-bolt-ogerpon,Raging Bolt Ogerpon,72,260,256,71,48.32,crustle-dri,Crustle,6,66.67,4,2,0,overall,2026-10-09T06:48:28.960260+00:00,nein,abfrage
SVI-BLK,35,1,raging-bolt-ogerpon,Raging Bolt Ogerpon,72,260,256,71,48.32,ethan-typhlosion,Ethan's Typhlosion,3,44.44,1,1,1,overall,2026-10-09T06:48:28.960260+00:00,nein,abfrage
SVI-BLK,35,1,raging-bolt-ogerpon,Raging Bolt Ogerpon,72,260,256,71,48.32,iron-hands-magneton,Iron Hands Magneton,3,66.67,2,1,0,overall,2026-10-09T06:48:28.960260+00:00,nein,abfrage
SVI-BLK,35,1,raging-bolt-ogerpon,Raging Bolt Ogerpon,72,260,256,71,48.32,charizard-dusknoir,Charizard Dusknoir,3,100.0,3,0,0,overall,2026-10-09T06:48:28.960260+00:00,nein,abfrage
SVI-BLK,35,1,raging-bolt-ogerpon,Raging Bolt Ogerpon,72,260,256,71,48.32,ho-oh-armarouge,Ho-Oh Armarouge,3,33.33,1,2,0,overall,2026-10-09T06:48:28.960260+00:00,nein,abfrage
SVI-BLK,35,1,raging-bolt-ogerpon,Raging Bolt Ogerpon,72,260,256,71,48.32,miraidon-eelektrik,Miraidon Eelektrik,3,33.33,1,2,0,overall,2026-10-09T06:48:28.960260+00:00,nein,abfrage
SVI-BLK,35,1,raging-bolt-ogerpon,Raging Bolt Ogerpon,72,260,256,71,48.32,charizard-dragapult,Charizard Dragapult,3,100.0,3,0,0,overall,2026-10-09T06:48:28.960260+00:00,nein,abfrage
SVI-BLK,35,1,raging-bolt-ogerpon,Raging Bolt Ogerpon,72,260,256,71,48.32,marnie-grimmsnarl-ex,Marnie's Grimmsnarl,2,100.0,2,0,0,overall,2026-10-09T06:48:28.960260+00:00,nein,abfrage
SVI-BLK,35,1,raging-bolt-ogerpon,Raging Bolt Ogerpon,72,260,256,71,48.32,farigiraf-milotic,Farigiraf Milotic,2,50.0,1,1,0,overall,2026-10-09T06:48:28.960260+00:00,nein,abfrage
SVI-BLK,35,1,raging-bolt-ogerpon,Raging Bolt Ogerpon,72,260,256,71,48.32,froslass-munkidori,Froslass Munkidori,2,16.67,0,1,1,overall,2026-10-09T06:48:28.960260+00:00,nein,abfrage
SVI-BLK,35,1,raging-bolt-ogerpon,Raging Bolt Ogerpon,72,260,256,71,48.32,ceruledge-ex,Ceruledge,2,50.0,1,1,0,overall,2026-10-09T06:48:28.960260+00:00,nein,abfrage
SVI-BLK,35,1,raging-bolt-ogerpon,Raging Bolt Ogerpon,72,260,256,71,48.32,miraidon-ex,Miraidon,2,50.0,1,1,0,overall,2026-10-09T06:48:28.960260+00:00,nein,abfrage
SVI-BLK,35,1,raging-bolt-ogerpon,Raging Bolt Ogerpon,72,260,256,71,48.32,blissey-ex,Blissey,2,50.0,1,1,0,overall,2026-10-09T06:48:28.960260+00:00,nein,abfrage
SVI-BLK,35,1,raging-bolt-ogerpon,Raging Bolt Ogerpon,72,260,256,71,48.32,roaring-moon-ex,Roaring Moon,2,100.0,2,0,0,overall,2026-10-09T06:48:28.960260+00:00,nein,abfrage
SVI-BLK,35,1,raging-bolt-ogerpon,Raging Bolt Ogerpon,72,260,256,71,48.32,spidops-ex,Spidops,2,100.0,2,0,0,overall,2026-10-09T06:48:28.960260+00:00,nein,abfrage
SVI-BLK,35,1,raging-bolt-ogerpon,Raging Bolt Ogerpon,72,260,256,71,48.32,pidgeot-control,Pidgeot Control,1,100.0,1,0,0,overall,2026-10-09T06:48:28.960260+00:00,nein,abfrage
SVI-BLK,35,1,raging-bolt-ogerpon,Raging Bolt Ogerpon,72,260,256,71,48.32,tera-box,Tera Box,1,0.0,0,1,0,overall,2026-10-09T06:48:28.960260+00:00,nein,abfrage
SVI-BLK,35,1,raging-bolt-ogerpon,Raging Bolt Ogerpon,72,260,256,71,48.32,dragapult-iron-thorns,Dragapult Iron Thorns,1,100.0,1,0,0,overall,2026-10-09T06:48:28.960260+00:00,nein,abfrage
SVI-BLK,35,1,raging-bolt-ogerpon,Raging Bolt Ogerpon,72,260,256,71,48.32,hop-zacian,Hop's Zacian,1,100.0,1,0,0,overall,2026-10-09T06:48:28.960260+00:00,nein,abfrage
SVI-BLK,35,1,roaring-moon-dudunsparce,Roaring Moon Dudunsparce,1,3,5,0,37.5,dragapult-dusknoir,Dragapult Dusknoir,4,0.0,0,4,0,overall,2026-10-09T06:48:30.705643+00:00,nein,abfrage
SVI-BLK,35,1,roaring-moon-dudunsparce,Roaring Moon Dudunsparce,1,3,5,0,37.5,iron-hands-magneton,Iron Hands Magneton,1,0.0,0,1,0,overall,2026-10-09T06:48:30.705643+00:00,nein,abfrage
SVI-BLK,35,1,roaring-moon-dudunsparce,Roaring Moon Dudunsparce,1,3,5,0,37.5,flareon-noctowl,Flareon Noctowl,1,100.0,1,0,0,overall,2026-10-09T06:48:30.705643+00:00,nein,abfrage
SVI-BLK,35,1,roaring-moon-dudunsparce,Roaring Moon Dudunsparce,1,3,5,0,37.5,gholdengo-ex,Gholdengo,1,100.0,1,0,0,overall,2026-10-09T06:48:30.705643+00:00,nein,abfrage
SVI-BLK,35,1,roaring-moon-dudunsparce,Roaring Moon Dudunsparce,1,3,5,0,37.5,crustle-dri,Crustle,1,100.0,1,0,0,overall,2026-10-09T06:48:30.705643+00:00,nein,abfrage
SVI-BLK,35,1,roaring-moon-ex,Roaring Moon,1,1,7,0,12.5,raging-bolt-ogerpon,Raging Bolt Ogerpon,2,0.0,0,2,0,overall,2026-10-09T06:48:32.487668+00:00,nein,abfrage
SVI-BLK,35,1,roaring-moon-ex,Roaring Moon,1,1,7,0,12.5,dragapult-blaziken,Dragapult Blaziken,1,0.0,0,1,0,overall,2026-10-09T06:48:32.487668+00:00,nein,abfrage
SVI-BLK,35,1,roaring-moon-ex,Roaring Moon,1,1,7,0,12.5,flareon-noctowl,Flareon Noctowl,1,0.0,0,1,0,overall,2026-10-09T06:48:32.487668+00:00,nein,abfrage
SVI-BLK,35,1,roaring-moon-ex,Roaring Moon,1,1,7,0,12.5,joltik-box,Joltik Box,1,0.0,0,1,0,overall,2026-10-09T06:48:32.487668+00:00,nein,abfrage
SVI-BLK,35,1,roaring-moon-ex,Roaring Moon,1,1,7,0,12.5,dragapult-dusknoir,Dragapult Dusknoir,1,0.0,0,1,0,overall,2026-10-09T06:48:32.487668+00:00,nein,abfrage
SVI-BLK,35,1,roaring-moon-ex,Roaring Moon,1,1,7,0,12.5,gholdengo-ex,Gholdengo,1,0.0,0,1,0,overall,2026-10-09T06:48:32.487668+00:00,nein,abfrage
SVI-BLK,35,1,slaking-ex,Slaking,1,4,2,2,58.33,gholdengo-ex,Gholdengo,2,50.0,1,1,0,overall,2026-10-09T06:48:34.239041+00:00,nein,abfrage
SVI-BLK,35,1,slaking-ex,Slaking,1,4,2,2,58.33,gardevoir-ex-sv,Gardevoir,2,66.67,1,0,1,overall,2026-10-09T06:48:34.239041+00:00,nein,abfrage
SVI-BLK,35,1,slaking-ex,Slaking,1,4,2,2,58.33,joltik-box,Joltik Box,2,66.67,1,0,1,overall,2026-10-09T06:48:34.239041+00:00,nein,abfrage
SVI-BLK,35,1,slaking-ex,Slaking,1,4,2,2,58.33,n-zoroark,N's Zoroark,1,100.0,1,0,0,overall,2026-10-09T06:48:34.239041+00:00,nein,abfrage
SVI-BLK,35,1,slaking-ex,Slaking,1,4,2,2,58.33,dragapult-ex,Dragapult,1,0.0,0,1,0,overall,2026-10-09T06:48:34.239041+00:00,nein,abfrage
SVI-BLK,35,1,slowking-scr,Slowking,1,4,3,1,54.17,gholdengo-ex,Gholdengo,2,16.67,0,1,1,overall,2026-10-09T06:48:35.995848+00:00,nein,abfrage
SVI-BLK,35,1,slowking-scr,Slowking,1,4,3,1,54.17,dragapult-dusknoir,Dragapult Dusknoir,2,50.0,1,1,0,overall,2026-10-09T06:48:35.995848+00:00,nein,abfrage
SVI-BLK,35,1,slowking-scr,Slowking,1,4,3,1,54.17,ethan-typhlosion,Ethan's Typhlosion,1,100.0,1,0,0,overall,2026-10-09T06:48:35.995848+00:00,nein,abfrage
SVI-BLK,35,1,slowking-scr,Slowking,1,4,3,1,54.17,dragapult-ex,Dragapult,1,0.0,0,1,0,overall,2026-10-09T06:48:35.995848+00:00,nein,abfrage
SVI-BLK,35,1,slowking-scr,Slowking,1,4,3,1,54.17,gardevoir-ex-sv,Gardevoir,1,100.0,1,0,0,overall,2026-10-09T06:48:35.995848+00:00,nein,abfrage
SVI-BLK,35,1,slowking-scr,Slowking,1,4,3,1,54.17,grimmsnarl-froslass,Grimmsnarl Froslass,1,100.0,1,0,0,overall,2026-10-09T06:48:35.995848+00:00,nein,abfrage
SVI-BLK,35,1,spidops-ex,Spidops,4,9,16,4,35.63,gholdengo-ex,Gholdengo,6,72.22,4,1,1,overall,2026-10-09T06:48:37.758247+00:00,nein,abfrage
SVI-BLK,35,1,spidops-ex,Spidops,4,9,16,4,35.63,dragapult-dusknoir,Dragapult Dusknoir,6,0.0,0,6,0,overall,2026-10-09T06:48:37.758247+00:00,nein,abfrage
SVI-BLK,35,1,spidops-ex,Spidops,4,9,16,4,35.63,dragapult-ex,Dragapult,3,11.11,0,2,1,overall,2026-10-09T06:48:37.758247+00:00,nein,abfrage
SVI-BLK,35,1,spidops-ex,Spidops,4,9,16,4,35.63,flareon-noctowl,Flareon Noctowl,3,66.67,2,1,0,overall,2026-10-09T06:48:37.758247+00:00,nein,abfrage
SVI-BLK,35,1,spidops-ex,Spidops,4,9,16,4,35.63,joltik-box,Joltik Box,2,33.33,0,0,2,overall,2026-10-09T06:48:37.758247+00:00,nein,abfrage
SVI-BLK,35,1,spidops-ex,Spidops,4,9,16,4,35.63,raging-bolt-ogerpon,Raging Bolt Ogerpon,2,0.0,0,2,0,overall,2026-10-09T06:48:37.758247+00:00,nein,abfrage
SVI-BLK,35,1,spidops-ex,Spidops,4,9,16,4,35.63,gholdengo-joltik-box,Gholdengo Joltik Box,1,0.0,0,1,0,overall,2026-10-09T06:48:37.758247+00:00,nein,abfrage
SVI-BLK,35,1,spidops-ex,Spidops,4,9,16,4,35.63,ho-oh-armarouge,Ho-Oh Armarouge,1,0.0,0,1,0,overall,2026-10-09T06:48:37.758247+00:00,nein,abfrage
SVI-BLK,35,1,spidops-ex,Spidops,4,9,16,4,35.63,crustle-dri,Crustle,1,0.0,0,1,0,overall,2026-10-09T06:48:37.758247+00:00,nein,abfrage
SVI-BLK,35,1,spidops-ex,Spidops,4,9,16,4,35.63,gardevoir-ex-sv,Gardevoir,1,100.0,1,0,0,overall,2026-10-09T06:48:37.758247+00:00,nein,abfrage
SVI-BLK,35,1,spidops-ex,Spidops,4,9,16,4,35.63,grimmsnarl-froslass,Grimmsnarl Froslass,1,100.0,1,0,0,overall,2026-10-09T06:48:37.758247+00:00,nein,abfrage
SVI-BLK,35,1,spidops-ex,Spidops,4,9,16,4,35.63,charizard-pidgeot,Charizard Pidgeot,1,100.0,1,0,0,overall,2026-10-09T06:48:37.758247+00:00,nein,abfrage
SVI-BLK,35,1,tera-box,Tera Box,8,30,26,3,52.54,gholdengo-ex,Gholdengo,22,62.12,13,7,2,overall,2026-10-09T06:48:39.525700+00:00,nein,abfrage
SVI-BLK,35,1,tera-box,Tera Box,8,30,26,3,52.54,dragapult-dusknoir,Dragapult Dusknoir,8,50.0,4,4,0,overall,2026-10-09T06:48:39.525700+00:00,nein,abfrage
SVI-BLK,35,1,tera-box,Tera Box,8,30,26,3,52.54,dragapult-ex,Dragapult,5,40.0,2,3,0,overall,2026-10-09T06:48:39.525700+00:00,nein,abfrage
SVI-BLK,35,1,tera-box,Tera Box,8,30,26,3,52.54,gardevoir-ex-sv,Gardevoir,4,33.33,1,2,1,overall,2026-10-09T06:48:39.525700+00:00,nein,abfrage
SVI-BLK,35,1,tera-box,Tera Box,8,30,26,3,52.54,grimmsnarl-froslass,Grimmsnarl Froslass,3,66.67,2,1,0,overall,2026-10-09T06:48:39.525700+00:00,nein,abfrage
SVI-BLK,35,1,tera-box,Tera Box,8,30,26,3,52.54,n-zoroark,N's Zoroark,2,0.0,0,2,0,overall,2026-10-09T06:48:39.525700+00:00,nein,abfrage
SVI-BLK,35,1,tera-box,Tera Box,8,30,26,3,52.54,dragapult-blaziken,Dragapult Blaziken,2,100.0,2,0,0,overall,2026-10-09T06:48:39.525700+00:00,nein,abfrage
SVI-BLK,35,1,tera-box,Tera Box,8,30,26,3,52.54,ethan-typhlosion,Ethan's Typhlosion,1,0.0,0,1,0,overall,2026-10-09T06:48:39.525700+00:00,nein,abfrage
SVI-BLK,35,1,tera-box,Tera Box,8,30,26,3,52.54,flareon-noctowl,Flareon Noctowl,1,100.0,1,0,0,overall,2026-10-09T06:48:39.525700+00:00,nein,abfrage
SVI-BLK,35,1,tera-box,Tera Box,8,30,26,3,52.54,dragapult-charizard,Dragapult Charizard,1,100.0,1,0,0,overall,2026-10-09T06:48:39.525700+00:00,nein,abfrage
SVI-BLK,35,1,tera-box,Tera Box,8,30,26,3,52.54,tera-box,Tera Box,1,50.0,1,1,0,overall,2026-10-09T06:48:39.525700+00:00,ja,abfrage
SVI-BLK,35,1,tera-box,Tera Box,8,30,26,3,52.54,other,Other,1,100.0,1,0,0,overall,2026-10-09T06:48:39.525700+00:00,nein,abfrage
SVI-BLK,35,1,tera-box,Tera Box,8,30,26,3,52.54,charizard-pidgeot,Charizard Pidgeot,1,0.0,0,1,0,overall,2026-10-09T06:48:39.525700+00:00,nein,abfrage
SVI-BLK,35,1,tera-box,Tera Box,8,30,26,3,52.54,gardevoir-jellicent,Gardevoir Jellicent,1,0.0,0,1,0,overall,2026-10-09T06:48:39.525700+00:00,nein,abfrage
SVI-BLK,35,1,tera-box,Tera Box,8,30,26,3,52.54,archaludon-ex,Archaludon,1,0.0,0,1,0,overall,2026-10-09T06:48:39.525700+00:00,nein,abfrage
SVI-BLK,35,1,tera-box,Tera Box,8,30,26,3,52.54,raging-bolt-ogerpon,Raging Bolt Ogerpon,1,100.0,1,0,0,overall,2026-10-09T06:48:39.525700+00:00,nein,abfrage
SVI-BLK,35,1,tera-box,Tera Box,8,30,26,3,52.54,iron-hands-magneton,Iron Hands Magneton,1,0.0,0,1,0,overall,2026-10-09T06:48:39.525700+00:00,nein,abfrage
SVI-BLK,35,1,tera-box,Tera Box,8,30,26,3,52.54,charizard-dragapult,Charizard Dragapult,1,100.0,1,0,0,overall,2026-10-09T06:48:39.525700+00:00,nein,abfrage
SVI-BLK,35,1,toedscruel-ex,Toedscruel,1,3,2,2,52.38,gholdengo-ex,Gholdengo,3,77.78,2,0,1,overall,2026-10-09T06:48:41.291827+00:00,nein,abfrage
SVI-BLK,35,1,toedscruel-ex,Toedscruel,1,3,2,2,52.38,gardevoir-ex-sv,Gardevoir,3,11.11,0,2,1,overall,2026-10-09T06:48:41.291827+00:00,nein,abfrage
SVI-BLK,35,1,toedscruel-ex,Toedscruel,1,3,2,2,52.38,other,Other,1,100.0,1,0,0,overall,2026-10-09T06:48:41.291827+00:00,nein,abfrage
