tournament_id,tournament_name,tournament_date,tournament_type,country,total_players,meta,deck_name,deck_slug,pokemon,player_count,share_pct,wins,losses,ties,win_pct,top8_conv_rate,top16_conv_rate,top32_conv_rate,day1_players,day1_share_pct,day1_wins,day1_losses,day1_ties,day1_win_pct,day2_players,day2_share_pct,day2_wins,day2_losses,day2_ties,day2_win_pct,day1_to_day2_conv,scraped_at
0025,Regional Championship Atlanta,2025-04-12,regional,,2671,SVI-JTG,Raging Bolt Ogerpon,raging-bolt-ogerpon,"raging-bolt, ogerpon",313,11.72,888,1033,368,44.15,0.0,0.0,0.0,313,11.7185,866,993,358,44.4444,19,6.9853,22,40,10,35.1852,0.0607,2026-05-25 12:38:08
0025,Regional Championship Atlanta,2025-04-12,regional,,2671,SVI-JTG,Dragapult Dusknoir,dragapult-dusknoir,"dragapult, dusknoir",308,11.53,1073,1001,369,48.96,0.0,0.0,0.0,308,11.5313,979,945,341,48.2414,43,15.8088,94,56,28,58.0524,0.1396,2026-05-25 12:38:08
0025,Regional Championship Atlanta,2025-04-12,regional,,2671,SVI-JTG,Terapagos Noctowl,terapagos-noctowl,"terapagos, noctowl",277,10.37,1033,868,409,50.62,0.0,0.0,0.0,277,10.3706,985,808,390,51.0765,33,12.1324,48,60,19,42.7822,0.1191,2026-05-25 12:38:08
0025,Regional Championship Atlanta,2025-04-12,regional,,2671,SVI-JTG,Tera Box,tera-box,"noctowl, ogerpon-wellspring",275,10.3,898,933,301,46.83,0.0,0.0,0.0,275,10.2958,871,894,291,47.0817,19,6.9853,27,39,10,39.9123,0.0691,2026-05-25 12:38:08
0025,Regional Championship Atlanta,2025-04-12,regional,,2671,SVI-JTG,Gholdengo Dudunsparce,gholdengo-dudunsparce,"gholdengo, dudunsparce",219,8.2,780,705,290,49.39,0.0,0.0,0.0,219,8.1992,738,657,272,49.7101,27,9.9265,42,48,18,44.4444,0.1233,2026-05-25 12:38:08
0025,Regional Championship Atlanta,2025-04-12,regional,,2671,SVI-JTG,Gardevoir,gardevoir-ex-sv,gardevoir,152,5.69,539,451,241,50.31,0.0,0.0,0.0,152,5.6908,497,415,226,50.2929,22,8.0882,42,36,15,50.5376,0.1447,2026-05-25 12:38:08
0025,Regional Championship Atlanta,2025-04-12,regional,,2671,SVI-JTG,Dragapult,dragapult-ex,dragapult,114,4.27,533,352,177,55.74,0.0,0.0,0.0,114,4.2681,467,306,153,55.9395,32,11.7647,66,46,24,54.4118,0.2807,2026-05-25 12:38:08
0025,Regional Championship Atlanta,2025-04-12,regional,,2671,SVI-JTG,Gholdengo,gholdengo-ex,gholdengo,105,3.93,416,350,119,51.49,0.0,0.0,0.0,105,3.9311,393,323,112,51.9726,14,5.1471,23,27,7,44.4444,0.1333,2026-05-25 12:38:08
0025,Regional Championship Atlanta,2025-04-12,regional,,2671,SVI-JTG,Poison Archaludon,poison-archaludon,"archaludon, brute-bonnet",81,3.03,305,262,102,50.67,0.0,0.0,0.0,81,3.0326,284,243,94,50.7783,12,4.4118,21,19,8,49.3056,0.1481,2026-05-25 12:38:08
0025,Regional Championship Atlanta,2025-04-12,regional,,2671,SVI-JTG,Flareon Noctowl,flareon-noctowl,"flareon, noctowl",72,2.7,253,231,84,49.47,0.0,0.0,0.0,72,2.6956,234,217,77,49.1793,10,3.6765,19,14,7,53.3333,0.1389,2026-05-25 12:38:08
0025,Regional Championship Atlanta,2025-04-12,regional,,2671,SVI-JTG,Archaludon,archaludon-ex,archaludon,68,2.55,187,234,83,42.59,0.0,0.0,0.0,68,2.5459,184,230,82,42.6075,2,0.7353,3,4,1,41.6667,0.0294,2026-05-25 12:38:08
0025,Regional Championship Atlanta,2025-04-12,regional,,2671,SVI-JTG,Gholdengo Dragapult,gholdengo-dragapult,"gholdengo, dragapult",61,2.28,224,192,67,51.0,0.0,0.0,0.0,61,2.2838,214,183,62,51.1256,6,2.2059,10,9,5,48.6111,0.0984,2026-05-25 12:38:08
0025,Regional Championship Atlanta,2025-04-12,regional,,2671,SVI-JTG,Hop's Zacian,hop-zacian,"zacian-crowned, snorlax",50,1.87,101,184,59,35.08,0.0,0.0,0.0,50,1.872,101,182,57,35.2941,1,0.3676,0,2,2,16.6667,0.02,2026-05-25 12:38:08
0025,Regional Championship Atlanta,2025-04-12,regional,,2671,SVI-JTG,N's Zoroark,n-zoroark,"zoroark, darmanitan",50,1.87,134,157,84,43.2,0.0,0.0,0.0,50,1.872,125,150,80,42.723,5,1.8382,9,7,4,51.6667,0.1,2026-05-25 12:38:08
0025,Regional Championship Atlanta,2025-04-12,regional,,2671,SVI-JTG,Milotic Farigiraf,milotic-farigiraf,"milotic, farigiraf",33,1.24,97,120,35,43.12,0.0,0.0,0.0,33,1.2355,97,120,35,43.1217,0,0.0,0,0,0,0.0,0.0,2026-05-25 12:38:08
0025,Regional Championship Atlanta,2025-04-12,regional,,2671,SVI-JTG,Archaludon Dudunsparce,archaludon-dudunsparce,"archaludon, dudunsparce",31,1.16,88,103,35,44.1,0.0,0.0,0.0,31,1.1606,88,103,35,44.1003,0,0.0,0,0,0,0.0,0.0,2026-05-25 12:38:08
0025,Regional Championship Atlanta,2025-04-12,regional,,2671,SVI-JTG,Charizard Noctowl,charizard-noctowl,"charizard, noctowl",30,1.12,109,101,38,49.06,0.0,0.0,0.0,30,1.1232,106,94,36,50.0,3,1.1029,3,7,2,30.5556,0.1,2026-05-25 12:38:08
0025,Regional Championship Atlanta,2025-04-12,regional,,2671,SVI-JTG,Dragapult Charizard,dragapult-charizard,"dragapult, charizard",29,1.09,87,112,27,42.48,0.0,0.0,0.0,29,1.0857,84,108,26,42.5076,2,0.7353,3,4,1,41.6667,0.069,2026-05-25 12:38:08
0025,Regional Championship Atlanta,2025-04-12,regional,,2671,SVI-JTG,Charizard Pidgeot,charizard-pidgeot,"charizard, pidgeot",27,1.01,77,82,24,46.45,0.0,0.0,0.0,27,1.0109,74,82,23,45.6238,1,0.3676,3,0,1,83.3333,0.037,2026-05-25 12:38:08
0025,Regional Championship Atlanta,2025-04-12,regional,,2671,SVI-JTG,Archaludon Zoroark,archaludon-zoroark,"archaludon, zoroark",25,0.94,117,77,31,56.59,0.0,0.0,0.0,25,0.936,107,71,27,56.5854,5,1.8382,10,6,4,56.6667,0.2,2026-05-25 12:38:08
0025,Regional Championship Atlanta,2025-04-12,regional,,2671,SVI-JTG,Future Hands,iron-hands-ex,"iron-hands, iron-crown",25,0.94,58,91,35,37.86,0.0,0.0,0.0,25,0.936,58,91,35,37.8623,0,0.0,0,0,0,0.0,0.0,2026-05-25 12:38:08
0025,Regional Championship Atlanta,2025-04-12,regional,,2671,SVI-JTG,Other,other,substitute,25,0.94,35,95,19,27.74,0.0,0.0,0.0,25,0.936,35,95,19,27.7405,0,0.0,0,0,0,0.0,0.0,2026-05-25 12:38:08
0025,Regional Championship Atlanta,2025-04-12,regional,,2671,SVI-JTG,Ceruledge,ceruledge-ex,ceruledge,24,0.9,56,87,22,38.38,0.0,0.0,0.0,24,0.8985,56,87,22,38.3838,0,0.0,0,0,0,0.0,0.0,2026-05-25 12:38:08
0025,Regional Championship Atlanta,2025-04-12,regional,,2671,SVI-JTG,Feraligatr,feraligatr-tef,feraligatr,24,0.9,42,88,21,32.45,0.0,0.0,0.0,24,0.8985,42,88,21,32.4503,0,0.0,0,0,0,0.0,0.0,2026-05-25 12:38:08
0025,Regional Championship Atlanta,2025-04-12,regional,,2671,SVI-JTG,Mamoswine,mamoswine-ex,mamoswine,23,0.86,58,78,26,41.15,0.0,0.0,0.0,23,0.8611,58,74,26,42.1941,1,0.3676,0,4,0,0.0,0.0435,2026-05-25 12:38:08
0025,Regional Championship Atlanta,2025-04-12,regional,,2671,SVI-JTG,Froslass Munkidori,froslass-munkidori,"froslass, munkidori",21,0.79,55,61,31,44.44,0.0,0.0,0.0,21,0.7862,53,59,31,44.289,1,0.3676,2,2,0,50.0,0.0476,2026-05-25 12:38:08
0025,Regional Championship Atlanta,2025-04-12,regional,,2671,SVI-JTG,Slowking,slowking-scr,slowking,19,0.71,40,71,24,35.56,0.0,0.0,0.0,19,0.7113,38,66,23,35.958,2,0.7353,2,5,1,29.1667,0.1053,2026-05-25 12:38:08
0025,Regional Championship Atlanta,2025-04-12,regional,,2671,SVI-JTG,Roaring Moon,roaring-moon-ex,roaring-moon,17,0.64,60,54,34,48.2,0.0,0.0,0.0,17,0.6365,57,46,33,50.0,3,1.1029,3,8,1,27.7778,0.1765,2026-05-25 12:38:08
0025,Regional Championship Atlanta,2025-04-12,regional,,2671,SVI-JTG,Raging Bolt Bellibolt,reging-bolt-bellibolt,"raging-bolt, bellibolt",12,0.45,21,46,16,31.73,0.0,0.0,0.0,12,0.4493,21,46,16,31.7269,0,0.0,0,0,0,0.0,0.0,2026-05-25 12:38:08
0025,Regional Championship Atlanta,2025-04-12,regional,,2671,SVI-JTG,Hydreigon,hydreigon-ex,hydreigon,11,0.41,24,44,11,35.02,0.0,0.0,0.0,11,0.4118,24,44,11,35.0211,0,0.0,0,0,0,0.0,0.0,2026-05-25 12:38:08
0025,Regional Championship Atlanta,2025-04-12,regional,,2671,SVI-JTG,Dragapult Froslass,dragapult-froslass,"dragapult, froslass",9,0.34,47,30,12,57.3,0.0,0.0,0.0,9,0.337,42,26,9,58.4416,3,1.1029,5,4,3,50.0,0.3333,2026-05-25 12:38:08
0025,Regional Championship Atlanta,2025-04-12,regional,,2671,SVI-JTG,Hydrapple Ogerpon,hydrapple-ogerpon,"hydrapple, ogerpon",9,0.34,14,38,6,27.59,0.0,0.0,0.0,9,0.337,14,38,6,27.5862,0,0.0,0,0,0,0.0,0.0,2026-05-25 12:38:08
0025,Regional Championship Atlanta,2025-04-12,regional,,2671,SVI-JTG,Flareon,flareon-ex,flareon,8,0.3,20,32,6,37.93,0.0,0.0,0.0,8,0.2995,20,32,6,37.931,0,0.0,0,0,0,0.0,0.0,2026-05-25 12:38:08
0025,Regional Championship Atlanta,2025-04-12,regional,,2671,SVI-JTG,Joltik Box,joltik-box,"joltik, pikachu",8,0.3,27,28,10,46.67,0.0,0.0,0.0,8,0.2995,27,28,10,46.6667,0,0.0,0,0,0,0.0,0.0,2026-05-25 12:38:08
0025,Regional Championship Atlanta,2025-04-12,regional,,2671,SVI-JTG,Espathra Froslass,espathra-froslass,"espathra, froslass",7,0.26,33,24,8,54.87,0.0,0.0,0.0,7,0.2621,27,19,7,55.3459,3,1.1029,6,5,1,52.7778,0.4286,2026-05-25 12:38:08
0025,Regional Championship Atlanta,2025-04-12,regional,,2671,SVI-JTG,Dipplin,festival-lead,"dipplin, thwackey",5,0.19,6,15,6,29.63,0.0,0.0,0.0,5,0.1872,6,15,6,29.6296,0,0.0,0,0,0,0.0,0.0,2026-05-25 12:38:08
0025,Regional Championship Atlanta,2025-04-12,regional,,2671,SVI-JTG,Greninja Blaziken,greninja-blaziken,"greninja, blaziken",5,0.19,15,12,8,50.48,0.0,0.0,0.0,5,0.1872,13,11,7,49.4624,1,0.3676,2,1,1,58.3333,0.2,2026-05-25 12:38:08
0025,Regional Championship Atlanta,2025-04-12,regional,,2671,SVI-JTG,Miraidon,miraidon-ex,miraidon,5,0.19,6,18,2,25.64,0.0,0.0,0.0,5,0.1872,6,18,2,25.641,0,0.0,0,0,0,0.0,0.0,2026-05-25 12:38:08
0025,Regional Championship Atlanta,2025-04-12,regional,,2671,SVI-JTG,Palafin,palafin-ex,palafin-hero,5,0.19,11,16,5,39.58,0.0,0.0,0.0,5,0.1872,11,16,5,39.5833,0,0.0,0,0,0,0.0,0.0,2026-05-25 12:38:08
0025,Regional Championship Atlanta,2025-04-12,regional,,2671,SVI-JTG,Ancient Box,ancient-box,"roaring-moon, flutter-mane",4,0.15,9,18,1,33.33,0.0,0.0,0.0,4,0.1498,9,18,1,33.3333,0,0.0,0,0,0,0.0,0.0,2026-05-25 12:38:08
0025,Regional Championship Atlanta,2025-04-12,regional,,2671,SVI-JTG,Azumarill,azumarill-ssp,azumarill,4,0.15,9,19,3,32.26,0.0,0.0,0.0,4,0.1498,9,19,3,32.2581,0,0.0,0,0,0,0.0,0.0,2026-05-25 12:38:08
0025,Regional Championship Atlanta,2025-04-12,regional,,2671,SVI-JTG,Blissey,blissey-ex,blissey,4,0.15,16,13,7,50.93,0.0,0.0,0.0,4,0.1498,15,11,6,53.125,1,0.3676,1,2,1,33.3333,0.25,2026-05-25 12:38:08
0025,Regional Championship Atlanta,2025-04-12,regional,,2671,SVI-JTG,Charizard,charizard-ex,charizard,4,0.15,7,15,3,32.0,0.0,0.0,0.0,4,0.1498,7,15,3,32.0,0,0.0,0,0,0,0.0,0.0,2026-05-25 12:38:08
0025,Regional Championship Atlanta,2025-04-12,regional,,2671,SVI-JTG,Clefairy Ogerpon,clefairy-ogerpon,"clefairy, ogerpon",4,0.15,7,11,4,37.88,0.0,0.0,0.0,4,0.1498,7,11,4,37.8788,0,0.0,0,0,0,0.0,0.0,2026-05-25 12:38:08
0025,Regional Championship Atlanta,2025-04-12,regional,,2671,SVI-JTG,Dragapult Iron Thorns,dragapult-iron-thorns,"dragapult, iron-thorns",4,0.15,13,14,8,44.76,0.0,0.0,0.0,4,0.1498,13,14,8,44.7619,0,0.0,0,0,0,0.0,0.0,2026-05-25 12:38:08
0025,Regional Championship Atlanta,2025-04-12,regional,,2671,SVI-JTG,Dragapult Pidgeot,dragapult-pidgeot,"dragapult, pidgeot",4,0.15,13,10,9,50.0,0.0,0.0,0.0,4,0.1498,13,10,9,50.0,0,0.0,0,0,0,0.0,0.0,2026-05-25 12:38:08
0025,Regional Championship Atlanta,2025-04-12,regional,,2671,SVI-JTG,Greninja Froslass,greninja-froslass,"greninja, froslass",4,0.15,12,18,3,39.39,0.0,0.0,0.0,4,0.1498,12,18,3,39.3939,0,0.0,0,0,0,0.0,0.0,2026-05-25 12:38:08
0025,Regional Championship Atlanta,2025-04-12,regional,,2671,SVI-JTG,Iono's Bellibolt,iono-bellibolt,"bellibolt, voltorb",4,0.15,6,14,4,30.56,0.0,0.0,0.0,4,0.1498,6,14,4,30.5556,0,0.0,0,0,0,0.0,0.0,2026-05-25 12:38:08
0025,Regional Championship Atlanta,2025-04-12,regional,,2671,SVI-JTG,Iron Thorns,iron-thorns-ex,iron-thorns,4,0.15,13,14,3,46.67,0.0,0.0,0.0,4,0.1498,13,14,3,46.6667,0,0.0,0,0,0,0.0,0.0,2026-05-25 12:38:08
0025,Regional Championship Atlanta,2025-04-12,regional,,2671,SVI-JTG,Okidogi,okidogi-ex,okidogi,4,0.15,11,14,5,42.22,0.0,0.0,0.0,4,0.1498,11,14,5,42.2222,0,0.0,0,0,0,0.0,0.0,2026-05-25 12:38:08
0025,Regional Championship Atlanta,2025-04-12,regional,,2671,SVI-JTG,Espathra Xatu,espathra-xatu,"espathra, xatu",3,0.11,7,9,1,43.14,0.0,0.0,0.0,3,0.1123,7,9,1,43.1373,0,0.0,0,0,0,0.0,0.0,2026-05-25 12:38:08
0025,Regional Championship Atlanta,2025-04-12,regional,,2671,SVI-JTG,Gouging Fire,gouging-fire-ex,gouging-fire,3,0.11,16,9,3,60.71,0.0,0.0,0.0,3,0.1123,14,7,3,62.5,1,0.3676,2,2,0,50.0,0.3333,2026-05-25 12:38:08
0025,Regional Championship Atlanta,2025-04-12,regional,,2671,SVI-JTG,Greninja,greninja-ex,greninja,3,0.11,5,6,3,42.86,0.0,0.0,0.0,3,0.1123,5,6,3,42.8571,0,0.0,0,0,0,0.0,0.0,2026-05-25 12:38:08
0025,Regional Championship Atlanta,2025-04-12,regional,,2671,SVI-JTG,Mimikyu Ogerpon,mimikyu-ogerpon,"mimikyu, ogerpon-cornerstone",3,0.11,6,13,4,31.88,0.0,0.0,0.0,3,0.1123,6,13,4,31.8841,0,0.0,0,0,0,0.0,0.0,2026-05-25 12:38:08
0025,Regional Championship Atlanta,2025-04-12,regional,,2671,SVI-JTG,Pidgeot Control,pidgeot-control,pidgeot,3,0.11,6,13,3,31.82,0.0,0.0,0.0,3,0.1123,6,13,3,31.8182,0,0.0,0,0,0,0.0,0.0,2026-05-25 12:38:08
0025,Regional Championship Atlanta,2025-04-12,regional,,2671,SVI-JTG,Sinistcha Ogerpon,sinistcha-ogerpon,"sinistcha, ogerpon",3,0.11,2,9,3,21.43,0.0,0.0,0.0,3,0.1123,2,9,3,21.4286,0,0.0,0,0,0,0.0,0.0,2026-05-25 12:38:08
0025,Regional Championship Atlanta,2025-04-12,regional,,2671,SVI-JTG,Aegislash,aegislash-par,aegislash,2,0.07,5,6,1,44.44,0.0,0.0,0.0,2,0.0749,5,6,1,44.4444,0,0.0,0,0,0,0.0,0.0,2026-05-25 12:38:08
0025,Regional Championship Atlanta,2025-04-12,regional,,2671,SVI-JTG,Chien-Pao Baxcalibur,chien-pao-baxcalibur,"chien-pao, baxcalibur",2,0.07,0,6,0,0.0,0.0,0.0,0.0,2,0.0749,0,6,0,0.0,0,0.0,0,0,0,0.0,0.0,2026-05-25 12:38:08
0025,Regional Championship Atlanta,2025-04-12,regional,,2671,SVI-JTG,Conkeldurr,conkeldurr-twm,conkeldurr,2,0.07,11,7,0,61.11,0.0,0.0,0.0,2,0.0749,11,7,0,61.1111,0,0.0,0,0,0,0.0,0.0,2026-05-25 12:38:08
0025,Regional Championship Atlanta,2025-04-12,regional,,2671,SVI-JTG,Slaking,slaking-ex,slaking,2,0.07,4,11,1,27.08,0.0,0.0,0.0,2,0.0749,4,11,1,27.0833,0,0.0,0,0,0,0.0,0.0,2026-05-25 12:38:08
0025,Regional Championship Atlanta,2025-04-12,regional,,2671,SVI-JTG,Tinkaton,tinkaton-ex,tinkaton,2,0.07,4,8,2,33.33,0.0,0.0,0.0,2,0.0749,4,8,2,33.3333,0,0.0,0,0,0,0.0,0.0,2026-05-25 12:38:08
0025,Regional Championship Atlanta,2025-04-12,regional,,2671,SVI-JTG,Tyranitar,tyranitar-jtg,tyranitar,2,0.07,2,11,0,15.38,0.0,0.0,0.0,2,0.0749,2,11,0,15.3846,0,0.0,0,0,0,0.0,0.0,2026-05-25 12:38:08
0025,Regional Championship Atlanta,2025-04-12,regional,,2671,SVI-JTG,Banette,banette-ex-sv,banette,1,0.04,3,4,0,42.86,0.0,0.0,0.0,1,0.0374,3,4,0,42.8571,0,0.0,0,0,0,0.0,0.0,2026-05-25 12:38:08
0025,Regional Championship Atlanta,2025-04-12,regional,,2671,SVI-JTG,Blaziken,blaziken-ex-jtg,blaziken,1,0.04,1,3,1,26.67,0.0,0.0,0.0,1,0.0374,1,3,1,26.6667,0,0.0,0,0,0,0.0,0.0,2026-05-25 12:38:08
0025,Regional Championship Atlanta,2025-04-12,regional,,2671,SVI-JTG,Charizard Greninja,charizard-greninja,"charizard, greninja",1,0.04,3,6,0,33.33,0.0,0.0,0.0,1,0.0374,3,6,0,33.3333,0,0.0,0,0,0,0.0,0.0,2026-05-25 12:38:08
0025,Regional Championship Atlanta,2025-04-12,regional,,2671,SVI-JTG,Flygon,flygon-ex-ssp,flygon,1,0.04,1,4,1,22.22,0.0,0.0,0.0,1,0.0374,1,4,1,22.2222,0,0.0,0,0,0,0.0,0.0,2026-05-25 12:38:08
0025,Regional Championship Atlanta,2025-04-12,regional,,2671,SVI-JTG,Galvantula,galvantula-ex,galvantula,1,0.04,1,4,0,20.0,0.0,0.0,0.0,1,0.0374,1,4,0,20.0,0,0.0,0,0,0,0.0,0.0,2026-05-25 12:38:08
0025,Regional Championship Atlanta,2025-04-12,regional,,2671,SVI-JTG,Gengar,gengar-ex,gengar,1,0.04,0,7,2,7.41,0.0,0.0,0.0,1,0.0374,0,7,2,7.4074,0,0.0,0,0,0,0.0,0.0,2026-05-25 12:38:08
0025,Regional Championship Atlanta,2025-04-12,regional,,2671,SVI-JTG,Great Tusk Mill,great-tusk-tef,great-tusk,1,0.04,5,4,0,55.56,0.0,0.0,0.0,1,0.0374,5,4,0,55.5556,0,0.0,0,0,0,0.0,0.0,2026-05-25 12:38:08
0025,Regional Championship Atlanta,2025-04-12,regional,,2671,SVI-JTG,Future Thorns,iron-thorns-crown,"iron-thorns, iron-crown",1,0.04,1,6,2,18.52,0.0,0.0,0.0,1,0.0374,1,6,2,18.5185,0,0.0,0,0,0,0.0,0.0,2026-05-25 12:38:08
0025,Regional Championship Atlanta,2025-04-12,regional,,2671,SVI-JTG,Milotic,milotic-ex,milotic,1,0.04,1,5,0,16.67,0.0,0.0,0.0,1,0.0374,1,5,0,16.6667,0,0.0,0,0,0,0.0,0.0,2026-05-25 12:38:08
0025,Regional Championship Atlanta,2025-04-12,regional,,2671,SVI-JTG,Ogerpon,ogerpon-ex,"ogerpon, ogerpon-cornerstone",1,0.04,5,3,1,59.26,0.0,0.0,0.0,1,0.0374,5,3,1,59.2593,0,0.0,0,0,0,0.0,0.0,2026-05-25 12:38:08
0025,Regional Championship Atlanta,2025-04-12,regional,,2671,SVI-JTG,Okidogi,okidogi-twm,okidogi,1,0.04,3,5,1,37.04,0.0,0.0,0.0,1,0.0374,3,5,1,37.037,0,0.0,0,0,0,0.0,0.0,2026-05-25 12:38:08
0025,Regional Championship Atlanta,2025-04-12,regional,,2671,SVI-JTG,Raging Bolt,raging-bolt-ex,raging-bolt,1,0.04,0,4,2,11.11,0.0,0.0,0.0,1,0.0374,0,4,2,11.1111,0,0.0,0,0,0,0.0,0.0,2026-05-25 12:38:08
0025,Regional Championship Atlanta,2025-04-12,regional,,2671,SVI-JTG,Roaring Moon Dudunsparce,roaring-moon-dudunsparce,"roaring-moon, dudunsparce",1,0.04,3,5,1,37.04,0.0,0.0,0.0,1,0.0374,3,5,1,37.037,0,0.0,0,0,0,0.0,0.0,2026-05-25 12:38:08
0025,Regional Championship Atlanta,2025-04-12,regional,,2671,SVI-JTG,Tsareena,tsareena-ex,tsareena,1,0.04,1,4,4,25.93,0.0,0.0,0.0,1,0.0374,1,4,4,25.9259,0,0.0,0,0,0,0.0,0.0,2026-05-25 12:38:08
0025,Regional Championship Atlanta,2025-04-12,regional,,2671,SVI-JTG,Venomoth Froslass,venomoth-froslass,"venomoth, froslass",1,0.04,5,4,0,55.56,0.0,0.0,0.0,1,0.0374,5,4,0,55.5556,0,0.0,0,0,0,0.0,0.0,2026-05-25 12:38:08
0026,Regional Championship Monterrey,2025-04-19,regional,,1317,SVI-JTG,Dragapult Dusknoir,dragapult-dusknoir,"dragapult, dusknoir",263,19.97,763,885,429,43.62,0.0,0.0,0.0,263,19.9696,726,841,414,43.6143,24,11.7647,37,44,15,43.75,0.0913,2026-05-25 12:38:08
0026,Regional Championship Monterrey,2025-04-19,regional,,1317,SVI-JTG,Raging Bolt Ogerpon,raging-bolt-ogerpon,"raging-bolt, ogerpon",179,13.59,576,589,306,46.09,0.0,0.0,0.0,179,13.5915,534,532,280,46.6072,31,15.1961,42,57,26,40.5333,0.1732,2026-05-25 12:38:08
0026,Regional Championship Monterrey,2025-04-19,regional,,1317,SVI-JTG,Gardevoir,gardevoir-ex-sv,gardevoir,134,10.17,430,417,253,46.76,0.0,0.0,0.0,134,10.1746,390,389,233,46.2121,21,10.2941,40,28,20,53.0303,0.1567,2026-05-25 12:38:08
0026,Regional Championship Monterrey,2025-04-19,regional,,1317,SVI-JTG,Tera Box,tera-box,"noctowl, ogerpon-wellspring",105,7.97,351,332,173,47.74,0.0,0.0,0.0,105,7.9727,327,313,157,47.5951,14,6.8627,24,19,16,49.7175,0.1333,2026-05-25 12:38:08
0026,Regional Championship Monterrey,2025-04-19,regional,,1317,SVI-JTG,Gholdengo Dudunsparce,gholdengo-dudunsparce,"gholdengo, dudunsparce",63,4.78,215,189,128,48.43,0.0,0.0,0.0,63,4.7836,200,171,115,49.0398,12,5.8824,15,18,13,42.029,0.1905,2026-05-25 12:38:08
0026,Regional Championship Monterrey,2025-04-19,regional,,1317,SVI-JTG,Dragapult,dragapult-ex,dragapult,61,4.63,253,161,130,54.47,0.0,0.0,0.0,61,4.6317,212,134,118,54.1667,19,9.3137,41,27,12,56.25,0.3115,2026-05-25 12:38:08
0026,Regional Championship Monterrey,2025-04-19,regional,,1317,SVI-JTG,Poison Archaludon,poison-archaludon,"archaludon, brute-bonnet",48,3.64,180,140,90,51.22,0.0,0.0,0.0,48,3.6446,166,125,79,51.982,10,4.902,14,15,11,44.1667,0.2083,2026-05-25 12:38:08
0026,Regional Championship Monterrey,2025-04-19,regional,,1317,SVI-JTG,Gholdengo,gholdengo-ex,gholdengo,47,3.57,183,135,85,52.44,0.0,0.0,0.0,47,3.5687,165,118,76,53.0176,11,5.3922,18,17,9,47.7273,0.234,2026-05-25 12:38:08
0026,Regional Championship Monterrey,2025-04-19,regional,,1317,SVI-JTG,Terapagos Noctowl,terapagos-noctowl,"terapagos, noctowl",43,3.26,156,131,78,49.86,0.0,0.0,0.0,43,3.265,144,115,66,51.0769,10,4.902,12,16,12,40.0,0.2326,2026-05-25 12:38:08
0026,Regional Championship Monterrey,2025-04-19,regional,,1317,SVI-JTG,Gholdengo Dragapult,gholdengo-dragapult,"gholdengo, dragapult",39,2.96,151,123,80,50.19,0.0,0.0,0.0,39,2.9613,133,107,65,50.7104,11,5.3922,18,16,15,46.9388,0.2821,2026-05-25 12:38:08
0026,Regional Championship Monterrey,2025-04-19,regional,,1317,SVI-JTG,Archaludon,archaludon-ex,archaludon,26,1.97,82,79,51,46.7,0.0,0.0,0.0,26,1.9742,77,75,48,46.5,3,1.4706,5,4,3,50.0,0.1154,2026-05-25 12:38:08
0026,Regional Championship Monterrey,2025-04-19,regional,,1317,SVI-JTG,Hop's Zacian,hop-zacian,"zacian-crowned, snorlax",26,1.97,73,87,47,42.83,0.0,0.0,0.0,26,1.9742,71,85,47,42.6929,1,0.4902,2,2,0,50.0,0.0385,2026-05-25 12:38:08
0026,Regional Championship Monterrey,2025-04-19,regional,,1317,SVI-JTG,Flareon Noctowl,flareon-noctowl,"flareon, noctowl",23,1.75,90,74,38,50.83,0.0,0.0,0.0,23,1.7464,79,68,31,50.1873,6,2.9412,11,6,7,55.5556,0.2609,2026-05-25 12:38:08
0026,Regional Championship Monterrey,2025-04-19,regional,,1317,SVI-JTG,Dragapult Charizard,dragapult-charizard,"dragapult, charizard",21,1.59,57,78,32,40.52,0.0,0.0,0.0,21,1.5945,54,74,31,40.4612,2,0.9804,3,4,1,41.6667,0.0952,2026-05-25 12:38:08
0026,Regional Championship Monterrey,2025-04-19,regional,,1317,SVI-JTG,N's Zoroark,n-zoroark,"zoroark, darmanitan",20,1.52,59,57,43,46.12,0.0,0.0,0.0,20,1.5186,57,55,39,46.3576,2,0.9804,2,2,4,41.6667,0.1,2026-05-25 12:38:08
0026,Regional Championship Monterrey,2025-04-19,regional,,1317,SVI-JTG,Ceruledge,ceruledge-ex,ceruledge,19,1.44,51,78,22,38.63,0.0,0.0,0.0,19,1.4427,49,76,22,38.322,1,0.4902,2,2,0,50.0,0.0526,2026-05-25 12:38:08
0026,Regional Championship Monterrey,2025-04-19,regional,,1317,SVI-JTG,Charizard Noctowl,charizard-noctowl,"charizard, noctowl",19,1.44,45,68,27,38.57,0.0,0.0,0.0,19,1.4427,45,68,27,38.5714,0,0.0,0,0,0,0.0,0.0,2026-05-25 12:38:08
0026,Regional Championship Monterrey,2025-04-19,regional,,1317,SVI-JTG,Joltik Box,joltik-box,"joltik, pikachu",18,1.37,93,51,34,58.61,0.0,0.0,0.0,18,1.3667,75,40,29,58.7963,8,3.9216,18,11,5,57.8431,0.4444,2026-05-25 12:38:08
0026,Regional Championship Monterrey,2025-04-19,regional,,1317,SVI-JTG,Roaring Moon,roaring-moon-ex,roaring-moon,18,1.37,62,67,29,45.36,0.0,0.0,0.0,18,1.3667,59,59,24,47.1831,4,1.9608,3,8,5,29.1667,0.2222,2026-05-25 12:38:08
0026,Regional Championship Monterrey,2025-04-19,regional,,1317,SVI-JTG,Charizard Pidgeot,charizard-pidgeot,"charizard, pidgeot",15,1.14,40,63,20,37.94,0.0,0.0,0.0,15,1.139,39,57,19,39.4203,2,0.9804,1,6,1,16.6667,0.1333,2026-05-25 12:38:08
0026,Regional Championship Monterrey,2025-04-19,regional,,1317,SVI-JTG,Mamoswine,mamoswine-ex,mamoswine,15,1.14,36,63,22,35.81,0.0,0.0,0.0,15,1.139,35,60,22,36.1823,1,0.4902,1,3,0,25.0,0.0667,2026-05-25 12:38:08
0026,Regional Championship Monterrey,2025-04-19,regional,,1317,SVI-JTG,Milotic Farigiraf,milotic-farigiraf,"milotic, farigiraf",13,0.99,41,46,13,45.33,0.0,0.0,0.0,13,0.9871,39,44,13,45.1389,1,0.4902,2,2,0,50.0,0.0769,2026-05-25 12:38:08
0026,Regional Championship Monterrey,2025-04-19,regional,,1317,SVI-JTG,Future Hands,iron-hands-ex,"iron-hands, iron-crown",8,0.61,17,27,10,37.65,0.0,0.0,0.0,8,0.6074,17,27,10,37.6543,0,0.0,0,0,0,0.0,0.0,2026-05-25 12:38:08
0026,Regional Championship Monterrey,2025-04-19,regional,,1317,SVI-JTG,Slowking,slowking-scr,slowking,8,0.61,21,29,10,40.56,0.0,0.0,0.0,8,0.6074,19,28,9,39.2857,1,0.4902,2,1,1,58.3333,0.125,2026-05-25 12:38:08
0026,Regional Championship Monterrey,2025-04-19,regional,,1317,SVI-JTG,Other,other,substitute,7,0.53,20,30,10,38.89,0.0,0.0,0.0,7,0.5315,19,27,10,39.881,1,0.4902,1,3,0,25.0,0.1429,2026-05-25 12:38:08
0026,Regional Championship Monterrey,2025-04-19,regional,,1317,SVI-JTG,Archaludon Dudunsparce,archaludon-dudunsparce,"archaludon, dudunsparce",6,0.46,17,20,11,43.06,0.0,0.0,0.0,6,0.4556,17,20,11,43.0556,0,0.0,0,0,0,0.0,0.0,2026-05-25 12:38:08
0026,Regional Championship Monterrey,2025-04-19,regional,,1317,SVI-JTG,Feraligatr,feraligatr-tef,feraligatr,6,0.46,13,22,10,36.3,0.0,0.0,0.0,6,0.4556,13,22,10,36.2963,0,0.0,0,0,0,0.0,0.0,2026-05-25 12:38:08
0026,Regional Championship Monterrey,2025-04-19,regional,,1317,SVI-JTG,Raging Bolt Bellibolt,reging-bolt-bellibolt,"raging-bolt, bellibolt",6,0.46,12,28,5,30.37,0.0,0.0,0.0,6,0.4556,12,28,5,30.3704,0,0.0,0,0,0,0.0,0.0,2026-05-25 12:38:08
0026,Regional Championship Monterrey,2025-04-19,regional,,1317,SVI-JTG,Archaludon Zoroark,archaludon-zoroark,"archaludon, zoroark",5,0.38,15,16,7,45.61,0.0,0.0,0.0,5,0.3797,15,16,7,45.614,0,0.0,0,0,0,0.0,0.0,2026-05-25 12:38:08
0026,Regional Championship Monterrey,2025-04-19,regional,,1317,SVI-JTG,Dragapult Iron Thorns,dragapult-iron-thorns,"dragapult, iron-thorns",5,0.38,10,18,11,35.04,0.0,0.0,0.0,5,0.3797,10,18,11,35.0427,0,0.0,0,0,0,0.0,0.0,2026-05-25 12:38:08
0026,Regional Championship Monterrey,2025-04-19,regional,,1317,SVI-JTG,Froslass Munkidori,froslass-munkidori,"froslass, munkidori",4,0.3,21,11,12,56.82,0.0,0.0,0.0,4,0.3037,17,6,9,62.5,3,1.4706,4,5,3,41.6667,0.75,2026-05-25 12:38:08
0026,Regional Championship Monterrey,2025-04-19,regional,,1317,SVI-JTG,Blissey,blissey-ex,blissey,3,0.23,22,6,7,69.52,0.0,0.0,0.0,3,0.2278,13,4,6,65.2174,2,0.9804,9,2,1,77.7778,0.6667,2026-05-25 12:38:08
0026,Regional Championship Monterrey,2025-04-19,regional,,1317,SVI-JTG,Charizard,charizard-ex,charizard,3,0.23,8,12,3,39.13,0.0,0.0,0.0,3,0.2278,8,12,3,39.1304,0,0.0,0,0,0,0.0,0.0,2026-05-25 12:38:08
0026,Regional Championship Monterrey,2025-04-19,regional,,1317,SVI-JTG,Dragapult Pidgeot,dragapult-pidgeot,"dragapult, pidgeot",3,0.23,10,8,6,50.0,0.0,0.0,0.0,3,0.2278,10,8,6,50.0,0,0.0,0,0,0,0.0,0.0,2026-05-25 12:38:08
0026,Regional Championship Monterrey,2025-04-19,regional,,1317,SVI-JTG,Flareon,flareon-ex,flareon,3,0.23,5,16,3,25.0,0.0,0.0,0.0,3,0.2278,5,16,3,25.0,0,0.0,0,0,0,0.0,0.0,2026-05-25 12:38:08
0026,Regional Championship Monterrey,2025-04-19,regional,,1317,SVI-JTG,Hydreigon,hydreigon-ex,hydreigon,3,0.23,7,12,4,36.23,0.0,0.0,0.0,3,0.2278,7,12,4,36.2319,0,0.0,0,0,0,0.0,0.0,2026-05-25 12:38:08
0026,Regional Championship Monterrey,2025-04-19,regional,,1317,SVI-JTG,Ancient Box,ancient-box,"roaring-moon, flutter-mane",2,0.15,2,6,6,28.57,0.0,0.0,0.0,2,0.1519,2,6,6,28.5714,0,0.0,0,0,0,0.0,0.0,2026-05-25 12:38:08
0026,Regional Championship Monterrey,2025-04-19,regional,,1317,SVI-JTG,Charizard Dusknoir,charizard-dusknoir,"charizard, dusknoir",2,0.15,10,4,4,62.96,0.0,0.0,0.0,2,0.1519,8,4,2,61.9048,1,0.4902,2,0,2,66.6667,0.5,2026-05-25 12:38:08
0026,Regional Championship Monterrey,2025-04-19,regional,,1317,SVI-JTG,Clefairy Ogerpon,clefairy-ogerpon,"clefairy, ogerpon",2,0.15,7,6,5,48.15,0.0,0.0,0.0,2,0.1519,6,4,4,52.381,1,0.4902,1,2,1,33.3333,0.5,2026-05-25 12:38:08
0026,Regional Championship Monterrey,2025-04-19,regional,,1317,SVI-JTG,Iono's Bellibolt,iono-bellibolt,"bellibolt, voltorb",2,0.15,4,12,0,25.0,0.0,0.0,0.0,2,0.1519,4,12,0,25.0,0,0.0,0,0,0,0.0,0.0,2026-05-25 12:38:08
0026,Regional Championship Monterrey,2025-04-19,regional,,1317,SVI-JTG,Milotic,milotic-ex,milotic,2,0.15,4,9,3,31.25,0.0,0.0,0.0,2,0.1519,4,9,3,31.25,0,0.0,0,0,0,0.0,0.0,2026-05-25 12:38:08
0026,Regional Championship Monterrey,2025-04-19,regional,,1317,SVI-JTG,Miraidon,miraidon-ex,miraidon,2,0.15,3,6,3,33.33,0.0,0.0,0.0,2,0.1519,3,6,3,33.3333,0,0.0,0,0,0,0.0,0.0,2026-05-25 12:38:08
0026,Regional Championship Monterrey,2025-04-19,regional,,1317,SVI-JTG,Okidogi,okidogi-ex,okidogi,2,0.15,7,5,4,52.08,0.0,0.0,0.0,2,0.1519,7,5,4,52.0833,0,0.0,0,0,0,0.0,0.0,2026-05-25 12:38:08
0026,Regional Championship Monterrey,2025-04-19,regional,,1317,SVI-JTG,Palafin,palafin-ex,palafin-hero,2,0.15,4,8,1,33.33,0.0,0.0,0.0,2,0.1519,4,8,1,33.3333,0,0.0,0,0,0,0.0,0.0,2026-05-25 12:38:08
0026,Regional Championship Monterrey,2025-04-19,regional,,1317,SVI-JTG,Banette,banette-ex-sv,banette,1,0.08,0,2,0,0.0,0.0,0.0,0.0,1,0.0759,0,2,0,0.0,0,0.0,0,0,0,0.0,0.0,2026-05-25 12:38:08
0026,Regional Championship Monterrey,2025-04-19,regional,,1317,SVI-JTG,Blaziken,blaziken-ex-jtg,blaziken,1,0.08,0,5,3,12.5,0.0,0.0,0.0,1,0.0759,0,5,3,12.5,0,0.0,0,0,0,0.0,0.0,2026-05-25 12:38:08
0026,Regional Championship Monterrey,2025-04-19,regional,,1317,SVI-JTG,Chien-Pao Baxcalibur,chien-pao-baxcalibur,"chien-pao, baxcalibur",1,0.08,2,6,0,25.0,0.0,0.0,0.0,1,0.0759,2,6,0,25.0,0,0.0,0,0,0,0.0,0.0,2026-05-25 12:38:08
0026,Regional Championship Monterrey,2025-04-19,regional,,1317,SVI-JTG,Conkeldurr,conkeldurr-twm,conkeldurr,1,0.08,3,3,2,45.83,0.0,0.0,0.0,1,0.0759,3,3,2,45.8333,0,0.0,0,0,0,0.0,0.0,2026-05-25 12:38:08
0026,Regional Championship Monterrey,2025-04-19,regional,,1317,SVI-JTG,Dragapult Froslass,dragapult-froslass,"dragapult, froslass",1,0.08,2,6,0,25.0,0.0,0.0,0.0,1,0.0759,2,6,0,25.0,0,0.0,0,0,0,0.0,0.0,2026-05-25 12:38:08
0026,Regional Championship Monterrey,2025-04-19,regional,,1317,SVI-JTG,Espathra Xatu,espathra-xatu,"espathra, xatu",1,0.08,3,4,1,41.67,0.0,0.0,0.0,1,0.0759,3,4,1,41.6667,0,0.0,0,0,0,0.0,0.0,2026-05-25 12:38:08
0026,Regional Championship Monterrey,2025-04-19,regional,,1317,SVI-JTG,Dipplin,festival-lead,"dipplin, thwackey",1,0.08,1,4,2,23.81,0.0,0.0,0.0,1,0.0759,1,4,2,23.8095,0,0.0,0,0,0,0.0,0.0,2026-05-25 12:38:08
0026,Regional Championship Monterrey,2025-04-19,regional,,1317,SVI-JTG,Flygon,flygon-ex-ssp,flygon,1,0.08,1,5,2,20.83,0.0,0.0,0.0,1,0.0759,1,5,2,20.8333,0,0.0,0,0,0,0.0,0.0,2026-05-25 12:38:08
0026,Regional Championship Monterrey,2025-04-19,regional,,1317,SVI-JTG,Future Box,future-box,"miraidon, iron-crown",1,0.08,2,4,2,33.33,0.0,0.0,0.0,1,0.0759,2,4,2,33.3333,0,0.0,0,0,0,0.0,0.0,2026-05-25 12:38:08
0026,Regional Championship Monterrey,2025-04-19,regional,,1317,SVI-JTG,Greninja Blaziken,greninja-blaziken,"greninja, blaziken",1,0.08,1,6,0,14.29,0.0,0.0,0.0,1,0.0759,1,6,0,14.2857,0,0.0,0,0,0,0.0,0.0,2026-05-25 12:38:08
0026,Regional Championship Monterrey,2025-04-19,regional,,1317,SVI-JTG,Hydrapple Ogerpon,hydrapple-ogerpon,"hydrapple, ogerpon",1,0.08,2,2,4,41.67,0.0,0.0,0.0,1,0.0759,2,2,4,41.6667,0,0.0,0,0,0,0.0,0.0,2026-05-25 12:38:08
0026,Regional Championship Monterrey,2025-04-19,regional,,1317,SVI-JTG,Iron Thorns,iron-thorns-ex,iron-thorns,1,0.08,1,3,4,29.17,0.0,0.0,0.0,1,0.0759,1,3,4,29.1667,0,0.0,0,0,0,0.0,0.0,2026-05-25 12:38:08
0026,Regional Championship Monterrey,2025-04-19,regional,,1317,SVI-JTG,Meowscarada,meowscarada-ex,meowscarada,1,0.08,2,6,0,25.0,0.0,0.0,0.0,1,0.0759,2,6,0,25.0,0,0.0,0,0,0,0.0,0.0,2026-05-25 12:38:08
0026,Regional Championship Monterrey,2025-04-19,regional,,1317,SVI-JTG,Okidogi,okidogi-twm,okidogi,1,0.08,2,2,4,41.67,0.0,0.0,0.0,1,0.0759,2,2,4,41.6667,0,0.0,0,0,0,0.0,0.0,2026-05-25 12:38:08
0026,Regional Championship Monterrey,2025-04-19,regional,,1317,SVI-JTG,Roaring Moon Dudunsparce,roaring-moon-dudunsparce,"roaring-moon, dudunsparce",1,0.08,9,2,1,77.78,0.0,0.0,0.0,1,0.0759,7,0,1,91.6667,1,0.4902,2,2,0,50.0,1.0,2026-05-25 12:38:08
0026,Regional Championship Monterrey,2025-04-19,regional,,1317,SVI-JTG,Slaking,slaking-ex,slaking,1,0.08,1,4,3,25.0,0.0,0.0,0.0,1,0.0759,1,4,3,25.0,0,0.0,0,0,0,0.0,0.0,2026-05-25 12:38:08
0027,Special Event Seville,2025-04-26,regional,,815,SVI-JTG,Dragapult Dusknoir,dragapult-dusknoir,"dragapult, dusknoir",111,13.62,293,363,148,42.58,0.0,0.0,0.0,111,13.6196,283,342,138,43.1193,14,10.2941,10,21,10,32.5203,0.1261,2026-05-25 12:38:08
0027,Special Event Seville,2025-04-26,regional,,815,SVI-JTG,Raging Bolt Ogerpon,raging-bolt-ogerpon,"raging-bolt, ogerpon",98,12.02,303,310,123,46.74,0.0,0.0,0.0,98,12.0245,288,292,117,46.9154,13,9.5588,15,18,6,43.5897,0.1327,2026-05-25 12:38:08
0027,Special Event Seville,2025-04-26,regional,,815,SVI-JTG,Gardevoir,gardevoir-ex-sv,gardevoir,69,8.47,250,199,113,51.19,0.0,0.0,0.0,69,8.4663,224,175,100,51.5698,19,13.9706,26,24,13,48.1481,0.2754,2026-05-25 12:38:08
0027,Special Event Seville,2025-04-26,regional,,815,SVI-JTG,Dragapult,dragapult-ex,dragapult,57,6.99,235,161,82,54.88,0.0,0.0,0.0,57,6.9939,205,133,69,56.0197,21,15.4412,30,28,13,48.3568,0.3684,2026-05-25 12:38:08
0027,Special Event Seville,2025-04-26,regional,,815,SVI-JTG,Tera Box,tera-box,"noctowl, ogerpon-wellspring",42,5.15,137,136,49,47.62,0.0,0.0,0.0,42,5.1534,125,129,44,46.868,7,5.1471,12,7,5,56.9444,0.1667,2026-05-25 12:38:08
0027,Special Event Seville,2025-04-26,regional,,815,SVI-JTG,Joltik Box,joltik-box,"joltik, pikachu",38,4.66,164,100,56,57.08,0.0,0.0,0.0,38,4.6626,142,90,51,56.1837,12,8.8235,22,10,5,63.964,0.3158,2026-05-25 12:38:08
0027,Special Event Seville,2025-04-26,regional,,815,SVI-JTG,Gholdengo Dudunsparce,gholdengo-dudunsparce,"gholdengo, dudunsparce",37,4.54,106,121,52,44.21,0.0,0.0,0.0,37,4.5399,102,116,49,44.3196,4,2.9412,4,5,3,41.6667,0.1081,2026-05-25 12:38:08
0027,Special Event Seville,2025-04-26,regional,,815,SVI-JTG,Gholdengo Dragapult,gholdengo-dragapult,"gholdengo, dragapult",30,3.68,110,87,47,51.5,0.0,0.0,0.0,30,3.681,104,78,47,52.2562,5,3.6765,6,9,0,40.0,0.1667,2026-05-25 12:38:08
0027,Special Event Seville,2025-04-26,regional,,815,SVI-JTG,Poison Archaludon,poison-archaludon,"archaludon, brute-bonnet",29,3.56,84,89,42,45.58,0.0,0.0,0.0,29,3.5583,80,85,38,45.6486,4,2.9412,4,4,4,44.4444,0.1379,2026-05-25 12:38:08
0027,Special Event Seville,2025-04-26,regional,,815,SVI-JTG,Terapagos Noctowl,terapagos-noctowl,"terapagos, noctowl",28,3.44,95,89,49,47.78,0.0,0.0,0.0,28,3.4356,90,83,45,48.1651,5,3.6765,5,6,4,42.2222,0.1786,2026-05-25 12:38:08
0027,Special Event Seville,2025-04-26,regional,,815,SVI-JTG,Gholdengo,gholdengo-ex,gholdengo,27,3.31,93,75,38,51.29,0.0,0.0,0.0,27,3.3129,86,71,37,50.6873,4,2.9412,7,4,1,61.1111,0.1481,2026-05-25 12:38:08
0027,Special Event Seville,2025-04-26,regional,,815,SVI-JTG,Flareon Noctowl,flareon-noctowl,"flareon, noctowl",25,3.07,86,68,40,51.2,0.0,0.0,0.0,25,3.0675,81,63,35,51.7691,5,3.6765,5,5,5,44.4444,0.2,2026-05-25 12:38:08
0027,Special Event Seville,2025-04-26,regional,,815,SVI-JTG,Charizard Pidgeot,charizard-pidgeot,"charizard, pidgeot",15,1.84,38,56,15,39.45,0.0,0.0,0.0,15,1.8405,38,53,15,40.566,1,0.7353,0,3,0,0.0,0.0667,2026-05-25 12:38:08
0027,Special Event Seville,2025-04-26,regional,,815,SVI-JTG,N's Zoroark,n-zoroark,"zoroark, darmanitan",15,1.84,55,44,26,50.93,0.0,0.0,0.0,15,1.8405,46,38,23,50.1558,5,3.6765,9,6,3,55.5556,0.3333,2026-05-25 12:38:08
0027,Special Event Seville,2025-04-26,regional,,815,SVI-JTG,Hop's Zacian,hop-zacian,"zacian-crowned, snorlax",14,1.72,43,53,18,42.98,0.0,0.0,0.0,14,1.7178,41,50,17,43.2099,2,1.4706,2,3,1,38.8889,0.1429,2026-05-25 12:38:08
0027,Special Event Seville,2025-04-26,regional,,815,SVI-JTG,Other,other,substitute,13,1.6,21,34,9,37.5,0.0,0.0,0.0,13,1.5951,21,34,9,37.5,0,0.0,0,0,0,0.0,0.0,2026-05-25 12:38:08
0027,Special Event Seville,2025-04-26,regional,,815,SVI-JTG,Charizard Noctowl,charizard-noctowl,"charizard, noctowl",11,1.35,21,42,10,33.33,0.0,0.0,0.0,11,1.3497,19,41,10,31.9048,1,0.7353,2,1,0,66.6667,0.0909,2026-05-25 12:38:08
0027,Special Event Seville,2025-04-26,regional,,815,SVI-JTG,Slowking,slowking-scr,slowking,11,1.35,33,41,13,42.91,0.0,0.0,0.0,11,1.3497,32,39,13,43.254,1,0.7353,1,2,0,33.3333,0.0909,2026-05-25 12:38:08
0027,Special Event Seville,2025-04-26,regional,,815,SVI-JTG,Ceruledge,ceruledge-ex,ceruledge,10,1.23,22,31,11,40.1,0.0,0.0,0.0,10,1.227,22,31,11,40.1042,0,0.0,0,0,0,0.0,0.0,2026-05-25 12:38:08
0027,Special Event Seville,2025-04-26,regional,,815,SVI-JTG,Feraligatr,feraligatr-tef,feraligatr,10,1.23,16,42,5,28.04,0.0,0.0,0.0,10,1.227,16,42,5,28.0423,0,0.0,0,0,0,0.0,0.0,2026-05-25 12:38:08
0027,Special Event Seville,2025-04-26,regional,,815,SVI-JTG,Mamoswine,mamoswine-ex,mamoswine,10,1.23,26,36,8,40.95,0.0,0.0,0.0,10,1.227,26,36,8,40.9524,0,0.0,0,0,0,0.0,0.0,2026-05-25 12:38:08
0027,Special Event Seville,2025-04-26,regional,,815,SVI-JTG,Milotic Farigiraf,milotic-farigiraf,"milotic, farigiraf",10,1.23,29,32,12,45.21,0.0,0.0,0.0,10,1.227,29,32,12,45.2055,0,0.0,0,0,0,0.0,0.0,2026-05-25 12:38:08
0027,Special Event Seville,2025-04-26,regional,,815,SVI-JTG,Roaring Moon,roaring-moon-ex,roaring-moon,10,1.23,30,31,9,47.14,0.0,0.0,0.0,10,1.227,28,30,9,46.2687,1,0.7353,2,1,0,66.6667,0.1,2026-05-25 12:38:08
0027,Special Event Seville,2025-04-26,regional,,815,SVI-JTG,Dragapult Charizard,dragapult-charizard,"dragapult, charizard",7,0.86,23,24,12,45.76,0.0,0.0,0.0,7,0.8589,22,23,11,45.8333,1,0.7353,1,1,1,44.4444,0.1429,2026-05-25 12:38:08
0027,Special Event Seville,2025-04-26,regional,,815,SVI-JTG,Archaludon Zoroark,archaludon-zoroark,"archaludon, zoroark",6,0.74,26,19,5,55.33,0.0,0.0,0.0,6,0.7362,24,18,5,54.6099,1,0.7353,2,1,0,66.6667,0.1667,2026-05-25 12:38:08
0027,Special Event Seville,2025-04-26,regional,,815,SVI-JTG,Blissey,blissey-ex,blissey,6,0.74,20,21,7,46.53,0.0,0.0,0.0,6,0.7362,19,20,6,46.6667,1,0.7353,1,1,1,44.4444,0.1667,2026-05-25 12:38:08
0027,Special Event Seville,2025-04-26,regional,,815,SVI-JTG,Froslass Munkidori,froslass-munkidori,"froslass, munkidori",6,0.74,22,19,10,49.67,0.0,0.0,0.0,6,0.7362,20,18,8,49.2754,1,0.7353,2,1,2,53.3333,0.1667,2026-05-25 12:38:08
0027,Special Event Seville,2025-04-26,regional,,815,SVI-JTG,Hydreigon,hydreigon-ex,hydreigon,6,0.74,23,20,5,51.39,0.0,0.0,0.0,6,0.7362,21,19,5,50.3704,1,0.7353,2,1,0,66.6667,0.1667,2026-05-25 12:38:08
0027,Special Event Seville,2025-04-26,regional,,815,SVI-JTG,Hydrapple Ogerpon,hydrapple-ogerpon,"hydrapple, ogerpon",5,0.61,4,20,4,19.05,0.0,0.0,0.0,5,0.6135,4,20,4,19.0476,0,0.0,0,0,0,0.0,0.0,2026-05-25 12:38:08
0027,Special Event Seville,2025-04-26,regional,,815,SVI-JTG,Raging Bolt Bellibolt,reging-bolt-bellibolt,"raging-bolt, bellibolt",5,0.61,12,18,6,38.89,0.0,0.0,0.0,5,0.6135,12,18,6,38.8889,0,0.0,0,0,0,0.0,0.0,2026-05-25 12:38:08
0027,Special Event Seville,2025-04-26,regional,,815,SVI-JTG,Archaludon Dudunsparce,archaludon-dudunsparce,"archaludon, dudunsparce",4,0.49,14,12,9,48.57,0.0,0.0,0.0,4,0.4908,14,11,7,51.0417,1,0.7353,0,1,2,22.2222,0.25,2026-05-25 12:38:08
0027,Special Event Seville,2025-04-26,regional,,815,SVI-JTG,Archaludon,archaludon-ex,archaludon,4,0.49,10,15,7,38.54,0.0,0.0,0.0,4,0.4908,10,12,7,42.5287,1,0.7353,0,3,0,0.0,0.25,2026-05-25 12:38:08
0027,Special Event Seville,2025-04-26,regional,,815,SVI-JTG,Dragapult Iron Thorns,dragapult-iron-thorns,"dragapult, iron-thorns",4,0.49,6,17,3,26.92,0.0,0.0,0.0,4,0.4908,6,17,3,26.9231,0,0.0,0,0,0,0.0,0.0,2026-05-25 12:38:08
0027,Special Event Seville,2025-04-26,regional,,815,SVI-JTG,Future Hands,iron-hands-ex,"iron-hands, iron-crown",4,0.49,7,15,7,32.18,0.0,0.0,0.0,4,0.4908,7,15,7,32.1839,0,0.0,0,0,0,0.0,0.0,2026-05-25 12:38:08
0027,Special Event Seville,2025-04-26,regional,,815,SVI-JTG,Pidgeot Control,pidgeot-control,pidgeot,4,0.49,16,13,3,53.13,0.0,0.0,0.0,4,0.4908,15,11,3,55.1724,1,0.7353,1,2,0,33.3333,0.25,2026-05-25 12:38:08
0027,Special Event Seville,2025-04-26,regional,,815,SVI-JTG,Conkeldurr,conkeldurr-twm,conkeldurr,3,0.37,6,11,5,34.85,0.0,0.0,0.0,3,0.3681,6,11,5,34.8485,0,0.0,0,0,0,0.0,0.0,2026-05-25 12:38:08
0027,Special Event Seville,2025-04-26,regional,,815,SVI-JTG,Greninja Blaziken,greninja-blaziken,"greninja, blaziken",3,0.37,3,9,3,26.67,0.0,0.0,0.0,3,0.3681,3,9,3,26.6667,0,0.0,0,0,0,0.0,0.0,2026-05-25 12:38:08
0027,Special Event Seville,2025-04-26,regional,,815,SVI-JTG,Ancient Box,ancient-box,"roaring-moon, flutter-mane",2,0.25,5,11,0,31.25,0.0,0.0,0.0,2,0.2454,5,11,0,31.25,0,0.0,0,0,0,0.0,0.0,2026-05-25 12:38:08
0027,Special Event Seville,2025-04-26,regional,,815,SVI-JTG,Charizard,charizard-ex,charizard,2,0.25,14,4,4,69.7,0.0,0.0,0.0,2,0.2454,10,3,3,68.75,2,1.4706,4,1,1,72.2222,1.0,2026-05-25 12:38:08
0027,Special Event Seville,2025-04-26,regional,,815,SVI-JTG,Espathra Froslass,espathra-froslass,"espathra, froslass",2,0.25,7,8,1,45.83,0.0,0.0,0.0,2,0.2454,7,8,1,45.8333,0,0.0,0,0,0,0.0,0.0,2026-05-25 12:38:08
0027,Special Event Seville,2025-04-26,regional,,815,SVI-JTG,Dipplin,festival-lead,"dipplin, thwackey",2,0.25,4,8,0,33.33,0.0,0.0,0.0,2,0.2454,4,8,0,33.3333,0,0.0,0,0,0,0.0,0.0,2026-05-25 12:38:08
0027,Special Event Seville,2025-04-26,regional,,815,SVI-JTG,Gouging Fire,gouging-fire-ex,gouging-fire,2,0.25,5,7,3,40.0,0.0,0.0,0.0,2,0.2454,5,7,3,40.0,0,0.0,0,0,0,0.0,0.0,2026-05-25 12:38:08
0027,Special Event Seville,2025-04-26,regional,,815,SVI-JTG,Roaring Moon Dudunsparce,roaring-moon-dudunsparce,"roaring-moon, dudunsparce",2,0.25,6,7,1,45.24,0.0,0.0,0.0,2,0.2454,6,7,1,45.2381,0,0.0,0,0,0,0.0,0.0,2026-05-25 12:38:08
0027,Special Event Seville,2025-04-26,regional,,815,SVI-JTG,Azumarill,azumarill-ssp,azumarill,1,0.12,2,4,1,33.33,0.0,0.0,0.0,1,0.1227,2,4,1,33.3333,0,0.0,0,0,0,0.0,0.0,2026-05-25 12:38:08
0027,Special Event Seville,2025-04-26,regional,,815,SVI-JTG,Chien-Pao Baxcalibur,chien-pao-baxcalibur,"chien-pao, baxcalibur",1,0.12,3,3,0,50.0,0.0,0.0,0.0,1,0.1227,3,3,0,50.0,0,0.0,0,0,0,0.0,0.0,2026-05-25 12:38:08
0027,Special Event Seville,2025-04-26,regional,,815,SVI-JTG,Copperajah,copperajah-ex,copperajah,1,0.12,6,4,1,57.58,0.0,0.0,0.0,1,0.1227,5,2,1,66.6667,1,0.7353,1,2,0,33.3333,1.0,2026-05-25 12:38:08
0027,Special Event Seville,2025-04-26,regional,,815,SVI-JTG,Dragapult Froslass,dragapult-froslass,"dragapult, froslass",1,0.12,2,3,1,38.89,0.0,0.0,0.0,1,0.1227,2,3,1,38.8889,0,0.0,0,0,0,0.0,0.0,2026-05-25 12:38:08
0027,Special Event Seville,2025-04-26,regional,,815,SVI-JTG,Future Box,future-box,"miraidon, iron-crown",1,0.12,2,6,0,25.0,0.0,0.0,0.0,1,0.1227,2,6,0,25.0,0,0.0,0,0,0,0.0,0.0,2026-05-25 12:38:08
0027,Special Event Seville,2025-04-26,regional,,815,SVI-JTG,Greninja,greninja-ex,greninja,1,0.12,2,3,0,40.0,0.0,0.0,0.0,1,0.1227,2,3,0,40.0,0,0.0,0,0,0,0.0,0.0,2026-05-25 12:38:08
0027,Special Event Seville,2025-04-26,regional,,815,SVI-JTG,Iono's Bellibolt,iono-bellibolt,"bellibolt, voltorb",1,0.12,2,3,1,38.89,0.0,0.0,0.0,1,0.1227,2,3,1,38.8889,0,0.0,0,0,0,0.0,0.0,2026-05-25 12:38:08
0027,Special Event Seville,2025-04-26,regional,,815,SVI-JTG,Iron Thorns,iron-thorns-ex,iron-thorns,1,0.12,4,4,0,50.0,0.0,0.0,0.0,1,0.1227,4,4,0,50.0,0,0.0,0,0,0,0.0,0.0,2026-05-25 12:38:08
0027,Special Event Seville,2025-04-26,regional,,815,SVI-JTG,Milotic,milotic-ex,milotic,1,0.12,1,6,1,16.67,0.0,0.0,0.0,1,0.1227,1,6,1,16.6667,0,0.0,0,0,0,0.0,0.0,2026-05-25 12:38:08
0027,Special Event Seville,2025-04-26,regional,,815,SVI-JTG,Mimikyu Ogerpon,mimikyu-ogerpon,"mimikyu, ogerpon-cornerstone",1,0.12,3,4,1,41.67,0.0,0.0,0.0,1,0.1227,3,4,1,41.6667,0,0.0,0,0,0,0.0,0.0,2026-05-25 12:38:08
0027,Special Event Seville,2025-04-26,regional,,815,SVI-JTG,Okidogi,okidogi-twm,okidogi,1,0.12,3,5,0,37.5,0.0,0.0,0.0,1,0.1227,3,5,0,37.5,0,0.0,0,0,0,0.0,0.0,2026-05-25 12:38:08
0027,Special Event Seville,2025-04-26,regional,,815,SVI-JTG,Palafin,palafin-ex,palafin-hero,1,0.12,2,4,2,33.33,0.0,0.0,0.0,1,0.1227,2,4,2,33.3333,0,0.0,0,0,0,0.0,0.0,2026-05-25 12:38:08
0027,Special Event Seville,2025-04-26,regional,,815,SVI-JTG,Sinistcha Ogerpon,sinistcha-ogerpon,"sinistcha, ogerpon",1,0.12,2,4,2,33.33,0.0,0.0,0.0,1,0.1227,2,4,2,33.3333,0,0.0,0,0,0,0.0,0.0,2026-05-25 12:38:08
0027,Special Event Seville,2025-04-26,regional,,815,SVI-JTG,Slaking,slaking-ex,slaking,1,0.12,7,3,1,66.67,0.0,0.0,0.0,1,0.1227,5,2,1,66.6667,1,0.7353,2,1,0,66.6667,1.0,2026-05-25 12:38:08
0027,Special Event Seville,2025-04-26,regional,,815,SVI-JTG,Tinkaton,tinkaton-ex,tinkaton,1,0.12,1,5,0,16.67,0.0,0.0,0.0,1,0.1227,1,5,0,16.6667,0,0.0,0,0,0,0.0,0.0,2026-05-25 12:38:08
0027,Special Event Seville,2025-04-26,regional,,815,SVI-JTG,Toedscruel,toedscruel-ex,toedscruel,1,0.12,5,3,0,62.5,0.0,0.0,0.0,1,0.1227,5,3,0,62.5,0,0.0,0,0,0,0.0,0.0,2026-05-25 12:38:08
0028,Regional Championship Milwaukee,2025-05-03,regional,,1651,SVI-JTG,Gardevoir,gardevoir-ex-sv,gardevoir,205,12.42,618,649,297,45.84,0.0,0.0,0.0,205,12.4167,559,581,269,46.0374,38,13.5231,59,68,28,44.086,0.1854,2026-05-25 12:38:08
0028,Regional Championship Milwaukee,2025-05-03,regional,,1651,SVI-JTG,Joltik Box,joltik-box,"joltik, pikachu",194,11.75,737,607,217,51.85,0.0,0.0,0.0,194,11.7505,661,519,195,52.8,46,16.3701,76,88,22,44.8029,0.2371,2026-05-25 12:38:08
0028,Regional Championship Milwaukee,2025-05-03,regional,,1651,SVI-JTG,Dragapult,dragapult-ex,dragapult,152,9.21,554,474,192,50.66,0.0,0.0,0.0,152,9.2065,485,413,171,50.7016,36,12.8114,69,61,21,50.3311,0.2368,2026-05-25 12:38:08
0028,Regional Championship Milwaukee,2025-05-03,regional,,1651,SVI-JTG,Raging Bolt Ogerpon,raging-bolt-ogerpon,"raging-bolt, ogerpon",126,7.63,413,393,170,48.12,0.0,0.0,0.0,126,7.6317,367,363,158,47.2598,21,7.4733,46,30,12,56.8182,0.1667,2026-05-25 12:38:08
0028,Regional Championship Milwaukee,2025-05-03,regional,,1651,SVI-JTG,Dragapult Dusknoir,dragapult-dusknoir,"dragapult, dusknoir",116,7.03,364,387,116,46.44,0.0,0.0,0.0,116,7.026,331,358,104,46.1118,17,6.0498,33,29,12,50.0,0.1466,2026-05-25 12:38:08
0028,Regional Championship Milwaukee,2025-05-03,regional,,1651,SVI-JTG,Gholdengo,gholdengo-ex,gholdengo,115,6.97,335,377,138,44.82,0.0,0.0,0.0,115,6.9655,318,364,128,44.5267,10,3.5587,17,13,10,50.8333,0.087,2026-05-25 12:38:08
0028,Regional Championship Milwaukee,2025-05-03,regional,,1651,SVI-JTG,Gholdengo Dragapult,gholdengo-dragapult,"gholdengo, dragapult",103,6.24,365,315,123,50.56,0.0,0.0,0.0,103,6.2386,326,284,113,50.2997,21,7.4733,39,31,10,52.9167,0.2039,2026-05-25 12:38:08
0028,Regional Championship Milwaukee,2025-05-03,regional,,1651,SVI-JTG,Tera Box,tera-box,"noctowl, ogerpon-wellspring",83,5.03,267,269,88,47.49,0.0,0.0,0.0,83,5.0273,242,252,74,46.9484,14,4.9822,25,17,14,52.9762,0.1687,2026-05-25 12:38:08
0028,Regional Championship Milwaukee,2025-05-03,regional,,1651,SVI-JTG,N's Zoroark,n-zoroark,"zoroark, darmanitan",76,4.6,258,240,93,48.9,0.0,0.0,0.0,76,4.6033,232,215,86,48.9056,14,4.9822,26,25,7,48.8506,0.1842,2026-05-25 12:38:08
0028,Regional Championship Milwaukee,2025-05-03,regional,,1651,SVI-JTG,Flareon Noctowl,flareon-noctowl,"flareon, noctowl",75,4.54,252,220,95,50.03,0.0,0.0,0.0,75,4.5427,231,201,81,50.2924,13,4.6263,21,19,14,47.5309,0.1733,2026-05-25 12:38:08
0028,Regional Championship Milwaukee,2025-05-03,regional,,1651,SVI-JTG,Poison Archaludon,poison-archaludon,"archaludon, brute-bonnet",42,2.54,116,141,44,43.41,0.0,0.0,0.0,42,2.5439,112,134,43,43.714,3,1.0676,4,7,1,36.1111,0.0714,2026-05-25 12:38:08
0028,Regional Championship Milwaukee,2025-05-03,regional,,1651,SVI-JTG,Dragapult Charizard,dragapult-charizard,"dragapult, charizard",35,2.12,112,116,40,46.77,0.0,0.0,0.0,35,2.1199,103,104,37,47.2678,6,2.1352,9,12,3,41.6667,0.1714,2026-05-25 12:38:08
0028,Regional Championship Milwaukee,2025-05-03,regional,,1651,SVI-JTG,Roaring Moon,roaring-moon-ex,roaring-moon,31,1.88,120,103,35,51.03,0.0,0.0,0.0,31,1.8776,104,86,28,51.9878,10,3.5587,16,17,7,45.8333,0.3226,2026-05-25 12:38:08
0028,Regional Championship Milwaukee,2025-05-03,regional,,1651,SVI-JTG,Gholdengo Dudunsparce,gholdengo-dudunsparce,"gholdengo, dudunsparce",28,1.7,73,94,36,41.87,0.0,0.0,0.0,28,1.6959,68,86,33,42.246,4,1.4235,5,8,3,37.5,0.1429,2026-05-25 12:38:08
0028,Regional Championship Milwaukee,2025-05-03,regional,,1651,SVI-JTG,Froslass Munkidori,froslass-munkidori,"froslass, munkidori",26,1.57,77,86,29,45.14,0.0,0.0,0.0,26,1.5748,72,81,27,45.0,3,1.0676,5,5,2,47.2222,0.1154,2026-05-25 12:38:08
0028,Regional Championship Milwaukee,2025-05-03,regional,,1651,SVI-JTG,Terapagos Noctowl,terapagos-noctowl,"terapagos, noctowl",23,1.39,55,83,24,38.89,0.0,0.0,0.0,23,1.3931,53,75,22,40.2222,3,1.0676,2,8,2,22.2222,0.1304,2026-05-25 12:38:08
0028,Regional Championship Milwaukee,2025-05-03,regional,,1651,SVI-JTG,Blissey,blissey-ex,blissey,18,1.09,50,60,17,43.83,0.0,0.0,0.0,18,1.0902,49,58,16,44.1734,1,0.3559,1,2,1,33.3333,0.0556,2026-05-25 12:38:08
0028,Regional Championship Milwaukee,2025-05-03,regional,,1651,SVI-JTG,Mamoswine,mamoswine-ex,mamoswine,18,1.09,39,61,21,38.02,0.0,0.0,0.0,18,1.0902,39,57,21,39.3162,1,0.3559,0,4,0,0.0,0.0556,2026-05-25 12:38:08
0028,Regional Championship Milwaukee,2025-05-03,regional,,1651,SVI-JTG,Hop's Zacian,hop-zacian,"zacian-crowned, snorlax",16,0.97,36,56,12,38.46,0.0,0.0,0.0,16,0.9691,33,51,12,38.5417,2,0.7117,3,5,0,37.5,0.125,2026-05-25 12:38:08
0028,Regional Championship Milwaukee,2025-05-03,regional,,1651,SVI-JTG,Hydreigon,hydreigon-ex,hydreigon,15,0.91,31,52,16,36.7,0.0,0.0,0.0,15,0.9085,31,52,16,36.7003,0,0.0,0,0,0,0.0,0.0,2026-05-25 12:38:08
0028,Regional Championship Milwaukee,2025-05-03,regional,,1651,SVI-JTG,Other,other,substitute,13,0.79,14,29,9,32.69,0.0,0.0,0.0,13,0.7874,14,29,9,32.6923,0,0.0,0,0,0,0.0,0.0,2026-05-25 12:38:08
0028,Regional Championship Milwaukee,2025-05-03,regional,,1651,SVI-JTG,Charizard Pidgeot,charizard-pidgeot,"charizard, pidgeot",12,0.73,48,42,12,50.98,0.0,0.0,0.0,12,0.7268,42,37,11,50.7407,3,1.0676,6,5,1,52.7778,0.25,2026-05-25 12:38:08
0028,Regional Championship Milwaukee,2025-05-03,regional,,1651,SVI-JTG,Archaludon Zoroark,archaludon-zoroark,"archaludon, zoroark",11,0.67,38,33,12,50.6,0.0,0.0,0.0,11,0.6663,35,30,10,51.1111,2,0.7117,3,3,2,45.8333,0.1818,2026-05-25 12:38:08
0028,Regional Championship Milwaukee,2025-05-03,regional,,1651,SVI-JTG,Dragapult Froslass,dragapult-froslass,"dragapult, froslass",10,0.61,31,32,8,47.42,0.0,0.0,0.0,10,0.6057,28,31,8,45.7711,1,0.3559,3,1,0,75.0,0.1,2026-05-25 12:38:08
0028,Regional Championship Milwaukee,2025-05-03,regional,,1651,SVI-JTG,Slowking,slowking-scr,slowking,10,0.61,15,34,13,31.18,0.0,0.0,0.0,10,0.6057,15,34,13,31.1828,0,0.0,0,0,0,0.0,0.0,2026-05-25 12:38:08
0028,Regional Championship Milwaukee,2025-05-03,regional,,1651,SVI-JTG,Ceruledge,ceruledge-ex,ceruledge,7,0.42,28,22,6,53.57,0.0,0.0,0.0,7,0.424,25,21,6,51.9231,1,0.3559,3,1,0,75.0,0.1429,2026-05-25 12:38:08
0028,Regional Championship Milwaukee,2025-05-03,regional,,1651,SVI-JTG,Future Hands,iron-hands-ex,"iron-hands, iron-crown",7,0.42,19,25,12,41.07,0.0,0.0,0.0,7,0.424,19,25,12,41.0714,0,0.0,0,0,0,0.0,0.0,2026-05-25 12:38:08
0028,Regional Championship Milwaukee,2025-05-03,regional,,1651,SVI-JTG,Raging Bolt Bellibolt,reging-bolt-bellibolt,"raging-bolt, bellibolt",7,0.42,2,29,6,10.81,0.0,0.0,0.0,7,0.424,2,29,6,10.8108,0,0.0,0,0,0,0.0,0.0,2026-05-25 12:38:08
0028,Regional Championship Milwaukee,2025-05-03,regional,,1651,SVI-JTG,Archaludon,archaludon-ex,archaludon,6,0.36,15,18,6,43.59,0.0,0.0,0.0,6,0.3634,15,18,6,43.5897,0,0.0,0,0,0,0.0,0.0,2026-05-25 12:38:08
0028,Regional Championship Milwaukee,2025-05-03,regional,,1651,SVI-JTG,Charizard Noctowl,charizard-noctowl,"charizard, noctowl",6,0.36,18,22,9,42.86,0.0,0.0,0.0,6,0.3634,18,19,8,45.9259,1,0.3559,0,3,1,8.3333,0.1667,2026-05-25 12:38:08
0028,Regional Championship Milwaukee,2025-05-03,regional,,1651,SVI-JTG,Feraligatr,feraligatr-tef,feraligatr,5,0.3,13,18,8,40.17,0.0,0.0,0.0,5,0.3028,11,12,8,44.086,2,0.7117,2,6,0,25.0,0.4,2026-05-25 12:38:08
0028,Regional Championship Milwaukee,2025-05-03,regional,,1651,SVI-JTG,Milotic Farigiraf,milotic-farigiraf,"milotic, farigiraf",5,0.3,12,13,7,44.79,0.0,0.0,0.0,5,0.3028,12,13,7,44.7917,0,0.0,0,0,0,0.0,0.0,2026-05-25 12:38:08
0028,Regional Championship Milwaukee,2025-05-03,regional,,1651,SVI-JTG,Archaludon Dudunsparce,archaludon-dudunsparce,"archaludon, dudunsparce",4,0.24,5,13,6,29.17,0.0,0.0,0.0,4,0.2423,5,13,6,29.1667,0,0.0,0,0,0,0.0,0.0,2026-05-25 12:38:08
0028,Regional Championship Milwaukee,2025-05-03,regional,,1651,SVI-JTG,Clefairy Ogerpon,clefairy-ogerpon,"clefairy, ogerpon",4,0.24,8,12,3,39.13,0.0,0.0,0.0,4,0.2423,8,12,3,39.1304,0,0.0,0,0,0,0.0,0.0,2026-05-25 12:38:08
0028,Regional Championship Milwaukee,2025-05-03,regional,,1651,SVI-JTG,Greninja Blaziken,greninja-blaziken,"greninja, blaziken",4,0.24,11,13,7,43.01,0.0,0.0,0.0,4,0.2423,9,12,6,40.7407,1,0.3559,2,1,1,58.3333,0.25,2026-05-25 12:38:08
0028,Regional Championship Milwaukee,2025-05-03,regional,,1651,SVI-JTG,Roaring Moon Dudunsparce,roaring-moon-dudunsparce,"roaring-moon, dudunsparce",4,0.24,27,12,5,65.15,0.0,0.0,0.0,4,0.2423,22,7,3,71.875,3,1.0676,5,5,2,47.2222,0.75,2026-05-25 12:38:08
0028,Regional Championship Milwaukee,2025-05-03,regional,,1651,SVI-JTG,Charizard Dusknoir,charizard-dusknoir,"charizard, dusknoir",3,0.18,10,8,4,51.52,0.0,0.0,0.0,3,0.1817,7,7,4,46.2963,1,0.3559,3,1,0,75.0,0.3333,2026-05-25 12:38:08
0028,Regional Championship Milwaukee,2025-05-03,regional,,1651,SVI-JTG,Dragapult Iron Thorns,dragapult-iron-thorns,"dragapult, iron-thorns",3,0.18,5,8,5,37.04,0.0,0.0,0.0,3,0.1817,5,8,5,37.037,0,0.0,0,0,0,0.0,0.0,2026-05-25 12:38:08
0028,Regional Championship Milwaukee,2025-05-03,regional,,1651,SVI-JTG,Toedscruel,toedscruel-ex,toedscruel,3,0.18,6,10,6,36.36,0.0,0.0,0.0,3,0.1817,6,10,6,36.3636,0,0.0,0,0,0,0.0,0.0,2026-05-25 12:38:08
0028,Regional Championship Milwaukee,2025-05-03,regional,,1651,SVI-JTG,Charizard,charizard-ex,charizard,2,0.12,4,7,1,36.11,0.0,0.0,0.0,2,0.1211,4,7,1,36.1111,0,0.0,0,0,0,0.0,0.0,2026-05-25 12:38:08
0028,Regional Championship Milwaukee,2025-05-03,regional,,1651,SVI-JTG,Chien-Pao Baxcalibur,chien-pao-baxcalibur,"chien-pao, baxcalibur",2,0.12,2,7,0,22.22,0.0,0.0,0.0,2,0.1211,2,7,0,22.2222,0,0.0,0,0,0,0.0,0.0,2026-05-25 12:38:08
0028,Regional Championship Milwaukee,2025-05-03,regional,,1651,SVI-JTG,Dipplin,festival-lead,"dipplin, thwackey",2,0.12,3,9,0,25.0,0.0,0.0,0.0,2,0.1211,3,9,0,25.0,0,0.0,0,0,0,0.0,0.0,2026-05-25 12:38:08
0028,Regional Championship Milwaukee,2025-05-03,regional,,1651,SVI-JTG,Hydrapple Ogerpon,hydrapple-ogerpon,"hydrapple, ogerpon",2,0.12,3,7,1,30.3,0.0,0.0,0.0,2,0.1211,3,7,1,30.303,0,0.0,0,0,0,0.0,0.0,2026-05-25 12:38:08
0028,Regional Championship Milwaukee,2025-05-03,regional,,1651,SVI-JTG,Iron Thorns,iron-thorns-ex,iron-thorns,2,0.12,7,7,2,47.92,0.0,0.0,0.0,2,0.1211,7,7,2,47.9167,0,0.0,0,0,0,0.0,0.0,2026-05-25 12:38:08
0028,Regional Championship Milwaukee,2025-05-03,regional,,1651,SVI-JTG,Miraidon,miraidon-ex,miraidon,2,0.12,5,4,0,55.56,0.0,0.0,0.0,2,0.1211,5,4,0,55.5556,0,0.0,0,0,0,0.0,0.0,2026-05-25 12:38:08
0028,Regional Championship Milwaukee,2025-05-03,regional,,1651,SVI-JTG,Aegislash,aegislash-par,aegislash,1,0.06,2,3,1,38.89,0.0,0.0,0.0,1,0.0606,2,3,1,38.8889,0,0.0,0,0,0,0.0,0.0,2026-05-25 12:38:08
0028,Regional Championship Milwaukee,2025-05-03,regional,,1651,SVI-JTG,Ancient Box,ancient-box,roaring-moon,1,0.06,0,4,1,6.67,0.0,0.0,0.0,1,0.0606,0,4,1,6.6667,0,0.0,0,0,0,0.0,0.0,2026-05-25 12:38:08
0028,Regional Championship Milwaukee,2025-05-03,regional,,1651,SVI-JTG,Azumarill,azumarill-ssp,azumarill,1,0.06,4,2,2,58.33,0.0,0.0,0.0,1,0.0606,4,2,2,58.3333,0,0.0,0,0,0,0.0,0.0,2026-05-25 12:38:08
0028,Regional Championship Milwaukee,2025-05-03,regional,,1651,SVI-JTG,Banette Dusknoir,banette-dusknoir,"banette, dusknoir",1,0.06,5,3,0,62.5,0.0,0.0,0.0,1,0.0606,5,3,0,62.5,0,0.0,0,0,0,0.0,0.0,2026-05-25 12:38:08
0028,Regional Championship Milwaukee,2025-05-03,regional,,1651,SVI-JTG,Charizard Greninja,charizard-greninja,"charizard, greninja",1,0.06,3,3,2,45.83,0.0,0.0,0.0,1,0.0606,3,3,2,45.8333,0,0.0,0,0,0,0.0,0.0,2026-05-25 12:38:08
0028,Regional Championship Milwaukee,2025-05-03,regional,,1651,SVI-JTG,Dragapult Pidgeot,dragapult-pidgeot,"dragapult, pidgeot",1,0.06,4,4,0,50.0,0.0,0.0,0.0,1,0.0606,4,4,0,50.0,0,0.0,0,0,0,0.0,0.0,2026-05-25 12:38:08
0028,Regional Championship Milwaukee,2025-05-03,regional,,1651,SVI-JTG,Espathra Xatu,espathra-xatu,"espathra, xatu",1,0.06,4,4,0,50.0,0.0,0.0,0.0,1,0.0606,4,4,0,50.0,0,0.0,0,0,0,0.0,0.0,2026-05-25 12:38:08
0028,Regional Championship Milwaukee,2025-05-03,regional,,1651,SVI-JTG,Flareon,flareon-ex,flareon,1,0.06,1,3,3,28.57,0.0,0.0,0.0,1,0.0606,1,3,3,28.5714,0,0.0,0,0,0,0.0,0.0,2026-05-25 12:38:08
0028,Regional Championship Milwaukee,2025-05-03,regional,,1651,SVI-JTG,Forretress,forretress-ex,forretress,1,0.06,2,5,1,29.17,0.0,0.0,0.0,1,0.0606,2,5,1,29.1667,0,0.0,0,0,0,0.0,0.0,2026-05-25 12:38:08
0028,Regional Championship Milwaukee,2025-05-03,regional,,1651,SVI-JTG,Future Box,future-box,"miraidon, iron-crown",1,0.06,2,6,0,25.0,0.0,0.0,0.0,1,0.0606,2,6,0,25.0,0,0.0,0,0,0,0.0,0.0,2026-05-25 12:38:08
0028,Regional Championship Milwaukee,2025-05-03,regional,,1651,SVI-JTG,Gouging Fire,gouging-fire-ex,gouging-fire,1,0.06,6,4,2,55.56,0.0,0.0,0.0,1,0.0606,5,2,1,66.6667,1,0.3559,1,2,1,33.3333,1.0,2026-05-25 12:38:08
0028,Regional Championship Milwaukee,2025-05-03,regional,,1651,SVI-JTG,Incineroar,incineroar-ex,incineroar,1,0.06,2,4,0,33.33,0.0,0.0,0.0,1,0.0606,2,4,0,33.3333,0,0.0,0,0,0,0.0,0.0,2026-05-25 12:38:08
0028,Regional Championship Milwaukee,2025-05-03,regional,,1651,SVI-JTG,Iono's Bellibolt,iono-bellibolt,"bellibolt, voltorb",1,0.06,1,3,1,26.67,0.0,0.0,0.0,1,0.0606,1,3,1,26.6667,0,0.0,0,0,0,0.0,0.0,2026-05-25 12:38:08
0028,Regional Championship Milwaukee,2025-05-03,regional,,1651,SVI-JTG,Okidogi,okidogi-twm,okidogi,1,0.06,5,2,5,55.56,0.0,0.0,0.0,1,0.0606,5,1,2,70.8333,1,0.3559,0,1,3,25.0,1.0,2026-05-25 12:38:08
0028,Regional Championship Milwaukee,2025-05-03,regional,,1651,SVI-JTG,Poison Terapagos,poison-terapagos,"terapagos, brute-bonnet",1,0.06,1,3,2,27.78,0.0,0.0,0.0,1,0.0606,1,3,2,27.7778,0,0.0,0,0,0,0.0,0.0,2026-05-25 12:38:08
0028,Regional Championship Milwaukee,2025-05-03,regional,,1651,SVI-JTG,Slaking,slaking-ex,slaking,1,0.06,6,5,1,52.78,0.0,0.0,0.0,1,0.0606,5,2,1,66.6667,1,0.3559,1,3,0,25.0,1.0,2026-05-25 12:38:08
0028,Regional Championship Milwaukee,2025-05-03,regional,,1651,SVI-JTG,Tyranitar,tyranitar-jtg,tyranitar,1,0.06,2,5,1,29.17,0.0,0.0,0.0,1,0.0606,2,5,1,29.1667,0,0.0,0,0,0,0.0,0.0,2026-05-25 12:38:08
0028,Regional Championship Milwaukee,2025-05-03,regional,,1651,SVI-JTG,Venomoth Froslass,venomoth-froslass,"venomoth, froslass",1,0.06,2,3,2,38.1,0.0,0.0,0.0,1,0.0606,2,3,2,38.0952,0,0.0,0,0,0,0.0,0.0,2026-05-25 12:38:08
0029,Regional Championship Melbourne,2025-05-17,regional,,561,SVI-JTG,Gardevoir,gardevoir-ex-sv,gardevoir,86,15.33,314,253,147,50.84,0.0,0.0,0.0,86,15.3298,282,227,135,50.7764,19,19.5876,32,26,12,51.4286,0.2209,2026-05-25 12:38:08
0029,Regional Championship Melbourne,2025-05-17,regional,,561,SVI-JTG,Raging Bolt Ogerpon,raging-bolt-ogerpon,"raging-bolt, ogerpon",66,11.76,258,212,69,52.13,0.0,0.0,0.0,66,11.7647,229,185,61,52.4912,20,20.6186,29,27,8,49.4792,0.303,2026-05-25 12:38:08
0029,Regional Championship Melbourne,2025-05-17,regional,,561,SVI-JTG,Joltik Box,joltik-box,"joltik, pikachu",55,9.8,194,193,52,48.14,0.0,0.0,0.0,55,9.8039,178,178,47,48.0562,12,12.3711,16,15,5,49.0741,0.2182,2026-05-25 12:38:08
0029,Regional Championship Melbourne,2025-05-17,regional,,561,SVI-JTG,Dragapult,dragapult-ex,dragapult,50,8.91,176,158,65,49.54,0.0,0.0,0.0,50,8.9127,166,149,63,49.4709,7,7.2165,10,9,2,50.7937,0.14,2026-05-25 12:38:08
0029,Regional Championship Melbourne,2025-05-17,regional,,561,SVI-JTG,Dragapult Dusknoir,dragapult-dusknoir,"dragapult, dusknoir",40,7.13,123,142,42,44.63,0.0,0.0,0.0,40,7.1301,118,133,41,45.0913,5,5.1546,5,9,1,35.5556,0.125,2026-05-25 12:38:08
0029,Regional Championship Melbourne,2025-05-17,regional,,561,SVI-JTG,Tera Box,tera-box,"noctowl, ogerpon-wellspring",32,5.7,131,107,40,51.92,0.0,0.0,0.0,32,5.7041,115,100,37,50.5291,7,7.2165,16,7,3,65.3846,0.2188,2026-05-25 12:38:08
0029,Regional Championship Melbourne,2025-05-17,regional,,561,SVI-JTG,Gholdengo Dragapult,gholdengo-dragapult,"gholdengo, dragapult",26,4.63,90,88,33,47.87,0.0,0.0,0.0,26,4.6346,85,76,32,49.5682,6,6.1856,5,12,1,29.6296,0.2308,2026-05-25 12:38:08
0029,Regional Championship Melbourne,2025-05-17,regional,,561,SVI-JTG,Dragapult Charizard,dragapult-charizard,"dragapult, charizard",20,3.57,73,57,37,51.1,0.0,0.0,0.0,20,3.5651,68,54,36,50.6329,3,3.0928,5,3,1,59.2593,0.15,2026-05-25 12:38:08
0029,Regional Championship Melbourne,2025-05-17,regional,,561,SVI-JTG,N's Zoroark,n-zoroark,"zoroark, darmanitan",20,3.57,50,74,20,39.35,0.0,0.0,0.0,20,3.5651,50,71,20,40.1891,1,1.0309,0,3,0,0.0,0.05,2026-05-25 12:38:08
0029,Regional Championship Melbourne,2025-05-17,regional,,561,SVI-JTG,Feraligatr,feraligatr-tef,feraligatr,19,3.39,36,79,15,31.54,0.0,0.0,0.0,19,3.3868,36,79,15,31.5385,0,0.0,0,0,0,0.0,0.0,2026-05-25 12:38:08
0029,Regional Championship Melbourne,2025-05-17,regional,,561,SVI-JTG,Flareon Noctowl,flareon-noctowl,"flareon, noctowl",14,2.5,50,45,14,50.15,0.0,0.0,0.0,14,2.4955,44,44,14,47.7124,2,2.0619,6,1,0,85.7143,0.1429,2026-05-25 12:38:08
0029,Regional Championship Melbourne,2025-05-17,regional,,561,SVI-JTG,Gholdengo,gholdengo-ex,gholdengo,13,2.32,34,40,20,43.26,0.0,0.0,0.0,13,2.3173,34,40,20,43.2624,0,0.0,0,0,0,0.0,0.0,2026-05-25 12:38:08
0029,Regional Championship Melbourne,2025-05-17,regional,,561,SVI-JTG,Terapagos Noctowl,terapagos-noctowl,"terapagos, noctowl",10,1.78,39,30,9,53.85,0.0,0.0,0.0,10,1.7825,35,26,8,54.5894,3,3.0928,4,4,1,48.1481,0.3,2026-05-25 12:38:08
0029,Regional Championship Melbourne,2025-05-17,regional,,561,SVI-JTG,Charizard Noctowl,charizard-noctowl,"charizard, noctowl",9,1.6,27,35,6,42.65,0.0,0.0,0.0,9,1.6043,27,32,6,44.6154,1,1.0309,0,3,0,0.0,0.1111,2026-05-25 12:38:08
0029,Regional Championship Melbourne,2025-05-17,regional,,561,SVI-JTG,Other,other,substitute,8,1.43,8,31,3,21.43,0.0,0.0,0.0,8,1.426,8,31,3,21.4286,0,0.0,0,0,0,0.0,0.0,2026-05-25 12:38:08
0029,Regional Championship Melbourne,2025-05-17,regional,,561,SVI-JTG,Roaring Moon Dudunsparce,roaring-moon-dudunsparce,"roaring-moon, dudunsparce",7,1.25,30,23,9,53.23,0.0,0.0,0.0,7,1.2478,27,18,8,55.9748,3,3.0928,3,5,1,37.037,0.4286,2026-05-25 12:38:08
0029,Regional Championship Melbourne,2025-05-17,regional,,561,SVI-JTG,Ceruledge,ceruledge-ex,ceruledge,6,1.07,17,24,8,40.14,0.0,0.0,0.0,6,1.0695,16,22,8,40.5797,1,1.0309,1,2,0,33.3333,0.1667,2026-05-25 12:38:08
0029,Regional Championship Melbourne,2025-05-17,regional,,561,SVI-JTG,Froslass Munkidori,froslass-munkidori,"froslass, munkidori",6,1.07,20,22,5,46.1,0.0,0.0,0.0,6,1.0695,18,19,4,47.1545,2,2.0619,2,3,1,38.8889,0.3333,2026-05-25 12:38:08
0029,Regional Championship Melbourne,2025-05-17,regional,,561,SVI-JTG,Milotic Farigiraf,milotic-farigiraf,"milotic, farigiraf",6,1.07,26,20,6,53.85,0.0,0.0,0.0,6,1.0695,22,18,6,52.1739,2,2.0619,4,2,0,66.6667,0.3333,2026-05-25 12:38:08
0029,Regional Championship Melbourne,2025-05-17,regional,,561,SVI-JTG,Poison Archaludon,poison-archaludon,"archaludon, brute-bonnet",6,1.07,16,17,4,46.85,0.0,0.0,0.0,6,1.0695,16,17,4,46.8468,0,0.0,0,0,0,0.0,0.0,2026-05-25 12:38:08
0029,Regional Championship Melbourne,2025-05-17,regional,,561,SVI-JTG,Blissey,blissey-ex,blissey,5,0.89,11,9,5,50.67,0.0,0.0,0.0,5,0.8913,9,9,4,46.9697,1,1.0309,2,0,1,77.7778,0.2,2026-05-25 12:38:08
0029,Regional Championship Melbourne,2025-05-17,regional,,561,SVI-JTG,Hop's Zacian,hop-zacian,"zacian-crowned, snorlax",5,0.89,10,19,6,34.29,0.0,0.0,0.0,5,0.8913,10,19,6,34.2857,0,0.0,0,0,0,0.0,0.0,2026-05-25 12:38:08
0029,Regional Championship Melbourne,2025-05-17,regional,,561,SVI-JTG,Hydreigon,hydreigon-ex,hydreigon,5,0.89,8,15,5,34.52,0.0,0.0,0.0,5,0.8913,8,15,5,34.5238,0,0.0,0,0,0,0.0,0.0,2026-05-25 12:38:08
0029,Regional Championship Melbourne,2025-05-17,regional,,561,SVI-JTG,Slowking,slowking-scr,slowking,5,0.89,18,14,7,52.14,0.0,0.0,0.0,5,0.8913,17,12,7,53.7037,1,1.0309,1,2,0,33.3333,0.2,2026-05-25 12:38:08
0029,Regional Championship Melbourne,2025-05-17,regional,,561,SVI-JTG,Archaludon,archaludon-ex,archaludon,4,0.71,11,18,2,37.63,0.0,0.0,0.0,4,0.713,11,18,2,37.6344,0,0.0,0,0,0,0.0,0.0,2026-05-25 12:38:08
0029,Regional Championship Melbourne,2025-05-17,regional,,561,SVI-JTG,Charizard Pidgeot,charizard-pidgeot,"charizard, pidgeot",4,0.71,11,14,4,42.53,0.0,0.0,0.0,4,0.713,11,14,4,42.5287,0,0.0,0,0,0,0.0,0.0,2026-05-25 12:38:08
0029,Regional Championship Melbourne,2025-05-17,regional,,561,SVI-JTG,Gholdengo Dudunsparce,gholdengo-dudunsparce,"gholdengo, dudunsparce",4,0.71,10,13,4,41.98,0.0,0.0,0.0,4,0.713,10,13,4,41.9753,0,0.0,0,0,0,0.0,0.0,2026-05-25 12:38:08
0029,Regional Championship Melbourne,2025-05-17,regional,,561,SVI-JTG,Raging Bolt Bellibolt,reging-bolt-bellibolt,"raging-bolt, bellibolt",4,0.71,6,15,2,28.99,0.0,0.0,0.0,4,0.713,6,15,2,28.9855,0,0.0,0,0,0,0.0,0.0,2026-05-25 12:38:08
0029,Regional Championship Melbourne,2025-05-17,regional,,561,SVI-JTG,Roaring Moon,roaring-moon-ex,roaring-moon,4,0.71,11,13,3,44.44,0.0,0.0,0.0,4,0.713,11,13,3,44.4444,0,0.0,0,0,0,0.0,0.0,2026-05-25 12:38:08
0029,Regional Championship Melbourne,2025-05-17,regional,,561,SVI-JTG,Hydrapple Ogerpon,hydrapple-ogerpon,"hydrapple, ogerpon",3,0.53,6,12,4,33.33,0.0,0.0,0.0,3,0.5348,6,12,4,33.3333,0,0.0,0,0,0,0.0,0.0,2026-05-25 12:38:08
0029,Regional Championship Melbourne,2025-05-17,regional,,561,SVI-JTG,Charizard,charizard-ex,charizard,2,0.36,6,7,2,44.44,0.0,0.0,0.0,2,0.3565,6,7,2,44.4444,0,0.0,0,0,0,0.0,0.0,2026-05-25 12:38:08
0029,Regional Championship Melbourne,2025-05-17,regional,,561,SVI-JTG,Flareon,flareon-ex,flareon,2,0.36,3,8,1,27.78,0.0,0.0,0.0,2,0.3565,3,8,1,27.7778,0,0.0,0,0,0,0.0,0.0,2026-05-25 12:38:08
0029,Regional Championship Melbourne,2025-05-17,regional,,561,SVI-JTG,Okidogi,okidogi-ex,okidogi,2,0.36,6,9,1,39.58,0.0,0.0,0.0,2,0.3565,6,9,1,39.5833,0,0.0,0,0,0,0.0,0.0,2026-05-25 12:38:08
0029,Regional Championship Melbourne,2025-05-17,regional,,561,SVI-JTG,Archaludon Dudunsparce,archaludon-dudunsparce,"archaludon, dudunsparce",1,0.18,4,3,1,54.17,0.0,0.0,0.0,1,0.1783,4,3,1,54.1667,0,0.0,0,0,0,0.0,0.0,2026-05-25 12:38:08
0029,Regional Championship Melbourne,2025-05-17,regional,,561,SVI-JTG,Archaludon Zoroark,archaludon-zoroark,"archaludon, zoroark",1,0.18,4,2,2,58.33,0.0,0.0,0.0,1,0.1783,4,2,2,58.3333,0,0.0,0,0,0,0.0,0.0,2026-05-25 12:38:08
0029,Regional Championship Melbourne,2025-05-17,regional,,561,SVI-JTG,Charizard Dusknoir,charizard-dusknoir,"charizard, dusknoir",1,0.18,3,3,2,45.83,0.0,0.0,0.0,1,0.1783,3,3,2,45.8333,0,0.0,0,0,0,0.0,0.0,2026-05-25 12:38:08
0029,Regional Championship Melbourne,2025-05-17,regional,,561,SVI-JTG,Chien-Pao Baxcalibur,chien-pao-baxcalibur,"chien-pao, baxcalibur",1,0.18,1,5,2,20.83,0.0,0.0,0.0,1,0.1783,1,5,2,20.8333,0,0.0,0,0,0,0.0,0.0,2026-05-25 12:38:08
0029,Regional Championship Melbourne,2025-05-17,regional,,561,SVI-JTG,Clefairy Ogerpon,clefairy-ogerpon,"clefairy, ogerpon",1,0.18,1,3,2,27.78,0.0,0.0,0.0,1,0.1783,1,3,2,27.7778,0,0.0,0,0,0,0.0,0.0,2026-05-25 12:38:08
0029,Regional Championship Melbourne,2025-05-17,regional,,561,SVI-JTG,Conkeldurr,conkeldurr-twm,conkeldurr,1,0.18,3,4,1,41.67,0.0,0.0,0.0,1,0.1783,3,4,1,41.6667,0,0.0,0,0,0,0.0,0.0,2026-05-25 12:38:08
0029,Regional Championship Melbourne,2025-05-17,regional,,561,SVI-JTG,Dipplin,festival-lead,"dipplin, thwackey",1,0.18,0,1,0,0.0,0.0,0.0,0.0,1,0.1783,0,1,0,0.0,0,0.0,0,0,0,0.0,0.0,2026-05-25 12:38:08
0029,Regional Championship Melbourne,2025-05-17,regional,,561,SVI-JTG,Greninja,greninja-ex,greninja,1,0.18,2,4,2,33.33,0.0,0.0,0.0,1,0.1783,2,4,2,33.3333,0,0.0,0,0,0,0.0,0.0,2026-05-25 12:38:08
0029,Regional Championship Melbourne,2025-05-17,regional,,561,SVI-JTG,Future Hands,iron-hands-ex,"iron-hands, iron-crown",1,0.18,1,3,0,25.0,0.0,0.0,0.0,1,0.1783,1,3,0,25.0,0,0.0,0,0,0,0.0,0.0,2026-05-25 12:38:08
0029,Regional Championship Melbourne,2025-05-17,regional,,561,SVI-JTG,Mamoswine,mamoswine-ex,mamoswine,1,0.18,1,3,1,26.67,0.0,0.0,0.0,1,0.1783,1,3,1,26.6667,0,0.0,0,0,0,0.0,0.0,2026-05-25 12:38:08
0029,Regional Championship Melbourne,2025-05-17,regional,,561,SVI-JTG,Miraidon,miraidon-ex,miraidon,1,0.18,3,5,0,37.5,0.0,0.0,0.0,1,0.1783,3,5,0,37.5,0,0.0,0,0,0,0.0,0.0,2026-05-25 12:38:08
0029,Regional Championship Melbourne,2025-05-17,regional,,561,SVI-JTG,Palafin,palafin-ex,palafin-hero,1,0.18,3,4,1,41.67,0.0,0.0,0.0,1,0.1783,3,4,1,41.6667,0,0.0,0,0,0,0.0,0.0,2026-05-25 12:38:08
0029,Regional Championship Melbourne,2025-05-17,regional,,561,SVI-JTG,Tyranitar,tyranitar-jtg,tyranitar,1,0.18,5,3,3,54.55,0.0,0.0,0.0,1,0.1783,5,1,2,70.8333,1,1.0309,0,2,1,11.1111,1.0,2026-05-25 12:38:08
0030,Special Event Utrecht,2025-05-17,regional,,1239,SVI-JTG,Raging Bolt Ogerpon,raging-bolt-ogerpon,"raging-bolt, ogerpon",155,12.51,519,513,233,47.17,0.0,0.0,0.0,155,12.5101,478,464,213,47.5325,27,12.5,41,49,20,43.3333,0.1742,2026-05-25 12:38:08
0030,Special Event Utrecht,2025-05-17,regional,,1239,SVI-JTG,Gardevoir,gardevoir-ex-sv,gardevoir,152,12.27,574,460,256,51.11,0.0,0.0,0.0,152,12.268,513,402,226,51.563,37,17.1296,61,58,30,47.651,0.2434,2026-05-25 12:38:08
0030,Special Event Utrecht,2025-05-17,regional,,1239,SVI-JTG,Joltik Box,joltik-box,"joltik, pikachu",118,9.52,409,407,121,47.95,0.0,0.0,0.0,118,9.5238,368,359,114,48.2759,24,11.1111,41,48,7,45.1389,0.2034,2026-05-25 12:38:08
0030,Special Event Utrecht,2025-05-17,regional,,1239,SVI-JTG,Dragapult,dragapult-ex,dragapult,115,9.28,463,351,167,52.87,0.0,0.0,0.0,115,9.2817,405,302,160,52.8643,27,12.5,58,49,7,52.924,0.2348,2026-05-25 12:38:08
0030,Special Event Utrecht,2025-05-17,regional,,1239,SVI-JTG,Dragapult Dusknoir,dragapult-dusknoir,"dragapult, dusknoir",71,5.73,215,267,84,42.93,0.0,0.0,0.0,71,5.7304,195,244,81,42.6923,11,5.0926,20,23,3,45.6522,0.1549,2026-05-25 12:38:08
0030,Special Event Utrecht,2025-05-17,regional,,1239,SVI-JTG,Tera Box,tera-box,"noctowl, ogerpon-wellspring",63,5.08,192,199,78,46.48,0.0,0.0,0.0,63,5.0847,182,190,73,46.367,6,2.7778,10,9,5,48.6111,0.0952,2026-05-25 12:38:08
0030,Special Event Utrecht,2025-05-17,regional,,1239,SVI-JTG,Gholdengo Dragapult,gholdengo-dragapult,"gholdengo, dragapult",56,4.52,209,187,80,49.51,0.0,0.0,0.0,56,4.5198,182,164,74,49.2063,14,6.4815,27,23,6,51.7857,0.25,2026-05-25 12:38:08
0030,Special Event Utrecht,2025-05-17,regional,,1239,SVI-JTG,Flareon Noctowl,flareon-noctowl,"flareon, noctowl",48,3.87,160,175,63,45.48,0.0,0.0,0.0,48,3.8741,142,161,55,44.7858,10,4.6296,18,14,8,51.6667,0.2083,2026-05-25 12:38:08
0030,Special Event Utrecht,2025-05-17,regional,,1239,SVI-JTG,Dragapult Charizard,dragapult-charizard,"dragapult, charizard",38,3.07,143,122,56,50.36,0.0,0.0,0.0,38,3.067,130,108,50,50.9259,8,3.7037,13,14,6,45.4545,0.2105,2026-05-25 12:38:08
0030,Special Event Utrecht,2025-05-17,regional,,1239,SVI-JTG,N's Zoroark,n-zoroark,"zoroark, darmanitan",38,3.07,143,110,60,52.08,0.0,0.0,0.0,38,3.067,128,99,53,52.0238,8,3.7037,15,11,7,52.5253,0.2105,2026-05-25 12:38:08
0030,Special Event Utrecht,2025-05-17,regional,,1239,SVI-JTG,Gholdengo,gholdengo-ex,gholdengo,27,2.18,98,92,38,48.54,0.0,0.0,0.0,27,2.1792,91,80,33,50.0,6,2.7778,7,12,5,36.1111,0.2222,2026-05-25 12:38:08
0030,Special Event Utrecht,2025-05-17,regional,,1239,SVI-JTG,Roaring Moon Dudunsparce,roaring-moon-dudunsparce,"roaring-moon, dudunsparce",26,2.1,90,74,51,49.77,0.0,0.0,0.0,26,2.0985,80,69,50,48.5762,4,1.8519,10,5,1,64.5833,0.1538,2026-05-25 12:38:08
0030,Special Event Utrecht,2025-05-17,regional,,1239,SVI-JTG,Charizard Pidgeot,charizard-pidgeot,"charizard, pidgeot",22,1.78,54,70,33,41.4,0.0,0.0,0.0,22,1.7756,51,65,29,41.8391,3,1.3889,3,5,4,36.1111,0.1364,2026-05-25 12:38:08
0030,Special Event Utrecht,2025-05-17,regional,,1239,SVI-JTG,Froslass Munkidori,froslass-munkidori,"froslass, munkidori",21,1.69,70,78,31,44.88,0.0,0.0,0.0,21,1.6949,64,68,27,45.9119,5,2.3148,6,10,4,36.6667,0.2381,2026-05-25 12:38:08
0030,Special Event Utrecht,2025-05-17,regional,,1239,SVI-JTG,Poison Archaludon,poison-archaludon,"archaludon, brute-bonnet",20,1.61,57,72,24,42.48,0.0,0.0,0.0,20,1.6142,55,67,23,43.2184,2,0.9259,2,5,1,29.1667,0.1,2026-05-25 12:38:08
0030,Special Event Utrecht,2025-05-17,regional,,1239,SVI-JTG,Other,other,substitute,18,1.45,34,69,14,33.05,0.0,0.0,0.0,18,1.4528,33,67,13,33.0383,1,0.463,1,2,1,33.3333,0.0556,2026-05-25 12:38:08
0030,Special Event Utrecht,2025-05-17,regional,,1239,SVI-JTG,Terapagos Noctowl,terapagos-noctowl,"terapagos, noctowl",18,1.45,63,60,21,48.61,0.0,0.0,0.0,18,1.4528,55,53,20,48.1771,4,1.8519,8,7,1,52.0833,0.2222,2026-05-25 12:38:08
0030,Special Event Utrecht,2025-05-17,regional,,1239,SVI-JTG,Hydreigon,hydreigon-ex,hydreigon,17,1.37,48,62,32,41.31,0.0,0.0,0.0,17,1.3721,46,60,28,41.2935,2,0.9259,2,2,4,41.6667,0.1176,2026-05-25 12:38:08
0030,Special Event Utrecht,2025-05-17,regional,,1239,SVI-JTG,Gholdengo Dudunsparce,gholdengo-dudunsparce,"gholdengo, dudunsparce",16,1.29,39,54,26,40.06,0.0,0.0,0.0,16,1.2914,39,51,25,41.1594,1,0.463,0,3,1,8.3333,0.0625,2026-05-25 12:38:08
0030,Special Event Utrecht,2025-05-17,regional,,1239,SVI-JTG,Ceruledge,ceruledge-ex,ceruledge,14,1.13,36,44,22,42.48,0.0,0.0,0.0,14,1.1299,36,44,22,42.4837,0,0.0,0,0,0,0.0,0.0,2026-05-25 12:38:08
0030,Special Event Utrecht,2025-05-17,regional,,1239,SVI-JTG,Roaring Moon,roaring-moon-ex,roaring-moon,14,1.13,61,42,17,55.56,0.0,0.0,0.0,14,1.1299,53,38,17,54.321,3,1.3889,8,4,0,66.6667,0.2143,2026-05-25 12:38:08
0030,Special Event Utrecht,2025-05-17,regional,,1239,SVI-JTG,Milotic Farigiraf,milotic-farigiraf,"milotic, farigiraf",13,1.05,44,39,21,49.04,0.0,0.0,0.0,13,1.0492,39,35,18,48.913,3,1.3889,5,4,3,50.0,0.2308,2026-05-25 12:38:08
0030,Special Event Utrecht,2025-05-17,regional,,1239,SVI-JTG,Raging Bolt Bellibolt,reging-bolt-bellibolt,"raging-bolt, bellibolt",12,0.97,23,50,9,31.71,0.0,0.0,0.0,12,0.9685,23,50,9,31.7073,0,0.0,0,0,0,0.0,0.0,2026-05-25 12:38:08
0030,Special Event Utrecht,2025-05-17,regional,,1239,SVI-JTG,Charizard Dusknoir,charizard-dusknoir,"charizard, dusknoir",10,0.81,28,37,5,42.38,0.0,0.0,0.0,10,0.8071,25,36,5,40.404,1,0.463,3,1,0,75.0,0.1,2026-05-25 12:38:08
0030,Special Event Utrecht,2025-05-17,regional,,1239,SVI-JTG,Archaludon,archaludon-ex,archaludon,9,0.73,23,30,13,41.41,0.0,0.0,0.0,9,0.7264,23,30,13,41.4141,0,0.0,0,0,0,0.0,0.0,2026-05-25 12:38:08
0030,Special Event Utrecht,2025-05-17,regional,,1239,SVI-JTG,Hop's Zacian,hop-zacian,"zacian-crowned, snorlax",9,0.73,20,34,10,36.46,0.0,0.0,0.0,9,0.7264,20,34,10,36.4583,0,0.0,0,0,0,0.0,0.0,2026-05-25 12:38:08
0030,Special Event Utrecht,2025-05-17,regional,,1239,SVI-JTG,Archaludon Zoroark,archaludon-zoroark,"archaludon, zoroark",8,0.65,26,25,11,47.85,0.0,0.0,0.0,8,0.6457,26,25,11,47.8495,0,0.0,0,0,0,0.0,0.0,2026-05-25 12:38:08
0030,Special Event Utrecht,2025-05-17,regional,,1239,SVI-JTG,Slowking,slowking-scr,slowking,8,0.65,21,32,6,38.98,0.0,0.0,0.0,8,0.6457,20,30,5,39.3939,1,0.463,1,2,1,33.3333,0.125,2026-05-25 12:38:08
0030,Special Event Utrecht,2025-05-17,regional,,1239,SVI-JTG,Blissey,blissey-ex,blissey,7,0.56,18,27,9,38.89,0.0,0.0,0.0,7,0.565,16,25,9,38.0,1,0.463,2,2,0,50.0,0.1429,2026-05-25 12:38:08
0030,Special Event Utrecht,2025-05-17,regional,,1239,SVI-JTG,Charizard Noctowl,charizard-noctowl,"charizard, noctowl",7,0.56,21,26,9,42.86,0.0,0.0,0.0,7,0.565,20,26,6,42.3077,1,0.463,1,0,3,50.0,0.1429,2026-05-25 12:38:08
0030,Special Event Utrecht,2025-05-17,regional,,1239,SVI-JTG,Pidgeot Control,pidgeot-control,pidgeot,7,0.56,17,26,10,38.36,0.0,0.0,0.0,7,0.565,16,24,9,38.7755,1,0.463,1,2,1,33.3333,0.1429,2026-05-25 12:38:08
0030,Special Event Utrecht,2025-05-17,regional,,1239,SVI-JTG,Charizard,charizard-ex,charizard,6,0.48,11,21,9,34.15,0.0,0.0,0.0,6,0.4843,11,21,9,34.1463,0,0.0,0,0,0,0.0,0.0,2026-05-25 12:38:08
0030,Special Event Utrecht,2025-05-17,regional,,1239,SVI-JTG,Feraligatr,feraligatr-tef,feraligatr,6,0.48,10,28,6,27.27,0.0,0.0,0.0,6,0.4843,10,28,6,27.2727,0,0.0,0,0,0,0.0,0.0,2026-05-25 12:38:08
0030,Special Event Utrecht,2025-05-17,regional,,1239,SVI-JTG,Greninja Blaziken,greninja-blaziken,"greninja, blaziken",5,0.4,21,13,9,55.81,0.0,0.0,0.0,5,0.4036,18,13,8,52.9915,1,0.463,3,0,1,83.3333,0.2,2026-05-25 12:38:08
0030,Special Event Utrecht,2025-05-17,regional,,1239,SVI-JTG,Mamoswine,mamoswine-ex,mamoswine,5,0.4,11,22,5,33.33,0.0,0.0,0.0,5,0.4036,11,22,5,33.3333,0,0.0,0,0,0,0.0,0.0,2026-05-25 12:38:08
0030,Special Event Utrecht,2025-05-17,regional,,1239,SVI-JTG,Conkeldurr,conkeldurr-twm,conkeldurr,4,0.32,9,16,7,35.42,0.0,0.0,0.0,4,0.3228,9,16,7,35.4167,0,0.0,0,0,0,0.0,0.0,2026-05-25 12:38:08
0030,Special Event Utrecht,2025-05-17,regional,,1239,SVI-JTG,Future Hands,iron-hands-ex,"iron-hands, iron-crown",4,0.32,12,11,6,48.28,0.0,0.0,0.0,4,0.3228,11,8,6,52.0,1,0.463,1,3,0,25.0,0.25,2026-05-25 12:38:08
0030,Special Event Utrecht,2025-05-17,regional,,1239,SVI-JTG,Okidogi,okidogi-twm,okidogi,4,0.32,18,4,11,65.66,0.0,0.0,0.0,4,0.3228,14,3,8,66.6667,2,0.9259,4,1,3,62.5,0.5,2026-05-25 12:38:08
0030,Special Event Utrecht,2025-05-17,regional,,1239,SVI-JTG,Azumarill,azumarill-ssp,azumarill,3,0.24,6,13,4,31.88,0.0,0.0,0.0,3,0.2421,6,13,4,31.8841,0,0.0,0,0,0,0.0,0.0,2026-05-25 12:38:08
0030,Special Event Utrecht,2025-05-17,regional,,1239,SVI-JTG,Copperajah,copperajah-ex,copperajah,3,0.24,4,13,3,25.0,0.0,0.0,0.0,3,0.2421,4,13,3,25.0,0,0.0,0,0,0,0.0,0.0,2026-05-25 12:38:08
0030,Special Event Utrecht,2025-05-17,regional,,1239,SVI-JTG,Dragapult Froslass,dragapult-froslass,"dragapult, froslass",3,0.24,8,11,5,40.28,0.0,0.0,0.0,3,0.2421,8,11,5,40.2778,0,0.0,0,0,0,0.0,0.0,2026-05-25 12:38:08
0030,Special Event Utrecht,2025-05-17,regional,,1239,SVI-JTG,Hydrapple Ogerpon,hydrapple-ogerpon,"hydrapple, ogerpon",3,0.24,10,10,4,47.22,0.0,0.0,0.0,3,0.2421,10,10,4,47.2222,0,0.0,0,0,0,0.0,0.0,2026-05-25 12:38:08
0030,Special Event Utrecht,2025-05-17,regional,,1239,SVI-JTG,Iono's Bellibolt,iono-bellibolt,"bellibolt, voltorb",3,0.24,7,13,1,34.92,0.0,0.0,0.0,3,0.2421,7,13,1,34.9206,0,0.0,0,0,0,0.0,0.0,2026-05-25 12:38:08
0030,Special Event Utrecht,2025-05-17,regional,,1239,SVI-JTG,Blaziken,blaziken-ex-jtg,blaziken,2,0.16,4,7,3,35.71,0.0,0.0,0.0,2,0.1614,4,7,3,35.7143,0,0.0,0,0,0,0.0,0.0,2026-05-25 12:38:08
0030,Special Event Utrecht,2025-05-17,regional,,1239,SVI-JTG,Clefairy Ogerpon,clefairy-ogerpon,"clefairy, ogerpon",2,0.16,4,10,2,29.17,0.0,0.0,0.0,2,0.1614,4,10,2,29.1667,0,0.0,0,0,0,0.0,0.0,2026-05-25 12:38:08
0030,Special Event Utrecht,2025-05-17,regional,,1239,SVI-JTG,Milotic,milotic-ex,milotic,2,0.16,3,6,2,33.33,0.0,0.0,0.0,2,0.1614,3,6,2,33.3333,0,0.0,0,0,0,0.0,0.0,2026-05-25 12:38:08
0030,Special Event Utrecht,2025-05-17,regional,,1239,SVI-JTG,Slaking,slaking-ex,slaking,2,0.16,5,6,2,43.59,0.0,0.0,0.0,2,0.1614,5,3,1,59.2593,1,0.463,0,3,1,8.3333,0.5,2026-05-25 12:38:08
0030,Special Event Utrecht,2025-05-17,regional,,1239,SVI-JTG,Tinkaton,tinkaton-ex,tinkaton,2,0.16,2,9,0,18.18,0.0,0.0,0.0,2,0.1614,2,9,0,18.1818,0,0.0,0,0,0,0.0,0.0,2026-05-25 12:38:08
0030,Special Event Utrecht,2025-05-17,regional,,1239,SVI-JTG,Alakazam,alakazam-ex,alakazam,1,0.08,0,5,3,12.5,0.0,0.0,0.0,1,0.0807,0,5,3,12.5,0,0.0,0,0,0,0.0,0.0,2026-05-25 12:38:08
0030,Special Event Utrecht,2025-05-17,regional,,1239,SVI-JTG,Ancient Box,ancient-box,roaring-moon,1,0.08,0,6,1,4.76,0.0,0.0,0.0,1,0.0807,0,6,1,4.7619,0,0.0,0,0,0,0.0,0.0,2026-05-25 12:38:08
0030,Special Event Utrecht,2025-05-17,regional,,1239,SVI-JTG,Cinderace,cinderace-ex,cinderace,1,0.08,2,5,1,29.17,0.0,0.0,0.0,1,0.0807,2,5,1,29.1667,0,0.0,0,0,0,0.0,0.0,2026-05-25 12:38:08
0030,Special Event Utrecht,2025-05-17,regional,,1239,SVI-JTG,Dragapult Iron Thorns,dragapult-iron-thorns,"dragapult, iron-thorns",1,0.08,4,3,1,54.17,0.0,0.0,0.0,1,0.0807,4,3,1,54.1667,0,0.0,0,0,0,0.0,0.0,2026-05-25 12:38:08
0030,Special Event Utrecht,2025-05-17,regional,,1239,SVI-JTG,Dragapult Pidgeot,dragapult-pidgeot,"dragapult, pidgeot",1,0.08,4,3,1,54.17,0.0,0.0,0.0,1,0.0807,4,3,1,54.1667,0,0.0,0,0,0,0.0,0.0,2026-05-25 12:38:08
0030,Special Event Utrecht,2025-05-17,regional,,1239,SVI-JTG,Espathra Froslass,espathra-froslass,"espathra, froslass",1,0.08,1,4,0,20.0,0.0,0.0,0.0,1,0.0807,1,4,0,20.0,0,0.0,0,0,0,0.0,0.0,2026-05-25 12:38:08
0030,Special Event Utrecht,2025-05-17,regional,,1239,SVI-JTG,Espathra Xatu,espathra-xatu,"espathra, xatu",1,0.08,2,5,0,28.57,0.0,0.0,0.0,1,0.0807,2,5,0,28.5714,0,0.0,0,0,0,0.0,0.0,2026-05-25 12:38:08
0030,Special Event Utrecht,2025-05-17,regional,,1239,SVI-JTG,Dipplin,festival-lead,"dipplin, thwackey",1,0.08,2,5,1,29.17,0.0,0.0,0.0,1,0.0807,2,5,1,29.1667,0,0.0,0,0,0,0.0,0.0,2026-05-25 12:38:08
0030,Special Event Utrecht,2025-05-17,regional,,1239,SVI-JTG,Flygon,flygon-ex-ssp,flygon,1,0.08,3,4,1,41.67,0.0,0.0,0.0,1,0.0807,3,4,1,41.6667,0,0.0,0,0,0,0.0,0.0,2026-05-25 12:38:08
0030,Special Event Utrecht,2025-05-17,regional,,1239,SVI-JTG,Galvantula,galvantula-ex,galvantula,1,0.08,1,3,1,26.67,0.0,0.0,0.0,1,0.0807,1,3,1,26.6667,0,0.0,0,0,0,0.0,0.0,2026-05-25 12:38:08
0030,Special Event Utrecht,2025-05-17,regional,,1239,SVI-JTG,Great Tusk Mill,great-tusk-tef,great-tusk,1,0.08,3,5,0,37.5,0.0,0.0,0.0,1,0.0807,3,5,0,37.5,0,0.0,0,0,0,0.0,0.0,2026-05-25 12:38:08
0030,Special Event Utrecht,2025-05-17,regional,,1239,SVI-JTG,Greninja Froslass,greninja-froslass,"greninja, froslass",1,0.08,2,5,1,29.17,0.0,0.0,0.0,1,0.0807,2,5,1,29.1667,0,0.0,0,0,0,0.0,0.0,2026-05-25 12:38:08
0030,Special Event Utrecht,2025-05-17,regional,,1239,SVI-JTG,Iron Thorns,iron-thorns-ex,iron-thorns,1,0.08,4,2,2,58.33,0.0,0.0,0.0,1,0.0807,4,2,2,58.3333,0,0.0,0,0,0,0.0,0.0,2026-05-25 12:38:08
0030,Special Event Utrecht,2025-05-17,regional,,1239,SVI-JTG,Lillie's Clefairy,lillie-clefairy,clefairy,1,0.08,3,4,1,41.67,0.0,0.0,0.0,1,0.0807,3,4,1,41.6667,0,0.0,0,0,0,0.0,0.0,2026-05-25 12:38:08
0030,Special Event Utrecht,2025-05-17,regional,,1239,SVI-JTG,Mimikyu Ogerpon,mimikyu-ogerpon,"mimikyu, ogerpon-cornerstone",1,0.08,2,2,1,46.67,0.0,0.0,0.0,1,0.0807,2,2,1,46.6667,0,0.0,0,0,0,0.0,0.0,2026-05-25 12:38:08
0030,Special Event Utrecht,2025-05-17,regional,,1239,SVI-JTG,Miraidon,miraidon-ex,miraidon,1,0.08,3,5,0,37.5,0.0,0.0,0.0,1,0.0807,3,5,0,37.5,0,0.0,0,0,0,0.0,0.0,2026-05-25 12:38:08
0030,Special Event Utrecht,2025-05-17,regional,,1239,SVI-JTG,Okidogi,okidogi-ex,okidogi,1,0.08,3,4,1,41.67,0.0,0.0,0.0,1,0.0807,3,4,1,41.6667,0,0.0,0,0,0,0.0,0.0,2026-05-25 12:38:08
0030,Special Event Utrecht,2025-05-17,regional,,1239,SVI-JTG,Palafin,palafin-ex,palafin-hero,1,0.08,2,6,0,25.0,0.0,0.0,0.0,1,0.0807,2,6,0,25.0,0,0.0,0,0,0,0.0,0.0,2026-05-25 12:38:08
0030,Special Event Utrecht,2025-05-17,regional,,1239,SVI-JTG,Raging Bolt,raging-bolt-ex,raging-bolt,1,0.08,1,3,1,26.67,0.0,0.0,0.0,1,0.0807,1,3,1,26.6667,0,0.0,0,0,0,0.0,0.0,2026-05-25 12:38:08
0030,Special Event Utrecht,2025-05-17,regional,,1239,SVI-JTG,Sinistcha Ogerpon,sinistcha-ogerpon,"sinistcha, ogerpon",1,0.08,1,6,1,16.67,0.0,0.0,0.0,1,0.0807,1,6,1,16.6667,0,0.0,0,0,0,0.0,0.0,2026-05-25 12:38:08
0030,Special Event Utrecht,2025-05-17,regional,,1239,SVI-JTG,Toedscruel,toedscruel-ex,toedscruel,1,0.08,4,2,2,58.33,0.0,0.0,0.0,1,0.0807,4,2,2,58.3333,0,0.0,0,0,0,0.0,0.0,2026-05-25 12:38:08
0030,Special Event Utrecht,2025-05-17,regional,,1239,SVI-JTG,Tsareena,tsareena-ex,tsareena,1,0.08,3,4,1,41.67,0.0,0.0,0.0,1,0.0807,3,4,1,41.6667,0,0.0,0,0,0,0.0,0.0,2026-05-25 12:38:08
0030,Special Event Utrecht,2025-05-17,regional,,1239,SVI-JTG,Tyranitar,tyranitar-jtg,tyranitar,1,0.08,2,6,0,25.0,0.0,0.0,0.0,1,0.0807,2,6,0,25.0,0,0.0,0,0,0,0.0,0.0,2026-05-25 12:38:08
0031,Regional Championship Santiago,2025-05-17,regional,,1241,SVI-JTG,Raging Bolt Ogerpon,raging-bolt-ogerpon,"raging-bolt, ogerpon",196,15.79,609,626,357,45.73,0.0,0.0,0.0,196,15.7937,569,575,332,46.0479,28,14.2857,40,51,25,41.6667,0.1429,2026-05-25 12:38:08
0031,Regional Championship Santiago,2025-05-17,regional,,1241,SVI-JTG,Gardevoir,gardevoir-ex-sv,gardevoir,174,14.02,583,519,359,48.09,0.0,0.0,0.0,174,14.021,527,476,329,47.7978,31,15.8163,56,43,30,51.1628,0.1782,2026-05-25 12:38:08
0031,Regional Championship Santiago,2025-05-17,regional,,1241,SVI-JTG,Dragapult,dragapult-ex,dragapult,131,10.56,427,411,253,46.87,0.0,0.0,0.0,131,10.556,388,372,228,46.9636,25,12.7551,39,39,25,45.9547,0.1908,2026-05-25 12:38:08
0031,Regional Championship Santiago,2025-05-17,regional,,1241,SVI-JTG,Joltik Box,joltik-box,"joltik, pikachu",117,9.43,455,383,149,51.13,0.0,0.0,0.0,117,9.4279,402,341,134,50.9312,26,13.2653,53,42,15,52.7273,0.2222,2026-05-25 12:38:08
0031,Regional Championship Santiago,2025-05-17,regional,,1241,SVI-JTG,Dragapult Dusknoir,dragapult-dusknoir,"dragapult, dusknoir",94,7.57,263,328,143,42.33,0.0,0.0,0.0,94,7.5745,250,311,136,42.3721,9,4.5918,13,17,7,41.4414,0.0957,2026-05-25 12:38:08
0031,Regional Championship Santiago,2025-05-17,regional,,1241,SVI-JTG,Tera Box,tera-box,"noctowl, ogerpon-wellspring",80,6.45,248,250,156,45.87,0.0,0.0,0.0,80,6.4464,233,235,146,45.874,10,5.102,15,15,10,45.8333,0.125,2026-05-25 12:38:08
0031,Regional Championship Santiago,2025-05-17,regional,,1241,SVI-JTG,Gholdengo Dragapult,gholdengo-dragapult,"gholdengo, dragapult",76,6.12,246,227,156,47.38,0.0,0.0,0.0,76,6.1241,226,206,148,47.4713,12,6.1224,20,21,8,46.2585,0.1579,2026-05-25 12:38:08
0031,Regional Championship Santiago,2025-05-17,regional,,1241,SVI-JTG,N's Zoroark,n-zoroark,"zoroark, darmanitan",47,3.79,143,163,75,44.09,0.0,0.0,0.0,47,3.7873,134,149,70,44.5703,7,3.5714,9,14,5,38.0952,0.1489,2026-05-25 12:38:08
0031,Regional Championship Santiago,2025-05-17,regional,,1241,SVI-JTG,Dragapult Charizard,dragapult-charizard,"dragapult, charizard",33,2.66,108,109,62,46.12,0.0,0.0,0.0,33,2.6591,101,97,55,47.1673,6,3.0612,7,12,7,35.8974,0.1818,2026-05-25 12:38:08
0031,Regional Championship Santiago,2025-05-17,regional,,1241,SVI-JTG,Flareon Noctowl,flareon-noctowl,"flareon, noctowl",31,2.5,104,102,46,47.35,0.0,0.0,0.0,31,2.498,98,96,44,47.3389,3,1.5306,6,6,2,47.619,0.0968,2026-05-25 12:38:08
0031,Regional Championship Santiago,2025-05-17,regional,,1241,SVI-JTG,Poison Archaludon,poison-archaludon,"archaludon, brute-bonnet",27,2.18,77,103,41,41.03,0.0,0.0,0.0,27,2.1757,74,94,37,42.1138,4,2.0408,3,9,4,27.0833,0.1481,2026-05-25 12:38:08
0031,Regional Championship Santiago,2025-05-17,regional,,1241,SVI-JTG,Gholdengo,gholdengo-ex,gholdengo,23,1.85,103,66,46,55.04,0.0,0.0,0.0,23,1.8533,90,58,35,55.5556,8,4.0816,13,8,11,52.0833,0.3478,2026-05-25 12:38:08
0031,Regional Championship Santiago,2025-05-17,regional,,1241,SVI-JTG,Terapagos Noctowl,terapagos-noctowl,"terapagos, noctowl",21,1.69,95,75,33,52.22,0.0,0.0,0.0,21,1.6922,77,60,28,52.3232,9,4.5918,18,15,5,51.7544,0.4286,2026-05-25 12:38:08
0031,Regional Championship Santiago,2025-05-17,regional,,1241,SVI-JTG,Gholdengo Dudunsparce,gholdengo-dudunsparce,"gholdengo, dudunsparce",19,1.53,66,64,27,47.77,0.0,0.0,0.0,19,1.531,62,61,22,47.8161,3,1.5306,4,3,5,47.2222,0.1579,2026-05-25 12:38:08
0031,Regional Championship Santiago,2025-05-17,regional,,1241,SVI-JTG,Hop's Zacian,hop-zacian,"zacian-crowned, snorlax",17,1.37,43,67,22,38.13,0.0,0.0,0.0,17,1.3699,43,67,22,38.1313,0,0.0,0,0,0,0.0,0.0,2026-05-25 12:38:08
0031,Regional Championship Santiago,2025-05-17,regional,,1241,SVI-JTG,Charizard Pidgeot,charizard-pidgeot,"charizard, pidgeot",15,1.21,37,55,31,38.48,0.0,0.0,0.0,15,1.2087,35,51,29,38.8406,2,1.0204,2,4,2,33.3333,0.1333,2026-05-25 12:38:08
0031,Regional Championship Santiago,2025-05-17,regional,,1241,SVI-JTG,Roaring Moon,roaring-moon-ex,roaring-moon,14,1.13,45,52,21,44.07,0.0,0.0,0.0,14,1.1281,42,48,20,44.2424,2,1.0204,3,4,1,41.6667,0.1429,2026-05-25 12:38:08
0031,Regional Championship Santiago,2025-05-17,regional,,1241,SVI-JTG,Roaring Moon Dudunsparce,roaring-moon-dudunsparce,"roaring-moon, dudunsparce",13,1.05,52,32,29,54.57,0.0,0.0,0.0,13,1.0475,46,30,25,53.7954,3,1.5306,6,2,4,61.1111,0.2308,2026-05-25 12:38:08
0031,Regional Championship Santiago,2025-05-17,regional,,1241,SVI-JTG,Charizard Noctowl,charizard-noctowl,"charizard, noctowl",10,0.81,42,38,10,50.37,0.0,0.0,0.0,10,0.8058,34,34,10,47.8632,3,1.5306,8,4,0,66.6667,0.3,2026-05-25 12:38:08
0031,Regional Championship Santiago,2025-05-17,regional,,1241,SVI-JTG,Milotic Farigiraf,milotic-farigiraf,"milotic, farigiraf",10,0.81,33,31,19,47.39,0.0,0.0,0.0,10,0.8058,32,29,18,48.1013,1,0.5102,1,2,1,33.3333,0.1,2026-05-25 12:38:08
0031,Regional Championship Santiago,2025-05-17,regional,,1241,SVI-JTG,Ceruledge,ceruledge-ex,ceruledge,8,0.64,14,26,18,34.48,0.0,0.0,0.0,8,0.6446,14,26,18,34.4828,0,0.0,0,0,0,0.0,0.0,2026-05-25 12:38:08
0031,Regional Championship Santiago,2025-05-17,regional,,1241,SVI-JTG,Archaludon,archaludon-ex,archaludon,7,0.56,12,18,16,37.68,0.0,0.0,0.0,7,0.5641,12,18,16,37.6812,0,0.0,0,0,0,0.0,0.0,2026-05-25 12:38:08
0031,Regional Championship Santiago,2025-05-17,regional,,1241,SVI-JTG,Blissey,blissey-ex,blissey,7,0.56,27,25,11,48.68,0.0,0.0,0.0,7,0.5641,26,21,8,52.1212,2,1.0204,1,4,3,25.0,0.2857,2026-05-25 12:38:08
0031,Regional Championship Santiago,2025-05-17,regional,,1241,SVI-JTG,Feraligatr,feraligatr-tef,feraligatr,7,0.56,16,23,10,39.46,0.0,0.0,0.0,7,0.5641,16,23,10,39.4558,0,0.0,0,0,0,0.0,0.0,2026-05-25 12:38:08
0031,Regional Championship Santiago,2025-05-17,regional,,1241,SVI-JTG,Froslass Munkidori,froslass-munkidori,"froslass, munkidori",5,0.4,18,12,10,53.33,0.0,0.0,0.0,5,0.4029,18,12,10,53.3333,0,0.0,0,0,0,0.0,0.0,2026-05-25 12:38:08
0031,Regional Championship Santiago,2025-05-17,regional,,1241,SVI-JTG,Hydreigon,hydreigon-ex,hydreigon,5,0.4,9,21,6,30.56,0.0,0.0,0.0,5,0.4029,9,21,6,30.5556,0,0.0,0,0,0,0.0,0.0,2026-05-25 12:38:08
0031,Regional Championship Santiago,2025-05-17,regional,,1241,SVI-JTG,Other,other,substitute,5,0.4,9,15,1,37.33,0.0,0.0,0.0,5,0.4029,9,15,1,37.3333,0,0.0,0,0,0,0.0,0.0,2026-05-25 12:38:08
0031,Regional Championship Santiago,2025-05-17,regional,,1241,SVI-JTG,Raging Bolt Bellibolt,reging-bolt-bellibolt,"raging-bolt, bellibolt",5,0.4,8,18,6,31.25,0.0,0.0,0.0,5,0.4029,8,18,6,31.25,0,0.0,0,0,0,0.0,0.0,2026-05-25 12:38:08
0031,Regional Championship Santiago,2025-05-17,regional,,1241,SVI-JTG,Archaludon Zoroark,archaludon-zoroark,"archaludon, zoroark",4,0.32,5,14,9,28.57,0.0,0.0,0.0,4,0.3223,5,14,9,28.5714,0,0.0,0,0,0,0.0,0.0,2026-05-25 12:38:08
0031,Regional Championship Santiago,2025-05-17,regional,,1241,SVI-JTG,Charizard Dusknoir,charizard-dusknoir,"charizard, dusknoir",4,0.32,8,14,2,36.11,0.0,0.0,0.0,4,0.3223,8,14,2,36.1111,0,0.0,0,0,0,0.0,0.0,2026-05-25 12:38:08
0031,Regional Championship Santiago,2025-05-17,regional,,1241,SVI-JTG,Dragapult Froslass,dragapult-froslass,"dragapult, froslass",3,0.24,7,9,8,40.28,0.0,0.0,0.0,3,0.2417,7,9,8,40.2778,0,0.0,0,0,0,0.0,0.0,2026-05-25 12:38:08
0031,Regional Championship Santiago,2025-05-17,regional,,1241,SVI-JTG,Dragapult Iron Thorns,dragapult-iron-thorns,"dragapult, iron-thorns",3,0.24,8,10,4,42.42,0.0,0.0,0.0,3,0.2417,8,10,4,42.4242,0,0.0,0,0,0,0.0,0.0,2026-05-25 12:38:08
0031,Regional Championship Santiago,2025-05-17,regional,,1241,SVI-JTG,Hydrapple Ogerpon,hydrapple-ogerpon,"hydrapple, ogerpon",3,0.24,4,12,5,26.98,0.0,0.0,0.0,3,0.2417,4,12,5,26.9841,0,0.0,0,0,0,0.0,0.0,2026-05-25 12:38:08
0031,Regional Championship Santiago,2025-05-17,regional,,1241,SVI-JTG,Mamoswine,mamoswine-ex,mamoswine,3,0.24,7,8,8,42.03,0.0,0.0,0.0,3,0.2417,7,8,8,42.029,0,0.0,0,0,0,0.0,0.0,2026-05-25 12:38:08
0031,Regional Championship Santiago,2025-05-17,regional,,1241,SVI-JTG,Slowking,slowking-scr,slowking,3,0.24,7,14,3,33.33,0.0,0.0,0.0,3,0.2417,7,14,3,33.3333,0,0.0,0,0,0,0.0,0.0,2026-05-25 12:38:08
0031,Regional Championship Santiago,2025-05-17,regional,,1241,SVI-JTG,Chien-Pao Baxcalibur,chien-pao-baxcalibur,"chien-pao, baxcalibur",2,0.16,3,4,5,38.89,0.0,0.0,0.0,2,0.1612,3,4,5,38.8889,0,0.0,0,0,0,0.0,0.0,2026-05-25 12:38:08
0031,Regional Championship Santiago,2025-05-17,regional,,1241,SVI-JTG,Dragapult Pidgeot,dragapult-pidgeot,"dragapult, pidgeot",2,0.16,10,6,4,56.67,0.0,0.0,0.0,2,0.1612,8,5,3,56.25,1,0.5102,2,1,1,58.3333,0.5,2026-05-25 12:38:08
0031,Regional Championship Santiago,2025-05-17,regional,,1241,SVI-JTG,Future Box,future-box,"miraidon, iron-crown",2,0.16,5,4,4,48.72,0.0,0.0,0.0,2,0.1612,5,4,4,48.7179,0,0.0,0,0,0,0.0,0.0,2026-05-25 12:38:08
0031,Regional Championship Santiago,2025-05-17,regional,,1241,SVI-JTG,Great Tusk Mill,great-tusk-tef,great-tusk,2,0.16,9,4,7,56.67,0.0,0.0,0.0,2,0.1612,6,4,6,50.0,1,0.5102,3,0,1,83.3333,0.5,2026-05-25 12:38:08
0031,Regional Championship Santiago,2025-05-17,regional,,1241,SVI-JTG,Iono's Bellibolt,iono-bellibolt,"bellibolt, voltorb",2,0.16,3,11,2,22.92,0.0,0.0,0.0,2,0.1612,3,11,2,22.9167,0,0.0,0,0,0,0.0,0.0,2026-05-25 12:38:08
0031,Regional Championship Santiago,2025-05-17,regional,,1241,SVI-JTG,Iron Thorns,iron-thorns-ex,iron-thorns,2,0.16,8,8,0,50.0,0.0,0.0,0.0,2,0.1612,8,8,0,50.0,0,0.0,0,0,0,0.0,0.0,2026-05-25 12:38:08
0031,Regional Championship Santiago,2025-05-17,regional,,1241,SVI-JTG,Archaludon Dudunsparce,archaludon-dudunsparce,"archaludon, dudunsparce",1,0.08,2,2,4,41.67,0.0,0.0,0.0,1,0.0806,2,2,4,41.6667,0,0.0,0,0,0,0.0,0.0,2026-05-25 12:38:08
0031,Regional Championship Santiago,2025-05-17,regional,,1241,SVI-JTG,Charizard,charizard-ex,charizard,1,0.08,1,4,3,25.0,0.0,0.0,0.0,1,0.0806,1,4,3,25.0,0,0.0,0,0,0,0.0,0.0,2026-05-25 12:38:08
0031,Regional Championship Santiago,2025-05-17,regional,,1241,SVI-JTG,Copperajah,copperajah-ex,copperajah,1,0.08,4,2,2,58.33,0.0,0.0,0.0,1,0.0806,4,2,2,58.3333,0,0.0,0,0,0,0.0,0.0,2026-05-25 12:38:08
0031,Regional Championship Santiago,2025-05-17,regional,,1241,SVI-JTG,Dipplin,festival-lead,"dipplin, thwackey",1,0.08,3,4,1,41.67,0.0,0.0,0.0,1,0.0806,3,4,1,41.6667,0,0.0,0,0,0,0.0,0.0,2026-05-25 12:38:08
0031,Regional Championship Santiago,2025-05-17,regional,,1241,SVI-JTG,Greninja,greninja-ex,greninja,1,0.08,2,5,1,29.17,0.0,0.0,0.0,1,0.0806,2,5,1,29.1667,0,0.0,0,0,0,0.0,0.0,2026-05-25 12:38:08
0031,Regional Championship Santiago,2025-05-17,regional,,1241,SVI-JTG,Future Hands,iron-hands-ex,"iron-hands, iron-crown",1,0.08,5,3,0,62.5,0.0,0.0,0.0,1,0.0806,5,3,0,62.5,0,0.0,0,0,0,0.0,0.0,2026-05-25 12:38:08
0031,Regional Championship Santiago,2025-05-17,regional,,1241,SVI-JTG,Okidogi,okidogi-twm,okidogi,1,0.08,2,4,1,33.33,0.0,0.0,0.0,1,0.0806,2,4,1,33.3333,0,0.0,0,0,0,0.0,0.0,2026-05-25 12:38:08
0031,Regional Championship Santiago,2025-05-17,regional,,1241,SVI-JTG,Tinkaton,tinkaton-ex,tinkaton,1,0.08,1,5,2,20.83,0.0,0.0,0.0,1,0.0806,1,5,2,20.8333,0,0.0,0,0,0,0.0,0.0,2026-05-25 12:38:08
0031,Regional Championship Santiago,2025-05-17,regional,,1241,SVI-JTG,Tyranitar,tyranitar-jtg,tyranitar,1,0.08,2,6,0,25.0,0.0,0.0,0.0,1,0.0806,2,6,0,25.0,0,0.0,0,0,0,0.0,0.0,2026-05-25 12:38:08
0032,Regional Championship Portland,2025-05-24,regional,,1685,SVI-JTG,Raging Bolt Ogerpon,raging-bolt-ogerpon,"raging-bolt, ogerpon",229,13.59,756,705,316,48.47,0.0,0.0,0.0,229,13.5905,689,639,290,48.5579,39,13.1757,67,66,26,47.5891,0.1703,2026-05-25 12:38:08
0032,Regional Championship Portland,2025-05-24,regional,,1685,SVI-JTG,Gardevoir,gardevoir-ex-sv,gardevoir,227,13.47,755,717,327,48.03,0.0,0.0,0.0,227,13.4718,661,650,285,47.3684,49,16.5541,94,67,42,53.202,0.2159,2026-05-25 12:38:08
0032,Regional Championship Portland,2025-05-24,regional,,1685,SVI-JTG,Dragapult,dragapult-ex,dragapult,190,11.28,696,599,257,50.37,0.0,0.0,0.0,190,11.276,614,525,221,50.5637,48,16.2162,82,74,36,48.9583,0.2526,2026-05-25 12:38:08
0032,Regional Championship Portland,2025-05-24,regional,,1685,SVI-JTG,Joltik Box,joltik-box,"joltik, pikachu",159,9.44,506,496,201,47.63,0.0,0.0,0.0,159,9.4362,466,445,184,48.1583,27,9.1216,40,51,17,42.284,0.1698,2026-05-25 12:38:08
0032,Regional Championship Portland,2025-05-24,regional,,1685,SVI-JTG,Flareon Noctowl,flareon-noctowl,"flareon, noctowl",118,7.0,408,381,132,49.08,0.0,0.0,0.0,118,7.003,353,333,118,48.7977,28,9.4595,55,48,14,50.9972,0.2373,2026-05-25 12:38:08
0032,Regional Championship Portland,2025-05-24,regional,,1685,SVI-JTG,Dragapult Dusknoir,dragapult-dusknoir,"dragapult, dusknoir",111,6.59,291,373,113,42.3,0.0,0.0,0.0,111,6.5875,271,349,107,42.1825,12,4.0541,20,24,6,44.0,0.1081,2026-05-25 12:38:08
0032,Regional Championship Portland,2025-05-24,regional,,1685,SVI-JTG,Tera Box,tera-box,"noctowl, ogerpon-wellspring",106,6.29,402,331,145,51.29,0.0,0.0,0.0,106,6.2908,354,277,120,52.4634,31,10.473,48,54,25,44.357,0.2925,2026-05-25 12:38:08
0032,Regional Championship Portland,2025-05-24,regional,,1685,SVI-JTG,Gholdengo Dragapult,gholdengo-dragapult,"gholdengo, dragapult",71,4.21,216,213,98,47.19,0.0,0.0,0.0,71,4.2136,201,196,94,47.3184,9,3.0405,15,17,4,45.3704,0.1268,2026-05-25 12:38:08
0032,Regional Championship Portland,2025-05-24,regional,,1685,SVI-JTG,N's Zoroark,n-zoroark,"zoroark, darmanitan",61,3.62,203,190,93,48.15,0.0,0.0,0.0,61,3.6202,183,174,81,47.9452,12,4.0541,20,16,12,50.0,0.1967,2026-05-25 12:38:08
0032,Regional Championship Portland,2025-05-24,regional,,1685,SVI-JTG,Dragapult Charizard,dragapult-charizard,"dragapult, charizard",46,2.73,152,143,74,47.88,0.0,0.0,0.0,46,2.73,142,132,67,48.1916,7,2.3649,10,11,7,44.0476,0.1522,2026-05-25 12:38:08
0032,Regional Championship Portland,2025-05-24,regional,,1685,SVI-JTG,Gholdengo,gholdengo-ex,gholdengo,34,2.02,86,110,28,42.56,0.0,0.0,0.0,34,2.0178,84,105,27,43.0556,2,0.6757,2,5,1,29.1667,0.0588,2026-05-25 12:38:08
0032,Regional Championship Portland,2025-05-24,regional,,1685,SVI-JTG,Terapagos Noctowl,terapagos-noctowl,"terapagos, noctowl",21,1.25,65,71,30,45.18,0.0,0.0,0.0,21,1.2463,61,65,28,45.671,3,1.0135,4,6,2,38.8889,0.1429,2026-05-25 12:38:08
0032,Regional Championship Portland,2025-05-24,regional,,1685,SVI-JTG,Roaring Moon Dudunsparce,roaring-moon-dudunsparce,"roaring-moon, dudunsparce",20,1.19,57,60,27,45.83,0.0,0.0,0.0,20,1.1869,56,57,27,46.4286,1,0.3378,1,3,0,25.0,0.05,2026-05-25 12:38:08
0032,Regional Championship Portland,2025-05-24,regional,,1685,SVI-JTG,Hydreigon,hydreigon-ex,hydreigon,19,1.13,46,55,24,43.2,0.0,0.0,0.0,19,1.1276,43,54,24,42.1488,1,0.3378,3,1,0,75.0,0.0526,2026-05-25 12:38:08
0032,Regional Championship Portland,2025-05-24,regional,,1685,SVI-JTG,Roaring Moon,roaring-moon-ex,roaring-moon,18,1.07,43,61,15,40.34,0.0,0.0,0.0,18,1.0682,42,52,13,43.3022,3,1.0135,1,9,2,13.8889,0.1667,2026-05-25 12:38:08
0032,Regional Championship Portland,2025-05-24,regional,,1685,SVI-JTG,Froslass Munkidori,froslass-munkidori,"froslass, munkidori",17,1.01,44,47,16,46.11,0.0,0.0,0.0,17,1.0089,43,45,15,46.6019,1,0.3378,1,2,1,33.3333,0.0588,2026-05-25 12:38:08
0032,Regional Championship Portland,2025-05-24,regional,,1685,SVI-JTG,Gholdengo Dudunsparce,gholdengo-dudunsparce,"gholdengo, dudunsparce",15,0.89,49,54,20,45.26,0.0,0.0,0.0,15,0.8902,48,45,18,48.6486,3,1.0135,1,9,2,13.8889,0.2,2026-05-25 12:38:08
0032,Regional Championship Portland,2025-05-24,regional,,1685,SVI-JTG,Hop's Zacian,hop-zacian,"zacian-crowned, snorlax",15,0.89,36,47,10,42.29,0.0,0.0,0.0,15,0.8902,36,47,10,42.2939,0,0.0,0,0,0,0.0,0.0,2026-05-25 12:38:08
0032,Regional Championship Portland,2025-05-24,regional,,1685,SVI-JTG,Poison Archaludon,poison-archaludon,"archaludon, brute-bonnet",14,0.83,22,49,14,31.37,0.0,0.0,0.0,14,0.8309,22,49,14,31.3725,0,0.0,0,0,0,0.0,0.0,2026-05-25 12:38:08
0032,Regional Championship Portland,2025-05-24,regional,,1685,SVI-JTG,Ceruledge,ceruledge-ex,ceruledge,13,0.77,38,41,13,46.01,0.0,0.0,0.0,13,0.7715,37,40,11,46.2121,1,0.3378,1,1,2,41.6667,0.0769,2026-05-25 12:38:08
0032,Regional Championship Portland,2025-05-24,regional,,1685,SVI-JTG,Charizard Pidgeot,charizard-pidgeot,"charizard, pidgeot",13,0.77,41,46,18,44.76,0.0,0.0,0.0,13,0.7715,36,39,18,45.1613,3,1.0135,5,7,0,41.6667,0.2308,2026-05-25 12:38:08
0032,Regional Championship Portland,2025-05-24,regional,,1685,SVI-JTG,Charizard Dusknoir,charizard-dusknoir,"charizard, dusknoir",11,0.65,43,39,11,50.18,0.0,0.0,0.0,11,0.6528,36,31,10,51.0823,4,1.3514,7,8,1,45.8333,0.3636,2026-05-25 12:38:08
0032,Regional Championship Portland,2025-05-24,regional,,1685,SVI-JTG,Blissey,blissey-ex,blissey,10,0.59,29,34,9,44.44,0.0,0.0,0.0,10,0.5935,26,30,8,44.7917,2,0.6757,3,4,1,41.6667,0.2,2026-05-25 12:38:08
0032,Regional Championship Portland,2025-05-24,regional,,1685,SVI-JTG,Other,other,substitute,10,0.59,18,34,5,34.5,0.0,0.0,0.0,10,0.5935,18,33,5,35.119,1,0.3378,0,1,0,0.0,0.1,2026-05-25 12:38:08
0032,Regional Championship Portland,2025-05-24,regional,,1685,SVI-JTG,Slowking,slowking-scr,slowking,10,0.59,23,32,11,40.4,0.0,0.0,0.0,10,0.5935,22,29,11,41.3978,1,0.3378,1,3,0,25.0,0.1,2026-05-25 12:38:08
0032,Regional Championship Portland,2025-05-24,regional,,1685,SVI-JTG,Archaludon,archaludon-ex,archaludon,9,0.53,27,28,11,46.46,0.0,0.0,0.0,9,0.5341,26,28,8,46.2366,1,0.3378,1,0,3,50.0,0.1111,2026-05-25 12:38:08
0032,Regional Championship Portland,2025-05-24,regional,,1685,SVI-JTG,Archaludon Zoroark,archaludon-zoroark,"archaludon, zoroark",8,0.47,31,25,10,52.02,0.0,0.0,0.0,8,0.4748,29,23,10,52.1505,1,0.3378,2,2,0,50.0,0.125,2026-05-25 12:38:08
0032,Regional Championship Portland,2025-05-24,regional,,1685,SVI-JTG,Milotic Farigiraf,milotic-farigiraf,"milotic, farigiraf",8,0.47,18,28,10,38.1,0.0,0.0,0.0,8,0.4748,18,28,10,38.0952,0,0.0,0,0,0,0.0,0.0,2026-05-25 12:38:08
0032,Regional Championship Portland,2025-05-24,regional,,1685,SVI-JTG,Mamoswine,mamoswine-ex,mamoswine,7,0.42,16,21,10,41.13,0.0,0.0,0.0,7,0.4154,16,21,10,41.1348,0,0.0,0,0,0,0.0,0.0,2026-05-25 12:38:08
0032,Regional Championship Portland,2025-05-24,regional,,1685,SVI-JTG,Dragapult Pidgeot,dragapult-pidgeot,"dragapult, pidgeot",6,0.36,32,17,8,60.82,0.0,0.0,0.0,6,0.3561,23,15,6,56.8182,3,1.0135,9,2,2,74.359,0.5,2026-05-25 12:38:08
0032,Regional Championship Portland,2025-05-24,regional,,1685,SVI-JTG,Charizard Noctowl,charizard-noctowl,"charizard, noctowl",5,0.3,16,16,6,47.37,0.0,0.0,0.0,5,0.2967,16,16,6,47.3684,0,0.0,0,0,0,0.0,0.0,2026-05-25 12:38:08
0032,Regional Championship Portland,2025-05-24,regional,,1685,SVI-JTG,Flareon,flareon-ex,flareon,5,0.3,4,27,5,15.74,0.0,0.0,0.0,5,0.2967,4,27,5,15.7407,0,0.0,0,0,0,0.0,0.0,2026-05-25 12:38:08
0032,Regional Championship Portland,2025-05-24,regional,,1685,SVI-JTG,Hydrapple Ogerpon,hydrapple-ogerpon,"hydrapple, ogerpon",5,0.3,13,24,3,35.0,0.0,0.0,0.0,5,0.2967,13,24,3,35.0,0,0.0,0,0,0,0.0,0.0,2026-05-25 12:38:08
0032,Regional Championship Portland,2025-05-24,regional,,1685,SVI-JTG,Iono's Bellibolt,iono-bellibolt,"bellibolt, voltorb",5,0.3,12,18,2,39.58,0.0,0.0,0.0,5,0.2967,12,18,2,39.5833,0,0.0,0,0,0,0.0,0.0,2026-05-25 12:38:08
0032,Regional Championship Portland,2025-05-24,regional,,1685,SVI-JTG,Okidogi,okidogi-ex,okidogi,5,0.3,12,17,8,39.64,0.0,0.0,0.0,5,0.2967,12,17,8,39.6396,0,0.0,0,0,0,0.0,0.0,2026-05-25 12:38:08
0032,Regional Championship Portland,2025-05-24,regional,,1685,SVI-JTG,Blaziken,blaziken-ex-jtg,blaziken,4,0.24,7,19,5,27.96,0.0,0.0,0.0,4,0.2374,7,19,5,27.957,0,0.0,0,0,0,0.0,0.0,2026-05-25 12:38:08
0032,Regional Championship Portland,2025-05-24,regional,,1685,SVI-JTG,Dragapult Iron Thorns,dragapult-iron-thorns,"dragapult, iron-thorns",4,0.24,4,12,2,25.93,0.0,0.0,0.0,4,0.2374,4,12,2,25.9259,0,0.0,0,0,0,0.0,0.0,2026-05-25 12:38:08
0032,Regional Championship Portland,2025-05-24,regional,,1685,SVI-JTG,Okidogi,okidogi-twm,okidogi,4,0.24,15,10,7,54.17,0.0,0.0,0.0,4,0.2374,15,10,7,54.1667,0,0.0,0,0,0,0.0,0.0,2026-05-25 12:38:08
0032,Regional Championship Portland,2025-05-24,regional,,1685,SVI-JTG,Azumarill,azumarill-ssp,azumarill,3,0.18,3,9,6,27.78,0.0,0.0,0.0,3,0.178,3,9,6,27.7778,0,0.0,0,0,0,0.0,0.0,2026-05-25 12:38:08
0032,Regional Championship Portland,2025-05-24,regional,,1685,SVI-JTG,Charizard,charizard-ex,charizard,3,0.18,8,9,5,43.94,0.0,0.0,0.0,3,0.178,8,9,5,43.9394,0,0.0,0,0,0,0.0,0.0,2026-05-25 12:38:08
0032,Regional Championship Portland,2025-05-24,regional,,1685,SVI-JTG,Dragapult Froslass,dragapult-froslass,"dragapult, froslass",3,0.18,9,10,2,46.03,0.0,0.0,0.0,3,0.178,9,10,2,46.0317,0,0.0,0,0,0,0.0,0.0,2026-05-25 12:38:08
0032,Regional Championship Portland,2025-05-24,regional,,1685,SVI-JTG,Future Hands,iron-hands-ex,"iron-hands, iron-crown",3,0.18,10,13,5,41.67,0.0,0.0,0.0,3,0.178,8,12,4,38.8889,1,0.3378,2,1,1,58.3333,0.3333,2026-05-25 12:38:08
0032,Regional Championship Portland,2025-05-24,regional,,1685,SVI-JTG,Palafin,palafin-ex,palafin-hero,3,0.18,10,9,1,51.67,0.0,0.0,0.0,3,0.178,10,9,1,51.6667,0,0.0,0,0,0,0.0,0.0,2026-05-25 12:38:08
0032,Regional Championship Portland,2025-05-24,regional,,1685,SVI-JTG,Toedscruel,toedscruel-ex,toedscruel,3,0.18,13,8,3,58.33,0.0,0.0,0.0,3,0.178,11,7,1,59.6491,1,0.3378,2,1,2,53.3333,0.3333,2026-05-25 12:38:08
0032,Regional Championship Portland,2025-05-24,regional,,1685,SVI-JTG,Aegislash,aegislash-par,aegislash,2,0.12,3,8,1,27.78,0.0,0.0,0.0,2,0.1187,3,8,1,27.7778,0,0.0,0,0,0,0.0,0.0,2026-05-25 12:38:08
0032,Regional Championship Portland,2025-05-24,regional,,1685,SVI-JTG,Conkeldurr,conkeldurr-twm,conkeldurr,2,0.12,7,5,4,52.08,0.0,0.0,0.0,2,0.1187,7,5,4,52.0833,0,0.0,0,0,0,0.0,0.0,2026-05-25 12:38:08
0032,Regional Championship Portland,2025-05-24,regional,,1685,SVI-JTG,Copperajah,copperajah-ex,copperajah,2,0.12,5,7,2,40.48,0.0,0.0,0.0,2,0.1187,5,7,2,40.4762,0,0.0,0,0,0,0.0,0.0,2026-05-25 12:38:08
0032,Regional Championship Portland,2025-05-24,regional,,1685,SVI-JTG,Espathra Froslass,espathra-froslass,"espathra, froslass",2,0.12,8,7,2,50.98,0.0,0.0,0.0,2,0.1187,6,5,2,51.2821,1,0.3378,2,2,0,50.0,0.5,2026-05-25 12:38:08
0032,Regional Championship Portland,2025-05-24,regional,,1685,SVI-JTG,Great Tusk Mill,great-tusk-tef,great-tusk,2,0.12,1,6,5,22.22,0.0,0.0,0.0,2,0.1187,1,6,5,22.2222,0,0.0,0,0,0,0.0,0.0,2026-05-25 12:38:08
0032,Regional Championship Portland,2025-05-24,regional,,1685,SVI-JTG,Greninja Blaziken,greninja-blaziken,"greninja, blaziken",2,0.12,3,7,1,30.3,0.0,0.0,0.0,2,0.1187,3,7,1,30.303,0,0.0,0,0,0,0.0,0.0,2026-05-25 12:38:08
0032,Regional Championship Portland,2025-05-24,regional,,1685,SVI-JTG,Milotic,milotic-ex,milotic,2,0.12,3,7,2,30.56,0.0,0.0,0.0,2,0.1187,3,7,2,30.5556,0,0.0,0,0,0,0.0,0.0,2026-05-25 12:38:08
0032,Regional Championship Portland,2025-05-24,regional,,1685,SVI-JTG,Pidgeot Control,pidgeot-control,pidgeot,2,0.12,5,6,5,41.67,0.0,0.0,0.0,2,0.1187,5,6,5,41.6667,0,0.0,0,0,0,0.0,0.0,2026-05-25 12:38:08
0032,Regional Championship Portland,2025-05-24,regional,,1685,SVI-JTG,Raging Bolt Bellibolt,reging-bolt-bellibolt,"raging-bolt, bellibolt",2,0.12,5,6,0,45.45,0.0,0.0,0.0,2,0.1187,5,6,0,45.4545,0,0.0,0,0,0,0.0,0.0,2026-05-25 12:38:08
0032,Regional Championship Portland,2025-05-24,regional,,1685,SVI-JTG,United Wings,united-wings,"murkrow, flamigo",2,0.12,4,6,6,37.5,0.0,0.0,0.0,2,0.1187,4,6,6,37.5,0,0.0,0,0,0,0.0,0.0,2026-05-25 12:38:08
0032,Regional Championship Portland,2025-05-24,regional,,1685,SVI-JTG,Venomoth Froslass,venomoth-froslass,"venomoth, froslass",2,0.12,2,6,1,25.93,0.0,0.0,0.0,2,0.1187,2,6,1,25.9259,0,0.0,0,0,0,0.0,0.0,2026-05-25 12:38:08
0032,Regional Championship Portland,2025-05-24,regional,,1685,SVI-JTG,Alolan Exeggutor ex,alolan-exeggutor-ex,exeggutor-alola,1,0.06,2,6,0,25.0,0.0,0.0,0.0,1,0.0593,2,6,0,25.0,0,0.0,0,0,0,0.0,0.0,2026-05-25 12:38:08
0032,Regional Championship Portland,2025-05-24,regional,,1685,SVI-JTG,Ancient Box,ancient-box,"roaring-moon, flutter-mane",1,0.06,4,3,1,54.17,0.0,0.0,0.0,1,0.0593,4,3,1,54.1667,0,0.0,0,0,0,0.0,0.0,2026-05-25 12:38:08
0032,Regional Championship Portland,2025-05-24,regional,,1685,SVI-JTG,Clefairy Ogerpon,clefairy-ogerpon,"clefairy, ogerpon",1,0.06,4,2,2,58.33,0.0,0.0,0.0,1,0.0593,4,2,2,58.3333,0,0.0,0,0,0,0.0,0.0,2026-05-25 12:38:08
0032,Regional Championship Portland,2025-05-24,regional,,1685,SVI-JTG,Feraligatr,feraligatr-tef,feraligatr,1,0.06,1,4,3,25.0,0.0,0.0,0.0,1,0.0593,1,4,3,25.0,0,0.0,0,0,0,0.0,0.0,2026-05-25 12:38:08
0032,Regional Championship Portland,2025-05-24,regional,,1685,SVI-JTG,Dipplin,festival-lead,"dipplin, thwackey",1,0.06,1,6,0,14.29,0.0,0.0,0.0,1,0.0593,1,6,0,14.2857,0,0.0,0,0,0,0.0,0.0,2026-05-25 12:38:08
0032,Regional Championship Portland,2025-05-24,regional,,1685,SVI-JTG,Forretress,forretress-ex,forretress,1,0.06,0,3,0,0.0,0.0,0.0,0.0,1,0.0593,0,3,0,0.0,0,0.0,0,0,0,0.0,0.0,2026-05-25 12:38:08
0032,Regional Championship Portland,2025-05-24,regional,,1685,SVI-JTG,Gouging Fire,gouging-fire-ex,gouging-fire,1,0.06,3,5,0,37.5,0.0,0.0,0.0,1,0.0593,3,5,0,37.5,0,0.0,0,0,0,0.0,0.0,2026-05-25 12:38:08
0032,Regional Championship Portland,2025-05-24,regional,,1685,SVI-JTG,Incineroar,incineroar-ex,incineroar,1,0.06,1,5,2,20.83,0.0,0.0,0.0,1,0.0593,1,5,2,20.8333,0,0.0,0,0,0,0.0,0.0,2026-05-25 12:38:08
0032,Regional Championship Portland,2025-05-24,regional,,1685,SVI-JTG,Miraidon,miraidon-ex,miraidon,1,0.06,0,3,1,8.33,0.0,0.0,0.0,1,0.0593,0,3,1,8.3333,0,0.0,0,0,0,0.0,0.0,2026-05-25 12:38:08
0032,Regional Championship Portland,2025-05-24,regional,,1685,SVI-JTG,Poison Terapagos,poison-terapagos,"terapagos, brute-bonnet",1,0.06,1,6,0,14.29,0.0,0.0,0.0,1,0.0593,1,6,0,14.2857,0,0.0,0,0,0,0.0,0.0,2026-05-25 12:38:08
0032,Regional Championship Portland,2025-05-24,regional,,1685,SVI-JTG,Spidops,spidops-ex,spidops,1,0.06,4,3,1,54.17,0.0,0.0,0.0,1,0.0593,4,3,1,54.1667,0,0.0,0,0,0,0.0,0.0,2026-05-25 12:38:08
0032,Regional Championship Portland,2025-05-24,regional,,1685,SVI-JTG,Walking Wake,walking-wake-ex,walking-wake,1,0.06,1,4,0,20.0,0.0,0.0,0.0,1,0.0593,1,4,0,20.0,0,0.0,0,0,0,0.0,0.0,2026-05-25 12:38:08
0033,Special Event Bologna,2025-05-31,regional,,1237,SVI-JTG,Gardevoir,gardevoir-ex-sv,gardevoir,193,15.6,673,575,352,49.4,0.0,0.0,0.0,193,15.6023,599,523,311,49.0347,41,20.0,74,52,41,52.495,0.2124,2026-05-25 12:38:08
0033,Special Event Bologna,2025-05-31,regional,,1237,SVI-JTG,Dragapult,dragapult-ex,dragapult,173,13.99,623,564,262,49.02,0.0,0.0,0.0,173,13.9854,558,503,239,49.0513,37,18.0488,65,61,23,48.7696,0.2139,2026-05-25 12:38:08
0033,Special Event Bologna,2025-05-31,regional,,1237,SVI-JTG,Raging Bolt Ogerpon,raging-bolt-ogerpon,"raging-bolt, ogerpon",157,12.69,499,527,237,45.76,0.0,0.0,0.0,157,12.692,465,486,220,45.9721,23,11.2195,34,41,17,43.1159,0.1465,2026-05-25 12:38:08
0033,Special Event Bologna,2025-05-31,regional,,1237,SVI-JTG,Joltik Box,joltik-box,"joltik, pikachu",122,9.86,408,426,165,46.35,0.0,0.0,0.0,122,9.8626,378,386,156,46.7391,20,9.7561,30,40,9,41.7722,0.1639,2026-05-25 12:38:08
0033,Special Event Bologna,2025-05-31,regional,,1237,SVI-JTG,Gholdengo Dragapult,gholdengo-dragapult,"gholdengo, dragapult",58,4.69,167,202,79,43.15,0.0,0.0,0.0,58,4.6888,162,190,76,43.7695,5,2.439,5,12,3,30.0,0.0862,2026-05-25 12:38:08
0033,Special Event Bologna,2025-05-31,regional,,1237,SVI-JTG,Flareon Noctowl,flareon-noctowl,"flareon, noctowl",52,4.2,201,151,84,52.52,0.0,0.0,0.0,52,4.2037,174,131,71,52.5709,15,7.3171,27,20,13,52.2222,0.2885,2026-05-25 12:38:08
0033,Special Event Bologna,2025-05-31,regional,,1237,SVI-JTG,Tera Box,tera-box,"noctowl, ogerpon-wellspring",50,4.04,188,161,72,50.36,0.0,0.0,0.0,50,4.042,170,142,63,50.9333,11,5.3659,18,19,9,45.6522,0.22,2026-05-25 12:38:08
0033,Special Event Bologna,2025-05-31,regional,,1237,SVI-JTG,Dragapult Charizard,dragapult-charizard,"dragapult, charizard",47,3.8,183,143,73,51.96,0.0,0.0,0.0,47,3.7995,162,128,65,51.7371,11,5.3659,21,15,8,53.7879,0.234,2026-05-25 12:38:08
0033,Special Event Bologna,2025-05-31,regional,,1237,SVI-JTG,Dragapult Dusknoir,dragapult-dusknoir,"dragapult, dusknoir",46,3.72,138,163,67,43.57,0.0,0.0,0.0,46,3.7187,129,152,58,43.7561,7,3.4146,9,11,9,41.3793,0.1522,2026-05-25 12:38:08
0033,Special Event Bologna,2025-05-31,regional,,1237,SVI-JTG,N's Zoroark,n-zoroark,"zoroark, darmanitan",37,2.99,78,126,59,37.14,0.0,0.0,0.0,37,2.9911,74,117,57,37.5,4,1.9512,4,9,2,31.1111,0.1081,2026-05-25 12:38:08
0033,Special Event Bologna,2025-05-31,regional,,1237,SVI-JTG,Charizard Noctowl,charizard-noctowl,"charizard, noctowl",22,1.78,70,75,29,45.79,0.0,0.0,0.0,22,1.7785,68,72,29,45.9566,2,0.9756,2,3,0,40.0,0.0909,2026-05-25 12:38:08
0033,Special Event Bologna,2025-05-31,regional,,1237,SVI-JTG,Roaring Moon Dudunsparce,roaring-moon-dudunsparce,"roaring-moon, dudunsparce",21,1.7,73,73,28,47.32,0.0,0.0,0.0,21,1.6977,71,64,27,49.3827,3,1.4634,2,9,1,19.4444,0.1429,2026-05-25 12:38:08
0033,Special Event Bologna,2025-05-31,regional,,1237,SVI-JTG,Roaring Moon,roaring-moon-ex,roaring-moon,21,1.7,68,63,31,48.35,0.0,0.0,0.0,21,1.6977,58,58,31,46.4853,3,1.4634,10,5,0,66.6667,0.1429,2026-05-25 12:38:08
0033,Special Event Bologna,2025-05-31,regional,,1237,SVI-JTG,Froslass Munkidori,froslass-munkidori,"froslass, munkidori",20,1.62,60,67,42,43.79,0.0,0.0,0.0,20,1.6168,55,57,41,44.8802,4,1.9512,5,10,1,33.3333,0.2,2026-05-25 12:38:08
0033,Special Event Bologna,2025-05-31,regional,,1237,SVI-JTG,Gholdengo,gholdengo-ex,gholdengo,20,1.62,65,72,31,44.84,0.0,0.0,0.0,20,1.6168,59,66,27,44.7368,4,1.9512,6,6,4,45.8333,0.2,2026-05-25 12:38:08
0033,Special Event Bologna,2025-05-31,regional,,1237,SVI-JTG,Poison Archaludon,poison-archaludon,"archaludon, brute-bonnet",17,1.37,44,57,27,41.41,0.0,0.0,0.0,17,1.3743,42,55,27,41.129,1,0.4878,2,2,0,50.0,0.0588,2026-05-25 12:38:08
0033,Special Event Bologna,2025-05-31,regional,,1237,SVI-JTG,Charizard Pidgeot,charizard-pidgeot,"charizard, pidgeot",15,1.21,49,48,19,47.7,0.0,0.0,0.0,15,1.2126,48,45,19,48.5119,1,0.4878,1,3,0,25.0,0.0667,2026-05-25 12:38:08
0033,Special Event Bologna,2025-05-31,regional,,1237,SVI-JTG,Gholdengo Dudunsparce,gholdengo-dudunsparce,"gholdengo, dudunsparce",15,1.21,54,49,17,49.72,0.0,0.0,0.0,15,1.2126,48,44,15,49.5327,4,1.9512,6,5,2,51.2821,0.2667,2026-05-25 12:38:08
0033,Special Event Bologna,2025-05-31,regional,,1237,SVI-JTG,Milotic Farigiraf,milotic-farigiraf,"milotic, farigiraf",12,0.97,40,38,18,47.92,0.0,0.0,0.0,12,0.9701,35,37,16,45.8333,2,0.9756,5,1,2,70.8333,0.1667,2026-05-25 12:38:08
0033,Special Event Bologna,2025-05-31,regional,,1237,SVI-JTG,Terapagos Noctowl,terapagos-noctowl,"terapagos, noctowl",12,0.97,36,42,16,43.97,0.0,0.0,0.0,12,0.9701,36,42,16,43.9716,0,0.0,0,0,0,0.0,0.0,2026-05-25 12:38:08
0033,Special Event Bologna,2025-05-31,regional,,1237,SVI-JTG,Blissey,blissey-ex,blissey,10,0.81,32,29,16,48.48,0.0,0.0,0.0,10,0.8084,32,29,16,48.4848,0,0.0,0,0,0,0.0,0.0,2026-05-25 12:38:08
0033,Special Event Bologna,2025-05-31,regional,,1237,SVI-JTG,Ceruledge,ceruledge-ex,ceruledge,9,0.73,20,36,7,35.45,0.0,0.0,0.0,9,0.7276,20,36,7,35.4497,0,0.0,0,0,0,0.0,0.0,2026-05-25 12:38:08
0033,Special Event Bologna,2025-05-31,regional,,1237,SVI-JTG,Slowking,slowking-scr,slowking,9,0.73,19,29,11,38.42,0.0,0.0,0.0,9,0.7276,19,29,11,38.4181,0,0.0,0,0,0,0.0,0.0,2026-05-25 12:38:08
0033,Special Event Bologna,2025-05-31,regional,,1237,SVI-JTG,Toedscruel,toedscruel-ex,toedscruel,8,0.65,22,35,5,38.17,0.0,0.0,0.0,8,0.6467,22,35,5,38.172,0,0.0,0,0,0,0.0,0.0,2026-05-25 12:38:08
0033,Special Event Bologna,2025-05-31,regional,,1237,SVI-JTG,Hydreigon,hydreigon-ex,hydreigon,7,0.57,25,20,15,50.0,0.0,0.0,0.0,7,0.5659,22,19,15,48.2143,1,0.4878,3,1,0,75.0,0.1429,2026-05-25 12:38:08
0033,Special Event Bologna,2025-05-31,regional,,1237,SVI-JTG,Other,other,substitute,7,0.57,5,18,3,23.08,0.0,0.0,0.0,7,0.5659,5,18,3,23.0769,0,0.0,0,0,0,0.0,0.0,2026-05-25 12:38:08
0033,Special Event Bologna,2025-05-31,regional,,1237,SVI-JTG,Archaludon,archaludon-ex,archaludon,6,0.49,18,18,6,47.62,0.0,0.0,0.0,6,0.485,16,17,5,46.4912,1,0.4878,2,1,1,58.3333,0.1667,2026-05-25 12:38:08
0033,Special Event Bologna,2025-05-31,regional,,1237,SVI-JTG,Hop's Zacian,hop-zacian,"zacian-crowned, snorlax",6,0.49,11,26,9,30.43,0.0,0.0,0.0,6,0.485,11,26,9,30.4348,0,0.0,0,0,0,0.0,0.0,2026-05-25 12:38:08
0033,Special Event Bologna,2025-05-31,regional,,1237,SVI-JTG,Pidgeot Control,pidgeot-control,pidgeot,6,0.49,22,25,6,45.28,0.0,0.0,0.0,6,0.485,20,21,4,47.4074,2,0.9756,2,4,2,33.3333,0.3333,2026-05-25 12:38:08
0033,Special Event Bologna,2025-05-31,regional,,1237,SVI-JTG,Mamoswine,mamoswine-ex,mamoswine,5,0.4,19,19,6,47.73,0.0,0.0,0.0,5,0.4042,17,18,5,46.6667,1,0.4878,2,1,1,58.3333,0.2,2026-05-25 12:38:08
0033,Special Event Bologna,2025-05-31,regional,,1237,SVI-JTG,Charizard Dusknoir,charizard-dusknoir,"charizard, dusknoir",4,0.32,11,12,7,44.44,0.0,0.0,0.0,4,0.3234,11,12,7,44.4444,0,0.0,0,0,0,0.0,0.0,2026-05-25 12:38:08
0033,Special Event Bologna,2025-05-31,regional,,1237,SVI-JTG,Clefairy Ogerpon,clefairy-ogerpon,"clefairy, ogerpon",4,0.32,4,18,6,21.43,0.0,0.0,0.0,4,0.3234,4,18,6,21.4286,0,0.0,0,0,0,0.0,0.0,2026-05-25 12:38:08
0033,Special Event Bologna,2025-05-31,regional,,1237,SVI-JTG,Okidogi,okidogi-twm,okidogi,4,0.32,8,11,6,40.0,0.0,0.0,0.0,4,0.3234,8,11,6,40.0,0,0.0,0,0,0,0.0,0.0,2026-05-25 12:38:08
0033,Special Event Bologna,2025-05-31,regional,,1237,SVI-JTG,Archaludon Dudunsparce,archaludon-dudunsparce,"archaludon, dudunsparce",3,0.24,10,11,3,45.83,0.0,0.0,0.0,3,0.2425,10,11,3,45.8333,0,0.0,0,0,0,0.0,0.0,2026-05-25 12:38:08
0033,Special Event Bologna,2025-05-31,regional,,1237,SVI-JTG,Dragapult Froslass,dragapult-froslass,"dragapult, froslass",3,0.24,11,9,4,51.39,0.0,0.0,0.0,3,0.2425,11,9,4,51.3889,0,0.0,0,0,0,0.0,0.0,2026-05-25 12:38:08
0033,Special Event Bologna,2025-05-31,regional,,1237,SVI-JTG,Dragapult Iron Thorns,dragapult-iron-thorns,"dragapult, iron-thorns",3,0.24,3,14,1,18.52,0.0,0.0,0.0,3,0.2425,3,14,1,18.5185,0,0.0,0,0,0,0.0,0.0,2026-05-25 12:38:08
0033,Special Event Bologna,2025-05-31,regional,,1237,SVI-JTG,Dragapult Pidgeot,dragapult-pidgeot,"dragapult, pidgeot",3,0.24,11,7,6,54.17,0.0,0.0,0.0,3,0.2425,11,7,6,54.1667,0,0.0,0,0,0,0.0,0.0,2026-05-25 12:38:08
0033,Special Event Bologna,2025-05-31,regional,,1237,SVI-JTG,Feraligatr,feraligatr-tef,feraligatr,3,0.24,10,11,2,46.38,0.0,0.0,0.0,3,0.2425,8,9,2,45.614,1,0.4878,2,2,0,50.0,0.3333,2026-05-25 12:38:08
0033,Special Event Bologna,2025-05-31,regional,,1237,SVI-JTG,Future Hands,iron-hands-ex,"iron-hands, iron-crown",3,0.24,8,10,2,43.33,0.0,0.0,0.0,3,0.2425,8,10,2,43.3333,0,0.0,0,0,0,0.0,0.0,2026-05-25 12:38:08
0033,Special Event Bologna,2025-05-31,regional,,1237,SVI-JTG,Archaludon Zoroark,archaludon-zoroark,"archaludon, zoroark",2,0.16,9,7,4,51.67,0.0,0.0,0.0,2,0.1617,8,4,4,58.3333,1,0.4878,1,3,0,25.0,0.5,2026-05-25 12:38:08
0033,Special Event Bologna,2025-05-31,regional,,1237,SVI-JTG,Copperajah,copperajah-ex,copperajah,2,0.16,6,6,4,45.83,0.0,0.0,0.0,2,0.1617,6,6,4,45.8333,0,0.0,0,0,0,0.0,0.0,2026-05-25 12:38:08
0033,Special Event Bologna,2025-05-31,regional,,1237,SVI-JTG,Greninja Blaziken,greninja-blaziken,"greninja, blaziken",2,0.16,5,8,3,37.5,0.0,0.0,0.0,2,0.1617,5,8,3,37.5,0,0.0,0,0,0,0.0,0.0,2026-05-25 12:38:08
0033,Special Event Bologna,2025-05-31,regional,,1237,SVI-JTG,Iono's Bellibolt,iono-bellibolt,"bellibolt, voltorb",2,0.16,1,12,1,9.52,0.0,0.0,0.0,2,0.1617,1,12,1,9.5238,0,0.0,0,0,0,0.0,0.0,2026-05-25 12:38:08
0033,Special Event Bologna,2025-05-31,regional,,1237,SVI-JTG,Tinkaton,tinkaton-ex,tinkaton,2,0.16,3,11,1,22.22,0.0,0.0,0.0,2,0.1617,3,11,1,22.2222,0,0.0,0,0,0,0.0,0.0,2026-05-25 12:38:08
0033,Special Event Bologna,2025-05-31,regional,,1237,SVI-JTG,Azumarill,azumarill-ssp,azumarill,1,0.08,1,6,1,16.67,0.0,0.0,0.0,1,0.0808,1,6,1,16.6667,0,0.0,0,0,0,0.0,0.0,2026-05-25 12:38:08
0033,Special Event Bologna,2025-05-31,regional,,1237,SVI-JTG,Charizard,charizard-ex,charizard,1,0.08,1,3,0,25.0,0.0,0.0,0.0,1,0.0808,1,3,0,25.0,0,0.0,0,0,0,0.0,0.0,2026-05-25 12:38:08
0033,Special Event Bologna,2025-05-31,regional,,1237,SVI-JTG,Charizard Greninja,charizard-greninja,"charizard, greninja",1,0.08,2,3,3,37.5,0.0,0.0,0.0,1,0.0808,2,3,3,37.5,0,0.0,0,0,0,0.0,0.0,2026-05-25 12:38:08
0033,Special Event Bologna,2025-05-31,regional,,1237,SVI-JTG,Conkeldurr,conkeldurr-twm,conkeldurr,1,0.08,3,4,1,41.67,0.0,0.0,0.0,1,0.0808,3,4,1,41.6667,0,0.0,0,0,0,0.0,0.0,2026-05-25 12:38:08
0033,Special Event Bologna,2025-05-31,regional,,1237,SVI-JTG,Espathra Xatu,espathra-xatu,"espathra, xatu",1,0.08,4,1,3,62.5,0.0,0.0,0.0,1,0.0808,4,1,3,62.5,0,0.0,0,0,0,0.0,0.0,2026-05-25 12:38:08
0033,Special Event Bologna,2025-05-31,regional,,1237,SVI-JTG,Flygon,flygon-ex-ssp,flygon,1,0.08,2,4,2,33.33,0.0,0.0,0.0,1,0.0808,2,4,2,33.3333,0,0.0,0,0,0,0.0,0.0,2026-05-25 12:38:08
0033,Special Event Bologna,2025-05-31,regional,,1237,SVI-JTG,Great Tusk Mill,great-tusk-tef,great-tusk,1,0.08,0,1,0,0.0,0.0,0.0,0.0,1,0.0808,0,1,0,0.0,0,0.0,0,0,0,0.0,0.0,2026-05-25 12:38:08
0033,Special Event Bologna,2025-05-31,regional,,1237,SVI-JTG,Greninja,greninja-ex,greninja,1,0.08,1,6,1,16.67,0.0,0.0,0.0,1,0.0808,1,6,1,16.6667,0,0.0,0,0,0,0.0,0.0,2026-05-25 12:38:08
0033,Special Event Bologna,2025-05-31,regional,,1237,SVI-JTG,Hydrapple Ogerpon,hydrapple-ogerpon,"hydrapple, ogerpon",1,0.08,1,5,2,20.83,0.0,0.0,0.0,1,0.0808,1,5,2,20.8333,0,0.0,0,0,0,0.0,0.0,2026-05-25 12:38:08
0033,Special Event Bologna,2025-05-31,regional,,1237,SVI-JTG,Palafin,palafin-ex,palafin-hero,1,0.08,1,5,0,16.67,0.0,0.0,0.0,1,0.0808,1,5,0,16.6667,0,0.0,0,0,0,0.0,0.0,2026-05-25 12:38:08
0033,Special Event Bologna,2025-05-31,regional,,1237,SVI-JTG,Raging Bolt Bellibolt,reging-bolt-bellibolt,"raging-bolt, bellibolt",1,0.08,3,3,2,45.83,0.0,0.0,0.0,1,0.0808,3,3,2,45.8333,0,0.0,0,0,0,0.0,0.0,2026-05-25 12:38:08
0033,Special Event Bologna,2025-05-31,regional,,1237,SVI-JTG,Slaking,slaking-ex,slaking,1,0.08,3,3,2,45.83,0.0,0.0,0.0,1,0.0808,3,3,2,45.8333,0,0.0,0,0,0,0.0,0.0,2026-05-25 12:38:08
0033,Special Event Bologna,2025-05-31,regional,,1237,SVI-JTG,Tyranitar,tyranitar-jtg,tyranitar,1,0.08,0,1,3,25.0,0.0,0.0,0.0,1,0.0808,0,1,3,25.0,0,0.0,0,0,0,0.0,0.0,2026-05-25 12:38:08
0033,Special Event Bologna,2025-05-31,regional,,1237,SVI-JTG,Venomoth Froslass,venomoth-froslass,"venomoth, froslass",1,0.08,2,4,0,33.33,0.0,0.0,0.0,1,0.0808,2,4,0,33.3333,0,0.0,0,0,0,0.0,0.0,2026-05-25 12:38:08
