meta,tournaments_used,tournament_count,my_deck_slug,my_deck_name,my_deck_player_count,my_deck_total_wins,my_deck_total_losses,my_deck_total_ties,my_deck_overall_win_pct,opponent_deck_slug,opponent_deck_name,vs_count,vs_win_pct,day_filter,scraped_at
BRS-SFA,1,1,alakazam-ex,Alakazam,1,1,4,0,20.0,roaring-moon-ex,Roaring Moon,2,50.0,overall,2026-05-25T16:37:48.569513+00:00
BRS-SFA,1,1,alakazam-ex,Alakazam,1,1,4,0,20.0,iron-thorns-ex,Iron Thorns,1,0.0,overall,2026-05-25T16:37:48.569513+00:00
BRS-SFA,1,1,alakazam-ex,Alakazam,1,1,4,0,20.0,miraidon-ex,Miraidon,1,0.0,overall,2026-05-25T16:37:48.569513+00:00
BRS-SFA,1,1,alakazam-ex,Alakazam,1,1,4,0,20.0,charizard-pidgeot,Charizard Pidgeot,1,0.0,overall,2026-05-25T16:37:48.569513+00:00
BRS-SFA,1,1,ancient-box,Ancient Box,214,749,695,257,49.07,regidrago-vstar,Regidrago,280,40.83,overall,2026-05-25T16:37:50.477546+00:00
BRS-SFA,1,1,ancient-box,Ancient Box,214,749,695,257,49.07,raging-bolt-ogerpon,Raging Bolt Ogerpon,251,70.25,overall,2026-05-25T16:37:50.477546+00:00
BRS-SFA,1,1,ancient-box,Ancient Box,214,749,695,257,49.07,charizard-pidgeot,Charizard Pidgeot,236,27.26,overall,2026-05-25T16:37:50.477546+00:00
BRS-SFA,1,1,ancient-box,Ancient Box,214,749,695,257,49.07,lugia-archeops,Lugia Archeops,109,34.56,overall,2026-05-25T16:37:50.477546+00:00
BRS-SFA,1,1,ancient-box,Ancient Box,214,749,695,257,49.07,roaring-moon-ex,Roaring Moon,88,70.45,overall,2026-05-25T16:37:50.477546+00:00
BRS-SFA,1,1,ancient-box,Ancient Box,214,749,695,257,49.07,miraidon-ex,Miraidon,80,52.92,overall,2026-05-25T16:37:50.477546+00:00
BRS-SFA,1,1,ancient-box,Ancient Box,214,749,695,257,49.07,ancient-box,Ancient Box,80,47.08,overall,2026-05-25T16:37:50.477546+00:00
BRS-SFA,1,1,ancient-box,Ancient Box,214,749,695,257,49.07,gardevoir-ex-sv,Gardevoir,66,50.0,overall,2026-05-25T16:37:50.477546+00:00
BRS-SFA,1,1,ancient-box,Ancient Box,214,749,695,257,49.07,snorlax-stall,Snorlax Stall,37,24.32,overall,2026-05-25T16:37:50.477546+00:00
BRS-SFA,1,1,ancient-box,Ancient Box,214,749,695,257,49.07,iron-thorns-ex,Iron Thorns,31,79.57,overall,2026-05-25T16:37:50.477546+00:00
BRS-SFA,1,1,ancient-box,Ancient Box,214,749,695,257,49.07,other,Other,29,68.97,overall,2026-05-25T16:37:50.477546+00:00
BRS-SFA,1,1,ancient-box,Ancient Box,214,749,695,257,49.07,chien-pao-baxcalibur,Chien-Pao Baxcalibur,23,73.91,overall,2026-05-25T16:37:50.477546+00:00
BRS-SFA,1,1,ancient-box,Ancient Box,214,749,695,257,49.07,ogerpon-noivern,Ogerpon Noivern,21,20.63,overall,2026-05-25T16:37:50.477546+00:00
BRS-SFA,1,1,ancient-box,Ancient Box,214,749,695,257,49.07,giratina-lz-box,Giratina LZ Box,20,56.67,overall,2026-05-25T16:37:50.477546+00:00
BRS-SFA,1,1,ancient-box,Ancient Box,214,749,695,257,49.07,gholdengo-ex,Gholdengo,19,57.89,overall,2026-05-25T16:37:50.477546+00:00
BRS-SFA,1,1,ancient-box,Ancient Box,214,749,695,257,49.07,lzb-charizard,Lost Box Charizard,19,56.14,overall,2026-05-25T16:37:50.477546+00:00
BRS-SFA,1,1,ancient-box,Ancient Box,214,749,695,257,49.07,palkia-dusknoir,Palkia Dusknoir,18,46.3,overall,2026-05-25T16:37:50.477546+00:00
BRS-SFA,1,1,ancient-box,Ancient Box,214,749,695,257,49.07,dragapult-pidgeot,Dragapult Pidgeot,18,46.3,overall,2026-05-25T16:37:50.477546+00:00
BRS-SFA,1,1,ancient-box,Ancient Box,214,749,695,257,49.07,pidgeot-control,Pidgeot Control,16,22.92,overall,2026-05-25T16:37:50.477546+00:00
BRS-SFA,1,1,ancient-box,Ancient Box,214,749,695,257,49.07,banette-dusknoir,Banette Dusknoir,16,68.75,overall,2026-05-25T16:37:50.477546+00:00
BRS-SFA,1,1,ancient-box,Ancient Box,214,749,695,257,49.07,arceus-vulpix,Arceus Vulpix,11,27.27,overall,2026-05-25T16:37:50.477546+00:00
BRS-SFA,1,1,ancient-box,Ancient Box,214,749,695,257,49.07,dragapult-ex,Dragapult,10,23.33,overall,2026-05-25T16:37:50.477546+00:00
BRS-SFA,1,1,ancient-box,Ancient Box,214,749,695,257,49.07,lost-zone-box,Lost Zone Box,8,66.67,overall,2026-05-25T16:37:50.477546+00:00
BRS-SFA,1,1,ancient-box,Ancient Box,214,749,695,257,49.07,great-tusk-tef,Great Tusk Mill,8,50.0,overall,2026-05-25T16:37:50.477546+00:00
BRS-SFA,1,1,ancient-box,Ancient Box,214,749,695,257,49.07,united-wings,United Wings,7,61.9,overall,2026-05-25T16:37:50.477546+00:00
BRS-SFA,1,1,ancient-box,Ancient Box,214,749,695,257,49.07,okidogi-ex,Okidogi,7,100.0,overall,2026-05-25T16:37:50.477546+00:00
BRS-SFA,1,1,ancient-box,Ancient Box,214,749,695,257,49.07,darkrai-dusknoir,Darkrai Dusknoir,7,47.62,overall,2026-05-25T16:37:50.477546+00:00
BRS-SFA,1,1,ancient-box,Ancient Box,214,749,695,257,49.07,dialga-metang,Dialga Metang,6,61.11,overall,2026-05-25T16:37:50.477546+00:00
BRS-SFA,1,1,ancient-box,Ancient Box,214,749,695,257,49.07,palkia-vstar,Palkia,6,72.22,overall,2026-05-25T16:37:50.477546+00:00
BRS-SFA,1,1,ancient-box,Ancient Box,214,749,695,257,49.07,future-box,Future Box,6,88.89,overall,2026-05-25T16:37:50.477546+00:00
BRS-SFA,1,1,ancient-box,Ancient Box,214,749,695,257,49.07,klawf-par,Klawf,6,33.33,overall,2026-05-25T16:37:50.477546+00:00
BRS-SFA,1,1,ancient-box,Ancient Box,214,749,695,257,49.07,palafin-ex,Palafin,5,46.67,overall,2026-05-25T16:37:50.477546+00:00
BRS-SFA,1,1,ancient-box,Ancient Box,214,749,695,257,49.07,froslass-munkidori,Froslass Munkidori,5,73.33,overall,2026-05-25T16:37:50.477546+00:00
BRS-SFA,1,1,ancient-box,Ancient Box,214,749,695,257,49.07,mimikyu-ogerpon,Mimikyu Ogerpon,5,33.33,overall,2026-05-25T16:37:50.477546+00:00
BRS-SFA,1,1,ancient-box,Ancient Box,214,749,695,257,49.07,greninja-ex,Greninja,4,83.33,overall,2026-05-25T16:37:50.477546+00:00
BRS-SFA,1,1,ancient-box,Ancient Box,214,749,695,257,49.07,charizard-ex,Charizard,4,33.33,overall,2026-05-25T16:37:50.477546+00:00
BRS-SFA,1,1,ancient-box,Ancient Box,214,749,695,257,49.07,snorlax-pidgeot,Snorlax Pidgeot,3,0.0,overall,2026-05-25T16:37:50.477546+00:00
BRS-SFA,1,1,ancient-box,Ancient Box,214,749,695,257,49.07,toedscruel-ex,Toedscruel,3,33.33,overall,2026-05-25T16:37:50.477546+00:00
BRS-SFA,1,1,ancient-box,Ancient Box,214,749,695,257,49.07,iron-hands-ex,Future Hands,3,66.67,overall,2026-05-25T16:37:50.477546+00:00
BRS-SFA,1,1,ancient-box,Ancient Box,214,749,695,257,49.07,sinistcha-ogerpon,Sinistcha Ogerpon,3,66.67,overall,2026-05-25T16:37:50.477546+00:00
BRS-SFA,1,1,ancient-box,Ancient Box,214,749,695,257,49.07,arceus-vstar,Arceus,3,66.67,overall,2026-05-25T16:37:50.477546+00:00
BRS-SFA,1,1,ancient-box,Ancient Box,214,749,695,257,49.07,garchomp-ex,Garchomp,3,77.78,overall,2026-05-25T16:37:50.477546+00:00
BRS-SFA,1,1,ancient-box,Ancient Box,214,749,695,257,49.07,dragapult-charizard,Dragapult Charizard,3,100.0,overall,2026-05-25T16:37:50.477546+00:00
BRS-SFA,1,1,ancient-box,Ancient Box,214,749,695,257,49.07,dragapult-dusknoir,Dragapult Dusknoir,2,0.0,overall,2026-05-25T16:37:50.477546+00:00
BRS-SFA,1,1,ancient-box,Ancient Box,214,749,695,257,49.07,feraligatr-tef,Feraligatr,2,100.0,overall,2026-05-25T16:37:50.477546+00:00
BRS-SFA,1,1,ancient-box,Ancient Box,214,749,695,257,49.07,conkeldurr-twm,Conkeldurr,2,100.0,overall,2026-05-25T16:37:50.477546+00:00
BRS-SFA,1,1,ancient-box,Ancient Box,214,749,695,257,49.07,hisuian-zoroark-vstar,Hisuian Zoroark,2,100.0,overall,2026-05-25T16:37:50.477546+00:00
BRS-SFA,1,1,ancient-box,Ancient Box,214,749,695,257,49.07,greninja-froslass,Greninja Froslass,2,50.0,overall,2026-05-25T16:37:50.477546+00:00
BRS-SFA,1,1,ancient-box,Ancient Box,214,749,695,257,49.07,arceus-armarouge,Arceus Armarouge,2,16.67,overall,2026-05-25T16:37:50.477546+00:00
BRS-SFA,1,1,ancient-box,Ancient Box,214,749,695,257,49.07,gouging-fire-ex,Gouging Fire,2,66.67,overall,2026-05-25T16:37:50.477546+00:00
BRS-SFA,1,1,ancient-box,Ancient Box,214,749,695,257,49.07,spidops-ex,Spidops,2,33.33,overall,2026-05-25T16:37:50.477546+00:00
BRS-SFA,1,1,ancient-box,Ancient Box,214,749,695,257,49.07,charizard-greninja,Charizard Greninja,2,100.0,overall,2026-05-25T16:37:50.477546+00:00
BRS-SFA,1,1,ancient-box,Ancient Box,214,749,695,257,49.07,glimmora-ex,Glimmora,2,100.0,overall,2026-05-25T16:37:50.477546+00:00
BRS-SFA,1,1,ancient-box,Ancient Box,214,749,695,257,49.07,espathra-xatu,Espathra Xatu,2,33.33,overall,2026-05-25T16:37:50.477546+00:00
BRS-SFA,1,1,ancient-box,Ancient Box,214,749,695,257,49.07,luxray-pidgeot,Luxray Control,2,16.67,overall,2026-05-25T16:37:50.477546+00:00
BRS-SFA,1,1,ancient-box,Ancient Box,214,749,695,257,49.07,rotom-v,Rotom,1,100.0,overall,2026-05-25T16:37:50.477546+00:00
BRS-SFA,1,1,ancient-box,Ancient Box,214,749,695,257,49.07,hisuian-goodra-vstar,Hisuian Goodra,1,0.0,overall,2026-05-25T16:37:50.477546+00:00
BRS-SFA,1,1,ancient-box,Ancient Box,214,749,695,257,49.07,goodra-lz-box,Goodra LZ Box,1,0.0,overall,2026-05-25T16:37:50.477546+00:00
BRS-SFA,1,1,ancient-box,Ancient Box,214,749,695,257,49.07,roaring-moon-dudunsparce,Roaring Moon Dudunsparce,1,100.0,overall,2026-05-25T16:37:50.477546+00:00
BRS-SFA,1,1,ancient-box,Ancient Box,214,749,695,257,49.07,cornerstone-mask-ogerpon-ex,Cornerstone Mask Ogerpon,1,100.0,overall,2026-05-25T16:37:50.477546+00:00
BRS-SFA,1,1,ancient-box,Ancient Box,214,749,695,257,49.07,scovillain-ex,Scovillain,1,0.0,overall,2026-05-25T16:37:50.477546+00:00
BRS-SFA,1,1,ancient-box,Ancient Box,214,749,695,257,49.07,noivern-ex,Noivern,1,33.33,overall,2026-05-25T16:37:50.477546+00:00
BRS-SFA,1,1,ancient-box,Ancient Box,214,749,695,257,49.07,dragapult-lz-box,Dragapult LZ Box,1,0.0,overall,2026-05-25T16:37:50.477546+00:00
BRS-SFA,1,1,arceus-armarouge,Arceus Armarouge,1,9,2,2,74.36,regidrago-vstar,Regidrago,4,75.0,overall,2026-05-25T16:37:52.354460+00:00
BRS-SFA,1,1,arceus-armarouge,Arceus Armarouge,1,9,2,2,74.36,lugia-archeops,Lugia Archeops,2,100.0,overall,2026-05-25T16:37:52.354460+00:00
BRS-SFA,1,1,arceus-armarouge,Arceus Armarouge,1,9,2,2,74.36,ancient-box,Ancient Box,2,66.67,overall,2026-05-25T16:37:52.354460+00:00
BRS-SFA,1,1,arceus-armarouge,Arceus Armarouge,1,9,2,2,74.36,charizard-pidgeot,Charizard Pidgeot,2,66.67,overall,2026-05-25T16:37:52.354460+00:00
BRS-SFA,1,1,arceus-armarouge,Arceus Armarouge,1,9,2,2,74.36,snorlax-stall,Snorlax Stall,1,100.0,overall,2026-05-25T16:37:52.354460+00:00
BRS-SFA,1,1,arceus-armarouge,Arceus Armarouge,1,9,2,2,74.36,iron-thorns-ex,Iron Thorns,1,0.0,overall,2026-05-25T16:37:52.354460+00:00
BRS-SFA,1,1,arceus-armarouge,Arceus Armarouge,1,9,2,2,74.36,gardevoir-ex-sv,Gardevoir,1,100.0,overall,2026-05-25T16:37:52.354460+00:00
BRS-SFA,1,1,arceus-giratina,Arceus Giratina,1,3,6,0,33.33,regidrago-vstar,Regidrago,3,33.33,overall,2026-05-25T16:37:54.220324+00:00
BRS-SFA,1,1,arceus-giratina,Arceus Giratina,1,3,6,0,33.33,raging-bolt-ogerpon,Raging Bolt Ogerpon,2,0.0,overall,2026-05-25T16:37:54.220324+00:00
BRS-SFA,1,1,arceus-giratina,Arceus Giratina,1,3,6,0,33.33,miraidon-ex,Miraidon,2,0.0,overall,2026-05-25T16:37:54.220324+00:00
BRS-SFA,1,1,arceus-giratina,Arceus Giratina,1,3,6,0,33.33,arceus-vstar,Arceus,1,100.0,overall,2026-05-25T16:37:54.220324+00:00
BRS-SFA,1,1,arceus-giratina,Arceus Giratina,1,3,6,0,33.33,other,Other,1,100.0,overall,2026-05-25T16:37:54.220324+00:00
BRS-SFA,1,1,arceus-vstar,Arceus,3,6,14,3,30.43,raging-bolt-ogerpon,Raging Bolt Ogerpon,4,25.0,overall,2026-05-25T16:37:56.116460+00:00
BRS-SFA,1,1,arceus-vstar,Arceus,3,6,14,3,30.43,miraidon-ex,Miraidon,4,33.33,overall,2026-05-25T16:37:56.116460+00:00
BRS-SFA,1,1,arceus-vstar,Arceus,3,6,14,3,30.43,ancient-box,Ancient Box,3,33.33,overall,2026-05-25T16:37:56.116460+00:00
BRS-SFA,1,1,arceus-vstar,Arceus,3,6,14,3,30.43,regidrago-vstar,Regidrago,3,44.44,overall,2026-05-25T16:37:56.116460+00:00
BRS-SFA,1,1,arceus-vstar,Arceus,3,6,14,3,30.43,lugia-archeops,Lugia Archeops,2,50.0,overall,2026-05-25T16:37:56.116460+00:00
BRS-SFA,1,1,arceus-vstar,Arceus,3,6,14,3,30.43,roaring-moon-ex,Roaring Moon,2,16.67,overall,2026-05-25T16:37:56.116460+00:00
BRS-SFA,1,1,arceus-vstar,Arceus,3,6,14,3,30.43,charizard-pidgeot,Charizard Pidgeot,1,0.0,overall,2026-05-25T16:37:56.116460+00:00
BRS-SFA,1,1,arceus-vstar,Arceus,3,6,14,3,30.43,arceus-giratina,Arceus Giratina,1,0.0,overall,2026-05-25T16:37:56.116460+00:00
BRS-SFA,1,1,arceus-vstar,Arceus,3,6,14,3,30.43,snorlax-pidgeot,Snorlax Pidgeot,1,100.0,overall,2026-05-25T16:37:56.116460+00:00
BRS-SFA,1,1,arceus-vstar,Arceus,3,6,14,3,30.43,chien-pao-baxcalibur,Chien-Pao Baxcalibur,1,0.0,overall,2026-05-25T16:37:56.116460+00:00
BRS-SFA,1,1,arceus-vstar,Arceus,3,6,14,3,30.43,charizard-greninja,Charizard Greninja,1,0.0,overall,2026-05-25T16:37:56.116460+00:00
BRS-SFA,1,1,arceus-vulpix,Arceus Vulpix,8,22,28,6,42.86,regidrago-vstar,Regidrago,12,19.44,overall,2026-05-25T16:37:57.988689+00:00
BRS-SFA,1,1,arceus-vulpix,Arceus Vulpix,8,22,28,6,42.86,ancient-box,Ancient Box,11,63.64,overall,2026-05-25T16:37:57.988689+00:00
BRS-SFA,1,1,arceus-vulpix,Arceus Vulpix,8,22,28,6,42.86,raging-bolt-ogerpon,Raging Bolt Ogerpon,9,44.44,overall,2026-05-25T16:37:57.988689+00:00
BRS-SFA,1,1,arceus-vulpix,Arceus Vulpix,8,22,28,6,42.86,charizard-pidgeot,Charizard Pidgeot,5,66.67,overall,2026-05-25T16:37:57.988689+00:00
BRS-SFA,1,1,arceus-vulpix,Arceus Vulpix,8,22,28,6,42.86,other,Other,3,33.33,overall,2026-05-25T16:37:57.988689+00:00
BRS-SFA,1,1,arceus-vulpix,Arceus Vulpix,8,22,28,6,42.86,miraidon-ex,Miraidon,2,50.0,overall,2026-05-25T16:37:57.988689+00:00
BRS-SFA,1,1,arceus-vulpix,Arceus Vulpix,8,22,28,6,42.86,gholdengo-ex,Gholdengo,2,50.0,overall,2026-05-25T16:37:57.988689+00:00
BRS-SFA,1,1,arceus-vulpix,Arceus Vulpix,8,22,28,6,42.86,gardevoir-ex-sv,Gardevoir,2,0.0,overall,2026-05-25T16:37:57.988689+00:00
BRS-SFA,1,1,arceus-vulpix,Arceus Vulpix,8,22,28,6,42.86,luxray-pidgeot,Luxray Control,1,100.0,overall,2026-05-25T16:37:57.988689+00:00
BRS-SFA,1,1,arceus-vulpix,Arceus Vulpix,8,22,28,6,42.86,chien-pao-baxcalibur,Chien-Pao Baxcalibur,1,0.0,overall,2026-05-25T16:37:57.988689+00:00
BRS-SFA,1,1,arceus-vulpix,Arceus Vulpix,8,22,28,6,42.86,banette-ex-sv,Banette,1,100.0,overall,2026-05-25T16:37:57.988689+00:00
BRS-SFA,1,1,arceus-vulpix,Arceus Vulpix,8,22,28,6,42.86,dragapult-pidgeot,Dragapult Pidgeot,1,0.0,overall,2026-05-25T16:37:57.988689+00:00
BRS-SFA,1,1,arceus-vulpix,Arceus Vulpix,8,22,28,6,42.86,sinistcha-ogerpon,Sinistcha Ogerpon,1,33.33,overall,2026-05-25T16:37:57.988689+00:00
BRS-SFA,1,1,arceus-vulpix,Arceus Vulpix,8,22,28,6,42.86,iron-thorns-ex,Iron Thorns,1,100.0,overall,2026-05-25T16:37:57.988689+00:00
BRS-SFA,1,1,arceus-vulpix,Arceus Vulpix,8,22,28,6,42.86,roaring-moon-ex,Roaring Moon,1,0.0,overall,2026-05-25T16:37:57.988689+00:00
BRS-SFA,1,1,arceus-vulpix,Arceus Vulpix,8,22,28,6,42.86,banette-dusknoir,Banette Dusknoir,1,0.0,overall,2026-05-25T16:37:57.988689+00:00
BRS-SFA,1,1,arceus-vulpix,Arceus Vulpix,8,22,28,6,42.86,dragapult-ex,Dragapult,1,100.0,overall,2026-05-25T16:37:57.988689+00:00
BRS-SFA,1,1,arceus-vulpix,Arceus Vulpix,8,22,28,6,42.86,pidgeot-control,Pidgeot Control,1,0.0,overall,2026-05-25T16:37:57.988689+00:00
BRS-SFA,1,1,banette-dusknoir,Banette Dusknoir,17,64,65,5,49.0,regidrago-vstar,Regidrago,23,47.83,overall,2026-05-25T16:37:59.892568+00:00
BRS-SFA,1,1,banette-dusknoir,Banette Dusknoir,17,64,65,5,49.0,raging-bolt-ogerpon,Raging Bolt Ogerpon,21,41.27,overall,2026-05-25T16:37:59.892568+00:00
BRS-SFA,1,1,banette-dusknoir,Banette Dusknoir,17,64,65,5,49.0,charizard-pidgeot,Charizard Pidgeot,21,82.54,overall,2026-05-25T16:37:59.892568+00:00
BRS-SFA,1,1,banette-dusknoir,Banette Dusknoir,17,64,65,5,49.0,ancient-box,Ancient Box,16,31.25,overall,2026-05-25T16:37:59.892568+00:00
BRS-SFA,1,1,banette-dusknoir,Banette Dusknoir,17,64,65,5,49.0,lugia-archeops,Lugia Archeops,6,16.67,overall,2026-05-25T16:37:59.892568+00:00
BRS-SFA,1,1,banette-dusknoir,Banette Dusknoir,17,64,65,5,49.0,roaring-moon-ex,Roaring Moon,6,50.0,overall,2026-05-25T16:37:59.892568+00:00
BRS-SFA,1,1,banette-dusknoir,Banette Dusknoir,17,64,65,5,49.0,iron-thorns-ex,Iron Thorns,4,50.0,overall,2026-05-25T16:37:59.892568+00:00
BRS-SFA,1,1,banette-dusknoir,Banette Dusknoir,17,64,65,5,49.0,lzb-charizard,Lost Box Charizard,3,44.44,overall,2026-05-25T16:37:59.892568+00:00
BRS-SFA,1,1,banette-dusknoir,Banette Dusknoir,17,64,65,5,49.0,dragapult-charizard,Dragapult Charizard,3,66.67,overall,2026-05-25T16:37:59.892568+00:00
BRS-SFA,1,1,banette-dusknoir,Banette Dusknoir,17,64,65,5,49.0,dragapult-pidgeot,Dragapult Pidgeot,2,50.0,overall,2026-05-25T16:37:59.892568+00:00
BRS-SFA,1,1,banette-dusknoir,Banette Dusknoir,17,64,65,5,49.0,chien-pao-baxcalibur,Chien-Pao Baxcalibur,2,50.0,overall,2026-05-25T16:37:59.892568+00:00
BRS-SFA,1,1,banette-dusknoir,Banette Dusknoir,17,64,65,5,49.0,other,Other,2,66.67,overall,2026-05-25T16:37:59.892568+00:00
BRS-SFA,1,1,banette-dusknoir,Banette Dusknoir,17,64,65,5,49.0,gholdengo-ex,Gholdengo,2,50.0,overall,2026-05-25T16:37:59.892568+00:00
BRS-SFA,1,1,banette-dusknoir,Banette Dusknoir,17,64,65,5,49.0,miraidon-ex,Miraidon,2,0.0,overall,2026-05-25T16:37:59.892568+00:00
BRS-SFA,1,1,banette-dusknoir,Banette Dusknoir,17,64,65,5,49.0,venomoth-froslass,Venomoth Froslass,2,50.0,overall,2026-05-25T16:37:59.892568+00:00
BRS-SFA,1,1,banette-dusknoir,Banette Dusknoir,17,64,65,5,49.0,gardevoir-ex-sv,Gardevoir,2,0.0,overall,2026-05-25T16:37:59.892568+00:00
BRS-SFA,1,1,banette-dusknoir,Banette Dusknoir,17,64,65,5,49.0,darkrai-dusknoir,Darkrai Dusknoir,2,0.0,overall,2026-05-25T16:37:59.892568+00:00
BRS-SFA,1,1,banette-dusknoir,Banette Dusknoir,17,64,65,5,49.0,palkia-vstar,Palkia,1,0.0,overall,2026-05-25T16:37:59.892568+00:00
BRS-SFA,1,1,banette-dusknoir,Banette Dusknoir,17,64,65,5,49.0,greninja-froslass,Greninja Froslass,1,100.0,overall,2026-05-25T16:37:59.892568+00:00
BRS-SFA,1,1,banette-dusknoir,Banette Dusknoir,17,64,65,5,49.0,giratina-lz-box,Giratina LZ Box,1,0.0,overall,2026-05-25T16:37:59.892568+00:00
BRS-SFA,1,1,banette-dusknoir,Banette Dusknoir,17,64,65,5,49.0,klawf-par,Klawf,1,100.0,overall,2026-05-25T16:37:59.892568+00:00
BRS-SFA,1,1,banette-dusknoir,Banette Dusknoir,17,64,65,5,49.0,united-wings,United Wings,1,0.0,overall,2026-05-25T16:37:59.892568+00:00
BRS-SFA,1,1,banette-dusknoir,Banette Dusknoir,17,64,65,5,49.0,arceus-vulpix,Arceus Vulpix,1,100.0,overall,2026-05-25T16:37:59.892568+00:00
BRS-SFA,1,1,banette-dusknoir,Banette Dusknoir,17,64,65,5,49.0,charizard-ex,Charizard,1,100.0,overall,2026-05-25T16:37:59.892568+00:00
BRS-SFA,1,1,banette-dusknoir,Banette Dusknoir,17,64,65,5,49.0,tsareena-ex,Tsareena,1,100.0,overall,2026-05-25T16:37:59.892568+00:00
BRS-SFA,1,1,banette-dusknoir,Banette Dusknoir,17,64,65,5,49.0,palafin-ex,Palafin,1,100.0,overall,2026-05-25T16:37:59.892568+00:00
BRS-SFA,1,1,banette-dusknoir,Banette Dusknoir,17,64,65,5,49.0,snorlax-stall,Snorlax Stall,1,0.0,overall,2026-05-25T16:37:59.892568+00:00
BRS-SFA,1,1,banette-dusknoir,Banette Dusknoir,17,64,65,5,49.0,dialga-metang,Dialga Metang,1,0.0,overall,2026-05-25T16:37:59.892568+00:00
BRS-SFA,1,1,banette-dusknoir,Banette Dusknoir,17,64,65,5,49.0,dragapult-lz-box,Dragapult LZ Box,1,100.0,overall,2026-05-25T16:37:59.892568+00:00
BRS-SFA,1,1,banette-dusknoir,Banette Dusknoir,17,64,65,5,49.0,okidogi-ex,Okidogi,1,100.0,overall,2026-05-25T16:37:59.892568+00:00
BRS-SFA,1,1,banette-dusknoir,Banette Dusknoir,17,64,65,5,49.0,palkia-dusknoir,Palkia Dusknoir,1,0.0,overall,2026-05-25T16:37:59.892568+00:00
BRS-SFA,1,1,banette-dusknoir,Banette Dusknoir,17,64,65,5,49.0,mimikyu-ogerpon,Mimikyu Ogerpon,1,100.0,overall,2026-05-25T16:37:59.892568+00:00
BRS-SFA,1,1,banette-ex-sv,Banette,2,2,7,0,22.22,charizard-pidgeot,Charizard Pidgeot,2,50.0,overall,2026-05-25T16:38:01.824139+00:00
BRS-SFA,1,1,banette-ex-sv,Banette,2,2,7,0,22.22,dragapult-ex,Dragapult,1,0.0,overall,2026-05-25T16:38:01.824139+00:00
BRS-SFA,1,1,banette-ex-sv,Banette,2,2,7,0,22.22,pidgeot-control,Pidgeot Control,1,100.0,overall,2026-05-25T16:38:01.824139+00:00
BRS-SFA,1,1,banette-ex-sv,Banette,2,2,7,0,22.22,arceus-vulpix,Arceus Vulpix,1,0.0,overall,2026-05-25T16:38:01.824139+00:00
BRS-SFA,1,1,banette-ex-sv,Banette,2,2,7,0,22.22,lugia-archeops,Lugia Archeops,1,0.0,overall,2026-05-25T16:38:01.824139+00:00
BRS-SFA,1,1,banette-ex-sv,Banette,2,2,7,0,22.22,gardevoir-ex-sv,Gardevoir,1,0.0,overall,2026-05-25T16:38:01.824139+00:00
BRS-SFA,1,1,banette-ex-sv,Banette,2,2,7,0,22.22,luxray-pidgeot,Luxray Control,1,0.0,overall,2026-05-25T16:38:01.824139+00:00
BRS-SFA,1,1,banette-ex-sv,Banette,2,2,7,0,22.22,raging-bolt-ogerpon,Raging Bolt Ogerpon,1,0.0,overall,2026-05-25T16:38:01.824139+00:00
BRS-SFA,1,1,banette-gardevoir,Banette Gardevoir,2,8,5,1,59.52,charizard-pidgeot,Charizard Pidgeot,3,100.0,overall,2026-05-25T16:38:03.698865+00:00
BRS-SFA,1,1,banette-gardevoir,Banette Gardevoir,2,8,5,1,59.52,regidrago-vstar,Regidrago,2,50.0,overall,2026-05-25T16:38:03.698865+00:00
BRS-SFA,1,1,banette-gardevoir,Banette Gardevoir,2,8,5,1,59.52,lugia-archeops,Lugia Archeops,2,50.0,overall,2026-05-25T16:38:03.698865+00:00
BRS-SFA,1,1,banette-gardevoir,Banette Gardevoir,2,8,5,1,59.52,palkia-dusknoir,Palkia Dusknoir,1,0.0,overall,2026-05-25T16:38:03.698865+00:00
BRS-SFA,1,1,banette-gardevoir,Banette Gardevoir,2,8,5,1,59.52,raging-bolt-ogerpon,Raging Bolt Ogerpon,1,0.0,overall,2026-05-25T16:38:03.698865+00:00
BRS-SFA,1,1,banette-gardevoir,Banette Gardevoir,2,8,5,1,59.52,roaring-moon-ex,Roaring Moon,1,33.33,overall,2026-05-25T16:38:03.698865+00:00
BRS-SFA,1,1,banette-gardevoir,Banette Gardevoir,2,8,5,1,59.52,chien-pao-baxcalibur,Chien-Pao Baxcalibur,1,100.0,overall,2026-05-25T16:38:03.698865+00:00
BRS-SFA,1,1,banette-gardevoir,Banette Gardevoir,2,8,5,1,59.52,lzb-charizard,Lost Box Charizard,1,100.0,overall,2026-05-25T16:38:03.698865+00:00
BRS-SFA,1,1,banette-gardevoir,Banette Gardevoir,2,8,5,1,59.52,snorlax-stall,Snorlax Stall,1,100.0,overall,2026-05-25T16:38:03.698865+00:00
BRS-SFA,1,1,banette-gardevoir,Banette Gardevoir,2,8,5,1,59.52,gardevoir-ex-sv,Gardevoir,1,0.0,overall,2026-05-25T16:38:03.698865+00:00
BRS-SFA,1,1,blissey-ex,Blissey,1,1,2,1,33.33,miraidon-ex,Miraidon,2,50.0,overall,2026-05-25T16:38:05.590920+00:00
BRS-SFA,1,1,blissey-ex,Blissey,1,1,2,1,33.33,charizard-pidgeot,Charizard Pidgeot,1,33.33,overall,2026-05-25T16:38:05.590920+00:00
BRS-SFA,1,1,blissey-ex,Blissey,1,1,2,1,33.33,regidrago-vstar,Regidrago,1,0.0,overall,2026-05-25T16:38:05.590920+00:00
BRS-SFA,1,1,charizard-ex,Charizard,9,18,48,6,27.78,raging-bolt-ogerpon,Raging Bolt Ogerpon,13,15.38,overall,2026-05-25T16:38:07.489159+00:00
BRS-SFA,1,1,charizard-ex,Charizard,9,18,48,6,27.78,regidrago-vstar,Regidrago,13,20.51,overall,2026-05-25T16:38:07.489159+00:00
BRS-SFA,1,1,charizard-ex,Charizard,9,18,48,6,27.78,charizard-pidgeot,Charizard Pidgeot,7,28.57,overall,2026-05-25T16:38:07.489159+00:00
BRS-SFA,1,1,charizard-ex,Charizard,9,18,48,6,27.78,lugia-archeops,Lugia Archeops,6,33.33,overall,2026-05-25T16:38:07.489159+00:00
BRS-SFA,1,1,charizard-ex,Charizard,9,18,48,6,27.78,gardevoir-ex-sv,Gardevoir,4,25.0,overall,2026-05-25T16:38:07.489159+00:00
BRS-SFA,1,1,charizard-ex,Charizard,9,18,48,6,27.78,ancient-box,Ancient Box,4,58.33,overall,2026-05-25T16:38:07.489159+00:00
BRS-SFA,1,1,charizard-ex,Charizard,9,18,48,6,27.78,roaring-moon-ex,Roaring Moon,3,0.0,overall,2026-05-25T16:38:07.489159+00:00
BRS-SFA,1,1,charizard-ex,Charizard,9,18,48,6,27.78,iron-thorns-ex,Iron Thorns,3,66.67,overall,2026-05-25T16:38:07.489159+00:00
BRS-SFA,1,1,charizard-ex,Charizard,9,18,48,6,27.78,miraidon-ex,Miraidon,3,66.67,overall,2026-05-25T16:38:07.489159+00:00
BRS-SFA,1,1,charizard-ex,Charizard,9,18,48,6,27.78,palkia-vstar,Palkia,2,16.67,overall,2026-05-25T16:38:07.489159+00:00
BRS-SFA,1,1,charizard-ex,Charizard,9,18,48,6,27.78,dragapult-pidgeot,Dragapult Pidgeot,2,50.0,overall,2026-05-25T16:38:07.489159+00:00
BRS-SFA,1,1,charizard-ex,Charizard,9,18,48,6,27.78,darkrai-dusknoir,Darkrai Dusknoir,2,0.0,overall,2026-05-25T16:38:07.489159+00:00
BRS-SFA,1,1,charizard-ex,Charizard,9,18,48,6,27.78,palkia-dusknoir,Palkia Dusknoir,1,0.0,overall,2026-05-25T16:38:07.489159+00:00
BRS-SFA,1,1,charizard-ex,Charizard,9,18,48,6,27.78,ogerpon-noivern,Ogerpon Noivern,1,0.0,overall,2026-05-25T16:38:07.489159+00:00
BRS-SFA,1,1,charizard-ex,Charizard,9,18,48,6,27.78,other,Other,1,33.33,overall,2026-05-25T16:38:07.489159+00:00
BRS-SFA,1,1,charizard-ex,Charizard,9,18,48,6,27.78,klawf-par,Klawf,1,0.0,overall,2026-05-25T16:38:07.489159+00:00
BRS-SFA,1,1,charizard-ex,Charizard,9,18,48,6,27.78,chien-pao-baxcalibur,Chien-Pao Baxcalibur,1,33.33,overall,2026-05-25T16:38:07.489159+00:00
BRS-SFA,1,1,charizard-ex,Charizard,9,18,48,6,27.78,snorlax-pidgeot,Snorlax Pidgeot,1,100.0,overall,2026-05-25T16:38:07.489159+00:00
BRS-SFA,1,1,charizard-ex,Charizard,9,18,48,6,27.78,banette-dusknoir,Banette Dusknoir,1,0.0,overall,2026-05-25T16:38:07.489159+00:00
BRS-SFA,1,1,charizard-ex,Charizard,9,18,48,6,27.78,toedscruel-ex,Toedscruel,1,0.0,overall,2026-05-25T16:38:07.489159+00:00
BRS-SFA,1,1,charizard-ex,Charizard,9,18,48,6,27.78,palafin-ex,Palafin,1,0.0,overall,2026-05-25T16:38:07.489159+00:00
BRS-SFA,1,1,charizard-ex,Charizard,9,18,48,6,27.78,mimikyu-ogerpon,Mimikyu Ogerpon,1,100.0,overall,2026-05-25T16:38:07.489159+00:00
BRS-SFA,1,1,charizard-greninja,Charizard Greninja,2,6,10,1,37.25,raging-bolt-ogerpon,Raging Bolt Ogerpon,6,22.22,overall,2026-05-25T16:38:09.371329+00:00
BRS-SFA,1,1,charizard-greninja,Charizard Greninja,2,6,10,1,37.25,gardevoir-ex-sv,Gardevoir,2,0.0,overall,2026-05-25T16:38:09.371329+00:00
BRS-SFA,1,1,charizard-greninja,Charizard Greninja,2,6,10,1,37.25,ancient-box,Ancient Box,2,0.0,overall,2026-05-25T16:38:09.371329+00:00
BRS-SFA,1,1,charizard-greninja,Charizard Greninja,2,6,10,1,37.25,gouging-fire-ex,Gouging Fire,1,100.0,overall,2026-05-25T16:38:09.371329+00:00
BRS-SFA,1,1,charizard-greninja,Charizard Greninja,2,6,10,1,37.25,charizard-pidgeot,Charizard Pidgeot,1,0.0,overall,2026-05-25T16:38:09.371329+00:00
BRS-SFA,1,1,charizard-greninja,Charizard Greninja,2,6,10,1,37.25,okidogi-ex,Okidogi,1,100.0,overall,2026-05-25T16:38:09.371329+00:00
BRS-SFA,1,1,charizard-greninja,Charizard Greninja,2,6,10,1,37.25,other,Other,1,100.0,overall,2026-05-25T16:38:09.371329+00:00
BRS-SFA,1,1,charizard-greninja,Charizard Greninja,2,6,10,1,37.25,miraidon-ex,Miraidon,1,100.0,overall,2026-05-25T16:38:09.371329+00:00
BRS-SFA,1,1,charizard-greninja,Charizard Greninja,2,6,10,1,37.25,arceus-vstar,Arceus,1,100.0,overall,2026-05-25T16:38:09.371329+00:00
BRS-SFA,1,1,charizard-greninja,Charizard Greninja,2,6,10,1,37.25,snorlax-stall,Snorlax Stall,1,0.0,overall,2026-05-25T16:38:09.371329+00:00
BRS-SFA,1,1,charizard-pidgeot,Charizard Pidgeot,296,985,995,265,47.81,regidrago-vstar,Regidrago,388,34.02,overall,2026-05-25T16:38:11.283454+00:00
BRS-SFA,1,1,charizard-pidgeot,Charizard Pidgeot,296,985,995,265,47.81,raging-bolt-ogerpon,Raging Bolt Ogerpon,326,54.29,overall,2026-05-25T16:38:11.283454+00:00
BRS-SFA,1,1,charizard-pidgeot,Charizard Pidgeot,296,985,995,265,47.81,ancient-box,Ancient Box,236,68.36,overall,2026-05-25T16:38:11.283454+00:00
BRS-SFA,1,1,charizard-pidgeot,Charizard Pidgeot,296,985,995,265,47.81,charizard-pidgeot,Charizard Pidgeot,141,47.16,overall,2026-05-25T16:38:11.283454+00:00
BRS-SFA,1,1,charizard-pidgeot,Charizard Pidgeot,296,985,995,265,47.81,lugia-archeops,Lugia Archeops,138,46.14,overall,2026-05-25T16:38:11.283454+00:00
BRS-SFA,1,1,charizard-pidgeot,Charizard Pidgeot,296,985,995,265,47.81,miraidon-ex,Miraidon,131,67.68,overall,2026-05-25T16:38:11.283454+00:00
BRS-SFA,1,1,charizard-pidgeot,Charizard Pidgeot,296,985,995,265,47.81,roaring-moon-ex,Roaring Moon,129,46.77,overall,2026-05-25T16:38:11.283454+00:00
BRS-SFA,1,1,charizard-pidgeot,Charizard Pidgeot,296,985,995,265,47.81,gardevoir-ex-sv,Gardevoir,82,47.15,overall,2026-05-25T16:38:11.283454+00:00
BRS-SFA,1,1,charizard-pidgeot,Charizard Pidgeot,296,985,995,265,47.81,snorlax-stall,Snorlax Stall,52,16.67,overall,2026-05-25T16:38:11.283454+00:00
BRS-SFA,1,1,charizard-pidgeot,Charizard Pidgeot,296,985,995,265,47.81,chien-pao-baxcalibur,Chien-Pao Baxcalibur,43,45.74,overall,2026-05-25T16:38:11.283454+00:00
BRS-SFA,1,1,charizard-pidgeot,Charizard Pidgeot,296,985,995,265,47.81,lzb-charizard,Lost Box Charizard,31,51.61,overall,2026-05-25T16:38:11.283454+00:00
BRS-SFA,1,1,charizard-pidgeot,Charizard Pidgeot,296,985,995,265,47.81,other,Other,27,59.26,overall,2026-05-25T16:38:11.283454+00:00
BRS-SFA,1,1,charizard-pidgeot,Charizard Pidgeot,296,985,995,265,47.81,giratina-lz-box,Giratina LZ Box,26,39.74,overall,2026-05-25T16:38:11.283454+00:00
BRS-SFA,1,1,charizard-pidgeot,Charizard Pidgeot,296,985,995,265,47.81,iron-thorns-ex,Iron Thorns,25,40.0,overall,2026-05-25T16:38:11.283454+00:00
BRS-SFA,1,1,charizard-pidgeot,Charizard Pidgeot,296,985,995,265,47.81,gholdengo-ex,Gholdengo,23,56.52,overall,2026-05-25T16:38:11.283454+00:00
BRS-SFA,1,1,charizard-pidgeot,Charizard Pidgeot,296,985,995,265,47.81,ogerpon-noivern,Ogerpon Noivern,22,1.52,overall,2026-05-25T16:38:11.283454+00:00
BRS-SFA,1,1,charizard-pidgeot,Charizard Pidgeot,296,985,995,265,47.81,banette-dusknoir,Banette Dusknoir,21,15.87,overall,2026-05-25T16:38:11.283454+00:00
BRS-SFA,1,1,charizard-pidgeot,Charizard Pidgeot,296,985,995,265,47.81,pidgeot-control,Pidgeot Control,18,33.33,overall,2026-05-25T16:38:11.283454+00:00
BRS-SFA,1,1,charizard-pidgeot,Charizard Pidgeot,296,985,995,265,47.81,palkia-dusknoir,Palkia Dusknoir,17,37.25,overall,2026-05-25T16:38:11.283454+00:00
BRS-SFA,1,1,charizard-pidgeot,Charizard Pidgeot,296,985,995,265,47.81,dragapult-pidgeot,Dragapult Pidgeot,17,37.25,overall,2026-05-25T16:38:11.283454+00:00
BRS-SFA,1,1,charizard-pidgeot,Charizard Pidgeot,296,985,995,265,47.81,dragapult-charizard,Dragapult Charizard,14,52.38,overall,2026-05-25T16:38:11.283454+00:00
BRS-SFA,1,1,charizard-pidgeot,Charizard Pidgeot,296,985,995,265,47.81,mimikyu-ogerpon,Mimikyu Ogerpon,13,7.69,overall,2026-05-25T16:38:11.283454+00:00
BRS-SFA,1,1,charizard-pidgeot,Charizard Pidgeot,296,985,995,265,47.81,iron-hands-ex,Future Hands,11,81.82,overall,2026-05-25T16:38:11.283454+00:00
BRS-SFA,1,1,charizard-pidgeot,Charizard Pidgeot,296,985,995,265,47.81,klawf-par,Klawf,10,53.33,overall,2026-05-25T16:38:11.283454+00:00
BRS-SFA,1,1,charizard-pidgeot,Charizard Pidgeot,296,985,995,265,47.81,palafin-ex,Palafin,9,59.26,overall,2026-05-25T16:38:11.283454+00:00
BRS-SFA,1,1,charizard-pidgeot,Charizard Pidgeot,296,985,995,265,47.81,darkrai-dusknoir,Darkrai Dusknoir,9,37.04,overall,2026-05-25T16:38:11.283454+00:00
BRS-SFA,1,1,charizard-pidgeot,Charizard Pidgeot,296,985,995,265,47.81,okidogi-ex,Okidogi,9,77.78,overall,2026-05-25T16:38:11.283454+00:00
BRS-SFA,1,1,charizard-pidgeot,Charizard Pidgeot,296,985,995,265,47.81,dialga-metang,Dialga Metang,9,48.15,overall,2026-05-25T16:38:11.283454+00:00
BRS-SFA,1,1,charizard-pidgeot,Charizard Pidgeot,296,985,995,265,47.81,dragapult-ex,Dragapult,8,58.33,overall,2026-05-25T16:38:11.283454+00:00
BRS-SFA,1,1,charizard-pidgeot,Charizard Pidgeot,296,985,995,265,47.81,palkia-vstar,Palkia,8,75.0,overall,2026-05-25T16:38:11.283454+00:00
BRS-SFA,1,1,charizard-pidgeot,Charizard Pidgeot,296,985,995,265,47.81,greninja-froslass,Greninja Froslass,7,28.57,overall,2026-05-25T16:38:11.283454+00:00
BRS-SFA,1,1,charizard-pidgeot,Charizard Pidgeot,296,985,995,265,47.81,charizard-ex,Charizard,7,71.43,overall,2026-05-25T16:38:11.283454+00:00
BRS-SFA,1,1,charizard-pidgeot,Charizard Pidgeot,296,985,995,265,47.81,garchomp-ex,Garchomp,6,27.78,overall,2026-05-25T16:38:11.283454+00:00
BRS-SFA,1,1,charizard-pidgeot,Charizard Pidgeot,296,985,995,265,47.81,luxray-pidgeot,Luxray Control,5,80.0,overall,2026-05-25T16:38:11.283454+00:00
BRS-SFA,1,1,charizard-pidgeot,Charizard Pidgeot,296,985,995,265,47.81,arceus-vulpix,Arceus Vulpix,5,26.67,overall,2026-05-25T16:38:11.283454+00:00
BRS-SFA,1,1,charizard-pidgeot,Charizard Pidgeot,296,985,995,265,47.81,lost-zone-box,Lost Zone Box,5,60.0,overall,2026-05-25T16:38:11.283454+00:00
BRS-SFA,1,1,charizard-pidgeot,Charizard Pidgeot,296,985,995,265,47.81,tsareena-ex,Tsareena,5,40.0,overall,2026-05-25T16:38:11.283454+00:00
BRS-SFA,1,1,charizard-pidgeot,Charizard Pidgeot,296,985,995,265,47.81,cornerstone-mask-ogerpon-ex,Cornerstone Mask Ogerpon,4,0.0,overall,2026-05-25T16:38:11.283454+00:00
BRS-SFA,1,1,charizard-pidgeot,Charizard Pidgeot,296,985,995,265,47.81,snorlax-pidgeot,Snorlax Pidgeot,4,0.0,overall,2026-05-25T16:38:11.283454+00:00
BRS-SFA,1,1,charizard-pidgeot,Charizard Pidgeot,296,985,995,265,47.81,sinistcha-ogerpon,Sinistcha Ogerpon,4,33.33,overall,2026-05-25T16:38:11.283454+00:00
BRS-SFA,1,1,charizard-pidgeot,Charizard Pidgeot,296,985,995,265,47.81,froslass-munkidori,Froslass Munkidori,4,66.67,overall,2026-05-25T16:38:11.283454+00:00
BRS-SFA,1,1,charizard-pidgeot,Charizard Pidgeot,296,985,995,265,47.81,espathra-xatu,Espathra Xatu,4,8.33,overall,2026-05-25T16:38:11.283454+00:00
BRS-SFA,1,1,charizard-pidgeot,Charizard Pidgeot,296,985,995,265,47.81,toedscruel-ex,Toedscruel,4,66.67,overall,2026-05-25T16:38:11.283454+00:00
BRS-SFA,1,1,charizard-pidgeot,Charizard Pidgeot,296,985,995,265,47.81,banette-gardevoir,Banette Gardevoir,3,0.0,overall,2026-05-25T16:38:11.283454+00:00
BRS-SFA,1,1,charizard-pidgeot,Charizard Pidgeot,296,985,995,265,47.81,gouging-fire-ex,Gouging Fire,3,100.0,overall,2026-05-25T16:38:11.283454+00:00
BRS-SFA,1,1,charizard-pidgeot,Charizard Pidgeot,296,985,995,265,47.81,spidops-ex,Spidops,3,22.22,overall,2026-05-25T16:38:11.283454+00:00
BRS-SFA,1,1,charizard-pidgeot,Charizard Pidgeot,296,985,995,265,47.81,great-tusk-tef,Great Tusk Mill,3,33.33,overall,2026-05-25T16:38:11.283454+00:00
BRS-SFA,1,1,charizard-pidgeot,Charizard Pidgeot,296,985,995,265,47.81,goodra-lz-box,Goodra LZ Box,2,50.0,overall,2026-05-25T16:38:11.283454+00:00
BRS-SFA,1,1,charizard-pidgeot,Charizard Pidgeot,296,985,995,265,47.81,omastar-archeops,Omastar Archeops,2,66.67,overall,2026-05-25T16:38:11.283454+00:00
BRS-SFA,1,1,charizard-pidgeot,Charizard Pidgeot,296,985,995,265,47.81,banette-ex-sv,Banette,2,50.0,overall,2026-05-25T16:38:11.283454+00:00
BRS-SFA,1,1,charizard-pidgeot,Charizard Pidgeot,296,985,995,265,47.81,noivern-ex,Noivern,2,0.0,overall,2026-05-25T16:38:11.283454+00:00
BRS-SFA,1,1,charizard-pidgeot,Charizard Pidgeot,296,985,995,265,47.81,rotom-v,Rotom,2,100.0,overall,2026-05-25T16:38:11.283454+00:00
BRS-SFA,1,1,charizard-pidgeot,Charizard Pidgeot,296,985,995,265,47.81,dragapult-dusknoir,Dragapult Dusknoir,2,50.0,overall,2026-05-25T16:38:11.283454+00:00
BRS-SFA,1,1,charizard-pidgeot,Charizard Pidgeot,296,985,995,265,47.81,arceus-armarouge,Arceus Armarouge,2,16.67,overall,2026-05-25T16:38:11.283454+00:00
BRS-SFA,1,1,charizard-pidgeot,Charizard Pidgeot,296,985,995,265,47.81,greninja-ex,Greninja,2,100.0,overall,2026-05-25T16:38:11.283454+00:00
BRS-SFA,1,1,charizard-pidgeot,Charizard Pidgeot,296,985,995,265,47.81,charizard-greninja,Charizard Greninja,1,100.0,overall,2026-05-25T16:38:11.283454+00:00
BRS-SFA,1,1,charizard-pidgeot,Charizard Pidgeot,296,985,995,265,47.81,arceus-vstar,Arceus,1,100.0,overall,2026-05-25T16:38:11.283454+00:00
BRS-SFA,1,1,charizard-pidgeot,Charizard Pidgeot,296,985,995,265,47.81,conkeldurr-twm,Conkeldurr,1,100.0,overall,2026-05-25T16:38:11.283454+00:00
BRS-SFA,1,1,charizard-pidgeot,Charizard Pidgeot,296,985,995,265,47.81,blissey-ex,Blissey,1,33.33,overall,2026-05-25T16:38:11.283454+00:00
BRS-SFA,1,1,charizard-pidgeot,Charizard Pidgeot,296,985,995,265,47.81,steelix-par,Steelix,1,100.0,overall,2026-05-25T16:38:11.283454+00:00
BRS-SFA,1,1,charizard-pidgeot,Charizard Pidgeot,296,985,995,265,47.81,dragapult-lz-box,Dragapult LZ Box,1,0.0,overall,2026-05-25T16:38:11.283454+00:00
BRS-SFA,1,1,charizard-pidgeot,Charizard Pidgeot,296,985,995,265,47.81,magnezone-ex,Magnezone,1,33.33,overall,2026-05-25T16:38:11.283454+00:00
BRS-SFA,1,1,charizard-pidgeot,Charizard Pidgeot,296,985,995,265,47.81,future-box,Future Box,1,100.0,overall,2026-05-25T16:38:11.283454+00:00
BRS-SFA,1,1,charizard-pidgeot,Charizard Pidgeot,296,985,995,265,47.81,alakazam-ex,Alakazam,1,100.0,overall,2026-05-25T16:38:11.283454+00:00
BRS-SFA,1,1,charizard-pidgeot,Charizard Pidgeot,296,985,995,265,47.81,venomoth-froslass,Venomoth Froslass,1,100.0,overall,2026-05-25T16:38:11.283454+00:00
BRS-SFA,1,1,charizard-pidgeot,Charizard Pidgeot,296,985,995,265,47.81,regigigas-asr,Regis,1,100.0,overall,2026-05-25T16:38:11.283454+00:00
BRS-SFA,1,1,charizard-pidgeot,Charizard Pidgeot,296,985,995,265,47.81,united-wings,United Wings,1,33.33,overall,2026-05-25T16:38:11.283454+00:00
BRS-SFA,1,1,chien-pao-baxcalibur,Chien-Pao Baxcalibur,43,99,163,38,37.22,raging-bolt-ogerpon,Raging Bolt Ogerpon,51,38.56,overall,2026-05-25T16:38:13.177112+00:00
BRS-SFA,1,1,chien-pao-baxcalibur,Chien-Pao Baxcalibur,43,99,163,38,37.22,regidrago-vstar,Regidrago,50,36.67,overall,2026-05-25T16:38:13.177112+00:00
BRS-SFA,1,1,chien-pao-baxcalibur,Chien-Pao Baxcalibur,43,99,163,38,37.22,charizard-pidgeot,Charizard Pidgeot,43,52.71,overall,2026-05-25T16:38:13.177112+00:00
BRS-SFA,1,1,chien-pao-baxcalibur,Chien-Pao Baxcalibur,43,99,163,38,37.22,ancient-box,Ancient Box,23,21.74,overall,2026-05-25T16:38:13.177112+00:00
BRS-SFA,1,1,chien-pao-baxcalibur,Chien-Pao Baxcalibur,43,99,163,38,37.22,miraidon-ex,Miraidon,21,22.22,overall,2026-05-25T16:38:13.177112+00:00
BRS-SFA,1,1,chien-pao-baxcalibur,Chien-Pao Baxcalibur,43,99,163,38,37.22,lugia-archeops,Lugia Archeops,18,16.67,overall,2026-05-25T16:38:13.177112+00:00
BRS-SFA,1,1,chien-pao-baxcalibur,Chien-Pao Baxcalibur,43,99,163,38,37.22,roaring-moon-ex,Roaring Moon,15,24.44,overall,2026-05-25T16:38:13.177112+00:00
BRS-SFA,1,1,chien-pao-baxcalibur,Chien-Pao Baxcalibur,43,99,163,38,37.22,snorlax-stall,Snorlax Stall,6,33.33,overall,2026-05-25T16:38:13.177112+00:00
BRS-SFA,1,1,chien-pao-baxcalibur,Chien-Pao Baxcalibur,43,99,163,38,37.22,gardevoir-ex-sv,Gardevoir,5,60.0,overall,2026-05-25T16:38:13.177112+00:00
BRS-SFA,1,1,chien-pao-baxcalibur,Chien-Pao Baxcalibur,43,99,163,38,37.22,klawf-par,Klawf,4,33.33,overall,2026-05-25T16:38:13.177112+00:00
BRS-SFA,1,1,chien-pao-baxcalibur,Chien-Pao Baxcalibur,43,99,163,38,37.22,gholdengo-ex,Gholdengo,4,75.0,overall,2026-05-25T16:38:13.177112+00:00
BRS-SFA,1,1,chien-pao-baxcalibur,Chien-Pao Baxcalibur,43,99,163,38,37.22,iron-thorns-ex,Iron Thorns,4,50.0,overall,2026-05-25T16:38:13.177112+00:00
BRS-SFA,1,1,chien-pao-baxcalibur,Chien-Pao Baxcalibur,43,99,163,38,37.22,other,Other,3,55.56,overall,2026-05-25T16:38:13.177112+00:00
BRS-SFA,1,1,chien-pao-baxcalibur,Chien-Pao Baxcalibur,43,99,163,38,37.22,dragapult-ex,Dragapult,3,66.67,overall,2026-05-25T16:38:13.177112+00:00
BRS-SFA,1,1,chien-pao-baxcalibur,Chien-Pao Baxcalibur,43,99,163,38,37.22,giratina-lz-box,Giratina LZ Box,3,44.44,overall,2026-05-25T16:38:13.177112+00:00
BRS-SFA,1,1,chien-pao-baxcalibur,Chien-Pao Baxcalibur,43,99,163,38,37.22,ogerpon-noivern,Ogerpon Noivern,3,22.22,overall,2026-05-25T16:38:13.177112+00:00
BRS-SFA,1,1,chien-pao-baxcalibur,Chien-Pao Baxcalibur,43,99,163,38,37.22,palafin-ex,Palafin,3,33.33,overall,2026-05-25T16:38:13.177112+00:00
BRS-SFA,1,1,chien-pao-baxcalibur,Chien-Pao Baxcalibur,43,99,163,38,37.22,chien-pao-baxcalibur,Chien-Pao Baxcalibur,3,44.44,overall,2026-05-25T16:38:13.177112+00:00
BRS-SFA,1,1,chien-pao-baxcalibur,Chien-Pao Baxcalibur,43,99,163,38,37.22,dragapult-pidgeot,Dragapult Pidgeot,3,44.44,overall,2026-05-25T16:38:13.177112+00:00
BRS-SFA,1,1,chien-pao-baxcalibur,Chien-Pao Baxcalibur,43,99,163,38,37.22,dialga-metang,Dialga Metang,3,33.33,overall,2026-05-25T16:38:13.177112+00:00
BRS-SFA,1,1,chien-pao-baxcalibur,Chien-Pao Baxcalibur,43,99,163,38,37.22,iron-hands-ex,Future Hands,2,0.0,overall,2026-05-25T16:38:13.177112+00:00
BRS-SFA,1,1,chien-pao-baxcalibur,Chien-Pao Baxcalibur,43,99,163,38,37.22,banette-dusknoir,Banette Dusknoir,2,50.0,overall,2026-05-25T16:38:13.177112+00:00
BRS-SFA,1,1,chien-pao-baxcalibur,Chien-Pao Baxcalibur,43,99,163,38,37.22,lzb-charizard,Lost Box Charizard,2,0.0,overall,2026-05-25T16:38:13.177112+00:00
BRS-SFA,1,1,chien-pao-baxcalibur,Chien-Pao Baxcalibur,43,99,163,38,37.22,mimikyu-ogerpon,Mimikyu Ogerpon,2,66.67,overall,2026-05-25T16:38:13.177112+00:00
BRS-SFA,1,1,chien-pao-baxcalibur,Chien-Pao Baxcalibur,43,99,163,38,37.22,omastar-archeops,Omastar Archeops,2,50.0,overall,2026-05-25T16:38:13.177112+00:00
BRS-SFA,1,1,chien-pao-baxcalibur,Chien-Pao Baxcalibur,43,99,163,38,37.22,okidogi-ex,Okidogi,2,66.67,overall,2026-05-25T16:38:13.177112+00:00
BRS-SFA,1,1,chien-pao-baxcalibur,Chien-Pao Baxcalibur,43,99,163,38,37.22,arceus-vulpix,Arceus Vulpix,1,100.0,overall,2026-05-25T16:38:13.177112+00:00
BRS-SFA,1,1,chien-pao-baxcalibur,Chien-Pao Baxcalibur,43,99,163,38,37.22,greninja-ex,Greninja,1,33.33,overall,2026-05-25T16:38:13.177112+00:00
BRS-SFA,1,1,chien-pao-baxcalibur,Chien-Pao Baxcalibur,43,99,163,38,37.22,great-tusk-tef,Great Tusk Mill,1,0.0,overall,2026-05-25T16:38:13.177112+00:00
BRS-SFA,1,1,chien-pao-baxcalibur,Chien-Pao Baxcalibur,43,99,163,38,37.22,tsareena-ex,Tsareena,1,0.0,overall,2026-05-25T16:38:13.177112+00:00
BRS-SFA,1,1,chien-pao-baxcalibur,Chien-Pao Baxcalibur,43,99,163,38,37.22,united-wings,United Wings,1,100.0,overall,2026-05-25T16:38:13.177112+00:00
BRS-SFA,1,1,chien-pao-baxcalibur,Chien-Pao Baxcalibur,43,99,163,38,37.22,gouging-fire-ex,Gouging Fire,1,100.0,overall,2026-05-25T16:38:13.177112+00:00
BRS-SFA,1,1,chien-pao-baxcalibur,Chien-Pao Baxcalibur,43,99,163,38,37.22,darkrai-dusknoir,Darkrai Dusknoir,1,0.0,overall,2026-05-25T16:38:13.177112+00:00
BRS-SFA,1,1,chien-pao-baxcalibur,Chien-Pao Baxcalibur,43,99,163,38,37.22,banette-gardevoir,Banette Gardevoir,1,0.0,overall,2026-05-25T16:38:13.177112+00:00
BRS-SFA,1,1,chien-pao-baxcalibur,Chien-Pao Baxcalibur,43,99,163,38,37.22,charizard-ex,Charizard,1,33.33,overall,2026-05-25T16:38:13.177112+00:00
BRS-SFA,1,1,chien-pao-baxcalibur,Chien-Pao Baxcalibur,43,99,163,38,37.22,snorlax-pidgeot,Snorlax Pidgeot,1,0.0,overall,2026-05-25T16:38:13.177112+00:00
BRS-SFA,1,1,chien-pao-baxcalibur,Chien-Pao Baxcalibur,43,99,163,38,37.22,festival-lead,Dipplin,1,33.33,overall,2026-05-25T16:38:13.177112+00:00
BRS-SFA,1,1,chien-pao-baxcalibur,Chien-Pao Baxcalibur,43,99,163,38,37.22,arceus-vstar,Arceus,1,100.0,overall,2026-05-25T16:38:13.177112+00:00
BRS-SFA,1,1,chien-pao-baxcalibur,Chien-Pao Baxcalibur,43,99,163,38,37.22,dragapult-charizard,Dragapult Charizard,1,0.0,overall,2026-05-25T16:38:13.177112+00:00
BRS-SFA,1,1,chien-pao-baxcalibur,Chien-Pao Baxcalibur,43,99,163,38,37.22,lost-zone-box,Lost Zone Box,1,0.0,overall,2026-05-25T16:38:13.177112+00:00
BRS-SFA,1,1,chien-pao-baxcalibur,Chien-Pao Baxcalibur,43,99,163,38,37.22,toedscruel-ex,Toedscruel,1,100.0,overall,2026-05-25T16:38:13.177112+00:00
BRS-SFA,1,1,chien-pao-baxcalibur,Chien-Pao Baxcalibur,43,99,163,38,37.22,froslass-munkidori,Froslass Munkidori,1,0.0,overall,2026-05-25T16:38:13.177112+00:00
BRS-SFA,1,1,conkeldurr-twm,Conkeldurr,2,4,7,3,35.71,raging-bolt-ogerpon,Raging Bolt Ogerpon,3,44.44,overall,2026-05-25T16:38:15.056793+00:00
BRS-SFA,1,1,conkeldurr-twm,Conkeldurr,2,4,7,3,35.71,ancient-box,Ancient Box,2,0.0,overall,2026-05-25T16:38:15.056793+00:00
BRS-SFA,1,1,conkeldurr-twm,Conkeldurr,2,4,7,3,35.71,miraidon-ex,Miraidon,2,16.67,overall,2026-05-25T16:38:15.056793+00:00
BRS-SFA,1,1,conkeldurr-twm,Conkeldurr,2,4,7,3,35.71,charizard-pidgeot,Charizard Pidgeot,1,0.0,overall,2026-05-25T16:38:15.056793+00:00
BRS-SFA,1,1,conkeldurr-twm,Conkeldurr,2,4,7,3,35.71,spidops-ex,Spidops,1,100.0,overall,2026-05-25T16:38:15.056793+00:00
BRS-SFA,1,1,conkeldurr-twm,Conkeldurr,2,4,7,3,35.71,gardevoir-ex-sv,Gardevoir,1,0.0,overall,2026-05-25T16:38:15.056793+00:00
BRS-SFA,1,1,conkeldurr-twm,Conkeldurr,2,4,7,3,35.71,lugia-archeops,Lugia Archeops,1,100.0,overall,2026-05-25T16:38:15.056793+00:00
BRS-SFA,1,1,conkeldurr-twm,Conkeldurr,2,4,7,3,35.71,roaring-moon-ex,Roaring Moon,1,0.0,overall,2026-05-25T16:38:15.056793+00:00
BRS-SFA,1,1,conkeldurr-twm,Conkeldurr,2,4,7,3,35.71,garchomp-ex,Garchomp,1,33.33,overall,2026-05-25T16:38:15.056793+00:00
BRS-SFA,1,1,conkeldurr-twm,Conkeldurr,2,4,7,3,35.71,lost-zone-box,Lost Zone Box,1,100.0,overall,2026-05-25T16:38:15.056793+00:00
BRS-SFA,1,1,cornerstone-mask-ogerpon-ex,Cornerstone Mask Ogerpon,2,5,9,0,35.71,charizard-pidgeot,Charizard Pidgeot,4,100.0,overall,2026-05-25T16:38:16.950621+00:00
BRS-SFA,1,1,cornerstone-mask-ogerpon-ex,Cornerstone Mask Ogerpon,2,5,9,0,35.71,raging-bolt-ogerpon,Raging Bolt Ogerpon,2,0.0,overall,2026-05-25T16:38:16.950621+00:00
BRS-SFA,1,1,cornerstone-mask-ogerpon-ex,Cornerstone Mask Ogerpon,2,5,9,0,35.71,regidrago-vstar,Regidrago,1,0.0,overall,2026-05-25T16:38:16.950621+00:00
BRS-SFA,1,1,cornerstone-mask-ogerpon-ex,Cornerstone Mask Ogerpon,2,5,9,0,35.71,dragapult-pidgeot,Dragapult Pidgeot,1,0.0,overall,2026-05-25T16:38:16.950621+00:00
BRS-SFA,1,1,cornerstone-mask-ogerpon-ex,Cornerstone Mask Ogerpon,2,5,9,0,35.71,dragapult-charizard,Dragapult Charizard,1,0.0,overall,2026-05-25T16:38:16.950621+00:00
BRS-SFA,1,1,cornerstone-mask-ogerpon-ex,Cornerstone Mask Ogerpon,2,5,9,0,35.71,toedscruel-ex,Toedscruel,1,100.0,overall,2026-05-25T16:38:16.950621+00:00
BRS-SFA,1,1,cornerstone-mask-ogerpon-ex,Cornerstone Mask Ogerpon,2,5,9,0,35.71,ancient-box,Ancient Box,1,0.0,overall,2026-05-25T16:38:16.950621+00:00
BRS-SFA,1,1,cornerstone-mask-ogerpon-ex,Cornerstone Mask Ogerpon,2,5,9,0,35.71,roaring-moon-ex,Roaring Moon,1,0.0,overall,2026-05-25T16:38:16.950621+00:00
BRS-SFA,1,1,cornerstone-mask-ogerpon-ex,Cornerstone Mask Ogerpon,2,5,9,0,35.71,other,Other,1,0.0,overall,2026-05-25T16:38:16.950621+00:00
BRS-SFA,1,1,cornerstone-mask-ogerpon-ex,Cornerstone Mask Ogerpon,2,5,9,0,35.71,gardevoir-ex-sv,Gardevoir,1,0.0,overall,2026-05-25T16:38:16.950621+00:00
BRS-SFA,1,1,darkrai-dusknoir,Darkrai Dusknoir,9,31,29,3,50.79,regidrago-vstar,Regidrago,12,8.33,overall,2026-05-25T16:38:18.840703+00:00
BRS-SFA,1,1,darkrai-dusknoir,Darkrai Dusknoir,9,31,29,3,50.79,charizard-pidgeot,Charizard Pidgeot,9,59.26,overall,2026-05-25T16:38:18.840703+00:00
BRS-SFA,1,1,darkrai-dusknoir,Darkrai Dusknoir,9,31,29,3,50.79,ancient-box,Ancient Box,7,47.62,overall,2026-05-25T16:38:18.840703+00:00
BRS-SFA,1,1,darkrai-dusknoir,Darkrai Dusknoir,9,31,29,3,50.79,raging-bolt-ogerpon,Raging Bolt Ogerpon,7,47.62,overall,2026-05-25T16:38:18.840703+00:00
BRS-SFA,1,1,darkrai-dusknoir,Darkrai Dusknoir,9,31,29,3,50.79,lugia-archeops,Lugia Archeops,5,60.0,overall,2026-05-25T16:38:18.840703+00:00
BRS-SFA,1,1,darkrai-dusknoir,Darkrai Dusknoir,9,31,29,3,50.79,lzb-charizard,Lost Box Charizard,3,33.33,overall,2026-05-25T16:38:18.840703+00:00
BRS-SFA,1,1,darkrai-dusknoir,Darkrai Dusknoir,9,31,29,3,50.79,miraidon-ex,Miraidon,2,100.0,overall,2026-05-25T16:38:18.840703+00:00
BRS-SFA,1,1,darkrai-dusknoir,Darkrai Dusknoir,9,31,29,3,50.79,great-tusk-tef,Great Tusk Mill,2,50.0,overall,2026-05-25T16:38:18.840703+00:00
BRS-SFA,1,1,darkrai-dusknoir,Darkrai Dusknoir,9,31,29,3,50.79,roaring-moon-ex,Roaring Moon,2,50.0,overall,2026-05-25T16:38:18.840703+00:00
BRS-SFA,1,1,darkrai-dusknoir,Darkrai Dusknoir,9,31,29,3,50.79,palkia-dusknoir,Palkia Dusknoir,2,100.0,overall,2026-05-25T16:38:18.840703+00:00
BRS-SFA,1,1,darkrai-dusknoir,Darkrai Dusknoir,9,31,29,3,50.79,charizard-ex,Charizard,2,100.0,overall,2026-05-25T16:38:18.840703+00:00
BRS-SFA,1,1,darkrai-dusknoir,Darkrai Dusknoir,9,31,29,3,50.79,banette-dusknoir,Banette Dusknoir,2,100.0,overall,2026-05-25T16:38:18.840703+00:00
BRS-SFA,1,1,darkrai-dusknoir,Darkrai Dusknoir,9,31,29,3,50.79,espathra-xatu,Espathra Xatu,1,0.0,overall,2026-05-25T16:38:18.840703+00:00
BRS-SFA,1,1,darkrai-dusknoir,Darkrai Dusknoir,9,31,29,3,50.79,snorlax-stall,Snorlax Stall,1,100.0,overall,2026-05-25T16:38:18.840703+00:00
BRS-SFA,1,1,darkrai-dusknoir,Darkrai Dusknoir,9,31,29,3,50.79,iron-hands-ex,Future Hands,1,100.0,overall,2026-05-25T16:38:18.840703+00:00
BRS-SFA,1,1,darkrai-dusknoir,Darkrai Dusknoir,9,31,29,3,50.79,giratina-lz-box,Giratina LZ Box,1,100.0,overall,2026-05-25T16:38:18.840703+00:00
BRS-SFA,1,1,darkrai-dusknoir,Darkrai Dusknoir,9,31,29,3,50.79,chien-pao-baxcalibur,Chien-Pao Baxcalibur,1,100.0,overall,2026-05-25T16:38:18.840703+00:00
BRS-SFA,1,1,darkrai-dusknoir,Darkrai Dusknoir,9,31,29,3,50.79,snorlax-pidgeot,Snorlax Pidgeot,1,100.0,overall,2026-05-25T16:38:18.840703+00:00
BRS-SFA,1,1,darkrai-dusknoir,Darkrai Dusknoir,9,31,29,3,50.79,dragapult-lz-box,Dragapult LZ Box,1,0.0,overall,2026-05-25T16:38:18.840703+00:00
BRS-SFA,1,1,darkrai-dusknoir,Darkrai Dusknoir,9,31,29,3,50.79,klawf-par,Klawf,1,0.0,overall,2026-05-25T16:38:18.840703+00:00
BRS-SFA,1,1,dialga-metang,Dialga Metang,10,24,33,17,40.09,regidrago-vstar,Regidrago,10,23.33,overall,2026-05-25T16:38:20.710429+00:00
BRS-SFA,1,1,dialga-metang,Dialga Metang,10,24,33,17,40.09,charizard-pidgeot,Charizard Pidgeot,9,37.04,overall,2026-05-25T16:38:20.710429+00:00
BRS-SFA,1,1,dialga-metang,Dialga Metang,10,24,33,17,40.09,roaring-moon-ex,Roaring Moon,8,25.0,overall,2026-05-25T16:38:20.710429+00:00
BRS-SFA,1,1,dialga-metang,Dialga Metang,10,24,33,17,40.09,ancient-box,Ancient Box,6,27.78,overall,2026-05-25T16:38:20.710429+00:00
BRS-SFA,1,1,dialga-metang,Dialga Metang,10,24,33,17,40.09,raging-bolt-ogerpon,Raging Bolt Ogerpon,5,20.0,overall,2026-05-25T16:38:20.710429+00:00
BRS-SFA,1,1,dialga-metang,Dialga Metang,10,24,33,17,40.09,lugia-archeops,Lugia Archeops,4,16.67,overall,2026-05-25T16:38:20.710429+00:00
BRS-SFA,1,1,dialga-metang,Dialga Metang,10,24,33,17,40.09,miraidon-ex,Miraidon,3,11.11,overall,2026-05-25T16:38:20.710429+00:00
BRS-SFA,1,1,dialga-metang,Dialga Metang,10,24,33,17,40.09,chien-pao-baxcalibur,Chien-Pao Baxcalibur,3,66.67,overall,2026-05-25T16:38:20.710429+00:00
BRS-SFA,1,1,dialga-metang,Dialga Metang,10,24,33,17,40.09,gardevoir-ex-sv,Gardevoir,2,100.0,overall,2026-05-25T16:38:20.710429+00:00
BRS-SFA,1,1,dialga-metang,Dialga Metang,10,24,33,17,40.09,gholdengo-ex,Gholdengo,2,50.0,overall,2026-05-25T16:38:20.710429+00:00
BRS-SFA,1,1,dialga-metang,Dialga Metang,10,24,33,17,40.09,other,Other,2,100.0,overall,2026-05-25T16:38:20.710429+00:00
BRS-SFA,1,1,dialga-metang,Dialga Metang,10,24,33,17,40.09,palafin-ex,Palafin,2,0.0,overall,2026-05-25T16:38:20.710429+00:00
BRS-SFA,1,1,dialga-metang,Dialga Metang,10,24,33,17,40.09,iron-thorns-ex,Iron Thorns,2,100.0,overall,2026-05-25T16:38:20.710429+00:00
BRS-SFA,1,1,dialga-metang,Dialga Metang,10,24,33,17,40.09,spidops-ex,Spidops,1,33.33,overall,2026-05-25T16:38:20.710429+00:00
BRS-SFA,1,1,dialga-metang,Dialga Metang,10,24,33,17,40.09,mimikyu-ogerpon,Mimikyu Ogerpon,1,100.0,overall,2026-05-25T16:38:20.710429+00:00
BRS-SFA,1,1,dialga-metang,Dialga Metang,10,24,33,17,40.09,lzb-charizard,Lost Box Charizard,1,33.33,overall,2026-05-25T16:38:20.710429+00:00
BRS-SFA,1,1,dialga-metang,Dialga Metang,10,24,33,17,40.09,palkia-dusknoir,Palkia Dusknoir,1,0.0,overall,2026-05-25T16:38:20.710429+00:00
BRS-SFA,1,1,dialga-metang,Dialga Metang,10,24,33,17,40.09,greninja-ex,Greninja,1,100.0,overall,2026-05-25T16:38:20.710429+00:00
BRS-SFA,1,1,dialga-metang,Dialga Metang,10,24,33,17,40.09,dragapult-pidgeot,Dragapult Pidgeot,1,33.33,overall,2026-05-25T16:38:20.710429+00:00
BRS-SFA,1,1,dialga-metang,Dialga Metang,10,24,33,17,40.09,gouging-fire-ex,Gouging Fire,1,0.0,overall,2026-05-25T16:38:20.710429+00:00
BRS-SFA,1,1,dialga-metang,Dialga Metang,10,24,33,17,40.09,dialga-metang,Dialga Metang,1,33.33,overall,2026-05-25T16:38:20.710429+00:00
BRS-SFA,1,1,dialga-metang,Dialga Metang,10,24,33,17,40.09,ogerpon-noivern,Ogerpon Noivern,1,100.0,overall,2026-05-25T16:38:20.710429+00:00
BRS-SFA,1,1,dialga-metang,Dialga Metang,10,24,33,17,40.09,sinistcha-ogerpon,Sinistcha Ogerpon,1,33.33,overall,2026-05-25T16:38:20.710429+00:00
BRS-SFA,1,1,dialga-metang,Dialga Metang,10,24,33,17,40.09,future-box,Future Box,1,100.0,overall,2026-05-25T16:38:20.710429+00:00
BRS-SFA,1,1,dialga-metang,Dialga Metang,10,24,33,17,40.09,banette-dusknoir,Banette Dusknoir,1,100.0,overall,2026-05-25T16:38:20.710429+00:00
BRS-SFA,1,1,dialga-metang,Dialga Metang,10,24,33,17,40.09,noivern-ex,Noivern,1,100.0,overall,2026-05-25T16:38:20.710429+00:00
BRS-SFA,1,1,dialga-metang,Dialga Metang,10,24,33,17,40.09,dragapult-dusknoir,Dragapult Dusknoir,1,33.33,overall,2026-05-25T16:38:20.710429+00:00
BRS-SFA,1,1,dragapult-charizard,Dragapult Charizard,17,40,59,12,39.64,regidrago-vstar,Regidrago,27,17.28,overall,2026-05-25T16:38:22.583325+00:00
BRS-SFA,1,1,dragapult-charizard,Dragapult Charizard,17,40,59,12,39.64,raging-bolt-ogerpon,Raging Bolt Ogerpon,22,30.3,overall,2026-05-25T16:38:22.583325+00:00
BRS-SFA,1,1,dragapult-charizard,Dragapult Charizard,17,40,59,12,39.64,charizard-pidgeot,Charizard Pidgeot,14,38.1,overall,2026-05-25T16:38:22.583325+00:00
BRS-SFA,1,1,dragapult-charizard,Dragapult Charizard,17,40,59,12,39.64,miraidon-ex,Miraidon,11,72.73,overall,2026-05-25T16:38:22.583325+00:00
BRS-SFA,1,1,dragapult-charizard,Dragapult Charizard,17,40,59,12,39.64,lugia-archeops,Lugia Archeops,5,40.0,overall,2026-05-25T16:38:22.583325+00:00
BRS-SFA,1,1,dragapult-charizard,Dragapult Charizard,17,40,59,12,39.64,roaring-moon-ex,Roaring Moon,5,86.67,overall,2026-05-25T16:38:22.583325+00:00
BRS-SFA,1,1,dragapult-charizard,Dragapult Charizard,17,40,59,12,39.64,gholdengo-ex,Gholdengo,4,50.0,overall,2026-05-25T16:38:22.583325+00:00
BRS-SFA,1,1,dragapult-charizard,Dragapult Charizard,17,40,59,12,39.64,other,Other,3,0.0,overall,2026-05-25T16:38:22.583325+00:00
BRS-SFA,1,1,dragapult-charizard,Dragapult Charizard,17,40,59,12,39.64,banette-dusknoir,Banette Dusknoir,3,33.33,overall,2026-05-25T16:38:22.583325+00:00
BRS-SFA,1,1,dragapult-charizard,Dragapult Charizard,17,40,59,12,39.64,ancient-box,Ancient Box,3,0.0,overall,2026-05-25T16:38:22.583325+00:00
BRS-SFA,1,1,dragapult-charizard,Dragapult Charizard,17,40,59,12,39.64,gardevoir-ex-sv,Gardevoir,2,0.0,overall,2026-05-25T16:38:22.583325+00:00
BRS-SFA,1,1,dragapult-charizard,Dragapult Charizard,17,40,59,12,39.64,iron-hands-ex,Future Hands,1,100.0,overall,2026-05-25T16:38:22.583325+00:00
BRS-SFA,1,1,dragapult-charizard,Dragapult Charizard,17,40,59,12,39.64,ogerpon-noivern,Ogerpon Noivern,1,100.0,overall,2026-05-25T16:38:22.583325+00:00
BRS-SFA,1,1,dragapult-charizard,Dragapult Charizard,17,40,59,12,39.64,giratina-lz-box,Giratina LZ Box,1,100.0,overall,2026-05-25T16:38:22.583325+00:00
BRS-SFA,1,1,dragapult-charizard,Dragapult Charizard,17,40,59,12,39.64,snorlax-stall,Snorlax Stall,1,100.0,overall,2026-05-25T16:38:22.583325+00:00
BRS-SFA,1,1,dragapult-charizard,Dragapult Charizard,17,40,59,12,39.64,cornerstone-mask-ogerpon-ex,Cornerstone Mask Ogerpon,1,100.0,overall,2026-05-25T16:38:22.583325+00:00
BRS-SFA,1,1,dragapult-charizard,Dragapult Charizard,17,40,59,12,39.64,palkia-vstar,Palkia,1,100.0,overall,2026-05-25T16:38:22.583325+00:00
BRS-SFA,1,1,dragapult-charizard,Dragapult Charizard,17,40,59,12,39.64,lzb-charizard,Lost Box Charizard,1,0.0,overall,2026-05-25T16:38:22.583325+00:00
BRS-SFA,1,1,dragapult-charizard,Dragapult Charizard,17,40,59,12,39.64,scovillain-ex,Scovillain,1,0.0,overall,2026-05-25T16:38:22.583325+00:00
BRS-SFA,1,1,dragapult-charizard,Dragapult Charizard,17,40,59,12,39.64,froslass-munkidori,Froslass Munkidori,1,100.0,overall,2026-05-25T16:38:22.583325+00:00
BRS-SFA,1,1,dragapult-charizard,Dragapult Charizard,17,40,59,12,39.64,raging-bolt-ex,Raging Bolt,1,100.0,overall,2026-05-25T16:38:22.583325+00:00
BRS-SFA,1,1,dragapult-charizard,Dragapult Charizard,17,40,59,12,39.64,venomoth-froslass,Venomoth Froslass,1,100.0,overall,2026-05-25T16:38:22.583325+00:00
BRS-SFA,1,1,dragapult-charizard,Dragapult Charizard,17,40,59,12,39.64,chien-pao-baxcalibur,Chien-Pao Baxcalibur,1,100.0,overall,2026-05-25T16:38:22.583325+00:00
BRS-SFA,1,1,dragapult-dusknoir,Dragapult Dusknoir,2,6,6,2,47.62,regidrago-vstar,Regidrago,4,25.0,overall,2026-05-25T16:38:24.450936+00:00
BRS-SFA,1,1,dragapult-dusknoir,Dragapult Dusknoir,2,6,6,2,47.62,ancient-box,Ancient Box,2,100.0,overall,2026-05-25T16:38:24.450936+00:00
BRS-SFA,1,1,dragapult-dusknoir,Dragapult Dusknoir,2,6,6,2,47.62,charizard-pidgeot,Charizard Pidgeot,2,50.0,overall,2026-05-25T16:38:24.450936+00:00
BRS-SFA,1,1,dragapult-dusknoir,Dragapult Dusknoir,2,6,6,2,47.62,raging-bolt-ogerpon,Raging Bolt Ogerpon,2,0.0,overall,2026-05-25T16:38:24.450936+00:00
BRS-SFA,1,1,dragapult-dusknoir,Dragapult Dusknoir,2,6,6,2,47.62,gardevoir-ex-sv,Gardevoir,1,33.33,overall,2026-05-25T16:38:24.450936+00:00
BRS-SFA,1,1,dragapult-dusknoir,Dragapult Dusknoir,2,6,6,2,47.62,snorlax-pidgeot,Snorlax Pidgeot,1,100.0,overall,2026-05-25T16:38:24.450936+00:00
BRS-SFA,1,1,dragapult-dusknoir,Dragapult Dusknoir,2,6,6,2,47.62,gholdengo-ex,Gholdengo,1,100.0,overall,2026-05-25T16:38:24.450936+00:00
BRS-SFA,1,1,dragapult-dusknoir,Dragapult Dusknoir,2,6,6,2,47.62,dialga-metang,Dialga Metang,1,33.33,overall,2026-05-25T16:38:24.450936+00:00
BRS-SFA,1,1,dragapult-ex,Dragapult,12,34,38,8,45.83,raging-bolt-ogerpon,Raging Bolt Ogerpon,20,36.67,overall,2026-05-25T16:38:26.346994+00:00
BRS-SFA,1,1,dragapult-ex,Dragapult,12,34,38,8,45.83,regidrago-vstar,Regidrago,10,50.0,overall,2026-05-25T16:38:26.346994+00:00
BRS-SFA,1,1,dragapult-ex,Dragapult,12,34,38,8,45.83,ancient-box,Ancient Box,10,73.33,overall,2026-05-25T16:38:26.346994+00:00
BRS-SFA,1,1,dragapult-ex,Dragapult,12,34,38,8,45.83,charizard-pidgeot,Charizard Pidgeot,8,33.33,overall,2026-05-25T16:38:26.346994+00:00
BRS-SFA,1,1,dragapult-ex,Dragapult,12,34,38,8,45.83,lugia-archeops,Lugia Archeops,8,20.83,overall,2026-05-25T16:38:26.346994+00:00
BRS-SFA,1,1,dragapult-ex,Dragapult,12,34,38,8,45.83,gardevoir-ex-sv,Gardevoir,5,53.33,overall,2026-05-25T16:38:26.346994+00:00
BRS-SFA,1,1,dragapult-ex,Dragapult,12,34,38,8,45.83,chien-pao-baxcalibur,Chien-Pao Baxcalibur,3,33.33,overall,2026-05-25T16:38:26.346994+00:00
BRS-SFA,1,1,dragapult-ex,Dragapult,12,34,38,8,45.83,snorlax-stall,Snorlax Stall,3,33.33,overall,2026-05-25T16:38:26.346994+00:00
BRS-SFA,1,1,dragapult-ex,Dragapult,12,34,38,8,45.83,roaring-moon-ex,Roaring Moon,2,50.0,overall,2026-05-25T16:38:26.346994+00:00
BRS-SFA,1,1,dragapult-ex,Dragapult,12,34,38,8,45.83,raging-bolt-ex,Raging Bolt,2,0.0,overall,2026-05-25T16:38:26.346994+00:00
BRS-SFA,1,1,dragapult-ex,Dragapult,12,34,38,8,45.83,banette-ex-sv,Banette,1,100.0,overall,2026-05-25T16:38:26.346994+00:00
BRS-SFA,1,1,dragapult-ex,Dragapult,12,34,38,8,45.83,okidogi-ex,Okidogi,1,100.0,overall,2026-05-25T16:38:26.346994+00:00
BRS-SFA,1,1,dragapult-ex,Dragapult,12,34,38,8,45.83,venomoth-froslass,Venomoth Froslass,1,100.0,overall,2026-05-25T16:38:26.346994+00:00
BRS-SFA,1,1,dragapult-ex,Dragapult,12,34,38,8,45.83,iron-thorns-ex,Iron Thorns,1,100.0,overall,2026-05-25T16:38:26.346994+00:00
BRS-SFA,1,1,dragapult-ex,Dragapult,12,34,38,8,45.83,lzb-charizard,Lost Box Charizard,1,100.0,overall,2026-05-25T16:38:26.346994+00:00
BRS-SFA,1,1,dragapult-ex,Dragapult,12,34,38,8,45.83,pidgeot-control,Pidgeot Control,1,100.0,overall,2026-05-25T16:38:26.346994+00:00
BRS-SFA,1,1,dragapult-ex,Dragapult,12,34,38,8,45.83,arceus-vulpix,Arceus Vulpix,1,0.0,overall,2026-05-25T16:38:26.346994+00:00
BRS-SFA,1,1,dragapult-ex,Dragapult,12,34,38,8,45.83,giratina-lz-box,Giratina LZ Box,1,100.0,overall,2026-05-25T16:38:26.346994+00:00
BRS-SFA,1,1,dragapult-lz-box,Dragapult LZ Box,1,8,4,1,64.1,regidrago-vstar,Regidrago,3,11.11,overall,2026-05-25T16:38:28.217610+00:00
BRS-SFA,1,1,dragapult-lz-box,Dragapult LZ Box,1,8,4,1,64.1,raging-bolt-ogerpon,Raging Bolt Ogerpon,1,100.0,overall,2026-05-25T16:38:28.217610+00:00
BRS-SFA,1,1,dragapult-lz-box,Dragapult LZ Box,1,8,4,1,64.1,lugia-archeops,Lugia Archeops,1,100.0,overall,2026-05-25T16:38:28.217610+00:00
BRS-SFA,1,1,dragapult-lz-box,Dragapult LZ Box,1,8,4,1,64.1,charizard-pidgeot,Charizard Pidgeot,1,100.0,overall,2026-05-25T16:38:28.217610+00:00
BRS-SFA,1,1,dragapult-lz-box,Dragapult LZ Box,1,8,4,1,64.1,snorlax-pidgeot,Snorlax Pidgeot,1,100.0,overall,2026-05-25T16:38:28.217610+00:00
BRS-SFA,1,1,dragapult-lz-box,Dragapult LZ Box,1,8,4,1,64.1,iron-thorns-ex,Iron Thorns,1,100.0,overall,2026-05-25T16:38:28.217610+00:00
BRS-SFA,1,1,dragapult-lz-box,Dragapult LZ Box,1,8,4,1,64.1,darkrai-dusknoir,Darkrai Dusknoir,1,100.0,overall,2026-05-25T16:38:28.217610+00:00
BRS-SFA,1,1,dragapult-lz-box,Dragapult LZ Box,1,8,4,1,64.1,ogerpon-noivern,Ogerpon Noivern,1,100.0,overall,2026-05-25T16:38:28.217610+00:00
BRS-SFA,1,1,dragapult-lz-box,Dragapult LZ Box,1,8,4,1,64.1,banette-dusknoir,Banette Dusknoir,1,0.0,overall,2026-05-25T16:38:28.217610+00:00
BRS-SFA,1,1,dragapult-lz-box,Dragapult LZ Box,1,8,4,1,64.1,pidgeot-control,Pidgeot Control,1,0.0,overall,2026-05-25T16:38:28.217610+00:00
BRS-SFA,1,1,dragapult-lz-box,Dragapult LZ Box,1,8,4,1,64.1,ancient-box,Ancient Box,1,100.0,overall,2026-05-25T16:38:28.217610+00:00
BRS-SFA,1,1,dragapult-pidgeot,Dragapult Pidgeot,23,75,79,13,47.5,regidrago-vstar,Regidrago,30,28.89,overall,2026-05-25T16:38:30.104007+00:00
BRS-SFA,1,1,dragapult-pidgeot,Dragapult Pidgeot,23,75,79,13,47.5,ancient-box,Ancient Box,18,46.3,overall,2026-05-25T16:38:30.104007+00:00
BRS-SFA,1,1,dragapult-pidgeot,Dragapult Pidgeot,23,75,79,13,47.5,lugia-archeops,Lugia Archeops,17,23.53,overall,2026-05-25T16:38:30.104007+00:00
BRS-SFA,1,1,dragapult-pidgeot,Dragapult Pidgeot,23,75,79,13,47.5,charizard-pidgeot,Charizard Pidgeot,17,60.78,overall,2026-05-25T16:38:30.104007+00:00
BRS-SFA,1,1,dragapult-pidgeot,Dragapult Pidgeot,23,75,79,13,47.5,raging-bolt-ogerpon,Raging Bolt Ogerpon,16,39.58,overall,2026-05-25T16:38:30.104007+00:00
BRS-SFA,1,1,dragapult-pidgeot,Dragapult Pidgeot,23,75,79,13,47.5,miraidon-ex,Miraidon,12,30.56,overall,2026-05-25T16:38:30.104007+00:00
BRS-SFA,1,1,dragapult-pidgeot,Dragapult Pidgeot,23,75,79,13,47.5,roaring-moon-ex,Roaring Moon,6,66.67,overall,2026-05-25T16:38:30.104007+00:00
BRS-SFA,1,1,dragapult-pidgeot,Dragapult Pidgeot,23,75,79,13,47.5,other,Other,6,83.33,overall,2026-05-25T16:38:30.104007+00:00
BRS-SFA,1,1,dragapult-pidgeot,Dragapult Pidgeot,23,75,79,13,47.5,snorlax-stall,Snorlax Stall,5,66.67,overall,2026-05-25T16:38:30.104007+00:00
BRS-SFA,1,1,dragapult-pidgeot,Dragapult Pidgeot,23,75,79,13,47.5,iron-thorns-ex,Iron Thorns,4,50.0,overall,2026-05-25T16:38:30.104007+00:00
BRS-SFA,1,1,dragapult-pidgeot,Dragapult Pidgeot,23,75,79,13,47.5,gholdengo-ex,Gholdengo,3,33.33,overall,2026-05-25T16:38:30.104007+00:00
BRS-SFA,1,1,dragapult-pidgeot,Dragapult Pidgeot,23,75,79,13,47.5,gardevoir-ex-sv,Gardevoir,3,33.33,overall,2026-05-25T16:38:30.104007+00:00
BRS-SFA,1,1,dragapult-pidgeot,Dragapult Pidgeot,23,75,79,13,47.5,chien-pao-baxcalibur,Chien-Pao Baxcalibur,3,44.44,overall,2026-05-25T16:38:30.104007+00:00
BRS-SFA,1,1,dragapult-pidgeot,Dragapult Pidgeot,23,75,79,13,47.5,banette-dusknoir,Banette Dusknoir,2,50.0,overall,2026-05-25T16:38:30.104007+00:00
BRS-SFA,1,1,dragapult-pidgeot,Dragapult Pidgeot,23,75,79,13,47.5,ogerpon-noivern,Ogerpon Noivern,2,100.0,overall,2026-05-25T16:38:30.104007+00:00
BRS-SFA,1,1,dragapult-pidgeot,Dragapult Pidgeot,23,75,79,13,47.5,charizard-ex,Charizard,2,50.0,overall,2026-05-25T16:38:30.104007+00:00
BRS-SFA,1,1,dragapult-pidgeot,Dragapult Pidgeot,23,75,79,13,47.5,dragapult-pidgeot,Dragapult Pidgeot,2,50.0,overall,2026-05-25T16:38:30.104007+00:00
BRS-SFA,1,1,dragapult-pidgeot,Dragapult Pidgeot,23,75,79,13,47.5,future-box,Future Box,2,50.0,overall,2026-05-25T16:38:30.104007+00:00
BRS-SFA,1,1,dragapult-pidgeot,Dragapult Pidgeot,23,75,79,13,47.5,giratina-lz-box,Giratina LZ Box,2,50.0,overall,2026-05-25T16:38:30.104007+00:00
BRS-SFA,1,1,dragapult-pidgeot,Dragapult Pidgeot,23,75,79,13,47.5,toedscruel-ex,Toedscruel,1,100.0,overall,2026-05-25T16:38:30.104007+00:00
BRS-SFA,1,1,dragapult-pidgeot,Dragapult Pidgeot,23,75,79,13,47.5,klawf-par,Klawf,1,100.0,overall,2026-05-25T16:38:30.104007+00:00
BRS-SFA,1,1,dragapult-pidgeot,Dragapult Pidgeot,23,75,79,13,47.5,greninja-froslass,Greninja Froslass,1,100.0,overall,2026-05-25T16:38:30.104007+00:00
BRS-SFA,1,1,dragapult-pidgeot,Dragapult Pidgeot,23,75,79,13,47.5,cornerstone-mask-ogerpon-ex,Cornerstone Mask Ogerpon,1,100.0,overall,2026-05-25T16:38:30.104007+00:00
BRS-SFA,1,1,dragapult-pidgeot,Dragapult Pidgeot,23,75,79,13,47.5,arceus-vulpix,Arceus Vulpix,1,100.0,overall,2026-05-25T16:38:30.104007+00:00
BRS-SFA,1,1,dragapult-pidgeot,Dragapult Pidgeot,23,75,79,13,47.5,rotom-v,Rotom,1,100.0,overall,2026-05-25T16:38:30.104007+00:00
BRS-SFA,1,1,dragapult-pidgeot,Dragapult Pidgeot,23,75,79,13,47.5,sinistcha-ogerpon,Sinistcha Ogerpon,1,100.0,overall,2026-05-25T16:38:30.104007+00:00
BRS-SFA,1,1,dragapult-pidgeot,Dragapult Pidgeot,23,75,79,13,47.5,tinkaton-ex,Tinkaton,1,100.0,overall,2026-05-25T16:38:30.104007+00:00
BRS-SFA,1,1,dragapult-pidgeot,Dragapult Pidgeot,23,75,79,13,47.5,dialga-metang,Dialga Metang,1,33.33,overall,2026-05-25T16:38:30.104007+00:00
BRS-SFA,1,1,dragapult-pidgeot,Dragapult Pidgeot,23,75,79,13,47.5,luxray-pidgeot,Luxray Control,1,100.0,overall,2026-05-25T16:38:30.104007+00:00
BRS-SFA,1,1,dragapult-pidgeot,Dragapult Pidgeot,23,75,79,13,47.5,lzb-charizard,Lost Box Charizard,1,100.0,overall,2026-05-25T16:38:30.104007+00:00
BRS-SFA,1,1,dragapult-pidgeot,Dragapult Pidgeot,23,75,79,13,47.5,festival-lead,Dipplin,1,100.0,overall,2026-05-25T16:38:30.104007+00:00
BRS-SFA,1,1,dragapult-pidgeot,Dragapult Pidgeot,23,75,79,13,47.5,spidops-ex,Spidops,1,100.0,overall,2026-05-25T16:38:30.104007+00:00
BRS-SFA,1,1,entei-iron-valiant,Entei Iron Valiant,1,3,4,0,42.86,raging-bolt-ogerpon,Raging Bolt Ogerpon,3,66.67,overall,2026-05-25T16:38:31.961953+00:00
BRS-SFA,1,1,entei-iron-valiant,Entei Iron Valiant,1,3,4,0,42.86,snorlax-stall,Snorlax Stall,1,0.0,overall,2026-05-25T16:38:31.961953+00:00
BRS-SFA,1,1,entei-iron-valiant,Entei Iron Valiant,1,3,4,0,42.86,gardevoir-ex-sv,Gardevoir,1,0.0,overall,2026-05-25T16:38:31.961953+00:00
BRS-SFA,1,1,entei-iron-valiant,Entei Iron Valiant,1,3,4,0,42.86,roaring-moon-ex,Roaring Moon,1,100.0,overall,2026-05-25T16:38:31.961953+00:00
BRS-SFA,1,1,entei-iron-valiant,Entei Iron Valiant,1,3,4,0,42.86,miraidon-ex,Miraidon,1,0.0,overall,2026-05-25T16:38:31.961953+00:00
BRS-SFA,1,1,espathra-xatu,Espathra Xatu,2,6,8,4,40.74,raging-bolt-ogerpon,Raging Bolt Ogerpon,5,40.0,overall,2026-05-25T16:38:33.843462+00:00
BRS-SFA,1,1,espathra-xatu,Espathra Xatu,2,6,8,4,40.74,charizard-pidgeot,Charizard Pidgeot,4,83.33,overall,2026-05-25T16:38:33.843462+00:00
BRS-SFA,1,1,espathra-xatu,Espathra Xatu,2,6,8,4,40.74,gardevoir-ex-sv,Gardevoir,2,0.0,overall,2026-05-25T16:38:33.843462+00:00
BRS-SFA,1,1,espathra-xatu,Espathra Xatu,2,6,8,4,40.74,ancient-box,Ancient Box,2,33.33,overall,2026-05-25T16:38:33.843462+00:00
BRS-SFA,1,1,espathra-xatu,Espathra Xatu,2,6,8,4,40.74,darkrai-dusknoir,Darkrai Dusknoir,1,100.0,overall,2026-05-25T16:38:33.843462+00:00
BRS-SFA,1,1,espathra-xatu,Espathra Xatu,2,6,8,4,40.74,ogerpon-noivern,Ogerpon Noivern,1,33.33,overall,2026-05-25T16:38:33.843462+00:00
BRS-SFA,1,1,espathra-xatu,Espathra Xatu,2,6,8,4,40.74,regidrago-vstar,Regidrago,1,0.0,overall,2026-05-25T16:38:33.843462+00:00
BRS-SFA,1,1,espathra-xatu,Espathra Xatu,2,6,8,4,40.74,lost-zone-box,Lost Zone Box,1,0.0,overall,2026-05-25T16:38:33.843462+00:00
BRS-SFA,1,1,espathra-xatu,Espathra Xatu,2,6,8,4,40.74,other,Other,1,0.0,overall,2026-05-25T16:38:33.843462+00:00
BRS-SFA,1,1,feraligatr-tef,Feraligatr,1,1,6,0,14.29,ancient-box,Ancient Box,2,0.0,overall,2026-05-25T16:38:35.725419+00:00
BRS-SFA,1,1,feraligatr-tef,Feraligatr,1,1,6,0,14.29,lugia-archeops,Lugia Archeops,1,0.0,overall,2026-05-25T16:38:35.725419+00:00
BRS-SFA,1,1,feraligatr-tef,Feraligatr,1,1,6,0,14.29,raging-bolt-ogerpon,Raging Bolt Ogerpon,1,0.0,overall,2026-05-25T16:38:35.725419+00:00
BRS-SFA,1,1,feraligatr-tef,Feraligatr,1,1,6,0,14.29,other,Other,1,0.0,overall,2026-05-25T16:38:35.725419+00:00
BRS-SFA,1,1,feraligatr-tef,Feraligatr,1,1,6,0,14.29,roaring-moon-ex,Roaring Moon,1,100.0,overall,2026-05-25T16:38:35.725419+00:00
BRS-SFA,1,1,feraligatr-tef,Feraligatr,1,1,6,0,14.29,miraidon-ex,Miraidon,1,0.0,overall,2026-05-25T16:38:35.725419+00:00
BRS-SFA,1,1,festival-lead,Dipplin,2,1,8,1,13.33,raging-bolt-ogerpon,Raging Bolt Ogerpon,5,20.0,overall,2026-05-25T16:38:37.588895+00:00
BRS-SFA,1,1,festival-lead,Dipplin,2,1,8,1,13.33,miraidon-ex,Miraidon,1,0.0,overall,2026-05-25T16:38:37.588895+00:00
BRS-SFA,1,1,festival-lead,Dipplin,2,1,8,1,13.33,ogerpon-noivern,Ogerpon Noivern,1,0.0,overall,2026-05-25T16:38:37.588895+00:00
BRS-SFA,1,1,festival-lead,Dipplin,2,1,8,1,13.33,venomoth-froslass,Venomoth Froslass,1,0.0,overall,2026-05-25T16:38:37.588895+00:00
BRS-SFA,1,1,festival-lead,Dipplin,2,1,8,1,13.33,chien-pao-baxcalibur,Chien-Pao Baxcalibur,1,33.33,overall,2026-05-25T16:38:37.588895+00:00
BRS-SFA,1,1,festival-lead,Dipplin,2,1,8,1,13.33,dragapult-pidgeot,Dragapult Pidgeot,1,0.0,overall,2026-05-25T16:38:37.588895+00:00
BRS-SFA,1,1,froslass-munkidori,Froslass Munkidori,5,13,18,8,40.17,ancient-box,Ancient Box,5,13.33,overall,2026-05-25T16:38:39.464832+00:00
BRS-SFA,1,1,froslass-munkidori,Froslass Munkidori,5,13,18,8,40.17,raging-bolt-ogerpon,Raging Bolt Ogerpon,4,75.0,overall,2026-05-25T16:38:39.464832+00:00
BRS-SFA,1,1,froslass-munkidori,Froslass Munkidori,5,13,18,8,40.17,regidrago-vstar,Regidrago,4,50.0,overall,2026-05-25T16:38:39.464832+00:00
BRS-SFA,1,1,froslass-munkidori,Froslass Munkidori,5,13,18,8,40.17,charizard-pidgeot,Charizard Pidgeot,4,16.67,overall,2026-05-25T16:38:39.464832+00:00
BRS-SFA,1,1,froslass-munkidori,Froslass Munkidori,5,13,18,8,40.17,gholdengo-ex,Gholdengo,3,22.22,overall,2026-05-25T16:38:39.464832+00:00
BRS-SFA,1,1,froslass-munkidori,Froslass Munkidori,5,13,18,8,40.17,snorlax-stall,Snorlax Stall,3,66.67,overall,2026-05-25T16:38:39.464832+00:00
BRS-SFA,1,1,froslass-munkidori,Froslass Munkidori,5,13,18,8,40.17,miraidon-ex,Miraidon,2,50.0,overall,2026-05-25T16:38:39.464832+00:00
BRS-SFA,1,1,froslass-munkidori,Froslass Munkidori,5,13,18,8,40.17,toedscruel-ex,Toedscruel,2,66.67,overall,2026-05-25T16:38:39.464832+00:00
BRS-SFA,1,1,froslass-munkidori,Froslass Munkidori,5,13,18,8,40.17,iron-hands-ex,Future Hands,1,0.0,overall,2026-05-25T16:38:39.464832+00:00
BRS-SFA,1,1,froslass-munkidori,Froslass Munkidori,5,13,18,8,40.17,giratina-lz-box,Giratina LZ Box,1,100.0,overall,2026-05-25T16:38:39.464832+00:00
BRS-SFA,1,1,froslass-munkidori,Froslass Munkidori,5,13,18,8,40.17,lost-zone-box,Lost Zone Box,1,0.0,overall,2026-05-25T16:38:39.464832+00:00
BRS-SFA,1,1,froslass-munkidori,Froslass Munkidori,5,13,18,8,40.17,dragapult-charizard,Dragapult Charizard,1,0.0,overall,2026-05-25T16:38:39.464832+00:00
BRS-SFA,1,1,froslass-munkidori,Froslass Munkidori,5,13,18,8,40.17,sinistcha-ogerpon,Sinistcha Ogerpon,1,0.0,overall,2026-05-25T16:38:39.464832+00:00
BRS-SFA,1,1,froslass-munkidori,Froslass Munkidori,5,13,18,8,40.17,spidops-ex,Spidops,1,100.0,overall,2026-05-25T16:38:39.464832+00:00
BRS-SFA,1,1,froslass-munkidori,Froslass Munkidori,5,13,18,8,40.17,froslass-munkidori,Froslass Munkidori,1,50.0,overall,2026-05-25T16:38:39.464832+00:00
BRS-SFA,1,1,froslass-munkidori,Froslass Munkidori,5,13,18,8,40.17,gardevoir-ex-sv,Gardevoir,1,0.0,overall,2026-05-25T16:38:39.464832+00:00
BRS-SFA,1,1,froslass-munkidori,Froslass Munkidori,5,13,18,8,40.17,lzb-charizard,Lost Box Charizard,1,0.0,overall,2026-05-25T16:38:39.464832+00:00
BRS-SFA,1,1,froslass-munkidori,Froslass Munkidori,5,13,18,8,40.17,chien-pao-baxcalibur,Chien-Pao Baxcalibur,1,100.0,overall,2026-05-25T16:38:39.464832+00:00
BRS-SFA,1,1,future-box,Future Box,4,8,20,1,28.74,regidrago-vstar,Regidrago,8,37.5,overall,2026-05-25T16:38:41.338430+00:00
BRS-SFA,1,1,future-box,Future Box,4,8,20,1,28.74,ancient-box,Ancient Box,6,5.56,overall,2026-05-25T16:38:41.338430+00:00
BRS-SFA,1,1,future-box,Future Box,4,8,20,1,28.74,dragapult-pidgeot,Dragapult Pidgeot,2,50.0,overall,2026-05-25T16:38:41.338430+00:00
BRS-SFA,1,1,future-box,Future Box,4,8,20,1,28.74,lugia-archeops,Lugia Archeops,1,0.0,overall,2026-05-25T16:38:41.338430+00:00
BRS-SFA,1,1,future-box,Future Box,4,8,20,1,28.74,roaring-moon-ex,Roaring Moon,1,0.0,overall,2026-05-25T16:38:41.338430+00:00
BRS-SFA,1,1,future-box,Future Box,4,8,20,1,28.74,tinkaton-ex,Tinkaton,1,0.0,overall,2026-05-25T16:38:41.338430+00:00
BRS-SFA,1,1,future-box,Future Box,4,8,20,1,28.74,charizard-pidgeot,Charizard Pidgeot,1,0.0,overall,2026-05-25T16:38:41.338430+00:00
BRS-SFA,1,1,future-box,Future Box,4,8,20,1,28.74,steelix-par,Steelix,1,100.0,overall,2026-05-25T16:38:41.338430+00:00
BRS-SFA,1,1,future-box,Future Box,4,8,20,1,28.74,raging-bolt-ogerpon,Raging Bolt Ogerpon,1,100.0,overall,2026-05-25T16:38:41.338430+00:00
BRS-SFA,1,1,future-box,Future Box,4,8,20,1,28.74,gardevoir-ex-sv,Gardevoir,1,0.0,overall,2026-05-25T16:38:41.338430+00:00
BRS-SFA,1,1,future-box,Future Box,4,8,20,1,28.74,ogerpon-noivern,Ogerpon Noivern,1,0.0,overall,2026-05-25T16:38:41.338430+00:00
BRS-SFA,1,1,future-box,Future Box,4,8,20,1,28.74,miraidon-ex,Miraidon,1,0.0,overall,2026-05-25T16:38:41.338430+00:00
BRS-SFA,1,1,future-box,Future Box,4,8,20,1,28.74,greninja-ex,Greninja,1,100.0,overall,2026-05-25T16:38:41.338430+00:00
BRS-SFA,1,1,future-box,Future Box,4,8,20,1,28.74,dialga-metang,Dialga Metang,1,0.0,overall,2026-05-25T16:38:41.338430+00:00
BRS-SFA,1,1,future-box,Future Box,4,8,20,1,28.74,other,Other,1,100.0,overall,2026-05-25T16:38:41.338430+00:00
BRS-SFA,1,1,garchomp-ex,Garchomp,3,8,15,4,34.57,charizard-pidgeot,Charizard Pidgeot,6,61.11,overall,2026-05-25T16:38:43.228329+00:00
BRS-SFA,1,1,garchomp-ex,Garchomp,3,8,15,4,34.57,raging-bolt-ogerpon,Raging Bolt Ogerpon,4,0.0,overall,2026-05-25T16:38:43.228329+00:00
BRS-SFA,1,1,garchomp-ex,Garchomp,3,8,15,4,34.57,regidrago-vstar,Regidrago,3,33.33,overall,2026-05-25T16:38:43.228329+00:00
BRS-SFA,1,1,garchomp-ex,Garchomp,3,8,15,4,34.57,lugia-archeops,Lugia Archeops,3,33.33,overall,2026-05-25T16:38:43.228329+00:00
BRS-SFA,1,1,garchomp-ex,Garchomp,3,8,15,4,34.57,ancient-box,Ancient Box,3,11.11,overall,2026-05-25T16:38:43.228329+00:00
BRS-SFA,1,1,garchomp-ex,Garchomp,3,8,15,4,34.57,roaring-moon-ex,Roaring Moon,2,0.0,overall,2026-05-25T16:38:43.228329+00:00
BRS-SFA,1,1,garchomp-ex,Garchomp,3,8,15,4,34.57,iron-thorns-ex,Iron Thorns,1,100.0,overall,2026-05-25T16:38:43.228329+00:00
BRS-SFA,1,1,garchomp-ex,Garchomp,3,8,15,4,34.57,lost-zone-box,Lost Zone Box,1,100.0,overall,2026-05-25T16:38:43.228329+00:00
BRS-SFA,1,1,garchomp-ex,Garchomp,3,8,15,4,34.57,other,Other,1,0.0,overall,2026-05-25T16:38:43.228329+00:00
BRS-SFA,1,1,garchomp-ex,Garchomp,3,8,15,4,34.57,conkeldurr-twm,Conkeldurr,1,33.33,overall,2026-05-25T16:38:43.228329+00:00
BRS-SFA,1,1,garchomp-ex,Garchomp,3,8,15,4,34.57,palafin-ex,Palafin,1,100.0,overall,2026-05-25T16:38:43.228329+00:00
BRS-SFA,1,1,garchomp-ex,Garchomp,3,8,15,4,34.57,miraidon-ex,Miraidon,1,0.0,overall,2026-05-25T16:38:43.228329+00:00
BRS-SFA,1,1,gardevoir-ex-sv,Gardevoir,75,271,244,83,49.94,regidrago-vstar,Regidrago,109,38.53,overall,2026-05-25T16:38:45.105148+00:00
BRS-SFA,1,1,gardevoir-ex-sv,Gardevoir,75,271,244,83,49.94,charizard-pidgeot,Charizard Pidgeot,82,47.15,overall,2026-05-25T16:38:45.105148+00:00
BRS-SFA,1,1,gardevoir-ex-sv,Gardevoir,75,271,244,83,49.94,raging-bolt-ogerpon,Raging Bolt Ogerpon,80,49.58,overall,2026-05-25T16:38:45.105148+00:00
BRS-SFA,1,1,gardevoir-ex-sv,Gardevoir,75,271,244,83,49.94,ancient-box,Ancient Box,66,43.94,overall,2026-05-25T16:38:45.105148+00:00
BRS-SFA,1,1,gardevoir-ex-sv,Gardevoir,75,271,244,83,49.94,lugia-archeops,Lugia Archeops,46,43.48,overall,2026-05-25T16:38:45.105148+00:00
BRS-SFA,1,1,gardevoir-ex-sv,Gardevoir,75,271,244,83,49.94,roaring-moon-ex,Roaring Moon,33,50.51,overall,2026-05-25T16:38:45.105148+00:00
BRS-SFA,1,1,gardevoir-ex-sv,Gardevoir,75,271,244,83,49.94,miraidon-ex,Miraidon,28,46.43,overall,2026-05-25T16:38:45.105148+00:00
BRS-SFA,1,1,gardevoir-ex-sv,Gardevoir,75,271,244,83,49.94,snorlax-stall,Snorlax Stall,12,47.22,overall,2026-05-25T16:38:45.105148+00:00
BRS-SFA,1,1,gardevoir-ex-sv,Gardevoir,75,271,244,83,49.94,ogerpon-noivern,Ogerpon Noivern,11,90.91,overall,2026-05-25T16:38:45.105148+00:00
BRS-SFA,1,1,gardevoir-ex-sv,Gardevoir,75,271,244,83,49.94,pidgeot-control,Pidgeot Control,10,80.0,overall,2026-05-25T16:38:45.105148+00:00
BRS-SFA,1,1,gardevoir-ex-sv,Gardevoir,75,271,244,83,49.94,iron-thorns-ex,Iron Thorns,8,45.83,overall,2026-05-25T16:38:45.105148+00:00
BRS-SFA,1,1,gardevoir-ex-sv,Gardevoir,75,271,244,83,49.94,gardevoir-ex-sv,Gardevoir,8,47.92,overall,2026-05-25T16:38:45.105148+00:00
BRS-SFA,1,1,gardevoir-ex-sv,Gardevoir,75,271,244,83,49.94,giratina-lz-box,Giratina LZ Box,8,54.17,overall,2026-05-25T16:38:45.105148+00:00
BRS-SFA,1,1,gardevoir-ex-sv,Gardevoir,75,271,244,83,49.94,other,Other,7,100.0,overall,2026-05-25T16:38:45.105148+00:00
BRS-SFA,1,1,gardevoir-ex-sv,Gardevoir,75,271,244,83,49.94,gholdengo-ex,Gholdengo,7,57.14,overall,2026-05-25T16:38:45.105148+00:00
BRS-SFA,1,1,gardevoir-ex-sv,Gardevoir,75,271,244,83,49.94,dragapult-ex,Dragapult,5,33.33,overall,2026-05-25T16:38:45.105148+00:00
BRS-SFA,1,1,gardevoir-ex-sv,Gardevoir,75,271,244,83,49.94,chien-pao-baxcalibur,Chien-Pao Baxcalibur,5,40.0,overall,2026-05-25T16:38:45.105148+00:00
BRS-SFA,1,1,gardevoir-ex-sv,Gardevoir,75,271,244,83,49.94,charizard-ex,Charizard,4,75.0,overall,2026-05-25T16:38:45.105148+00:00
BRS-SFA,1,1,gardevoir-ex-sv,Gardevoir,75,271,244,83,49.94,lzb-charizard,Lost Box Charizard,3,77.78,overall,2026-05-25T16:38:45.105148+00:00
BRS-SFA,1,1,gardevoir-ex-sv,Gardevoir,75,271,244,83,49.94,okidogi-ex,Okidogi,3,100.0,overall,2026-05-25T16:38:45.105148+00:00
BRS-SFA,1,1,gardevoir-ex-sv,Gardevoir,75,271,244,83,49.94,dragapult-pidgeot,Dragapult Pidgeot,3,66.67,overall,2026-05-25T16:38:45.105148+00:00
BRS-SFA,1,1,gardevoir-ex-sv,Gardevoir,75,271,244,83,49.94,klawf-par,Klawf,3,100.0,overall,2026-05-25T16:38:45.105148+00:00
BRS-SFA,1,1,gardevoir-ex-sv,Gardevoir,75,271,244,83,49.94,espathra-xatu,Espathra Xatu,2,100.0,overall,2026-05-25T16:38:45.105148+00:00
BRS-SFA,1,1,gardevoir-ex-sv,Gardevoir,75,271,244,83,49.94,dragapult-charizard,Dragapult Charizard,2,100.0,overall,2026-05-25T16:38:45.105148+00:00
BRS-SFA,1,1,gardevoir-ex-sv,Gardevoir,75,271,244,83,49.94,gouging-fire-ex,Gouging Fire,2,100.0,overall,2026-05-25T16:38:45.105148+00:00
BRS-SFA,1,1,gardevoir-ex-sv,Gardevoir,75,271,244,83,49.94,sinistcha-ogerpon,Sinistcha Ogerpon,2,50.0,overall,2026-05-25T16:38:45.105148+00:00
BRS-SFA,1,1,gardevoir-ex-sv,Gardevoir,75,271,244,83,49.94,goodra-lz-box,Goodra LZ Box,2,50.0,overall,2026-05-25T16:38:45.105148+00:00
BRS-SFA,1,1,gardevoir-ex-sv,Gardevoir,75,271,244,83,49.94,palkia-vstar,Palkia,2,16.67,overall,2026-05-25T16:38:45.105148+00:00
BRS-SFA,1,1,gardevoir-ex-sv,Gardevoir,75,271,244,83,49.94,great-tusk-tef,Great Tusk Mill,2,100.0,overall,2026-05-25T16:38:45.105148+00:00
BRS-SFA,1,1,gardevoir-ex-sv,Gardevoir,75,271,244,83,49.94,palkia-dusknoir,Palkia Dusknoir,2,50.0,overall,2026-05-25T16:38:45.105148+00:00
BRS-SFA,1,1,gardevoir-ex-sv,Gardevoir,75,271,244,83,49.94,charizard-greninja,Charizard Greninja,2,100.0,overall,2026-05-25T16:38:45.105148+00:00
BRS-SFA,1,1,gardevoir-ex-sv,Gardevoir,75,271,244,83,49.94,dialga-metang,Dialga Metang,2,0.0,overall,2026-05-25T16:38:45.105148+00:00
BRS-SFA,1,1,gardevoir-ex-sv,Gardevoir,75,271,244,83,49.94,greninja-ex,Greninja,2,100.0,overall,2026-05-25T16:38:45.105148+00:00
BRS-SFA,1,1,gardevoir-ex-sv,Gardevoir,75,271,244,83,49.94,lost-zone-box,Lost Zone Box,2,0.0,overall,2026-05-25T16:38:45.105148+00:00
BRS-SFA,1,1,gardevoir-ex-sv,Gardevoir,75,271,244,83,49.94,arceus-vulpix,Arceus Vulpix,2,100.0,overall,2026-05-25T16:38:45.105148+00:00
BRS-SFA,1,1,gardevoir-ex-sv,Gardevoir,75,271,244,83,49.94,banette-dusknoir,Banette Dusknoir,2,100.0,overall,2026-05-25T16:38:45.105148+00:00
BRS-SFA,1,1,gardevoir-ex-sv,Gardevoir,75,271,244,83,49.94,mimikyu-ogerpon,Mimikyu Ogerpon,1,100.0,overall,2026-05-25T16:38:45.105148+00:00
BRS-SFA,1,1,gardevoir-ex-sv,Gardevoir,75,271,244,83,49.94,dragapult-dusknoir,Dragapult Dusknoir,1,33.33,overall,2026-05-25T16:38:45.105148+00:00
BRS-SFA,1,1,gardevoir-ex-sv,Gardevoir,75,271,244,83,49.94,tsareena-ex,Tsareena,1,0.0,overall,2026-05-25T16:38:45.105148+00:00
BRS-SFA,1,1,gardevoir-ex-sv,Gardevoir,75,271,244,83,49.94,entei-iron-valiant,Entei Iron Valiant,1,100.0,overall,2026-05-25T16:38:45.105148+00:00
BRS-SFA,1,1,gardevoir-ex-sv,Gardevoir,75,271,244,83,49.94,banette-ex-sv,Banette,1,100.0,overall,2026-05-25T16:38:45.105148+00:00
BRS-SFA,1,1,gardevoir-ex-sv,Gardevoir,75,271,244,83,49.94,conkeldurr-twm,Conkeldurr,1,100.0,overall,2026-05-25T16:38:45.105148+00:00
BRS-SFA,1,1,gardevoir-ex-sv,Gardevoir,75,271,244,83,49.94,luxray-pidgeot,Luxray Control,1,0.0,overall,2026-05-25T16:38:45.105148+00:00
BRS-SFA,1,1,gardevoir-ex-sv,Gardevoir,75,271,244,83,49.94,noivern-ex,Noivern,1,100.0,overall,2026-05-25T16:38:45.105148+00:00
BRS-SFA,1,1,gardevoir-ex-sv,Gardevoir,75,271,244,83,49.94,future-box,Future Box,1,100.0,overall,2026-05-25T16:38:45.105148+00:00
BRS-SFA,1,1,gardevoir-ex-sv,Gardevoir,75,271,244,83,49.94,raging-bolt-ex,Raging Bolt,1,100.0,overall,2026-05-25T16:38:45.105148+00:00
BRS-SFA,1,1,gardevoir-ex-sv,Gardevoir,75,271,244,83,49.94,cornerstone-mask-ogerpon-ex,Cornerstone Mask Ogerpon,1,100.0,overall,2026-05-25T16:38:45.105148+00:00
BRS-SFA,1,1,gardevoir-ex-sv,Gardevoir,75,271,244,83,49.94,banette-gardevoir,Banette Gardevoir,1,100.0,overall,2026-05-25T16:38:45.105148+00:00
BRS-SFA,1,1,gardevoir-ex-sv,Gardevoir,75,271,244,83,49.94,froslass-munkidori,Froslass Munkidori,1,100.0,overall,2026-05-25T16:38:45.105148+00:00
BRS-SFA,1,1,gardevoir-ex-sv,Gardevoir,75,271,244,83,49.94,palafin-ex,Palafin,1,100.0,overall,2026-05-25T16:38:45.105148+00:00
BRS-SFA,1,1,gardevoir-ex-sv,Gardevoir,75,271,244,83,49.94,greninja-froslass,Greninja Froslass,1,33.33,overall,2026-05-25T16:38:45.105148+00:00
BRS-SFA,1,1,gardevoir-ex-sv,Gardevoir,75,271,244,83,49.94,arceus-armarouge,Arceus Armarouge,1,0.0,overall,2026-05-25T16:38:45.105148+00:00
BRS-SFA,1,1,gardevoir-ex-sv,Gardevoir,75,271,244,83,49.94,united-wings,United Wings,1,33.33,overall,2026-05-25T16:38:45.105148+00:00
BRS-SFA,1,1,gardevoir-ex-sv,Gardevoir,75,271,244,83,49.94,hisuian-goodra-vstar,Hisuian Goodra,1,0.0,overall,2026-05-25T16:38:45.105148+00:00
BRS-SFA,1,1,gholdengo-ex,Gholdengo,28,106,95,23,50.74,raging-bolt-ogerpon,Raging Bolt Ogerpon,41,52.03,overall,2026-05-25T16:38:46.991463+00:00
BRS-SFA,1,1,gholdengo-ex,Gholdengo,28,106,95,23,50.74,regidrago-vstar,Regidrago,38,59.65,overall,2026-05-25T16:38:46.991463+00:00
BRS-SFA,1,1,gholdengo-ex,Gholdengo,28,106,95,23,50.74,charizard-pidgeot,Charizard Pidgeot,23,39.13,overall,2026-05-25T16:38:46.991463+00:00
BRS-SFA,1,1,gholdengo-ex,Gholdengo,28,106,95,23,50.74,ancient-box,Ancient Box,19,36.84,overall,2026-05-25T16:38:46.991463+00:00
BRS-SFA,1,1,gholdengo-ex,Gholdengo,28,106,95,23,50.74,roaring-moon-ex,Roaring Moon,19,52.63,overall,2026-05-25T16:38:46.991463+00:00
BRS-SFA,1,1,gholdengo-ex,Gholdengo,28,106,95,23,50.74,lugia-archeops,Lugia Archeops,18,46.3,overall,2026-05-25T16:38:46.991463+00:00
BRS-SFA,1,1,gholdengo-ex,Gholdengo,28,106,95,23,50.74,miraidon-ex,Miraidon,9,66.67,overall,2026-05-25T16:38:46.991463+00:00
BRS-SFA,1,1,gholdengo-ex,Gholdengo,28,106,95,23,50.74,other,Other,7,61.9,overall,2026-05-25T16:38:46.991463+00:00
BRS-SFA,1,1,gholdengo-ex,Gholdengo,28,106,95,23,50.74,gardevoir-ex-sv,Gardevoir,7,42.86,overall,2026-05-25T16:38:46.991463+00:00
BRS-SFA,1,1,gholdengo-ex,Gholdengo,28,106,95,23,50.74,dragapult-charizard,Dragapult Charizard,4,50.0,overall,2026-05-25T16:38:46.991463+00:00
BRS-SFA,1,1,gholdengo-ex,Gholdengo,28,106,95,23,50.74,iron-thorns-ex,Iron Thorns,4,50.0,overall,2026-05-25T16:38:46.991463+00:00
BRS-SFA,1,1,gholdengo-ex,Gholdengo,28,106,95,23,50.74,chien-pao-baxcalibur,Chien-Pao Baxcalibur,4,25.0,overall,2026-05-25T16:38:46.991463+00:00
BRS-SFA,1,1,gholdengo-ex,Gholdengo,28,106,95,23,50.74,dragapult-pidgeot,Dragapult Pidgeot,3,66.67,overall,2026-05-25T16:38:46.991463+00:00
BRS-SFA,1,1,gholdengo-ex,Gholdengo,28,106,95,23,50.74,froslass-munkidori,Froslass Munkidori,3,55.56,overall,2026-05-25T16:38:46.991463+00:00
BRS-SFA,1,1,gholdengo-ex,Gholdengo,28,106,95,23,50.74,giratina-lz-box,Giratina LZ Box,3,33.33,overall,2026-05-25T16:38:46.991463+00:00
BRS-SFA,1,1,gholdengo-ex,Gholdengo,28,106,95,23,50.74,lzb-charizard,Lost Box Charizard,2,33.33,overall,2026-05-25T16:38:46.991463+00:00
BRS-SFA,1,1,gholdengo-ex,Gholdengo,28,106,95,23,50.74,ogerpon-noivern,Ogerpon Noivern,2,0.0,overall,2026-05-25T16:38:46.991463+00:00
BRS-SFA,1,1,gholdengo-ex,Gholdengo,28,106,95,23,50.74,arceus-vulpix,Arceus Vulpix,2,50.0,overall,2026-05-25T16:38:46.991463+00:00
BRS-SFA,1,1,gholdengo-ex,Gholdengo,28,106,95,23,50.74,dialga-metang,Dialga Metang,2,50.0,overall,2026-05-25T16:38:46.991463+00:00
BRS-SFA,1,1,gholdengo-ex,Gholdengo,28,106,95,23,50.74,snorlax-stall,Snorlax Stall,2,50.0,overall,2026-05-25T16:38:46.991463+00:00
BRS-SFA,1,1,gholdengo-ex,Gholdengo,28,106,95,23,50.74,banette-dusknoir,Banette Dusknoir,2,50.0,overall,2026-05-25T16:38:46.991463+00:00
BRS-SFA,1,1,gholdengo-ex,Gholdengo,28,106,95,23,50.74,palkia-vstar,Palkia,2,100.0,overall,2026-05-25T16:38:46.991463+00:00
BRS-SFA,1,1,gholdengo-ex,Gholdengo,28,106,95,23,50.74,hisuian-samurott-vstar,Hisuian Samurott,1,100.0,overall,2026-05-25T16:38:46.991463+00:00
BRS-SFA,1,1,gholdengo-ex,Gholdengo,28,106,95,23,50.74,palkia-dusknoir,Palkia Dusknoir,1,100.0,overall,2026-05-25T16:38:46.991463+00:00
BRS-SFA,1,1,gholdengo-ex,Gholdengo,28,106,95,23,50.74,palafin-ex,Palafin,1,100.0,overall,2026-05-25T16:38:46.991463+00:00
BRS-SFA,1,1,gholdengo-ex,Gholdengo,28,106,95,23,50.74,pidgeot-control,Pidgeot Control,1,33.33,overall,2026-05-25T16:38:46.991463+00:00
BRS-SFA,1,1,gholdengo-ex,Gholdengo,28,106,95,23,50.74,okidogi-ex,Okidogi,1,33.33,overall,2026-05-25T16:38:46.991463+00:00
BRS-SFA,1,1,gholdengo-ex,Gholdengo,28,106,95,23,50.74,magnezone-ex,Magnezone,1,100.0,overall,2026-05-25T16:38:46.991463+00:00
BRS-SFA,1,1,gholdengo-ex,Gholdengo,28,106,95,23,50.74,snorlax-pidgeot,Snorlax Pidgeot,1,100.0,overall,2026-05-25T16:38:46.991463+00:00
BRS-SFA,1,1,gholdengo-ex,Gholdengo,28,106,95,23,50.74,dragapult-dusknoir,Dragapult Dusknoir,1,0.0,overall,2026-05-25T16:38:46.991463+00:00
BRS-SFA,1,1,giratina-lz-box,Giratina LZ Box,26,96,80,29,51.54,regidrago-vstar,Regidrago,35,35.24,overall,2026-05-25T16:38:48.866392+00:00
BRS-SFA,1,1,giratina-lz-box,Giratina LZ Box,26,96,80,29,51.54,raging-bolt-ogerpon,Raging Bolt Ogerpon,30,58.89,overall,2026-05-25T16:38:48.866392+00:00
BRS-SFA,1,1,giratina-lz-box,Giratina LZ Box,26,96,80,29,51.54,charizard-pidgeot,Charizard Pidgeot,26,55.13,overall,2026-05-25T16:38:48.866392+00:00
BRS-SFA,1,1,giratina-lz-box,Giratina LZ Box,26,96,80,29,51.54,ancient-box,Ancient Box,20,36.67,overall,2026-05-25T16:38:48.866392+00:00
BRS-SFA,1,1,giratina-lz-box,Giratina LZ Box,26,96,80,29,51.54,lugia-archeops,Lugia Archeops,16,60.42,overall,2026-05-25T16:38:48.866392+00:00
BRS-SFA,1,1,giratina-lz-box,Giratina LZ Box,26,96,80,29,51.54,miraidon-ex,Miraidon,14,40.48,overall,2026-05-25T16:38:48.866392+00:00
BRS-SFA,1,1,giratina-lz-box,Giratina LZ Box,26,96,80,29,51.54,roaring-moon-ex,Roaring Moon,13,64.1,overall,2026-05-25T16:38:48.866392+00:00
BRS-SFA,1,1,giratina-lz-box,Giratina LZ Box,26,96,80,29,51.54,gardevoir-ex-sv,Gardevoir,8,41.67,overall,2026-05-25T16:38:48.866392+00:00
BRS-SFA,1,1,giratina-lz-box,Giratina LZ Box,26,96,80,29,51.54,iron-thorns-ex,Iron Thorns,7,85.71,overall,2026-05-25T16:38:48.866392+00:00
BRS-SFA,1,1,giratina-lz-box,Giratina LZ Box,26,96,80,29,51.54,other,Other,4,100.0,overall,2026-05-25T16:38:48.866392+00:00
BRS-SFA,1,1,giratina-lz-box,Giratina LZ Box,26,96,80,29,51.54,ogerpon-noivern,Ogerpon Noivern,4,100.0,overall,2026-05-25T16:38:48.866392+00:00
BRS-SFA,1,1,giratina-lz-box,Giratina LZ Box,26,96,80,29,51.54,gholdengo-ex,Gholdengo,3,66.67,overall,2026-05-25T16:38:48.866392+00:00
BRS-SFA,1,1,giratina-lz-box,Giratina LZ Box,26,96,80,29,51.54,chien-pao-baxcalibur,Chien-Pao Baxcalibur,3,44.44,overall,2026-05-25T16:38:48.866392+00:00
BRS-SFA,1,1,giratina-lz-box,Giratina LZ Box,26,96,80,29,51.54,snorlax-stall,Snorlax Stall,2,100.0,overall,2026-05-25T16:38:48.866392+00:00
BRS-SFA,1,1,giratina-lz-box,Giratina LZ Box,26,96,80,29,51.54,palkia-dusknoir,Palkia Dusknoir,2,16.67,overall,2026-05-25T16:38:48.866392+00:00
BRS-SFA,1,1,giratina-lz-box,Giratina LZ Box,26,96,80,29,51.54,dragapult-pidgeot,Dragapult Pidgeot,2,50.0,overall,2026-05-25T16:38:48.866392+00:00
BRS-SFA,1,1,giratina-lz-box,Giratina LZ Box,26,96,80,29,51.54,lzb-charizard,Lost Box Charizard,2,50.0,overall,2026-05-25T16:38:48.866392+00:00
BRS-SFA,1,1,giratina-lz-box,Giratina LZ Box,26,96,80,29,51.54,snorlax-pidgeot,Snorlax Pidgeot,1,0.0,overall,2026-05-25T16:38:48.866392+00:00
BRS-SFA,1,1,giratina-lz-box,Giratina LZ Box,26,96,80,29,51.54,banette-dusknoir,Banette Dusknoir,1,100.0,overall,2026-05-25T16:38:48.866392+00:00
BRS-SFA,1,1,giratina-lz-box,Giratina LZ Box,26,96,80,29,51.54,dragapult-charizard,Dragapult Charizard,1,0.0,overall,2026-05-25T16:38:48.866392+00:00
BRS-SFA,1,1,giratina-lz-box,Giratina LZ Box,26,96,80,29,51.54,froslass-munkidori,Froslass Munkidori,1,0.0,overall,2026-05-25T16:38:48.866392+00:00
BRS-SFA,1,1,giratina-lz-box,Giratina LZ Box,26,96,80,29,51.54,pidgeot-control,Pidgeot Control,1,0.0,overall,2026-05-25T16:38:48.866392+00:00
BRS-SFA,1,1,giratina-lz-box,Giratina LZ Box,26,96,80,29,51.54,hisuian-goodra-vstar,Hisuian Goodra,1,0.0,overall,2026-05-25T16:38:48.866392+00:00
BRS-SFA,1,1,giratina-lz-box,Giratina LZ Box,26,96,80,29,51.54,darkrai-dusknoir,Darkrai Dusknoir,1,0.0,overall,2026-05-25T16:38:48.866392+00:00
BRS-SFA,1,1,giratina-lz-box,Giratina LZ Box,26,96,80,29,51.54,palafin-ex,Palafin,1,100.0,overall,2026-05-25T16:38:48.866392+00:00
BRS-SFA,1,1,giratina-lz-box,Giratina LZ Box,26,96,80,29,51.54,greninja-froslass,Greninja Froslass,1,33.33,overall,2026-05-25T16:38:48.866392+00:00
BRS-SFA,1,1,giratina-lz-box,Giratina LZ Box,26,96,80,29,51.54,noivern-ex,Noivern,1,100.0,overall,2026-05-25T16:38:48.866392+00:00
BRS-SFA,1,1,giratina-lz-box,Giratina LZ Box,26,96,80,29,51.54,united-wings,United Wings,1,100.0,overall,2026-05-25T16:38:48.866392+00:00
BRS-SFA,1,1,giratina-lz-box,Giratina LZ Box,26,96,80,29,51.54,dragapult-ex,Dragapult,1,0.0,overall,2026-05-25T16:38:48.866392+00:00
BRS-SFA,1,1,glimmora-ex,Glimmora,1,1,5,1,19.05,ancient-box,Ancient Box,2,0.0,overall,2026-05-25T16:38:50.727693+00:00
BRS-SFA,1,1,glimmora-ex,Glimmora,1,1,5,1,19.05,raging-bolt-ogerpon,Raging Bolt Ogerpon,1,0.0,overall,2026-05-25T16:38:50.727693+00:00
BRS-SFA,1,1,glimmora-ex,Glimmora,1,1,5,1,19.05,regidrago-vstar,Regidrago,1,0.0,overall,2026-05-25T16:38:50.727693+00:00
BRS-SFA,1,1,glimmora-ex,Glimmora,1,1,5,1,19.05,other,Other,1,33.33,overall,2026-05-25T16:38:50.727693+00:00
BRS-SFA,1,1,glimmora-ex,Glimmora,1,1,5,1,19.05,roaring-moon-ex,Roaring Moon,1,0.0,overall,2026-05-25T16:38:50.727693+00:00
BRS-SFA,1,1,glimmora-ex,Glimmora,1,1,5,1,19.05,miraidon-ex,Miraidon,1,100.0,overall,2026-05-25T16:38:50.727693+00:00
BRS-SFA,1,1,goodra-lz-box,Goodra LZ Box,3,5,13,1,28.07,raging-bolt-ogerpon,Raging Bolt Ogerpon,4,0.0,overall,2026-05-25T16:38:52.601487+00:00
BRS-SFA,1,1,goodra-lz-box,Goodra LZ Box,3,5,13,1,28.07,regidrago-vstar,Regidrago,3,0.0,overall,2026-05-25T16:38:52.601487+00:00
BRS-SFA,1,1,goodra-lz-box,Goodra LZ Box,3,5,13,1,28.07,roaring-moon-ex,Roaring Moon,3,66.67,overall,2026-05-25T16:38:52.601487+00:00
BRS-SFA,1,1,goodra-lz-box,Goodra LZ Box,3,5,13,1,28.07,charizard-pidgeot,Charizard Pidgeot,2,50.0,overall,2026-05-25T16:38:52.601487+00:00
BRS-SFA,1,1,goodra-lz-box,Goodra LZ Box,3,5,13,1,28.07,gardevoir-ex-sv,Gardevoir,2,50.0,overall,2026-05-25T16:38:52.601487+00:00
BRS-SFA,1,1,goodra-lz-box,Goodra LZ Box,3,5,13,1,28.07,miraidon-ex,Miraidon,2,16.67,overall,2026-05-25T16:38:52.601487+00:00
BRS-SFA,1,1,goodra-lz-box,Goodra LZ Box,3,5,13,1,28.07,lzb-charizard,Lost Box Charizard,2,0.0,overall,2026-05-25T16:38:52.601487+00:00
BRS-SFA,1,1,goodra-lz-box,Goodra LZ Box,3,5,13,1,28.07,ancient-box,Ancient Box,1,100.0,overall,2026-05-25T16:38:52.601487+00:00
BRS-SFA,1,1,gouging-fire-ex,Gouging Fire,3,12,11,1,51.39,regidrago-vstar,Regidrago,6,83.33,overall,2026-05-25T16:38:54.491351+00:00
BRS-SFA,1,1,gouging-fire-ex,Gouging Fire,3,12,11,1,51.39,charizard-pidgeot,Charizard Pidgeot,3,0.0,overall,2026-05-25T16:38:54.491351+00:00
BRS-SFA,1,1,gouging-fire-ex,Gouging Fire,3,12,11,1,51.39,roaring-moon-ex,Roaring Moon,3,66.67,overall,2026-05-25T16:38:54.491351+00:00
BRS-SFA,1,1,gouging-fire-ex,Gouging Fire,3,12,11,1,51.39,gardevoir-ex-sv,Gardevoir,2,0.0,overall,2026-05-25T16:38:54.491351+00:00
BRS-SFA,1,1,gouging-fire-ex,Gouging Fire,3,12,11,1,51.39,miraidon-ex,Miraidon,2,100.0,overall,2026-05-25T16:38:54.491351+00:00
BRS-SFA,1,1,gouging-fire-ex,Gouging Fire,3,12,11,1,51.39,raging-bolt-ogerpon,Raging Bolt Ogerpon,2,50.0,overall,2026-05-25T16:38:54.491351+00:00
BRS-SFA,1,1,gouging-fire-ex,Gouging Fire,3,12,11,1,51.39,ancient-box,Ancient Box,2,16.67,overall,2026-05-25T16:38:54.491351+00:00
BRS-SFA,1,1,gouging-fire-ex,Gouging Fire,3,12,11,1,51.39,charizard-greninja,Charizard Greninja,1,0.0,overall,2026-05-25T16:38:54.491351+00:00
BRS-SFA,1,1,gouging-fire-ex,Gouging Fire,3,12,11,1,51.39,chien-pao-baxcalibur,Chien-Pao Baxcalibur,1,0.0,overall,2026-05-25T16:38:54.491351+00:00
BRS-SFA,1,1,gouging-fire-ex,Gouging Fire,3,12,11,1,51.39,dialga-metang,Dialga Metang,1,100.0,overall,2026-05-25T16:38:54.491351+00:00
BRS-SFA,1,1,gouging-fire-ex,Gouging Fire,3,12,11,1,51.39,lost-zone-box,Lost Zone Box,1,100.0,overall,2026-05-25T16:38:54.491351+00:00
BRS-SFA,1,1,great-tusk-tef,Great Tusk Mill,6,20,22,3,46.67,regidrago-vstar,Regidrago,10,33.33,overall,2026-05-25T16:38:56.358119+00:00
BRS-SFA,1,1,great-tusk-tef,Great Tusk Mill,6,20,22,3,46.67,ancient-box,Ancient Box,8,50.0,overall,2026-05-25T16:38:56.358119+00:00
BRS-SFA,1,1,great-tusk-tef,Great Tusk Mill,6,20,22,3,46.67,lugia-archeops,Lugia Archeops,3,66.67,overall,2026-05-25T16:38:56.358119+00:00
BRS-SFA,1,1,great-tusk-tef,Great Tusk Mill,6,20,22,3,46.67,raging-bolt-ogerpon,Raging Bolt Ogerpon,3,100.0,overall,2026-05-25T16:38:56.358119+00:00
BRS-SFA,1,1,great-tusk-tef,Great Tusk Mill,6,20,22,3,46.67,roaring-moon-ex,Roaring Moon,3,0.0,overall,2026-05-25T16:38:56.358119+00:00
BRS-SFA,1,1,great-tusk-tef,Great Tusk Mill,6,20,22,3,46.67,charizard-pidgeot,Charizard Pidgeot,3,66.67,overall,2026-05-25T16:38:56.358119+00:00
BRS-SFA,1,1,great-tusk-tef,Great Tusk Mill,6,20,22,3,46.67,gardevoir-ex-sv,Gardevoir,2,0.0,overall,2026-05-25T16:38:56.358119+00:00
BRS-SFA,1,1,great-tusk-tef,Great Tusk Mill,6,20,22,3,46.67,darkrai-dusknoir,Darkrai Dusknoir,2,50.0,overall,2026-05-25T16:38:56.358119+00:00
BRS-SFA,1,1,great-tusk-tef,Great Tusk Mill,6,20,22,3,46.67,iron-thorns-ex,Iron Thorns,2,16.67,overall,2026-05-25T16:38:56.358119+00:00
BRS-SFA,1,1,great-tusk-tef,Great Tusk Mill,6,20,22,3,46.67,miraidon-ex,Miraidon,1,100.0,overall,2026-05-25T16:38:56.358119+00:00
BRS-SFA,1,1,great-tusk-tef,Great Tusk Mill,6,20,22,3,46.67,okidogi-ex,Okidogi,1,33.33,overall,2026-05-25T16:38:56.358119+00:00
BRS-SFA,1,1,great-tusk-tef,Great Tusk Mill,6,20,22,3,46.67,lost-zone-box,Lost Zone Box,1,100.0,overall,2026-05-25T16:38:56.358119+00:00
BRS-SFA,1,1,great-tusk-tef,Great Tusk Mill,6,20,22,3,46.67,chien-pao-baxcalibur,Chien-Pao Baxcalibur,1,100.0,overall,2026-05-25T16:38:56.358119+00:00
BRS-SFA,1,1,great-tusk-tef,Great Tusk Mill,6,20,22,3,46.67,united-wings,United Wings,1,0.0,overall,2026-05-25T16:38:56.358119+00:00
BRS-SFA,1,1,great-tusk-tef,Great Tusk Mill,6,20,22,3,46.67,snorlax-stall,Snorlax Stall,1,0.0,overall,2026-05-25T16:38:56.358119+00:00
BRS-SFA,1,1,great-tusk-tef,Great Tusk Mill,6,20,22,3,46.67,ogerpon-noivern,Ogerpon Noivern,1,0.0,overall,2026-05-25T16:38:56.358119+00:00
BRS-SFA,1,1,great-tusk-tef,Great Tusk Mill,6,20,22,3,46.67,other,Other,1,100.0,overall,2026-05-25T16:38:56.358119+00:00
BRS-SFA,1,1,greninja-ex,Greninja,5,9,22,5,29.63,regidrago-vstar,Regidrago,7,38.1,overall,2026-05-25T16:38:58.240455+00:00
BRS-SFA,1,1,greninja-ex,Greninja,5,9,22,5,29.63,raging-bolt-ogerpon,Raging Bolt Ogerpon,5,0.0,overall,2026-05-25T16:38:58.240455+00:00
BRS-SFA,1,1,greninja-ex,Greninja,5,9,22,5,29.63,ancient-box,Ancient Box,4,8.33,overall,2026-05-25T16:38:58.240455+00:00
BRS-SFA,1,1,greninja-ex,Greninja,5,9,22,5,29.63,roaring-moon-ex,Roaring Moon,4,25.0,overall,2026-05-25T16:38:58.240455+00:00
BRS-SFA,1,1,greninja-ex,Greninja,5,9,22,5,29.63,lugia-archeops,Lugia Archeops,2,16.67,overall,2026-05-25T16:38:58.240455+00:00
BRS-SFA,1,1,greninja-ex,Greninja,5,9,22,5,29.63,miraidon-ex,Miraidon,2,50.0,overall,2026-05-25T16:38:58.240455+00:00
BRS-SFA,1,1,greninja-ex,Greninja,5,9,22,5,29.63,other,Other,2,100.0,overall,2026-05-25T16:38:58.240455+00:00
BRS-SFA,1,1,greninja-ex,Greninja,5,9,22,5,29.63,gardevoir-ex-sv,Gardevoir,2,0.0,overall,2026-05-25T16:38:58.240455+00:00
BRS-SFA,1,1,greninja-ex,Greninja,5,9,22,5,29.63,charizard-pidgeot,Charizard Pidgeot,2,0.0,overall,2026-05-25T16:38:58.240455+00:00
BRS-SFA,1,1,greninja-ex,Greninja,5,9,22,5,29.63,chien-pao-baxcalibur,Chien-Pao Baxcalibur,1,33.33,overall,2026-05-25T16:38:58.240455+00:00
BRS-SFA,1,1,greninja-ex,Greninja,5,9,22,5,29.63,ogerpon-noivern,Ogerpon Noivern,1,100.0,overall,2026-05-25T16:38:58.240455+00:00
BRS-SFA,1,1,greninja-ex,Greninja,5,9,22,5,29.63,dialga-metang,Dialga Metang,1,0.0,overall,2026-05-25T16:38:58.240455+00:00
BRS-SFA,1,1,greninja-ex,Greninja,5,9,22,5,29.63,iron-thorns-ex,Iron Thorns,1,100.0,overall,2026-05-25T16:38:58.240455+00:00
BRS-SFA,1,1,greninja-ex,Greninja,5,9,22,5,29.63,future-box,Future Box,1,0.0,overall,2026-05-25T16:38:58.240455+00:00
BRS-SFA,1,1,greninja-ex,Greninja,5,9,22,5,29.63,lzb-charizard,Lost Box Charizard,1,100.0,overall,2026-05-25T16:38:58.240455+00:00
BRS-SFA,1,1,greninja-froslass,Greninja Froslass,4,13,14,5,45.83,charizard-pidgeot,Charizard Pidgeot,7,71.43,overall,2026-05-25T16:39:00.137349+00:00
BRS-SFA,1,1,greninja-froslass,Greninja Froslass,4,13,14,5,45.83,regidrago-vstar,Regidrago,6,22.22,overall,2026-05-25T16:39:00.137349+00:00
BRS-SFA,1,1,greninja-froslass,Greninja Froslass,4,13,14,5,45.83,miraidon-ex,Miraidon,3,33.33,overall,2026-05-25T16:39:00.137349+00:00
BRS-SFA,1,1,greninja-froslass,Greninja Froslass,4,13,14,5,45.83,raging-bolt-ogerpon,Raging Bolt Ogerpon,3,11.11,overall,2026-05-25T16:39:00.137349+00:00
BRS-SFA,1,1,greninja-froslass,Greninja Froslass,4,13,14,5,45.83,ancient-box,Ancient Box,2,50.0,overall,2026-05-25T16:39:00.137349+00:00
BRS-SFA,1,1,greninja-froslass,Greninja Froslass,4,13,14,5,45.83,toedscruel-ex,Toedscruel,2,16.67,overall,2026-05-25T16:39:00.137349+00:00
BRS-SFA,1,1,greninja-froslass,Greninja Froslass,4,13,14,5,45.83,banette-dusknoir,Banette Dusknoir,1,0.0,overall,2026-05-25T16:39:00.137349+00:00
BRS-SFA,1,1,greninja-froslass,Greninja Froslass,4,13,14,5,45.83,dragapult-pidgeot,Dragapult Pidgeot,1,0.0,overall,2026-05-25T16:39:00.137349+00:00
BRS-SFA,1,1,greninja-froslass,Greninja Froslass,4,13,14,5,45.83,roaring-moon-dudunsparce,Roaring Moon Dudunsparce,1,100.0,overall,2026-05-25T16:39:00.137349+00:00
BRS-SFA,1,1,greninja-froslass,Greninja Froslass,4,13,14,5,45.83,ogerpon-noivern,Ogerpon Noivern,1,100.0,overall,2026-05-25T16:39:00.137349+00:00
BRS-SFA,1,1,greninja-froslass,Greninja Froslass,4,13,14,5,45.83,palkia-vstar,Palkia,1,100.0,overall,2026-05-25T16:39:00.137349+00:00
BRS-SFA,1,1,greninja-froslass,Greninja Froslass,4,13,14,5,45.83,giratina-lz-box,Giratina LZ Box,1,33.33,overall,2026-05-25T16:39:00.137349+00:00
BRS-SFA,1,1,greninja-froslass,Greninja Froslass,4,13,14,5,45.83,other,Other,1,100.0,overall,2026-05-25T16:39:00.137349+00:00
BRS-SFA,1,1,greninja-froslass,Greninja Froslass,4,13,14,5,45.83,gardevoir-ex-sv,Gardevoir,1,33.33,overall,2026-05-25T16:39:00.137349+00:00
BRS-SFA,1,1,greninja-froslass,Greninja Froslass,4,13,14,5,45.83,lugia-archeops,Lugia Archeops,1,100.0,overall,2026-05-25T16:39:00.137349+00:00
BRS-SFA,1,1,hisuian-goodra-vstar,Hisuian Goodra,1,5,4,0,55.56,raging-bolt-ogerpon,Raging Bolt Ogerpon,3,33.33,overall,2026-05-25T16:39:02.019758+00:00
BRS-SFA,1,1,hisuian-goodra-vstar,Hisuian Goodra,1,5,4,0,55.56,ancient-box,Ancient Box,1,100.0,overall,2026-05-25T16:39:02.019758+00:00
BRS-SFA,1,1,hisuian-goodra-vstar,Hisuian Goodra,1,5,4,0,55.56,giratina-lz-box,Giratina LZ Box,1,100.0,overall,2026-05-25T16:39:02.019758+00:00
BRS-SFA,1,1,hisuian-goodra-vstar,Hisuian Goodra,1,5,4,0,55.56,regidrago-vstar,Regidrago,1,0.0,overall,2026-05-25T16:39:02.019758+00:00
BRS-SFA,1,1,hisuian-goodra-vstar,Hisuian Goodra,1,5,4,0,55.56,united-wings,United Wings,1,0.0,overall,2026-05-25T16:39:02.019758+00:00
BRS-SFA,1,1,hisuian-goodra-vstar,Hisuian Goodra,1,5,4,0,55.56,roaring-moon-ex,Roaring Moon,1,100.0,overall,2026-05-25T16:39:02.019758+00:00
BRS-SFA,1,1,hisuian-goodra-vstar,Hisuian Goodra,1,5,4,0,55.56,gardevoir-ex-sv,Gardevoir,1,100.0,overall,2026-05-25T16:39:02.019758+00:00
BRS-SFA,1,1,hisuian-samurott-vstar,Hisuian Samurott,1,1,3,0,25.0,lugia-archeops,Lugia Archeops,2,0.0,overall,2026-05-25T16:39:03.884417+00:00
BRS-SFA,1,1,hisuian-samurott-vstar,Hisuian Samurott,1,1,3,0,25.0,gholdengo-ex,Gholdengo,1,0.0,overall,2026-05-25T16:39:03.884417+00:00
BRS-SFA,1,1,hisuian-samurott-vstar,Hisuian Samurott,1,1,3,0,25.0,roaring-moon-ex,Roaring Moon,1,100.0,overall,2026-05-25T16:39:03.884417+00:00
BRS-SFA,1,1,hisuian-zoroark-vstar,Hisuian Zoroark,1,1,2,1,33.33,ancient-box,Ancient Box,2,0.0,overall,2026-05-25T16:39:05.784768+00:00
BRS-SFA,1,1,hisuian-zoroark-vstar,Hisuian Zoroark,1,1,2,1,33.33,okidogi-ex,Okidogi,1,100.0,overall,2026-05-25T16:39:05.784768+00:00
BRS-SFA,1,1,hisuian-zoroark-vstar,Hisuian Zoroark,1,1,2,1,33.33,regidrago-vstar,Regidrago,1,33.33,overall,2026-05-25T16:39:05.784768+00:00
BRS-SFA,1,1,iron-hands-ex,Future Hands,8,18,27,5,39.33,charizard-pidgeot,Charizard Pidgeot,11,18.18,overall,2026-05-25T16:39:07.656830+00:00
BRS-SFA,1,1,iron-hands-ex,Future Hands,8,18,27,5,39.33,regidrago-vstar,Regidrago,8,20.83,overall,2026-05-25T16:39:07.656830+00:00
BRS-SFA,1,1,iron-hands-ex,Future Hands,8,18,27,5,39.33,miraidon-ex,Miraidon,5,60.0,overall,2026-05-25T16:39:07.656830+00:00
BRS-SFA,1,1,iron-hands-ex,Future Hands,8,18,27,5,39.33,raging-bolt-ogerpon,Raging Bolt Ogerpon,4,33.33,overall,2026-05-25T16:39:07.656830+00:00
BRS-SFA,1,1,iron-hands-ex,Future Hands,8,18,27,5,39.33,roaring-moon-ex,Roaring Moon,4,25.0,overall,2026-05-25T16:39:07.656830+00:00
BRS-SFA,1,1,iron-hands-ex,Future Hands,8,18,27,5,39.33,ancient-box,Ancient Box,3,33.33,overall,2026-05-25T16:39:07.656830+00:00
BRS-SFA,1,1,iron-hands-ex,Future Hands,8,18,27,5,39.33,lugia-archeops,Lugia Archeops,3,66.67,overall,2026-05-25T16:39:07.656830+00:00
BRS-SFA,1,1,iron-hands-ex,Future Hands,8,18,27,5,39.33,chien-pao-baxcalibur,Chien-Pao Baxcalibur,2,100.0,overall,2026-05-25T16:39:07.656830+00:00
BRS-SFA,1,1,iron-hands-ex,Future Hands,8,18,27,5,39.33,lzb-charizard,Lost Box Charizard,2,66.67,overall,2026-05-25T16:39:07.656830+00:00
BRS-SFA,1,1,iron-hands-ex,Future Hands,8,18,27,5,39.33,snorlax-stall,Snorlax Stall,2,100.0,overall,2026-05-25T16:39:07.656830+00:00
BRS-SFA,1,1,iron-hands-ex,Future Hands,8,18,27,5,39.33,froslass-munkidori,Froslass Munkidori,1,100.0,overall,2026-05-25T16:39:07.656830+00:00
BRS-SFA,1,1,iron-hands-ex,Future Hands,8,18,27,5,39.33,other,Other,1,33.33,overall,2026-05-25T16:39:07.656830+00:00
BRS-SFA,1,1,iron-hands-ex,Future Hands,8,18,27,5,39.33,dragapult-charizard,Dragapult Charizard,1,0.0,overall,2026-05-25T16:39:07.656830+00:00
BRS-SFA,1,1,iron-hands-ex,Future Hands,8,18,27,5,39.33,darkrai-dusknoir,Darkrai Dusknoir,1,0.0,overall,2026-05-25T16:39:07.656830+00:00
BRS-SFA,1,1,iron-hands-ex,Future Hands,8,18,27,5,39.33,iron-thorns-ex,Iron Thorns,1,100.0,overall,2026-05-25T16:39:07.656830+00:00
BRS-SFA,1,1,iron-hands-ex,Future Hands,8,18,27,5,39.33,palkia-dusknoir,Palkia Dusknoir,1,0.0,overall,2026-05-25T16:39:07.656830+00:00
BRS-SFA,1,1,iron-thorns-ex,Iron Thorns,38,138,132,23,49.72,raging-bolt-ogerpon,Raging Bolt Ogerpon,46,47.1,overall,2026-05-25T16:39:09.566017+00:00
BRS-SFA,1,1,iron-thorns-ex,Iron Thorns,38,138,132,23,49.72,regidrago-vstar,Regidrago,40,58.33,overall,2026-05-25T16:39:09.566017+00:00
BRS-SFA,1,1,iron-thorns-ex,Iron Thorns,38,138,132,23,49.72,ancient-box,Ancient Box,31,18.28,overall,2026-05-25T16:39:09.566017+00:00
BRS-SFA,1,1,iron-thorns-ex,Iron Thorns,38,138,132,23,49.72,lugia-archeops,Lugia Archeops,28,90.48,overall,2026-05-25T16:39:09.566017+00:00
BRS-SFA,1,1,iron-thorns-ex,Iron Thorns,38,138,132,23,49.72,charizard-pidgeot,Charizard Pidgeot,25,56.0,overall,2026-05-25T16:39:09.566017+00:00
BRS-SFA,1,1,iron-thorns-ex,Iron Thorns,38,138,132,23,49.72,miraidon-ex,Miraidon,12,61.11,overall,2026-05-25T16:39:09.566017+00:00
BRS-SFA,1,1,iron-thorns-ex,Iron Thorns,38,138,132,23,49.72,roaring-moon-ex,Roaring Moon,11,54.55,overall,2026-05-25T16:39:09.566017+00:00
BRS-SFA,1,1,iron-thorns-ex,Iron Thorns,38,138,132,23,49.72,snorlax-stall,Snorlax Stall,8,41.67,overall,2026-05-25T16:39:09.566017+00:00
BRS-SFA,1,1,iron-thorns-ex,Iron Thorns,38,138,132,23,49.72,gardevoir-ex-sv,Gardevoir,8,45.83,overall,2026-05-25T16:39:09.566017+00:00
BRS-SFA,1,1,iron-thorns-ex,Iron Thorns,38,138,132,23,49.72,other,Other,8,50.0,overall,2026-05-25T16:39:09.566017+00:00
BRS-SFA,1,1,iron-thorns-ex,Iron Thorns,38,138,132,23,49.72,giratina-lz-box,Giratina LZ Box,7,14.29,overall,2026-05-25T16:39:09.566017+00:00
BRS-SFA,1,1,iron-thorns-ex,Iron Thorns,38,138,132,23,49.72,lzb-charizard,Lost Box Charizard,6,38.89,overall,2026-05-25T16:39:09.566017+00:00
BRS-SFA,1,1,iron-thorns-ex,Iron Thorns,38,138,132,23,49.72,iron-thorns-ex,Iron Thorns,5,46.67,overall,2026-05-25T16:39:09.566017+00:00
BRS-SFA,1,1,iron-thorns-ex,Iron Thorns,38,138,132,23,49.72,gholdengo-ex,Gholdengo,4,50.0,overall,2026-05-25T16:39:09.566017+00:00
BRS-SFA,1,1,iron-thorns-ex,Iron Thorns,38,138,132,23,49.72,banette-dusknoir,Banette Dusknoir,4,50.0,overall,2026-05-25T16:39:09.566017+00:00
BRS-SFA,1,1,iron-thorns-ex,Iron Thorns,38,138,132,23,49.72,chien-pao-baxcalibur,Chien-Pao Baxcalibur,4,50.0,overall,2026-05-25T16:39:09.566017+00:00
BRS-SFA,1,1,iron-thorns-ex,Iron Thorns,38,138,132,23,49.72,pidgeot-control,Pidgeot Control,4,50.0,overall,2026-05-25T16:39:09.566017+00:00
BRS-SFA,1,1,iron-thorns-ex,Iron Thorns,38,138,132,23,49.72,dragapult-pidgeot,Dragapult Pidgeot,4,50.0,overall,2026-05-25T16:39:09.566017+00:00
BRS-SFA,1,1,iron-thorns-ex,Iron Thorns,38,138,132,23,49.72,okidogi-ex,Okidogi,3,66.67,overall,2026-05-25T16:39:09.566017+00:00
BRS-SFA,1,1,iron-thorns-ex,Iron Thorns,38,138,132,23,49.72,charizard-ex,Charizard,3,33.33,overall,2026-05-25T16:39:09.566017+00:00
BRS-SFA,1,1,iron-thorns-ex,Iron Thorns,38,138,132,23,49.72,lost-zone-box,Lost Zone Box,3,66.67,overall,2026-05-25T16:39:09.566017+00:00
BRS-SFA,1,1,iron-thorns-ex,Iron Thorns,38,138,132,23,49.72,ogerpon-noivern,Ogerpon Noivern,2,0.0,overall,2026-05-25T16:39:09.566017+00:00
BRS-SFA,1,1,iron-thorns-ex,Iron Thorns,38,138,132,23,49.72,united-wings,United Wings,2,100.0,overall,2026-05-25T16:39:09.566017+00:00
BRS-SFA,1,1,iron-thorns-ex,Iron Thorns,38,138,132,23,49.72,palafin-ex,Palafin,2,0.0,overall,2026-05-25T16:39:09.566017+00:00
BRS-SFA,1,1,iron-thorns-ex,Iron Thorns,38,138,132,23,49.72,great-tusk-tef,Great Tusk Mill,2,66.67,overall,2026-05-25T16:39:09.566017+00:00
BRS-SFA,1,1,iron-thorns-ex,Iron Thorns,38,138,132,23,49.72,dialga-metang,Dialga Metang,2,0.0,overall,2026-05-25T16:39:09.566017+00:00
BRS-SFA,1,1,iron-thorns-ex,Iron Thorns,38,138,132,23,49.72,alakazam-ex,Alakazam,1,100.0,overall,2026-05-25T16:39:09.566017+00:00
BRS-SFA,1,1,iron-thorns-ex,Iron Thorns,38,138,132,23,49.72,snorlax-pidgeot,Snorlax Pidgeot,1,0.0,overall,2026-05-25T16:39:09.566017+00:00
BRS-SFA,1,1,iron-thorns-ex,Iron Thorns,38,138,132,23,49.72,arceus-vulpix,Arceus Vulpix,1,0.0,overall,2026-05-25T16:39:09.566017+00:00
BRS-SFA,1,1,iron-thorns-ex,Iron Thorns,38,138,132,23,49.72,dragapult-ex,Dragapult,1,0.0,overall,2026-05-25T16:39:09.566017+00:00
BRS-SFA,1,1,iron-thorns-ex,Iron Thorns,38,138,132,23,49.72,garchomp-ex,Garchomp,1,0.0,overall,2026-05-25T16:39:09.566017+00:00
BRS-SFA,1,1,iron-thorns-ex,Iron Thorns,38,138,132,23,49.72,roaring-moon-dudunsparce,Roaring Moon Dudunsparce,1,0.0,overall,2026-05-25T16:39:09.566017+00:00
BRS-SFA,1,1,iron-thorns-ex,Iron Thorns,38,138,132,23,49.72,dragapult-lz-box,Dragapult LZ Box,1,0.0,overall,2026-05-25T16:39:09.566017+00:00
BRS-SFA,1,1,iron-thorns-ex,Iron Thorns,38,138,132,23,49.72,iron-hands-ex,Future Hands,1,0.0,overall,2026-05-25T16:39:09.566017+00:00
BRS-SFA,1,1,iron-thorns-ex,Iron Thorns,38,138,132,23,49.72,mimikyu-ogerpon,Mimikyu Ogerpon,1,100.0,overall,2026-05-25T16:39:09.566017+00:00
BRS-SFA,1,1,iron-thorns-ex,Iron Thorns,38,138,132,23,49.72,tsareena-ex,Tsareena,1,100.0,overall,2026-05-25T16:39:09.566017+00:00
BRS-SFA,1,1,iron-thorns-ex,Iron Thorns,38,138,132,23,49.72,greninja-ex,Greninja,1,0.0,overall,2026-05-25T16:39:09.566017+00:00
BRS-SFA,1,1,iron-thorns-ex,Iron Thorns,38,138,132,23,49.72,toedscruel-ex,Toedscruel,1,0.0,overall,2026-05-25T16:39:09.566017+00:00
BRS-SFA,1,1,iron-thorns-ex,Iron Thorns,38,138,132,23,49.72,palkia-dusknoir,Palkia Dusknoir,1,100.0,overall,2026-05-25T16:39:09.566017+00:00
BRS-SFA,1,1,iron-thorns-ex,Iron Thorns,38,138,132,23,49.72,arceus-armarouge,Arceus Armarouge,1,100.0,overall,2026-05-25T16:39:09.566017+00:00
BRS-SFA,1,1,klawf-par,Klawf,8,36,27,8,54.46,raging-bolt-ogerpon,Raging Bolt Ogerpon,14,52.38,overall,2026-05-25T16:39:11.445197+00:00
BRS-SFA,1,1,klawf-par,Klawf,8,36,27,8,54.46,charizard-pidgeot,Charizard Pidgeot,10,43.33,overall,2026-05-25T16:39:11.445197+00:00
BRS-SFA,1,1,klawf-par,Klawf,8,36,27,8,54.46,roaring-moon-ex,Roaring Moon,8,79.17,overall,2026-05-25T16:39:11.445197+00:00
BRS-SFA,1,1,klawf-par,Klawf,8,36,27,8,54.46,ancient-box,Ancient Box,6,66.67,overall,2026-05-25T16:39:11.445197+00:00
BRS-SFA,1,1,klawf-par,Klawf,8,36,27,8,54.46,miraidon-ex,Miraidon,5,60.0,overall,2026-05-25T16:39:11.445197+00:00
BRS-SFA,1,1,klawf-par,Klawf,8,36,27,8,54.46,regidrago-vstar,Regidrago,5,60.0,overall,2026-05-25T16:39:11.445197+00:00
BRS-SFA,1,1,klawf-par,Klawf,8,36,27,8,54.46,chien-pao-baxcalibur,Chien-Pao Baxcalibur,4,58.33,overall,2026-05-25T16:39:11.445197+00:00
BRS-SFA,1,1,klawf-par,Klawf,8,36,27,8,54.46,lugia-archeops,Lugia Archeops,4,8.33,overall,2026-05-25T16:39:11.445197+00:00
BRS-SFA,1,1,klawf-par,Klawf,8,36,27,8,54.46,snorlax-stall,Snorlax Stall,3,100.0,overall,2026-05-25T16:39:11.445197+00:00
BRS-SFA,1,1,klawf-par,Klawf,8,36,27,8,54.46,gardevoir-ex-sv,Gardevoir,3,0.0,overall,2026-05-25T16:39:11.445197+00:00
BRS-SFA,1,1,klawf-par,Klawf,8,36,27,8,54.46,other,Other,2,100.0,overall,2026-05-25T16:39:11.445197+00:00
BRS-SFA,1,1,klawf-par,Klawf,8,36,27,8,54.46,lzb-charizard,Lost Box Charizard,1,0.0,overall,2026-05-25T16:39:11.445197+00:00
BRS-SFA,1,1,klawf-par,Klawf,8,36,27,8,54.46,dragapult-pidgeot,Dragapult Pidgeot,1,0.0,overall,2026-05-25T16:39:11.445197+00:00
BRS-SFA,1,1,klawf-par,Klawf,8,36,27,8,54.46,ogerpon-noivern,Ogerpon Noivern,1,100.0,overall,2026-05-25T16:39:11.445197+00:00
BRS-SFA,1,1,klawf-par,Klawf,8,36,27,8,54.46,banette-dusknoir,Banette Dusknoir,1,0.0,overall,2026-05-25T16:39:11.445197+00:00
BRS-SFA,1,1,klawf-par,Klawf,8,36,27,8,54.46,charizard-ex,Charizard,1,100.0,overall,2026-05-25T16:39:11.445197+00:00
BRS-SFA,1,1,klawf-par,Klawf,8,36,27,8,54.46,darkrai-dusknoir,Darkrai Dusknoir,1,100.0,overall,2026-05-25T16:39:11.445197+00:00
BRS-SFA,1,1,klawf-par,Klawf,8,36,27,8,54.46,snorlax-pidgeot,Snorlax Pidgeot,1,0.0,overall,2026-05-25T16:39:11.445197+00:00
BRS-SFA,1,1,kyurem-vmax,Kyurem,1,0,3,0,0.0,snorlax-stall,Snorlax Stall,1,0.0,overall,2026-05-25T16:39:13.300888+00:00
BRS-SFA,1,1,kyurem-vmax,Kyurem,1,0,3,0,0.0,miraidon-ex,Miraidon,1,0.0,overall,2026-05-25T16:39:13.300888+00:00
BRS-SFA,1,1,kyurem-vmax,Kyurem,1,0,3,0,0.0,regidrago-vstar,Regidrago,1,0.0,overall,2026-05-25T16:39:13.300888+00:00
BRS-SFA,1,1,lost-zone-box,Lost Zone Box,11,24,39,5,37.75,raging-bolt-ogerpon,Raging Bolt Ogerpon,11,42.42,overall,2026-05-25T16:39:15.174044+00:00
BRS-SFA,1,1,lost-zone-box,Lost Zone Box,11,24,39,5,37.75,ancient-box,Ancient Box,8,29.17,overall,2026-05-25T16:39:15.174044+00:00
BRS-SFA,1,1,lost-zone-box,Lost Zone Box,11,24,39,5,37.75,regidrago-vstar,Regidrago,7,4.76,overall,2026-05-25T16:39:15.174044+00:00
BRS-SFA,1,1,lost-zone-box,Lost Zone Box,11,24,39,5,37.75,miraidon-ex,Miraidon,6,83.33,overall,2026-05-25T16:39:15.174044+00:00
BRS-SFA,1,1,lost-zone-box,Lost Zone Box,11,24,39,5,37.75,charizard-pidgeot,Charizard Pidgeot,5,40.0,overall,2026-05-25T16:39:15.174044+00:00
BRS-SFA,1,1,lost-zone-box,Lost Zone Box,11,24,39,5,37.75,lugia-archeops,Lugia Archeops,5,20.0,overall,2026-05-25T16:39:15.174044+00:00
BRS-SFA,1,1,lost-zone-box,Lost Zone Box,11,24,39,5,37.75,other,Other,3,66.67,overall,2026-05-25T16:39:15.174044+00:00
BRS-SFA,1,1,lost-zone-box,Lost Zone Box,11,24,39,5,37.75,iron-thorns-ex,Iron Thorns,3,33.33,overall,2026-05-25T16:39:15.174044+00:00
BRS-SFA,1,1,lost-zone-box,Lost Zone Box,11,24,39,5,37.75,snorlax-stall,Snorlax Stall,2,0.0,overall,2026-05-25T16:39:15.174044+00:00
BRS-SFA,1,1,lost-zone-box,Lost Zone Box,11,24,39,5,37.75,roaring-moon-ex,Roaring Moon,2,50.0,overall,2026-05-25T16:39:15.174044+00:00
BRS-SFA,1,1,lost-zone-box,Lost Zone Box,11,24,39,5,37.75,gardevoir-ex-sv,Gardevoir,2,100.0,overall,2026-05-25T16:39:15.174044+00:00
BRS-SFA,1,1,lost-zone-box,Lost Zone Box,11,24,39,5,37.75,united-wings,United Wings,2,0.0,overall,2026-05-25T16:39:15.174044+00:00
BRS-SFA,1,1,lost-zone-box,Lost Zone Box,11,24,39,5,37.75,pidgeot-control,Pidgeot Control,1,0.0,overall,2026-05-25T16:39:15.174044+00:00
BRS-SFA,1,1,lost-zone-box,Lost Zone Box,11,24,39,5,37.75,lzb-charizard,Lost Box Charizard,1,0.0,overall,2026-05-25T16:39:15.174044+00:00
BRS-SFA,1,1,lost-zone-box,Lost Zone Box,11,24,39,5,37.75,great-tusk-tef,Great Tusk Mill,1,0.0,overall,2026-05-25T16:39:15.174044+00:00
BRS-SFA,1,1,lost-zone-box,Lost Zone Box,11,24,39,5,37.75,espathra-xatu,Espathra Xatu,1,100.0,overall,2026-05-25T16:39:15.174044+00:00
BRS-SFA,1,1,lost-zone-box,Lost Zone Box,11,24,39,5,37.75,froslass-munkidori,Froslass Munkidori,1,100.0,overall,2026-05-25T16:39:15.174044+00:00
BRS-SFA,1,1,lost-zone-box,Lost Zone Box,11,24,39,5,37.75,gouging-fire-ex,Gouging Fire,1,0.0,overall,2026-05-25T16:39:15.174044+00:00
BRS-SFA,1,1,lost-zone-box,Lost Zone Box,11,24,39,5,37.75,garchomp-ex,Garchomp,1,0.0,overall,2026-05-25T16:39:15.174044+00:00
BRS-SFA,1,1,lost-zone-box,Lost Zone Box,11,24,39,5,37.75,palkia-vstar,Palkia,1,33.33,overall,2026-05-25T16:39:15.174044+00:00
BRS-SFA,1,1,lost-zone-box,Lost Zone Box,11,24,39,5,37.75,luxray-pidgeot,Luxray Control,1,100.0,overall,2026-05-25T16:39:15.174044+00:00
BRS-SFA,1,1,lost-zone-box,Lost Zone Box,11,24,39,5,37.75,chien-pao-baxcalibur,Chien-Pao Baxcalibur,1,100.0,overall,2026-05-25T16:39:15.174044+00:00
BRS-SFA,1,1,lost-zone-box,Lost Zone Box,11,24,39,5,37.75,conkeldurr-twm,Conkeldurr,1,0.0,overall,2026-05-25T16:39:15.174044+00:00
BRS-SFA,1,1,lugia-archeops,Lugia Archeops,156,598,513,138,51.56,regidrago-vstar,Regidrago,227,53.01,overall,2026-05-25T16:39:17.056120+00:00
BRS-SFA,1,1,lugia-archeops,Lugia Archeops,156,598,513,138,51.56,raging-bolt-ogerpon,Raging Bolt Ogerpon,196,43.03,overall,2026-05-25T16:39:17.056120+00:00
BRS-SFA,1,1,lugia-archeops,Lugia Archeops,156,598,513,138,51.56,charizard-pidgeot,Charizard Pidgeot,138,49.76,overall,2026-05-25T16:39:17.056120+00:00
BRS-SFA,1,1,lugia-archeops,Lugia Archeops,156,598,513,138,51.56,ancient-box,Ancient Box,109,60.24,overall,2026-05-25T16:39:17.056120+00:00
BRS-SFA,1,1,lugia-archeops,Lugia Archeops,156,598,513,138,51.56,roaring-moon-ex,Roaring Moon,65,60.0,overall,2026-05-25T16:39:17.056120+00:00
BRS-SFA,1,1,lugia-archeops,Lugia Archeops,156,598,513,138,51.56,miraidon-ex,Miraidon,53,40.88,overall,2026-05-25T16:39:17.056120+00:00
BRS-SFA,1,1,lugia-archeops,Lugia Archeops,156,598,513,138,51.56,lugia-archeops,Lugia Archeops,52,48.4,overall,2026-05-25T16:39:17.056120+00:00
BRS-SFA,1,1,lugia-archeops,Lugia Archeops,156,598,513,138,51.56,gardevoir-ex-sv,Gardevoir,46,47.83,overall,2026-05-25T16:39:17.056120+00:00
BRS-SFA,1,1,lugia-archeops,Lugia Archeops,156,598,513,138,51.56,snorlax-stall,Snorlax Stall,28,73.81,overall,2026-05-25T16:39:17.056120+00:00
BRS-SFA,1,1,lugia-archeops,Lugia Archeops,156,598,513,138,51.56,iron-thorns-ex,Iron Thorns,28,8.33,overall,2026-05-25T16:39:17.056120+00:00
BRS-SFA,1,1,lugia-archeops,Lugia Archeops,156,598,513,138,51.56,other,Other,22,62.12,overall,2026-05-25T16:39:17.056120+00:00
BRS-SFA,1,1,lugia-archeops,Lugia Archeops,156,598,513,138,51.56,chien-pao-baxcalibur,Chien-Pao Baxcalibur,18,77.78,overall,2026-05-25T16:39:17.056120+00:00
BRS-SFA,1,1,lugia-archeops,Lugia Archeops,156,598,513,138,51.56,gholdengo-ex,Gholdengo,18,51.85,overall,2026-05-25T16:39:17.056120+00:00
BRS-SFA,1,1,lugia-archeops,Lugia Archeops,156,598,513,138,51.56,ogerpon-noivern,Ogerpon Noivern,18,44.44,overall,2026-05-25T16:39:17.056120+00:00
BRS-SFA,1,1,lugia-archeops,Lugia Archeops,156,598,513,138,51.56,dragapult-pidgeot,Dragapult Pidgeot,17,76.47,overall,2026-05-25T16:39:17.056120+00:00
BRS-SFA,1,1,lugia-archeops,Lugia Archeops,156,598,513,138,51.56,palkia-dusknoir,Palkia Dusknoir,16,35.42,overall,2026-05-25T16:39:17.056120+00:00
BRS-SFA,1,1,lugia-archeops,Lugia Archeops,156,598,513,138,51.56,giratina-lz-box,Giratina LZ Box,16,35.42,overall,2026-05-25T16:39:17.056120+00:00
BRS-SFA,1,1,lugia-archeops,Lugia Archeops,156,598,513,138,51.56,pidgeot-control,Pidgeot Control,16,66.67,overall,2026-05-25T16:39:17.056120+00:00
BRS-SFA,1,1,lugia-archeops,Lugia Archeops,156,598,513,138,51.56,dragapult-ex,Dragapult,8,70.83,overall,2026-05-25T16:39:17.056120+00:00
BRS-SFA,1,1,lugia-archeops,Lugia Archeops,156,598,513,138,51.56,lzb-charizard,Lost Box Charizard,8,45.83,overall,2026-05-25T16:39:17.056120+00:00
BRS-SFA,1,1,lugia-archeops,Lugia Archeops,156,598,513,138,51.56,charizard-ex,Charizard,6,66.67,overall,2026-05-25T16:39:17.056120+00:00
BRS-SFA,1,1,lugia-archeops,Lugia Archeops,156,598,513,138,51.56,banette-dusknoir,Banette Dusknoir,6,83.33,overall,2026-05-25T16:39:17.056120+00:00
BRS-SFA,1,1,lugia-archeops,Lugia Archeops,156,598,513,138,51.56,united-wings,United Wings,5,80.0,overall,2026-05-25T16:39:17.056120+00:00
BRS-SFA,1,1,lugia-archeops,Lugia Archeops,156,598,513,138,51.56,dragapult-charizard,Dragapult Charizard,5,60.0,overall,2026-05-25T16:39:17.056120+00:00
BRS-SFA,1,1,lugia-archeops,Lugia Archeops,156,598,513,138,51.56,lost-zone-box,Lost Zone Box,5,80.0,overall,2026-05-25T16:39:17.056120+00:00
BRS-SFA,1,1,lugia-archeops,Lugia Archeops,156,598,513,138,51.56,darkrai-dusknoir,Darkrai Dusknoir,5,40.0,overall,2026-05-25T16:39:17.056120+00:00
BRS-SFA,1,1,lugia-archeops,Lugia Archeops,156,598,513,138,51.56,okidogi-ex,Okidogi,4,75.0,overall,2026-05-25T16:39:17.056120+00:00
BRS-SFA,1,1,lugia-archeops,Lugia Archeops,156,598,513,138,51.56,sinistcha-ogerpon,Sinistcha Ogerpon,4,41.67,overall,2026-05-25T16:39:17.056120+00:00
BRS-SFA,1,1,lugia-archeops,Lugia Archeops,156,598,513,138,51.56,palafin-ex,Palafin,4,58.33,overall,2026-05-25T16:39:17.056120+00:00
BRS-SFA,1,1,lugia-archeops,Lugia Archeops,156,598,513,138,51.56,snorlax-pidgeot,Snorlax Pidgeot,4,50.0,overall,2026-05-25T16:39:17.056120+00:00
BRS-SFA,1,1,lugia-archeops,Lugia Archeops,156,598,513,138,51.56,dialga-metang,Dialga Metang,4,66.67,overall,2026-05-25T16:39:17.056120+00:00
BRS-SFA,1,1,lugia-archeops,Lugia Archeops,156,598,513,138,51.56,klawf-par,Klawf,4,83.33,overall,2026-05-25T16:39:17.056120+00:00
BRS-SFA,1,1,lugia-archeops,Lugia Archeops,156,598,513,138,51.56,great-tusk-tef,Great Tusk Mill,3,33.33,overall,2026-05-25T16:39:17.056120+00:00
BRS-SFA,1,1,lugia-archeops,Lugia Archeops,156,598,513,138,51.56,garchomp-ex,Garchomp,3,66.67,overall,2026-05-25T16:39:17.056120+00:00
BRS-SFA,1,1,lugia-archeops,Lugia Archeops,156,598,513,138,51.56,iron-hands-ex,Future Hands,3,33.33,overall,2026-05-25T16:39:17.056120+00:00
BRS-SFA,1,1,lugia-archeops,Lugia Archeops,156,598,513,138,51.56,mimikyu-ogerpon,Mimikyu Ogerpon,3,66.67,overall,2026-05-25T16:39:17.056120+00:00
BRS-SFA,1,1,lugia-archeops,Lugia Archeops,156,598,513,138,51.56,scovillain-ex,Scovillain,2,100.0,overall,2026-05-25T16:39:17.056120+00:00
BRS-SFA,1,1,lugia-archeops,Lugia Archeops,156,598,513,138,51.56,greninja-ex,Greninja,2,66.67,overall,2026-05-25T16:39:17.056120+00:00
BRS-SFA,1,1,lugia-archeops,Lugia Archeops,156,598,513,138,51.56,arceus-armarouge,Arceus Armarouge,2,0.0,overall,2026-05-25T16:39:17.056120+00:00
BRS-SFA,1,1,lugia-archeops,Lugia Archeops,156,598,513,138,51.56,arceus-vstar,Arceus,2,50.0,overall,2026-05-25T16:39:17.056120+00:00
BRS-SFA,1,1,lugia-archeops,Lugia Archeops,156,598,513,138,51.56,noivern-ex,Noivern,2,16.67,overall,2026-05-25T16:39:17.056120+00:00
BRS-SFA,1,1,lugia-archeops,Lugia Archeops,156,598,513,138,51.56,hisuian-samurott-vstar,Hisuian Samurott,2,100.0,overall,2026-05-25T16:39:17.056120+00:00
BRS-SFA,1,1,lugia-archeops,Lugia Archeops,156,598,513,138,51.56,banette-gardevoir,Banette Gardevoir,2,50.0,overall,2026-05-25T16:39:17.056120+00:00
BRS-SFA,1,1,lugia-archeops,Lugia Archeops,156,598,513,138,51.56,toedscruel-ex,Toedscruel,2,100.0,overall,2026-05-25T16:39:17.056120+00:00
BRS-SFA,1,1,lugia-archeops,Lugia Archeops,156,598,513,138,51.56,future-box,Future Box,1,100.0,overall,2026-05-25T16:39:17.056120+00:00
BRS-SFA,1,1,lugia-archeops,Lugia Archeops,156,598,513,138,51.56,dragapult-lz-box,Dragapult LZ Box,1,0.0,overall,2026-05-25T16:39:17.056120+00:00
BRS-SFA,1,1,lugia-archeops,Lugia Archeops,156,598,513,138,51.56,banette-ex-sv,Banette,1,100.0,overall,2026-05-25T16:39:17.056120+00:00
BRS-SFA,1,1,lugia-archeops,Lugia Archeops,156,598,513,138,51.56,feraligatr-tef,Feraligatr,1,100.0,overall,2026-05-25T16:39:17.056120+00:00
BRS-SFA,1,1,lugia-archeops,Lugia Archeops,156,598,513,138,51.56,regigigas-asr,Regis,1,0.0,overall,2026-05-25T16:39:17.056120+00:00
BRS-SFA,1,1,lugia-archeops,Lugia Archeops,156,598,513,138,51.56,conkeldurr-twm,Conkeldurr,1,0.0,overall,2026-05-25T16:39:17.056120+00:00
BRS-SFA,1,1,lugia-archeops,Lugia Archeops,156,598,513,138,51.56,omastar-archeops,Omastar Archeops,1,0.0,overall,2026-05-25T16:39:17.056120+00:00
BRS-SFA,1,1,lugia-archeops,Lugia Archeops,156,598,513,138,51.56,greninja-froslass,Greninja Froslass,1,0.0,overall,2026-05-25T16:39:17.056120+00:00
BRS-SFA,1,1,lugia-archeops,Lugia Archeops,156,598,513,138,51.56,luxray-pidgeot,Luxray Control,1,100.0,overall,2026-05-25T16:39:17.056120+00:00
BRS-SFA,1,1,luxray-pidgeot,Luxray Control,2,5,9,2,35.42,charizard-pidgeot,Charizard Pidgeot,5,20.0,overall,2026-05-25T16:39:18.922500+00:00
BRS-SFA,1,1,luxray-pidgeot,Luxray Control,2,5,9,2,35.42,raging-bolt-ogerpon,Raging Bolt Ogerpon,2,66.67,overall,2026-05-25T16:39:18.922500+00:00
BRS-SFA,1,1,luxray-pidgeot,Luxray Control,2,5,9,2,35.42,ancient-box,Ancient Box,2,66.67,overall,2026-05-25T16:39:18.922500+00:00
BRS-SFA,1,1,luxray-pidgeot,Luxray Control,2,5,9,2,35.42,arceus-vulpix,Arceus Vulpix,1,0.0,overall,2026-05-25T16:39:18.922500+00:00
BRS-SFA,1,1,luxray-pidgeot,Luxray Control,2,5,9,2,35.42,miraidon-ex,Miraidon,1,0.0,overall,2026-05-25T16:39:18.922500+00:00
BRS-SFA,1,1,luxray-pidgeot,Luxray Control,2,5,9,2,35.42,banette-ex-sv,Banette,1,100.0,overall,2026-05-25T16:39:18.922500+00:00
BRS-SFA,1,1,luxray-pidgeot,Luxray Control,2,5,9,2,35.42,gardevoir-ex-sv,Gardevoir,1,100.0,overall,2026-05-25T16:39:18.922500+00:00
BRS-SFA,1,1,luxray-pidgeot,Luxray Control,2,5,9,2,35.42,dragapult-pidgeot,Dragapult Pidgeot,1,0.0,overall,2026-05-25T16:39:18.922500+00:00
BRS-SFA,1,1,luxray-pidgeot,Luxray Control,2,5,9,2,35.42,lost-zone-box,Lost Zone Box,1,0.0,overall,2026-05-25T16:39:18.922500+00:00
BRS-SFA,1,1,luxray-pidgeot,Luxray Control,2,5,9,2,35.42,lugia-archeops,Lugia Archeops,1,0.0,overall,2026-05-25T16:39:18.922500+00:00
BRS-SFA,1,1,lzb-charizard,Lost Box Charizard,24,79,76,27,48.35,charizard-pidgeot,Charizard Pidgeot,31,41.94,overall,2026-05-25T16:39:20.797498+00:00
BRS-SFA,1,1,lzb-charizard,Lost Box Charizard,24,79,76,27,48.35,regidrago-vstar,Regidrago,27,30.86,overall,2026-05-25T16:39:20.797498+00:00
BRS-SFA,1,1,lzb-charizard,Lost Box Charizard,24,79,76,27,48.35,raging-bolt-ogerpon,Raging Bolt Ogerpon,25,64.0,overall,2026-05-25T16:39:20.797498+00:00
BRS-SFA,1,1,lzb-charizard,Lost Box Charizard,24,79,76,27,48.35,ancient-box,Ancient Box,19,40.35,overall,2026-05-25T16:39:20.797498+00:00
BRS-SFA,1,1,lzb-charizard,Lost Box Charizard,24,79,76,27,48.35,roaring-moon-ex,Roaring Moon,13,76.92,overall,2026-05-25T16:39:20.797498+00:00
BRS-SFA,1,1,lzb-charizard,Lost Box Charizard,24,79,76,27,48.35,miraidon-ex,Miraidon,9,44.44,overall,2026-05-25T16:39:20.797498+00:00
BRS-SFA,1,1,lzb-charizard,Lost Box Charizard,24,79,76,27,48.35,lugia-archeops,Lugia Archeops,8,45.83,overall,2026-05-25T16:39:20.797498+00:00
BRS-SFA,1,1,lzb-charizard,Lost Box Charizard,24,79,76,27,48.35,iron-thorns-ex,Iron Thorns,6,55.56,overall,2026-05-25T16:39:20.797498+00:00
BRS-SFA,1,1,lzb-charizard,Lost Box Charizard,24,79,76,27,48.35,gardevoir-ex-sv,Gardevoir,3,11.11,overall,2026-05-25T16:39:20.797498+00:00
BRS-SFA,1,1,lzb-charizard,Lost Box Charizard,24,79,76,27,48.35,other,Other,3,100.0,overall,2026-05-25T16:39:20.797498+00:00
BRS-SFA,1,1,lzb-charizard,Lost Box Charizard,24,79,76,27,48.35,banette-dusknoir,Banette Dusknoir,3,44.44,overall,2026-05-25T16:39:20.797498+00:00
BRS-SFA,1,1,lzb-charizard,Lost Box Charizard,24,79,76,27,48.35,toedscruel-ex,Toedscruel,3,77.78,overall,2026-05-25T16:39:20.797498+00:00
BRS-SFA,1,1,lzb-charizard,Lost Box Charizard,24,79,76,27,48.35,darkrai-dusknoir,Darkrai Dusknoir,3,66.67,overall,2026-05-25T16:39:20.797498+00:00
BRS-SFA,1,1,lzb-charizard,Lost Box Charizard,24,79,76,27,48.35,gholdengo-ex,Gholdengo,2,33.33,overall,2026-05-25T16:39:20.797498+00:00
BRS-SFA,1,1,lzb-charizard,Lost Box Charizard,24,79,76,27,48.35,snorlax-stall,Snorlax Stall,2,0.0,overall,2026-05-25T16:39:20.797498+00:00
BRS-SFA,1,1,lzb-charizard,Lost Box Charizard,24,79,76,27,48.35,chien-pao-baxcalibur,Chien-Pao Baxcalibur,2,100.0,overall,2026-05-25T16:39:20.797498+00:00
BRS-SFA,1,1,lzb-charizard,Lost Box Charizard,24,79,76,27,48.35,iron-hands-ex,Future Hands,2,16.67,overall,2026-05-25T16:39:20.797498+00:00
BRS-SFA,1,1,lzb-charizard,Lost Box Charizard,24,79,76,27,48.35,goodra-lz-box,Goodra LZ Box,2,100.0,overall,2026-05-25T16:39:20.797498+00:00
BRS-SFA,1,1,lzb-charizard,Lost Box Charizard,24,79,76,27,48.35,giratina-lz-box,Giratina LZ Box,2,50.0,overall,2026-05-25T16:39:20.797498+00:00
BRS-SFA,1,1,lzb-charizard,Lost Box Charizard,24,79,76,27,48.35,noivern-ex,Noivern,1,33.33,overall,2026-05-25T16:39:20.797498+00:00
BRS-SFA,1,1,lzb-charizard,Lost Box Charizard,24,79,76,27,48.35,dialga-metang,Dialga Metang,1,33.33,overall,2026-05-25T16:39:20.797498+00:00
BRS-SFA,1,1,lzb-charizard,Lost Box Charizard,24,79,76,27,48.35,klawf-par,Klawf,1,100.0,overall,2026-05-25T16:39:20.797498+00:00
BRS-SFA,1,1,lzb-charizard,Lost Box Charizard,24,79,76,27,48.35,lost-zone-box,Lost Zone Box,1,100.0,overall,2026-05-25T16:39:20.797498+00:00
BRS-SFA,1,1,lzb-charizard,Lost Box Charizard,24,79,76,27,48.35,ogerpon-noivern,Ogerpon Noivern,1,0.0,overall,2026-05-25T16:39:20.797498+00:00
BRS-SFA,1,1,lzb-charizard,Lost Box Charizard,24,79,76,27,48.35,mimikyu-ogerpon,Mimikyu Ogerpon,1,0.0,overall,2026-05-25T16:39:20.797498+00:00
BRS-SFA,1,1,lzb-charizard,Lost Box Charizard,24,79,76,27,48.35,dragapult-charizard,Dragapult Charizard,1,100.0,overall,2026-05-25T16:39:20.797498+00:00
BRS-SFA,1,1,lzb-charizard,Lost Box Charizard,24,79,76,27,48.35,tsareena-ex,Tsareena,1,33.33,overall,2026-05-25T16:39:20.797498+00:00
BRS-SFA,1,1,lzb-charizard,Lost Box Charizard,24,79,76,27,48.35,pidgeot-control,Pidgeot Control,1,0.0,overall,2026-05-25T16:39:20.797498+00:00
BRS-SFA,1,1,lzb-charizard,Lost Box Charizard,24,79,76,27,48.35,banette-gardevoir,Banette Gardevoir,1,0.0,overall,2026-05-25T16:39:20.797498+00:00
BRS-SFA,1,1,lzb-charizard,Lost Box Charizard,24,79,76,27,48.35,dragapult-ex,Dragapult,1,0.0,overall,2026-05-25T16:39:20.797498+00:00
BRS-SFA,1,1,lzb-charizard,Lost Box Charizard,24,79,76,27,48.35,dragapult-pidgeot,Dragapult Pidgeot,1,0.0,overall,2026-05-25T16:39:20.797498+00:00
BRS-SFA,1,1,lzb-charizard,Lost Box Charizard,24,79,76,27,48.35,palkia-dusknoir,Palkia Dusknoir,1,0.0,overall,2026-05-25T16:39:20.797498+00:00
BRS-SFA,1,1,lzb-charizard,Lost Box Charizard,24,79,76,27,48.35,froslass-munkidori,Froslass Munkidori,1,100.0,overall,2026-05-25T16:39:20.797498+00:00
BRS-SFA,1,1,lzb-charizard,Lost Box Charizard,24,79,76,27,48.35,greninja-ex,Greninja,1,0.0,overall,2026-05-25T16:39:20.797498+00:00
BRS-SFA,1,1,magnezone-ex,Magnezone,1,1,4,1,22.22,roaring-moon-ex,Roaring Moon,1,0.0,overall,2026-05-25T16:39:22.663717+00:00
BRS-SFA,1,1,magnezone-ex,Magnezone,1,1,4,1,22.22,palkia-dusknoir,Palkia Dusknoir,1,100.0,overall,2026-05-25T16:39:22.663717+00:00
BRS-SFA,1,1,magnezone-ex,Magnezone,1,1,4,1,22.22,charizard-pidgeot,Charizard Pidgeot,1,33.33,overall,2026-05-25T16:39:22.663717+00:00
BRS-SFA,1,1,magnezone-ex,Magnezone,1,1,4,1,22.22,raging-bolt-ogerpon,Raging Bolt Ogerpon,1,0.0,overall,2026-05-25T16:39:22.663717+00:00
BRS-SFA,1,1,magnezone-ex,Magnezone,1,1,4,1,22.22,gholdengo-ex,Gholdengo,1,0.0,overall,2026-05-25T16:39:22.663717+00:00
BRS-SFA,1,1,magnezone-ex,Magnezone,1,1,4,1,22.22,regidrago-vstar,Regidrago,1,0.0,overall,2026-05-25T16:39:22.663717+00:00
BRS-SFA,1,1,mimikyu-ogerpon,Mimikyu Ogerpon,7,37,23,5,59.49,regidrago-vstar,Regidrago,16,62.5,overall,2026-05-25T16:39:24.537815+00:00
BRS-SFA,1,1,mimikyu-ogerpon,Mimikyu Ogerpon,7,37,23,5,59.49,charizard-pidgeot,Charizard Pidgeot,13,92.31,overall,2026-05-25T16:39:24.537815+00:00
BRS-SFA,1,1,mimikyu-ogerpon,Mimikyu Ogerpon,7,37,23,5,59.49,ancient-box,Ancient Box,5,53.33,overall,2026-05-25T16:39:24.537815+00:00
BRS-SFA,1,1,mimikyu-ogerpon,Mimikyu Ogerpon,7,37,23,5,59.49,miraidon-ex,Miraidon,5,100.0,overall,2026-05-25T16:39:24.537815+00:00
BRS-SFA,1,1,mimikyu-ogerpon,Mimikyu Ogerpon,7,37,23,5,59.49,roaring-moon-ex,Roaring Moon,4,25.0,overall,2026-05-25T16:39:24.537815+00:00
BRS-SFA,1,1,mimikyu-ogerpon,Mimikyu Ogerpon,7,37,23,5,59.49,raging-bolt-ogerpon,Raging Bolt Ogerpon,4,50.0,overall,2026-05-25T16:39:24.537815+00:00
BRS-SFA,1,1,mimikyu-ogerpon,Mimikyu Ogerpon,7,37,23,5,59.49,lugia-archeops,Lugia Archeops,3,33.33,overall,2026-05-25T16:39:24.537815+00:00
BRS-SFA,1,1,mimikyu-ogerpon,Mimikyu Ogerpon,7,37,23,5,59.49,ogerpon-noivern,Ogerpon Noivern,3,44.44,overall,2026-05-25T16:39:24.537815+00:00
BRS-SFA,1,1,mimikyu-ogerpon,Mimikyu Ogerpon,7,37,23,5,59.49,chien-pao-baxcalibur,Chien-Pao Baxcalibur,2,16.67,overall,2026-05-25T16:39:24.537815+00:00
BRS-SFA,1,1,mimikyu-ogerpon,Mimikyu Ogerpon,7,37,23,5,59.49,gardevoir-ex-sv,Gardevoir,1,0.0,overall,2026-05-25T16:39:24.537815+00:00
BRS-SFA,1,1,mimikyu-ogerpon,Mimikyu Ogerpon,7,37,23,5,59.49,dialga-metang,Dialga Metang,1,0.0,overall,2026-05-25T16:39:24.537815+00:00
BRS-SFA,1,1,mimikyu-ogerpon,Mimikyu Ogerpon,7,37,23,5,59.49,lzb-charizard,Lost Box Charizard,1,100.0,overall,2026-05-25T16:39:24.537815+00:00
BRS-SFA,1,1,mimikyu-ogerpon,Mimikyu Ogerpon,7,37,23,5,59.49,palafin-ex,Palafin,1,0.0,overall,2026-05-25T16:39:24.537815+00:00
BRS-SFA,1,1,mimikyu-ogerpon,Mimikyu Ogerpon,7,37,23,5,59.49,iron-thorns-ex,Iron Thorns,1,0.0,overall,2026-05-25T16:39:24.537815+00:00
BRS-SFA,1,1,mimikyu-ogerpon,Mimikyu Ogerpon,7,37,23,5,59.49,united-wings,United Wings,1,33.33,overall,2026-05-25T16:39:24.537815+00:00
BRS-SFA,1,1,mimikyu-ogerpon,Mimikyu Ogerpon,7,37,23,5,59.49,snorlax-stall,Snorlax Stall,1,100.0,overall,2026-05-25T16:39:24.537815+00:00
BRS-SFA,1,1,mimikyu-ogerpon,Mimikyu Ogerpon,7,37,23,5,59.49,charizard-ex,Charizard,1,0.0,overall,2026-05-25T16:39:24.537815+00:00
BRS-SFA,1,1,mimikyu-ogerpon,Mimikyu Ogerpon,7,37,23,5,59.49,banette-dusknoir,Banette Dusknoir,1,0.0,overall,2026-05-25T16:39:24.537815+00:00
BRS-SFA,1,1,mimikyu-ogerpon,Mimikyu Ogerpon,7,37,23,5,59.49,other,Other,1,100.0,overall,2026-05-25T16:39:24.537815+00:00
BRS-SFA,1,1,miraidon-ex,Miraidon,129,374,490,87,42.38,regidrago-vstar,Regidrago,154,48.48,overall,2026-05-25T16:39:26.421426+00:00
BRS-SFA,1,1,miraidon-ex,Miraidon,129,374,490,87,42.38,raging-bolt-ogerpon,Raging Bolt Ogerpon,137,29.68,overall,2026-05-25T16:39:26.421426+00:00
BRS-SFA,1,1,miraidon-ex,Miraidon,129,374,490,87,42.38,charizard-pidgeot,Charizard Pidgeot,131,30.28,overall,2026-05-25T16:39:26.421426+00:00
BRS-SFA,1,1,miraidon-ex,Miraidon,129,374,490,87,42.38,ancient-box,Ancient Box,80,41.67,overall,2026-05-25T16:39:26.421426+00:00
BRS-SFA,1,1,miraidon-ex,Miraidon,129,374,490,87,42.38,lugia-archeops,Lugia Archeops,53,55.97,overall,2026-05-25T16:39:26.421426+00:00
BRS-SFA,1,1,miraidon-ex,Miraidon,129,374,490,87,42.38,roaring-moon-ex,Roaring Moon,42,42.86,overall,2026-05-25T16:39:26.421426+00:00
BRS-SFA,1,1,miraidon-ex,Miraidon,129,374,490,87,42.38,miraidon-ex,Miraidon,31,47.85,overall,2026-05-25T16:39:26.421426+00:00
BRS-SFA,1,1,miraidon-ex,Miraidon,129,374,490,87,42.38,gardevoir-ex-sv,Gardevoir,28,50.0,overall,2026-05-25T16:39:26.421426+00:00
BRS-SFA,1,1,miraidon-ex,Miraidon,129,374,490,87,42.38,chien-pao-baxcalibur,Chien-Pao Baxcalibur,21,74.6,overall,2026-05-25T16:39:26.421426+00:00
BRS-SFA,1,1,miraidon-ex,Miraidon,129,374,490,87,42.38,snorlax-stall,Snorlax Stall,21,7.94,overall,2026-05-25T16:39:26.421426+00:00
BRS-SFA,1,1,miraidon-ex,Miraidon,129,374,490,87,42.38,other,Other,19,43.86,overall,2026-05-25T16:39:26.421426+00:00
BRS-SFA,1,1,miraidon-ex,Miraidon,129,374,490,87,42.38,giratina-lz-box,Giratina LZ Box,14,54.76,overall,2026-05-25T16:39:26.421426+00:00
BRS-SFA,1,1,miraidon-ex,Miraidon,129,374,490,87,42.38,dragapult-pidgeot,Dragapult Pidgeot,12,63.89,overall,2026-05-25T16:39:26.421426+00:00
BRS-SFA,1,1,miraidon-ex,Miraidon,129,374,490,87,42.38,iron-thorns-ex,Iron Thorns,12,36.11,overall,2026-05-25T16:39:26.421426+00:00
BRS-SFA,1,1,miraidon-ex,Miraidon,129,374,490,87,42.38,dragapult-charizard,Dragapult Charizard,11,27.27,overall,2026-05-25T16:39:26.421426+00:00
BRS-SFA,1,1,miraidon-ex,Miraidon,129,374,490,87,42.38,ogerpon-noivern,Ogerpon Noivern,11,18.18,overall,2026-05-25T16:39:26.421426+00:00
BRS-SFA,1,1,miraidon-ex,Miraidon,129,374,490,87,42.38,pidgeot-control,Pidgeot Control,10,33.33,overall,2026-05-25T16:39:26.421426+00:00
BRS-SFA,1,1,miraidon-ex,Miraidon,129,374,490,87,42.38,lzb-charizard,Lost Box Charizard,9,55.56,overall,2026-05-25T16:39:26.421426+00:00
BRS-SFA,1,1,miraidon-ex,Miraidon,129,374,490,87,42.38,gholdengo-ex,Gholdengo,9,33.33,overall,2026-05-25T16:39:26.421426+00:00
BRS-SFA,1,1,miraidon-ex,Miraidon,129,374,490,87,42.38,palkia-dusknoir,Palkia Dusknoir,8,75.0,overall,2026-05-25T16:39:26.421426+00:00
BRS-SFA,1,1,miraidon-ex,Miraidon,129,374,490,87,42.38,sinistcha-ogerpon,Sinistcha Ogerpon,7,57.14,overall,2026-05-25T16:39:26.421426+00:00
BRS-SFA,1,1,miraidon-ex,Miraidon,129,374,490,87,42.38,lost-zone-box,Lost Zone Box,6,16.67,overall,2026-05-25T16:39:26.421426+00:00
BRS-SFA,1,1,miraidon-ex,Miraidon,129,374,490,87,42.38,palkia-vstar,Palkia,6,22.22,overall,2026-05-25T16:39:26.421426+00:00
BRS-SFA,1,1,miraidon-ex,Miraidon,129,374,490,87,42.38,klawf-par,Klawf,5,40.0,overall,2026-05-25T16:39:26.421426+00:00
BRS-SFA,1,1,miraidon-ex,Miraidon,129,374,490,87,42.38,iron-hands-ex,Future Hands,5,40.0,overall,2026-05-25T16:39:26.421426+00:00
BRS-SFA,1,1,miraidon-ex,Miraidon,129,374,490,87,42.38,united-wings,United Wings,5,80.0,overall,2026-05-25T16:39:26.421426+00:00
BRS-SFA,1,1,miraidon-ex,Miraidon,129,374,490,87,42.38,mimikyu-ogerpon,Mimikyu Ogerpon,5,0.0,overall,2026-05-25T16:39:26.421426+00:00
BRS-SFA,1,1,miraidon-ex,Miraidon,129,374,490,87,42.38,tsareena-ex,Tsareena,4,58.33,overall,2026-05-25T16:39:26.421426+00:00
BRS-SFA,1,1,miraidon-ex,Miraidon,129,374,490,87,42.38,arceus-vstar,Arceus,4,58.33,overall,2026-05-25T16:39:26.421426+00:00
BRS-SFA,1,1,miraidon-ex,Miraidon,129,374,490,87,42.38,greninja-froslass,Greninja Froslass,3,66.67,overall,2026-05-25T16:39:26.421426+00:00
BRS-SFA,1,1,miraidon-ex,Miraidon,129,374,490,87,42.38,scovillain-ex,Scovillain,3,44.44,overall,2026-05-25T16:39:26.421426+00:00
BRS-SFA,1,1,miraidon-ex,Miraidon,129,374,490,87,42.38,snorlax-pidgeot,Snorlax Pidgeot,3,0.0,overall,2026-05-25T16:39:26.421426+00:00
BRS-SFA,1,1,miraidon-ex,Miraidon,129,374,490,87,42.38,dialga-metang,Dialga Metang,3,77.78,overall,2026-05-25T16:39:26.421426+00:00
BRS-SFA,1,1,miraidon-ex,Miraidon,129,374,490,87,42.38,charizard-ex,Charizard,3,33.33,overall,2026-05-25T16:39:26.421426+00:00
BRS-SFA,1,1,miraidon-ex,Miraidon,129,374,490,87,42.38,blissey-ex,Blissey,2,50.0,overall,2026-05-25T16:39:26.421426+00:00
BRS-SFA,1,1,miraidon-ex,Miraidon,129,374,490,87,42.38,raging-bolt-ex,Raging Bolt,2,50.0,overall,2026-05-25T16:39:26.421426+00:00
BRS-SFA,1,1,miraidon-ex,Miraidon,129,374,490,87,42.38,arceus-vulpix,Arceus Vulpix,2,50.0,overall,2026-05-25T16:39:26.421426+00:00
BRS-SFA,1,1,miraidon-ex,Miraidon,129,374,490,87,42.38,venomoth-froslass,Venomoth Froslass,2,100.0,overall,2026-05-25T16:39:26.421426+00:00
BRS-SFA,1,1,miraidon-ex,Miraidon,129,374,490,87,42.38,goodra-lz-box,Goodra LZ Box,2,66.67,overall,2026-05-25T16:39:26.421426+00:00
BRS-SFA,1,1,miraidon-ex,Miraidon,129,374,490,87,42.38,darkrai-dusknoir,Darkrai Dusknoir,2,0.0,overall,2026-05-25T16:39:26.421426+00:00
BRS-SFA,1,1,miraidon-ex,Miraidon,129,374,490,87,42.38,froslass-munkidori,Froslass Munkidori,2,50.0,overall,2026-05-25T16:39:26.421426+00:00
BRS-SFA,1,1,miraidon-ex,Miraidon,129,374,490,87,42.38,greninja-ex,Greninja,2,50.0,overall,2026-05-25T16:39:26.421426+00:00
BRS-SFA,1,1,miraidon-ex,Miraidon,129,374,490,87,42.38,gouging-fire-ex,Gouging Fire,2,0.0,overall,2026-05-25T16:39:26.421426+00:00
BRS-SFA,1,1,miraidon-ex,Miraidon,129,374,490,87,42.38,okidogi-ex,Okidogi,2,50.0,overall,2026-05-25T16:39:26.421426+00:00
BRS-SFA,1,1,miraidon-ex,Miraidon,129,374,490,87,42.38,spidops-ex,Spidops,2,100.0,overall,2026-05-25T16:39:26.421426+00:00
BRS-SFA,1,1,miraidon-ex,Miraidon,129,374,490,87,42.38,conkeldurr-twm,Conkeldurr,2,66.67,overall,2026-05-25T16:39:26.421426+00:00
BRS-SFA,1,1,miraidon-ex,Miraidon,129,374,490,87,42.38,banette-dusknoir,Banette Dusknoir,2,100.0,overall,2026-05-25T16:39:26.421426+00:00
BRS-SFA,1,1,miraidon-ex,Miraidon,129,374,490,87,42.38,arceus-giratina,Arceus Giratina,2,100.0,overall,2026-05-25T16:39:26.421426+00:00
BRS-SFA,1,1,miraidon-ex,Miraidon,129,374,490,87,42.38,palafin-ex,Palafin,2,100.0,overall,2026-05-25T16:39:26.421426+00:00
BRS-SFA,1,1,miraidon-ex,Miraidon,129,374,490,87,42.38,festival-lead,Dipplin,1,100.0,overall,2026-05-25T16:39:26.421426+00:00
BRS-SFA,1,1,miraidon-ex,Miraidon,129,374,490,87,42.38,kyurem-vmax,Kyurem,1,100.0,overall,2026-05-25T16:39:26.421426+00:00
BRS-SFA,1,1,miraidon-ex,Miraidon,129,374,490,87,42.38,luxray-pidgeot,Luxray Control,1,100.0,overall,2026-05-25T16:39:26.421426+00:00
BRS-SFA,1,1,miraidon-ex,Miraidon,129,374,490,87,42.38,great-tusk-tef,Great Tusk Mill,1,0.0,overall,2026-05-25T16:39:26.421426+00:00
BRS-SFA,1,1,miraidon-ex,Miraidon,129,374,490,87,42.38,tinkaton-ex,Tinkaton,1,100.0,overall,2026-05-25T16:39:26.421426+00:00
BRS-SFA,1,1,miraidon-ex,Miraidon,129,374,490,87,42.38,steelix-par,Steelix,1,100.0,overall,2026-05-25T16:39:26.421426+00:00
BRS-SFA,1,1,miraidon-ex,Miraidon,129,374,490,87,42.38,alakazam-ex,Alakazam,1,100.0,overall,2026-05-25T16:39:26.421426+00:00
BRS-SFA,1,1,miraidon-ex,Miraidon,129,374,490,87,42.38,toedscruel-ex,Toedscruel,1,33.33,overall,2026-05-25T16:39:26.421426+00:00
BRS-SFA,1,1,miraidon-ex,Miraidon,129,374,490,87,42.38,charizard-greninja,Charizard Greninja,1,0.0,overall,2026-05-25T16:39:26.421426+00:00
BRS-SFA,1,1,miraidon-ex,Miraidon,129,374,490,87,42.38,glimmora-ex,Glimmora,1,0.0,overall,2026-05-25T16:39:26.421426+00:00
BRS-SFA,1,1,miraidon-ex,Miraidon,129,374,490,87,42.38,entei-iron-valiant,Entei Iron Valiant,1,100.0,overall,2026-05-25T16:39:26.421426+00:00
BRS-SFA,1,1,miraidon-ex,Miraidon,129,374,490,87,42.38,future-box,Future Box,1,100.0,overall,2026-05-25T16:39:26.421426+00:00
BRS-SFA,1,1,miraidon-ex,Miraidon,129,374,490,87,42.38,feraligatr-tef,Feraligatr,1,100.0,overall,2026-05-25T16:39:26.421426+00:00
BRS-SFA,1,1,miraidon-ex,Miraidon,129,374,490,87,42.38,garchomp-ex,Garchomp,1,100.0,overall,2026-05-25T16:39:26.421426+00:00
BRS-SFA,1,1,noivern-ex,Noivern,2,9,6,3,55.56,regidrago-vstar,Regidrago,5,40.0,overall,2026-05-25T16:39:28.284337+00:00
BRS-SFA,1,1,noivern-ex,Noivern,2,9,6,3,55.56,raging-bolt-ogerpon,Raging Bolt Ogerpon,3,100.0,overall,2026-05-25T16:39:28.284337+00:00
BRS-SFA,1,1,noivern-ex,Noivern,2,9,6,3,55.56,lugia-archeops,Lugia Archeops,2,66.67,overall,2026-05-25T16:39:28.284337+00:00
BRS-SFA,1,1,noivern-ex,Noivern,2,9,6,3,55.56,charizard-pidgeot,Charizard Pidgeot,2,100.0,overall,2026-05-25T16:39:28.284337+00:00
BRS-SFA,1,1,noivern-ex,Noivern,2,9,6,3,55.56,lzb-charizard,Lost Box Charizard,1,33.33,overall,2026-05-25T16:39:28.284337+00:00
BRS-SFA,1,1,noivern-ex,Noivern,2,9,6,3,55.56,gardevoir-ex-sv,Gardevoir,1,0.0,overall,2026-05-25T16:39:28.284337+00:00
BRS-SFA,1,1,noivern-ex,Noivern,2,9,6,3,55.56,giratina-lz-box,Giratina LZ Box,1,0.0,overall,2026-05-25T16:39:28.284337+00:00
BRS-SFA,1,1,noivern-ex,Noivern,2,9,6,3,55.56,roaring-moon-ex,Roaring Moon,1,100.0,overall,2026-05-25T16:39:28.284337+00:00
BRS-SFA,1,1,noivern-ex,Noivern,2,9,6,3,55.56,dialga-metang,Dialga Metang,1,0.0,overall,2026-05-25T16:39:28.284337+00:00
BRS-SFA,1,1,noivern-ex,Noivern,2,9,6,3,55.56,ancient-box,Ancient Box,1,33.33,overall,2026-05-25T16:39:28.284337+00:00
BRS-SFA,1,1,ogerpon-noivern,Ogerpon Noivern,21,119,61,20,62.83,regidrago-vstar,Regidrago,40,70.0,overall,2026-05-25T16:39:30.330653+00:00
BRS-SFA,1,1,ogerpon-noivern,Ogerpon Noivern,21,119,61,20,62.83,charizard-pidgeot,Charizard Pidgeot,22,96.97,overall,2026-05-25T16:39:30.330653+00:00
BRS-SFA,1,1,ogerpon-noivern,Ogerpon Noivern,21,119,61,20,62.83,ancient-box,Ancient Box,21,77.78,overall,2026-05-25T16:39:30.330653+00:00
BRS-SFA,1,1,ogerpon-noivern,Ogerpon Noivern,21,119,61,20,62.83,raging-bolt-ogerpon,Raging Bolt Ogerpon,20,78.33,overall,2026-05-25T16:39:30.330653+00:00
BRS-SFA,1,1,ogerpon-noivern,Ogerpon Noivern,21,119,61,20,62.83,lugia-archeops,Lugia Archeops,18,50.0,overall,2026-05-25T16:39:30.330653+00:00
BRS-SFA,1,1,ogerpon-noivern,Ogerpon Noivern,21,119,61,20,62.83,gardevoir-ex-sv,Gardevoir,11,9.09,overall,2026-05-25T16:39:30.330653+00:00
BRS-SFA,1,1,ogerpon-noivern,Ogerpon Noivern,21,119,61,20,62.83,miraidon-ex,Miraidon,11,81.82,overall,2026-05-25T16:39:30.330653+00:00
BRS-SFA,1,1,ogerpon-noivern,Ogerpon Noivern,21,119,61,20,62.83,roaring-moon-ex,Roaring Moon,9,44.44,overall,2026-05-25T16:39:30.330653+00:00
BRS-SFA,1,1,ogerpon-noivern,Ogerpon Noivern,21,119,61,20,62.83,palkia-dusknoir,Palkia Dusknoir,5,46.67,overall,2026-05-25T16:39:30.330653+00:00
BRS-SFA,1,1,ogerpon-noivern,Ogerpon Noivern,21,119,61,20,62.83,giratina-lz-box,Giratina LZ Box,4,0.0,overall,2026-05-25T16:39:30.330653+00:00
BRS-SFA,1,1,ogerpon-noivern,Ogerpon Noivern,21,119,61,20,62.83,other,Other,3,44.44,overall,2026-05-25T16:39:30.330653+00:00
BRS-SFA,1,1,ogerpon-noivern,Ogerpon Noivern,21,119,61,20,62.83,chien-pao-baxcalibur,Chien-Pao Baxcalibur,3,55.56,overall,2026-05-25T16:39:30.330653+00:00
BRS-SFA,1,1,ogerpon-noivern,Ogerpon Noivern,21,119,61,20,62.83,mimikyu-ogerpon,Mimikyu Ogerpon,3,44.44,overall,2026-05-25T16:39:30.330653+00:00
BRS-SFA,1,1,ogerpon-noivern,Ogerpon Noivern,21,119,61,20,62.83,snorlax-stall,Snorlax Stall,3,66.67,overall,2026-05-25T16:39:30.330653+00:00
BRS-SFA,1,1,ogerpon-noivern,Ogerpon Noivern,21,119,61,20,62.83,gholdengo-ex,Gholdengo,2,100.0,overall,2026-05-25T16:39:30.330653+00:00
BRS-SFA,1,1,ogerpon-noivern,Ogerpon Noivern,21,119,61,20,62.83,iron-thorns-ex,Iron Thorns,2,100.0,overall,2026-05-25T16:39:30.330653+00:00
BRS-SFA,1,1,ogerpon-noivern,Ogerpon Noivern,21,119,61,20,62.83,dragapult-pidgeot,Dragapult Pidgeot,2,0.0,overall,2026-05-25T16:39:30.330653+00:00
BRS-SFA,1,1,ogerpon-noivern,Ogerpon Noivern,21,119,61,20,62.83,pidgeot-control,Pidgeot Control,2,0.0,overall,2026-05-25T16:39:30.330653+00:00
BRS-SFA,1,1,ogerpon-noivern,Ogerpon Noivern,21,119,61,20,62.83,ogerpon-noivern,Ogerpon Noivern,2,50.0,overall,2026-05-25T16:39:30.330653+00:00
BRS-SFA,1,1,ogerpon-noivern,Ogerpon Noivern,21,119,61,20,62.83,palkia-vstar,Palkia,1,33.33,overall,2026-05-25T16:39:30.330653+00:00
BRS-SFA,1,1,ogerpon-noivern,Ogerpon Noivern,21,119,61,20,62.83,greninja-ex,Greninja,1,0.0,overall,2026-05-25T16:39:30.330653+00:00
BRS-SFA,1,1,ogerpon-noivern,Ogerpon Noivern,21,119,61,20,62.83,lzb-charizard,Lost Box Charizard,1,100.0,overall,2026-05-25T16:39:30.330653+00:00
BRS-SFA,1,1,ogerpon-noivern,Ogerpon Noivern,21,119,61,20,62.83,snorlax-pidgeot,Snorlax Pidgeot,1,0.0,overall,2026-05-25T16:39:30.330653+00:00
BRS-SFA,1,1,ogerpon-noivern,Ogerpon Noivern,21,119,61,20,62.83,festival-lead,Dipplin,1,100.0,overall,2026-05-25T16:39:30.330653+00:00
BRS-SFA,1,1,ogerpon-noivern,Ogerpon Noivern,21,119,61,20,62.83,dragapult-charizard,Dragapult Charizard,1,0.0,overall,2026-05-25T16:39:30.330653+00:00
BRS-SFA,1,1,ogerpon-noivern,Ogerpon Noivern,21,119,61,20,62.83,klawf-par,Klawf,1,0.0,overall,2026-05-25T16:39:30.330653+00:00
BRS-SFA,1,1,ogerpon-noivern,Ogerpon Noivern,21,119,61,20,62.83,espathra-xatu,Espathra Xatu,1,33.33,overall,2026-05-25T16:39:30.330653+00:00
BRS-SFA,1,1,ogerpon-noivern,Ogerpon Noivern,21,119,61,20,62.83,greninja-froslass,Greninja Froslass,1,0.0,overall,2026-05-25T16:39:30.330653+00:00
BRS-SFA,1,1,ogerpon-noivern,Ogerpon Noivern,21,119,61,20,62.83,charizard-ex,Charizard,1,100.0,overall,2026-05-25T16:39:30.330653+00:00
BRS-SFA,1,1,ogerpon-noivern,Ogerpon Noivern,21,119,61,20,62.83,dragapult-lz-box,Dragapult LZ Box,1,0.0,overall,2026-05-25T16:39:30.330653+00:00
BRS-SFA,1,1,ogerpon-noivern,Ogerpon Noivern,21,119,61,20,62.83,dialga-metang,Dialga Metang,1,0.0,overall,2026-05-25T16:39:30.330653+00:00
BRS-SFA,1,1,ogerpon-noivern,Ogerpon Noivern,21,119,61,20,62.83,future-box,Future Box,1,100.0,overall,2026-05-25T16:39:30.330653+00:00
BRS-SFA,1,1,ogerpon-noivern,Ogerpon Noivern,21,119,61,20,62.83,great-tusk-tef,Great Tusk Mill,1,100.0,overall,2026-05-25T16:39:30.330653+00:00
BRS-SFA,1,1,okidogi-ex,Okidogi,9,7,37,4,17.36,charizard-pidgeot,Charizard Pidgeot,9,22.22,overall,2026-05-25T16:39:32.203503+00:00
BRS-SFA,1,1,okidogi-ex,Okidogi,9,7,37,4,17.36,regidrago-vstar,Regidrago,8,12.5,overall,2026-05-25T16:39:32.203503+00:00
BRS-SFA,1,1,okidogi-ex,Okidogi,9,7,37,4,17.36,ancient-box,Ancient Box,7,0.0,overall,2026-05-25T16:39:32.203503+00:00
BRS-SFA,1,1,okidogi-ex,Okidogi,9,7,37,4,17.36,lugia-archeops,Lugia Archeops,4,25.0,overall,2026-05-25T16:39:32.203503+00:00
BRS-SFA,1,1,okidogi-ex,Okidogi,9,7,37,4,17.36,gardevoir-ex-sv,Gardevoir,3,0.0,overall,2026-05-25T16:39:32.203503+00:00
BRS-SFA,1,1,okidogi-ex,Okidogi,9,7,37,4,17.36,iron-thorns-ex,Iron Thorns,3,33.33,overall,2026-05-25T16:39:32.203503+00:00
BRS-SFA,1,1,okidogi-ex,Okidogi,9,7,37,4,17.36,miraidon-ex,Miraidon,2,50.0,overall,2026-05-25T16:39:32.203503+00:00
BRS-SFA,1,1,okidogi-ex,Okidogi,9,7,37,4,17.36,chien-pao-baxcalibur,Chien-Pao Baxcalibur,2,16.67,overall,2026-05-25T16:39:32.203503+00:00
BRS-SFA,1,1,okidogi-ex,Okidogi,9,7,37,4,17.36,dragapult-ex,Dragapult,1,0.0,overall,2026-05-25T16:39:32.203503+00:00
BRS-SFA,1,1,okidogi-ex,Okidogi,9,7,37,4,17.36,hisuian-zoroark-vstar,Hisuian Zoroark,1,0.0,overall,2026-05-25T16:39:32.203503+00:00
BRS-SFA,1,1,okidogi-ex,Okidogi,9,7,37,4,17.36,snorlax-pidgeot,Snorlax Pidgeot,1,100.0,overall,2026-05-25T16:39:32.203503+00:00
BRS-SFA,1,1,okidogi-ex,Okidogi,9,7,37,4,17.36,charizard-greninja,Charizard Greninja,1,0.0,overall,2026-05-25T16:39:32.203503+00:00
BRS-SFA,1,1,okidogi-ex,Okidogi,9,7,37,4,17.36,great-tusk-tef,Great Tusk Mill,1,33.33,overall,2026-05-25T16:39:32.203503+00:00
BRS-SFA,1,1,okidogi-ex,Okidogi,9,7,37,4,17.36,other,Other,1,33.33,overall,2026-05-25T16:39:32.203503+00:00
BRS-SFA,1,1,okidogi-ex,Okidogi,9,7,37,4,17.36,gholdengo-ex,Gholdengo,1,33.33,overall,2026-05-25T16:39:32.203503+00:00
BRS-SFA,1,1,okidogi-ex,Okidogi,9,7,37,4,17.36,palkia-vstar,Palkia,1,0.0,overall,2026-05-25T16:39:32.203503+00:00
BRS-SFA,1,1,okidogi-ex,Okidogi,9,7,37,4,17.36,banette-dusknoir,Banette Dusknoir,1,0.0,overall,2026-05-25T16:39:32.203503+00:00
BRS-SFA,1,1,omastar-archeops,Omastar Archeops,1,3,3,1,47.62,charizard-pidgeot,Charizard Pidgeot,2,16.67,overall,2026-05-25T16:39:34.067924+00:00
BRS-SFA,1,1,omastar-archeops,Omastar Archeops,1,3,3,1,47.62,chien-pao-baxcalibur,Chien-Pao Baxcalibur,2,50.0,overall,2026-05-25T16:39:34.067924+00:00
BRS-SFA,1,1,omastar-archeops,Omastar Archeops,1,3,3,1,47.62,raging-bolt-ogerpon,Raging Bolt Ogerpon,1,0.0,overall,2026-05-25T16:39:34.067924+00:00
BRS-SFA,1,1,omastar-archeops,Omastar Archeops,1,3,3,1,47.62,regidrago-vstar,Regidrago,1,100.0,overall,2026-05-25T16:39:34.067924+00:00
BRS-SFA,1,1,omastar-archeops,Omastar Archeops,1,3,3,1,47.62,lugia-archeops,Lugia Archeops,1,100.0,overall,2026-05-25T16:39:34.067924+00:00
BRS-SFA,1,1,other,Other,38,111,156,33,40.67,regidrago-vstar,Regidrago,57,45.03,overall,2026-05-25T16:39:35.957248+00:00
BRS-SFA,1,1,other,Other,38,111,156,33,40.67,raging-bolt-ogerpon,Raging Bolt Ogerpon,43,57.36,overall,2026-05-25T16:39:35.957248+00:00
BRS-SFA,1,1,other,Other,38,111,156,33,40.67,ancient-box,Ancient Box,29,27.59,overall,2026-05-25T16:39:35.957248+00:00
BRS-SFA,1,1,other,Other,38,111,156,33,40.67,charizard-pidgeot,Charizard Pidgeot,27,40.74,overall,2026-05-25T16:39:35.957248+00:00
BRS-SFA,1,1,other,Other,38,111,156,33,40.67,lugia-archeops,Lugia Archeops,22,34.85,overall,2026-05-25T16:39:35.957248+00:00
BRS-SFA,1,1,other,Other,38,111,156,33,40.67,miraidon-ex,Miraidon,19,54.39,overall,2026-05-25T16:39:35.957248+00:00
BRS-SFA,1,1,other,Other,38,111,156,33,40.67,roaring-moon-ex,Roaring Moon,13,43.59,overall,2026-05-25T16:39:35.957248+00:00
BRS-SFA,1,1,other,Other,38,111,156,33,40.67,iron-thorns-ex,Iron Thorns,8,50.0,overall,2026-05-25T16:39:35.957248+00:00
BRS-SFA,1,1,other,Other,38,111,156,33,40.67,gardevoir-ex-sv,Gardevoir,7,0.0,overall,2026-05-25T16:39:35.957248+00:00
BRS-SFA,1,1,other,Other,38,111,156,33,40.67,gholdengo-ex,Gholdengo,7,33.33,overall,2026-05-25T16:39:35.957248+00:00
BRS-SFA,1,1,other,Other,38,111,156,33,40.67,dragapult-pidgeot,Dragapult Pidgeot,6,16.67,overall,2026-05-25T16:39:35.957248+00:00
BRS-SFA,1,1,other,Other,38,111,156,33,40.67,snorlax-stall,Snorlax Stall,5,26.67,overall,2026-05-25T16:39:35.957248+00:00
BRS-SFA,1,1,other,Other,38,111,156,33,40.67,other,Other,4,45.83,overall,2026-05-25T16:39:35.957248+00:00
BRS-SFA,1,1,other,Other,38,111,156,33,40.67,giratina-lz-box,Giratina LZ Box,4,0.0,overall,2026-05-25T16:39:35.957248+00:00
BRS-SFA,1,1,other,Other,38,111,156,33,40.67,lzb-charizard,Lost Box Charizard,3,0.0,overall,2026-05-25T16:39:35.957248+00:00
BRS-SFA,1,1,other,Other,38,111,156,33,40.67,chien-pao-baxcalibur,Chien-Pao Baxcalibur,3,22.22,overall,2026-05-25T16:39:35.957248+00:00
BRS-SFA,1,1,other,Other,38,111,156,33,40.67,lost-zone-box,Lost Zone Box,3,33.33,overall,2026-05-25T16:39:35.957248+00:00
BRS-SFA,1,1,other,Other,38,111,156,33,40.67,ogerpon-noivern,Ogerpon Noivern,3,44.44,overall,2026-05-25T16:39:35.957248+00:00
BRS-SFA,1,1,other,Other,38,111,156,33,40.67,arceus-vulpix,Arceus Vulpix,3,66.67,overall,2026-05-25T16:39:35.957248+00:00
BRS-SFA,1,1,other,Other,38,111,156,33,40.67,dragapult-charizard,Dragapult Charizard,3,100.0,overall,2026-05-25T16:39:35.957248+00:00
BRS-SFA,1,1,other,Other,38,111,156,33,40.67,klawf-par,Klawf,2,0.0,overall,2026-05-25T16:39:35.957248+00:00
BRS-SFA,1,1,other,Other,38,111,156,33,40.67,greninja-ex,Greninja,2,0.0,overall,2026-05-25T16:39:35.957248+00:00
BRS-SFA,1,1,other,Other,38,111,156,33,40.67,dialga-metang,Dialga Metang,2,0.0,overall,2026-05-25T16:39:35.957248+00:00
BRS-SFA,1,1,other,Other,38,111,156,33,40.67,banette-dusknoir,Banette Dusknoir,2,16.67,overall,2026-05-25T16:39:35.957248+00:00
BRS-SFA,1,1,other,Other,38,111,156,33,40.67,iron-hands-ex,Future Hands,1,33.33,overall,2026-05-25T16:39:35.957248+00:00
BRS-SFA,1,1,other,Other,38,111,156,33,40.67,okidogi-ex,Okidogi,1,33.33,overall,2026-05-25T16:39:35.957248+00:00
BRS-SFA,1,1,other,Other,38,111,156,33,40.67,glimmora-ex,Glimmora,1,33.33,overall,2026-05-25T16:39:35.957248+00:00
BRS-SFA,1,1,other,Other,38,111,156,33,40.67,charizard-ex,Charizard,1,33.33,overall,2026-05-25T16:39:35.957248+00:00
BRS-SFA,1,1,other,Other,38,111,156,33,40.67,united-wings,United Wings,1,100.0,overall,2026-05-25T16:39:35.957248+00:00
BRS-SFA,1,1,other,Other,38,111,156,33,40.67,charizard-greninja,Charizard Greninja,1,0.0,overall,2026-05-25T16:39:35.957248+00:00
BRS-SFA,1,1,other,Other,38,111,156,33,40.67,garchomp-ex,Garchomp,1,100.0,overall,2026-05-25T16:39:35.957248+00:00
BRS-SFA,1,1,other,Other,38,111,156,33,40.67,feraligatr-tef,Feraligatr,1,100.0,overall,2026-05-25T16:39:35.957248+00:00
BRS-SFA,1,1,other,Other,38,111,156,33,40.67,pidgeot-control,Pidgeot Control,1,0.0,overall,2026-05-25T16:39:35.957248+00:00
BRS-SFA,1,1,other,Other,38,111,156,33,40.67,cornerstone-mask-ogerpon-ex,Cornerstone Mask Ogerpon,1,100.0,overall,2026-05-25T16:39:35.957248+00:00
BRS-SFA,1,1,other,Other,38,111,156,33,40.67,snorlax-pidgeot,Snorlax Pidgeot,1,100.0,overall,2026-05-25T16:39:35.957248+00:00
BRS-SFA,1,1,other,Other,38,111,156,33,40.67,arceus-giratina,Arceus Giratina,1,0.0,overall,2026-05-25T16:39:35.957248+00:00
BRS-SFA,1,1,other,Other,38,111,156,33,40.67,greninja-froslass,Greninja Froslass,1,0.0,overall,2026-05-25T16:39:35.957248+00:00
BRS-SFA,1,1,other,Other,38,111,156,33,40.67,espathra-xatu,Espathra Xatu,1,100.0,overall,2026-05-25T16:39:35.957248+00:00
BRS-SFA,1,1,other,Other,38,111,156,33,40.67,future-box,Future Box,1,0.0,overall,2026-05-25T16:39:35.957248+00:00
BRS-SFA,1,1,other,Other,38,111,156,33,40.67,great-tusk-tef,Great Tusk Mill,1,0.0,overall,2026-05-25T16:39:35.957248+00:00
BRS-SFA,1,1,other,Other,38,111,156,33,40.67,mimikyu-ogerpon,Mimikyu Ogerpon,1,0.0,overall,2026-05-25T16:39:35.957248+00:00
BRS-SFA,1,1,palafin-ex,Palafin,7,21,29,5,41.21,charizard-pidgeot,Charizard Pidgeot,9,37.04,overall,2026-05-25T16:39:37.857714+00:00
BRS-SFA,1,1,palafin-ex,Palafin,7,21,29,5,41.21,raging-bolt-ogerpon,Raging Bolt Ogerpon,8,29.17,overall,2026-05-25T16:39:37.857714+00:00
BRS-SFA,1,1,palafin-ex,Palafin,7,21,29,5,41.21,ancient-box,Ancient Box,5,46.67,overall,2026-05-25T16:39:37.857714+00:00
BRS-SFA,1,1,palafin-ex,Palafin,7,21,29,5,41.21,roaring-moon-ex,Roaring Moon,5,26.67,overall,2026-05-25T16:39:37.857714+00:00
BRS-SFA,1,1,palafin-ex,Palafin,7,21,29,5,41.21,lugia-archeops,Lugia Archeops,4,33.33,overall,2026-05-25T16:39:37.857714+00:00
BRS-SFA,1,1,palafin-ex,Palafin,7,21,29,5,41.21,regidrago-vstar,Regidrago,4,50.0,overall,2026-05-25T16:39:37.857714+00:00
BRS-SFA,1,1,palafin-ex,Palafin,7,21,29,5,41.21,chien-pao-baxcalibur,Chien-Pao Baxcalibur,3,66.67,overall,2026-05-25T16:39:37.857714+00:00
BRS-SFA,1,1,palafin-ex,Palafin,7,21,29,5,41.21,iron-thorns-ex,Iron Thorns,2,100.0,overall,2026-05-25T16:39:37.857714+00:00
BRS-SFA,1,1,palafin-ex,Palafin,7,21,29,5,41.21,dialga-metang,Dialga Metang,2,100.0,overall,2026-05-25T16:39:37.857714+00:00
BRS-SFA,1,1,palafin-ex,Palafin,7,21,29,5,41.21,miraidon-ex,Miraidon,2,0.0,overall,2026-05-25T16:39:37.857714+00:00
BRS-SFA,1,1,palafin-ex,Palafin,7,21,29,5,41.21,gholdengo-ex,Gholdengo,1,0.0,overall,2026-05-25T16:39:37.857714+00:00
BRS-SFA,1,1,palafin-ex,Palafin,7,21,29,5,41.21,scovillain-ex,Scovillain,1,100.0,overall,2026-05-25T16:39:37.857714+00:00
BRS-SFA,1,1,palafin-ex,Palafin,7,21,29,5,41.21,regigigas-asr,Regis,1,0.0,overall,2026-05-25T16:39:37.857714+00:00
BRS-SFA,1,1,palafin-ex,Palafin,7,21,29,5,41.21,snorlax-stall,Snorlax Stall,1,0.0,overall,2026-05-25T16:39:37.857714+00:00
BRS-SFA,1,1,palafin-ex,Palafin,7,21,29,5,41.21,mimikyu-ogerpon,Mimikyu Ogerpon,1,100.0,overall,2026-05-25T16:39:37.857714+00:00
BRS-SFA,1,1,palafin-ex,Palafin,7,21,29,5,41.21,giratina-lz-box,Giratina LZ Box,1,0.0,overall,2026-05-25T16:39:37.857714+00:00
BRS-SFA,1,1,palafin-ex,Palafin,7,21,29,5,41.21,garchomp-ex,Garchomp,1,0.0,overall,2026-05-25T16:39:37.857714+00:00
BRS-SFA,1,1,palafin-ex,Palafin,7,21,29,5,41.21,pidgeot-control,Pidgeot Control,1,100.0,overall,2026-05-25T16:39:37.857714+00:00
BRS-SFA,1,1,palafin-ex,Palafin,7,21,29,5,41.21,banette-dusknoir,Banette Dusknoir,1,0.0,overall,2026-05-25T16:39:37.857714+00:00
BRS-SFA,1,1,palafin-ex,Palafin,7,21,29,5,41.21,gardevoir-ex-sv,Gardevoir,1,0.0,overall,2026-05-25T16:39:37.857714+00:00
BRS-SFA,1,1,palafin-ex,Palafin,7,21,29,5,41.21,charizard-ex,Charizard,1,100.0,overall,2026-05-25T16:39:37.857714+00:00
BRS-SFA,1,1,palkia-dusknoir,Palkia Dusknoir,17,60,64,11,47.16,raging-bolt-ogerpon,Raging Bolt Ogerpon,28,35.71,overall,2026-05-25T16:39:39.729748+00:00
BRS-SFA,1,1,palkia-dusknoir,Palkia Dusknoir,17,60,64,11,47.16,ancient-box,Ancient Box,18,51.85,overall,2026-05-25T16:39:39.729748+00:00
BRS-SFA,1,1,palkia-dusknoir,Palkia Dusknoir,17,60,64,11,47.16,charizard-pidgeot,Charizard Pidgeot,17,60.78,overall,2026-05-25T16:39:39.729748+00:00
BRS-SFA,1,1,palkia-dusknoir,Palkia Dusknoir,17,60,64,11,47.16,lugia-archeops,Lugia Archeops,16,60.42,overall,2026-05-25T16:39:39.729748+00:00
BRS-SFA,1,1,palkia-dusknoir,Palkia Dusknoir,17,60,64,11,47.16,regidrago-vstar,Regidrago,16,31.25,overall,2026-05-25T16:39:39.729748+00:00
BRS-SFA,1,1,palkia-dusknoir,Palkia Dusknoir,17,60,64,11,47.16,miraidon-ex,Miraidon,8,25.0,overall,2026-05-25T16:39:39.729748+00:00
BRS-SFA,1,1,palkia-dusknoir,Palkia Dusknoir,17,60,64,11,47.16,ogerpon-noivern,Ogerpon Noivern,5,46.67,overall,2026-05-25T16:39:39.729748+00:00
BRS-SFA,1,1,palkia-dusknoir,Palkia Dusknoir,17,60,64,11,47.16,roaring-moon-ex,Roaring Moon,5,60.0,overall,2026-05-25T16:39:39.729748+00:00
BRS-SFA,1,1,palkia-dusknoir,Palkia Dusknoir,17,60,64,11,47.16,snorlax-stall,Snorlax Stall,3,44.44,overall,2026-05-25T16:39:39.729748+00:00
BRS-SFA,1,1,palkia-dusknoir,Palkia Dusknoir,17,60,64,11,47.16,united-wings,United Wings,2,50.0,overall,2026-05-25T16:39:39.729748+00:00
BRS-SFA,1,1,palkia-dusknoir,Palkia Dusknoir,17,60,64,11,47.16,gardevoir-ex-sv,Gardevoir,2,50.0,overall,2026-05-25T16:39:39.729748+00:00
BRS-SFA,1,1,palkia-dusknoir,Palkia Dusknoir,17,60,64,11,47.16,darkrai-dusknoir,Darkrai Dusknoir,2,0.0,overall,2026-05-25T16:39:39.729748+00:00
BRS-SFA,1,1,palkia-dusknoir,Palkia Dusknoir,17,60,64,11,47.16,giratina-lz-box,Giratina LZ Box,2,66.67,overall,2026-05-25T16:39:39.729748+00:00
BRS-SFA,1,1,palkia-dusknoir,Palkia Dusknoir,17,60,64,11,47.16,charizard-ex,Charizard,1,100.0,overall,2026-05-25T16:39:39.729748+00:00
BRS-SFA,1,1,palkia-dusknoir,Palkia Dusknoir,17,60,64,11,47.16,dialga-metang,Dialga Metang,1,100.0,overall,2026-05-25T16:39:39.729748+00:00
BRS-SFA,1,1,palkia-dusknoir,Palkia Dusknoir,17,60,64,11,47.16,gholdengo-ex,Gholdengo,1,0.0,overall,2026-05-25T16:39:39.729748+00:00
BRS-SFA,1,1,palkia-dusknoir,Palkia Dusknoir,17,60,64,11,47.16,banette-gardevoir,Banette Gardevoir,1,100.0,overall,2026-05-25T16:39:39.729748+00:00
BRS-SFA,1,1,palkia-dusknoir,Palkia Dusknoir,17,60,64,11,47.16,sinistcha-ogerpon,Sinistcha Ogerpon,1,33.33,overall,2026-05-25T16:39:39.729748+00:00
BRS-SFA,1,1,palkia-dusknoir,Palkia Dusknoir,17,60,64,11,47.16,magnezone-ex,Magnezone,1,0.0,overall,2026-05-25T16:39:39.729748+00:00
BRS-SFA,1,1,palkia-dusknoir,Palkia Dusknoir,17,60,64,11,47.16,pidgeot-control,Pidgeot Control,1,100.0,overall,2026-05-25T16:39:39.729748+00:00
BRS-SFA,1,1,palkia-dusknoir,Palkia Dusknoir,17,60,64,11,47.16,iron-hands-ex,Future Hands,1,100.0,overall,2026-05-25T16:39:39.729748+00:00
BRS-SFA,1,1,palkia-dusknoir,Palkia Dusknoir,17,60,64,11,47.16,iron-thorns-ex,Iron Thorns,1,0.0,overall,2026-05-25T16:39:39.729748+00:00
BRS-SFA,1,1,palkia-dusknoir,Palkia Dusknoir,17,60,64,11,47.16,lzb-charizard,Lost Box Charizard,1,100.0,overall,2026-05-25T16:39:39.729748+00:00
BRS-SFA,1,1,palkia-dusknoir,Palkia Dusknoir,17,60,64,11,47.16,banette-dusknoir,Banette Dusknoir,1,100.0,overall,2026-05-25T16:39:39.729748+00:00
BRS-SFA,1,1,palkia-vstar,Palkia,7,21,24,8,44.65,raging-bolt-ogerpon,Raging Bolt Ogerpon,12,69.44,overall,2026-05-25T16:39:41.602483+00:00
BRS-SFA,1,1,palkia-vstar,Palkia,7,21,24,8,44.65,charizard-pidgeot,Charizard Pidgeot,8,25.0,overall,2026-05-25T16:39:41.602483+00:00
BRS-SFA,1,1,palkia-vstar,Palkia,7,21,24,8,44.65,ancient-box,Ancient Box,6,22.22,overall,2026-05-25T16:39:41.602483+00:00
BRS-SFA,1,1,palkia-vstar,Palkia,7,21,24,8,44.65,miraidon-ex,Miraidon,6,72.22,overall,2026-05-25T16:39:41.602483+00:00
BRS-SFA,1,1,palkia-vstar,Palkia,7,21,24,8,44.65,regidrago-vstar,Regidrago,6,16.67,overall,2026-05-25T16:39:41.602483+00:00
BRS-SFA,1,1,palkia-vstar,Palkia,7,21,24,8,44.65,gardevoir-ex-sv,Gardevoir,2,66.67,overall,2026-05-25T16:39:41.602483+00:00
BRS-SFA,1,1,palkia-vstar,Palkia,7,21,24,8,44.65,charizard-ex,Charizard,2,66.67,overall,2026-05-25T16:39:41.602483+00:00
BRS-SFA,1,1,palkia-vstar,Palkia,7,21,24,8,44.65,roaring-moon-ex,Roaring Moon,2,50.0,overall,2026-05-25T16:39:41.602483+00:00
BRS-SFA,1,1,palkia-vstar,Palkia,7,21,24,8,44.65,gholdengo-ex,Gholdengo,2,0.0,overall,2026-05-25T16:39:41.602483+00:00
BRS-SFA,1,1,palkia-vstar,Palkia,7,21,24,8,44.65,pidgeot-control,Pidgeot Control,1,33.33,overall,2026-05-25T16:39:41.602483+00:00
BRS-SFA,1,1,palkia-vstar,Palkia,7,21,24,8,44.65,banette-dusknoir,Banette Dusknoir,1,100.0,overall,2026-05-25T16:39:41.602483+00:00
BRS-SFA,1,1,palkia-vstar,Palkia,7,21,24,8,44.65,ogerpon-noivern,Ogerpon Noivern,1,33.33,overall,2026-05-25T16:39:41.602483+00:00
BRS-SFA,1,1,palkia-vstar,Palkia,7,21,24,8,44.65,greninja-froslass,Greninja Froslass,1,0.0,overall,2026-05-25T16:39:41.602483+00:00
BRS-SFA,1,1,palkia-vstar,Palkia,7,21,24,8,44.65,dragapult-charizard,Dragapult Charizard,1,0.0,overall,2026-05-25T16:39:41.602483+00:00
BRS-SFA,1,1,palkia-vstar,Palkia,7,21,24,8,44.65,okidogi-ex,Okidogi,1,100.0,overall,2026-05-25T16:39:41.602483+00:00
BRS-SFA,1,1,palkia-vstar,Palkia,7,21,24,8,44.65,lost-zone-box,Lost Zone Box,1,33.33,overall,2026-05-25T16:39:41.602483+00:00
BRS-SFA,1,1,pidgeot-control,Pidgeot Control,17,65,51,15,53.44,charizard-pidgeot,Charizard Pidgeot,18,66.67,overall,2026-05-25T16:39:43.494090+00:00
BRS-SFA,1,1,pidgeot-control,Pidgeot Control,17,65,51,15,53.44,raging-bolt-ogerpon,Raging Bolt Ogerpon,18,68.52,overall,2026-05-25T16:39:43.494090+00:00
BRS-SFA,1,1,pidgeot-control,Pidgeot Control,17,65,51,15,53.44,regidrago-vstar,Regidrago,16,37.5,overall,2026-05-25T16:39:43.494090+00:00
BRS-SFA,1,1,pidgeot-control,Pidgeot Control,17,65,51,15,53.44,ancient-box,Ancient Box,16,72.92,overall,2026-05-25T16:39:43.494090+00:00
BRS-SFA,1,1,pidgeot-control,Pidgeot Control,17,65,51,15,53.44,lugia-archeops,Lugia Archeops,16,29.17,overall,2026-05-25T16:39:43.494090+00:00
BRS-SFA,1,1,pidgeot-control,Pidgeot Control,17,65,51,15,53.44,miraidon-ex,Miraidon,10,63.33,overall,2026-05-25T16:39:43.494090+00:00
BRS-SFA,1,1,pidgeot-control,Pidgeot Control,17,65,51,15,53.44,gardevoir-ex-sv,Gardevoir,10,20.0,overall,2026-05-25T16:39:43.494090+00:00
BRS-SFA,1,1,pidgeot-control,Pidgeot Control,17,65,51,15,53.44,roaring-moon-ex,Roaring Moon,5,26.67,overall,2026-05-25T16:39:43.494090+00:00
BRS-SFA,1,1,pidgeot-control,Pidgeot Control,17,65,51,15,53.44,iron-thorns-ex,Iron Thorns,4,50.0,overall,2026-05-25T16:39:43.494090+00:00
BRS-SFA,1,1,pidgeot-control,Pidgeot Control,17,65,51,15,53.44,ogerpon-noivern,Ogerpon Noivern,2,100.0,overall,2026-05-25T16:39:43.494090+00:00
BRS-SFA,1,1,pidgeot-control,Pidgeot Control,17,65,51,15,53.44,palkia-vstar,Palkia,1,33.33,overall,2026-05-25T16:39:43.494090+00:00
BRS-SFA,1,1,pidgeot-control,Pidgeot Control,17,65,51,15,53.44,lost-zone-box,Lost Zone Box,1,100.0,overall,2026-05-25T16:39:43.494090+00:00
BRS-SFA,1,1,pidgeot-control,Pidgeot Control,17,65,51,15,53.44,banette-ex-sv,Banette,1,0.0,overall,2026-05-25T16:39:43.494090+00:00
BRS-SFA,1,1,pidgeot-control,Pidgeot Control,17,65,51,15,53.44,united-wings,United Wings,1,100.0,overall,2026-05-25T16:39:43.494090+00:00
BRS-SFA,1,1,pidgeot-control,Pidgeot Control,17,65,51,15,53.44,gholdengo-ex,Gholdengo,1,33.33,overall,2026-05-25T16:39:43.494090+00:00
BRS-SFA,1,1,pidgeot-control,Pidgeot Control,17,65,51,15,53.44,pidgeot-control,Pidgeot Control,1,50.0,overall,2026-05-25T16:39:43.494090+00:00
BRS-SFA,1,1,pidgeot-control,Pidgeot Control,17,65,51,15,53.44,palkia-dusknoir,Palkia Dusknoir,1,0.0,overall,2026-05-25T16:39:43.494090+00:00
BRS-SFA,1,1,pidgeot-control,Pidgeot Control,17,65,51,15,53.44,giratina-lz-box,Giratina LZ Box,1,100.0,overall,2026-05-25T16:39:43.494090+00:00
BRS-SFA,1,1,pidgeot-control,Pidgeot Control,17,65,51,15,53.44,lzb-charizard,Lost Box Charizard,1,100.0,overall,2026-05-25T16:39:43.494090+00:00
BRS-SFA,1,1,pidgeot-control,Pidgeot Control,17,65,51,15,53.44,regigigas-asr,Regis,1,100.0,overall,2026-05-25T16:39:43.494090+00:00
BRS-SFA,1,1,pidgeot-control,Pidgeot Control,17,65,51,15,53.44,other,Other,1,100.0,overall,2026-05-25T16:39:43.494090+00:00
BRS-SFA,1,1,pidgeot-control,Pidgeot Control,17,65,51,15,53.44,dragapult-ex,Dragapult,1,0.0,overall,2026-05-25T16:39:43.494090+00:00
BRS-SFA,1,1,pidgeot-control,Pidgeot Control,17,65,51,15,53.44,palafin-ex,Palafin,1,0.0,overall,2026-05-25T16:39:43.494090+00:00
BRS-SFA,1,1,pidgeot-control,Pidgeot Control,17,65,51,15,53.44,arceus-vulpix,Arceus Vulpix,1,100.0,overall,2026-05-25T16:39:43.494090+00:00
BRS-SFA,1,1,pidgeot-control,Pidgeot Control,17,65,51,15,53.44,dragapult-lz-box,Dragapult LZ Box,1,100.0,overall,2026-05-25T16:39:43.494090+00:00
BRS-SFA,1,1,raging-bolt-ex,Raging Bolt,1,3,3,1,47.62,miraidon-ex,Miraidon,2,50.0,overall,2026-05-25T16:39:45.373662+00:00
BRS-SFA,1,1,raging-bolt-ex,Raging Bolt,1,3,3,1,47.62,dragapult-ex,Dragapult,2,100.0,overall,2026-05-25T16:39:45.373662+00:00
BRS-SFA,1,1,raging-bolt-ex,Raging Bolt,1,3,3,1,47.62,regidrago-vstar,Regidrago,1,33.33,overall,2026-05-25T16:39:45.373662+00:00
BRS-SFA,1,1,raging-bolt-ex,Raging Bolt,1,3,3,1,47.62,dragapult-charizard,Dragapult Charizard,1,0.0,overall,2026-05-25T16:39:45.373662+00:00
BRS-SFA,1,1,raging-bolt-ex,Raging Bolt,1,3,3,1,47.62,gardevoir-ex-sv,Gardevoir,1,0.0,overall,2026-05-25T16:39:45.373662+00:00
BRS-SFA,1,1,raging-bolt-ogerpon,Raging Bolt Ogerpon,344,1198,1155,295,48.96,regidrago-vstar,Regidrago,454,64.76,overall,2026-05-25T16:39:47.257132+00:00
BRS-SFA,1,1,raging-bolt-ogerpon,Raging Bolt Ogerpon,344,1198,1155,295,48.96,charizard-pidgeot,Charizard Pidgeot,326,40.8,overall,2026-05-25T16:39:47.257132+00:00
BRS-SFA,1,1,raging-bolt-ogerpon,Raging Bolt Ogerpon,344,1198,1155,295,48.96,ancient-box,Ancient Box,251,24.83,overall,2026-05-25T16:39:47.257132+00:00
BRS-SFA,1,1,raging-bolt-ogerpon,Raging Bolt Ogerpon,344,1198,1155,295,48.96,raging-bolt-ogerpon,Raging Bolt Ogerpon,200,49.17,overall,2026-05-25T16:39:47.257132+00:00
BRS-SFA,1,1,raging-bolt-ogerpon,Raging Bolt Ogerpon,344,1198,1155,295,48.96,lugia-archeops,Lugia Archeops,196,53.74,overall,2026-05-25T16:39:47.257132+00:00
BRS-SFA,1,1,raging-bolt-ogerpon,Raging Bolt Ogerpon,344,1198,1155,295,48.96,roaring-moon-ex,Roaring Moon,149,47.43,overall,2026-05-25T16:39:47.257132+00:00
BRS-SFA,1,1,raging-bolt-ogerpon,Raging Bolt Ogerpon,344,1198,1155,295,48.96,miraidon-ex,Miraidon,137,66.91,overall,2026-05-25T16:39:47.257132+00:00
BRS-SFA,1,1,raging-bolt-ogerpon,Raging Bolt Ogerpon,344,1198,1155,295,48.96,gardevoir-ex-sv,Gardevoir,80,44.58,overall,2026-05-25T16:39:47.257132+00:00
BRS-SFA,1,1,raging-bolt-ogerpon,Raging Bolt Ogerpon,344,1198,1155,295,48.96,snorlax-stall,Snorlax Stall,75,17.78,overall,2026-05-25T16:39:47.257132+00:00
BRS-SFA,1,1,raging-bolt-ogerpon,Raging Bolt Ogerpon,344,1198,1155,295,48.96,chien-pao-baxcalibur,Chien-Pao Baxcalibur,51,56.21,overall,2026-05-25T16:39:47.257132+00:00
BRS-SFA,1,1,raging-bolt-ogerpon,Raging Bolt Ogerpon,344,1198,1155,295,48.96,iron-thorns-ex,Iron Thorns,46,49.28,overall,2026-05-25T16:39:47.257132+00:00
BRS-SFA,1,1,raging-bolt-ogerpon,Raging Bolt Ogerpon,344,1198,1155,295,48.96,other,Other,43,41.09,overall,2026-05-25T16:39:47.257132+00:00
BRS-SFA,1,1,raging-bolt-ogerpon,Raging Bolt Ogerpon,344,1198,1155,295,48.96,gholdengo-ex,Gholdengo,41,47.15,overall,2026-05-25T16:39:47.257132+00:00
BRS-SFA,1,1,raging-bolt-ogerpon,Raging Bolt Ogerpon,344,1198,1155,295,48.96,giratina-lz-box,Giratina LZ Box,30,35.56,overall,2026-05-25T16:39:47.257132+00:00
BRS-SFA,1,1,raging-bolt-ogerpon,Raging Bolt Ogerpon,344,1198,1155,295,48.96,palkia-dusknoir,Palkia Dusknoir,28,60.71,overall,2026-05-25T16:39:47.257132+00:00
BRS-SFA,1,1,raging-bolt-ogerpon,Raging Bolt Ogerpon,344,1198,1155,295,48.96,lzb-charizard,Lost Box Charizard,25,32.0,overall,2026-05-25T16:39:47.257132+00:00
BRS-SFA,1,1,raging-bolt-ogerpon,Raging Bolt Ogerpon,344,1198,1155,295,48.96,dragapult-charizard,Dragapult Charizard,22,62.12,overall,2026-05-25T16:39:47.257132+00:00
BRS-SFA,1,1,raging-bolt-ogerpon,Raging Bolt Ogerpon,344,1198,1155,295,48.96,banette-dusknoir,Banette Dusknoir,21,55.56,overall,2026-05-25T16:39:47.257132+00:00
BRS-SFA,1,1,raging-bolt-ogerpon,Raging Bolt Ogerpon,344,1198,1155,295,48.96,ogerpon-noivern,Ogerpon Noivern,20,18.33,overall,2026-05-25T16:39:47.257132+00:00
BRS-SFA,1,1,raging-bolt-ogerpon,Raging Bolt Ogerpon,344,1198,1155,295,48.96,dragapult-ex,Dragapult,20,61.67,overall,2026-05-25T16:39:47.257132+00:00
BRS-SFA,1,1,raging-bolt-ogerpon,Raging Bolt Ogerpon,344,1198,1155,295,48.96,pidgeot-control,Pidgeot Control,18,24.07,overall,2026-05-25T16:39:47.257132+00:00
BRS-SFA,1,1,raging-bolt-ogerpon,Raging Bolt Ogerpon,344,1198,1155,295,48.96,dragapult-pidgeot,Dragapult Pidgeot,16,58.33,overall,2026-05-25T16:39:47.257132+00:00
BRS-SFA,1,1,raging-bolt-ogerpon,Raging Bolt Ogerpon,344,1198,1155,295,48.96,klawf-par,Klawf,14,38.1,overall,2026-05-25T16:39:47.257132+00:00
BRS-SFA,1,1,raging-bolt-ogerpon,Raging Bolt Ogerpon,344,1198,1155,295,48.96,charizard-ex,Charizard,13,84.62,overall,2026-05-25T16:39:47.257132+00:00
BRS-SFA,1,1,raging-bolt-ogerpon,Raging Bolt Ogerpon,344,1198,1155,295,48.96,palkia-vstar,Palkia,12,27.78,overall,2026-05-25T16:39:47.257132+00:00
BRS-SFA,1,1,raging-bolt-ogerpon,Raging Bolt Ogerpon,344,1198,1155,295,48.96,lost-zone-box,Lost Zone Box,11,51.52,overall,2026-05-25T16:39:47.257132+00:00
BRS-SFA,1,1,raging-bolt-ogerpon,Raging Bolt Ogerpon,344,1198,1155,295,48.96,arceus-vulpix,Arceus Vulpix,9,55.56,overall,2026-05-25T16:39:47.257132+00:00
BRS-SFA,1,1,raging-bolt-ogerpon,Raging Bolt Ogerpon,344,1198,1155,295,48.96,palafin-ex,Palafin,8,66.67,overall,2026-05-25T16:39:47.257132+00:00
BRS-SFA,1,1,raging-bolt-ogerpon,Raging Bolt Ogerpon,344,1198,1155,295,48.96,darkrai-dusknoir,Darkrai Dusknoir,7,47.62,overall,2026-05-25T16:39:47.257132+00:00
BRS-SFA,1,1,raging-bolt-ogerpon,Raging Bolt Ogerpon,344,1198,1155,295,48.96,snorlax-pidgeot,Snorlax Pidgeot,6,5.56,overall,2026-05-25T16:39:47.257132+00:00
BRS-SFA,1,1,raging-bolt-ogerpon,Raging Bolt Ogerpon,344,1198,1155,295,48.96,charizard-greninja,Charizard Greninja,6,72.22,overall,2026-05-25T16:39:47.257132+00:00
BRS-SFA,1,1,raging-bolt-ogerpon,Raging Bolt Ogerpon,344,1198,1155,295,48.96,espathra-xatu,Espathra Xatu,5,60.0,overall,2026-05-25T16:39:47.257132+00:00
BRS-SFA,1,1,raging-bolt-ogerpon,Raging Bolt Ogerpon,344,1198,1155,295,48.96,festival-lead,Dipplin,5,80.0,overall,2026-05-25T16:39:47.257132+00:00
BRS-SFA,1,1,raging-bolt-ogerpon,Raging Bolt Ogerpon,344,1198,1155,295,48.96,dialga-metang,Dialga Metang,5,80.0,overall,2026-05-25T16:39:47.257132+00:00
BRS-SFA,1,1,raging-bolt-ogerpon,Raging Bolt Ogerpon,344,1198,1155,295,48.96,greninja-ex,Greninja,5,100.0,overall,2026-05-25T16:39:47.257132+00:00
BRS-SFA,1,1,raging-bolt-ogerpon,Raging Bolt Ogerpon,344,1198,1155,295,48.96,iron-hands-ex,Future Hands,4,58.33,overall,2026-05-25T16:39:47.257132+00:00
BRS-SFA,1,1,raging-bolt-ogerpon,Raging Bolt Ogerpon,344,1198,1155,295,48.96,arceus-vstar,Arceus,4,75.0,overall,2026-05-25T16:39:47.257132+00:00
BRS-SFA,1,1,raging-bolt-ogerpon,Raging Bolt Ogerpon,344,1198,1155,295,48.96,garchomp-ex,Garchomp,4,100.0,overall,2026-05-25T16:39:47.257132+00:00
BRS-SFA,1,1,raging-bolt-ogerpon,Raging Bolt Ogerpon,344,1198,1155,295,48.96,goodra-lz-box,Goodra LZ Box,4,100.0,overall,2026-05-25T16:39:47.257132+00:00
BRS-SFA,1,1,raging-bolt-ogerpon,Raging Bolt Ogerpon,344,1198,1155,295,48.96,froslass-munkidori,Froslass Munkidori,4,25.0,overall,2026-05-25T16:39:47.257132+00:00
BRS-SFA,1,1,raging-bolt-ogerpon,Raging Bolt Ogerpon,344,1198,1155,295,48.96,mimikyu-ogerpon,Mimikyu Ogerpon,4,50.0,overall,2026-05-25T16:39:47.257132+00:00
BRS-SFA,1,1,raging-bolt-ogerpon,Raging Bolt Ogerpon,344,1198,1155,295,48.96,hisuian-goodra-vstar,Hisuian Goodra,3,66.67,overall,2026-05-25T16:39:47.257132+00:00
BRS-SFA,1,1,raging-bolt-ogerpon,Raging Bolt Ogerpon,344,1198,1155,295,48.96,greninja-froslass,Greninja Froslass,3,77.78,overall,2026-05-25T16:39:47.257132+00:00
BRS-SFA,1,1,raging-bolt-ogerpon,Raging Bolt Ogerpon,344,1198,1155,295,48.96,noivern-ex,Noivern,3,0.0,overall,2026-05-25T16:39:47.257132+00:00
BRS-SFA,1,1,raging-bolt-ogerpon,Raging Bolt Ogerpon,344,1198,1155,295,48.96,conkeldurr-twm,Conkeldurr,3,44.44,overall,2026-05-25T16:39:47.257132+00:00
BRS-SFA,1,1,raging-bolt-ogerpon,Raging Bolt Ogerpon,344,1198,1155,295,48.96,entei-iron-valiant,Entei Iron Valiant,3,33.33,overall,2026-05-25T16:39:47.257132+00:00
BRS-SFA,1,1,raging-bolt-ogerpon,Raging Bolt Ogerpon,344,1198,1155,295,48.96,toedscruel-ex,Toedscruel,3,22.22,overall,2026-05-25T16:39:47.257132+00:00
BRS-SFA,1,1,raging-bolt-ogerpon,Raging Bolt Ogerpon,344,1198,1155,295,48.96,spidops-ex,Spidops,3,100.0,overall,2026-05-25T16:39:47.257132+00:00
BRS-SFA,1,1,raging-bolt-ogerpon,Raging Bolt Ogerpon,344,1198,1155,295,48.96,great-tusk-tef,Great Tusk Mill,3,0.0,overall,2026-05-25T16:39:47.257132+00:00
BRS-SFA,1,1,raging-bolt-ogerpon,Raging Bolt Ogerpon,344,1198,1155,295,48.96,united-wings,United Wings,3,44.44,overall,2026-05-25T16:39:47.257132+00:00
BRS-SFA,1,1,raging-bolt-ogerpon,Raging Bolt Ogerpon,344,1198,1155,295,48.96,tsareena-ex,Tsareena,3,77.78,overall,2026-05-25T16:39:47.257132+00:00
BRS-SFA,1,1,raging-bolt-ogerpon,Raging Bolt Ogerpon,344,1198,1155,295,48.96,sinistcha-ogerpon,Sinistcha Ogerpon,3,66.67,overall,2026-05-25T16:39:47.257132+00:00
BRS-SFA,1,1,raging-bolt-ogerpon,Raging Bolt Ogerpon,344,1198,1155,295,48.96,cornerstone-mask-ogerpon-ex,Cornerstone Mask Ogerpon,2,100.0,overall,2026-05-25T16:39:47.257132+00:00
BRS-SFA,1,1,raging-bolt-ogerpon,Raging Bolt Ogerpon,344,1198,1155,295,48.96,arceus-giratina,Arceus Giratina,2,100.0,overall,2026-05-25T16:39:47.257132+00:00
BRS-SFA,1,1,raging-bolt-ogerpon,Raging Bolt Ogerpon,344,1198,1155,295,48.96,rotom-v,Rotom,2,0.0,overall,2026-05-25T16:39:47.257132+00:00
BRS-SFA,1,1,raging-bolt-ogerpon,Raging Bolt Ogerpon,344,1198,1155,295,48.96,gouging-fire-ex,Gouging Fire,2,50.0,overall,2026-05-25T16:39:47.257132+00:00
BRS-SFA,1,1,raging-bolt-ogerpon,Raging Bolt Ogerpon,344,1198,1155,295,48.96,luxray-pidgeot,Luxray Control,2,16.67,overall,2026-05-25T16:39:47.257132+00:00
BRS-SFA,1,1,raging-bolt-ogerpon,Raging Bolt Ogerpon,344,1198,1155,295,48.96,dragapult-dusknoir,Dragapult Dusknoir,2,100.0,overall,2026-05-25T16:39:47.257132+00:00
BRS-SFA,1,1,raging-bolt-ogerpon,Raging Bolt Ogerpon,344,1198,1155,295,48.96,glimmora-ex,Glimmora,1,100.0,overall,2026-05-25T16:39:47.257132+00:00
BRS-SFA,1,1,raging-bolt-ogerpon,Raging Bolt Ogerpon,344,1198,1155,295,48.96,regigigas-asr,Regis,1,0.0,overall,2026-05-25T16:39:47.257132+00:00
BRS-SFA,1,1,raging-bolt-ogerpon,Raging Bolt Ogerpon,344,1198,1155,295,48.96,dragapult-lz-box,Dragapult LZ Box,1,0.0,overall,2026-05-25T16:39:47.257132+00:00
BRS-SFA,1,1,raging-bolt-ogerpon,Raging Bolt Ogerpon,344,1198,1155,295,48.96,steelix-par,Steelix,1,100.0,overall,2026-05-25T16:39:47.257132+00:00
BRS-SFA,1,1,raging-bolt-ogerpon,Raging Bolt Ogerpon,344,1198,1155,295,48.96,tinkaton-ex,Tinkaton,1,100.0,overall,2026-05-25T16:39:47.257132+00:00
BRS-SFA,1,1,raging-bolt-ogerpon,Raging Bolt Ogerpon,344,1198,1155,295,48.96,venomoth-froslass,Venomoth Froslass,1,0.0,overall,2026-05-25T16:39:47.257132+00:00
BRS-SFA,1,1,raging-bolt-ogerpon,Raging Bolt Ogerpon,344,1198,1155,295,48.96,omastar-archeops,Omastar Archeops,1,100.0,overall,2026-05-25T16:39:47.257132+00:00
BRS-SFA,1,1,raging-bolt-ogerpon,Raging Bolt Ogerpon,344,1198,1155,295,48.96,banette-gardevoir,Banette Gardevoir,1,100.0,overall,2026-05-25T16:39:47.257132+00:00
BRS-SFA,1,1,raging-bolt-ogerpon,Raging Bolt Ogerpon,344,1198,1155,295,48.96,ranging-bolt-sandy-shocks,Raging Bolt Sandy Shocks,1,100.0,overall,2026-05-25T16:39:47.257132+00:00
BRS-SFA,1,1,raging-bolt-ogerpon,Raging Bolt Ogerpon,344,1198,1155,295,48.96,magnezone-ex,Magnezone,1,100.0,overall,2026-05-25T16:39:47.257132+00:00
BRS-SFA,1,1,raging-bolt-ogerpon,Raging Bolt Ogerpon,344,1198,1155,295,48.96,feraligatr-tef,Feraligatr,1,100.0,overall,2026-05-25T16:39:47.257132+00:00
BRS-SFA,1,1,raging-bolt-ogerpon,Raging Bolt Ogerpon,344,1198,1155,295,48.96,banette-ex-sv,Banette,1,100.0,overall,2026-05-25T16:39:47.257132+00:00
BRS-SFA,1,1,raging-bolt-ogerpon,Raging Bolt Ogerpon,344,1198,1155,295,48.96,future-box,Future Box,1,0.0,overall,2026-05-25T16:39:47.257132+00:00
BRS-SFA,1,1,ranging-bolt-sandy-shocks,Raging Bolt Sandy Shocks,1,0,3,0,0.0,regidrago-vstar,Regidrago,2,0.0,overall,2026-05-25T16:39:49.108162+00:00
BRS-SFA,1,1,ranging-bolt-sandy-shocks,Raging Bolt Sandy Shocks,1,0,3,0,0.0,raging-bolt-ogerpon,Raging Bolt Ogerpon,1,0.0,overall,2026-05-25T16:39:49.108162+00:00
BRS-SFA,1,1,regidrago-vstar,Regidrago,397,1333,1285,360,48.79,raging-bolt-ogerpon,Raging Bolt Ogerpon,454,30.4,overall,2026-05-25T16:39:51.011257+00:00
BRS-SFA,1,1,regidrago-vstar,Regidrago,397,1333,1285,360,48.79,charizard-pidgeot,Charizard Pidgeot,388,62.89,overall,2026-05-25T16:39:51.011257+00:00
BRS-SFA,1,1,regidrago-vstar,Regidrago,397,1333,1285,360,48.79,ancient-box,Ancient Box,280,52.98,overall,2026-05-25T16:39:51.011257+00:00
BRS-SFA,1,1,regidrago-vstar,Regidrago,397,1333,1285,360,48.79,regidrago-vstar,Regidrago,254,47.57,overall,2026-05-25T16:39:51.011257+00:00
BRS-SFA,1,1,regidrago-vstar,Regidrago,397,1333,1285,360,48.79,lugia-archeops,Lugia Archeops,227,43.76,overall,2026-05-25T16:39:51.011257+00:00
BRS-SFA,1,1,regidrago-vstar,Regidrago,397,1333,1285,360,48.79,miraidon-ex,Miraidon,154,48.48,overall,2026-05-25T16:39:51.011257+00:00
BRS-SFA,1,1,regidrago-vstar,Regidrago,397,1333,1285,360,48.79,roaring-moon-ex,Roaring Moon,150,45.78,overall,2026-05-25T16:39:51.011257+00:00
BRS-SFA,1,1,regidrago-vstar,Regidrago,397,1333,1285,360,48.79,gardevoir-ex-sv,Gardevoir,109,58.72,overall,2026-05-25T16:39:51.011257+00:00
BRS-SFA,1,1,regidrago-vstar,Regidrago,397,1333,1285,360,48.79,snorlax-stall,Snorlax Stall,72,19.91,overall,2026-05-25T16:39:51.011257+00:00
BRS-SFA,1,1,regidrago-vstar,Regidrago,397,1333,1285,360,48.79,other,Other,57,48.54,overall,2026-05-25T16:39:51.011257+00:00
BRS-SFA,1,1,regidrago-vstar,Regidrago,397,1333,1285,360,48.79,chien-pao-baxcalibur,Chien-Pao Baxcalibur,50,60.67,overall,2026-05-25T16:39:51.011257+00:00
BRS-SFA,1,1,regidrago-vstar,Regidrago,397,1333,1285,360,48.79,ogerpon-noivern,Ogerpon Noivern,40,25.0,overall,2026-05-25T16:39:51.011257+00:00
BRS-SFA,1,1,regidrago-vstar,Regidrago,397,1333,1285,360,48.79,iron-thorns-ex,Iron Thorns,40,38.33,overall,2026-05-25T16:39:51.011257+00:00
BRS-SFA,1,1,regidrago-vstar,Regidrago,397,1333,1285,360,48.79,gholdengo-ex,Gholdengo,38,35.96,overall,2026-05-25T16:39:51.011257+00:00
BRS-SFA,1,1,regidrago-vstar,Regidrago,397,1333,1285,360,48.79,giratina-lz-box,Giratina LZ Box,35,58.1,overall,2026-05-25T16:39:51.011257+00:00
BRS-SFA,1,1,regidrago-vstar,Regidrago,397,1333,1285,360,48.79,dragapult-pidgeot,Dragapult Pidgeot,30,68.89,overall,2026-05-25T16:39:51.011257+00:00
BRS-SFA,1,1,regidrago-vstar,Regidrago,397,1333,1285,360,48.79,lzb-charizard,Lost Box Charizard,27,64.2,overall,2026-05-25T16:39:51.011257+00:00
BRS-SFA,1,1,regidrago-vstar,Regidrago,397,1333,1285,360,48.79,dragapult-charizard,Dragapult Charizard,27,80.25,overall,2026-05-25T16:39:51.011257+00:00
BRS-SFA,1,1,regidrago-vstar,Regidrago,397,1333,1285,360,48.79,banette-dusknoir,Banette Dusknoir,23,52.17,overall,2026-05-25T16:39:51.011257+00:00
BRS-SFA,1,1,regidrago-vstar,Regidrago,397,1333,1285,360,48.79,pidgeot-control,Pidgeot Control,16,56.25,overall,2026-05-25T16:39:51.011257+00:00
BRS-SFA,1,1,regidrago-vstar,Regidrago,397,1333,1285,360,48.79,palkia-dusknoir,Palkia Dusknoir,16,68.75,overall,2026-05-25T16:39:51.011257+00:00
BRS-SFA,1,1,regidrago-vstar,Regidrago,397,1333,1285,360,48.79,mimikyu-ogerpon,Mimikyu Ogerpon,16,37.5,overall,2026-05-25T16:39:51.011257+00:00
BRS-SFA,1,1,regidrago-vstar,Regidrago,397,1333,1285,360,48.79,charizard-ex,Charizard,13,74.36,overall,2026-05-25T16:39:51.011257+00:00
BRS-SFA,1,1,regidrago-vstar,Regidrago,397,1333,1285,360,48.79,arceus-vulpix,Arceus Vulpix,12,77.78,overall,2026-05-25T16:39:51.011257+00:00
BRS-SFA,1,1,regidrago-vstar,Regidrago,397,1333,1285,360,48.79,darkrai-dusknoir,Darkrai Dusknoir,12,91.67,overall,2026-05-25T16:39:51.011257+00:00
BRS-SFA,1,1,regidrago-vstar,Regidrago,397,1333,1285,360,48.79,dialga-metang,Dialga Metang,10,73.33,overall,2026-05-25T16:39:51.011257+00:00
BRS-SFA,1,1,regidrago-vstar,Regidrago,397,1333,1285,360,48.79,great-tusk-tef,Great Tusk Mill,10,63.33,overall,2026-05-25T16:39:51.011257+00:00
BRS-SFA,1,1,regidrago-vstar,Regidrago,397,1333,1285,360,48.79,dragapult-ex,Dragapult,10,50.0,overall,2026-05-25T16:39:51.011257+00:00
BRS-SFA,1,1,regidrago-vstar,Regidrago,397,1333,1285,360,48.79,snorlax-pidgeot,Snorlax Pidgeot,9,22.22,overall,2026-05-25T16:39:51.011257+00:00
BRS-SFA,1,1,regidrago-vstar,Regidrago,397,1333,1285,360,48.79,okidogi-ex,Okidogi,8,87.5,overall,2026-05-25T16:39:51.011257+00:00
BRS-SFA,1,1,regidrago-vstar,Regidrago,397,1333,1285,360,48.79,iron-hands-ex,Future Hands,8,70.83,overall,2026-05-25T16:39:51.011257+00:00
BRS-SFA,1,1,regidrago-vstar,Regidrago,397,1333,1285,360,48.79,future-box,Future Box,8,62.5,overall,2026-05-25T16:39:51.011257+00:00
BRS-SFA,1,1,regidrago-vstar,Regidrago,397,1333,1285,360,48.79,toedscruel-ex,Toedscruel,7,61.9,overall,2026-05-25T16:39:51.011257+00:00
BRS-SFA,1,1,regidrago-vstar,Regidrago,397,1333,1285,360,48.79,lost-zone-box,Lost Zone Box,7,90.48,overall,2026-05-25T16:39:51.011257+00:00
BRS-SFA,1,1,regidrago-vstar,Regidrago,397,1333,1285,360,48.79,greninja-ex,Greninja,7,52.38,overall,2026-05-25T16:39:51.011257+00:00
BRS-SFA,1,1,regidrago-vstar,Regidrago,397,1333,1285,360,48.79,greninja-froslass,Greninja Froslass,6,72.22,overall,2026-05-25T16:39:51.011257+00:00
BRS-SFA,1,1,regidrago-vstar,Regidrago,397,1333,1285,360,48.79,gouging-fire-ex,Gouging Fire,6,16.67,overall,2026-05-25T16:39:51.011257+00:00
BRS-SFA,1,1,regidrago-vstar,Regidrago,397,1333,1285,360,48.79,palkia-vstar,Palkia,6,83.33,overall,2026-05-25T16:39:51.011257+00:00
BRS-SFA,1,1,regidrago-vstar,Regidrago,397,1333,1285,360,48.79,klawf-par,Klawf,5,40.0,overall,2026-05-25T16:39:51.011257+00:00
BRS-SFA,1,1,regidrago-vstar,Regidrago,397,1333,1285,360,48.79,tsareena-ex,Tsareena,5,66.67,overall,2026-05-25T16:39:51.011257+00:00
BRS-SFA,1,1,regidrago-vstar,Regidrago,397,1333,1285,360,48.79,noivern-ex,Noivern,5,60.0,overall,2026-05-25T16:39:51.011257+00:00
BRS-SFA,1,1,regidrago-vstar,Regidrago,397,1333,1285,360,48.79,dragapult-dusknoir,Dragapult Dusknoir,4,75.0,overall,2026-05-25T16:39:51.011257+00:00
BRS-SFA,1,1,regidrago-vstar,Regidrago,397,1333,1285,360,48.79,palafin-ex,Palafin,4,50.0,overall,2026-05-25T16:39:51.011257+00:00
BRS-SFA,1,1,regidrago-vstar,Regidrago,397,1333,1285,360,48.79,arceus-armarouge,Arceus Armarouge,4,25.0,overall,2026-05-25T16:39:51.011257+00:00
BRS-SFA,1,1,regidrago-vstar,Regidrago,397,1333,1285,360,48.79,froslass-munkidori,Froslass Munkidori,4,50.0,overall,2026-05-25T16:39:51.011257+00:00
BRS-SFA,1,1,regidrago-vstar,Regidrago,397,1333,1285,360,48.79,garchomp-ex,Garchomp,3,66.67,overall,2026-05-25T16:39:51.011257+00:00
BRS-SFA,1,1,regidrago-vstar,Regidrago,397,1333,1285,360,48.79,goodra-lz-box,Goodra LZ Box,3,100.0,overall,2026-05-25T16:39:51.011257+00:00
BRS-SFA,1,1,regidrago-vstar,Regidrago,397,1333,1285,360,48.79,venomoth-froslass,Venomoth Froslass,3,100.0,overall,2026-05-25T16:39:51.011257+00:00
BRS-SFA,1,1,regidrago-vstar,Regidrago,397,1333,1285,360,48.79,arceus-vstar,Arceus,3,44.44,overall,2026-05-25T16:39:51.011257+00:00
BRS-SFA,1,1,regidrago-vstar,Regidrago,397,1333,1285,360,48.79,arceus-giratina,Arceus Giratina,3,66.67,overall,2026-05-25T16:39:51.011257+00:00
BRS-SFA,1,1,regidrago-vstar,Regidrago,397,1333,1285,360,48.79,united-wings,United Wings,3,100.0,overall,2026-05-25T16:39:51.011257+00:00
BRS-SFA,1,1,regidrago-vstar,Regidrago,397,1333,1285,360,48.79,sinistcha-ogerpon,Sinistcha Ogerpon,3,44.44,overall,2026-05-25T16:39:51.011257+00:00
BRS-SFA,1,1,regidrago-vstar,Regidrago,397,1333,1285,360,48.79,dragapult-lz-box,Dragapult LZ Box,3,77.78,overall,2026-05-25T16:39:51.011257+00:00
BRS-SFA,1,1,regidrago-vstar,Regidrago,397,1333,1285,360,48.79,ranging-bolt-sandy-shocks,Raging Bolt Sandy Shocks,2,100.0,overall,2026-05-25T16:39:51.011257+00:00
BRS-SFA,1,1,regidrago-vstar,Regidrago,397,1333,1285,360,48.79,rotom-v,Rotom,2,100.0,overall,2026-05-25T16:39:51.011257+00:00
BRS-SFA,1,1,regidrago-vstar,Regidrago,397,1333,1285,360,48.79,banette-gardevoir,Banette Gardevoir,2,50.0,overall,2026-05-25T16:39:51.011257+00:00
BRS-SFA,1,1,regidrago-vstar,Regidrago,397,1333,1285,360,48.79,spidops-ex,Spidops,2,100.0,overall,2026-05-25T16:39:51.011257+00:00
BRS-SFA,1,1,regidrago-vstar,Regidrago,397,1333,1285,360,48.79,cornerstone-mask-ogerpon-ex,Cornerstone Mask Ogerpon,1,100.0,overall,2026-05-25T16:39:51.011257+00:00
BRS-SFA,1,1,regidrago-vstar,Regidrago,397,1333,1285,360,48.79,glimmora-ex,Glimmora,1,100.0,overall,2026-05-25T16:39:51.011257+00:00
BRS-SFA,1,1,regidrago-vstar,Regidrago,397,1333,1285,360,48.79,raging-bolt-ex,Raging Bolt,1,33.33,overall,2026-05-25T16:39:51.011257+00:00
BRS-SFA,1,1,regidrago-vstar,Regidrago,397,1333,1285,360,48.79,espathra-xatu,Espathra Xatu,1,100.0,overall,2026-05-25T16:39:51.011257+00:00
BRS-SFA,1,1,regidrago-vstar,Regidrago,397,1333,1285,360,48.79,omastar-archeops,Omastar Archeops,1,0.0,overall,2026-05-25T16:39:51.011257+00:00
BRS-SFA,1,1,regidrago-vstar,Regidrago,397,1333,1285,360,48.79,kyurem-vmax,Kyurem,1,100.0,overall,2026-05-25T16:39:51.011257+00:00
BRS-SFA,1,1,regidrago-vstar,Regidrago,397,1333,1285,360,48.79,blissey-ex,Blissey,1,100.0,overall,2026-05-25T16:39:51.011257+00:00
BRS-SFA,1,1,regidrago-vstar,Regidrago,397,1333,1285,360,48.79,hisuian-zoroark-vstar,Hisuian Zoroark,1,33.33,overall,2026-05-25T16:39:51.011257+00:00
BRS-SFA,1,1,regidrago-vstar,Regidrago,397,1333,1285,360,48.79,hisuian-goodra-vstar,Hisuian Goodra,1,100.0,overall,2026-05-25T16:39:51.011257+00:00
BRS-SFA,1,1,regidrago-vstar,Regidrago,397,1333,1285,360,48.79,magnezone-ex,Magnezone,1,100.0,overall,2026-05-25T16:39:51.011257+00:00
BRS-SFA,1,1,regigigas-asr,Regis,1,4,2,1,61.9,roaring-moon-ex,Roaring Moon,2,66.67,overall,2026-05-25T16:39:52.861514+00:00
BRS-SFA,1,1,regigigas-asr,Regis,1,4,2,1,61.9,raging-bolt-ogerpon,Raging Bolt Ogerpon,1,100.0,overall,2026-05-25T16:39:52.861514+00:00
BRS-SFA,1,1,regigigas-asr,Regis,1,4,2,1,61.9,palafin-ex,Palafin,1,100.0,overall,2026-05-25T16:39:52.861514+00:00
BRS-SFA,1,1,regigigas-asr,Regis,1,4,2,1,61.9,lugia-archeops,Lugia Archeops,1,100.0,overall,2026-05-25T16:39:52.861514+00:00
BRS-SFA,1,1,regigigas-asr,Regis,1,4,2,1,61.9,pidgeot-control,Pidgeot Control,1,0.0,overall,2026-05-25T16:39:52.861514+00:00
BRS-SFA,1,1,regigigas-asr,Regis,1,4,2,1,61.9,charizard-pidgeot,Charizard Pidgeot,1,0.0,overall,2026-05-25T16:39:52.861514+00:00
BRS-SFA,1,1,roaring-moon-dudunsparce,Roaring Moon Dudunsparce,1,1,3,0,25.0,roaring-moon-ex,Roaring Moon,1,0.0,overall,2026-05-25T16:39:54.732989+00:00
BRS-SFA,1,1,roaring-moon-dudunsparce,Roaring Moon Dudunsparce,1,1,3,0,25.0,greninja-froslass,Greninja Froslass,1,0.0,overall,2026-05-25T16:39:54.732989+00:00
BRS-SFA,1,1,roaring-moon-dudunsparce,Roaring Moon Dudunsparce,1,1,3,0,25.0,ancient-box,Ancient Box,1,0.0,overall,2026-05-25T16:39:54.732989+00:00
BRS-SFA,1,1,roaring-moon-dudunsparce,Roaring Moon Dudunsparce,1,1,3,0,25.0,iron-thorns-ex,Iron Thorns,1,100.0,overall,2026-05-25T16:39:54.732989+00:00
BRS-SFA,1,1,roaring-moon-ex,Roaring Moon,124,439,446,69,48.43,regidrago-vstar,Regidrago,150,51.11,overall,2026-05-25T16:39:56.631865+00:00
BRS-SFA,1,1,roaring-moon-ex,Roaring Moon,124,439,446,69,48.43,raging-bolt-ogerpon,Raging Bolt Ogerpon,149,51.45,overall,2026-05-25T16:39:56.631865+00:00
BRS-SFA,1,1,roaring-moon-ex,Roaring Moon,124,439,446,69,48.43,charizard-pidgeot,Charizard Pidgeot,129,51.42,overall,2026-05-25T16:39:56.631865+00:00
BRS-SFA,1,1,roaring-moon-ex,Roaring Moon,124,439,446,69,48.43,ancient-box,Ancient Box,88,26.14,overall,2026-05-25T16:39:56.631865+00:00
BRS-SFA,1,1,roaring-moon-ex,Roaring Moon,124,439,446,69,48.43,lugia-archeops,Lugia Archeops,65,38.46,overall,2026-05-25T16:39:56.631865+00:00
BRS-SFA,1,1,roaring-moon-ex,Roaring Moon,124,439,446,69,48.43,miraidon-ex,Miraidon,42,54.76,overall,2026-05-25T16:39:56.631865+00:00
BRS-SFA,1,1,roaring-moon-ex,Roaring Moon,124,439,446,69,48.43,gardevoir-ex-sv,Gardevoir,33,44.44,overall,2026-05-25T16:39:56.631865+00:00
BRS-SFA,1,1,roaring-moon-ex,Roaring Moon,124,439,446,69,48.43,snorlax-stall,Snorlax Stall,29,75.86,overall,2026-05-25T16:39:56.631865+00:00
BRS-SFA,1,1,roaring-moon-ex,Roaring Moon,124,439,446,69,48.43,roaring-moon-ex,Roaring Moon,25,48.67,overall,2026-05-25T16:39:56.631865+00:00
BRS-SFA,1,1,roaring-moon-ex,Roaring Moon,124,439,446,69,48.43,gholdengo-ex,Gholdengo,19,42.11,overall,2026-05-25T16:39:56.631865+00:00
BRS-SFA,1,1,roaring-moon-ex,Roaring Moon,124,439,446,69,48.43,chien-pao-baxcalibur,Chien-Pao Baxcalibur,15,71.11,overall,2026-05-25T16:39:56.631865+00:00
BRS-SFA,1,1,roaring-moon-ex,Roaring Moon,124,439,446,69,48.43,giratina-lz-box,Giratina LZ Box,13,33.33,overall,2026-05-25T16:39:56.631865+00:00
BRS-SFA,1,1,roaring-moon-ex,Roaring Moon,124,439,446,69,48.43,other,Other,13,51.28,overall,2026-05-25T16:39:56.631865+00:00
BRS-SFA,1,1,roaring-moon-ex,Roaring Moon,124,439,446,69,48.43,lzb-charizard,Lost Box Charizard,13,23.08,overall,2026-05-25T16:39:56.631865+00:00
BRS-SFA,1,1,roaring-moon-ex,Roaring Moon,124,439,446,69,48.43,iron-thorns-ex,Iron Thorns,11,45.45,overall,2026-05-25T16:39:56.631865+00:00
BRS-SFA,1,1,roaring-moon-ex,Roaring Moon,124,439,446,69,48.43,ogerpon-noivern,Ogerpon Noivern,9,55.56,overall,2026-05-25T16:39:56.631865+00:00
BRS-SFA,1,1,roaring-moon-ex,Roaring Moon,124,439,446,69,48.43,dialga-metang,Dialga Metang,8,75.0,overall,2026-05-25T16:39:56.631865+00:00
BRS-SFA,1,1,roaring-moon-ex,Roaring Moon,124,439,446,69,48.43,klawf-par,Klawf,8,16.67,overall,2026-05-25T16:39:56.631865+00:00
BRS-SFA,1,1,roaring-moon-ex,Roaring Moon,124,439,446,69,48.43,snorlax-pidgeot,Snorlax Pidgeot,7,42.86,overall,2026-05-25T16:39:56.631865+00:00
BRS-SFA,1,1,roaring-moon-ex,Roaring Moon,124,439,446,69,48.43,dragapult-pidgeot,Dragapult Pidgeot,6,33.33,overall,2026-05-25T16:39:56.631865+00:00
BRS-SFA,1,1,roaring-moon-ex,Roaring Moon,124,439,446,69,48.43,banette-dusknoir,Banette Dusknoir,6,50.0,overall,2026-05-25T16:39:56.631865+00:00
BRS-SFA,1,1,roaring-moon-ex,Roaring Moon,124,439,446,69,48.43,pidgeot-control,Pidgeot Control,5,66.67,overall,2026-05-25T16:39:56.631865+00:00
BRS-SFA,1,1,roaring-moon-ex,Roaring Moon,124,439,446,69,48.43,palafin-ex,Palafin,5,66.67,overall,2026-05-25T16:39:56.631865+00:00
BRS-SFA,1,1,roaring-moon-ex,Roaring Moon,124,439,446,69,48.43,dragapult-charizard,Dragapult Charizard,5,6.67,overall,2026-05-25T16:39:56.631865+00:00
BRS-SFA,1,1,roaring-moon-ex,Roaring Moon,124,439,446,69,48.43,palkia-dusknoir,Palkia Dusknoir,5,40.0,overall,2026-05-25T16:39:56.631865+00:00
BRS-SFA,1,1,roaring-moon-ex,Roaring Moon,124,439,446,69,48.43,iron-hands-ex,Future Hands,4,75.0,overall,2026-05-25T16:39:56.631865+00:00
BRS-SFA,1,1,roaring-moon-ex,Roaring Moon,124,439,446,69,48.43,mimikyu-ogerpon,Mimikyu Ogerpon,4,75.0,overall,2026-05-25T16:39:56.631865+00:00
BRS-SFA,1,1,roaring-moon-ex,Roaring Moon,124,439,446,69,48.43,greninja-ex,Greninja,4,75.0,overall,2026-05-25T16:39:56.631865+00:00
BRS-SFA,1,1,roaring-moon-ex,Roaring Moon,124,439,446,69,48.43,sinistcha-ogerpon,Sinistcha Ogerpon,3,33.33,overall,2026-05-25T16:39:56.631865+00:00
BRS-SFA,1,1,roaring-moon-ex,Roaring Moon,124,439,446,69,48.43,charizard-ex,Charizard,3,100.0,overall,2026-05-25T16:39:56.631865+00:00
BRS-SFA,1,1,roaring-moon-ex,Roaring Moon,124,439,446,69,48.43,united-wings,United Wings,3,44.44,overall,2026-05-25T16:39:56.631865+00:00
BRS-SFA,1,1,roaring-moon-ex,Roaring Moon,124,439,446,69,48.43,gouging-fire-ex,Gouging Fire,3,33.33,overall,2026-05-25T16:39:56.631865+00:00
BRS-SFA,1,1,roaring-moon-ex,Roaring Moon,124,439,446,69,48.43,toedscruel-ex,Toedscruel,3,33.33,overall,2026-05-25T16:39:56.631865+00:00
BRS-SFA,1,1,roaring-moon-ex,Roaring Moon,124,439,446,69,48.43,great-tusk-tef,Great Tusk Mill,3,100.0,overall,2026-05-25T16:39:56.631865+00:00
BRS-SFA,1,1,roaring-moon-ex,Roaring Moon,124,439,446,69,48.43,goodra-lz-box,Goodra LZ Box,3,33.33,overall,2026-05-25T16:39:56.631865+00:00
BRS-SFA,1,1,roaring-moon-ex,Roaring Moon,124,439,446,69,48.43,alakazam-ex,Alakazam,2,50.0,overall,2026-05-25T16:39:56.631865+00:00
BRS-SFA,1,1,roaring-moon-ex,Roaring Moon,124,439,446,69,48.43,dragapult-ex,Dragapult,2,50.0,overall,2026-05-25T16:39:56.631865+00:00
BRS-SFA,1,1,roaring-moon-ex,Roaring Moon,124,439,446,69,48.43,regigigas-asr,Regis,2,16.67,overall,2026-05-25T16:39:56.631865+00:00
BRS-SFA,1,1,roaring-moon-ex,Roaring Moon,124,439,446,69,48.43,lost-zone-box,Lost Zone Box,2,50.0,overall,2026-05-25T16:39:56.631865+00:00
BRS-SFA,1,1,roaring-moon-ex,Roaring Moon,124,439,446,69,48.43,palkia-vstar,Palkia,2,50.0,overall,2026-05-25T16:39:56.631865+00:00
BRS-SFA,1,1,roaring-moon-ex,Roaring Moon,124,439,446,69,48.43,darkrai-dusknoir,Darkrai Dusknoir,2,50.0,overall,2026-05-25T16:39:56.631865+00:00
BRS-SFA,1,1,roaring-moon-ex,Roaring Moon,124,439,446,69,48.43,garchomp-ex,Garchomp,2,100.0,overall,2026-05-25T16:39:56.631865+00:00
BRS-SFA,1,1,roaring-moon-ex,Roaring Moon,124,439,446,69,48.43,arceus-vstar,Arceus,2,66.67,overall,2026-05-25T16:39:56.631865+00:00
BRS-SFA,1,1,roaring-moon-ex,Roaring Moon,124,439,446,69,48.43,tsareena-ex,Tsareena,2,50.0,overall,2026-05-25T16:39:56.631865+00:00
BRS-SFA,1,1,roaring-moon-ex,Roaring Moon,124,439,446,69,48.43,future-box,Future Box,1,100.0,overall,2026-05-25T16:39:56.631865+00:00
BRS-SFA,1,1,roaring-moon-ex,Roaring Moon,124,439,446,69,48.43,magnezone-ex,Magnezone,1,100.0,overall,2026-05-25T16:39:56.631865+00:00
BRS-SFA,1,1,roaring-moon-ex,Roaring Moon,124,439,446,69,48.43,roaring-moon-dudunsparce,Roaring Moon Dudunsparce,1,100.0,overall,2026-05-25T16:39:56.631865+00:00
BRS-SFA,1,1,roaring-moon-ex,Roaring Moon,124,439,446,69,48.43,hisuian-samurott-vstar,Hisuian Samurott,1,0.0,overall,2026-05-25T16:39:56.631865+00:00
BRS-SFA,1,1,roaring-moon-ex,Roaring Moon,124,439,446,69,48.43,banette-gardevoir,Banette Gardevoir,1,33.33,overall,2026-05-25T16:39:56.631865+00:00
BRS-SFA,1,1,roaring-moon-ex,Roaring Moon,124,439,446,69,48.43,arceus-vulpix,Arceus Vulpix,1,100.0,overall,2026-05-25T16:39:56.631865+00:00
BRS-SFA,1,1,roaring-moon-ex,Roaring Moon,124,439,446,69,48.43,glimmora-ex,Glimmora,1,100.0,overall,2026-05-25T16:39:56.631865+00:00
BRS-SFA,1,1,roaring-moon-ex,Roaring Moon,124,439,446,69,48.43,entei-iron-valiant,Entei Iron Valiant,1,0.0,overall,2026-05-25T16:39:56.631865+00:00
BRS-SFA,1,1,roaring-moon-ex,Roaring Moon,124,439,446,69,48.43,conkeldurr-twm,Conkeldurr,1,100.0,overall,2026-05-25T16:39:56.631865+00:00
BRS-SFA,1,1,roaring-moon-ex,Roaring Moon,124,439,446,69,48.43,scovillain-ex,Scovillain,1,100.0,overall,2026-05-25T16:39:56.631865+00:00
BRS-SFA,1,1,roaring-moon-ex,Roaring Moon,124,439,446,69,48.43,cornerstone-mask-ogerpon-ex,Cornerstone Mask Ogerpon,1,100.0,overall,2026-05-25T16:39:56.631865+00:00
BRS-SFA,1,1,roaring-moon-ex,Roaring Moon,124,439,446,69,48.43,feraligatr-tef,Feraligatr,1,0.0,overall,2026-05-25T16:39:56.631865+00:00
BRS-SFA,1,1,roaring-moon-ex,Roaring Moon,124,439,446,69,48.43,noivern-ex,Noivern,1,0.0,overall,2026-05-25T16:39:56.631865+00:00
BRS-SFA,1,1,roaring-moon-ex,Roaring Moon,124,439,446,69,48.43,hisuian-goodra-vstar,Hisuian Goodra,1,0.0,overall,2026-05-25T16:39:56.631865+00:00
BRS-SFA,1,1,rotom-v,Rotom,2,2,6,0,25.0,regidrago-vstar,Regidrago,2,0.0,overall,2026-05-25T16:39:58.518627+00:00
BRS-SFA,1,1,rotom-v,Rotom,2,2,6,0,25.0,charizard-pidgeot,Charizard Pidgeot,2,0.0,overall,2026-05-25T16:39:58.518627+00:00
BRS-SFA,1,1,rotom-v,Rotom,2,2,6,0,25.0,raging-bolt-ogerpon,Raging Bolt Ogerpon,2,100.0,overall,2026-05-25T16:39:58.518627+00:00
BRS-SFA,1,1,rotom-v,Rotom,2,2,6,0,25.0,ancient-box,Ancient Box,1,0.0,overall,2026-05-25T16:39:58.518627+00:00
BRS-SFA,1,1,rotom-v,Rotom,2,2,6,0,25.0,dragapult-pidgeot,Dragapult Pidgeot,1,0.0,overall,2026-05-25T16:39:58.518627+00:00
BRS-SFA,1,1,scovillain-ex,Scovillain,1,3,5,1,37.04,miraidon-ex,Miraidon,3,44.44,overall,2026-05-25T16:40:00.465524+00:00
BRS-SFA,1,1,scovillain-ex,Scovillain,1,3,5,1,37.04,lugia-archeops,Lugia Archeops,2,0.0,overall,2026-05-25T16:40:00.465524+00:00
BRS-SFA,1,1,scovillain-ex,Scovillain,1,3,5,1,37.04,palafin-ex,Palafin,1,0.0,overall,2026-05-25T16:40:00.465524+00:00
BRS-SFA,1,1,scovillain-ex,Scovillain,1,3,5,1,37.04,dragapult-charizard,Dragapult Charizard,1,100.0,overall,2026-05-25T16:40:00.465524+00:00
BRS-SFA,1,1,scovillain-ex,Scovillain,1,3,5,1,37.04,roaring-moon-ex,Roaring Moon,1,0.0,overall,2026-05-25T16:40:00.465524+00:00
BRS-SFA,1,1,scovillain-ex,Scovillain,1,3,5,1,37.04,ancient-box,Ancient Box,1,100.0,overall,2026-05-25T16:40:00.465524+00:00
BRS-SFA,1,1,sinistcha-ogerpon,Sinistcha Ogerpon,4,15,14,7,48.15,miraidon-ex,Miraidon,7,42.86,overall,2026-05-25T16:40:02.458182+00:00
BRS-SFA,1,1,sinistcha-ogerpon,Sinistcha Ogerpon,4,15,14,7,48.15,lugia-archeops,Lugia Archeops,4,41.67,overall,2026-05-25T16:40:02.458182+00:00
BRS-SFA,1,1,sinistcha-ogerpon,Sinistcha Ogerpon,4,15,14,7,48.15,charizard-pidgeot,Charizard Pidgeot,4,58.33,overall,2026-05-25T16:40:02.458182+00:00
BRS-SFA,1,1,sinistcha-ogerpon,Sinistcha Ogerpon,4,15,14,7,48.15,roaring-moon-ex,Roaring Moon,3,66.67,overall,2026-05-25T16:40:02.458182+00:00
BRS-SFA,1,1,sinistcha-ogerpon,Sinistcha Ogerpon,4,15,14,7,48.15,ancient-box,Ancient Box,3,33.33,overall,2026-05-25T16:40:02.458182+00:00
BRS-SFA,1,1,sinistcha-ogerpon,Sinistcha Ogerpon,4,15,14,7,48.15,raging-bolt-ogerpon,Raging Bolt Ogerpon,3,33.33,overall,2026-05-25T16:40:02.458182+00:00
BRS-SFA,1,1,sinistcha-ogerpon,Sinistcha Ogerpon,4,15,14,7,48.15,regidrago-vstar,Regidrago,3,44.44,overall,2026-05-25T16:40:02.458182+00:00
BRS-SFA,1,1,sinistcha-ogerpon,Sinistcha Ogerpon,4,15,14,7,48.15,gardevoir-ex-sv,Gardevoir,2,50.0,overall,2026-05-25T16:40:02.458182+00:00
BRS-SFA,1,1,sinistcha-ogerpon,Sinistcha Ogerpon,4,15,14,7,48.15,snorlax-stall,Snorlax Stall,2,100.0,overall,2026-05-25T16:40:02.458182+00:00
BRS-SFA,1,1,sinistcha-ogerpon,Sinistcha Ogerpon,4,15,14,7,48.15,palkia-dusknoir,Palkia Dusknoir,1,33.33,overall,2026-05-25T16:40:02.458182+00:00
BRS-SFA,1,1,sinistcha-ogerpon,Sinistcha Ogerpon,4,15,14,7,48.15,arceus-vulpix,Arceus Vulpix,1,33.33,overall,2026-05-25T16:40:02.458182+00:00
BRS-SFA,1,1,sinistcha-ogerpon,Sinistcha Ogerpon,4,15,14,7,48.15,dragapult-pidgeot,Dragapult Pidgeot,1,0.0,overall,2026-05-25T16:40:02.458182+00:00
BRS-SFA,1,1,sinistcha-ogerpon,Sinistcha Ogerpon,4,15,14,7,48.15,froslass-munkidori,Froslass Munkidori,1,100.0,overall,2026-05-25T16:40:02.458182+00:00
BRS-SFA,1,1,sinistcha-ogerpon,Sinistcha Ogerpon,4,15,14,7,48.15,dialga-metang,Dialga Metang,1,33.33,overall,2026-05-25T16:40:02.458182+00:00
BRS-SFA,1,1,snorlax-pidgeot,Snorlax Pidgeot,5,34,15,1,68.67,regidrago-vstar,Regidrago,9,77.78,overall,2026-05-25T16:40:04.340596+00:00
BRS-SFA,1,1,snorlax-pidgeot,Snorlax Pidgeot,5,34,15,1,68.67,roaring-moon-ex,Roaring Moon,7,57.14,overall,2026-05-25T16:40:04.340596+00:00
BRS-SFA,1,1,snorlax-pidgeot,Snorlax Pidgeot,5,34,15,1,68.67,raging-bolt-ogerpon,Raging Bolt Ogerpon,6,88.89,overall,2026-05-25T16:40:04.340596+00:00
BRS-SFA,1,1,snorlax-pidgeot,Snorlax Pidgeot,5,34,15,1,68.67,charizard-pidgeot,Charizard Pidgeot,4,100.0,overall,2026-05-25T16:40:04.340596+00:00
BRS-SFA,1,1,snorlax-pidgeot,Snorlax Pidgeot,5,34,15,1,68.67,lugia-archeops,Lugia Archeops,4,50.0,overall,2026-05-25T16:40:04.340596+00:00
BRS-SFA,1,1,snorlax-pidgeot,Snorlax Pidgeot,5,34,15,1,68.67,ancient-box,Ancient Box,3,100.0,overall,2026-05-25T16:40:04.340596+00:00
BRS-SFA,1,1,snorlax-pidgeot,Snorlax Pidgeot,5,34,15,1,68.67,miraidon-ex,Miraidon,3,100.0,overall,2026-05-25T16:40:04.340596+00:00
BRS-SFA,1,1,snorlax-pidgeot,Snorlax Pidgeot,5,34,15,1,68.67,giratina-lz-box,Giratina LZ Box,1,100.0,overall,2026-05-25T16:40:04.340596+00:00
BRS-SFA,1,1,snorlax-pidgeot,Snorlax Pidgeot,5,34,15,1,68.67,snorlax-stall,Snorlax Stall,1,100.0,overall,2026-05-25T16:40:04.340596+00:00
BRS-SFA,1,1,snorlax-pidgeot,Snorlax Pidgeot,5,34,15,1,68.67,okidogi-ex,Okidogi,1,0.0,overall,2026-05-25T16:40:04.340596+00:00
BRS-SFA,1,1,snorlax-pidgeot,Snorlax Pidgeot,5,34,15,1,68.67,ogerpon-noivern,Ogerpon Noivern,1,100.0,overall,2026-05-25T16:40:04.340596+00:00
BRS-SFA,1,1,snorlax-pidgeot,Snorlax Pidgeot,5,34,15,1,68.67,iron-thorns-ex,Iron Thorns,1,100.0,overall,2026-05-25T16:40:04.340596+00:00
BRS-SFA,1,1,snorlax-pidgeot,Snorlax Pidgeot,5,34,15,1,68.67,dragapult-lz-box,Dragapult LZ Box,1,0.0,overall,2026-05-25T16:40:04.340596+00:00
BRS-SFA,1,1,snorlax-pidgeot,Snorlax Pidgeot,5,34,15,1,68.67,dragapult-dusknoir,Dragapult Dusknoir,1,0.0,overall,2026-05-25T16:40:04.340596+00:00
BRS-SFA,1,1,snorlax-pidgeot,Snorlax Pidgeot,5,34,15,1,68.67,darkrai-dusknoir,Darkrai Dusknoir,1,0.0,overall,2026-05-25T16:40:04.340596+00:00
BRS-SFA,1,1,snorlax-pidgeot,Snorlax Pidgeot,5,34,15,1,68.67,charizard-ex,Charizard,1,0.0,overall,2026-05-25T16:40:04.340596+00:00
BRS-SFA,1,1,snorlax-pidgeot,Snorlax Pidgeot,5,34,15,1,68.67,chien-pao-baxcalibur,Chien-Pao Baxcalibur,1,100.0,overall,2026-05-25T16:40:04.340596+00:00
BRS-SFA,1,1,snorlax-pidgeot,Snorlax Pidgeot,5,34,15,1,68.67,gholdengo-ex,Gholdengo,1,0.0,overall,2026-05-25T16:40:04.340596+00:00
BRS-SFA,1,1,snorlax-pidgeot,Snorlax Pidgeot,5,34,15,1,68.67,arceus-vstar,Arceus,1,0.0,overall,2026-05-25T16:40:04.340596+00:00
BRS-SFA,1,1,snorlax-pidgeot,Snorlax Pidgeot,5,34,15,1,68.67,other,Other,1,0.0,overall,2026-05-25T16:40:04.340596+00:00
BRS-SFA,1,1,snorlax-pidgeot,Snorlax Pidgeot,5,34,15,1,68.67,klawf-par,Klawf,1,100.0,overall,2026-05-25T16:40:04.340596+00:00
BRS-SFA,1,1,snorlax-stall,Snorlax Stall,47,239,121,52,62.22,raging-bolt-ogerpon,Raging Bolt Ogerpon,75,77.78,overall,2026-05-25T16:40:06.222112+00:00
BRS-SFA,1,1,snorlax-stall,Snorlax Stall,47,239,121,52,62.22,regidrago-vstar,Regidrago,72,76.85,overall,2026-05-25T16:40:06.222112+00:00
BRS-SFA,1,1,snorlax-stall,Snorlax Stall,47,239,121,52,62.22,charizard-pidgeot,Charizard Pidgeot,52,80.13,overall,2026-05-25T16:40:06.222112+00:00
BRS-SFA,1,1,snorlax-stall,Snorlax Stall,47,239,121,52,62.22,ancient-box,Ancient Box,37,70.27,overall,2026-05-25T16:40:06.222112+00:00
BRS-SFA,1,1,snorlax-stall,Snorlax Stall,47,239,121,52,62.22,roaring-moon-ex,Roaring Moon,29,20.69,overall,2026-05-25T16:40:06.222112+00:00
BRS-SFA,1,1,snorlax-stall,Snorlax Stall,47,239,121,52,62.22,lugia-archeops,Lugia Archeops,28,20.24,overall,2026-05-25T16:40:06.222112+00:00
BRS-SFA,1,1,snorlax-stall,Snorlax Stall,47,239,121,52,62.22,miraidon-ex,Miraidon,21,88.89,overall,2026-05-25T16:40:06.222112+00:00
BRS-SFA,1,1,snorlax-stall,Snorlax Stall,47,239,121,52,62.22,gardevoir-ex-sv,Gardevoir,12,47.22,overall,2026-05-25T16:40:06.222112+00:00
BRS-SFA,1,1,snorlax-stall,Snorlax Stall,47,239,121,52,62.22,snorlax-stall,Snorlax Stall,10,43.33,overall,2026-05-25T16:40:06.222112+00:00
BRS-SFA,1,1,snorlax-stall,Snorlax Stall,47,239,121,52,62.22,iron-thorns-ex,Iron Thorns,8,54.17,overall,2026-05-25T16:40:06.222112+00:00
BRS-SFA,1,1,snorlax-stall,Snorlax Stall,47,239,121,52,62.22,chien-pao-baxcalibur,Chien-Pao Baxcalibur,6,66.67,overall,2026-05-25T16:40:06.222112+00:00
BRS-SFA,1,1,snorlax-stall,Snorlax Stall,47,239,121,52,62.22,dragapult-pidgeot,Dragapult Pidgeot,5,26.67,overall,2026-05-25T16:40:06.222112+00:00
BRS-SFA,1,1,snorlax-stall,Snorlax Stall,47,239,121,52,62.22,other,Other,5,66.67,overall,2026-05-25T16:40:06.222112+00:00
BRS-SFA,1,1,snorlax-stall,Snorlax Stall,47,239,121,52,62.22,froslass-munkidori,Froslass Munkidori,3,33.33,overall,2026-05-25T16:40:06.222112+00:00
BRS-SFA,1,1,snorlax-stall,Snorlax Stall,47,239,121,52,62.22,klawf-par,Klawf,3,0.0,overall,2026-05-25T16:40:06.222112+00:00
BRS-SFA,1,1,snorlax-stall,Snorlax Stall,47,239,121,52,62.22,dragapult-ex,Dragapult,3,66.67,overall,2026-05-25T16:40:06.222112+00:00
BRS-SFA,1,1,snorlax-stall,Snorlax Stall,47,239,121,52,62.22,palkia-dusknoir,Palkia Dusknoir,3,44.44,overall,2026-05-25T16:40:06.222112+00:00
BRS-SFA,1,1,snorlax-stall,Snorlax Stall,47,239,121,52,62.22,ogerpon-noivern,Ogerpon Noivern,3,33.33,overall,2026-05-25T16:40:06.222112+00:00
BRS-SFA,1,1,snorlax-stall,Snorlax Stall,47,239,121,52,62.22,lzb-charizard,Lost Box Charizard,2,100.0,overall,2026-05-25T16:40:06.222112+00:00
BRS-SFA,1,1,snorlax-stall,Snorlax Stall,47,239,121,52,62.22,lost-zone-box,Lost Zone Box,2,100.0,overall,2026-05-25T16:40:06.222112+00:00
BRS-SFA,1,1,snorlax-stall,Snorlax Stall,47,239,121,52,62.22,giratina-lz-box,Giratina LZ Box,2,0.0,overall,2026-05-25T16:40:06.222112+00:00
BRS-SFA,1,1,snorlax-stall,Snorlax Stall,47,239,121,52,62.22,gholdengo-ex,Gholdengo,2,50.0,overall,2026-05-25T16:40:06.222112+00:00
BRS-SFA,1,1,snorlax-stall,Snorlax Stall,47,239,121,52,62.22,iron-hands-ex,Future Hands,2,0.0,overall,2026-05-25T16:40:06.222112+00:00
BRS-SFA,1,1,snorlax-stall,Snorlax Stall,47,239,121,52,62.22,sinistcha-ogerpon,Sinistcha Ogerpon,2,0.0,overall,2026-05-25T16:40:06.222112+00:00
BRS-SFA,1,1,snorlax-stall,Snorlax Stall,47,239,121,52,62.22,toedscruel-ex,Toedscruel,1,100.0,overall,2026-05-25T16:40:06.222112+00:00
BRS-SFA,1,1,snorlax-stall,Snorlax Stall,47,239,121,52,62.22,kyurem-vmax,Kyurem,1,100.0,overall,2026-05-25T16:40:06.222112+00:00
BRS-SFA,1,1,snorlax-stall,Snorlax Stall,47,239,121,52,62.22,snorlax-pidgeot,Snorlax Pidgeot,1,0.0,overall,2026-05-25T16:40:06.222112+00:00
BRS-SFA,1,1,snorlax-stall,Snorlax Stall,47,239,121,52,62.22,entei-iron-valiant,Entei Iron Valiant,1,100.0,overall,2026-05-25T16:40:06.222112+00:00
BRS-SFA,1,1,snorlax-stall,Snorlax Stall,47,239,121,52,62.22,dragapult-charizard,Dragapult Charizard,1,0.0,overall,2026-05-25T16:40:06.222112+00:00
BRS-SFA,1,1,snorlax-stall,Snorlax Stall,47,239,121,52,62.22,darkrai-dusknoir,Darkrai Dusknoir,1,0.0,overall,2026-05-25T16:40:06.222112+00:00
BRS-SFA,1,1,snorlax-stall,Snorlax Stall,47,239,121,52,62.22,palafin-ex,Palafin,1,100.0,overall,2026-05-25T16:40:06.222112+00:00
BRS-SFA,1,1,snorlax-stall,Snorlax Stall,47,239,121,52,62.22,arceus-armarouge,Arceus Armarouge,1,0.0,overall,2026-05-25T16:40:06.222112+00:00
BRS-SFA,1,1,snorlax-stall,Snorlax Stall,47,239,121,52,62.22,great-tusk-tef,Great Tusk Mill,1,100.0,overall,2026-05-25T16:40:06.222112+00:00
BRS-SFA,1,1,snorlax-stall,Snorlax Stall,47,239,121,52,62.22,tsareena-ex,Tsareena,1,0.0,overall,2026-05-25T16:40:06.222112+00:00
BRS-SFA,1,1,snorlax-stall,Snorlax Stall,47,239,121,52,62.22,banette-gardevoir,Banette Gardevoir,1,0.0,overall,2026-05-25T16:40:06.222112+00:00
BRS-SFA,1,1,snorlax-stall,Snorlax Stall,47,239,121,52,62.22,banette-dusknoir,Banette Dusknoir,1,100.0,overall,2026-05-25T16:40:06.222112+00:00
BRS-SFA,1,1,snorlax-stall,Snorlax Stall,47,239,121,52,62.22,charizard-greninja,Charizard Greninja,1,100.0,overall,2026-05-25T16:40:06.222112+00:00
BRS-SFA,1,1,snorlax-stall,Snorlax Stall,47,239,121,52,62.22,mimikyu-ogerpon,Mimikyu Ogerpon,1,0.0,overall,2026-05-25T16:40:06.222112+00:00
BRS-SFA,1,1,spidops-ex,Spidops,2,1,10,5,16.67,raging-bolt-ogerpon,Raging Bolt Ogerpon,3,0.0,overall,2026-05-25T16:40:08.110015+00:00
BRS-SFA,1,1,spidops-ex,Spidops,2,1,10,5,16.67,charizard-pidgeot,Charizard Pidgeot,3,55.56,overall,2026-05-25T16:40:08.110015+00:00
BRS-SFA,1,1,spidops-ex,Spidops,2,1,10,5,16.67,regidrago-vstar,Regidrago,2,0.0,overall,2026-05-25T16:40:08.110015+00:00
BRS-SFA,1,1,spidops-ex,Spidops,2,1,10,5,16.67,miraidon-ex,Miraidon,2,0.0,overall,2026-05-25T16:40:08.110015+00:00
BRS-SFA,1,1,spidops-ex,Spidops,2,1,10,5,16.67,ancient-box,Ancient Box,2,33.33,overall,2026-05-25T16:40:08.110015+00:00
BRS-SFA,1,1,spidops-ex,Spidops,2,1,10,5,16.67,dialga-metang,Dialga Metang,1,33.33,overall,2026-05-25T16:40:08.110015+00:00
BRS-SFA,1,1,spidops-ex,Spidops,2,1,10,5,16.67,conkeldurr-twm,Conkeldurr,1,0.0,overall,2026-05-25T16:40:08.110015+00:00
BRS-SFA,1,1,spidops-ex,Spidops,2,1,10,5,16.67,froslass-munkidori,Froslass Munkidori,1,0.0,overall,2026-05-25T16:40:08.110015+00:00
BRS-SFA,1,1,spidops-ex,Spidops,2,1,10,5,16.67,dragapult-pidgeot,Dragapult Pidgeot,1,0.0,overall,2026-05-25T16:40:08.110015+00:00
BRS-SFA,1,1,steelix-par,Steelix,1,0,4,0,0.0,raging-bolt-ogerpon,Raging Bolt Ogerpon,1,0.0,overall,2026-05-25T16:40:09.981972+00:00
BRS-SFA,1,1,steelix-par,Steelix,1,0,4,0,0.0,charizard-pidgeot,Charizard Pidgeot,1,0.0,overall,2026-05-25T16:40:09.981972+00:00
BRS-SFA,1,1,steelix-par,Steelix,1,0,4,0,0.0,miraidon-ex,Miraidon,1,0.0,overall,2026-05-25T16:40:09.981972+00:00
BRS-SFA,1,1,steelix-par,Steelix,1,0,4,0,0.0,future-box,Future Box,1,0.0,overall,2026-05-25T16:40:09.981972+00:00
BRS-SFA,1,1,tinkaton-ex,Tinkaton,1,1,3,0,25.0,raging-bolt-ogerpon,Raging Bolt Ogerpon,1,0.0,overall,2026-05-25T16:40:11.854979+00:00
BRS-SFA,1,1,tinkaton-ex,Tinkaton,1,1,3,0,25.0,future-box,Future Box,1,100.0,overall,2026-05-25T16:40:11.854979+00:00
BRS-SFA,1,1,tinkaton-ex,Tinkaton,1,1,3,0,25.0,miraidon-ex,Miraidon,1,0.0,overall,2026-05-25T16:40:11.854979+00:00
BRS-SFA,1,1,tinkaton-ex,Tinkaton,1,1,3,0,25.0,dragapult-pidgeot,Dragapult Pidgeot,1,0.0,overall,2026-05-25T16:40:11.854979+00:00
BRS-SFA,1,1,toedscruel-ex,Toedscruel,4,10,17,9,36.11,regidrago-vstar,Regidrago,7,33.33,overall,2026-05-25T16:40:13.743562+00:00
BRS-SFA,1,1,toedscruel-ex,Toedscruel,4,10,17,9,36.11,charizard-pidgeot,Charizard Pidgeot,4,16.67,overall,2026-05-25T16:40:13.743562+00:00
BRS-SFA,1,1,toedscruel-ex,Toedscruel,4,10,17,9,36.11,ancient-box,Ancient Box,3,66.67,overall,2026-05-25T16:40:13.743562+00:00
BRS-SFA,1,1,toedscruel-ex,Toedscruel,4,10,17,9,36.11,raging-bolt-ogerpon,Raging Bolt Ogerpon,3,55.56,overall,2026-05-25T16:40:13.743562+00:00
BRS-SFA,1,1,toedscruel-ex,Toedscruel,4,10,17,9,36.11,roaring-moon-ex,Roaring Moon,3,66.67,overall,2026-05-25T16:40:13.743562+00:00
BRS-SFA,1,1,toedscruel-ex,Toedscruel,4,10,17,9,36.11,lzb-charizard,Lost Box Charizard,3,11.11,overall,2026-05-25T16:40:13.743562+00:00
BRS-SFA,1,1,toedscruel-ex,Toedscruel,4,10,17,9,36.11,greninja-froslass,Greninja Froslass,2,66.67,overall,2026-05-25T16:40:13.743562+00:00
BRS-SFA,1,1,toedscruel-ex,Toedscruel,4,10,17,9,36.11,froslass-munkidori,Froslass Munkidori,2,16.67,overall,2026-05-25T16:40:13.743562+00:00
BRS-SFA,1,1,toedscruel-ex,Toedscruel,4,10,17,9,36.11,lugia-archeops,Lugia Archeops,2,0.0,overall,2026-05-25T16:40:13.743562+00:00
BRS-SFA,1,1,toedscruel-ex,Toedscruel,4,10,17,9,36.11,snorlax-stall,Snorlax Stall,1,0.0,overall,2026-05-25T16:40:13.743562+00:00
BRS-SFA,1,1,toedscruel-ex,Toedscruel,4,10,17,9,36.11,dragapult-pidgeot,Dragapult Pidgeot,1,0.0,overall,2026-05-25T16:40:13.743562+00:00
BRS-SFA,1,1,toedscruel-ex,Toedscruel,4,10,17,9,36.11,cornerstone-mask-ogerpon-ex,Cornerstone Mask Ogerpon,1,0.0,overall,2026-05-25T16:40:13.743562+00:00
BRS-SFA,1,1,toedscruel-ex,Toedscruel,4,10,17,9,36.11,iron-thorns-ex,Iron Thorns,1,100.0,overall,2026-05-25T16:40:13.743562+00:00
BRS-SFA,1,1,toedscruel-ex,Toedscruel,4,10,17,9,36.11,miraidon-ex,Miraidon,1,33.33,overall,2026-05-25T16:40:13.743562+00:00
BRS-SFA,1,1,toedscruel-ex,Toedscruel,4,10,17,9,36.11,charizard-ex,Charizard,1,100.0,overall,2026-05-25T16:40:13.743562+00:00
BRS-SFA,1,1,toedscruel-ex,Toedscruel,4,10,17,9,36.11,chien-pao-baxcalibur,Chien-Pao Baxcalibur,1,0.0,overall,2026-05-25T16:40:13.743562+00:00
BRS-SFA,1,1,tsareena-ex,Tsareena,3,9,12,4,41.33,regidrago-vstar,Regidrago,5,26.67,overall,2026-05-25T16:40:15.605812+00:00
BRS-SFA,1,1,tsareena-ex,Tsareena,3,9,12,4,41.33,charizard-pidgeot,Charizard Pidgeot,5,60.0,overall,2026-05-25T16:40:15.605812+00:00
BRS-SFA,1,1,tsareena-ex,Tsareena,3,9,12,4,41.33,miraidon-ex,Miraidon,4,33.33,overall,2026-05-25T16:40:15.605812+00:00
BRS-SFA,1,1,tsareena-ex,Tsareena,3,9,12,4,41.33,raging-bolt-ogerpon,Raging Bolt Ogerpon,3,11.11,overall,2026-05-25T16:40:15.605812+00:00
BRS-SFA,1,1,tsareena-ex,Tsareena,3,9,12,4,41.33,roaring-moon-ex,Roaring Moon,2,50.0,overall,2026-05-25T16:40:15.605812+00:00
BRS-SFA,1,1,tsareena-ex,Tsareena,3,9,12,4,41.33,gardevoir-ex-sv,Gardevoir,1,100.0,overall,2026-05-25T16:40:15.605812+00:00
BRS-SFA,1,1,tsareena-ex,Tsareena,3,9,12,4,41.33,chien-pao-baxcalibur,Chien-Pao Baxcalibur,1,100.0,overall,2026-05-25T16:40:15.605812+00:00
BRS-SFA,1,1,tsareena-ex,Tsareena,3,9,12,4,41.33,lzb-charizard,Lost Box Charizard,1,33.33,overall,2026-05-25T16:40:15.605812+00:00
BRS-SFA,1,1,tsareena-ex,Tsareena,3,9,12,4,41.33,iron-thorns-ex,Iron Thorns,1,0.0,overall,2026-05-25T16:40:15.605812+00:00
BRS-SFA,1,1,tsareena-ex,Tsareena,3,9,12,4,41.33,snorlax-stall,Snorlax Stall,1,100.0,overall,2026-05-25T16:40:15.605812+00:00
BRS-SFA,1,1,tsareena-ex,Tsareena,3,9,12,4,41.33,banette-dusknoir,Banette Dusknoir,1,0.0,overall,2026-05-25T16:40:15.605812+00:00
BRS-SFA,1,1,united-wings,United Wings,6,13,24,6,34.88,ancient-box,Ancient Box,7,33.33,overall,2026-05-25T16:40:17.516467+00:00
BRS-SFA,1,1,united-wings,United Wings,6,13,24,6,34.88,lugia-archeops,Lugia Archeops,5,20.0,overall,2026-05-25T16:40:17.516467+00:00
BRS-SFA,1,1,united-wings,United Wings,6,13,24,6,34.88,miraidon-ex,Miraidon,5,20.0,overall,2026-05-25T16:40:17.516467+00:00
BRS-SFA,1,1,united-wings,United Wings,6,13,24,6,34.88,roaring-moon-ex,Roaring Moon,3,44.44,overall,2026-05-25T16:40:17.516467+00:00
BRS-SFA,1,1,united-wings,United Wings,6,13,24,6,34.88,raging-bolt-ogerpon,Raging Bolt Ogerpon,3,44.44,overall,2026-05-25T16:40:17.516467+00:00
BRS-SFA,1,1,united-wings,United Wings,6,13,24,6,34.88,regidrago-vstar,Regidrago,3,0.0,overall,2026-05-25T16:40:17.516467+00:00
BRS-SFA,1,1,united-wings,United Wings,6,13,24,6,34.88,palkia-dusknoir,Palkia Dusknoir,2,50.0,overall,2026-05-25T16:40:17.516467+00:00
BRS-SFA,1,1,united-wings,United Wings,6,13,24,6,34.88,iron-thorns-ex,Iron Thorns,2,0.0,overall,2026-05-25T16:40:17.516467+00:00
BRS-SFA,1,1,united-wings,United Wings,6,13,24,6,34.88,lost-zone-box,Lost Zone Box,2,100.0,overall,2026-05-25T16:40:17.516467+00:00
BRS-SFA,1,1,united-wings,United Wings,6,13,24,6,34.88,pidgeot-control,Pidgeot Control,1,0.0,overall,2026-05-25T16:40:17.516467+00:00
BRS-SFA,1,1,united-wings,United Wings,6,13,24,6,34.88,chien-pao-baxcalibur,Chien-Pao Baxcalibur,1,0.0,overall,2026-05-25T16:40:17.516467+00:00
BRS-SFA,1,1,united-wings,United Wings,6,13,24,6,34.88,great-tusk-tef,Great Tusk Mill,1,100.0,overall,2026-05-25T16:40:17.516467+00:00
BRS-SFA,1,1,united-wings,United Wings,6,13,24,6,34.88,other,Other,1,0.0,overall,2026-05-25T16:40:17.516467+00:00
BRS-SFA,1,1,united-wings,United Wings,6,13,24,6,34.88,banette-dusknoir,Banette Dusknoir,1,100.0,overall,2026-05-25T16:40:17.516467+00:00
BRS-SFA,1,1,united-wings,United Wings,6,13,24,6,34.88,hisuian-goodra-vstar,Hisuian Goodra,1,100.0,overall,2026-05-25T16:40:17.516467+00:00
BRS-SFA,1,1,united-wings,United Wings,6,13,24,6,34.88,mimikyu-ogerpon,Mimikyu Ogerpon,1,33.33,overall,2026-05-25T16:40:17.516467+00:00
BRS-SFA,1,1,united-wings,United Wings,6,13,24,6,34.88,charizard-pidgeot,Charizard Pidgeot,1,33.33,overall,2026-05-25T16:40:17.516467+00:00
BRS-SFA,1,1,united-wings,United Wings,6,13,24,6,34.88,giratina-lz-box,Giratina LZ Box,1,0.0,overall,2026-05-25T16:40:17.516467+00:00
BRS-SFA,1,1,united-wings,United Wings,6,13,24,6,34.88,gardevoir-ex-sv,Gardevoir,1,33.33,overall,2026-05-25T16:40:17.516467+00:00
BRS-SFA,1,1,venomoth-froslass,Venomoth Froslass,2,3,9,0,25.0,regidrago-vstar,Regidrago,3,0.0,overall,2026-05-25T16:40:19.381930+00:00
BRS-SFA,1,1,venomoth-froslass,Venomoth Froslass,2,3,9,0,25.0,miraidon-ex,Miraidon,2,0.0,overall,2026-05-25T16:40:19.381930+00:00
BRS-SFA,1,1,venomoth-froslass,Venomoth Froslass,2,3,9,0,25.0,banette-dusknoir,Banette Dusknoir,2,50.0,overall,2026-05-25T16:40:19.381930+00:00
BRS-SFA,1,1,venomoth-froslass,Venomoth Froslass,2,3,9,0,25.0,dragapult-ex,Dragapult,1,0.0,overall,2026-05-25T16:40:19.381930+00:00
BRS-SFA,1,1,venomoth-froslass,Venomoth Froslass,2,3,9,0,25.0,raging-bolt-ogerpon,Raging Bolt Ogerpon,1,100.0,overall,2026-05-25T16:40:19.381930+00:00
BRS-SFA,1,1,venomoth-froslass,Venomoth Froslass,2,3,9,0,25.0,festival-lead,Dipplin,1,100.0,overall,2026-05-25T16:40:19.381930+00:00
BRS-SFA,1,1,venomoth-froslass,Venomoth Froslass,2,3,9,0,25.0,dragapult-charizard,Dragapult Charizard,1,0.0,overall,2026-05-25T16:40:19.381930+00:00
BRS-SFA,1,1,venomoth-froslass,Venomoth Froslass,2,3,9,0,25.0,charizard-pidgeot,Charizard Pidgeot,1,0.0,overall,2026-05-25T16:40:19.381930+00:00
