meta,tournaments_used,tournament_count,my_deck_slug,my_deck_name,my_deck_player_count,my_deck_total_wins,my_deck_total_losses,my_deck_total_ties,my_deck_overall_win_pct,opponent_deck_slug,opponent_deck_name,vs_count,vs_win_pct,day_filter,scraped_at
BRS-SSP,"10,11,12,13,14,15,16,17",8,aegislash-par,Aegislash,3,4,15,2,22.22,miraidon-ex,Miraidon,6,38.89,overall,2026-05-25T16:40:21.832767+00:00
BRS-SSP,"10,11,12,13,14,15,16,17",8,aegislash-par,Aegislash,3,4,15,2,22.22,regidrago-vstar,Regidrago,4,25.0,overall,2026-05-25T16:40:21.832767+00:00
BRS-SSP,"10,11,12,13,14,15,16,17",8,aegislash-par,Aegislash,3,4,15,2,22.22,lugia-archeops,Lugia Archeops,2,16.67,overall,2026-05-25T16:40:21.832767+00:00
BRS-SSP,"10,11,12,13,14,15,16,17",8,aegislash-par,Aegislash,3,4,15,2,22.22,ceruledge-ex,Ceruledge,2,0.0,overall,2026-05-25T16:40:21.832767+00:00
BRS-SSP,"10,11,12,13,14,15,16,17",8,aegislash-par,Aegislash,3,4,15,2,22.22,raging-bolt-ogerpon,Raging Bolt Ogerpon,1,0.0,overall,2026-05-25T16:40:21.832767+00:00
BRS-SSP,"10,11,12,13,14,15,16,17",8,aegislash-par,Aegislash,3,4,15,2,22.22,giratina-lz-box,Giratina LZ Box,1,0.0,overall,2026-05-25T16:40:21.832767+00:00
BRS-SSP,"10,11,12,13,14,15,16,17",8,aegislash-par,Aegislash,3,4,15,2,22.22,torterra-ex,Torterra,1,0.0,overall,2026-05-25T16:40:21.832767+00:00
BRS-SSP,"10,11,12,13,14,15,16,17",8,aegislash-par,Aegislash,3,4,15,2,22.22,gholdengo-ex,Gholdengo,1,100.0,overall,2026-05-25T16:40:21.832767+00:00
BRS-SSP,"10,11,12,13,14,15,16,17",8,aegislash-par,Aegislash,3,4,15,2,22.22,palkia-noctowl,Palkia Noctowl,1,0.0,overall,2026-05-25T16:40:21.832767+00:00
BRS-SSP,"10,11,12,13,14,15,16,17",8,aegislash-par,Aegislash,3,4,15,2,22.22,gardevoir-ex-sv,Gardevoir,1,0.0,overall,2026-05-25T16:40:21.832767+00:00
BRS-SSP,"10,11,12,13,14,15,16,17",8,alakazam-ex,Alakazam,4,5,21,4,21.11,charizard-pidgeot,Charizard Pidgeot,5,60.0,overall,2026-05-25T16:40:24.290831+00:00
BRS-SSP,"10,11,12,13,14,15,16,17",8,alakazam-ex,Alakazam,4,5,21,4,21.11,lugia-archeops,Lugia Archeops,3,33.33,overall,2026-05-25T16:40:24.290831+00:00
BRS-SSP,"10,11,12,13,14,15,16,17",8,alakazam-ex,Alakazam,4,5,21,4,21.11,iron-thorns-ex,Iron Thorns,3,44.44,overall,2026-05-25T16:40:24.290831+00:00
BRS-SSP,"10,11,12,13,14,15,16,17",8,alakazam-ex,Alakazam,4,5,21,4,21.11,gholdengo-ex,Gholdengo,2,16.67,overall,2026-05-25T16:40:24.290831+00:00
BRS-SSP,"10,11,12,13,14,15,16,17",8,alakazam-ex,Alakazam,4,5,21,4,21.11,roaring-moon-ex,Roaring Moon,2,0.0,overall,2026-05-25T16:40:24.290831+00:00
BRS-SSP,"10,11,12,13,14,15,16,17",8,alakazam-ex,Alakazam,4,5,21,4,21.11,hydreigon-ex,Hydreigon,2,0.0,overall,2026-05-25T16:40:24.290831+00:00
BRS-SSP,"10,11,12,13,14,15,16,17",8,alakazam-ex,Alakazam,4,5,21,4,21.11,regidrago-vstar,Regidrago,2,0.0,overall,2026-05-25T16:40:24.290831+00:00
BRS-SSP,"10,11,12,13,14,15,16,17",8,alakazam-ex,Alakazam,4,5,21,4,21.11,miraidon-ex,Miraidon,2,16.67,overall,2026-05-25T16:40:24.290831+00:00
BRS-SSP,"10,11,12,13,14,15,16,17",8,alakazam-ex,Alakazam,4,5,21,4,21.11,klawf-par,Klawf,1,0.0,overall,2026-05-25T16:40:24.290831+00:00
BRS-SSP,"10,11,12,13,14,15,16,17",8,alakazam-ex,Alakazam,4,5,21,4,21.11,snorlax-stall,Snorlax Stall,1,33.33,overall,2026-05-25T16:40:24.290831+00:00
BRS-SSP,"10,11,12,13,14,15,16,17",8,alakazam-ex,Alakazam,4,5,21,4,21.11,gardevoir-ex-sv,Gardevoir,1,0.0,overall,2026-05-25T16:40:24.290831+00:00
BRS-SSP,"10,11,12,13,14,15,16,17",8,alakazam-ex,Alakazam,4,5,21,4,21.11,archaludon-dialga,Archaludon Dialga,1,0.0,overall,2026-05-25T16:40:24.290831+00:00
BRS-SSP,"10,11,12,13,14,15,16,17",8,alakazam-ex,Alakazam,4,5,21,4,21.11,lost-zone-box,Lost Zone Box,1,0.0,overall,2026-05-25T16:40:24.290831+00:00
BRS-SSP,"10,11,12,13,14,15,16,17",8,alakazam-ex,Alakazam,4,5,21,4,21.11,other,Other,1,0.0,overall,2026-05-25T16:40:24.290831+00:00
BRS-SSP,"10,11,12,13,14,15,16,17",8,alakazam-ex,Alakazam,4,5,21,4,21.11,dragapult-iron-thorns,Dragapult Iron Thorns,1,0.0,overall,2026-05-25T16:40:24.290831+00:00
BRS-SSP,"10,11,12,13,14,15,16,17",8,alakazam-ex,Alakazam,4,5,21,4,21.11,dragapult-pidgeot,Dragapult Pidgeot,1,0.0,overall,2026-05-25T16:40:24.290831+00:00
BRS-SSP,"10,11,12,13,14,15,16,17",8,alolan-exeggutor-ex,Alolan Exeggutor ex,2,4,9,2,31.11,regidrago-vstar,Regidrago,2,50.0,overall,2026-05-25T16:40:26.759460+00:00
BRS-SSP,"10,11,12,13,14,15,16,17",8,alolan-exeggutor-ex,Alolan Exeggutor ex,2,4,9,2,31.11,miraidon-ex,Miraidon,2,16.67,overall,2026-05-25T16:40:26.759460+00:00
BRS-SSP,"10,11,12,13,14,15,16,17",8,alolan-exeggutor-ex,Alolan Exeggutor ex,2,4,9,2,31.11,festival-lead,Dipplin,2,50.0,overall,2026-05-25T16:40:26.759460+00:00
BRS-SSP,"10,11,12,13,14,15,16,17",8,alolan-exeggutor-ex,Alolan Exeggutor ex,2,4,9,2,31.11,tsareena-ex,Tsareena,1,0.0,overall,2026-05-25T16:40:26.759460+00:00
BRS-SSP,"10,11,12,13,14,15,16,17",8,alolan-exeggutor-ex,Alolan Exeggutor ex,2,4,9,2,31.11,future-box,Future Box,1,33.33,overall,2026-05-25T16:40:26.759460+00:00
BRS-SSP,"10,11,12,13,14,15,16,17",8,alolan-exeggutor-ex,Alolan Exeggutor ex,2,4,9,2,31.11,gardevoir-ex-sv,Gardevoir,1,0.0,overall,2026-05-25T16:40:26.759460+00:00
BRS-SSP,"10,11,12,13,14,15,16,17",8,alolan-exeggutor-ex,Alolan Exeggutor ex,2,4,9,2,31.11,charizard-pidgeot,Charizard Pidgeot,1,100.0,overall,2026-05-25T16:40:26.759460+00:00
BRS-SSP,"10,11,12,13,14,15,16,17",8,alolan-exeggutor-ex,Alolan Exeggutor ex,2,4,9,2,31.11,iron-thorns-ex,Iron Thorns,1,100.0,overall,2026-05-25T16:40:26.759460+00:00
BRS-SSP,"10,11,12,13,14,15,16,17",8,alolan-exeggutor-ex,Alolan Exeggutor ex,2,4,9,2,31.11,roaring-moon-ex,Roaring Moon,1,0.0,overall,2026-05-25T16:40:26.759460+00:00
BRS-SSP,"10,11,12,13,14,15,16,17",8,alolan-exeggutor-ex,Alolan Exeggutor ex,2,4,9,2,31.11,raging-bolt-ogerpon,Raging Bolt Ogerpon,1,0.0,overall,2026-05-25T16:40:26.759460+00:00
BRS-SSP,"10,11,12,13,14,15,16,17",8,alolan-exeggutor-ex,Alolan Exeggutor ex,2,4,9,2,31.11,ceruledge-ex,Ceruledge,1,0.0,overall,2026-05-25T16:40:26.759460+00:00
BRS-SSP,"10,11,12,13,14,15,16,17",8,alolan-exeggutor-ex,Alolan Exeggutor ex,2,4,9,2,31.11,gholdengo-ex,Gholdengo,1,0.0,overall,2026-05-25T16:40:26.759460+00:00
BRS-SSP,"10,11,12,13,14,15,16,17",8,ancient-box,Ancient Box,268,902,840,417,48.22,regidrago-vstar,Regidrago,261,43.42,overall,2026-05-25T16:40:29.238340+00:00
BRS-SSP,"10,11,12,13,14,15,16,17",8,ancient-box,Ancient Box,268,902,840,417,48.22,charizard-pidgeot,Charizard Pidgeot,227,24.23,overall,2026-05-25T16:40:29.238340+00:00
BRS-SSP,"10,11,12,13,14,15,16,17",8,ancient-box,Ancient Box,268,902,840,417,48.22,raging-bolt-ogerpon,Raging Bolt Ogerpon,169,60.16,overall,2026-05-25T16:40:29.238340+00:00
BRS-SSP,"10,11,12,13,14,15,16,17",8,ancient-box,Ancient Box,268,902,840,417,48.22,gardevoir-ex-sv,Gardevoir,119,51.54,overall,2026-05-25T16:40:29.238340+00:00
BRS-SSP,"10,11,12,13,14,15,16,17",8,ancient-box,Ancient Box,268,902,840,417,48.22,gholdengo-ex,Gholdengo,113,59.59,overall,2026-05-25T16:40:29.238340+00:00
BRS-SSP,"10,11,12,13,14,15,16,17",8,ancient-box,Ancient Box,268,902,840,417,48.22,miraidon-ex,Miraidon,110,55.45,overall,2026-05-25T16:40:29.238340+00:00
BRS-SSP,"10,11,12,13,14,15,16,17",8,ancient-box,Ancient Box,268,902,840,417,48.22,lugia-archeops,Lugia Archeops,104,33.33,overall,2026-05-25T16:40:29.238340+00:00
BRS-SSP,"10,11,12,13,14,15,16,17",8,ancient-box,Ancient Box,268,902,840,417,48.22,lost-zone-box,Lost Zone Box,88,59.85,overall,2026-05-25T16:40:29.238340+00:00
BRS-SSP,"10,11,12,13,14,15,16,17",8,ancient-box,Ancient Box,268,902,840,417,48.22,dragapult-iron-thorns,Dragapult Iron Thorns,86,31.4,overall,2026-05-25T16:40:29.238340+00:00
BRS-SSP,"10,11,12,13,14,15,16,17",8,ancient-box,Ancient Box,268,902,840,417,48.22,roaring-moon-ex,Roaring Moon,84,65.87,overall,2026-05-25T16:40:29.238340+00:00
BRS-SSP,"10,11,12,13,14,15,16,17",8,ancient-box,Ancient Box,268,902,840,417,48.22,poison-terapagos,Poison Terapagos,70,52.86,overall,2026-05-25T16:40:29.238340+00:00
BRS-SSP,"10,11,12,13,14,15,16,17",8,ancient-box,Ancient Box,268,902,840,417,48.22,snorlax-stall,Snorlax Stall,62,68.82,overall,2026-05-25T16:40:29.238340+00:00
BRS-SSP,"10,11,12,13,14,15,16,17",8,ancient-box,Ancient Box,268,902,840,417,48.22,terapagos-noctowl,Terapagos Noctowl,48,36.11,overall,2026-05-25T16:40:29.238340+00:00
BRS-SSP,"10,11,12,13,14,15,16,17",8,ancient-box,Ancient Box,268,902,840,417,48.22,iron-thorns-ex,Iron Thorns,47,77.3,overall,2026-05-25T16:40:29.238340+00:00
BRS-SSP,"10,11,12,13,14,15,16,17",8,ancient-box,Ancient Box,268,902,840,417,48.22,ceruledge-ex,Ceruledge,45,72.59,overall,2026-05-25T16:40:29.238340+00:00
BRS-SSP,"10,11,12,13,14,15,16,17",8,ancient-box,Ancient Box,268,902,840,417,48.22,ancient-box,Ancient Box,42,47.22,overall,2026-05-25T16:40:29.238340+00:00
BRS-SSP,"10,11,12,13,14,15,16,17",8,ancient-box,Ancient Box,268,902,840,417,48.22,archaludon-dialga,Archaludon Dialga,40,34.17,overall,2026-05-25T16:40:29.238340+00:00
BRS-SSP,"10,11,12,13,14,15,16,17",8,ancient-box,Ancient Box,268,902,840,417,48.22,dragapult-dusknoir,Dragapult Dusknoir,37,18.92,overall,2026-05-25T16:40:29.238340+00:00
BRS-SSP,"10,11,12,13,14,15,16,17",8,ancient-box,Ancient Box,268,902,840,417,48.22,archaludon-ex,Archaludon,35,40.0,overall,2026-05-25T16:40:29.238340+00:00
BRS-SSP,"10,11,12,13,14,15,16,17",8,ancient-box,Ancient Box,268,902,840,417,48.22,hydreigon-ex,Hydreigon,33,33.33,overall,2026-05-25T16:40:29.238340+00:00
BRS-SSP,"10,11,12,13,14,15,16,17",8,ancient-box,Ancient Box,268,902,840,417,48.22,palkia-noctowl,Palkia Noctowl,27,55.56,overall,2026-05-25T16:40:29.238340+00:00
BRS-SSP,"10,11,12,13,14,15,16,17",8,ancient-box,Ancient Box,268,902,840,417,48.22,pidgeot-control,Pidgeot Control,24,36.11,overall,2026-05-25T16:40:29.238340+00:00
BRS-SSP,"10,11,12,13,14,15,16,17",8,ancient-box,Ancient Box,268,902,840,417,48.22,other,Other,23,44.93,overall,2026-05-25T16:40:29.238340+00:00
BRS-SSP,"10,11,12,13,14,15,16,17",8,ancient-box,Ancient Box,268,902,840,417,48.22,palkia-dusknoir,Palkia Dusknoir,19,49.12,overall,2026-05-25T16:40:29.238340+00:00
BRS-SSP,"10,11,12,13,14,15,16,17",8,ancient-box,Ancient Box,268,902,840,417,48.22,chien-pao-baxcalibur,Chien-Pao Baxcalibur,19,82.46,overall,2026-05-25T16:40:29.238340+00:00
BRS-SSP,"10,11,12,13,14,15,16,17",8,ancient-box,Ancient Box,268,902,840,417,48.22,mimikyu-ogerpon,Mimikyu Ogerpon,16,56.25,overall,2026-05-25T16:40:29.238340+00:00
BRS-SSP,"10,11,12,13,14,15,16,17",8,ancient-box,Ancient Box,268,902,840,417,48.22,gouging-fire-ex,Gouging Fire,14,57.14,overall,2026-05-25T16:40:29.238340+00:00
BRS-SSP,"10,11,12,13,14,15,16,17",8,ancient-box,Ancient Box,268,902,840,417,48.22,klawf-par,Klawf,14,66.67,overall,2026-05-25T16:40:29.238340+00:00
BRS-SSP,"10,11,12,13,14,15,16,17",8,ancient-box,Ancient Box,268,902,840,417,48.22,dragapult-pidgeot,Dragapult Pidgeot,12,41.67,overall,2026-05-25T16:40:29.238340+00:00
BRS-SSP,"10,11,12,13,14,15,16,17",8,ancient-box,Ancient Box,268,902,840,417,48.22,charizard-noctowl,Charizard Noctowl,9,55.56,overall,2026-05-25T16:40:29.238340+00:00
BRS-SSP,"10,11,12,13,14,15,16,17",8,ancient-box,Ancient Box,268,902,840,417,48.22,united-wings,United Wings,9,37.04,overall,2026-05-25T16:40:29.238340+00:00
BRS-SSP,"10,11,12,13,14,15,16,17",8,ancient-box,Ancient Box,268,902,840,417,48.22,tsareena-ex,Tsareena,6,88.89,overall,2026-05-25T16:40:29.238340+00:00
BRS-SSP,"10,11,12,13,14,15,16,17",8,ancient-box,Ancient Box,268,902,840,417,48.22,greninja-ex,Greninja,6,55.56,overall,2026-05-25T16:40:29.238340+00:00
BRS-SSP,"10,11,12,13,14,15,16,17",8,ancient-box,Ancient Box,268,902,840,417,48.22,conkeldurr-twm,Conkeldurr,6,61.11,overall,2026-05-25T16:40:29.238340+00:00
BRS-SSP,"10,11,12,13,14,15,16,17",8,ancient-box,Ancient Box,268,902,840,417,48.22,pikachu-regigigas,Pikachu Regis,6,61.11,overall,2026-05-25T16:40:29.238340+00:00
BRS-SSP,"10,11,12,13,14,15,16,17",8,ancient-box,Ancient Box,268,902,840,417,48.22,lzb-charizard,Lost Box Charizard,5,66.67,overall,2026-05-25T16:40:29.238340+00:00
BRS-SSP,"10,11,12,13,14,15,16,17",8,ancient-box,Ancient Box,268,902,840,417,48.22,charizard-ex,Charizard,5,53.33,overall,2026-05-25T16:40:29.238340+00:00
BRS-SSP,"10,11,12,13,14,15,16,17",8,ancient-box,Ancient Box,268,902,840,417,48.22,great-tusk-tef,Great Tusk Mill,5,60.0,overall,2026-05-25T16:40:29.238340+00:00
BRS-SSP,"10,11,12,13,14,15,16,17",8,ancient-box,Ancient Box,268,902,840,417,48.22,ogerpon-noivern,Ogerpon Noivern,4,50.0,overall,2026-05-25T16:40:29.238340+00:00
BRS-SSP,"10,11,12,13,14,15,16,17",8,ancient-box,Ancient Box,268,902,840,417,48.22,dragapult-ex,Dragapult,4,50.0,overall,2026-05-25T16:40:29.238340+00:00
BRS-SSP,"10,11,12,13,14,15,16,17",8,ancient-box,Ancient Box,268,902,840,417,48.22,scovillain-ex,Scovillain,4,50.0,overall,2026-05-25T16:40:29.238340+00:00
BRS-SSP,"10,11,12,13,14,15,16,17",8,ancient-box,Ancient Box,268,902,840,417,48.22,hisuian-zoroark-vstar,Hisuian Zoroark,3,44.44,overall,2026-05-25T16:40:29.238340+00:00
BRS-SSP,"10,11,12,13,14,15,16,17",8,ancient-box,Ancient Box,268,902,840,417,48.22,giratina-lz-box,Giratina LZ Box,3,77.78,overall,2026-05-25T16:40:29.238340+00:00
BRS-SSP,"10,11,12,13,14,15,16,17",8,ancient-box,Ancient Box,268,902,840,417,48.22,banette-gardevoir,Banette Gardevoir,3,100.0,overall,2026-05-25T16:40:29.238340+00:00
BRS-SSP,"10,11,12,13,14,15,16,17",8,ancient-box,Ancient Box,268,902,840,417,48.22,dialga-metang,Dialga Metang,3,33.33,overall,2026-05-25T16:40:29.238340+00:00
BRS-SSP,"10,11,12,13,14,15,16,17",8,ancient-box,Ancient Box,268,902,840,417,48.22,dragapult-charizard,Dragapult Charizard,3,0.0,overall,2026-05-25T16:40:29.238340+00:00
BRS-SSP,"10,11,12,13,14,15,16,17",8,ancient-box,Ancient Box,268,902,840,417,48.22,palkia-vstar,Palkia,2,50.0,overall,2026-05-25T16:40:29.238340+00:00
BRS-SSP,"10,11,12,13,14,15,16,17",8,ancient-box,Ancient Box,268,902,840,417,48.22,palafin-ex,Palafin,2,0.0,overall,2026-05-25T16:40:29.238340+00:00
BRS-SSP,"10,11,12,13,14,15,16,17",8,ancient-box,Ancient Box,268,902,840,417,48.22,gengar-ex,Gengar,2,66.67,overall,2026-05-25T16:40:29.238340+00:00
BRS-SSP,"10,11,12,13,14,15,16,17",8,ancient-box,Ancient Box,268,902,840,417,48.22,noivern-ex,Noivern,2,16.67,overall,2026-05-25T16:40:29.238340+00:00
BRS-SSP,"10,11,12,13,14,15,16,17",8,ancient-box,Ancient Box,268,902,840,417,48.22,dragapult-lz-box,Dragapult LZ Box,2,33.33,overall,2026-05-25T16:40:29.238340+00:00
BRS-SSP,"10,11,12,13,14,15,16,17",8,ancient-box,Ancient Box,268,902,840,417,48.22,tinkaton-ex,Tinkaton,2,50.0,overall,2026-05-25T16:40:29.238340+00:00
BRS-SSP,"10,11,12,13,14,15,16,17",8,ancient-box,Ancient Box,268,902,840,417,48.22,galvantula-ex,Galvantula,2,100.0,overall,2026-05-25T16:40:29.238340+00:00
BRS-SSP,"10,11,12,13,14,15,16,17",8,ancient-box,Ancient Box,268,902,840,417,48.22,regigigas-asr,Regis,2,66.67,overall,2026-05-25T16:40:29.238340+00:00
BRS-SSP,"10,11,12,13,14,15,16,17",8,ancient-box,Ancient Box,268,902,840,417,48.22,espathra-xatu,Espathra Xatu,2,0.0,overall,2026-05-25T16:40:29.238340+00:00
BRS-SSP,"10,11,12,13,14,15,16,17",8,ancient-box,Ancient Box,268,902,840,417,48.22,flygon-ex-ssp,Flygon,1,100.0,overall,2026-05-25T16:40:29.238340+00:00
BRS-SSP,"10,11,12,13,14,15,16,17",8,ancient-box,Ancient Box,268,902,840,417,48.22,milotic-ex,Milotic,1,0.0,overall,2026-05-25T16:40:29.238340+00:00
BRS-SSP,"10,11,12,13,14,15,16,17",8,ancient-box,Ancient Box,268,902,840,417,48.22,froslass-munkidori,Froslass Munkidori,1,33.33,overall,2026-05-25T16:40:29.238340+00:00
BRS-SSP,"10,11,12,13,14,15,16,17",8,ancient-box,Ancient Box,268,902,840,417,48.22,luxray-ex,Luxray,1,100.0,overall,2026-05-25T16:40:29.238340+00:00
BRS-SSP,"10,11,12,13,14,15,16,17",8,ancient-box,Ancient Box,268,902,840,417,48.22,future-box,Future Box,1,33.33,overall,2026-05-25T16:40:29.238340+00:00
BRS-SSP,"10,11,12,13,14,15,16,17",8,ancient-box,Ancient Box,268,902,840,417,48.22,goodra-lz-box,Goodra LZ Box,1,33.33,overall,2026-05-25T16:40:29.238340+00:00
BRS-SSP,"10,11,12,13,14,15,16,17",8,ancient-box,Ancient Box,268,902,840,417,48.22,azumarill-ssp,Azumarill,1,0.0,overall,2026-05-25T16:40:29.238340+00:00
BRS-SSP,"10,11,12,13,14,15,16,17",8,ancient-box,Ancient Box,268,902,840,417,48.22,okidogi-ex,Okidogi,1,100.0,overall,2026-05-25T16:40:29.238340+00:00
BRS-SSP,"10,11,12,13,14,15,16,17",8,ancient-box,Ancient Box,268,902,840,417,48.22,cornerstone-mask-ogerpon-ex,Cornerstone Mask Ogerpon,1,100.0,overall,2026-05-25T16:40:29.238340+00:00
BRS-SSP,"10,11,12,13,14,15,16,17",8,ancient-box,Ancient Box,268,902,840,417,48.22,arceus-armarouge,Arceus Armarouge,1,0.0,overall,2026-05-25T16:40:29.238340+00:00
BRS-SSP,"10,11,12,13,14,15,16,17",8,ancient-box,Ancient Box,268,902,840,417,48.22,cinderace-ex,Cinderace,1,100.0,overall,2026-05-25T16:40:29.238340+00:00
BRS-SSP,"10,11,12,13,14,15,16,17",8,ancient-box,Ancient Box,268,902,840,417,48.22,greninja-froslass,Greninja Froslass,1,33.33,overall,2026-05-25T16:40:29.238340+00:00
BRS-SSP,"10,11,12,13,14,15,16,17",8,ancient-box,Ancient Box,268,902,840,417,48.22,arceus-regidrago,Arceus Regidrago,1,100.0,overall,2026-05-25T16:40:29.238340+00:00
BRS-SSP,"10,11,12,13,14,15,16,17",8,arceus-armarouge,Arceus Armarouge,10,36,32,15,49.4,charizard-pidgeot,Charizard Pidgeot,12,47.22,overall,2026-05-25T16:40:31.702452+00:00
BRS-SSP,"10,11,12,13,14,15,16,17",8,arceus-armarouge,Arceus Armarouge,10,36,32,15,49.4,raging-bolt-ogerpon,Raging Bolt Ogerpon,8,50.0,overall,2026-05-25T16:40:31.702452+00:00
BRS-SSP,"10,11,12,13,14,15,16,17",8,arceus-armarouge,Arceus Armarouge,10,36,32,15,49.4,regidrago-vstar,Regidrago,7,19.05,overall,2026-05-25T16:40:31.702452+00:00
BRS-SSP,"10,11,12,13,14,15,16,17",8,arceus-armarouge,Arceus Armarouge,10,36,32,15,49.4,gholdengo-ex,Gholdengo,7,66.67,overall,2026-05-25T16:40:31.702452+00:00
BRS-SSP,"10,11,12,13,14,15,16,17",8,arceus-armarouge,Arceus Armarouge,10,36,32,15,49.4,lost-zone-box,Lost Zone Box,6,66.67,overall,2026-05-25T16:40:31.702452+00:00
BRS-SSP,"10,11,12,13,14,15,16,17",8,arceus-armarouge,Arceus Armarouge,10,36,32,15,49.4,miraidon-ex,Miraidon,4,25.0,overall,2026-05-25T16:40:31.702452+00:00
BRS-SSP,"10,11,12,13,14,15,16,17",8,arceus-armarouge,Arceus Armarouge,10,36,32,15,49.4,poison-terapagos,Poison Terapagos,4,25.0,overall,2026-05-25T16:40:31.702452+00:00
BRS-SSP,"10,11,12,13,14,15,16,17",8,arceus-armarouge,Arceus Armarouge,10,36,32,15,49.4,terapagos-noctowl,Terapagos Noctowl,3,44.44,overall,2026-05-25T16:40:31.702452+00:00
BRS-SSP,"10,11,12,13,14,15,16,17",8,arceus-armarouge,Arceus Armarouge,10,36,32,15,49.4,lugia-archeops,Lugia Archeops,3,33.33,overall,2026-05-25T16:40:31.702452+00:00
BRS-SSP,"10,11,12,13,14,15,16,17",8,arceus-armarouge,Arceus Armarouge,10,36,32,15,49.4,snorlax-stall,Snorlax Stall,3,77.78,overall,2026-05-25T16:40:31.702452+00:00
BRS-SSP,"10,11,12,13,14,15,16,17",8,arceus-armarouge,Arceus Armarouge,10,36,32,15,49.4,dragapult-iron-thorns,Dragapult Iron Thorns,3,77.78,overall,2026-05-25T16:40:31.702452+00:00
BRS-SSP,"10,11,12,13,14,15,16,17",8,arceus-armarouge,Arceus Armarouge,10,36,32,15,49.4,palkia-dusknoir,Palkia Dusknoir,2,16.67,overall,2026-05-25T16:40:31.702452+00:00
BRS-SSP,"10,11,12,13,14,15,16,17",8,arceus-armarouge,Arceus Armarouge,10,36,32,15,49.4,archaludon-dialga,Archaludon Dialga,2,0.0,overall,2026-05-25T16:40:31.702452+00:00
BRS-SSP,"10,11,12,13,14,15,16,17",8,arceus-armarouge,Arceus Armarouge,10,36,32,15,49.4,iron-thorns-ex,Iron Thorns,2,66.67,overall,2026-05-25T16:40:31.702452+00:00
BRS-SSP,"10,11,12,13,14,15,16,17",8,arceus-armarouge,Arceus Armarouge,10,36,32,15,49.4,gardevoir-ex-sv,Gardevoir,2,50.0,overall,2026-05-25T16:40:31.702452+00:00
BRS-SSP,"10,11,12,13,14,15,16,17",8,arceus-armarouge,Arceus Armarouge,10,36,32,15,49.4,other,Other,2,16.67,overall,2026-05-25T16:40:31.702452+00:00
BRS-SSP,"10,11,12,13,14,15,16,17",8,arceus-armarouge,Arceus Armarouge,10,36,32,15,49.4,lzb-charizard,Lost Box Charizard,1,100.0,overall,2026-05-25T16:40:31.702452+00:00
BRS-SSP,"10,11,12,13,14,15,16,17",8,arceus-armarouge,Arceus Armarouge,10,36,32,15,49.4,ceruledge-ex,Ceruledge,1,0.0,overall,2026-05-25T16:40:31.702452+00:00
BRS-SSP,"10,11,12,13,14,15,16,17",8,arceus-armarouge,Arceus Armarouge,10,36,32,15,49.4,charizard-ex,Charizard,1,100.0,overall,2026-05-25T16:40:31.702452+00:00
BRS-SSP,"10,11,12,13,14,15,16,17",8,arceus-armarouge,Arceus Armarouge,10,36,32,15,49.4,roaring-moon-ex,Roaring Moon,1,0.0,overall,2026-05-25T16:40:31.702452+00:00
BRS-SSP,"10,11,12,13,14,15,16,17",8,arceus-armarouge,Arceus Armarouge,10,36,32,15,49.4,spidops-ex,Spidops,1,100.0,overall,2026-05-25T16:40:31.702452+00:00
BRS-SSP,"10,11,12,13,14,15,16,17",8,arceus-armarouge,Arceus Armarouge,10,36,32,15,49.4,dragapult-pidgeot,Dragapult Pidgeot,1,100.0,overall,2026-05-25T16:40:31.702452+00:00
BRS-SSP,"10,11,12,13,14,15,16,17",8,arceus-armarouge,Arceus Armarouge,10,36,32,15,49.4,banette-gardevoir,Banette Gardevoir,1,33.33,overall,2026-05-25T16:40:31.702452+00:00
BRS-SSP,"10,11,12,13,14,15,16,17",8,arceus-armarouge,Arceus Armarouge,10,36,32,15,49.4,ancient-box,Ancient Box,1,100.0,overall,2026-05-25T16:40:31.702452+00:00
BRS-SSP,"10,11,12,13,14,15,16,17",8,arceus-armarouge,Arceus Armarouge,10,36,32,15,49.4,pikachu-regigigas,Pikachu Regis,1,100.0,overall,2026-05-25T16:40:31.702452+00:00
BRS-SSP,"10,11,12,13,14,15,16,17",8,arceus-armarouge,Arceus Armarouge,10,36,32,15,49.4,pidgeot-control,Pidgeot Control,1,100.0,overall,2026-05-25T16:40:31.702452+00:00
BRS-SSP,"10,11,12,13,14,15,16,17",8,arceus-armarouge,Arceus Armarouge,10,36,32,15,49.4,palkia-noctowl,Palkia Noctowl,1,100.0,overall,2026-05-25T16:40:31.702452+00:00
BRS-SSP,"10,11,12,13,14,15,16,17",8,arceus-armarouge,Arceus Armarouge,10,36,32,15,49.4,chien-pao-baxcalibur,Chien-Pao Baxcalibur,1,0.0,overall,2026-05-25T16:40:31.702452+00:00
BRS-SSP,"10,11,12,13,14,15,16,17",8,arceus-giratina,Arceus Giratina,2,3,12,1,20.83,snorlax-stall,Snorlax Stall,2,50.0,overall,2026-05-25T16:40:34.165018+00:00
BRS-SSP,"10,11,12,13,14,15,16,17",8,arceus-giratina,Arceus Giratina,2,3,12,1,20.83,ceruledge-ex,Ceruledge,2,0.0,overall,2026-05-25T16:40:34.165018+00:00
BRS-SSP,"10,11,12,13,14,15,16,17",8,arceus-giratina,Arceus Giratina,2,3,12,1,20.83,terapagos-noctowl,Terapagos Noctowl,2,50.0,overall,2026-05-25T16:40:34.165018+00:00
BRS-SSP,"10,11,12,13,14,15,16,17",8,arceus-giratina,Arceus Giratina,2,3,12,1,20.83,gholdengo-ex,Gholdengo,2,0.0,overall,2026-05-25T16:40:34.165018+00:00
BRS-SSP,"10,11,12,13,14,15,16,17",8,arceus-giratina,Arceus Giratina,2,3,12,1,20.83,charizard-pidgeot,Charizard Pidgeot,2,0.0,overall,2026-05-25T16:40:34.165018+00:00
BRS-SSP,"10,11,12,13,14,15,16,17",8,arceus-giratina,Arceus Giratina,2,3,12,1,20.83,dialga-metang,Dialga Metang,1,0.0,overall,2026-05-25T16:40:34.165018+00:00
BRS-SSP,"10,11,12,13,14,15,16,17",8,arceus-giratina,Arceus Giratina,2,3,12,1,20.83,miraidon-ex,Miraidon,1,0.0,overall,2026-05-25T16:40:34.165018+00:00
BRS-SSP,"10,11,12,13,14,15,16,17",8,arceus-giratina,Arceus Giratina,2,3,12,1,20.83,regidrago-vstar,Regidrago,1,33.33,overall,2026-05-25T16:40:34.165018+00:00
BRS-SSP,"10,11,12,13,14,15,16,17",8,arceus-giratina,Arceus Giratina,2,3,12,1,20.83,dragapult-iron-thorns,Dragapult Iron Thorns,1,100.0,overall,2026-05-25T16:40:34.165018+00:00
BRS-SSP,"10,11,12,13,14,15,16,17",8,arceus-giratina,Arceus Giratina,2,3,12,1,20.83,poison-terapagos,Poison Terapagos,1,0.0,overall,2026-05-25T16:40:34.165018+00:00
BRS-SSP,"10,11,12,13,14,15,16,17",8,arceus-giratina,Arceus Giratina,2,3,12,1,20.83,lost-zone-box,Lost Zone Box,1,0.0,overall,2026-05-25T16:40:34.165018+00:00
BRS-SSP,"10,11,12,13,14,15,16,17",8,arceus-regidrago,Arceus Regidrago,1,3,4,1,41.67,lugia-archeops,Lugia Archeops,2,16.67,overall,2026-05-25T16:40:36.569487+00:00
BRS-SSP,"10,11,12,13,14,15,16,17",8,arceus-regidrago,Arceus Regidrago,1,3,4,1,41.67,charizard-pidgeot,Charizard Pidgeot,1,100.0,overall,2026-05-25T16:40:36.569487+00:00
BRS-SSP,"10,11,12,13,14,15,16,17",8,arceus-regidrago,Arceus Regidrago,1,3,4,1,41.67,poison-terapagos,Poison Terapagos,1,100.0,overall,2026-05-25T16:40:36.569487+00:00
BRS-SSP,"10,11,12,13,14,15,16,17",8,arceus-regidrago,Arceus Regidrago,1,3,4,1,41.67,ancient-box,Ancient Box,1,0.0,overall,2026-05-25T16:40:36.569487+00:00
BRS-SSP,"10,11,12,13,14,15,16,17",8,arceus-regidrago,Arceus Regidrago,1,3,4,1,41.67,regidrago-vstar,Regidrago,1,0.0,overall,2026-05-25T16:40:36.569487+00:00
BRS-SSP,"10,11,12,13,14,15,16,17",8,arceus-regidrago,Arceus Regidrago,1,3,4,1,41.67,gholdengo-ex,Gholdengo,1,0.0,overall,2026-05-25T16:40:36.569487+00:00
BRS-SSP,"10,11,12,13,14,15,16,17",8,arceus-regidrago,Arceus Regidrago,1,3,4,1,41.67,palkia-noctowl,Palkia Noctowl,1,100.0,overall,2026-05-25T16:40:36.569487+00:00
BRS-SSP,"10,11,12,13,14,15,16,17",8,arceus-vstar,Arceus,1,2,3,0,40.0,terapagos-noctowl,Terapagos Noctowl,1,0.0,overall,2026-05-25T16:40:39.021912+00:00
BRS-SSP,"10,11,12,13,14,15,16,17",8,arceus-vstar,Arceus,1,2,3,0,40.0,regidrago-vstar,Regidrago,1,100.0,overall,2026-05-25T16:40:39.021912+00:00
BRS-SSP,"10,11,12,13,14,15,16,17",8,arceus-vstar,Arceus,1,2,3,0,40.0,gholdengo-ex,Gholdengo,1,0.0,overall,2026-05-25T16:40:39.021912+00:00
BRS-SSP,"10,11,12,13,14,15,16,17",8,arceus-vstar,Arceus,1,2,3,0,40.0,lugia-archeops,Lugia Archeops,1,100.0,overall,2026-05-25T16:40:39.021912+00:00
BRS-SSP,"10,11,12,13,14,15,16,17",8,arceus-vstar,Arceus,1,2,3,0,40.0,palkia-dusknoir,Palkia Dusknoir,1,0.0,overall,2026-05-25T16:40:39.021912+00:00
BRS-SSP,"10,11,12,13,14,15,16,17",8,arceus-vulpix,Arceus Vulpix,1,1,4,0,20.0,charizard-pidgeot,Charizard Pidgeot,2,50.0,overall,2026-05-25T16:40:41.457742+00:00
BRS-SSP,"10,11,12,13,14,15,16,17",8,arceus-vulpix,Arceus Vulpix,1,1,4,0,20.0,dragapult-iron-thorns,Dragapult Iron Thorns,1,0.0,overall,2026-05-25T16:40:41.457742+00:00
BRS-SSP,"10,11,12,13,14,15,16,17",8,arceus-vulpix,Arceus Vulpix,1,1,4,0,20.0,regidrago-vstar,Regidrago,1,0.0,overall,2026-05-25T16:40:41.457742+00:00
BRS-SSP,"10,11,12,13,14,15,16,17",8,arceus-vulpix,Arceus Vulpix,1,1,4,0,20.0,lugia-archeops,Lugia Archeops,1,0.0,overall,2026-05-25T16:40:41.457742+00:00
BRS-SSP,"10,11,12,13,14,15,16,17",8,archaludon-dialga,Archaludon Dialga,236,923,763,324,51.29,regidrago-vstar,Regidrago,270,65.68,overall,2026-05-25T16:40:43.974874+00:00
BRS-SSP,"10,11,12,13,14,15,16,17",8,archaludon-dialga,Archaludon Dialga,236,923,763,324,51.29,charizard-pidgeot,Charizard Pidgeot,227,38.62,overall,2026-05-25T16:40:43.974874+00:00
BRS-SSP,"10,11,12,13,14,15,16,17",8,archaludon-dialga,Archaludon Dialga,236,923,763,324,51.29,raging-bolt-ogerpon,Raging Bolt Ogerpon,175,49.9,overall,2026-05-25T16:40:43.974874+00:00
BRS-SSP,"10,11,12,13,14,15,16,17",8,archaludon-dialga,Archaludon Dialga,236,923,763,324,51.29,gardevoir-ex-sv,Gardevoir,148,43.47,overall,2026-05-25T16:40:43.974874+00:00
BRS-SSP,"10,11,12,13,14,15,16,17",8,archaludon-dialga,Archaludon Dialga,236,923,763,324,51.29,gholdengo-ex,Gholdengo,128,31.51,overall,2026-05-25T16:40:43.974874+00:00
BRS-SSP,"10,11,12,13,14,15,16,17",8,archaludon-dialga,Archaludon Dialga,236,923,763,324,51.29,poison-terapagos,Poison Terapagos,97,64.26,overall,2026-05-25T16:40:43.974874+00:00
BRS-SSP,"10,11,12,13,14,15,16,17",8,archaludon-dialga,Archaludon Dialga,236,923,763,324,51.29,lugia-archeops,Lugia Archeops,95,52.98,overall,2026-05-25T16:40:43.974874+00:00
BRS-SSP,"10,11,12,13,14,15,16,17",8,archaludon-dialga,Archaludon Dialga,236,923,763,324,51.29,dragapult-iron-thorns,Dragapult Iron Thorns,75,44.44,overall,2026-05-25T16:40:43.974874+00:00
BRS-SSP,"10,11,12,13,14,15,16,17",8,archaludon-dialga,Archaludon Dialga,236,923,763,324,51.29,roaring-moon-ex,Roaring Moon,73,55.71,overall,2026-05-25T16:40:43.974874+00:00
BRS-SSP,"10,11,12,13,14,15,16,17",8,archaludon-dialga,Archaludon Dialga,236,923,763,324,51.29,snorlax-stall,Snorlax Stall,65,57.95,overall,2026-05-25T16:40:43.974874+00:00
BRS-SSP,"10,11,12,13,14,15,16,17",8,archaludon-dialga,Archaludon Dialga,236,923,763,324,51.29,miraidon-ex,Miraidon,63,69.31,overall,2026-05-25T16:40:43.974874+00:00
BRS-SSP,"10,11,12,13,14,15,16,17",8,archaludon-dialga,Archaludon Dialga,236,923,763,324,51.29,terapagos-noctowl,Terapagos Noctowl,49,34.69,overall,2026-05-25T16:40:43.974874+00:00
BRS-SSP,"10,11,12,13,14,15,16,17",8,archaludon-dialga,Archaludon Dialga,236,923,763,324,51.29,lost-zone-box,Lost Zone Box,48,44.44,overall,2026-05-25T16:40:43.974874+00:00
BRS-SSP,"10,11,12,13,14,15,16,17",8,archaludon-dialga,Archaludon Dialga,236,923,763,324,51.29,archaludon-ex,Archaludon,42,40.48,overall,2026-05-25T16:40:43.974874+00:00
BRS-SSP,"10,11,12,13,14,15,16,17",8,archaludon-dialga,Archaludon Dialga,236,923,763,324,51.29,ancient-box,Ancient Box,40,59.17,overall,2026-05-25T16:40:43.974874+00:00
BRS-SSP,"10,11,12,13,14,15,16,17",8,archaludon-dialga,Archaludon Dialga,236,923,763,324,51.29,palkia-noctowl,Palkia Noctowl,37,47.75,overall,2026-05-25T16:40:43.974874+00:00
BRS-SSP,"10,11,12,13,14,15,16,17",8,archaludon-dialga,Archaludon Dialga,236,923,763,324,51.29,archaludon-dialga,Archaludon Dialga,32,48.44,overall,2026-05-25T16:40:43.974874+00:00
BRS-SSP,"10,11,12,13,14,15,16,17",8,archaludon-dialga,Archaludon Dialga,236,923,763,324,51.29,iron-thorns-ex,Iron Thorns,31,33.33,overall,2026-05-25T16:40:43.974874+00:00
BRS-SSP,"10,11,12,13,14,15,16,17",8,archaludon-dialga,Archaludon Dialga,236,923,763,324,51.29,dragapult-dusknoir,Dragapult Dusknoir,30,71.11,overall,2026-05-25T16:40:43.974874+00:00
BRS-SSP,"10,11,12,13,14,15,16,17",8,archaludon-dialga,Archaludon Dialga,236,923,763,324,51.29,ceruledge-ex,Ceruledge,28,35.71,overall,2026-05-25T16:40:43.974874+00:00
BRS-SSP,"10,11,12,13,14,15,16,17",8,archaludon-dialga,Archaludon Dialga,236,923,763,324,51.29,other,Other,22,78.79,overall,2026-05-25T16:40:43.974874+00:00
BRS-SSP,"10,11,12,13,14,15,16,17",8,archaludon-dialga,Archaludon Dialga,236,923,763,324,51.29,pidgeot-control,Pidgeot Control,21,53.97,overall,2026-05-25T16:40:43.974874+00:00
BRS-SSP,"10,11,12,13,14,15,16,17",8,archaludon-dialga,Archaludon Dialga,236,923,763,324,51.29,pikachu-regigigas,Pikachu Regis,12,44.44,overall,2026-05-25T16:40:43.974874+00:00
BRS-SSP,"10,11,12,13,14,15,16,17",8,archaludon-dialga,Archaludon Dialga,236,923,763,324,51.29,chien-pao-baxcalibur,Chien-Pao Baxcalibur,11,90.91,overall,2026-05-25T16:40:43.974874+00:00
BRS-SSP,"10,11,12,13,14,15,16,17",8,archaludon-dialga,Archaludon Dialga,236,923,763,324,51.29,gouging-fire-ex,Gouging Fire,10,30.0,overall,2026-05-25T16:40:43.974874+00:00
BRS-SSP,"10,11,12,13,14,15,16,17",8,archaludon-dialga,Archaludon Dialga,236,923,763,324,51.29,dragapult-charizard,Dragapult Charizard,10,43.33,overall,2026-05-25T16:40:43.974874+00:00
BRS-SSP,"10,11,12,13,14,15,16,17",8,archaludon-dialga,Archaludon Dialga,236,923,763,324,51.29,dragapult-pidgeot,Dragapult Pidgeot,9,74.07,overall,2026-05-25T16:40:43.974874+00:00
BRS-SSP,"10,11,12,13,14,15,16,17",8,archaludon-dialga,Archaludon Dialga,236,923,763,324,51.29,palkia-dusknoir,Palkia Dusknoir,9,48.15,overall,2026-05-25T16:40:43.974874+00:00
BRS-SSP,"10,11,12,13,14,15,16,17",8,archaludon-dialga,Archaludon Dialga,236,923,763,324,51.29,hydreigon-ex,Hydreigon,8,37.5,overall,2026-05-25T16:40:43.974874+00:00
BRS-SSP,"10,11,12,13,14,15,16,17",8,archaludon-dialga,Archaludon Dialga,236,923,763,324,51.29,dragapult-ex,Dragapult,8,75.0,overall,2026-05-25T16:40:43.974874+00:00
BRS-SSP,"10,11,12,13,14,15,16,17",8,archaludon-dialga,Archaludon Dialga,236,923,763,324,51.29,conkeldurr-twm,Conkeldurr,7,52.38,overall,2026-05-25T16:40:43.974874+00:00
BRS-SSP,"10,11,12,13,14,15,16,17",8,archaludon-dialga,Archaludon Dialga,236,923,763,324,51.29,united-wings,United Wings,7,85.71,overall,2026-05-25T16:40:43.974874+00:00
BRS-SSP,"10,11,12,13,14,15,16,17",8,archaludon-dialga,Archaludon Dialga,236,923,763,324,51.29,mimikyu-ogerpon,Mimikyu Ogerpon,6,66.67,overall,2026-05-25T16:40:43.974874+00:00
BRS-SSP,"10,11,12,13,14,15,16,17",8,archaludon-dialga,Archaludon Dialga,236,923,763,324,51.29,charizard-noctowl,Charizard Noctowl,6,16.67,overall,2026-05-25T16:40:43.974874+00:00
BRS-SSP,"10,11,12,13,14,15,16,17",8,archaludon-dialga,Archaludon Dialga,236,923,763,324,51.29,ogerpon-noivern,Ogerpon Noivern,4,100.0,overall,2026-05-25T16:40:43.974874+00:00
BRS-SSP,"10,11,12,13,14,15,16,17",8,archaludon-dialga,Archaludon Dialga,236,923,763,324,51.29,tsareena-ex,Tsareena,4,100.0,overall,2026-05-25T16:40:43.974874+00:00
BRS-SSP,"10,11,12,13,14,15,16,17",8,archaludon-dialga,Archaludon Dialga,236,923,763,324,51.29,charizard-ex,Charizard,4,25.0,overall,2026-05-25T16:40:43.974874+00:00
BRS-SSP,"10,11,12,13,14,15,16,17",8,archaludon-dialga,Archaludon Dialga,236,923,763,324,51.29,greninja-ex,Greninja,4,33.33,overall,2026-05-25T16:40:43.974874+00:00
BRS-SSP,"10,11,12,13,14,15,16,17",8,archaludon-dialga,Archaludon Dialga,236,923,763,324,51.29,festival-lead,Dipplin,4,83.33,overall,2026-05-25T16:40:43.974874+00:00
BRS-SSP,"10,11,12,13,14,15,16,17",8,archaludon-dialga,Archaludon Dialga,236,923,763,324,51.29,flygon-ex-ssp,Flygon,3,66.67,overall,2026-05-25T16:40:43.974874+00:00
BRS-SSP,"10,11,12,13,14,15,16,17",8,archaludon-dialga,Archaludon Dialga,236,923,763,324,51.29,hisuian-zoroark-vstar,Hisuian Zoroark,3,33.33,overall,2026-05-25T16:40:43.974874+00:00
BRS-SSP,"10,11,12,13,14,15,16,17",8,archaludon-dialga,Archaludon Dialga,236,923,763,324,51.29,great-tusk-tef,Great Tusk Mill,3,44.44,overall,2026-05-25T16:40:43.974874+00:00
BRS-SSP,"10,11,12,13,14,15,16,17",8,archaludon-dialga,Archaludon Dialga,236,923,763,324,51.29,klawf-par,Klawf,3,100.0,overall,2026-05-25T16:40:43.974874+00:00
BRS-SSP,"10,11,12,13,14,15,16,17",8,archaludon-dialga,Archaludon Dialga,236,923,763,324,51.29,okidogi-ex,Okidogi,3,66.67,overall,2026-05-25T16:40:43.974874+00:00
BRS-SSP,"10,11,12,13,14,15,16,17",8,archaludon-dialga,Archaludon Dialga,236,923,763,324,51.29,hydrapple-ogerpon,Hydrapple Ogerpon,3,100.0,overall,2026-05-25T16:40:43.974874+00:00
BRS-SSP,"10,11,12,13,14,15,16,17",8,archaludon-dialga,Archaludon Dialga,236,923,763,324,51.29,arceus-armarouge,Arceus Armarouge,2,100.0,overall,2026-05-25T16:40:43.974874+00:00
BRS-SSP,"10,11,12,13,14,15,16,17",8,archaludon-dialga,Archaludon Dialga,236,923,763,324,51.29,slowking-scr,Slowking,2,100.0,overall,2026-05-25T16:40:43.974874+00:00
BRS-SSP,"10,11,12,13,14,15,16,17",8,archaludon-dialga,Archaludon Dialga,236,923,763,324,51.29,palafin-ex,Palafin,2,50.0,overall,2026-05-25T16:40:43.974874+00:00
BRS-SSP,"10,11,12,13,14,15,16,17",8,archaludon-dialga,Archaludon Dialga,236,923,763,324,51.29,toedscruel-ex,Toedscruel,2,100.0,overall,2026-05-25T16:40:43.974874+00:00
BRS-SSP,"10,11,12,13,14,15,16,17",8,archaludon-dialga,Archaludon Dialga,236,923,763,324,51.29,raging-bolt-entei,Raging Bolt Entei,2,0.0,overall,2026-05-25T16:40:43.974874+00:00
BRS-SSP,"10,11,12,13,14,15,16,17",8,archaludon-dialga,Archaludon Dialga,236,923,763,324,51.29,espathra-xatu,Espathra Xatu,2,16.67,overall,2026-05-25T16:40:43.974874+00:00
BRS-SSP,"10,11,12,13,14,15,16,17",8,archaludon-dialga,Archaludon Dialga,236,923,763,324,51.29,giratina-lz-box,Giratina LZ Box,2,50.0,overall,2026-05-25T16:40:43.974874+00:00
BRS-SSP,"10,11,12,13,14,15,16,17",8,archaludon-dialga,Archaludon Dialga,236,923,763,324,51.29,palkia-vstar,Palkia,2,100.0,overall,2026-05-25T16:40:43.974874+00:00
BRS-SSP,"10,11,12,13,14,15,16,17",8,archaludon-dialga,Archaludon Dialga,236,923,763,324,51.29,future-box,Future Box,2,100.0,overall,2026-05-25T16:40:43.974874+00:00
BRS-SSP,"10,11,12,13,14,15,16,17",8,archaludon-dialga,Archaludon Dialga,236,923,763,324,51.29,blissey-ex,Blissey,2,100.0,overall,2026-05-25T16:40:43.974874+00:00
BRS-SSP,"10,11,12,13,14,15,16,17",8,archaludon-dialga,Archaludon Dialga,236,923,763,324,51.29,dialga-metang,Dialga Metang,1,100.0,overall,2026-05-25T16:40:43.974874+00:00
BRS-SSP,"10,11,12,13,14,15,16,17",8,archaludon-dialga,Archaludon Dialga,236,923,763,324,51.29,azumarill-ssp,Azumarill,1,100.0,overall,2026-05-25T16:40:43.974874+00:00
BRS-SSP,"10,11,12,13,14,15,16,17",8,archaludon-dialga,Archaludon Dialga,236,923,763,324,51.29,alakazam-ex,Alakazam,1,100.0,overall,2026-05-25T16:40:43.974874+00:00
BRS-SSP,"10,11,12,13,14,15,16,17",8,archaludon-dialga,Archaludon Dialga,236,923,763,324,51.29,tinkaton-ex,Tinkaton,1,100.0,overall,2026-05-25T16:40:43.974874+00:00
BRS-SSP,"10,11,12,13,14,15,16,17",8,archaludon-dialga,Archaludon Dialga,236,923,763,324,51.29,luxray-pidgeot,Luxray Control,1,33.33,overall,2026-05-25T16:40:43.974874+00:00
BRS-SSP,"10,11,12,13,14,15,16,17",8,archaludon-dialga,Archaludon Dialga,236,923,763,324,51.29,cornerstone-mask-ogerpon-ex,Cornerstone Mask Ogerpon,1,100.0,overall,2026-05-25T16:40:43.974874+00:00
BRS-SSP,"10,11,12,13,14,15,16,17",8,archaludon-dialga,Archaludon Dialga,236,923,763,324,51.29,banette-gardevoir,Banette Gardevoir,1,100.0,overall,2026-05-25T16:40:43.974874+00:00
BRS-SSP,"10,11,12,13,14,15,16,17",8,archaludon-dialga,Archaludon Dialga,236,923,763,324,51.29,lzb-charizard,Lost Box Charizard,1,100.0,overall,2026-05-25T16:40:43.974874+00:00
BRS-SSP,"10,11,12,13,14,15,16,17",8,archaludon-dialga,Archaludon Dialga,236,923,763,324,51.29,entei-v,Entei,1,0.0,overall,2026-05-25T16:40:43.974874+00:00
BRS-SSP,"10,11,12,13,14,15,16,17",8,archaludon-dialga,Archaludon Dialga,236,923,763,324,51.29,froslass-munkidori,Froslass Munkidori,1,0.0,overall,2026-05-25T16:40:43.974874+00:00
BRS-SSP,"10,11,12,13,14,15,16,17",8,archaludon-dialga,Archaludon Dialga,236,923,763,324,51.29,sinistcha-ogerpon,Sinistcha Ogerpon,1,100.0,overall,2026-05-25T16:40:43.974874+00:00
BRS-SSP,"10,11,12,13,14,15,16,17",8,archaludon-dialga,Archaludon Dialga,236,923,763,324,51.29,venomoth-froslass,Venomoth Froslass,1,100.0,overall,2026-05-25T16:40:43.974874+00:00
BRS-SSP,"10,11,12,13,14,15,16,17",8,archaludon-ex,Archaludon,202,734,658,267,49.61,regidrago-vstar,Regidrago,249,65.46,overall,2026-05-25T16:40:46.450742+00:00
BRS-SSP,"10,11,12,13,14,15,16,17",8,archaludon-ex,Archaludon,202,734,658,267,49.61,charizard-pidgeot,Charizard Pidgeot,162,33.54,overall,2026-05-25T16:40:46.450742+00:00
BRS-SSP,"10,11,12,13,14,15,16,17",8,archaludon-ex,Archaludon,202,734,658,267,49.61,raging-bolt-ogerpon,Raging Bolt Ogerpon,121,47.38,overall,2026-05-25T16:40:46.450742+00:00
BRS-SSP,"10,11,12,13,14,15,16,17",8,archaludon-ex,Archaludon,202,734,658,267,49.61,gardevoir-ex-sv,Gardevoir,98,35.71,overall,2026-05-25T16:40:46.450742+00:00
BRS-SSP,"10,11,12,13,14,15,16,17",8,archaludon-ex,Archaludon,202,734,658,267,49.61,gholdengo-ex,Gholdengo,90,17.78,overall,2026-05-25T16:40:46.450742+00:00
BRS-SSP,"10,11,12,13,14,15,16,17",8,archaludon-ex,Archaludon,202,734,658,267,49.61,lugia-archeops,Lugia Archeops,75,45.33,overall,2026-05-25T16:40:46.450742+00:00
BRS-SSP,"10,11,12,13,14,15,16,17",8,archaludon-ex,Archaludon,202,734,658,267,49.61,dragapult-iron-thorns,Dragapult Iron Thorns,70,52.38,overall,2026-05-25T16:40:46.450742+00:00
BRS-SSP,"10,11,12,13,14,15,16,17",8,archaludon-ex,Archaludon,202,734,658,267,49.61,poison-terapagos,Poison Terapagos,64,64.06,overall,2026-05-25T16:40:46.450742+00:00
BRS-SSP,"10,11,12,13,14,15,16,17",8,archaludon-ex,Archaludon,202,734,658,267,49.61,miraidon-ex,Miraidon,63,65.61,overall,2026-05-25T16:40:46.450742+00:00
BRS-SSP,"10,11,12,13,14,15,16,17",8,archaludon-ex,Archaludon,202,734,658,267,49.61,terapagos-noctowl,Terapagos Noctowl,60,35.56,overall,2026-05-25T16:40:46.450742+00:00
BRS-SSP,"10,11,12,13,14,15,16,17",8,archaludon-ex,Archaludon,202,734,658,267,49.61,roaring-moon-ex,Roaring Moon,56,60.71,overall,2026-05-25T16:40:46.450742+00:00
BRS-SSP,"10,11,12,13,14,15,16,17",8,archaludon-ex,Archaludon,202,734,658,267,49.61,lost-zone-box,Lost Zone Box,54,37.04,overall,2026-05-25T16:40:46.450742+00:00
BRS-SSP,"10,11,12,13,14,15,16,17",8,archaludon-ex,Archaludon,202,734,658,267,49.61,snorlax-stall,Snorlax Stall,50,57.33,overall,2026-05-25T16:40:46.450742+00:00
BRS-SSP,"10,11,12,13,14,15,16,17",8,archaludon-ex,Archaludon,202,734,658,267,49.61,archaludon-dialga,Archaludon Dialga,42,54.76,overall,2026-05-25T16:40:46.450742+00:00
BRS-SSP,"10,11,12,13,14,15,16,17",8,archaludon-ex,Archaludon,202,734,658,267,49.61,ceruledge-ex,Ceruledge,36,36.11,overall,2026-05-25T16:40:46.450742+00:00
BRS-SSP,"10,11,12,13,14,15,16,17",8,archaludon-ex,Archaludon,202,734,658,267,49.61,ancient-box,Ancient Box,35,48.57,overall,2026-05-25T16:40:46.450742+00:00
BRS-SSP,"10,11,12,13,14,15,16,17",8,archaludon-ex,Archaludon,202,734,658,267,49.61,palkia-noctowl,Palkia Noctowl,35,56.19,overall,2026-05-25T16:40:46.450742+00:00
BRS-SSP,"10,11,12,13,14,15,16,17",8,archaludon-ex,Archaludon,202,734,658,267,49.61,dragapult-dusknoir,Dragapult Dusknoir,21,58.73,overall,2026-05-25T16:40:46.450742+00:00
BRS-SSP,"10,11,12,13,14,15,16,17",8,archaludon-ex,Archaludon,202,734,658,267,49.61,archaludon-ex,Archaludon,19,46.49,overall,2026-05-25T16:40:46.450742+00:00
BRS-SSP,"10,11,12,13,14,15,16,17",8,archaludon-ex,Archaludon,202,734,658,267,49.61,iron-thorns-ex,Iron Thorns,19,24.56,overall,2026-05-25T16:40:46.450742+00:00
BRS-SSP,"10,11,12,13,14,15,16,17",8,archaludon-ex,Archaludon,202,734,658,267,49.61,hydreigon-ex,Hydreigon,17,45.1,overall,2026-05-25T16:40:46.450742+00:00
BRS-SSP,"10,11,12,13,14,15,16,17",8,archaludon-ex,Archaludon,202,734,658,267,49.61,pidgeot-control,Pidgeot Control,15,71.11,overall,2026-05-25T16:40:46.450742+00:00
BRS-SSP,"10,11,12,13,14,15,16,17",8,archaludon-ex,Archaludon,202,734,658,267,49.61,other,Other,13,74.36,overall,2026-05-25T16:40:46.450742+00:00
BRS-SSP,"10,11,12,13,14,15,16,17",8,archaludon-ex,Archaludon,202,734,658,267,49.61,palkia-dusknoir,Palkia Dusknoir,13,58.97,overall,2026-05-25T16:40:46.450742+00:00
BRS-SSP,"10,11,12,13,14,15,16,17",8,archaludon-ex,Archaludon,202,734,658,267,49.61,klawf-par,Klawf,12,80.56,overall,2026-05-25T16:40:46.450742+00:00
BRS-SSP,"10,11,12,13,14,15,16,17",8,archaludon-ex,Archaludon,202,734,658,267,49.61,chien-pao-baxcalibur,Chien-Pao Baxcalibur,9,70.37,overall,2026-05-25T16:40:46.450742+00:00
BRS-SSP,"10,11,12,13,14,15,16,17",8,archaludon-ex,Archaludon,202,734,658,267,49.61,gouging-fire-ex,Gouging Fire,8,58.33,overall,2026-05-25T16:40:46.450742+00:00
BRS-SSP,"10,11,12,13,14,15,16,17",8,archaludon-ex,Archaludon,202,734,658,267,49.61,pikachu-regigigas,Pikachu Regis,8,50.0,overall,2026-05-25T16:40:46.450742+00:00
BRS-SSP,"10,11,12,13,14,15,16,17",8,archaludon-ex,Archaludon,202,734,658,267,49.61,conkeldurr-twm,Conkeldurr,7,33.33,overall,2026-05-25T16:40:46.450742+00:00
BRS-SSP,"10,11,12,13,14,15,16,17",8,archaludon-ex,Archaludon,202,734,658,267,49.61,dragapult-pidgeot,Dragapult Pidgeot,7,61.9,overall,2026-05-25T16:40:46.450742+00:00
BRS-SSP,"10,11,12,13,14,15,16,17",8,archaludon-ex,Archaludon,202,734,658,267,49.61,dragapult-charizard,Dragapult Charizard,7,42.86,overall,2026-05-25T16:40:46.450742+00:00
BRS-SSP,"10,11,12,13,14,15,16,17",8,archaludon-ex,Archaludon,202,734,658,267,49.61,united-wings,United Wings,6,72.22,overall,2026-05-25T16:40:46.450742+00:00
BRS-SSP,"10,11,12,13,14,15,16,17",8,archaludon-ex,Archaludon,202,734,658,267,49.61,charizard-ex,Charizard,6,33.33,overall,2026-05-25T16:40:46.450742+00:00
BRS-SSP,"10,11,12,13,14,15,16,17",8,archaludon-ex,Archaludon,202,734,658,267,49.61,charizard-noctowl,Charizard Noctowl,6,44.44,overall,2026-05-25T16:40:46.450742+00:00
BRS-SSP,"10,11,12,13,14,15,16,17",8,archaludon-ex,Archaludon,202,734,658,267,49.61,greninja-ex,Greninja,5,60.0,overall,2026-05-25T16:40:46.450742+00:00
BRS-SSP,"10,11,12,13,14,15,16,17",8,archaludon-ex,Archaludon,202,734,658,267,49.61,espathra-xatu,Espathra Xatu,5,80.0,overall,2026-05-25T16:40:46.450742+00:00
BRS-SSP,"10,11,12,13,14,15,16,17",8,archaludon-ex,Archaludon,202,734,658,267,49.61,okidogi-ex,Okidogi,4,58.33,overall,2026-05-25T16:40:46.450742+00:00
BRS-SSP,"10,11,12,13,14,15,16,17",8,archaludon-ex,Archaludon,202,734,658,267,49.61,banette-gardevoir,Banette Gardevoir,4,100.0,overall,2026-05-25T16:40:46.450742+00:00
BRS-SSP,"10,11,12,13,14,15,16,17",8,archaludon-ex,Archaludon,202,734,658,267,49.61,mimikyu-ogerpon,Mimikyu Ogerpon,4,83.33,overall,2026-05-25T16:40:46.450742+00:00
BRS-SSP,"10,11,12,13,14,15,16,17",8,archaludon-ex,Archaludon,202,734,658,267,49.61,dragapult-ex,Dragapult,4,75.0,overall,2026-05-25T16:40:46.450742+00:00
BRS-SSP,"10,11,12,13,14,15,16,17",8,archaludon-ex,Archaludon,202,734,658,267,49.61,great-tusk-tef,Great Tusk Mill,3,33.33,overall,2026-05-25T16:40:46.450742+00:00
BRS-SSP,"10,11,12,13,14,15,16,17",8,archaludon-ex,Archaludon,202,734,658,267,49.61,giratina-lz-box,Giratina LZ Box,3,66.67,overall,2026-05-25T16:40:46.450742+00:00
BRS-SSP,"10,11,12,13,14,15,16,17",8,archaludon-ex,Archaludon,202,734,658,267,49.61,tsareena-ex,Tsareena,3,100.0,overall,2026-05-25T16:40:46.450742+00:00
BRS-SSP,"10,11,12,13,14,15,16,17",8,archaludon-ex,Archaludon,202,734,658,267,49.61,dialga-metang,Dialga Metang,3,66.67,overall,2026-05-25T16:40:46.450742+00:00
BRS-SSP,"10,11,12,13,14,15,16,17",8,archaludon-ex,Archaludon,202,734,658,267,49.61,scovillain-ex,Scovillain,2,100.0,overall,2026-05-25T16:40:46.450742+00:00
BRS-SSP,"10,11,12,13,14,15,16,17",8,archaludon-ex,Archaludon,202,734,658,267,49.61,iron-valiant-ex,Iron Valiant,2,50.0,overall,2026-05-25T16:40:46.450742+00:00
BRS-SSP,"10,11,12,13,14,15,16,17",8,archaludon-ex,Archaludon,202,734,658,267,49.61,ogerpon-noivern,Ogerpon Noivern,2,0.0,overall,2026-05-25T16:40:46.450742+00:00
BRS-SSP,"10,11,12,13,14,15,16,17",8,archaludon-ex,Archaludon,202,734,658,267,49.61,blissey-ex,Blissey,2,66.67,overall,2026-05-25T16:40:46.450742+00:00
BRS-SSP,"10,11,12,13,14,15,16,17",8,archaludon-ex,Archaludon,202,734,658,267,49.61,cinderace-ex,Cinderace,2,100.0,overall,2026-05-25T16:40:46.450742+00:00
BRS-SSP,"10,11,12,13,14,15,16,17",8,archaludon-ex,Archaludon,202,734,658,267,49.61,flygon-ex-ssp,Flygon,2,50.0,overall,2026-05-25T16:40:46.450742+00:00
BRS-SSP,"10,11,12,13,14,15,16,17",8,archaludon-ex,Archaludon,202,734,658,267,49.61,froslass-munkidori,Froslass Munkidori,2,33.33,overall,2026-05-25T16:40:46.450742+00:00
BRS-SSP,"10,11,12,13,14,15,16,17",8,archaludon-ex,Archaludon,202,734,658,267,49.61,festival-lead,Dipplin,2,50.0,overall,2026-05-25T16:40:46.450742+00:00
BRS-SSP,"10,11,12,13,14,15,16,17",8,archaludon-ex,Archaludon,202,734,658,267,49.61,tinkaton-ex,Tinkaton,2,100.0,overall,2026-05-25T16:40:46.450742+00:00
BRS-SSP,"10,11,12,13,14,15,16,17",8,archaludon-ex,Archaludon,202,734,658,267,49.61,slaking-ex,Slaking,1,0.0,overall,2026-05-25T16:40:46.450742+00:00
BRS-SSP,"10,11,12,13,14,15,16,17",8,archaludon-ex,Archaludon,202,734,658,267,49.61,hisuian-zoroark-vstar,Hisuian Zoroark,1,0.0,overall,2026-05-25T16:40:46.450742+00:00
BRS-SSP,"10,11,12,13,14,15,16,17",8,archaludon-ex,Archaludon,202,734,658,267,49.61,dragapult-lz-box,Dragapult LZ Box,1,33.33,overall,2026-05-25T16:40:46.450742+00:00
BRS-SSP,"10,11,12,13,14,15,16,17",8,archaludon-ex,Archaludon,202,734,658,267,49.61,regigigas-asr,Regis,1,100.0,overall,2026-05-25T16:40:46.450742+00:00
BRS-SSP,"10,11,12,13,14,15,16,17",8,archaludon-ex,Archaludon,202,734,658,267,49.61,azumarill-ssp,Azumarill,1,100.0,overall,2026-05-25T16:40:46.450742+00:00
BRS-SSP,"10,11,12,13,14,15,16,17",8,archaludon-ex,Archaludon,202,734,658,267,49.61,zeraora-v,Zeraora,1,100.0,overall,2026-05-25T16:40:46.450742+00:00
BRS-SSP,"10,11,12,13,14,15,16,17",8,archaludon-ex,Archaludon,202,734,658,267,49.61,hisuian-goodra-vstar,Hisuian Goodra,1,100.0,overall,2026-05-25T16:40:46.450742+00:00
BRS-SSP,"10,11,12,13,14,15,16,17",8,archaludon-ex,Archaludon,202,734,658,267,49.61,raging-bolt-palkia,Raging Bolt Palkia,1,100.0,overall,2026-05-25T16:40:46.450742+00:00
BRS-SSP,"10,11,12,13,14,15,16,17",8,archaludon-ex,Archaludon,202,734,658,267,49.61,tera-box,Tera Box,1,0.0,overall,2026-05-25T16:40:46.450742+00:00
BRS-SSP,"10,11,12,13,14,15,16,17",8,archaludon-ex,Archaludon,202,734,658,267,49.61,slowking-scr,Slowking,1,100.0,overall,2026-05-25T16:40:46.450742+00:00
BRS-SSP,"10,11,12,13,14,15,16,17",8,archaludon-ex,Archaludon,202,734,658,267,49.61,venomoth-froslass,Venomoth Froslass,1,33.33,overall,2026-05-25T16:40:46.450742+00:00
BRS-SSP,"10,11,12,13,14,15,16,17",8,archaludon-ex,Archaludon,202,734,658,267,49.61,rotom-v,Rotom,1,33.33,overall,2026-05-25T16:40:46.450742+00:00
BRS-SSP,"10,11,12,13,14,15,16,17",8,archaludon-ex,Archaludon,202,734,658,267,49.61,iron-hands-ex,Future Hands,1,100.0,overall,2026-05-25T16:40:46.450742+00:00
BRS-SSP,"10,11,12,13,14,15,16,17",8,archaludon-ex,Archaludon,202,734,658,267,49.61,lzb-charizard,Lost Box Charizard,1,0.0,overall,2026-05-25T16:40:46.450742+00:00
BRS-SSP,"10,11,12,13,14,15,16,17",8,archaludon-ex,Archaludon,202,734,658,267,49.61,incineroar-ex,Incineroar,1,100.0,overall,2026-05-25T16:40:46.450742+00:00
BRS-SSP,"10,11,12,13,14,15,16,17",8,archaludon-ex,Archaludon,202,734,658,267,49.61,palafin-ex,Palafin,1,100.0,overall,2026-05-25T16:40:46.450742+00:00
BRS-SSP,"10,11,12,13,14,15,16,17",8,archaludon-ex,Archaludon,202,734,658,267,49.61,galvantula-ex,Galvantula,1,100.0,overall,2026-05-25T16:40:46.450742+00:00
BRS-SSP,"10,11,12,13,14,15,16,17",8,archaludon-ex,Archaludon,202,734,658,267,49.61,future-box,Future Box,1,100.0,overall,2026-05-25T16:40:46.450742+00:00
BRS-SSP,"10,11,12,13,14,15,16,17",8,archaludon-ex,Archaludon,202,734,658,267,49.61,hydrapple-ogerpon,Hydrapple Ogerpon,1,100.0,overall,2026-05-25T16:40:46.450742+00:00
BRS-SSP,"10,11,12,13,14,15,16,17",8,archaludon-ex,Archaludon,202,734,658,267,49.61,entei-v,Entei,1,33.33,overall,2026-05-25T16:40:46.450742+00:00
BRS-SSP,"10,11,12,13,14,15,16,17",8,azumarill-ssp,Azumarill,4,8,17,1,32.05,gholdengo-ex,Gholdengo,5,6.67,overall,2026-05-25T16:40:48.884998+00:00
BRS-SSP,"10,11,12,13,14,15,16,17",8,azumarill-ssp,Azumarill,4,8,17,1,32.05,gardevoir-ex-sv,Gardevoir,3,66.67,overall,2026-05-25T16:40:48.884998+00:00
BRS-SSP,"10,11,12,13,14,15,16,17",8,azumarill-ssp,Azumarill,4,8,17,1,32.05,dragapult-charizard,Dragapult Charizard,2,50.0,overall,2026-05-25T16:40:48.884998+00:00
BRS-SSP,"10,11,12,13,14,15,16,17",8,azumarill-ssp,Azumarill,4,8,17,1,32.05,regidrago-vstar,Regidrago,2,0.0,overall,2026-05-25T16:40:48.884998+00:00
BRS-SSP,"10,11,12,13,14,15,16,17",8,azumarill-ssp,Azumarill,4,8,17,1,32.05,charizard-ex,Charizard,1,0.0,overall,2026-05-25T16:40:48.884998+00:00
BRS-SSP,"10,11,12,13,14,15,16,17",8,azumarill-ssp,Azumarill,4,8,17,1,32.05,archaludon-ex,Archaludon,1,0.0,overall,2026-05-25T16:40:48.884998+00:00
BRS-SSP,"10,11,12,13,14,15,16,17",8,azumarill-ssp,Azumarill,4,8,17,1,32.05,lugia-archeops,Lugia Archeops,1,0.0,overall,2026-05-25T16:40:48.884998+00:00
BRS-SSP,"10,11,12,13,14,15,16,17",8,azumarill-ssp,Azumarill,4,8,17,1,32.05,dragapult-dusknoir,Dragapult Dusknoir,1,100.0,overall,2026-05-25T16:40:48.884998+00:00
BRS-SSP,"10,11,12,13,14,15,16,17",8,azumarill-ssp,Azumarill,4,8,17,1,32.05,charizard-noctowl,Charizard Noctowl,1,0.0,overall,2026-05-25T16:40:48.884998+00:00
BRS-SSP,"10,11,12,13,14,15,16,17",8,azumarill-ssp,Azumarill,4,8,17,1,32.05,chien-pao-baxcalibur,Chien-Pao Baxcalibur,1,0.0,overall,2026-05-25T16:40:48.884998+00:00
BRS-SSP,"10,11,12,13,14,15,16,17",8,azumarill-ssp,Azumarill,4,8,17,1,32.05,ancient-box,Ancient Box,1,100.0,overall,2026-05-25T16:40:48.884998+00:00
BRS-SSP,"10,11,12,13,14,15,16,17",8,azumarill-ssp,Azumarill,4,8,17,1,32.05,miraidon-ex,Miraidon,1,100.0,overall,2026-05-25T16:40:48.884998+00:00
BRS-SSP,"10,11,12,13,14,15,16,17",8,azumarill-ssp,Azumarill,4,8,17,1,32.05,great-tusk-tef,Great Tusk Mill,1,100.0,overall,2026-05-25T16:40:48.884998+00:00
BRS-SSP,"10,11,12,13,14,15,16,17",8,azumarill-ssp,Azumarill,4,8,17,1,32.05,lost-zone-box,Lost Zone Box,1,0.0,overall,2026-05-25T16:40:48.884998+00:00
BRS-SSP,"10,11,12,13,14,15,16,17",8,azumarill-ssp,Azumarill,4,8,17,1,32.05,archaludon-dialga,Archaludon Dialga,1,0.0,overall,2026-05-25T16:40:48.884998+00:00
BRS-SSP,"10,11,12,13,14,15,16,17",8,azumarill-ssp,Azumarill,4,8,17,1,32.05,banette-gardevoir,Banette Gardevoir,1,0.0,overall,2026-05-25T16:40:48.884998+00:00
BRS-SSP,"10,11,12,13,14,15,16,17",8,azumarill-ssp,Azumarill,4,8,17,1,32.05,terapagos-noctowl,Terapagos Noctowl,1,0.0,overall,2026-05-25T16:40:48.884998+00:00
BRS-SSP,"10,11,12,13,14,15,16,17",8,azumarill-ssp,Azumarill,4,8,17,1,32.05,other,Other,1,100.0,overall,2026-05-25T16:40:48.884998+00:00
BRS-SSP,"10,11,12,13,14,15,16,17",8,banette-dusknoir,Banette Dusknoir,3,9,11,4,43.06,lugia-archeops,Lugia Archeops,3,0.0,overall,2026-05-25T16:40:51.308782+00:00
BRS-SSP,"10,11,12,13,14,15,16,17",8,banette-dusknoir,Banette Dusknoir,3,9,11,4,43.06,raging-bolt-ogerpon,Raging Bolt Ogerpon,3,44.44,overall,2026-05-25T16:40:51.308782+00:00
BRS-SSP,"10,11,12,13,14,15,16,17",8,banette-dusknoir,Banette Dusknoir,3,9,11,4,43.06,charizard-pidgeot,Charizard Pidgeot,2,100.0,overall,2026-05-25T16:40:51.308782+00:00
BRS-SSP,"10,11,12,13,14,15,16,17",8,banette-dusknoir,Banette Dusknoir,3,9,11,4,43.06,roaring-moon-ex,Roaring Moon,2,50.0,overall,2026-05-25T16:40:51.308782+00:00
BRS-SSP,"10,11,12,13,14,15,16,17",8,banette-dusknoir,Banette Dusknoir,3,9,11,4,43.06,regidrago-vstar,Regidrago,2,66.67,overall,2026-05-25T16:40:51.308782+00:00
BRS-SSP,"10,11,12,13,14,15,16,17",8,banette-dusknoir,Banette Dusknoir,3,9,11,4,43.06,iron-thorns-ex,Iron Thorns,2,16.67,overall,2026-05-25T16:40:51.308782+00:00
BRS-SSP,"10,11,12,13,14,15,16,17",8,banette-dusknoir,Banette Dusknoir,3,9,11,4,43.06,chien-pao-baxcalibur,Chien-Pao Baxcalibur,2,100.0,overall,2026-05-25T16:40:51.308782+00:00
BRS-SSP,"10,11,12,13,14,15,16,17",8,banette-dusknoir,Banette Dusknoir,3,9,11,4,43.06,miraidon-ex,Miraidon,2,0.0,overall,2026-05-25T16:40:51.308782+00:00
BRS-SSP,"10,11,12,13,14,15,16,17",8,banette-dusknoir,Banette Dusknoir,3,9,11,4,43.06,dragapult-dusknoir,Dragapult Dusknoir,1,33.33,overall,2026-05-25T16:40:51.308782+00:00
BRS-SSP,"10,11,12,13,14,15,16,17",8,banette-dusknoir,Banette Dusknoir,3,9,11,4,43.06,gardevoir-ex-sv,Gardevoir,1,0.0,overall,2026-05-25T16:40:51.308782+00:00
BRS-SSP,"10,11,12,13,14,15,16,17",8,banette-dusknoir,Banette Dusknoir,3,9,11,4,43.06,snorlax-stall,Snorlax Stall,1,0.0,overall,2026-05-25T16:40:51.308782+00:00
BRS-SSP,"10,11,12,13,14,15,16,17",8,banette-dusknoir,Banette Dusknoir,3,9,11,4,43.06,ceruledge-ex,Ceruledge,1,100.0,overall,2026-05-25T16:40:51.308782+00:00
BRS-SSP,"10,11,12,13,14,15,16,17",8,banette-dusknoir,Banette Dusknoir,3,9,11,4,43.06,lost-zone-box,Lost Zone Box,1,0.0,overall,2026-05-25T16:40:51.308782+00:00
BRS-SSP,"10,11,12,13,14,15,16,17",8,banette-dusknoir,Banette Dusknoir,3,9,11,4,43.06,gholdengo-ex,Gholdengo,1,100.0,overall,2026-05-25T16:40:51.308782+00:00
BRS-SSP,"10,11,12,13,14,15,16,17",8,banette-ex-sv,Banette,6,19,22,3,45.45,charizard-pidgeot,Charizard Pidgeot,7,4.76,overall,2026-05-25T16:40:53.740839+00:00
BRS-SSP,"10,11,12,13,14,15,16,17",8,banette-ex-sv,Banette,6,19,22,3,45.45,regidrago-vstar,Regidrago,7,28.57,overall,2026-05-25T16:40:53.740839+00:00
BRS-SSP,"10,11,12,13,14,15,16,17",8,banette-ex-sv,Banette,6,19,22,3,45.45,ceruledge-ex,Ceruledge,4,58.33,overall,2026-05-25T16:40:53.740839+00:00
BRS-SSP,"10,11,12,13,14,15,16,17",8,banette-ex-sv,Banette,6,19,22,3,45.45,poison-terapagos,Poison Terapagos,4,33.33,overall,2026-05-25T16:40:53.740839+00:00
BRS-SSP,"10,11,12,13,14,15,16,17",8,banette-ex-sv,Banette,6,19,22,3,45.45,raging-bolt-ogerpon,Raging Bolt Ogerpon,3,66.67,overall,2026-05-25T16:40:53.740839+00:00
BRS-SSP,"10,11,12,13,14,15,16,17",8,banette-ex-sv,Banette,6,19,22,3,45.45,roaring-moon-ex,Roaring Moon,3,33.33,overall,2026-05-25T16:40:53.740839+00:00
BRS-SSP,"10,11,12,13,14,15,16,17",8,banette-ex-sv,Banette,6,19,22,3,45.45,miraidon-ex,Miraidon,3,66.67,overall,2026-05-25T16:40:53.740839+00:00
BRS-SSP,"10,11,12,13,14,15,16,17",8,banette-ex-sv,Banette,6,19,22,3,45.45,dragapult-iron-thorns,Dragapult Iron Thorns,2,50.0,overall,2026-05-25T16:40:53.740839+00:00
BRS-SSP,"10,11,12,13,14,15,16,17",8,banette-ex-sv,Banette,6,19,22,3,45.45,lost-zone-box,Lost Zone Box,2,100.0,overall,2026-05-25T16:40:53.740839+00:00
BRS-SSP,"10,11,12,13,14,15,16,17",8,banette-ex-sv,Banette,6,19,22,3,45.45,gardevoir-ex-sv,Gardevoir,2,0.0,overall,2026-05-25T16:40:53.740839+00:00
BRS-SSP,"10,11,12,13,14,15,16,17",8,banette-ex-sv,Banette,6,19,22,3,45.45,goodra-lz-box,Goodra LZ Box,1,0.0,overall,2026-05-25T16:40:53.740839+00:00
BRS-SSP,"10,11,12,13,14,15,16,17",8,banette-ex-sv,Banette,6,19,22,3,45.45,okidogi-twm,Okidogi,1,100.0,overall,2026-05-25T16:40:53.740839+00:00
BRS-SSP,"10,11,12,13,14,15,16,17",8,banette-ex-sv,Banette,6,19,22,3,45.45,terapagos-noctowl,Terapagos Noctowl,1,100.0,overall,2026-05-25T16:40:53.740839+00:00
BRS-SSP,"10,11,12,13,14,15,16,17",8,banette-ex-sv,Banette,6,19,22,3,45.45,palkia-noctowl,Palkia Noctowl,1,100.0,overall,2026-05-25T16:40:53.740839+00:00
BRS-SSP,"10,11,12,13,14,15,16,17",8,banette-ex-sv,Banette,6,19,22,3,45.45,hydreigon-ex,Hydreigon,1,100.0,overall,2026-05-25T16:40:53.740839+00:00
BRS-SSP,"10,11,12,13,14,15,16,17",8,banette-ex-sv,Banette,6,19,22,3,45.45,lugia-archeops,Lugia Archeops,1,100.0,overall,2026-05-25T16:40:53.740839+00:00
BRS-SSP,"10,11,12,13,14,15,16,17",8,banette-ex-sv,Banette,6,19,22,3,45.45,espathra-xatu,Espathra Xatu,1,100.0,overall,2026-05-25T16:40:53.740839+00:00
BRS-SSP,"10,11,12,13,14,15,16,17",8,banette-gardevoir,Banette Gardevoir,42,104,143,56,40.48,regidrago-vstar,Regidrago,34,39.22,overall,2026-05-25T16:40:56.187069+00:00
BRS-SSP,"10,11,12,13,14,15,16,17",8,banette-gardevoir,Banette Gardevoir,42,104,143,56,40.48,charizard-pidgeot,Charizard Pidgeot,31,59.14,overall,2026-05-25T16:40:56.187069+00:00
BRS-SSP,"10,11,12,13,14,15,16,17",8,banette-gardevoir,Banette Gardevoir,42,104,143,56,40.48,raging-bolt-ogerpon,Raging Bolt Ogerpon,25,40.0,overall,2026-05-25T16:40:56.187069+00:00
BRS-SSP,"10,11,12,13,14,15,16,17",8,banette-gardevoir,Banette Gardevoir,42,104,143,56,40.48,miraidon-ex,Miraidon,22,15.15,overall,2026-05-25T16:40:56.187069+00:00
BRS-SSP,"10,11,12,13,14,15,16,17",8,banette-gardevoir,Banette Gardevoir,42,104,143,56,40.48,gardevoir-ex-sv,Gardevoir,19,35.09,overall,2026-05-25T16:40:56.187069+00:00
BRS-SSP,"10,11,12,13,14,15,16,17",8,banette-gardevoir,Banette Gardevoir,42,104,143,56,40.48,gholdengo-ex,Gholdengo,18,79.63,overall,2026-05-25T16:40:56.187069+00:00
BRS-SSP,"10,11,12,13,14,15,16,17",8,banette-gardevoir,Banette Gardevoir,42,104,143,56,40.48,dragapult-iron-thorns,Dragapult Iron Thorns,16,18.75,overall,2026-05-25T16:40:56.187069+00:00
BRS-SSP,"10,11,12,13,14,15,16,17",8,banette-gardevoir,Banette Gardevoir,42,104,143,56,40.48,lugia-archeops,Lugia Archeops,14,16.67,overall,2026-05-25T16:40:56.187069+00:00
BRS-SSP,"10,11,12,13,14,15,16,17",8,banette-gardevoir,Banette Gardevoir,42,104,143,56,40.48,snorlax-stall,Snorlax Stall,13,51.28,overall,2026-05-25T16:40:56.187069+00:00
BRS-SSP,"10,11,12,13,14,15,16,17",8,banette-gardevoir,Banette Gardevoir,42,104,143,56,40.48,lost-zone-box,Lost Zone Box,9,70.37,overall,2026-05-25T16:40:56.187069+00:00
BRS-SSP,"10,11,12,13,14,15,16,17",8,banette-gardevoir,Banette Gardevoir,42,104,143,56,40.48,terapagos-noctowl,Terapagos Noctowl,9,51.85,overall,2026-05-25T16:40:56.187069+00:00
BRS-SSP,"10,11,12,13,14,15,16,17",8,banette-gardevoir,Banette Gardevoir,42,104,143,56,40.48,roaring-moon-ex,Roaring Moon,8,25.0,overall,2026-05-25T16:40:56.187069+00:00
BRS-SSP,"10,11,12,13,14,15,16,17",8,banette-gardevoir,Banette Gardevoir,42,104,143,56,40.48,ceruledge-ex,Ceruledge,7,42.86,overall,2026-05-25T16:40:56.187069+00:00
BRS-SSP,"10,11,12,13,14,15,16,17",8,banette-gardevoir,Banette Gardevoir,42,104,143,56,40.48,palkia-dusknoir,Palkia Dusknoir,6,22.22,overall,2026-05-25T16:40:56.187069+00:00
BRS-SSP,"10,11,12,13,14,15,16,17",8,banette-gardevoir,Banette Gardevoir,42,104,143,56,40.48,dragapult-dusknoir,Dragapult Dusknoir,6,22.22,overall,2026-05-25T16:40:56.187069+00:00
BRS-SSP,"10,11,12,13,14,15,16,17",8,banette-gardevoir,Banette Gardevoir,42,104,143,56,40.48,palkia-noctowl,Palkia Noctowl,5,33.33,overall,2026-05-25T16:40:56.187069+00:00
BRS-SSP,"10,11,12,13,14,15,16,17",8,banette-gardevoir,Banette Gardevoir,42,104,143,56,40.48,other,Other,4,58.33,overall,2026-05-25T16:40:56.187069+00:00
BRS-SSP,"10,11,12,13,14,15,16,17",8,banette-gardevoir,Banette Gardevoir,42,104,143,56,40.48,archaludon-ex,Archaludon,4,0.0,overall,2026-05-25T16:40:56.187069+00:00
BRS-SSP,"10,11,12,13,14,15,16,17",8,banette-gardevoir,Banette Gardevoir,42,104,143,56,40.48,hydreigon-ex,Hydreigon,3,22.22,overall,2026-05-25T16:40:56.187069+00:00
BRS-SSP,"10,11,12,13,14,15,16,17",8,banette-gardevoir,Banette Gardevoir,42,104,143,56,40.48,mimikyu-ogerpon,Mimikyu Ogerpon,3,55.56,overall,2026-05-25T16:40:56.187069+00:00
BRS-SSP,"10,11,12,13,14,15,16,17",8,banette-gardevoir,Banette Gardevoir,42,104,143,56,40.48,iron-thorns-ex,Iron Thorns,3,44.44,overall,2026-05-25T16:40:56.187069+00:00
BRS-SSP,"10,11,12,13,14,15,16,17",8,banette-gardevoir,Banette Gardevoir,42,104,143,56,40.48,ancient-box,Ancient Box,3,0.0,overall,2026-05-25T16:40:56.187069+00:00
BRS-SSP,"10,11,12,13,14,15,16,17",8,banette-gardevoir,Banette Gardevoir,42,104,143,56,40.48,pidgeot-control,Pidgeot Control,3,100.0,overall,2026-05-25T16:40:56.187069+00:00
BRS-SSP,"10,11,12,13,14,15,16,17",8,banette-gardevoir,Banette Gardevoir,42,104,143,56,40.48,dialga-metang,Dialga Metang,2,33.33,overall,2026-05-25T16:40:56.187069+00:00
BRS-SSP,"10,11,12,13,14,15,16,17",8,banette-gardevoir,Banette Gardevoir,42,104,143,56,40.48,regigigas-asr,Regis,2,66.67,overall,2026-05-25T16:40:56.187069+00:00
BRS-SSP,"10,11,12,13,14,15,16,17",8,banette-gardevoir,Banette Gardevoir,42,104,143,56,40.48,flygon-ex-ssp,Flygon,2,66.67,overall,2026-05-25T16:40:56.187069+00:00
BRS-SSP,"10,11,12,13,14,15,16,17",8,banette-gardevoir,Banette Gardevoir,42,104,143,56,40.48,poison-terapagos,Poison Terapagos,2,16.67,overall,2026-05-25T16:40:56.187069+00:00
BRS-SSP,"10,11,12,13,14,15,16,17",8,banette-gardevoir,Banette Gardevoir,42,104,143,56,40.48,chien-pao-baxcalibur,Chien-Pao Baxcalibur,2,100.0,overall,2026-05-25T16:40:56.187069+00:00
BRS-SSP,"10,11,12,13,14,15,16,17",8,banette-gardevoir,Banette Gardevoir,42,104,143,56,40.48,united-wings,United Wings,1,0.0,overall,2026-05-25T16:40:56.187069+00:00
BRS-SSP,"10,11,12,13,14,15,16,17",8,banette-gardevoir,Banette Gardevoir,42,104,143,56,40.48,iron-hands-ex,Future Hands,1,33.33,overall,2026-05-25T16:40:56.187069+00:00
BRS-SSP,"10,11,12,13,14,15,16,17",8,banette-gardevoir,Banette Gardevoir,42,104,143,56,40.48,dragapult-ex,Dragapult,1,100.0,overall,2026-05-25T16:40:56.187069+00:00
BRS-SSP,"10,11,12,13,14,15,16,17",8,banette-gardevoir,Banette Gardevoir,42,104,143,56,40.48,slaking-ex,Slaking,1,100.0,overall,2026-05-25T16:40:56.187069+00:00
BRS-SSP,"10,11,12,13,14,15,16,17",8,banette-gardevoir,Banette Gardevoir,42,104,143,56,40.48,toedscruel-ex,Toedscruel,1,0.0,overall,2026-05-25T16:40:56.187069+00:00
BRS-SSP,"10,11,12,13,14,15,16,17",8,banette-gardevoir,Banette Gardevoir,42,104,143,56,40.48,dragapult-pidgeot,Dragapult Pidgeot,1,100.0,overall,2026-05-25T16:40:56.187069+00:00
BRS-SSP,"10,11,12,13,14,15,16,17",8,banette-gardevoir,Banette Gardevoir,42,104,143,56,40.48,charizard-noctowl,Charizard Noctowl,1,0.0,overall,2026-05-25T16:40:56.187069+00:00
BRS-SSP,"10,11,12,13,14,15,16,17",8,banette-gardevoir,Banette Gardevoir,42,104,143,56,40.48,gouging-fire-ex,Gouging Fire,1,0.0,overall,2026-05-25T16:40:56.187069+00:00
BRS-SSP,"10,11,12,13,14,15,16,17",8,banette-gardevoir,Banette Gardevoir,42,104,143,56,40.48,ogerpon-noivern,Ogerpon Noivern,1,100.0,overall,2026-05-25T16:40:56.187069+00:00
BRS-SSP,"10,11,12,13,14,15,16,17",8,banette-gardevoir,Banette Gardevoir,42,104,143,56,40.48,raging-bolt-ex,Raging Bolt,1,33.33,overall,2026-05-25T16:40:56.187069+00:00
BRS-SSP,"10,11,12,13,14,15,16,17",8,banette-gardevoir,Banette Gardevoir,42,104,143,56,40.48,conkeldurr-twm,Conkeldurr,1,0.0,overall,2026-05-25T16:40:56.187069+00:00
BRS-SSP,"10,11,12,13,14,15,16,17",8,banette-gardevoir,Banette Gardevoir,42,104,143,56,40.48,charizard-ex,Charizard,1,100.0,overall,2026-05-25T16:40:56.187069+00:00
BRS-SSP,"10,11,12,13,14,15,16,17",8,banette-gardevoir,Banette Gardevoir,42,104,143,56,40.48,klawf-par,Klawf,1,33.33,overall,2026-05-25T16:40:56.187069+00:00
BRS-SSP,"10,11,12,13,14,15,16,17",8,banette-gardevoir,Banette Gardevoir,42,104,143,56,40.48,arceus-armarouge,Arceus Armarouge,1,33.33,overall,2026-05-25T16:40:56.187069+00:00
BRS-SSP,"10,11,12,13,14,15,16,17",8,banette-gardevoir,Banette Gardevoir,42,104,143,56,40.48,palafin-ex,Palafin,1,0.0,overall,2026-05-25T16:40:56.187069+00:00
BRS-SSP,"10,11,12,13,14,15,16,17",8,banette-gardevoir,Banette Gardevoir,42,104,143,56,40.48,lzb-charizard,Lost Box Charizard,1,0.0,overall,2026-05-25T16:40:56.187069+00:00
BRS-SSP,"10,11,12,13,14,15,16,17",8,banette-gardevoir,Banette Gardevoir,42,104,143,56,40.48,azumarill-ssp,Azumarill,1,100.0,overall,2026-05-25T16:40:56.187069+00:00
BRS-SSP,"10,11,12,13,14,15,16,17",8,banette-gardevoir,Banette Gardevoir,42,104,143,56,40.48,okidogi-ex,Okidogi,1,0.0,overall,2026-05-25T16:40:56.187069+00:00
BRS-SSP,"10,11,12,13,14,15,16,17",8,banette-gardevoir,Banette Gardevoir,42,104,143,56,40.48,dragapult-charizard,Dragapult Charizard,1,0.0,overall,2026-05-25T16:40:56.187069+00:00
BRS-SSP,"10,11,12,13,14,15,16,17",8,banette-gardevoir,Banette Gardevoir,42,104,143,56,40.48,banette-gardevoir,Banette Gardevoir,1,50.0,overall,2026-05-25T16:40:56.187069+00:00
BRS-SSP,"10,11,12,13,14,15,16,17",8,banette-gardevoir,Banette Gardevoir,42,104,143,56,40.48,greninja-ex,Greninja,1,100.0,overall,2026-05-25T16:40:56.187069+00:00
BRS-SSP,"10,11,12,13,14,15,16,17",8,banette-gardevoir,Banette Gardevoir,42,104,143,56,40.48,hydrapple-ogerpon,Hydrapple Ogerpon,1,0.0,overall,2026-05-25T16:40:56.187069+00:00
BRS-SSP,"10,11,12,13,14,15,16,17",8,banette-gardevoir,Banette Gardevoir,42,104,143,56,40.48,archaludon-dialga,Archaludon Dialga,1,0.0,overall,2026-05-25T16:40:56.187069+00:00
BRS-SSP,"10,11,12,13,14,15,16,17",8,banette-gardevoir,Banette Gardevoir,42,104,143,56,40.48,pikachu-regigigas,Pikachu Regis,1,33.33,overall,2026-05-25T16:40:56.187069+00:00
BRS-SSP,"10,11,12,13,14,15,16,17",8,blissey-ex,Blissey,12,16,41,15,29.17,charizard-pidgeot,Charizard Pidgeot,9,25.93,overall,2026-05-25T16:40:58.630924+00:00
BRS-SSP,"10,11,12,13,14,15,16,17",8,blissey-ex,Blissey,12,16,41,15,29.17,regidrago-vstar,Regidrago,6,33.33,overall,2026-05-25T16:40:58.630924+00:00
BRS-SSP,"10,11,12,13,14,15,16,17",8,blissey-ex,Blissey,12,16,41,15,29.17,dragapult-dusknoir,Dragapult Dusknoir,5,20.0,overall,2026-05-25T16:40:58.630924+00:00
BRS-SSP,"10,11,12,13,14,15,16,17",8,blissey-ex,Blissey,12,16,41,15,29.17,poison-terapagos,Poison Terapagos,4,0.0,overall,2026-05-25T16:40:58.630924+00:00
BRS-SSP,"10,11,12,13,14,15,16,17",8,blissey-ex,Blissey,12,16,41,15,29.17,raging-bolt-ogerpon,Raging Bolt Ogerpon,4,33.33,overall,2026-05-25T16:40:58.630924+00:00
BRS-SSP,"10,11,12,13,14,15,16,17",8,blissey-ex,Blissey,12,16,41,15,29.17,palkia-noctowl,Palkia Noctowl,4,33.33,overall,2026-05-25T16:40:58.630924+00:00
BRS-SSP,"10,11,12,13,14,15,16,17",8,blissey-ex,Blissey,12,16,41,15,29.17,gholdengo-ex,Gholdengo,3,33.33,overall,2026-05-25T16:40:58.630924+00:00
BRS-SSP,"10,11,12,13,14,15,16,17",8,blissey-ex,Blissey,12,16,41,15,29.17,lost-zone-box,Lost Zone Box,3,0.0,overall,2026-05-25T16:40:58.630924+00:00
BRS-SSP,"10,11,12,13,14,15,16,17",8,blissey-ex,Blissey,12,16,41,15,29.17,lugia-archeops,Lugia Archeops,3,33.33,overall,2026-05-25T16:40:58.630924+00:00
BRS-SSP,"10,11,12,13,14,15,16,17",8,blissey-ex,Blissey,12,16,41,15,29.17,miraidon-ex,Miraidon,3,55.56,overall,2026-05-25T16:40:58.630924+00:00
BRS-SSP,"10,11,12,13,14,15,16,17",8,blissey-ex,Blissey,12,16,41,15,29.17,gardevoir-ex-sv,Gardevoir,3,11.11,overall,2026-05-25T16:40:58.630924+00:00
BRS-SSP,"10,11,12,13,14,15,16,17",8,blissey-ex,Blissey,12,16,41,15,29.17,other,Other,2,66.67,overall,2026-05-25T16:40:58.630924+00:00
BRS-SSP,"10,11,12,13,14,15,16,17",8,blissey-ex,Blissey,12,16,41,15,29.17,terapagos-noctowl,Terapagos Noctowl,2,16.67,overall,2026-05-25T16:40:58.630924+00:00
BRS-SSP,"10,11,12,13,14,15,16,17",8,blissey-ex,Blissey,12,16,41,15,29.17,dragapult-pidgeot,Dragapult Pidgeot,2,0.0,overall,2026-05-25T16:40:58.630924+00:00
BRS-SSP,"10,11,12,13,14,15,16,17",8,blissey-ex,Blissey,12,16,41,15,29.17,ceruledge-ex,Ceruledge,2,50.0,overall,2026-05-25T16:40:58.630924+00:00
BRS-SSP,"10,11,12,13,14,15,16,17",8,blissey-ex,Blissey,12,16,41,15,29.17,archaludon-ex,Archaludon,2,16.67,overall,2026-05-25T16:40:58.630924+00:00
BRS-SSP,"10,11,12,13,14,15,16,17",8,blissey-ex,Blissey,12,16,41,15,29.17,archaludon-dialga,Archaludon Dialga,2,0.0,overall,2026-05-25T16:40:58.630924+00:00
BRS-SSP,"10,11,12,13,14,15,16,17",8,blissey-ex,Blissey,12,16,41,15,29.17,snorlax-stall,Snorlax Stall,1,0.0,overall,2026-05-25T16:40:58.630924+00:00
BRS-SSP,"10,11,12,13,14,15,16,17",8,blissey-ex,Blissey,12,16,41,15,29.17,pidgeot-control,Pidgeot Control,1,100.0,overall,2026-05-25T16:40:58.630924+00:00
BRS-SSP,"10,11,12,13,14,15,16,17",8,blissey-ex,Blissey,12,16,41,15,29.17,conkeldurr-twm,Conkeldurr,1,0.0,overall,2026-05-25T16:40:58.630924+00:00
BRS-SSP,"10,11,12,13,14,15,16,17",8,blissey-ex,Blissey,12,16,41,15,29.17,charizard-ex,Charizard,1,33.33,overall,2026-05-25T16:40:58.630924+00:00
BRS-SSP,"10,11,12,13,14,15,16,17",8,blissey-ex,Blissey,12,16,41,15,29.17,meowscarada-ex,Meowscarada,1,100.0,overall,2026-05-25T16:40:58.630924+00:00
BRS-SSP,"10,11,12,13,14,15,16,17",8,blissey-ex,Blissey,12,16,41,15,29.17,hydrapple-ogerpon,Hydrapple Ogerpon,1,0.0,overall,2026-05-25T16:40:58.630924+00:00
BRS-SSP,"10,11,12,13,14,15,16,17",8,blissey-ex,Blissey,12,16,41,15,29.17,hydreigon-ex,Hydreigon,1,0.0,overall,2026-05-25T16:40:58.630924+00:00
BRS-SSP,"10,11,12,13,14,15,16,17",8,blissey-ex,Blissey,12,16,41,15,29.17,roaring-moon-ex,Roaring Moon,1,0.0,overall,2026-05-25T16:40:58.630924+00:00
BRS-SSP,"10,11,12,13,14,15,16,17",8,blissey-ex,Blissey,12,16,41,15,29.17,hisuian-zoroark-vstar,Hisuian Zoroark,1,100.0,overall,2026-05-25T16:40:58.630924+00:00
BRS-SSP,"10,11,12,13,14,15,16,17",8,blissey-ex,Blissey,12,16,41,15,29.17,greninja-ex,Greninja,1,33.33,overall,2026-05-25T16:40:58.630924+00:00
BRS-SSP,"10,11,12,13,14,15,16,17",8,blissey-ex,Blissey,12,16,41,15,29.17,clefable-ex,Clefable,1,33.33,overall,2026-05-25T16:40:58.630924+00:00
BRS-SSP,"10,11,12,13,14,15,16,17",8,blissey-ex,Blissey,12,16,41,15,29.17,dragapult-iron-thorns,Dragapult Iron Thorns,1,100.0,overall,2026-05-25T16:40:58.630924+00:00
BRS-SSP,"10,11,12,13,14,15,16,17",8,ceruledge-ex,Ceruledge,265,679,909,292,41.29,regidrago-vstar,Regidrago,241,42.6,overall,2026-05-25T16:41:01.166934+00:00
BRS-SSP,"10,11,12,13,14,15,16,17",8,ceruledge-ex,Ceruledge,265,679,909,292,41.29,charizard-pidgeot,Charizard Pidgeot,194,37.46,overall,2026-05-25T16:41:01.166934+00:00
BRS-SSP,"10,11,12,13,14,15,16,17",8,ceruledge-ex,Ceruledge,265,679,909,292,41.29,raging-bolt-ogerpon,Raging Bolt Ogerpon,157,40.13,overall,2026-05-25T16:41:01.166934+00:00
BRS-SSP,"10,11,12,13,14,15,16,17",8,ceruledge-ex,Ceruledge,265,679,909,292,41.29,gholdengo-ex,Gholdengo,108,43.21,overall,2026-05-25T16:41:01.166934+00:00
BRS-SSP,"10,11,12,13,14,15,16,17",8,ceruledge-ex,Ceruledge,265,679,909,292,41.29,miraidon-ex,Miraidon,103,49.51,overall,2026-05-25T16:41:01.166934+00:00
BRS-SSP,"10,11,12,13,14,15,16,17",8,ceruledge-ex,Ceruledge,265,679,909,292,41.29,gardevoir-ex-sv,Gardevoir,99,37.37,overall,2026-05-25T16:41:01.166934+00:00
BRS-SSP,"10,11,12,13,14,15,16,17",8,ceruledge-ex,Ceruledge,265,679,909,292,41.29,lost-zone-box,Lost Zone Box,89,22.47,overall,2026-05-25T16:41:01.166934+00:00
BRS-SSP,"10,11,12,13,14,15,16,17",8,ceruledge-ex,Ceruledge,265,679,909,292,41.29,poison-terapagos,Poison Terapagos,73,32.88,overall,2026-05-25T16:41:01.166934+00:00
BRS-SSP,"10,11,12,13,14,15,16,17",8,ceruledge-ex,Ceruledge,265,679,909,292,41.29,lugia-archeops,Lugia Archeops,69,40.1,overall,2026-05-25T16:41:01.166934+00:00
BRS-SSP,"10,11,12,13,14,15,16,17",8,ceruledge-ex,Ceruledge,265,679,909,292,41.29,roaring-moon-ex,Roaring Moon,65,41.03,overall,2026-05-25T16:41:01.166934+00:00
BRS-SSP,"10,11,12,13,14,15,16,17",8,ceruledge-ex,Ceruledge,265,679,909,292,41.29,dragapult-iron-thorns,Dragapult Iron Thorns,64,49.48,overall,2026-05-25T16:41:01.166934+00:00
BRS-SSP,"10,11,12,13,14,15,16,17",8,ceruledge-ex,Ceruledge,265,679,909,292,41.29,snorlax-stall,Snorlax Stall,47,32.62,overall,2026-05-25T16:41:01.166934+00:00
BRS-SSP,"10,11,12,13,14,15,16,17",8,ceruledge-ex,Ceruledge,265,679,909,292,41.29,ancient-box,Ancient Box,45,21.48,overall,2026-05-25T16:41:01.166934+00:00
BRS-SSP,"10,11,12,13,14,15,16,17",8,ceruledge-ex,Ceruledge,265,679,909,292,41.29,terapagos-noctowl,Terapagos Noctowl,44,56.06,overall,2026-05-25T16:41:01.166934+00:00
BRS-SSP,"10,11,12,13,14,15,16,17",8,ceruledge-ex,Ceruledge,265,679,909,292,41.29,archaludon-ex,Archaludon,36,61.11,overall,2026-05-25T16:41:01.166934+00:00
BRS-SSP,"10,11,12,13,14,15,16,17",8,ceruledge-ex,Ceruledge,265,679,909,292,41.29,dragapult-dusknoir,Dragapult Dusknoir,32,30.21,overall,2026-05-25T16:41:01.166934+00:00
BRS-SSP,"10,11,12,13,14,15,16,17",8,ceruledge-ex,Ceruledge,265,679,909,292,41.29,archaludon-dialga,Archaludon Dialga,28,60.71,overall,2026-05-25T16:41:01.166934+00:00
BRS-SSP,"10,11,12,13,14,15,16,17",8,ceruledge-ex,Ceruledge,265,679,909,292,41.29,hydreigon-ex,Hydreigon,27,56.79,overall,2026-05-25T16:41:01.166934+00:00
BRS-SSP,"10,11,12,13,14,15,16,17",8,ceruledge-ex,Ceruledge,265,679,909,292,41.29,palkia-noctowl,Palkia Noctowl,25,41.33,overall,2026-05-25T16:41:01.166934+00:00
BRS-SSP,"10,11,12,13,14,15,16,17",8,ceruledge-ex,Ceruledge,265,679,909,292,41.29,palkia-dusknoir,Palkia Dusknoir,23,21.74,overall,2026-05-25T16:41:01.166934+00:00
BRS-SSP,"10,11,12,13,14,15,16,17",8,ceruledge-ex,Ceruledge,265,679,909,292,41.29,other,Other,22,39.39,overall,2026-05-25T16:41:01.166934+00:00
BRS-SSP,"10,11,12,13,14,15,16,17",8,ceruledge-ex,Ceruledge,265,679,909,292,41.29,pidgeot-control,Pidgeot Control,20,26.67,overall,2026-05-25T16:41:01.166934+00:00
BRS-SSP,"10,11,12,13,14,15,16,17",8,ceruledge-ex,Ceruledge,265,679,909,292,41.29,iron-thorns-ex,Iron Thorns,20,60.0,overall,2026-05-25T16:41:01.166934+00:00
BRS-SSP,"10,11,12,13,14,15,16,17",8,ceruledge-ex,Ceruledge,265,679,909,292,41.29,klawf-par,Klawf,19,21.05,overall,2026-05-25T16:41:01.166934+00:00
BRS-SSP,"10,11,12,13,14,15,16,17",8,ceruledge-ex,Ceruledge,265,679,909,292,41.29,dragapult-pidgeot,Dragapult Pidgeot,18,53.7,overall,2026-05-25T16:41:01.166934+00:00
BRS-SSP,"10,11,12,13,14,15,16,17",8,ceruledge-ex,Ceruledge,265,679,909,292,41.29,ceruledge-ex,Ceruledge,16,47.92,overall,2026-05-25T16:41:01.166934+00:00
BRS-SSP,"10,11,12,13,14,15,16,17",8,ceruledge-ex,Ceruledge,265,679,909,292,41.29,pikachu-regigigas,Pikachu Regis,14,33.33,overall,2026-05-25T16:41:01.166934+00:00
BRS-SSP,"10,11,12,13,14,15,16,17",8,ceruledge-ex,Ceruledge,265,679,909,292,41.29,chien-pao-baxcalibur,Chien-Pao Baxcalibur,10,43.33,overall,2026-05-25T16:41:01.166934+00:00
BRS-SSP,"10,11,12,13,14,15,16,17",8,ceruledge-ex,Ceruledge,265,679,909,292,41.29,charizard-noctowl,Charizard Noctowl,9,29.63,overall,2026-05-25T16:41:01.166934+00:00
BRS-SSP,"10,11,12,13,14,15,16,17",8,ceruledge-ex,Ceruledge,265,679,909,292,41.29,gouging-fire-ex,Gouging Fire,8,58.33,overall,2026-05-25T16:41:01.166934+00:00
BRS-SSP,"10,11,12,13,14,15,16,17",8,ceruledge-ex,Ceruledge,265,679,909,292,41.29,united-wings,United Wings,8,41.67,overall,2026-05-25T16:41:01.166934+00:00
BRS-SSP,"10,11,12,13,14,15,16,17",8,ceruledge-ex,Ceruledge,265,679,909,292,41.29,greninja-ex,Greninja,7,57.14,overall,2026-05-25T16:41:01.166934+00:00
BRS-SSP,"10,11,12,13,14,15,16,17",8,ceruledge-ex,Ceruledge,265,679,909,292,41.29,banette-gardevoir,Banette Gardevoir,7,57.14,overall,2026-05-25T16:41:01.166934+00:00
BRS-SSP,"10,11,12,13,14,15,16,17",8,ceruledge-ex,Ceruledge,265,679,909,292,41.29,mimikyu-ogerpon,Mimikyu Ogerpon,7,23.81,overall,2026-05-25T16:41:01.166934+00:00
BRS-SSP,"10,11,12,13,14,15,16,17",8,ceruledge-ex,Ceruledge,265,679,909,292,41.29,dragapult-ex,Dragapult,6,66.67,overall,2026-05-25T16:41:01.166934+00:00
BRS-SSP,"10,11,12,13,14,15,16,17",8,ceruledge-ex,Ceruledge,265,679,909,292,41.29,future-box,Future Box,5,53.33,overall,2026-05-25T16:41:01.166934+00:00
BRS-SSP,"10,11,12,13,14,15,16,17",8,ceruledge-ex,Ceruledge,265,679,909,292,41.29,giratina-lz-box,Giratina LZ Box,5,26.67,overall,2026-05-25T16:41:01.166934+00:00
BRS-SSP,"10,11,12,13,14,15,16,17",8,ceruledge-ex,Ceruledge,265,679,909,292,41.29,charizard-ex,Charizard,5,60.0,overall,2026-05-25T16:41:01.166934+00:00
BRS-SSP,"10,11,12,13,14,15,16,17",8,ceruledge-ex,Ceruledge,265,679,909,292,41.29,palafin-ex,Palafin,4,58.33,overall,2026-05-25T16:41:01.166934+00:00
BRS-SSP,"10,11,12,13,14,15,16,17",8,ceruledge-ex,Ceruledge,265,679,909,292,41.29,banette-ex-sv,Banette,4,33.33,overall,2026-05-25T16:41:01.166934+00:00
BRS-SSP,"10,11,12,13,14,15,16,17",8,ceruledge-ex,Ceruledge,265,679,909,292,41.29,lzb-charizard,Lost Box Charizard,3,33.33,overall,2026-05-25T16:41:01.166934+00:00
BRS-SSP,"10,11,12,13,14,15,16,17",8,ceruledge-ex,Ceruledge,265,679,909,292,41.29,festival-lead,Dipplin,3,66.67,overall,2026-05-25T16:41:01.166934+00:00
BRS-SSP,"10,11,12,13,14,15,16,17",8,ceruledge-ex,Ceruledge,265,679,909,292,41.29,dialga-metang,Dialga Metang,3,100.0,overall,2026-05-25T16:41:01.166934+00:00
BRS-SSP,"10,11,12,13,14,15,16,17",8,ceruledge-ex,Ceruledge,265,679,909,292,41.29,scovillain-ex,Scovillain,3,55.56,overall,2026-05-25T16:41:01.166934+00:00
BRS-SSP,"10,11,12,13,14,15,16,17",8,ceruledge-ex,Ceruledge,265,679,909,292,41.29,conkeldurr-twm,Conkeldurr,3,0.0,overall,2026-05-25T16:41:01.166934+00:00
BRS-SSP,"10,11,12,13,14,15,16,17",8,ceruledge-ex,Ceruledge,265,679,909,292,41.29,dragapult-charizard,Dragapult Charizard,3,66.67,overall,2026-05-25T16:41:01.166934+00:00
BRS-SSP,"10,11,12,13,14,15,16,17",8,ceruledge-ex,Ceruledge,265,679,909,292,41.29,galvantula-ex,Galvantula,2,100.0,overall,2026-05-25T16:41:01.166934+00:00
BRS-SSP,"10,11,12,13,14,15,16,17",8,ceruledge-ex,Ceruledge,265,679,909,292,41.29,palkia-vstar,Palkia,2,50.0,overall,2026-05-25T16:41:01.166934+00:00
BRS-SSP,"10,11,12,13,14,15,16,17",8,ceruledge-ex,Ceruledge,265,679,909,292,41.29,okidogi-ex,Okidogi,2,100.0,overall,2026-05-25T16:41:01.166934+00:00
BRS-SSP,"10,11,12,13,14,15,16,17",8,ceruledge-ex,Ceruledge,265,679,909,292,41.29,hydrapple-ogerpon,Hydrapple Ogerpon,2,100.0,overall,2026-05-25T16:41:01.166934+00:00
BRS-SSP,"10,11,12,13,14,15,16,17",8,ceruledge-ex,Ceruledge,265,679,909,292,41.29,blissey-ex,Blissey,2,50.0,overall,2026-05-25T16:41:01.166934+00:00
BRS-SSP,"10,11,12,13,14,15,16,17",8,ceruledge-ex,Ceruledge,265,679,909,292,41.29,froslass-munkidori,Froslass Munkidori,2,50.0,overall,2026-05-25T16:41:01.166934+00:00
BRS-SSP,"10,11,12,13,14,15,16,17",8,ceruledge-ex,Ceruledge,265,679,909,292,41.29,flygon-ex-ssp,Flygon,2,16.67,overall,2026-05-25T16:41:01.166934+00:00
BRS-SSP,"10,11,12,13,14,15,16,17",8,ceruledge-ex,Ceruledge,265,679,909,292,41.29,torterra-ex,Torterra,2,100.0,overall,2026-05-25T16:41:01.166934+00:00
BRS-SSP,"10,11,12,13,14,15,16,17",8,ceruledge-ex,Ceruledge,265,679,909,292,41.29,aegislash-par,Aegislash,2,100.0,overall,2026-05-25T16:41:01.166934+00:00
BRS-SSP,"10,11,12,13,14,15,16,17",8,ceruledge-ex,Ceruledge,265,679,909,292,41.29,gengar-ex,Gengar,2,0.0,overall,2026-05-25T16:41:01.166934+00:00
BRS-SSP,"10,11,12,13,14,15,16,17",8,ceruledge-ex,Ceruledge,265,679,909,292,41.29,ogerpon-noivern,Ogerpon Noivern,2,100.0,overall,2026-05-25T16:41:01.166934+00:00
BRS-SSP,"10,11,12,13,14,15,16,17",8,ceruledge-ex,Ceruledge,265,679,909,292,41.29,serperior-vstar,Serperior,2,100.0,overall,2026-05-25T16:41:01.166934+00:00
BRS-SSP,"10,11,12,13,14,15,16,17",8,ceruledge-ex,Ceruledge,265,679,909,292,41.29,great-tusk-tef,Great Tusk Mill,2,50.0,overall,2026-05-25T16:41:01.166934+00:00
BRS-SSP,"10,11,12,13,14,15,16,17",8,ceruledge-ex,Ceruledge,265,679,909,292,41.29,arceus-giratina,Arceus Giratina,2,100.0,overall,2026-05-25T16:41:01.166934+00:00
BRS-SSP,"10,11,12,13,14,15,16,17",8,ceruledge-ex,Ceruledge,265,679,909,292,41.29,toedscruel-ex,Toedscruel,2,100.0,overall,2026-05-25T16:41:01.166934+00:00
BRS-SSP,"10,11,12,13,14,15,16,17",8,ceruledge-ex,Ceruledge,265,679,909,292,41.29,espathra-xatu,Espathra Xatu,2,66.67,overall,2026-05-25T16:41:01.166934+00:00
BRS-SSP,"10,11,12,13,14,15,16,17",8,ceruledge-ex,Ceruledge,265,679,909,292,41.29,milotic-ex,Milotic,1,0.0,overall,2026-05-25T16:41:01.166934+00:00
BRS-SSP,"10,11,12,13,14,15,16,17",8,ceruledge-ex,Ceruledge,265,679,909,292,41.29,arceus-armarouge,Arceus Armarouge,1,100.0,overall,2026-05-25T16:41:01.166934+00:00
BRS-SSP,"10,11,12,13,14,15,16,17",8,ceruledge-ex,Ceruledge,265,679,909,292,41.29,dialga-vstar,Dialga,1,100.0,overall,2026-05-25T16:41:01.166934+00:00
BRS-SSP,"10,11,12,13,14,15,16,17",8,ceruledge-ex,Ceruledge,265,679,909,292,41.29,okidogi-twm,Okidogi,1,33.33,overall,2026-05-25T16:41:01.166934+00:00
BRS-SSP,"10,11,12,13,14,15,16,17",8,ceruledge-ex,Ceruledge,265,679,909,292,41.29,miraidon-regieleki,Miraidon Regieleki,1,100.0,overall,2026-05-25T16:41:01.166934+00:00
BRS-SSP,"10,11,12,13,14,15,16,17",8,ceruledge-ex,Ceruledge,265,679,909,292,41.29,iron-thorns-crown,Future Thorns,1,33.33,overall,2026-05-25T16:41:01.166934+00:00
BRS-SSP,"10,11,12,13,14,15,16,17",8,ceruledge-ex,Ceruledge,265,679,909,292,41.29,meowscarada-ex,Meowscarada,1,0.0,overall,2026-05-25T16:41:01.166934+00:00
BRS-SSP,"10,11,12,13,14,15,16,17",8,ceruledge-ex,Ceruledge,265,679,909,292,41.29,banette-dusknoir,Banette Dusknoir,1,0.0,overall,2026-05-25T16:41:01.166934+00:00
BRS-SSP,"10,11,12,13,14,15,16,17",8,ceruledge-ex,Ceruledge,265,679,909,292,41.29,dragapult-lz-box,Dragapult LZ Box,1,100.0,overall,2026-05-25T16:41:01.166934+00:00
BRS-SSP,"10,11,12,13,14,15,16,17",8,ceruledge-ex,Ceruledge,265,679,909,292,41.29,slaking-ex,Slaking,1,0.0,overall,2026-05-25T16:41:01.166934+00:00
BRS-SSP,"10,11,12,13,14,15,16,17",8,ceruledge-ex,Ceruledge,265,679,909,292,41.29,raging-bolt-entei,Raging Bolt Entei,1,0.0,overall,2026-05-25T16:41:01.166934+00:00
BRS-SSP,"10,11,12,13,14,15,16,17",8,ceruledge-ex,Ceruledge,265,679,909,292,41.29,tinkaton-ex,Tinkaton,1,33.33,overall,2026-05-25T16:41:01.166934+00:00
BRS-SSP,"10,11,12,13,14,15,16,17",8,ceruledge-ex,Ceruledge,265,679,909,292,41.29,greninja-froslass,Greninja Froslass,1,100.0,overall,2026-05-25T16:41:01.166934+00:00
BRS-SSP,"10,11,12,13,14,15,16,17",8,ceruledge-ex,Ceruledge,265,679,909,292,41.29,hisuian-zoroark-vstar,Hisuian Zoroark,1,0.0,overall,2026-05-25T16:41:01.166934+00:00
BRS-SSP,"10,11,12,13,14,15,16,17",8,ceruledge-ex,Ceruledge,265,679,909,292,41.29,noivern-ex,Noivern,1,100.0,overall,2026-05-25T16:41:01.166934+00:00
BRS-SSP,"10,11,12,13,14,15,16,17",8,ceruledge-ex,Ceruledge,265,679,909,292,41.29,venomoth-froslass,Venomoth Froslass,1,0.0,overall,2026-05-25T16:41:01.166934+00:00
BRS-SSP,"10,11,12,13,14,15,16,17",8,ceruledge-ex,Ceruledge,265,679,909,292,41.29,sinistcha-ogerpon,Sinistcha Ogerpon,1,100.0,overall,2026-05-25T16:41:01.166934+00:00
BRS-SSP,"10,11,12,13,14,15,16,17",8,ceruledge-ex,Ceruledge,265,679,909,292,41.29,alolan-exeggutor-ex,Alolan Exeggutor ex,1,100.0,overall,2026-05-25T16:41:01.166934+00:00
BRS-SSP,"10,11,12,13,14,15,16,17",8,charizard-arceus,Charizard Arceus,1,0,3,1,8.33,gardevoir-ex-sv,Gardevoir,2,16.67,overall,2026-05-25T16:41:03.632221+00:00
BRS-SSP,"10,11,12,13,14,15,16,17",8,charizard-arceus,Charizard Arceus,1,0,3,1,8.33,poison-terapagos,Poison Terapagos,1,0.0,overall,2026-05-25T16:41:03.632221+00:00
BRS-SSP,"10,11,12,13,14,15,16,17",8,charizard-arceus,Charizard Arceus,1,0,3,1,8.33,hydreigon-ex,Hydreigon,1,0.0,overall,2026-05-25T16:41:03.632221+00:00
BRS-SSP,"10,11,12,13,14,15,16,17",8,charizard-ex,Charizard,30,66,110,38,36.76,charizard-pidgeot,Charizard Pidgeot,26,48.72,overall,2026-05-25T16:41:06.082100+00:00
BRS-SSP,"10,11,12,13,14,15,16,17",8,charizard-ex,Charizard,30,66,110,38,36.76,regidrago-vstar,Regidrago,25,41.33,overall,2026-05-25T16:41:06.082100+00:00
BRS-SSP,"10,11,12,13,14,15,16,17",8,charizard-ex,Charizard,30,66,110,38,36.76,raging-bolt-ogerpon,Raging Bolt Ogerpon,21,55.56,overall,2026-05-25T16:41:06.082100+00:00
BRS-SSP,"10,11,12,13,14,15,16,17",8,charizard-ex,Charizard,30,66,110,38,36.76,lugia-archeops,Lugia Archeops,17,13.73,overall,2026-05-25T16:41:06.082100+00:00
BRS-SSP,"10,11,12,13,14,15,16,17",8,charizard-ex,Charizard,30,66,110,38,36.76,gholdengo-ex,Gholdengo,13,7.69,overall,2026-05-25T16:41:06.082100+00:00
BRS-SSP,"10,11,12,13,14,15,16,17",8,charizard-ex,Charizard,30,66,110,38,36.76,gardevoir-ex-sv,Gardevoir,11,63.64,overall,2026-05-25T16:41:06.082100+00:00
BRS-SSP,"10,11,12,13,14,15,16,17",8,charizard-ex,Charizard,30,66,110,38,36.76,miraidon-ex,Miraidon,11,54.55,overall,2026-05-25T16:41:06.082100+00:00
BRS-SSP,"10,11,12,13,14,15,16,17",8,charizard-ex,Charizard,30,66,110,38,36.76,lost-zone-box,Lost Zone Box,9,11.11,overall,2026-05-25T16:41:06.082100+00:00
BRS-SSP,"10,11,12,13,14,15,16,17",8,charizard-ex,Charizard,30,66,110,38,36.76,terapagos-noctowl,Terapagos Noctowl,7,19.05,overall,2026-05-25T16:41:06.082100+00:00
BRS-SSP,"10,11,12,13,14,15,16,17",8,charizard-ex,Charizard,30,66,110,38,36.76,archaludon-ex,Archaludon,6,50.0,overall,2026-05-25T16:41:06.082100+00:00
BRS-SSP,"10,11,12,13,14,15,16,17",8,charizard-ex,Charizard,30,66,110,38,36.76,hydreigon-ex,Hydreigon,5,53.33,overall,2026-05-25T16:41:06.082100+00:00
BRS-SSP,"10,11,12,13,14,15,16,17",8,charizard-ex,Charizard,30,66,110,38,36.76,ancient-box,Ancient Box,5,33.33,overall,2026-05-25T16:41:06.082100+00:00
BRS-SSP,"10,11,12,13,14,15,16,17",8,charizard-ex,Charizard,30,66,110,38,36.76,ceruledge-ex,Ceruledge,5,40.0,overall,2026-05-25T16:41:06.082100+00:00
BRS-SSP,"10,11,12,13,14,15,16,17",8,charizard-ex,Charizard,30,66,110,38,36.76,dragapult-iron-thorns,Dragapult Iron Thorns,4,0.0,overall,2026-05-25T16:41:06.082100+00:00
BRS-SSP,"10,11,12,13,14,15,16,17",8,charizard-ex,Charizard,30,66,110,38,36.76,dragapult-dusknoir,Dragapult Dusknoir,4,8.33,overall,2026-05-25T16:41:06.082100+00:00
BRS-SSP,"10,11,12,13,14,15,16,17",8,charizard-ex,Charizard,30,66,110,38,36.76,archaludon-dialga,Archaludon Dialga,4,75.0,overall,2026-05-25T16:41:06.082100+00:00
BRS-SSP,"10,11,12,13,14,15,16,17",8,charizard-ex,Charizard,30,66,110,38,36.76,roaring-moon-ex,Roaring Moon,4,0.0,overall,2026-05-25T16:41:06.082100+00:00
BRS-SSP,"10,11,12,13,14,15,16,17",8,charizard-ex,Charizard,30,66,110,38,36.76,palkia-noctowl,Palkia Noctowl,4,41.67,overall,2026-05-25T16:41:06.082100+00:00
BRS-SSP,"10,11,12,13,14,15,16,17",8,charizard-ex,Charizard,30,66,110,38,36.76,snorlax-stall,Snorlax Stall,3,22.22,overall,2026-05-25T16:41:06.082100+00:00
BRS-SSP,"10,11,12,13,14,15,16,17",8,charizard-ex,Charizard,30,66,110,38,36.76,lzb-charizard,Lost Box Charizard,2,16.67,overall,2026-05-25T16:41:06.082100+00:00
BRS-SSP,"10,11,12,13,14,15,16,17",8,charizard-ex,Charizard,30,66,110,38,36.76,conkeldurr-twm,Conkeldurr,2,50.0,overall,2026-05-25T16:41:06.082100+00:00
BRS-SSP,"10,11,12,13,14,15,16,17",8,charizard-ex,Charizard,30,66,110,38,36.76,dragapult-pidgeot,Dragapult Pidgeot,2,16.67,overall,2026-05-25T16:41:06.082100+00:00
BRS-SSP,"10,11,12,13,14,15,16,17",8,charizard-ex,Charizard,30,66,110,38,36.76,chien-pao-baxcalibur,Chien-Pao Baxcalibur,2,100.0,overall,2026-05-25T16:41:06.082100+00:00
BRS-SSP,"10,11,12,13,14,15,16,17",8,charizard-ex,Charizard,30,66,110,38,36.76,azumarill-ssp,Azumarill,1,100.0,overall,2026-05-25T16:41:06.082100+00:00
BRS-SSP,"10,11,12,13,14,15,16,17",8,charizard-ex,Charizard,30,66,110,38,36.76,palkia-vstar,Palkia,1,0.0,overall,2026-05-25T16:41:06.082100+00:00
BRS-SSP,"10,11,12,13,14,15,16,17",8,charizard-ex,Charizard,30,66,110,38,36.76,arceus-armarouge,Arceus Armarouge,1,0.0,overall,2026-05-25T16:41:06.082100+00:00
BRS-SSP,"10,11,12,13,14,15,16,17",8,charizard-ex,Charizard,30,66,110,38,36.76,blissey-ex,Blissey,1,33.33,overall,2026-05-25T16:41:06.082100+00:00
BRS-SSP,"10,11,12,13,14,15,16,17",8,charizard-ex,Charizard,30,66,110,38,36.76,iron-thorns-ex,Iron Thorns,1,0.0,overall,2026-05-25T16:41:06.082100+00:00
BRS-SSP,"10,11,12,13,14,15,16,17",8,charizard-ex,Charizard,30,66,110,38,36.76,giratina-lz-box,Giratina LZ Box,1,100.0,overall,2026-05-25T16:41:06.082100+00:00
BRS-SSP,"10,11,12,13,14,15,16,17",8,charizard-ex,Charizard,30,66,110,38,36.76,klawf-par,Klawf,1,0.0,overall,2026-05-25T16:41:06.082100+00:00
BRS-SSP,"10,11,12,13,14,15,16,17",8,charizard-ex,Charizard,30,66,110,38,36.76,dragapult-charizard,Dragapult Charizard,1,0.0,overall,2026-05-25T16:41:06.082100+00:00
BRS-SSP,"10,11,12,13,14,15,16,17",8,charizard-ex,Charizard,30,66,110,38,36.76,banette-gardevoir,Banette Gardevoir,1,0.0,overall,2026-05-25T16:41:06.082100+00:00
BRS-SSP,"10,11,12,13,14,15,16,17",8,charizard-ex,Charizard,30,66,110,38,36.76,poison-terapagos,Poison Terapagos,1,0.0,overall,2026-05-25T16:41:06.082100+00:00
BRS-SSP,"10,11,12,13,14,15,16,17",8,charizard-ex,Charizard,30,66,110,38,36.76,flygon-ex-ssp,Flygon,1,100.0,overall,2026-05-25T16:41:06.082100+00:00
BRS-SSP,"10,11,12,13,14,15,16,17",8,charizard-ex,Charizard,30,66,110,38,36.76,pikachu-regigigas,Pikachu Regis,1,100.0,overall,2026-05-25T16:41:06.082100+00:00
BRS-SSP,"10,11,12,13,14,15,16,17",8,charizard-ex,Charizard,30,66,110,38,36.76,tinkaton-ex,Tinkaton,1,33.33,overall,2026-05-25T16:41:06.082100+00:00
BRS-SSP,"10,11,12,13,14,15,16,17",8,charizard-ex,Charizard,30,66,110,38,36.76,dragapult-ex,Dragapult,1,100.0,overall,2026-05-25T16:41:06.082100+00:00
BRS-SSP,"10,11,12,13,14,15,16,17",8,charizard-ex,Charizard,30,66,110,38,36.76,gengar-ex,Gengar,1,0.0,overall,2026-05-25T16:41:06.082100+00:00
BRS-SSP,"10,11,12,13,14,15,16,17",8,charizard-ex,Charizard,30,66,110,38,36.76,palkia-dusknoir,Palkia Dusknoir,1,0.0,overall,2026-05-25T16:41:06.082100+00:00
BRS-SSP,"10,11,12,13,14,15,16,17",8,charizard-ex,Charizard,30,66,110,38,36.76,pidgeot-control,Pidgeot Control,1,0.0,overall,2026-05-25T16:41:06.082100+00:00
BRS-SSP,"10,11,12,13,14,15,16,17",8,charizard-ex,Charizard,30,66,110,38,36.76,serperior-vstar,Serperior,1,0.0,overall,2026-05-25T16:41:06.082100+00:00
BRS-SSP,"10,11,12,13,14,15,16,17",8,charizard-ex,Charizard,30,66,110,38,36.76,charizard-noctowl,Charizard Noctowl,1,0.0,overall,2026-05-25T16:41:06.082100+00:00
BRS-SSP,"10,11,12,13,14,15,16,17",8,charizard-greninja,Charizard Greninja,1,0,5,0,0.0,raging-bolt-ogerpon,Raging Bolt Ogerpon,1,0.0,overall,2026-05-25T16:41:08.557641+00:00
BRS-SSP,"10,11,12,13,14,15,16,17",8,charizard-greninja,Charizard Greninja,1,0,5,0,0.0,lugia-archeops,Lugia Archeops,1,0.0,overall,2026-05-25T16:41:08.557641+00:00
BRS-SSP,"10,11,12,13,14,15,16,17",8,charizard-greninja,Charizard Greninja,1,0,5,0,0.0,miraidon-ex,Miraidon,1,0.0,overall,2026-05-25T16:41:08.557641+00:00
BRS-SSP,"10,11,12,13,14,15,16,17",8,charizard-greninja,Charizard Greninja,1,0,5,0,0.0,regidrago-vstar,Regidrago,1,0.0,overall,2026-05-25T16:41:08.557641+00:00
BRS-SSP,"10,11,12,13,14,15,16,17",8,charizard-noctowl,Charizard Noctowl,57,176,183,70,46.46,regidrago-vstar,Regidrago,61,31.15,overall,2026-05-25T16:41:11.034929+00:00
BRS-SSP,"10,11,12,13,14,15,16,17",8,charizard-noctowl,Charizard Noctowl,57,176,183,70,46.46,charizard-pidgeot,Charizard Pidgeot,45,39.26,overall,2026-05-25T16:41:11.034929+00:00
BRS-SSP,"10,11,12,13,14,15,16,17",8,charizard-noctowl,Charizard Noctowl,57,176,183,70,46.46,raging-bolt-ogerpon,Raging Bolt Ogerpon,42,52.38,overall,2026-05-25T16:41:11.034929+00:00
BRS-SSP,"10,11,12,13,14,15,16,17",8,charizard-noctowl,Charizard Noctowl,57,176,183,70,46.46,lost-zone-box,Lost Zone Box,25,36.0,overall,2026-05-25T16:41:11.034929+00:00
BRS-SSP,"10,11,12,13,14,15,16,17",8,charizard-noctowl,Charizard Noctowl,57,176,183,70,46.46,gardevoir-ex-sv,Gardevoir,24,50.0,overall,2026-05-25T16:41:11.034929+00:00
BRS-SSP,"10,11,12,13,14,15,16,17",8,charizard-noctowl,Charizard Noctowl,57,176,183,70,46.46,lugia-archeops,Lugia Archeops,23,49.28,overall,2026-05-25T16:41:11.034929+00:00
BRS-SSP,"10,11,12,13,14,15,16,17",8,charizard-noctowl,Charizard Noctowl,57,176,183,70,46.46,roaring-moon-ex,Roaring Moon,17,54.9,overall,2026-05-25T16:41:11.034929+00:00
BRS-SSP,"10,11,12,13,14,15,16,17",8,charizard-noctowl,Charizard Noctowl,57,176,183,70,46.46,gholdengo-ex,Gholdengo,17,66.67,overall,2026-05-25T16:41:11.034929+00:00
BRS-SSP,"10,11,12,13,14,15,16,17",8,charizard-noctowl,Charizard Noctowl,57,176,183,70,46.46,miraidon-ex,Miraidon,16,79.17,overall,2026-05-25T16:41:11.034929+00:00
BRS-SSP,"10,11,12,13,14,15,16,17",8,charizard-noctowl,Charizard Noctowl,57,176,183,70,46.46,poison-terapagos,Poison Terapagos,16,33.33,overall,2026-05-25T16:41:11.034929+00:00
BRS-SSP,"10,11,12,13,14,15,16,17",8,charizard-noctowl,Charizard Noctowl,57,176,183,70,46.46,terapagos-noctowl,Terapagos Noctowl,14,47.62,overall,2026-05-25T16:41:11.034929+00:00
BRS-SSP,"10,11,12,13,14,15,16,17",8,charizard-noctowl,Charizard Noctowl,57,176,183,70,46.46,snorlax-stall,Snorlax Stall,12,36.11,overall,2026-05-25T16:41:11.034929+00:00
BRS-SSP,"10,11,12,13,14,15,16,17",8,charizard-noctowl,Charizard Noctowl,57,176,183,70,46.46,ceruledge-ex,Ceruledge,9,62.96,overall,2026-05-25T16:41:11.034929+00:00
BRS-SSP,"10,11,12,13,14,15,16,17",8,charizard-noctowl,Charizard Noctowl,57,176,183,70,46.46,ancient-box,Ancient Box,9,33.33,overall,2026-05-25T16:41:11.034929+00:00
BRS-SSP,"10,11,12,13,14,15,16,17",8,charizard-noctowl,Charizard Noctowl,57,176,183,70,46.46,hydreigon-ex,Hydreigon,8,41.67,overall,2026-05-25T16:41:11.034929+00:00
BRS-SSP,"10,11,12,13,14,15,16,17",8,charizard-noctowl,Charizard Noctowl,57,176,183,70,46.46,dragapult-iron-thorns,Dragapult Iron Thorns,8,66.67,overall,2026-05-25T16:41:11.034929+00:00
BRS-SSP,"10,11,12,13,14,15,16,17",8,charizard-noctowl,Charizard Noctowl,57,176,183,70,46.46,dragapult-dusknoir,Dragapult Dusknoir,7,33.33,overall,2026-05-25T16:41:11.034929+00:00
BRS-SSP,"10,11,12,13,14,15,16,17",8,charizard-noctowl,Charizard Noctowl,57,176,183,70,46.46,iron-thorns-ex,Iron Thorns,6,50.0,overall,2026-05-25T16:41:11.034929+00:00
BRS-SSP,"10,11,12,13,14,15,16,17",8,charizard-noctowl,Charizard Noctowl,57,176,183,70,46.46,archaludon-dialga,Archaludon Dialga,6,83.33,overall,2026-05-25T16:41:11.034929+00:00
BRS-SSP,"10,11,12,13,14,15,16,17",8,charizard-noctowl,Charizard Noctowl,57,176,183,70,46.46,archaludon-ex,Archaludon,6,44.44,overall,2026-05-25T16:41:11.034929+00:00
BRS-SSP,"10,11,12,13,14,15,16,17",8,charizard-noctowl,Charizard Noctowl,57,176,183,70,46.46,pidgeot-control,Pidgeot Control,5,6.67,overall,2026-05-25T16:41:11.034929+00:00
BRS-SSP,"10,11,12,13,14,15,16,17",8,charizard-noctowl,Charizard Noctowl,57,176,183,70,46.46,mimikyu-ogerpon,Mimikyu Ogerpon,4,50.0,overall,2026-05-25T16:41:11.034929+00:00
BRS-SSP,"10,11,12,13,14,15,16,17",8,charizard-noctowl,Charizard Noctowl,57,176,183,70,46.46,other,Other,4,0.0,overall,2026-05-25T16:41:11.034929+00:00
BRS-SSP,"10,11,12,13,14,15,16,17",8,charizard-noctowl,Charizard Noctowl,57,176,183,70,46.46,chien-pao-baxcalibur,Chien-Pao Baxcalibur,4,33.33,overall,2026-05-25T16:41:11.034929+00:00
BRS-SSP,"10,11,12,13,14,15,16,17",8,charizard-noctowl,Charizard Noctowl,57,176,183,70,46.46,palkia-noctowl,Palkia Noctowl,4,33.33,overall,2026-05-25T16:41:11.034929+00:00
BRS-SSP,"10,11,12,13,14,15,16,17",8,charizard-noctowl,Charizard Noctowl,57,176,183,70,46.46,palkia-vstar,Palkia,3,77.78,overall,2026-05-25T16:41:11.034929+00:00
BRS-SSP,"10,11,12,13,14,15,16,17",8,charizard-noctowl,Charizard Noctowl,57,176,183,70,46.46,ogerpon-noivern,Ogerpon Noivern,3,33.33,overall,2026-05-25T16:41:11.034929+00:00
BRS-SSP,"10,11,12,13,14,15,16,17",8,charizard-noctowl,Charizard Noctowl,57,176,183,70,46.46,gouging-fire-ex,Gouging Fire,3,44.44,overall,2026-05-25T16:41:11.034929+00:00
BRS-SSP,"10,11,12,13,14,15,16,17",8,charizard-noctowl,Charizard Noctowl,57,176,183,70,46.46,dragapult-pidgeot,Dragapult Pidgeot,3,22.22,overall,2026-05-25T16:41:11.034929+00:00
BRS-SSP,"10,11,12,13,14,15,16,17",8,charizard-noctowl,Charizard Noctowl,57,176,183,70,46.46,tsareena-ex,Tsareena,2,66.67,overall,2026-05-25T16:41:11.034929+00:00
BRS-SSP,"10,11,12,13,14,15,16,17",8,charizard-noctowl,Charizard Noctowl,57,176,183,70,46.46,palkia-dusknoir,Palkia Dusknoir,2,50.0,overall,2026-05-25T16:41:11.034929+00:00
BRS-SSP,"10,11,12,13,14,15,16,17",8,charizard-noctowl,Charizard Noctowl,57,176,183,70,46.46,charizard-noctowl,Charizard Noctowl,2,41.67,overall,2026-05-25T16:41:11.034929+00:00
BRS-SSP,"10,11,12,13,14,15,16,17",8,charizard-noctowl,Charizard Noctowl,57,176,183,70,46.46,dragapult-ex,Dragapult,2,100.0,overall,2026-05-25T16:41:11.034929+00:00
BRS-SSP,"10,11,12,13,14,15,16,17",8,charizard-noctowl,Charizard Noctowl,57,176,183,70,46.46,flygon-ex-ssp,Flygon,1,100.0,overall,2026-05-25T16:41:11.034929+00:00
BRS-SSP,"10,11,12,13,14,15,16,17",8,charizard-noctowl,Charizard Noctowl,57,176,183,70,46.46,dakrai-vstar,Darkrai,1,100.0,overall,2026-05-25T16:41:11.034929+00:00
BRS-SSP,"10,11,12,13,14,15,16,17",8,charizard-noctowl,Charizard Noctowl,57,176,183,70,46.46,raging-bolt-palkia,Raging Bolt Palkia,1,100.0,overall,2026-05-25T16:41:11.034929+00:00
BRS-SSP,"10,11,12,13,14,15,16,17",8,charizard-noctowl,Charizard Noctowl,57,176,183,70,46.46,pikachu-regigigas,Pikachu Regis,1,100.0,overall,2026-05-25T16:41:11.034929+00:00
BRS-SSP,"10,11,12,13,14,15,16,17",8,charizard-noctowl,Charizard Noctowl,57,176,183,70,46.46,banette-gardevoir,Banette Gardevoir,1,100.0,overall,2026-05-25T16:41:11.034929+00:00
BRS-SSP,"10,11,12,13,14,15,16,17",8,charizard-noctowl,Charizard Noctowl,57,176,183,70,46.46,dialga-metang,Dialga Metang,1,100.0,overall,2026-05-25T16:41:11.034929+00:00
BRS-SSP,"10,11,12,13,14,15,16,17",8,charizard-noctowl,Charizard Noctowl,57,176,183,70,46.46,hisuian-zoroark-vstar,Hisuian Zoroark,1,100.0,overall,2026-05-25T16:41:11.034929+00:00
BRS-SSP,"10,11,12,13,14,15,16,17",8,charizard-noctowl,Charizard Noctowl,57,176,183,70,46.46,azumarill-ssp,Azumarill,1,100.0,overall,2026-05-25T16:41:11.034929+00:00
BRS-SSP,"10,11,12,13,14,15,16,17",8,charizard-noctowl,Charizard Noctowl,57,176,183,70,46.46,hydrapple-ogerpon,Hydrapple Ogerpon,1,100.0,overall,2026-05-25T16:41:11.034929+00:00
BRS-SSP,"10,11,12,13,14,15,16,17",8,charizard-noctowl,Charizard Noctowl,57,176,183,70,46.46,slaking-ex,Slaking,1,100.0,overall,2026-05-25T16:41:11.034929+00:00
BRS-SSP,"10,11,12,13,14,15,16,17",8,charizard-noctowl,Charizard Noctowl,57,176,183,70,46.46,great-tusk-tef,Great Tusk Mill,1,100.0,overall,2026-05-25T16:41:11.034929+00:00
BRS-SSP,"10,11,12,13,14,15,16,17",8,charizard-noctowl,Charizard Noctowl,57,176,183,70,46.46,charizard-ex,Charizard,1,100.0,overall,2026-05-25T16:41:11.034929+00:00
BRS-SSP,"10,11,12,13,14,15,16,17",8,charizard-pidgeot,Charizard Pidgeot,1269,4162,4225,1565,47.06,regidrago-vstar,Regidrago,1410,32.25,overall,2026-05-25T16:41:13.610810+00:00
BRS-SSP,"10,11,12,13,14,15,16,17",8,charizard-pidgeot,Charizard Pidgeot,1269,4162,4225,1565,47.06,raging-bolt-ogerpon,Raging Bolt Ogerpon,784,52.59,overall,2026-05-25T16:41:13.610810+00:00
BRS-SSP,"10,11,12,13,14,15,16,17",8,charizard-pidgeot,Charizard Pidgeot,1269,4162,4225,1565,47.06,charizard-pidgeot,Charizard Pidgeot,564,47.04,overall,2026-05-25T16:41:13.610810+00:00
BRS-SSP,"10,11,12,13,14,15,16,17",8,charizard-pidgeot,Charizard Pidgeot,1269,4162,4225,1565,47.06,gardevoir-ex-sv,Gardevoir,531,52.86,overall,2026-05-25T16:41:13.610810+00:00
BRS-SSP,"10,11,12,13,14,15,16,17",8,charizard-pidgeot,Charizard Pidgeot,1269,4162,4225,1565,47.06,gholdengo-ex,Gholdengo,522,53.45,overall,2026-05-25T16:41:13.610810+00:00
BRS-SSP,"10,11,12,13,14,15,16,17",8,charizard-pidgeot,Charizard Pidgeot,1269,4162,4225,1565,47.06,lugia-archeops,Lugia Archeops,448,45.01,overall,2026-05-25T16:41:13.610810+00:00
BRS-SSP,"10,11,12,13,14,15,16,17",8,charizard-pidgeot,Charizard Pidgeot,1269,4162,4225,1565,47.06,dragapult-iron-thorns,Dragapult Iron Thorns,394,37.65,overall,2026-05-25T16:41:13.610810+00:00
BRS-SSP,"10,11,12,13,14,15,16,17",8,charizard-pidgeot,Charizard Pidgeot,1269,4162,4225,1565,47.06,miraidon-ex,Miraidon,387,61.41,overall,2026-05-25T16:41:13.610810+00:00
BRS-SSP,"10,11,12,13,14,15,16,17",8,charizard-pidgeot,Charizard Pidgeot,1269,4162,4225,1565,47.06,roaring-moon-ex,Roaring Moon,384,55.21,overall,2026-05-25T16:41:13.610810+00:00
BRS-SSP,"10,11,12,13,14,15,16,17",8,charizard-pidgeot,Charizard Pidgeot,1269,4162,4225,1565,47.06,poison-terapagos,Poison Terapagos,368,44.47,overall,2026-05-25T16:41:13.610810+00:00
BRS-SSP,"10,11,12,13,14,15,16,17",8,charizard-pidgeot,Charizard Pidgeot,1269,4162,4225,1565,47.06,lost-zone-box,Lost Zone Box,334,43.51,overall,2026-05-25T16:41:13.610810+00:00
BRS-SSP,"10,11,12,13,14,15,16,17",8,charizard-pidgeot,Charizard Pidgeot,1269,4162,4225,1565,47.06,terapagos-noctowl,Terapagos Noctowl,298,48.55,overall,2026-05-25T16:41:13.610810+00:00
BRS-SSP,"10,11,12,13,14,15,16,17",8,charizard-pidgeot,Charizard Pidgeot,1269,4162,4225,1565,47.06,snorlax-stall,Snorlax Stall,296,33.45,overall,2026-05-25T16:41:13.610810+00:00
BRS-SSP,"10,11,12,13,14,15,16,17",8,charizard-pidgeot,Charizard Pidgeot,1269,4162,4225,1565,47.06,archaludon-dialga,Archaludon Dialga,227,54.48,overall,2026-05-25T16:41:13.610810+00:00
BRS-SSP,"10,11,12,13,14,15,16,17",8,charizard-pidgeot,Charizard Pidgeot,1269,4162,4225,1565,47.06,ancient-box,Ancient Box,227,70.48,overall,2026-05-25T16:41:13.610810+00:00
BRS-SSP,"10,11,12,13,14,15,16,17",8,charizard-pidgeot,Charizard Pidgeot,1269,4162,4225,1565,47.06,ceruledge-ex,Ceruledge,194,56.01,overall,2026-05-25T16:41:13.610810+00:00
BRS-SSP,"10,11,12,13,14,15,16,17",8,charizard-pidgeot,Charizard Pidgeot,1269,4162,4225,1565,47.06,palkia-noctowl,Palkia Noctowl,187,50.98,overall,2026-05-25T16:41:13.610810+00:00
BRS-SSP,"10,11,12,13,14,15,16,17",8,charizard-pidgeot,Charizard Pidgeot,1269,4162,4225,1565,47.06,archaludon-ex,Archaludon,162,61.93,overall,2026-05-25T16:41:13.610810+00:00
BRS-SSP,"10,11,12,13,14,15,16,17",8,charizard-pidgeot,Charizard Pidgeot,1269,4162,4225,1565,47.06,dragapult-dusknoir,Dragapult Dusknoir,154,44.59,overall,2026-05-25T16:41:13.610810+00:00
BRS-SSP,"10,11,12,13,14,15,16,17",8,charizard-pidgeot,Charizard Pidgeot,1269,4162,4225,1565,47.06,iron-thorns-ex,Iron Thorns,151,23.18,overall,2026-05-25T16:41:13.610810+00:00
BRS-SSP,"10,11,12,13,14,15,16,17",8,charizard-pidgeot,Charizard Pidgeot,1269,4162,4225,1565,47.06,pidgeot-control,Pidgeot Control,117,40.74,overall,2026-05-25T16:41:13.610810+00:00
BRS-SSP,"10,11,12,13,14,15,16,17",8,charizard-pidgeot,Charizard Pidgeot,1269,4162,4225,1565,47.06,other,Other,103,67.64,overall,2026-05-25T16:41:13.610810+00:00
BRS-SSP,"10,11,12,13,14,15,16,17",8,charizard-pidgeot,Charizard Pidgeot,1269,4162,4225,1565,47.06,hydreigon-ex,Hydreigon,95,54.04,overall,2026-05-25T16:41:13.610810+00:00
BRS-SSP,"10,11,12,13,14,15,16,17",8,charizard-pidgeot,Charizard Pidgeot,1269,4162,4225,1565,47.06,palkia-dusknoir,Palkia Dusknoir,85,47.06,overall,2026-05-25T16:41:13.610810+00:00
BRS-SSP,"10,11,12,13,14,15,16,17",8,charizard-pidgeot,Charizard Pidgeot,1269,4162,4225,1565,47.06,chien-pao-baxcalibur,Chien-Pao Baxcalibur,74,37.84,overall,2026-05-25T16:41:13.610810+00:00
BRS-SSP,"10,11,12,13,14,15,16,17",8,charizard-pidgeot,Charizard Pidgeot,1269,4162,4225,1565,47.06,dragapult-pidgeot,Dragapult Pidgeot,61,39.89,overall,2026-05-25T16:41:13.610810+00:00
BRS-SSP,"10,11,12,13,14,15,16,17",8,charizard-pidgeot,Charizard Pidgeot,1269,4162,4225,1565,47.06,klawf-par,Klawf,59,47.46,overall,2026-05-25T16:41:13.610810+00:00
BRS-SSP,"10,11,12,13,14,15,16,17",8,charizard-pidgeot,Charizard Pidgeot,1269,4162,4225,1565,47.06,gouging-fire-ex,Gouging Fire,55,62.42,overall,2026-05-25T16:41:13.610810+00:00
BRS-SSP,"10,11,12,13,14,15,16,17",8,charizard-pidgeot,Charizard Pidgeot,1269,4162,4225,1565,47.06,charizard-noctowl,Charizard Noctowl,45,52.59,overall,2026-05-25T16:41:13.610810+00:00
BRS-SSP,"10,11,12,13,14,15,16,17",8,charizard-pidgeot,Charizard Pidgeot,1269,4162,4225,1565,47.06,pikachu-regigigas,Pikachu Regis,38,48.25,overall,2026-05-25T16:41:13.610810+00:00
BRS-SSP,"10,11,12,13,14,15,16,17",8,charizard-pidgeot,Charizard Pidgeot,1269,4162,4225,1565,47.06,mimikyu-ogerpon,Mimikyu Ogerpon,35,26.67,overall,2026-05-25T16:41:13.610810+00:00
BRS-SSP,"10,11,12,13,14,15,16,17",8,charizard-pidgeot,Charizard Pidgeot,1269,4162,4225,1565,47.06,greninja-ex,Greninja,34,62.75,overall,2026-05-25T16:41:13.610810+00:00
BRS-SSP,"10,11,12,13,14,15,16,17",8,charizard-pidgeot,Charizard Pidgeot,1269,4162,4225,1565,47.06,banette-gardevoir,Banette Gardevoir,31,36.56,overall,2026-05-25T16:41:13.610810+00:00
BRS-SSP,"10,11,12,13,14,15,16,17",8,charizard-pidgeot,Charizard Pidgeot,1269,4162,4225,1565,47.06,charizard-ex,Charizard,26,44.87,overall,2026-05-25T16:41:13.610810+00:00
BRS-SSP,"10,11,12,13,14,15,16,17",8,charizard-pidgeot,Charizard Pidgeot,1269,4162,4225,1565,47.06,ogerpon-noivern,Ogerpon Noivern,22,21.21,overall,2026-05-25T16:41:13.610810+00:00
BRS-SSP,"10,11,12,13,14,15,16,17",8,charizard-pidgeot,Charizard Pidgeot,1269,4162,4225,1565,47.06,conkeldurr-twm,Conkeldurr,21,36.51,overall,2026-05-25T16:41:13.610810+00:00
BRS-SSP,"10,11,12,13,14,15,16,17",8,charizard-pidgeot,Charizard Pidgeot,1269,4162,4225,1565,47.06,dragapult-charizard,Dragapult Charizard,20,41.67,overall,2026-05-25T16:41:13.610810+00:00
BRS-SSP,"10,11,12,13,14,15,16,17",8,charizard-pidgeot,Charizard Pidgeot,1269,4162,4225,1565,47.06,hisuian-zoroark-vstar,Hisuian Zoroark,19,75.44,overall,2026-05-25T16:41:13.610810+00:00
BRS-SSP,"10,11,12,13,14,15,16,17",8,charizard-pidgeot,Charizard Pidgeot,1269,4162,4225,1565,47.06,dialga-metang,Dialga Metang,18,57.41,overall,2026-05-25T16:41:13.610810+00:00
BRS-SSP,"10,11,12,13,14,15,16,17",8,charizard-pidgeot,Charizard Pidgeot,1269,4162,4225,1565,47.06,united-wings,United Wings,18,53.7,overall,2026-05-25T16:41:13.610810+00:00
BRS-SSP,"10,11,12,13,14,15,16,17",8,charizard-pidgeot,Charizard Pidgeot,1269,4162,4225,1565,47.06,dragapult-ex,Dragapult,17,33.33,overall,2026-05-25T16:41:13.610810+00:00
BRS-SSP,"10,11,12,13,14,15,16,17",8,charizard-pidgeot,Charizard Pidgeot,1269,4162,4225,1565,47.06,giratina-lz-box,Giratina LZ Box,17,66.67,overall,2026-05-25T16:41:13.610810+00:00
BRS-SSP,"10,11,12,13,14,15,16,17",8,charizard-pidgeot,Charizard Pidgeot,1269,4162,4225,1565,47.06,flygon-ex-ssp,Flygon,16,62.5,overall,2026-05-25T16:41:13.610810+00:00
BRS-SSP,"10,11,12,13,14,15,16,17",8,charizard-pidgeot,Charizard Pidgeot,1269,4162,4225,1565,47.06,tsareena-ex,Tsareena,16,29.17,overall,2026-05-25T16:41:13.610810+00:00
BRS-SSP,"10,11,12,13,14,15,16,17",8,charizard-pidgeot,Charizard Pidgeot,1269,4162,4225,1565,47.06,lzb-charizard,Lost Box Charizard,15,53.33,overall,2026-05-25T16:41:13.610810+00:00
BRS-SSP,"10,11,12,13,14,15,16,17",8,charizard-pidgeot,Charizard Pidgeot,1269,4162,4225,1565,47.06,future-box,Future Box,14,69.05,overall,2026-05-25T16:41:13.610810+00:00
BRS-SSP,"10,11,12,13,14,15,16,17",8,charizard-pidgeot,Charizard Pidgeot,1269,4162,4225,1565,47.06,arceus-armarouge,Arceus Armarouge,12,47.22,overall,2026-05-25T16:41:13.610810+00:00
BRS-SSP,"10,11,12,13,14,15,16,17",8,charizard-pidgeot,Charizard Pidgeot,1269,4162,4225,1565,47.06,great-tusk-tef,Great Tusk Mill,11,63.64,overall,2026-05-25T16:41:13.610810+00:00
BRS-SSP,"10,11,12,13,14,15,16,17",8,charizard-pidgeot,Charizard Pidgeot,1269,4162,4225,1565,47.06,palafin-ex,Palafin,10,86.67,overall,2026-05-25T16:41:13.610810+00:00
BRS-SSP,"10,11,12,13,14,15,16,17",8,charizard-pidgeot,Charizard Pidgeot,1269,4162,4225,1565,47.06,iron-hands-ex,Future Hands,9,48.15,overall,2026-05-25T16:41:13.610810+00:00
BRS-SSP,"10,11,12,13,14,15,16,17",8,charizard-pidgeot,Charizard Pidgeot,1269,4162,4225,1565,47.06,palkia-vstar,Palkia,9,85.19,overall,2026-05-25T16:41:13.610810+00:00
BRS-SSP,"10,11,12,13,14,15,16,17",8,charizard-pidgeot,Charizard Pidgeot,1269,4162,4225,1565,47.06,okidogi-ex,Okidogi,9,44.44,overall,2026-05-25T16:41:13.610810+00:00
BRS-SSP,"10,11,12,13,14,15,16,17",8,charizard-pidgeot,Charizard Pidgeot,1269,4162,4225,1565,47.06,festival-lead,Dipplin,9,40.74,overall,2026-05-25T16:41:13.610810+00:00
BRS-SSP,"10,11,12,13,14,15,16,17",8,charizard-pidgeot,Charizard Pidgeot,1269,4162,4225,1565,47.06,blissey-ex,Blissey,9,70.37,overall,2026-05-25T16:41:13.610810+00:00
BRS-SSP,"10,11,12,13,14,15,16,17",8,charizard-pidgeot,Charizard Pidgeot,1269,4162,4225,1565,47.06,tinkaton-ex,Tinkaton,9,37.04,overall,2026-05-25T16:41:13.610810+00:00
BRS-SSP,"10,11,12,13,14,15,16,17",8,charizard-pidgeot,Charizard Pidgeot,1269,4162,4225,1565,47.06,hydrapple-ogerpon,Hydrapple Ogerpon,8,45.83,overall,2026-05-25T16:41:13.610810+00:00
BRS-SSP,"10,11,12,13,14,15,16,17",8,charizard-pidgeot,Charizard Pidgeot,1269,4162,4225,1565,47.06,scovillain-ex,Scovillain,8,58.33,overall,2026-05-25T16:41:13.610810+00:00
BRS-SSP,"10,11,12,13,14,15,16,17",8,charizard-pidgeot,Charizard Pidgeot,1269,4162,4225,1565,47.06,galvantula-ex,Galvantula,7,52.38,overall,2026-05-25T16:41:13.610810+00:00
BRS-SSP,"10,11,12,13,14,15,16,17",8,charizard-pidgeot,Charizard Pidgeot,1269,4162,4225,1565,47.06,banette-ex-sv,Banette,7,90.48,overall,2026-05-25T16:41:13.610810+00:00
BRS-SSP,"10,11,12,13,14,15,16,17",8,charizard-pidgeot,Charizard Pidgeot,1269,4162,4225,1565,47.06,espathra-xatu,Espathra Xatu,7,61.9,overall,2026-05-25T16:41:13.610810+00:00
BRS-SSP,"10,11,12,13,14,15,16,17",8,charizard-pidgeot,Charizard Pidgeot,1269,4162,4225,1565,47.06,dragapult-lz-box,Dragapult LZ Box,6,61.11,overall,2026-05-25T16:41:13.610810+00:00
BRS-SSP,"10,11,12,13,14,15,16,17",8,charizard-pidgeot,Charizard Pidgeot,1269,4162,4225,1565,47.06,gengar-ex,Gengar,5,60.0,overall,2026-05-25T16:41:13.610810+00:00
BRS-SSP,"10,11,12,13,14,15,16,17",8,charizard-pidgeot,Charizard Pidgeot,1269,4162,4225,1565,47.06,tyranitar-ex,Tyranitar,5,60.0,overall,2026-05-25T16:41:13.610810+00:00
BRS-SSP,"10,11,12,13,14,15,16,17",8,charizard-pidgeot,Charizard Pidgeot,1269,4162,4225,1565,47.06,entei-v,Entei,5,46.67,overall,2026-05-25T16:41:13.610810+00:00
BRS-SSP,"10,11,12,13,14,15,16,17",8,charizard-pidgeot,Charizard Pidgeot,1269,4162,4225,1565,47.06,froslass-munkidori,Froslass Munkidori,5,33.33,overall,2026-05-25T16:41:13.610810+00:00
BRS-SSP,"10,11,12,13,14,15,16,17",8,charizard-pidgeot,Charizard Pidgeot,1269,4162,4225,1565,47.06,alakazam-ex,Alakazam,5,40.0,overall,2026-05-25T16:41:13.610810+00:00
BRS-SSP,"10,11,12,13,14,15,16,17",8,charizard-pidgeot,Charizard Pidgeot,1269,4162,4225,1565,47.06,slaking-ex,Slaking,4,75.0,overall,2026-05-25T16:41:13.610810+00:00
BRS-SSP,"10,11,12,13,14,15,16,17",8,charizard-pidgeot,Charizard Pidgeot,1269,4162,4225,1565,47.06,toedscruel-ex,Toedscruel,4,50.0,overall,2026-05-25T16:41:13.610810+00:00
BRS-SSP,"10,11,12,13,14,15,16,17",8,charizard-pidgeot,Charizard Pidgeot,1269,4162,4225,1565,47.06,greninja-froslass,Greninja Froslass,4,100.0,overall,2026-05-25T16:41:13.610810+00:00
BRS-SSP,"10,11,12,13,14,15,16,17",8,charizard-pidgeot,Charizard Pidgeot,1269,4162,4225,1565,47.06,serperior-vstar,Serperior,4,50.0,overall,2026-05-25T16:41:13.610810+00:00
BRS-SSP,"10,11,12,13,14,15,16,17",8,charizard-pidgeot,Charizard Pidgeot,1269,4162,4225,1565,47.06,iron-valiant-ex,Iron Valiant,3,100.0,overall,2026-05-25T16:41:13.610810+00:00
BRS-SSP,"10,11,12,13,14,15,16,17",8,charizard-pidgeot,Charizard Pidgeot,1269,4162,4225,1565,47.06,raging-bolt-palkia,Raging Bolt Palkia,3,77.78,overall,2026-05-25T16:41:13.610810+00:00
BRS-SSP,"10,11,12,13,14,15,16,17",8,charizard-pidgeot,Charizard Pidgeot,1269,4162,4225,1565,47.06,meowscarada-ex,Meowscarada,3,33.33,overall,2026-05-25T16:41:13.610810+00:00
BRS-SSP,"10,11,12,13,14,15,16,17",8,charizard-pidgeot,Charizard Pidgeot,1269,4162,4225,1565,47.06,torterra-ex,Torterra,3,100.0,overall,2026-05-25T16:41:13.610810+00:00
BRS-SSP,"10,11,12,13,14,15,16,17",8,charizard-pidgeot,Charizard Pidgeot,1269,4162,4225,1565,47.06,okidogi-twm,Okidogi,3,66.67,overall,2026-05-25T16:41:13.610810+00:00
BRS-SSP,"10,11,12,13,14,15,16,17",8,charizard-pidgeot,Charizard Pidgeot,1269,4162,4225,1565,47.06,slowking-scr,Slowking,3,100.0,overall,2026-05-25T16:41:13.610810+00:00
BRS-SSP,"10,11,12,13,14,15,16,17",8,charizard-pidgeot,Charizard Pidgeot,1269,4162,4225,1565,47.06,venomoth-froslass,Venomoth Froslass,3,0.0,overall,2026-05-25T16:41:13.610810+00:00
BRS-SSP,"10,11,12,13,14,15,16,17",8,charizard-pidgeot,Charizard Pidgeot,1269,4162,4225,1565,47.06,banette-dusknoir,Banette Dusknoir,2,0.0,overall,2026-05-25T16:41:13.610810+00:00
BRS-SSP,"10,11,12,13,14,15,16,17",8,charizard-pidgeot,Charizard Pidgeot,1269,4162,4225,1565,47.06,spidops-ex,Spidops,2,16.67,overall,2026-05-25T16:41:13.610810+00:00
BRS-SSP,"10,11,12,13,14,15,16,17",8,charizard-pidgeot,Charizard Pidgeot,1269,4162,4225,1565,47.06,luxray-ex,Luxray,2,66.67,overall,2026-05-25T16:41:13.610810+00:00
BRS-SSP,"10,11,12,13,14,15,16,17",8,charizard-pidgeot,Charizard Pidgeot,1269,4162,4225,1565,47.06,dialga-vstar,Dialga,2,100.0,overall,2026-05-25T16:41:13.610810+00:00
BRS-SSP,"10,11,12,13,14,15,16,17",8,charizard-pidgeot,Charizard Pidgeot,1269,4162,4225,1565,47.06,darkrai-dusknoir,Darkrai Dusknoir,2,100.0,overall,2026-05-25T16:41:13.610810+00:00
BRS-SSP,"10,11,12,13,14,15,16,17",8,charizard-pidgeot,Charizard Pidgeot,1269,4162,4225,1565,47.06,kyurem-vmax,Kyurem,2,100.0,overall,2026-05-25T16:41:13.610810+00:00
BRS-SSP,"10,11,12,13,14,15,16,17",8,charizard-pidgeot,Charizard Pidgeot,1269,4162,4225,1565,47.06,cinderace-ex,Cinderace,2,50.0,overall,2026-05-25T16:41:13.610810+00:00
BRS-SSP,"10,11,12,13,14,15,16,17",8,charizard-pidgeot,Charizard Pidgeot,1269,4162,4225,1565,47.06,arceus-giratina,Arceus Giratina,2,100.0,overall,2026-05-25T16:41:13.610810+00:00
BRS-SSP,"10,11,12,13,14,15,16,17",8,charizard-pidgeot,Charizard Pidgeot,1269,4162,4225,1565,47.06,arceus-vulpix,Arceus Vulpix,2,50.0,overall,2026-05-25T16:41:13.610810+00:00
BRS-SSP,"10,11,12,13,14,15,16,17",8,charizard-pidgeot,Charizard Pidgeot,1269,4162,4225,1565,47.06,sinistcha-ogerpon,Sinistcha Ogerpon,2,66.67,overall,2026-05-25T16:41:13.610810+00:00
BRS-SSP,"10,11,12,13,14,15,16,17",8,charizard-pidgeot,Charizard Pidgeot,1269,4162,4225,1565,47.06,glimmora-ex,Glimmora,1,100.0,overall,2026-05-25T16:41:13.610810+00:00
BRS-SSP,"10,11,12,13,14,15,16,17",8,charizard-pidgeot,Charizard Pidgeot,1269,4162,4225,1565,47.06,cornerstone-mask-ogerpon-ex,Cornerstone Mask Ogerpon,1,0.0,overall,2026-05-25T16:41:13.610810+00:00
BRS-SSP,"10,11,12,13,14,15,16,17",8,charizard-pidgeot,Charizard Pidgeot,1269,4162,4225,1565,47.06,iron-thorns-crown,Future Thorns,1,100.0,overall,2026-05-25T16:41:13.610810+00:00
BRS-SSP,"10,11,12,13,14,15,16,17",8,charizard-pidgeot,Charizard Pidgeot,1269,4162,4225,1565,47.06,lucario-brs,Lucario,1,0.0,overall,2026-05-25T16:41:13.610810+00:00
BRS-SSP,"10,11,12,13,14,15,16,17",8,charizard-pidgeot,Charizard Pidgeot,1269,4162,4225,1565,47.06,goodra-lz-box,Goodra LZ Box,1,100.0,overall,2026-05-25T16:41:13.610810+00:00
BRS-SSP,"10,11,12,13,14,15,16,17",8,charizard-pidgeot,Charizard Pidgeot,1269,4162,4225,1565,47.06,alolan-exeggutor-ex,Alolan Exeggutor ex,1,0.0,overall,2026-05-25T16:41:13.610810+00:00
BRS-SSP,"10,11,12,13,14,15,16,17",8,charizard-pidgeot,Charizard Pidgeot,1269,4162,4225,1565,47.06,clefable-ex,Clefable,1,100.0,overall,2026-05-25T16:41:13.610810+00:00
BRS-SSP,"10,11,12,13,14,15,16,17",8,charizard-pidgeot,Charizard Pidgeot,1269,4162,4225,1565,47.06,miraidon-regieleki,Miraidon Regieleki,1,100.0,overall,2026-05-25T16:41:13.610810+00:00
BRS-SSP,"10,11,12,13,14,15,16,17",8,charizard-pidgeot,Charizard Pidgeot,1269,4162,4225,1565,47.06,walking-wake-ex,Walking Wake,1,100.0,overall,2026-05-25T16:41:13.610810+00:00
BRS-SSP,"10,11,12,13,14,15,16,17",8,charizard-pidgeot,Charizard Pidgeot,1269,4162,4225,1565,47.06,raging-bolt-entei,Raging Bolt Entei,1,100.0,overall,2026-05-25T16:41:13.610810+00:00
BRS-SSP,"10,11,12,13,14,15,16,17",8,charizard-pidgeot,Charizard Pidgeot,1269,4162,4225,1565,47.06,venomoth-mew,Venomoth,1,0.0,overall,2026-05-25T16:41:13.610810+00:00
BRS-SSP,"10,11,12,13,14,15,16,17",8,charizard-pidgeot,Charizard Pidgeot,1269,4162,4225,1565,47.06,hydrapple-ex,Hydrapple,1,100.0,overall,2026-05-25T16:41:13.610810+00:00
BRS-SSP,"10,11,12,13,14,15,16,17",8,charizard-pidgeot,Charizard Pidgeot,1269,4162,4225,1565,47.06,luxray-pidgeot,Luxray Control,1,100.0,overall,2026-05-25T16:41:13.610810+00:00
BRS-SSP,"10,11,12,13,14,15,16,17",8,charizard-pidgeot,Charizard Pidgeot,1269,4162,4225,1565,47.06,arceus-regidrago,Arceus Regidrago,1,0.0,overall,2026-05-25T16:41:13.610810+00:00
BRS-SSP,"10,11,12,13,14,15,16,17",8,charizard-pidgeot,Charizard Pidgeot,1269,4162,4225,1565,47.06,milotic-ex,Milotic,1,0.0,overall,2026-05-25T16:41:13.610810+00:00
BRS-SSP,"10,11,12,13,14,15,16,17",8,charizard-pidgeot,Charizard Pidgeot,1269,4162,4225,1565,47.06,noivern-ex,Noivern,1,0.0,overall,2026-05-25T16:41:13.610810+00:00
BRS-SSP,"10,11,12,13,14,15,16,17",8,charizard-pidgeot,Charizard Pidgeot,1269,4162,4225,1565,47.06,roaring-moon-dudunsparce,Roaring Moon Dudunsparce,1,33.33,overall,2026-05-25T16:41:13.610810+00:00
BRS-SSP,"10,11,12,13,14,15,16,17",8,charizard-pidgeot,Charizard Pidgeot,1269,4162,4225,1565,47.06,koraidon-ex,Koraidon,1,33.33,overall,2026-05-25T16:41:13.610810+00:00
BRS-SSP,"10,11,12,13,14,15,16,17",8,chien-pao-baxcalibur,Chien-Pao Baxcalibur,86,241,311,92,42.18,regidrago-vstar,Regidrago,77,40.26,overall,2026-05-25T16:41:16.076284+00:00
BRS-SSP,"10,11,12,13,14,15,16,17",8,chien-pao-baxcalibur,Chien-Pao Baxcalibur,86,241,311,92,42.18,charizard-pidgeot,Charizard Pidgeot,74,56.76,overall,2026-05-25T16:41:16.076284+00:00
BRS-SSP,"10,11,12,13,14,15,16,17",8,chien-pao-baxcalibur,Chien-Pao Baxcalibur,86,241,311,92,42.18,raging-bolt-ogerpon,Raging Bolt Ogerpon,56,42.86,overall,2026-05-25T16:41:16.076284+00:00
BRS-SSP,"10,11,12,13,14,15,16,17",8,chien-pao-baxcalibur,Chien-Pao Baxcalibur,86,241,311,92,42.18,gardevoir-ex-sv,Gardevoir,42,55.56,overall,2026-05-25T16:41:16.076284+00:00
BRS-SSP,"10,11,12,13,14,15,16,17",8,chien-pao-baxcalibur,Chien-Pao Baxcalibur,86,241,311,92,42.18,gholdengo-ex,Gholdengo,31,31.18,overall,2026-05-25T16:41:16.076284+00:00
BRS-SSP,"10,11,12,13,14,15,16,17",8,chien-pao-baxcalibur,Chien-Pao Baxcalibur,86,241,311,92,42.18,roaring-moon-ex,Roaring Moon,31,53.76,overall,2026-05-25T16:41:16.076284+00:00
BRS-SSP,"10,11,12,13,14,15,16,17",8,chien-pao-baxcalibur,Chien-Pao Baxcalibur,86,241,311,92,42.18,lost-zone-box,Lost Zone Box,29,24.14,overall,2026-05-25T16:41:16.076284+00:00
BRS-SSP,"10,11,12,13,14,15,16,17",8,chien-pao-baxcalibur,Chien-Pao Baxcalibur,86,241,311,92,42.18,miraidon-ex,Miraidon,28,47.62,overall,2026-05-25T16:41:16.076284+00:00
BRS-SSP,"10,11,12,13,14,15,16,17",8,chien-pao-baxcalibur,Chien-Pao Baxcalibur,86,241,311,92,42.18,dragapult-iron-thorns,Dragapult Iron Thorns,22,43.94,overall,2026-05-25T16:41:16.076284+00:00
BRS-SSP,"10,11,12,13,14,15,16,17",8,chien-pao-baxcalibur,Chien-Pao Baxcalibur,86,241,311,92,42.18,lugia-archeops,Lugia Archeops,20,25.0,overall,2026-05-25T16:41:16.076284+00:00
BRS-SSP,"10,11,12,13,14,15,16,17",8,chien-pao-baxcalibur,Chien-Pao Baxcalibur,86,241,311,92,42.18,snorlax-stall,Snorlax Stall,20,41.67,overall,2026-05-25T16:41:16.076284+00:00
BRS-SSP,"10,11,12,13,14,15,16,17",8,chien-pao-baxcalibur,Chien-Pao Baxcalibur,86,241,311,92,42.18,ancient-box,Ancient Box,19,14.04,overall,2026-05-25T16:41:16.076284+00:00
BRS-SSP,"10,11,12,13,14,15,16,17",8,chien-pao-baxcalibur,Chien-Pao Baxcalibur,86,241,311,92,42.18,poison-terapagos,Poison Terapagos,18,18.52,overall,2026-05-25T16:41:16.076284+00:00
BRS-SSP,"10,11,12,13,14,15,16,17",8,chien-pao-baxcalibur,Chien-Pao Baxcalibur,86,241,311,92,42.18,dragapult-dusknoir,Dragapult Dusknoir,15,17.78,overall,2026-05-25T16:41:16.076284+00:00
BRS-SSP,"10,11,12,13,14,15,16,17",8,chien-pao-baxcalibur,Chien-Pao Baxcalibur,86,241,311,92,42.18,terapagos-noctowl,Terapagos Noctowl,15,40.0,overall,2026-05-25T16:41:16.076284+00:00
BRS-SSP,"10,11,12,13,14,15,16,17",8,chien-pao-baxcalibur,Chien-Pao Baxcalibur,86,241,311,92,42.18,palkia-noctowl,Palkia Noctowl,13,38.46,overall,2026-05-25T16:41:16.076284+00:00
BRS-SSP,"10,11,12,13,14,15,16,17",8,chien-pao-baxcalibur,Chien-Pao Baxcalibur,86,241,311,92,42.18,archaludon-dialga,Archaludon Dialga,11,9.09,overall,2026-05-25T16:41:16.076284+00:00
BRS-SSP,"10,11,12,13,14,15,16,17",8,chien-pao-baxcalibur,Chien-Pao Baxcalibur,86,241,311,92,42.18,ceruledge-ex,Ceruledge,10,43.33,overall,2026-05-25T16:41:16.076284+00:00
BRS-SSP,"10,11,12,13,14,15,16,17",8,chien-pao-baxcalibur,Chien-Pao Baxcalibur,86,241,311,92,42.18,pidgeot-control,Pidgeot Control,10,43.33,overall,2026-05-25T16:41:16.076284+00:00
BRS-SSP,"10,11,12,13,14,15,16,17",8,chien-pao-baxcalibur,Chien-Pao Baxcalibur,86,241,311,92,42.18,hydreigon-ex,Hydreigon,9,59.26,overall,2026-05-25T16:41:16.076284+00:00
BRS-SSP,"10,11,12,13,14,15,16,17",8,chien-pao-baxcalibur,Chien-Pao Baxcalibur,86,241,311,92,42.18,archaludon-ex,Archaludon,9,25.93,overall,2026-05-25T16:41:16.076284+00:00
BRS-SSP,"10,11,12,13,14,15,16,17",8,chien-pao-baxcalibur,Chien-Pao Baxcalibur,86,241,311,92,42.18,other,Other,8,75.0,overall,2026-05-25T16:41:16.076284+00:00
BRS-SSP,"10,11,12,13,14,15,16,17",8,chien-pao-baxcalibur,Chien-Pao Baxcalibur,86,241,311,92,42.18,dragapult-pidgeot,Dragapult Pidgeot,7,47.62,overall,2026-05-25T16:41:16.076284+00:00
BRS-SSP,"10,11,12,13,14,15,16,17",8,chien-pao-baxcalibur,Chien-Pao Baxcalibur,86,241,311,92,42.18,iron-thorns-ex,Iron Thorns,6,33.33,overall,2026-05-25T16:41:16.076284+00:00
BRS-SSP,"10,11,12,13,14,15,16,17",8,chien-pao-baxcalibur,Chien-Pao Baxcalibur,86,241,311,92,42.18,klawf-par,Klawf,4,25.0,overall,2026-05-25T16:41:16.076284+00:00
BRS-SSP,"10,11,12,13,14,15,16,17",8,chien-pao-baxcalibur,Chien-Pao Baxcalibur,86,241,311,92,42.18,mimikyu-ogerpon,Mimikyu Ogerpon,4,33.33,overall,2026-05-25T16:41:16.076284+00:00
BRS-SSP,"10,11,12,13,14,15,16,17",8,chien-pao-baxcalibur,Chien-Pao Baxcalibur,86,241,311,92,42.18,palkia-dusknoir,Palkia Dusknoir,4,58.33,overall,2026-05-25T16:41:16.076284+00:00
BRS-SSP,"10,11,12,13,14,15,16,17",8,chien-pao-baxcalibur,Chien-Pao Baxcalibur,86,241,311,92,42.18,charizard-noctowl,Charizard Noctowl,4,58.33,overall,2026-05-25T16:41:16.076284+00:00
BRS-SSP,"10,11,12,13,14,15,16,17",8,chien-pao-baxcalibur,Chien-Pao Baxcalibur,86,241,311,92,42.18,gouging-fire-ex,Gouging Fire,3,100.0,overall,2026-05-25T16:41:16.076284+00:00
BRS-SSP,"10,11,12,13,14,15,16,17",8,chien-pao-baxcalibur,Chien-Pao Baxcalibur,86,241,311,92,42.18,torterra-ex,Torterra,3,100.0,overall,2026-05-25T16:41:16.076284+00:00
BRS-SSP,"10,11,12,13,14,15,16,17",8,chien-pao-baxcalibur,Chien-Pao Baxcalibur,86,241,311,92,42.18,united-wings,United Wings,3,44.44,overall,2026-05-25T16:41:16.076284+00:00
BRS-SSP,"10,11,12,13,14,15,16,17",8,chien-pao-baxcalibur,Chien-Pao Baxcalibur,86,241,311,92,42.18,ogerpon-noivern,Ogerpon Noivern,2,100.0,overall,2026-05-25T16:41:16.076284+00:00
BRS-SSP,"10,11,12,13,14,15,16,17",8,chien-pao-baxcalibur,Chien-Pao Baxcalibur,86,241,311,92,42.18,hisuian-zoroark-vstar,Hisuian Zoroark,2,50.0,overall,2026-05-25T16:41:16.076284+00:00
BRS-SSP,"10,11,12,13,14,15,16,17",8,chien-pao-baxcalibur,Chien-Pao Baxcalibur,86,241,311,92,42.18,banette-dusknoir,Banette Dusknoir,2,0.0,overall,2026-05-25T16:41:16.076284+00:00
BRS-SSP,"10,11,12,13,14,15,16,17",8,chien-pao-baxcalibur,Chien-Pao Baxcalibur,86,241,311,92,42.18,cornerstone-mask-ogerpon-ex,Cornerstone Mask Ogerpon,2,50.0,overall,2026-05-25T16:41:16.076284+00:00
BRS-SSP,"10,11,12,13,14,15,16,17",8,chien-pao-baxcalibur,Chien-Pao Baxcalibur,86,241,311,92,42.18,lzb-charizard,Lost Box Charizard,2,0.0,overall,2026-05-25T16:41:16.076284+00:00
BRS-SSP,"10,11,12,13,14,15,16,17",8,chien-pao-baxcalibur,Chien-Pao Baxcalibur,86,241,311,92,42.18,charizard-ex,Charizard,2,0.0,overall,2026-05-25T16:41:16.076284+00:00
BRS-SSP,"10,11,12,13,14,15,16,17",8,chien-pao-baxcalibur,Chien-Pao Baxcalibur,86,241,311,92,42.18,banette-gardevoir,Banette Gardevoir,2,0.0,overall,2026-05-25T16:41:16.076284+00:00
BRS-SSP,"10,11,12,13,14,15,16,17",8,chien-pao-baxcalibur,Chien-Pao Baxcalibur,86,241,311,92,42.18,iron-hands-ex,Future Hands,2,100.0,overall,2026-05-25T16:41:16.076284+00:00
BRS-SSP,"10,11,12,13,14,15,16,17",8,chien-pao-baxcalibur,Chien-Pao Baxcalibur,86,241,311,92,42.18,hydrapple-ogerpon,Hydrapple Ogerpon,2,50.0,overall,2026-05-25T16:41:16.076284+00:00
BRS-SSP,"10,11,12,13,14,15,16,17",8,chien-pao-baxcalibur,Chien-Pao Baxcalibur,86,241,311,92,42.18,future-box,Future Box,1,100.0,overall,2026-05-25T16:41:16.076284+00:00
BRS-SSP,"10,11,12,13,14,15,16,17",8,chien-pao-baxcalibur,Chien-Pao Baxcalibur,86,241,311,92,42.18,toedscruel-ex,Toedscruel,1,0.0,overall,2026-05-25T16:41:16.076284+00:00
BRS-SSP,"10,11,12,13,14,15,16,17",8,chien-pao-baxcalibur,Chien-Pao Baxcalibur,86,241,311,92,42.18,dialga-vstar,Dialga,1,0.0,overall,2026-05-25T16:41:16.076284+00:00
BRS-SSP,"10,11,12,13,14,15,16,17",8,chien-pao-baxcalibur,Chien-Pao Baxcalibur,86,241,311,92,42.18,greninja-ex,Greninja,1,100.0,overall,2026-05-25T16:41:16.076284+00:00
BRS-SSP,"10,11,12,13,14,15,16,17",8,chien-pao-baxcalibur,Chien-Pao Baxcalibur,86,241,311,92,42.18,miraidon-regieleki,Miraidon Regieleki,1,0.0,overall,2026-05-25T16:41:16.076284+00:00
BRS-SSP,"10,11,12,13,14,15,16,17",8,chien-pao-baxcalibur,Chien-Pao Baxcalibur,86,241,311,92,42.18,dragapult-lz-box,Dragapult LZ Box,1,0.0,overall,2026-05-25T16:41:16.076284+00:00
BRS-SSP,"10,11,12,13,14,15,16,17",8,chien-pao-baxcalibur,Chien-Pao Baxcalibur,86,241,311,92,42.18,okidogi-twm,Okidogi,1,0.0,overall,2026-05-25T16:41:16.076284+00:00
BRS-SSP,"10,11,12,13,14,15,16,17",8,chien-pao-baxcalibur,Chien-Pao Baxcalibur,86,241,311,92,42.18,meowscarada-ex,Meowscarada,1,0.0,overall,2026-05-25T16:41:16.076284+00:00
BRS-SSP,"10,11,12,13,14,15,16,17",8,chien-pao-baxcalibur,Chien-Pao Baxcalibur,86,241,311,92,42.18,lucario-brs,Lucario,1,100.0,overall,2026-05-25T16:41:16.076284+00:00
BRS-SSP,"10,11,12,13,14,15,16,17",8,chien-pao-baxcalibur,Chien-Pao Baxcalibur,86,241,311,92,42.18,azumarill-ssp,Azumarill,1,100.0,overall,2026-05-25T16:41:16.076284+00:00
BRS-SSP,"10,11,12,13,14,15,16,17",8,chien-pao-baxcalibur,Chien-Pao Baxcalibur,86,241,311,92,42.18,okidogi-ex,Okidogi,1,100.0,overall,2026-05-25T16:41:16.076284+00:00
BRS-SSP,"10,11,12,13,14,15,16,17",8,chien-pao-baxcalibur,Chien-Pao Baxcalibur,86,241,311,92,42.18,conkeldurr-twm,Conkeldurr,1,0.0,overall,2026-05-25T16:41:16.076284+00:00
BRS-SSP,"10,11,12,13,14,15,16,17",8,chien-pao-baxcalibur,Chien-Pao Baxcalibur,86,241,311,92,42.18,chien-pao-baxcalibur,Chien-Pao Baxcalibur,1,50.0,overall,2026-05-25T16:41:16.076284+00:00
BRS-SSP,"10,11,12,13,14,15,16,17",8,chien-pao-baxcalibur,Chien-Pao Baxcalibur,86,241,311,92,42.18,great-tusk-tef,Great Tusk Mill,1,100.0,overall,2026-05-25T16:41:16.076284+00:00
BRS-SSP,"10,11,12,13,14,15,16,17",8,chien-pao-baxcalibur,Chien-Pao Baxcalibur,86,241,311,92,42.18,flygon-ex-ssp,Flygon,1,100.0,overall,2026-05-25T16:41:16.076284+00:00
BRS-SSP,"10,11,12,13,14,15,16,17",8,chien-pao-baxcalibur,Chien-Pao Baxcalibur,86,241,311,92,42.18,espathra-xatu,Espathra Xatu,1,100.0,overall,2026-05-25T16:41:16.076284+00:00
BRS-SSP,"10,11,12,13,14,15,16,17",8,chien-pao-baxcalibur,Chien-Pao Baxcalibur,86,241,311,92,42.18,arceus-armarouge,Arceus Armarouge,1,100.0,overall,2026-05-25T16:41:16.076284+00:00
BRS-SSP,"10,11,12,13,14,15,16,17",8,cinderace-ex,Cinderace,3,9,13,3,40.0,regidrago-vstar,Regidrago,4,25.0,overall,2026-05-25T16:41:18.520076+00:00
BRS-SSP,"10,11,12,13,14,15,16,17",8,cinderace-ex,Cinderace,3,9,13,3,40.0,poison-terapagos,Poison Terapagos,2,50.0,overall,2026-05-25T16:41:18.520076+00:00
BRS-SSP,"10,11,12,13,14,15,16,17",8,cinderace-ex,Cinderace,3,9,13,3,40.0,gholdengo-ex,Gholdengo,2,0.0,overall,2026-05-25T16:41:18.520076+00:00
BRS-SSP,"10,11,12,13,14,15,16,17",8,cinderace-ex,Cinderace,3,9,13,3,40.0,dragapult-iron-thorns,Dragapult Iron Thorns,2,0.0,overall,2026-05-25T16:41:18.520076+00:00
BRS-SSP,"10,11,12,13,14,15,16,17",8,cinderace-ex,Cinderace,3,9,13,3,40.0,charizard-pidgeot,Charizard Pidgeot,2,50.0,overall,2026-05-25T16:41:18.520076+00:00
BRS-SSP,"10,11,12,13,14,15,16,17",8,cinderace-ex,Cinderace,3,9,13,3,40.0,archaludon-ex,Archaludon,2,0.0,overall,2026-05-25T16:41:18.520076+00:00
BRS-SSP,"10,11,12,13,14,15,16,17",8,cinderace-ex,Cinderace,3,9,13,3,40.0,raging-bolt-ogerpon,Raging Bolt Ogerpon,1,0.0,overall,2026-05-25T16:41:18.520076+00:00
BRS-SSP,"10,11,12,13,14,15,16,17",8,cinderace-ex,Cinderace,3,9,13,3,40.0,ogerpon-noivern,Ogerpon Noivern,1,100.0,overall,2026-05-25T16:41:18.520076+00:00
BRS-SSP,"10,11,12,13,14,15,16,17",8,cinderace-ex,Cinderace,3,9,13,3,40.0,lost-zone-box,Lost Zone Box,1,0.0,overall,2026-05-25T16:41:18.520076+00:00
BRS-SSP,"10,11,12,13,14,15,16,17",8,cinderace-ex,Cinderace,3,9,13,3,40.0,roaring-moon-ex,Roaring Moon,1,0.0,overall,2026-05-25T16:41:18.520076+00:00
BRS-SSP,"10,11,12,13,14,15,16,17",8,cinderace-ex,Cinderace,3,9,13,3,40.0,iron-hands-ex,Future Hands,1,100.0,overall,2026-05-25T16:41:18.520076+00:00
BRS-SSP,"10,11,12,13,14,15,16,17",8,cinderace-ex,Cinderace,3,9,13,3,40.0,lugia-archeops,Lugia Archeops,1,100.0,overall,2026-05-25T16:41:18.520076+00:00
BRS-SSP,"10,11,12,13,14,15,16,17",8,cinderace-ex,Cinderace,3,9,13,3,40.0,miraidon-ex,Miraidon,1,100.0,overall,2026-05-25T16:41:18.520076+00:00
BRS-SSP,"10,11,12,13,14,15,16,17",8,cinderace-ex,Cinderace,3,9,13,3,40.0,ancient-box,Ancient Box,1,0.0,overall,2026-05-25T16:41:18.520076+00:00
BRS-SSP,"10,11,12,13,14,15,16,17",8,cinderace-ex,Cinderace,3,9,13,3,40.0,gardevoir-ex-sv,Gardevoir,1,100.0,overall,2026-05-25T16:41:18.520076+00:00
BRS-SSP,"10,11,12,13,14,15,16,17",8,cinderace-ex,Cinderace,3,9,13,3,40.0,mimikyu-ogerpon,Mimikyu Ogerpon,1,100.0,overall,2026-05-25T16:41:18.520076+00:00
BRS-SSP,"10,11,12,13,14,15,16,17",8,cinderace-ex,Cinderace,3,9,13,3,40.0,dragapult-lz-box,Dragapult LZ Box,1,100.0,overall,2026-05-25T16:41:18.520076+00:00
BRS-SSP,"10,11,12,13,14,15,16,17",8,clefable-ex,Clefable,1,0,3,1,8.33,poison-terapagos,Poison Terapagos,1,0.0,overall,2026-05-25T16:41:20.942377+00:00
BRS-SSP,"10,11,12,13,14,15,16,17",8,clefable-ex,Clefable,1,0,3,1,8.33,charizard-pidgeot,Charizard Pidgeot,1,0.0,overall,2026-05-25T16:41:20.942377+00:00
BRS-SSP,"10,11,12,13,14,15,16,17",8,clefable-ex,Clefable,1,0,3,1,8.33,gholdengo-ex,Gholdengo,1,0.0,overall,2026-05-25T16:41:20.942377+00:00
BRS-SSP,"10,11,12,13,14,15,16,17",8,clefable-ex,Clefable,1,0,3,1,8.33,blissey-ex,Blissey,1,33.33,overall,2026-05-25T16:41:20.942377+00:00
BRS-SSP,"10,11,12,13,14,15,16,17",8,conkeldurr-twm,Conkeldurr,28,87,87,42,46.76,regidrago-vstar,Regidrago,29,33.33,overall,2026-05-25T16:41:23.403761+00:00
BRS-SSP,"10,11,12,13,14,15,16,17",8,conkeldurr-twm,Conkeldurr,28,87,87,42,46.76,charizard-pidgeot,Charizard Pidgeot,21,50.79,overall,2026-05-25T16:41:23.403761+00:00
BRS-SSP,"10,11,12,13,14,15,16,17",8,conkeldurr-twm,Conkeldurr,28,87,87,42,46.76,raging-bolt-ogerpon,Raging Bolt Ogerpon,15,73.33,overall,2026-05-25T16:41:23.403761+00:00
BRS-SSP,"10,11,12,13,14,15,16,17",8,conkeldurr-twm,Conkeldurr,28,87,87,42,46.76,gardevoir-ex-sv,Gardevoir,13,10.26,overall,2026-05-25T16:41:23.403761+00:00
BRS-SSP,"10,11,12,13,14,15,16,17",8,conkeldurr-twm,Conkeldurr,28,87,87,42,46.76,miraidon-ex,Miraidon,11,36.36,overall,2026-05-25T16:41:23.403761+00:00
BRS-SSP,"10,11,12,13,14,15,16,17",8,conkeldurr-twm,Conkeldurr,28,87,87,42,46.76,lugia-archeops,Lugia Archeops,9,44.44,overall,2026-05-25T16:41:23.403761+00:00
BRS-SSP,"10,11,12,13,14,15,16,17",8,conkeldurr-twm,Conkeldurr,28,87,87,42,46.76,roaring-moon-ex,Roaring Moon,9,59.26,overall,2026-05-25T16:41:23.403761+00:00
BRS-SSP,"10,11,12,13,14,15,16,17",8,conkeldurr-twm,Conkeldurr,28,87,87,42,46.76,gholdengo-ex,Gholdengo,9,59.26,overall,2026-05-25T16:41:23.403761+00:00
BRS-SSP,"10,11,12,13,14,15,16,17",8,conkeldurr-twm,Conkeldurr,28,87,87,42,46.76,archaludon-ex,Archaludon,7,61.9,overall,2026-05-25T16:41:23.403761+00:00
BRS-SSP,"10,11,12,13,14,15,16,17",8,conkeldurr-twm,Conkeldurr,28,87,87,42,46.76,archaludon-dialga,Archaludon Dialga,7,38.1,overall,2026-05-25T16:41:23.403761+00:00
BRS-SSP,"10,11,12,13,14,15,16,17",8,conkeldurr-twm,Conkeldurr,28,87,87,42,46.76,snorlax-stall,Snorlax Stall,7,19.05,overall,2026-05-25T16:41:23.403761+00:00
BRS-SSP,"10,11,12,13,14,15,16,17",8,conkeldurr-twm,Conkeldurr,28,87,87,42,46.76,dragapult-iron-thorns,Dragapult Iron Thorns,7,19.05,overall,2026-05-25T16:41:23.403761+00:00
BRS-SSP,"10,11,12,13,14,15,16,17",8,conkeldurr-twm,Conkeldurr,28,87,87,42,46.76,ancient-box,Ancient Box,6,27.78,overall,2026-05-25T16:41:23.403761+00:00
BRS-SSP,"10,11,12,13,14,15,16,17",8,conkeldurr-twm,Conkeldurr,28,87,87,42,46.76,lost-zone-box,Lost Zone Box,6,5.56,overall,2026-05-25T16:41:23.403761+00:00
BRS-SSP,"10,11,12,13,14,15,16,17",8,conkeldurr-twm,Conkeldurr,28,87,87,42,46.76,palkia-dusknoir,Palkia Dusknoir,5,40.0,overall,2026-05-25T16:41:23.403761+00:00
BRS-SSP,"10,11,12,13,14,15,16,17",8,conkeldurr-twm,Conkeldurr,28,87,87,42,46.76,dragapult-dusknoir,Dragapult Dusknoir,5,86.67,overall,2026-05-25T16:41:23.403761+00:00
BRS-SSP,"10,11,12,13,14,15,16,17",8,conkeldurr-twm,Conkeldurr,28,87,87,42,46.76,pidgeot-control,Pidgeot Control,5,33.33,overall,2026-05-25T16:41:23.403761+00:00
BRS-SSP,"10,11,12,13,14,15,16,17",8,conkeldurr-twm,Conkeldurr,28,87,87,42,46.76,other,Other,4,58.33,overall,2026-05-25T16:41:23.403761+00:00
BRS-SSP,"10,11,12,13,14,15,16,17",8,conkeldurr-twm,Conkeldurr,28,87,87,42,46.76,poison-terapagos,Poison Terapagos,4,50.0,overall,2026-05-25T16:41:23.403761+00:00
BRS-SSP,"10,11,12,13,14,15,16,17",8,conkeldurr-twm,Conkeldurr,28,87,87,42,46.76,klawf-par,Klawf,3,33.33,overall,2026-05-25T16:41:23.403761+00:00
BRS-SSP,"10,11,12,13,14,15,16,17",8,conkeldurr-twm,Conkeldurr,28,87,87,42,46.76,terapagos-noctowl,Terapagos Noctowl,3,66.67,overall,2026-05-25T16:41:23.403761+00:00
BRS-SSP,"10,11,12,13,14,15,16,17",8,conkeldurr-twm,Conkeldurr,28,87,87,42,46.76,ceruledge-ex,Ceruledge,3,100.0,overall,2026-05-25T16:41:23.403761+00:00
BRS-SSP,"10,11,12,13,14,15,16,17",8,conkeldurr-twm,Conkeldurr,28,87,87,42,46.76,palkia-noctowl,Palkia Noctowl,3,66.67,overall,2026-05-25T16:41:23.403761+00:00
BRS-SSP,"10,11,12,13,14,15,16,17",8,conkeldurr-twm,Conkeldurr,28,87,87,42,46.76,hisuian-zoroark-vstar,Hisuian Zoroark,2,100.0,overall,2026-05-25T16:41:23.403761+00:00
BRS-SSP,"10,11,12,13,14,15,16,17",8,conkeldurr-twm,Conkeldurr,28,87,87,42,46.76,charizard-ex,Charizard,2,50.0,overall,2026-05-25T16:41:23.403761+00:00
BRS-SSP,"10,11,12,13,14,15,16,17",8,conkeldurr-twm,Conkeldurr,28,87,87,42,46.76,festival-lead,Dipplin,2,33.33,overall,2026-05-25T16:41:23.403761+00:00
BRS-SSP,"10,11,12,13,14,15,16,17",8,conkeldurr-twm,Conkeldurr,28,87,87,42,46.76,united-wings,United Wings,2,50.0,overall,2026-05-25T16:41:23.403761+00:00
BRS-SSP,"10,11,12,13,14,15,16,17",8,conkeldurr-twm,Conkeldurr,28,87,87,42,46.76,iron-thorns-ex,Iron Thorns,1,0.0,overall,2026-05-25T16:41:23.403761+00:00
BRS-SSP,"10,11,12,13,14,15,16,17",8,conkeldurr-twm,Conkeldurr,28,87,87,42,46.76,dakrai-vstar,Darkrai,1,100.0,overall,2026-05-25T16:41:23.403761+00:00
BRS-SSP,"10,11,12,13,14,15,16,17",8,conkeldurr-twm,Conkeldurr,28,87,87,42,46.76,gouging-fire-ex,Gouging Fire,1,33.33,overall,2026-05-25T16:41:23.403761+00:00
BRS-SSP,"10,11,12,13,14,15,16,17",8,conkeldurr-twm,Conkeldurr,28,87,87,42,46.76,palkia-vstar,Palkia,1,33.33,overall,2026-05-25T16:41:23.403761+00:00
BRS-SSP,"10,11,12,13,14,15,16,17",8,conkeldurr-twm,Conkeldurr,28,87,87,42,46.76,blissey-ex,Blissey,1,100.0,overall,2026-05-25T16:41:23.403761+00:00
BRS-SSP,"10,11,12,13,14,15,16,17",8,conkeldurr-twm,Conkeldurr,28,87,87,42,46.76,tsareena-ex,Tsareena,1,33.33,overall,2026-05-25T16:41:23.403761+00:00
BRS-SSP,"10,11,12,13,14,15,16,17",8,conkeldurr-twm,Conkeldurr,28,87,87,42,46.76,dragapult-pidgeot,Dragapult Pidgeot,1,100.0,overall,2026-05-25T16:41:23.403761+00:00
BRS-SSP,"10,11,12,13,14,15,16,17",8,conkeldurr-twm,Conkeldurr,28,87,87,42,46.76,greninja-ex,Greninja,1,100.0,overall,2026-05-25T16:41:23.403761+00:00
BRS-SSP,"10,11,12,13,14,15,16,17",8,conkeldurr-twm,Conkeldurr,28,87,87,42,46.76,mimikyu-ogerpon,Mimikyu Ogerpon,1,100.0,overall,2026-05-25T16:41:23.403761+00:00
BRS-SSP,"10,11,12,13,14,15,16,17",8,conkeldurr-twm,Conkeldurr,28,87,87,42,46.76,flygon-ex-ssp,Flygon,1,100.0,overall,2026-05-25T16:41:23.403761+00:00
BRS-SSP,"10,11,12,13,14,15,16,17",8,conkeldurr-twm,Conkeldurr,28,87,87,42,46.76,gengar-ex,Gengar,1,100.0,overall,2026-05-25T16:41:23.403761+00:00
BRS-SSP,"10,11,12,13,14,15,16,17",8,conkeldurr-twm,Conkeldurr,28,87,87,42,46.76,banette-gardevoir,Banette Gardevoir,1,100.0,overall,2026-05-25T16:41:23.403761+00:00
BRS-SSP,"10,11,12,13,14,15,16,17",8,conkeldurr-twm,Conkeldurr,28,87,87,42,46.76,zeraora-v,Zeraora,1,100.0,overall,2026-05-25T16:41:23.403761+00:00
BRS-SSP,"10,11,12,13,14,15,16,17",8,conkeldurr-twm,Conkeldurr,28,87,87,42,46.76,chien-pao-baxcalibur,Chien-Pao Baxcalibur,1,100.0,overall,2026-05-25T16:41:23.403761+00:00
BRS-SSP,"10,11,12,13,14,15,16,17",8,conkeldurr-twm,Conkeldurr,28,87,87,42,46.76,hydreigon-ex,Hydreigon,1,100.0,overall,2026-05-25T16:41:23.403761+00:00
BRS-SSP,"10,11,12,13,14,15,16,17",8,conkeldurr-twm,Conkeldurr,28,87,87,42,46.76,dragapult-charizard,Dragapult Charizard,1,0.0,overall,2026-05-25T16:41:23.403761+00:00
BRS-SSP,"10,11,12,13,14,15,16,17",8,cornerstone-mask-ogerpon-ex,Cornerstone Mask Ogerpon,5,13,20,7,38.33,raging-bolt-ogerpon,Raging Bolt Ogerpon,5,66.67,overall,2026-05-25T16:41:25.913700+00:00
BRS-SSP,"10,11,12,13,14,15,16,17",8,cornerstone-mask-ogerpon-ex,Cornerstone Mask Ogerpon,5,13,20,7,38.33,regidrago-vstar,Regidrago,5,40.0,overall,2026-05-25T16:41:25.913700+00:00
BRS-SSP,"10,11,12,13,14,15,16,17",8,cornerstone-mask-ogerpon-ex,Cornerstone Mask Ogerpon,5,13,20,7,38.33,roaring-moon-ex,Roaring Moon,5,6.67,overall,2026-05-25T16:41:25.913700+00:00
BRS-SSP,"10,11,12,13,14,15,16,17",8,cornerstone-mask-ogerpon-ex,Cornerstone Mask Ogerpon,5,13,20,7,38.33,lugia-archeops,Lugia Archeops,2,0.0,overall,2026-05-25T16:41:25.913700+00:00
BRS-SSP,"10,11,12,13,14,15,16,17",8,cornerstone-mask-ogerpon-ex,Cornerstone Mask Ogerpon,5,13,20,7,38.33,terapagos-noctowl,Terapagos Noctowl,2,33.33,overall,2026-05-25T16:41:25.913700+00:00
BRS-SSP,"10,11,12,13,14,15,16,17",8,cornerstone-mask-ogerpon-ex,Cornerstone Mask Ogerpon,5,13,20,7,38.33,miraidon-ex,Miraidon,2,66.67,overall,2026-05-25T16:41:25.913700+00:00
BRS-SSP,"10,11,12,13,14,15,16,17",8,cornerstone-mask-ogerpon-ex,Cornerstone Mask Ogerpon,5,13,20,7,38.33,gardevoir-ex-sv,Gardevoir,2,50.0,overall,2026-05-25T16:41:25.913700+00:00
BRS-SSP,"10,11,12,13,14,15,16,17",8,cornerstone-mask-ogerpon-ex,Cornerstone Mask Ogerpon,5,13,20,7,38.33,chien-pao-baxcalibur,Chien-Pao Baxcalibur,2,50.0,overall,2026-05-25T16:41:25.913700+00:00
BRS-SSP,"10,11,12,13,14,15,16,17",8,cornerstone-mask-ogerpon-ex,Cornerstone Mask Ogerpon,5,13,20,7,38.33,snorlax-stall,Snorlax Stall,2,0.0,overall,2026-05-25T16:41:25.913700+00:00
BRS-SSP,"10,11,12,13,14,15,16,17",8,cornerstone-mask-ogerpon-ex,Cornerstone Mask Ogerpon,5,13,20,7,38.33,ogerpon-noivern,Ogerpon Noivern,1,0.0,overall,2026-05-25T16:41:25.913700+00:00
BRS-SSP,"10,11,12,13,14,15,16,17",8,cornerstone-mask-ogerpon-ex,Cornerstone Mask Ogerpon,5,13,20,7,38.33,festival-lead,Dipplin,1,100.0,overall,2026-05-25T16:41:25.913700+00:00
BRS-SSP,"10,11,12,13,14,15,16,17",8,cornerstone-mask-ogerpon-ex,Cornerstone Mask Ogerpon,5,13,20,7,38.33,gholdengo-ex,Gholdengo,1,100.0,overall,2026-05-25T16:41:25.913700+00:00
BRS-SSP,"10,11,12,13,14,15,16,17",8,cornerstone-mask-ogerpon-ex,Cornerstone Mask Ogerpon,5,13,20,7,38.33,lucario-brs,Lucario,1,0.0,overall,2026-05-25T16:41:25.913700+00:00
BRS-SSP,"10,11,12,13,14,15,16,17",8,cornerstone-mask-ogerpon-ex,Cornerstone Mask Ogerpon,5,13,20,7,38.33,charizard-pidgeot,Charizard Pidgeot,1,100.0,overall,2026-05-25T16:41:25.913700+00:00
BRS-SSP,"10,11,12,13,14,15,16,17",8,cornerstone-mask-ogerpon-ex,Cornerstone Mask Ogerpon,5,13,20,7,38.33,gouging-fire-ex,Gouging Fire,1,0.0,overall,2026-05-25T16:41:25.913700+00:00
BRS-SSP,"10,11,12,13,14,15,16,17",8,cornerstone-mask-ogerpon-ex,Cornerstone Mask Ogerpon,5,13,20,7,38.33,lost-zone-box,Lost Zone Box,1,33.33,overall,2026-05-25T16:41:25.913700+00:00
BRS-SSP,"10,11,12,13,14,15,16,17",8,cornerstone-mask-ogerpon-ex,Cornerstone Mask Ogerpon,5,13,20,7,38.33,palkia-noctowl,Palkia Noctowl,1,0.0,overall,2026-05-25T16:41:25.913700+00:00
BRS-SSP,"10,11,12,13,14,15,16,17",8,cornerstone-mask-ogerpon-ex,Cornerstone Mask Ogerpon,5,13,20,7,38.33,iron-thorns-ex,Iron Thorns,1,100.0,overall,2026-05-25T16:41:25.913700+00:00
BRS-SSP,"10,11,12,13,14,15,16,17",8,cornerstone-mask-ogerpon-ex,Cornerstone Mask Ogerpon,5,13,20,7,38.33,mimikyu-ogerpon,Mimikyu Ogerpon,1,100.0,overall,2026-05-25T16:41:25.913700+00:00
BRS-SSP,"10,11,12,13,14,15,16,17",8,cornerstone-mask-ogerpon-ex,Cornerstone Mask Ogerpon,5,13,20,7,38.33,archaludon-dialga,Archaludon Dialga,1,0.0,overall,2026-05-25T16:41:25.913700+00:00
BRS-SSP,"10,11,12,13,14,15,16,17",8,cornerstone-mask-ogerpon-ex,Cornerstone Mask Ogerpon,5,13,20,7,38.33,ancient-box,Ancient Box,1,0.0,overall,2026-05-25T16:41:25.913700+00:00
BRS-SSP,"10,11,12,13,14,15,16,17",8,cornerstone-mask-ogerpon-ex,Cornerstone Mask Ogerpon,5,13,20,7,38.33,palkia-dusknoir,Palkia Dusknoir,1,33.33,overall,2026-05-25T16:41:25.913700+00:00
BRS-SSP,"10,11,12,13,14,15,16,17",8,dakrai-vstar,Darkrai,1,0,3,0,0.0,conkeldurr-twm,Conkeldurr,1,0.0,overall,2026-05-25T16:41:28.332213+00:00
BRS-SSP,"10,11,12,13,14,15,16,17",8,dakrai-vstar,Darkrai,1,0,3,0,0.0,charizard-noctowl,Charizard Noctowl,1,0.0,overall,2026-05-25T16:41:28.332213+00:00
BRS-SSP,"10,11,12,13,14,15,16,17",8,dakrai-vstar,Darkrai,1,0,3,0,0.0,lugia-archeops,Lugia Archeops,1,0.0,overall,2026-05-25T16:41:28.332213+00:00
BRS-SSP,"10,11,12,13,14,15,16,17",8,darkrai-dusknoir,Darkrai Dusknoir,1,3,5,0,37.5,raging-bolt-ogerpon,Raging Bolt Ogerpon,2,50.0,overall,2026-05-25T16:41:30.775592+00:00
BRS-SSP,"10,11,12,13,14,15,16,17",8,darkrai-dusknoir,Darkrai Dusknoir,1,3,5,0,37.5,charizard-pidgeot,Charizard Pidgeot,2,0.0,overall,2026-05-25T16:41:30.775592+00:00
BRS-SSP,"10,11,12,13,14,15,16,17",8,darkrai-dusknoir,Darkrai Dusknoir,1,3,5,0,37.5,gholdengo-ex,Gholdengo,1,0.0,overall,2026-05-25T16:41:30.775592+00:00
BRS-SSP,"10,11,12,13,14,15,16,17",8,darkrai-dusknoir,Darkrai Dusknoir,1,3,5,0,37.5,lugia-archeops,Lugia Archeops,1,100.0,overall,2026-05-25T16:41:30.775592+00:00
BRS-SSP,"10,11,12,13,14,15,16,17",8,darkrai-dusknoir,Darkrai Dusknoir,1,3,5,0,37.5,lost-zone-box,Lost Zone Box,1,0.0,overall,2026-05-25T16:41:30.775592+00:00
BRS-SSP,"10,11,12,13,14,15,16,17",8,darkrai-dusknoir,Darkrai Dusknoir,1,3,5,0,37.5,gardevoir-ex-sv,Gardevoir,1,100.0,overall,2026-05-25T16:41:30.775592+00:00
BRS-SSP,"10,11,12,13,14,15,16,17",8,dialga-metang,Dialga Metang,16,43,55,14,42.56,charizard-pidgeot,Charizard Pidgeot,18,40.74,overall,2026-05-25T16:41:33.226176+00:00
BRS-SSP,"10,11,12,13,14,15,16,17",8,dialga-metang,Dialga Metang,16,43,55,14,42.56,regidrago-vstar,Regidrago,14,40.48,overall,2026-05-25T16:41:33.226176+00:00
BRS-SSP,"10,11,12,13,14,15,16,17",8,dialga-metang,Dialga Metang,16,43,55,14,42.56,raging-bolt-ogerpon,Raging Bolt Ogerpon,7,47.62,overall,2026-05-25T16:41:33.226176+00:00
BRS-SSP,"10,11,12,13,14,15,16,17",8,dialga-metang,Dialga Metang,16,43,55,14,42.56,lugia-archeops,Lugia Archeops,7,61.9,overall,2026-05-25T16:41:33.226176+00:00
BRS-SSP,"10,11,12,13,14,15,16,17",8,dialga-metang,Dialga Metang,16,43,55,14,42.56,gardevoir-ex-sv,Gardevoir,7,47.62,overall,2026-05-25T16:41:33.226176+00:00
BRS-SSP,"10,11,12,13,14,15,16,17",8,dialga-metang,Dialga Metang,16,43,55,14,42.56,miraidon-ex,Miraidon,6,5.56,overall,2026-05-25T16:41:33.226176+00:00
BRS-SSP,"10,11,12,13,14,15,16,17",8,dialga-metang,Dialga Metang,16,43,55,14,42.56,snorlax-stall,Snorlax Stall,5,0.0,overall,2026-05-25T16:41:33.226176+00:00
BRS-SSP,"10,11,12,13,14,15,16,17",8,dialga-metang,Dialga Metang,16,43,55,14,42.56,gholdengo-ex,Gholdengo,5,26.67,overall,2026-05-25T16:41:33.226176+00:00
BRS-SSP,"10,11,12,13,14,15,16,17",8,dialga-metang,Dialga Metang,16,43,55,14,42.56,terapagos-noctowl,Terapagos Noctowl,4,58.33,overall,2026-05-25T16:41:33.226176+00:00
BRS-SSP,"10,11,12,13,14,15,16,17",8,dialga-metang,Dialga Metang,16,43,55,14,42.56,ceruledge-ex,Ceruledge,3,0.0,overall,2026-05-25T16:41:33.226176+00:00
BRS-SSP,"10,11,12,13,14,15,16,17",8,dialga-metang,Dialga Metang,16,43,55,14,42.56,dragapult-dusknoir,Dragapult Dusknoir,3,66.67,overall,2026-05-25T16:41:33.226176+00:00
BRS-SSP,"10,11,12,13,14,15,16,17",8,dialga-metang,Dialga Metang,16,43,55,14,42.56,poison-terapagos,Poison Terapagos,3,33.33,overall,2026-05-25T16:41:33.226176+00:00
BRS-SSP,"10,11,12,13,14,15,16,17",8,dialga-metang,Dialga Metang,16,43,55,14,42.56,ancient-box,Ancient Box,3,66.67,overall,2026-05-25T16:41:33.226176+00:00
BRS-SSP,"10,11,12,13,14,15,16,17",8,dialga-metang,Dialga Metang,16,43,55,14,42.56,dragapult-iron-thorns,Dragapult Iron Thorns,3,77.78,overall,2026-05-25T16:41:33.226176+00:00
BRS-SSP,"10,11,12,13,14,15,16,17",8,dialga-metang,Dialga Metang,16,43,55,14,42.56,archaludon-ex,Archaludon,3,33.33,overall,2026-05-25T16:41:33.226176+00:00
BRS-SSP,"10,11,12,13,14,15,16,17",8,dialga-metang,Dialga Metang,16,43,55,14,42.56,lost-zone-box,Lost Zone Box,2,0.0,overall,2026-05-25T16:41:33.226176+00:00
BRS-SSP,"10,11,12,13,14,15,16,17",8,dialga-metang,Dialga Metang,16,43,55,14,42.56,banette-gardevoir,Banette Gardevoir,2,33.33,overall,2026-05-25T16:41:33.226176+00:00
BRS-SSP,"10,11,12,13,14,15,16,17",8,dialga-metang,Dialga Metang,16,43,55,14,42.56,giratina-lz-box,Giratina LZ Box,1,100.0,overall,2026-05-25T16:41:33.226176+00:00
BRS-SSP,"10,11,12,13,14,15,16,17",8,dialga-metang,Dialga Metang,16,43,55,14,42.56,archaludon-dialga,Archaludon Dialga,1,0.0,overall,2026-05-25T16:41:33.226176+00:00
BRS-SSP,"10,11,12,13,14,15,16,17",8,dialga-metang,Dialga Metang,16,43,55,14,42.56,toedscruel-ex,Toedscruel,1,100.0,overall,2026-05-25T16:41:33.226176+00:00
BRS-SSP,"10,11,12,13,14,15,16,17",8,dialga-metang,Dialga Metang,16,43,55,14,42.56,hydreigon-ex,Hydreigon,1,100.0,overall,2026-05-25T16:41:33.226176+00:00
BRS-SSP,"10,11,12,13,14,15,16,17",8,dialga-metang,Dialga Metang,16,43,55,14,42.56,mimikyu-ogerpon,Mimikyu Ogerpon,1,0.0,overall,2026-05-25T16:41:33.226176+00:00
BRS-SSP,"10,11,12,13,14,15,16,17",8,dialga-metang,Dialga Metang,16,43,55,14,42.56,iron-thorns-ex,Iron Thorns,1,100.0,overall,2026-05-25T16:41:33.226176+00:00
BRS-SSP,"10,11,12,13,14,15,16,17",8,dialga-metang,Dialga Metang,16,43,55,14,42.56,palkia-dusknoir,Palkia Dusknoir,1,100.0,overall,2026-05-25T16:41:33.226176+00:00
BRS-SSP,"10,11,12,13,14,15,16,17",8,dialga-metang,Dialga Metang,16,43,55,14,42.56,roaring-moon-ex,Roaring Moon,1,100.0,overall,2026-05-25T16:41:33.226176+00:00
BRS-SSP,"10,11,12,13,14,15,16,17",8,dialga-metang,Dialga Metang,16,43,55,14,42.56,charizard-noctowl,Charizard Noctowl,1,0.0,overall,2026-05-25T16:41:33.226176+00:00
BRS-SSP,"10,11,12,13,14,15,16,17",8,dialga-metang,Dialga Metang,16,43,55,14,42.56,greninja-ex,Greninja,1,33.33,overall,2026-05-25T16:41:33.226176+00:00
BRS-SSP,"10,11,12,13,14,15,16,17",8,dialga-metang,Dialga Metang,16,43,55,14,42.56,pidgeot-control,Pidgeot Control,1,33.33,overall,2026-05-25T16:41:33.226176+00:00
BRS-SSP,"10,11,12,13,14,15,16,17",8,dialga-metang,Dialga Metang,16,43,55,14,42.56,arceus-giratina,Arceus Giratina,1,100.0,overall,2026-05-25T16:41:33.226176+00:00
BRS-SSP,"10,11,12,13,14,15,16,17",8,dialga-metang,Dialga Metang,16,43,55,14,42.56,gouging-fire-ex,Gouging Fire,1,0.0,overall,2026-05-25T16:41:33.226176+00:00
BRS-SSP,"10,11,12,13,14,15,16,17",8,dialga-metang,Dialga Metang,16,43,55,14,42.56,galvantula-ex,Galvantula,1,100.0,overall,2026-05-25T16:41:33.226176+00:00
BRS-SSP,"10,11,12,13,14,15,16,17",8,dialga-vstar,Dialga,2,1,9,1,12.12,charizard-pidgeot,Charizard Pidgeot,2,0.0,overall,2026-05-25T16:41:35.681391+00:00
BRS-SSP,"10,11,12,13,14,15,16,17",8,dialga-vstar,Dialga,2,1,9,1,12.12,ceruledge-ex,Ceruledge,1,0.0,overall,2026-05-25T16:41:35.681391+00:00
BRS-SSP,"10,11,12,13,14,15,16,17",8,dialga-vstar,Dialga,2,1,9,1,12.12,chien-pao-baxcalibur,Chien-Pao Baxcalibur,1,100.0,overall,2026-05-25T16:41:35.681391+00:00
BRS-SSP,"10,11,12,13,14,15,16,17",8,dialga-vstar,Dialga,2,1,9,1,12.12,lost-zone-box,Lost Zone Box,1,0.0,overall,2026-05-25T16:41:35.681391+00:00
BRS-SSP,"10,11,12,13,14,15,16,17",8,dialga-vstar,Dialga,2,1,9,1,12.12,miraidon-ex,Miraidon,1,0.0,overall,2026-05-25T16:41:35.681391+00:00
BRS-SSP,"10,11,12,13,14,15,16,17",8,dialga-vstar,Dialga,2,1,9,1,12.12,gardevoir-ex-sv,Gardevoir,1,0.0,overall,2026-05-25T16:41:35.681391+00:00
BRS-SSP,"10,11,12,13,14,15,16,17",8,dialga-vstar,Dialga,2,1,9,1,12.12,lugia-archeops,Lugia Archeops,1,0.0,overall,2026-05-25T16:41:35.681391+00:00
BRS-SSP,"10,11,12,13,14,15,16,17",8,dialga-vstar,Dialga,2,1,9,1,12.12,raging-bolt-ogerpon,Raging Bolt Ogerpon,1,0.0,overall,2026-05-25T16:41:35.681391+00:00
BRS-SSP,"10,11,12,13,14,15,16,17",8,dialga-vstar,Dialga,2,1,9,1,12.12,regidrago-vstar,Regidrago,1,33.33,overall,2026-05-25T16:41:35.681391+00:00
BRS-SSP,"10,11,12,13,14,15,16,17",8,dialga-vstar,Dialga,2,1,9,1,12.12,dragapult-iron-thorns,Dragapult Iron Thorns,1,0.0,overall,2026-05-25T16:41:35.681391+00:00
BRS-SSP,"10,11,12,13,14,15,16,17",8,dragapult-charizard,Dragapult Charizard,27,108,88,35,51.8,regidrago-vstar,Regidrago,33,51.52,overall,2026-05-25T16:41:38.145189+00:00
BRS-SSP,"10,11,12,13,14,15,16,17",8,dragapult-charizard,Dragapult Charizard,27,108,88,35,51.8,charizard-pidgeot,Charizard Pidgeot,20,46.67,overall,2026-05-25T16:41:38.145189+00:00
BRS-SSP,"10,11,12,13,14,15,16,17",8,dragapult-charizard,Dragapult Charizard,27,108,88,35,51.8,gardevoir-ex-sv,Gardevoir,17,52.94,overall,2026-05-25T16:41:38.145189+00:00
BRS-SSP,"10,11,12,13,14,15,16,17",8,dragapult-charizard,Dragapult Charizard,27,108,88,35,51.8,lugia-archeops,Lugia Archeops,14,52.38,overall,2026-05-25T16:41:38.145189+00:00
BRS-SSP,"10,11,12,13,14,15,16,17",8,dragapult-charizard,Dragapult Charizard,27,108,88,35,51.8,dragapult-iron-thorns,Dragapult Iron Thorns,14,59.52,overall,2026-05-25T16:41:38.145189+00:00
BRS-SSP,"10,11,12,13,14,15,16,17",8,dragapult-charizard,Dragapult Charizard,27,108,88,35,51.8,terapagos-noctowl,Terapagos Noctowl,12,41.67,overall,2026-05-25T16:41:38.145189+00:00
BRS-SSP,"10,11,12,13,14,15,16,17",8,dragapult-charizard,Dragapult Charizard,27,108,88,35,51.8,gholdengo-ex,Gholdengo,12,27.78,overall,2026-05-25T16:41:38.145189+00:00
BRS-SSP,"10,11,12,13,14,15,16,17",8,dragapult-charizard,Dragapult Charizard,27,108,88,35,51.8,miraidon-ex,Miraidon,11,72.73,overall,2026-05-25T16:41:38.145189+00:00
BRS-SSP,"10,11,12,13,14,15,16,17",8,dragapult-charizard,Dragapult Charizard,27,108,88,35,51.8,raging-bolt-ogerpon,Raging Bolt Ogerpon,10,43.33,overall,2026-05-25T16:41:38.145189+00:00
BRS-SSP,"10,11,12,13,14,15,16,17",8,dragapult-charizard,Dragapult Charizard,27,108,88,35,51.8,archaludon-dialga,Archaludon Dialga,10,53.33,overall,2026-05-25T16:41:38.145189+00:00
BRS-SSP,"10,11,12,13,14,15,16,17",8,dragapult-charizard,Dragapult Charizard,27,108,88,35,51.8,poison-terapagos,Poison Terapagos,9,77.78,overall,2026-05-25T16:41:38.145189+00:00
BRS-SSP,"10,11,12,13,14,15,16,17",8,dragapult-charizard,Dragapult Charizard,27,108,88,35,51.8,snorlax-stall,Snorlax Stall,9,29.63,overall,2026-05-25T16:41:38.145189+00:00
BRS-SSP,"10,11,12,13,14,15,16,17",8,dragapult-charizard,Dragapult Charizard,27,108,88,35,51.8,archaludon-ex,Archaludon,7,57.14,overall,2026-05-25T16:41:38.145189+00:00
BRS-SSP,"10,11,12,13,14,15,16,17",8,dragapult-charizard,Dragapult Charizard,27,108,88,35,51.8,roaring-moon-ex,Roaring Moon,6,50.0,overall,2026-05-25T16:41:38.145189+00:00
BRS-SSP,"10,11,12,13,14,15,16,17",8,dragapult-charizard,Dragapult Charizard,27,108,88,35,51.8,palkia-noctowl,Palkia Noctowl,6,72.22,overall,2026-05-25T16:41:38.145189+00:00
BRS-SSP,"10,11,12,13,14,15,16,17",8,dragapult-charizard,Dragapult Charizard,27,108,88,35,51.8,palkia-dusknoir,Palkia Dusknoir,5,26.67,overall,2026-05-25T16:41:38.145189+00:00
BRS-SSP,"10,11,12,13,14,15,16,17",8,dragapult-charizard,Dragapult Charizard,27,108,88,35,51.8,lost-zone-box,Lost Zone Box,5,66.67,overall,2026-05-25T16:41:38.145189+00:00
BRS-SSP,"10,11,12,13,14,15,16,17",8,dragapult-charizard,Dragapult Charizard,27,108,88,35,51.8,dragapult-dusknoir,Dragapult Dusknoir,3,33.33,overall,2026-05-25T16:41:38.145189+00:00
BRS-SSP,"10,11,12,13,14,15,16,17",8,dragapult-charizard,Dragapult Charizard,27,108,88,35,51.8,ancient-box,Ancient Box,3,100.0,overall,2026-05-25T16:41:38.145189+00:00
BRS-SSP,"10,11,12,13,14,15,16,17",8,dragapult-charizard,Dragapult Charizard,27,108,88,35,51.8,ceruledge-ex,Ceruledge,3,33.33,overall,2026-05-25T16:41:38.145189+00:00
BRS-SSP,"10,11,12,13,14,15,16,17",8,dragapult-charizard,Dragapult Charizard,27,108,88,35,51.8,iron-thorns-ex,Iron Thorns,3,77.78,overall,2026-05-25T16:41:38.145189+00:00
BRS-SSP,"10,11,12,13,14,15,16,17",8,dragapult-charizard,Dragapult Charizard,27,108,88,35,51.8,azumarill-ssp,Azumarill,2,50.0,overall,2026-05-25T16:41:38.145189+00:00
BRS-SSP,"10,11,12,13,14,15,16,17",8,dragapult-charizard,Dragapult Charizard,27,108,88,35,51.8,pikachu-regigigas,Pikachu Regis,2,66.67,overall,2026-05-25T16:41:38.145189+00:00
BRS-SSP,"10,11,12,13,14,15,16,17",8,dragapult-charizard,Dragapult Charizard,27,108,88,35,51.8,pidgeot-control,Pidgeot Control,2,0.0,overall,2026-05-25T16:41:38.145189+00:00
BRS-SSP,"10,11,12,13,14,15,16,17",8,dragapult-charizard,Dragapult Charizard,27,108,88,35,51.8,dragapult-pidgeot,Dragapult Pidgeot,1,0.0,overall,2026-05-25T16:41:38.145189+00:00
BRS-SSP,"10,11,12,13,14,15,16,17",8,dragapult-charizard,Dragapult Charizard,27,108,88,35,51.8,charizard-ex,Charizard,1,100.0,overall,2026-05-25T16:41:38.145189+00:00
BRS-SSP,"10,11,12,13,14,15,16,17",8,dragapult-charizard,Dragapult Charizard,27,108,88,35,51.8,giratina-lz-box,Giratina LZ Box,1,100.0,overall,2026-05-25T16:41:38.145189+00:00
BRS-SSP,"10,11,12,13,14,15,16,17",8,dragapult-charizard,Dragapult Charizard,27,108,88,35,51.8,hydreigon-ex,Hydreigon,1,0.0,overall,2026-05-25T16:41:38.145189+00:00
BRS-SSP,"10,11,12,13,14,15,16,17",8,dragapult-charizard,Dragapult Charizard,27,108,88,35,51.8,rotom-v,Rotom,1,0.0,overall,2026-05-25T16:41:38.145189+00:00
BRS-SSP,"10,11,12,13,14,15,16,17",8,dragapult-charizard,Dragapult Charizard,27,108,88,35,51.8,banette-gardevoir,Banette Gardevoir,1,100.0,overall,2026-05-25T16:41:38.145189+00:00
BRS-SSP,"10,11,12,13,14,15,16,17",8,dragapult-charizard,Dragapult Charizard,27,108,88,35,51.8,tinkaton-ex,Tinkaton,1,100.0,overall,2026-05-25T16:41:38.145189+00:00
BRS-SSP,"10,11,12,13,14,15,16,17",8,dragapult-charizard,Dragapult Charizard,27,108,88,35,51.8,dragapult-charizard,Dragapult Charizard,1,50.0,overall,2026-05-25T16:41:38.145189+00:00
BRS-SSP,"10,11,12,13,14,15,16,17",8,dragapult-charizard,Dragapult Charizard,27,108,88,35,51.8,tyranitar-ex,Tyranitar,1,100.0,overall,2026-05-25T16:41:38.145189+00:00
BRS-SSP,"10,11,12,13,14,15,16,17",8,dragapult-charizard,Dragapult Charizard,27,108,88,35,51.8,scovillain-ex,Scovillain,1,0.0,overall,2026-05-25T16:41:38.145189+00:00
BRS-SSP,"10,11,12,13,14,15,16,17",8,dragapult-charizard,Dragapult Charizard,27,108,88,35,51.8,conkeldurr-twm,Conkeldurr,1,100.0,overall,2026-05-25T16:41:38.145189+00:00
BRS-SSP,"10,11,12,13,14,15,16,17",8,dragapult-charizard,Dragapult Charizard,27,108,88,35,51.8,espathra-xatu,Espathra Xatu,1,33.33,overall,2026-05-25T16:41:38.145189+00:00
BRS-SSP,"10,11,12,13,14,15,16,17",8,dragapult-dusknoir,Dragapult Dusknoir,198,581,665,228,44.57,regidrago-vstar,Regidrago,191,33.86,overall,2026-05-25T16:41:40.654640+00:00
BRS-SSP,"10,11,12,13,14,15,16,17",8,dragapult-dusknoir,Dragapult Dusknoir,198,581,665,228,44.57,charizard-pidgeot,Charizard Pidgeot,154,48.48,overall,2026-05-25T16:41:40.654640+00:00
BRS-SSP,"10,11,12,13,14,15,16,17",8,dragapult-dusknoir,Dragapult Dusknoir,198,581,665,228,44.57,raging-bolt-ogerpon,Raging Bolt Ogerpon,126,37.57,overall,2026-05-25T16:41:40.654640+00:00
BRS-SSP,"10,11,12,13,14,15,16,17",8,dragapult-dusknoir,Dragapult Dusknoir,198,581,665,228,44.57,lugia-archeops,Lugia Archeops,81,32.92,overall,2026-05-25T16:41:40.654640+00:00
BRS-SSP,"10,11,12,13,14,15,16,17",8,dragapult-dusknoir,Dragapult Dusknoir,198,581,665,228,44.57,gardevoir-ex-sv,Gardevoir,70,49.52,overall,2026-05-25T16:41:40.654640+00:00
BRS-SSP,"10,11,12,13,14,15,16,17",8,dragapult-dusknoir,Dragapult Dusknoir,198,581,665,228,44.57,gholdengo-ex,Gholdengo,67,33.33,overall,2026-05-25T16:41:40.654640+00:00
BRS-SSP,"10,11,12,13,14,15,16,17",8,dragapult-dusknoir,Dragapult Dusknoir,198,581,665,228,44.57,miraidon-ex,Miraidon,65,53.85,overall,2026-05-25T16:41:40.654640+00:00
BRS-SSP,"10,11,12,13,14,15,16,17",8,dragapult-dusknoir,Dragapult Dusknoir,198,581,665,228,44.57,lost-zone-box,Lost Zone Box,56,48.81,overall,2026-05-25T16:41:40.654640+00:00
BRS-SSP,"10,11,12,13,14,15,16,17",8,dragapult-dusknoir,Dragapult Dusknoir,198,581,665,228,44.57,roaring-moon-ex,Roaring Moon,54,32.72,overall,2026-05-25T16:41:40.654640+00:00
BRS-SSP,"10,11,12,13,14,15,16,17",8,dragapult-dusknoir,Dragapult Dusknoir,198,581,665,228,44.57,terapagos-noctowl,Terapagos Noctowl,51,49.02,overall,2026-05-25T16:41:40.654640+00:00
BRS-SSP,"10,11,12,13,14,15,16,17",8,dragapult-dusknoir,Dragapult Dusknoir,198,581,665,228,44.57,dragapult-iron-thorns,Dragapult Iron Thorns,46,49.28,overall,2026-05-25T16:41:40.654640+00:00
BRS-SSP,"10,11,12,13,14,15,16,17",8,dragapult-dusknoir,Dragapult Dusknoir,198,581,665,228,44.57,poison-terapagos,Poison Terapagos,45,43.7,overall,2026-05-25T16:41:40.654640+00:00
BRS-SSP,"10,11,12,13,14,15,16,17",8,dragapult-dusknoir,Dragapult Dusknoir,198,581,665,228,44.57,snorlax-stall,Snorlax Stall,42,36.51,overall,2026-05-25T16:41:40.654640+00:00
BRS-SSP,"10,11,12,13,14,15,16,17",8,dragapult-dusknoir,Dragapult Dusknoir,198,581,665,228,44.57,ancient-box,Ancient Box,37,75.68,overall,2026-05-25T16:41:40.654640+00:00
BRS-SSP,"10,11,12,13,14,15,16,17",8,dragapult-dusknoir,Dragapult Dusknoir,198,581,665,228,44.57,ceruledge-ex,Ceruledge,32,67.71,overall,2026-05-25T16:41:40.654640+00:00
BRS-SSP,"10,11,12,13,14,15,16,17",8,dragapult-dusknoir,Dragapult Dusknoir,198,581,665,228,44.57,archaludon-dialga,Archaludon Dialga,30,21.11,overall,2026-05-25T16:41:40.654640+00:00
BRS-SSP,"10,11,12,13,14,15,16,17",8,dragapult-dusknoir,Dragapult Dusknoir,198,581,665,228,44.57,palkia-noctowl,Palkia Noctowl,27,30.86,overall,2026-05-25T16:41:40.654640+00:00
BRS-SSP,"10,11,12,13,14,15,16,17",8,dragapult-dusknoir,Dragapult Dusknoir,198,581,665,228,44.57,pidgeot-control,Pidgeot Control,21,47.62,overall,2026-05-25T16:41:40.654640+00:00
BRS-SSP,"10,11,12,13,14,15,16,17",8,dragapult-dusknoir,Dragapult Dusknoir,198,581,665,228,44.57,other,Other,21,66.67,overall,2026-05-25T16:41:40.654640+00:00
BRS-SSP,"10,11,12,13,14,15,16,17",8,dragapult-dusknoir,Dragapult Dusknoir,198,581,665,228,44.57,archaludon-ex,Archaludon,21,34.92,overall,2026-05-25T16:41:40.654640+00:00
BRS-SSP,"10,11,12,13,14,15,16,17",8,dragapult-dusknoir,Dragapult Dusknoir,198,581,665,228,44.57,palkia-dusknoir,Palkia Dusknoir,19,47.37,overall,2026-05-25T16:41:40.654640+00:00
BRS-SSP,"10,11,12,13,14,15,16,17",8,dragapult-dusknoir,Dragapult Dusknoir,198,581,665,228,44.57,iron-thorns-ex,Iron Thorns,18,53.7,overall,2026-05-25T16:41:40.654640+00:00
BRS-SSP,"10,11,12,13,14,15,16,17",8,dragapult-dusknoir,Dragapult Dusknoir,198,581,665,228,44.57,klawf-par,Klawf,16,43.75,overall,2026-05-25T16:41:40.654640+00:00
BRS-SSP,"10,11,12,13,14,15,16,17",8,dragapult-dusknoir,Dragapult Dusknoir,198,581,665,228,44.57,chien-pao-baxcalibur,Chien-Pao Baxcalibur,15,77.78,overall,2026-05-25T16:41:40.654640+00:00
BRS-SSP,"10,11,12,13,14,15,16,17",8,dragapult-dusknoir,Dragapult Dusknoir,198,581,665,228,44.57,hydreigon-ex,Hydreigon,14,59.52,overall,2026-05-25T16:41:40.654640+00:00
BRS-SSP,"10,11,12,13,14,15,16,17",8,dragapult-dusknoir,Dragapult Dusknoir,198,581,665,228,44.57,dragapult-pidgeot,Dragapult Pidgeot,13,51.28,overall,2026-05-25T16:41:40.654640+00:00
BRS-SSP,"10,11,12,13,14,15,16,17",8,dragapult-dusknoir,Dragapult Dusknoir,198,581,665,228,44.57,gouging-fire-ex,Gouging Fire,11,66.67,overall,2026-05-25T16:41:40.654640+00:00
BRS-SSP,"10,11,12,13,14,15,16,17",8,dragapult-dusknoir,Dragapult Dusknoir,198,581,665,228,44.57,pikachu-regigigas,Pikachu Regis,11,51.52,overall,2026-05-25T16:41:40.654640+00:00
BRS-SSP,"10,11,12,13,14,15,16,17",8,dragapult-dusknoir,Dragapult Dusknoir,198,581,665,228,44.57,dragapult-dusknoir,Dragapult Dusknoir,10,48.33,overall,2026-05-25T16:41:40.654640+00:00
BRS-SSP,"10,11,12,13,14,15,16,17",8,dragapult-dusknoir,Dragapult Dusknoir,198,581,665,228,44.57,charizard-noctowl,Charizard Noctowl,7,61.9,overall,2026-05-25T16:41:40.654640+00:00
BRS-SSP,"10,11,12,13,14,15,16,17",8,dragapult-dusknoir,Dragapult Dusknoir,198,581,665,228,44.57,greninja-ex,Greninja,6,50.0,overall,2026-05-25T16:41:40.654640+00:00
BRS-SSP,"10,11,12,13,14,15,16,17",8,dragapult-dusknoir,Dragapult Dusknoir,198,581,665,228,44.57,mimikyu-ogerpon,Mimikyu Ogerpon,6,27.78,overall,2026-05-25T16:41:40.654640+00:00
BRS-SSP,"10,11,12,13,14,15,16,17",8,dragapult-dusknoir,Dragapult Dusknoir,198,581,665,228,44.57,banette-gardevoir,Banette Gardevoir,6,72.22,overall,2026-05-25T16:41:40.654640+00:00
BRS-SSP,"10,11,12,13,14,15,16,17",8,dragapult-dusknoir,Dragapult Dusknoir,198,581,665,228,44.57,conkeldurr-twm,Conkeldurr,5,6.67,overall,2026-05-25T16:41:40.654640+00:00
BRS-SSP,"10,11,12,13,14,15,16,17",8,dragapult-dusknoir,Dragapult Dusknoir,198,581,665,228,44.57,blissey-ex,Blissey,5,80.0,overall,2026-05-25T16:41:40.654640+00:00
BRS-SSP,"10,11,12,13,14,15,16,17",8,dragapult-dusknoir,Dragapult Dusknoir,198,581,665,228,44.57,okidogi-ex,Okidogi,4,0.0,overall,2026-05-25T16:41:40.654640+00:00
BRS-SSP,"10,11,12,13,14,15,16,17",8,dragapult-dusknoir,Dragapult Dusknoir,198,581,665,228,44.57,festival-lead,Dipplin,4,100.0,overall,2026-05-25T16:41:40.654640+00:00
BRS-SSP,"10,11,12,13,14,15,16,17",8,dragapult-dusknoir,Dragapult Dusknoir,198,581,665,228,44.57,dragapult-ex,Dragapult,4,33.33,overall,2026-05-25T16:41:40.654640+00:00
BRS-SSP,"10,11,12,13,14,15,16,17",8,dragapult-dusknoir,Dragapult Dusknoir,198,581,665,228,44.57,hydrapple-ogerpon,Hydrapple Ogerpon,4,33.33,overall,2026-05-25T16:41:40.654640+00:00
BRS-SSP,"10,11,12,13,14,15,16,17",8,dragapult-dusknoir,Dragapult Dusknoir,198,581,665,228,44.57,charizard-ex,Charizard,4,83.33,overall,2026-05-25T16:41:40.654640+00:00
BRS-SSP,"10,11,12,13,14,15,16,17",8,dragapult-dusknoir,Dragapult Dusknoir,198,581,665,228,44.57,flygon-ex-ssp,Flygon,3,100.0,overall,2026-05-25T16:41:40.654640+00:00
BRS-SSP,"10,11,12,13,14,15,16,17",8,dragapult-dusknoir,Dragapult Dusknoir,198,581,665,228,44.57,lzb-charizard,Lost Box Charizard,3,66.67,overall,2026-05-25T16:41:40.654640+00:00
BRS-SSP,"10,11,12,13,14,15,16,17",8,dragapult-dusknoir,Dragapult Dusknoir,198,581,665,228,44.57,dialga-metang,Dialga Metang,3,33.33,overall,2026-05-25T16:41:40.654640+00:00
BRS-SSP,"10,11,12,13,14,15,16,17",8,dragapult-dusknoir,Dragapult Dusknoir,198,581,665,228,44.57,united-wings,United Wings,3,100.0,overall,2026-05-25T16:41:40.654640+00:00
BRS-SSP,"10,11,12,13,14,15,16,17",8,dragapult-dusknoir,Dragapult Dusknoir,198,581,665,228,44.57,dragapult-charizard,Dragapult Charizard,3,66.67,overall,2026-05-25T16:41:40.654640+00:00
BRS-SSP,"10,11,12,13,14,15,16,17",8,dragapult-dusknoir,Dragapult Dusknoir,198,581,665,228,44.57,ogerpon-noivern,Ogerpon Noivern,2,16.67,overall,2026-05-25T16:41:40.654640+00:00
BRS-SSP,"10,11,12,13,14,15,16,17",8,dragapult-dusknoir,Dragapult Dusknoir,198,581,665,228,44.57,iron-hands-ex,Future Hands,2,50.0,overall,2026-05-25T16:41:40.654640+00:00
BRS-SSP,"10,11,12,13,14,15,16,17",8,dragapult-dusknoir,Dragapult Dusknoir,198,581,665,228,44.57,giratina-lz-box,Giratina LZ Box,2,0.0,overall,2026-05-25T16:41:40.654640+00:00
BRS-SSP,"10,11,12,13,14,15,16,17",8,dragapult-dusknoir,Dragapult Dusknoir,198,581,665,228,44.57,palafin-ex,Palafin,2,100.0,overall,2026-05-25T16:41:40.654640+00:00
BRS-SSP,"10,11,12,13,14,15,16,17",8,dragapult-dusknoir,Dragapult Dusknoir,198,581,665,228,44.57,great-tusk-tef,Great Tusk Mill,1,100.0,overall,2026-05-25T16:41:40.654640+00:00
BRS-SSP,"10,11,12,13,14,15,16,17",8,dragapult-dusknoir,Dragapult Dusknoir,198,581,665,228,44.57,iron-thorns-crown,Future Thorns,1,100.0,overall,2026-05-25T16:41:40.654640+00:00
BRS-SSP,"10,11,12,13,14,15,16,17",8,dragapult-dusknoir,Dragapult Dusknoir,198,581,665,228,44.57,banette-dusknoir,Banette Dusknoir,1,33.33,overall,2026-05-25T16:41:40.654640+00:00
BRS-SSP,"10,11,12,13,14,15,16,17",8,dragapult-dusknoir,Dragapult Dusknoir,198,581,665,228,44.57,luxray-ex,Luxray,1,100.0,overall,2026-05-25T16:41:40.654640+00:00
BRS-SSP,"10,11,12,13,14,15,16,17",8,dragapult-dusknoir,Dragapult Dusknoir,198,581,665,228,44.57,okidogi-twm,Okidogi,1,100.0,overall,2026-05-25T16:41:40.654640+00:00
BRS-SSP,"10,11,12,13,14,15,16,17",8,dragapult-dusknoir,Dragapult Dusknoir,198,581,665,228,44.57,torterra-ex,Torterra,1,100.0,overall,2026-05-25T16:41:40.654640+00:00
BRS-SSP,"10,11,12,13,14,15,16,17",8,dragapult-dusknoir,Dragapult Dusknoir,198,581,665,228,44.57,raging-bolt-palkia,Raging Bolt Palkia,1,0.0,overall,2026-05-25T16:41:40.654640+00:00
BRS-SSP,"10,11,12,13,14,15,16,17",8,dragapult-dusknoir,Dragapult Dusknoir,198,581,665,228,44.57,garchomp-ex,Garchomp,1,33.33,overall,2026-05-25T16:41:40.654640+00:00
BRS-SSP,"10,11,12,13,14,15,16,17",8,dragapult-dusknoir,Dragapult Dusknoir,198,581,665,228,44.57,azumarill-ssp,Azumarill,1,0.0,overall,2026-05-25T16:41:40.654640+00:00
BRS-SSP,"10,11,12,13,14,15,16,17",8,dragapult-dusknoir,Dragapult Dusknoir,198,581,665,228,44.57,raging-bolt-entei,Raging Bolt Entei,1,0.0,overall,2026-05-25T16:41:40.654640+00:00
BRS-SSP,"10,11,12,13,14,15,16,17",8,dragapult-dusknoir,Dragapult Dusknoir,198,581,665,228,44.57,future-box,Future Box,1,100.0,overall,2026-05-25T16:41:40.654640+00:00
BRS-SSP,"10,11,12,13,14,15,16,17",8,dragapult-dusknoir,Dragapult Dusknoir,198,581,665,228,44.57,tsareena-ex,Tsareena,1,100.0,overall,2026-05-25T16:41:40.654640+00:00
BRS-SSP,"10,11,12,13,14,15,16,17",8,dragapult-dusknoir,Dragapult Dusknoir,198,581,665,228,44.57,venomoth-froslass,Venomoth Froslass,1,33.33,overall,2026-05-25T16:41:40.654640+00:00
BRS-SSP,"10,11,12,13,14,15,16,17",8,dragapult-dusknoir,Dragapult Dusknoir,198,581,665,228,44.57,espathra-xatu,Espathra Xatu,1,33.33,overall,2026-05-25T16:41:40.654640+00:00
BRS-SSP,"10,11,12,13,14,15,16,17",8,dragapult-ex,Dragapult,27,77,92,38,43.32,regidrago-vstar,Regidrago,25,42.67,overall,2026-05-25T16:41:43.179045+00:00
BRS-SSP,"10,11,12,13,14,15,16,17",8,dragapult-ex,Dragapult,27,77,92,38,43.32,charizard-pidgeot,Charizard Pidgeot,17,56.86,overall,2026-05-25T16:41:43.179045+00:00
BRS-SSP,"10,11,12,13,14,15,16,17",8,dragapult-ex,Dragapult,27,77,92,38,43.32,raging-bolt-ogerpon,Raging Bolt Ogerpon,17,47.06,overall,2026-05-25T16:41:43.179045+00:00
BRS-SSP,"10,11,12,13,14,15,16,17",8,dragapult-ex,Dragapult,27,77,92,38,43.32,gholdengo-ex,Gholdengo,16,27.08,overall,2026-05-25T16:41:43.179045+00:00
BRS-SSP,"10,11,12,13,14,15,16,17",8,dragapult-ex,Dragapult,27,77,92,38,43.32,lost-zone-box,Lost Zone Box,14,52.38,overall,2026-05-25T16:41:43.179045+00:00
BRS-SSP,"10,11,12,13,14,15,16,17",8,dragapult-ex,Dragapult,27,77,92,38,43.32,archaludon-dialga,Archaludon Dialga,8,25.0,overall,2026-05-25T16:41:43.179045+00:00
BRS-SSP,"10,11,12,13,14,15,16,17",8,dragapult-ex,Dragapult,27,77,92,38,43.32,dragapult-iron-thorns,Dragapult Iron Thorns,8,45.83,overall,2026-05-25T16:41:43.179045+00:00
BRS-SSP,"10,11,12,13,14,15,16,17",8,dragapult-ex,Dragapult,27,77,92,38,43.32,terapagos-noctowl,Terapagos Noctowl,7,38.1,overall,2026-05-25T16:41:43.179045+00:00
BRS-SSP,"10,11,12,13,14,15,16,17",8,dragapult-ex,Dragapult,27,77,92,38,43.32,lugia-archeops,Lugia Archeops,7,28.57,overall,2026-05-25T16:41:43.179045+00:00
BRS-SSP,"10,11,12,13,14,15,16,17",8,dragapult-ex,Dragapult,27,77,92,38,43.32,ceruledge-ex,Ceruledge,6,33.33,overall,2026-05-25T16:41:43.179045+00:00
BRS-SSP,"10,11,12,13,14,15,16,17",8,dragapult-ex,Dragapult,27,77,92,38,43.32,gardevoir-ex-sv,Gardevoir,6,50.0,overall,2026-05-25T16:41:43.179045+00:00
BRS-SSP,"10,11,12,13,14,15,16,17",8,dragapult-ex,Dragapult,27,77,92,38,43.32,roaring-moon-ex,Roaring Moon,6,55.56,overall,2026-05-25T16:41:43.179045+00:00
BRS-SSP,"10,11,12,13,14,15,16,17",8,dragapult-ex,Dragapult,27,77,92,38,43.32,miraidon-ex,Miraidon,6,5.56,overall,2026-05-25T16:41:43.179045+00:00
BRS-SSP,"10,11,12,13,14,15,16,17",8,dragapult-ex,Dragapult,27,77,92,38,43.32,palkia-noctowl,Palkia Noctowl,6,27.78,overall,2026-05-25T16:41:43.179045+00:00
BRS-SSP,"10,11,12,13,14,15,16,17",8,dragapult-ex,Dragapult,27,77,92,38,43.32,iron-thorns-ex,Iron Thorns,5,100.0,overall,2026-05-25T16:41:43.179045+00:00
BRS-SSP,"10,11,12,13,14,15,16,17",8,dragapult-ex,Dragapult,27,77,92,38,43.32,dragapult-dusknoir,Dragapult Dusknoir,4,58.33,overall,2026-05-25T16:41:43.179045+00:00
BRS-SSP,"10,11,12,13,14,15,16,17",8,dragapult-ex,Dragapult,27,77,92,38,43.32,ancient-box,Ancient Box,4,50.0,overall,2026-05-25T16:41:43.179045+00:00
BRS-SSP,"10,11,12,13,14,15,16,17",8,dragapult-ex,Dragapult,27,77,92,38,43.32,snorlax-stall,Snorlax Stall,4,100.0,overall,2026-05-25T16:41:43.179045+00:00
BRS-SSP,"10,11,12,13,14,15,16,17",8,dragapult-ex,Dragapult,27,77,92,38,43.32,poison-terapagos,Poison Terapagos,4,41.67,overall,2026-05-25T16:41:43.179045+00:00
BRS-SSP,"10,11,12,13,14,15,16,17",8,dragapult-ex,Dragapult,27,77,92,38,43.32,archaludon-ex,Archaludon,4,25.0,overall,2026-05-25T16:41:43.179045+00:00
BRS-SSP,"10,11,12,13,14,15,16,17",8,dragapult-ex,Dragapult,27,77,92,38,43.32,other,Other,3,66.67,overall,2026-05-25T16:41:43.179045+00:00
BRS-SSP,"10,11,12,13,14,15,16,17",8,dragapult-ex,Dragapult,27,77,92,38,43.32,pidgeot-control,Pidgeot Control,3,66.67,overall,2026-05-25T16:41:43.179045+00:00
BRS-SSP,"10,11,12,13,14,15,16,17",8,dragapult-ex,Dragapult,27,77,92,38,43.32,gouging-fire-ex,Gouging Fire,3,0.0,overall,2026-05-25T16:41:43.179045+00:00
BRS-SSP,"10,11,12,13,14,15,16,17",8,dragapult-ex,Dragapult,27,77,92,38,43.32,dragapult-pidgeot,Dragapult Pidgeot,3,33.33,overall,2026-05-25T16:41:43.179045+00:00
BRS-SSP,"10,11,12,13,14,15,16,17",8,dragapult-ex,Dragapult,27,77,92,38,43.32,greninja-ex,Greninja,3,77.78,overall,2026-05-25T16:41:43.179045+00:00
BRS-SSP,"10,11,12,13,14,15,16,17",8,dragapult-ex,Dragapult,27,77,92,38,43.32,klawf-par,Klawf,2,50.0,overall,2026-05-25T16:41:43.179045+00:00
BRS-SSP,"10,11,12,13,14,15,16,17",8,dragapult-ex,Dragapult,27,77,92,38,43.32,ogerpon-noivern,Ogerpon Noivern,2,66.67,overall,2026-05-25T16:41:43.179045+00:00
BRS-SSP,"10,11,12,13,14,15,16,17",8,dragapult-ex,Dragapult,27,77,92,38,43.32,united-wings,United Wings,2,50.0,overall,2026-05-25T16:41:43.179045+00:00
BRS-SSP,"10,11,12,13,14,15,16,17",8,dragapult-ex,Dragapult,27,77,92,38,43.32,charizard-noctowl,Charizard Noctowl,2,0.0,overall,2026-05-25T16:41:43.179045+00:00
BRS-SSP,"10,11,12,13,14,15,16,17",8,dragapult-ex,Dragapult,27,77,92,38,43.32,hydreigon-ex,Hydreigon,1,0.0,overall,2026-05-25T16:41:43.179045+00:00
BRS-SSP,"10,11,12,13,14,15,16,17",8,dragapult-ex,Dragapult,27,77,92,38,43.32,banette-gardevoir,Banette Gardevoir,1,0.0,overall,2026-05-25T16:41:43.179045+00:00
BRS-SSP,"10,11,12,13,14,15,16,17",8,dragapult-ex,Dragapult,27,77,92,38,43.32,lzb-charizard,Lost Box Charizard,1,0.0,overall,2026-05-25T16:41:43.179045+00:00
BRS-SSP,"10,11,12,13,14,15,16,17",8,dragapult-ex,Dragapult,27,77,92,38,43.32,mimikyu-ogerpon,Mimikyu Ogerpon,1,0.0,overall,2026-05-25T16:41:43.179045+00:00
BRS-SSP,"10,11,12,13,14,15,16,17",8,dragapult-ex,Dragapult,27,77,92,38,43.32,dragapult-lz-box,Dragapult LZ Box,1,0.0,overall,2026-05-25T16:41:43.179045+00:00
BRS-SSP,"10,11,12,13,14,15,16,17",8,dragapult-ex,Dragapult,27,77,92,38,43.32,iron-valiant-ex,Iron Valiant,1,100.0,overall,2026-05-25T16:41:43.179045+00:00
BRS-SSP,"10,11,12,13,14,15,16,17",8,dragapult-ex,Dragapult,27,77,92,38,43.32,charizard-ex,Charizard,1,0.0,overall,2026-05-25T16:41:43.179045+00:00
BRS-SSP,"10,11,12,13,14,15,16,17",8,dragapult-ex,Dragapult,27,77,92,38,43.32,palkia-dusknoir,Palkia Dusknoir,1,0.0,overall,2026-05-25T16:41:43.179045+00:00
BRS-SSP,"10,11,12,13,14,15,16,17",8,dragapult-ex,Dragapult,27,77,92,38,43.32,serperior-vstar,Serperior,1,33.33,overall,2026-05-25T16:41:43.179045+00:00
BRS-SSP,"10,11,12,13,14,15,16,17",8,dragapult-iron-thorns,Dragapult Iron Thorns,400,1366,1358,514,47.48,regidrago-vstar,Regidrago,443,37.7,overall,2026-05-25T16:41:45.739131+00:00
BRS-SSP,"10,11,12,13,14,15,16,17",8,dragapult-iron-thorns,Dragapult Iron Thorns,400,1366,1358,514,47.48,charizard-pidgeot,Charizard Pidgeot,394,56.68,overall,2026-05-25T16:41:45.739131+00:00
BRS-SSP,"10,11,12,13,14,15,16,17",8,dragapult-iron-thorns,Dragapult Iron Thorns,400,1366,1358,514,47.48,raging-bolt-ogerpon,Raging Bolt Ogerpon,236,41.67,overall,2026-05-25T16:41:45.739131+00:00
BRS-SSP,"10,11,12,13,14,15,16,17",8,dragapult-iron-thorns,Dragapult Iron Thorns,400,1366,1358,514,47.48,gholdengo-ex,Gholdengo,199,60.97,overall,2026-05-25T16:41:45.739131+00:00
BRS-SSP,"10,11,12,13,14,15,16,17",8,dragapult-iron-thorns,Dragapult Iron Thorns,400,1366,1358,514,47.48,gardevoir-ex-sv,Gardevoir,190,40.35,overall,2026-05-25T16:41:45.739131+00:00
BRS-SSP,"10,11,12,13,14,15,16,17",8,dragapult-iron-thorns,Dragapult Iron Thorns,400,1366,1358,514,47.48,poison-terapagos,Poison Terapagos,137,37.23,overall,2026-05-25T16:41:45.739131+00:00
BRS-SSP,"10,11,12,13,14,15,16,17",8,dragapult-iron-thorns,Dragapult Iron Thorns,400,1366,1358,514,47.48,lugia-archeops,Lugia Archeops,132,63.64,overall,2026-05-25T16:41:45.739131+00:00
BRS-SSP,"10,11,12,13,14,15,16,17",8,dragapult-iron-thorns,Dragapult Iron Thorns,400,1366,1358,514,47.48,lost-zone-box,Lost Zone Box,120,35.56,overall,2026-05-25T16:41:45.739131+00:00
BRS-SSP,"10,11,12,13,14,15,16,17",8,dragapult-iron-thorns,Dragapult Iron Thorns,400,1366,1358,514,47.48,roaring-moon-ex,Roaring Moon,117,41.03,overall,2026-05-25T16:41:45.739131+00:00
BRS-SSP,"10,11,12,13,14,15,16,17",8,dragapult-iron-thorns,Dragapult Iron Thorns,400,1366,1358,514,47.48,miraidon-ex,Miraidon,112,47.32,overall,2026-05-25T16:41:45.739131+00:00
BRS-SSP,"10,11,12,13,14,15,16,17",8,dragapult-iron-thorns,Dragapult Iron Thorns,400,1366,1358,514,47.48,dragapult-iron-thorns,Dragapult Iron Thorns,91,46.89,overall,2026-05-25T16:41:45.739131+00:00
BRS-SSP,"10,11,12,13,14,15,16,17",8,dragapult-iron-thorns,Dragapult Iron Thorns,400,1366,1358,514,47.48,snorlax-stall,Snorlax Stall,87,43.68,overall,2026-05-25T16:41:45.739131+00:00
BRS-SSP,"10,11,12,13,14,15,16,17",8,dragapult-iron-thorns,Dragapult Iron Thorns,400,1366,1358,514,47.48,ancient-box,Ancient Box,86,61.63,overall,2026-05-25T16:41:45.739131+00:00
BRS-SSP,"10,11,12,13,14,15,16,17",8,dragapult-iron-thorns,Dragapult Iron Thorns,400,1366,1358,514,47.48,archaludon-dialga,Archaludon Dialga,75,44.44,overall,2026-05-25T16:41:45.739131+00:00
BRS-SSP,"10,11,12,13,14,15,16,17",8,dragapult-iron-thorns,Dragapult Iron Thorns,400,1366,1358,514,47.48,archaludon-ex,Archaludon,70,40.95,overall,2026-05-25T16:41:45.739131+00:00
BRS-SSP,"10,11,12,13,14,15,16,17",8,dragapult-iron-thorns,Dragapult Iron Thorns,400,1366,1358,514,47.48,terapagos-noctowl,Terapagos Noctowl,66,36.87,overall,2026-05-25T16:41:45.739131+00:00
BRS-SSP,"10,11,12,13,14,15,16,17",8,dragapult-iron-thorns,Dragapult Iron Thorns,400,1366,1358,514,47.48,ceruledge-ex,Ceruledge,64,46.35,overall,2026-05-25T16:41:45.739131+00:00
BRS-SSP,"10,11,12,13,14,15,16,17",8,dragapult-iron-thorns,Dragapult Iron Thorns,400,1366,1358,514,47.48,palkia-noctowl,Palkia Noctowl,54,31.48,overall,2026-05-25T16:41:45.739131+00:00
BRS-SSP,"10,11,12,13,14,15,16,17",8,dragapult-iron-thorns,Dragapult Iron Thorns,400,1366,1358,514,47.48,dragapult-dusknoir,Dragapult Dusknoir,46,47.1,overall,2026-05-25T16:41:45.739131+00:00
BRS-SSP,"10,11,12,13,14,15,16,17",8,dragapult-iron-thorns,Dragapult Iron Thorns,400,1366,1358,514,47.48,pidgeot-control,Pidgeot Control,38,49.12,overall,2026-05-25T16:41:45.739131+00:00
BRS-SSP,"10,11,12,13,14,15,16,17",8,dragapult-iron-thorns,Dragapult Iron Thorns,400,1366,1358,514,47.48,hydreigon-ex,Hydreigon,31,63.44,overall,2026-05-25T16:41:45.739131+00:00
BRS-SSP,"10,11,12,13,14,15,16,17",8,dragapult-iron-thorns,Dragapult Iron Thorns,400,1366,1358,514,47.48,iron-thorns-ex,Iron Thorns,30,81.11,overall,2026-05-25T16:41:45.739131+00:00
BRS-SSP,"10,11,12,13,14,15,16,17",8,dragapult-iron-thorns,Dragapult Iron Thorns,400,1366,1358,514,47.48,other,Other,28,44.05,overall,2026-05-25T16:41:45.739131+00:00
BRS-SSP,"10,11,12,13,14,15,16,17",8,dragapult-iron-thorns,Dragapult Iron Thorns,400,1366,1358,514,47.48,palkia-dusknoir,Palkia Dusknoir,22,51.52,overall,2026-05-25T16:41:45.739131+00:00
BRS-SSP,"10,11,12,13,14,15,16,17",8,dragapult-iron-thorns,Dragapult Iron Thorns,400,1366,1358,514,47.48,chien-pao-baxcalibur,Chien-Pao Baxcalibur,22,53.03,overall,2026-05-25T16:41:45.739131+00:00
BRS-SSP,"10,11,12,13,14,15,16,17",8,dragapult-iron-thorns,Dragapult Iron Thorns,400,1366,1358,514,47.48,pikachu-regigigas,Pikachu Regis,17,74.51,overall,2026-05-25T16:41:45.739131+00:00
BRS-SSP,"10,11,12,13,14,15,16,17",8,dragapult-iron-thorns,Dragapult Iron Thorns,400,1366,1358,514,47.48,banette-gardevoir,Banette Gardevoir,16,75.0,overall,2026-05-25T16:41:45.739131+00:00
BRS-SSP,"10,11,12,13,14,15,16,17",8,dragapult-iron-thorns,Dragapult Iron Thorns,400,1366,1358,514,47.48,dragapult-pidgeot,Dragapult Pidgeot,14,47.62,overall,2026-05-25T16:41:45.739131+00:00
BRS-SSP,"10,11,12,13,14,15,16,17",8,dragapult-iron-thorns,Dragapult Iron Thorns,400,1366,1358,514,47.48,dragapult-charizard,Dragapult Charizard,14,38.1,overall,2026-05-25T16:41:45.739131+00:00
BRS-SSP,"10,11,12,13,14,15,16,17",8,dragapult-iron-thorns,Dragapult Iron Thorns,400,1366,1358,514,47.48,united-wings,United Wings,13,74.36,overall,2026-05-25T16:41:45.739131+00:00
BRS-SSP,"10,11,12,13,14,15,16,17",8,dragapult-iron-thorns,Dragapult Iron Thorns,400,1366,1358,514,47.48,greninja-ex,Greninja,11,81.82,overall,2026-05-25T16:41:45.739131+00:00
BRS-SSP,"10,11,12,13,14,15,16,17",8,dragapult-iron-thorns,Dragapult Iron Thorns,400,1366,1358,514,47.48,klawf-par,Klawf,11,54.55,overall,2026-05-25T16:41:45.739131+00:00
BRS-SSP,"10,11,12,13,14,15,16,17",8,dragapult-iron-thorns,Dragapult Iron Thorns,400,1366,1358,514,47.48,gouging-fire-ex,Gouging Fire,9,0.0,overall,2026-05-25T16:41:45.739131+00:00
BRS-SSP,"10,11,12,13,14,15,16,17",8,dragapult-iron-thorns,Dragapult Iron Thorns,400,1366,1358,514,47.48,giratina-lz-box,Giratina LZ Box,8,29.17,overall,2026-05-25T16:41:45.739131+00:00
BRS-SSP,"10,11,12,13,14,15,16,17",8,dragapult-iron-thorns,Dragapult Iron Thorns,400,1366,1358,514,47.48,mimikyu-ogerpon,Mimikyu Ogerpon,8,79.17,overall,2026-05-25T16:41:45.739131+00:00
BRS-SSP,"10,11,12,13,14,15,16,17",8,dragapult-iron-thorns,Dragapult Iron Thorns,400,1366,1358,514,47.48,charizard-noctowl,Charizard Noctowl,8,29.17,overall,2026-05-25T16:41:45.739131+00:00
BRS-SSP,"10,11,12,13,14,15,16,17",8,dragapult-iron-thorns,Dragapult Iron Thorns,400,1366,1358,514,47.48,dragapult-ex,Dragapult,8,45.83,overall,2026-05-25T16:41:45.739131+00:00
BRS-SSP,"10,11,12,13,14,15,16,17",8,dragapult-iron-thorns,Dragapult Iron Thorns,400,1366,1358,514,47.48,conkeldurr-twm,Conkeldurr,7,76.19,overall,2026-05-25T16:41:45.739131+00:00
BRS-SSP,"10,11,12,13,14,15,16,17",8,dragapult-iron-thorns,Dragapult Iron Thorns,400,1366,1358,514,47.48,hisuian-zoroark-vstar,Hisuian Zoroark,5,60.0,overall,2026-05-25T16:41:45.739131+00:00
BRS-SSP,"10,11,12,13,14,15,16,17",8,dragapult-iron-thorns,Dragapult Iron Thorns,400,1366,1358,514,47.48,great-tusk-tef,Great Tusk Mill,5,100.0,overall,2026-05-25T16:41:45.739131+00:00
BRS-SSP,"10,11,12,13,14,15,16,17",8,dragapult-iron-thorns,Dragapult Iron Thorns,400,1366,1358,514,47.48,palafin-ex,Palafin,5,33.33,overall,2026-05-25T16:41:45.739131+00:00
BRS-SSP,"10,11,12,13,14,15,16,17",8,dragapult-iron-thorns,Dragapult Iron Thorns,400,1366,1358,514,47.48,charizard-ex,Charizard,4,100.0,overall,2026-05-25T16:41:45.739131+00:00
BRS-SSP,"10,11,12,13,14,15,16,17",8,dragapult-iron-thorns,Dragapult Iron Thorns,400,1366,1358,514,47.48,hydrapple-ogerpon,Hydrapple Ogerpon,4,83.33,overall,2026-05-25T16:41:45.739131+00:00
BRS-SSP,"10,11,12,13,14,15,16,17",8,dragapult-iron-thorns,Dragapult Iron Thorns,400,1366,1358,514,47.48,arceus-armarouge,Arceus Armarouge,3,11.11,overall,2026-05-25T16:41:45.739131+00:00
BRS-SSP,"10,11,12,13,14,15,16,17",8,dragapult-iron-thorns,Dragapult Iron Thorns,400,1366,1358,514,47.48,future-box,Future Box,3,66.67,overall,2026-05-25T16:41:45.739131+00:00
BRS-SSP,"10,11,12,13,14,15,16,17",8,dragapult-iron-thorns,Dragapult Iron Thorns,400,1366,1358,514,47.48,iron-hands-ex,Future Hands,3,77.78,overall,2026-05-25T16:41:45.739131+00:00
BRS-SSP,"10,11,12,13,14,15,16,17",8,dragapult-iron-thorns,Dragapult Iron Thorns,400,1366,1358,514,47.48,festival-lead,Dipplin,3,66.67,overall,2026-05-25T16:41:45.739131+00:00
BRS-SSP,"10,11,12,13,14,15,16,17",8,dragapult-iron-thorns,Dragapult Iron Thorns,400,1366,1358,514,47.48,rotom-v,Rotom,3,44.44,overall,2026-05-25T16:41:45.739131+00:00
BRS-SSP,"10,11,12,13,14,15,16,17",8,dragapult-iron-thorns,Dragapult Iron Thorns,400,1366,1358,514,47.48,froslass-munkidori,Froslass Munkidori,3,33.33,overall,2026-05-25T16:41:45.739131+00:00
BRS-SSP,"10,11,12,13,14,15,16,17",8,dragapult-iron-thorns,Dragapult Iron Thorns,400,1366,1358,514,47.48,dialga-metang,Dialga Metang,3,11.11,overall,2026-05-25T16:41:45.739131+00:00
BRS-SSP,"10,11,12,13,14,15,16,17",8,dragapult-iron-thorns,Dragapult Iron Thorns,400,1366,1358,514,47.48,venomoth-froslass,Venomoth Froslass,3,100.0,overall,2026-05-25T16:41:45.739131+00:00
BRS-SSP,"10,11,12,13,14,15,16,17",8,dragapult-iron-thorns,Dragapult Iron Thorns,400,1366,1358,514,47.48,raging-bolt-entei,Raging Bolt Entei,3,44.44,overall,2026-05-25T16:41:45.739131+00:00
BRS-SSP,"10,11,12,13,14,15,16,17",8,dragapult-iron-thorns,Dragapult Iron Thorns,400,1366,1358,514,47.48,lzb-charizard,Lost Box Charizard,3,33.33,overall,2026-05-25T16:41:45.739131+00:00
BRS-SSP,"10,11,12,13,14,15,16,17",8,dragapult-iron-thorns,Dragapult Iron Thorns,400,1366,1358,514,47.48,espathra-xatu,Espathra Xatu,3,11.11,overall,2026-05-25T16:41:45.739131+00:00
BRS-SSP,"10,11,12,13,14,15,16,17",8,dragapult-iron-thorns,Dragapult Iron Thorns,400,1366,1358,514,47.48,scovillain-ex,Scovillain,2,50.0,overall,2026-05-25T16:41:45.739131+00:00
BRS-SSP,"10,11,12,13,14,15,16,17",8,dragapult-iron-thorns,Dragapult Iron Thorns,400,1366,1358,514,47.48,greninja-froslass,Greninja Froslass,2,50.0,overall,2026-05-25T16:41:45.739131+00:00
BRS-SSP,"10,11,12,13,14,15,16,17",8,dragapult-iron-thorns,Dragapult Iron Thorns,400,1366,1358,514,47.48,entei-v,Entei,2,100.0,overall,2026-05-25T16:41:45.739131+00:00
BRS-SSP,"10,11,12,13,14,15,16,17",8,dragapult-iron-thorns,Dragapult Iron Thorns,400,1366,1358,514,47.48,banette-ex-sv,Banette,2,50.0,overall,2026-05-25T16:41:45.739131+00:00
BRS-SSP,"10,11,12,13,14,15,16,17",8,dragapult-iron-thorns,Dragapult Iron Thorns,400,1366,1358,514,47.48,cinderace-ex,Cinderace,2,100.0,overall,2026-05-25T16:41:45.739131+00:00
BRS-SSP,"10,11,12,13,14,15,16,17",8,dragapult-iron-thorns,Dragapult Iron Thorns,400,1366,1358,514,47.48,toedscruel-ex,Toedscruel,2,50.0,overall,2026-05-25T16:41:45.739131+00:00
BRS-SSP,"10,11,12,13,14,15,16,17",8,dragapult-iron-thorns,Dragapult Iron Thorns,400,1366,1358,514,47.48,ogerpon-noivern,Ogerpon Noivern,2,50.0,overall,2026-05-25T16:41:45.739131+00:00
BRS-SSP,"10,11,12,13,14,15,16,17",8,dragapult-iron-thorns,Dragapult Iron Thorns,400,1366,1358,514,47.48,tsareena-ex,Tsareena,2,16.67,overall,2026-05-25T16:41:45.739131+00:00
BRS-SSP,"10,11,12,13,14,15,16,17",8,dragapult-iron-thorns,Dragapult Iron Thorns,400,1366,1358,514,47.48,okidogi-ex,Okidogi,2,100.0,overall,2026-05-25T16:41:45.739131+00:00
BRS-SSP,"10,11,12,13,14,15,16,17",8,dragapult-iron-thorns,Dragapult Iron Thorns,400,1366,1358,514,47.48,tinkaton-ex,Tinkaton,2,66.67,overall,2026-05-25T16:41:45.739131+00:00
BRS-SSP,"10,11,12,13,14,15,16,17",8,dragapult-iron-thorns,Dragapult Iron Thorns,400,1366,1358,514,47.48,okidogi-twm,Okidogi,1,100.0,overall,2026-05-25T16:41:45.739131+00:00
BRS-SSP,"10,11,12,13,14,15,16,17",8,dragapult-iron-thorns,Dragapult Iron Thorns,400,1366,1358,514,47.48,gengar-ex,Gengar,1,33.33,overall,2026-05-25T16:41:45.739131+00:00
BRS-SSP,"10,11,12,13,14,15,16,17",8,dragapult-iron-thorns,Dragapult Iron Thorns,400,1366,1358,514,47.48,lucario-brs,Lucario,1,100.0,overall,2026-05-25T16:41:45.739131+00:00
BRS-SSP,"10,11,12,13,14,15,16,17",8,dragapult-iron-thorns,Dragapult Iron Thorns,400,1366,1358,514,47.48,tera-box,Tera Box,1,100.0,overall,2026-05-25T16:41:45.739131+00:00
BRS-SSP,"10,11,12,13,14,15,16,17",8,dragapult-iron-thorns,Dragapult Iron Thorns,400,1366,1358,514,47.48,luxray-pidgeot,Luxray Control,1,100.0,overall,2026-05-25T16:41:45.739131+00:00
BRS-SSP,"10,11,12,13,14,15,16,17",8,dragapult-iron-thorns,Dragapult Iron Thorns,400,1366,1358,514,47.48,walking-wake-ex,Walking Wake,1,100.0,overall,2026-05-25T16:41:45.739131+00:00
BRS-SSP,"10,11,12,13,14,15,16,17",8,dragapult-iron-thorns,Dragapult Iron Thorns,400,1366,1358,514,47.48,slowking-scr,Slowking,1,0.0,overall,2026-05-25T16:41:45.739131+00:00
BRS-SSP,"10,11,12,13,14,15,16,17",8,dragapult-iron-thorns,Dragapult Iron Thorns,400,1366,1358,514,47.48,incineroar-ex,Incineroar,1,100.0,overall,2026-05-25T16:41:45.739131+00:00
BRS-SSP,"10,11,12,13,14,15,16,17",8,dragapult-iron-thorns,Dragapult Iron Thorns,400,1366,1358,514,47.48,palkia-vstar,Palkia,1,33.33,overall,2026-05-25T16:41:45.739131+00:00
BRS-SSP,"10,11,12,13,14,15,16,17",8,dragapult-iron-thorns,Dragapult Iron Thorns,400,1366,1358,514,47.48,dragapult-lz-box,Dragapult LZ Box,1,0.0,overall,2026-05-25T16:41:45.739131+00:00
BRS-SSP,"10,11,12,13,14,15,16,17",8,dragapult-iron-thorns,Dragapult Iron Thorns,400,1366,1358,514,47.48,alakazam-ex,Alakazam,1,100.0,overall,2026-05-25T16:41:45.739131+00:00
BRS-SSP,"10,11,12,13,14,15,16,17",8,dragapult-iron-thorns,Dragapult Iron Thorns,400,1366,1358,514,47.48,arceus-vulpix,Arceus Vulpix,1,100.0,overall,2026-05-25T16:41:45.739131+00:00
BRS-SSP,"10,11,12,13,14,15,16,17",8,dragapult-iron-thorns,Dragapult Iron Thorns,400,1366,1358,514,47.48,arceus-giratina,Arceus Giratina,1,0.0,overall,2026-05-25T16:41:45.739131+00:00
BRS-SSP,"10,11,12,13,14,15,16,17",8,dragapult-iron-thorns,Dragapult Iron Thorns,400,1366,1358,514,47.48,blissey-ex,Blissey,1,0.0,overall,2026-05-25T16:41:45.739131+00:00
BRS-SSP,"10,11,12,13,14,15,16,17",8,dragapult-iron-thorns,Dragapult Iron Thorns,400,1366,1358,514,47.48,slaking-ex,Slaking,1,100.0,overall,2026-05-25T16:41:45.739131+00:00
BRS-SSP,"10,11,12,13,14,15,16,17",8,dragapult-iron-thorns,Dragapult Iron Thorns,400,1366,1358,514,47.48,tyranitar-ex,Tyranitar,1,100.0,overall,2026-05-25T16:41:45.739131+00:00
BRS-SSP,"10,11,12,13,14,15,16,17",8,dragapult-iron-thorns,Dragapult Iron Thorns,400,1366,1358,514,47.48,dialga-vstar,Dialga,1,100.0,overall,2026-05-25T16:41:45.739131+00:00
BRS-SSP,"10,11,12,13,14,15,16,17",8,dragapult-lz-box,Dragapult LZ Box,5,16,17,6,46.15,charizard-pidgeot,Charizard Pidgeot,6,27.78,overall,2026-05-25T16:41:48.198199+00:00
BRS-SSP,"10,11,12,13,14,15,16,17",8,dragapult-lz-box,Dragapult LZ Box,5,16,17,6,46.15,raging-bolt-ogerpon,Raging Bolt Ogerpon,5,40.0,overall,2026-05-25T16:41:48.198199+00:00
BRS-SSP,"10,11,12,13,14,15,16,17",8,dragapult-lz-box,Dragapult LZ Box,5,16,17,6,46.15,regidrago-vstar,Regidrago,4,25.0,overall,2026-05-25T16:41:48.198199+00:00
BRS-SSP,"10,11,12,13,14,15,16,17",8,dragapult-lz-box,Dragapult LZ Box,5,16,17,6,46.15,miraidon-ex,Miraidon,4,33.33,overall,2026-05-25T16:41:48.198199+00:00
BRS-SSP,"10,11,12,13,14,15,16,17",8,dragapult-lz-box,Dragapult LZ Box,5,16,17,6,46.15,terapagos-noctowl,Terapagos Noctowl,2,50.0,overall,2026-05-25T16:41:48.198199+00:00
BRS-SSP,"10,11,12,13,14,15,16,17",8,dragapult-lz-box,Dragapult LZ Box,5,16,17,6,46.15,ancient-box,Ancient Box,2,33.33,overall,2026-05-25T16:41:48.198199+00:00
BRS-SSP,"10,11,12,13,14,15,16,17",8,dragapult-lz-box,Dragapult LZ Box,5,16,17,6,46.15,snorlax-stall,Snorlax Stall,2,50.0,overall,2026-05-25T16:41:48.198199+00:00
BRS-SSP,"10,11,12,13,14,15,16,17",8,dragapult-lz-box,Dragapult LZ Box,5,16,17,6,46.15,lost-zone-box,Lost Zone Box,2,0.0,overall,2026-05-25T16:41:48.198199+00:00
BRS-SSP,"10,11,12,13,14,15,16,17",8,dragapult-lz-box,Dragapult LZ Box,5,16,17,6,46.15,lzb-charizard,Lost Box Charizard,1,100.0,overall,2026-05-25T16:41:48.198199+00:00
BRS-SSP,"10,11,12,13,14,15,16,17",8,dragapult-lz-box,Dragapult LZ Box,5,16,17,6,46.15,archaludon-ex,Archaludon,1,33.33,overall,2026-05-25T16:41:48.198199+00:00
BRS-SSP,"10,11,12,13,14,15,16,17",8,dragapult-lz-box,Dragapult LZ Box,5,16,17,6,46.15,dragapult-ex,Dragapult,1,100.0,overall,2026-05-25T16:41:48.198199+00:00
BRS-SSP,"10,11,12,13,14,15,16,17",8,dragapult-lz-box,Dragapult LZ Box,5,16,17,6,46.15,chien-pao-baxcalibur,Chien-Pao Baxcalibur,1,100.0,overall,2026-05-25T16:41:48.198199+00:00
BRS-SSP,"10,11,12,13,14,15,16,17",8,dragapult-lz-box,Dragapult LZ Box,5,16,17,6,46.15,roaring-moon-ex,Roaring Moon,1,100.0,overall,2026-05-25T16:41:48.198199+00:00
BRS-SSP,"10,11,12,13,14,15,16,17",8,dragapult-lz-box,Dragapult LZ Box,5,16,17,6,46.15,ceruledge-ex,Ceruledge,1,0.0,overall,2026-05-25T16:41:48.198199+00:00
BRS-SSP,"10,11,12,13,14,15,16,17",8,dragapult-lz-box,Dragapult LZ Box,5,16,17,6,46.15,hisuian-zoroark-vstar,Hisuian Zoroark,1,100.0,overall,2026-05-25T16:41:48.198199+00:00
BRS-SSP,"10,11,12,13,14,15,16,17",8,dragapult-lz-box,Dragapult LZ Box,5,16,17,6,46.15,poison-terapagos,Poison Terapagos,1,100.0,overall,2026-05-25T16:41:48.198199+00:00
BRS-SSP,"10,11,12,13,14,15,16,17",8,dragapult-lz-box,Dragapult LZ Box,5,16,17,6,46.15,iron-thorns-ex,Iron Thorns,1,100.0,overall,2026-05-25T16:41:48.198199+00:00
BRS-SSP,"10,11,12,13,14,15,16,17",8,dragapult-lz-box,Dragapult LZ Box,5,16,17,6,46.15,dragapult-iron-thorns,Dragapult Iron Thorns,1,100.0,overall,2026-05-25T16:41:48.198199+00:00
BRS-SSP,"10,11,12,13,14,15,16,17",8,dragapult-lz-box,Dragapult LZ Box,5,16,17,6,46.15,lugia-archeops,Lugia Archeops,1,100.0,overall,2026-05-25T16:41:48.198199+00:00
BRS-SSP,"10,11,12,13,14,15,16,17",8,dragapult-lz-box,Dragapult LZ Box,5,16,17,6,46.15,cinderace-ex,Cinderace,1,0.0,overall,2026-05-25T16:41:48.198199+00:00
BRS-SSP,"10,11,12,13,14,15,16,17",8,dragapult-pidgeot,Dragapult Pidgeot,76,224,278,95,42.83,regidrago-vstar,Regidrago,89,39.33,overall,2026-05-25T16:41:50.638170+00:00
BRS-SSP,"10,11,12,13,14,15,16,17",8,dragapult-pidgeot,Dragapult Pidgeot,76,224,278,95,42.83,charizard-pidgeot,Charizard Pidgeot,61,56.28,overall,2026-05-25T16:41:50.638170+00:00
BRS-SSP,"10,11,12,13,14,15,16,17",8,dragapult-pidgeot,Dragapult Pidgeot,76,224,278,95,42.83,gholdengo-ex,Gholdengo,44,27.27,overall,2026-05-25T16:41:50.638170+00:00
BRS-SSP,"10,11,12,13,14,15,16,17",8,dragapult-pidgeot,Dragapult Pidgeot,76,224,278,95,42.83,raging-bolt-ogerpon,Raging Bolt Ogerpon,44,27.27,overall,2026-05-25T16:41:50.638170+00:00
BRS-SSP,"10,11,12,13,14,15,16,17",8,dragapult-pidgeot,Dragapult Pidgeot,76,224,278,95,42.83,gardevoir-ex-sv,Gardevoir,29,47.13,overall,2026-05-25T16:41:50.638170+00:00
BRS-SSP,"10,11,12,13,14,15,16,17",8,dragapult-pidgeot,Dragapult Pidgeot,76,224,278,95,42.83,lugia-archeops,Lugia Archeops,25,8.0,overall,2026-05-25T16:41:50.638170+00:00
BRS-SSP,"10,11,12,13,14,15,16,17",8,dragapult-pidgeot,Dragapult Pidgeot,76,224,278,95,42.83,miraidon-ex,Miraidon,25,44.0,overall,2026-05-25T16:41:50.638170+00:00
BRS-SSP,"10,11,12,13,14,15,16,17",8,dragapult-pidgeot,Dragapult Pidgeot,76,224,278,95,42.83,roaring-moon-ex,Roaring Moon,23,60.87,overall,2026-05-25T16:41:50.638170+00:00
BRS-SSP,"10,11,12,13,14,15,16,17",8,dragapult-pidgeot,Dragapult Pidgeot,76,224,278,95,42.83,snorlax-stall,Snorlax Stall,22,30.3,overall,2026-05-25T16:41:50.638170+00:00
BRS-SSP,"10,11,12,13,14,15,16,17",8,dragapult-pidgeot,Dragapult Pidgeot,76,224,278,95,42.83,lost-zone-box,Lost Zone Box,20,63.33,overall,2026-05-25T16:41:50.638170+00:00
BRS-SSP,"10,11,12,13,14,15,16,17",8,dragapult-pidgeot,Dragapult Pidgeot,76,224,278,95,42.83,ceruledge-ex,Ceruledge,18,37.04,overall,2026-05-25T16:41:50.638170+00:00
BRS-SSP,"10,11,12,13,14,15,16,17",8,dragapult-pidgeot,Dragapult Pidgeot,76,224,278,95,42.83,terapagos-noctowl,Terapagos Noctowl,17,47.06,overall,2026-05-25T16:41:50.638170+00:00
BRS-SSP,"10,11,12,13,14,15,16,17",8,dragapult-pidgeot,Dragapult Pidgeot,76,224,278,95,42.83,dragapult-iron-thorns,Dragapult Iron Thorns,14,47.62,overall,2026-05-25T16:41:50.638170+00:00
BRS-SSP,"10,11,12,13,14,15,16,17",8,dragapult-pidgeot,Dragapult Pidgeot,76,224,278,95,42.83,dragapult-dusknoir,Dragapult Dusknoir,13,43.59,overall,2026-05-25T16:41:50.638170+00:00
BRS-SSP,"10,11,12,13,14,15,16,17",8,dragapult-pidgeot,Dragapult Pidgeot,76,224,278,95,42.83,ancient-box,Ancient Box,12,50.0,overall,2026-05-25T16:41:50.638170+00:00
BRS-SSP,"10,11,12,13,14,15,16,17",8,dragapult-pidgeot,Dragapult Pidgeot,76,224,278,95,42.83,other,Other,11,60.61,overall,2026-05-25T16:41:50.638170+00:00
BRS-SSP,"10,11,12,13,14,15,16,17",8,dragapult-pidgeot,Dragapult Pidgeot,76,224,278,95,42.83,palkia-dusknoir,Palkia Dusknoir,9,51.85,overall,2026-05-25T16:41:50.638170+00:00
BRS-SSP,"10,11,12,13,14,15,16,17",8,dragapult-pidgeot,Dragapult Pidgeot,76,224,278,95,42.83,poison-terapagos,Poison Terapagos,9,29.63,overall,2026-05-25T16:41:50.638170+00:00
BRS-SSP,"10,11,12,13,14,15,16,17",8,dragapult-pidgeot,Dragapult Pidgeot,76,224,278,95,42.83,archaludon-dialga,Archaludon Dialga,9,18.52,overall,2026-05-25T16:41:50.638170+00:00
BRS-SSP,"10,11,12,13,14,15,16,17",8,dragapult-pidgeot,Dragapult Pidgeot,76,224,278,95,42.83,pidgeot-control,Pidgeot Control,8,29.17,overall,2026-05-25T16:41:50.638170+00:00
BRS-SSP,"10,11,12,13,14,15,16,17",8,dragapult-pidgeot,Dragapult Pidgeot,76,224,278,95,42.83,chien-pao-baxcalibur,Chien-Pao Baxcalibur,7,47.62,overall,2026-05-25T16:41:50.638170+00:00
BRS-SSP,"10,11,12,13,14,15,16,17",8,dragapult-pidgeot,Dragapult Pidgeot,76,224,278,95,42.83,klawf-par,Klawf,7,38.1,overall,2026-05-25T16:41:50.638170+00:00
BRS-SSP,"10,11,12,13,14,15,16,17",8,dragapult-pidgeot,Dragapult Pidgeot,76,224,278,95,42.83,palkia-noctowl,Palkia Noctowl,7,28.57,overall,2026-05-25T16:41:50.638170+00:00
BRS-SSP,"10,11,12,13,14,15,16,17",8,dragapult-pidgeot,Dragapult Pidgeot,76,224,278,95,42.83,archaludon-ex,Archaludon,7,33.33,overall,2026-05-25T16:41:50.638170+00:00
BRS-SSP,"10,11,12,13,14,15,16,17",8,dragapult-pidgeot,Dragapult Pidgeot,76,224,278,95,42.83,hydreigon-ex,Hydreigon,6,50.0,overall,2026-05-25T16:41:50.638170+00:00
BRS-SSP,"10,11,12,13,14,15,16,17",8,dragapult-pidgeot,Dragapult Pidgeot,76,224,278,95,42.83,iron-thorns-ex,Iron Thorns,5,60.0,overall,2026-05-25T16:41:50.638170+00:00
BRS-SSP,"10,11,12,13,14,15,16,17",8,dragapult-pidgeot,Dragapult Pidgeot,76,224,278,95,42.83,gouging-fire-ex,Gouging Fire,5,60.0,overall,2026-05-25T16:41:50.638170+00:00
BRS-SSP,"10,11,12,13,14,15,16,17",8,dragapult-pidgeot,Dragapult Pidgeot,76,224,278,95,42.83,greninja-ex,Greninja,4,25.0,overall,2026-05-25T16:41:50.638170+00:00
BRS-SSP,"10,11,12,13,14,15,16,17",8,dragapult-pidgeot,Dragapult Pidgeot,76,224,278,95,42.83,mimikyu-ogerpon,Mimikyu Ogerpon,3,11.11,overall,2026-05-25T16:41:50.638170+00:00
BRS-SSP,"10,11,12,13,14,15,16,17",8,dragapult-pidgeot,Dragapult Pidgeot,76,224,278,95,42.83,tsareena-ex,Tsareena,3,100.0,overall,2026-05-25T16:41:50.638170+00:00
BRS-SSP,"10,11,12,13,14,15,16,17",8,dragapult-pidgeot,Dragapult Pidgeot,76,224,278,95,42.83,charizard-noctowl,Charizard Noctowl,3,55.56,overall,2026-05-25T16:41:50.638170+00:00
BRS-SSP,"10,11,12,13,14,15,16,17",8,dragapult-pidgeot,Dragapult Pidgeot,76,224,278,95,42.83,dragapult-ex,Dragapult,3,66.67,overall,2026-05-25T16:41:50.638170+00:00
BRS-SSP,"10,11,12,13,14,15,16,17",8,dragapult-pidgeot,Dragapult Pidgeot,76,224,278,95,42.83,blissey-ex,Blissey,2,100.0,overall,2026-05-25T16:41:50.638170+00:00
BRS-SSP,"10,11,12,13,14,15,16,17",8,dragapult-pidgeot,Dragapult Pidgeot,76,224,278,95,42.83,meowscarada-ex,Meowscarada,2,66.67,overall,2026-05-25T16:41:50.638170+00:00
BRS-SSP,"10,11,12,13,14,15,16,17",8,dragapult-pidgeot,Dragapult Pidgeot,76,224,278,95,42.83,charizard-ex,Charizard,2,66.67,overall,2026-05-25T16:41:50.638170+00:00
BRS-SSP,"10,11,12,13,14,15,16,17",8,dragapult-pidgeot,Dragapult Pidgeot,76,224,278,95,42.83,hydrapple-ogerpon,Hydrapple Ogerpon,2,100.0,overall,2026-05-25T16:41:50.638170+00:00
BRS-SSP,"10,11,12,13,14,15,16,17",8,dragapult-pidgeot,Dragapult Pidgeot,76,224,278,95,42.83,milotic-ex,Milotic,1,100.0,overall,2026-05-25T16:41:50.638170+00:00
BRS-SSP,"10,11,12,13,14,15,16,17",8,dragapult-pidgeot,Dragapult Pidgeot,76,224,278,95,42.83,iron-hands-ex,Future Hands,1,100.0,overall,2026-05-25T16:41:50.638170+00:00
BRS-SSP,"10,11,12,13,14,15,16,17",8,dragapult-pidgeot,Dragapult Pidgeot,76,224,278,95,42.83,hisuian-zoroark-vstar,Hisuian Zoroark,1,100.0,overall,2026-05-25T16:41:50.638170+00:00
BRS-SSP,"10,11,12,13,14,15,16,17",8,dragapult-pidgeot,Dragapult Pidgeot,76,224,278,95,42.83,ogerpon-noivern,Ogerpon Noivern,1,0.0,overall,2026-05-25T16:41:50.638170+00:00
BRS-SSP,"10,11,12,13,14,15,16,17",8,dragapult-pidgeot,Dragapult Pidgeot,76,224,278,95,42.83,flygon-ex-ssp,Flygon,1,100.0,overall,2026-05-25T16:41:50.638170+00:00
BRS-SSP,"10,11,12,13,14,15,16,17",8,dragapult-pidgeot,Dragapult Pidgeot,76,224,278,95,42.83,giratina-lz-box,Giratina LZ Box,1,100.0,overall,2026-05-25T16:41:50.638170+00:00
BRS-SSP,"10,11,12,13,14,15,16,17",8,dragapult-pidgeot,Dragapult Pidgeot,76,224,278,95,42.83,dragapult-charizard,Dragapult Charizard,1,100.0,overall,2026-05-25T16:41:50.638170+00:00
BRS-SSP,"10,11,12,13,14,15,16,17",8,dragapult-pidgeot,Dragapult Pidgeot,76,224,278,95,42.83,spidops-ex,Spidops,1,0.0,overall,2026-05-25T16:41:50.638170+00:00
BRS-SSP,"10,11,12,13,14,15,16,17",8,dragapult-pidgeot,Dragapult Pidgeot,76,224,278,95,42.83,conkeldurr-twm,Conkeldurr,1,0.0,overall,2026-05-25T16:41:50.638170+00:00
BRS-SSP,"10,11,12,13,14,15,16,17",8,dragapult-pidgeot,Dragapult Pidgeot,76,224,278,95,42.83,banette-gardevoir,Banette Gardevoir,1,0.0,overall,2026-05-25T16:41:50.638170+00:00
BRS-SSP,"10,11,12,13,14,15,16,17",8,dragapult-pidgeot,Dragapult Pidgeot,76,224,278,95,42.83,gengar-ex,Gengar,1,0.0,overall,2026-05-25T16:41:50.638170+00:00
BRS-SSP,"10,11,12,13,14,15,16,17",8,dragapult-pidgeot,Dragapult Pidgeot,76,224,278,95,42.83,pikachu-regigigas,Pikachu Regis,1,100.0,overall,2026-05-25T16:41:50.638170+00:00
BRS-SSP,"10,11,12,13,14,15,16,17",8,dragapult-pidgeot,Dragapult Pidgeot,76,224,278,95,42.83,luxray-ex,Luxray,1,33.33,overall,2026-05-25T16:41:50.638170+00:00
BRS-SSP,"10,11,12,13,14,15,16,17",8,dragapult-pidgeot,Dragapult Pidgeot,76,224,278,95,42.83,arceus-armarouge,Arceus Armarouge,1,0.0,overall,2026-05-25T16:41:50.638170+00:00
BRS-SSP,"10,11,12,13,14,15,16,17",8,dragapult-pidgeot,Dragapult Pidgeot,76,224,278,95,42.83,tera-box,Tera Box,1,100.0,overall,2026-05-25T16:41:50.638170+00:00
BRS-SSP,"10,11,12,13,14,15,16,17",8,dragapult-pidgeot,Dragapult Pidgeot,76,224,278,95,42.83,festival-lead,Dipplin,1,100.0,overall,2026-05-25T16:41:50.638170+00:00
BRS-SSP,"10,11,12,13,14,15,16,17",8,dragapult-pidgeot,Dragapult Pidgeot,76,224,278,95,42.83,great-tusk-tef,Great Tusk Mill,1,100.0,overall,2026-05-25T16:41:50.638170+00:00
BRS-SSP,"10,11,12,13,14,15,16,17",8,dragapult-pidgeot,Dragapult Pidgeot,76,224,278,95,42.83,alakazam-ex,Alakazam,1,100.0,overall,2026-05-25T16:41:50.638170+00:00
BRS-SSP,"10,11,12,13,14,15,16,17",8,dragapult-pidgeot,Dragapult Pidgeot,76,224,278,95,42.83,palkia-vstar,Palkia,1,100.0,overall,2026-05-25T16:41:50.638170+00:00
BRS-SSP,"10,11,12,13,14,15,16,17",8,dragapult-pidgeot,Dragapult Pidgeot,76,224,278,95,42.83,palafin-ex,Palafin,1,100.0,overall,2026-05-25T16:41:50.638170+00:00
BRS-SSP,"10,11,12,13,14,15,16,17",8,entei-v,Entei,4,17,12,4,55.56,regidrago-vstar,Regidrago,7,76.19,overall,2026-05-25T16:41:53.080393+00:00
BRS-SSP,"10,11,12,13,14,15,16,17",8,entei-v,Entei,4,17,12,4,55.56,charizard-pidgeot,Charizard Pidgeot,5,46.67,overall,2026-05-25T16:41:53.080393+00:00
BRS-SSP,"10,11,12,13,14,15,16,17",8,entei-v,Entei,4,17,12,4,55.56,raging-bolt-ogerpon,Raging Bolt Ogerpon,3,66.67,overall,2026-05-25T16:41:53.080393+00:00
BRS-SSP,"10,11,12,13,14,15,16,17",8,entei-v,Entei,4,17,12,4,55.56,gholdengo-ex,Gholdengo,3,66.67,overall,2026-05-25T16:41:53.080393+00:00
BRS-SSP,"10,11,12,13,14,15,16,17",8,entei-v,Entei,4,17,12,4,55.56,dragapult-iron-thorns,Dragapult Iron Thorns,2,0.0,overall,2026-05-25T16:41:53.080393+00:00
BRS-SSP,"10,11,12,13,14,15,16,17",8,entei-v,Entei,4,17,12,4,55.56,gardevoir-ex-sv,Gardevoir,2,0.0,overall,2026-05-25T16:41:53.080393+00:00
BRS-SSP,"10,11,12,13,14,15,16,17",8,entei-v,Entei,4,17,12,4,55.56,lugia-archeops,Lugia Archeops,2,50.0,overall,2026-05-25T16:41:53.080393+00:00
BRS-SSP,"10,11,12,13,14,15,16,17",8,entei-v,Entei,4,17,12,4,55.56,palkia-noctowl,Palkia Noctowl,2,100.0,overall,2026-05-25T16:41:53.080393+00:00
BRS-SSP,"10,11,12,13,14,15,16,17",8,entei-v,Entei,4,17,12,4,55.56,poison-terapagos,Poison Terapagos,1,100.0,overall,2026-05-25T16:41:53.080393+00:00
BRS-SSP,"10,11,12,13,14,15,16,17",8,entei-v,Entei,4,17,12,4,55.56,roaring-moon-ex,Roaring Moon,1,100.0,overall,2026-05-25T16:41:53.080393+00:00
BRS-SSP,"10,11,12,13,14,15,16,17",8,entei-v,Entei,4,17,12,4,55.56,archaludon-dialga,Archaludon Dialga,1,100.0,overall,2026-05-25T16:41:53.080393+00:00
BRS-SSP,"10,11,12,13,14,15,16,17",8,entei-v,Entei,4,17,12,4,55.56,venomoth-froslass,Venomoth Froslass,1,33.33,overall,2026-05-25T16:41:53.080393+00:00
BRS-SSP,"10,11,12,13,14,15,16,17",8,entei-v,Entei,4,17,12,4,55.56,terapagos-noctowl,Terapagos Noctowl,1,0.0,overall,2026-05-25T16:41:53.080393+00:00
BRS-SSP,"10,11,12,13,14,15,16,17",8,entei-v,Entei,4,17,12,4,55.56,archaludon-ex,Archaludon,1,33.33,overall,2026-05-25T16:41:53.080393+00:00
BRS-SSP,"10,11,12,13,14,15,16,17",8,entei-v,Entei,4,17,12,4,55.56,snorlax-stall,Snorlax Stall,1,0.0,overall,2026-05-25T16:41:53.080393+00:00
BRS-SSP,"10,11,12,13,14,15,16,17",8,espathra-xatu,Espathra Xatu,9,14,34,12,30.0,charizard-pidgeot,Charizard Pidgeot,7,33.33,overall,2026-05-25T16:41:55.513889+00:00
BRS-SSP,"10,11,12,13,14,15,16,17",8,espathra-xatu,Espathra Xatu,9,14,34,12,30.0,raging-bolt-ogerpon,Raging Bolt Ogerpon,6,5.56,overall,2026-05-25T16:41:55.513889+00:00
BRS-SSP,"10,11,12,13,14,15,16,17",8,espathra-xatu,Espathra Xatu,9,14,34,12,30.0,regidrago-vstar,Regidrago,5,26.67,overall,2026-05-25T16:41:55.513889+00:00
BRS-SSP,"10,11,12,13,14,15,16,17",8,espathra-xatu,Espathra Xatu,9,14,34,12,30.0,archaludon-ex,Archaludon,5,20.0,overall,2026-05-25T16:41:55.513889+00:00
BRS-SSP,"10,11,12,13,14,15,16,17",8,espathra-xatu,Espathra Xatu,9,14,34,12,30.0,gardevoir-ex-sv,Gardevoir,4,41.67,overall,2026-05-25T16:41:55.513889+00:00
BRS-SSP,"10,11,12,13,14,15,16,17",8,espathra-xatu,Espathra Xatu,9,14,34,12,30.0,dragapult-iron-thorns,Dragapult Iron Thorns,3,77.78,overall,2026-05-25T16:41:55.513889+00:00
BRS-SSP,"10,11,12,13,14,15,16,17",8,espathra-xatu,Espathra Xatu,9,14,34,12,30.0,poison-terapagos,Poison Terapagos,2,0.0,overall,2026-05-25T16:41:55.513889+00:00
BRS-SSP,"10,11,12,13,14,15,16,17",8,espathra-xatu,Espathra Xatu,9,14,34,12,30.0,terapagos-noctowl,Terapagos Noctowl,2,0.0,overall,2026-05-25T16:41:55.513889+00:00
BRS-SSP,"10,11,12,13,14,15,16,17",8,espathra-xatu,Espathra Xatu,9,14,34,12,30.0,ceruledge-ex,Ceruledge,2,16.67,overall,2026-05-25T16:41:55.513889+00:00
BRS-SSP,"10,11,12,13,14,15,16,17",8,espathra-xatu,Espathra Xatu,9,14,34,12,30.0,archaludon-dialga,Archaludon Dialga,2,66.67,overall,2026-05-25T16:41:55.513889+00:00
BRS-SSP,"10,11,12,13,14,15,16,17",8,espathra-xatu,Espathra Xatu,9,14,34,12,30.0,snorlax-stall,Snorlax Stall,2,0.0,overall,2026-05-25T16:41:55.513889+00:00
BRS-SSP,"10,11,12,13,14,15,16,17",8,espathra-xatu,Espathra Xatu,9,14,34,12,30.0,lugia-archeops,Lugia Archeops,2,0.0,overall,2026-05-25T16:41:55.513889+00:00
BRS-SSP,"10,11,12,13,14,15,16,17",8,espathra-xatu,Espathra Xatu,9,14,34,12,30.0,miraidon-ex,Miraidon,2,66.67,overall,2026-05-25T16:41:55.513889+00:00
BRS-SSP,"10,11,12,13,14,15,16,17",8,espathra-xatu,Espathra Xatu,9,14,34,12,30.0,ancient-box,Ancient Box,2,100.0,overall,2026-05-25T16:41:55.513889+00:00
BRS-SSP,"10,11,12,13,14,15,16,17",8,espathra-xatu,Espathra Xatu,9,14,34,12,30.0,iron-thorns-ex,Iron Thorns,2,100.0,overall,2026-05-25T16:41:55.513889+00:00
BRS-SSP,"10,11,12,13,14,15,16,17",8,espathra-xatu,Espathra Xatu,9,14,34,12,30.0,tsareena-ex,Tsareena,1,0.0,overall,2026-05-25T16:41:55.513889+00:00
BRS-SSP,"10,11,12,13,14,15,16,17",8,espathra-xatu,Espathra Xatu,9,14,34,12,30.0,gholdengo-ex,Gholdengo,1,0.0,overall,2026-05-25T16:41:55.513889+00:00
BRS-SSP,"10,11,12,13,14,15,16,17",8,espathra-xatu,Espathra Xatu,9,14,34,12,30.0,banette-ex-sv,Banette,1,0.0,overall,2026-05-25T16:41:55.513889+00:00
BRS-SSP,"10,11,12,13,14,15,16,17",8,espathra-xatu,Espathra Xatu,9,14,34,12,30.0,sinistcha-ogerpon,Sinistcha Ogerpon,1,100.0,overall,2026-05-25T16:41:55.513889+00:00
BRS-SSP,"10,11,12,13,14,15,16,17",8,espathra-xatu,Espathra Xatu,9,14,34,12,30.0,palkia-dusknoir,Palkia Dusknoir,1,0.0,overall,2026-05-25T16:41:55.513889+00:00
BRS-SSP,"10,11,12,13,14,15,16,17",8,espathra-xatu,Espathra Xatu,9,14,34,12,30.0,chien-pao-baxcalibur,Chien-Pao Baxcalibur,1,0.0,overall,2026-05-25T16:41:55.513889+00:00
BRS-SSP,"10,11,12,13,14,15,16,17",8,espathra-xatu,Espathra Xatu,9,14,34,12,30.0,ogerpon-noivern,Ogerpon Noivern,1,0.0,overall,2026-05-25T16:41:55.513889+00:00
BRS-SSP,"10,11,12,13,14,15,16,17",8,espathra-xatu,Espathra Xatu,9,14,34,12,30.0,lost-zone-box,Lost Zone Box,1,33.33,overall,2026-05-25T16:41:55.513889+00:00
BRS-SSP,"10,11,12,13,14,15,16,17",8,espathra-xatu,Espathra Xatu,9,14,34,12,30.0,dragapult-dusknoir,Dragapult Dusknoir,1,33.33,overall,2026-05-25T16:41:55.513889+00:00
BRS-SSP,"10,11,12,13,14,15,16,17",8,espathra-xatu,Espathra Xatu,9,14,34,12,30.0,dragapult-charizard,Dragapult Charizard,1,33.33,overall,2026-05-25T16:41:55.513889+00:00
BRS-SSP,"10,11,12,13,14,15,16,17",8,festival-lead,Dipplin,15,24,64,15,28.16,regidrago-vstar,Regidrago,16,0.0,overall,2026-05-25T16:41:57.944046+00:00
BRS-SSP,"10,11,12,13,14,15,16,17",8,festival-lead,Dipplin,15,24,64,15,28.16,gardevoir-ex-sv,Gardevoir,10,43.33,overall,2026-05-25T16:41:57.944046+00:00
BRS-SSP,"10,11,12,13,14,15,16,17",8,festival-lead,Dipplin,15,24,64,15,28.16,charizard-pidgeot,Charizard Pidgeot,9,51.85,overall,2026-05-25T16:41:57.944046+00:00
BRS-SSP,"10,11,12,13,14,15,16,17",8,festival-lead,Dipplin,15,24,64,15,28.16,raging-bolt-ogerpon,Raging Bolt Ogerpon,9,55.56,overall,2026-05-25T16:41:57.944046+00:00
BRS-SSP,"10,11,12,13,14,15,16,17",8,festival-lead,Dipplin,15,24,64,15,28.16,miraidon-ex,Miraidon,6,0.0,overall,2026-05-25T16:41:57.944046+00:00
BRS-SSP,"10,11,12,13,14,15,16,17",8,festival-lead,Dipplin,15,24,64,15,28.16,lost-zone-box,Lost Zone Box,5,6.67,overall,2026-05-25T16:41:57.944046+00:00
BRS-SSP,"10,11,12,13,14,15,16,17",8,festival-lead,Dipplin,15,24,64,15,28.16,dragapult-dusknoir,Dragapult Dusknoir,4,0.0,overall,2026-05-25T16:41:57.944046+00:00
BRS-SSP,"10,11,12,13,14,15,16,17",8,festival-lead,Dipplin,15,24,64,15,28.16,terapagos-noctowl,Terapagos Noctowl,4,8.33,overall,2026-05-25T16:41:57.944046+00:00
BRS-SSP,"10,11,12,13,14,15,16,17",8,festival-lead,Dipplin,15,24,64,15,28.16,roaring-moon-ex,Roaring Moon,4,16.67,overall,2026-05-25T16:41:57.944046+00:00
BRS-SSP,"10,11,12,13,14,15,16,17",8,festival-lead,Dipplin,15,24,64,15,28.16,archaludon-dialga,Archaludon Dialga,4,8.33,overall,2026-05-25T16:41:57.944046+00:00
BRS-SSP,"10,11,12,13,14,15,16,17",8,festival-lead,Dipplin,15,24,64,15,28.16,ceruledge-ex,Ceruledge,3,33.33,overall,2026-05-25T16:41:57.944046+00:00
BRS-SSP,"10,11,12,13,14,15,16,17",8,festival-lead,Dipplin,15,24,64,15,28.16,dragapult-iron-thorns,Dragapult Iron Thorns,3,33.33,overall,2026-05-25T16:41:57.944046+00:00
BRS-SSP,"10,11,12,13,14,15,16,17",8,festival-lead,Dipplin,15,24,64,15,28.16,palafin-ex,Palafin,2,50.0,overall,2026-05-25T16:41:57.944046+00:00
BRS-SSP,"10,11,12,13,14,15,16,17",8,festival-lead,Dipplin,15,24,64,15,28.16,hydreigon-ex,Hydreigon,2,50.0,overall,2026-05-25T16:41:57.944046+00:00
BRS-SSP,"10,11,12,13,14,15,16,17",8,festival-lead,Dipplin,15,24,64,15,28.16,gholdengo-ex,Gholdengo,2,66.67,overall,2026-05-25T16:41:57.944046+00:00
BRS-SSP,"10,11,12,13,14,15,16,17",8,festival-lead,Dipplin,15,24,64,15,28.16,alolan-exeggutor-ex,Alolan Exeggutor ex,2,50.0,overall,2026-05-25T16:41:57.944046+00:00
BRS-SSP,"10,11,12,13,14,15,16,17",8,festival-lead,Dipplin,15,24,64,15,28.16,poison-terapagos,Poison Terapagos,2,0.0,overall,2026-05-25T16:41:57.944046+00:00
BRS-SSP,"10,11,12,13,14,15,16,17",8,festival-lead,Dipplin,15,24,64,15,28.16,conkeldurr-twm,Conkeldurr,2,33.33,overall,2026-05-25T16:41:57.944046+00:00
BRS-SSP,"10,11,12,13,14,15,16,17",8,festival-lead,Dipplin,15,24,64,15,28.16,archaludon-ex,Archaludon,2,50.0,overall,2026-05-25T16:41:57.944046+00:00
BRS-SSP,"10,11,12,13,14,15,16,17",8,festival-lead,Dipplin,15,24,64,15,28.16,lugia-archeops,Lugia Archeops,2,50.0,overall,2026-05-25T16:41:57.944046+00:00
BRS-SSP,"10,11,12,13,14,15,16,17",8,festival-lead,Dipplin,15,24,64,15,28.16,other,Other,2,50.0,overall,2026-05-25T16:41:57.944046+00:00
BRS-SSP,"10,11,12,13,14,15,16,17",8,festival-lead,Dipplin,15,24,64,15,28.16,cornerstone-mask-ogerpon-ex,Cornerstone Mask Ogerpon,1,0.0,overall,2026-05-25T16:41:57.944046+00:00
BRS-SSP,"10,11,12,13,14,15,16,17",8,festival-lead,Dipplin,15,24,64,15,28.16,snorlax-stall,Snorlax Stall,1,0.0,overall,2026-05-25T16:41:57.944046+00:00
BRS-SSP,"10,11,12,13,14,15,16,17",8,festival-lead,Dipplin,15,24,64,15,28.16,torterra-ex,Torterra,1,100.0,overall,2026-05-25T16:41:57.944046+00:00
BRS-SSP,"10,11,12,13,14,15,16,17",8,festival-lead,Dipplin,15,24,64,15,28.16,palkia-vstar,Palkia,1,100.0,overall,2026-05-25T16:41:57.944046+00:00
BRS-SSP,"10,11,12,13,14,15,16,17",8,festival-lead,Dipplin,15,24,64,15,28.16,palkia-noctowl,Palkia Noctowl,1,33.33,overall,2026-05-25T16:41:57.944046+00:00
BRS-SSP,"10,11,12,13,14,15,16,17",8,festival-lead,Dipplin,15,24,64,15,28.16,dragapult-pidgeot,Dragapult Pidgeot,1,0.0,overall,2026-05-25T16:41:57.944046+00:00
BRS-SSP,"10,11,12,13,14,15,16,17",8,festival-lead,Dipplin,15,24,64,15,28.16,great-tusk-tef,Great Tusk Mill,1,100.0,overall,2026-05-25T16:41:57.944046+00:00
BRS-SSP,"10,11,12,13,14,15,16,17",8,festival-lead,Dipplin,15,24,64,15,28.16,iron-thorns-ex,Iron Thorns,1,0.0,overall,2026-05-25T16:41:57.944046+00:00
BRS-SSP,"10,11,12,13,14,15,16,17",8,flygon-ex-ssp,Flygon,23,30,87,18,26.67,regidrago-vstar,Regidrago,20,15.0,overall,2026-05-25T16:42:00.490866+00:00
BRS-SSP,"10,11,12,13,14,15,16,17",8,flygon-ex-ssp,Flygon,23,30,87,18,26.67,charizard-pidgeot,Charizard Pidgeot,16,31.25,overall,2026-05-25T16:42:00.490866+00:00
BRS-SSP,"10,11,12,13,14,15,16,17",8,flygon-ex-ssp,Flygon,23,30,87,18,26.67,raging-bolt-ogerpon,Raging Bolt Ogerpon,14,33.33,overall,2026-05-25T16:42:00.490866+00:00
BRS-SSP,"10,11,12,13,14,15,16,17",8,flygon-ex-ssp,Flygon,23,30,87,18,26.67,gholdengo-ex,Gholdengo,9,18.52,overall,2026-05-25T16:42:00.490866+00:00
BRS-SSP,"10,11,12,13,14,15,16,17",8,flygon-ex-ssp,Flygon,23,30,87,18,26.67,lugia-archeops,Lugia Archeops,8,4.17,overall,2026-05-25T16:42:00.490866+00:00
BRS-SSP,"10,11,12,13,14,15,16,17",8,flygon-ex-ssp,Flygon,23,30,87,18,26.67,miraidon-ex,Miraidon,6,66.67,overall,2026-05-25T16:42:00.490866+00:00
BRS-SSP,"10,11,12,13,14,15,16,17",8,flygon-ex-ssp,Flygon,23,30,87,18,26.67,roaring-moon-ex,Roaring Moon,6,27.78,overall,2026-05-25T16:42:00.490866+00:00
BRS-SSP,"10,11,12,13,14,15,16,17",8,flygon-ex-ssp,Flygon,23,30,87,18,26.67,gardevoir-ex-sv,Gardevoir,5,20.0,overall,2026-05-25T16:42:00.490866+00:00
BRS-SSP,"10,11,12,13,14,15,16,17",8,flygon-ex-ssp,Flygon,23,30,87,18,26.67,terapagos-noctowl,Terapagos Noctowl,4,50.0,overall,2026-05-25T16:42:00.490866+00:00
BRS-SSP,"10,11,12,13,14,15,16,17",8,flygon-ex-ssp,Flygon,23,30,87,18,26.67,palkia-noctowl,Palkia Noctowl,4,0.0,overall,2026-05-25T16:42:00.490866+00:00
BRS-SSP,"10,11,12,13,14,15,16,17",8,flygon-ex-ssp,Flygon,23,30,87,18,26.67,archaludon-dialga,Archaludon Dialga,3,33.33,overall,2026-05-25T16:42:00.490866+00:00
BRS-SSP,"10,11,12,13,14,15,16,17",8,flygon-ex-ssp,Flygon,23,30,87,18,26.67,dragapult-dusknoir,Dragapult Dusknoir,3,0.0,overall,2026-05-25T16:42:00.490866+00:00
BRS-SSP,"10,11,12,13,14,15,16,17",8,flygon-ex-ssp,Flygon,23,30,87,18,26.67,lost-zone-box,Lost Zone Box,3,33.33,overall,2026-05-25T16:42:00.490866+00:00
BRS-SSP,"10,11,12,13,14,15,16,17",8,flygon-ex-ssp,Flygon,23,30,87,18,26.67,palkia-dusknoir,Palkia Dusknoir,3,0.0,overall,2026-05-25T16:42:00.490866+00:00
BRS-SSP,"10,11,12,13,14,15,16,17",8,flygon-ex-ssp,Flygon,23,30,87,18,26.67,other,Other,3,33.33,overall,2026-05-25T16:42:00.490866+00:00
BRS-SSP,"10,11,12,13,14,15,16,17",8,flygon-ex-ssp,Flygon,23,30,87,18,26.67,poison-terapagos,Poison Terapagos,3,66.67,overall,2026-05-25T16:42:00.490866+00:00
BRS-SSP,"10,11,12,13,14,15,16,17",8,flygon-ex-ssp,Flygon,23,30,87,18,26.67,pidgeot-control,Pidgeot Control,2,50.0,overall,2026-05-25T16:42:00.490866+00:00
BRS-SSP,"10,11,12,13,14,15,16,17",8,flygon-ex-ssp,Flygon,23,30,87,18,26.67,klawf-par,Klawf,2,16.67,overall,2026-05-25T16:42:00.490866+00:00
BRS-SSP,"10,11,12,13,14,15,16,17",8,flygon-ex-ssp,Flygon,23,30,87,18,26.67,ceruledge-ex,Ceruledge,2,66.67,overall,2026-05-25T16:42:00.490866+00:00
BRS-SSP,"10,11,12,13,14,15,16,17",8,flygon-ex-ssp,Flygon,23,30,87,18,26.67,banette-gardevoir,Banette Gardevoir,2,16.67,overall,2026-05-25T16:42:00.490866+00:00
BRS-SSP,"10,11,12,13,14,15,16,17",8,flygon-ex-ssp,Flygon,23,30,87,18,26.67,great-tusk-tef,Great Tusk Mill,2,66.67,overall,2026-05-25T16:42:00.490866+00:00
BRS-SSP,"10,11,12,13,14,15,16,17",8,flygon-ex-ssp,Flygon,23,30,87,18,26.67,archaludon-ex,Archaludon,2,50.0,overall,2026-05-25T16:42:00.490866+00:00
BRS-SSP,"10,11,12,13,14,15,16,17",8,flygon-ex-ssp,Flygon,23,30,87,18,26.67,ancient-box,Ancient Box,1,0.0,overall,2026-05-25T16:42:00.490866+00:00
BRS-SSP,"10,11,12,13,14,15,16,17",8,flygon-ex-ssp,Flygon,23,30,87,18,26.67,charizard-noctowl,Charizard Noctowl,1,0.0,overall,2026-05-25T16:42:00.490866+00:00
BRS-SSP,"10,11,12,13,14,15,16,17",8,flygon-ex-ssp,Flygon,23,30,87,18,26.67,pikachu-regigigas,Pikachu Regis,1,0.0,overall,2026-05-25T16:42:00.490866+00:00
BRS-SSP,"10,11,12,13,14,15,16,17",8,flygon-ex-ssp,Flygon,23,30,87,18,26.67,dragapult-pidgeot,Dragapult Pidgeot,1,0.0,overall,2026-05-25T16:42:00.490866+00:00
BRS-SSP,"10,11,12,13,14,15,16,17",8,flygon-ex-ssp,Flygon,23,30,87,18,26.67,greninja-ex,Greninja,1,33.33,overall,2026-05-25T16:42:00.490866+00:00
BRS-SSP,"10,11,12,13,14,15,16,17",8,flygon-ex-ssp,Flygon,23,30,87,18,26.67,scovillain-ex,Scovillain,1,100.0,overall,2026-05-25T16:42:00.490866+00:00
BRS-SSP,"10,11,12,13,14,15,16,17",8,flygon-ex-ssp,Flygon,23,30,87,18,26.67,conkeldurr-twm,Conkeldurr,1,0.0,overall,2026-05-25T16:42:00.490866+00:00
BRS-SSP,"10,11,12,13,14,15,16,17",8,flygon-ex-ssp,Flygon,23,30,87,18,26.67,charizard-ex,Charizard,1,0.0,overall,2026-05-25T16:42:00.490866+00:00
BRS-SSP,"10,11,12,13,14,15,16,17",8,flygon-ex-ssp,Flygon,23,30,87,18,26.67,ogerpon-noivern,Ogerpon Noivern,1,0.0,overall,2026-05-25T16:42:00.490866+00:00
BRS-SSP,"10,11,12,13,14,15,16,17",8,flygon-ex-ssp,Flygon,23,30,87,18,26.67,gengar-ex,Gengar,1,100.0,overall,2026-05-25T16:42:00.490866+00:00
BRS-SSP,"10,11,12,13,14,15,16,17",8,flygon-ex-ssp,Flygon,23,30,87,18,26.67,chien-pao-baxcalibur,Chien-Pao Baxcalibur,1,0.0,overall,2026-05-25T16:42:00.490866+00:00
BRS-SSP,"10,11,12,13,14,15,16,17",8,flygon-ex-ssp,Flygon,23,30,87,18,26.67,united-wings,United Wings,1,0.0,overall,2026-05-25T16:42:00.490866+00:00
BRS-SSP,"10,11,12,13,14,15,16,17",8,flygon-ex-ssp,Flygon,23,30,87,18,26.67,hydreigon-ex,Hydreigon,1,0.0,overall,2026-05-25T16:42:00.490866+00:00
BRS-SSP,"10,11,12,13,14,15,16,17",8,froslass-munkidori,Froslass Munkidori,8,16,23,11,39.33,regidrago-vstar,Regidrago,9,29.63,overall,2026-05-25T16:42:03.030396+00:00
BRS-SSP,"10,11,12,13,14,15,16,17",8,froslass-munkidori,Froslass Munkidori,8,16,23,11,39.33,raging-bolt-ogerpon,Raging Bolt Ogerpon,7,33.33,overall,2026-05-25T16:42:03.030396+00:00
BRS-SSP,"10,11,12,13,14,15,16,17",8,froslass-munkidori,Froslass Munkidori,8,16,23,11,39.33,charizard-pidgeot,Charizard Pidgeot,5,53.33,overall,2026-05-25T16:42:03.030396+00:00
BRS-SSP,"10,11,12,13,14,15,16,17",8,froslass-munkidori,Froslass Munkidori,8,16,23,11,39.33,lugia-archeops,Lugia Archeops,3,44.44,overall,2026-05-25T16:42:03.030396+00:00
BRS-SSP,"10,11,12,13,14,15,16,17",8,froslass-munkidori,Froslass Munkidori,8,16,23,11,39.33,gardevoir-ex-sv,Gardevoir,3,77.78,overall,2026-05-25T16:42:03.030396+00:00
BRS-SSP,"10,11,12,13,14,15,16,17",8,froslass-munkidori,Froslass Munkidori,8,16,23,11,39.33,dragapult-iron-thorns,Dragapult Iron Thorns,3,66.67,overall,2026-05-25T16:42:03.030396+00:00
BRS-SSP,"10,11,12,13,14,15,16,17",8,froslass-munkidori,Froslass Munkidori,8,16,23,11,39.33,terapagos-noctowl,Terapagos Noctowl,2,16.67,overall,2026-05-25T16:42:03.030396+00:00
BRS-SSP,"10,11,12,13,14,15,16,17",8,froslass-munkidori,Froslass Munkidori,8,16,23,11,39.33,ceruledge-ex,Ceruledge,2,50.0,overall,2026-05-25T16:42:03.030396+00:00
BRS-SSP,"10,11,12,13,14,15,16,17",8,froslass-munkidori,Froslass Munkidori,8,16,23,11,39.33,roaring-moon-ex,Roaring Moon,2,0.0,overall,2026-05-25T16:42:03.030396+00:00
BRS-SSP,"10,11,12,13,14,15,16,17",8,froslass-munkidori,Froslass Munkidori,8,16,23,11,39.33,lost-zone-box,Lost Zone Box,2,50.0,overall,2026-05-25T16:42:03.030396+00:00
BRS-SSP,"10,11,12,13,14,15,16,17",8,froslass-munkidori,Froslass Munkidori,8,16,23,11,39.33,poison-terapagos,Poison Terapagos,2,50.0,overall,2026-05-25T16:42:03.030396+00:00
BRS-SSP,"10,11,12,13,14,15,16,17",8,froslass-munkidori,Froslass Munkidori,8,16,23,11,39.33,archaludon-ex,Archaludon,2,33.33,overall,2026-05-25T16:42:03.030396+00:00
BRS-SSP,"10,11,12,13,14,15,16,17",8,froslass-munkidori,Froslass Munkidori,8,16,23,11,39.33,palkia-noctowl,Palkia Noctowl,2,0.0,overall,2026-05-25T16:42:03.030396+00:00
BRS-SSP,"10,11,12,13,14,15,16,17",8,froslass-munkidori,Froslass Munkidori,8,16,23,11,39.33,gholdengo-ex,Gholdengo,2,0.0,overall,2026-05-25T16:42:03.030396+00:00
BRS-SSP,"10,11,12,13,14,15,16,17",8,froslass-munkidori,Froslass Munkidori,8,16,23,11,39.33,ancient-box,Ancient Box,1,33.33,overall,2026-05-25T16:42:03.030396+00:00
BRS-SSP,"10,11,12,13,14,15,16,17",8,froslass-munkidori,Froslass Munkidori,8,16,23,11,39.33,snorlax-stall,Snorlax Stall,1,100.0,overall,2026-05-25T16:42:03.030396+00:00
BRS-SSP,"10,11,12,13,14,15,16,17",8,froslass-munkidori,Froslass Munkidori,8,16,23,11,39.33,palkia-dusknoir,Palkia Dusknoir,1,0.0,overall,2026-05-25T16:42:03.030396+00:00
BRS-SSP,"10,11,12,13,14,15,16,17",8,froslass-munkidori,Froslass Munkidori,8,16,23,11,39.33,archaludon-dialga,Archaludon Dialga,1,100.0,overall,2026-05-25T16:42:03.030396+00:00
BRS-SSP,"10,11,12,13,14,15,16,17",8,future-box,Future Box,12,28,51,11,35.19,charizard-pidgeot,Charizard Pidgeot,14,26.19,overall,2026-05-25T16:42:05.709688+00:00
BRS-SSP,"10,11,12,13,14,15,16,17",8,future-box,Future Box,12,28,51,11,35.19,regidrago-vstar,Regidrago,12,19.44,overall,2026-05-25T16:42:05.709688+00:00
BRS-SSP,"10,11,12,13,14,15,16,17",8,future-box,Future Box,12,28,51,11,35.19,gholdengo-ex,Gholdengo,7,28.57,overall,2026-05-25T16:42:05.709688+00:00
BRS-SSP,"10,11,12,13,14,15,16,17",8,future-box,Future Box,12,28,51,11,35.19,raging-bolt-ogerpon,Raging Bolt Ogerpon,7,47.62,overall,2026-05-25T16:42:05.709688+00:00
BRS-SSP,"10,11,12,13,14,15,16,17",8,future-box,Future Box,12,28,51,11,35.19,ceruledge-ex,Ceruledge,5,33.33,overall,2026-05-25T16:42:05.709688+00:00
BRS-SSP,"10,11,12,13,14,15,16,17",8,future-box,Future Box,12,28,51,11,35.19,lugia-archeops,Lugia Archeops,5,46.67,overall,2026-05-25T16:42:05.709688+00:00
BRS-SSP,"10,11,12,13,14,15,16,17",8,future-box,Future Box,12,28,51,11,35.19,gardevoir-ex-sv,Gardevoir,4,50.0,overall,2026-05-25T16:42:05.709688+00:00
BRS-SSP,"10,11,12,13,14,15,16,17",8,future-box,Future Box,12,28,51,11,35.19,miraidon-ex,Miraidon,4,75.0,overall,2026-05-25T16:42:05.709688+00:00
BRS-SSP,"10,11,12,13,14,15,16,17",8,future-box,Future Box,12,28,51,11,35.19,iron-thorns-ex,Iron Thorns,4,100.0,overall,2026-05-25T16:42:05.709688+00:00
BRS-SSP,"10,11,12,13,14,15,16,17",8,future-box,Future Box,12,28,51,11,35.19,poison-terapagos,Poison Terapagos,3,0.0,overall,2026-05-25T16:42:05.709688+00:00
BRS-SSP,"10,11,12,13,14,15,16,17",8,future-box,Future Box,12,28,51,11,35.19,terapagos-noctowl,Terapagos Noctowl,3,11.11,overall,2026-05-25T16:42:05.709688+00:00
BRS-SSP,"10,11,12,13,14,15,16,17",8,future-box,Future Box,12,28,51,11,35.19,dragapult-iron-thorns,Dragapult Iron Thorns,3,33.33,overall,2026-05-25T16:42:05.709688+00:00
BRS-SSP,"10,11,12,13,14,15,16,17",8,future-box,Future Box,12,28,51,11,35.19,lost-zone-box,Lost Zone Box,2,16.67,overall,2026-05-25T16:42:05.709688+00:00
BRS-SSP,"10,11,12,13,14,15,16,17",8,future-box,Future Box,12,28,51,11,35.19,snorlax-stall,Snorlax Stall,2,50.0,overall,2026-05-25T16:42:05.709688+00:00
BRS-SSP,"10,11,12,13,14,15,16,17",8,future-box,Future Box,12,28,51,11,35.19,archaludon-dialga,Archaludon Dialga,2,0.0,overall,2026-05-25T16:42:05.709688+00:00
BRS-SSP,"10,11,12,13,14,15,16,17",8,future-box,Future Box,12,28,51,11,35.19,chien-pao-baxcalibur,Chien-Pao Baxcalibur,1,0.0,overall,2026-05-25T16:42:05.709688+00:00
BRS-SSP,"10,11,12,13,14,15,16,17",8,future-box,Future Box,12,28,51,11,35.19,hydreigon-ex,Hydreigon,1,100.0,overall,2026-05-25T16:42:05.709688+00:00
BRS-SSP,"10,11,12,13,14,15,16,17",8,future-box,Future Box,12,28,51,11,35.19,ancient-box,Ancient Box,1,33.33,overall,2026-05-25T16:42:05.709688+00:00
BRS-SSP,"10,11,12,13,14,15,16,17",8,future-box,Future Box,12,28,51,11,35.19,alolan-exeggutor-ex,Alolan Exeggutor ex,1,33.33,overall,2026-05-25T16:42:05.709688+00:00
BRS-SSP,"10,11,12,13,14,15,16,17",8,future-box,Future Box,12,28,51,11,35.19,palkia-dusknoir,Palkia Dusknoir,1,0.0,overall,2026-05-25T16:42:05.709688+00:00
BRS-SSP,"10,11,12,13,14,15,16,17",8,future-box,Future Box,12,28,51,11,35.19,dragapult-dusknoir,Dragapult Dusknoir,1,0.0,overall,2026-05-25T16:42:05.709688+00:00
BRS-SSP,"10,11,12,13,14,15,16,17",8,future-box,Future Box,12,28,51,11,35.19,roaring-moon-ex,Roaring Moon,1,0.0,overall,2026-05-25T16:42:05.709688+00:00
BRS-SSP,"10,11,12,13,14,15,16,17",8,future-box,Future Box,12,28,51,11,35.19,greninja-ex,Greninja,1,100.0,overall,2026-05-25T16:42:05.709688+00:00
BRS-SSP,"10,11,12,13,14,15,16,17",8,future-box,Future Box,12,28,51,11,35.19,gouging-fire-ex,Gouging Fire,1,0.0,overall,2026-05-25T16:42:05.709688+00:00
BRS-SSP,"10,11,12,13,14,15,16,17",8,future-box,Future Box,12,28,51,11,35.19,archaludon-ex,Archaludon,1,0.0,overall,2026-05-25T16:42:05.709688+00:00
BRS-SSP,"10,11,12,13,14,15,16,17",8,future-box,Future Box,12,28,51,11,35.19,iron-hands-ex,Future Hands,1,0.0,overall,2026-05-25T16:42:05.709688+00:00
BRS-SSP,"10,11,12,13,14,15,16,17",8,future-box,Future Box,12,28,51,11,35.19,pikachu-regigigas,Pikachu Regis,1,100.0,overall,2026-05-25T16:42:05.709688+00:00
BRS-SSP,"10,11,12,13,14,15,16,17",8,galvantula-ex,Galvantula,7,11,34,6,25.49,regidrago-vstar,Regidrago,10,30.0,overall,2026-05-25T16:42:08.365488+00:00
BRS-SSP,"10,11,12,13,14,15,16,17",8,galvantula-ex,Galvantula,7,11,34,6,25.49,charizard-pidgeot,Charizard Pidgeot,7,38.1,overall,2026-05-25T16:42:08.365488+00:00
BRS-SSP,"10,11,12,13,14,15,16,17",8,galvantula-ex,Galvantula,7,11,34,6,25.49,lost-zone-box,Lost Zone Box,4,25.0,overall,2026-05-25T16:42:08.365488+00:00
BRS-SSP,"10,11,12,13,14,15,16,17",8,galvantula-ex,Galvantula,7,11,34,6,25.49,gholdengo-ex,Gholdengo,3,22.22,overall,2026-05-25T16:42:08.365488+00:00
BRS-SSP,"10,11,12,13,14,15,16,17",8,galvantula-ex,Galvantula,7,11,34,6,25.49,gardevoir-ex-sv,Gardevoir,2,0.0,overall,2026-05-25T16:42:08.365488+00:00
BRS-SSP,"10,11,12,13,14,15,16,17",8,galvantula-ex,Galvantula,7,11,34,6,25.49,ceruledge-ex,Ceruledge,2,0.0,overall,2026-05-25T16:42:08.365488+00:00
BRS-SSP,"10,11,12,13,14,15,16,17",8,galvantula-ex,Galvantula,7,11,34,6,25.49,other,Other,2,0.0,overall,2026-05-25T16:42:08.365488+00:00
BRS-SSP,"10,11,12,13,14,15,16,17",8,galvantula-ex,Galvantula,7,11,34,6,25.49,roaring-moon-ex,Roaring Moon,2,0.0,overall,2026-05-25T16:42:08.365488+00:00
BRS-SSP,"10,11,12,13,14,15,16,17",8,galvantula-ex,Galvantula,7,11,34,6,25.49,raging-bolt-ogerpon,Raging Bolt Ogerpon,2,0.0,overall,2026-05-25T16:42:08.365488+00:00
BRS-SSP,"10,11,12,13,14,15,16,17",8,galvantula-ex,Galvantula,7,11,34,6,25.49,terapagos-noctowl,Terapagos Noctowl,2,50.0,overall,2026-05-25T16:42:08.365488+00:00
BRS-SSP,"10,11,12,13,14,15,16,17",8,galvantula-ex,Galvantula,7,11,34,6,25.49,ancient-box,Ancient Box,2,0.0,overall,2026-05-25T16:42:08.365488+00:00
BRS-SSP,"10,11,12,13,14,15,16,17",8,galvantula-ex,Galvantula,7,11,34,6,25.49,lugia-archeops,Lugia Archeops,1,100.0,overall,2026-05-25T16:42:08.365488+00:00
BRS-SSP,"10,11,12,13,14,15,16,17",8,galvantula-ex,Galvantula,7,11,34,6,25.49,pikachu-regigigas,Pikachu Regis,1,0.0,overall,2026-05-25T16:42:08.365488+00:00
BRS-SSP,"10,11,12,13,14,15,16,17",8,galvantula-ex,Galvantula,7,11,34,6,25.49,lzb-charizard,Lost Box Charizard,1,0.0,overall,2026-05-25T16:42:08.365488+00:00
BRS-SSP,"10,11,12,13,14,15,16,17",8,galvantula-ex,Galvantula,7,11,34,6,25.49,toedscruel-ex,Toedscruel,1,33.33,overall,2026-05-25T16:42:08.365488+00:00
BRS-SSP,"10,11,12,13,14,15,16,17",8,galvantula-ex,Galvantula,7,11,34,6,25.49,torterra-ex,Torterra,1,100.0,overall,2026-05-25T16:42:08.365488+00:00
BRS-SSP,"10,11,12,13,14,15,16,17",8,galvantula-ex,Galvantula,7,11,34,6,25.49,hydreigon-ex,Hydreigon,1,0.0,overall,2026-05-25T16:42:08.365488+00:00
BRS-SSP,"10,11,12,13,14,15,16,17",8,galvantula-ex,Galvantula,7,11,34,6,25.49,snorlax-stall,Snorlax Stall,1,0.0,overall,2026-05-25T16:42:08.365488+00:00
BRS-SSP,"10,11,12,13,14,15,16,17",8,galvantula-ex,Galvantula,7,11,34,6,25.49,palkia-dusknoir,Palkia Dusknoir,1,33.33,overall,2026-05-25T16:42:08.365488+00:00
BRS-SSP,"10,11,12,13,14,15,16,17",8,galvantula-ex,Galvantula,7,11,34,6,25.49,archaludon-ex,Archaludon,1,0.0,overall,2026-05-25T16:42:08.365488+00:00
BRS-SSP,"10,11,12,13,14,15,16,17",8,galvantula-ex,Galvantula,7,11,34,6,25.49,gouging-fire-ex,Gouging Fire,1,0.0,overall,2026-05-25T16:42:08.365488+00:00
BRS-SSP,"10,11,12,13,14,15,16,17",8,galvantula-ex,Galvantula,7,11,34,6,25.49,palkia-noctowl,Palkia Noctowl,1,100.0,overall,2026-05-25T16:42:08.365488+00:00
BRS-SSP,"10,11,12,13,14,15,16,17",8,galvantula-ex,Galvantula,7,11,34,6,25.49,dialga-metang,Dialga Metang,1,0.0,overall,2026-05-25T16:42:08.365488+00:00
BRS-SSP,"10,11,12,13,14,15,16,17",8,garchomp-ex,Garchomp,1,1,6,2,18.52,gardevoir-ex-sv,Gardevoir,2,50.0,overall,2026-05-25T16:42:10.983561+00:00
BRS-SSP,"10,11,12,13,14,15,16,17",8,garchomp-ex,Garchomp,1,1,6,2,18.52,miraidon-ex,Miraidon,2,0.0,overall,2026-05-25T16:42:10.983561+00:00
BRS-SSP,"10,11,12,13,14,15,16,17",8,garchomp-ex,Garchomp,1,1,6,2,18.52,dragapult-dusknoir,Dragapult Dusknoir,1,33.33,overall,2026-05-25T16:42:10.983561+00:00
BRS-SSP,"10,11,12,13,14,15,16,17",8,garchomp-ex,Garchomp,1,1,6,2,18.52,terapagos-noctowl,Terapagos Noctowl,1,33.33,overall,2026-05-25T16:42:10.983561+00:00
BRS-SSP,"10,11,12,13,14,15,16,17",8,garchomp-ex,Garchomp,1,1,6,2,18.52,gholdengo-ex,Gholdengo,1,0.0,overall,2026-05-25T16:42:10.983561+00:00
BRS-SSP,"10,11,12,13,14,15,16,17",8,garchomp-ex,Garchomp,1,1,6,2,18.52,lost-zone-box,Lost Zone Box,1,0.0,overall,2026-05-25T16:42:10.983561+00:00
BRS-SSP,"10,11,12,13,14,15,16,17",8,garchomp-ex,Garchomp,1,1,6,2,18.52,raging-bolt-ogerpon,Raging Bolt Ogerpon,1,0.0,overall,2026-05-25T16:42:10.983561+00:00
BRS-SSP,"10,11,12,13,14,15,16,17",8,gardevoir-ex-sv,Gardevoir,650,2244,2086,898,48.65,regidrago-vstar,Regidrago,790,41.01,overall,2026-05-25T16:42:13.448893+00:00
BRS-SSP,"10,11,12,13,14,15,16,17",8,gardevoir-ex-sv,Gardevoir,650,2244,2086,898,48.65,charizard-pidgeot,Charizard Pidgeot,531,40.99,overall,2026-05-25T16:42:13.448893+00:00
BRS-SSP,"10,11,12,13,14,15,16,17",8,gardevoir-ex-sv,Gardevoir,650,2244,2086,898,48.65,raging-bolt-ogerpon,Raging Bolt Ogerpon,387,59.95,overall,2026-05-25T16:42:13.448893+00:00
BRS-SSP,"10,11,12,13,14,15,16,17",8,gardevoir-ex-sv,Gardevoir,650,2244,2086,898,48.65,gholdengo-ex,Gholdengo,299,54.07,overall,2026-05-25T16:42:13.448893+00:00
BRS-SSP,"10,11,12,13,14,15,16,17",8,gardevoir-ex-sv,Gardevoir,650,2244,2086,898,48.65,lugia-archeops,Lugia Archeops,240,46.94,overall,2026-05-25T16:42:13.448893+00:00
BRS-SSP,"10,11,12,13,14,15,16,17",8,gardevoir-ex-sv,Gardevoir,650,2244,2086,898,48.65,miraidon-ex,Miraidon,206,43.37,overall,2026-05-25T16:42:13.448893+00:00
BRS-SSP,"10,11,12,13,14,15,16,17",8,gardevoir-ex-sv,Gardevoir,650,2244,2086,898,48.65,poison-terapagos,Poison Terapagos,201,62.02,overall,2026-05-25T16:42:13.448893+00:00
BRS-SSP,"10,11,12,13,14,15,16,17",8,gardevoir-ex-sv,Gardevoir,650,2244,2086,898,48.65,dragapult-iron-thorns,Dragapult Iron Thorns,190,52.98,overall,2026-05-25T16:42:13.448893+00:00
BRS-SSP,"10,11,12,13,14,15,16,17",8,gardevoir-ex-sv,Gardevoir,650,2244,2086,898,48.65,lost-zone-box,Lost Zone Box,189,47.8,overall,2026-05-25T16:42:13.448893+00:00
BRS-SSP,"10,11,12,13,14,15,16,17",8,gardevoir-ex-sv,Gardevoir,650,2244,2086,898,48.65,roaring-moon-ex,Roaring Moon,180,53.7,overall,2026-05-25T16:42:13.448893+00:00
BRS-SSP,"10,11,12,13,14,15,16,17",8,gardevoir-ex-sv,Gardevoir,650,2244,2086,898,48.65,gardevoir-ex-sv,Gardevoir,150,47.22,overall,2026-05-25T16:42:13.448893+00:00
BRS-SSP,"10,11,12,13,14,15,16,17",8,gardevoir-ex-sv,Gardevoir,650,2244,2086,898,48.65,terapagos-noctowl,Terapagos Noctowl,148,45.72,overall,2026-05-25T16:42:13.448893+00:00
BRS-SSP,"10,11,12,13,14,15,16,17",8,gardevoir-ex-sv,Gardevoir,650,2244,2086,898,48.65,archaludon-dialga,Archaludon Dialga,148,48.87,overall,2026-05-25T16:42:13.448893+00:00
BRS-SSP,"10,11,12,13,14,15,16,17",8,gardevoir-ex-sv,Gardevoir,650,2244,2086,898,48.65,snorlax-stall,Snorlax Stall,146,39.5,overall,2026-05-25T16:42:13.448893+00:00
BRS-SSP,"10,11,12,13,14,15,16,17",8,gardevoir-ex-sv,Gardevoir,650,2244,2086,898,48.65,ancient-box,Ancient Box,119,43.14,overall,2026-05-25T16:42:13.448893+00:00
BRS-SSP,"10,11,12,13,14,15,16,17",8,gardevoir-ex-sv,Gardevoir,650,2244,2086,898,48.65,ceruledge-ex,Ceruledge,99,55.56,overall,2026-05-25T16:42:13.448893+00:00
BRS-SSP,"10,11,12,13,14,15,16,17",8,gardevoir-ex-sv,Gardevoir,650,2244,2086,898,48.65,palkia-noctowl,Palkia Noctowl,98,44.9,overall,2026-05-25T16:42:13.448893+00:00
BRS-SSP,"10,11,12,13,14,15,16,17",8,gardevoir-ex-sv,Gardevoir,650,2244,2086,898,48.65,archaludon-ex,Archaludon,98,56.12,overall,2026-05-25T16:42:13.448893+00:00
BRS-SSP,"10,11,12,13,14,15,16,17",8,gardevoir-ex-sv,Gardevoir,650,2244,2086,898,48.65,iron-thorns-ex,Iron Thorns,82,37.4,overall,2026-05-25T16:42:13.448893+00:00
BRS-SSP,"10,11,12,13,14,15,16,17",8,gardevoir-ex-sv,Gardevoir,650,2244,2086,898,48.65,pidgeot-control,Pidgeot Control,81,53.09,overall,2026-05-25T16:42:13.448893+00:00
BRS-SSP,"10,11,12,13,14,15,16,17",8,gardevoir-ex-sv,Gardevoir,650,2244,2086,898,48.65,dragapult-dusknoir,Dragapult Dusknoir,70,43.81,overall,2026-05-25T16:42:13.448893+00:00
BRS-SSP,"10,11,12,13,14,15,16,17",8,gardevoir-ex-sv,Gardevoir,650,2244,2086,898,48.65,hydreigon-ex,Hydreigon,54,36.42,overall,2026-05-25T16:42:13.448893+00:00
BRS-SSP,"10,11,12,13,14,15,16,17",8,gardevoir-ex-sv,Gardevoir,650,2244,2086,898,48.65,palkia-dusknoir,Palkia Dusknoir,50,30.0,overall,2026-05-25T16:42:13.448893+00:00
BRS-SSP,"10,11,12,13,14,15,16,17",8,gardevoir-ex-sv,Gardevoir,650,2244,2086,898,48.65,other,Other,47,69.5,overall,2026-05-25T16:42:13.448893+00:00
BRS-SSP,"10,11,12,13,14,15,16,17",8,gardevoir-ex-sv,Gardevoir,650,2244,2086,898,48.65,chien-pao-baxcalibur,Chien-Pao Baxcalibur,42,38.89,overall,2026-05-25T16:42:13.448893+00:00
BRS-SSP,"10,11,12,13,14,15,16,17",8,gardevoir-ex-sv,Gardevoir,650,2244,2086,898,48.65,gouging-fire-ex,Gouging Fire,30,46.67,overall,2026-05-25T16:42:13.448893+00:00
BRS-SSP,"10,11,12,13,14,15,16,17",8,gardevoir-ex-sv,Gardevoir,650,2244,2086,898,48.65,dragapult-pidgeot,Dragapult Pidgeot,29,47.13,overall,2026-05-25T16:42:13.448893+00:00
BRS-SSP,"10,11,12,13,14,15,16,17",8,gardevoir-ex-sv,Gardevoir,650,2244,2086,898,48.65,charizard-noctowl,Charizard Noctowl,24,41.67,overall,2026-05-25T16:42:13.448893+00:00
BRS-SSP,"10,11,12,13,14,15,16,17",8,gardevoir-ex-sv,Gardevoir,650,2244,2086,898,48.65,mimikyu-ogerpon,Mimikyu Ogerpon,23,76.81,overall,2026-05-25T16:42:13.448893+00:00
BRS-SSP,"10,11,12,13,14,15,16,17",8,gardevoir-ex-sv,Gardevoir,650,2244,2086,898,48.65,klawf-par,Klawf,21,71.43,overall,2026-05-25T16:42:13.448893+00:00
BRS-SSP,"10,11,12,13,14,15,16,17",8,gardevoir-ex-sv,Gardevoir,650,2244,2086,898,48.65,banette-gardevoir,Banette Gardevoir,19,56.14,overall,2026-05-25T16:42:13.448893+00:00
BRS-SSP,"10,11,12,13,14,15,16,17",8,gardevoir-ex-sv,Gardevoir,650,2244,2086,898,48.65,pikachu-regigigas,Pikachu Regis,19,91.23,overall,2026-05-25T16:42:13.448893+00:00
BRS-SSP,"10,11,12,13,14,15,16,17",8,gardevoir-ex-sv,Gardevoir,650,2244,2086,898,48.65,dragapult-charizard,Dragapult Charizard,17,41.18,overall,2026-05-25T16:42:13.448893+00:00
BRS-SSP,"10,11,12,13,14,15,16,17",8,gardevoir-ex-sv,Gardevoir,650,2244,2086,898,48.65,conkeldurr-twm,Conkeldurr,13,87.18,overall,2026-05-25T16:42:13.448893+00:00
BRS-SSP,"10,11,12,13,14,15,16,17",8,gardevoir-ex-sv,Gardevoir,650,2244,2086,898,48.65,great-tusk-tef,Great Tusk Mill,12,66.67,overall,2026-05-25T16:42:13.448893+00:00
BRS-SSP,"10,11,12,13,14,15,16,17",8,gardevoir-ex-sv,Gardevoir,650,2244,2086,898,48.65,ogerpon-noivern,Ogerpon Noivern,12,94.44,overall,2026-05-25T16:42:13.448893+00:00
BRS-SSP,"10,11,12,13,14,15,16,17",8,gardevoir-ex-sv,Gardevoir,650,2244,2086,898,48.65,greninja-ex,Greninja,12,66.67,overall,2026-05-25T16:42:13.448893+00:00
BRS-SSP,"10,11,12,13,14,15,16,17",8,gardevoir-ex-sv,Gardevoir,650,2244,2086,898,48.65,charizard-ex,Charizard,11,27.27,overall,2026-05-25T16:42:13.448893+00:00
BRS-SSP,"10,11,12,13,14,15,16,17",8,gardevoir-ex-sv,Gardevoir,650,2244,2086,898,48.65,giratina-lz-box,Giratina LZ Box,11,39.39,overall,2026-05-25T16:42:13.448893+00:00
BRS-SSP,"10,11,12,13,14,15,16,17",8,gardevoir-ex-sv,Gardevoir,650,2244,2086,898,48.65,festival-lead,Dipplin,10,53.33,overall,2026-05-25T16:42:13.448893+00:00
BRS-SSP,"10,11,12,13,14,15,16,17",8,gardevoir-ex-sv,Gardevoir,650,2244,2086,898,48.65,united-wings,United Wings,9,59.26,overall,2026-05-25T16:42:13.448893+00:00
BRS-SSP,"10,11,12,13,14,15,16,17",8,gardevoir-ex-sv,Gardevoir,650,2244,2086,898,48.65,tsareena-ex,Tsareena,7,76.19,overall,2026-05-25T16:42:13.448893+00:00
BRS-SSP,"10,11,12,13,14,15,16,17",8,gardevoir-ex-sv,Gardevoir,650,2244,2086,898,48.65,dialga-metang,Dialga Metang,7,47.62,overall,2026-05-25T16:42:13.448893+00:00
BRS-SSP,"10,11,12,13,14,15,16,17",8,gardevoir-ex-sv,Gardevoir,650,2244,2086,898,48.65,dragapult-ex,Dragapult,6,50.0,overall,2026-05-25T16:42:13.448893+00:00
BRS-SSP,"10,11,12,13,14,15,16,17",8,gardevoir-ex-sv,Gardevoir,650,2244,2086,898,48.65,hisuian-zoroark-vstar,Hisuian Zoroark,6,77.78,overall,2026-05-25T16:42:13.448893+00:00
BRS-SSP,"10,11,12,13,14,15,16,17",8,gardevoir-ex-sv,Gardevoir,650,2244,2086,898,48.65,greninja-froslass,Greninja Froslass,5,86.67,overall,2026-05-25T16:42:13.448893+00:00
BRS-SSP,"10,11,12,13,14,15,16,17",8,gardevoir-ex-sv,Gardevoir,650,2244,2086,898,48.65,flygon-ex-ssp,Flygon,5,80.0,overall,2026-05-25T16:42:13.448893+00:00
BRS-SSP,"10,11,12,13,14,15,16,17",8,gardevoir-ex-sv,Gardevoir,650,2244,2086,898,48.65,palafin-ex,Palafin,5,100.0,overall,2026-05-25T16:42:13.448893+00:00
BRS-SSP,"10,11,12,13,14,15,16,17",8,gardevoir-ex-sv,Gardevoir,650,2244,2086,898,48.65,hydrapple-ogerpon,Hydrapple Ogerpon,5,53.33,overall,2026-05-25T16:42:13.448893+00:00
BRS-SSP,"10,11,12,13,14,15,16,17",8,gardevoir-ex-sv,Gardevoir,650,2244,2086,898,48.65,future-box,Future Box,4,50.0,overall,2026-05-25T16:42:13.448893+00:00
BRS-SSP,"10,11,12,13,14,15,16,17",8,gardevoir-ex-sv,Gardevoir,650,2244,2086,898,48.65,okidogi-ex,Okidogi,4,33.33,overall,2026-05-25T16:42:13.448893+00:00
BRS-SSP,"10,11,12,13,14,15,16,17",8,gardevoir-ex-sv,Gardevoir,650,2244,2086,898,48.65,palkia-vstar,Palkia,4,50.0,overall,2026-05-25T16:42:13.448893+00:00
BRS-SSP,"10,11,12,13,14,15,16,17",8,gardevoir-ex-sv,Gardevoir,650,2244,2086,898,48.65,lzb-charizard,Lost Box Charizard,4,50.0,overall,2026-05-25T16:42:13.448893+00:00
BRS-SSP,"10,11,12,13,14,15,16,17",8,gardevoir-ex-sv,Gardevoir,650,2244,2086,898,48.65,luxray-ex,Luxray,4,58.33,overall,2026-05-25T16:42:13.448893+00:00
BRS-SSP,"10,11,12,13,14,15,16,17",8,gardevoir-ex-sv,Gardevoir,650,2244,2086,898,48.65,tinkaton-ex,Tinkaton,4,33.33,overall,2026-05-25T16:42:13.448893+00:00
BRS-SSP,"10,11,12,13,14,15,16,17",8,gardevoir-ex-sv,Gardevoir,650,2244,2086,898,48.65,raging-bolt-entei,Raging Bolt Entei,4,25.0,overall,2026-05-25T16:42:13.448893+00:00
BRS-SSP,"10,11,12,13,14,15,16,17",8,gardevoir-ex-sv,Gardevoir,650,2244,2086,898,48.65,espathra-xatu,Espathra Xatu,4,41.67,overall,2026-05-25T16:42:13.448893+00:00
BRS-SSP,"10,11,12,13,14,15,16,17",8,gardevoir-ex-sv,Gardevoir,650,2244,2086,898,48.65,azumarill-ssp,Azumarill,3,33.33,overall,2026-05-25T16:42:13.448893+00:00
BRS-SSP,"10,11,12,13,14,15,16,17",8,gardevoir-ex-sv,Gardevoir,650,2244,2086,898,48.65,iron-hands-ex,Future Hands,3,100.0,overall,2026-05-25T16:42:13.448893+00:00
BRS-SSP,"10,11,12,13,14,15,16,17",8,gardevoir-ex-sv,Gardevoir,650,2244,2086,898,48.65,blissey-ex,Blissey,3,77.78,overall,2026-05-25T16:42:13.448893+00:00
BRS-SSP,"10,11,12,13,14,15,16,17",8,gardevoir-ex-sv,Gardevoir,650,2244,2086,898,48.65,scovillain-ex,Scovillain,3,100.0,overall,2026-05-25T16:42:13.448893+00:00
BRS-SSP,"10,11,12,13,14,15,16,17",8,gardevoir-ex-sv,Gardevoir,650,2244,2086,898,48.65,froslass-munkidori,Froslass Munkidori,3,11.11,overall,2026-05-25T16:42:13.448893+00:00
BRS-SSP,"10,11,12,13,14,15,16,17",8,gardevoir-ex-sv,Gardevoir,650,2244,2086,898,48.65,sinistcha-ogerpon,Sinistcha Ogerpon,3,66.67,overall,2026-05-25T16:42:13.448893+00:00
BRS-SSP,"10,11,12,13,14,15,16,17",8,gardevoir-ex-sv,Gardevoir,650,2244,2086,898,48.65,galvantula-ex,Galvantula,2,100.0,overall,2026-05-25T16:42:13.448893+00:00
BRS-SSP,"10,11,12,13,14,15,16,17",8,gardevoir-ex-sv,Gardevoir,650,2244,2086,898,48.65,cornerstone-mask-ogerpon-ex,Cornerstone Mask Ogerpon,2,50.0,overall,2026-05-25T16:42:13.448893+00:00
BRS-SSP,"10,11,12,13,14,15,16,17",8,gardevoir-ex-sv,Gardevoir,650,2244,2086,898,48.65,torterra-ex,Torterra,2,50.0,overall,2026-05-25T16:42:13.448893+00:00
BRS-SSP,"10,11,12,13,14,15,16,17",8,gardevoir-ex-sv,Gardevoir,650,2244,2086,898,48.65,arceus-armarouge,Arceus Armarouge,2,50.0,overall,2026-05-25T16:42:13.448893+00:00
BRS-SSP,"10,11,12,13,14,15,16,17",8,gardevoir-ex-sv,Gardevoir,650,2244,2086,898,48.65,garchomp-ex,Garchomp,2,50.0,overall,2026-05-25T16:42:13.448893+00:00
BRS-SSP,"10,11,12,13,14,15,16,17",8,gardevoir-ex-sv,Gardevoir,650,2244,2086,898,48.65,gengar-ex,Gengar,2,100.0,overall,2026-05-25T16:42:13.448893+00:00
BRS-SSP,"10,11,12,13,14,15,16,17",8,gardevoir-ex-sv,Gardevoir,650,2244,2086,898,48.65,banette-ex-sv,Banette,2,100.0,overall,2026-05-25T16:42:13.448893+00:00
BRS-SSP,"10,11,12,13,14,15,16,17",8,gardevoir-ex-sv,Gardevoir,650,2244,2086,898,48.65,rotom-v,Rotom,2,100.0,overall,2026-05-25T16:42:13.448893+00:00
BRS-SSP,"10,11,12,13,14,15,16,17",8,gardevoir-ex-sv,Gardevoir,650,2244,2086,898,48.65,charizard-arceus,Charizard Arceus,2,66.67,overall,2026-05-25T16:42:13.448893+00:00
BRS-SSP,"10,11,12,13,14,15,16,17",8,gardevoir-ex-sv,Gardevoir,650,2244,2086,898,48.65,koraidon-ex,Koraidon,2,100.0,overall,2026-05-25T16:42:13.448893+00:00
BRS-SSP,"10,11,12,13,14,15,16,17",8,gardevoir-ex-sv,Gardevoir,650,2244,2086,898,48.65,entei-v,Entei,2,100.0,overall,2026-05-25T16:42:13.448893+00:00
BRS-SSP,"10,11,12,13,14,15,16,17",8,gardevoir-ex-sv,Gardevoir,650,2244,2086,898,48.65,alakazam-ex,Alakazam,1,100.0,overall,2026-05-25T16:42:13.448893+00:00
BRS-SSP,"10,11,12,13,14,15,16,17",8,gardevoir-ex-sv,Gardevoir,650,2244,2086,898,48.65,okidogi-twm,Okidogi,1,100.0,overall,2026-05-25T16:42:13.448893+00:00
BRS-SSP,"10,11,12,13,14,15,16,17",8,gardevoir-ex-sv,Gardevoir,650,2244,2086,898,48.65,slaking-ex,Slaking,1,100.0,overall,2026-05-25T16:42:13.448893+00:00
BRS-SSP,"10,11,12,13,14,15,16,17",8,gardevoir-ex-sv,Gardevoir,650,2244,2086,898,48.65,meowscarada-ex,Meowscarada,1,100.0,overall,2026-05-25T16:42:13.448893+00:00
BRS-SSP,"10,11,12,13,14,15,16,17",8,gardevoir-ex-sv,Gardevoir,650,2244,2086,898,48.65,banette-dusknoir,Banette Dusknoir,1,100.0,overall,2026-05-25T16:42:13.448893+00:00
BRS-SSP,"10,11,12,13,14,15,16,17",8,gardevoir-ex-sv,Gardevoir,650,2244,2086,898,48.65,noivern-ex,Noivern,1,100.0,overall,2026-05-25T16:42:13.448893+00:00
BRS-SSP,"10,11,12,13,14,15,16,17",8,gardevoir-ex-sv,Gardevoir,650,2244,2086,898,48.65,spidops-ex,Spidops,1,100.0,overall,2026-05-25T16:42:13.448893+00:00
BRS-SSP,"10,11,12,13,14,15,16,17",8,gardevoir-ex-sv,Gardevoir,650,2244,2086,898,48.65,lucario-brs,Lucario,1,100.0,overall,2026-05-25T16:42:13.448893+00:00
BRS-SSP,"10,11,12,13,14,15,16,17",8,gardevoir-ex-sv,Gardevoir,650,2244,2086,898,48.65,alolan-exeggutor-ex,Alolan Exeggutor ex,1,100.0,overall,2026-05-25T16:42:13.448893+00:00
BRS-SSP,"10,11,12,13,14,15,16,17",8,gardevoir-ex-sv,Gardevoir,650,2244,2086,898,48.65,goodra-lz-box,Goodra LZ Box,1,0.0,overall,2026-05-25T16:42:13.448893+00:00
BRS-SSP,"10,11,12,13,14,15,16,17",8,gardevoir-ex-sv,Gardevoir,650,2244,2086,898,48.65,darkrai-dusknoir,Darkrai Dusknoir,1,0.0,overall,2026-05-25T16:42:13.448893+00:00
BRS-SSP,"10,11,12,13,14,15,16,17",8,gardevoir-ex-sv,Gardevoir,650,2244,2086,898,48.65,kyurem-vmax,Kyurem,1,100.0,overall,2026-05-25T16:42:13.448893+00:00
BRS-SSP,"10,11,12,13,14,15,16,17",8,gardevoir-ex-sv,Gardevoir,650,2244,2086,898,48.65,zeraora-v,Zeraora,1,33.33,overall,2026-05-25T16:42:13.448893+00:00
BRS-SSP,"10,11,12,13,14,15,16,17",8,gardevoir-ex-sv,Gardevoir,650,2244,2086,898,48.65,miraidon-regieleki,Miraidon Regieleki,1,100.0,overall,2026-05-25T16:42:13.448893+00:00
BRS-SSP,"10,11,12,13,14,15,16,17",8,gardevoir-ex-sv,Gardevoir,650,2244,2086,898,48.65,aegislash-par,Aegislash,1,100.0,overall,2026-05-25T16:42:13.448893+00:00
BRS-SSP,"10,11,12,13,14,15,16,17",8,gardevoir-ex-sv,Gardevoir,650,2244,2086,898,48.65,cinderace-ex,Cinderace,1,0.0,overall,2026-05-25T16:42:13.448893+00:00
BRS-SSP,"10,11,12,13,14,15,16,17",8,gardevoir-ex-sv,Gardevoir,650,2244,2086,898,48.65,toedscruel-ex,Toedscruel,1,100.0,overall,2026-05-25T16:42:13.448893+00:00
BRS-SSP,"10,11,12,13,14,15,16,17",8,gardevoir-ex-sv,Gardevoir,650,2244,2086,898,48.65,incineroar-ex,Incineroar,1,33.33,overall,2026-05-25T16:42:13.448893+00:00
BRS-SSP,"10,11,12,13,14,15,16,17",8,gardevoir-ex-sv,Gardevoir,650,2244,2086,898,48.65,dialga-vstar,Dialga,1,100.0,overall,2026-05-25T16:42:13.448893+00:00
BRS-SSP,"10,11,12,13,14,15,16,17",8,gardevoir-ex-sv,Gardevoir,650,2244,2086,898,48.65,venomoth-froslass,Venomoth Froslass,1,100.0,overall,2026-05-25T16:42:13.448893+00:00
BRS-SSP,"10,11,12,13,14,15,16,17",8,gengar-ex,Gengar,6,15,25,6,36.96,regidrago-vstar,Regidrago,5,26.67,overall,2026-05-25T16:42:15.938203+00:00
BRS-SSP,"10,11,12,13,14,15,16,17",8,gengar-ex,Gengar,6,15,25,6,36.96,roaring-moon-ex,Roaring Moon,5,20.0,overall,2026-05-25T16:42:15.938203+00:00
BRS-SSP,"10,11,12,13,14,15,16,17",8,gengar-ex,Gengar,6,15,25,6,36.96,charizard-pidgeot,Charizard Pidgeot,5,40.0,overall,2026-05-25T16:42:15.938203+00:00
BRS-SSP,"10,11,12,13,14,15,16,17",8,gengar-ex,Gengar,6,15,25,6,36.96,raging-bolt-ogerpon,Raging Bolt Ogerpon,4,58.33,overall,2026-05-25T16:42:15.938203+00:00
BRS-SSP,"10,11,12,13,14,15,16,17",8,gengar-ex,Gengar,6,15,25,6,36.96,terapagos-noctowl,Terapagos Noctowl,3,33.33,overall,2026-05-25T16:42:15.938203+00:00
BRS-SSP,"10,11,12,13,14,15,16,17",8,gengar-ex,Gengar,6,15,25,6,36.96,lugia-archeops,Lugia Archeops,3,44.44,overall,2026-05-25T16:42:15.938203+00:00
BRS-SSP,"10,11,12,13,14,15,16,17",8,gengar-ex,Gengar,6,15,25,6,36.96,ancient-box,Ancient Box,2,16.67,overall,2026-05-25T16:42:15.938203+00:00
BRS-SSP,"10,11,12,13,14,15,16,17",8,gengar-ex,Gengar,6,15,25,6,36.96,ceruledge-ex,Ceruledge,2,100.0,overall,2026-05-25T16:42:15.938203+00:00
BRS-SSP,"10,11,12,13,14,15,16,17",8,gengar-ex,Gengar,6,15,25,6,36.96,palkia-noctowl,Palkia Noctowl,2,50.0,overall,2026-05-25T16:42:15.938203+00:00
BRS-SSP,"10,11,12,13,14,15,16,17",8,gengar-ex,Gengar,6,15,25,6,36.96,other,Other,2,50.0,overall,2026-05-25T16:42:15.938203+00:00
BRS-SSP,"10,11,12,13,14,15,16,17",8,gengar-ex,Gengar,6,15,25,6,36.96,gardevoir-ex-sv,Gardevoir,2,0.0,overall,2026-05-25T16:42:15.938203+00:00
BRS-SSP,"10,11,12,13,14,15,16,17",8,gengar-ex,Gengar,6,15,25,6,36.96,mimikyu-ogerpon,Mimikyu Ogerpon,1,0.0,overall,2026-05-25T16:42:15.938203+00:00
BRS-SSP,"10,11,12,13,14,15,16,17",8,gengar-ex,Gengar,6,15,25,6,36.96,dragapult-pidgeot,Dragapult Pidgeot,1,100.0,overall,2026-05-25T16:42:15.938203+00:00
BRS-SSP,"10,11,12,13,14,15,16,17",8,gengar-ex,Gengar,6,15,25,6,36.96,lost-zone-box,Lost Zone Box,1,33.33,overall,2026-05-25T16:42:15.938203+00:00
BRS-SSP,"10,11,12,13,14,15,16,17",8,gengar-ex,Gengar,6,15,25,6,36.96,dragapult-iron-thorns,Dragapult Iron Thorns,1,33.33,overall,2026-05-25T16:42:15.938203+00:00
BRS-SSP,"10,11,12,13,14,15,16,17",8,gengar-ex,Gengar,6,15,25,6,36.96,conkeldurr-twm,Conkeldurr,1,0.0,overall,2026-05-25T16:42:15.938203+00:00
BRS-SSP,"10,11,12,13,14,15,16,17",8,gengar-ex,Gengar,6,15,25,6,36.96,miraidon-regieleki,Miraidon Regieleki,1,100.0,overall,2026-05-25T16:42:15.938203+00:00
BRS-SSP,"10,11,12,13,14,15,16,17",8,gengar-ex,Gengar,6,15,25,6,36.96,gholdengo-ex,Gholdengo,1,0.0,overall,2026-05-25T16:42:15.938203+00:00
BRS-SSP,"10,11,12,13,14,15,16,17",8,gengar-ex,Gengar,6,15,25,6,36.96,flygon-ex-ssp,Flygon,1,0.0,overall,2026-05-25T16:42:15.938203+00:00
BRS-SSP,"10,11,12,13,14,15,16,17",8,gengar-ex,Gengar,6,15,25,6,36.96,charizard-ex,Charizard,1,100.0,overall,2026-05-25T16:42:15.938203+00:00
BRS-SSP,"10,11,12,13,14,15,16,17",8,gengar-ex,Gengar,6,15,25,6,36.96,miraidon-ex,Miraidon,1,0.0,overall,2026-05-25T16:42:15.938203+00:00
BRS-SSP,"10,11,12,13,14,15,16,17",8,gengar-ex,Gengar,6,15,25,6,36.96,tinkaton-ex,Tinkaton,1,0.0,overall,2026-05-25T16:42:15.938203+00:00
BRS-SSP,"10,11,12,13,14,15,16,17",8,gholdengo-ex,Gholdengo,641,2079,2194,755,46.35,regidrago-vstar,Regidrago,691,48.63,overall,2026-05-25T16:42:18.455177+00:00
BRS-SSP,"10,11,12,13,14,15,16,17",8,gholdengo-ex,Gholdengo,641,2079,2194,755,46.35,charizard-pidgeot,Charizard Pidgeot,522,41.0,overall,2026-05-25T16:42:18.455177+00:00
BRS-SSP,"10,11,12,13,14,15,16,17",8,gholdengo-ex,Gholdengo,641,2079,2194,755,46.35,raging-bolt-ogerpon,Raging Bolt Ogerpon,399,58.31,overall,2026-05-25T16:42:18.455177+00:00
BRS-SSP,"10,11,12,13,14,15,16,17",8,gholdengo-ex,Gholdengo,641,2079,2194,755,46.35,gardevoir-ex-sv,Gardevoir,299,39.02,overall,2026-05-25T16:42:18.455177+00:00
BRS-SSP,"10,11,12,13,14,15,16,17",8,gholdengo-ex,Gholdengo,641,2079,2194,755,46.35,miraidon-ex,Miraidon,218,58.87,overall,2026-05-25T16:42:18.455177+00:00
BRS-SSP,"10,11,12,13,14,15,16,17",8,gholdengo-ex,Gholdengo,641,2079,2194,755,46.35,lugia-archeops,Lugia Archeops,210,51.27,overall,2026-05-25T16:42:18.455177+00:00
BRS-SSP,"10,11,12,13,14,15,16,17",8,gholdengo-ex,Gholdengo,641,2079,2194,755,46.35,lost-zone-box,Lost Zone Box,204,28.43,overall,2026-05-25T16:42:18.455177+00:00
BRS-SSP,"10,11,12,13,14,15,16,17",8,gholdengo-ex,Gholdengo,641,2079,2194,755,46.35,dragapult-iron-thorns,Dragapult Iron Thorns,199,34.84,overall,2026-05-25T16:42:18.455177+00:00
BRS-SSP,"10,11,12,13,14,15,16,17",8,gholdengo-ex,Gholdengo,641,2079,2194,755,46.35,poison-terapagos,Poison Terapagos,189,33.69,overall,2026-05-25T16:42:18.455177+00:00
BRS-SSP,"10,11,12,13,14,15,16,17",8,gholdengo-ex,Gholdengo,641,2079,2194,755,46.35,roaring-moon-ex,Roaring Moon,182,52.2,overall,2026-05-25T16:42:18.455177+00:00
BRS-SSP,"10,11,12,13,14,15,16,17",8,gholdengo-ex,Gholdengo,641,2079,2194,755,46.35,gholdengo-ex,Gholdengo,156,47.01,overall,2026-05-25T16:42:18.455177+00:00
BRS-SSP,"10,11,12,13,14,15,16,17",8,gholdengo-ex,Gholdengo,641,2079,2194,755,46.35,snorlax-stall,Snorlax Stall,144,16.44,overall,2026-05-25T16:42:18.455177+00:00
BRS-SSP,"10,11,12,13,14,15,16,17",8,gholdengo-ex,Gholdengo,641,2079,2194,755,46.35,archaludon-dialga,Archaludon Dialga,128,63.54,overall,2026-05-25T16:42:18.455177+00:00
BRS-SSP,"10,11,12,13,14,15,16,17",8,gholdengo-ex,Gholdengo,641,2079,2194,755,46.35,terapagos-noctowl,Terapagos Noctowl,126,52.65,overall,2026-05-25T16:42:18.455177+00:00
BRS-SSP,"10,11,12,13,14,15,16,17",8,gholdengo-ex,Gholdengo,641,2079,2194,755,46.35,ancient-box,Ancient Box,113,34.81,overall,2026-05-25T16:42:18.455177+00:00
BRS-SSP,"10,11,12,13,14,15,16,17",8,gholdengo-ex,Gholdengo,641,2079,2194,755,46.35,ceruledge-ex,Ceruledge,108,52.47,overall,2026-05-25T16:42:18.455177+00:00
BRS-SSP,"10,11,12,13,14,15,16,17",8,gholdengo-ex,Gholdengo,641,2079,2194,755,46.35,archaludon-ex,Archaludon,90,75.56,overall,2026-05-25T16:42:18.455177+00:00
BRS-SSP,"10,11,12,13,14,15,16,17",8,gholdengo-ex,Gholdengo,641,2079,2194,755,46.35,palkia-noctowl,Palkia Noctowl,76,35.09,overall,2026-05-25T16:42:18.455177+00:00
BRS-SSP,"10,11,12,13,14,15,16,17",8,gholdengo-ex,Gholdengo,641,2079,2194,755,46.35,dragapult-dusknoir,Dragapult Dusknoir,67,60.2,overall,2026-05-25T16:42:18.455177+00:00
BRS-SSP,"10,11,12,13,14,15,16,17",8,gholdengo-ex,Gholdengo,641,2079,2194,755,46.35,iron-thorns-ex,Iron Thorns,64,28.65,overall,2026-05-25T16:42:18.455177+00:00
BRS-SSP,"10,11,12,13,14,15,16,17",8,gholdengo-ex,Gholdengo,641,2079,2194,755,46.35,hydreigon-ex,Hydreigon,56,56.55,overall,2026-05-25T16:42:18.455177+00:00
BRS-SSP,"10,11,12,13,14,15,16,17",8,gholdengo-ex,Gholdengo,641,2079,2194,755,46.35,pidgeot-control,Pidgeot Control,53,32.7,overall,2026-05-25T16:42:18.455177+00:00
BRS-SSP,"10,11,12,13,14,15,16,17",8,gholdengo-ex,Gholdengo,641,2079,2194,755,46.35,other,Other,49,63.27,overall,2026-05-25T16:42:18.455177+00:00
BRS-SSP,"10,11,12,13,14,15,16,17",8,gholdengo-ex,Gholdengo,641,2079,2194,755,46.35,palkia-dusknoir,Palkia Dusknoir,45,40.0,overall,2026-05-25T16:42:18.455177+00:00
BRS-SSP,"10,11,12,13,14,15,16,17",8,gholdengo-ex,Gholdengo,641,2079,2194,755,46.35,dragapult-pidgeot,Dragapult Pidgeot,44,65.91,overall,2026-05-25T16:42:18.455177+00:00
BRS-SSP,"10,11,12,13,14,15,16,17",8,gholdengo-ex,Gholdengo,641,2079,2194,755,46.35,klawf-par,Klawf,35,25.71,overall,2026-05-25T16:42:18.455177+00:00
BRS-SSP,"10,11,12,13,14,15,16,17",8,gholdengo-ex,Gholdengo,641,2079,2194,755,46.35,chien-pao-baxcalibur,Chien-Pao Baxcalibur,31,63.44,overall,2026-05-25T16:42:18.455177+00:00
BRS-SSP,"10,11,12,13,14,15,16,17",8,gholdengo-ex,Gholdengo,641,2079,2194,755,46.35,mimikyu-ogerpon,Mimikyu Ogerpon,22,13.64,overall,2026-05-25T16:42:18.455177+00:00
BRS-SSP,"10,11,12,13,14,15,16,17",8,gholdengo-ex,Gholdengo,641,2079,2194,755,46.35,gouging-fire-ex,Gouging Fire,21,39.68,overall,2026-05-25T16:42:18.455177+00:00
BRS-SSP,"10,11,12,13,14,15,16,17",8,gholdengo-ex,Gholdengo,641,2079,2194,755,46.35,pikachu-regigigas,Pikachu Regis,20,33.33,overall,2026-05-25T16:42:18.455177+00:00
BRS-SSP,"10,11,12,13,14,15,16,17",8,gholdengo-ex,Gholdengo,641,2079,2194,755,46.35,banette-gardevoir,Banette Gardevoir,18,18.52,overall,2026-05-25T16:42:18.455177+00:00
BRS-SSP,"10,11,12,13,14,15,16,17",8,gholdengo-ex,Gholdengo,641,2079,2194,755,46.35,charizard-noctowl,Charizard Noctowl,17,25.49,overall,2026-05-25T16:42:18.455177+00:00
BRS-SSP,"10,11,12,13,14,15,16,17",8,gholdengo-ex,Gholdengo,641,2079,2194,755,46.35,dragapult-ex,Dragapult,16,64.58,overall,2026-05-25T16:42:18.455177+00:00
BRS-SSP,"10,11,12,13,14,15,16,17",8,gholdengo-ex,Gholdengo,641,2079,2194,755,46.35,greninja-ex,Greninja,15,71.11,overall,2026-05-25T16:42:18.455177+00:00
BRS-SSP,"10,11,12,13,14,15,16,17",8,gholdengo-ex,Gholdengo,641,2079,2194,755,46.35,charizard-ex,Charizard,13,84.62,overall,2026-05-25T16:42:18.455177+00:00
BRS-SSP,"10,11,12,13,14,15,16,17",8,gholdengo-ex,Gholdengo,641,2079,2194,755,46.35,united-wings,United Wings,12,44.44,overall,2026-05-25T16:42:18.455177+00:00
BRS-SSP,"10,11,12,13,14,15,16,17",8,gholdengo-ex,Gholdengo,641,2079,2194,755,46.35,dragapult-charizard,Dragapult Charizard,12,69.44,overall,2026-05-25T16:42:18.455177+00:00
BRS-SSP,"10,11,12,13,14,15,16,17",8,gholdengo-ex,Gholdengo,641,2079,2194,755,46.35,ogerpon-noivern,Ogerpon Noivern,12,2.78,overall,2026-05-25T16:42:18.455177+00:00
BRS-SSP,"10,11,12,13,14,15,16,17",8,gholdengo-ex,Gholdengo,641,2079,2194,755,46.35,tsareena-ex,Tsareena,11,69.7,overall,2026-05-25T16:42:18.455177+00:00
BRS-SSP,"10,11,12,13,14,15,16,17",8,gholdengo-ex,Gholdengo,641,2079,2194,755,46.35,okidogi-ex,Okidogi,11,48.48,overall,2026-05-25T16:42:18.455177+00:00
BRS-SSP,"10,11,12,13,14,15,16,17",8,gholdengo-ex,Gholdengo,641,2079,2194,755,46.35,flygon-ex-ssp,Flygon,9,74.07,overall,2026-05-25T16:42:18.455177+00:00
BRS-SSP,"10,11,12,13,14,15,16,17",8,gholdengo-ex,Gholdengo,641,2079,2194,755,46.35,conkeldurr-twm,Conkeldurr,9,37.04,overall,2026-05-25T16:42:18.455177+00:00
BRS-SSP,"10,11,12,13,14,15,16,17",8,gholdengo-ex,Gholdengo,641,2079,2194,755,46.35,great-tusk-tef,Great Tusk Mill,9,77.78,overall,2026-05-25T16:42:18.455177+00:00
BRS-SSP,"10,11,12,13,14,15,16,17",8,gholdengo-ex,Gholdengo,641,2079,2194,755,46.35,arceus-armarouge,Arceus Armarouge,7,23.81,overall,2026-05-25T16:42:18.455177+00:00
BRS-SSP,"10,11,12,13,14,15,16,17",8,gholdengo-ex,Gholdengo,641,2079,2194,755,46.35,future-box,Future Box,7,71.43,overall,2026-05-25T16:42:18.455177+00:00
BRS-SSP,"10,11,12,13,14,15,16,17",8,gholdengo-ex,Gholdengo,641,2079,2194,755,46.35,scovillain-ex,Scovillain,7,38.1,overall,2026-05-25T16:42:18.455177+00:00
BRS-SSP,"10,11,12,13,14,15,16,17",8,gholdengo-ex,Gholdengo,641,2079,2194,755,46.35,lzb-charizard,Lost Box Charizard,6,38.89,overall,2026-05-25T16:42:18.455177+00:00
BRS-SSP,"10,11,12,13,14,15,16,17",8,gholdengo-ex,Gholdengo,641,2079,2194,755,46.35,hisuian-zoroark-vstar,Hisuian Zoroark,6,44.44,overall,2026-05-25T16:42:18.455177+00:00
BRS-SSP,"10,11,12,13,14,15,16,17",8,gholdengo-ex,Gholdengo,641,2079,2194,755,46.35,tinkaton-ex,Tinkaton,6,61.11,overall,2026-05-25T16:42:18.455177+00:00
BRS-SSP,"10,11,12,13,14,15,16,17",8,gholdengo-ex,Gholdengo,641,2079,2194,755,46.35,palafin-ex,Palafin,5,60.0,overall,2026-05-25T16:42:18.455177+00:00
BRS-SSP,"10,11,12,13,14,15,16,17",8,gholdengo-ex,Gholdengo,641,2079,2194,755,46.35,dialga-metang,Dialga Metang,5,66.67,overall,2026-05-25T16:42:18.455177+00:00
BRS-SSP,"10,11,12,13,14,15,16,17",8,gholdengo-ex,Gholdengo,641,2079,2194,755,46.35,palkia-vstar,Palkia,5,86.67,overall,2026-05-25T16:42:18.455177+00:00
BRS-SSP,"10,11,12,13,14,15,16,17",8,gholdengo-ex,Gholdengo,641,2079,2194,755,46.35,giratina-lz-box,Giratina LZ Box,5,66.67,overall,2026-05-25T16:42:18.455177+00:00
BRS-SSP,"10,11,12,13,14,15,16,17",8,gholdengo-ex,Gholdengo,641,2079,2194,755,46.35,azumarill-ssp,Azumarill,5,86.67,overall,2026-05-25T16:42:18.455177+00:00
BRS-SSP,"10,11,12,13,14,15,16,17",8,gholdengo-ex,Gholdengo,641,2079,2194,755,46.35,galvantula-ex,Galvantula,3,55.56,overall,2026-05-25T16:42:18.455177+00:00
BRS-SSP,"10,11,12,13,14,15,16,17",8,gholdengo-ex,Gholdengo,641,2079,2194,755,46.35,blissey-ex,Blissey,3,66.67,overall,2026-05-25T16:42:18.455177+00:00
BRS-SSP,"10,11,12,13,14,15,16,17",8,gholdengo-ex,Gholdengo,641,2079,2194,755,46.35,hydrapple-ogerpon,Hydrapple Ogerpon,3,66.67,overall,2026-05-25T16:42:18.455177+00:00
BRS-SSP,"10,11,12,13,14,15,16,17",8,gholdengo-ex,Gholdengo,641,2079,2194,755,46.35,entei-v,Entei,3,33.33,overall,2026-05-25T16:42:18.455177+00:00
BRS-SSP,"10,11,12,13,14,15,16,17",8,gholdengo-ex,Gholdengo,641,2079,2194,755,46.35,toedscruel-ex,Toedscruel,2,100.0,overall,2026-05-25T16:42:18.455177+00:00
BRS-SSP,"10,11,12,13,14,15,16,17",8,gholdengo-ex,Gholdengo,641,2079,2194,755,46.35,festival-lead,Dipplin,2,16.67,overall,2026-05-25T16:42:18.455177+00:00
BRS-SSP,"10,11,12,13,14,15,16,17",8,gholdengo-ex,Gholdengo,641,2079,2194,755,46.35,regigigas-asr,Regis,2,100.0,overall,2026-05-25T16:42:18.455177+00:00
BRS-SSP,"10,11,12,13,14,15,16,17",8,gholdengo-ex,Gholdengo,641,2079,2194,755,46.35,meowscarada-ex,Meowscarada,2,50.0,overall,2026-05-25T16:42:18.455177+00:00
BRS-SSP,"10,11,12,13,14,15,16,17",8,gholdengo-ex,Gholdengo,641,2079,2194,755,46.35,cinderace-ex,Cinderace,2,100.0,overall,2026-05-25T16:42:18.455177+00:00
BRS-SSP,"10,11,12,13,14,15,16,17",8,gholdengo-ex,Gholdengo,641,2079,2194,755,46.35,iron-hands-ex,Future Hands,2,66.67,overall,2026-05-25T16:42:18.455177+00:00
BRS-SSP,"10,11,12,13,14,15,16,17",8,gholdengo-ex,Gholdengo,641,2079,2194,755,46.35,alakazam-ex,Alakazam,2,66.67,overall,2026-05-25T16:42:18.455177+00:00
BRS-SSP,"10,11,12,13,14,15,16,17",8,gholdengo-ex,Gholdengo,641,2079,2194,755,46.35,arceus-giratina,Arceus Giratina,2,100.0,overall,2026-05-25T16:42:18.455177+00:00
BRS-SSP,"10,11,12,13,14,15,16,17",8,gholdengo-ex,Gholdengo,641,2079,2194,755,46.35,froslass-munkidori,Froslass Munkidori,2,100.0,overall,2026-05-25T16:42:18.455177+00:00
BRS-SSP,"10,11,12,13,14,15,16,17",8,gholdengo-ex,Gholdengo,641,2079,2194,755,46.35,sinistcha-ogerpon,Sinistcha Ogerpon,2,66.67,overall,2026-05-25T16:42:18.455177+00:00
BRS-SSP,"10,11,12,13,14,15,16,17",8,gholdengo-ex,Gholdengo,641,2079,2194,755,46.35,serperior-vstar,Serperior,2,100.0,overall,2026-05-25T16:42:18.455177+00:00
BRS-SSP,"10,11,12,13,14,15,16,17",8,gholdengo-ex,Gholdengo,641,2079,2194,755,46.35,slaking-ex,Slaking,1,0.0,overall,2026-05-25T16:42:18.455177+00:00
BRS-SSP,"10,11,12,13,14,15,16,17",8,gholdengo-ex,Gholdengo,641,2079,2194,755,46.35,cornerstone-mask-ogerpon-ex,Cornerstone Mask Ogerpon,1,0.0,overall,2026-05-25T16:42:18.455177+00:00
BRS-SSP,"10,11,12,13,14,15,16,17",8,gholdengo-ex,Gholdengo,641,2079,2194,755,46.35,arceus-vstar,Arceus,1,100.0,overall,2026-05-25T16:42:18.455177+00:00
BRS-SSP,"10,11,12,13,14,15,16,17",8,gholdengo-ex,Gholdengo,641,2079,2194,755,46.35,iron-thorns-crown,Future Thorns,1,100.0,overall,2026-05-25T16:42:18.455177+00:00
BRS-SSP,"10,11,12,13,14,15,16,17",8,gholdengo-ex,Gholdengo,641,2079,2194,755,46.35,banette-dusknoir,Banette Dusknoir,1,0.0,overall,2026-05-25T16:42:18.455177+00:00
BRS-SSP,"10,11,12,13,14,15,16,17",8,gholdengo-ex,Gholdengo,641,2079,2194,755,46.35,darkrai-dusknoir,Darkrai Dusknoir,1,100.0,overall,2026-05-25T16:42:18.455177+00:00
BRS-SSP,"10,11,12,13,14,15,16,17",8,gholdengo-ex,Gholdengo,641,2079,2194,755,46.35,walking-wake-ex,Walking Wake,1,0.0,overall,2026-05-25T16:42:18.455177+00:00
BRS-SSP,"10,11,12,13,14,15,16,17",8,gholdengo-ex,Gholdengo,641,2079,2194,755,46.35,hisuian-goodra-vstar,Hisuian Goodra,1,33.33,overall,2026-05-25T16:42:18.455177+00:00
BRS-SSP,"10,11,12,13,14,15,16,17",8,gholdengo-ex,Gholdengo,641,2079,2194,755,46.35,zeraora-v,Zeraora,1,100.0,overall,2026-05-25T16:42:18.455177+00:00
BRS-SSP,"10,11,12,13,14,15,16,17",8,gholdengo-ex,Gholdengo,641,2079,2194,755,46.35,kyurem-vmax,Kyurem,1,33.33,overall,2026-05-25T16:42:18.455177+00:00
BRS-SSP,"10,11,12,13,14,15,16,17",8,gholdengo-ex,Gholdengo,641,2079,2194,755,46.35,clefable-ex,Clefable,1,100.0,overall,2026-05-25T16:42:18.455177+00:00
BRS-SSP,"10,11,12,13,14,15,16,17",8,gholdengo-ex,Gholdengo,641,2079,2194,755,46.35,garchomp-ex,Garchomp,1,100.0,overall,2026-05-25T16:42:18.455177+00:00
BRS-SSP,"10,11,12,13,14,15,16,17",8,gholdengo-ex,Gholdengo,641,2079,2194,755,46.35,raging-bolt-ex,Raging Bolt,1,100.0,overall,2026-05-25T16:42:18.455177+00:00
BRS-SSP,"10,11,12,13,14,15,16,17",8,gholdengo-ex,Gholdengo,641,2079,2194,755,46.35,greninja-froslass,Greninja Froslass,1,100.0,overall,2026-05-25T16:42:18.455177+00:00
BRS-SSP,"10,11,12,13,14,15,16,17",8,gholdengo-ex,Gholdengo,641,2079,2194,755,46.35,gengar-ex,Gengar,1,100.0,overall,2026-05-25T16:42:18.455177+00:00
BRS-SSP,"10,11,12,13,14,15,16,17",8,gholdengo-ex,Gholdengo,641,2079,2194,755,46.35,luxray-ex,Luxray,1,0.0,overall,2026-05-25T16:42:18.455177+00:00
BRS-SSP,"10,11,12,13,14,15,16,17",8,gholdengo-ex,Gholdengo,641,2079,2194,755,46.35,aegislash-par,Aegislash,1,0.0,overall,2026-05-25T16:42:18.455177+00:00
BRS-SSP,"10,11,12,13,14,15,16,17",8,gholdengo-ex,Gholdengo,641,2079,2194,755,46.35,espathra-xatu,Espathra Xatu,1,100.0,overall,2026-05-25T16:42:18.455177+00:00
BRS-SSP,"10,11,12,13,14,15,16,17",8,gholdengo-ex,Gholdengo,641,2079,2194,755,46.35,arceus-regidrago,Arceus Regidrago,1,100.0,overall,2026-05-25T16:42:18.455177+00:00
BRS-SSP,"10,11,12,13,14,15,16,17",8,gholdengo-ex,Gholdengo,641,2079,2194,755,46.35,koraidon-ex,Koraidon,1,100.0,overall,2026-05-25T16:42:18.455177+00:00
BRS-SSP,"10,11,12,13,14,15,16,17",8,gholdengo-ex,Gholdengo,641,2079,2194,755,46.35,alolan-exeggutor-ex,Alolan Exeggutor ex,1,100.0,overall,2026-05-25T16:42:18.455177+00:00
BRS-SSP,"10,11,12,13,14,15,16,17",8,gholdengo-ex,Gholdengo,641,2079,2194,755,46.35,venomoth-froslass,Venomoth Froslass,1,100.0,overall,2026-05-25T16:42:18.455177+00:00
BRS-SSP,"10,11,12,13,14,15,16,17",8,gholdengo-ex,Gholdengo,641,2079,2194,755,46.35,tyranitar-ex,Tyranitar,1,100.0,overall,2026-05-25T16:42:18.455177+00:00
BRS-SSP,"10,11,12,13,14,15,16,17",8,giratina-lz-box,Giratina LZ Box,16,39,65,20,36.83,charizard-pidgeot,Charizard Pidgeot,17,31.37,overall,2026-05-25T16:42:20.902050+00:00
BRS-SSP,"10,11,12,13,14,15,16,17",8,giratina-lz-box,Giratina LZ Box,16,39,65,20,36.83,regidrago-vstar,Regidrago,14,16.67,overall,2026-05-25T16:42:20.902050+00:00
BRS-SSP,"10,11,12,13,14,15,16,17",8,giratina-lz-box,Giratina LZ Box,16,39,65,20,36.83,gardevoir-ex-sv,Gardevoir,11,48.48,overall,2026-05-25T16:42:20.902050+00:00
BRS-SSP,"10,11,12,13,14,15,16,17",8,giratina-lz-box,Giratina LZ Box,16,39,65,20,36.83,raging-bolt-ogerpon,Raging Bolt Ogerpon,10,43.33,overall,2026-05-25T16:42:20.902050+00:00
BRS-SSP,"10,11,12,13,14,15,16,17",8,giratina-lz-box,Giratina LZ Box,16,39,65,20,36.83,lugia-archeops,Lugia Archeops,8,25.0,overall,2026-05-25T16:42:20.902050+00:00
BRS-SSP,"10,11,12,13,14,15,16,17",8,giratina-lz-box,Giratina LZ Box,16,39,65,20,36.83,dragapult-iron-thorns,Dragapult Iron Thorns,8,54.17,overall,2026-05-25T16:42:20.902050+00:00
BRS-SSP,"10,11,12,13,14,15,16,17",8,giratina-lz-box,Giratina LZ Box,16,39,65,20,36.83,roaring-moon-ex,Roaring Moon,6,38.89,overall,2026-05-25T16:42:20.902050+00:00
BRS-SSP,"10,11,12,13,14,15,16,17",8,giratina-lz-box,Giratina LZ Box,16,39,65,20,36.83,poison-terapagos,Poison Terapagos,6,33.33,overall,2026-05-25T16:42:20.902050+00:00
BRS-SSP,"10,11,12,13,14,15,16,17",8,giratina-lz-box,Giratina LZ Box,16,39,65,20,36.83,ceruledge-ex,Ceruledge,5,66.67,overall,2026-05-25T16:42:20.902050+00:00
BRS-SSP,"10,11,12,13,14,15,16,17",8,giratina-lz-box,Giratina LZ Box,16,39,65,20,36.83,gholdengo-ex,Gholdengo,5,26.67,overall,2026-05-25T16:42:20.902050+00:00
BRS-SSP,"10,11,12,13,14,15,16,17",8,giratina-lz-box,Giratina LZ Box,16,39,65,20,36.83,miraidon-ex,Miraidon,4,33.33,overall,2026-05-25T16:42:20.902050+00:00
BRS-SSP,"10,11,12,13,14,15,16,17",8,giratina-lz-box,Giratina LZ Box,16,39,65,20,36.83,archaludon-ex,Archaludon,3,33.33,overall,2026-05-25T16:42:20.902050+00:00
BRS-SSP,"10,11,12,13,14,15,16,17",8,giratina-lz-box,Giratina LZ Box,16,39,65,20,36.83,ancient-box,Ancient Box,3,11.11,overall,2026-05-25T16:42:20.902050+00:00
BRS-SSP,"10,11,12,13,14,15,16,17",8,giratina-lz-box,Giratina LZ Box,16,39,65,20,36.83,greninja-ex,Greninja,2,50.0,overall,2026-05-25T16:42:20.902050+00:00
BRS-SSP,"10,11,12,13,14,15,16,17",8,giratina-lz-box,Giratina LZ Box,16,39,65,20,36.83,lost-zone-box,Lost Zone Box,2,50.0,overall,2026-05-25T16:42:20.902050+00:00
BRS-SSP,"10,11,12,13,14,15,16,17",8,giratina-lz-box,Giratina LZ Box,16,39,65,20,36.83,dragapult-dusknoir,Dragapult Dusknoir,2,100.0,overall,2026-05-25T16:42:20.902050+00:00
BRS-SSP,"10,11,12,13,14,15,16,17",8,giratina-lz-box,Giratina LZ Box,16,39,65,20,36.83,terapagos-noctowl,Terapagos Noctowl,2,16.67,overall,2026-05-25T16:42:20.902050+00:00
BRS-SSP,"10,11,12,13,14,15,16,17",8,giratina-lz-box,Giratina LZ Box,16,39,65,20,36.83,archaludon-dialga,Archaludon Dialga,2,50.0,overall,2026-05-25T16:42:20.902050+00:00
BRS-SSP,"10,11,12,13,14,15,16,17",8,giratina-lz-box,Giratina LZ Box,16,39,65,20,36.83,dialga-metang,Dialga Metang,1,0.0,overall,2026-05-25T16:42:20.902050+00:00
BRS-SSP,"10,11,12,13,14,15,16,17",8,giratina-lz-box,Giratina LZ Box,16,39,65,20,36.83,aegislash-par,Aegislash,1,100.0,overall,2026-05-25T16:42:20.902050+00:00
BRS-SSP,"10,11,12,13,14,15,16,17",8,giratina-lz-box,Giratina LZ Box,16,39,65,20,36.83,dragapult-pidgeot,Dragapult Pidgeot,1,0.0,overall,2026-05-25T16:42:20.902050+00:00
BRS-SSP,"10,11,12,13,14,15,16,17",8,giratina-lz-box,Giratina LZ Box,16,39,65,20,36.83,charizard-ex,Charizard,1,0.0,overall,2026-05-25T16:42:20.902050+00:00
BRS-SSP,"10,11,12,13,14,15,16,17",8,giratina-lz-box,Giratina LZ Box,16,39,65,20,36.83,dragapult-charizard,Dragapult Charizard,1,0.0,overall,2026-05-25T16:42:20.902050+00:00
BRS-SSP,"10,11,12,13,14,15,16,17",8,giratina-lz-box,Giratina LZ Box,16,39,65,20,36.83,klawf-par,Klawf,1,0.0,overall,2026-05-25T16:42:20.902050+00:00
BRS-SSP,"10,11,12,13,14,15,16,17",8,giratina-lz-box,Giratina LZ Box,16,39,65,20,36.83,other,Other,1,100.0,overall,2026-05-25T16:42:20.902050+00:00
BRS-SSP,"10,11,12,13,14,15,16,17",8,giratina-lz-box,Giratina LZ Box,16,39,65,20,36.83,snorlax-stall,Snorlax Stall,1,100.0,overall,2026-05-25T16:42:20.902050+00:00
BRS-SSP,"10,11,12,13,14,15,16,17",8,giratina-lz-box,Giratina LZ Box,16,39,65,20,36.83,venomoth-froslass,Venomoth Froslass,1,100.0,overall,2026-05-25T16:42:20.902050+00:00
BRS-SSP,"10,11,12,13,14,15,16,17",8,giratina-lz-box,Giratina LZ Box,16,39,65,20,36.83,torterra-ex,Torterra,1,0.0,overall,2026-05-25T16:42:20.902050+00:00
BRS-SSP,"10,11,12,13,14,15,16,17",8,giratina-lz-box,Giratina LZ Box,16,39,65,20,36.83,hydreigon-ex,Hydreigon,1,0.0,overall,2026-05-25T16:42:20.902050+00:00
BRS-SSP,"10,11,12,13,14,15,16,17",8,giratina-lz-box,Giratina LZ Box,16,39,65,20,36.83,iron-thorns-ex,Iron Thorns,1,100.0,overall,2026-05-25T16:42:20.902050+00:00
BRS-SSP,"10,11,12,13,14,15,16,17",8,glimmora-ex,Glimmora,1,1,2,1,33.33,charizard-pidgeot,Charizard Pidgeot,1,0.0,overall,2026-05-25T16:42:23.349560+00:00
BRS-SSP,"10,11,12,13,14,15,16,17",8,glimmora-ex,Glimmora,1,1,2,1,33.33,lugia-archeops,Lugia Archeops,1,33.33,overall,2026-05-25T16:42:23.349560+00:00
BRS-SSP,"10,11,12,13,14,15,16,17",8,glimmora-ex,Glimmora,1,1,2,1,33.33,lost-zone-box,Lost Zone Box,1,0.0,overall,2026-05-25T16:42:23.349560+00:00
BRS-SSP,"10,11,12,13,14,15,16,17",8,goodra-lz-box,Goodra LZ Box,2,4,4,1,48.15,lugia-archeops,Lugia Archeops,2,50.0,overall,2026-05-25T16:42:25.789124+00:00
BRS-SSP,"10,11,12,13,14,15,16,17",8,goodra-lz-box,Goodra LZ Box,2,4,4,1,48.15,raging-bolt-ogerpon,Raging Bolt Ogerpon,1,0.0,overall,2026-05-25T16:42:25.789124+00:00
BRS-SSP,"10,11,12,13,14,15,16,17",8,goodra-lz-box,Goodra LZ Box,2,4,4,1,48.15,banette-ex-sv,Banette,1,100.0,overall,2026-05-25T16:42:25.789124+00:00
BRS-SSP,"10,11,12,13,14,15,16,17",8,goodra-lz-box,Goodra LZ Box,2,4,4,1,48.15,miraidon-ex,Miraidon,1,0.0,overall,2026-05-25T16:42:25.789124+00:00
BRS-SSP,"10,11,12,13,14,15,16,17",8,goodra-lz-box,Goodra LZ Box,2,4,4,1,48.15,roaring-moon-ex,Roaring Moon,1,100.0,overall,2026-05-25T16:42:25.789124+00:00
BRS-SSP,"10,11,12,13,14,15,16,17",8,goodra-lz-box,Goodra LZ Box,2,4,4,1,48.15,ancient-box,Ancient Box,1,33.33,overall,2026-05-25T16:42:25.789124+00:00
BRS-SSP,"10,11,12,13,14,15,16,17",8,goodra-lz-box,Goodra LZ Box,2,4,4,1,48.15,charizard-pidgeot,Charizard Pidgeot,1,0.0,overall,2026-05-25T16:42:25.789124+00:00
BRS-SSP,"10,11,12,13,14,15,16,17",8,goodra-lz-box,Goodra LZ Box,2,4,4,1,48.15,gardevoir-ex-sv,Gardevoir,1,100.0,overall,2026-05-25T16:42:25.789124+00:00
BRS-SSP,"10,11,12,13,14,15,16,17",8,gouging-fire-ex,Gouging Fire,65,248,225,68,50.03,regidrago-vstar,Regidrago,80,49.17,overall,2026-05-25T16:42:28.262665+00:00
BRS-SSP,"10,11,12,13,14,15,16,17",8,gouging-fire-ex,Gouging Fire,65,248,225,68,50.03,charizard-pidgeot,Charizard Pidgeot,55,33.33,overall,2026-05-25T16:42:28.262665+00:00
BRS-SSP,"10,11,12,13,14,15,16,17",8,gouging-fire-ex,Gouging Fire,65,248,225,68,50.03,raging-bolt-ogerpon,Raging Bolt Ogerpon,51,52.29,overall,2026-05-25T16:42:28.262665+00:00
BRS-SSP,"10,11,12,13,14,15,16,17",8,gouging-fire-ex,Gouging Fire,65,248,225,68,50.03,lugia-archeops,Lugia Archeops,32,44.79,overall,2026-05-25T16:42:28.262665+00:00
BRS-SSP,"10,11,12,13,14,15,16,17",8,gouging-fire-ex,Gouging Fire,65,248,225,68,50.03,gardevoir-ex-sv,Gardevoir,30,46.67,overall,2026-05-25T16:42:28.262665+00:00
BRS-SSP,"10,11,12,13,14,15,16,17",8,gouging-fire-ex,Gouging Fire,65,248,225,68,50.03,poison-terapagos,Poison Terapagos,24,36.11,overall,2026-05-25T16:42:28.262665+00:00
BRS-SSP,"10,11,12,13,14,15,16,17",8,gouging-fire-ex,Gouging Fire,65,248,225,68,50.03,roaring-moon-ex,Roaring Moon,21,49.21,overall,2026-05-25T16:42:28.262665+00:00
BRS-SSP,"10,11,12,13,14,15,16,17",8,gouging-fire-ex,Gouging Fire,65,248,225,68,50.03,gholdengo-ex,Gholdengo,21,58.73,overall,2026-05-25T16:42:28.262665+00:00
BRS-SSP,"10,11,12,13,14,15,16,17",8,gouging-fire-ex,Gouging Fire,65,248,225,68,50.03,miraidon-ex,Miraidon,21,66.67,overall,2026-05-25T16:42:28.262665+00:00
BRS-SSP,"10,11,12,13,14,15,16,17",8,gouging-fire-ex,Gouging Fire,65,248,225,68,50.03,snorlax-stall,Snorlax Stall,16,50.0,overall,2026-05-25T16:42:28.262665+00:00
BRS-SSP,"10,11,12,13,14,15,16,17",8,gouging-fire-ex,Gouging Fire,65,248,225,68,50.03,lost-zone-box,Lost Zone Box,15,46.67,overall,2026-05-25T16:42:28.262665+00:00
BRS-SSP,"10,11,12,13,14,15,16,17",8,gouging-fire-ex,Gouging Fire,65,248,225,68,50.03,terapagos-noctowl,Terapagos Noctowl,15,40.0,overall,2026-05-25T16:42:28.262665+00:00
BRS-SSP,"10,11,12,13,14,15,16,17",8,gouging-fire-ex,Gouging Fire,65,248,225,68,50.03,ancient-box,Ancient Box,14,35.71,overall,2026-05-25T16:42:28.262665+00:00
BRS-SSP,"10,11,12,13,14,15,16,17",8,gouging-fire-ex,Gouging Fire,65,248,225,68,50.03,pidgeot-control,Pidgeot Control,11,63.64,overall,2026-05-25T16:42:28.262665+00:00
BRS-SSP,"10,11,12,13,14,15,16,17",8,gouging-fire-ex,Gouging Fire,65,248,225,68,50.03,dragapult-dusknoir,Dragapult Dusknoir,11,30.3,overall,2026-05-25T16:42:28.262665+00:00
BRS-SSP,"10,11,12,13,14,15,16,17",8,gouging-fire-ex,Gouging Fire,65,248,225,68,50.03,palkia-dusknoir,Palkia Dusknoir,10,56.67,overall,2026-05-25T16:42:28.262665+00:00
BRS-SSP,"10,11,12,13,14,15,16,17",8,gouging-fire-ex,Gouging Fire,65,248,225,68,50.03,iron-thorns-ex,Iron Thorns,10,60.0,overall,2026-05-25T16:42:28.262665+00:00
BRS-SSP,"10,11,12,13,14,15,16,17",8,gouging-fire-ex,Gouging Fire,65,248,225,68,50.03,archaludon-dialga,Archaludon Dialga,10,70.0,overall,2026-05-25T16:42:28.262665+00:00
BRS-SSP,"10,11,12,13,14,15,16,17",8,gouging-fire-ex,Gouging Fire,65,248,225,68,50.03,palkia-noctowl,Palkia Noctowl,9,33.33,overall,2026-05-25T16:42:28.262665+00:00
BRS-SSP,"10,11,12,13,14,15,16,17",8,gouging-fire-ex,Gouging Fire,65,248,225,68,50.03,dragapult-iron-thorns,Dragapult Iron Thorns,9,100.0,overall,2026-05-25T16:42:28.262665+00:00
BRS-SSP,"10,11,12,13,14,15,16,17",8,gouging-fire-ex,Gouging Fire,65,248,225,68,50.03,ceruledge-ex,Ceruledge,8,33.33,overall,2026-05-25T16:42:28.262665+00:00
BRS-SSP,"10,11,12,13,14,15,16,17",8,gouging-fire-ex,Gouging Fire,65,248,225,68,50.03,archaludon-ex,Archaludon,8,33.33,overall,2026-05-25T16:42:28.262665+00:00
BRS-SSP,"10,11,12,13,14,15,16,17",8,gouging-fire-ex,Gouging Fire,65,248,225,68,50.03,hydreigon-ex,Hydreigon,6,66.67,overall,2026-05-25T16:42:28.262665+00:00
BRS-SSP,"10,11,12,13,14,15,16,17",8,gouging-fire-ex,Gouging Fire,65,248,225,68,50.03,klawf-par,Klawf,6,88.89,overall,2026-05-25T16:42:28.262665+00:00
BRS-SSP,"10,11,12,13,14,15,16,17",8,gouging-fire-ex,Gouging Fire,65,248,225,68,50.03,other,Other,5,80.0,overall,2026-05-25T16:42:28.262665+00:00
BRS-SSP,"10,11,12,13,14,15,16,17",8,gouging-fire-ex,Gouging Fire,65,248,225,68,50.03,dragapult-pidgeot,Dragapult Pidgeot,5,40.0,overall,2026-05-25T16:42:28.262665+00:00
BRS-SSP,"10,11,12,13,14,15,16,17",8,gouging-fire-ex,Gouging Fire,65,248,225,68,50.03,greninja-ex,Greninja,4,50.0,overall,2026-05-25T16:42:28.262665+00:00
BRS-SSP,"10,11,12,13,14,15,16,17",8,gouging-fire-ex,Gouging Fire,65,248,225,68,50.03,mimikyu-ogerpon,Mimikyu Ogerpon,4,50.0,overall,2026-05-25T16:42:28.262665+00:00
BRS-SSP,"10,11,12,13,14,15,16,17",8,gouging-fire-ex,Gouging Fire,65,248,225,68,50.03,charizard-noctowl,Charizard Noctowl,3,44.44,overall,2026-05-25T16:42:28.262665+00:00
BRS-SSP,"10,11,12,13,14,15,16,17",8,gouging-fire-ex,Gouging Fire,65,248,225,68,50.03,chien-pao-baxcalibur,Chien-Pao Baxcalibur,3,0.0,overall,2026-05-25T16:42:28.262665+00:00
BRS-SSP,"10,11,12,13,14,15,16,17",8,gouging-fire-ex,Gouging Fire,65,248,225,68,50.03,dragapult-ex,Dragapult,3,100.0,overall,2026-05-25T16:42:28.262665+00:00
BRS-SSP,"10,11,12,13,14,15,16,17",8,gouging-fire-ex,Gouging Fire,65,248,225,68,50.03,tsareena-ex,Tsareena,2,16.67,overall,2026-05-25T16:42:28.262665+00:00
BRS-SSP,"10,11,12,13,14,15,16,17",8,gouging-fire-ex,Gouging Fire,65,248,225,68,50.03,torterra-ex,Torterra,2,100.0,overall,2026-05-25T16:42:28.262665+00:00
BRS-SSP,"10,11,12,13,14,15,16,17",8,gouging-fire-ex,Gouging Fire,65,248,225,68,50.03,conkeldurr-twm,Conkeldurr,1,33.33,overall,2026-05-25T16:42:28.262665+00:00
BRS-SSP,"10,11,12,13,14,15,16,17",8,gouging-fire-ex,Gouging Fire,65,248,225,68,50.03,hisuian-zoroark-vstar,Hisuian Zoroark,1,100.0,overall,2026-05-25T16:42:28.262665+00:00
BRS-SSP,"10,11,12,13,14,15,16,17",8,gouging-fire-ex,Gouging Fire,65,248,225,68,50.03,cornerstone-mask-ogerpon-ex,Cornerstone Mask Ogerpon,1,100.0,overall,2026-05-25T16:42:28.262665+00:00
BRS-SSP,"10,11,12,13,14,15,16,17",8,gouging-fire-ex,Gouging Fire,65,248,225,68,50.03,pikachu-regigigas,Pikachu Regis,1,100.0,overall,2026-05-25T16:42:28.262665+00:00
BRS-SSP,"10,11,12,13,14,15,16,17",8,gouging-fire-ex,Gouging Fire,65,248,225,68,50.03,meowscarada-ex,Meowscarada,1,100.0,overall,2026-05-25T16:42:28.262665+00:00
BRS-SSP,"10,11,12,13,14,15,16,17",8,gouging-fire-ex,Gouging Fire,65,248,225,68,50.03,banette-gardevoir,Banette Gardevoir,1,100.0,overall,2026-05-25T16:42:28.262665+00:00
BRS-SSP,"10,11,12,13,14,15,16,17",8,gouging-fire-ex,Gouging Fire,65,248,225,68,50.03,okidogi-twm,Okidogi,1,100.0,overall,2026-05-25T16:42:28.262665+00:00
BRS-SSP,"10,11,12,13,14,15,16,17",8,gouging-fire-ex,Gouging Fire,65,248,225,68,50.03,united-wings,United Wings,1,100.0,overall,2026-05-25T16:42:28.262665+00:00
BRS-SSP,"10,11,12,13,14,15,16,17",8,gouging-fire-ex,Gouging Fire,65,248,225,68,50.03,venomoth-mew,Venomoth,1,100.0,overall,2026-05-25T16:42:28.262665+00:00
BRS-SSP,"10,11,12,13,14,15,16,17",8,gouging-fire-ex,Gouging Fire,65,248,225,68,50.03,walking-wake-ex,Walking Wake,1,100.0,overall,2026-05-25T16:42:28.262665+00:00
BRS-SSP,"10,11,12,13,14,15,16,17",8,gouging-fire-ex,Gouging Fire,65,248,225,68,50.03,palafin-ex,Palafin,1,0.0,overall,2026-05-25T16:42:28.262665+00:00
BRS-SSP,"10,11,12,13,14,15,16,17",8,gouging-fire-ex,Gouging Fire,65,248,225,68,50.03,dialga-metang,Dialga Metang,1,100.0,overall,2026-05-25T16:42:28.262665+00:00
BRS-SSP,"10,11,12,13,14,15,16,17",8,gouging-fire-ex,Gouging Fire,65,248,225,68,50.03,gouging-fire-ex,Gouging Fire,1,50.0,overall,2026-05-25T16:42:28.262665+00:00
BRS-SSP,"10,11,12,13,14,15,16,17",8,gouging-fire-ex,Gouging Fire,65,248,225,68,50.03,galvantula-ex,Galvantula,1,100.0,overall,2026-05-25T16:42:28.262665+00:00
BRS-SSP,"10,11,12,13,14,15,16,17",8,gouging-fire-ex,Gouging Fire,65,248,225,68,50.03,future-box,Future Box,1,100.0,overall,2026-05-25T16:42:28.262665+00:00
BRS-SSP,"10,11,12,13,14,15,16,17",8,great-tusk-tef,Great Tusk Mill,17,40,71,17,35.68,gardevoir-ex-sv,Gardevoir,12,25.0,overall,2026-05-25T16:42:30.752226+00:00
BRS-SSP,"10,11,12,13,14,15,16,17",8,great-tusk-tef,Great Tusk Mill,17,40,71,17,35.68,regidrago-vstar,Regidrago,12,22.22,overall,2026-05-25T16:42:30.752226+00:00
BRS-SSP,"10,11,12,13,14,15,16,17",8,great-tusk-tef,Great Tusk Mill,17,40,71,17,35.68,charizard-pidgeot,Charizard Pidgeot,11,36.36,overall,2026-05-25T16:42:30.752226+00:00
BRS-SSP,"10,11,12,13,14,15,16,17",8,great-tusk-tef,Great Tusk Mill,17,40,71,17,35.68,raging-bolt-ogerpon,Raging Bolt Ogerpon,9,81.48,overall,2026-05-25T16:42:30.752226+00:00
BRS-SSP,"10,11,12,13,14,15,16,17",8,great-tusk-tef,Great Tusk Mill,17,40,71,17,35.68,gholdengo-ex,Gholdengo,9,22.22,overall,2026-05-25T16:42:30.752226+00:00
BRS-SSP,"10,11,12,13,14,15,16,17",8,great-tusk-tef,Great Tusk Mill,17,40,71,17,35.68,miraidon-ex,Miraidon,8,54.17,overall,2026-05-25T16:42:30.752226+00:00
BRS-SSP,"10,11,12,13,14,15,16,17",8,great-tusk-tef,Great Tusk Mill,17,40,71,17,35.68,snorlax-stall,Snorlax Stall,6,66.67,overall,2026-05-25T16:42:30.752226+00:00
BRS-SSP,"10,11,12,13,14,15,16,17",8,great-tusk-tef,Great Tusk Mill,17,40,71,17,35.68,poison-terapagos,Poison Terapagos,5,6.67,overall,2026-05-25T16:42:30.752226+00:00
BRS-SSP,"10,11,12,13,14,15,16,17",8,great-tusk-tef,Great Tusk Mill,17,40,71,17,35.68,dragapult-iron-thorns,Dragapult Iron Thorns,5,0.0,overall,2026-05-25T16:42:30.752226+00:00
BRS-SSP,"10,11,12,13,14,15,16,17",8,great-tusk-tef,Great Tusk Mill,17,40,71,17,35.68,ancient-box,Ancient Box,5,40.0,overall,2026-05-25T16:42:30.752226+00:00
BRS-SSP,"10,11,12,13,14,15,16,17",8,great-tusk-tef,Great Tusk Mill,17,40,71,17,35.68,terapagos-noctowl,Terapagos Noctowl,5,40.0,overall,2026-05-25T16:42:30.752226+00:00
BRS-SSP,"10,11,12,13,14,15,16,17",8,great-tusk-tef,Great Tusk Mill,17,40,71,17,35.68,hydreigon-ex,Hydreigon,4,58.33,overall,2026-05-25T16:42:30.752226+00:00
BRS-SSP,"10,11,12,13,14,15,16,17",8,great-tusk-tef,Great Tusk Mill,17,40,71,17,35.68,lost-zone-box,Lost Zone Box,4,66.67,overall,2026-05-25T16:42:30.752226+00:00
BRS-SSP,"10,11,12,13,14,15,16,17",8,great-tusk-tef,Great Tusk Mill,17,40,71,17,35.68,lugia-archeops,Lugia Archeops,3,66.67,overall,2026-05-25T16:42:30.752226+00:00
BRS-SSP,"10,11,12,13,14,15,16,17",8,great-tusk-tef,Great Tusk Mill,17,40,71,17,35.68,archaludon-ex,Archaludon,3,66.67,overall,2026-05-25T16:42:30.752226+00:00
BRS-SSP,"10,11,12,13,14,15,16,17",8,great-tusk-tef,Great Tusk Mill,17,40,71,17,35.68,palkia-dusknoir,Palkia Dusknoir,3,11.11,overall,2026-05-25T16:42:30.752226+00:00
BRS-SSP,"10,11,12,13,14,15,16,17",8,great-tusk-tef,Great Tusk Mill,17,40,71,17,35.68,archaludon-dialga,Archaludon Dialga,3,44.44,overall,2026-05-25T16:42:30.752226+00:00
BRS-SSP,"10,11,12,13,14,15,16,17",8,great-tusk-tef,Great Tusk Mill,17,40,71,17,35.68,flygon-ex-ssp,Flygon,2,16.67,overall,2026-05-25T16:42:30.752226+00:00
BRS-SSP,"10,11,12,13,14,15,16,17",8,great-tusk-tef,Great Tusk Mill,17,40,71,17,35.68,palkia-noctowl,Palkia Noctowl,2,0.0,overall,2026-05-25T16:42:30.752226+00:00
BRS-SSP,"10,11,12,13,14,15,16,17",8,great-tusk-tef,Great Tusk Mill,17,40,71,17,35.68,ceruledge-ex,Ceruledge,2,50.0,overall,2026-05-25T16:42:30.752226+00:00
BRS-SSP,"10,11,12,13,14,15,16,17",8,great-tusk-tef,Great Tusk Mill,17,40,71,17,35.68,dragapult-dusknoir,Dragapult Dusknoir,1,0.0,overall,2026-05-25T16:42:30.752226+00:00
BRS-SSP,"10,11,12,13,14,15,16,17",8,great-tusk-tef,Great Tusk Mill,17,40,71,17,35.68,iron-thorns-ex,Iron Thorns,1,0.0,overall,2026-05-25T16:42:30.752226+00:00
BRS-SSP,"10,11,12,13,14,15,16,17",8,great-tusk-tef,Great Tusk Mill,17,40,71,17,35.68,azumarill-ssp,Azumarill,1,0.0,overall,2026-05-25T16:42:30.752226+00:00
BRS-SSP,"10,11,12,13,14,15,16,17",8,great-tusk-tef,Great Tusk Mill,17,40,71,17,35.68,great-tusk-tef,Great Tusk Mill,1,33.33,overall,2026-05-25T16:42:30.752226+00:00
BRS-SSP,"10,11,12,13,14,15,16,17",8,great-tusk-tef,Great Tusk Mill,17,40,71,17,35.68,roaring-moon-ex,Roaring Moon,1,0.0,overall,2026-05-25T16:42:30.752226+00:00
BRS-SSP,"10,11,12,13,14,15,16,17",8,great-tusk-tef,Great Tusk Mill,17,40,71,17,35.68,pidgeot-control,Pidgeot Control,1,33.33,overall,2026-05-25T16:42:30.752226+00:00
BRS-SSP,"10,11,12,13,14,15,16,17",8,great-tusk-tef,Great Tusk Mill,17,40,71,17,35.68,walking-wake-ex,Walking Wake,1,0.0,overall,2026-05-25T16:42:30.752226+00:00
BRS-SSP,"10,11,12,13,14,15,16,17",8,great-tusk-tef,Great Tusk Mill,17,40,71,17,35.68,chien-pao-baxcalibur,Chien-Pao Baxcalibur,1,0.0,overall,2026-05-25T16:42:30.752226+00:00
BRS-SSP,"10,11,12,13,14,15,16,17",8,great-tusk-tef,Great Tusk Mill,17,40,71,17,35.68,dragapult-pidgeot,Dragapult Pidgeot,1,0.0,overall,2026-05-25T16:42:30.752226+00:00
BRS-SSP,"10,11,12,13,14,15,16,17",8,great-tusk-tef,Great Tusk Mill,17,40,71,17,35.68,festival-lead,Dipplin,1,0.0,overall,2026-05-25T16:42:30.752226+00:00
BRS-SSP,"10,11,12,13,14,15,16,17",8,great-tusk-tef,Great Tusk Mill,17,40,71,17,35.68,palafin-ex,Palafin,1,0.0,overall,2026-05-25T16:42:30.752226+00:00
BRS-SSP,"10,11,12,13,14,15,16,17",8,great-tusk-tef,Great Tusk Mill,17,40,71,17,35.68,klawf-par,Klawf,1,100.0,overall,2026-05-25T16:42:30.752226+00:00
BRS-SSP,"10,11,12,13,14,15,16,17",8,great-tusk-tef,Great Tusk Mill,17,40,71,17,35.68,charizard-noctowl,Charizard Noctowl,1,0.0,overall,2026-05-25T16:42:30.752226+00:00
BRS-SSP,"10,11,12,13,14,15,16,17",8,greninja-ex,Greninja,37,99,144,34,39.83,charizard-pidgeot,Charizard Pidgeot,34,36.27,overall,2026-05-25T16:42:33.200205+00:00
BRS-SSP,"10,11,12,13,14,15,16,17",8,greninja-ex,Greninja,37,99,144,34,39.83,regidrago-vstar,Regidrago,30,34.44,overall,2026-05-25T16:42:33.200205+00:00
BRS-SSP,"10,11,12,13,14,15,16,17",8,greninja-ex,Greninja,37,99,144,34,39.83,raging-bolt-ogerpon,Raging Bolt Ogerpon,24,25.0,overall,2026-05-25T16:42:33.200205+00:00
BRS-SSP,"10,11,12,13,14,15,16,17",8,greninja-ex,Greninja,37,99,144,34,39.83,gholdengo-ex,Gholdengo,15,17.78,overall,2026-05-25T16:42:33.200205+00:00
BRS-SSP,"10,11,12,13,14,15,16,17",8,greninja-ex,Greninja,37,99,144,34,39.83,gardevoir-ex-sv,Gardevoir,12,33.33,overall,2026-05-25T16:42:33.200205+00:00
BRS-SSP,"10,11,12,13,14,15,16,17",8,greninja-ex,Greninja,37,99,144,34,39.83,dragapult-iron-thorns,Dragapult Iron Thorns,11,18.18,overall,2026-05-25T16:42:33.200205+00:00
BRS-SSP,"10,11,12,13,14,15,16,17",8,greninja-ex,Greninja,37,99,144,34,39.83,lugia-archeops,Lugia Archeops,10,53.33,overall,2026-05-25T16:42:33.200205+00:00
BRS-SSP,"10,11,12,13,14,15,16,17",8,greninja-ex,Greninja,37,99,144,34,39.83,lost-zone-box,Lost Zone Box,9,48.15,overall,2026-05-25T16:42:33.200205+00:00
BRS-SSP,"10,11,12,13,14,15,16,17",8,greninja-ex,Greninja,37,99,144,34,39.83,poison-terapagos,Poison Terapagos,9,33.33,overall,2026-05-25T16:42:33.200205+00:00
BRS-SSP,"10,11,12,13,14,15,16,17",8,greninja-ex,Greninja,37,99,144,34,39.83,miraidon-ex,Miraidon,8,37.5,overall,2026-05-25T16:42:33.200205+00:00
BRS-SSP,"10,11,12,13,14,15,16,17",8,greninja-ex,Greninja,37,99,144,34,39.83,snorlax-stall,Snorlax Stall,8,58.33,overall,2026-05-25T16:42:33.200205+00:00
BRS-SSP,"10,11,12,13,14,15,16,17",8,greninja-ex,Greninja,37,99,144,34,39.83,roaring-moon-ex,Roaring Moon,7,42.86,overall,2026-05-25T16:42:33.200205+00:00
BRS-SSP,"10,11,12,13,14,15,16,17",8,greninja-ex,Greninja,37,99,144,34,39.83,ceruledge-ex,Ceruledge,7,42.86,overall,2026-05-25T16:42:33.200205+00:00
BRS-SSP,"10,11,12,13,14,15,16,17",8,greninja-ex,Greninja,37,99,144,34,39.83,iron-thorns-ex,Iron Thorns,7,61.9,overall,2026-05-25T16:42:33.200205+00:00
BRS-SSP,"10,11,12,13,14,15,16,17",8,greninja-ex,Greninja,37,99,144,34,39.83,dragapult-dusknoir,Dragapult Dusknoir,6,50.0,overall,2026-05-25T16:42:33.200205+00:00
BRS-SSP,"10,11,12,13,14,15,16,17",8,greninja-ex,Greninja,37,99,144,34,39.83,ancient-box,Ancient Box,6,38.89,overall,2026-05-25T16:42:33.200205+00:00
BRS-SSP,"10,11,12,13,14,15,16,17",8,greninja-ex,Greninja,37,99,144,34,39.83,other,Other,6,66.67,overall,2026-05-25T16:42:33.200205+00:00
BRS-SSP,"10,11,12,13,14,15,16,17",8,greninja-ex,Greninja,37,99,144,34,39.83,archaludon-ex,Archaludon,5,40.0,overall,2026-05-25T16:42:33.200205+00:00
BRS-SSP,"10,11,12,13,14,15,16,17",8,greninja-ex,Greninja,37,99,144,34,39.83,palkia-noctowl,Palkia Noctowl,4,33.33,overall,2026-05-25T16:42:33.200205+00:00
BRS-SSP,"10,11,12,13,14,15,16,17",8,greninja-ex,Greninja,37,99,144,34,39.83,terapagos-noctowl,Terapagos Noctowl,4,75.0,overall,2026-05-25T16:42:33.200205+00:00
BRS-SSP,"10,11,12,13,14,15,16,17",8,greninja-ex,Greninja,37,99,144,34,39.83,gouging-fire-ex,Gouging Fire,4,50.0,overall,2026-05-25T16:42:33.200205+00:00
BRS-SSP,"10,11,12,13,14,15,16,17",8,greninja-ex,Greninja,37,99,144,34,39.83,dragapult-pidgeot,Dragapult Pidgeot,4,75.0,overall,2026-05-25T16:42:33.200205+00:00
BRS-SSP,"10,11,12,13,14,15,16,17",8,greninja-ex,Greninja,37,99,144,34,39.83,archaludon-dialga,Archaludon Dialga,4,58.33,overall,2026-05-25T16:42:33.200205+00:00
BRS-SSP,"10,11,12,13,14,15,16,17",8,greninja-ex,Greninja,37,99,144,34,39.83,klawf-par,Klawf,3,66.67,overall,2026-05-25T16:42:33.200205+00:00
BRS-SSP,"10,11,12,13,14,15,16,17",8,greninja-ex,Greninja,37,99,144,34,39.83,hydreigon-ex,Hydreigon,3,66.67,overall,2026-05-25T16:42:33.200205+00:00
BRS-SSP,"10,11,12,13,14,15,16,17",8,greninja-ex,Greninja,37,99,144,34,39.83,palkia-dusknoir,Palkia Dusknoir,3,44.44,overall,2026-05-25T16:42:33.200205+00:00
BRS-SSP,"10,11,12,13,14,15,16,17",8,greninja-ex,Greninja,37,99,144,34,39.83,dragapult-ex,Dragapult,3,11.11,overall,2026-05-25T16:42:33.200205+00:00
BRS-SSP,"10,11,12,13,14,15,16,17",8,greninja-ex,Greninja,37,99,144,34,39.83,ogerpon-noivern,Ogerpon Noivern,3,33.33,overall,2026-05-25T16:42:33.200205+00:00
BRS-SSP,"10,11,12,13,14,15,16,17",8,greninja-ex,Greninja,37,99,144,34,39.83,united-wings,United Wings,3,66.67,overall,2026-05-25T16:42:33.200205+00:00
BRS-SSP,"10,11,12,13,14,15,16,17",8,greninja-ex,Greninja,37,99,144,34,39.83,pidgeot-control,Pidgeot Control,2,100.0,overall,2026-05-25T16:42:33.200205+00:00
BRS-SSP,"10,11,12,13,14,15,16,17",8,greninja-ex,Greninja,37,99,144,34,39.83,greninja-ex,Greninja,2,50.0,overall,2026-05-25T16:42:33.200205+00:00
BRS-SSP,"10,11,12,13,14,15,16,17",8,greninja-ex,Greninja,37,99,144,34,39.83,mimikyu-ogerpon,Mimikyu Ogerpon,2,50.0,overall,2026-05-25T16:42:33.200205+00:00
BRS-SSP,"10,11,12,13,14,15,16,17",8,greninja-ex,Greninja,37,99,144,34,39.83,giratina-lz-box,Giratina LZ Box,2,50.0,overall,2026-05-25T16:42:33.200205+00:00
BRS-SSP,"10,11,12,13,14,15,16,17",8,greninja-ex,Greninja,37,99,144,34,39.83,scovillain-ex,Scovillain,1,0.0,overall,2026-05-25T16:42:33.200205+00:00
BRS-SSP,"10,11,12,13,14,15,16,17",8,greninja-ex,Greninja,37,99,144,34,39.83,hydrapple-ogerpon,Hydrapple Ogerpon,1,33.33,overall,2026-05-25T16:42:33.200205+00:00
BRS-SSP,"10,11,12,13,14,15,16,17",8,greninja-ex,Greninja,37,99,144,34,39.83,conkeldurr-twm,Conkeldurr,1,0.0,overall,2026-05-25T16:42:33.200205+00:00
BRS-SSP,"10,11,12,13,14,15,16,17",8,greninja-ex,Greninja,37,99,144,34,39.83,chien-pao-baxcalibur,Chien-Pao Baxcalibur,1,0.0,overall,2026-05-25T16:42:33.200205+00:00
BRS-SSP,"10,11,12,13,14,15,16,17",8,greninja-ex,Greninja,37,99,144,34,39.83,miraidon-regieleki,Miraidon Regieleki,1,0.0,overall,2026-05-25T16:42:33.200205+00:00
BRS-SSP,"10,11,12,13,14,15,16,17",8,greninja-ex,Greninja,37,99,144,34,39.83,flygon-ex-ssp,Flygon,1,33.33,overall,2026-05-25T16:42:33.200205+00:00
BRS-SSP,"10,11,12,13,14,15,16,17",8,greninja-ex,Greninja,37,99,144,34,39.83,dialga-metang,Dialga Metang,1,33.33,overall,2026-05-25T16:42:33.200205+00:00
BRS-SSP,"10,11,12,13,14,15,16,17",8,greninja-ex,Greninja,37,99,144,34,39.83,blissey-ex,Blissey,1,33.33,overall,2026-05-25T16:42:33.200205+00:00
BRS-SSP,"10,11,12,13,14,15,16,17",8,greninja-ex,Greninja,37,99,144,34,39.83,lzb-charizard,Lost Box Charizard,1,100.0,overall,2026-05-25T16:42:33.200205+00:00
BRS-SSP,"10,11,12,13,14,15,16,17",8,greninja-ex,Greninja,37,99,144,34,39.83,toedscruel-ex,Toedscruel,1,33.33,overall,2026-05-25T16:42:33.200205+00:00
BRS-SSP,"10,11,12,13,14,15,16,17",8,greninja-ex,Greninja,37,99,144,34,39.83,pikachu-regigigas,Pikachu Regis,1,100.0,overall,2026-05-25T16:42:33.200205+00:00
BRS-SSP,"10,11,12,13,14,15,16,17",8,greninja-ex,Greninja,37,99,144,34,39.83,banette-gardevoir,Banette Gardevoir,1,0.0,overall,2026-05-25T16:42:33.200205+00:00
BRS-SSP,"10,11,12,13,14,15,16,17",8,greninja-ex,Greninja,37,99,144,34,39.83,future-box,Future Box,1,0.0,overall,2026-05-25T16:42:33.200205+00:00
BRS-SSP,"10,11,12,13,14,15,16,17",8,greninja-froslass,Greninja Froslass,6,9,21,4,30.39,gardevoir-ex-sv,Gardevoir,5,6.67,overall,2026-05-25T16:42:35.662316+00:00
BRS-SSP,"10,11,12,13,14,15,16,17",8,greninja-froslass,Greninja Froslass,6,9,21,4,30.39,regidrago-vstar,Regidrago,5,26.67,overall,2026-05-25T16:42:35.662316+00:00
BRS-SSP,"10,11,12,13,14,15,16,17",8,greninja-froslass,Greninja Froslass,6,9,21,4,30.39,charizard-pidgeot,Charizard Pidgeot,4,0.0,overall,2026-05-25T16:42:35.662316+00:00
BRS-SSP,"10,11,12,13,14,15,16,17",8,greninja-froslass,Greninja Froslass,6,9,21,4,30.39,lugia-archeops,Lugia Archeops,3,11.11,overall,2026-05-25T16:42:35.662316+00:00
BRS-SSP,"10,11,12,13,14,15,16,17",8,greninja-froslass,Greninja Froslass,6,9,21,4,30.39,terapagos-noctowl,Terapagos Noctowl,2,100.0,overall,2026-05-25T16:42:35.662316+00:00
BRS-SSP,"10,11,12,13,14,15,16,17",8,greninja-froslass,Greninja Froslass,6,9,21,4,30.39,miraidon-ex,Miraidon,2,0.0,overall,2026-05-25T16:42:35.662316+00:00
BRS-SSP,"10,11,12,13,14,15,16,17",8,greninja-froslass,Greninja Froslass,6,9,21,4,30.39,dragapult-iron-thorns,Dragapult Iron Thorns,2,50.0,overall,2026-05-25T16:42:35.662316+00:00
BRS-SSP,"10,11,12,13,14,15,16,17",8,greninja-froslass,Greninja Froslass,6,9,21,4,30.39,poison-terapagos,Poison Terapagos,2,100.0,overall,2026-05-25T16:42:35.662316+00:00
BRS-SSP,"10,11,12,13,14,15,16,17",8,greninja-froslass,Greninja Froslass,6,9,21,4,30.39,snorlax-stall,Snorlax Stall,2,100.0,overall,2026-05-25T16:42:35.662316+00:00
BRS-SSP,"10,11,12,13,14,15,16,17",8,greninja-froslass,Greninja Froslass,6,9,21,4,30.39,lost-zone-box,Lost Zone Box,1,0.0,overall,2026-05-25T16:42:35.662316+00:00
BRS-SSP,"10,11,12,13,14,15,16,17",8,greninja-froslass,Greninja Froslass,6,9,21,4,30.39,mimikyu-ogerpon,Mimikyu Ogerpon,1,100.0,overall,2026-05-25T16:42:35.662316+00:00
BRS-SSP,"10,11,12,13,14,15,16,17",8,greninja-froslass,Greninja Froslass,6,9,21,4,30.39,pidgeot-control,Pidgeot Control,1,0.0,overall,2026-05-25T16:42:35.662316+00:00
BRS-SSP,"10,11,12,13,14,15,16,17",8,greninja-froslass,Greninja Froslass,6,9,21,4,30.39,gholdengo-ex,Gholdengo,1,0.0,overall,2026-05-25T16:42:35.662316+00:00
BRS-SSP,"10,11,12,13,14,15,16,17",8,greninja-froslass,Greninja Froslass,6,9,21,4,30.39,palafin-ex,Palafin,1,0.0,overall,2026-05-25T16:42:35.662316+00:00
BRS-SSP,"10,11,12,13,14,15,16,17",8,greninja-froslass,Greninja Froslass,6,9,21,4,30.39,ceruledge-ex,Ceruledge,1,0.0,overall,2026-05-25T16:42:35.662316+00:00
BRS-SSP,"10,11,12,13,14,15,16,17",8,greninja-froslass,Greninja Froslass,6,9,21,4,30.39,ancient-box,Ancient Box,1,33.33,overall,2026-05-25T16:42:35.662316+00:00
BRS-SSP,"10,11,12,13,14,15,16,17",8,hisuian-goodra-vstar,Hisuian Goodra,1,0,2,2,16.67,poison-terapagos,Poison Terapagos,1,0.0,overall,2026-05-25T16:42:38.168905+00:00
BRS-SSP,"10,11,12,13,14,15,16,17",8,hisuian-goodra-vstar,Hisuian Goodra,1,0,2,2,16.67,gholdengo-ex,Gholdengo,1,33.33,overall,2026-05-25T16:42:38.168905+00:00
BRS-SSP,"10,11,12,13,14,15,16,17",8,hisuian-goodra-vstar,Hisuian Goodra,1,0,2,2,16.67,miraidon-ex,Miraidon,1,33.33,overall,2026-05-25T16:42:38.168905+00:00
BRS-SSP,"10,11,12,13,14,15,16,17",8,hisuian-goodra-vstar,Hisuian Goodra,1,0,2,2,16.67,archaludon-ex,Archaludon,1,0.0,overall,2026-05-25T16:42:38.168905+00:00
BRS-SSP,"10,11,12,13,14,15,16,17",8,hisuian-samurott-vstar,Hisuian Samurott,1,2,3,1,38.89,miraidon-ex,Miraidon,2,100.0,overall,2026-05-25T16:42:40.668915+00:00
BRS-SSP,"10,11,12,13,14,15,16,17",8,hisuian-samurott-vstar,Hisuian Samurott,1,2,3,1,38.89,lost-zone-box,Lost Zone Box,1,0.0,overall,2026-05-25T16:42:40.668915+00:00
BRS-SSP,"10,11,12,13,14,15,16,17",8,hisuian-samurott-vstar,Hisuian Samurott,1,2,3,1,38.89,hisuian-zoroark-vstar,Hisuian Zoroark,1,0.0,overall,2026-05-25T16:42:40.668915+00:00
BRS-SSP,"10,11,12,13,14,15,16,17",8,hisuian-samurott-vstar,Hisuian Samurott,1,2,3,1,38.89,roaring-moon-ex,Roaring Moon,1,33.33,overall,2026-05-25T16:42:40.668915+00:00
BRS-SSP,"10,11,12,13,14,15,16,17",8,hisuian-samurott-vstar,Hisuian Samurott,1,2,3,1,38.89,raging-bolt-ogerpon,Raging Bolt Ogerpon,1,0.0,overall,2026-05-25T16:42:40.668915+00:00
BRS-SSP,"10,11,12,13,14,15,16,17",8,hisuian-zoroark-vstar,Hisuian Zoroark,16,20,60,14,26.24,charizard-pidgeot,Charizard Pidgeot,19,17.54,overall,2026-05-25T16:42:43.111965+00:00
BRS-SSP,"10,11,12,13,14,15,16,17",8,hisuian-zoroark-vstar,Hisuian Zoroark,16,20,60,14,26.24,raging-bolt-ogerpon,Raging Bolt Ogerpon,10,36.67,overall,2026-05-25T16:42:43.111965+00:00
BRS-SSP,"10,11,12,13,14,15,16,17",8,hisuian-zoroark-vstar,Hisuian Zoroark,16,20,60,14,26.24,regidrago-vstar,Regidrago,8,37.5,overall,2026-05-25T16:42:43.111965+00:00
BRS-SSP,"10,11,12,13,14,15,16,17",8,hisuian-zoroark-vstar,Hisuian Zoroark,16,20,60,14,26.24,gholdengo-ex,Gholdengo,6,44.44,overall,2026-05-25T16:42:43.111965+00:00
BRS-SSP,"10,11,12,13,14,15,16,17",8,hisuian-zoroark-vstar,Hisuian Zoroark,16,20,60,14,26.24,gardevoir-ex-sv,Gardevoir,6,11.11,overall,2026-05-25T16:42:43.111965+00:00
BRS-SSP,"10,11,12,13,14,15,16,17",8,hisuian-zoroark-vstar,Hisuian Zoroark,16,20,60,14,26.24,poison-terapagos,Poison Terapagos,5,26.67,overall,2026-05-25T16:42:43.111965+00:00
BRS-SSP,"10,11,12,13,14,15,16,17",8,hisuian-zoroark-vstar,Hisuian Zoroark,16,20,60,14,26.24,dragapult-iron-thorns,Dragapult Iron Thorns,5,40.0,overall,2026-05-25T16:42:43.111965+00:00
BRS-SSP,"10,11,12,13,14,15,16,17",8,hisuian-zoroark-vstar,Hisuian Zoroark,16,20,60,14,26.24,ancient-box,Ancient Box,3,44.44,overall,2026-05-25T16:42:43.111965+00:00
BRS-SSP,"10,11,12,13,14,15,16,17",8,hisuian-zoroark-vstar,Hisuian Zoroark,16,20,60,14,26.24,archaludon-dialga,Archaludon Dialga,3,66.67,overall,2026-05-25T16:42:43.111965+00:00
BRS-SSP,"10,11,12,13,14,15,16,17",8,hisuian-zoroark-vstar,Hisuian Zoroark,16,20,60,14,26.24,conkeldurr-twm,Conkeldurr,2,0.0,overall,2026-05-25T16:42:43.111965+00:00
BRS-SSP,"10,11,12,13,14,15,16,17",8,hisuian-zoroark-vstar,Hisuian Zoroark,16,20,60,14,26.24,lost-zone-box,Lost Zone Box,2,0.0,overall,2026-05-25T16:42:43.111965+00:00
BRS-SSP,"10,11,12,13,14,15,16,17",8,hisuian-zoroark-vstar,Hisuian Zoroark,16,20,60,14,26.24,chien-pao-baxcalibur,Chien-Pao Baxcalibur,2,50.0,overall,2026-05-25T16:42:43.111965+00:00
BRS-SSP,"10,11,12,13,14,15,16,17",8,hisuian-zoroark-vstar,Hisuian Zoroark,16,20,60,14,26.24,roaring-moon-ex,Roaring Moon,2,16.67,overall,2026-05-25T16:42:43.111965+00:00
BRS-SSP,"10,11,12,13,14,15,16,17",8,hisuian-zoroark-vstar,Hisuian Zoroark,16,20,60,14,26.24,hydreigon-ex,Hydreigon,2,0.0,overall,2026-05-25T16:42:43.111965+00:00
BRS-SSP,"10,11,12,13,14,15,16,17",8,hisuian-zoroark-vstar,Hisuian Zoroark,16,20,60,14,26.24,miraidon-ex,Miraidon,2,0.0,overall,2026-05-25T16:42:43.111965+00:00
BRS-SSP,"10,11,12,13,14,15,16,17",8,hisuian-zoroark-vstar,Hisuian Zoroark,16,20,60,14,26.24,lugia-archeops,Lugia Archeops,2,0.0,overall,2026-05-25T16:42:43.111965+00:00
BRS-SSP,"10,11,12,13,14,15,16,17",8,hisuian-zoroark-vstar,Hisuian Zoroark,16,20,60,14,26.24,hisuian-samurott-vstar,Hisuian Samurott,1,100.0,overall,2026-05-25T16:42:43.111965+00:00
BRS-SSP,"10,11,12,13,14,15,16,17",8,hisuian-zoroark-vstar,Hisuian Zoroark,16,20,60,14,26.24,united-wings,United Wings,1,0.0,overall,2026-05-25T16:42:43.111965+00:00
BRS-SSP,"10,11,12,13,14,15,16,17",8,hisuian-zoroark-vstar,Hisuian Zoroark,16,20,60,14,26.24,gouging-fire-ex,Gouging Fire,1,0.0,overall,2026-05-25T16:42:43.111965+00:00
BRS-SSP,"10,11,12,13,14,15,16,17",8,hisuian-zoroark-vstar,Hisuian Zoroark,16,20,60,14,26.24,dragapult-pidgeot,Dragapult Pidgeot,1,0.0,overall,2026-05-25T16:42:43.111965+00:00
BRS-SSP,"10,11,12,13,14,15,16,17",8,hisuian-zoroark-vstar,Hisuian Zoroark,16,20,60,14,26.24,other,Other,1,0.0,overall,2026-05-25T16:42:43.111965+00:00
BRS-SSP,"10,11,12,13,14,15,16,17",8,hisuian-zoroark-vstar,Hisuian Zoroark,16,20,60,14,26.24,archaludon-ex,Archaludon,1,100.0,overall,2026-05-25T16:42:43.111965+00:00
BRS-SSP,"10,11,12,13,14,15,16,17",8,hisuian-zoroark-vstar,Hisuian Zoroark,16,20,60,14,26.24,snorlax-stall,Snorlax Stall,1,0.0,overall,2026-05-25T16:42:43.111965+00:00
BRS-SSP,"10,11,12,13,14,15,16,17",8,hisuian-zoroark-vstar,Hisuian Zoroark,16,20,60,14,26.24,blissey-ex,Blissey,1,0.0,overall,2026-05-25T16:42:43.111965+00:00
BRS-SSP,"10,11,12,13,14,15,16,17",8,hisuian-zoroark-vstar,Hisuian Zoroark,16,20,60,14,26.24,okidogi-twm,Okidogi,1,0.0,overall,2026-05-25T16:42:43.111965+00:00
BRS-SSP,"10,11,12,13,14,15,16,17",8,hisuian-zoroark-vstar,Hisuian Zoroark,16,20,60,14,26.24,dragapult-lz-box,Dragapult LZ Box,1,0.0,overall,2026-05-25T16:42:43.111965+00:00
BRS-SSP,"10,11,12,13,14,15,16,17",8,hisuian-zoroark-vstar,Hisuian Zoroark,16,20,60,14,26.24,palkia-noctowl,Palkia Noctowl,1,33.33,overall,2026-05-25T16:42:43.111965+00:00
BRS-SSP,"10,11,12,13,14,15,16,17",8,hisuian-zoroark-vstar,Hisuian Zoroark,16,20,60,14,26.24,charizard-noctowl,Charizard Noctowl,1,0.0,overall,2026-05-25T16:42:43.111965+00:00
BRS-SSP,"10,11,12,13,14,15,16,17",8,hisuian-zoroark-vstar,Hisuian Zoroark,16,20,60,14,26.24,terapagos-noctowl,Terapagos Noctowl,1,0.0,overall,2026-05-25T16:42:43.111965+00:00
BRS-SSP,"10,11,12,13,14,15,16,17",8,hisuian-zoroark-vstar,Hisuian Zoroark,16,20,60,14,26.24,ceruledge-ex,Ceruledge,1,100.0,overall,2026-05-25T16:42:43.111965+00:00
BRS-SSP,"10,11,12,13,14,15,16,17",8,hydrapple-ex,Hydrapple,1,2,5,0,28.57,roaring-moon-ex,Roaring Moon,2,0.0,overall,2026-05-25T16:42:45.615830+00:00
BRS-SSP,"10,11,12,13,14,15,16,17",8,hydrapple-ex,Hydrapple,1,2,5,0,28.57,terapagos-noctowl,Terapagos Noctowl,1,0.0,overall,2026-05-25T16:42:45.615830+00:00
BRS-SSP,"10,11,12,13,14,15,16,17",8,hydrapple-ex,Hydrapple,1,2,5,0,28.57,other,Other,1,100.0,overall,2026-05-25T16:42:45.615830+00:00
BRS-SSP,"10,11,12,13,14,15,16,17",8,hydrapple-ex,Hydrapple,1,2,5,0,28.57,charizard-pidgeot,Charizard Pidgeot,1,0.0,overall,2026-05-25T16:42:45.615830+00:00
BRS-SSP,"10,11,12,13,14,15,16,17",8,hydrapple-ex,Hydrapple,1,2,5,0,28.57,ogerpon-noivern,Ogerpon Noivern,1,100.0,overall,2026-05-25T16:42:45.615830+00:00
BRS-SSP,"10,11,12,13,14,15,16,17",8,hydrapple-ex,Hydrapple,1,2,5,0,28.57,regidrago-vstar,Regidrago,1,0.0,overall,2026-05-25T16:42:45.615830+00:00
BRS-SSP,"10,11,12,13,14,15,16,17",8,hydrapple-ogerpon,Hydrapple Ogerpon,16,21,70,21,25.0,regidrago-vstar,Regidrago,16,16.67,overall,2026-05-25T16:42:48.077489+00:00
BRS-SSP,"10,11,12,13,14,15,16,17",8,hydrapple-ogerpon,Hydrapple Ogerpon,16,21,70,21,25.0,raging-bolt-ogerpon,Raging Bolt Ogerpon,15,24.44,overall,2026-05-25T16:42:48.077489+00:00
BRS-SSP,"10,11,12,13,14,15,16,17",8,hydrapple-ogerpon,Hydrapple Ogerpon,16,21,70,21,25.0,charizard-pidgeot,Charizard Pidgeot,8,45.83,overall,2026-05-25T16:42:48.077489+00:00
BRS-SSP,"10,11,12,13,14,15,16,17",8,hydrapple-ogerpon,Hydrapple Ogerpon,16,21,70,21,25.0,lost-zone-box,Lost Zone Box,8,16.67,overall,2026-05-25T16:42:48.077489+00:00
BRS-SSP,"10,11,12,13,14,15,16,17",8,hydrapple-ogerpon,Hydrapple Ogerpon,16,21,70,21,25.0,miraidon-ex,Miraidon,7,28.57,overall,2026-05-25T16:42:48.077489+00:00
BRS-SSP,"10,11,12,13,14,15,16,17",8,hydrapple-ogerpon,Hydrapple Ogerpon,16,21,70,21,25.0,palkia-noctowl,Palkia Noctowl,6,22.22,overall,2026-05-25T16:42:48.077489+00:00
BRS-SSP,"10,11,12,13,14,15,16,17",8,hydrapple-ogerpon,Hydrapple Ogerpon,16,21,70,21,25.0,gardevoir-ex-sv,Gardevoir,5,33.33,overall,2026-05-25T16:42:48.077489+00:00
BRS-SSP,"10,11,12,13,14,15,16,17",8,hydrapple-ogerpon,Hydrapple Ogerpon,16,21,70,21,25.0,dragapult-dusknoir,Dragapult Dusknoir,4,58.33,overall,2026-05-25T16:42:48.077489+00:00
BRS-SSP,"10,11,12,13,14,15,16,17",8,hydrapple-ogerpon,Hydrapple Ogerpon,16,21,70,21,25.0,dragapult-iron-thorns,Dragapult Iron Thorns,4,8.33,overall,2026-05-25T16:42:48.077489+00:00
BRS-SSP,"10,11,12,13,14,15,16,17",8,hydrapple-ogerpon,Hydrapple Ogerpon,16,21,70,21,25.0,lugia-archeops,Lugia Archeops,3,11.11,overall,2026-05-25T16:42:48.077489+00:00
BRS-SSP,"10,11,12,13,14,15,16,17",8,hydrapple-ogerpon,Hydrapple Ogerpon,16,21,70,21,25.0,roaring-moon-ex,Roaring Moon,3,0.0,overall,2026-05-25T16:42:48.077489+00:00
BRS-SSP,"10,11,12,13,14,15,16,17",8,hydrapple-ogerpon,Hydrapple Ogerpon,16,21,70,21,25.0,terapagos-noctowl,Terapagos Noctowl,3,44.44,overall,2026-05-25T16:42:48.077489+00:00
BRS-SSP,"10,11,12,13,14,15,16,17",8,hydrapple-ogerpon,Hydrapple Ogerpon,16,21,70,21,25.0,archaludon-dialga,Archaludon Dialga,3,0.0,overall,2026-05-25T16:42:48.077489+00:00
BRS-SSP,"10,11,12,13,14,15,16,17",8,hydrapple-ogerpon,Hydrapple Ogerpon,16,21,70,21,25.0,gholdengo-ex,Gholdengo,3,33.33,overall,2026-05-25T16:42:48.077489+00:00
BRS-SSP,"10,11,12,13,14,15,16,17",8,hydrapple-ogerpon,Hydrapple Ogerpon,16,21,70,21,25.0,ceruledge-ex,Ceruledge,2,0.0,overall,2026-05-25T16:42:48.077489+00:00
BRS-SSP,"10,11,12,13,14,15,16,17",8,hydrapple-ogerpon,Hydrapple Ogerpon,16,21,70,21,25.0,other,Other,2,33.33,overall,2026-05-25T16:42:48.077489+00:00
BRS-SSP,"10,11,12,13,14,15,16,17",8,hydrapple-ogerpon,Hydrapple Ogerpon,16,21,70,21,25.0,dragapult-pidgeot,Dragapult Pidgeot,2,0.0,overall,2026-05-25T16:42:48.077489+00:00
BRS-SSP,"10,11,12,13,14,15,16,17",8,hydrapple-ogerpon,Hydrapple Ogerpon,16,21,70,21,25.0,chien-pao-baxcalibur,Chien-Pao Baxcalibur,2,50.0,overall,2026-05-25T16:42:48.077489+00:00
BRS-SSP,"10,11,12,13,14,15,16,17",8,hydrapple-ogerpon,Hydrapple Ogerpon,16,21,70,21,25.0,greninja-ex,Greninja,1,33.33,overall,2026-05-25T16:42:48.077489+00:00
BRS-SSP,"10,11,12,13,14,15,16,17",8,hydrapple-ogerpon,Hydrapple Ogerpon,16,21,70,21,25.0,pidgeot-control,Pidgeot Control,1,0.0,overall,2026-05-25T16:42:48.077489+00:00
BRS-SSP,"10,11,12,13,14,15,16,17",8,hydrapple-ogerpon,Hydrapple Ogerpon,16,21,70,21,25.0,palkia-dusknoir,Palkia Dusknoir,1,0.0,overall,2026-05-25T16:42:48.077489+00:00
BRS-SSP,"10,11,12,13,14,15,16,17",8,hydrapple-ogerpon,Hydrapple Ogerpon,16,21,70,21,25.0,hydreigon-ex,Hydreigon,1,100.0,overall,2026-05-25T16:42:48.077489+00:00
BRS-SSP,"10,11,12,13,14,15,16,17",8,hydrapple-ogerpon,Hydrapple Ogerpon,16,21,70,21,25.0,lzb-charizard,Lost Box Charizard,1,0.0,overall,2026-05-25T16:42:48.077489+00:00
BRS-SSP,"10,11,12,13,14,15,16,17",8,hydrapple-ogerpon,Hydrapple Ogerpon,16,21,70,21,25.0,blissey-ex,Blissey,1,100.0,overall,2026-05-25T16:42:48.077489+00:00
BRS-SSP,"10,11,12,13,14,15,16,17",8,hydrapple-ogerpon,Hydrapple Ogerpon,16,21,70,21,25.0,regigigas-asr,Regis,1,0.0,overall,2026-05-25T16:42:48.077489+00:00
BRS-SSP,"10,11,12,13,14,15,16,17",8,hydrapple-ogerpon,Hydrapple Ogerpon,16,21,70,21,25.0,charizard-noctowl,Charizard Noctowl,1,0.0,overall,2026-05-25T16:42:48.077489+00:00
BRS-SSP,"10,11,12,13,14,15,16,17",8,hydrapple-ogerpon,Hydrapple Ogerpon,16,21,70,21,25.0,luxray-pidgeot,Luxray Control,1,33.33,overall,2026-05-25T16:42:48.077489+00:00
BRS-SSP,"10,11,12,13,14,15,16,17",8,hydrapple-ogerpon,Hydrapple Ogerpon,16,21,70,21,25.0,snorlax-stall,Snorlax Stall,1,0.0,overall,2026-05-25T16:42:48.077489+00:00
BRS-SSP,"10,11,12,13,14,15,16,17",8,hydrapple-ogerpon,Hydrapple Ogerpon,16,21,70,21,25.0,klawf-par,Klawf,1,0.0,overall,2026-05-25T16:42:48.077489+00:00
BRS-SSP,"10,11,12,13,14,15,16,17",8,hydrapple-ogerpon,Hydrapple Ogerpon,16,21,70,21,25.0,banette-gardevoir,Banette Gardevoir,1,100.0,overall,2026-05-25T16:42:48.077489+00:00
BRS-SSP,"10,11,12,13,14,15,16,17",8,hydrapple-ogerpon,Hydrapple Ogerpon,16,21,70,21,25.0,poison-terapagos,Poison Terapagos,1,100.0,overall,2026-05-25T16:42:48.077489+00:00
BRS-SSP,"10,11,12,13,14,15,16,17",8,hydrapple-ogerpon,Hydrapple Ogerpon,16,21,70,21,25.0,archaludon-ex,Archaludon,1,0.0,overall,2026-05-25T16:42:48.077489+00:00
BRS-SSP,"10,11,12,13,14,15,16,17",8,hydreigon-ex,Hydreigon,136,316,469,174,39.0,raging-bolt-ogerpon,Raging Bolt Ogerpon,101,25.74,overall,2026-05-25T16:42:50.571490+00:00
BRS-SSP,"10,11,12,13,14,15,16,17",8,hydreigon-ex,Hydreigon,136,316,469,174,39.0,regidrago-vstar,Regidrago,100,20.67,overall,2026-05-25T16:42:50.571490+00:00
BRS-SSP,"10,11,12,13,14,15,16,17",8,hydreigon-ex,Hydreigon,136,316,469,174,39.0,charizard-pidgeot,Charizard Pidgeot,95,39.3,overall,2026-05-25T16:42:50.571490+00:00
BRS-SSP,"10,11,12,13,14,15,16,17",8,hydreigon-ex,Hydreigon,136,316,469,174,39.0,gholdengo-ex,Gholdengo,56,35.12,overall,2026-05-25T16:42:50.571490+00:00
BRS-SSP,"10,11,12,13,14,15,16,17",8,hydreigon-ex,Hydreigon,136,316,469,174,39.0,gardevoir-ex-sv,Gardevoir,54,56.79,overall,2026-05-25T16:42:50.571490+00:00
BRS-SSP,"10,11,12,13,14,15,16,17",8,hydreigon-ex,Hydreigon,136,316,469,174,39.0,miraidon-ex,Miraidon,43,32.56,overall,2026-05-25T16:42:50.571490+00:00
BRS-SSP,"10,11,12,13,14,15,16,17",8,hydreigon-ex,Hydreigon,136,316,469,174,39.0,lost-zone-box,Lost Zone Box,38,55.26,overall,2026-05-25T16:42:50.571490+00:00
BRS-SSP,"10,11,12,13,14,15,16,17",8,hydreigon-ex,Hydreigon,136,316,469,174,39.0,lugia-archeops,Lugia Archeops,38,37.72,overall,2026-05-25T16:42:50.571490+00:00
BRS-SSP,"10,11,12,13,14,15,16,17",8,hydreigon-ex,Hydreigon,136,316,469,174,39.0,roaring-moon-ex,Roaring Moon,34,25.49,overall,2026-05-25T16:42:50.571490+00:00
BRS-SSP,"10,11,12,13,14,15,16,17",8,hydreigon-ex,Hydreigon,136,316,469,174,39.0,ancient-box,Ancient Box,33,57.58,overall,2026-05-25T16:42:50.571490+00:00
BRS-SSP,"10,11,12,13,14,15,16,17",8,hydreigon-ex,Hydreigon,136,316,469,174,39.0,dragapult-iron-thorns,Dragapult Iron Thorns,31,34.41,overall,2026-05-25T16:42:50.571490+00:00
BRS-SSP,"10,11,12,13,14,15,16,17",8,hydreigon-ex,Hydreigon,136,316,469,174,39.0,terapagos-noctowl,Terapagos Noctowl,29,39.08,overall,2026-05-25T16:42:50.571490+00:00
BRS-SSP,"10,11,12,13,14,15,16,17",8,hydreigon-ex,Hydreigon,136,316,469,174,39.0,ceruledge-ex,Ceruledge,27,41.98,overall,2026-05-25T16:42:50.571490+00:00
BRS-SSP,"10,11,12,13,14,15,16,17",8,hydreigon-ex,Hydreigon,136,316,469,174,39.0,poison-terapagos,Poison Terapagos,27,23.46,overall,2026-05-25T16:42:50.571490+00:00
BRS-SSP,"10,11,12,13,14,15,16,17",8,hydreigon-ex,Hydreigon,136,316,469,174,39.0,snorlax-stall,Snorlax Stall,22,89.39,overall,2026-05-25T16:42:50.571490+00:00
BRS-SSP,"10,11,12,13,14,15,16,17",8,hydreigon-ex,Hydreigon,136,316,469,174,39.0,iron-thorns-ex,Iron Thorns,18,22.22,overall,2026-05-25T16:42:50.571490+00:00
BRS-SSP,"10,11,12,13,14,15,16,17",8,hydreigon-ex,Hydreigon,136,316,469,174,39.0,archaludon-ex,Archaludon,17,45.1,overall,2026-05-25T16:42:50.571490+00:00
BRS-SSP,"10,11,12,13,14,15,16,17",8,hydreigon-ex,Hydreigon,136,316,469,174,39.0,other,Other,16,66.67,overall,2026-05-25T16:42:50.571490+00:00
BRS-SSP,"10,11,12,13,14,15,16,17",8,hydreigon-ex,Hydreigon,136,316,469,174,39.0,dragapult-dusknoir,Dragapult Dusknoir,14,30.95,overall,2026-05-25T16:42:50.571490+00:00
BRS-SSP,"10,11,12,13,14,15,16,17",8,hydreigon-ex,Hydreigon,136,316,469,174,39.0,palkia-noctowl,Palkia Noctowl,13,51.28,overall,2026-05-25T16:42:50.571490+00:00
BRS-SSP,"10,11,12,13,14,15,16,17",8,hydreigon-ex,Hydreigon,136,316,469,174,39.0,klawf-par,Klawf,9,44.44,overall,2026-05-25T16:42:50.571490+00:00
BRS-SSP,"10,11,12,13,14,15,16,17",8,hydreigon-ex,Hydreigon,136,316,469,174,39.0,chien-pao-baxcalibur,Chien-Pao Baxcalibur,9,25.93,overall,2026-05-25T16:42:50.571490+00:00
BRS-SSP,"10,11,12,13,14,15,16,17",8,hydreigon-ex,Hydreigon,136,316,469,174,39.0,pidgeot-control,Pidgeot Control,9,44.44,overall,2026-05-25T16:42:50.571490+00:00
BRS-SSP,"10,11,12,13,14,15,16,17",8,hydreigon-ex,Hydreigon,136,316,469,174,39.0,pikachu-regigigas,Pikachu Regis,8,62.5,overall,2026-05-25T16:42:50.571490+00:00
BRS-SSP,"10,11,12,13,14,15,16,17",8,hydreigon-ex,Hydreigon,136,316,469,174,39.0,palkia-dusknoir,Palkia Dusknoir,8,50.0,overall,2026-05-25T16:42:50.571490+00:00
BRS-SSP,"10,11,12,13,14,15,16,17",8,hydreigon-ex,Hydreigon,136,316,469,174,39.0,archaludon-dialga,Archaludon Dialga,8,50.0,overall,2026-05-25T16:42:50.571490+00:00
BRS-SSP,"10,11,12,13,14,15,16,17",8,hydreigon-ex,Hydreigon,136,316,469,174,39.0,charizard-noctowl,Charizard Noctowl,8,54.17,overall,2026-05-25T16:42:50.571490+00:00
BRS-SSP,"10,11,12,13,14,15,16,17",8,hydreigon-ex,Hydreigon,136,316,469,174,39.0,mimikyu-ogerpon,Mimikyu Ogerpon,8,58.33,overall,2026-05-25T16:42:50.571490+00:00
BRS-SSP,"10,11,12,13,14,15,16,17",8,hydreigon-ex,Hydreigon,136,316,469,174,39.0,dragapult-pidgeot,Dragapult Pidgeot,6,50.0,overall,2026-05-25T16:42:50.571490+00:00
BRS-SSP,"10,11,12,13,14,15,16,17",8,hydreigon-ex,Hydreigon,136,316,469,174,39.0,gouging-fire-ex,Gouging Fire,6,33.33,overall,2026-05-25T16:42:50.571490+00:00
BRS-SSP,"10,11,12,13,14,15,16,17",8,hydreigon-ex,Hydreigon,136,316,469,174,39.0,charizard-ex,Charizard,5,33.33,overall,2026-05-25T16:42:50.571490+00:00
BRS-SSP,"10,11,12,13,14,15,16,17",8,hydreigon-ex,Hydreigon,136,316,469,174,39.0,great-tusk-tef,Great Tusk Mill,4,33.33,overall,2026-05-25T16:42:50.571490+00:00
BRS-SSP,"10,11,12,13,14,15,16,17",8,hydreigon-ex,Hydreigon,136,316,469,174,39.0,hydreigon-ex,Hydreigon,4,41.67,overall,2026-05-25T16:42:50.571490+00:00
BRS-SSP,"10,11,12,13,14,15,16,17",8,hydreigon-ex,Hydreigon,136,316,469,174,39.0,iron-hands-ex,Future Hands,3,66.67,overall,2026-05-25T16:42:50.571490+00:00
BRS-SSP,"10,11,12,13,14,15,16,17",8,hydreigon-ex,Hydreigon,136,316,469,174,39.0,scovillain-ex,Scovillain,3,33.33,overall,2026-05-25T16:42:50.571490+00:00
BRS-SSP,"10,11,12,13,14,15,16,17",8,hydreigon-ex,Hydreigon,136,316,469,174,39.0,greninja-ex,Greninja,3,33.33,overall,2026-05-25T16:42:50.571490+00:00
BRS-SSP,"10,11,12,13,14,15,16,17",8,hydreigon-ex,Hydreigon,136,316,469,174,39.0,banette-gardevoir,Banette Gardevoir,3,55.56,overall,2026-05-25T16:42:50.571490+00:00
BRS-SSP,"10,11,12,13,14,15,16,17",8,hydreigon-ex,Hydreigon,136,316,469,174,39.0,luxray-ex,Luxray,3,55.56,overall,2026-05-25T16:42:50.571490+00:00
BRS-SSP,"10,11,12,13,14,15,16,17",8,hydreigon-ex,Hydreigon,136,316,469,174,39.0,tsareena-ex,Tsareena,3,11.11,overall,2026-05-25T16:42:50.571490+00:00
BRS-SSP,"10,11,12,13,14,15,16,17",8,hydreigon-ex,Hydreigon,136,316,469,174,39.0,festival-lead,Dipplin,2,50.0,overall,2026-05-25T16:42:50.571490+00:00
BRS-SSP,"10,11,12,13,14,15,16,17",8,hydreigon-ex,Hydreigon,136,316,469,174,39.0,hisuian-zoroark-vstar,Hisuian Zoroark,2,100.0,overall,2026-05-25T16:42:50.571490+00:00
BRS-SSP,"10,11,12,13,14,15,16,17",8,hydreigon-ex,Hydreigon,136,316,469,174,39.0,united-wings,United Wings,2,66.67,overall,2026-05-25T16:42:50.571490+00:00
BRS-SSP,"10,11,12,13,14,15,16,17",8,hydreigon-ex,Hydreigon,136,316,469,174,39.0,torterra-ex,Torterra,2,50.0,overall,2026-05-25T16:42:50.571490+00:00
BRS-SSP,"10,11,12,13,14,15,16,17",8,hydreigon-ex,Hydreigon,136,316,469,174,39.0,ogerpon-noivern,Ogerpon Noivern,2,100.0,overall,2026-05-25T16:42:50.571490+00:00
BRS-SSP,"10,11,12,13,14,15,16,17",8,hydreigon-ex,Hydreigon,136,316,469,174,39.0,palafin-ex,Palafin,2,0.0,overall,2026-05-25T16:42:50.571490+00:00
BRS-SSP,"10,11,12,13,14,15,16,17",8,hydreigon-ex,Hydreigon,136,316,469,174,39.0,alakazam-ex,Alakazam,2,100.0,overall,2026-05-25T16:42:50.571490+00:00
BRS-SSP,"10,11,12,13,14,15,16,17",8,hydreigon-ex,Hydreigon,136,316,469,174,39.0,dragapult-ex,Dragapult,1,100.0,overall,2026-05-25T16:42:50.571490+00:00
BRS-SSP,"10,11,12,13,14,15,16,17",8,hydreigon-ex,Hydreigon,136,316,469,174,39.0,dialga-metang,Dialga Metang,1,0.0,overall,2026-05-25T16:42:50.571490+00:00
BRS-SSP,"10,11,12,13,14,15,16,17",8,hydreigon-ex,Hydreigon,136,316,469,174,39.0,slaking-ex,Slaking,1,33.33,overall,2026-05-25T16:42:50.571490+00:00
BRS-SSP,"10,11,12,13,14,15,16,17",8,hydreigon-ex,Hydreigon,136,316,469,174,39.0,okidogi-ex,Okidogi,1,100.0,overall,2026-05-25T16:42:50.571490+00:00
BRS-SSP,"10,11,12,13,14,15,16,17",8,hydreigon-ex,Hydreigon,136,316,469,174,39.0,hydrapple-ogerpon,Hydrapple Ogerpon,1,0.0,overall,2026-05-25T16:42:50.571490+00:00
BRS-SSP,"10,11,12,13,14,15,16,17",8,hydreigon-ex,Hydreigon,136,316,469,174,39.0,blissey-ex,Blissey,1,100.0,overall,2026-05-25T16:42:50.571490+00:00
BRS-SSP,"10,11,12,13,14,15,16,17",8,hydreigon-ex,Hydreigon,136,316,469,174,39.0,galvantula-ex,Galvantula,1,100.0,overall,2026-05-25T16:42:50.571490+00:00
BRS-SSP,"10,11,12,13,14,15,16,17",8,hydreigon-ex,Hydreigon,136,316,469,174,39.0,future-box,Future Box,1,0.0,overall,2026-05-25T16:42:50.571490+00:00
BRS-SSP,"10,11,12,13,14,15,16,17",8,hydreigon-ex,Hydreigon,136,316,469,174,39.0,palkia-vstar,Palkia,1,0.0,overall,2026-05-25T16:42:50.571490+00:00
BRS-SSP,"10,11,12,13,14,15,16,17",8,hydreigon-ex,Hydreigon,136,316,469,174,39.0,banette-ex-sv,Banette,1,0.0,overall,2026-05-25T16:42:50.571490+00:00
BRS-SSP,"10,11,12,13,14,15,16,17",8,hydreigon-ex,Hydreigon,136,316,469,174,39.0,tera-box,Tera Box,1,0.0,overall,2026-05-25T16:42:50.571490+00:00
BRS-SSP,"10,11,12,13,14,15,16,17",8,hydreigon-ex,Hydreigon,136,316,469,174,39.0,luxray-pidgeot,Luxray Control,1,0.0,overall,2026-05-25T16:42:50.571490+00:00
BRS-SSP,"10,11,12,13,14,15,16,17",8,hydreigon-ex,Hydreigon,136,316,469,174,39.0,slowking-scr,Slowking,1,0.0,overall,2026-05-25T16:42:50.571490+00:00
BRS-SSP,"10,11,12,13,14,15,16,17",8,hydreigon-ex,Hydreigon,136,316,469,174,39.0,dragapult-charizard,Dragapult Charizard,1,100.0,overall,2026-05-25T16:42:50.571490+00:00
BRS-SSP,"10,11,12,13,14,15,16,17",8,hydreigon-ex,Hydreigon,136,316,469,174,39.0,charizard-arceus,Charizard Arceus,1,100.0,overall,2026-05-25T16:42:50.571490+00:00
BRS-SSP,"10,11,12,13,14,15,16,17",8,hydreigon-ex,Hydreigon,136,316,469,174,39.0,conkeldurr-twm,Conkeldurr,1,0.0,overall,2026-05-25T16:42:50.571490+00:00
BRS-SSP,"10,11,12,13,14,15,16,17",8,hydreigon-ex,Hydreigon,136,316,469,174,39.0,giratina-lz-box,Giratina LZ Box,1,100.0,overall,2026-05-25T16:42:50.571490+00:00
BRS-SSP,"10,11,12,13,14,15,16,17",8,hydreigon-ex,Hydreigon,136,316,469,174,39.0,flygon-ex-ssp,Flygon,1,100.0,overall,2026-05-25T16:42:50.571490+00:00
BRS-SSP,"10,11,12,13,14,15,16,17",8,hydreigon-ex,Hydreigon,136,316,469,174,39.0,tinkaton-ex,Tinkaton,1,100.0,overall,2026-05-25T16:42:50.571490+00:00
BRS-SSP,"10,11,12,13,14,15,16,17",8,incineroar-ex,Incineroar,1,1,5,2,20.83,regidrago-vstar,Regidrago,2,0.0,overall,2026-05-25T16:42:53.010408+00:00
BRS-SSP,"10,11,12,13,14,15,16,17",8,incineroar-ex,Incineroar,1,1,5,2,20.83,dragapult-iron-thorns,Dragapult Iron Thorns,1,0.0,overall,2026-05-25T16:42:53.010408+00:00
BRS-SSP,"10,11,12,13,14,15,16,17",8,incineroar-ex,Incineroar,1,1,5,2,20.83,raging-bolt-ogerpon,Raging Bolt Ogerpon,1,33.33,overall,2026-05-25T16:42:53.010408+00:00
BRS-SSP,"10,11,12,13,14,15,16,17",8,incineroar-ex,Incineroar,1,1,5,2,20.83,poison-terapagos,Poison Terapagos,1,100.0,overall,2026-05-25T16:42:53.010408+00:00
BRS-SSP,"10,11,12,13,14,15,16,17",8,incineroar-ex,Incineroar,1,1,5,2,20.83,gardevoir-ex-sv,Gardevoir,1,33.33,overall,2026-05-25T16:42:53.010408+00:00
BRS-SSP,"10,11,12,13,14,15,16,17",8,incineroar-ex,Incineroar,1,1,5,2,20.83,snorlax-stall,Snorlax Stall,1,0.0,overall,2026-05-25T16:42:53.010408+00:00
BRS-SSP,"10,11,12,13,14,15,16,17",8,incineroar-ex,Incineroar,1,1,5,2,20.83,archaludon-ex,Archaludon,1,0.0,overall,2026-05-25T16:42:53.010408+00:00
BRS-SSP,"10,11,12,13,14,15,16,17",8,iron-hands-ex,Future Hands,11,15,42,7,27.08,raging-bolt-ogerpon,Raging Bolt Ogerpon,10,0.0,overall,2026-05-25T16:42:55.449924+00:00
BRS-SSP,"10,11,12,13,14,15,16,17",8,iron-hands-ex,Future Hands,11,15,42,7,27.08,charizard-pidgeot,Charizard Pidgeot,9,48.15,overall,2026-05-25T16:42:55.449924+00:00
BRS-SSP,"10,11,12,13,14,15,16,17",8,iron-hands-ex,Future Hands,11,15,42,7,27.08,regidrago-vstar,Regidrago,7,33.33,overall,2026-05-25T16:42:55.449924+00:00
BRS-SSP,"10,11,12,13,14,15,16,17",8,iron-hands-ex,Future Hands,11,15,42,7,27.08,hydreigon-ex,Hydreigon,3,33.33,overall,2026-05-25T16:42:55.449924+00:00
BRS-SSP,"10,11,12,13,14,15,16,17",8,iron-hands-ex,Future Hands,11,15,42,7,27.08,gardevoir-ex-sv,Gardevoir,3,0.0,overall,2026-05-25T16:42:55.449924+00:00
BRS-SSP,"10,11,12,13,14,15,16,17",8,iron-hands-ex,Future Hands,11,15,42,7,27.08,dragapult-iron-thorns,Dragapult Iron Thorns,3,11.11,overall,2026-05-25T16:42:55.449924+00:00
BRS-SSP,"10,11,12,13,14,15,16,17",8,iron-hands-ex,Future Hands,11,15,42,7,27.08,roaring-moon-ex,Roaring Moon,2,100.0,overall,2026-05-25T16:42:55.449924+00:00
BRS-SSP,"10,11,12,13,14,15,16,17",8,iron-hands-ex,Future Hands,11,15,42,7,27.08,lost-zone-box,Lost Zone Box,2,50.0,overall,2026-05-25T16:42:55.449924+00:00
BRS-SSP,"10,11,12,13,14,15,16,17",8,iron-hands-ex,Future Hands,11,15,42,7,27.08,snorlax-stall,Snorlax Stall,2,0.0,overall,2026-05-25T16:42:55.449924+00:00
BRS-SSP,"10,11,12,13,14,15,16,17",8,iron-hands-ex,Future Hands,11,15,42,7,27.08,dragapult-dusknoir,Dragapult Dusknoir,2,50.0,overall,2026-05-25T16:42:55.449924+00:00
BRS-SSP,"10,11,12,13,14,15,16,17",8,iron-hands-ex,Future Hands,11,15,42,7,27.08,lugia-archeops,Lugia Archeops,2,50.0,overall,2026-05-25T16:42:55.449924+00:00
BRS-SSP,"10,11,12,13,14,15,16,17",8,iron-hands-ex,Future Hands,11,15,42,7,27.08,terapagos-noctowl,Terapagos Noctowl,2,100.0,overall,2026-05-25T16:42:55.449924+00:00
BRS-SSP,"10,11,12,13,14,15,16,17",8,iron-hands-ex,Future Hands,11,15,42,7,27.08,gholdengo-ex,Gholdengo,2,16.67,overall,2026-05-25T16:42:55.449924+00:00
BRS-SSP,"10,11,12,13,14,15,16,17",8,iron-hands-ex,Future Hands,11,15,42,7,27.08,other,Other,2,16.67,overall,2026-05-25T16:42:55.449924+00:00
BRS-SSP,"10,11,12,13,14,15,16,17",8,iron-hands-ex,Future Hands,11,15,42,7,27.08,chien-pao-baxcalibur,Chien-Pao Baxcalibur,2,0.0,overall,2026-05-25T16:42:55.449924+00:00
BRS-SSP,"10,11,12,13,14,15,16,17",8,iron-hands-ex,Future Hands,11,15,42,7,27.08,palkia-noctowl,Palkia Noctowl,2,0.0,overall,2026-05-25T16:42:55.449924+00:00
BRS-SSP,"10,11,12,13,14,15,16,17",8,iron-hands-ex,Future Hands,11,15,42,7,27.08,dragapult-pidgeot,Dragapult Pidgeot,1,0.0,overall,2026-05-25T16:42:55.449924+00:00
BRS-SSP,"10,11,12,13,14,15,16,17",8,iron-hands-ex,Future Hands,11,15,42,7,27.08,banette-gardevoir,Banette Gardevoir,1,33.33,overall,2026-05-25T16:42:55.449924+00:00
BRS-SSP,"10,11,12,13,14,15,16,17",8,iron-hands-ex,Future Hands,11,15,42,7,27.08,palafin-ex,Palafin,1,33.33,overall,2026-05-25T16:42:55.449924+00:00
BRS-SSP,"10,11,12,13,14,15,16,17",8,iron-hands-ex,Future Hands,11,15,42,7,27.08,poison-terapagos,Poison Terapagos,1,0.0,overall,2026-05-25T16:42:55.449924+00:00
BRS-SSP,"10,11,12,13,14,15,16,17",8,iron-hands-ex,Future Hands,11,15,42,7,27.08,cinderace-ex,Cinderace,1,0.0,overall,2026-05-25T16:42:55.449924+00:00
BRS-SSP,"10,11,12,13,14,15,16,17",8,iron-hands-ex,Future Hands,11,15,42,7,27.08,miraidon-ex,Miraidon,1,0.0,overall,2026-05-25T16:42:55.449924+00:00
BRS-SSP,"10,11,12,13,14,15,16,17",8,iron-hands-ex,Future Hands,11,15,42,7,27.08,archaludon-ex,Archaludon,1,0.0,overall,2026-05-25T16:42:55.449924+00:00
BRS-SSP,"10,11,12,13,14,15,16,17",8,iron-hands-ex,Future Hands,11,15,42,7,27.08,palkia-dusknoir,Palkia Dusknoir,1,0.0,overall,2026-05-25T16:42:55.449924+00:00
BRS-SSP,"10,11,12,13,14,15,16,17",8,iron-hands-ex,Future Hands,11,15,42,7,27.08,future-box,Future Box,1,100.0,overall,2026-05-25T16:42:55.449924+00:00
BRS-SSP,"10,11,12,13,14,15,16,17",8,iron-thorns-crown,Future Thorns,2,5,6,2,43.59,raging-bolt-ogerpon,Raging Bolt Ogerpon,3,33.33,overall,2026-05-25T16:42:57.873723+00:00
BRS-SSP,"10,11,12,13,14,15,16,17",8,iron-thorns-crown,Future Thorns,2,5,6,2,43.59,miraidon-ex,Miraidon,2,100.0,overall,2026-05-25T16:42:57.873723+00:00
BRS-SSP,"10,11,12,13,14,15,16,17",8,iron-thorns-crown,Future Thorns,2,5,6,2,43.59,lost-zone-box,Lost Zone Box,1,33.33,overall,2026-05-25T16:42:57.873723+00:00
BRS-SSP,"10,11,12,13,14,15,16,17",8,iron-thorns-crown,Future Thorns,2,5,6,2,43.59,palafin-ex,Palafin,1,100.0,overall,2026-05-25T16:42:57.873723+00:00
BRS-SSP,"10,11,12,13,14,15,16,17",8,iron-thorns-crown,Future Thorns,2,5,6,2,43.59,lugia-archeops,Lugia Archeops,1,100.0,overall,2026-05-25T16:42:57.873723+00:00
BRS-SSP,"10,11,12,13,14,15,16,17",8,iron-thorns-crown,Future Thorns,2,5,6,2,43.59,charizard-pidgeot,Charizard Pidgeot,1,0.0,overall,2026-05-25T16:42:57.873723+00:00
BRS-SSP,"10,11,12,13,14,15,16,17",8,iron-thorns-crown,Future Thorns,2,5,6,2,43.59,dragapult-dusknoir,Dragapult Dusknoir,1,0.0,overall,2026-05-25T16:42:57.873723+00:00
BRS-SSP,"10,11,12,13,14,15,16,17",8,iron-thorns-crown,Future Thorns,2,5,6,2,43.59,terapagos-noctowl,Terapagos Noctowl,1,0.0,overall,2026-05-25T16:42:57.873723+00:00
BRS-SSP,"10,11,12,13,14,15,16,17",8,iron-thorns-crown,Future Thorns,2,5,6,2,43.59,gholdengo-ex,Gholdengo,1,0.0,overall,2026-05-25T16:42:57.873723+00:00
BRS-SSP,"10,11,12,13,14,15,16,17",8,iron-thorns-crown,Future Thorns,2,5,6,2,43.59,ceruledge-ex,Ceruledge,1,33.33,overall,2026-05-25T16:42:57.873723+00:00
BRS-SSP,"10,11,12,13,14,15,16,17",8,iron-thorns-ex,Iron Thorns,168,641,568,135,51.04,regidrago-vstar,Regidrago,192,48.26,overall,2026-05-25T16:43:00.472906+00:00
BRS-SSP,"10,11,12,13,14,15,16,17",8,iron-thorns-ex,Iron Thorns,168,641,568,135,51.04,charizard-pidgeot,Charizard Pidgeot,151,74.17,overall,2026-05-25T16:43:00.472906+00:00
BRS-SSP,"10,11,12,13,14,15,16,17",8,iron-thorns-ex,Iron Thorns,168,641,568,135,51.04,raging-bolt-ogerpon,Raging Bolt Ogerpon,96,42.71,overall,2026-05-25T16:43:00.472906+00:00
BRS-SSP,"10,11,12,13,14,15,16,17",8,iron-thorns-ex,Iron Thorns,168,641,568,135,51.04,gardevoir-ex-sv,Gardevoir,82,55.69,overall,2026-05-25T16:43:00.472906+00:00
BRS-SSP,"10,11,12,13,14,15,16,17",8,iron-thorns-ex,Iron Thorns,168,641,568,135,51.04,poison-terapagos,Poison Terapagos,75,44.44,overall,2026-05-25T16:43:00.472906+00:00
BRS-SSP,"10,11,12,13,14,15,16,17",8,iron-thorns-ex,Iron Thorns,168,641,568,135,51.04,lugia-archeops,Lugia Archeops,73,89.95,overall,2026-05-25T16:43:00.472906+00:00
BRS-SSP,"10,11,12,13,14,15,16,17",8,iron-thorns-ex,Iron Thorns,168,641,568,135,51.04,gholdengo-ex,Gholdengo,64,69.27,overall,2026-05-25T16:43:00.472906+00:00
BRS-SSP,"10,11,12,13,14,15,16,17",8,iron-thorns-ex,Iron Thorns,168,641,568,135,51.04,miraidon-ex,Miraidon,55,66.06,overall,2026-05-25T16:43:00.472906+00:00
BRS-SSP,"10,11,12,13,14,15,16,17",8,iron-thorns-ex,Iron Thorns,168,641,568,135,51.04,lost-zone-box,Lost Zone Box,53,25.79,overall,2026-05-25T16:43:00.472906+00:00
BRS-SSP,"10,11,12,13,14,15,16,17",8,iron-thorns-ex,Iron Thorns,168,641,568,135,51.04,ancient-box,Ancient Box,47,19.86,overall,2026-05-25T16:43:00.472906+00:00
BRS-SSP,"10,11,12,13,14,15,16,17",8,iron-thorns-ex,Iron Thorns,168,641,568,135,51.04,roaring-moon-ex,Roaring Moon,44,49.24,overall,2026-05-25T16:43:00.472906+00:00
BRS-SSP,"10,11,12,13,14,15,16,17",8,iron-thorns-ex,Iron Thorns,168,641,568,135,51.04,terapagos-noctowl,Terapagos Noctowl,43,51.94,overall,2026-05-25T16:43:00.472906+00:00
BRS-SSP,"10,11,12,13,14,15,16,17",8,iron-thorns-ex,Iron Thorns,168,641,568,135,51.04,snorlax-stall,Snorlax Stall,39,26.5,overall,2026-05-25T16:43:00.472906+00:00
BRS-SSP,"10,11,12,13,14,15,16,17",8,iron-thorns-ex,Iron Thorns,168,641,568,135,51.04,archaludon-dialga,Archaludon Dialga,31,59.14,overall,2026-05-25T16:43:00.472906+00:00
BRS-SSP,"10,11,12,13,14,15,16,17",8,iron-thorns-ex,Iron Thorns,168,641,568,135,51.04,dragapult-iron-thorns,Dragapult Iron Thorns,30,14.44,overall,2026-05-25T16:43:00.472906+00:00
BRS-SSP,"10,11,12,13,14,15,16,17",8,iron-thorns-ex,Iron Thorns,168,641,568,135,51.04,palkia-noctowl,Palkia Noctowl,26,41.03,overall,2026-05-25T16:43:00.472906+00:00
BRS-SSP,"10,11,12,13,14,15,16,17",8,iron-thorns-ex,Iron Thorns,168,641,568,135,51.04,ceruledge-ex,Ceruledge,20,35.0,overall,2026-05-25T16:43:00.472906+00:00
BRS-SSP,"10,11,12,13,14,15,16,17",8,iron-thorns-ex,Iron Thorns,168,641,568,135,51.04,archaludon-ex,Archaludon,19,71.93,overall,2026-05-25T16:43:00.472906+00:00
BRS-SSP,"10,11,12,13,14,15,16,17",8,iron-thorns-ex,Iron Thorns,168,641,568,135,51.04,dragapult-dusknoir,Dragapult Dusknoir,18,42.59,overall,2026-05-25T16:43:00.472906+00:00
BRS-SSP,"10,11,12,13,14,15,16,17",8,iron-thorns-ex,Iron Thorns,168,641,568,135,51.04,hydreigon-ex,Hydreigon,18,72.22,overall,2026-05-25T16:43:00.472906+00:00
BRS-SSP,"10,11,12,13,14,15,16,17",8,iron-thorns-ex,Iron Thorns,168,641,568,135,51.04,pidgeot-control,Pidgeot Control,16,14.58,overall,2026-05-25T16:43:00.472906+00:00
BRS-SSP,"10,11,12,13,14,15,16,17",8,iron-thorns-ex,Iron Thorns,168,641,568,135,51.04,iron-thorns-ex,Iron Thorns,10,50.0,overall,2026-05-25T16:43:00.472906+00:00
BRS-SSP,"10,11,12,13,14,15,16,17",8,iron-thorns-ex,Iron Thorns,168,641,568,135,51.04,gouging-fire-ex,Gouging Fire,10,40.0,overall,2026-05-25T16:43:00.472906+00:00
BRS-SSP,"10,11,12,13,14,15,16,17",8,iron-thorns-ex,Iron Thorns,168,641,568,135,51.04,other,Other,10,63.33,overall,2026-05-25T16:43:00.472906+00:00
BRS-SSP,"10,11,12,13,14,15,16,17",8,iron-thorns-ex,Iron Thorns,168,641,568,135,51.04,palkia-dusknoir,Palkia Dusknoir,9,44.44,overall,2026-05-25T16:43:00.472906+00:00
BRS-SSP,"10,11,12,13,14,15,16,17",8,iron-thorns-ex,Iron Thorns,168,641,568,135,51.04,mimikyu-ogerpon,Mimikyu Ogerpon,9,14.81,overall,2026-05-25T16:43:00.472906+00:00
BRS-SSP,"10,11,12,13,14,15,16,17",8,iron-thorns-ex,Iron Thorns,168,641,568,135,51.04,klawf-par,Klawf,8,25.0,overall,2026-05-25T16:43:00.472906+00:00
BRS-SSP,"10,11,12,13,14,15,16,17",8,iron-thorns-ex,Iron Thorns,168,641,568,135,51.04,greninja-ex,Greninja,7,33.33,overall,2026-05-25T16:43:00.472906+00:00
BRS-SSP,"10,11,12,13,14,15,16,17",8,iron-thorns-ex,Iron Thorns,168,641,568,135,51.04,chien-pao-baxcalibur,Chien-Pao Baxcalibur,6,66.67,overall,2026-05-25T16:43:00.472906+00:00
BRS-SSP,"10,11,12,13,14,15,16,17",8,iron-thorns-ex,Iron Thorns,168,641,568,135,51.04,charizard-noctowl,Charizard Noctowl,6,50.0,overall,2026-05-25T16:43:00.472906+00:00
BRS-SSP,"10,11,12,13,14,15,16,17",8,iron-thorns-ex,Iron Thorns,168,641,568,135,51.04,dragapult-pidgeot,Dragapult Pidgeot,5,40.0,overall,2026-05-25T16:43:00.472906+00:00
BRS-SSP,"10,11,12,13,14,15,16,17",8,iron-thorns-ex,Iron Thorns,168,641,568,135,51.04,dragapult-ex,Dragapult,5,0.0,overall,2026-05-25T16:43:00.472906+00:00
BRS-SSP,"10,11,12,13,14,15,16,17",8,iron-thorns-ex,Iron Thorns,168,641,568,135,51.04,future-box,Future Box,4,0.0,overall,2026-05-25T16:43:00.472906+00:00
BRS-SSP,"10,11,12,13,14,15,16,17",8,iron-thorns-ex,Iron Thorns,168,641,568,135,51.04,pikachu-regigigas,Pikachu Regis,3,66.67,overall,2026-05-25T16:43:00.472906+00:00
BRS-SSP,"10,11,12,13,14,15,16,17",8,iron-thorns-ex,Iron Thorns,168,641,568,135,51.04,banette-gardevoir,Banette Gardevoir,3,44.44,overall,2026-05-25T16:43:00.472906+00:00
BRS-SSP,"10,11,12,13,14,15,16,17",8,iron-thorns-ex,Iron Thorns,168,641,568,135,51.04,tsareena-ex,Tsareena,3,44.44,overall,2026-05-25T16:43:00.472906+00:00
BRS-SSP,"10,11,12,13,14,15,16,17",8,iron-thorns-ex,Iron Thorns,168,641,568,135,51.04,alakazam-ex,Alakazam,3,44.44,overall,2026-05-25T16:43:00.472906+00:00
BRS-SSP,"10,11,12,13,14,15,16,17",8,iron-thorns-ex,Iron Thorns,168,641,568,135,51.04,dragapult-charizard,Dragapult Charizard,3,11.11,overall,2026-05-25T16:43:00.472906+00:00
BRS-SSP,"10,11,12,13,14,15,16,17",8,iron-thorns-ex,Iron Thorns,168,641,568,135,51.04,okidogi-ex,Okidogi,2,100.0,overall,2026-05-25T16:43:00.472906+00:00
BRS-SSP,"10,11,12,13,14,15,16,17",8,iron-thorns-ex,Iron Thorns,168,641,568,135,51.04,banette-dusknoir,Banette Dusknoir,2,66.67,overall,2026-05-25T16:43:00.472906+00:00
BRS-SSP,"10,11,12,13,14,15,16,17",8,iron-thorns-ex,Iron Thorns,168,641,568,135,51.04,ogerpon-noivern,Ogerpon Noivern,2,50.0,overall,2026-05-25T16:43:00.472906+00:00
BRS-SSP,"10,11,12,13,14,15,16,17",8,iron-thorns-ex,Iron Thorns,168,641,568,135,51.04,arceus-armarouge,Arceus Armarouge,2,16.67,overall,2026-05-25T16:43:00.472906+00:00
BRS-SSP,"10,11,12,13,14,15,16,17",8,iron-thorns-ex,Iron Thorns,168,641,568,135,51.04,venomoth-froslass,Venomoth Froslass,2,0.0,overall,2026-05-25T16:43:00.472906+00:00
BRS-SSP,"10,11,12,13,14,15,16,17",8,iron-thorns-ex,Iron Thorns,168,641,568,135,51.04,espathra-xatu,Espathra Xatu,2,0.0,overall,2026-05-25T16:43:00.472906+00:00
BRS-SSP,"10,11,12,13,14,15,16,17",8,iron-thorns-ex,Iron Thorns,168,641,568,135,51.04,conkeldurr-twm,Conkeldurr,1,100.0,overall,2026-05-25T16:43:00.472906+00:00
BRS-SSP,"10,11,12,13,14,15,16,17",8,iron-thorns-ex,Iron Thorns,168,641,568,135,51.04,raging-bolt-palkia,Raging Bolt Palkia,1,0.0,overall,2026-05-25T16:43:00.472906+00:00
BRS-SSP,"10,11,12,13,14,15,16,17",8,iron-thorns-ex,Iron Thorns,168,641,568,135,51.04,toedscruel-ex,Toedscruel,1,100.0,overall,2026-05-25T16:43:00.472906+00:00
BRS-SSP,"10,11,12,13,14,15,16,17",8,iron-thorns-ex,Iron Thorns,168,641,568,135,51.04,lucario-brs,Lucario,1,0.0,overall,2026-05-25T16:43:00.472906+00:00
BRS-SSP,"10,11,12,13,14,15,16,17",8,iron-thorns-ex,Iron Thorns,168,641,568,135,51.04,charizard-ex,Charizard,1,100.0,overall,2026-05-25T16:43:00.472906+00:00
BRS-SSP,"10,11,12,13,14,15,16,17",8,iron-thorns-ex,Iron Thorns,168,641,568,135,51.04,noivern-ex,Noivern,1,0.0,overall,2026-05-25T16:43:00.472906+00:00
BRS-SSP,"10,11,12,13,14,15,16,17",8,iron-thorns-ex,Iron Thorns,168,641,568,135,51.04,cornerstone-mask-ogerpon-ex,Cornerstone Mask Ogerpon,1,0.0,overall,2026-05-25T16:43:00.472906+00:00
BRS-SSP,"10,11,12,13,14,15,16,17",8,iron-thorns-ex,Iron Thorns,168,641,568,135,51.04,dialga-metang,Dialga Metang,1,0.0,overall,2026-05-25T16:43:00.472906+00:00
BRS-SSP,"10,11,12,13,14,15,16,17",8,iron-thorns-ex,Iron Thorns,168,641,568,135,51.04,lzb-charizard,Lost Box Charizard,1,0.0,overall,2026-05-25T16:43:00.472906+00:00
BRS-SSP,"10,11,12,13,14,15,16,17",8,iron-thorns-ex,Iron Thorns,168,641,568,135,51.04,meowscarada-ex,Meowscarada,1,0.0,overall,2026-05-25T16:43:00.472906+00:00
BRS-SSP,"10,11,12,13,14,15,16,17",8,iron-thorns-ex,Iron Thorns,168,641,568,135,51.04,great-tusk-tef,Great Tusk Mill,1,100.0,overall,2026-05-25T16:43:00.472906+00:00
BRS-SSP,"10,11,12,13,14,15,16,17",8,iron-thorns-ex,Iron Thorns,168,641,568,135,51.04,dragapult-lz-box,Dragapult LZ Box,1,0.0,overall,2026-05-25T16:43:00.472906+00:00
BRS-SSP,"10,11,12,13,14,15,16,17",8,iron-thorns-ex,Iron Thorns,168,641,568,135,51.04,raging-bolt-entei,Raging Bolt Entei,1,0.0,overall,2026-05-25T16:43:00.472906+00:00
BRS-SSP,"10,11,12,13,14,15,16,17",8,iron-thorns-ex,Iron Thorns,168,641,568,135,51.04,palafin-ex,Palafin,1,100.0,overall,2026-05-25T16:43:00.472906+00:00
BRS-SSP,"10,11,12,13,14,15,16,17",8,iron-thorns-ex,Iron Thorns,168,641,568,135,51.04,torterra-ex,Torterra,1,0.0,overall,2026-05-25T16:43:00.472906+00:00
BRS-SSP,"10,11,12,13,14,15,16,17",8,iron-thorns-ex,Iron Thorns,168,641,568,135,51.04,alolan-exeggutor-ex,Alolan Exeggutor ex,1,0.0,overall,2026-05-25T16:43:00.472906+00:00
BRS-SSP,"10,11,12,13,14,15,16,17",8,iron-thorns-ex,Iron Thorns,168,641,568,135,51.04,united-wings,United Wings,1,100.0,overall,2026-05-25T16:43:00.472906+00:00
BRS-SSP,"10,11,12,13,14,15,16,17",8,iron-thorns-ex,Iron Thorns,168,641,568,135,51.04,festival-lead,Dipplin,1,100.0,overall,2026-05-25T16:43:00.472906+00:00
BRS-SSP,"10,11,12,13,14,15,16,17",8,iron-thorns-ex,Iron Thorns,168,641,568,135,51.04,giratina-lz-box,Giratina LZ Box,1,0.0,overall,2026-05-25T16:43:00.472906+00:00
BRS-SSP,"10,11,12,13,14,15,16,17",8,iron-valiant-ex,Iron Valiant,2,3,8,0,27.27,charizard-pidgeot,Charizard Pidgeot,3,0.0,overall,2026-05-25T16:43:02.930983+00:00
BRS-SSP,"10,11,12,13,14,15,16,17",8,iron-valiant-ex,Iron Valiant,2,3,8,0,27.27,archaludon-ex,Archaludon,2,50.0,overall,2026-05-25T16:43:02.930983+00:00
BRS-SSP,"10,11,12,13,14,15,16,17",8,iron-valiant-ex,Iron Valiant,2,3,8,0,27.27,lugia-archeops,Lugia Archeops,2,50.0,overall,2026-05-25T16:43:02.930983+00:00
BRS-SSP,"10,11,12,13,14,15,16,17",8,iron-valiant-ex,Iron Valiant,2,3,8,0,27.27,terapagos-noctowl,Terapagos Noctowl,1,0.0,overall,2026-05-25T16:43:02.930983+00:00
BRS-SSP,"10,11,12,13,14,15,16,17",8,iron-valiant-ex,Iron Valiant,2,3,8,0,27.27,dragapult-ex,Dragapult,1,0.0,overall,2026-05-25T16:43:02.930983+00:00
BRS-SSP,"10,11,12,13,14,15,16,17",8,iron-valiant-ex,Iron Valiant,2,3,8,0,27.27,other,Other,1,100.0,overall,2026-05-25T16:43:02.930983+00:00
BRS-SSP,"10,11,12,13,14,15,16,17",8,iron-valiant-ex,Iron Valiant,2,3,8,0,27.27,roaring-moon-ex,Roaring Moon,1,0.0,overall,2026-05-25T16:43:02.930983+00:00
BRS-SSP,"10,11,12,13,14,15,16,17",8,klawf-par,Klawf,69,256,214,102,50.7,regidrago-vstar,Regidrago,71,40.38,overall,2026-05-25T16:43:05.408477+00:00
BRS-SSP,"10,11,12,13,14,15,16,17",8,klawf-par,Klawf,69,256,214,102,50.7,charizard-pidgeot,Charizard Pidgeot,59,49.15,overall,2026-05-25T16:43:05.408477+00:00
BRS-SSP,"10,11,12,13,14,15,16,17",8,klawf-par,Klawf,69,256,214,102,50.7,raging-bolt-ogerpon,Raging Bolt Ogerpon,42,50.79,overall,2026-05-25T16:43:05.408477+00:00
BRS-SSP,"10,11,12,13,14,15,16,17",8,klawf-par,Klawf,69,256,214,102,50.7,lost-zone-box,Lost Zone Box,39,43.59,overall,2026-05-25T16:43:05.408477+00:00
BRS-SSP,"10,11,12,13,14,15,16,17",8,klawf-par,Klawf,69,256,214,102,50.7,gholdengo-ex,Gholdengo,35,68.57,overall,2026-05-25T16:43:05.408477+00:00
BRS-SSP,"10,11,12,13,14,15,16,17",8,klawf-par,Klawf,69,256,214,102,50.7,roaring-moon-ex,Roaring Moon,28,73.81,overall,2026-05-25T16:43:05.408477+00:00
BRS-SSP,"10,11,12,13,14,15,16,17",8,klawf-par,Klawf,69,256,214,102,50.7,snorlax-stall,Snorlax Stall,25,73.33,overall,2026-05-25T16:43:05.408477+00:00
BRS-SSP,"10,11,12,13,14,15,16,17",8,klawf-par,Klawf,69,256,214,102,50.7,gardevoir-ex-sv,Gardevoir,21,23.81,overall,2026-05-25T16:43:05.408477+00:00
BRS-SSP,"10,11,12,13,14,15,16,17",8,klawf-par,Klawf,69,256,214,102,50.7,miraidon-ex,Miraidon,21,57.14,overall,2026-05-25T16:43:05.408477+00:00
BRS-SSP,"10,11,12,13,14,15,16,17",8,klawf-par,Klawf,69,256,214,102,50.7,ceruledge-ex,Ceruledge,19,68.42,overall,2026-05-25T16:43:05.408477+00:00
BRS-SSP,"10,11,12,13,14,15,16,17",8,klawf-par,Klawf,69,256,214,102,50.7,dragapult-dusknoir,Dragapult Dusknoir,16,50.0,overall,2026-05-25T16:43:05.408477+00:00
BRS-SSP,"10,11,12,13,14,15,16,17",8,klawf-par,Klawf,69,256,214,102,50.7,poison-terapagos,Poison Terapagos,16,45.83,overall,2026-05-25T16:43:05.408477+00:00
BRS-SSP,"10,11,12,13,14,15,16,17",8,klawf-par,Klawf,69,256,214,102,50.7,ancient-box,Ancient Box,14,23.81,overall,2026-05-25T16:43:05.408477+00:00
BRS-SSP,"10,11,12,13,14,15,16,17",8,klawf-par,Klawf,69,256,214,102,50.7,lugia-archeops,Lugia Archeops,13,20.51,overall,2026-05-25T16:43:05.408477+00:00
BRS-SSP,"10,11,12,13,14,15,16,17",8,klawf-par,Klawf,69,256,214,102,50.7,archaludon-ex,Archaludon,12,13.89,overall,2026-05-25T16:43:05.408477+00:00
BRS-SSP,"10,11,12,13,14,15,16,17",8,klawf-par,Klawf,69,256,214,102,50.7,dragapult-iron-thorns,Dragapult Iron Thorns,11,45.45,overall,2026-05-25T16:43:05.408477+00:00
BRS-SSP,"10,11,12,13,14,15,16,17",8,klawf-par,Klawf,69,256,214,102,50.7,terapagos-noctowl,Terapagos Noctowl,10,43.33,overall,2026-05-25T16:43:05.408477+00:00
BRS-SSP,"10,11,12,13,14,15,16,17",8,klawf-par,Klawf,69,256,214,102,50.7,other,Other,9,66.67,overall,2026-05-25T16:43:05.408477+00:00
BRS-SSP,"10,11,12,13,14,15,16,17",8,klawf-par,Klawf,69,256,214,102,50.7,hydreigon-ex,Hydreigon,9,55.56,overall,2026-05-25T16:43:05.408477+00:00
BRS-SSP,"10,11,12,13,14,15,16,17",8,klawf-par,Klawf,69,256,214,102,50.7,pidgeot-control,Pidgeot Control,9,59.26,overall,2026-05-25T16:43:05.408477+00:00
BRS-SSP,"10,11,12,13,14,15,16,17",8,klawf-par,Klawf,69,256,214,102,50.7,palkia-dusknoir,Palkia Dusknoir,8,33.33,overall,2026-05-25T16:43:05.408477+00:00
BRS-SSP,"10,11,12,13,14,15,16,17",8,klawf-par,Klawf,69,256,214,102,50.7,iron-thorns-ex,Iron Thorns,8,75.0,overall,2026-05-25T16:43:05.408477+00:00
BRS-SSP,"10,11,12,13,14,15,16,17",8,klawf-par,Klawf,69,256,214,102,50.7,mimikyu-ogerpon,Mimikyu Ogerpon,8,83.33,overall,2026-05-25T16:43:05.408477+00:00
BRS-SSP,"10,11,12,13,14,15,16,17",8,klawf-par,Klawf,69,256,214,102,50.7,palkia-noctowl,Palkia Noctowl,7,76.19,overall,2026-05-25T16:43:05.408477+00:00
BRS-SSP,"10,11,12,13,14,15,16,17",8,klawf-par,Klawf,69,256,214,102,50.7,dragapult-pidgeot,Dragapult Pidgeot,7,52.38,overall,2026-05-25T16:43:05.408477+00:00
BRS-SSP,"10,11,12,13,14,15,16,17",8,klawf-par,Klawf,69,256,214,102,50.7,gouging-fire-ex,Gouging Fire,6,5.56,overall,2026-05-25T16:43:05.408477+00:00
BRS-SSP,"10,11,12,13,14,15,16,17",8,klawf-par,Klawf,69,256,214,102,50.7,klawf-par,Klawf,5,43.33,overall,2026-05-25T16:43:05.408477+00:00
BRS-SSP,"10,11,12,13,14,15,16,17",8,klawf-par,Klawf,69,256,214,102,50.7,chien-pao-baxcalibur,Chien-Pao Baxcalibur,4,50.0,overall,2026-05-25T16:43:05.408477+00:00
BRS-SSP,"10,11,12,13,14,15,16,17",8,klawf-par,Klawf,69,256,214,102,50.7,pikachu-regigigas,Pikachu Regis,4,100.0,overall,2026-05-25T16:43:05.408477+00:00
BRS-SSP,"10,11,12,13,14,15,16,17",8,klawf-par,Klawf,69,256,214,102,50.7,greninja-ex,Greninja,3,33.33,overall,2026-05-25T16:43:05.408477+00:00
BRS-SSP,"10,11,12,13,14,15,16,17",8,klawf-par,Klawf,69,256,214,102,50.7,toedscruel-ex,Toedscruel,3,55.56,overall,2026-05-25T16:43:05.408477+00:00
BRS-SSP,"10,11,12,13,14,15,16,17",8,klawf-par,Klawf,69,256,214,102,50.7,ogerpon-noivern,Ogerpon Noivern,3,100.0,overall,2026-05-25T16:43:05.408477+00:00
BRS-SSP,"10,11,12,13,14,15,16,17",8,klawf-par,Klawf,69,256,214,102,50.7,conkeldurr-twm,Conkeldurr,3,66.67,overall,2026-05-25T16:43:05.408477+00:00
BRS-SSP,"10,11,12,13,14,15,16,17",8,klawf-par,Klawf,69,256,214,102,50.7,archaludon-dialga,Archaludon Dialga,3,0.0,overall,2026-05-25T16:43:05.408477+00:00
BRS-SSP,"10,11,12,13,14,15,16,17",8,klawf-par,Klawf,69,256,214,102,50.7,dragapult-ex,Dragapult,2,50.0,overall,2026-05-25T16:43:05.408477+00:00
BRS-SSP,"10,11,12,13,14,15,16,17",8,klawf-par,Klawf,69,256,214,102,50.7,united-wings,United Wings,2,50.0,overall,2026-05-25T16:43:05.408477+00:00
BRS-SSP,"10,11,12,13,14,15,16,17",8,klawf-par,Klawf,69,256,214,102,50.7,flygon-ex-ssp,Flygon,2,66.67,overall,2026-05-25T16:43:05.408477+00:00
BRS-SSP,"10,11,12,13,14,15,16,17",8,klawf-par,Klawf,69,256,214,102,50.7,alakazam-ex,Alakazam,1,100.0,overall,2026-05-25T16:43:05.408477+00:00
BRS-SSP,"10,11,12,13,14,15,16,17",8,klawf-par,Klawf,69,256,214,102,50.7,okidogi-twm,Okidogi,1,100.0,overall,2026-05-25T16:43:05.408477+00:00
BRS-SSP,"10,11,12,13,14,15,16,17",8,klawf-par,Klawf,69,256,214,102,50.7,charizard-ex,Charizard,1,100.0,overall,2026-05-25T16:43:05.408477+00:00
BRS-SSP,"10,11,12,13,14,15,16,17",8,klawf-par,Klawf,69,256,214,102,50.7,giratina-lz-box,Giratina LZ Box,1,100.0,overall,2026-05-25T16:43:05.408477+00:00
BRS-SSP,"10,11,12,13,14,15,16,17",8,klawf-par,Klawf,69,256,214,102,50.7,walking-wake-ex,Walking Wake,1,0.0,overall,2026-05-25T16:43:05.408477+00:00
BRS-SSP,"10,11,12,13,14,15,16,17",8,klawf-par,Klawf,69,256,214,102,50.7,banette-gardevoir,Banette Gardevoir,1,33.33,overall,2026-05-25T16:43:05.408477+00:00
BRS-SSP,"10,11,12,13,14,15,16,17",8,klawf-par,Klawf,69,256,214,102,50.7,lzb-charizard,Lost Box Charizard,1,100.0,overall,2026-05-25T16:43:05.408477+00:00
BRS-SSP,"10,11,12,13,14,15,16,17",8,klawf-par,Klawf,69,256,214,102,50.7,hydrapple-ogerpon,Hydrapple Ogerpon,1,100.0,overall,2026-05-25T16:43:05.408477+00:00
BRS-SSP,"10,11,12,13,14,15,16,17",8,klawf-par,Klawf,69,256,214,102,50.7,great-tusk-tef,Great Tusk Mill,1,0.0,overall,2026-05-25T16:43:05.408477+00:00
BRS-SSP,"10,11,12,13,14,15,16,17",8,koraidon-ex,Koraidon,2,2,8,1,21.21,gardevoir-ex-sv,Gardevoir,2,0.0,overall,2026-05-25T16:43:07.848586+00:00
BRS-SSP,"10,11,12,13,14,15,16,17",8,koraidon-ex,Koraidon,2,2,8,1,21.21,miraidon-ex,Miraidon,2,50.0,overall,2026-05-25T16:43:07.848586+00:00
BRS-SSP,"10,11,12,13,14,15,16,17",8,koraidon-ex,Koraidon,2,2,8,1,21.21,torterra-ex,Torterra,1,0.0,overall,2026-05-25T16:43:07.848586+00:00
BRS-SSP,"10,11,12,13,14,15,16,17",8,koraidon-ex,Koraidon,2,2,8,1,21.21,raging-bolt-ogerpon,Raging Bolt Ogerpon,1,100.0,overall,2026-05-25T16:43:07.848586+00:00
BRS-SSP,"10,11,12,13,14,15,16,17",8,koraidon-ex,Koraidon,2,2,8,1,21.21,pikachu-regigigas,Pikachu Regis,1,0.0,overall,2026-05-25T16:43:07.848586+00:00
BRS-SSP,"10,11,12,13,14,15,16,17",8,koraidon-ex,Koraidon,2,2,8,1,21.21,regidrago-vstar,Regidrago,1,0.0,overall,2026-05-25T16:43:07.848586+00:00
BRS-SSP,"10,11,12,13,14,15,16,17",8,koraidon-ex,Koraidon,2,2,8,1,21.21,lugia-archeops,Lugia Archeops,1,0.0,overall,2026-05-25T16:43:07.848586+00:00
BRS-SSP,"10,11,12,13,14,15,16,17",8,koraidon-ex,Koraidon,2,2,8,1,21.21,gholdengo-ex,Gholdengo,1,0.0,overall,2026-05-25T16:43:07.848586+00:00
BRS-SSP,"10,11,12,13,14,15,16,17",8,koraidon-ex,Koraidon,2,2,8,1,21.21,charizard-pidgeot,Charizard Pidgeot,1,33.33,overall,2026-05-25T16:43:07.848586+00:00
BRS-SSP,"10,11,12,13,14,15,16,17",8,kyurem-vmax,Kyurem,1,0,4,1,6.67,charizard-pidgeot,Charizard Pidgeot,2,0.0,overall,2026-05-25T16:43:10.294497+00:00
BRS-SSP,"10,11,12,13,14,15,16,17",8,kyurem-vmax,Kyurem,1,0,4,1,6.67,gardevoir-ex-sv,Gardevoir,1,0.0,overall,2026-05-25T16:43:10.294497+00:00
BRS-SSP,"10,11,12,13,14,15,16,17",8,kyurem-vmax,Kyurem,1,0,4,1,6.67,gholdengo-ex,Gholdengo,1,33.33,overall,2026-05-25T16:43:10.294497+00:00
BRS-SSP,"10,11,12,13,14,15,16,17",8,kyurem-vmax,Kyurem,1,0,4,1,6.67,regidrago-vstar,Regidrago,1,0.0,overall,2026-05-25T16:43:10.294497+00:00
BRS-SSP,"10,11,12,13,14,15,16,17",8,lost-zone-box,Lost Zone Box,429,1478,1390,593,48.42,regidrago-vstar,Regidrago,461,32.9,overall,2026-05-25T16:43:12.787234+00:00
BRS-SSP,"10,11,12,13,14,15,16,17",8,lost-zone-box,Lost Zone Box,429,1478,1390,593,48.42,charizard-pidgeot,Charizard Pidgeot,334,49.2,overall,2026-05-25T16:43:12.787234+00:00
BRS-SSP,"10,11,12,13,14,15,16,17",8,lost-zone-box,Lost Zone Box,429,1478,1390,593,48.42,raging-bolt-ogerpon,Raging Bolt Ogerpon,303,62.49,overall,2026-05-25T16:43:12.787234+00:00
BRS-SSP,"10,11,12,13,14,15,16,17",8,lost-zone-box,Lost Zone Box,429,1478,1390,593,48.42,gholdengo-ex,Gholdengo,204,65.69,overall,2026-05-25T16:43:12.787234+00:00
BRS-SSP,"10,11,12,13,14,15,16,17",8,lost-zone-box,Lost Zone Box,429,1478,1390,593,48.42,gardevoir-ex-sv,Gardevoir,189,47.27,overall,2026-05-25T16:43:12.787234+00:00
BRS-SSP,"10,11,12,13,14,15,16,17",8,lost-zone-box,Lost Zone Box,429,1478,1390,593,48.42,miraidon-ex,Miraidon,167,58.08,overall,2026-05-25T16:43:12.787234+00:00
BRS-SSP,"10,11,12,13,14,15,16,17",8,lost-zone-box,Lost Zone Box,429,1478,1390,593,48.42,lugia-archeops,Lugia Archeops,146,37.44,overall,2026-05-25T16:43:12.787234+00:00
BRS-SSP,"10,11,12,13,14,15,16,17",8,lost-zone-box,Lost Zone Box,429,1478,1390,593,48.42,roaring-moon-ex,Roaring Moon,126,47.09,overall,2026-05-25T16:43:12.787234+00:00
BRS-SSP,"10,11,12,13,14,15,16,17",8,lost-zone-box,Lost Zone Box,429,1478,1390,593,48.42,dragapult-iron-thorns,Dragapult Iron Thorns,120,58.89,overall,2026-05-25T16:43:12.787234+00:00
BRS-SSP,"10,11,12,13,14,15,16,17",8,lost-zone-box,Lost Zone Box,429,1478,1390,593,48.42,snorlax-stall,Snorlax Stall,115,22.9,overall,2026-05-25T16:43:12.787234+00:00
BRS-SSP,"10,11,12,13,14,15,16,17",8,lost-zone-box,Lost Zone Box,429,1478,1390,593,48.42,terapagos-noctowl,Terapagos Noctowl,106,48.74,overall,2026-05-25T16:43:12.787234+00:00
BRS-SSP,"10,11,12,13,14,15,16,17",8,lost-zone-box,Lost Zone Box,429,1478,1390,593,48.42,poison-terapagos,Poison Terapagos,104,43.27,overall,2026-05-25T16:43:12.787234+00:00
BRS-SSP,"10,11,12,13,14,15,16,17",8,lost-zone-box,Lost Zone Box,429,1478,1390,593,48.42,ceruledge-ex,Ceruledge,89,69.66,overall,2026-05-25T16:43:12.787234+00:00
BRS-SSP,"10,11,12,13,14,15,16,17",8,lost-zone-box,Lost Zone Box,429,1478,1390,593,48.42,ancient-box,Ancient Box,88,31.44,overall,2026-05-25T16:43:12.787234+00:00
BRS-SSP,"10,11,12,13,14,15,16,17",8,lost-zone-box,Lost Zone Box,429,1478,1390,593,48.42,lost-zone-box,Lost Zone Box,80,47.5,overall,2026-05-25T16:43:12.787234+00:00
BRS-SSP,"10,11,12,13,14,15,16,17",8,lost-zone-box,Lost Zone Box,429,1478,1390,593,48.42,dragapult-dusknoir,Dragapult Dusknoir,56,45.24,overall,2026-05-25T16:43:12.787234+00:00
BRS-SSP,"10,11,12,13,14,15,16,17",8,lost-zone-box,Lost Zone Box,429,1478,1390,593,48.42,archaludon-ex,Archaludon,54,57.41,overall,2026-05-25T16:43:12.787234+00:00
BRS-SSP,"10,11,12,13,14,15,16,17",8,lost-zone-box,Lost Zone Box,429,1478,1390,593,48.42,iron-thorns-ex,Iron Thorns,53,71.07,overall,2026-05-25T16:43:12.787234+00:00
BRS-SSP,"10,11,12,13,14,15,16,17",8,lost-zone-box,Lost Zone Box,429,1478,1390,593,48.42,archaludon-dialga,Archaludon Dialga,48,50.69,overall,2026-05-25T16:43:12.787234+00:00
BRS-SSP,"10,11,12,13,14,15,16,17",8,lost-zone-box,Lost Zone Box,429,1478,1390,593,48.42,palkia-dusknoir,Palkia Dusknoir,42,46.83,overall,2026-05-25T16:43:12.787234+00:00
BRS-SSP,"10,11,12,13,14,15,16,17",8,lost-zone-box,Lost Zone Box,429,1478,1390,593,48.42,pidgeot-control,Pidgeot Control,42,23.02,overall,2026-05-25T16:43:12.787234+00:00
BRS-SSP,"10,11,12,13,14,15,16,17",8,lost-zone-box,Lost Zone Box,429,1478,1390,593,48.42,palkia-noctowl,Palkia Noctowl,40,50.0,overall,2026-05-25T16:43:12.787234+00:00
BRS-SSP,"10,11,12,13,14,15,16,17",8,lost-zone-box,Lost Zone Box,429,1478,1390,593,48.42,klawf-par,Klawf,39,51.28,overall,2026-05-25T16:43:12.787234+00:00
BRS-SSP,"10,11,12,13,14,15,16,17",8,lost-zone-box,Lost Zone Box,429,1478,1390,593,48.42,hydreigon-ex,Hydreigon,38,36.84,overall,2026-05-25T16:43:12.787234+00:00
BRS-SSP,"10,11,12,13,14,15,16,17",8,lost-zone-box,Lost Zone Box,429,1478,1390,593,48.42,other,Other,34,50.98,overall,2026-05-25T16:43:12.787234+00:00
BRS-SSP,"10,11,12,13,14,15,16,17",8,lost-zone-box,Lost Zone Box,429,1478,1390,593,48.42,chien-pao-baxcalibur,Chien-Pao Baxcalibur,29,72.41,overall,2026-05-25T16:43:12.787234+00:00
BRS-SSP,"10,11,12,13,14,15,16,17",8,lost-zone-box,Lost Zone Box,429,1478,1390,593,48.42,charizard-noctowl,Charizard Noctowl,25,60.0,overall,2026-05-25T16:43:12.787234+00:00
BRS-SSP,"10,11,12,13,14,15,16,17",8,lost-zone-box,Lost Zone Box,429,1478,1390,593,48.42,mimikyu-ogerpon,Mimikyu Ogerpon,22,27.27,overall,2026-05-25T16:43:12.787234+00:00
BRS-SSP,"10,11,12,13,14,15,16,17",8,lost-zone-box,Lost Zone Box,429,1478,1390,593,48.42,dragapult-pidgeot,Dragapult Pidgeot,20,33.33,overall,2026-05-25T16:43:12.787234+00:00
BRS-SSP,"10,11,12,13,14,15,16,17",8,lost-zone-box,Lost Zone Box,429,1478,1390,593,48.42,pikachu-regigigas,Pikachu Regis,18,31.48,overall,2026-05-25T16:43:12.787234+00:00
BRS-SSP,"10,11,12,13,14,15,16,17",8,lost-zone-box,Lost Zone Box,429,1478,1390,593,48.42,gouging-fire-ex,Gouging Fire,15,46.67,overall,2026-05-25T16:43:12.787234+00:00
BRS-SSP,"10,11,12,13,14,15,16,17",8,lost-zone-box,Lost Zone Box,429,1478,1390,593,48.42,dragapult-ex,Dragapult,14,38.1,overall,2026-05-25T16:43:12.787234+00:00
BRS-SSP,"10,11,12,13,14,15,16,17",8,lost-zone-box,Lost Zone Box,429,1478,1390,593,48.42,ogerpon-noivern,Ogerpon Noivern,11,42.42,overall,2026-05-25T16:43:12.787234+00:00
BRS-SSP,"10,11,12,13,14,15,16,17",8,lost-zone-box,Lost Zone Box,429,1478,1390,593,48.42,charizard-ex,Charizard,9,88.89,overall,2026-05-25T16:43:12.787234+00:00
BRS-SSP,"10,11,12,13,14,15,16,17",8,lost-zone-box,Lost Zone Box,429,1478,1390,593,48.42,banette-gardevoir,Banette Gardevoir,9,25.93,overall,2026-05-25T16:43:12.787234+00:00
BRS-SSP,"10,11,12,13,14,15,16,17",8,lost-zone-box,Lost Zone Box,429,1478,1390,593,48.42,greninja-ex,Greninja,9,48.15,overall,2026-05-25T16:43:12.787234+00:00
BRS-SSP,"10,11,12,13,14,15,16,17",8,lost-zone-box,Lost Zone Box,429,1478,1390,593,48.42,hydrapple-ogerpon,Hydrapple Ogerpon,8,79.17,overall,2026-05-25T16:43:12.787234+00:00
BRS-SSP,"10,11,12,13,14,15,16,17",8,lost-zone-box,Lost Zone Box,429,1478,1390,593,48.42,arceus-armarouge,Arceus Armarouge,6,33.33,overall,2026-05-25T16:43:12.787234+00:00
BRS-SSP,"10,11,12,13,14,15,16,17",8,lost-zone-box,Lost Zone Box,429,1478,1390,593,48.42,conkeldurr-twm,Conkeldurr,6,88.89,overall,2026-05-25T16:43:12.787234+00:00
BRS-SSP,"10,11,12,13,14,15,16,17",8,lost-zone-box,Lost Zone Box,429,1478,1390,593,48.42,dragapult-charizard,Dragapult Charizard,5,26.67,overall,2026-05-25T16:43:12.787234+00:00
BRS-SSP,"10,11,12,13,14,15,16,17",8,lost-zone-box,Lost Zone Box,429,1478,1390,593,48.42,festival-lead,Dipplin,5,86.67,overall,2026-05-25T16:43:12.787234+00:00
BRS-SSP,"10,11,12,13,14,15,16,17",8,lost-zone-box,Lost Zone Box,429,1478,1390,593,48.42,galvantula-ex,Galvantula,4,75.0,overall,2026-05-25T16:43:12.787234+00:00
BRS-SSP,"10,11,12,13,14,15,16,17",8,lost-zone-box,Lost Zone Box,429,1478,1390,593,48.42,great-tusk-tef,Great Tusk Mill,4,16.67,overall,2026-05-25T16:43:12.787234+00:00
BRS-SSP,"10,11,12,13,14,15,16,17",8,lost-zone-box,Lost Zone Box,429,1478,1390,593,48.42,lzb-charizard,Lost Box Charizard,4,50.0,overall,2026-05-25T16:43:12.787234+00:00
BRS-SSP,"10,11,12,13,14,15,16,17",8,lost-zone-box,Lost Zone Box,429,1478,1390,593,48.42,palafin-ex,Palafin,3,66.67,overall,2026-05-25T16:43:12.787234+00:00
BRS-SSP,"10,11,12,13,14,15,16,17",8,lost-zone-box,Lost Zone Box,429,1478,1390,593,48.42,united-wings,United Wings,3,100.0,overall,2026-05-25T16:43:12.787234+00:00
BRS-SSP,"10,11,12,13,14,15,16,17",8,lost-zone-box,Lost Zone Box,429,1478,1390,593,48.42,flygon-ex-ssp,Flygon,3,66.67,overall,2026-05-25T16:43:12.787234+00:00
BRS-SSP,"10,11,12,13,14,15,16,17",8,lost-zone-box,Lost Zone Box,429,1478,1390,593,48.42,blissey-ex,Blissey,3,100.0,overall,2026-05-25T16:43:12.787234+00:00
BRS-SSP,"10,11,12,13,14,15,16,17",8,lost-zone-box,Lost Zone Box,429,1478,1390,593,48.42,torterra-ex,Torterra,3,22.22,overall,2026-05-25T16:43:12.787234+00:00
BRS-SSP,"10,11,12,13,14,15,16,17",8,lost-zone-box,Lost Zone Box,429,1478,1390,593,48.42,hisuian-zoroark-vstar,Hisuian Zoroark,2,100.0,overall,2026-05-25T16:43:12.787234+00:00
BRS-SSP,"10,11,12,13,14,15,16,17",8,lost-zone-box,Lost Zone Box,429,1478,1390,593,48.42,dialga-metang,Dialga Metang,2,100.0,overall,2026-05-25T16:43:12.787234+00:00
BRS-SSP,"10,11,12,13,14,15,16,17",8,lost-zone-box,Lost Zone Box,429,1478,1390,593,48.42,slaking-ex,Slaking,2,100.0,overall,2026-05-25T16:43:12.787234+00:00
BRS-SSP,"10,11,12,13,14,15,16,17",8,lost-zone-box,Lost Zone Box,429,1478,1390,593,48.42,iron-hands-ex,Future Hands,2,50.0,overall,2026-05-25T16:43:12.787234+00:00
BRS-SSP,"10,11,12,13,14,15,16,17",8,lost-zone-box,Lost Zone Box,429,1478,1390,593,48.42,palkia-vstar,Palkia,2,16.67,overall,2026-05-25T16:43:12.787234+00:00
BRS-SSP,"10,11,12,13,14,15,16,17",8,lost-zone-box,Lost Zone Box,429,1478,1390,593,48.42,future-box,Future Box,2,66.67,overall,2026-05-25T16:43:12.787234+00:00
BRS-SSP,"10,11,12,13,14,15,16,17",8,lost-zone-box,Lost Zone Box,429,1478,1390,593,48.42,meowscarada-ex,Meowscarada,2,16.67,overall,2026-05-25T16:43:12.787234+00:00
BRS-SSP,"10,11,12,13,14,15,16,17",8,lost-zone-box,Lost Zone Box,429,1478,1390,593,48.42,okidogi-ex,Okidogi,2,100.0,overall,2026-05-25T16:43:12.787234+00:00
BRS-SSP,"10,11,12,13,14,15,16,17",8,lost-zone-box,Lost Zone Box,429,1478,1390,593,48.42,froslass-munkidori,Froslass Munkidori,2,50.0,overall,2026-05-25T16:43:12.787234+00:00
BRS-SSP,"10,11,12,13,14,15,16,17",8,lost-zone-box,Lost Zone Box,429,1478,1390,593,48.42,giratina-lz-box,Giratina LZ Box,2,50.0,overall,2026-05-25T16:43:12.787234+00:00
BRS-SSP,"10,11,12,13,14,15,16,17",8,lost-zone-box,Lost Zone Box,429,1478,1390,593,48.42,banette-ex-sv,Banette,2,0.0,overall,2026-05-25T16:43:12.787234+00:00
BRS-SSP,"10,11,12,13,14,15,16,17",8,lost-zone-box,Lost Zone Box,429,1478,1390,593,48.42,dragapult-lz-box,Dragapult LZ Box,2,100.0,overall,2026-05-25T16:43:12.787234+00:00
BRS-SSP,"10,11,12,13,14,15,16,17",8,lost-zone-box,Lost Zone Box,429,1478,1390,593,48.42,hisuian-samurott-vstar,Hisuian Samurott,1,100.0,overall,2026-05-25T16:43:12.787234+00:00
BRS-SSP,"10,11,12,13,14,15,16,17",8,lost-zone-box,Lost Zone Box,429,1478,1390,593,48.42,lucario-brs,Lucario,1,100.0,overall,2026-05-25T16:43:12.787234+00:00
BRS-SSP,"10,11,12,13,14,15,16,17",8,lost-zone-box,Lost Zone Box,429,1478,1390,593,48.42,tsareena-ex,Tsareena,1,100.0,overall,2026-05-25T16:43:12.787234+00:00
BRS-SSP,"10,11,12,13,14,15,16,17",8,lost-zone-box,Lost Zone Box,429,1478,1390,593,48.42,iron-thorns-crown,Future Thorns,1,33.33,overall,2026-05-25T16:43:12.787234+00:00
BRS-SSP,"10,11,12,13,14,15,16,17",8,lost-zone-box,Lost Zone Box,429,1478,1390,593,48.42,raging-bolt-palkia,Raging Bolt Palkia,1,33.33,overall,2026-05-25T16:43:12.787234+00:00
BRS-SSP,"10,11,12,13,14,15,16,17",8,lost-zone-box,Lost Zone Box,429,1478,1390,593,48.42,scovillain-ex,Scovillain,1,33.33,overall,2026-05-25T16:43:12.787234+00:00
BRS-SSP,"10,11,12,13,14,15,16,17",8,lost-zone-box,Lost Zone Box,429,1478,1390,593,48.42,glimmora-ex,Glimmora,1,100.0,overall,2026-05-25T16:43:12.787234+00:00
BRS-SSP,"10,11,12,13,14,15,16,17",8,lost-zone-box,Lost Zone Box,429,1478,1390,593,48.42,cornerstone-mask-ogerpon-ex,Cornerstone Mask Ogerpon,1,33.33,overall,2026-05-25T16:43:12.787234+00:00
BRS-SSP,"10,11,12,13,14,15,16,17",8,lost-zone-box,Lost Zone Box,429,1478,1390,593,48.42,toedscruel-ex,Toedscruel,1,100.0,overall,2026-05-25T16:43:12.787234+00:00
BRS-SSP,"10,11,12,13,14,15,16,17",8,lost-zone-box,Lost Zone Box,429,1478,1390,593,48.42,dialga-vstar,Dialga,1,100.0,overall,2026-05-25T16:43:12.787234+00:00
BRS-SSP,"10,11,12,13,14,15,16,17",8,lost-zone-box,Lost Zone Box,429,1478,1390,593,48.42,greninja-froslass,Greninja Froslass,1,100.0,overall,2026-05-25T16:43:12.787234+00:00
BRS-SSP,"10,11,12,13,14,15,16,17",8,lost-zone-box,Lost Zone Box,429,1478,1390,593,48.42,gengar-ex,Gengar,1,33.33,overall,2026-05-25T16:43:12.787234+00:00
BRS-SSP,"10,11,12,13,14,15,16,17",8,lost-zone-box,Lost Zone Box,429,1478,1390,593,48.42,luxray-ex,Luxray,1,100.0,overall,2026-05-25T16:43:12.787234+00:00
BRS-SSP,"10,11,12,13,14,15,16,17",8,lost-zone-box,Lost Zone Box,429,1478,1390,593,48.42,banette-dusknoir,Banette Dusknoir,1,100.0,overall,2026-05-25T16:43:12.787234+00:00
BRS-SSP,"10,11,12,13,14,15,16,17",8,lost-zone-box,Lost Zone Box,429,1478,1390,593,48.42,darkrai-dusknoir,Darkrai Dusknoir,1,100.0,overall,2026-05-25T16:43:12.787234+00:00
BRS-SSP,"10,11,12,13,14,15,16,17",8,lost-zone-box,Lost Zone Box,429,1478,1390,593,48.42,miraidon-regieleki,Miraidon Regieleki,1,100.0,overall,2026-05-25T16:43:12.787234+00:00
BRS-SSP,"10,11,12,13,14,15,16,17",8,lost-zone-box,Lost Zone Box,429,1478,1390,593,48.42,slowking-scr,Slowking,1,100.0,overall,2026-05-25T16:43:12.787234+00:00
BRS-SSP,"10,11,12,13,14,15,16,17",8,lost-zone-box,Lost Zone Box,429,1478,1390,593,48.42,cinderace-ex,Cinderace,1,100.0,overall,2026-05-25T16:43:12.787234+00:00
BRS-SSP,"10,11,12,13,14,15,16,17",8,lost-zone-box,Lost Zone Box,429,1478,1390,593,48.42,regigigas-asr,Regis,1,0.0,overall,2026-05-25T16:43:12.787234+00:00
BRS-SSP,"10,11,12,13,14,15,16,17",8,lost-zone-box,Lost Zone Box,429,1478,1390,593,48.42,garchomp-ex,Garchomp,1,100.0,overall,2026-05-25T16:43:12.787234+00:00
BRS-SSP,"10,11,12,13,14,15,16,17",8,lost-zone-box,Lost Zone Box,429,1478,1390,593,48.42,azumarill-ssp,Azumarill,1,100.0,overall,2026-05-25T16:43:12.787234+00:00
BRS-SSP,"10,11,12,13,14,15,16,17",8,lost-zone-box,Lost Zone Box,429,1478,1390,593,48.42,raging-bolt-entei,Raging Bolt Entei,1,0.0,overall,2026-05-25T16:43:12.787234+00:00
BRS-SSP,"10,11,12,13,14,15,16,17",8,lost-zone-box,Lost Zone Box,429,1478,1390,593,48.42,alakazam-ex,Alakazam,1,100.0,overall,2026-05-25T16:43:12.787234+00:00
BRS-SSP,"10,11,12,13,14,15,16,17",8,lost-zone-box,Lost Zone Box,429,1478,1390,593,48.42,tinkaton-ex,Tinkaton,1,100.0,overall,2026-05-25T16:43:12.787234+00:00
BRS-SSP,"10,11,12,13,14,15,16,17",8,lost-zone-box,Lost Zone Box,429,1478,1390,593,48.42,espathra-xatu,Espathra Xatu,1,33.33,overall,2026-05-25T16:43:12.787234+00:00
BRS-SSP,"10,11,12,13,14,15,16,17",8,lost-zone-box,Lost Zone Box,429,1478,1390,593,48.42,arceus-giratina,Arceus Giratina,1,100.0,overall,2026-05-25T16:43:12.787234+00:00
BRS-SSP,"10,11,12,13,14,15,16,17",8,lucario-brs,Lucario,2,5,9,1,35.56,raging-bolt-ogerpon,Raging Bolt Ogerpon,4,25.0,overall,2026-05-25T16:43:15.243111+00:00
BRS-SSP,"10,11,12,13,14,15,16,17",8,lucario-brs,Lucario,2,5,9,1,35.56,palkia-dusknoir,Palkia Dusknoir,1,0.0,overall,2026-05-25T16:43:15.243111+00:00
BRS-SSP,"10,11,12,13,14,15,16,17",8,lucario-brs,Lucario,2,5,9,1,35.56,lost-zone-box,Lost Zone Box,1,0.0,overall,2026-05-25T16:43:15.243111+00:00
BRS-SSP,"10,11,12,13,14,15,16,17",8,lucario-brs,Lucario,2,5,9,1,35.56,cornerstone-mask-ogerpon-ex,Cornerstone Mask Ogerpon,1,100.0,overall,2026-05-25T16:43:15.243111+00:00
BRS-SSP,"10,11,12,13,14,15,16,17",8,lucario-brs,Lucario,2,5,9,1,35.56,iron-thorns-ex,Iron Thorns,1,100.0,overall,2026-05-25T16:43:15.243111+00:00
BRS-SSP,"10,11,12,13,14,15,16,17",8,lucario-brs,Lucario,2,5,9,1,35.56,charizard-pidgeot,Charizard Pidgeot,1,100.0,overall,2026-05-25T16:43:15.243111+00:00
BRS-SSP,"10,11,12,13,14,15,16,17",8,lucario-brs,Lucario,2,5,9,1,35.56,dragapult-iron-thorns,Dragapult Iron Thorns,1,0.0,overall,2026-05-25T16:43:15.243111+00:00
BRS-SSP,"10,11,12,13,14,15,16,17",8,lucario-brs,Lucario,2,5,9,1,35.56,chien-pao-baxcalibur,Chien-Pao Baxcalibur,1,0.0,overall,2026-05-25T16:43:15.243111+00:00
BRS-SSP,"10,11,12,13,14,15,16,17",8,lucario-brs,Lucario,2,5,9,1,35.56,regidrago-vstar,Regidrago,1,0.0,overall,2026-05-25T16:43:15.243111+00:00
BRS-SSP,"10,11,12,13,14,15,16,17",8,lucario-brs,Lucario,2,5,9,1,35.56,gardevoir-ex-sv,Gardevoir,1,0.0,overall,2026-05-25T16:43:15.243111+00:00
BRS-SSP,"10,11,12,13,14,15,16,17",8,lucario-brs,Lucario,2,5,9,1,35.56,terapagos-noctowl,Terapagos Noctowl,1,33.33,overall,2026-05-25T16:43:15.243111+00:00
BRS-SSP,"10,11,12,13,14,15,16,17",8,lugia-archeops,Lugia Archeops,512,1951,1731,554,50.42,regidrago-vstar,Regidrago,619,51.8,overall,2026-05-25T16:43:17.756364+00:00
BRS-SSP,"10,11,12,13,14,15,16,17",8,lugia-archeops,Lugia Archeops,512,1951,1731,554,50.42,charizard-pidgeot,Charizard Pidgeot,448,50.15,overall,2026-05-25T16:43:17.756364+00:00
BRS-SSP,"10,11,12,13,14,15,16,17",8,lugia-archeops,Lugia Archeops,512,1951,1731,554,50.42,raging-bolt-ogerpon,Raging Bolt Ogerpon,349,52.24,overall,2026-05-25T16:43:17.756364+00:00
BRS-SSP,"10,11,12,13,14,15,16,17",8,lugia-archeops,Lugia Archeops,512,1951,1731,554,50.42,gardevoir-ex-sv,Gardevoir,240,48.19,overall,2026-05-25T16:43:17.756364+00:00
BRS-SSP,"10,11,12,13,14,15,16,17",8,lugia-archeops,Lugia Archeops,512,1951,1731,554,50.42,gholdengo-ex,Gholdengo,210,43.65,overall,2026-05-25T16:43:17.756364+00:00
BRS-SSP,"10,11,12,13,14,15,16,17",8,lugia-archeops,Lugia Archeops,512,1951,1731,554,50.42,miraidon-ex,Miraidon,174,29.89,overall,2026-05-25T16:43:17.756364+00:00
BRS-SSP,"10,11,12,13,14,15,16,17",8,lugia-archeops,Lugia Archeops,512,1951,1731,554,50.42,roaring-moon-ex,Roaring Moon,147,57.6,overall,2026-05-25T16:43:17.756364+00:00
BRS-SSP,"10,11,12,13,14,15,16,17",8,lugia-archeops,Lugia Archeops,512,1951,1731,554,50.42,lost-zone-box,Lost Zone Box,146,55.94,overall,2026-05-25T16:43:17.756364+00:00
BRS-SSP,"10,11,12,13,14,15,16,17",8,lugia-archeops,Lugia Archeops,512,1951,1731,554,50.42,snorlax-stall,Snorlax Stall,146,70.09,overall,2026-05-25T16:43:17.756364+00:00
BRS-SSP,"10,11,12,13,14,15,16,17",8,lugia-archeops,Lugia Archeops,512,1951,1731,554,50.42,poison-terapagos,Poison Terapagos,141,48.7,overall,2026-05-25T16:43:17.756364+00:00
BRS-SSP,"10,11,12,13,14,15,16,17",8,lugia-archeops,Lugia Archeops,512,1951,1731,554,50.42,dragapult-iron-thorns,Dragapult Iron Thorns,132,34.09,overall,2026-05-25T16:43:17.756364+00:00
BRS-SSP,"10,11,12,13,14,15,16,17",8,lugia-archeops,Lugia Archeops,512,1951,1731,554,50.42,terapagos-noctowl,Terapagos Noctowl,124,39.78,overall,2026-05-25T16:43:17.756364+00:00
BRS-SSP,"10,11,12,13,14,15,16,17",8,lugia-archeops,Lugia Archeops,512,1951,1731,554,50.42,lugia-archeops,Lugia Archeops,114,48.54,overall,2026-05-25T16:43:17.756364+00:00
BRS-SSP,"10,11,12,13,14,15,16,17",8,lugia-archeops,Lugia Archeops,512,1951,1731,554,50.42,ancient-box,Ancient Box,104,61.22,overall,2026-05-25T16:43:17.756364+00:00
BRS-SSP,"10,11,12,13,14,15,16,17",8,lugia-archeops,Lugia Archeops,512,1951,1731,554,50.42,archaludon-dialga,Archaludon Dialga,95,42.46,overall,2026-05-25T16:43:17.756364+00:00
BRS-SSP,"10,11,12,13,14,15,16,17",8,lugia-archeops,Lugia Archeops,512,1951,1731,554,50.42,palkia-noctowl,Palkia Noctowl,82,48.37,overall,2026-05-25T16:43:17.756364+00:00
BRS-SSP,"10,11,12,13,14,15,16,17",8,lugia-archeops,Lugia Archeops,512,1951,1731,554,50.42,dragapult-dusknoir,Dragapult Dusknoir,81,61.32,overall,2026-05-25T16:43:17.756364+00:00
BRS-SSP,"10,11,12,13,14,15,16,17",8,lugia-archeops,Lugia Archeops,512,1951,1731,554,50.42,archaludon-ex,Archaludon,75,50.67,overall,2026-05-25T16:43:17.756364+00:00
BRS-SSP,"10,11,12,13,14,15,16,17",8,lugia-archeops,Lugia Archeops,512,1951,1731,554,50.42,iron-thorns-ex,Iron Thorns,73,9.13,overall,2026-05-25T16:43:17.756364+00:00
BRS-SSP,"10,11,12,13,14,15,16,17",8,lugia-archeops,Lugia Archeops,512,1951,1731,554,50.42,ceruledge-ex,Ceruledge,69,56.04,overall,2026-05-25T16:43:17.756364+00:00
BRS-SSP,"10,11,12,13,14,15,16,17",8,lugia-archeops,Lugia Archeops,512,1951,1731,554,50.42,pidgeot-control,Pidgeot Control,43,68.22,overall,2026-05-25T16:43:17.756364+00:00
BRS-SSP,"10,11,12,13,14,15,16,17",8,lugia-archeops,Lugia Archeops,512,1951,1731,554,50.42,palkia-dusknoir,Palkia Dusknoir,40,59.17,overall,2026-05-25T16:43:17.756364+00:00
BRS-SSP,"10,11,12,13,14,15,16,17",8,lugia-archeops,Lugia Archeops,512,1951,1731,554,50.42,hydreigon-ex,Hydreigon,38,56.14,overall,2026-05-25T16:43:17.756364+00:00
BRS-SSP,"10,11,12,13,14,15,16,17",8,lugia-archeops,Lugia Archeops,512,1951,1731,554,50.42,other,Other,33,63.64,overall,2026-05-25T16:43:17.756364+00:00
BRS-SSP,"10,11,12,13,14,15,16,17",8,lugia-archeops,Lugia Archeops,512,1951,1731,554,50.42,gouging-fire-ex,Gouging Fire,32,51.04,overall,2026-05-25T16:43:17.756364+00:00
BRS-SSP,"10,11,12,13,14,15,16,17",8,lugia-archeops,Lugia Archeops,512,1951,1731,554,50.42,dragapult-pidgeot,Dragapult Pidgeot,25,88.0,overall,2026-05-25T16:43:17.756364+00:00
BRS-SSP,"10,11,12,13,14,15,16,17",8,lugia-archeops,Lugia Archeops,512,1951,1731,554,50.42,charizard-noctowl,Charizard Noctowl,23,49.28,overall,2026-05-25T16:43:17.756364+00:00
BRS-SSP,"10,11,12,13,14,15,16,17",8,lugia-archeops,Lugia Archeops,512,1951,1731,554,50.42,pikachu-regigigas,Pikachu Regis,22,37.88,overall,2026-05-25T16:43:17.756364+00:00
BRS-SSP,"10,11,12,13,14,15,16,17",8,lugia-archeops,Lugia Archeops,512,1951,1731,554,50.42,chien-pao-baxcalibur,Chien-Pao Baxcalibur,20,70.0,overall,2026-05-25T16:43:17.756364+00:00
BRS-SSP,"10,11,12,13,14,15,16,17",8,lugia-archeops,Lugia Archeops,512,1951,1731,554,50.42,charizard-ex,Charizard,17,84.31,overall,2026-05-25T16:43:17.756364+00:00
BRS-SSP,"10,11,12,13,14,15,16,17",8,lugia-archeops,Lugia Archeops,512,1951,1731,554,50.42,banette-gardevoir,Banette Gardevoir,14,80.95,overall,2026-05-25T16:43:17.756364+00:00
BRS-SSP,"10,11,12,13,14,15,16,17",8,lugia-archeops,Lugia Archeops,512,1951,1731,554,50.42,dragapult-charizard,Dragapult Charizard,14,45.24,overall,2026-05-25T16:43:17.756364+00:00
BRS-SSP,"10,11,12,13,14,15,16,17",8,lugia-archeops,Lugia Archeops,512,1951,1731,554,50.42,klawf-par,Klawf,13,74.36,overall,2026-05-25T16:43:17.756364+00:00
BRS-SSP,"10,11,12,13,14,15,16,17",8,lugia-archeops,Lugia Archeops,512,1951,1731,554,50.42,united-wings,United Wings,13,41.03,overall,2026-05-25T16:43:17.756364+00:00
BRS-SSP,"10,11,12,13,14,15,16,17",8,lugia-archeops,Lugia Archeops,512,1951,1731,554,50.42,mimikyu-ogerpon,Mimikyu Ogerpon,12,63.89,overall,2026-05-25T16:43:17.756364+00:00
BRS-SSP,"10,11,12,13,14,15,16,17",8,lugia-archeops,Lugia Archeops,512,1951,1731,554,50.42,greninja-ex,Greninja,10,43.33,overall,2026-05-25T16:43:17.756364+00:00
BRS-SSP,"10,11,12,13,14,15,16,17",8,lugia-archeops,Lugia Archeops,512,1951,1731,554,50.42,conkeldurr-twm,Conkeldurr,9,44.44,overall,2026-05-25T16:43:17.756364+00:00
BRS-SSP,"10,11,12,13,14,15,16,17",8,lugia-archeops,Lugia Archeops,512,1951,1731,554,50.42,giratina-lz-box,Giratina LZ Box,8,62.5,overall,2026-05-25T16:43:17.756364+00:00
BRS-SSP,"10,11,12,13,14,15,16,17",8,lugia-archeops,Lugia Archeops,512,1951,1731,554,50.42,flygon-ex-ssp,Flygon,8,91.67,overall,2026-05-25T16:43:17.756364+00:00
BRS-SSP,"10,11,12,13,14,15,16,17",8,lugia-archeops,Lugia Archeops,512,1951,1731,554,50.42,lzb-charizard,Lost Box Charizard,7,61.9,overall,2026-05-25T16:43:17.756364+00:00
BRS-SSP,"10,11,12,13,14,15,16,17",8,lugia-archeops,Lugia Archeops,512,1951,1731,554,50.42,dialga-metang,Dialga Metang,7,33.33,overall,2026-05-25T16:43:17.756364+00:00
BRS-SSP,"10,11,12,13,14,15,16,17",8,lugia-archeops,Lugia Archeops,512,1951,1731,554,50.42,dragapult-ex,Dragapult,7,57.14,overall,2026-05-25T16:43:17.756364+00:00
BRS-SSP,"10,11,12,13,14,15,16,17",8,lugia-archeops,Lugia Archeops,512,1951,1731,554,50.42,ogerpon-noivern,Ogerpon Noivern,6,88.89,overall,2026-05-25T16:43:17.756364+00:00
BRS-SSP,"10,11,12,13,14,15,16,17",8,lugia-archeops,Lugia Archeops,512,1951,1731,554,50.42,slaking-ex,Slaking,5,26.67,overall,2026-05-25T16:43:17.756364+00:00
BRS-SSP,"10,11,12,13,14,15,16,17",8,lugia-archeops,Lugia Archeops,512,1951,1731,554,50.42,future-box,Future Box,5,46.67,overall,2026-05-25T16:43:17.756364+00:00
BRS-SSP,"10,11,12,13,14,15,16,17",8,lugia-archeops,Lugia Archeops,512,1951,1731,554,50.42,okidogi-ex,Okidogi,4,100.0,overall,2026-05-25T16:43:17.756364+00:00
BRS-SSP,"10,11,12,13,14,15,16,17",8,lugia-archeops,Lugia Archeops,512,1951,1731,554,50.42,tsareena-ex,Tsareena,4,83.33,overall,2026-05-25T16:43:17.756364+00:00
BRS-SSP,"10,11,12,13,14,15,16,17",8,lugia-archeops,Lugia Archeops,512,1951,1731,554,50.42,great-tusk-tef,Great Tusk Mill,3,33.33,overall,2026-05-25T16:43:17.756364+00:00
BRS-SSP,"10,11,12,13,14,15,16,17",8,lugia-archeops,Lugia Archeops,512,1951,1731,554,50.42,alakazam-ex,Alakazam,3,66.67,overall,2026-05-25T16:43:17.756364+00:00
BRS-SSP,"10,11,12,13,14,15,16,17",8,lugia-archeops,Lugia Archeops,512,1951,1731,554,50.42,palafin-ex,Palafin,3,66.67,overall,2026-05-25T16:43:17.756364+00:00
BRS-SSP,"10,11,12,13,14,15,16,17",8,lugia-archeops,Lugia Archeops,512,1951,1731,554,50.42,hydrapple-ogerpon,Hydrapple Ogerpon,3,77.78,overall,2026-05-25T16:43:17.756364+00:00
BRS-SSP,"10,11,12,13,14,15,16,17",8,lugia-archeops,Lugia Archeops,512,1951,1731,554,50.42,blissey-ex,Blissey,3,66.67,overall,2026-05-25T16:43:17.756364+00:00
BRS-SSP,"10,11,12,13,14,15,16,17",8,lugia-archeops,Lugia Archeops,512,1951,1731,554,50.42,banette-dusknoir,Banette Dusknoir,3,100.0,overall,2026-05-25T16:43:17.756364+00:00
BRS-SSP,"10,11,12,13,14,15,16,17",8,lugia-archeops,Lugia Archeops,512,1951,1731,554,50.42,arceus-armarouge,Arceus Armarouge,3,66.67,overall,2026-05-25T16:43:17.756364+00:00
BRS-SSP,"10,11,12,13,14,15,16,17",8,lugia-archeops,Lugia Archeops,512,1951,1731,554,50.42,froslass-munkidori,Froslass Munkidori,3,44.44,overall,2026-05-25T16:43:17.756364+00:00
BRS-SSP,"10,11,12,13,14,15,16,17",8,lugia-archeops,Lugia Archeops,512,1951,1731,554,50.42,gengar-ex,Gengar,3,44.44,overall,2026-05-25T16:43:17.756364+00:00
BRS-SSP,"10,11,12,13,14,15,16,17",8,lugia-archeops,Lugia Archeops,512,1951,1731,554,50.42,tyranitar-ex,Tyranitar,3,33.33,overall,2026-05-25T16:43:17.756364+00:00
BRS-SSP,"10,11,12,13,14,15,16,17",8,lugia-archeops,Lugia Archeops,512,1951,1731,554,50.42,greninja-froslass,Greninja Froslass,3,77.78,overall,2026-05-25T16:43:17.756364+00:00
BRS-SSP,"10,11,12,13,14,15,16,17",8,lugia-archeops,Lugia Archeops,512,1951,1731,554,50.42,palkia-vstar,Palkia,2,66.67,overall,2026-05-25T16:43:17.756364+00:00
BRS-SSP,"10,11,12,13,14,15,16,17",8,lugia-archeops,Lugia Archeops,512,1951,1731,554,50.42,aegislash-par,Aegislash,2,66.67,overall,2026-05-25T16:43:17.756364+00:00
BRS-SSP,"10,11,12,13,14,15,16,17",8,lugia-archeops,Lugia Archeops,512,1951,1731,554,50.42,iron-valiant-ex,Iron Valiant,2,50.0,overall,2026-05-25T16:43:17.756364+00:00
BRS-SSP,"10,11,12,13,14,15,16,17",8,lugia-archeops,Lugia Archeops,512,1951,1731,554,50.42,cornerstone-mask-ogerpon-ex,Cornerstone Mask Ogerpon,2,100.0,overall,2026-05-25T16:43:17.756364+00:00
BRS-SSP,"10,11,12,13,14,15,16,17",8,lugia-archeops,Lugia Archeops,512,1951,1731,554,50.42,toedscruel-ex,Toedscruel,2,0.0,overall,2026-05-25T16:43:17.756364+00:00
BRS-SSP,"10,11,12,13,14,15,16,17",8,lugia-archeops,Lugia Archeops,512,1951,1731,554,50.42,meowscarada-ex,Meowscarada,2,100.0,overall,2026-05-25T16:43:17.756364+00:00
BRS-SSP,"10,11,12,13,14,15,16,17",8,lugia-archeops,Lugia Archeops,512,1951,1731,554,50.42,goodra-lz-box,Goodra LZ Box,2,50.0,overall,2026-05-25T16:43:17.756364+00:00
BRS-SSP,"10,11,12,13,14,15,16,17",8,lugia-archeops,Lugia Archeops,512,1951,1731,554,50.42,iron-hands-ex,Future Hands,2,50.0,overall,2026-05-25T16:43:17.756364+00:00
BRS-SSP,"10,11,12,13,14,15,16,17",8,lugia-archeops,Lugia Archeops,512,1951,1731,554,50.42,hisuian-zoroark-vstar,Hisuian Zoroark,2,100.0,overall,2026-05-25T16:43:17.756364+00:00
BRS-SSP,"10,11,12,13,14,15,16,17",8,lugia-archeops,Lugia Archeops,512,1951,1731,554,50.42,tinkaton-ex,Tinkaton,2,100.0,overall,2026-05-25T16:43:17.756364+00:00
BRS-SSP,"10,11,12,13,14,15,16,17",8,lugia-archeops,Lugia Archeops,512,1951,1731,554,50.42,arceus-regidrago,Arceus Regidrago,2,66.67,overall,2026-05-25T16:43:17.756364+00:00
BRS-SSP,"10,11,12,13,14,15,16,17",8,lugia-archeops,Lugia Archeops,512,1951,1731,554,50.42,espathra-xatu,Espathra Xatu,2,100.0,overall,2026-05-25T16:43:17.756364+00:00
BRS-SSP,"10,11,12,13,14,15,16,17",8,lugia-archeops,Lugia Archeops,512,1951,1731,554,50.42,milotic-ex,Milotic,2,100.0,overall,2026-05-25T16:43:17.756364+00:00
BRS-SSP,"10,11,12,13,14,15,16,17",8,lugia-archeops,Lugia Archeops,512,1951,1731,554,50.42,festival-lead,Dipplin,2,50.0,overall,2026-05-25T16:43:17.756364+00:00
BRS-SSP,"10,11,12,13,14,15,16,17",8,lugia-archeops,Lugia Archeops,512,1951,1731,554,50.42,entei-v,Entei,2,50.0,overall,2026-05-25T16:43:17.756364+00:00
BRS-SSP,"10,11,12,13,14,15,16,17",8,lugia-archeops,Lugia Archeops,512,1951,1731,554,50.42,galvantula-ex,Galvantula,1,0.0,overall,2026-05-25T16:43:17.756364+00:00
BRS-SSP,"10,11,12,13,14,15,16,17",8,lugia-archeops,Lugia Archeops,512,1951,1731,554,50.42,glimmora-ex,Glimmora,1,33.33,overall,2026-05-25T16:43:17.756364+00:00
BRS-SSP,"10,11,12,13,14,15,16,17",8,lugia-archeops,Lugia Archeops,512,1951,1731,554,50.42,dakrai-vstar,Darkrai,1,100.0,overall,2026-05-25T16:43:17.756364+00:00
BRS-SSP,"10,11,12,13,14,15,16,17",8,lugia-archeops,Lugia Archeops,512,1951,1731,554,50.42,arceus-vstar,Arceus,1,0.0,overall,2026-05-25T16:43:17.756364+00:00
BRS-SSP,"10,11,12,13,14,15,16,17",8,lugia-archeops,Lugia Archeops,512,1951,1731,554,50.42,iron-thorns-crown,Future Thorns,1,0.0,overall,2026-05-25T16:43:17.756364+00:00
BRS-SSP,"10,11,12,13,14,15,16,17",8,lugia-archeops,Lugia Archeops,512,1951,1731,554,50.42,darkrai-dusknoir,Darkrai Dusknoir,1,0.0,overall,2026-05-25T16:43:17.756364+00:00
BRS-SSP,"10,11,12,13,14,15,16,17",8,lugia-archeops,Lugia Archeops,512,1951,1731,554,50.42,charizard-greninja,Charizard Greninja,1,100.0,overall,2026-05-25T16:43:17.756364+00:00
BRS-SSP,"10,11,12,13,14,15,16,17",8,lugia-archeops,Lugia Archeops,512,1951,1731,554,50.42,azumarill-ssp,Azumarill,1,100.0,overall,2026-05-25T16:43:17.756364+00:00
BRS-SSP,"10,11,12,13,14,15,16,17",8,lugia-archeops,Lugia Archeops,512,1951,1731,554,50.42,tera-box,Tera Box,1,100.0,overall,2026-05-25T16:43:17.756364+00:00
BRS-SSP,"10,11,12,13,14,15,16,17",8,lugia-archeops,Lugia Archeops,512,1951,1731,554,50.42,raging-bolt-palkia,Raging Bolt Palkia,1,33.33,overall,2026-05-25T16:43:17.756364+00:00
BRS-SSP,"10,11,12,13,14,15,16,17",8,lugia-archeops,Lugia Archeops,512,1951,1731,554,50.42,luxray-ex,Luxray,1,0.0,overall,2026-05-25T16:43:17.756364+00:00
BRS-SSP,"10,11,12,13,14,15,16,17",8,lugia-archeops,Lugia Archeops,512,1951,1731,554,50.42,miraidon-regieleki,Miraidon Regieleki,1,0.0,overall,2026-05-25T16:43:17.756364+00:00
BRS-SSP,"10,11,12,13,14,15,16,17",8,lugia-archeops,Lugia Archeops,512,1951,1731,554,50.42,banette-ex-sv,Banette,1,0.0,overall,2026-05-25T16:43:17.756364+00:00
BRS-SSP,"10,11,12,13,14,15,16,17",8,lugia-archeops,Lugia Archeops,512,1951,1731,554,50.42,regigigas-asr,Regis,1,0.0,overall,2026-05-25T16:43:17.756364+00:00
BRS-SSP,"10,11,12,13,14,15,16,17",8,lugia-archeops,Lugia Archeops,512,1951,1731,554,50.42,cinderace-ex,Cinderace,1,0.0,overall,2026-05-25T16:43:17.756364+00:00
BRS-SSP,"10,11,12,13,14,15,16,17",8,lugia-archeops,Lugia Archeops,512,1951,1731,554,50.42,venomoth-mew,Venomoth,1,100.0,overall,2026-05-25T16:43:17.756364+00:00
BRS-SSP,"10,11,12,13,14,15,16,17",8,lugia-archeops,Lugia Archeops,512,1951,1731,554,50.42,raging-bolt-entei,Raging Bolt Entei,1,0.0,overall,2026-05-25T16:43:17.756364+00:00
BRS-SSP,"10,11,12,13,14,15,16,17",8,lugia-archeops,Lugia Archeops,512,1951,1731,554,50.42,rotom-v,Rotom,1,0.0,overall,2026-05-25T16:43:17.756364+00:00
BRS-SSP,"10,11,12,13,14,15,16,17",8,lugia-archeops,Lugia Archeops,512,1951,1731,554,50.42,venomoth-froslass,Venomoth Froslass,1,100.0,overall,2026-05-25T16:43:17.756364+00:00
BRS-SSP,"10,11,12,13,14,15,16,17",8,lugia-archeops,Lugia Archeops,512,1951,1731,554,50.42,sinistcha-ogerpon,Sinistcha Ogerpon,1,100.0,overall,2026-05-25T16:43:17.756364+00:00
BRS-SSP,"10,11,12,13,14,15,16,17",8,lugia-archeops,Lugia Archeops,512,1951,1731,554,50.42,dragapult-lz-box,Dragapult LZ Box,1,0.0,overall,2026-05-25T16:43:17.756364+00:00
BRS-SSP,"10,11,12,13,14,15,16,17",8,lugia-archeops,Lugia Archeops,512,1951,1731,554,50.42,koraidon-ex,Koraidon,1,100.0,overall,2026-05-25T16:43:17.756364+00:00
BRS-SSP,"10,11,12,13,14,15,16,17",8,lugia-archeops,Lugia Archeops,512,1951,1731,554,50.42,dialga-vstar,Dialga,1,100.0,overall,2026-05-25T16:43:17.756364+00:00
BRS-SSP,"10,11,12,13,14,15,16,17",8,lugia-archeops,Lugia Archeops,512,1951,1731,554,50.42,arceus-vulpix,Arceus Vulpix,1,100.0,overall,2026-05-25T16:43:17.756364+00:00
BRS-SSP,"10,11,12,13,14,15,16,17",8,lugia-archeops,Lugia Archeops,512,1951,1731,554,50.42,noivern-ex,Noivern,1,100.0,overall,2026-05-25T16:43:17.756364+00:00
BRS-SSP,"10,11,12,13,14,15,16,17",8,luxray-ex,Luxray,3,6,10,7,36.23,gardevoir-ex-sv,Gardevoir,4,33.33,overall,2026-05-25T16:43:20.200841+00:00
BRS-SSP,"10,11,12,13,14,15,16,17",8,luxray-ex,Luxray,3,6,10,7,36.23,raging-bolt-ogerpon,Raging Bolt Ogerpon,3,77.78,overall,2026-05-25T16:43:20.200841+00:00
BRS-SSP,"10,11,12,13,14,15,16,17",8,luxray-ex,Luxray,3,6,10,7,36.23,hydreigon-ex,Hydreigon,3,22.22,overall,2026-05-25T16:43:20.200841+00:00
BRS-SSP,"10,11,12,13,14,15,16,17",8,luxray-ex,Luxray,3,6,10,7,36.23,palkia-noctowl,Palkia Noctowl,2,16.67,overall,2026-05-25T16:43:20.200841+00:00
BRS-SSP,"10,11,12,13,14,15,16,17",8,luxray-ex,Luxray,3,6,10,7,36.23,miraidon-ex,Miraidon,2,0.0,overall,2026-05-25T16:43:20.200841+00:00
BRS-SSP,"10,11,12,13,14,15,16,17",8,luxray-ex,Luxray,3,6,10,7,36.23,charizard-pidgeot,Charizard Pidgeot,2,16.67,overall,2026-05-25T16:43:20.200841+00:00
BRS-SSP,"10,11,12,13,14,15,16,17",8,luxray-ex,Luxray,3,6,10,7,36.23,ancient-box,Ancient Box,1,0.0,overall,2026-05-25T16:43:20.200841+00:00
BRS-SSP,"10,11,12,13,14,15,16,17",8,luxray-ex,Luxray,3,6,10,7,36.23,lost-zone-box,Lost Zone Box,1,0.0,overall,2026-05-25T16:43:20.200841+00:00
BRS-SSP,"10,11,12,13,14,15,16,17",8,luxray-ex,Luxray,3,6,10,7,36.23,dragapult-dusknoir,Dragapult Dusknoir,1,0.0,overall,2026-05-25T16:43:20.200841+00:00
BRS-SSP,"10,11,12,13,14,15,16,17",8,luxray-ex,Luxray,3,6,10,7,36.23,roaring-moon-ex,Roaring Moon,1,100.0,overall,2026-05-25T16:43:20.200841+00:00
BRS-SSP,"10,11,12,13,14,15,16,17",8,luxray-ex,Luxray,3,6,10,7,36.23,dragapult-pidgeot,Dragapult Pidgeot,1,33.33,overall,2026-05-25T16:43:20.200841+00:00
BRS-SSP,"10,11,12,13,14,15,16,17",8,luxray-ex,Luxray,3,6,10,7,36.23,lugia-archeops,Lugia Archeops,1,100.0,overall,2026-05-25T16:43:20.200841+00:00
BRS-SSP,"10,11,12,13,14,15,16,17",8,luxray-ex,Luxray,3,6,10,7,36.23,gholdengo-ex,Gholdengo,1,100.0,overall,2026-05-25T16:43:20.200841+00:00
BRS-SSP,"10,11,12,13,14,15,16,17",8,luxray-pidgeot,Luxray Control,1,2,3,2,38.1,hydreigon-ex,Hydreigon,1,100.0,overall,2026-05-25T16:43:22.644442+00:00
BRS-SSP,"10,11,12,13,14,15,16,17",8,luxray-pidgeot,Luxray Control,1,2,3,2,38.1,dragapult-iron-thorns,Dragapult Iron Thorns,1,0.0,overall,2026-05-25T16:43:22.644442+00:00
BRS-SSP,"10,11,12,13,14,15,16,17",8,luxray-pidgeot,Luxray Control,1,2,3,2,38.1,archaludon-dialga,Archaludon Dialga,1,33.33,overall,2026-05-25T16:43:22.644442+00:00
BRS-SSP,"10,11,12,13,14,15,16,17",8,luxray-pidgeot,Luxray Control,1,2,3,2,38.1,hydrapple-ogerpon,Hydrapple Ogerpon,1,33.33,overall,2026-05-25T16:43:22.644442+00:00
BRS-SSP,"10,11,12,13,14,15,16,17",8,luxray-pidgeot,Luxray Control,1,2,3,2,38.1,palkia-noctowl,Palkia Noctowl,1,100.0,overall,2026-05-25T16:43:22.644442+00:00
BRS-SSP,"10,11,12,13,14,15,16,17",8,luxray-pidgeot,Luxray Control,1,2,3,2,38.1,charizard-pidgeot,Charizard Pidgeot,1,0.0,overall,2026-05-25T16:43:22.644442+00:00
BRS-SSP,"10,11,12,13,14,15,16,17",8,lzb-charizard,Lost Box Charizard,17,62,58,18,49.28,raging-bolt-ogerpon,Raging Bolt Ogerpon,16,56.25,overall,2026-05-25T16:43:25.118059+00:00
BRS-SSP,"10,11,12,13,14,15,16,17",8,lzb-charizard,Lost Box Charizard,17,62,58,18,49.28,regidrago-vstar,Regidrago,15,35.56,overall,2026-05-25T16:43:25.118059+00:00
BRS-SSP,"10,11,12,13,14,15,16,17",8,lzb-charizard,Lost Box Charizard,17,62,58,18,49.28,charizard-pidgeot,Charizard Pidgeot,15,40.0,overall,2026-05-25T16:43:25.118059+00:00
BRS-SSP,"10,11,12,13,14,15,16,17",8,lzb-charizard,Lost Box Charizard,17,62,58,18,49.28,miraidon-ex,Miraidon,11,57.58,overall,2026-05-25T16:43:25.118059+00:00
BRS-SSP,"10,11,12,13,14,15,16,17",8,lzb-charizard,Lost Box Charizard,17,62,58,18,49.28,snorlax-stall,Snorlax Stall,8,16.67,overall,2026-05-25T16:43:25.118059+00:00
BRS-SSP,"10,11,12,13,14,15,16,17",8,lzb-charizard,Lost Box Charizard,17,62,58,18,49.28,lugia-archeops,Lugia Archeops,7,33.33,overall,2026-05-25T16:43:25.118059+00:00
BRS-SSP,"10,11,12,13,14,15,16,17",8,lzb-charizard,Lost Box Charizard,17,62,58,18,49.28,gholdengo-ex,Gholdengo,6,55.56,overall,2026-05-25T16:43:25.118059+00:00
BRS-SSP,"10,11,12,13,14,15,16,17",8,lzb-charizard,Lost Box Charizard,17,62,58,18,49.28,roaring-moon-ex,Roaring Moon,5,40.0,overall,2026-05-25T16:43:25.118059+00:00
BRS-SSP,"10,11,12,13,14,15,16,17",8,lzb-charizard,Lost Box Charizard,17,62,58,18,49.28,ancient-box,Ancient Box,5,26.67,overall,2026-05-25T16:43:25.118059+00:00
BRS-SSP,"10,11,12,13,14,15,16,17",8,lzb-charizard,Lost Box Charizard,17,62,58,18,49.28,lost-zone-box,Lost Zone Box,4,50.0,overall,2026-05-25T16:43:25.118059+00:00
BRS-SSP,"10,11,12,13,14,15,16,17",8,lzb-charizard,Lost Box Charizard,17,62,58,18,49.28,gardevoir-ex-sv,Gardevoir,4,50.0,overall,2026-05-25T16:43:25.118059+00:00
BRS-SSP,"10,11,12,13,14,15,16,17",8,lzb-charizard,Lost Box Charizard,17,62,58,18,49.28,ceruledge-ex,Ceruledge,3,66.67,overall,2026-05-25T16:43:25.118059+00:00
BRS-SSP,"10,11,12,13,14,15,16,17",8,lzb-charizard,Lost Box Charizard,17,62,58,18,49.28,dragapult-dusknoir,Dragapult Dusknoir,3,33.33,overall,2026-05-25T16:43:25.118059+00:00
BRS-SSP,"10,11,12,13,14,15,16,17",8,lzb-charizard,Lost Box Charizard,17,62,58,18,49.28,poison-terapagos,Poison Terapagos,3,100.0,overall,2026-05-25T16:43:25.118059+00:00
BRS-SSP,"10,11,12,13,14,15,16,17",8,lzb-charizard,Lost Box Charizard,17,62,58,18,49.28,dragapult-iron-thorns,Dragapult Iron Thorns,3,66.67,overall,2026-05-25T16:43:25.118059+00:00
BRS-SSP,"10,11,12,13,14,15,16,17",8,lzb-charizard,Lost Box Charizard,17,62,58,18,49.28,charizard-ex,Charizard,2,66.67,overall,2026-05-25T16:43:25.118059+00:00
BRS-SSP,"10,11,12,13,14,15,16,17",8,lzb-charizard,Lost Box Charizard,17,62,58,18,49.28,terapagos-noctowl,Terapagos Noctowl,2,0.0,overall,2026-05-25T16:43:25.118059+00:00
BRS-SSP,"10,11,12,13,14,15,16,17",8,lzb-charizard,Lost Box Charizard,17,62,58,18,49.28,ogerpon-noivern,Ogerpon Noivern,2,100.0,overall,2026-05-25T16:43:25.118059+00:00
BRS-SSP,"10,11,12,13,14,15,16,17",8,lzb-charizard,Lost Box Charizard,17,62,58,18,49.28,chien-pao-baxcalibur,Chien-Pao Baxcalibur,2,100.0,overall,2026-05-25T16:43:25.118059+00:00
BRS-SSP,"10,11,12,13,14,15,16,17",8,lzb-charizard,Lost Box Charizard,17,62,58,18,49.28,pidgeot-control,Pidgeot Control,2,66.67,overall,2026-05-25T16:43:25.118059+00:00
BRS-SSP,"10,11,12,13,14,15,16,17",8,lzb-charizard,Lost Box Charizard,17,62,58,18,49.28,arceus-armarouge,Arceus Armarouge,1,0.0,overall,2026-05-25T16:43:25.118059+00:00
BRS-SSP,"10,11,12,13,14,15,16,17",8,lzb-charizard,Lost Box Charizard,17,62,58,18,49.28,other,Other,1,100.0,overall,2026-05-25T16:43:25.118059+00:00
BRS-SSP,"10,11,12,13,14,15,16,17",8,lzb-charizard,Lost Box Charizard,17,62,58,18,49.28,pikachu-regigigas,Pikachu Regis,1,0.0,overall,2026-05-25T16:43:25.118059+00:00
BRS-SSP,"10,11,12,13,14,15,16,17",8,lzb-charizard,Lost Box Charizard,17,62,58,18,49.28,galvantula-ex,Galvantula,1,100.0,overall,2026-05-25T16:43:25.118059+00:00
BRS-SSP,"10,11,12,13,14,15,16,17",8,lzb-charizard,Lost Box Charizard,17,62,58,18,49.28,slaking-ex,Slaking,1,100.0,overall,2026-05-25T16:43:25.118059+00:00
BRS-SSP,"10,11,12,13,14,15,16,17",8,lzb-charizard,Lost Box Charizard,17,62,58,18,49.28,dragapult-lz-box,Dragapult LZ Box,1,0.0,overall,2026-05-25T16:43:25.118059+00:00
BRS-SSP,"10,11,12,13,14,15,16,17",8,lzb-charizard,Lost Box Charizard,17,62,58,18,49.28,iron-thorns-ex,Iron Thorns,1,100.0,overall,2026-05-25T16:43:25.118059+00:00
BRS-SSP,"10,11,12,13,14,15,16,17",8,lzb-charizard,Lost Box Charizard,17,62,58,18,49.28,dragapult-ex,Dragapult,1,100.0,overall,2026-05-25T16:43:25.118059+00:00
BRS-SSP,"10,11,12,13,14,15,16,17",8,lzb-charizard,Lost Box Charizard,17,62,58,18,49.28,hydrapple-ogerpon,Hydrapple Ogerpon,1,100.0,overall,2026-05-25T16:43:25.118059+00:00
BRS-SSP,"10,11,12,13,14,15,16,17",8,lzb-charizard,Lost Box Charizard,17,62,58,18,49.28,okidogi-ex,Okidogi,1,100.0,overall,2026-05-25T16:43:25.118059+00:00
BRS-SSP,"10,11,12,13,14,15,16,17",8,lzb-charizard,Lost Box Charizard,17,62,58,18,49.28,mimikyu-ogerpon,Mimikyu Ogerpon,1,100.0,overall,2026-05-25T16:43:25.118059+00:00
BRS-SSP,"10,11,12,13,14,15,16,17",8,lzb-charizard,Lost Box Charizard,17,62,58,18,49.28,united-wings,United Wings,1,100.0,overall,2026-05-25T16:43:25.118059+00:00
BRS-SSP,"10,11,12,13,14,15,16,17",8,lzb-charizard,Lost Box Charizard,17,62,58,18,49.28,greninja-ex,Greninja,1,0.0,overall,2026-05-25T16:43:25.118059+00:00
BRS-SSP,"10,11,12,13,14,15,16,17",8,lzb-charizard,Lost Box Charizard,17,62,58,18,49.28,palkia-noctowl,Palkia Noctowl,1,0.0,overall,2026-05-25T16:43:25.118059+00:00
BRS-SSP,"10,11,12,13,14,15,16,17",8,lzb-charizard,Lost Box Charizard,17,62,58,18,49.28,klawf-par,Klawf,1,0.0,overall,2026-05-25T16:43:25.118059+00:00
BRS-SSP,"10,11,12,13,14,15,16,17",8,lzb-charizard,Lost Box Charizard,17,62,58,18,49.28,palkia-dusknoir,Palkia Dusknoir,1,33.33,overall,2026-05-25T16:43:25.118059+00:00
BRS-SSP,"10,11,12,13,14,15,16,17",8,lzb-charizard,Lost Box Charizard,17,62,58,18,49.28,banette-gardevoir,Banette Gardevoir,1,100.0,overall,2026-05-25T16:43:25.118059+00:00
BRS-SSP,"10,11,12,13,14,15,16,17",8,lzb-charizard,Lost Box Charizard,17,62,58,18,49.28,archaludon-dialga,Archaludon Dialga,1,0.0,overall,2026-05-25T16:43:25.118059+00:00
BRS-SSP,"10,11,12,13,14,15,16,17",8,lzb-charizard,Lost Box Charizard,17,62,58,18,49.28,archaludon-ex,Archaludon,1,100.0,overall,2026-05-25T16:43:25.118059+00:00
BRS-SSP,"10,11,12,13,14,15,16,17",8,meowscarada-ex,Meowscarada,5,10,22,2,31.37,regidrago-vstar,Regidrago,5,0.0,overall,2026-05-25T16:43:27.570743+00:00
BRS-SSP,"10,11,12,13,14,15,16,17",8,meowscarada-ex,Meowscarada,5,10,22,2,31.37,charizard-pidgeot,Charizard Pidgeot,3,66.67,overall,2026-05-25T16:43:27.570743+00:00
BRS-SSP,"10,11,12,13,14,15,16,17",8,meowscarada-ex,Meowscarada,5,10,22,2,31.37,lost-zone-box,Lost Zone Box,2,66.67,overall,2026-05-25T16:43:27.570743+00:00
BRS-SSP,"10,11,12,13,14,15,16,17",8,meowscarada-ex,Meowscarada,5,10,22,2,31.37,dragapult-pidgeot,Dragapult Pidgeot,2,16.67,overall,2026-05-25T16:43:27.570743+00:00
BRS-SSP,"10,11,12,13,14,15,16,17",8,meowscarada-ex,Meowscarada,5,10,22,2,31.37,lugia-archeops,Lugia Archeops,2,0.0,overall,2026-05-25T16:43:27.570743+00:00
BRS-SSP,"10,11,12,13,14,15,16,17",8,meowscarada-ex,Meowscarada,5,10,22,2,31.37,miraidon-ex,Miraidon,2,0.0,overall,2026-05-25T16:43:27.570743+00:00
BRS-SSP,"10,11,12,13,14,15,16,17",8,meowscarada-ex,Meowscarada,5,10,22,2,31.37,gholdengo-ex,Gholdengo,2,50.0,overall,2026-05-25T16:43:27.570743+00:00
BRS-SSP,"10,11,12,13,14,15,16,17",8,meowscarada-ex,Meowscarada,5,10,22,2,31.37,roaring-moon-ex,Roaring Moon,2,50.0,overall,2026-05-25T16:43:27.570743+00:00
BRS-SSP,"10,11,12,13,14,15,16,17",8,meowscarada-ex,Meowscarada,5,10,22,2,31.37,raging-bolt-ogerpon,Raging Bolt Ogerpon,2,0.0,overall,2026-05-25T16:43:27.570743+00:00
BRS-SSP,"10,11,12,13,14,15,16,17",8,meowscarada-ex,Meowscarada,5,10,22,2,31.37,pidgeot-control,Pidgeot Control,1,0.0,overall,2026-05-25T16:43:27.570743+00:00
BRS-SSP,"10,11,12,13,14,15,16,17",8,meowscarada-ex,Meowscarada,5,10,22,2,31.37,ogerpon-noivern,Ogerpon Noivern,1,0.0,overall,2026-05-25T16:43:27.570743+00:00
BRS-SSP,"10,11,12,13,14,15,16,17",8,meowscarada-ex,Meowscarada,5,10,22,2,31.37,blissey-ex,Blissey,1,0.0,overall,2026-05-25T16:43:27.570743+00:00
BRS-SSP,"10,11,12,13,14,15,16,17",8,meowscarada-ex,Meowscarada,5,10,22,2,31.37,gardevoir-ex-sv,Gardevoir,1,0.0,overall,2026-05-25T16:43:27.570743+00:00
BRS-SSP,"10,11,12,13,14,15,16,17",8,meowscarada-ex,Meowscarada,5,10,22,2,31.37,other,Other,1,0.0,overall,2026-05-25T16:43:27.570743+00:00
BRS-SSP,"10,11,12,13,14,15,16,17",8,meowscarada-ex,Meowscarada,5,10,22,2,31.37,gouging-fire-ex,Gouging Fire,1,0.0,overall,2026-05-25T16:43:27.570743+00:00
BRS-SSP,"10,11,12,13,14,15,16,17",8,meowscarada-ex,Meowscarada,5,10,22,2,31.37,ceruledge-ex,Ceruledge,1,100.0,overall,2026-05-25T16:43:27.570743+00:00
BRS-SSP,"10,11,12,13,14,15,16,17",8,meowscarada-ex,Meowscarada,5,10,22,2,31.37,mimikyu-ogerpon,Mimikyu Ogerpon,1,0.0,overall,2026-05-25T16:43:27.570743+00:00
BRS-SSP,"10,11,12,13,14,15,16,17",8,meowscarada-ex,Meowscarada,5,10,22,2,31.37,iron-thorns-ex,Iron Thorns,1,100.0,overall,2026-05-25T16:43:27.570743+00:00
BRS-SSP,"10,11,12,13,14,15,16,17",8,meowscarada-ex,Meowscarada,5,10,22,2,31.37,chien-pao-baxcalibur,Chien-Pao Baxcalibur,1,100.0,overall,2026-05-25T16:43:27.570743+00:00
BRS-SSP,"10,11,12,13,14,15,16,17",8,milotic-ex,Milotic,2,4,10,2,29.17,regidrago-vstar,Regidrago,2,16.67,overall,2026-05-25T16:43:30.036026+00:00
BRS-SSP,"10,11,12,13,14,15,16,17",8,milotic-ex,Milotic,2,4,10,2,29.17,lugia-archeops,Lugia Archeops,2,0.0,overall,2026-05-25T16:43:30.036026+00:00
BRS-SSP,"10,11,12,13,14,15,16,17",8,milotic-ex,Milotic,2,4,10,2,29.17,dragapult-pidgeot,Dragapult Pidgeot,1,0.0,overall,2026-05-25T16:43:30.036026+00:00
BRS-SSP,"10,11,12,13,14,15,16,17",8,milotic-ex,Milotic,2,4,10,2,29.17,snorlax-stall,Snorlax Stall,1,0.0,overall,2026-05-25T16:43:30.036026+00:00
BRS-SSP,"10,11,12,13,14,15,16,17",8,milotic-ex,Milotic,2,4,10,2,29.17,ceruledge-ex,Ceruledge,1,100.0,overall,2026-05-25T16:43:30.036026+00:00
BRS-SSP,"10,11,12,13,14,15,16,17",8,milotic-ex,Milotic,2,4,10,2,29.17,ancient-box,Ancient Box,1,100.0,overall,2026-05-25T16:43:30.036026+00:00
BRS-SSP,"10,11,12,13,14,15,16,17",8,milotic-ex,Milotic,2,4,10,2,29.17,palkia-dusknoir,Palkia Dusknoir,1,0.0,overall,2026-05-25T16:43:30.036026+00:00
BRS-SSP,"10,11,12,13,14,15,16,17",8,milotic-ex,Milotic,2,4,10,2,29.17,united-wings,United Wings,1,33.33,overall,2026-05-25T16:43:30.036026+00:00
BRS-SSP,"10,11,12,13,14,15,16,17",8,milotic-ex,Milotic,2,4,10,2,29.17,roaring-moon-ex,Roaring Moon,1,0.0,overall,2026-05-25T16:43:30.036026+00:00
BRS-SSP,"10,11,12,13,14,15,16,17",8,milotic-ex,Milotic,2,4,10,2,29.17,poison-terapagos,Poison Terapagos,1,0.0,overall,2026-05-25T16:43:30.036026+00:00
BRS-SSP,"10,11,12,13,14,15,16,17",8,milotic-ex,Milotic,2,4,10,2,29.17,terapagos-noctowl,Terapagos Noctowl,1,100.0,overall,2026-05-25T16:43:30.036026+00:00
BRS-SSP,"10,11,12,13,14,15,16,17",8,milotic-ex,Milotic,2,4,10,2,29.17,miraidon-ex,Miraidon,1,0.0,overall,2026-05-25T16:43:30.036026+00:00
BRS-SSP,"10,11,12,13,14,15,16,17",8,milotic-ex,Milotic,2,4,10,2,29.17,charizard-pidgeot,Charizard Pidgeot,1,100.0,overall,2026-05-25T16:43:30.036026+00:00
BRS-SSP,"10,11,12,13,14,15,16,17",8,mimikyu-ogerpon,Mimikyu Ogerpon,54,184,186,55,47.61,regidrago-vstar,Regidrago,45,40.0,overall,2026-05-25T16:43:32.498935+00:00
BRS-SSP,"10,11,12,13,14,15,16,17",8,mimikyu-ogerpon,Mimikyu Ogerpon,54,184,186,55,47.61,raging-bolt-ogerpon,Raging Bolt Ogerpon,44,74.24,overall,2026-05-25T16:43:32.498935+00:00
BRS-SSP,"10,11,12,13,14,15,16,17",8,mimikyu-ogerpon,Mimikyu Ogerpon,54,184,186,55,47.61,charizard-pidgeot,Charizard Pidgeot,35,69.52,overall,2026-05-25T16:43:32.498935+00:00
BRS-SSP,"10,11,12,13,14,15,16,17",8,mimikyu-ogerpon,Mimikyu Ogerpon,54,184,186,55,47.61,gardevoir-ex-sv,Gardevoir,23,20.29,overall,2026-05-25T16:43:32.498935+00:00
BRS-SSP,"10,11,12,13,14,15,16,17",8,mimikyu-ogerpon,Mimikyu Ogerpon,54,184,186,55,47.61,lost-zone-box,Lost Zone Box,22,63.64,overall,2026-05-25T16:43:32.498935+00:00
BRS-SSP,"10,11,12,13,14,15,16,17",8,mimikyu-ogerpon,Mimikyu Ogerpon,54,184,186,55,47.61,roaring-moon-ex,Roaring Moon,22,19.7,overall,2026-05-25T16:43:32.498935+00:00
BRS-SSP,"10,11,12,13,14,15,16,17",8,mimikyu-ogerpon,Mimikyu Ogerpon,54,184,186,55,47.61,gholdengo-ex,Gholdengo,22,81.82,overall,2026-05-25T16:43:32.498935+00:00
BRS-SSP,"10,11,12,13,14,15,16,17",8,mimikyu-ogerpon,Mimikyu Ogerpon,54,184,186,55,47.61,ancient-box,Ancient Box,16,37.5,overall,2026-05-25T16:43:32.498935+00:00
BRS-SSP,"10,11,12,13,14,15,16,17",8,mimikyu-ogerpon,Mimikyu Ogerpon,54,184,186,55,47.61,terapagos-noctowl,Terapagos Noctowl,16,16.67,overall,2026-05-25T16:43:32.498935+00:00
BRS-SSP,"10,11,12,13,14,15,16,17",8,mimikyu-ogerpon,Mimikyu Ogerpon,54,184,186,55,47.61,miraidon-ex,Miraidon,15,82.22,overall,2026-05-25T16:43:32.498935+00:00
BRS-SSP,"10,11,12,13,14,15,16,17",8,mimikyu-ogerpon,Mimikyu Ogerpon,54,184,186,55,47.61,snorlax-stall,Snorlax Stall,15,75.56,overall,2026-05-25T16:43:32.498935+00:00
BRS-SSP,"10,11,12,13,14,15,16,17",8,mimikyu-ogerpon,Mimikyu Ogerpon,54,184,186,55,47.61,poison-terapagos,Poison Terapagos,14,0.0,overall,2026-05-25T16:43:32.498935+00:00
BRS-SSP,"10,11,12,13,14,15,16,17",8,mimikyu-ogerpon,Mimikyu Ogerpon,54,184,186,55,47.61,lugia-archeops,Lugia Archeops,12,30.56,overall,2026-05-25T16:43:32.498935+00:00
BRS-SSP,"10,11,12,13,14,15,16,17",8,mimikyu-ogerpon,Mimikyu Ogerpon,54,184,186,55,47.61,other,Other,9,55.56,overall,2026-05-25T16:43:32.498935+00:00
BRS-SSP,"10,11,12,13,14,15,16,17",8,mimikyu-ogerpon,Mimikyu Ogerpon,54,184,186,55,47.61,iron-thorns-ex,Iron Thorns,9,81.48,overall,2026-05-25T16:43:32.498935+00:00
BRS-SSP,"10,11,12,13,14,15,16,17",8,mimikyu-ogerpon,Mimikyu Ogerpon,54,184,186,55,47.61,klawf-par,Klawf,8,8.33,overall,2026-05-25T16:43:32.498935+00:00
BRS-SSP,"10,11,12,13,14,15,16,17",8,mimikyu-ogerpon,Mimikyu Ogerpon,54,184,186,55,47.61,hydreigon-ex,Hydreigon,8,33.33,overall,2026-05-25T16:43:32.498935+00:00
BRS-SSP,"10,11,12,13,14,15,16,17",8,mimikyu-ogerpon,Mimikyu Ogerpon,54,184,186,55,47.61,dragapult-iron-thorns,Dragapult Iron Thorns,8,16.67,overall,2026-05-25T16:43:32.498935+00:00
BRS-SSP,"10,11,12,13,14,15,16,17",8,mimikyu-ogerpon,Mimikyu Ogerpon,54,184,186,55,47.61,ceruledge-ex,Ceruledge,7,66.67,overall,2026-05-25T16:43:32.498935+00:00
BRS-SSP,"10,11,12,13,14,15,16,17",8,mimikyu-ogerpon,Mimikyu Ogerpon,54,184,186,55,47.61,dragapult-dusknoir,Dragapult Dusknoir,6,61.11,overall,2026-05-25T16:43:32.498935+00:00
BRS-SSP,"10,11,12,13,14,15,16,17",8,mimikyu-ogerpon,Mimikyu Ogerpon,54,184,186,55,47.61,archaludon-dialga,Archaludon Dialga,6,33.33,overall,2026-05-25T16:43:32.498935+00:00
BRS-SSP,"10,11,12,13,14,15,16,17",8,mimikyu-ogerpon,Mimikyu Ogerpon,54,184,186,55,47.61,pidgeot-control,Pidgeot Control,6,0.0,overall,2026-05-25T16:43:32.498935+00:00
BRS-SSP,"10,11,12,13,14,15,16,17",8,mimikyu-ogerpon,Mimikyu Ogerpon,54,184,186,55,47.61,charizard-noctowl,Charizard Noctowl,4,50.0,overall,2026-05-25T16:43:32.498935+00:00
BRS-SSP,"10,11,12,13,14,15,16,17",8,mimikyu-ogerpon,Mimikyu Ogerpon,54,184,186,55,47.61,chien-pao-baxcalibur,Chien-Pao Baxcalibur,4,58.33,overall,2026-05-25T16:43:32.498935+00:00
BRS-SSP,"10,11,12,13,14,15,16,17",8,mimikyu-ogerpon,Mimikyu Ogerpon,54,184,186,55,47.61,gouging-fire-ex,Gouging Fire,4,50.0,overall,2026-05-25T16:43:32.498935+00:00
BRS-SSP,"10,11,12,13,14,15,16,17",8,mimikyu-ogerpon,Mimikyu Ogerpon,54,184,186,55,47.61,archaludon-ex,Archaludon,4,8.33,overall,2026-05-25T16:43:32.498935+00:00
BRS-SSP,"10,11,12,13,14,15,16,17",8,mimikyu-ogerpon,Mimikyu Ogerpon,54,184,186,55,47.61,pikachu-regigigas,Pikachu Regis,3,66.67,overall,2026-05-25T16:43:32.498935+00:00
BRS-SSP,"10,11,12,13,14,15,16,17",8,mimikyu-ogerpon,Mimikyu Ogerpon,54,184,186,55,47.61,dragapult-pidgeot,Dragapult Pidgeot,3,77.78,overall,2026-05-25T16:43:32.498935+00:00
BRS-SSP,"10,11,12,13,14,15,16,17",8,mimikyu-ogerpon,Mimikyu Ogerpon,54,184,186,55,47.61,ogerpon-noivern,Ogerpon Noivern,3,66.67,overall,2026-05-25T16:43:32.498935+00:00
BRS-SSP,"10,11,12,13,14,15,16,17",8,mimikyu-ogerpon,Mimikyu Ogerpon,54,184,186,55,47.61,banette-gardevoir,Banette Gardevoir,3,22.22,overall,2026-05-25T16:43:32.498935+00:00
BRS-SSP,"10,11,12,13,14,15,16,17",8,mimikyu-ogerpon,Mimikyu Ogerpon,54,184,186,55,47.61,palkia-noctowl,Palkia Noctowl,2,0.0,overall,2026-05-25T16:43:32.498935+00:00
BRS-SSP,"10,11,12,13,14,15,16,17",8,mimikyu-ogerpon,Mimikyu Ogerpon,54,184,186,55,47.61,greninja-ex,Greninja,2,50.0,overall,2026-05-25T16:43:32.498935+00:00
BRS-SSP,"10,11,12,13,14,15,16,17",8,mimikyu-ogerpon,Mimikyu Ogerpon,54,184,186,55,47.61,torterra-ex,Torterra,2,0.0,overall,2026-05-25T16:43:32.498935+00:00
BRS-SSP,"10,11,12,13,14,15,16,17",8,mimikyu-ogerpon,Mimikyu Ogerpon,54,184,186,55,47.61,mimikyu-ogerpon,Mimikyu Ogerpon,2,50.0,overall,2026-05-25T16:43:32.498935+00:00
BRS-SSP,"10,11,12,13,14,15,16,17",8,mimikyu-ogerpon,Mimikyu Ogerpon,54,184,186,55,47.61,palkia-vstar,Palkia,2,50.0,overall,2026-05-25T16:43:32.498935+00:00
BRS-SSP,"10,11,12,13,14,15,16,17",8,mimikyu-ogerpon,Mimikyu Ogerpon,54,184,186,55,47.61,palkia-dusknoir,Palkia Dusknoir,2,0.0,overall,2026-05-25T16:43:32.498935+00:00
BRS-SSP,"10,11,12,13,14,15,16,17",8,mimikyu-ogerpon,Mimikyu Ogerpon,54,184,186,55,47.61,united-wings,United Wings,1,33.33,overall,2026-05-25T16:43:32.498935+00:00
BRS-SSP,"10,11,12,13,14,15,16,17",8,mimikyu-ogerpon,Mimikyu Ogerpon,54,184,186,55,47.61,gengar-ex,Gengar,1,100.0,overall,2026-05-25T16:43:32.498935+00:00
BRS-SSP,"10,11,12,13,14,15,16,17",8,mimikyu-ogerpon,Mimikyu Ogerpon,54,184,186,55,47.61,dialga-metang,Dialga Metang,1,100.0,overall,2026-05-25T16:43:32.498935+00:00
BRS-SSP,"10,11,12,13,14,15,16,17",8,mimikyu-ogerpon,Mimikyu Ogerpon,54,184,186,55,47.61,tsareena-ex,Tsareena,1,0.0,overall,2026-05-25T16:43:32.498935+00:00
BRS-SSP,"10,11,12,13,14,15,16,17",8,mimikyu-ogerpon,Mimikyu Ogerpon,54,184,186,55,47.61,conkeldurr-twm,Conkeldurr,1,0.0,overall,2026-05-25T16:43:32.498935+00:00
BRS-SSP,"10,11,12,13,14,15,16,17",8,mimikyu-ogerpon,Mimikyu Ogerpon,54,184,186,55,47.61,dragapult-ex,Dragapult,1,100.0,overall,2026-05-25T16:43:32.498935+00:00
BRS-SSP,"10,11,12,13,14,15,16,17",8,mimikyu-ogerpon,Mimikyu Ogerpon,54,184,186,55,47.61,greninja-froslass,Greninja Froslass,1,0.0,overall,2026-05-25T16:43:32.498935+00:00
BRS-SSP,"10,11,12,13,14,15,16,17",8,mimikyu-ogerpon,Mimikyu Ogerpon,54,184,186,55,47.61,cornerstone-mask-ogerpon-ex,Cornerstone Mask Ogerpon,1,0.0,overall,2026-05-25T16:43:32.498935+00:00
BRS-SSP,"10,11,12,13,14,15,16,17",8,mimikyu-ogerpon,Mimikyu Ogerpon,54,184,186,55,47.61,meowscarada-ex,Meowscarada,1,100.0,overall,2026-05-25T16:43:32.498935+00:00
BRS-SSP,"10,11,12,13,14,15,16,17",8,mimikyu-ogerpon,Mimikyu Ogerpon,54,184,186,55,47.61,lzb-charizard,Lost Box Charizard,1,0.0,overall,2026-05-25T16:43:32.498935+00:00
BRS-SSP,"10,11,12,13,14,15,16,17",8,mimikyu-ogerpon,Mimikyu Ogerpon,54,184,186,55,47.61,spidops-ex,Spidops,1,100.0,overall,2026-05-25T16:43:32.498935+00:00
BRS-SSP,"10,11,12,13,14,15,16,17",8,mimikyu-ogerpon,Mimikyu Ogerpon,54,184,186,55,47.61,cinderace-ex,Cinderace,1,0.0,overall,2026-05-25T16:43:32.498935+00:00
BRS-SSP,"10,11,12,13,14,15,16,17",8,mimikyu-ogerpon,Mimikyu Ogerpon,54,184,186,55,47.61,sinistcha-ogerpon,Sinistcha Ogerpon,1,0.0,overall,2026-05-25T16:43:32.498935+00:00
BRS-SSP,"10,11,12,13,14,15,16,17",8,miraidon-ex,Miraidon,529,1506,1951,491,42.29,regidrago-vstar,Regidrago,541,47.26,overall,2026-05-25T16:43:34.990738+00:00
BRS-SSP,"10,11,12,13,14,15,16,17",8,miraidon-ex,Miraidon,529,1506,1951,491,42.29,charizard-pidgeot,Charizard Pidgeot,387,34.8,overall,2026-05-25T16:43:34.990738+00:00
BRS-SSP,"10,11,12,13,14,15,16,17",8,miraidon-ex,Miraidon,529,1506,1951,491,42.29,raging-bolt-ogerpon,Raging Bolt Ogerpon,355,37.65,overall,2026-05-25T16:43:34.990738+00:00
BRS-SSP,"10,11,12,13,14,15,16,17",8,miraidon-ex,Miraidon,529,1506,1951,491,42.29,gholdengo-ex,Gholdengo,218,38.23,overall,2026-05-25T16:43:34.990738+00:00
BRS-SSP,"10,11,12,13,14,15,16,17",8,miraidon-ex,Miraidon,529,1506,1951,491,42.29,gardevoir-ex-sv,Gardevoir,206,52.59,overall,2026-05-25T16:43:34.990738+00:00
BRS-SSP,"10,11,12,13,14,15,16,17",8,miraidon-ex,Miraidon,529,1506,1951,491,42.29,lugia-archeops,Lugia Archeops,174,67.24,overall,2026-05-25T16:43:34.990738+00:00
BRS-SSP,"10,11,12,13,14,15,16,17",8,miraidon-ex,Miraidon,529,1506,1951,491,42.29,lost-zone-box,Lost Zone Box,167,38.32,overall,2026-05-25T16:43:34.990738+00:00
BRS-SSP,"10,11,12,13,14,15,16,17",8,miraidon-ex,Miraidon,529,1506,1951,491,42.29,roaring-moon-ex,Roaring Moon,156,36.97,overall,2026-05-25T16:43:34.990738+00:00
BRS-SSP,"10,11,12,13,14,15,16,17",8,miraidon-ex,Miraidon,529,1506,1951,491,42.29,poison-terapagos,Poison Terapagos,155,29.68,overall,2026-05-25T16:43:34.990738+00:00
BRS-SSP,"10,11,12,13,14,15,16,17",8,miraidon-ex,Miraidon,529,1506,1951,491,42.29,snorlax-stall,Snorlax Stall,118,15.82,overall,2026-05-25T16:43:34.990738+00:00
BRS-SSP,"10,11,12,13,14,15,16,17",8,miraidon-ex,Miraidon,529,1506,1951,491,42.29,dragapult-iron-thorns,Dragapult Iron Thorns,112,47.32,overall,2026-05-25T16:43:34.990738+00:00
BRS-SSP,"10,11,12,13,14,15,16,17",8,miraidon-ex,Miraidon,529,1506,1951,491,42.29,ancient-box,Ancient Box,110,37.27,overall,2026-05-25T16:43:34.990738+00:00
BRS-SSP,"10,11,12,13,14,15,16,17",8,miraidon-ex,Miraidon,529,1506,1951,491,42.29,terapagos-noctowl,Terapagos Noctowl,110,42.73,overall,2026-05-25T16:43:34.990738+00:00
BRS-SSP,"10,11,12,13,14,15,16,17",8,miraidon-ex,Miraidon,529,1506,1951,491,42.29,ceruledge-ex,Ceruledge,103,46.6,overall,2026-05-25T16:43:34.990738+00:00
BRS-SSP,"10,11,12,13,14,15,16,17",8,miraidon-ex,Miraidon,529,1506,1951,491,42.29,miraidon-ex,Miraidon,90,47.04,overall,2026-05-25T16:43:34.990738+00:00
BRS-SSP,"10,11,12,13,14,15,16,17",8,miraidon-ex,Miraidon,529,1506,1951,491,42.29,dragapult-dusknoir,Dragapult Dusknoir,65,43.08,overall,2026-05-25T16:43:34.990738+00:00
BRS-SSP,"10,11,12,13,14,15,16,17",8,miraidon-ex,Miraidon,529,1506,1951,491,42.29,archaludon-ex,Archaludon,63,30.69,overall,2026-05-25T16:43:34.990738+00:00
BRS-SSP,"10,11,12,13,14,15,16,17",8,miraidon-ex,Miraidon,529,1506,1951,491,42.29,archaludon-dialga,Archaludon Dialga,63,26.46,overall,2026-05-25T16:43:34.990738+00:00
BRS-SSP,"10,11,12,13,14,15,16,17",8,miraidon-ex,Miraidon,529,1506,1951,491,42.29,iron-thorns-ex,Iron Thorns,55,31.52,overall,2026-05-25T16:43:34.990738+00:00
BRS-SSP,"10,11,12,13,14,15,16,17",8,miraidon-ex,Miraidon,529,1506,1951,491,42.29,palkia-noctowl,Palkia Noctowl,48,38.19,overall,2026-05-25T16:43:34.990738+00:00
BRS-SSP,"10,11,12,13,14,15,16,17",8,miraidon-ex,Miraidon,529,1506,1951,491,42.29,palkia-dusknoir,Palkia Dusknoir,43,50.39,overall,2026-05-25T16:43:34.990738+00:00
BRS-SSP,"10,11,12,13,14,15,16,17",8,miraidon-ex,Miraidon,529,1506,1951,491,42.29,hydreigon-ex,Hydreigon,43,60.47,overall,2026-05-25T16:43:34.990738+00:00
BRS-SSP,"10,11,12,13,14,15,16,17",8,miraidon-ex,Miraidon,529,1506,1951,491,42.29,other,Other,42,46.03,overall,2026-05-25T16:43:34.990738+00:00
BRS-SSP,"10,11,12,13,14,15,16,17",8,miraidon-ex,Miraidon,529,1506,1951,491,42.29,pidgeot-control,Pidgeot Control,31,45.16,overall,2026-05-25T16:43:34.990738+00:00
BRS-SSP,"10,11,12,13,14,15,16,17",8,miraidon-ex,Miraidon,529,1506,1951,491,42.29,chien-pao-baxcalibur,Chien-Pao Baxcalibur,28,51.19,overall,2026-05-25T16:43:34.990738+00:00
BRS-SSP,"10,11,12,13,14,15,16,17",8,miraidon-ex,Miraidon,529,1506,1951,491,42.29,dragapult-pidgeot,Dragapult Pidgeot,25,52.0,overall,2026-05-25T16:43:34.990738+00:00
BRS-SSP,"10,11,12,13,14,15,16,17",8,miraidon-ex,Miraidon,529,1506,1951,491,42.29,banette-gardevoir,Banette Gardevoir,22,83.33,overall,2026-05-25T16:43:34.990738+00:00
BRS-SSP,"10,11,12,13,14,15,16,17",8,miraidon-ex,Miraidon,529,1506,1951,491,42.29,klawf-par,Klawf,21,38.1,overall,2026-05-25T16:43:34.990738+00:00
BRS-SSP,"10,11,12,13,14,15,16,17",8,miraidon-ex,Miraidon,529,1506,1951,491,42.29,gouging-fire-ex,Gouging Fire,21,28.57,overall,2026-05-25T16:43:34.990738+00:00
BRS-SSP,"10,11,12,13,14,15,16,17",8,miraidon-ex,Miraidon,529,1506,1951,491,42.29,charizard-noctowl,Charizard Noctowl,16,16.67,overall,2026-05-25T16:43:34.990738+00:00
BRS-SSP,"10,11,12,13,14,15,16,17",8,miraidon-ex,Miraidon,529,1506,1951,491,42.29,mimikyu-ogerpon,Mimikyu Ogerpon,15,15.56,overall,2026-05-25T16:43:34.990738+00:00
BRS-SSP,"10,11,12,13,14,15,16,17",8,miraidon-ex,Miraidon,529,1506,1951,491,42.29,pikachu-regigigas,Pikachu Regis,13,30.77,overall,2026-05-25T16:43:34.990738+00:00
BRS-SSP,"10,11,12,13,14,15,16,17",8,miraidon-ex,Miraidon,529,1506,1951,491,42.29,conkeldurr-twm,Conkeldurr,11,63.64,overall,2026-05-25T16:43:34.990738+00:00
BRS-SSP,"10,11,12,13,14,15,16,17",8,miraidon-ex,Miraidon,529,1506,1951,491,42.29,lzb-charizard,Lost Box Charizard,11,39.39,overall,2026-05-25T16:43:34.990738+00:00
BRS-SSP,"10,11,12,13,14,15,16,17",8,miraidon-ex,Miraidon,529,1506,1951,491,42.29,charizard-ex,Charizard,11,36.36,overall,2026-05-25T16:43:34.990738+00:00
BRS-SSP,"10,11,12,13,14,15,16,17",8,miraidon-ex,Miraidon,529,1506,1951,491,42.29,united-wings,United Wings,11,54.55,overall,2026-05-25T16:43:34.990738+00:00
BRS-SSP,"10,11,12,13,14,15,16,17",8,miraidon-ex,Miraidon,529,1506,1951,491,42.29,dragapult-charizard,Dragapult Charizard,11,18.18,overall,2026-05-25T16:43:34.990738+00:00
BRS-SSP,"10,11,12,13,14,15,16,17",8,miraidon-ex,Miraidon,529,1506,1951,491,42.29,ogerpon-noivern,Ogerpon Noivern,10,40.0,overall,2026-05-25T16:43:34.990738+00:00
BRS-SSP,"10,11,12,13,14,15,16,17",8,miraidon-ex,Miraidon,529,1506,1951,491,42.29,greninja-ex,Greninja,8,62.5,overall,2026-05-25T16:43:34.990738+00:00
BRS-SSP,"10,11,12,13,14,15,16,17",8,miraidon-ex,Miraidon,529,1506,1951,491,42.29,great-tusk-tef,Great Tusk Mill,8,41.67,overall,2026-05-25T16:43:34.990738+00:00
BRS-SSP,"10,11,12,13,14,15,16,17",8,miraidon-ex,Miraidon,529,1506,1951,491,42.29,hydrapple-ogerpon,Hydrapple Ogerpon,7,57.14,overall,2026-05-25T16:43:34.990738+00:00
BRS-SSP,"10,11,12,13,14,15,16,17",8,miraidon-ex,Miraidon,529,1506,1951,491,42.29,flygon-ex-ssp,Flygon,6,33.33,overall,2026-05-25T16:43:34.990738+00:00
BRS-SSP,"10,11,12,13,14,15,16,17",8,miraidon-ex,Miraidon,529,1506,1951,491,42.29,dialga-metang,Dialga Metang,6,88.89,overall,2026-05-25T16:43:34.990738+00:00
BRS-SSP,"10,11,12,13,14,15,16,17",8,miraidon-ex,Miraidon,529,1506,1951,491,42.29,festival-lead,Dipplin,6,100.0,overall,2026-05-25T16:43:34.990738+00:00
BRS-SSP,"10,11,12,13,14,15,16,17",8,miraidon-ex,Miraidon,529,1506,1951,491,42.29,aegislash-par,Aegislash,6,55.56,overall,2026-05-25T16:43:34.990738+00:00
BRS-SSP,"10,11,12,13,14,15,16,17",8,miraidon-ex,Miraidon,529,1506,1951,491,42.29,dragapult-ex,Dragapult,6,88.89,overall,2026-05-25T16:43:34.990738+00:00
BRS-SSP,"10,11,12,13,14,15,16,17",8,miraidon-ex,Miraidon,529,1506,1951,491,42.29,tsareena-ex,Tsareena,4,66.67,overall,2026-05-25T16:43:34.990738+00:00
BRS-SSP,"10,11,12,13,14,15,16,17",8,miraidon-ex,Miraidon,529,1506,1951,491,42.29,future-box,Future Box,4,25.0,overall,2026-05-25T16:43:34.990738+00:00
BRS-SSP,"10,11,12,13,14,15,16,17",8,miraidon-ex,Miraidon,529,1506,1951,491,42.29,arceus-armarouge,Arceus Armarouge,4,75.0,overall,2026-05-25T16:43:34.990738+00:00
BRS-SSP,"10,11,12,13,14,15,16,17",8,miraidon-ex,Miraidon,529,1506,1951,491,42.29,dragapult-lz-box,Dragapult LZ Box,4,58.33,overall,2026-05-25T16:43:34.990738+00:00
BRS-SSP,"10,11,12,13,14,15,16,17",8,miraidon-ex,Miraidon,529,1506,1951,491,42.29,giratina-lz-box,Giratina LZ Box,4,58.33,overall,2026-05-25T16:43:34.990738+00:00
BRS-SSP,"10,11,12,13,14,15,16,17",8,miraidon-ex,Miraidon,529,1506,1951,491,42.29,okidogi-ex,Okidogi,3,66.67,overall,2026-05-25T16:43:34.990738+00:00
BRS-SSP,"10,11,12,13,14,15,16,17",8,miraidon-ex,Miraidon,529,1506,1951,491,42.29,blissey-ex,Blissey,3,22.22,overall,2026-05-25T16:43:34.990738+00:00
BRS-SSP,"10,11,12,13,14,15,16,17",8,miraidon-ex,Miraidon,529,1506,1951,491,42.29,torterra-ex,Torterra,3,66.67,overall,2026-05-25T16:43:34.990738+00:00
BRS-SSP,"10,11,12,13,14,15,16,17",8,miraidon-ex,Miraidon,529,1506,1951,491,42.29,okidogi-twm,Okidogi,3,33.33,overall,2026-05-25T16:43:34.990738+00:00
BRS-SSP,"10,11,12,13,14,15,16,17",8,miraidon-ex,Miraidon,529,1506,1951,491,42.29,rotom-v,Rotom,3,33.33,overall,2026-05-25T16:43:34.990738+00:00
BRS-SSP,"10,11,12,13,14,15,16,17",8,miraidon-ex,Miraidon,529,1506,1951,491,42.29,banette-ex-sv,Banette,3,33.33,overall,2026-05-25T16:43:34.990738+00:00
BRS-SSP,"10,11,12,13,14,15,16,17",8,miraidon-ex,Miraidon,529,1506,1951,491,42.29,tinkaton-ex,Tinkaton,3,33.33,overall,2026-05-25T16:43:34.990738+00:00
BRS-SSP,"10,11,12,13,14,15,16,17",8,miraidon-ex,Miraidon,529,1506,1951,491,42.29,slaking-ex,Slaking,2,16.67,overall,2026-05-25T16:43:34.990738+00:00
BRS-SSP,"10,11,12,13,14,15,16,17",8,miraidon-ex,Miraidon,529,1506,1951,491,42.29,hisuian-samurott-vstar,Hisuian Samurott,2,0.0,overall,2026-05-25T16:43:34.990738+00:00
BRS-SSP,"10,11,12,13,14,15,16,17",8,miraidon-ex,Miraidon,529,1506,1951,491,42.29,iron-thorns-crown,Future Thorns,2,0.0,overall,2026-05-25T16:43:34.990738+00:00
BRS-SSP,"10,11,12,13,14,15,16,17",8,miraidon-ex,Miraidon,529,1506,1951,491,42.29,palkia-vstar,Palkia,2,100.0,overall,2026-05-25T16:43:34.990738+00:00
BRS-SSP,"10,11,12,13,14,15,16,17",8,miraidon-ex,Miraidon,529,1506,1951,491,42.29,cornerstone-mask-ogerpon-ex,Cornerstone Mask Ogerpon,2,16.67,overall,2026-05-25T16:43:34.990738+00:00
BRS-SSP,"10,11,12,13,14,15,16,17",8,miraidon-ex,Miraidon,529,1506,1951,491,42.29,banette-dusknoir,Banette Dusknoir,2,100.0,overall,2026-05-25T16:43:34.990738+00:00
BRS-SSP,"10,11,12,13,14,15,16,17",8,miraidon-ex,Miraidon,529,1506,1951,491,42.29,luxray-ex,Luxray,2,100.0,overall,2026-05-25T16:43:34.990738+00:00
BRS-SSP,"10,11,12,13,14,15,16,17",8,miraidon-ex,Miraidon,529,1506,1951,491,42.29,meowscarada-ex,Meowscarada,2,100.0,overall,2026-05-25T16:43:34.990738+00:00
BRS-SSP,"10,11,12,13,14,15,16,17",8,miraidon-ex,Miraidon,529,1506,1951,491,42.29,greninja-froslass,Greninja Froslass,2,100.0,overall,2026-05-25T16:43:34.990738+00:00
BRS-SSP,"10,11,12,13,14,15,16,17",8,miraidon-ex,Miraidon,529,1506,1951,491,42.29,alolan-exeggutor-ex,Alolan Exeggutor ex,2,66.67,overall,2026-05-25T16:43:34.990738+00:00
BRS-SSP,"10,11,12,13,14,15,16,17",8,miraidon-ex,Miraidon,529,1506,1951,491,42.29,hisuian-zoroark-vstar,Hisuian Zoroark,2,100.0,overall,2026-05-25T16:43:34.990738+00:00
BRS-SSP,"10,11,12,13,14,15,16,17",8,miraidon-ex,Miraidon,529,1506,1951,491,42.29,scovillain-ex,Scovillain,2,100.0,overall,2026-05-25T16:43:34.990738+00:00
BRS-SSP,"10,11,12,13,14,15,16,17",8,miraidon-ex,Miraidon,529,1506,1951,491,42.29,garchomp-ex,Garchomp,2,100.0,overall,2026-05-25T16:43:34.990738+00:00
BRS-SSP,"10,11,12,13,14,15,16,17",8,miraidon-ex,Miraidon,529,1506,1951,491,42.29,koraidon-ex,Koraidon,2,50.0,overall,2026-05-25T16:43:34.990738+00:00
BRS-SSP,"10,11,12,13,14,15,16,17",8,miraidon-ex,Miraidon,529,1506,1951,491,42.29,alakazam-ex,Alakazam,2,66.67,overall,2026-05-25T16:43:34.990738+00:00
BRS-SSP,"10,11,12,13,14,15,16,17",8,miraidon-ex,Miraidon,529,1506,1951,491,42.29,espathra-xatu,Espathra Xatu,2,16.67,overall,2026-05-25T16:43:34.990738+00:00
BRS-SSP,"10,11,12,13,14,15,16,17",8,miraidon-ex,Miraidon,529,1506,1951,491,42.29,dialga-vstar,Dialga,1,100.0,overall,2026-05-25T16:43:34.990738+00:00
BRS-SSP,"10,11,12,13,14,15,16,17",8,miraidon-ex,Miraidon,529,1506,1951,491,42.29,regigigas-asr,Regis,1,33.33,overall,2026-05-25T16:43:34.990738+00:00
BRS-SSP,"10,11,12,13,14,15,16,17",8,miraidon-ex,Miraidon,529,1506,1951,491,42.29,goodra-lz-box,Goodra LZ Box,1,100.0,overall,2026-05-25T16:43:34.990738+00:00
BRS-SSP,"10,11,12,13,14,15,16,17",8,miraidon-ex,Miraidon,529,1506,1951,491,42.29,hisuian-goodra-vstar,Hisuian Goodra,1,33.33,overall,2026-05-25T16:43:34.990738+00:00
BRS-SSP,"10,11,12,13,14,15,16,17",8,miraidon-ex,Miraidon,529,1506,1951,491,42.29,charizard-greninja,Charizard Greninja,1,100.0,overall,2026-05-25T16:43:34.990738+00:00
BRS-SSP,"10,11,12,13,14,15,16,17",8,miraidon-ex,Miraidon,529,1506,1951,491,42.29,raging-bolt-ex,Raging Bolt,1,100.0,overall,2026-05-25T16:43:34.990738+00:00
BRS-SSP,"10,11,12,13,14,15,16,17",8,miraidon-ex,Miraidon,529,1506,1951,491,42.29,azumarill-ssp,Azumarill,1,0.0,overall,2026-05-25T16:43:34.990738+00:00
BRS-SSP,"10,11,12,13,14,15,16,17",8,miraidon-ex,Miraidon,529,1506,1951,491,42.29,cinderace-ex,Cinderace,1,0.0,overall,2026-05-25T16:43:34.990738+00:00
BRS-SSP,"10,11,12,13,14,15,16,17",8,miraidon-ex,Miraidon,529,1506,1951,491,42.29,iron-hands-ex,Future Hands,1,100.0,overall,2026-05-25T16:43:34.990738+00:00
BRS-SSP,"10,11,12,13,14,15,16,17",8,miraidon-ex,Miraidon,529,1506,1951,491,42.29,palafin-ex,Palafin,1,100.0,overall,2026-05-25T16:43:34.990738+00:00
BRS-SSP,"10,11,12,13,14,15,16,17",8,miraidon-ex,Miraidon,529,1506,1951,491,42.29,venomoth-mew,Venomoth,1,100.0,overall,2026-05-25T16:43:34.990738+00:00
BRS-SSP,"10,11,12,13,14,15,16,17",8,miraidon-ex,Miraidon,529,1506,1951,491,42.29,arceus-giratina,Arceus Giratina,1,100.0,overall,2026-05-25T16:43:34.990738+00:00
BRS-SSP,"10,11,12,13,14,15,16,17",8,miraidon-ex,Miraidon,529,1506,1951,491,42.29,gengar-ex,Gengar,1,100.0,overall,2026-05-25T16:43:34.990738+00:00
BRS-SSP,"10,11,12,13,14,15,16,17",8,miraidon-ex,Miraidon,529,1506,1951,491,42.29,raging-bolt-entei,Raging Bolt Entei,1,100.0,overall,2026-05-25T16:43:34.990738+00:00
BRS-SSP,"10,11,12,13,14,15,16,17",8,miraidon-ex,Miraidon,529,1506,1951,491,42.29,spidops-ex,Spidops,1,100.0,overall,2026-05-25T16:43:34.990738+00:00
BRS-SSP,"10,11,12,13,14,15,16,17",8,miraidon-ex,Miraidon,529,1506,1951,491,42.29,milotic-ex,Milotic,1,100.0,overall,2026-05-25T16:43:34.990738+00:00
BRS-SSP,"10,11,12,13,14,15,16,17",8,miraidon-ex,Miraidon,529,1506,1951,491,42.29,toedscruel-ex,Toedscruel,1,0.0,overall,2026-05-25T16:43:34.990738+00:00
BRS-SSP,"10,11,12,13,14,15,16,17",8,miraidon-ex,Miraidon,529,1506,1951,491,42.29,sinistcha-ogerpon,Sinistcha Ogerpon,1,33.33,overall,2026-05-25T16:43:34.990738+00:00
BRS-SSP,"10,11,12,13,14,15,16,17",8,miraidon-regieleki,Miraidon Regieleki,2,4,12,0,25.0,raging-bolt-ogerpon,Raging Bolt Ogerpon,2,0.0,overall,2026-05-25T16:43:37.420263+00:00
BRS-SSP,"10,11,12,13,14,15,16,17",8,miraidon-regieleki,Miraidon Regieleki,2,4,12,0,25.0,regidrago-vstar,Regidrago,2,50.0,overall,2026-05-25T16:43:37.420263+00:00
BRS-SSP,"10,11,12,13,14,15,16,17",8,miraidon-regieleki,Miraidon Regieleki,2,4,12,0,25.0,tsareena-ex,Tsareena,1,0.0,overall,2026-05-25T16:43:37.420263+00:00
BRS-SSP,"10,11,12,13,14,15,16,17",8,miraidon-regieleki,Miraidon Regieleki,2,4,12,0,25.0,pidgeot-control,Pidgeot Control,1,0.0,overall,2026-05-25T16:43:37.420263+00:00
BRS-SSP,"10,11,12,13,14,15,16,17",8,miraidon-regieleki,Miraidon Regieleki,2,4,12,0,25.0,snorlax-stall,Snorlax Stall,1,0.0,overall,2026-05-25T16:43:37.420263+00:00
BRS-SSP,"10,11,12,13,14,15,16,17",8,miraidon-regieleki,Miraidon Regieleki,2,4,12,0,25.0,ceruledge-ex,Ceruledge,1,0.0,overall,2026-05-25T16:43:37.420263+00:00
BRS-SSP,"10,11,12,13,14,15,16,17",8,miraidon-regieleki,Miraidon Regieleki,2,4,12,0,25.0,chien-pao-baxcalibur,Chien-Pao Baxcalibur,1,100.0,overall,2026-05-25T16:43:37.420263+00:00
BRS-SSP,"10,11,12,13,14,15,16,17",8,miraidon-regieleki,Miraidon Regieleki,2,4,12,0,25.0,greninja-ex,Greninja,1,100.0,overall,2026-05-25T16:43:37.420263+00:00
BRS-SSP,"10,11,12,13,14,15,16,17",8,miraidon-regieleki,Miraidon Regieleki,2,4,12,0,25.0,lost-zone-box,Lost Zone Box,1,0.0,overall,2026-05-25T16:43:37.420263+00:00
BRS-SSP,"10,11,12,13,14,15,16,17",8,miraidon-regieleki,Miraidon Regieleki,2,4,12,0,25.0,charizard-pidgeot,Charizard Pidgeot,1,0.0,overall,2026-05-25T16:43:37.420263+00:00
BRS-SSP,"10,11,12,13,14,15,16,17",8,miraidon-regieleki,Miraidon Regieleki,2,4,12,0,25.0,gengar-ex,Gengar,1,0.0,overall,2026-05-25T16:43:37.420263+00:00
BRS-SSP,"10,11,12,13,14,15,16,17",8,miraidon-regieleki,Miraidon Regieleki,2,4,12,0,25.0,lugia-archeops,Lugia Archeops,1,100.0,overall,2026-05-25T16:43:37.420263+00:00
BRS-SSP,"10,11,12,13,14,15,16,17",8,miraidon-regieleki,Miraidon Regieleki,2,4,12,0,25.0,gardevoir-ex-sv,Gardevoir,1,0.0,overall,2026-05-25T16:43:37.420263+00:00
BRS-SSP,"10,11,12,13,14,15,16,17",8,miraidon-regieleki,Miraidon Regieleki,2,4,12,0,25.0,terapagos-noctowl,Terapagos Noctowl,1,0.0,overall,2026-05-25T16:43:37.420263+00:00
BRS-SSP,"10,11,12,13,14,15,16,17",8,noivern-ex,Noivern,2,7,7,1,48.89,raging-bolt-ogerpon,Raging Bolt Ogerpon,4,75.0,overall,2026-05-25T16:43:39.969918+00:00
BRS-SSP,"10,11,12,13,14,15,16,17",8,noivern-ex,Noivern,2,7,7,1,48.89,ancient-box,Ancient Box,2,66.67,overall,2026-05-25T16:43:39.969918+00:00
BRS-SSP,"10,11,12,13,14,15,16,17",8,noivern-ex,Noivern,2,7,7,1,48.89,regidrago-vstar,Regidrago,2,0.0,overall,2026-05-25T16:43:39.969918+00:00
BRS-SSP,"10,11,12,13,14,15,16,17",8,noivern-ex,Noivern,2,7,7,1,48.89,iron-thorns-ex,Iron Thorns,1,100.0,overall,2026-05-25T16:43:39.969918+00:00
BRS-SSP,"10,11,12,13,14,15,16,17",8,noivern-ex,Noivern,2,7,7,1,48.89,gardevoir-ex-sv,Gardevoir,1,0.0,overall,2026-05-25T16:43:39.969918+00:00
BRS-SSP,"10,11,12,13,14,15,16,17",8,noivern-ex,Noivern,2,7,7,1,48.89,terapagos-noctowl,Terapagos Noctowl,1,0.0,overall,2026-05-25T16:43:39.969918+00:00
BRS-SSP,"10,11,12,13,14,15,16,17",8,noivern-ex,Noivern,2,7,7,1,48.89,charizard-pidgeot,Charizard Pidgeot,1,100.0,overall,2026-05-25T16:43:39.969918+00:00
BRS-SSP,"10,11,12,13,14,15,16,17",8,noivern-ex,Noivern,2,7,7,1,48.89,united-wings,United Wings,1,100.0,overall,2026-05-25T16:43:39.969918+00:00
BRS-SSP,"10,11,12,13,14,15,16,17",8,noivern-ex,Noivern,2,7,7,1,48.89,ceruledge-ex,Ceruledge,1,0.0,overall,2026-05-25T16:43:39.969918+00:00
BRS-SSP,"10,11,12,13,14,15,16,17",8,noivern-ex,Noivern,2,7,7,1,48.89,lugia-archeops,Lugia Archeops,1,0.0,overall,2026-05-25T16:43:39.969918+00:00
BRS-SSP,"10,11,12,13,14,15,16,17",8,ogerpon-noivern,Ogerpon Noivern,28,73,109,31,39.12,regidrago-vstar,Regidrago,24,22.22,overall,2026-05-25T16:43:42.480025+00:00
BRS-SSP,"10,11,12,13,14,15,16,17",8,ogerpon-noivern,Ogerpon Noivern,28,73,109,31,39.12,charizard-pidgeot,Charizard Pidgeot,22,71.21,overall,2026-05-25T16:43:42.480025+00:00
BRS-SSP,"10,11,12,13,14,15,16,17",8,ogerpon-noivern,Ogerpon Noivern,28,73,109,31,39.12,raging-bolt-ogerpon,Raging Bolt Ogerpon,16,54.17,overall,2026-05-25T16:43:42.480025+00:00
BRS-SSP,"10,11,12,13,14,15,16,17",8,ogerpon-noivern,Ogerpon Noivern,28,73,109,31,39.12,roaring-moon-ex,Roaring Moon,14,14.29,overall,2026-05-25T16:43:42.480025+00:00
BRS-SSP,"10,11,12,13,14,15,16,17",8,ogerpon-noivern,Ogerpon Noivern,28,73,109,31,39.12,gardevoir-ex-sv,Gardevoir,12,2.78,overall,2026-05-25T16:43:42.480025+00:00
BRS-SSP,"10,11,12,13,14,15,16,17",8,ogerpon-noivern,Ogerpon Noivern,28,73,109,31,39.12,gholdengo-ex,Gholdengo,12,94.44,overall,2026-05-25T16:43:42.480025+00:00
BRS-SSP,"10,11,12,13,14,15,16,17",8,ogerpon-noivern,Ogerpon Noivern,28,73,109,31,39.12,lost-zone-box,Lost Zone Box,11,51.52,overall,2026-05-25T16:43:42.480025+00:00
BRS-SSP,"10,11,12,13,14,15,16,17",8,ogerpon-noivern,Ogerpon Noivern,28,73,109,31,39.12,miraidon-ex,Miraidon,10,50.0,overall,2026-05-25T16:43:42.480025+00:00
BRS-SSP,"10,11,12,13,14,15,16,17",8,ogerpon-noivern,Ogerpon Noivern,28,73,109,31,39.12,poison-terapagos,Poison Terapagos,8,4.17,overall,2026-05-25T16:43:42.480025+00:00
BRS-SSP,"10,11,12,13,14,15,16,17",8,ogerpon-noivern,Ogerpon Noivern,28,73,109,31,39.12,snorlax-stall,Snorlax Stall,7,47.62,overall,2026-05-25T16:43:42.480025+00:00
BRS-SSP,"10,11,12,13,14,15,16,17",8,ogerpon-noivern,Ogerpon Noivern,28,73,109,31,39.12,lugia-archeops,Lugia Archeops,6,5.56,overall,2026-05-25T16:43:42.480025+00:00
BRS-SSP,"10,11,12,13,14,15,16,17",8,ogerpon-noivern,Ogerpon Noivern,28,73,109,31,39.12,palkia-dusknoir,Palkia Dusknoir,6,44.44,overall,2026-05-25T16:43:42.480025+00:00
BRS-SSP,"10,11,12,13,14,15,16,17",8,ogerpon-noivern,Ogerpon Noivern,28,73,109,31,39.12,terapagos-noctowl,Terapagos Noctowl,6,27.78,overall,2026-05-25T16:43:42.480025+00:00
BRS-SSP,"10,11,12,13,14,15,16,17",8,ogerpon-noivern,Ogerpon Noivern,28,73,109,31,39.12,pidgeot-control,Pidgeot Control,4,8.33,overall,2026-05-25T16:43:42.480025+00:00
BRS-SSP,"10,11,12,13,14,15,16,17",8,ogerpon-noivern,Ogerpon Noivern,28,73,109,31,39.12,ancient-box,Ancient Box,4,25.0,overall,2026-05-25T16:43:42.480025+00:00
BRS-SSP,"10,11,12,13,14,15,16,17",8,ogerpon-noivern,Ogerpon Noivern,28,73,109,31,39.12,archaludon-dialga,Archaludon Dialga,4,0.0,overall,2026-05-25T16:43:42.480025+00:00
BRS-SSP,"10,11,12,13,14,15,16,17",8,ogerpon-noivern,Ogerpon Noivern,28,73,109,31,39.12,klawf-par,Klawf,3,0.0,overall,2026-05-25T16:43:42.480025+00:00
BRS-SSP,"10,11,12,13,14,15,16,17",8,ogerpon-noivern,Ogerpon Noivern,28,73,109,31,39.12,charizard-noctowl,Charizard Noctowl,3,66.67,overall,2026-05-25T16:43:42.480025+00:00
BRS-SSP,"10,11,12,13,14,15,16,17",8,ogerpon-noivern,Ogerpon Noivern,28,73,109,31,39.12,mimikyu-ogerpon,Mimikyu Ogerpon,3,33.33,overall,2026-05-25T16:43:42.480025+00:00
BRS-SSP,"10,11,12,13,14,15,16,17",8,ogerpon-noivern,Ogerpon Noivern,28,73,109,31,39.12,greninja-ex,Greninja,3,66.67,overall,2026-05-25T16:43:42.480025+00:00
BRS-SSP,"10,11,12,13,14,15,16,17",8,ogerpon-noivern,Ogerpon Noivern,28,73,109,31,39.12,chien-pao-baxcalibur,Chien-Pao Baxcalibur,2,0.0,overall,2026-05-25T16:43:42.480025+00:00
BRS-SSP,"10,11,12,13,14,15,16,17",8,ogerpon-noivern,Ogerpon Noivern,28,73,109,31,39.12,dragapult-dusknoir,Dragapult Dusknoir,2,66.67,overall,2026-05-25T16:43:42.480025+00:00
BRS-SSP,"10,11,12,13,14,15,16,17",8,ogerpon-noivern,Ogerpon Noivern,28,73,109,31,39.12,lzb-charizard,Lost Box Charizard,2,0.0,overall,2026-05-25T16:43:42.480025+00:00
BRS-SSP,"10,11,12,13,14,15,16,17",8,ogerpon-noivern,Ogerpon Noivern,28,73,109,31,39.12,hydreigon-ex,Hydreigon,2,0.0,overall,2026-05-25T16:43:42.480025+00:00
BRS-SSP,"10,11,12,13,14,15,16,17",8,ogerpon-noivern,Ogerpon Noivern,28,73,109,31,39.12,archaludon-ex,Archaludon,2,100.0,overall,2026-05-25T16:43:42.480025+00:00
BRS-SSP,"10,11,12,13,14,15,16,17",8,ogerpon-noivern,Ogerpon Noivern,28,73,109,31,39.12,dragapult-ex,Dragapult,2,16.67,overall,2026-05-25T16:43:42.480025+00:00
BRS-SSP,"10,11,12,13,14,15,16,17",8,ogerpon-noivern,Ogerpon Noivern,28,73,109,31,39.12,iron-thorns-ex,Iron Thorns,2,50.0,overall,2026-05-25T16:43:42.480025+00:00
BRS-SSP,"10,11,12,13,14,15,16,17",8,ogerpon-noivern,Ogerpon Noivern,28,73,109,31,39.12,ceruledge-ex,Ceruledge,2,0.0,overall,2026-05-25T16:43:42.480025+00:00
BRS-SSP,"10,11,12,13,14,15,16,17",8,ogerpon-noivern,Ogerpon Noivern,28,73,109,31,39.12,dragapult-iron-thorns,Dragapult Iron Thorns,2,50.0,overall,2026-05-25T16:43:42.480025+00:00
BRS-SSP,"10,11,12,13,14,15,16,17",8,ogerpon-noivern,Ogerpon Noivern,28,73,109,31,39.12,cornerstone-mask-ogerpon-ex,Cornerstone Mask Ogerpon,1,100.0,overall,2026-05-25T16:43:42.480025+00:00
BRS-SSP,"10,11,12,13,14,15,16,17",8,ogerpon-noivern,Ogerpon Noivern,28,73,109,31,39.12,toedscruel-ex,Toedscruel,1,0.0,overall,2026-05-25T16:43:42.480025+00:00
BRS-SSP,"10,11,12,13,14,15,16,17",8,ogerpon-noivern,Ogerpon Noivern,28,73,109,31,39.12,dragapult-pidgeot,Dragapult Pidgeot,1,100.0,overall,2026-05-25T16:43:42.480025+00:00
BRS-SSP,"10,11,12,13,14,15,16,17",8,ogerpon-noivern,Ogerpon Noivern,28,73,109,31,39.12,ogerpon-noivern,Ogerpon Noivern,1,50.0,overall,2026-05-25T16:43:42.480025+00:00
BRS-SSP,"10,11,12,13,14,15,16,17",8,ogerpon-noivern,Ogerpon Noivern,28,73,109,31,39.12,meowscarada-ex,Meowscarada,1,100.0,overall,2026-05-25T16:43:42.480025+00:00
BRS-SSP,"10,11,12,13,14,15,16,17",8,ogerpon-noivern,Ogerpon Noivern,28,73,109,31,39.12,banette-gardevoir,Banette Gardevoir,1,0.0,overall,2026-05-25T16:43:42.480025+00:00
BRS-SSP,"10,11,12,13,14,15,16,17",8,ogerpon-noivern,Ogerpon Noivern,28,73,109,31,39.12,cinderace-ex,Cinderace,1,0.0,overall,2026-05-25T16:43:42.480025+00:00
BRS-SSP,"10,11,12,13,14,15,16,17",8,ogerpon-noivern,Ogerpon Noivern,28,73,109,31,39.12,tinkaton-ex,Tinkaton,1,0.0,overall,2026-05-25T16:43:42.480025+00:00
BRS-SSP,"10,11,12,13,14,15,16,17",8,ogerpon-noivern,Ogerpon Noivern,28,73,109,31,39.12,flygon-ex-ssp,Flygon,1,100.0,overall,2026-05-25T16:43:42.480025+00:00
BRS-SSP,"10,11,12,13,14,15,16,17",8,ogerpon-noivern,Ogerpon Noivern,28,73,109,31,39.12,slaking-ex,Slaking,1,100.0,overall,2026-05-25T16:43:42.480025+00:00
BRS-SSP,"10,11,12,13,14,15,16,17",8,ogerpon-noivern,Ogerpon Noivern,28,73,109,31,39.12,other,Other,1,100.0,overall,2026-05-25T16:43:42.480025+00:00
BRS-SSP,"10,11,12,13,14,15,16,17",8,ogerpon-noivern,Ogerpon Noivern,28,73,109,31,39.12,tsareena-ex,Tsareena,1,0.0,overall,2026-05-25T16:43:42.480025+00:00
BRS-SSP,"10,11,12,13,14,15,16,17",8,ogerpon-noivern,Ogerpon Noivern,28,73,109,31,39.12,hydrapple-ex,Hydrapple,1,0.0,overall,2026-05-25T16:43:42.480025+00:00
BRS-SSP,"10,11,12,13,14,15,16,17",8,ogerpon-noivern,Ogerpon Noivern,28,73,109,31,39.12,okidogi-ex,Okidogi,1,0.0,overall,2026-05-25T16:43:42.480025+00:00
BRS-SSP,"10,11,12,13,14,15,16,17",8,ogerpon-noivern,Ogerpon Noivern,28,73,109,31,39.12,espathra-xatu,Espathra Xatu,1,100.0,overall,2026-05-25T16:43:42.480025+00:00
BRS-SSP,"10,11,12,13,14,15,16,17",8,okidogi-ex,Okidogi,16,35,58,13,37.11,regidrago-vstar,Regidrago,15,42.22,overall,2026-05-25T16:43:44.930669+00:00
BRS-SSP,"10,11,12,13,14,15,16,17",8,okidogi-ex,Okidogi,16,35,58,13,37.11,raging-bolt-ogerpon,Raging Bolt Ogerpon,13,20.51,overall,2026-05-25T16:43:44.930669+00:00
BRS-SSP,"10,11,12,13,14,15,16,17",8,okidogi-ex,Okidogi,16,35,58,13,37.11,gholdengo-ex,Gholdengo,11,48.48,overall,2026-05-25T16:43:44.930669+00:00
BRS-SSP,"10,11,12,13,14,15,16,17",8,okidogi-ex,Okidogi,16,35,58,13,37.11,charizard-pidgeot,Charizard Pidgeot,9,44.44,overall,2026-05-25T16:43:44.930669+00:00
BRS-SSP,"10,11,12,13,14,15,16,17",8,okidogi-ex,Okidogi,16,35,58,13,37.11,roaring-moon-ex,Roaring Moon,5,60.0,overall,2026-05-25T16:43:44.930669+00:00
BRS-SSP,"10,11,12,13,14,15,16,17",8,okidogi-ex,Okidogi,16,35,58,13,37.11,dragapult-dusknoir,Dragapult Dusknoir,4,100.0,overall,2026-05-25T16:43:44.930669+00:00
BRS-SSP,"10,11,12,13,14,15,16,17",8,okidogi-ex,Okidogi,16,35,58,13,37.11,lugia-archeops,Lugia Archeops,4,0.0,overall,2026-05-25T16:43:44.930669+00:00
BRS-SSP,"10,11,12,13,14,15,16,17",8,okidogi-ex,Okidogi,16,35,58,13,37.11,terapagos-noctowl,Terapagos Noctowl,4,25.0,overall,2026-05-25T16:43:44.930669+00:00
BRS-SSP,"10,11,12,13,14,15,16,17",8,okidogi-ex,Okidogi,16,35,58,13,37.11,gardevoir-ex-sv,Gardevoir,4,58.33,overall,2026-05-25T16:43:44.930669+00:00
BRS-SSP,"10,11,12,13,14,15,16,17",8,okidogi-ex,Okidogi,16,35,58,13,37.11,archaludon-ex,Archaludon,4,33.33,overall,2026-05-25T16:43:44.930669+00:00
BRS-SSP,"10,11,12,13,14,15,16,17",8,okidogi-ex,Okidogi,16,35,58,13,37.11,poison-terapagos,Poison Terapagos,4,25.0,overall,2026-05-25T16:43:44.930669+00:00
BRS-SSP,"10,11,12,13,14,15,16,17",8,okidogi-ex,Okidogi,16,35,58,13,37.11,miraidon-ex,Miraidon,3,33.33,overall,2026-05-25T16:43:44.930669+00:00
BRS-SSP,"10,11,12,13,14,15,16,17",8,okidogi-ex,Okidogi,16,35,58,13,37.11,snorlax-stall,Snorlax Stall,3,66.67,overall,2026-05-25T16:43:44.930669+00:00
BRS-SSP,"10,11,12,13,14,15,16,17",8,okidogi-ex,Okidogi,16,35,58,13,37.11,archaludon-dialga,Archaludon Dialga,3,33.33,overall,2026-05-25T16:43:44.930669+00:00
BRS-SSP,"10,11,12,13,14,15,16,17",8,okidogi-ex,Okidogi,16,35,58,13,37.11,iron-thorns-ex,Iron Thorns,2,0.0,overall,2026-05-25T16:43:44.930669+00:00
BRS-SSP,"10,11,12,13,14,15,16,17",8,okidogi-ex,Okidogi,16,35,58,13,37.11,ceruledge-ex,Ceruledge,2,0.0,overall,2026-05-25T16:43:44.930669+00:00
BRS-SSP,"10,11,12,13,14,15,16,17",8,okidogi-ex,Okidogi,16,35,58,13,37.11,lost-zone-box,Lost Zone Box,2,0.0,overall,2026-05-25T16:43:44.930669+00:00
BRS-SSP,"10,11,12,13,14,15,16,17",8,okidogi-ex,Okidogi,16,35,58,13,37.11,dragapult-iron-thorns,Dragapult Iron Thorns,2,0.0,overall,2026-05-25T16:43:44.930669+00:00
BRS-SSP,"10,11,12,13,14,15,16,17",8,okidogi-ex,Okidogi,16,35,58,13,37.11,palkia-noctowl,Palkia Noctowl,2,50.0,overall,2026-05-25T16:43:44.930669+00:00
BRS-SSP,"10,11,12,13,14,15,16,17",8,okidogi-ex,Okidogi,16,35,58,13,37.11,hydreigon-ex,Hydreigon,1,0.0,overall,2026-05-25T16:43:44.930669+00:00
BRS-SSP,"10,11,12,13,14,15,16,17",8,okidogi-ex,Okidogi,16,35,58,13,37.11,lzb-charizard,Lost Box Charizard,1,0.0,overall,2026-05-25T16:43:44.930669+00:00
BRS-SSP,"10,11,12,13,14,15,16,17",8,okidogi-ex,Okidogi,16,35,58,13,37.11,slaking-ex,Slaking,1,0.0,overall,2026-05-25T16:43:44.930669+00:00
BRS-SSP,"10,11,12,13,14,15,16,17",8,okidogi-ex,Okidogi,16,35,58,13,37.11,ancient-box,Ancient Box,1,0.0,overall,2026-05-25T16:43:44.930669+00:00
BRS-SSP,"10,11,12,13,14,15,16,17",8,okidogi-ex,Okidogi,16,35,58,13,37.11,chien-pao-baxcalibur,Chien-Pao Baxcalibur,1,0.0,overall,2026-05-25T16:43:44.930669+00:00
BRS-SSP,"10,11,12,13,14,15,16,17",8,okidogi-ex,Okidogi,16,35,58,13,37.11,pidgeot-control,Pidgeot Control,1,100.0,overall,2026-05-25T16:43:44.930669+00:00
BRS-SSP,"10,11,12,13,14,15,16,17",8,okidogi-ex,Okidogi,16,35,58,13,37.11,banette-gardevoir,Banette Gardevoir,1,100.0,overall,2026-05-25T16:43:44.930669+00:00
BRS-SSP,"10,11,12,13,14,15,16,17",8,okidogi-ex,Okidogi,16,35,58,13,37.11,ogerpon-noivern,Ogerpon Noivern,1,100.0,overall,2026-05-25T16:43:44.930669+00:00
BRS-SSP,"10,11,12,13,14,15,16,17",8,okidogi-ex,Okidogi,16,35,58,13,37.11,other,Other,1,0.0,overall,2026-05-25T16:43:44.930669+00:00
BRS-SSP,"10,11,12,13,14,15,16,17",8,okidogi-ex,Okidogi,16,35,58,13,37.11,palkia-dusknoir,Palkia Dusknoir,1,33.33,overall,2026-05-25T16:43:44.930669+00:00
BRS-SSP,"10,11,12,13,14,15,16,17",8,okidogi-twm,Okidogi,4,10,13,2,42.67,raging-bolt-ogerpon,Raging Bolt Ogerpon,4,75.0,overall,2026-05-25T16:43:47.375108+00:00
BRS-SSP,"10,11,12,13,14,15,16,17",8,okidogi-twm,Okidogi,4,10,13,2,42.67,miraidon-ex,Miraidon,3,66.67,overall,2026-05-25T16:43:47.375108+00:00
BRS-SSP,"10,11,12,13,14,15,16,17",8,okidogi-twm,Okidogi,4,10,13,2,42.67,charizard-pidgeot,Charizard Pidgeot,3,33.33,overall,2026-05-25T16:43:47.375108+00:00
BRS-SSP,"10,11,12,13,14,15,16,17",8,okidogi-twm,Okidogi,4,10,13,2,42.67,regidrago-vstar,Regidrago,2,50.0,overall,2026-05-25T16:43:47.375108+00:00
BRS-SSP,"10,11,12,13,14,15,16,17",8,okidogi-twm,Okidogi,4,10,13,2,42.67,palkia-noctowl,Palkia Noctowl,2,16.67,overall,2026-05-25T16:43:47.375108+00:00
BRS-SSP,"10,11,12,13,14,15,16,17",8,okidogi-twm,Okidogi,4,10,13,2,42.67,gardevoir-ex-sv,Gardevoir,1,0.0,overall,2026-05-25T16:43:47.375108+00:00
BRS-SSP,"10,11,12,13,14,15,16,17",8,okidogi-twm,Okidogi,4,10,13,2,42.67,ceruledge-ex,Ceruledge,1,33.33,overall,2026-05-25T16:43:47.375108+00:00
BRS-SSP,"10,11,12,13,14,15,16,17",8,okidogi-twm,Okidogi,4,10,13,2,42.67,dragapult-iron-thorns,Dragapult Iron Thorns,1,0.0,overall,2026-05-25T16:43:47.375108+00:00
BRS-SSP,"10,11,12,13,14,15,16,17",8,okidogi-twm,Okidogi,4,10,13,2,42.67,klawf-par,Klawf,1,0.0,overall,2026-05-25T16:43:47.375108+00:00
BRS-SSP,"10,11,12,13,14,15,16,17",8,okidogi-twm,Okidogi,4,10,13,2,42.67,gouging-fire-ex,Gouging Fire,1,0.0,overall,2026-05-25T16:43:47.375108+00:00
BRS-SSP,"10,11,12,13,14,15,16,17",8,okidogi-twm,Okidogi,4,10,13,2,42.67,chien-pao-baxcalibur,Chien-Pao Baxcalibur,1,100.0,overall,2026-05-25T16:43:47.375108+00:00
BRS-SSP,"10,11,12,13,14,15,16,17",8,okidogi-twm,Okidogi,4,10,13,2,42.67,dragapult-dusknoir,Dragapult Dusknoir,1,0.0,overall,2026-05-25T16:43:47.375108+00:00
BRS-SSP,"10,11,12,13,14,15,16,17",8,okidogi-twm,Okidogi,4,10,13,2,42.67,banette-ex-sv,Banette,1,0.0,overall,2026-05-25T16:43:47.375108+00:00
BRS-SSP,"10,11,12,13,14,15,16,17",8,okidogi-twm,Okidogi,4,10,13,2,42.67,other,Other,1,0.0,overall,2026-05-25T16:43:47.375108+00:00
BRS-SSP,"10,11,12,13,14,15,16,17",8,okidogi-twm,Okidogi,4,10,13,2,42.67,hisuian-zoroark-vstar,Hisuian Zoroark,1,100.0,overall,2026-05-25T16:43:47.375108+00:00
BRS-SSP,"10,11,12,13,14,15,16,17",8,okidogi-twm,Okidogi,4,10,13,2,42.67,palkia-vstar,Palkia,1,100.0,overall,2026-05-25T16:43:47.375108+00:00
BRS-SSP,"10,11,12,13,14,15,16,17",8,other,Other,134,271,521,132,34.09,regidrago-vstar,Regidrago,111,28.23,overall,2026-05-25T16:43:49.824856+00:00
BRS-SSP,"10,11,12,13,14,15,16,17",8,other,Other,134,271,521,132,34.09,charizard-pidgeot,Charizard Pidgeot,103,26.86,overall,2026-05-25T16:43:49.824856+00:00
BRS-SSP,"10,11,12,13,14,15,16,17",8,other,Other,134,271,521,132,34.09,raging-bolt-ogerpon,Raging Bolt Ogerpon,79,35.44,overall,2026-05-25T16:43:49.824856+00:00
BRS-SSP,"10,11,12,13,14,15,16,17",8,other,Other,134,271,521,132,34.09,gholdengo-ex,Gholdengo,49,34.69,overall,2026-05-25T16:43:49.824856+00:00
BRS-SSP,"10,11,12,13,14,15,16,17",8,other,Other,134,271,521,132,34.09,gardevoir-ex-sv,Gardevoir,47,26.95,overall,2026-05-25T16:43:49.824856+00:00
BRS-SSP,"10,11,12,13,14,15,16,17",8,other,Other,134,271,521,132,34.09,miraidon-ex,Miraidon,42,50.79,overall,2026-05-25T16:43:49.824856+00:00
BRS-SSP,"10,11,12,13,14,15,16,17",8,other,Other,134,271,521,132,34.09,roaring-moon-ex,Roaring Moon,37,23.42,overall,2026-05-25T16:43:49.824856+00:00
BRS-SSP,"10,11,12,13,14,15,16,17",8,other,Other,134,271,521,132,34.09,lost-zone-box,Lost Zone Box,34,45.1,overall,2026-05-25T16:43:49.824856+00:00
BRS-SSP,"10,11,12,13,14,15,16,17",8,other,Other,134,271,521,132,34.09,lugia-archeops,Lugia Archeops,33,30.3,overall,2026-05-25T16:43:49.824856+00:00
BRS-SSP,"10,11,12,13,14,15,16,17",8,other,Other,134,271,521,132,34.09,dragapult-iron-thorns,Dragapult Iron Thorns,28,51.19,overall,2026-05-25T16:43:49.824856+00:00
BRS-SSP,"10,11,12,13,14,15,16,17",8,other,Other,134,271,521,132,34.09,poison-terapagos,Poison Terapagos,25,28.0,overall,2026-05-25T16:43:49.824856+00:00
BRS-SSP,"10,11,12,13,14,15,16,17",8,other,Other,134,271,521,132,34.09,ancient-box,Ancient Box,23,49.28,overall,2026-05-25T16:43:49.824856+00:00
BRS-SSP,"10,11,12,13,14,15,16,17",8,other,Other,134,271,521,132,34.09,snorlax-stall,Snorlax Stall,23,27.54,overall,2026-05-25T16:43:49.824856+00:00
BRS-SSP,"10,11,12,13,14,15,16,17",8,other,Other,134,271,521,132,34.09,terapagos-noctowl,Terapagos Noctowl,22,28.79,overall,2026-05-25T16:43:49.824856+00:00
BRS-SSP,"10,11,12,13,14,15,16,17",8,other,Other,134,271,521,132,34.09,ceruledge-ex,Ceruledge,22,57.58,overall,2026-05-25T16:43:49.824856+00:00
BRS-SSP,"10,11,12,13,14,15,16,17",8,other,Other,134,271,521,132,34.09,archaludon-dialga,Archaludon Dialga,22,19.7,overall,2026-05-25T16:43:49.824856+00:00
BRS-SSP,"10,11,12,13,14,15,16,17",8,other,Other,134,271,521,132,34.09,dragapult-dusknoir,Dragapult Dusknoir,21,33.33,overall,2026-05-25T16:43:49.824856+00:00
BRS-SSP,"10,11,12,13,14,15,16,17",8,other,Other,134,271,521,132,34.09,hydreigon-ex,Hydreigon,16,29.17,overall,2026-05-25T16:43:49.824856+00:00
BRS-SSP,"10,11,12,13,14,15,16,17",8,other,Other,134,271,521,132,34.09,archaludon-ex,Archaludon,13,20.51,overall,2026-05-25T16:43:49.824856+00:00
BRS-SSP,"10,11,12,13,14,15,16,17",8,other,Other,134,271,521,132,34.09,palkia-dusknoir,Palkia Dusknoir,11,6.06,overall,2026-05-25T16:43:49.824856+00:00
BRS-SSP,"10,11,12,13,14,15,16,17",8,other,Other,134,271,521,132,34.09,dragapult-pidgeot,Dragapult Pidgeot,11,33.33,overall,2026-05-25T16:43:49.824856+00:00
BRS-SSP,"10,11,12,13,14,15,16,17",8,other,Other,134,271,521,132,34.09,other,Other,10,45.0,overall,2026-05-25T16:43:49.824856+00:00
BRS-SSP,"10,11,12,13,14,15,16,17",8,other,Other,134,271,521,132,34.09,iron-thorns-ex,Iron Thorns,10,33.33,overall,2026-05-25T16:43:49.824856+00:00
BRS-SSP,"10,11,12,13,14,15,16,17",8,other,Other,134,271,521,132,34.09,mimikyu-ogerpon,Mimikyu Ogerpon,9,44.44,overall,2026-05-25T16:43:49.824856+00:00
BRS-SSP,"10,11,12,13,14,15,16,17",8,other,Other,134,271,521,132,34.09,klawf-par,Klawf,9,22.22,overall,2026-05-25T16:43:49.824856+00:00
BRS-SSP,"10,11,12,13,14,15,16,17",8,other,Other,134,271,521,132,34.09,chien-pao-baxcalibur,Chien-Pao Baxcalibur,8,25.0,overall,2026-05-25T16:43:49.824856+00:00
BRS-SSP,"10,11,12,13,14,15,16,17",8,other,Other,134,271,521,132,34.09,pidgeot-control,Pidgeot Control,7,28.57,overall,2026-05-25T16:43:49.824856+00:00
BRS-SSP,"10,11,12,13,14,15,16,17",8,other,Other,134,271,521,132,34.09,palkia-noctowl,Palkia Noctowl,7,28.57,overall,2026-05-25T16:43:49.824856+00:00
BRS-SSP,"10,11,12,13,14,15,16,17",8,other,Other,134,271,521,132,34.09,greninja-ex,Greninja,6,33.33,overall,2026-05-25T16:43:49.824856+00:00
BRS-SSP,"10,11,12,13,14,15,16,17",8,other,Other,134,271,521,132,34.09,gouging-fire-ex,Gouging Fire,5,20.0,overall,2026-05-25T16:43:49.824856+00:00
BRS-SSP,"10,11,12,13,14,15,16,17",8,other,Other,134,271,521,132,34.09,conkeldurr-twm,Conkeldurr,4,33.33,overall,2026-05-25T16:43:49.824856+00:00
BRS-SSP,"10,11,12,13,14,15,16,17",8,other,Other,134,271,521,132,34.09,charizard-noctowl,Charizard Noctowl,4,100.0,overall,2026-05-25T16:43:49.824856+00:00
BRS-SSP,"10,11,12,13,14,15,16,17",8,other,Other,134,271,521,132,34.09,banette-gardevoir,Banette Gardevoir,4,33.33,overall,2026-05-25T16:43:49.824856+00:00
BRS-SSP,"10,11,12,13,14,15,16,17",8,other,Other,134,271,521,132,34.09,rotom-v,Rotom,4,66.67,overall,2026-05-25T16:43:49.824856+00:00
BRS-SSP,"10,11,12,13,14,15,16,17",8,other,Other,134,271,521,132,34.09,united-wings,United Wings,3,0.0,overall,2026-05-25T16:43:49.824856+00:00
BRS-SSP,"10,11,12,13,14,15,16,17",8,other,Other,134,271,521,132,34.09,dragapult-ex,Dragapult,3,33.33,overall,2026-05-25T16:43:49.824856+00:00
BRS-SSP,"10,11,12,13,14,15,16,17",8,other,Other,134,271,521,132,34.09,palkia-vstar,Palkia,3,66.67,overall,2026-05-25T16:43:49.824856+00:00
BRS-SSP,"10,11,12,13,14,15,16,17",8,other,Other,134,271,521,132,34.09,tsareena-ex,Tsareena,3,55.56,overall,2026-05-25T16:43:49.824856+00:00
BRS-SSP,"10,11,12,13,14,15,16,17",8,other,Other,134,271,521,132,34.09,flygon-ex-ssp,Flygon,3,66.67,overall,2026-05-25T16:43:49.824856+00:00
BRS-SSP,"10,11,12,13,14,15,16,17",8,other,Other,134,271,521,132,34.09,blissey-ex,Blissey,2,16.67,overall,2026-05-25T16:43:49.824856+00:00
BRS-SSP,"10,11,12,13,14,15,16,17",8,other,Other,134,271,521,132,34.09,galvantula-ex,Galvantula,2,100.0,overall,2026-05-25T16:43:49.824856+00:00
BRS-SSP,"10,11,12,13,14,15,16,17",8,other,Other,134,271,521,132,34.09,hydrapple-ogerpon,Hydrapple Ogerpon,2,33.33,overall,2026-05-25T16:43:49.824856+00:00
BRS-SSP,"10,11,12,13,14,15,16,17",8,other,Other,134,271,521,132,34.09,arceus-armarouge,Arceus Armarouge,2,66.67,overall,2026-05-25T16:43:49.824856+00:00
BRS-SSP,"10,11,12,13,14,15,16,17",8,other,Other,134,271,521,132,34.09,gengar-ex,Gengar,2,50.0,overall,2026-05-25T16:43:49.824856+00:00
BRS-SSP,"10,11,12,13,14,15,16,17",8,other,Other,134,271,521,132,34.09,tinkaton-ex,Tinkaton,2,50.0,overall,2026-05-25T16:43:49.824856+00:00
BRS-SSP,"10,11,12,13,14,15,16,17",8,other,Other,134,271,521,132,34.09,iron-hands-ex,Future Hands,2,66.67,overall,2026-05-25T16:43:49.824856+00:00
BRS-SSP,"10,11,12,13,14,15,16,17",8,other,Other,134,271,521,132,34.09,festival-lead,Dipplin,2,50.0,overall,2026-05-25T16:43:49.824856+00:00
BRS-SSP,"10,11,12,13,14,15,16,17",8,other,Other,134,271,521,132,34.09,lzb-charizard,Lost Box Charizard,1,0.0,overall,2026-05-25T16:43:49.824856+00:00
BRS-SSP,"10,11,12,13,14,15,16,17",8,other,Other,134,271,521,132,34.09,hisuian-zoroark-vstar,Hisuian Zoroark,1,100.0,overall,2026-05-25T16:43:49.824856+00:00
BRS-SSP,"10,11,12,13,14,15,16,17",8,other,Other,134,271,521,132,34.09,pikachu-regigigas,Pikachu Regis,1,33.33,overall,2026-05-25T16:43:49.824856+00:00
BRS-SSP,"10,11,12,13,14,15,16,17",8,other,Other,134,271,521,132,34.09,meowscarada-ex,Meowscarada,1,100.0,overall,2026-05-25T16:43:49.824856+00:00
BRS-SSP,"10,11,12,13,14,15,16,17",8,other,Other,134,271,521,132,34.09,torterra-ex,Torterra,1,33.33,overall,2026-05-25T16:43:49.824856+00:00
BRS-SSP,"10,11,12,13,14,15,16,17",8,other,Other,134,271,521,132,34.09,okidogi-twm,Okidogi,1,100.0,overall,2026-05-25T16:43:49.824856+00:00
BRS-SSP,"10,11,12,13,14,15,16,17",8,other,Other,134,271,521,132,34.09,raging-bolt-palkia,Raging Bolt Palkia,1,0.0,overall,2026-05-25T16:43:49.824856+00:00
BRS-SSP,"10,11,12,13,14,15,16,17",8,other,Other,134,271,521,132,34.09,giratina-lz-box,Giratina LZ Box,1,0.0,overall,2026-05-25T16:43:49.824856+00:00
BRS-SSP,"10,11,12,13,14,15,16,17",8,other,Other,134,271,521,132,34.09,ogerpon-noivern,Ogerpon Noivern,1,0.0,overall,2026-05-25T16:43:49.824856+00:00
BRS-SSP,"10,11,12,13,14,15,16,17",8,other,Other,134,271,521,132,34.09,venomoth-froslass,Venomoth Froslass,1,0.0,overall,2026-05-25T16:43:49.824856+00:00
BRS-SSP,"10,11,12,13,14,15,16,17",8,other,Other,134,271,521,132,34.09,hydrapple-ex,Hydrapple,1,0.0,overall,2026-05-25T16:43:49.824856+00:00
BRS-SSP,"10,11,12,13,14,15,16,17",8,other,Other,134,271,521,132,34.09,scovillain-ex,Scovillain,1,100.0,overall,2026-05-25T16:43:49.824856+00:00
BRS-SSP,"10,11,12,13,14,15,16,17",8,other,Other,134,271,521,132,34.09,iron-valiant-ex,Iron Valiant,1,0.0,overall,2026-05-25T16:43:49.824856+00:00
BRS-SSP,"10,11,12,13,14,15,16,17",8,other,Other,134,271,521,132,34.09,azumarill-ssp,Azumarill,1,0.0,overall,2026-05-25T16:43:49.824856+00:00
BRS-SSP,"10,11,12,13,14,15,16,17",8,other,Other,134,271,521,132,34.09,okidogi-ex,Okidogi,1,100.0,overall,2026-05-25T16:43:49.824856+00:00
BRS-SSP,"10,11,12,13,14,15,16,17",8,other,Other,134,271,521,132,34.09,toedscruel-ex,Toedscruel,1,33.33,overall,2026-05-25T16:43:49.824856+00:00
BRS-SSP,"10,11,12,13,14,15,16,17",8,other,Other,134,271,521,132,34.09,alakazam-ex,Alakazam,1,100.0,overall,2026-05-25T16:43:49.824856+00:00
BRS-SSP,"10,11,12,13,14,15,16,17",8,palafin-ex,Palafin,12,32,45,13,40.37,regidrago-vstar,Regidrago,15,60.0,overall,2026-05-25T16:43:52.286923+00:00
BRS-SSP,"10,11,12,13,14,15,16,17",8,palafin-ex,Palafin,12,32,45,13,40.37,charizard-pidgeot,Charizard Pidgeot,10,6.67,overall,2026-05-25T16:43:52.286923+00:00
BRS-SSP,"10,11,12,13,14,15,16,17",8,palafin-ex,Palafin,12,32,45,13,40.37,raging-bolt-ogerpon,Raging Bolt Ogerpon,7,47.62,overall,2026-05-25T16:43:52.286923+00:00
BRS-SSP,"10,11,12,13,14,15,16,17",8,palafin-ex,Palafin,12,32,45,13,40.37,gholdengo-ex,Gholdengo,5,40.0,overall,2026-05-25T16:43:52.286923+00:00
BRS-SSP,"10,11,12,13,14,15,16,17",8,palafin-ex,Palafin,12,32,45,13,40.37,gardevoir-ex-sv,Gardevoir,5,0.0,overall,2026-05-25T16:43:52.286923+00:00
BRS-SSP,"10,11,12,13,14,15,16,17",8,palafin-ex,Palafin,12,32,45,13,40.37,dragapult-iron-thorns,Dragapult Iron Thorns,5,53.33,overall,2026-05-25T16:43:52.286923+00:00
BRS-SSP,"10,11,12,13,14,15,16,17",8,palafin-ex,Palafin,12,32,45,13,40.37,ceruledge-ex,Ceruledge,4,33.33,overall,2026-05-25T16:43:52.286923+00:00
BRS-SSP,"10,11,12,13,14,15,16,17",8,palafin-ex,Palafin,12,32,45,13,40.37,lost-zone-box,Lost Zone Box,3,33.33,overall,2026-05-25T16:43:52.286923+00:00
BRS-SSP,"10,11,12,13,14,15,16,17",8,palafin-ex,Palafin,12,32,45,13,40.37,palkia-noctowl,Palkia Noctowl,3,77.78,overall,2026-05-25T16:43:52.286923+00:00
BRS-SSP,"10,11,12,13,14,15,16,17",8,palafin-ex,Palafin,12,32,45,13,40.37,lugia-archeops,Lugia Archeops,3,33.33,overall,2026-05-25T16:43:52.286923+00:00
BRS-SSP,"10,11,12,13,14,15,16,17",8,palafin-ex,Palafin,12,32,45,13,40.37,festival-lead,Dipplin,2,50.0,overall,2026-05-25T16:43:52.286923+00:00
BRS-SSP,"10,11,12,13,14,15,16,17",8,palafin-ex,Palafin,12,32,45,13,40.37,roaring-moon-ex,Roaring Moon,2,16.67,overall,2026-05-25T16:43:52.286923+00:00
BRS-SSP,"10,11,12,13,14,15,16,17",8,palafin-ex,Palafin,12,32,45,13,40.37,ancient-box,Ancient Box,2,100.0,overall,2026-05-25T16:43:52.286923+00:00
BRS-SSP,"10,11,12,13,14,15,16,17",8,palafin-ex,Palafin,12,32,45,13,40.37,archaludon-dialga,Archaludon Dialga,2,50.0,overall,2026-05-25T16:43:52.286923+00:00
BRS-SSP,"10,11,12,13,14,15,16,17",8,palafin-ex,Palafin,12,32,45,13,40.37,hydreigon-ex,Hydreigon,2,100.0,overall,2026-05-25T16:43:52.286923+00:00
BRS-SSP,"10,11,12,13,14,15,16,17",8,palafin-ex,Palafin,12,32,45,13,40.37,dragapult-dusknoir,Dragapult Dusknoir,2,0.0,overall,2026-05-25T16:43:52.286923+00:00
BRS-SSP,"10,11,12,13,14,15,16,17",8,palafin-ex,Palafin,12,32,45,13,40.37,pikachu-regigigas,Pikachu Regis,1,0.0,overall,2026-05-25T16:43:52.286923+00:00
BRS-SSP,"10,11,12,13,14,15,16,17",8,palafin-ex,Palafin,12,32,45,13,40.37,iron-thorns-crown,Future Thorns,1,0.0,overall,2026-05-25T16:43:52.286923+00:00
BRS-SSP,"10,11,12,13,14,15,16,17",8,palafin-ex,Palafin,12,32,45,13,40.37,terapagos-noctowl,Terapagos Noctowl,1,100.0,overall,2026-05-25T16:43:52.286923+00:00
BRS-SSP,"10,11,12,13,14,15,16,17",8,palafin-ex,Palafin,12,32,45,13,40.37,iron-hands-ex,Future Hands,1,33.33,overall,2026-05-25T16:43:52.286923+00:00
BRS-SSP,"10,11,12,13,14,15,16,17",8,palafin-ex,Palafin,12,32,45,13,40.37,banette-gardevoir,Banette Gardevoir,1,100.0,overall,2026-05-25T16:43:52.286923+00:00
BRS-SSP,"10,11,12,13,14,15,16,17",8,palafin-ex,Palafin,12,32,45,13,40.37,pidgeot-control,Pidgeot Control,1,0.0,overall,2026-05-25T16:43:52.286923+00:00
BRS-SSP,"10,11,12,13,14,15,16,17",8,palafin-ex,Palafin,12,32,45,13,40.37,greninja-froslass,Greninja Froslass,1,100.0,overall,2026-05-25T16:43:52.286923+00:00
BRS-SSP,"10,11,12,13,14,15,16,17",8,palafin-ex,Palafin,12,32,45,13,40.37,miraidon-ex,Miraidon,1,0.0,overall,2026-05-25T16:43:52.286923+00:00
BRS-SSP,"10,11,12,13,14,15,16,17",8,palafin-ex,Palafin,12,32,45,13,40.37,scovillain-ex,Scovillain,1,100.0,overall,2026-05-25T16:43:52.286923+00:00
BRS-SSP,"10,11,12,13,14,15,16,17",8,palafin-ex,Palafin,12,32,45,13,40.37,gouging-fire-ex,Gouging Fire,1,100.0,overall,2026-05-25T16:43:52.286923+00:00
BRS-SSP,"10,11,12,13,14,15,16,17",8,palafin-ex,Palafin,12,32,45,13,40.37,iron-thorns-ex,Iron Thorns,1,0.0,overall,2026-05-25T16:43:52.286923+00:00
BRS-SSP,"10,11,12,13,14,15,16,17",8,palafin-ex,Palafin,12,32,45,13,40.37,united-wings,United Wings,1,0.0,overall,2026-05-25T16:43:52.286923+00:00
BRS-SSP,"10,11,12,13,14,15,16,17",8,palafin-ex,Palafin,12,32,45,13,40.37,archaludon-ex,Archaludon,1,0.0,overall,2026-05-25T16:43:52.286923+00:00
BRS-SSP,"10,11,12,13,14,15,16,17",8,palafin-ex,Palafin,12,32,45,13,40.37,great-tusk-tef,Great Tusk Mill,1,100.0,overall,2026-05-25T16:43:52.286923+00:00
BRS-SSP,"10,11,12,13,14,15,16,17",8,palafin-ex,Palafin,12,32,45,13,40.37,poison-terapagos,Poison Terapagos,1,0.0,overall,2026-05-25T16:43:52.286923+00:00
BRS-SSP,"10,11,12,13,14,15,16,17",8,palafin-ex,Palafin,12,32,45,13,40.37,snorlax-stall,Snorlax Stall,1,33.33,overall,2026-05-25T16:43:52.286923+00:00
BRS-SSP,"10,11,12,13,14,15,16,17",8,palafin-ex,Palafin,12,32,45,13,40.37,dragapult-pidgeot,Dragapult Pidgeot,1,0.0,overall,2026-05-25T16:43:52.286923+00:00
BRS-SSP,"10,11,12,13,14,15,16,17",8,palkia-dusknoir,Palkia Dusknoir,113,362,353,152,47.6,regidrago-vstar,Regidrago,112,36.31,overall,2026-05-25T16:43:54.757996+00:00
BRS-SSP,"10,11,12,13,14,15,16,17",8,palkia-dusknoir,Palkia Dusknoir,113,362,353,152,47.6,charizard-pidgeot,Charizard Pidgeot,85,45.88,overall,2026-05-25T16:43:54.757996+00:00
BRS-SSP,"10,11,12,13,14,15,16,17",8,palkia-dusknoir,Palkia Dusknoir,113,362,353,152,47.6,raging-bolt-ogerpon,Raging Bolt Ogerpon,70,42.38,overall,2026-05-25T16:43:54.757996+00:00
BRS-SSP,"10,11,12,13,14,15,16,17",8,palkia-dusknoir,Palkia Dusknoir,113,362,353,152,47.6,gardevoir-ex-sv,Gardevoir,50,62.0,overall,2026-05-25T16:43:54.757996+00:00
BRS-SSP,"10,11,12,13,14,15,16,17",8,palkia-dusknoir,Palkia Dusknoir,113,362,353,152,47.6,gholdengo-ex,Gholdengo,45,55.56,overall,2026-05-25T16:43:54.757996+00:00
BRS-SSP,"10,11,12,13,14,15,16,17",8,palkia-dusknoir,Palkia Dusknoir,113,362,353,152,47.6,miraidon-ex,Miraidon,43,45.74,overall,2026-05-25T16:43:54.757996+00:00
BRS-SSP,"10,11,12,13,14,15,16,17",8,palkia-dusknoir,Palkia Dusknoir,113,362,353,152,47.6,lost-zone-box,Lost Zone Box,42,46.83,overall,2026-05-25T16:43:54.757996+00:00
BRS-SSP,"10,11,12,13,14,15,16,17",8,palkia-dusknoir,Palkia Dusknoir,113,362,353,152,47.6,lugia-archeops,Lugia Archeops,40,34.17,overall,2026-05-25T16:43:54.757996+00:00
BRS-SSP,"10,11,12,13,14,15,16,17",8,palkia-dusknoir,Palkia Dusknoir,113,362,353,152,47.6,terapagos-noctowl,Terapagos Noctowl,32,67.71,overall,2026-05-25T16:43:54.757996+00:00
BRS-SSP,"10,11,12,13,14,15,16,17",8,palkia-dusknoir,Palkia Dusknoir,113,362,353,152,47.6,roaring-moon-ex,Roaring Moon,31,40.86,overall,2026-05-25T16:43:54.757996+00:00
BRS-SSP,"10,11,12,13,14,15,16,17",8,palkia-dusknoir,Palkia Dusknoir,113,362,353,152,47.6,poison-terapagos,Poison Terapagos,29,41.38,overall,2026-05-25T16:43:54.757996+00:00
BRS-SSP,"10,11,12,13,14,15,16,17",8,palkia-dusknoir,Palkia Dusknoir,113,362,353,152,47.6,snorlax-stall,Snorlax Stall,27,23.46,overall,2026-05-25T16:43:54.757996+00:00
BRS-SSP,"10,11,12,13,14,15,16,17",8,palkia-dusknoir,Palkia Dusknoir,113,362,353,152,47.6,ceruledge-ex,Ceruledge,23,73.91,overall,2026-05-25T16:43:54.757996+00:00
BRS-SSP,"10,11,12,13,14,15,16,17",8,palkia-dusknoir,Palkia Dusknoir,113,362,353,152,47.6,dragapult-iron-thorns,Dragapult Iron Thorns,22,46.97,overall,2026-05-25T16:43:54.757996+00:00
BRS-SSP,"10,11,12,13,14,15,16,17",8,palkia-dusknoir,Palkia Dusknoir,113,362,353,152,47.6,ancient-box,Ancient Box,19,38.6,overall,2026-05-25T16:43:54.757996+00:00
BRS-SSP,"10,11,12,13,14,15,16,17",8,palkia-dusknoir,Palkia Dusknoir,113,362,353,152,47.6,dragapult-dusknoir,Dragapult Dusknoir,19,47.37,overall,2026-05-25T16:43:54.757996+00:00
BRS-SSP,"10,11,12,13,14,15,16,17",8,palkia-dusknoir,Palkia Dusknoir,113,362,353,152,47.6,archaludon-ex,Archaludon,13,35.9,overall,2026-05-25T16:43:54.757996+00:00
BRS-SSP,"10,11,12,13,14,15,16,17",8,palkia-dusknoir,Palkia Dusknoir,113,362,353,152,47.6,other,Other,11,87.88,overall,2026-05-25T16:43:54.757996+00:00
BRS-SSP,"10,11,12,13,14,15,16,17",8,palkia-dusknoir,Palkia Dusknoir,113,362,353,152,47.6,gouging-fire-ex,Gouging Fire,10,36.67,overall,2026-05-25T16:43:54.757996+00:00
BRS-SSP,"10,11,12,13,14,15,16,17",8,palkia-dusknoir,Palkia Dusknoir,113,362,353,152,47.6,dragapult-pidgeot,Dragapult Pidgeot,9,40.74,overall,2026-05-25T16:43:54.757996+00:00
BRS-SSP,"10,11,12,13,14,15,16,17",8,palkia-dusknoir,Palkia Dusknoir,113,362,353,152,47.6,iron-thorns-ex,Iron Thorns,9,44.44,overall,2026-05-25T16:43:54.757996+00:00
BRS-SSP,"10,11,12,13,14,15,16,17",8,palkia-dusknoir,Palkia Dusknoir,113,362,353,152,47.6,archaludon-dialga,Archaludon Dialga,9,37.04,overall,2026-05-25T16:43:54.757996+00:00
BRS-SSP,"10,11,12,13,14,15,16,17",8,palkia-dusknoir,Palkia Dusknoir,113,362,353,152,47.6,klawf-par,Klawf,8,58.33,overall,2026-05-25T16:43:54.757996+00:00
BRS-SSP,"10,11,12,13,14,15,16,17",8,palkia-dusknoir,Palkia Dusknoir,113,362,353,152,47.6,hydreigon-ex,Hydreigon,8,50.0,overall,2026-05-25T16:43:54.757996+00:00
BRS-SSP,"10,11,12,13,14,15,16,17",8,palkia-dusknoir,Palkia Dusknoir,113,362,353,152,47.6,palkia-noctowl,Palkia Noctowl,8,37.5,overall,2026-05-25T16:43:54.757996+00:00
BRS-SSP,"10,11,12,13,14,15,16,17",8,palkia-dusknoir,Palkia Dusknoir,113,362,353,152,47.6,banette-gardevoir,Banette Gardevoir,6,72.22,overall,2026-05-25T16:43:54.757996+00:00
BRS-SSP,"10,11,12,13,14,15,16,17",8,palkia-dusknoir,Palkia Dusknoir,113,362,353,152,47.6,ogerpon-noivern,Ogerpon Noivern,6,44.44,overall,2026-05-25T16:43:54.757996+00:00
BRS-SSP,"10,11,12,13,14,15,16,17",8,palkia-dusknoir,Palkia Dusknoir,113,362,353,152,47.6,pikachu-regigigas,Pikachu Regis,6,72.22,overall,2026-05-25T16:43:54.757996+00:00
BRS-SSP,"10,11,12,13,14,15,16,17",8,palkia-dusknoir,Palkia Dusknoir,113,362,353,152,47.6,pidgeot-control,Pidgeot Control,6,61.11,overall,2026-05-25T16:43:54.757996+00:00
BRS-SSP,"10,11,12,13,14,15,16,17",8,palkia-dusknoir,Palkia Dusknoir,113,362,353,152,47.6,dragapult-charizard,Dragapult Charizard,5,66.67,overall,2026-05-25T16:43:54.757996+00:00
BRS-SSP,"10,11,12,13,14,15,16,17",8,palkia-dusknoir,Palkia Dusknoir,113,362,353,152,47.6,conkeldurr-twm,Conkeldurr,5,60.0,overall,2026-05-25T16:43:54.757996+00:00
BRS-SSP,"10,11,12,13,14,15,16,17",8,palkia-dusknoir,Palkia Dusknoir,113,362,353,152,47.6,united-wings,United Wings,5,46.67,overall,2026-05-25T16:43:54.757996+00:00
BRS-SSP,"10,11,12,13,14,15,16,17",8,palkia-dusknoir,Palkia Dusknoir,113,362,353,152,47.6,palkia-dusknoir,Palkia Dusknoir,4,50.0,overall,2026-05-25T16:43:54.757996+00:00
BRS-SSP,"10,11,12,13,14,15,16,17",8,palkia-dusknoir,Palkia Dusknoir,113,362,353,152,47.6,chien-pao-baxcalibur,Chien-Pao Baxcalibur,4,33.33,overall,2026-05-25T16:43:54.757996+00:00
BRS-SSP,"10,11,12,13,14,15,16,17",8,palkia-dusknoir,Palkia Dusknoir,113,362,353,152,47.6,flygon-ex-ssp,Flygon,3,100.0,overall,2026-05-25T16:43:54.757996+00:00
BRS-SSP,"10,11,12,13,14,15,16,17",8,palkia-dusknoir,Palkia Dusknoir,113,362,353,152,47.6,great-tusk-tef,Great Tusk Mill,3,77.78,overall,2026-05-25T16:43:54.757996+00:00
BRS-SSP,"10,11,12,13,14,15,16,17",8,palkia-dusknoir,Palkia Dusknoir,113,362,353,152,47.6,greninja-ex,Greninja,3,44.44,overall,2026-05-25T16:43:54.757996+00:00
BRS-SSP,"10,11,12,13,14,15,16,17",8,palkia-dusknoir,Palkia Dusknoir,113,362,353,152,47.6,arceus-armarouge,Arceus Armarouge,2,66.67,overall,2026-05-25T16:43:54.757996+00:00
BRS-SSP,"10,11,12,13,14,15,16,17",8,palkia-dusknoir,Palkia Dusknoir,113,362,353,152,47.6,charizard-noctowl,Charizard Noctowl,2,50.0,overall,2026-05-25T16:43:54.757996+00:00
BRS-SSP,"10,11,12,13,14,15,16,17",8,palkia-dusknoir,Palkia Dusknoir,113,362,353,152,47.6,mimikyu-ogerpon,Mimikyu Ogerpon,2,100.0,overall,2026-05-25T16:43:54.757996+00:00
BRS-SSP,"10,11,12,13,14,15,16,17",8,palkia-dusknoir,Palkia Dusknoir,113,362,353,152,47.6,lucario-brs,Lucario,1,100.0,overall,2026-05-25T16:43:54.757996+00:00
BRS-SSP,"10,11,12,13,14,15,16,17",8,palkia-dusknoir,Palkia Dusknoir,113,362,353,152,47.6,arceus-vstar,Arceus,1,100.0,overall,2026-05-25T16:43:54.757996+00:00
BRS-SSP,"10,11,12,13,14,15,16,17",8,palkia-dusknoir,Palkia Dusknoir,113,362,353,152,47.6,milotic-ex,Milotic,1,100.0,overall,2026-05-25T16:43:54.757996+00:00
BRS-SSP,"10,11,12,13,14,15,16,17",8,palkia-dusknoir,Palkia Dusknoir,113,362,353,152,47.6,palkia-vstar,Palkia,1,100.0,overall,2026-05-25T16:43:54.757996+00:00
BRS-SSP,"10,11,12,13,14,15,16,17",8,palkia-dusknoir,Palkia Dusknoir,113,362,353,152,47.6,hydrapple-ogerpon,Hydrapple Ogerpon,1,100.0,overall,2026-05-25T16:43:54.757996+00:00
BRS-SSP,"10,11,12,13,14,15,16,17",8,palkia-dusknoir,Palkia Dusknoir,113,362,353,152,47.6,dialga-metang,Dialga Metang,1,0.0,overall,2026-05-25T16:43:54.757996+00:00
BRS-SSP,"10,11,12,13,14,15,16,17",8,palkia-dusknoir,Palkia Dusknoir,113,362,353,152,47.6,galvantula-ex,Galvantula,1,33.33,overall,2026-05-25T16:43:54.757996+00:00
BRS-SSP,"10,11,12,13,14,15,16,17",8,palkia-dusknoir,Palkia Dusknoir,113,362,353,152,47.6,raging-bolt-ex,Raging Bolt,1,100.0,overall,2026-05-25T16:43:54.757996+00:00
BRS-SSP,"10,11,12,13,14,15,16,17",8,palkia-dusknoir,Palkia Dusknoir,113,362,353,152,47.6,tinkaton-ex,Tinkaton,1,33.33,overall,2026-05-25T16:43:54.757996+00:00
BRS-SSP,"10,11,12,13,14,15,16,17",8,palkia-dusknoir,Palkia Dusknoir,113,362,353,152,47.6,future-box,Future Box,1,100.0,overall,2026-05-25T16:43:54.757996+00:00
BRS-SSP,"10,11,12,13,14,15,16,17",8,palkia-dusknoir,Palkia Dusknoir,113,362,353,152,47.6,raging-bolt-palkia,Raging Bolt Palkia,1,100.0,overall,2026-05-25T16:43:54.757996+00:00
BRS-SSP,"10,11,12,13,14,15,16,17",8,palkia-dusknoir,Palkia Dusknoir,113,362,353,152,47.6,lzb-charizard,Lost Box Charizard,1,33.33,overall,2026-05-25T16:43:54.757996+00:00
BRS-SSP,"10,11,12,13,14,15,16,17",8,palkia-dusknoir,Palkia Dusknoir,113,362,353,152,47.6,okidogi-ex,Okidogi,1,33.33,overall,2026-05-25T16:43:54.757996+00:00
BRS-SSP,"10,11,12,13,14,15,16,17",8,palkia-dusknoir,Palkia Dusknoir,113,362,353,152,47.6,cornerstone-mask-ogerpon-ex,Cornerstone Mask Ogerpon,1,33.33,overall,2026-05-25T16:43:54.757996+00:00
BRS-SSP,"10,11,12,13,14,15,16,17",8,palkia-dusknoir,Palkia Dusknoir,113,362,353,152,47.6,froslass-munkidori,Froslass Munkidori,1,100.0,overall,2026-05-25T16:43:54.757996+00:00
BRS-SSP,"10,11,12,13,14,15,16,17",8,palkia-dusknoir,Palkia Dusknoir,113,362,353,152,47.6,dragapult-ex,Dragapult,1,100.0,overall,2026-05-25T16:43:54.757996+00:00
BRS-SSP,"10,11,12,13,14,15,16,17",8,palkia-dusknoir,Palkia Dusknoir,113,362,353,152,47.6,espathra-xatu,Espathra Xatu,1,100.0,overall,2026-05-25T16:43:54.757996+00:00
BRS-SSP,"10,11,12,13,14,15,16,17",8,palkia-dusknoir,Palkia Dusknoir,113,362,353,152,47.6,iron-hands-ex,Future Hands,1,100.0,overall,2026-05-25T16:43:54.757996+00:00
BRS-SSP,"10,11,12,13,14,15,16,17",8,palkia-dusknoir,Palkia Dusknoir,113,362,353,152,47.6,charizard-ex,Charizard,1,100.0,overall,2026-05-25T16:43:54.757996+00:00
BRS-SSP,"10,11,12,13,14,15,16,17",8,palkia-noctowl,Palkia Noctowl,176,717,564,244,52.35,regidrago-vstar,Regidrago,241,56.71,overall,2026-05-25T16:43:57.210991+00:00
BRS-SSP,"10,11,12,13,14,15,16,17",8,palkia-noctowl,Palkia Noctowl,176,717,564,244,52.35,charizard-pidgeot,Charizard Pidgeot,187,44.56,overall,2026-05-25T16:43:57.210991+00:00
BRS-SSP,"10,11,12,13,14,15,16,17",8,palkia-noctowl,Palkia Noctowl,176,717,564,244,52.35,raging-bolt-ogerpon,Raging Bolt Ogerpon,101,67.33,overall,2026-05-25T16:43:57.210991+00:00
BRS-SSP,"10,11,12,13,14,15,16,17",8,palkia-noctowl,Palkia Noctowl,176,717,564,244,52.35,gardevoir-ex-sv,Gardevoir,98,46.94,overall,2026-05-25T16:43:57.210991+00:00
BRS-SSP,"10,11,12,13,14,15,16,17",8,palkia-noctowl,Palkia Noctowl,176,717,564,244,52.35,lugia-archeops,Lugia Archeops,82,47.15,overall,2026-05-25T16:43:57.210991+00:00
BRS-SSP,"10,11,12,13,14,15,16,17",8,palkia-noctowl,Palkia Noctowl,176,717,564,244,52.35,gholdengo-ex,Gholdengo,76,58.77,overall,2026-05-25T16:43:57.210991+00:00
BRS-SSP,"10,11,12,13,14,15,16,17",8,palkia-noctowl,Palkia Noctowl,176,717,564,244,52.35,roaring-moon-ex,Roaring Moon,63,55.03,overall,2026-05-25T16:43:57.210991+00:00
BRS-SSP,"10,11,12,13,14,15,16,17",8,palkia-noctowl,Palkia Noctowl,176,717,564,244,52.35,dragapult-iron-thorns,Dragapult Iron Thorns,54,64.81,overall,2026-05-25T16:43:57.210991+00:00
BRS-SSP,"10,11,12,13,14,15,16,17",8,palkia-noctowl,Palkia Noctowl,176,717,564,244,52.35,poison-terapagos,Poison Terapagos,53,44.65,overall,2026-05-25T16:43:57.210991+00:00
BRS-SSP,"10,11,12,13,14,15,16,17",8,palkia-noctowl,Palkia Noctowl,176,717,564,244,52.35,miraidon-ex,Miraidon,48,54.86,overall,2026-05-25T16:43:57.210991+00:00
BRS-SSP,"10,11,12,13,14,15,16,17",8,palkia-noctowl,Palkia Noctowl,176,717,564,244,52.35,snorlax-stall,Snorlax Stall,41,60.16,overall,2026-05-25T16:43:57.210991+00:00
BRS-SSP,"10,11,12,13,14,15,16,17",8,palkia-noctowl,Palkia Noctowl,176,717,564,244,52.35,lost-zone-box,Lost Zone Box,40,42.5,overall,2026-05-25T16:43:57.210991+00:00
BRS-SSP,"10,11,12,13,14,15,16,17",8,palkia-noctowl,Palkia Noctowl,176,717,564,244,52.35,archaludon-dialga,Archaludon Dialga,37,42.34,overall,2026-05-25T16:43:57.210991+00:00
BRS-SSP,"10,11,12,13,14,15,16,17",8,palkia-noctowl,Palkia Noctowl,176,717,564,244,52.35,archaludon-ex,Archaludon,35,36.19,overall,2026-05-25T16:43:57.210991+00:00
BRS-SSP,"10,11,12,13,14,15,16,17",8,palkia-noctowl,Palkia Noctowl,176,717,564,244,52.35,terapagos-noctowl,Terapagos Noctowl,34,61.76,overall,2026-05-25T16:43:57.210991+00:00
BRS-SSP,"10,11,12,13,14,15,16,17",8,palkia-noctowl,Palkia Noctowl,176,717,564,244,52.35,ancient-box,Ancient Box,27,37.04,overall,2026-05-25T16:43:57.210991+00:00
BRS-SSP,"10,11,12,13,14,15,16,17",8,palkia-noctowl,Palkia Noctowl,176,717,564,244,52.35,dragapult-dusknoir,Dragapult Dusknoir,27,64.2,overall,2026-05-25T16:43:57.210991+00:00
BRS-SSP,"10,11,12,13,14,15,16,17",8,palkia-noctowl,Palkia Noctowl,176,717,564,244,52.35,iron-thorns-ex,Iron Thorns,26,56.41,overall,2026-05-25T16:43:57.210991+00:00
BRS-SSP,"10,11,12,13,14,15,16,17",8,palkia-noctowl,Palkia Noctowl,176,717,564,244,52.35,ceruledge-ex,Ceruledge,25,53.33,overall,2026-05-25T16:43:57.210991+00:00
BRS-SSP,"10,11,12,13,14,15,16,17",8,palkia-noctowl,Palkia Noctowl,176,717,564,244,52.35,palkia-noctowl,Palkia Noctowl,21,50.0,overall,2026-05-25T16:43:57.210991+00:00
BRS-SSP,"10,11,12,13,14,15,16,17",8,palkia-noctowl,Palkia Noctowl,176,717,564,244,52.35,pidgeot-control,Pidgeot Control,19,45.61,overall,2026-05-25T16:43:57.210991+00:00
BRS-SSP,"10,11,12,13,14,15,16,17",8,palkia-noctowl,Palkia Noctowl,176,717,564,244,52.35,hydreigon-ex,Hydreigon,13,35.9,overall,2026-05-25T16:43:57.210991+00:00
BRS-SSP,"10,11,12,13,14,15,16,17",8,palkia-noctowl,Palkia Noctowl,176,717,564,244,52.35,chien-pao-baxcalibur,Chien-Pao Baxcalibur,13,53.85,overall,2026-05-25T16:43:57.210991+00:00
BRS-SSP,"10,11,12,13,14,15,16,17",8,palkia-noctowl,Palkia Noctowl,176,717,564,244,52.35,gouging-fire-ex,Gouging Fire,9,55.56,overall,2026-05-25T16:43:57.210991+00:00
BRS-SSP,"10,11,12,13,14,15,16,17",8,palkia-noctowl,Palkia Noctowl,176,717,564,244,52.35,pikachu-regigigas,Pikachu Regis,8,16.67,overall,2026-05-25T16:43:57.210991+00:00
BRS-SSP,"10,11,12,13,14,15,16,17",8,palkia-noctowl,Palkia Noctowl,176,717,564,244,52.35,palkia-dusknoir,Palkia Dusknoir,8,62.5,overall,2026-05-25T16:43:57.210991+00:00
BRS-SSP,"10,11,12,13,14,15,16,17",8,palkia-noctowl,Palkia Noctowl,176,717,564,244,52.35,klawf-par,Klawf,7,19.05,overall,2026-05-25T16:43:57.210991+00:00
BRS-SSP,"10,11,12,13,14,15,16,17",8,palkia-noctowl,Palkia Noctowl,176,717,564,244,52.35,dragapult-pidgeot,Dragapult Pidgeot,7,57.14,overall,2026-05-25T16:43:57.210991+00:00
BRS-SSP,"10,11,12,13,14,15,16,17",8,palkia-noctowl,Palkia Noctowl,176,717,564,244,52.35,other,Other,7,71.43,overall,2026-05-25T16:43:57.210991+00:00
BRS-SSP,"10,11,12,13,14,15,16,17",8,palkia-noctowl,Palkia Noctowl,176,717,564,244,52.35,hydrapple-ogerpon,Hydrapple Ogerpon,6,72.22,overall,2026-05-25T16:43:57.210991+00:00
BRS-SSP,"10,11,12,13,14,15,16,17",8,palkia-noctowl,Palkia Noctowl,176,717,564,244,52.35,dragapult-ex,Dragapult,6,61.11,overall,2026-05-25T16:43:57.210991+00:00
BRS-SSP,"10,11,12,13,14,15,16,17",8,palkia-noctowl,Palkia Noctowl,176,717,564,244,52.35,dragapult-charizard,Dragapult Charizard,6,22.22,overall,2026-05-25T16:43:57.210991+00:00
BRS-SSP,"10,11,12,13,14,15,16,17",8,palkia-noctowl,Palkia Noctowl,176,717,564,244,52.35,banette-gardevoir,Banette Gardevoir,5,53.33,overall,2026-05-25T16:43:57.210991+00:00
BRS-SSP,"10,11,12,13,14,15,16,17",8,palkia-noctowl,Palkia Noctowl,176,717,564,244,52.35,greninja-ex,Greninja,4,58.33,overall,2026-05-25T16:43:57.210991+00:00
BRS-SSP,"10,11,12,13,14,15,16,17",8,palkia-noctowl,Palkia Noctowl,176,717,564,244,52.35,flygon-ex-ssp,Flygon,4,100.0,overall,2026-05-25T16:43:57.210991+00:00
BRS-SSP,"10,11,12,13,14,15,16,17",8,palkia-noctowl,Palkia Noctowl,176,717,564,244,52.35,charizard-noctowl,Charizard Noctowl,4,58.33,overall,2026-05-25T16:43:57.210991+00:00
BRS-SSP,"10,11,12,13,14,15,16,17",8,palkia-noctowl,Palkia Noctowl,176,717,564,244,52.35,charizard-ex,Charizard,4,41.67,overall,2026-05-25T16:43:57.210991+00:00
BRS-SSP,"10,11,12,13,14,15,16,17",8,palkia-noctowl,Palkia Noctowl,176,717,564,244,52.35,blissey-ex,Blissey,4,58.33,overall,2026-05-25T16:43:57.210991+00:00
BRS-SSP,"10,11,12,13,14,15,16,17",8,palkia-noctowl,Palkia Noctowl,176,717,564,244,52.35,palafin-ex,Palafin,3,11.11,overall,2026-05-25T16:43:57.210991+00:00
BRS-SSP,"10,11,12,13,14,15,16,17",8,palkia-noctowl,Palkia Noctowl,176,717,564,244,52.35,conkeldurr-twm,Conkeldurr,3,33.33,overall,2026-05-25T16:43:57.210991+00:00
BRS-SSP,"10,11,12,13,14,15,16,17",8,palkia-noctowl,Palkia Noctowl,176,717,564,244,52.35,united-wings,United Wings,2,100.0,overall,2026-05-25T16:43:57.210991+00:00
BRS-SSP,"10,11,12,13,14,15,16,17",8,palkia-noctowl,Palkia Noctowl,176,717,564,244,52.35,mimikyu-ogerpon,Mimikyu Ogerpon,2,100.0,overall,2026-05-25T16:43:57.210991+00:00
BRS-SSP,"10,11,12,13,14,15,16,17",8,palkia-noctowl,Palkia Noctowl,176,717,564,244,52.35,luxray-ex,Luxray,2,66.67,overall,2026-05-25T16:43:57.210991+00:00
BRS-SSP,"10,11,12,13,14,15,16,17",8,palkia-noctowl,Palkia Noctowl,176,717,564,244,52.35,gengar-ex,Gengar,2,50.0,overall,2026-05-25T16:43:57.210991+00:00
BRS-SSP,"10,11,12,13,14,15,16,17",8,palkia-noctowl,Palkia Noctowl,176,717,564,244,52.35,great-tusk-tef,Great Tusk Mill,2,100.0,overall,2026-05-25T16:43:57.210991+00:00
BRS-SSP,"10,11,12,13,14,15,16,17",8,palkia-noctowl,Palkia Noctowl,176,717,564,244,52.35,tinkaton-ex,Tinkaton,2,16.67,overall,2026-05-25T16:43:57.210991+00:00
BRS-SSP,"10,11,12,13,14,15,16,17",8,palkia-noctowl,Palkia Noctowl,176,717,564,244,52.35,froslass-munkidori,Froslass Munkidori,2,100.0,overall,2026-05-25T16:43:57.210991+00:00
BRS-SSP,"10,11,12,13,14,15,16,17",8,palkia-noctowl,Palkia Noctowl,176,717,564,244,52.35,iron-hands-ex,Future Hands,2,100.0,overall,2026-05-25T16:43:57.210991+00:00
BRS-SSP,"10,11,12,13,14,15,16,17",8,palkia-noctowl,Palkia Noctowl,176,717,564,244,52.35,okidogi-twm,Okidogi,2,66.67,overall,2026-05-25T16:43:57.210991+00:00
BRS-SSP,"10,11,12,13,14,15,16,17",8,palkia-noctowl,Palkia Noctowl,176,717,564,244,52.35,okidogi-ex,Okidogi,2,50.0,overall,2026-05-25T16:43:57.210991+00:00
BRS-SSP,"10,11,12,13,14,15,16,17",8,palkia-noctowl,Palkia Noctowl,176,717,564,244,52.35,entei-v,Entei,2,0.0,overall,2026-05-25T16:43:57.210991+00:00
BRS-SSP,"10,11,12,13,14,15,16,17",8,palkia-noctowl,Palkia Noctowl,176,717,564,244,52.35,cornerstone-mask-ogerpon-ex,Cornerstone Mask Ogerpon,1,100.0,overall,2026-05-25T16:43:57.210991+00:00
BRS-SSP,"10,11,12,13,14,15,16,17",8,palkia-noctowl,Palkia Noctowl,176,717,564,244,52.35,slaking-ex,Slaking,1,100.0,overall,2026-05-25T16:43:57.210991+00:00
BRS-SSP,"10,11,12,13,14,15,16,17",8,palkia-noctowl,Palkia Noctowl,176,717,564,244,52.35,banette-ex-sv,Banette,1,0.0,overall,2026-05-25T16:43:57.210991+00:00
BRS-SSP,"10,11,12,13,14,15,16,17",8,palkia-noctowl,Palkia Noctowl,176,717,564,244,52.35,hisuian-zoroark-vstar,Hisuian Zoroark,1,33.33,overall,2026-05-25T16:43:57.210991+00:00
BRS-SSP,"10,11,12,13,14,15,16,17",8,palkia-noctowl,Palkia Noctowl,176,717,564,244,52.35,lzb-charizard,Lost Box Charizard,1,100.0,overall,2026-05-25T16:43:57.210991+00:00
BRS-SSP,"10,11,12,13,14,15,16,17",8,palkia-noctowl,Palkia Noctowl,176,717,564,244,52.35,walking-wake-ex,Walking Wake,1,0.0,overall,2026-05-25T16:43:57.210991+00:00
BRS-SSP,"10,11,12,13,14,15,16,17",8,palkia-noctowl,Palkia Noctowl,176,717,564,244,52.35,raging-bolt-entei,Raging Bolt Entei,1,0.0,overall,2026-05-25T16:43:57.210991+00:00
BRS-SSP,"10,11,12,13,14,15,16,17",8,palkia-noctowl,Palkia Noctowl,176,717,564,244,52.35,aegislash-par,Aegislash,1,100.0,overall,2026-05-25T16:43:57.210991+00:00
BRS-SSP,"10,11,12,13,14,15,16,17",8,palkia-noctowl,Palkia Noctowl,176,717,564,244,52.35,rotom-v,Rotom,1,0.0,overall,2026-05-25T16:43:57.210991+00:00
BRS-SSP,"10,11,12,13,14,15,16,17",8,palkia-noctowl,Palkia Noctowl,176,717,564,244,52.35,luxray-pidgeot,Luxray Control,1,0.0,overall,2026-05-25T16:43:57.210991+00:00
BRS-SSP,"10,11,12,13,14,15,16,17",8,palkia-noctowl,Palkia Noctowl,176,717,564,244,52.35,slowking-scr,Slowking,1,0.0,overall,2026-05-25T16:43:57.210991+00:00
BRS-SSP,"10,11,12,13,14,15,16,17",8,palkia-noctowl,Palkia Noctowl,176,717,564,244,52.35,festival-lead,Dipplin,1,33.33,overall,2026-05-25T16:43:57.210991+00:00
BRS-SSP,"10,11,12,13,14,15,16,17",8,palkia-noctowl,Palkia Noctowl,176,717,564,244,52.35,arceus-regidrago,Arceus Regidrago,1,0.0,overall,2026-05-25T16:43:57.210991+00:00
BRS-SSP,"10,11,12,13,14,15,16,17",8,palkia-noctowl,Palkia Noctowl,176,717,564,244,52.35,venomoth-froslass,Venomoth Froslass,1,100.0,overall,2026-05-25T16:43:57.210991+00:00
BRS-SSP,"10,11,12,13,14,15,16,17",8,palkia-noctowl,Palkia Noctowl,176,717,564,244,52.35,arceus-armarouge,Arceus Armarouge,1,0.0,overall,2026-05-25T16:43:57.210991+00:00
BRS-SSP,"10,11,12,13,14,15,16,17",8,palkia-noctowl,Palkia Noctowl,176,717,564,244,52.35,galvantula-ex,Galvantula,1,0.0,overall,2026-05-25T16:43:57.210991+00:00
BRS-SSP,"10,11,12,13,14,15,16,17",8,palkia-vstar,Palkia,13,16,48,11,26.22,regidrago-vstar,Regidrago,11,24.24,overall,2026-05-25T16:43:59.648946+00:00
BRS-SSP,"10,11,12,13,14,15,16,17",8,palkia-vstar,Palkia,13,16,48,11,26.22,charizard-pidgeot,Charizard Pidgeot,9,7.41,overall,2026-05-25T16:43:59.648946+00:00
BRS-SSP,"10,11,12,13,14,15,16,17",8,palkia-vstar,Palkia,13,16,48,11,26.22,raging-bolt-ogerpon,Raging Bolt Ogerpon,6,33.33,overall,2026-05-25T16:43:59.648946+00:00
BRS-SSP,"10,11,12,13,14,15,16,17",8,palkia-vstar,Palkia,13,16,48,11,26.22,gholdengo-ex,Gholdengo,5,6.67,overall,2026-05-25T16:43:59.648946+00:00
BRS-SSP,"10,11,12,13,14,15,16,17",8,palkia-vstar,Palkia,13,16,48,11,26.22,roaring-moon-ex,Roaring Moon,4,33.33,overall,2026-05-25T16:43:59.648946+00:00
BRS-SSP,"10,11,12,13,14,15,16,17",8,palkia-vstar,Palkia,13,16,48,11,26.22,gardevoir-ex-sv,Gardevoir,4,50.0,overall,2026-05-25T16:43:59.648946+00:00
BRS-SSP,"10,11,12,13,14,15,16,17",8,palkia-vstar,Palkia,13,16,48,11,26.22,charizard-noctowl,Charizard Noctowl,3,11.11,overall,2026-05-25T16:43:59.648946+00:00
BRS-SSP,"10,11,12,13,14,15,16,17",8,palkia-vstar,Palkia,13,16,48,11,26.22,other,Other,3,33.33,overall,2026-05-25T16:43:59.648946+00:00
BRS-SSP,"10,11,12,13,14,15,16,17",8,palkia-vstar,Palkia,13,16,48,11,26.22,lugia-archeops,Lugia Archeops,2,16.67,overall,2026-05-25T16:43:59.648946+00:00
BRS-SSP,"10,11,12,13,14,15,16,17",8,palkia-vstar,Palkia,13,16,48,11,26.22,ancient-box,Ancient Box,2,50.0,overall,2026-05-25T16:43:59.648946+00:00
BRS-SSP,"10,11,12,13,14,15,16,17",8,palkia-vstar,Palkia,13,16,48,11,26.22,snorlax-stall,Snorlax Stall,2,50.0,overall,2026-05-25T16:43:59.648946+00:00
BRS-SSP,"10,11,12,13,14,15,16,17",8,palkia-vstar,Palkia,13,16,48,11,26.22,ceruledge-ex,Ceruledge,2,50.0,overall,2026-05-25T16:43:59.648946+00:00
BRS-SSP,"10,11,12,13,14,15,16,17",8,palkia-vstar,Palkia,13,16,48,11,26.22,lost-zone-box,Lost Zone Box,2,66.67,overall,2026-05-25T16:43:59.648946+00:00
BRS-SSP,"10,11,12,13,14,15,16,17",8,palkia-vstar,Palkia,13,16,48,11,26.22,miraidon-ex,Miraidon,2,0.0,overall,2026-05-25T16:43:59.648946+00:00
BRS-SSP,"10,11,12,13,14,15,16,17",8,palkia-vstar,Palkia,13,16,48,11,26.22,mimikyu-ogerpon,Mimikyu Ogerpon,2,50.0,overall,2026-05-25T16:43:59.648946+00:00
BRS-SSP,"10,11,12,13,14,15,16,17",8,palkia-vstar,Palkia,13,16,48,11,26.22,archaludon-dialga,Archaludon Dialga,2,0.0,overall,2026-05-25T16:43:59.648946+00:00
BRS-SSP,"10,11,12,13,14,15,16,17",8,palkia-vstar,Palkia,13,16,48,11,26.22,charizard-ex,Charizard,1,100.0,overall,2026-05-25T16:43:59.648946+00:00
BRS-SSP,"10,11,12,13,14,15,16,17",8,palkia-vstar,Palkia,13,16,48,11,26.22,conkeldurr-twm,Conkeldurr,1,33.33,overall,2026-05-25T16:43:59.648946+00:00
BRS-SSP,"10,11,12,13,14,15,16,17",8,palkia-vstar,Palkia,13,16,48,11,26.22,palkia-dusknoir,Palkia Dusknoir,1,0.0,overall,2026-05-25T16:43:59.648946+00:00
BRS-SSP,"10,11,12,13,14,15,16,17",8,palkia-vstar,Palkia,13,16,48,11,26.22,poison-terapagos,Poison Terapagos,1,0.0,overall,2026-05-25T16:43:59.648946+00:00
BRS-SSP,"10,11,12,13,14,15,16,17",8,palkia-vstar,Palkia,13,16,48,11,26.22,terapagos-noctowl,Terapagos Noctowl,1,0.0,overall,2026-05-25T16:43:59.648946+00:00
BRS-SSP,"10,11,12,13,14,15,16,17",8,palkia-vstar,Palkia,13,16,48,11,26.22,hydreigon-ex,Hydreigon,1,100.0,overall,2026-05-25T16:43:59.648946+00:00
BRS-SSP,"10,11,12,13,14,15,16,17",8,palkia-vstar,Palkia,13,16,48,11,26.22,okidogi-twm,Okidogi,1,0.0,overall,2026-05-25T16:43:59.648946+00:00
BRS-SSP,"10,11,12,13,14,15,16,17",8,palkia-vstar,Palkia,13,16,48,11,26.22,festival-lead,Dipplin,1,0.0,overall,2026-05-25T16:43:59.648946+00:00
BRS-SSP,"10,11,12,13,14,15,16,17",8,palkia-vstar,Palkia,13,16,48,11,26.22,pidgeot-control,Pidgeot Control,1,0.0,overall,2026-05-25T16:43:59.648946+00:00
BRS-SSP,"10,11,12,13,14,15,16,17",8,palkia-vstar,Palkia,13,16,48,11,26.22,dragapult-iron-thorns,Dragapult Iron Thorns,1,33.33,overall,2026-05-25T16:43:59.648946+00:00
BRS-SSP,"10,11,12,13,14,15,16,17",8,palkia-vstar,Palkia,13,16,48,11,26.22,scovillain-ex,Scovillain,1,0.0,overall,2026-05-25T16:43:59.648946+00:00
BRS-SSP,"10,11,12,13,14,15,16,17",8,palkia-vstar,Palkia,13,16,48,11,26.22,dragapult-pidgeot,Dragapult Pidgeot,1,0.0,overall,2026-05-25T16:43:59.648946+00:00
BRS-SSP,"10,11,12,13,14,15,16,17",8,pidgeot-control,Pidgeot Control,131,523,394,179,53.16,regidrago-vstar,Regidrago,157,54.35,overall,2026-05-25T16:44:02.148842+00:00
BRS-SSP,"10,11,12,13,14,15,16,17",8,pidgeot-control,Pidgeot Control,131,523,394,179,53.16,charizard-pidgeot,Charizard Pidgeot,117,55.27,overall,2026-05-25T16:44:02.148842+00:00
BRS-SSP,"10,11,12,13,14,15,16,17",8,pidgeot-control,Pidgeot Control,131,523,394,179,53.16,raging-bolt-ogerpon,Raging Bolt Ogerpon,81,62.96,overall,2026-05-25T16:44:02.148842+00:00
BRS-SSP,"10,11,12,13,14,15,16,17",8,pidgeot-control,Pidgeot Control,131,523,394,179,53.16,gardevoir-ex-sv,Gardevoir,81,41.98,overall,2026-05-25T16:44:02.148842+00:00
BRS-SSP,"10,11,12,13,14,15,16,17",8,pidgeot-control,Pidgeot Control,131,523,394,179,53.16,gholdengo-ex,Gholdengo,53,61.01,overall,2026-05-25T16:44:02.148842+00:00
BRS-SSP,"10,11,12,13,14,15,16,17",8,pidgeot-control,Pidgeot Control,131,523,394,179,53.16,poison-terapagos,Poison Terapagos,51,45.1,overall,2026-05-25T16:44:02.148842+00:00
BRS-SSP,"10,11,12,13,14,15,16,17",8,pidgeot-control,Pidgeot Control,131,523,394,179,53.16,snorlax-stall,Snorlax Stall,49,82.31,overall,2026-05-25T16:44:02.148842+00:00
BRS-SSP,"10,11,12,13,14,15,16,17",8,pidgeot-control,Pidgeot Control,131,523,394,179,53.16,roaring-moon-ex,Roaring Moon,49,40.82,overall,2026-05-25T16:44:02.148842+00:00
BRS-SSP,"10,11,12,13,14,15,16,17",8,pidgeot-control,Pidgeot Control,131,523,394,179,53.16,lugia-archeops,Lugia Archeops,43,24.03,overall,2026-05-25T16:44:02.148842+00:00
BRS-SSP,"10,11,12,13,14,15,16,17",8,pidgeot-control,Pidgeot Control,131,523,394,179,53.16,lost-zone-box,Lost Zone Box,42,73.02,overall,2026-05-25T16:44:02.148842+00:00
BRS-SSP,"10,11,12,13,14,15,16,17",8,pidgeot-control,Pidgeot Control,131,523,394,179,53.16,dragapult-iron-thorns,Dragapult Iron Thorns,38,46.49,overall,2026-05-25T16:44:02.148842+00:00
BRS-SSP,"10,11,12,13,14,15,16,17",8,pidgeot-control,Pidgeot Control,131,523,394,179,53.16,terapagos-noctowl,Terapagos Noctowl,32,41.67,overall,2026-05-25T16:44:02.148842+00:00
BRS-SSP,"10,11,12,13,14,15,16,17",8,pidgeot-control,Pidgeot Control,131,523,394,179,53.16,miraidon-ex,Miraidon,31,48.39,overall,2026-05-25T16:44:02.148842+00:00
BRS-SSP,"10,11,12,13,14,15,16,17",8,pidgeot-control,Pidgeot Control,131,523,394,179,53.16,ancient-box,Ancient Box,24,56.94,overall,2026-05-25T16:44:02.148842+00:00
BRS-SSP,"10,11,12,13,14,15,16,17",8,pidgeot-control,Pidgeot Control,131,523,394,179,53.16,dragapult-dusknoir,Dragapult Dusknoir,21,47.62,overall,2026-05-25T16:44:02.148842+00:00
BRS-SSP,"10,11,12,13,14,15,16,17",8,pidgeot-control,Pidgeot Control,131,523,394,179,53.16,archaludon-dialga,Archaludon Dialga,21,34.92,overall,2026-05-25T16:44:02.148842+00:00
BRS-SSP,"10,11,12,13,14,15,16,17",8,pidgeot-control,Pidgeot Control,131,523,394,179,53.16,ceruledge-ex,Ceruledge,20,66.67,overall,2026-05-25T16:44:02.148842+00:00
BRS-SSP,"10,11,12,13,14,15,16,17",8,pidgeot-control,Pidgeot Control,131,523,394,179,53.16,palkia-noctowl,Palkia Noctowl,19,50.88,overall,2026-05-25T16:44:02.148842+00:00
BRS-SSP,"10,11,12,13,14,15,16,17",8,pidgeot-control,Pidgeot Control,131,523,394,179,53.16,iron-thorns-ex,Iron Thorns,16,83.33,overall,2026-05-25T16:44:02.148842+00:00
BRS-SSP,"10,11,12,13,14,15,16,17",8,pidgeot-control,Pidgeot Control,131,523,394,179,53.16,archaludon-ex,Archaludon,15,24.44,overall,2026-05-25T16:44:02.148842+00:00
BRS-SSP,"10,11,12,13,14,15,16,17",8,pidgeot-control,Pidgeot Control,131,523,394,179,53.16,gouging-fire-ex,Gouging Fire,11,27.27,overall,2026-05-25T16:44:02.148842+00:00
BRS-SSP,"10,11,12,13,14,15,16,17",8,pidgeot-control,Pidgeot Control,131,523,394,179,53.16,chien-pao-baxcalibur,Chien-Pao Baxcalibur,10,53.33,overall,2026-05-25T16:44:02.148842+00:00
BRS-SSP,"10,11,12,13,14,15,16,17",8,pidgeot-control,Pidgeot Control,131,523,394,179,53.16,hydreigon-ex,Hydreigon,9,44.44,overall,2026-05-25T16:44:02.148842+00:00
BRS-SSP,"10,11,12,13,14,15,16,17",8,pidgeot-control,Pidgeot Control,131,523,394,179,53.16,klawf-par,Klawf,9,37.04,overall,2026-05-25T16:44:02.148842+00:00
BRS-SSP,"10,11,12,13,14,15,16,17",8,pidgeot-control,Pidgeot Control,131,523,394,179,53.16,dragapult-pidgeot,Dragapult Pidgeot,8,66.67,overall,2026-05-25T16:44:02.148842+00:00
BRS-SSP,"10,11,12,13,14,15,16,17",8,pidgeot-control,Pidgeot Control,131,523,394,179,53.16,other,Other,7,71.43,overall,2026-05-25T16:44:02.148842+00:00
BRS-SSP,"10,11,12,13,14,15,16,17",8,pidgeot-control,Pidgeot Control,131,523,394,179,53.16,palkia-dusknoir,Palkia Dusknoir,6,27.78,overall,2026-05-25T16:44:02.148842+00:00
BRS-SSP,"10,11,12,13,14,15,16,17",8,pidgeot-control,Pidgeot Control,131,523,394,179,53.16,mimikyu-ogerpon,Mimikyu Ogerpon,6,100.0,overall,2026-05-25T16:44:02.148842+00:00
BRS-SSP,"10,11,12,13,14,15,16,17",8,pidgeot-control,Pidgeot Control,131,523,394,179,53.16,charizard-noctowl,Charizard Noctowl,5,86.67,overall,2026-05-25T16:44:02.148842+00:00
BRS-SSP,"10,11,12,13,14,15,16,17",8,pidgeot-control,Pidgeot Control,131,523,394,179,53.16,pikachu-regigigas,Pikachu Regis,5,46.67,overall,2026-05-25T16:44:02.148842+00:00
BRS-SSP,"10,11,12,13,14,15,16,17",8,pidgeot-control,Pidgeot Control,131,523,394,179,53.16,conkeldurr-twm,Conkeldurr,5,53.33,overall,2026-05-25T16:44:02.148842+00:00
BRS-SSP,"10,11,12,13,14,15,16,17",8,pidgeot-control,Pidgeot Control,131,523,394,179,53.16,ogerpon-noivern,Ogerpon Noivern,4,83.33,overall,2026-05-25T16:44:02.148842+00:00
BRS-SSP,"10,11,12,13,14,15,16,17",8,pidgeot-control,Pidgeot Control,131,523,394,179,53.16,pidgeot-control,Pidgeot Control,3,44.44,overall,2026-05-25T16:44:02.148842+00:00
BRS-SSP,"10,11,12,13,14,15,16,17",8,pidgeot-control,Pidgeot Control,131,523,394,179,53.16,dragapult-ex,Dragapult,3,33.33,overall,2026-05-25T16:44:02.148842+00:00
BRS-SSP,"10,11,12,13,14,15,16,17",8,pidgeot-control,Pidgeot Control,131,523,394,179,53.16,banette-gardevoir,Banette Gardevoir,3,0.0,overall,2026-05-25T16:44:02.148842+00:00
BRS-SSP,"10,11,12,13,14,15,16,17",8,pidgeot-control,Pidgeot Control,131,523,394,179,53.16,united-wings,United Wings,3,66.67,overall,2026-05-25T16:44:02.148842+00:00
BRS-SSP,"10,11,12,13,14,15,16,17",8,pidgeot-control,Pidgeot Control,131,523,394,179,53.16,flygon-ex-ssp,Flygon,2,50.0,overall,2026-05-25T16:44:02.148842+00:00
BRS-SSP,"10,11,12,13,14,15,16,17",8,pidgeot-control,Pidgeot Control,131,523,394,179,53.16,greninja-ex,Greninja,2,0.0,overall,2026-05-25T16:44:02.148842+00:00
BRS-SSP,"10,11,12,13,14,15,16,17",8,pidgeot-control,Pidgeot Control,131,523,394,179,53.16,lzb-charizard,Lost Box Charizard,2,16.67,overall,2026-05-25T16:44:02.148842+00:00
BRS-SSP,"10,11,12,13,14,15,16,17",8,pidgeot-control,Pidgeot Control,131,523,394,179,53.16,tsareena-ex,Tsareena,2,50.0,overall,2026-05-25T16:44:02.148842+00:00
BRS-SSP,"10,11,12,13,14,15,16,17",8,pidgeot-control,Pidgeot Control,131,523,394,179,53.16,raging-bolt-entei,Raging Bolt Entei,2,100.0,overall,2026-05-25T16:44:02.148842+00:00
BRS-SSP,"10,11,12,13,14,15,16,17",8,pidgeot-control,Pidgeot Control,131,523,394,179,53.16,dragapult-charizard,Dragapult Charizard,2,100.0,overall,2026-05-25T16:44:02.148842+00:00
BRS-SSP,"10,11,12,13,14,15,16,17",8,pidgeot-control,Pidgeot Control,131,523,394,179,53.16,meowscarada-ex,Meowscarada,1,100.0,overall,2026-05-25T16:44:02.148842+00:00
BRS-SSP,"10,11,12,13,14,15,16,17",8,pidgeot-control,Pidgeot Control,131,523,394,179,53.16,blissey-ex,Blissey,1,0.0,overall,2026-05-25T16:44:02.148842+00:00
BRS-SSP,"10,11,12,13,14,15,16,17",8,pidgeot-control,Pidgeot Control,131,523,394,179,53.16,torterra-ex,Torterra,1,100.0,overall,2026-05-25T16:44:02.148842+00:00
BRS-SSP,"10,11,12,13,14,15,16,17",8,pidgeot-control,Pidgeot Control,131,523,394,179,53.16,hydrapple-ogerpon,Hydrapple Ogerpon,1,100.0,overall,2026-05-25T16:44:02.148842+00:00
BRS-SSP,"10,11,12,13,14,15,16,17",8,pidgeot-control,Pidgeot Control,131,523,394,179,53.16,miraidon-regieleki,Miraidon Regieleki,1,100.0,overall,2026-05-25T16:44:02.148842+00:00
BRS-SSP,"10,11,12,13,14,15,16,17",8,pidgeot-control,Pidgeot Control,131,523,394,179,53.16,raging-bolt-palkia,Raging Bolt Palkia,1,33.33,overall,2026-05-25T16:44:02.148842+00:00
BRS-SSP,"10,11,12,13,14,15,16,17",8,pidgeot-control,Pidgeot Control,131,523,394,179,53.16,regigigas-asr,Regis,1,33.33,overall,2026-05-25T16:44:02.148842+00:00
BRS-SSP,"10,11,12,13,14,15,16,17",8,pidgeot-control,Pidgeot Control,131,523,394,179,53.16,greninja-froslass,Greninja Froslass,1,100.0,overall,2026-05-25T16:44:02.148842+00:00
BRS-SSP,"10,11,12,13,14,15,16,17",8,pidgeot-control,Pidgeot Control,131,523,394,179,53.16,palkia-vstar,Palkia,1,100.0,overall,2026-05-25T16:44:02.148842+00:00
BRS-SSP,"10,11,12,13,14,15,16,17",8,pidgeot-control,Pidgeot Control,131,523,394,179,53.16,palafin-ex,Palafin,1,100.0,overall,2026-05-25T16:44:02.148842+00:00
BRS-SSP,"10,11,12,13,14,15,16,17",8,pidgeot-control,Pidgeot Control,131,523,394,179,53.16,dialga-metang,Dialga Metang,1,33.33,overall,2026-05-25T16:44:02.148842+00:00
BRS-SSP,"10,11,12,13,14,15,16,17",8,pidgeot-control,Pidgeot Control,131,523,394,179,53.16,tera-box,Tera Box,1,100.0,overall,2026-05-25T16:44:02.148842+00:00
BRS-SSP,"10,11,12,13,14,15,16,17",8,pidgeot-control,Pidgeot Control,131,523,394,179,53.16,okidogi-ex,Okidogi,1,0.0,overall,2026-05-25T16:44:02.148842+00:00
BRS-SSP,"10,11,12,13,14,15,16,17",8,pidgeot-control,Pidgeot Control,131,523,394,179,53.16,toedscruel-ex,Toedscruel,1,100.0,overall,2026-05-25T16:44:02.148842+00:00
BRS-SSP,"10,11,12,13,14,15,16,17",8,pidgeot-control,Pidgeot Control,131,523,394,179,53.16,great-tusk-tef,Great Tusk Mill,1,33.33,overall,2026-05-25T16:44:02.148842+00:00
BRS-SSP,"10,11,12,13,14,15,16,17",8,pidgeot-control,Pidgeot Control,131,523,394,179,53.16,roaring-moon-dudunsparce,Roaring Moon Dudunsparce,1,100.0,overall,2026-05-25T16:44:02.148842+00:00
BRS-SSP,"10,11,12,13,14,15,16,17",8,pidgeot-control,Pidgeot Control,131,523,394,179,53.16,arceus-armarouge,Arceus Armarouge,1,0.0,overall,2026-05-25T16:44:02.148842+00:00
BRS-SSP,"10,11,12,13,14,15,16,17",8,pidgeot-control,Pidgeot Control,131,523,394,179,53.16,charizard-ex,Charizard,1,100.0,overall,2026-05-25T16:44:02.148842+00:00
BRS-SSP,"10,11,12,13,14,15,16,17",8,pikachu-regigigas,Pikachu Regis,51,147,166,66,44.59,regidrago-vstar,Regidrago,50,30.0,overall,2026-05-25T16:44:05.953818+00:00
BRS-SSP,"10,11,12,13,14,15,16,17",8,pikachu-regigigas,Pikachu Regis,51,147,166,66,44.59,charizard-pidgeot,Charizard Pidgeot,38,45.61,overall,2026-05-25T16:44:05.953818+00:00
BRS-SSP,"10,11,12,13,14,15,16,17",8,pikachu-regigigas,Pikachu Regis,51,147,166,66,44.59,raging-bolt-ogerpon,Raging Bolt Ogerpon,29,67.82,overall,2026-05-25T16:44:05.953818+00:00
BRS-SSP,"10,11,12,13,14,15,16,17",8,pikachu-regigigas,Pikachu Regis,51,147,166,66,44.59,lugia-archeops,Lugia Archeops,22,56.06,overall,2026-05-25T16:44:05.953818+00:00
BRS-SSP,"10,11,12,13,14,15,16,17",8,pikachu-regigigas,Pikachu Regis,51,147,166,66,44.59,gholdengo-ex,Gholdengo,20,58.33,overall,2026-05-25T16:44:05.953818+00:00
BRS-SSP,"10,11,12,13,14,15,16,17",8,pikachu-regigigas,Pikachu Regis,51,147,166,66,44.59,gardevoir-ex-sv,Gardevoir,19,7.02,overall,2026-05-25T16:44:05.953818+00:00
BRS-SSP,"10,11,12,13,14,15,16,17",8,pikachu-regigigas,Pikachu Regis,51,147,166,66,44.59,lost-zone-box,Lost Zone Box,18,64.81,overall,2026-05-25T16:44:05.953818+00:00
BRS-SSP,"10,11,12,13,14,15,16,17",8,pikachu-regigigas,Pikachu Regis,51,147,166,66,44.59,dragapult-iron-thorns,Dragapult Iron Thorns,17,21.57,overall,2026-05-25T16:44:05.953818+00:00
BRS-SSP,"10,11,12,13,14,15,16,17",8,pikachu-regigigas,Pikachu Regis,51,147,166,66,44.59,ceruledge-ex,Ceruledge,14,61.9,overall,2026-05-25T16:44:05.953818+00:00
BRS-SSP,"10,11,12,13,14,15,16,17",8,pikachu-regigigas,Pikachu Regis,51,147,166,66,44.59,roaring-moon-ex,Roaring Moon,14,52.38,overall,2026-05-25T16:44:05.953818+00:00
BRS-SSP,"10,11,12,13,14,15,16,17",8,pikachu-regigigas,Pikachu Regis,51,147,166,66,44.59,miraidon-ex,Miraidon,13,61.54,overall,2026-05-25T16:44:05.953818+00:00
BRS-SSP,"10,11,12,13,14,15,16,17",8,pikachu-regigigas,Pikachu Regis,51,147,166,66,44.59,terapagos-noctowl,Terapagos Noctowl,12,44.44,overall,2026-05-25T16:44:05.953818+00:00
BRS-SSP,"10,11,12,13,14,15,16,17",8,pikachu-regigigas,Pikachu Regis,51,147,166,66,44.59,archaludon-dialga,Archaludon Dialga,12,52.78,overall,2026-05-25T16:44:05.953818+00:00
BRS-SSP,"10,11,12,13,14,15,16,17",8,pikachu-regigigas,Pikachu Regis,51,147,166,66,44.59,dragapult-dusknoir,Dragapult Dusknoir,11,42.42,overall,2026-05-25T16:44:05.953818+00:00
BRS-SSP,"10,11,12,13,14,15,16,17",8,pikachu-regigigas,Pikachu Regis,51,147,166,66,44.59,snorlax-stall,Snorlax Stall,10,36.67,overall,2026-05-25T16:44:05.953818+00:00
BRS-SSP,"10,11,12,13,14,15,16,17",8,pikachu-regigigas,Pikachu Regis,51,147,166,66,44.59,hydreigon-ex,Hydreigon,8,37.5,overall,2026-05-25T16:44:05.953818+00:00
BRS-SSP,"10,11,12,13,14,15,16,17",8,pikachu-regigigas,Pikachu Regis,51,147,166,66,44.59,palkia-noctowl,Palkia Noctowl,8,79.17,overall,2026-05-25T16:44:05.953818+00:00
BRS-SSP,"10,11,12,13,14,15,16,17",8,pikachu-regigigas,Pikachu Regis,51,147,166,66,44.59,archaludon-ex,Archaludon,8,50.0,overall,2026-05-25T16:44:05.953818+00:00
BRS-SSP,"10,11,12,13,14,15,16,17",8,pikachu-regigigas,Pikachu Regis,51,147,166,66,44.59,poison-terapagos,Poison Terapagos,8,37.5,overall,2026-05-25T16:44:05.953818+00:00
BRS-SSP,"10,11,12,13,14,15,16,17",8,pikachu-regigigas,Pikachu Regis,51,147,166,66,44.59,palkia-dusknoir,Palkia Dusknoir,6,22.22,overall,2026-05-25T16:44:05.953818+00:00
BRS-SSP,"10,11,12,13,14,15,16,17",8,pikachu-regigigas,Pikachu Regis,51,147,166,66,44.59,ancient-box,Ancient Box,6,27.78,overall,2026-05-25T16:44:05.953818+00:00
BRS-SSP,"10,11,12,13,14,15,16,17",8,pikachu-regigigas,Pikachu Regis,51,147,166,66,44.59,pidgeot-control,Pidgeot Control,5,46.67,overall,2026-05-25T16:44:05.953818+00:00
BRS-SSP,"10,11,12,13,14,15,16,17",8,pikachu-regigigas,Pikachu Regis,51,147,166,66,44.59,klawf-par,Klawf,4,0.0,overall,2026-05-25T16:44:05.953818+00:00
BRS-SSP,"10,11,12,13,14,15,16,17",8,pikachu-regigigas,Pikachu Regis,51,147,166,66,44.59,mimikyu-ogerpon,Mimikyu Ogerpon,3,33.33,overall,2026-05-25T16:44:05.953818+00:00
BRS-SSP,"10,11,12,13,14,15,16,17",8,pikachu-regigigas,Pikachu Regis,51,147,166,66,44.59,iron-thorns-ex,Iron Thorns,3,33.33,overall,2026-05-25T16:44:05.953818+00:00
BRS-SSP,"10,11,12,13,14,15,16,17",8,pikachu-regigigas,Pikachu Regis,51,147,166,66,44.59,dragapult-charizard,Dragapult Charizard,2,16.67,overall,2026-05-25T16:44:05.953818+00:00
BRS-SSP,"10,11,12,13,14,15,16,17",8,pikachu-regigigas,Pikachu Regis,51,147,166,66,44.59,palafin-ex,Palafin,1,100.0,overall,2026-05-25T16:44:05.953818+00:00
BRS-SSP,"10,11,12,13,14,15,16,17",8,pikachu-regigigas,Pikachu Regis,51,147,166,66,44.59,flygon-ex-ssp,Flygon,1,100.0,overall,2026-05-25T16:44:05.953818+00:00
BRS-SSP,"10,11,12,13,14,15,16,17",8,pikachu-regigigas,Pikachu Regis,51,147,166,66,44.59,lzb-charizard,Lost Box Charizard,1,100.0,overall,2026-05-25T16:44:05.953818+00:00
BRS-SSP,"10,11,12,13,14,15,16,17",8,pikachu-regigigas,Pikachu Regis,51,147,166,66,44.59,galvantula-ex,Galvantula,1,100.0,overall,2026-05-25T16:44:05.953818+00:00
BRS-SSP,"10,11,12,13,14,15,16,17",8,pikachu-regigigas,Pikachu Regis,51,147,166,66,44.59,tsareena-ex,Tsareena,1,100.0,overall,2026-05-25T16:44:05.953818+00:00
BRS-SSP,"10,11,12,13,14,15,16,17",8,pikachu-regigigas,Pikachu Regis,51,147,166,66,44.59,gouging-fire-ex,Gouging Fire,1,0.0,overall,2026-05-25T16:44:05.953818+00:00
BRS-SSP,"10,11,12,13,14,15,16,17",8,pikachu-regigigas,Pikachu Regis,51,147,166,66,44.59,other,Other,1,33.33,overall,2026-05-25T16:44:05.953818+00:00
BRS-SSP,"10,11,12,13,14,15,16,17",8,pikachu-regigigas,Pikachu Regis,51,147,166,66,44.59,charizard-noctowl,Charizard Noctowl,1,0.0,overall,2026-05-25T16:44:05.953818+00:00
BRS-SSP,"10,11,12,13,14,15,16,17",8,pikachu-regigigas,Pikachu Regis,51,147,166,66,44.59,dragapult-pidgeot,Dragapult Pidgeot,1,0.0,overall,2026-05-25T16:44:05.953818+00:00
BRS-SSP,"10,11,12,13,14,15,16,17",8,pikachu-regigigas,Pikachu Regis,51,147,166,66,44.59,walking-wake-ex,Walking Wake,1,33.33,overall,2026-05-25T16:44:05.953818+00:00
BRS-SSP,"10,11,12,13,14,15,16,17",8,pikachu-regigigas,Pikachu Regis,51,147,166,66,44.59,united-wings,United Wings,1,33.33,overall,2026-05-25T16:44:05.953818+00:00
BRS-SSP,"10,11,12,13,14,15,16,17",8,pikachu-regigigas,Pikachu Regis,51,147,166,66,44.59,charizard-ex,Charizard,1,0.0,overall,2026-05-25T16:44:05.953818+00:00
BRS-SSP,"10,11,12,13,14,15,16,17",8,pikachu-regigigas,Pikachu Regis,51,147,166,66,44.59,tinkaton-ex,Tinkaton,1,100.0,overall,2026-05-25T16:44:05.953818+00:00
BRS-SSP,"10,11,12,13,14,15,16,17",8,pikachu-regigigas,Pikachu Regis,51,147,166,66,44.59,greninja-ex,Greninja,1,0.0,overall,2026-05-25T16:44:05.953818+00:00
BRS-SSP,"10,11,12,13,14,15,16,17",8,pikachu-regigigas,Pikachu Regis,51,147,166,66,44.59,koraidon-ex,Koraidon,1,100.0,overall,2026-05-25T16:44:05.953818+00:00
BRS-SSP,"10,11,12,13,14,15,16,17",8,pikachu-regigigas,Pikachu Regis,51,147,166,66,44.59,arceus-armarouge,Arceus Armarouge,1,0.0,overall,2026-05-25T16:44:05.953818+00:00
BRS-SSP,"10,11,12,13,14,15,16,17",8,pikachu-regigigas,Pikachu Regis,51,147,166,66,44.59,banette-gardevoir,Banette Gardevoir,1,33.33,overall,2026-05-25T16:44:05.953818+00:00
BRS-SSP,"10,11,12,13,14,15,16,17",8,pikachu-regigigas,Pikachu Regis,51,147,166,66,44.59,future-box,Future Box,1,0.0,overall,2026-05-25T16:44:05.953818+00:00
BRS-SSP,"10,11,12,13,14,15,16,17",8,poison-terapagos,Poison Terapagos,398,1670,1299,442,53.28,regidrago-vstar,Regidrago,489,53.31,overall,2026-05-25T16:44:08.465240+00:00
BRS-SSP,"10,11,12,13,14,15,16,17",8,poison-terapagos,Poison Terapagos,398,1670,1299,442,53.28,charizard-pidgeot,Charizard Pidgeot,368,52.36,overall,2026-05-25T16:44:08.465240+00:00
BRS-SSP,"10,11,12,13,14,15,16,17",8,poison-terapagos,Poison Terapagos,398,1670,1299,442,53.28,raging-bolt-ogerpon,Raging Bolt Ogerpon,240,61.81,overall,2026-05-25T16:44:08.465240+00:00
BRS-SSP,"10,11,12,13,14,15,16,17",8,poison-terapagos,Poison Terapagos,398,1670,1299,442,53.28,gardevoir-ex-sv,Gardevoir,201,33.67,overall,2026-05-25T16:44:08.465240+00:00
BRS-SSP,"10,11,12,13,14,15,16,17",8,poison-terapagos,Poison Terapagos,398,1670,1299,442,53.28,gholdengo-ex,Gholdengo,189,63.32,overall,2026-05-25T16:44:08.465240+00:00
BRS-SSP,"10,11,12,13,14,15,16,17",8,poison-terapagos,Poison Terapagos,398,1670,1299,442,53.28,miraidon-ex,Miraidon,155,66.45,overall,2026-05-25T16:44:08.465240+00:00
BRS-SSP,"10,11,12,13,14,15,16,17",8,poison-terapagos,Poison Terapagos,398,1670,1299,442,53.28,lugia-archeops,Lugia Archeops,141,49.41,overall,2026-05-25T16:44:08.465240+00:00
BRS-SSP,"10,11,12,13,14,15,16,17",8,poison-terapagos,Poison Terapagos,398,1670,1299,442,53.28,dragapult-iron-thorns,Dragapult Iron Thorns,137,56.93,overall,2026-05-25T16:44:08.465240+00:00
BRS-SSP,"10,11,12,13,14,15,16,17",8,poison-terapagos,Poison Terapagos,398,1670,1299,442,53.28,roaring-moon-ex,Roaring Moon,131,51.4,overall,2026-05-25T16:44:08.465240+00:00
BRS-SSP,"10,11,12,13,14,15,16,17",8,poison-terapagos,Poison Terapagos,398,1670,1299,442,53.28,snorlax-stall,Snorlax Stall,117,46.72,overall,2026-05-25T16:44:08.465240+00:00
BRS-SSP,"10,11,12,13,14,15,16,17",8,poison-terapagos,Poison Terapagos,398,1670,1299,442,53.28,terapagos-noctowl,Terapagos Noctowl,106,60.38,overall,2026-05-25T16:44:08.465240+00:00
BRS-SSP,"10,11,12,13,14,15,16,17",8,poison-terapagos,Poison Terapagos,398,1670,1299,442,53.28,lost-zone-box,Lost Zone Box,104,52.88,overall,2026-05-25T16:44:08.465240+00:00
BRS-SSP,"10,11,12,13,14,15,16,17",8,poison-terapagos,Poison Terapagos,398,1670,1299,442,53.28,archaludon-dialga,Archaludon Dialga,97,32.3,overall,2026-05-25T16:44:08.465240+00:00
BRS-SSP,"10,11,12,13,14,15,16,17",8,poison-terapagos,Poison Terapagos,398,1670,1299,442,53.28,poison-terapagos,Poison Terapagos,85,46.08,overall,2026-05-25T16:44:08.465240+00:00
BRS-SSP,"10,11,12,13,14,15,16,17",8,poison-terapagos,Poison Terapagos,398,1670,1299,442,53.28,iron-thorns-ex,Iron Thorns,75,52.44,overall,2026-05-25T16:44:08.465240+00:00
BRS-SSP,"10,11,12,13,14,15,16,17",8,poison-terapagos,Poison Terapagos,398,1670,1299,442,53.28,ceruledge-ex,Ceruledge,73,64.38,overall,2026-05-25T16:44:08.465240+00:00
BRS-SSP,"10,11,12,13,14,15,16,17",8,poison-terapagos,Poison Terapagos,398,1670,1299,442,53.28,ancient-box,Ancient Box,70,40.0,overall,2026-05-25T16:44:08.465240+00:00
BRS-SSP,"10,11,12,13,14,15,16,17",8,poison-terapagos,Poison Terapagos,398,1670,1299,442,53.28,archaludon-ex,Archaludon,64,29.69,overall,2026-05-25T16:44:08.465240+00:00
BRS-SSP,"10,11,12,13,14,15,16,17",8,poison-terapagos,Poison Terapagos,398,1670,1299,442,53.28,palkia-noctowl,Palkia Noctowl,53,54.09,overall,2026-05-25T16:44:08.465240+00:00
BRS-SSP,"10,11,12,13,14,15,16,17",8,poison-terapagos,Poison Terapagos,398,1670,1299,442,53.28,pidgeot-control,Pidgeot Control,51,50.98,overall,2026-05-25T16:44:08.465240+00:00
BRS-SSP,"10,11,12,13,14,15,16,17",8,poison-terapagos,Poison Terapagos,398,1670,1299,442,53.28,dragapult-dusknoir,Dragapult Dusknoir,45,52.59,overall,2026-05-25T16:44:08.465240+00:00
BRS-SSP,"10,11,12,13,14,15,16,17",8,poison-terapagos,Poison Terapagos,398,1670,1299,442,53.28,palkia-dusknoir,Palkia Dusknoir,29,55.17,overall,2026-05-25T16:44:08.465240+00:00
BRS-SSP,"10,11,12,13,14,15,16,17",8,poison-terapagos,Poison Terapagos,398,1670,1299,442,53.28,hydreigon-ex,Hydreigon,27,75.31,overall,2026-05-25T16:44:08.465240+00:00
BRS-SSP,"10,11,12,13,14,15,16,17",8,poison-terapagos,Poison Terapagos,398,1670,1299,442,53.28,other,Other,25,64.0,overall,2026-05-25T16:44:08.465240+00:00
BRS-SSP,"10,11,12,13,14,15,16,17",8,poison-terapagos,Poison Terapagos,398,1670,1299,442,53.28,gouging-fire-ex,Gouging Fire,24,61.11,overall,2026-05-25T16:44:08.465240+00:00
BRS-SSP,"10,11,12,13,14,15,16,17",8,poison-terapagos,Poison Terapagos,398,1670,1299,442,53.28,chien-pao-baxcalibur,Chien-Pao Baxcalibur,18,74.07,overall,2026-05-25T16:44:08.465240+00:00
BRS-SSP,"10,11,12,13,14,15,16,17",8,poison-terapagos,Poison Terapagos,398,1670,1299,442,53.28,klawf-par,Klawf,16,39.58,overall,2026-05-25T16:44:08.465240+00:00
BRS-SSP,"10,11,12,13,14,15,16,17",8,poison-terapagos,Poison Terapagos,398,1670,1299,442,53.28,charizard-noctowl,Charizard Noctowl,16,64.58,overall,2026-05-25T16:44:08.465240+00:00
BRS-SSP,"10,11,12,13,14,15,16,17",8,poison-terapagos,Poison Terapagos,398,1670,1299,442,53.28,mimikyu-ogerpon,Mimikyu Ogerpon,14,100.0,overall,2026-05-25T16:44:08.465240+00:00
BRS-SSP,"10,11,12,13,14,15,16,17",8,poison-terapagos,Poison Terapagos,398,1670,1299,442,53.28,dragapult-pidgeot,Dragapult Pidgeot,9,62.96,overall,2026-05-25T16:44:08.465240+00:00
BRS-SSP,"10,11,12,13,14,15,16,17",8,poison-terapagos,Poison Terapagos,398,1670,1299,442,53.28,greninja-ex,Greninja,9,66.67,overall,2026-05-25T16:44:08.465240+00:00
BRS-SSP,"10,11,12,13,14,15,16,17",8,poison-terapagos,Poison Terapagos,398,1670,1299,442,53.28,dragapult-charizard,Dragapult Charizard,9,22.22,overall,2026-05-25T16:44:08.465240+00:00
BRS-SSP,"10,11,12,13,14,15,16,17",8,poison-terapagos,Poison Terapagos,398,1670,1299,442,53.28,ogerpon-noivern,Ogerpon Noivern,8,91.67,overall,2026-05-25T16:44:08.465240+00:00
BRS-SSP,"10,11,12,13,14,15,16,17",8,poison-terapagos,Poison Terapagos,398,1670,1299,442,53.28,pikachu-regigigas,Pikachu Regis,8,50.0,overall,2026-05-25T16:44:08.465240+00:00
BRS-SSP,"10,11,12,13,14,15,16,17",8,poison-terapagos,Poison Terapagos,398,1670,1299,442,53.28,united-wings,United Wings,7,71.43,overall,2026-05-25T16:44:08.465240+00:00
BRS-SSP,"10,11,12,13,14,15,16,17",8,poison-terapagos,Poison Terapagos,398,1670,1299,442,53.28,giratina-lz-box,Giratina LZ Box,6,66.67,overall,2026-05-25T16:44:08.465240+00:00
BRS-SSP,"10,11,12,13,14,15,16,17",8,poison-terapagos,Poison Terapagos,398,1670,1299,442,53.28,hisuian-zoroark-vstar,Hisuian Zoroark,5,66.67,overall,2026-05-25T16:44:08.465240+00:00
BRS-SSP,"10,11,12,13,14,15,16,17",8,poison-terapagos,Poison Terapagos,398,1670,1299,442,53.28,great-tusk-tef,Great Tusk Mill,5,86.67,overall,2026-05-25T16:44:08.465240+00:00
BRS-SSP,"10,11,12,13,14,15,16,17",8,poison-terapagos,Poison Terapagos,398,1670,1299,442,53.28,blissey-ex,Blissey,4,100.0,overall,2026-05-25T16:44:08.465240+00:00
BRS-SSP,"10,11,12,13,14,15,16,17",8,poison-terapagos,Poison Terapagos,398,1670,1299,442,53.28,conkeldurr-twm,Conkeldurr,4,50.0,overall,2026-05-25T16:44:08.465240+00:00
BRS-SSP,"10,11,12,13,14,15,16,17",8,poison-terapagos,Poison Terapagos,398,1670,1299,442,53.28,dragapult-ex,Dragapult,4,41.67,overall,2026-05-25T16:44:08.465240+00:00
BRS-SSP,"10,11,12,13,14,15,16,17",8,poison-terapagos,Poison Terapagos,398,1670,1299,442,53.28,banette-ex-sv,Banette,4,58.33,overall,2026-05-25T16:44:08.465240+00:00
BRS-SSP,"10,11,12,13,14,15,16,17",8,poison-terapagos,Poison Terapagos,398,1670,1299,442,53.28,arceus-armarouge,Arceus Armarouge,4,75.0,overall,2026-05-25T16:44:08.465240+00:00
BRS-SSP,"10,11,12,13,14,15,16,17",8,poison-terapagos,Poison Terapagos,398,1670,1299,442,53.28,okidogi-ex,Okidogi,4,75.0,overall,2026-05-25T16:44:08.465240+00:00
BRS-SSP,"10,11,12,13,14,15,16,17",8,poison-terapagos,Poison Terapagos,398,1670,1299,442,53.28,future-box,Future Box,3,100.0,overall,2026-05-25T16:44:08.465240+00:00
BRS-SSP,"10,11,12,13,14,15,16,17",8,poison-terapagos,Poison Terapagos,398,1670,1299,442,53.28,tsareena-ex,Tsareena,3,100.0,overall,2026-05-25T16:44:08.465240+00:00
BRS-SSP,"10,11,12,13,14,15,16,17",8,poison-terapagos,Poison Terapagos,398,1670,1299,442,53.28,dialga-metang,Dialga Metang,3,66.67,overall,2026-05-25T16:44:08.465240+00:00
BRS-SSP,"10,11,12,13,14,15,16,17",8,poison-terapagos,Poison Terapagos,398,1670,1299,442,53.28,tinkaton-ex,Tinkaton,3,100.0,overall,2026-05-25T16:44:08.465240+00:00
BRS-SSP,"10,11,12,13,14,15,16,17",8,poison-terapagos,Poison Terapagos,398,1670,1299,442,53.28,lzb-charizard,Lost Box Charizard,3,0.0,overall,2026-05-25T16:44:08.465240+00:00
BRS-SSP,"10,11,12,13,14,15,16,17",8,poison-terapagos,Poison Terapagos,398,1670,1299,442,53.28,flygon-ex-ssp,Flygon,3,33.33,overall,2026-05-25T16:44:08.465240+00:00
BRS-SSP,"10,11,12,13,14,15,16,17",8,poison-terapagos,Poison Terapagos,398,1670,1299,442,53.28,scovillain-ex,Scovillain,3,100.0,overall,2026-05-25T16:44:08.465240+00:00
BRS-SSP,"10,11,12,13,14,15,16,17",8,poison-terapagos,Poison Terapagos,398,1670,1299,442,53.28,venomoth-froslass,Venomoth Froslass,3,100.0,overall,2026-05-25T16:44:08.465240+00:00
BRS-SSP,"10,11,12,13,14,15,16,17",8,poison-terapagos,Poison Terapagos,398,1670,1299,442,53.28,espathra-xatu,Espathra Xatu,2,100.0,overall,2026-05-25T16:44:08.465240+00:00
BRS-SSP,"10,11,12,13,14,15,16,17",8,poison-terapagos,Poison Terapagos,398,1670,1299,442,53.28,regigigas-asr,Regis,2,33.33,overall,2026-05-25T16:44:08.465240+00:00
BRS-SSP,"10,11,12,13,14,15,16,17",8,poison-terapagos,Poison Terapagos,398,1670,1299,442,53.28,froslass-munkidori,Froslass Munkidori,2,50.0,overall,2026-05-25T16:44:08.465240+00:00
BRS-SSP,"10,11,12,13,14,15,16,17",8,poison-terapagos,Poison Terapagos,398,1670,1299,442,53.28,cinderace-ex,Cinderace,2,50.0,overall,2026-05-25T16:44:08.465240+00:00
BRS-SSP,"10,11,12,13,14,15,16,17",8,poison-terapagos,Poison Terapagos,398,1670,1299,442,53.28,greninja-froslass,Greninja Froslass,2,0.0,overall,2026-05-25T16:44:08.465240+00:00
BRS-SSP,"10,11,12,13,14,15,16,17",8,poison-terapagos,Poison Terapagos,398,1670,1299,442,53.28,festival-lead,Dipplin,2,100.0,overall,2026-05-25T16:44:08.465240+00:00
BRS-SSP,"10,11,12,13,14,15,16,17",8,poison-terapagos,Poison Terapagos,398,1670,1299,442,53.28,banette-gardevoir,Banette Gardevoir,2,66.67,overall,2026-05-25T16:44:08.465240+00:00
BRS-SSP,"10,11,12,13,14,15,16,17",8,poison-terapagos,Poison Terapagos,398,1670,1299,442,53.28,raging-bolt-entei,Raging Bolt Entei,2,0.0,overall,2026-05-25T16:44:08.465240+00:00
BRS-SSP,"10,11,12,13,14,15,16,17",8,poison-terapagos,Poison Terapagos,398,1670,1299,442,53.28,palkia-vstar,Palkia,1,100.0,overall,2026-05-25T16:44:08.465240+00:00
BRS-SSP,"10,11,12,13,14,15,16,17",8,poison-terapagos,Poison Terapagos,398,1670,1299,442,53.28,clefable-ex,Clefable,1,100.0,overall,2026-05-25T16:44:08.465240+00:00
BRS-SSP,"10,11,12,13,14,15,16,17",8,poison-terapagos,Poison Terapagos,398,1670,1299,442,53.28,hisuian-goodra-vstar,Hisuian Goodra,1,100.0,overall,2026-05-25T16:44:08.465240+00:00
BRS-SSP,"10,11,12,13,14,15,16,17",8,poison-terapagos,Poison Terapagos,398,1670,1299,442,53.28,entei-v,Entei,1,0.0,overall,2026-05-25T16:44:08.465240+00:00
BRS-SSP,"10,11,12,13,14,15,16,17",8,poison-terapagos,Poison Terapagos,398,1670,1299,442,53.28,dragapult-lz-box,Dragapult LZ Box,1,0.0,overall,2026-05-25T16:44:08.465240+00:00
BRS-SSP,"10,11,12,13,14,15,16,17",8,poison-terapagos,Poison Terapagos,398,1670,1299,442,53.28,charizard-ex,Charizard,1,100.0,overall,2026-05-25T16:44:08.465240+00:00
BRS-SSP,"10,11,12,13,14,15,16,17",8,poison-terapagos,Poison Terapagos,398,1670,1299,442,53.28,iron-hands-ex,Future Hands,1,100.0,overall,2026-05-25T16:44:08.465240+00:00
BRS-SSP,"10,11,12,13,14,15,16,17",8,poison-terapagos,Poison Terapagos,398,1670,1299,442,53.28,slaking-ex,Slaking,1,100.0,overall,2026-05-25T16:44:08.465240+00:00
BRS-SSP,"10,11,12,13,14,15,16,17",8,poison-terapagos,Poison Terapagos,398,1670,1299,442,53.28,charizard-arceus,Charizard Arceus,1,100.0,overall,2026-05-25T16:44:08.465240+00:00
BRS-SSP,"10,11,12,13,14,15,16,17",8,poison-terapagos,Poison Terapagos,398,1670,1299,442,53.28,milotic-ex,Milotic,1,100.0,overall,2026-05-25T16:44:08.465240+00:00
BRS-SSP,"10,11,12,13,14,15,16,17",8,poison-terapagos,Poison Terapagos,398,1670,1299,442,53.28,arceus-regidrago,Arceus Regidrago,1,0.0,overall,2026-05-25T16:44:08.465240+00:00
BRS-SSP,"10,11,12,13,14,15,16,17",8,poison-terapagos,Poison Terapagos,398,1670,1299,442,53.28,incineroar-ex,Incineroar,1,0.0,overall,2026-05-25T16:44:08.465240+00:00
BRS-SSP,"10,11,12,13,14,15,16,17",8,poison-terapagos,Poison Terapagos,398,1670,1299,442,53.28,palafin-ex,Palafin,1,100.0,overall,2026-05-25T16:44:08.465240+00:00
BRS-SSP,"10,11,12,13,14,15,16,17",8,poison-terapagos,Poison Terapagos,398,1670,1299,442,53.28,roaring-moon-dudunsparce,Roaring Moon Dudunsparce,1,100.0,overall,2026-05-25T16:44:08.465240+00:00
BRS-SSP,"10,11,12,13,14,15,16,17",8,poison-terapagos,Poison Terapagos,398,1670,1299,442,53.28,sinistcha-ogerpon,Sinistcha Ogerpon,1,100.0,overall,2026-05-25T16:44:08.465240+00:00
BRS-SSP,"10,11,12,13,14,15,16,17",8,poison-terapagos,Poison Terapagos,398,1670,1299,442,53.28,hydrapple-ogerpon,Hydrapple Ogerpon,1,0.0,overall,2026-05-25T16:44:08.465240+00:00
BRS-SSP,"10,11,12,13,14,15,16,17",8,poison-terapagos,Poison Terapagos,398,1670,1299,442,53.28,arceus-giratina,Arceus Giratina,1,100.0,overall,2026-05-25T16:44:08.465240+00:00
BRS-SSP,"10,11,12,13,14,15,16,17",8,raging-bolt-entei,Raging Bolt Entei,3,18,11,3,59.38,gardevoir-ex-sv,Gardevoir,4,75.0,overall,2026-05-25T16:44:10.977224+00:00
BRS-SSP,"10,11,12,13,14,15,16,17",8,raging-bolt-entei,Raging Bolt Entei,3,18,11,3,59.38,raging-bolt-ogerpon,Raging Bolt Ogerpon,4,25.0,overall,2026-05-25T16:44:10.977224+00:00
BRS-SSP,"10,11,12,13,14,15,16,17",8,raging-bolt-entei,Raging Bolt Entei,3,18,11,3,59.38,regidrago-vstar,Regidrago,3,44.44,overall,2026-05-25T16:44:10.977224+00:00
BRS-SSP,"10,11,12,13,14,15,16,17",8,raging-bolt-entei,Raging Bolt Entei,3,18,11,3,59.38,dragapult-iron-thorns,Dragapult Iron Thorns,3,44.44,overall,2026-05-25T16:44:10.977224+00:00
BRS-SSP,"10,11,12,13,14,15,16,17",8,raging-bolt-entei,Raging Bolt Entei,3,18,11,3,59.38,terapagos-noctowl,Terapagos Noctowl,3,66.67,overall,2026-05-25T16:44:10.977224+00:00
BRS-SSP,"10,11,12,13,14,15,16,17",8,raging-bolt-entei,Raging Bolt Entei,3,18,11,3,59.38,pidgeot-control,Pidgeot Control,2,0.0,overall,2026-05-25T16:44:10.977224+00:00
BRS-SSP,"10,11,12,13,14,15,16,17",8,raging-bolt-entei,Raging Bolt Entei,3,18,11,3,59.38,poison-terapagos,Poison Terapagos,2,100.0,overall,2026-05-25T16:44:10.977224+00:00
BRS-SSP,"10,11,12,13,14,15,16,17",8,raging-bolt-entei,Raging Bolt Entei,3,18,11,3,59.38,archaludon-dialga,Archaludon Dialga,2,100.0,overall,2026-05-25T16:44:10.977224+00:00
BRS-SSP,"10,11,12,13,14,15,16,17",8,raging-bolt-entei,Raging Bolt Entei,3,18,11,3,59.38,charizard-pidgeot,Charizard Pidgeot,1,0.0,overall,2026-05-25T16:44:10.977224+00:00
BRS-SSP,"10,11,12,13,14,15,16,17",8,raging-bolt-entei,Raging Bolt Entei,3,18,11,3,59.38,palkia-noctowl,Palkia Noctowl,1,100.0,overall,2026-05-25T16:44:10.977224+00:00
BRS-SSP,"10,11,12,13,14,15,16,17",8,raging-bolt-entei,Raging Bolt Entei,3,18,11,3,59.38,lugia-archeops,Lugia Archeops,1,100.0,overall,2026-05-25T16:44:10.977224+00:00
BRS-SSP,"10,11,12,13,14,15,16,17",8,raging-bolt-entei,Raging Bolt Entei,3,18,11,3,59.38,ceruledge-ex,Ceruledge,1,100.0,overall,2026-05-25T16:44:10.977224+00:00
BRS-SSP,"10,11,12,13,14,15,16,17",8,raging-bolt-entei,Raging Bolt Entei,3,18,11,3,59.38,iron-thorns-ex,Iron Thorns,1,100.0,overall,2026-05-25T16:44:10.977224+00:00
BRS-SSP,"10,11,12,13,14,15,16,17",8,raging-bolt-entei,Raging Bolt Entei,3,18,11,3,59.38,dragapult-dusknoir,Dragapult Dusknoir,1,100.0,overall,2026-05-25T16:44:10.977224+00:00
BRS-SSP,"10,11,12,13,14,15,16,17",8,raging-bolt-entei,Raging Bolt Entei,3,18,11,3,59.38,roaring-moon-ex,Roaring Moon,1,33.33,overall,2026-05-25T16:44:10.977224+00:00
BRS-SSP,"10,11,12,13,14,15,16,17",8,raging-bolt-entei,Raging Bolt Entei,3,18,11,3,59.38,lost-zone-box,Lost Zone Box,1,100.0,overall,2026-05-25T16:44:10.977224+00:00
BRS-SSP,"10,11,12,13,14,15,16,17",8,raging-bolt-entei,Raging Bolt Entei,3,18,11,3,59.38,miraidon-ex,Miraidon,1,0.0,overall,2026-05-25T16:44:10.977224+00:00
BRS-SSP,"10,11,12,13,14,15,16,17",8,raging-bolt-ex,Raging Bolt,1,0,4,1,6.67,roaring-moon-ex,Roaring Moon,1,0.0,overall,2026-05-25T16:44:13.463407+00:00
BRS-SSP,"10,11,12,13,14,15,16,17",8,raging-bolt-ex,Raging Bolt,1,0,4,1,6.67,banette-gardevoir,Banette Gardevoir,1,33.33,overall,2026-05-25T16:44:13.463407+00:00
BRS-SSP,"10,11,12,13,14,15,16,17",8,raging-bolt-ex,Raging Bolt,1,0,4,1,6.67,palkia-dusknoir,Palkia Dusknoir,1,0.0,overall,2026-05-25T16:44:13.463407+00:00
BRS-SSP,"10,11,12,13,14,15,16,17",8,raging-bolt-ex,Raging Bolt,1,0,4,1,6.67,miraidon-ex,Miraidon,1,0.0,overall,2026-05-25T16:44:13.463407+00:00
BRS-SSP,"10,11,12,13,14,15,16,17",8,raging-bolt-ex,Raging Bolt,1,0,4,1,6.67,gholdengo-ex,Gholdengo,1,0.0,overall,2026-05-25T16:44:13.463407+00:00
BRS-SSP,"10,11,12,13,14,15,16,17",8,raging-bolt-ogerpon,Raging Bolt Ogerpon,960,2944,3330,1149,44.82,regidrago-vstar,Regidrago,970,56.36,overall,2026-05-25T16:44:16.028166+00:00
BRS-SSP,"10,11,12,13,14,15,16,17",8,raging-bolt-ogerpon,Raging Bolt Ogerpon,960,2944,3330,1149,44.82,charizard-pidgeot,Charizard Pidgeot,784,42.39,overall,2026-05-25T16:44:16.028166+00:00
BRS-SSP,"10,11,12,13,14,15,16,17",8,raging-bolt-ogerpon,Raging Bolt Ogerpon,960,2944,3330,1149,44.82,gholdengo-ex,Gholdengo,399,38.26,overall,2026-05-25T16:44:16.028166+00:00
BRS-SSP,"10,11,12,13,14,15,16,17",8,raging-bolt-ogerpon,Raging Bolt Ogerpon,960,2944,3330,1149,44.82,gardevoir-ex-sv,Gardevoir,387,33.85,overall,2026-05-25T16:44:16.028166+00:00
BRS-SSP,"10,11,12,13,14,15,16,17",8,raging-bolt-ogerpon,Raging Bolt Ogerpon,960,2944,3330,1149,44.82,miraidon-ex,Miraidon,355,57.65,overall,2026-05-25T16:44:16.028166+00:00
BRS-SSP,"10,11,12,13,14,15,16,17",8,raging-bolt-ogerpon,Raging Bolt Ogerpon,960,2944,3330,1149,44.82,lugia-archeops,Lugia Archeops,349,43.08,overall,2026-05-25T16:44:16.028166+00:00
BRS-SSP,"10,11,12,13,14,15,16,17",8,raging-bolt-ogerpon,Raging Bolt Ogerpon,960,2944,3330,1149,44.82,raging-bolt-ogerpon,Raging Bolt Ogerpon,313,48.08,overall,2026-05-25T16:44:16.028166+00:00
BRS-SSP,"10,11,12,13,14,15,16,17",8,raging-bolt-ogerpon,Raging Bolt Ogerpon,960,2944,3330,1149,44.82,lost-zone-box,Lost Zone Box,303,31.46,overall,2026-05-25T16:44:16.028166+00:00
BRS-SSP,"10,11,12,13,14,15,16,17",8,raging-bolt-ogerpon,Raging Bolt Ogerpon,960,2944,3330,1149,44.82,roaring-moon-ex,Roaring Moon,285,41.4,overall,2026-05-25T16:44:16.028166+00:00
BRS-SSP,"10,11,12,13,14,15,16,17",8,raging-bolt-ogerpon,Raging Bolt Ogerpon,960,2944,3330,1149,44.82,poison-terapagos,Poison Terapagos,240,33.47,overall,2026-05-25T16:44:16.028166+00:00
BRS-SSP,"10,11,12,13,14,15,16,17",8,raging-bolt-ogerpon,Raging Bolt Ogerpon,960,2944,3330,1149,44.82,dragapult-iron-thorns,Dragapult Iron Thorns,236,52.26,overall,2026-05-25T16:44:16.028166+00:00
BRS-SSP,"10,11,12,13,14,15,16,17",8,raging-bolt-ogerpon,Raging Bolt Ogerpon,960,2944,3330,1149,44.82,snorlax-stall,Snorlax Stall,216,18.98,overall,2026-05-25T16:44:16.028166+00:00
BRS-SSP,"10,11,12,13,14,15,16,17",8,raging-bolt-ogerpon,Raging Bolt Ogerpon,960,2944,3330,1149,44.82,terapagos-noctowl,Terapagos Noctowl,199,36.52,overall,2026-05-25T16:44:16.028166+00:00
BRS-SSP,"10,11,12,13,14,15,16,17",8,raging-bolt-ogerpon,Raging Bolt Ogerpon,960,2944,3330,1149,44.82,archaludon-dialga,Archaludon Dialga,175,45.33,overall,2026-05-25T16:44:16.028166+00:00
BRS-SSP,"10,11,12,13,14,15,16,17",8,raging-bolt-ogerpon,Raging Bolt Ogerpon,960,2944,3330,1149,44.82,ancient-box,Ancient Box,169,31.76,overall,2026-05-25T16:44:16.028166+00:00
BRS-SSP,"10,11,12,13,14,15,16,17",8,raging-bolt-ogerpon,Raging Bolt Ogerpon,960,2944,3330,1149,44.82,ceruledge-ex,Ceruledge,157,54.78,overall,2026-05-25T16:44:16.028166+00:00
BRS-SSP,"10,11,12,13,14,15,16,17",8,raging-bolt-ogerpon,Raging Bolt Ogerpon,960,2944,3330,1149,44.82,dragapult-dusknoir,Dragapult Dusknoir,126,55.82,overall,2026-05-25T16:44:16.028166+00:00
BRS-SSP,"10,11,12,13,14,15,16,17",8,raging-bolt-ogerpon,Raging Bolt Ogerpon,960,2944,3330,1149,44.82,archaludon-ex,Archaludon,121,48.21,overall,2026-05-25T16:44:16.028166+00:00
BRS-SSP,"10,11,12,13,14,15,16,17",8,raging-bolt-ogerpon,Raging Bolt Ogerpon,960,2944,3330,1149,44.82,hydreigon-ex,Hydreigon,101,69.31,overall,2026-05-25T16:44:16.028166+00:00
BRS-SSP,"10,11,12,13,14,15,16,17",8,raging-bolt-ogerpon,Raging Bolt Ogerpon,960,2944,3330,1149,44.82,palkia-noctowl,Palkia Noctowl,101,26.73,overall,2026-05-25T16:44:16.028166+00:00
BRS-SSP,"10,11,12,13,14,15,16,17",8,raging-bolt-ogerpon,Raging Bolt Ogerpon,960,2944,3330,1149,44.82,iron-thorns-ex,Iron Thorns,96,52.08,overall,2026-05-25T16:44:16.028166+00:00
BRS-SSP,"10,11,12,13,14,15,16,17",8,raging-bolt-ogerpon,Raging Bolt Ogerpon,960,2944,3330,1149,44.82,pidgeot-control,Pidgeot Control,81,29.63,overall,2026-05-25T16:44:16.028166+00:00
BRS-SSP,"10,11,12,13,14,15,16,17",8,raging-bolt-ogerpon,Raging Bolt Ogerpon,960,2944,3330,1149,44.82,other,Other,79,58.23,overall,2026-05-25T16:44:16.028166+00:00
BRS-SSP,"10,11,12,13,14,15,16,17",8,raging-bolt-ogerpon,Raging Bolt Ogerpon,960,2944,3330,1149,44.82,palkia-dusknoir,Palkia Dusknoir,70,52.38,overall,2026-05-25T16:44:16.028166+00:00
BRS-SSP,"10,11,12,13,14,15,16,17",8,raging-bolt-ogerpon,Raging Bolt Ogerpon,960,2944,3330,1149,44.82,chien-pao-baxcalibur,Chien-Pao Baxcalibur,56,51.79,overall,2026-05-25T16:44:16.028166+00:00
BRS-SSP,"10,11,12,13,14,15,16,17",8,raging-bolt-ogerpon,Raging Bolt Ogerpon,960,2944,3330,1149,44.82,gouging-fire-ex,Gouging Fire,51,44.44,overall,2026-05-25T16:44:16.028166+00:00
BRS-SSP,"10,11,12,13,14,15,16,17",8,raging-bolt-ogerpon,Raging Bolt Ogerpon,960,2944,3330,1149,44.82,dragapult-pidgeot,Dragapult Pidgeot,44,68.18,overall,2026-05-25T16:44:16.028166+00:00
BRS-SSP,"10,11,12,13,14,15,16,17",8,raging-bolt-ogerpon,Raging Bolt Ogerpon,960,2944,3330,1149,44.82,mimikyu-ogerpon,Mimikyu Ogerpon,44,24.24,overall,2026-05-25T16:44:16.028166+00:00
BRS-SSP,"10,11,12,13,14,15,16,17",8,raging-bolt-ogerpon,Raging Bolt Ogerpon,960,2944,3330,1149,44.82,charizard-noctowl,Charizard Noctowl,42,42.86,overall,2026-05-25T16:44:16.028166+00:00
BRS-SSP,"10,11,12,13,14,15,16,17",8,raging-bolt-ogerpon,Raging Bolt Ogerpon,960,2944,3330,1149,44.82,klawf-par,Klawf,42,41.27,overall,2026-05-25T16:44:16.028166+00:00
BRS-SSP,"10,11,12,13,14,15,16,17",8,raging-bolt-ogerpon,Raging Bolt Ogerpon,960,2944,3330,1149,44.82,pikachu-regigigas,Pikachu Regis,29,29.89,overall,2026-05-25T16:44:16.028166+00:00
BRS-SSP,"10,11,12,13,14,15,16,17",8,raging-bolt-ogerpon,Raging Bolt Ogerpon,960,2944,3330,1149,44.82,united-wings,United Wings,25,37.33,overall,2026-05-25T16:44:16.028166+00:00
BRS-SSP,"10,11,12,13,14,15,16,17",8,raging-bolt-ogerpon,Raging Bolt Ogerpon,960,2944,3330,1149,44.82,banette-gardevoir,Banette Gardevoir,25,48.0,overall,2026-05-25T16:44:16.028166+00:00
BRS-SSP,"10,11,12,13,14,15,16,17",8,raging-bolt-ogerpon,Raging Bolt Ogerpon,960,2944,3330,1149,44.82,greninja-ex,Greninja,24,66.67,overall,2026-05-25T16:44:16.028166+00:00
BRS-SSP,"10,11,12,13,14,15,16,17",8,raging-bolt-ogerpon,Raging Bolt Ogerpon,960,2944,3330,1149,44.82,charizard-ex,Charizard,21,41.27,overall,2026-05-25T16:44:16.028166+00:00
BRS-SSP,"10,11,12,13,14,15,16,17",8,raging-bolt-ogerpon,Raging Bolt Ogerpon,960,2944,3330,1149,44.82,dragapult-ex,Dragapult,17,47.06,overall,2026-05-25T16:44:16.028166+00:00
BRS-SSP,"10,11,12,13,14,15,16,17",8,raging-bolt-ogerpon,Raging Bolt Ogerpon,960,2944,3330,1149,44.82,lzb-charizard,Lost Box Charizard,16,37.5,overall,2026-05-25T16:44:16.028166+00:00
BRS-SSP,"10,11,12,13,14,15,16,17",8,raging-bolt-ogerpon,Raging Bolt Ogerpon,960,2944,3330,1149,44.82,ogerpon-noivern,Ogerpon Noivern,16,41.67,overall,2026-05-25T16:44:16.028166+00:00
BRS-SSP,"10,11,12,13,14,15,16,17",8,raging-bolt-ogerpon,Raging Bolt Ogerpon,960,2944,3330,1149,44.82,tsareena-ex,Tsareena,16,62.5,overall,2026-05-25T16:44:16.028166+00:00
BRS-SSP,"10,11,12,13,14,15,16,17",8,raging-bolt-ogerpon,Raging Bolt Ogerpon,960,2944,3330,1149,44.82,conkeldurr-twm,Conkeldurr,15,20.0,overall,2026-05-25T16:44:16.028166+00:00
BRS-SSP,"10,11,12,13,14,15,16,17",8,raging-bolt-ogerpon,Raging Bolt Ogerpon,960,2944,3330,1149,44.82,hydrapple-ogerpon,Hydrapple Ogerpon,15,71.11,overall,2026-05-25T16:44:16.028166+00:00
BRS-SSP,"10,11,12,13,14,15,16,17",8,raging-bolt-ogerpon,Raging Bolt Ogerpon,960,2944,3330,1149,44.82,flygon-ex-ssp,Flygon,14,61.9,overall,2026-05-25T16:44:16.028166+00:00
BRS-SSP,"10,11,12,13,14,15,16,17",8,raging-bolt-ogerpon,Raging Bolt Ogerpon,960,2944,3330,1149,44.82,okidogi-ex,Okidogi,13,66.67,overall,2026-05-25T16:44:16.028166+00:00
BRS-SSP,"10,11,12,13,14,15,16,17",8,raging-bolt-ogerpon,Raging Bolt Ogerpon,960,2944,3330,1149,44.82,giratina-lz-box,Giratina LZ Box,10,53.33,overall,2026-05-25T16:44:16.028166+00:00
BRS-SSP,"10,11,12,13,14,15,16,17",8,raging-bolt-ogerpon,Raging Bolt Ogerpon,960,2944,3330,1149,44.82,dragapult-charizard,Dragapult Charizard,10,43.33,overall,2026-05-25T16:44:16.028166+00:00
BRS-SSP,"10,11,12,13,14,15,16,17",8,raging-bolt-ogerpon,Raging Bolt Ogerpon,960,2944,3330,1149,44.82,hisuian-zoroark-vstar,Hisuian Zoroark,10,56.67,overall,2026-05-25T16:44:16.028166+00:00
BRS-SSP,"10,11,12,13,14,15,16,17",8,raging-bolt-ogerpon,Raging Bolt Ogerpon,960,2944,3330,1149,44.82,iron-hands-ex,Future Hands,10,100.0,overall,2026-05-25T16:44:16.028166+00:00
BRS-SSP,"10,11,12,13,14,15,16,17",8,raging-bolt-ogerpon,Raging Bolt Ogerpon,960,2944,3330,1149,44.82,great-tusk-tef,Great Tusk Mill,9,14.81,overall,2026-05-25T16:44:16.028166+00:00
BRS-SSP,"10,11,12,13,14,15,16,17",8,raging-bolt-ogerpon,Raging Bolt Ogerpon,960,2944,3330,1149,44.82,festival-lead,Dipplin,9,33.33,overall,2026-05-25T16:44:16.028166+00:00
BRS-SSP,"10,11,12,13,14,15,16,17",8,raging-bolt-ogerpon,Raging Bolt Ogerpon,960,2944,3330,1149,44.82,arceus-armarouge,Arceus Armarouge,8,37.5,overall,2026-05-25T16:44:16.028166+00:00
BRS-SSP,"10,11,12,13,14,15,16,17",8,raging-bolt-ogerpon,Raging Bolt Ogerpon,960,2944,3330,1149,44.82,scovillain-ex,Scovillain,7,57.14,overall,2026-05-25T16:44:16.028166+00:00
BRS-SSP,"10,11,12,13,14,15,16,17",8,raging-bolt-ogerpon,Raging Bolt Ogerpon,960,2944,3330,1149,44.82,dialga-metang,Dialga Metang,7,47.62,overall,2026-05-25T16:44:16.028166+00:00
BRS-SSP,"10,11,12,13,14,15,16,17",8,raging-bolt-ogerpon,Raging Bolt Ogerpon,960,2944,3330,1149,44.82,palafin-ex,Palafin,7,47.62,overall,2026-05-25T16:44:16.028166+00:00
BRS-SSP,"10,11,12,13,14,15,16,17",8,raging-bolt-ogerpon,Raging Bolt Ogerpon,960,2944,3330,1149,44.82,future-box,Future Box,7,47.62,overall,2026-05-25T16:44:16.028166+00:00
BRS-SSP,"10,11,12,13,14,15,16,17",8,raging-bolt-ogerpon,Raging Bolt Ogerpon,960,2944,3330,1149,44.82,froslass-munkidori,Froslass Munkidori,7,61.9,overall,2026-05-25T16:44:16.028166+00:00
BRS-SSP,"10,11,12,13,14,15,16,17",8,raging-bolt-ogerpon,Raging Bolt Ogerpon,960,2944,3330,1149,44.82,palkia-vstar,Palkia,6,66.67,overall,2026-05-25T16:44:16.028166+00:00
BRS-SSP,"10,11,12,13,14,15,16,17",8,raging-bolt-ogerpon,Raging Bolt Ogerpon,960,2944,3330,1149,44.82,espathra-xatu,Espathra Xatu,6,88.89,overall,2026-05-25T16:44:16.028166+00:00
BRS-SSP,"10,11,12,13,14,15,16,17",8,raging-bolt-ogerpon,Raging Bolt Ogerpon,960,2944,3330,1149,44.82,cornerstone-mask-ogerpon-ex,Cornerstone Mask Ogerpon,5,26.67,overall,2026-05-25T16:44:16.028166+00:00
BRS-SSP,"10,11,12,13,14,15,16,17",8,raging-bolt-ogerpon,Raging Bolt Ogerpon,960,2944,3330,1149,44.82,torterra-ex,Torterra,5,86.67,overall,2026-05-25T16:44:16.028166+00:00
BRS-SSP,"10,11,12,13,14,15,16,17",8,raging-bolt-ogerpon,Raging Bolt Ogerpon,960,2944,3330,1149,44.82,dragapult-lz-box,Dragapult LZ Box,5,60.0,overall,2026-05-25T16:44:16.028166+00:00
BRS-SSP,"10,11,12,13,14,15,16,17",8,raging-bolt-ogerpon,Raging Bolt Ogerpon,960,2944,3330,1149,44.82,rotom-v,Rotom,5,86.67,overall,2026-05-25T16:44:16.028166+00:00
BRS-SSP,"10,11,12,13,14,15,16,17",8,raging-bolt-ogerpon,Raging Bolt Ogerpon,960,2944,3330,1149,44.82,blissey-ex,Blissey,4,58.33,overall,2026-05-25T16:44:16.028166+00:00
BRS-SSP,"10,11,12,13,14,15,16,17",8,raging-bolt-ogerpon,Raging Bolt Ogerpon,960,2944,3330,1149,44.82,gengar-ex,Gengar,4,33.33,overall,2026-05-25T16:44:16.028166+00:00
BRS-SSP,"10,11,12,13,14,15,16,17",8,raging-bolt-ogerpon,Raging Bolt Ogerpon,960,2944,3330,1149,44.82,lucario-brs,Lucario,4,75.0,overall,2026-05-25T16:44:16.028166+00:00
BRS-SSP,"10,11,12,13,14,15,16,17",8,raging-bolt-ogerpon,Raging Bolt Ogerpon,960,2944,3330,1149,44.82,noivern-ex,Noivern,4,25.0,overall,2026-05-25T16:44:16.028166+00:00
BRS-SSP,"10,11,12,13,14,15,16,17",8,raging-bolt-ogerpon,Raging Bolt Ogerpon,960,2944,3330,1149,44.82,okidogi-twm,Okidogi,4,25.0,overall,2026-05-25T16:44:16.028166+00:00
BRS-SSP,"10,11,12,13,14,15,16,17",8,raging-bolt-ogerpon,Raging Bolt Ogerpon,960,2944,3330,1149,44.82,tinkaton-ex,Tinkaton,4,83.33,overall,2026-05-25T16:44:16.028166+00:00
BRS-SSP,"10,11,12,13,14,15,16,17",8,raging-bolt-ogerpon,Raging Bolt Ogerpon,960,2944,3330,1149,44.82,toedscruel-ex,Toedscruel,4,66.67,overall,2026-05-25T16:44:16.028166+00:00
BRS-SSP,"10,11,12,13,14,15,16,17",8,raging-bolt-ogerpon,Raging Bolt Ogerpon,960,2944,3330,1149,44.82,raging-bolt-entei,Raging Bolt Entei,4,75.0,overall,2026-05-25T16:44:16.028166+00:00
BRS-SSP,"10,11,12,13,14,15,16,17",8,raging-bolt-ogerpon,Raging Bolt Ogerpon,960,2944,3330,1149,44.82,iron-thorns-crown,Future Thorns,3,66.67,overall,2026-05-25T16:44:16.028166+00:00
BRS-SSP,"10,11,12,13,14,15,16,17",8,raging-bolt-ogerpon,Raging Bolt Ogerpon,960,2944,3330,1149,44.82,luxray-ex,Luxray,3,11.11,overall,2026-05-25T16:44:16.028166+00:00
BRS-SSP,"10,11,12,13,14,15,16,17",8,raging-bolt-ogerpon,Raging Bolt Ogerpon,960,2944,3330,1149,44.82,regigigas-asr,Regis,3,11.11,overall,2026-05-25T16:44:16.028166+00:00
BRS-SSP,"10,11,12,13,14,15,16,17",8,raging-bolt-ogerpon,Raging Bolt Ogerpon,960,2944,3330,1149,44.82,spidops-ex,Spidops,3,100.0,overall,2026-05-25T16:44:16.028166+00:00
BRS-SSP,"10,11,12,13,14,15,16,17",8,raging-bolt-ogerpon,Raging Bolt Ogerpon,960,2944,3330,1149,44.82,banette-dusknoir,Banette Dusknoir,3,44.44,overall,2026-05-25T16:44:16.028166+00:00
BRS-SSP,"10,11,12,13,14,15,16,17",8,raging-bolt-ogerpon,Raging Bolt Ogerpon,960,2944,3330,1149,44.82,banette-ex-sv,Banette,3,33.33,overall,2026-05-25T16:44:16.028166+00:00
BRS-SSP,"10,11,12,13,14,15,16,17",8,raging-bolt-ogerpon,Raging Bolt Ogerpon,960,2944,3330,1149,44.82,entei-v,Entei,3,33.33,overall,2026-05-25T16:44:16.028166+00:00
BRS-SSP,"10,11,12,13,14,15,16,17",8,raging-bolt-ogerpon,Raging Bolt Ogerpon,960,2944,3330,1149,44.82,venomoth-froslass,Venomoth Froslass,3,33.33,overall,2026-05-25T16:44:16.028166+00:00
BRS-SSP,"10,11,12,13,14,15,16,17",8,raging-bolt-ogerpon,Raging Bolt Ogerpon,960,2944,3330,1149,44.82,raging-bolt-palkia,Raging Bolt Palkia,2,50.0,overall,2026-05-25T16:44:16.028166+00:00
BRS-SSP,"10,11,12,13,14,15,16,17",8,raging-bolt-ogerpon,Raging Bolt Ogerpon,960,2944,3330,1149,44.82,slaking-ex,Slaking,2,16.67,overall,2026-05-25T16:44:16.028166+00:00
BRS-SSP,"10,11,12,13,14,15,16,17",8,raging-bolt-ogerpon,Raging Bolt Ogerpon,960,2944,3330,1149,44.82,galvantula-ex,Galvantula,2,100.0,overall,2026-05-25T16:44:16.028166+00:00
BRS-SSP,"10,11,12,13,14,15,16,17",8,raging-bolt-ogerpon,Raging Bolt Ogerpon,960,2944,3330,1149,44.82,miraidon-regieleki,Miraidon Regieleki,2,100.0,overall,2026-05-25T16:44:16.028166+00:00
BRS-SSP,"10,11,12,13,14,15,16,17",8,raging-bolt-ogerpon,Raging Bolt Ogerpon,960,2944,3330,1149,44.82,meowscarada-ex,Meowscarada,2,100.0,overall,2026-05-25T16:44:16.028166+00:00
BRS-SSP,"10,11,12,13,14,15,16,17",8,raging-bolt-ogerpon,Raging Bolt Ogerpon,960,2944,3330,1149,44.82,darkrai-dusknoir,Darkrai Dusknoir,2,50.0,overall,2026-05-25T16:44:16.028166+00:00
BRS-SSP,"10,11,12,13,14,15,16,17",8,raging-bolt-ogerpon,Raging Bolt Ogerpon,960,2944,3330,1149,44.82,aegislash-par,Aegislash,1,100.0,overall,2026-05-25T16:44:16.028166+00:00
BRS-SSP,"10,11,12,13,14,15,16,17",8,raging-bolt-ogerpon,Raging Bolt Ogerpon,960,2944,3330,1149,44.82,hisuian-samurott-vstar,Hisuian Samurott,1,100.0,overall,2026-05-25T16:44:16.028166+00:00
BRS-SSP,"10,11,12,13,14,15,16,17",8,raging-bolt-ogerpon,Raging Bolt Ogerpon,960,2944,3330,1149,44.82,goodra-lz-box,Goodra LZ Box,1,100.0,overall,2026-05-25T16:44:16.028166+00:00
BRS-SSP,"10,11,12,13,14,15,16,17",8,raging-bolt-ogerpon,Raging Bolt Ogerpon,960,2944,3330,1149,44.82,cinderace-ex,Cinderace,1,100.0,overall,2026-05-25T16:44:16.028166+00:00
BRS-SSP,"10,11,12,13,14,15,16,17",8,raging-bolt-ogerpon,Raging Bolt Ogerpon,960,2944,3330,1149,44.82,charizard-greninja,Charizard Greninja,1,100.0,overall,2026-05-25T16:44:16.028166+00:00
BRS-SSP,"10,11,12,13,14,15,16,17",8,raging-bolt-ogerpon,Raging Bolt Ogerpon,960,2944,3330,1149,44.82,tyranitar-ex,Tyranitar,1,0.0,overall,2026-05-25T16:44:16.028166+00:00
BRS-SSP,"10,11,12,13,14,15,16,17",8,raging-bolt-ogerpon,Raging Bolt Ogerpon,960,2944,3330,1149,44.82,garchomp-ex,Garchomp,1,100.0,overall,2026-05-25T16:44:16.028166+00:00
BRS-SSP,"10,11,12,13,14,15,16,17",8,raging-bolt-ogerpon,Raging Bolt Ogerpon,960,2944,3330,1149,44.82,walking-wake-ex,Walking Wake,1,0.0,overall,2026-05-25T16:44:16.028166+00:00
BRS-SSP,"10,11,12,13,14,15,16,17",8,raging-bolt-ogerpon,Raging Bolt Ogerpon,960,2944,3330,1149,44.82,incineroar-ex,Incineroar,1,33.33,overall,2026-05-25T16:44:16.028166+00:00
BRS-SSP,"10,11,12,13,14,15,16,17",8,raging-bolt-ogerpon,Raging Bolt Ogerpon,960,2944,3330,1149,44.82,koraidon-ex,Koraidon,1,0.0,overall,2026-05-25T16:44:16.028166+00:00
BRS-SSP,"10,11,12,13,14,15,16,17",8,raging-bolt-ogerpon,Raging Bolt Ogerpon,960,2944,3330,1149,44.82,alolan-exeggutor-ex,Alolan Exeggutor ex,1,100.0,overall,2026-05-25T16:44:16.028166+00:00
BRS-SSP,"10,11,12,13,14,15,16,17",8,raging-bolt-ogerpon,Raging Bolt Ogerpon,960,2944,3330,1149,44.82,dialga-vstar,Dialga,1,100.0,overall,2026-05-25T16:44:16.028166+00:00
BRS-SSP,"10,11,12,13,14,15,16,17",8,raging-bolt-ogerpon,Raging Bolt Ogerpon,960,2944,3330,1149,44.82,sinistcha-ogerpon,Sinistcha Ogerpon,1,33.33,overall,2026-05-25T16:44:16.028166+00:00
BRS-SSP,"10,11,12,13,14,15,16,17",8,raging-bolt-palkia,Raging Bolt Palkia,2,6,6,5,45.1,charizard-pidgeot,Charizard Pidgeot,3,11.11,overall,2026-05-25T16:44:18.522013+00:00
BRS-SSP,"10,11,12,13,14,15,16,17",8,raging-bolt-palkia,Raging Bolt Palkia,2,6,6,5,45.1,raging-bolt-ogerpon,Raging Bolt Ogerpon,2,50.0,overall,2026-05-25T16:44:18.522013+00:00
BRS-SSP,"10,11,12,13,14,15,16,17",8,raging-bolt-palkia,Raging Bolt Palkia,2,6,6,5,45.1,iron-thorns-ex,Iron Thorns,1,100.0,overall,2026-05-25T16:44:18.522013+00:00
BRS-SSP,"10,11,12,13,14,15,16,17",8,raging-bolt-palkia,Raging Bolt Palkia,2,6,6,5,45.1,roaring-moon-ex,Roaring Moon,1,100.0,overall,2026-05-25T16:44:18.522013+00:00
BRS-SSP,"10,11,12,13,14,15,16,17",8,raging-bolt-palkia,Raging Bolt Palkia,2,6,6,5,45.1,lost-zone-box,Lost Zone Box,1,33.33,overall,2026-05-25T16:44:18.522013+00:00
BRS-SSP,"10,11,12,13,14,15,16,17",8,raging-bolt-palkia,Raging Bolt Palkia,2,6,6,5,45.1,regidrago-vstar,Regidrago,1,33.33,overall,2026-05-25T16:44:18.522013+00:00
BRS-SSP,"10,11,12,13,14,15,16,17",8,raging-bolt-palkia,Raging Bolt Palkia,2,6,6,5,45.1,charizard-noctowl,Charizard Noctowl,1,0.0,overall,2026-05-25T16:44:18.522013+00:00
BRS-SSP,"10,11,12,13,14,15,16,17",8,raging-bolt-palkia,Raging Bolt Palkia,2,6,6,5,45.1,other,Other,1,100.0,overall,2026-05-25T16:44:18.522013+00:00
BRS-SSP,"10,11,12,13,14,15,16,17",8,raging-bolt-palkia,Raging Bolt Palkia,2,6,6,5,45.1,dragapult-dusknoir,Dragapult Dusknoir,1,100.0,overall,2026-05-25T16:44:18.522013+00:00
BRS-SSP,"10,11,12,13,14,15,16,17",8,raging-bolt-palkia,Raging Bolt Palkia,2,6,6,5,45.1,pidgeot-control,Pidgeot Control,1,33.33,overall,2026-05-25T16:44:18.522013+00:00
BRS-SSP,"10,11,12,13,14,15,16,17",8,raging-bolt-palkia,Raging Bolt Palkia,2,6,6,5,45.1,lugia-archeops,Lugia Archeops,1,33.33,overall,2026-05-25T16:44:18.522013+00:00
BRS-SSP,"10,11,12,13,14,15,16,17",8,raging-bolt-palkia,Raging Bolt Palkia,2,6,6,5,45.1,terapagos-noctowl,Terapagos Noctowl,1,100.0,overall,2026-05-25T16:44:18.522013+00:00
BRS-SSP,"10,11,12,13,14,15,16,17",8,raging-bolt-palkia,Raging Bolt Palkia,2,6,6,5,45.1,palkia-dusknoir,Palkia Dusknoir,1,0.0,overall,2026-05-25T16:44:18.522013+00:00
BRS-SSP,"10,11,12,13,14,15,16,17",8,raging-bolt-palkia,Raging Bolt Palkia,2,6,6,5,45.1,archaludon-ex,Archaludon,1,0.0,overall,2026-05-25T16:44:18.522013+00:00
BRS-SSP,"10,11,12,13,14,15,16,17",8,regidrago-vstar,Regidrago,1567,5728,5132,2029,49.69,charizard-pidgeot,Charizard Pidgeot,1410,62.6,overall,2026-05-25T16:44:21.051403+00:00
BRS-SSP,"10,11,12,13,14,15,16,17",8,regidrago-vstar,Regidrago,1567,5728,5132,2029,49.69,raging-bolt-ogerpon,Raging Bolt Ogerpon,970,37.9,overall,2026-05-25T16:44:21.051403+00:00
BRS-SSP,"10,11,12,13,14,15,16,17",8,regidrago-vstar,Regidrago,1567,5728,5132,2029,49.69,regidrago-vstar,Regidrago,966,46.76,overall,2026-05-25T16:44:21.051403+00:00
BRS-SSP,"10,11,12,13,14,15,16,17",8,regidrago-vstar,Regidrago,1567,5728,5132,2029,49.69,gardevoir-ex-sv,Gardevoir,790,53.67,overall,2026-05-25T16:44:21.051403+00:00
BRS-SSP,"10,11,12,13,14,15,16,17",8,regidrago-vstar,Regidrago,1567,5728,5132,2029,49.69,gholdengo-ex,Gholdengo,691,46.6,overall,2026-05-25T16:44:21.051403+00:00
BRS-SSP,"10,11,12,13,14,15,16,17",8,regidrago-vstar,Regidrago,1567,5728,5132,2029,49.69,lugia-archeops,Lugia Archeops,619,43.56,overall,2026-05-25T16:44:21.051403+00:00
BRS-SSP,"10,11,12,13,14,15,16,17",8,regidrago-vstar,Regidrago,1567,5728,5132,2029,49.69,miraidon-ex,Miraidon,541,48.74,overall,2026-05-25T16:44:21.051403+00:00
BRS-SSP,"10,11,12,13,14,15,16,17",8,regidrago-vstar,Regidrago,1567,5728,5132,2029,49.69,roaring-moon-ex,Roaring Moon,523,46.97,overall,2026-05-25T16:44:21.051403+00:00
BRS-SSP,"10,11,12,13,14,15,16,17",8,regidrago-vstar,Regidrago,1567,5728,5132,2029,49.69,poison-terapagos,Poison Terapagos,489,41.65,overall,2026-05-25T16:44:21.051403+00:00
BRS-SSP,"10,11,12,13,14,15,16,17",8,regidrago-vstar,Regidrago,1567,5728,5132,2029,49.69,lost-zone-box,Lost Zone Box,461,61.53,overall,2026-05-25T16:44:21.051403+00:00
BRS-SSP,"10,11,12,13,14,15,16,17",8,regidrago-vstar,Regidrago,1567,5728,5132,2029,49.69,dragapult-iron-thorns,Dragapult Iron Thorns,443,56.66,overall,2026-05-25T16:44:21.051403+00:00
BRS-SSP,"10,11,12,13,14,15,16,17",8,regidrago-vstar,Regidrago,1567,5728,5132,2029,49.69,snorlax-stall,Snorlax Stall,386,37.48,overall,2026-05-25T16:44:21.051403+00:00
BRS-SSP,"10,11,12,13,14,15,16,17",8,regidrago-vstar,Regidrago,1567,5728,5132,2029,49.69,terapagos-noctowl,Terapagos Noctowl,361,49.4,overall,2026-05-25T16:44:21.051403+00:00
BRS-SSP,"10,11,12,13,14,15,16,17",8,regidrago-vstar,Regidrago,1567,5728,5132,2029,49.69,archaludon-dialga,Archaludon Dialga,270,30.12,overall,2026-05-25T16:44:21.051403+00:00
BRS-SSP,"10,11,12,13,14,15,16,17",8,regidrago-vstar,Regidrago,1567,5728,5132,2029,49.69,ancient-box,Ancient Box,261,51.09,overall,2026-05-25T16:44:21.051403+00:00
BRS-SSP,"10,11,12,13,14,15,16,17",8,regidrago-vstar,Regidrago,1567,5728,5132,2029,49.69,archaludon-ex,Archaludon,249,30.12,overall,2026-05-25T16:44:21.051403+00:00
BRS-SSP,"10,11,12,13,14,15,16,17",8,regidrago-vstar,Regidrago,1567,5728,5132,2029,49.69,ceruledge-ex,Ceruledge,241,50.9,overall,2026-05-25T16:44:21.051403+00:00
BRS-SSP,"10,11,12,13,14,15,16,17",8,regidrago-vstar,Regidrago,1567,5728,5132,2029,49.69,palkia-noctowl,Palkia Noctowl,241,38.04,overall,2026-05-25T16:44:21.051403+00:00
BRS-SSP,"10,11,12,13,14,15,16,17",8,regidrago-vstar,Regidrago,1567,5728,5132,2029,49.69,iron-thorns-ex,Iron Thorns,192,49.83,overall,2026-05-25T16:44:21.051403+00:00
BRS-SSP,"10,11,12,13,14,15,16,17",8,regidrago-vstar,Regidrago,1567,5728,5132,2029,49.69,dragapult-dusknoir,Dragapult Dusknoir,191,61.61,overall,2026-05-25T16:44:21.051403+00:00
BRS-SSP,"10,11,12,13,14,15,16,17",8,regidrago-vstar,Regidrago,1567,5728,5132,2029,49.69,pidgeot-control,Pidgeot Control,157,39.07,overall,2026-05-25T16:44:21.051403+00:00
BRS-SSP,"10,11,12,13,14,15,16,17",8,regidrago-vstar,Regidrago,1567,5728,5132,2029,49.69,palkia-dusknoir,Palkia Dusknoir,112,56.85,overall,2026-05-25T16:44:21.051403+00:00
BRS-SSP,"10,11,12,13,14,15,16,17",8,regidrago-vstar,Regidrago,1567,5728,5132,2029,49.69,other,Other,111,66.97,overall,2026-05-25T16:44:21.051403+00:00
BRS-SSP,"10,11,12,13,14,15,16,17",8,regidrago-vstar,Regidrago,1567,5728,5132,2029,49.69,hydreigon-ex,Hydreigon,100,73.67,overall,2026-05-25T16:44:21.051403+00:00
BRS-SSP,"10,11,12,13,14,15,16,17",8,regidrago-vstar,Regidrago,1567,5728,5132,2029,49.69,dragapult-pidgeot,Dragapult Pidgeot,89,53.93,overall,2026-05-25T16:44:21.051403+00:00
BRS-SSP,"10,11,12,13,14,15,16,17",8,regidrago-vstar,Regidrago,1567,5728,5132,2029,49.69,gouging-fire-ex,Gouging Fire,80,46.67,overall,2026-05-25T16:44:21.051403+00:00
BRS-SSP,"10,11,12,13,14,15,16,17",8,regidrago-vstar,Regidrago,1567,5728,5132,2029,49.69,chien-pao-baxcalibur,Chien-Pao Baxcalibur,77,54.55,overall,2026-05-25T16:44:21.051403+00:00
BRS-SSP,"10,11,12,13,14,15,16,17",8,regidrago-vstar,Regidrago,1567,5728,5132,2029,49.69,klawf-par,Klawf,71,51.64,overall,2026-05-25T16:44:21.051403+00:00
BRS-SSP,"10,11,12,13,14,15,16,17",8,regidrago-vstar,Regidrago,1567,5728,5132,2029,49.69,charizard-noctowl,Charizard Noctowl,61,63.93,overall,2026-05-25T16:44:21.051403+00:00
BRS-SSP,"10,11,12,13,14,15,16,17",8,regidrago-vstar,Regidrago,1567,5728,5132,2029,49.69,pikachu-regigigas,Pikachu Regis,50,60.0,overall,2026-05-25T16:44:21.051403+00:00
BRS-SSP,"10,11,12,13,14,15,16,17",8,regidrago-vstar,Regidrago,1567,5728,5132,2029,49.69,mimikyu-ogerpon,Mimikyu Ogerpon,45,55.56,overall,2026-05-25T16:44:21.051403+00:00
BRS-SSP,"10,11,12,13,14,15,16,17",8,regidrago-vstar,Regidrago,1567,5728,5132,2029,49.69,banette-gardevoir,Banette Gardevoir,34,53.92,overall,2026-05-25T16:44:21.051403+00:00
BRS-SSP,"10,11,12,13,14,15,16,17",8,regidrago-vstar,Regidrago,1567,5728,5132,2029,49.69,dragapult-charizard,Dragapult Charizard,33,42.42,overall,2026-05-25T16:44:21.051403+00:00
BRS-SSP,"10,11,12,13,14,15,16,17",8,regidrago-vstar,Regidrago,1567,5728,5132,2029,49.69,united-wings,United Wings,32,82.29,overall,2026-05-25T16:44:21.051403+00:00
BRS-SSP,"10,11,12,13,14,15,16,17",8,regidrago-vstar,Regidrago,1567,5728,5132,2029,49.69,greninja-ex,Greninja,30,57.78,overall,2026-05-25T16:44:21.051403+00:00
BRS-SSP,"10,11,12,13,14,15,16,17",8,regidrago-vstar,Regidrago,1567,5728,5132,2029,49.69,conkeldurr-twm,Conkeldurr,29,57.47,overall,2026-05-25T16:44:21.051403+00:00
BRS-SSP,"10,11,12,13,14,15,16,17",8,regidrago-vstar,Regidrago,1567,5728,5132,2029,49.69,dragapult-ex,Dragapult,25,50.67,overall,2026-05-25T16:44:21.051403+00:00
BRS-SSP,"10,11,12,13,14,15,16,17",8,regidrago-vstar,Regidrago,1567,5728,5132,2029,49.69,charizard-ex,Charizard,25,53.33,overall,2026-05-25T16:44:21.051403+00:00
BRS-SSP,"10,11,12,13,14,15,16,17",8,regidrago-vstar,Regidrago,1567,5728,5132,2029,49.69,ogerpon-noivern,Ogerpon Noivern,24,72.22,overall,2026-05-25T16:44:21.051403+00:00
BRS-SSP,"10,11,12,13,14,15,16,17",8,regidrago-vstar,Regidrago,1567,5728,5132,2029,49.69,flygon-ex-ssp,Flygon,20,80.0,overall,2026-05-25T16:44:21.051403+00:00
BRS-SSP,"10,11,12,13,14,15,16,17",8,regidrago-vstar,Regidrago,1567,5728,5132,2029,49.69,tsareena-ex,Tsareena,17,50.98,overall,2026-05-25T16:44:21.051403+00:00
BRS-SSP,"10,11,12,13,14,15,16,17",8,regidrago-vstar,Regidrago,1567,5728,5132,2029,49.69,festival-lead,Dipplin,16,100.0,overall,2026-05-25T16:44:21.051403+00:00
BRS-SSP,"10,11,12,13,14,15,16,17",8,regidrago-vstar,Regidrago,1567,5728,5132,2029,49.69,hydrapple-ogerpon,Hydrapple Ogerpon,16,79.17,overall,2026-05-25T16:44:21.051403+00:00
BRS-SSP,"10,11,12,13,14,15,16,17",8,regidrago-vstar,Regidrago,1567,5728,5132,2029,49.69,lzb-charizard,Lost Box Charizard,15,62.22,overall,2026-05-25T16:44:21.051403+00:00
BRS-SSP,"10,11,12,13,14,15,16,17",8,regidrago-vstar,Regidrago,1567,5728,5132,2029,49.69,okidogi-ex,Okidogi,15,55.56,overall,2026-05-25T16:44:21.051403+00:00
BRS-SSP,"10,11,12,13,14,15,16,17",8,regidrago-vstar,Regidrago,1567,5728,5132,2029,49.69,palafin-ex,Palafin,15,33.33,overall,2026-05-25T16:44:21.051403+00:00
BRS-SSP,"10,11,12,13,14,15,16,17",8,regidrago-vstar,Regidrago,1567,5728,5132,2029,49.69,dialga-metang,Dialga Metang,14,54.76,overall,2026-05-25T16:44:21.051403+00:00
BRS-SSP,"10,11,12,13,14,15,16,17",8,regidrago-vstar,Regidrago,1567,5728,5132,2029,49.69,giratina-lz-box,Giratina LZ Box,14,80.95,overall,2026-05-25T16:44:21.051403+00:00
BRS-SSP,"10,11,12,13,14,15,16,17",8,regidrago-vstar,Regidrago,1567,5728,5132,2029,49.69,future-box,Future Box,12,77.78,overall,2026-05-25T16:44:21.051403+00:00
BRS-SSP,"10,11,12,13,14,15,16,17",8,regidrago-vstar,Regidrago,1567,5728,5132,2029,49.69,great-tusk-tef,Great Tusk Mill,12,72.22,overall,2026-05-25T16:44:21.051403+00:00
BRS-SSP,"10,11,12,13,14,15,16,17",8,regidrago-vstar,Regidrago,1567,5728,5132,2029,49.69,palkia-vstar,Palkia,11,69.7,overall,2026-05-25T16:44:21.051403+00:00
BRS-SSP,"10,11,12,13,14,15,16,17",8,regidrago-vstar,Regidrago,1567,5728,5132,2029,49.69,galvantula-ex,Galvantula,10,70.0,overall,2026-05-25T16:44:21.051403+00:00
BRS-SSP,"10,11,12,13,14,15,16,17",8,regidrago-vstar,Regidrago,1567,5728,5132,2029,49.69,froslass-munkidori,Froslass Munkidori,9,62.96,overall,2026-05-25T16:44:21.051403+00:00
BRS-SSP,"10,11,12,13,14,15,16,17",8,regidrago-vstar,Regidrago,1567,5728,5132,2029,49.69,hisuian-zoroark-vstar,Hisuian Zoroark,8,62.5,overall,2026-05-25T16:44:21.051403+00:00
BRS-SSP,"10,11,12,13,14,15,16,17",8,regidrago-vstar,Regidrago,1567,5728,5132,2029,49.69,tinkaton-ex,Tinkaton,8,79.17,overall,2026-05-25T16:44:21.051403+00:00
BRS-SSP,"10,11,12,13,14,15,16,17",8,regidrago-vstar,Regidrago,1567,5728,5132,2029,49.69,scovillain-ex,Scovillain,8,87.5,overall,2026-05-25T16:44:21.051403+00:00
BRS-SSP,"10,11,12,13,14,15,16,17",8,regidrago-vstar,Regidrago,1567,5728,5132,2029,49.69,slaking-ex,Slaking,7,71.43,overall,2026-05-25T16:44:21.051403+00:00
BRS-SSP,"10,11,12,13,14,15,16,17",8,regidrago-vstar,Regidrago,1567,5728,5132,2029,49.69,arceus-armarouge,Arceus Armarouge,7,76.19,overall,2026-05-25T16:44:21.051403+00:00
BRS-SSP,"10,11,12,13,14,15,16,17",8,regidrago-vstar,Regidrago,1567,5728,5132,2029,49.69,iron-hands-ex,Future Hands,7,61.9,overall,2026-05-25T16:44:21.051403+00:00
BRS-SSP,"10,11,12,13,14,15,16,17",8,regidrago-vstar,Regidrago,1567,5728,5132,2029,49.69,banette-ex-sv,Banette,7,71.43,overall,2026-05-25T16:44:21.051403+00:00
BRS-SSP,"10,11,12,13,14,15,16,17",8,regidrago-vstar,Regidrago,1567,5728,5132,2029,49.69,entei-v,Entei,7,19.05,overall,2026-05-25T16:44:21.051403+00:00
BRS-SSP,"10,11,12,13,14,15,16,17",8,regidrago-vstar,Regidrago,1567,5728,5132,2029,49.69,blissey-ex,Blissey,6,50.0,overall,2026-05-25T16:44:21.051403+00:00
BRS-SSP,"10,11,12,13,14,15,16,17",8,regidrago-vstar,Regidrago,1567,5728,5132,2029,49.69,venomoth-froslass,Venomoth Froslass,6,55.56,overall,2026-05-25T16:44:21.051403+00:00
BRS-SSP,"10,11,12,13,14,15,16,17",8,regidrago-vstar,Regidrago,1567,5728,5132,2029,49.69,gengar-ex,Gengar,5,66.67,overall,2026-05-25T16:44:21.051403+00:00
BRS-SSP,"10,11,12,13,14,15,16,17",8,regidrago-vstar,Regidrago,1567,5728,5132,2029,49.69,cornerstone-mask-ogerpon-ex,Cornerstone Mask Ogerpon,5,60.0,overall,2026-05-25T16:44:21.051403+00:00
BRS-SSP,"10,11,12,13,14,15,16,17",8,regidrago-vstar,Regidrago,1567,5728,5132,2029,49.69,meowscarada-ex,Meowscarada,5,100.0,overall,2026-05-25T16:44:21.051403+00:00
BRS-SSP,"10,11,12,13,14,15,16,17",8,regidrago-vstar,Regidrago,1567,5728,5132,2029,49.69,greninja-froslass,Greninja Froslass,5,66.67,overall,2026-05-25T16:44:21.051403+00:00
BRS-SSP,"10,11,12,13,14,15,16,17",8,regidrago-vstar,Regidrago,1567,5728,5132,2029,49.69,walking-wake-ex,Walking Wake,5,86.67,overall,2026-05-25T16:44:21.051403+00:00
BRS-SSP,"10,11,12,13,14,15,16,17",8,regidrago-vstar,Regidrago,1567,5728,5132,2029,49.69,espathra-xatu,Espathra Xatu,5,66.67,overall,2026-05-25T16:44:21.051403+00:00
BRS-SSP,"10,11,12,13,14,15,16,17",8,regidrago-vstar,Regidrago,1567,5728,5132,2029,49.69,aegislash-par,Aegislash,4,75.0,overall,2026-05-25T16:44:21.051403+00:00
BRS-SSP,"10,11,12,13,14,15,16,17",8,regidrago-vstar,Regidrago,1567,5728,5132,2029,49.69,toedscruel-ex,Toedscruel,4,100.0,overall,2026-05-25T16:44:21.051403+00:00
BRS-SSP,"10,11,12,13,14,15,16,17",8,regidrago-vstar,Regidrago,1567,5728,5132,2029,49.69,dragapult-lz-box,Dragapult LZ Box,4,75.0,overall,2026-05-25T16:44:21.051403+00:00
BRS-SSP,"10,11,12,13,14,15,16,17",8,regidrago-vstar,Regidrago,1567,5728,5132,2029,49.69,cinderace-ex,Cinderace,4,50.0,overall,2026-05-25T16:44:21.051403+00:00
BRS-SSP,"10,11,12,13,14,15,16,17",8,regidrago-vstar,Regidrago,1567,5728,5132,2029,49.69,torterra-ex,Torterra,3,66.67,overall,2026-05-25T16:44:21.051403+00:00
BRS-SSP,"10,11,12,13,14,15,16,17",8,regidrago-vstar,Regidrago,1567,5728,5132,2029,49.69,raging-bolt-entei,Raging Bolt Entei,3,44.44,overall,2026-05-25T16:44:21.051403+00:00
BRS-SSP,"10,11,12,13,14,15,16,17",8,regidrago-vstar,Regidrago,1567,5728,5132,2029,49.69,milotic-ex,Milotic,2,66.67,overall,2026-05-25T16:44:21.051403+00:00
BRS-SSP,"10,11,12,13,14,15,16,17",8,regidrago-vstar,Regidrago,1567,5728,5132,2029,49.69,banette-dusknoir,Banette Dusknoir,2,16.67,overall,2026-05-25T16:44:21.051403+00:00
BRS-SSP,"10,11,12,13,14,15,16,17",8,regidrago-vstar,Regidrago,1567,5728,5132,2029,49.69,okidogi-twm,Okidogi,2,50.0,overall,2026-05-25T16:44:21.051403+00:00
BRS-SSP,"10,11,12,13,14,15,16,17",8,regidrago-vstar,Regidrago,1567,5728,5132,2029,49.69,alolan-exeggutor-ex,Alolan Exeggutor ex,2,50.0,overall,2026-05-25T16:44:21.051403+00:00
BRS-SSP,"10,11,12,13,14,15,16,17",8,regidrago-vstar,Regidrago,1567,5728,5132,2029,49.69,azumarill-ssp,Azumarill,2,100.0,overall,2026-05-25T16:44:21.051403+00:00
BRS-SSP,"10,11,12,13,14,15,16,17",8,regidrago-vstar,Regidrago,1567,5728,5132,2029,49.69,miraidon-regieleki,Miraidon Regieleki,2,50.0,overall,2026-05-25T16:44:21.051403+00:00
BRS-SSP,"10,11,12,13,14,15,16,17",8,regidrago-vstar,Regidrago,1567,5728,5132,2029,49.69,regigigas-asr,Regis,2,0.0,overall,2026-05-25T16:44:21.051403+00:00
BRS-SSP,"10,11,12,13,14,15,16,17",8,regidrago-vstar,Regidrago,1567,5728,5132,2029,49.69,tera-box,Tera Box,2,100.0,overall,2026-05-25T16:44:21.051403+00:00
BRS-SSP,"10,11,12,13,14,15,16,17",8,regidrago-vstar,Regidrago,1567,5728,5132,2029,49.69,tyranitar-ex,Tyranitar,2,100.0,overall,2026-05-25T16:44:21.051403+00:00
BRS-SSP,"10,11,12,13,14,15,16,17",8,regidrago-vstar,Regidrago,1567,5728,5132,2029,49.69,alakazam-ex,Alakazam,2,100.0,overall,2026-05-25T16:44:21.051403+00:00
BRS-SSP,"10,11,12,13,14,15,16,17",8,regidrago-vstar,Regidrago,1567,5728,5132,2029,49.69,incineroar-ex,Incineroar,2,100.0,overall,2026-05-25T16:44:21.051403+00:00
BRS-SSP,"10,11,12,13,14,15,16,17",8,regidrago-vstar,Regidrago,1567,5728,5132,2029,49.69,sinistcha-ogerpon,Sinistcha Ogerpon,2,66.67,overall,2026-05-25T16:44:21.051403+00:00
BRS-SSP,"10,11,12,13,14,15,16,17",8,regidrago-vstar,Regidrago,1567,5728,5132,2029,49.69,noivern-ex,Noivern,2,100.0,overall,2026-05-25T16:44:21.051403+00:00
BRS-SSP,"10,11,12,13,14,15,16,17",8,regidrago-vstar,Regidrago,1567,5728,5132,2029,49.69,arceus-vstar,Arceus,1,0.0,overall,2026-05-25T16:44:21.051403+00:00
BRS-SSP,"10,11,12,13,14,15,16,17",8,regidrago-vstar,Regidrago,1567,5728,5132,2029,49.69,raging-bolt-palkia,Raging Bolt Palkia,1,33.33,overall,2026-05-25T16:44:21.051403+00:00
BRS-SSP,"10,11,12,13,14,15,16,17",8,regidrago-vstar,Regidrago,1567,5728,5132,2029,49.69,lucario-brs,Lucario,1,100.0,overall,2026-05-25T16:44:21.051403+00:00
BRS-SSP,"10,11,12,13,14,15,16,17",8,regidrago-vstar,Regidrago,1567,5728,5132,2029,49.69,serperior-vstar,Serperior,1,100.0,overall,2026-05-25T16:44:21.051403+00:00
BRS-SSP,"10,11,12,13,14,15,16,17",8,regidrago-vstar,Regidrago,1567,5728,5132,2029,49.69,rotom-v,Rotom,1,33.33,overall,2026-05-25T16:44:21.051403+00:00
BRS-SSP,"10,11,12,13,14,15,16,17",8,regidrago-vstar,Regidrago,1567,5728,5132,2029,49.69,charizard-greninja,Charizard Greninja,1,100.0,overall,2026-05-25T16:44:21.051403+00:00
BRS-SSP,"10,11,12,13,14,15,16,17",8,regidrago-vstar,Regidrago,1567,5728,5132,2029,49.69,kyurem-vmax,Kyurem,1,100.0,overall,2026-05-25T16:44:21.051403+00:00
BRS-SSP,"10,11,12,13,14,15,16,17",8,regidrago-vstar,Regidrago,1567,5728,5132,2029,49.69,slowking-scr,Slowking,1,100.0,overall,2026-05-25T16:44:21.051403+00:00
BRS-SSP,"10,11,12,13,14,15,16,17",8,regidrago-vstar,Regidrago,1567,5728,5132,2029,49.69,hydrapple-ex,Hydrapple,1,100.0,overall,2026-05-25T16:44:21.051403+00:00
BRS-SSP,"10,11,12,13,14,15,16,17",8,regidrago-vstar,Regidrago,1567,5728,5132,2029,49.69,arceus-regidrago,Arceus Regidrago,1,100.0,overall,2026-05-25T16:44:21.051403+00:00
BRS-SSP,"10,11,12,13,14,15,16,17",8,regidrago-vstar,Regidrago,1567,5728,5132,2029,49.69,koraidon-ex,Koraidon,1,100.0,overall,2026-05-25T16:44:21.051403+00:00
BRS-SSP,"10,11,12,13,14,15,16,17",8,regidrago-vstar,Regidrago,1567,5728,5132,2029,49.69,arceus-vulpix,Arceus Vulpix,1,100.0,overall,2026-05-25T16:44:21.051403+00:00
BRS-SSP,"10,11,12,13,14,15,16,17",8,regidrago-vstar,Regidrago,1567,5728,5132,2029,49.69,arceus-giratina,Arceus Giratina,1,33.33,overall,2026-05-25T16:44:21.051403+00:00
BRS-SSP,"10,11,12,13,14,15,16,17",8,regidrago-vstar,Regidrago,1567,5728,5132,2029,49.69,roaring-moon-dudunsparce,Roaring Moon Dudunsparce,1,0.0,overall,2026-05-25T16:44:21.051403+00:00
BRS-SSP,"10,11,12,13,14,15,16,17",8,regidrago-vstar,Regidrago,1567,5728,5132,2029,49.69,dialga-vstar,Dialga,1,33.33,overall,2026-05-25T16:44:21.051403+00:00
BRS-SSP,"10,11,12,13,14,15,16,17",8,regigigas-asr,Regis,2,8,5,8,50.79,raging-bolt-ogerpon,Raging Bolt Ogerpon,3,77.78,overall,2026-05-25T16:44:23.500176+00:00
BRS-SSP,"10,11,12,13,14,15,16,17",8,regigigas-asr,Regis,2,8,5,8,50.79,gholdengo-ex,Gholdengo,2,0.0,overall,2026-05-25T16:44:23.500176+00:00
BRS-SSP,"10,11,12,13,14,15,16,17",8,regigigas-asr,Regis,2,8,5,8,50.79,banette-gardevoir,Banette Gardevoir,2,16.67,overall,2026-05-25T16:44:23.500176+00:00
BRS-SSP,"10,11,12,13,14,15,16,17",8,regigigas-asr,Regis,2,8,5,8,50.79,regidrago-vstar,Regidrago,2,100.0,overall,2026-05-25T16:44:23.500176+00:00
BRS-SSP,"10,11,12,13,14,15,16,17",8,regigigas-asr,Regis,2,8,5,8,50.79,poison-terapagos,Poison Terapagos,2,33.33,overall,2026-05-25T16:44:23.500176+00:00
BRS-SSP,"10,11,12,13,14,15,16,17",8,regigigas-asr,Regis,2,8,5,8,50.79,ancient-box,Ancient Box,2,16.67,overall,2026-05-25T16:44:23.500176+00:00
BRS-SSP,"10,11,12,13,14,15,16,17",8,regigigas-asr,Regis,2,8,5,8,50.79,miraidon-ex,Miraidon,1,33.33,overall,2026-05-25T16:44:23.500176+00:00
BRS-SSP,"10,11,12,13,14,15,16,17",8,regigigas-asr,Regis,2,8,5,8,50.79,archaludon-ex,Archaludon,1,0.0,overall,2026-05-25T16:44:23.500176+00:00
BRS-SSP,"10,11,12,13,14,15,16,17",8,regigigas-asr,Regis,2,8,5,8,50.79,hydrapple-ogerpon,Hydrapple Ogerpon,1,100.0,overall,2026-05-25T16:44:23.500176+00:00
BRS-SSP,"10,11,12,13,14,15,16,17",8,regigigas-asr,Regis,2,8,5,8,50.79,pidgeot-control,Pidgeot Control,1,33.33,overall,2026-05-25T16:44:23.500176+00:00
BRS-SSP,"10,11,12,13,14,15,16,17",8,regigigas-asr,Regis,2,8,5,8,50.79,roaring-moon-ex,Roaring Moon,1,100.0,overall,2026-05-25T16:44:23.500176+00:00
BRS-SSP,"10,11,12,13,14,15,16,17",8,regigigas-asr,Regis,2,8,5,8,50.79,lost-zone-box,Lost Zone Box,1,100.0,overall,2026-05-25T16:44:23.500176+00:00
BRS-SSP,"10,11,12,13,14,15,16,17",8,regigigas-asr,Regis,2,8,5,8,50.79,lugia-archeops,Lugia Archeops,1,100.0,overall,2026-05-25T16:44:23.500176+00:00
BRS-SSP,"10,11,12,13,14,15,16,17",8,regigigas-asr,Regis,2,8,5,8,50.79,snorlax-stall,Snorlax Stall,1,33.33,overall,2026-05-25T16:44:23.500176+00:00
BRS-SSP,"10,11,12,13,14,15,16,17",8,roaring-moon-dudunsparce,Roaring Moon Dudunsparce,1,1,2,1,33.33,pidgeot-control,Pidgeot Control,1,0.0,overall,2026-05-25T16:44:25.965125+00:00
BRS-SSP,"10,11,12,13,14,15,16,17",8,roaring-moon-dudunsparce,Roaring Moon Dudunsparce,1,1,2,1,33.33,charizard-pidgeot,Charizard Pidgeot,1,33.33,overall,2026-05-25T16:44:25.965125+00:00
BRS-SSP,"10,11,12,13,14,15,16,17",8,roaring-moon-dudunsparce,Roaring Moon Dudunsparce,1,1,2,1,33.33,regidrago-vstar,Regidrago,1,100.0,overall,2026-05-25T16:44:25.965125+00:00
BRS-SSP,"10,11,12,13,14,15,16,17",8,roaring-moon-dudunsparce,Roaring Moon Dudunsparce,1,1,2,1,33.33,poison-terapagos,Poison Terapagos,1,0.0,overall,2026-05-25T16:44:25.965125+00:00
BRS-SSP,"10,11,12,13,14,15,16,17",8,roaring-moon-ex,Roaring Moon,440,1532,1490,490,48.27,regidrago-vstar,Regidrago,523,49.27,overall,2026-05-25T16:44:28.442085+00:00
BRS-SSP,"10,11,12,13,14,15,16,17",8,roaring-moon-ex,Roaring Moon,440,1532,1490,490,48.27,charizard-pidgeot,Charizard Pidgeot,384,40.36,overall,2026-05-25T16:44:28.442085+00:00
BRS-SSP,"10,11,12,13,14,15,16,17",8,roaring-moon-ex,Roaring Moon,440,1532,1490,490,48.27,raging-bolt-ogerpon,Raging Bolt Ogerpon,285,54.04,overall,2026-05-25T16:44:28.442085+00:00
BRS-SSP,"10,11,12,13,14,15,16,17",8,roaring-moon-ex,Roaring Moon,440,1532,1490,490,48.27,gholdengo-ex,Gholdengo,182,42.86,overall,2026-05-25T16:44:28.442085+00:00
BRS-SSP,"10,11,12,13,14,15,16,17",8,roaring-moon-ex,Roaring Moon,440,1532,1490,490,48.27,gardevoir-ex-sv,Gardevoir,180,40.37,overall,2026-05-25T16:44:28.442085+00:00
BRS-SSP,"10,11,12,13,14,15,16,17",8,roaring-moon-ex,Roaring Moon,440,1532,1490,490,48.27,miraidon-ex,Miraidon,156,58.76,overall,2026-05-25T16:44:28.442085+00:00
BRS-SSP,"10,11,12,13,14,15,16,17",8,roaring-moon-ex,Roaring Moon,440,1532,1490,490,48.27,lugia-archeops,Lugia Archeops,147,38.55,overall,2026-05-25T16:44:28.442085+00:00
BRS-SSP,"10,11,12,13,14,15,16,17",8,roaring-moon-ex,Roaring Moon,440,1532,1490,490,48.27,poison-terapagos,Poison Terapagos,131,41.48,overall,2026-05-25T16:44:28.442085+00:00
BRS-SSP,"10,11,12,13,14,15,16,17",8,roaring-moon-ex,Roaring Moon,440,1532,1490,490,48.27,lost-zone-box,Lost Zone Box,126,47.88,overall,2026-05-25T16:44:28.442085+00:00
BRS-SSP,"10,11,12,13,14,15,16,17",8,roaring-moon-ex,Roaring Moon,440,1532,1490,490,48.27,dragapult-iron-thorns,Dragapult Iron Thorns,117,53.85,overall,2026-05-25T16:44:28.442085+00:00
BRS-SSP,"10,11,12,13,14,15,16,17",8,roaring-moon-ex,Roaring Moon,440,1532,1490,490,48.27,snorlax-stall,Snorlax Stall,116,77.59,overall,2026-05-25T16:44:28.442085+00:00
BRS-SSP,"10,11,12,13,14,15,16,17",8,roaring-moon-ex,Roaring Moon,440,1532,1490,490,48.27,terapagos-noctowl,Terapagos Noctowl,102,47.06,overall,2026-05-25T16:44:28.442085+00:00
BRS-SSP,"10,11,12,13,14,15,16,17",8,roaring-moon-ex,Roaring Moon,440,1532,1490,490,48.27,ancient-box,Ancient Box,84,27.78,overall,2026-05-25T16:44:28.442085+00:00
BRS-SSP,"10,11,12,13,14,15,16,17",8,roaring-moon-ex,Roaring Moon,440,1532,1490,490,48.27,archaludon-dialga,Archaludon Dialga,73,39.27,overall,2026-05-25T16:44:28.442085+00:00
BRS-SSP,"10,11,12,13,14,15,16,17",8,roaring-moon-ex,Roaring Moon,440,1532,1490,490,48.27,roaring-moon-ex,Roaring Moon,72,47.22,overall,2026-05-25T16:44:28.442085+00:00
BRS-SSP,"10,11,12,13,14,15,16,17",8,roaring-moon-ex,Roaring Moon,440,1532,1490,490,48.27,ceruledge-ex,Ceruledge,65,54.87,overall,2026-05-25T16:44:28.442085+00:00
BRS-SSP,"10,11,12,13,14,15,16,17",8,roaring-moon-ex,Roaring Moon,440,1532,1490,490,48.27,palkia-noctowl,Palkia Noctowl,63,42.33,overall,2026-05-25T16:44:28.442085+00:00
BRS-SSP,"10,11,12,13,14,15,16,17",8,roaring-moon-ex,Roaring Moon,440,1532,1490,490,48.27,archaludon-ex,Archaludon,56,33.93,overall,2026-05-25T16:44:28.442085+00:00
BRS-SSP,"10,11,12,13,14,15,16,17",8,roaring-moon-ex,Roaring Moon,440,1532,1490,490,48.27,dragapult-dusknoir,Dragapult Dusknoir,54,62.35,overall,2026-05-25T16:44:28.442085+00:00
BRS-SSP,"10,11,12,13,14,15,16,17",8,roaring-moon-ex,Roaring Moon,440,1532,1490,490,48.27,pidgeot-control,Pidgeot Control,49,53.06,overall,2026-05-25T16:44:28.442085+00:00
BRS-SSP,"10,11,12,13,14,15,16,17",8,roaring-moon-ex,Roaring Moon,440,1532,1490,490,48.27,iron-thorns-ex,Iron Thorns,44,44.7,overall,2026-05-25T16:44:28.442085+00:00
BRS-SSP,"10,11,12,13,14,15,16,17",8,roaring-moon-ex,Roaring Moon,440,1532,1490,490,48.27,other,Other,37,72.07,overall,2026-05-25T16:44:28.442085+00:00
BRS-SSP,"10,11,12,13,14,15,16,17",8,roaring-moon-ex,Roaring Moon,440,1532,1490,490,48.27,hydreigon-ex,Hydreigon,34,66.67,overall,2026-05-25T16:44:28.442085+00:00
BRS-SSP,"10,11,12,13,14,15,16,17",8,roaring-moon-ex,Roaring Moon,440,1532,1490,490,48.27,palkia-dusknoir,Palkia Dusknoir,31,56.99,overall,2026-05-25T16:44:28.442085+00:00
BRS-SSP,"10,11,12,13,14,15,16,17",8,roaring-moon-ex,Roaring Moon,440,1532,1490,490,48.27,chien-pao-baxcalibur,Chien-Pao Baxcalibur,31,44.09,overall,2026-05-25T16:44:28.442085+00:00
BRS-SSP,"10,11,12,13,14,15,16,17",8,roaring-moon-ex,Roaring Moon,440,1532,1490,490,48.27,klawf-par,Klawf,28,23.81,overall,2026-05-25T16:44:28.442085+00:00
BRS-SSP,"10,11,12,13,14,15,16,17",8,roaring-moon-ex,Roaring Moon,440,1532,1490,490,48.27,dragapult-pidgeot,Dragapult Pidgeot,23,34.78,overall,2026-05-25T16:44:28.442085+00:00
BRS-SSP,"10,11,12,13,14,15,16,17",8,roaring-moon-ex,Roaring Moon,440,1532,1490,490,48.27,mimikyu-ogerpon,Mimikyu Ogerpon,22,74.24,overall,2026-05-25T16:44:28.442085+00:00
BRS-SSP,"10,11,12,13,14,15,16,17",8,roaring-moon-ex,Roaring Moon,440,1532,1490,490,48.27,gouging-fire-ex,Gouging Fire,21,44.44,overall,2026-05-25T16:44:28.442085+00:00
BRS-SSP,"10,11,12,13,14,15,16,17",8,roaring-moon-ex,Roaring Moon,440,1532,1490,490,48.27,charizard-noctowl,Charizard Noctowl,17,37.25,overall,2026-05-25T16:44:28.442085+00:00
BRS-SSP,"10,11,12,13,14,15,16,17",8,roaring-moon-ex,Roaring Moon,440,1532,1490,490,48.27,ogerpon-noivern,Ogerpon Noivern,14,85.71,overall,2026-05-25T16:44:28.442085+00:00
BRS-SSP,"10,11,12,13,14,15,16,17",8,roaring-moon-ex,Roaring Moon,440,1532,1490,490,48.27,pikachu-regigigas,Pikachu Regis,14,45.24,overall,2026-05-25T16:44:28.442085+00:00
BRS-SSP,"10,11,12,13,14,15,16,17",8,roaring-moon-ex,Roaring Moon,440,1532,1490,490,48.27,conkeldurr-twm,Conkeldurr,9,37.04,overall,2026-05-25T16:44:28.442085+00:00
BRS-SSP,"10,11,12,13,14,15,16,17",8,roaring-moon-ex,Roaring Moon,440,1532,1490,490,48.27,banette-gardevoir,Banette Gardevoir,8,75.0,overall,2026-05-25T16:44:28.442085+00:00
BRS-SSP,"10,11,12,13,14,15,16,17",8,roaring-moon-ex,Roaring Moon,440,1532,1490,490,48.27,greninja-ex,Greninja,7,57.14,overall,2026-05-25T16:44:28.442085+00:00
BRS-SSP,"10,11,12,13,14,15,16,17",8,roaring-moon-ex,Roaring Moon,440,1532,1490,490,48.27,united-wings,United Wings,7,19.05,overall,2026-05-25T16:44:28.442085+00:00
BRS-SSP,"10,11,12,13,14,15,16,17",8,roaring-moon-ex,Roaring Moon,440,1532,1490,490,48.27,dragapult-ex,Dragapult,6,38.89,overall,2026-05-25T16:44:28.442085+00:00
BRS-SSP,"10,11,12,13,14,15,16,17",8,roaring-moon-ex,Roaring Moon,440,1532,1490,490,48.27,giratina-lz-box,Giratina LZ Box,6,55.56,overall,2026-05-25T16:44:28.442085+00:00
BRS-SSP,"10,11,12,13,14,15,16,17",8,roaring-moon-ex,Roaring Moon,440,1532,1490,490,48.27,flygon-ex-ssp,Flygon,6,61.11,overall,2026-05-25T16:44:28.442085+00:00
BRS-SSP,"10,11,12,13,14,15,16,17",8,roaring-moon-ex,Roaring Moon,440,1532,1490,490,48.27,dragapult-charizard,Dragapult Charizard,6,50.0,overall,2026-05-25T16:44:28.442085+00:00
BRS-SSP,"10,11,12,13,14,15,16,17",8,roaring-moon-ex,Roaring Moon,440,1532,1490,490,48.27,lzb-charizard,Lost Box Charizard,5,40.0,overall,2026-05-25T16:44:28.442085+00:00
BRS-SSP,"10,11,12,13,14,15,16,17",8,roaring-moon-ex,Roaring Moon,440,1532,1490,490,48.27,gengar-ex,Gengar,5,80.0,overall,2026-05-25T16:44:28.442085+00:00
BRS-SSP,"10,11,12,13,14,15,16,17",8,roaring-moon-ex,Roaring Moon,440,1532,1490,490,48.27,okidogi-ex,Okidogi,5,40.0,overall,2026-05-25T16:44:28.442085+00:00
BRS-SSP,"10,11,12,13,14,15,16,17",8,roaring-moon-ex,Roaring Moon,440,1532,1490,490,48.27,cornerstone-mask-ogerpon-ex,Cornerstone Mask Ogerpon,5,86.67,overall,2026-05-25T16:44:28.442085+00:00
BRS-SSP,"10,11,12,13,14,15,16,17",8,roaring-moon-ex,Roaring Moon,440,1532,1490,490,48.27,palkia-vstar,Palkia,4,58.33,overall,2026-05-25T16:44:28.442085+00:00
BRS-SSP,"10,11,12,13,14,15,16,17",8,roaring-moon-ex,Roaring Moon,440,1532,1490,490,48.27,festival-lead,Dipplin,4,66.67,overall,2026-05-25T16:44:28.442085+00:00
BRS-SSP,"10,11,12,13,14,15,16,17",8,roaring-moon-ex,Roaring Moon,440,1532,1490,490,48.27,scovillain-ex,Scovillain,4,50.0,overall,2026-05-25T16:44:28.442085+00:00
BRS-SSP,"10,11,12,13,14,15,16,17",8,roaring-moon-ex,Roaring Moon,440,1532,1490,490,48.27,charizard-ex,Charizard,4,100.0,overall,2026-05-25T16:44:28.442085+00:00
BRS-SSP,"10,11,12,13,14,15,16,17",8,roaring-moon-ex,Roaring Moon,440,1532,1490,490,48.27,hydrapple-ogerpon,Hydrapple Ogerpon,3,100.0,overall,2026-05-25T16:44:28.442085+00:00
BRS-SSP,"10,11,12,13,14,15,16,17",8,roaring-moon-ex,Roaring Moon,440,1532,1490,490,48.27,banette-ex-sv,Banette,3,66.67,overall,2026-05-25T16:44:28.442085+00:00
BRS-SSP,"10,11,12,13,14,15,16,17",8,roaring-moon-ex,Roaring Moon,440,1532,1490,490,48.27,tinkaton-ex,Tinkaton,3,66.67,overall,2026-05-25T16:44:28.442085+00:00
BRS-SSP,"10,11,12,13,14,15,16,17",8,roaring-moon-ex,Roaring Moon,440,1532,1490,490,48.27,palafin-ex,Palafin,2,66.67,overall,2026-05-25T16:44:28.442085+00:00
BRS-SSP,"10,11,12,13,14,15,16,17",8,roaring-moon-ex,Roaring Moon,440,1532,1490,490,48.27,iron-hands-ex,Future Hands,2,0.0,overall,2026-05-25T16:44:28.442085+00:00
BRS-SSP,"10,11,12,13,14,15,16,17",8,roaring-moon-ex,Roaring Moon,440,1532,1490,490,48.27,hisuian-zoroark-vstar,Hisuian Zoroark,2,66.67,overall,2026-05-25T16:44:28.442085+00:00
BRS-SSP,"10,11,12,13,14,15,16,17",8,roaring-moon-ex,Roaring Moon,440,1532,1490,490,48.27,galvantula-ex,Galvantula,2,100.0,overall,2026-05-25T16:44:28.442085+00:00
BRS-SSP,"10,11,12,13,14,15,16,17",8,roaring-moon-ex,Roaring Moon,440,1532,1490,490,48.27,banette-dusknoir,Banette Dusknoir,2,50.0,overall,2026-05-25T16:44:28.442085+00:00
BRS-SSP,"10,11,12,13,14,15,16,17",8,roaring-moon-ex,Roaring Moon,440,1532,1490,490,48.27,slaking-ex,Slaking,2,16.67,overall,2026-05-25T16:44:28.442085+00:00
BRS-SSP,"10,11,12,13,14,15,16,17",8,roaring-moon-ex,Roaring Moon,440,1532,1490,490,48.27,froslass-munkidori,Froslass Munkidori,2,100.0,overall,2026-05-25T16:44:28.442085+00:00
BRS-SSP,"10,11,12,13,14,15,16,17",8,roaring-moon-ex,Roaring Moon,440,1532,1490,490,48.27,meowscarada-ex,Meowscarada,2,50.0,overall,2026-05-25T16:44:28.442085+00:00
BRS-SSP,"10,11,12,13,14,15,16,17",8,roaring-moon-ex,Roaring Moon,440,1532,1490,490,48.27,rotom-v,Rotom,2,66.67,overall,2026-05-25T16:44:28.442085+00:00
BRS-SSP,"10,11,12,13,14,15,16,17",8,roaring-moon-ex,Roaring Moon,440,1532,1490,490,48.27,hydrapple-ex,Hydrapple,2,100.0,overall,2026-05-25T16:44:28.442085+00:00
BRS-SSP,"10,11,12,13,14,15,16,17",8,roaring-moon-ex,Roaring Moon,440,1532,1490,490,48.27,alakazam-ex,Alakazam,2,100.0,overall,2026-05-25T16:44:28.442085+00:00
BRS-SSP,"10,11,12,13,14,15,16,17",8,roaring-moon-ex,Roaring Moon,440,1532,1490,490,48.27,raging-bolt-palkia,Raging Bolt Palkia,1,0.0,overall,2026-05-25T16:44:28.442085+00:00
BRS-SSP,"10,11,12,13,14,15,16,17",8,roaring-moon-ex,Roaring Moon,440,1532,1490,490,48.27,hisuian-samurott-vstar,Hisuian Samurott,1,33.33,overall,2026-05-25T16:44:28.442085+00:00
BRS-SSP,"10,11,12,13,14,15,16,17",8,roaring-moon-ex,Roaring Moon,440,1532,1490,490,48.27,milotic-ex,Milotic,1,100.0,overall,2026-05-25T16:44:28.442085+00:00
BRS-SSP,"10,11,12,13,14,15,16,17",8,roaring-moon-ex,Roaring Moon,440,1532,1490,490,48.27,arceus-armarouge,Arceus Armarouge,1,100.0,overall,2026-05-25T16:44:28.442085+00:00
BRS-SSP,"10,11,12,13,14,15,16,17",8,roaring-moon-ex,Roaring Moon,440,1532,1490,490,48.27,dragapult-lz-box,Dragapult LZ Box,1,0.0,overall,2026-05-25T16:44:28.442085+00:00
BRS-SSP,"10,11,12,13,14,15,16,17",8,roaring-moon-ex,Roaring Moon,440,1532,1490,490,48.27,luxray-ex,Luxray,1,0.0,overall,2026-05-25T16:44:28.442085+00:00
BRS-SSP,"10,11,12,13,14,15,16,17",8,roaring-moon-ex,Roaring Moon,440,1532,1490,490,48.27,blissey-ex,Blissey,1,100.0,overall,2026-05-25T16:44:28.442085+00:00
BRS-SSP,"10,11,12,13,14,15,16,17",8,roaring-moon-ex,Roaring Moon,440,1532,1490,490,48.27,goodra-lz-box,Goodra LZ Box,1,0.0,overall,2026-05-25T16:44:28.442085+00:00
BRS-SSP,"10,11,12,13,14,15,16,17",8,roaring-moon-ex,Roaring Moon,440,1532,1490,490,48.27,dialga-metang,Dialga Metang,1,0.0,overall,2026-05-25T16:44:28.442085+00:00
BRS-SSP,"10,11,12,13,14,15,16,17",8,roaring-moon-ex,Roaring Moon,440,1532,1490,490,48.27,raging-bolt-ex,Raging Bolt,1,100.0,overall,2026-05-25T16:44:28.442085+00:00
BRS-SSP,"10,11,12,13,14,15,16,17",8,roaring-moon-ex,Roaring Moon,440,1532,1490,490,48.27,walking-wake-ex,Walking Wake,1,0.0,overall,2026-05-25T16:44:28.442085+00:00
BRS-SSP,"10,11,12,13,14,15,16,17",8,roaring-moon-ex,Roaring Moon,440,1532,1490,490,48.27,torterra-ex,Torterra,1,100.0,overall,2026-05-25T16:44:28.442085+00:00
BRS-SSP,"10,11,12,13,14,15,16,17",8,roaring-moon-ex,Roaring Moon,440,1532,1490,490,48.27,cinderace-ex,Cinderace,1,100.0,overall,2026-05-25T16:44:28.442085+00:00
BRS-SSP,"10,11,12,13,14,15,16,17",8,roaring-moon-ex,Roaring Moon,440,1532,1490,490,48.27,entei-v,Entei,1,0.0,overall,2026-05-25T16:44:28.442085+00:00
BRS-SSP,"10,11,12,13,14,15,16,17",8,roaring-moon-ex,Roaring Moon,440,1532,1490,490,48.27,regigigas-asr,Regis,1,0.0,overall,2026-05-25T16:44:28.442085+00:00
BRS-SSP,"10,11,12,13,14,15,16,17",8,roaring-moon-ex,Roaring Moon,440,1532,1490,490,48.27,tyranitar-ex,Tyranitar,1,100.0,overall,2026-05-25T16:44:28.442085+00:00
BRS-SSP,"10,11,12,13,14,15,16,17",8,roaring-moon-ex,Roaring Moon,440,1532,1490,490,48.27,great-tusk-tef,Great Tusk Mill,1,100.0,overall,2026-05-25T16:44:28.442085+00:00
BRS-SSP,"10,11,12,13,14,15,16,17",8,roaring-moon-ex,Roaring Moon,440,1532,1490,490,48.27,iron-valiant-ex,Iron Valiant,1,100.0,overall,2026-05-25T16:44:28.442085+00:00
BRS-SSP,"10,11,12,13,14,15,16,17",8,roaring-moon-ex,Roaring Moon,440,1532,1490,490,48.27,tsareena-ex,Tsareena,1,33.33,overall,2026-05-25T16:44:28.442085+00:00
BRS-SSP,"10,11,12,13,14,15,16,17",8,roaring-moon-ex,Roaring Moon,440,1532,1490,490,48.27,raging-bolt-entei,Raging Bolt Entei,1,33.33,overall,2026-05-25T16:44:28.442085+00:00
BRS-SSP,"10,11,12,13,14,15,16,17",8,roaring-moon-ex,Roaring Moon,440,1532,1490,490,48.27,venomoth-froslass,Venomoth Froslass,1,100.0,overall,2026-05-25T16:44:28.442085+00:00
BRS-SSP,"10,11,12,13,14,15,16,17",8,roaring-moon-ex,Roaring Moon,440,1532,1490,490,48.27,future-box,Future Box,1,100.0,overall,2026-05-25T16:44:28.442085+00:00
BRS-SSP,"10,11,12,13,14,15,16,17",8,roaring-moon-ex,Roaring Moon,440,1532,1490,490,48.27,alolan-exeggutor-ex,Alolan Exeggutor ex,1,100.0,overall,2026-05-25T16:44:28.442085+00:00
BRS-SSP,"10,11,12,13,14,15,16,17",8,rotom-v,Rotom,3,6,12,7,33.33,raging-bolt-ogerpon,Raging Bolt Ogerpon,5,6.67,overall,2026-05-25T16:44:30.921833+00:00
BRS-SSP,"10,11,12,13,14,15,16,17",8,rotom-v,Rotom,3,6,12,7,33.33,other,Other,4,16.67,overall,2026-05-25T16:44:30.921833+00:00
BRS-SSP,"10,11,12,13,14,15,16,17",8,rotom-v,Rotom,3,6,12,7,33.33,miraidon-ex,Miraidon,3,66.67,overall,2026-05-25T16:44:30.921833+00:00
BRS-SSP,"10,11,12,13,14,15,16,17",8,rotom-v,Rotom,3,6,12,7,33.33,dragapult-iron-thorns,Dragapult Iron Thorns,3,44.44,overall,2026-05-25T16:44:30.921833+00:00
BRS-SSP,"10,11,12,13,14,15,16,17",8,rotom-v,Rotom,3,6,12,7,33.33,roaring-moon-ex,Roaring Moon,2,16.67,overall,2026-05-25T16:44:30.921833+00:00
BRS-SSP,"10,11,12,13,14,15,16,17",8,rotom-v,Rotom,3,6,12,7,33.33,gardevoir-ex-sv,Gardevoir,2,0.0,overall,2026-05-25T16:44:30.921833+00:00
BRS-SSP,"10,11,12,13,14,15,16,17",8,rotom-v,Rotom,3,6,12,7,33.33,regidrago-vstar,Regidrago,1,33.33,overall,2026-05-25T16:44:30.921833+00:00
BRS-SSP,"10,11,12,13,14,15,16,17",8,rotom-v,Rotom,3,6,12,7,33.33,dragapult-charizard,Dragapult Charizard,1,100.0,overall,2026-05-25T16:44:30.921833+00:00
BRS-SSP,"10,11,12,13,14,15,16,17",8,rotom-v,Rotom,3,6,12,7,33.33,palkia-noctowl,Palkia Noctowl,1,100.0,overall,2026-05-25T16:44:30.921833+00:00
BRS-SSP,"10,11,12,13,14,15,16,17",8,rotom-v,Rotom,3,6,12,7,33.33,archaludon-ex,Archaludon,1,33.33,overall,2026-05-25T16:44:30.921833+00:00
BRS-SSP,"10,11,12,13,14,15,16,17",8,rotom-v,Rotom,3,6,12,7,33.33,terapagos-noctowl,Terapagos Noctowl,1,0.0,overall,2026-05-25T16:44:30.921833+00:00
BRS-SSP,"10,11,12,13,14,15,16,17",8,rotom-v,Rotom,3,6,12,7,33.33,lugia-archeops,Lugia Archeops,1,100.0,overall,2026-05-25T16:44:30.921833+00:00
BRS-SSP,"10,11,12,13,14,15,16,17",8,scovillain-ex,Scovillain,9,19,37,12,33.82,charizard-pidgeot,Charizard Pidgeot,8,33.33,overall,2026-05-25T16:44:33.342141+00:00
BRS-SSP,"10,11,12,13,14,15,16,17",8,scovillain-ex,Scovillain,9,19,37,12,33.82,regidrago-vstar,Regidrago,8,12.5,overall,2026-05-25T16:44:33.342141+00:00
BRS-SSP,"10,11,12,13,14,15,16,17",8,scovillain-ex,Scovillain,9,19,37,12,33.82,raging-bolt-ogerpon,Raging Bolt Ogerpon,7,28.57,overall,2026-05-25T16:44:33.342141+00:00
BRS-SSP,"10,11,12,13,14,15,16,17",8,scovillain-ex,Scovillain,9,19,37,12,33.82,gholdengo-ex,Gholdengo,7,52.38,overall,2026-05-25T16:44:33.342141+00:00
BRS-SSP,"10,11,12,13,14,15,16,17",8,scovillain-ex,Scovillain,9,19,37,12,33.82,roaring-moon-ex,Roaring Moon,4,50.0,overall,2026-05-25T16:44:33.342141+00:00
BRS-SSP,"10,11,12,13,14,15,16,17",8,scovillain-ex,Scovillain,9,19,37,12,33.82,ancient-box,Ancient Box,4,50.0,overall,2026-05-25T16:44:33.342141+00:00
BRS-SSP,"10,11,12,13,14,15,16,17",8,scovillain-ex,Scovillain,9,19,37,12,33.82,hydreigon-ex,Hydreigon,3,66.67,overall,2026-05-25T16:44:33.342141+00:00
BRS-SSP,"10,11,12,13,14,15,16,17",8,scovillain-ex,Scovillain,9,19,37,12,33.82,ceruledge-ex,Ceruledge,3,22.22,overall,2026-05-25T16:44:33.342141+00:00
BRS-SSP,"10,11,12,13,14,15,16,17",8,scovillain-ex,Scovillain,9,19,37,12,33.82,gardevoir-ex-sv,Gardevoir,3,0.0,overall,2026-05-25T16:44:33.342141+00:00
BRS-SSP,"10,11,12,13,14,15,16,17",8,scovillain-ex,Scovillain,9,19,37,12,33.82,poison-terapagos,Poison Terapagos,3,0.0,overall,2026-05-25T16:44:33.342141+00:00
BRS-SSP,"10,11,12,13,14,15,16,17",8,scovillain-ex,Scovillain,9,19,37,12,33.82,snorlax-stall,Snorlax Stall,3,44.44,overall,2026-05-25T16:44:33.342141+00:00
BRS-SSP,"10,11,12,13,14,15,16,17",8,scovillain-ex,Scovillain,9,19,37,12,33.82,archaludon-ex,Archaludon,2,0.0,overall,2026-05-25T16:44:33.342141+00:00
BRS-SSP,"10,11,12,13,14,15,16,17",8,scovillain-ex,Scovillain,9,19,37,12,33.82,dragapult-iron-thorns,Dragapult Iron Thorns,2,50.0,overall,2026-05-25T16:44:33.342141+00:00
BRS-SSP,"10,11,12,13,14,15,16,17",8,scovillain-ex,Scovillain,9,19,37,12,33.82,miraidon-ex,Miraidon,2,0.0,overall,2026-05-25T16:44:33.342141+00:00
BRS-SSP,"10,11,12,13,14,15,16,17",8,scovillain-ex,Scovillain,9,19,37,12,33.82,lost-zone-box,Lost Zone Box,1,33.33,overall,2026-05-25T16:44:33.342141+00:00
BRS-SSP,"10,11,12,13,14,15,16,17",8,scovillain-ex,Scovillain,9,19,37,12,33.82,greninja-ex,Greninja,1,100.0,overall,2026-05-25T16:44:33.342141+00:00
BRS-SSP,"10,11,12,13,14,15,16,17",8,scovillain-ex,Scovillain,9,19,37,12,33.82,flygon-ex-ssp,Flygon,1,0.0,overall,2026-05-25T16:44:33.342141+00:00
BRS-SSP,"10,11,12,13,14,15,16,17",8,scovillain-ex,Scovillain,9,19,37,12,33.82,tsareena-ex,Tsareena,1,100.0,overall,2026-05-25T16:44:33.342141+00:00
BRS-SSP,"10,11,12,13,14,15,16,17",8,scovillain-ex,Scovillain,9,19,37,12,33.82,other,Other,1,0.0,overall,2026-05-25T16:44:33.342141+00:00
BRS-SSP,"10,11,12,13,14,15,16,17",8,scovillain-ex,Scovillain,9,19,37,12,33.82,palafin-ex,Palafin,1,0.0,overall,2026-05-25T16:44:33.342141+00:00
BRS-SSP,"10,11,12,13,14,15,16,17",8,scovillain-ex,Scovillain,9,19,37,12,33.82,terapagos-noctowl,Terapagos Noctowl,1,33.33,overall,2026-05-25T16:44:33.342141+00:00
BRS-SSP,"10,11,12,13,14,15,16,17",8,scovillain-ex,Scovillain,9,19,37,12,33.82,palkia-vstar,Palkia,1,100.0,overall,2026-05-25T16:44:33.342141+00:00
BRS-SSP,"10,11,12,13,14,15,16,17",8,scovillain-ex,Scovillain,9,19,37,12,33.82,dragapult-charizard,Dragapult Charizard,1,100.0,overall,2026-05-25T16:44:33.342141+00:00
BRS-SSP,"10,11,12,13,14,15,16,17",8,serperior-vstar,Serperior,2,3,8,1,27.78,charizard-pidgeot,Charizard Pidgeot,4,50.0,overall,2026-05-25T16:44:35.806182+00:00
BRS-SSP,"10,11,12,13,14,15,16,17",8,serperior-vstar,Serperior,2,3,8,1,27.78,ceruledge-ex,Ceruledge,2,0.0,overall,2026-05-25T16:44:35.806182+00:00
BRS-SSP,"10,11,12,13,14,15,16,17",8,serperior-vstar,Serperior,2,3,8,1,27.78,gholdengo-ex,Gholdengo,2,0.0,overall,2026-05-25T16:44:35.806182+00:00
BRS-SSP,"10,11,12,13,14,15,16,17",8,serperior-vstar,Serperior,2,3,8,1,27.78,snorlax-stall,Snorlax Stall,1,0.0,overall,2026-05-25T16:44:35.806182+00:00
BRS-SSP,"10,11,12,13,14,15,16,17",8,serperior-vstar,Serperior,2,3,8,1,27.78,regidrago-vstar,Regidrago,1,0.0,overall,2026-05-25T16:44:35.806182+00:00
BRS-SSP,"10,11,12,13,14,15,16,17",8,serperior-vstar,Serperior,2,3,8,1,27.78,dragapult-ex,Dragapult,1,33.33,overall,2026-05-25T16:44:35.806182+00:00
BRS-SSP,"10,11,12,13,14,15,16,17",8,serperior-vstar,Serperior,2,3,8,1,27.78,charizard-ex,Charizard,1,100.0,overall,2026-05-25T16:44:35.806182+00:00
BRS-SSP,"10,11,12,13,14,15,16,17",8,sinistcha-ogerpon,Sinistcha Ogerpon,3,2,10,5,21.57,gardevoir-ex-sv,Gardevoir,3,33.33,overall,2026-05-25T16:44:38.260678+00:00
BRS-SSP,"10,11,12,13,14,15,16,17",8,sinistcha-ogerpon,Sinistcha Ogerpon,3,2,10,5,21.57,gholdengo-ex,Gholdengo,2,16.67,overall,2026-05-25T16:44:38.260678+00:00
BRS-SSP,"10,11,12,13,14,15,16,17",8,sinistcha-ogerpon,Sinistcha Ogerpon,3,2,10,5,21.57,regidrago-vstar,Regidrago,2,16.67,overall,2026-05-25T16:44:38.260678+00:00
BRS-SSP,"10,11,12,13,14,15,16,17",8,sinistcha-ogerpon,Sinistcha Ogerpon,3,2,10,5,21.57,charizard-pidgeot,Charizard Pidgeot,2,16.67,overall,2026-05-25T16:44:38.260678+00:00
BRS-SSP,"10,11,12,13,14,15,16,17",8,sinistcha-ogerpon,Sinistcha Ogerpon,3,2,10,5,21.57,espathra-xatu,Espathra Xatu,1,0.0,overall,2026-05-25T16:44:38.260678+00:00
BRS-SSP,"10,11,12,13,14,15,16,17",8,sinistcha-ogerpon,Sinistcha Ogerpon,3,2,10,5,21.57,lugia-archeops,Lugia Archeops,1,0.0,overall,2026-05-25T16:44:38.260678+00:00
BRS-SSP,"10,11,12,13,14,15,16,17",8,sinistcha-ogerpon,Sinistcha Ogerpon,3,2,10,5,21.57,miraidon-ex,Miraidon,1,33.33,overall,2026-05-25T16:44:38.260678+00:00
BRS-SSP,"10,11,12,13,14,15,16,17",8,sinistcha-ogerpon,Sinistcha Ogerpon,3,2,10,5,21.57,archaludon-dialga,Archaludon Dialga,1,0.0,overall,2026-05-25T16:44:38.260678+00:00
BRS-SSP,"10,11,12,13,14,15,16,17",8,sinistcha-ogerpon,Sinistcha Ogerpon,3,2,10,5,21.57,raging-bolt-ogerpon,Raging Bolt Ogerpon,1,33.33,overall,2026-05-25T16:44:38.260678+00:00
BRS-SSP,"10,11,12,13,14,15,16,17",8,sinistcha-ogerpon,Sinistcha Ogerpon,3,2,10,5,21.57,ceruledge-ex,Ceruledge,1,0.0,overall,2026-05-25T16:44:38.260678+00:00
BRS-SSP,"10,11,12,13,14,15,16,17",8,sinistcha-ogerpon,Sinistcha Ogerpon,3,2,10,5,21.57,mimikyu-ogerpon,Mimikyu Ogerpon,1,100.0,overall,2026-05-25T16:44:38.260678+00:00
BRS-SSP,"10,11,12,13,14,15,16,17",8,sinistcha-ogerpon,Sinistcha Ogerpon,3,2,10,5,21.57,poison-terapagos,Poison Terapagos,1,0.0,overall,2026-05-25T16:44:38.260678+00:00
BRS-SSP,"10,11,12,13,14,15,16,17",8,slaking-ex,Slaking,5,11,18,8,36.94,regidrago-vstar,Regidrago,7,14.29,overall,2026-05-25T16:44:40.734136+00:00
BRS-SSP,"10,11,12,13,14,15,16,17",8,slaking-ex,Slaking,5,11,18,8,36.94,lugia-archeops,Lugia Archeops,5,66.67,overall,2026-05-25T16:44:40.734136+00:00
BRS-SSP,"10,11,12,13,14,15,16,17",8,slaking-ex,Slaking,5,11,18,8,36.94,charizard-pidgeot,Charizard Pidgeot,4,25.0,overall,2026-05-25T16:44:40.734136+00:00
BRS-SSP,"10,11,12,13,14,15,16,17",8,slaking-ex,Slaking,5,11,18,8,36.94,miraidon-ex,Miraidon,2,66.67,overall,2026-05-25T16:44:40.734136+00:00
BRS-SSP,"10,11,12,13,14,15,16,17",8,slaking-ex,Slaking,5,11,18,8,36.94,lost-zone-box,Lost Zone Box,2,0.0,overall,2026-05-25T16:44:40.734136+00:00
BRS-SSP,"10,11,12,13,14,15,16,17",8,slaking-ex,Slaking,5,11,18,8,36.94,raging-bolt-ogerpon,Raging Bolt Ogerpon,2,66.67,overall,2026-05-25T16:44:40.734136+00:00
BRS-SSP,"10,11,12,13,14,15,16,17",8,slaking-ex,Slaking,5,11,18,8,36.94,roaring-moon-ex,Roaring Moon,2,66.67,overall,2026-05-25T16:44:40.734136+00:00
BRS-SSP,"10,11,12,13,14,15,16,17",8,slaking-ex,Slaking,5,11,18,8,36.94,archaludon-ex,Archaludon,1,100.0,overall,2026-05-25T16:44:40.734136+00:00
BRS-SSP,"10,11,12,13,14,15,16,17",8,slaking-ex,Slaking,5,11,18,8,36.94,gholdengo-ex,Gholdengo,1,100.0,overall,2026-05-25T16:44:40.734136+00:00
BRS-SSP,"10,11,12,13,14,15,16,17",8,slaking-ex,Slaking,5,11,18,8,36.94,banette-gardevoir,Banette Gardevoir,1,0.0,overall,2026-05-25T16:44:40.734136+00:00
BRS-SSP,"10,11,12,13,14,15,16,17",8,slaking-ex,Slaking,5,11,18,8,36.94,lzb-charizard,Lost Box Charizard,1,0.0,overall,2026-05-25T16:44:40.734136+00:00
BRS-SSP,"10,11,12,13,14,15,16,17",8,slaking-ex,Slaking,5,11,18,8,36.94,hydreigon-ex,Hydreigon,1,33.33,overall,2026-05-25T16:44:40.734136+00:00
BRS-SSP,"10,11,12,13,14,15,16,17",8,slaking-ex,Slaking,5,11,18,8,36.94,gardevoir-ex-sv,Gardevoir,1,0.0,overall,2026-05-25T16:44:40.734136+00:00
BRS-SSP,"10,11,12,13,14,15,16,17",8,slaking-ex,Slaking,5,11,18,8,36.94,palkia-noctowl,Palkia Noctowl,1,0.0,overall,2026-05-25T16:44:40.734136+00:00
BRS-SSP,"10,11,12,13,14,15,16,17",8,slaking-ex,Slaking,5,11,18,8,36.94,okidogi-ex,Okidogi,1,100.0,overall,2026-05-25T16:44:40.734136+00:00
BRS-SSP,"10,11,12,13,14,15,16,17",8,slaking-ex,Slaking,5,11,18,8,36.94,ceruledge-ex,Ceruledge,1,100.0,overall,2026-05-25T16:44:40.734136+00:00
BRS-SSP,"10,11,12,13,14,15,16,17",8,slaking-ex,Slaking,5,11,18,8,36.94,poison-terapagos,Poison Terapagos,1,0.0,overall,2026-05-25T16:44:40.734136+00:00
BRS-SSP,"10,11,12,13,14,15,16,17",8,slaking-ex,Slaking,5,11,18,8,36.94,ogerpon-noivern,Ogerpon Noivern,1,0.0,overall,2026-05-25T16:44:40.734136+00:00
BRS-SSP,"10,11,12,13,14,15,16,17",8,slaking-ex,Slaking,5,11,18,8,36.94,charizard-noctowl,Charizard Noctowl,1,0.0,overall,2026-05-25T16:44:40.734136+00:00
BRS-SSP,"10,11,12,13,14,15,16,17",8,slaking-ex,Slaking,5,11,18,8,36.94,dragapult-iron-thorns,Dragapult Iron Thorns,1,0.0,overall,2026-05-25T16:44:40.734136+00:00
BRS-SSP,"10,11,12,13,14,15,16,17",8,slowking-scr,Slowking,2,3,10,1,23.81,charizard-pidgeot,Charizard Pidgeot,3,0.0,overall,2026-05-25T16:44:43.178073+00:00
BRS-SSP,"10,11,12,13,14,15,16,17",8,slowking-scr,Slowking,2,3,10,1,23.81,archaludon-dialga,Archaludon Dialga,2,0.0,overall,2026-05-25T16:44:43.178073+00:00
BRS-SSP,"10,11,12,13,14,15,16,17",8,slowking-scr,Slowking,2,3,10,1,23.81,terapagos-noctowl,Terapagos Noctowl,2,16.67,overall,2026-05-25T16:44:43.178073+00:00
BRS-SSP,"10,11,12,13,14,15,16,17",8,slowking-scr,Slowking,2,3,10,1,23.81,lost-zone-box,Lost Zone Box,1,0.0,overall,2026-05-25T16:44:43.178073+00:00
BRS-SSP,"10,11,12,13,14,15,16,17",8,slowking-scr,Slowking,2,3,10,1,23.81,regidrago-vstar,Regidrago,1,0.0,overall,2026-05-25T16:44:43.178073+00:00
BRS-SSP,"10,11,12,13,14,15,16,17",8,slowking-scr,Slowking,2,3,10,1,23.81,hydreigon-ex,Hydreigon,1,100.0,overall,2026-05-25T16:44:43.178073+00:00
BRS-SSP,"10,11,12,13,14,15,16,17",8,slowking-scr,Slowking,2,3,10,1,23.81,dragapult-iron-thorns,Dragapult Iron Thorns,1,100.0,overall,2026-05-25T16:44:43.178073+00:00
BRS-SSP,"10,11,12,13,14,15,16,17",8,slowking-scr,Slowking,2,3,10,1,23.81,archaludon-ex,Archaludon,1,0.0,overall,2026-05-25T16:44:43.178073+00:00
BRS-SSP,"10,11,12,13,14,15,16,17",8,slowking-scr,Slowking,2,3,10,1,23.81,united-wings,United Wings,1,0.0,overall,2026-05-25T16:44:43.178073+00:00
BRS-SSP,"10,11,12,13,14,15,16,17",8,slowking-scr,Slowking,2,3,10,1,23.81,palkia-noctowl,Palkia Noctowl,1,100.0,overall,2026-05-25T16:44:43.178073+00:00
BRS-SSP,"10,11,12,13,14,15,16,17",8,snorlax-stall,Snorlax Stall,322,1376,1023,401,53.92,regidrago-vstar,Regidrago,386,56.91,overall,2026-05-25T16:44:45.728221+00:00
BRS-SSP,"10,11,12,13,14,15,16,17",8,snorlax-stall,Snorlax Stall,322,1376,1023,401,53.92,charizard-pidgeot,Charizard Pidgeot,296,61.82,overall,2026-05-25T16:44:45.728221+00:00
BRS-SSP,"10,11,12,13,14,15,16,17",8,snorlax-stall,Snorlax Stall,322,1376,1023,401,53.92,raging-bolt-ogerpon,Raging Bolt Ogerpon,216,76.39,overall,2026-05-25T16:44:45.728221+00:00
BRS-SSP,"10,11,12,13,14,15,16,17",8,snorlax-stall,Snorlax Stall,322,1376,1023,401,53.92,gardevoir-ex-sv,Gardevoir,146,57.31,overall,2026-05-25T16:44:45.728221+00:00
BRS-SSP,"10,11,12,13,14,15,16,17",8,snorlax-stall,Snorlax Stall,322,1376,1023,401,53.92,lugia-archeops,Lugia Archeops,146,24.89,overall,2026-05-25T16:44:45.728221+00:00
BRS-SSP,"10,11,12,13,14,15,16,17",8,snorlax-stall,Snorlax Stall,322,1376,1023,401,53.92,gholdengo-ex,Gholdengo,144,79.63,overall,2026-05-25T16:44:45.728221+00:00
BRS-SSP,"10,11,12,13,14,15,16,17",8,snorlax-stall,Snorlax Stall,322,1376,1023,401,53.92,miraidon-ex,Miraidon,118,80.23,overall,2026-05-25T16:44:45.728221+00:00
BRS-SSP,"10,11,12,13,14,15,16,17",8,snorlax-stall,Snorlax Stall,322,1376,1023,401,53.92,poison-terapagos,Poison Terapagos,117,50.14,overall,2026-05-25T16:44:45.728221+00:00
BRS-SSP,"10,11,12,13,14,15,16,17",8,snorlax-stall,Snorlax Stall,322,1376,1023,401,53.92,roaring-moon-ex,Roaring Moon,116,18.1,overall,2026-05-25T16:44:45.728221+00:00
BRS-SSP,"10,11,12,13,14,15,16,17",8,snorlax-stall,Snorlax Stall,322,1376,1023,401,53.92,lost-zone-box,Lost Zone Box,115,71.59,overall,2026-05-25T16:44:45.728221+00:00
BRS-SSP,"10,11,12,13,14,15,16,17",8,snorlax-stall,Snorlax Stall,322,1376,1023,401,53.92,dragapult-iron-thorns,Dragapult Iron Thorns,87,51.72,overall,2026-05-25T16:44:45.728221+00:00
BRS-SSP,"10,11,12,13,14,15,16,17",8,snorlax-stall,Snorlax Stall,322,1376,1023,401,53.92,terapagos-noctowl,Terapagos Noctowl,84,33.33,overall,2026-05-25T16:44:45.728221+00:00
BRS-SSP,"10,11,12,13,14,15,16,17",8,snorlax-stall,Snorlax Stall,322,1376,1023,401,53.92,archaludon-dialga,Archaludon Dialga,65,37.95,overall,2026-05-25T16:44:45.728221+00:00
BRS-SSP,"10,11,12,13,14,15,16,17",8,snorlax-stall,Snorlax Stall,322,1376,1023,401,53.92,ancient-box,Ancient Box,62,26.88,overall,2026-05-25T16:44:45.728221+00:00
BRS-SSP,"10,11,12,13,14,15,16,17",8,snorlax-stall,Snorlax Stall,322,1376,1023,401,53.92,snorlax-stall,Snorlax Stall,53,44.97,overall,2026-05-25T16:44:45.728221+00:00
BRS-SSP,"10,11,12,13,14,15,16,17",8,snorlax-stall,Snorlax Stall,322,1376,1023,401,53.92,archaludon-ex,Archaludon,50,37.33,overall,2026-05-25T16:44:45.728221+00:00
BRS-SSP,"10,11,12,13,14,15,16,17",8,snorlax-stall,Snorlax Stall,322,1376,1023,401,53.92,pidgeot-control,Pidgeot Control,49,14.97,overall,2026-05-25T16:44:45.728221+00:00
BRS-SSP,"10,11,12,13,14,15,16,17",8,snorlax-stall,Snorlax Stall,322,1376,1023,401,53.92,ceruledge-ex,Ceruledge,47,64.54,overall,2026-05-25T16:44:45.728221+00:00
BRS-SSP,"10,11,12,13,14,15,16,17",8,snorlax-stall,Snorlax Stall,322,1376,1023,401,53.92,dragapult-dusknoir,Dragapult Dusknoir,42,57.94,overall,2026-05-25T16:44:45.728221+00:00
BRS-SSP,"10,11,12,13,14,15,16,17",8,snorlax-stall,Snorlax Stall,322,1376,1023,401,53.92,palkia-noctowl,Palkia Noctowl,41,33.33,overall,2026-05-25T16:44:45.728221+00:00
BRS-SSP,"10,11,12,13,14,15,16,17",8,snorlax-stall,Snorlax Stall,322,1376,1023,401,53.92,iron-thorns-ex,Iron Thorns,39,70.09,overall,2026-05-25T16:44:45.728221+00:00
BRS-SSP,"10,11,12,13,14,15,16,17",8,snorlax-stall,Snorlax Stall,322,1376,1023,401,53.92,palkia-dusknoir,Palkia Dusknoir,27,71.6,overall,2026-05-25T16:44:45.728221+00:00
BRS-SSP,"10,11,12,13,14,15,16,17",8,snorlax-stall,Snorlax Stall,322,1376,1023,401,53.92,klawf-par,Klawf,25,25.33,overall,2026-05-25T16:44:45.728221+00:00
BRS-SSP,"10,11,12,13,14,15,16,17",8,snorlax-stall,Snorlax Stall,322,1376,1023,401,53.92,other,Other,23,66.67,overall,2026-05-25T16:44:45.728221+00:00
BRS-SSP,"10,11,12,13,14,15,16,17",8,snorlax-stall,Snorlax Stall,322,1376,1023,401,53.92,dragapult-pidgeot,Dragapult Pidgeot,22,66.67,overall,2026-05-25T16:44:45.728221+00:00
BRS-SSP,"10,11,12,13,14,15,16,17",8,snorlax-stall,Snorlax Stall,322,1376,1023,401,53.92,hydreigon-ex,Hydreigon,22,7.58,overall,2026-05-25T16:44:45.728221+00:00
BRS-SSP,"10,11,12,13,14,15,16,17",8,snorlax-stall,Snorlax Stall,322,1376,1023,401,53.92,chien-pao-baxcalibur,Chien-Pao Baxcalibur,20,51.67,overall,2026-05-25T16:44:45.728221+00:00
BRS-SSP,"10,11,12,13,14,15,16,17",8,snorlax-stall,Snorlax Stall,322,1376,1023,401,53.92,gouging-fire-ex,Gouging Fire,16,43.75,overall,2026-05-25T16:44:45.728221+00:00
BRS-SSP,"10,11,12,13,14,15,16,17",8,snorlax-stall,Snorlax Stall,322,1376,1023,401,53.92,mimikyu-ogerpon,Mimikyu Ogerpon,15,15.56,overall,2026-05-25T16:44:45.728221+00:00
BRS-SSP,"10,11,12,13,14,15,16,17",8,snorlax-stall,Snorlax Stall,322,1376,1023,401,53.92,banette-gardevoir,Banette Gardevoir,13,43.59,overall,2026-05-25T16:44:45.728221+00:00
BRS-SSP,"10,11,12,13,14,15,16,17",8,snorlax-stall,Snorlax Stall,322,1376,1023,401,53.92,charizard-noctowl,Charizard Noctowl,12,61.11,overall,2026-05-25T16:44:45.728221+00:00
BRS-SSP,"10,11,12,13,14,15,16,17",8,snorlax-stall,Snorlax Stall,322,1376,1023,401,53.92,pikachu-regigigas,Pikachu Regis,10,56.67,overall,2026-05-25T16:44:45.728221+00:00
BRS-SSP,"10,11,12,13,14,15,16,17",8,snorlax-stall,Snorlax Stall,322,1376,1023,401,53.92,dragapult-charizard,Dragapult Charizard,9,62.96,overall,2026-05-25T16:44:45.728221+00:00
BRS-SSP,"10,11,12,13,14,15,16,17",8,snorlax-stall,Snorlax Stall,322,1376,1023,401,53.92,greninja-ex,Greninja,8,33.33,overall,2026-05-25T16:44:45.728221+00:00
BRS-SSP,"10,11,12,13,14,15,16,17",8,snorlax-stall,Snorlax Stall,322,1376,1023,401,53.92,lzb-charizard,Lost Box Charizard,8,79.17,overall,2026-05-25T16:44:45.728221+00:00
BRS-SSP,"10,11,12,13,14,15,16,17",8,snorlax-stall,Snorlax Stall,322,1376,1023,401,53.92,ogerpon-noivern,Ogerpon Noivern,7,47.62,overall,2026-05-25T16:44:45.728221+00:00
BRS-SSP,"10,11,12,13,14,15,16,17",8,snorlax-stall,Snorlax Stall,322,1376,1023,401,53.92,conkeldurr-twm,Conkeldurr,7,76.19,overall,2026-05-25T16:44:45.728221+00:00
BRS-SSP,"10,11,12,13,14,15,16,17",8,snorlax-stall,Snorlax Stall,322,1376,1023,401,53.92,great-tusk-tef,Great Tusk Mill,6,33.33,overall,2026-05-25T16:44:45.728221+00:00
BRS-SSP,"10,11,12,13,14,15,16,17",8,snorlax-stall,Snorlax Stall,322,1376,1023,401,53.92,dialga-metang,Dialga Metang,5,100.0,overall,2026-05-25T16:44:45.728221+00:00
BRS-SSP,"10,11,12,13,14,15,16,17",8,snorlax-stall,Snorlax Stall,322,1376,1023,401,53.92,dragapult-ex,Dragapult,4,0.0,overall,2026-05-25T16:44:45.728221+00:00
BRS-SSP,"10,11,12,13,14,15,16,17",8,snorlax-stall,Snorlax Stall,322,1376,1023,401,53.92,tsareena-ex,Tsareena,4,75.0,overall,2026-05-25T16:44:45.728221+00:00
BRS-SSP,"10,11,12,13,14,15,16,17",8,snorlax-stall,Snorlax Stall,322,1376,1023,401,53.92,united-wings,United Wings,4,41.67,overall,2026-05-25T16:44:45.728221+00:00
BRS-SSP,"10,11,12,13,14,15,16,17",8,snorlax-stall,Snorlax Stall,322,1376,1023,401,53.92,charizard-ex,Charizard,3,55.56,overall,2026-05-25T16:44:45.728221+00:00
BRS-SSP,"10,11,12,13,14,15,16,17",8,snorlax-stall,Snorlax Stall,322,1376,1023,401,53.92,arceus-armarouge,Arceus Armarouge,3,11.11,overall,2026-05-25T16:44:45.728221+00:00
BRS-SSP,"10,11,12,13,14,15,16,17",8,snorlax-stall,Snorlax Stall,322,1376,1023,401,53.92,okidogi-ex,Okidogi,3,33.33,overall,2026-05-25T16:44:45.728221+00:00
BRS-SSP,"10,11,12,13,14,15,16,17",8,snorlax-stall,Snorlax Stall,322,1376,1023,401,53.92,scovillain-ex,Scovillain,3,44.44,overall,2026-05-25T16:44:45.728221+00:00
BRS-SSP,"10,11,12,13,14,15,16,17",8,snorlax-stall,Snorlax Stall,322,1376,1023,401,53.92,palkia-vstar,Palkia,2,50.0,overall,2026-05-25T16:44:45.728221+00:00
BRS-SSP,"10,11,12,13,14,15,16,17",8,snorlax-stall,Snorlax Stall,322,1376,1023,401,53.92,iron-hands-ex,Future Hands,2,100.0,overall,2026-05-25T16:44:45.728221+00:00
BRS-SSP,"10,11,12,13,14,15,16,17",8,snorlax-stall,Snorlax Stall,322,1376,1023,401,53.92,cornerstone-mask-ogerpon-ex,Cornerstone Mask Ogerpon,2,100.0,overall,2026-05-25T16:44:45.728221+00:00
BRS-SSP,"10,11,12,13,14,15,16,17",8,snorlax-stall,Snorlax Stall,322,1376,1023,401,53.92,dragapult-lz-box,Dragapult LZ Box,2,50.0,overall,2026-05-25T16:44:45.728221+00:00
BRS-SSP,"10,11,12,13,14,15,16,17",8,snorlax-stall,Snorlax Stall,322,1376,1023,401,53.92,arceus-giratina,Arceus Giratina,2,50.0,overall,2026-05-25T16:44:45.728221+00:00
BRS-SSP,"10,11,12,13,14,15,16,17",8,snorlax-stall,Snorlax Stall,322,1376,1023,401,53.92,greninja-froslass,Greninja Froslass,2,0.0,overall,2026-05-25T16:44:45.728221+00:00
BRS-SSP,"10,11,12,13,14,15,16,17",8,snorlax-stall,Snorlax Stall,322,1376,1023,401,53.92,espathra-xatu,Espathra Xatu,2,100.0,overall,2026-05-25T16:44:45.728221+00:00
BRS-SSP,"10,11,12,13,14,15,16,17",8,snorlax-stall,Snorlax Stall,322,1376,1023,401,53.92,future-box,Future Box,2,50.0,overall,2026-05-25T16:44:45.728221+00:00
BRS-SSP,"10,11,12,13,14,15,16,17",8,snorlax-stall,Snorlax Stall,322,1376,1023,401,53.92,venomoth-froslass,Venomoth Froslass,2,0.0,overall,2026-05-25T16:44:45.728221+00:00
BRS-SSP,"10,11,12,13,14,15,16,17",8,snorlax-stall,Snorlax Stall,322,1376,1023,401,53.92,blissey-ex,Blissey,1,100.0,overall,2026-05-25T16:44:45.728221+00:00
BRS-SSP,"10,11,12,13,14,15,16,17",8,snorlax-stall,Snorlax Stall,322,1376,1023,401,53.92,alakazam-ex,Alakazam,1,33.33,overall,2026-05-25T16:44:45.728221+00:00
BRS-SSP,"10,11,12,13,14,15,16,17",8,snorlax-stall,Snorlax Stall,322,1376,1023,401,53.92,milotic-ex,Milotic,1,100.0,overall,2026-05-25T16:44:45.728221+00:00
BRS-SSP,"10,11,12,13,14,15,16,17",8,snorlax-stall,Snorlax Stall,322,1376,1023,401,53.92,festival-lead,Dipplin,1,100.0,overall,2026-05-25T16:44:45.728221+00:00
BRS-SSP,"10,11,12,13,14,15,16,17",8,snorlax-stall,Snorlax Stall,322,1376,1023,401,53.92,banette-dusknoir,Banette Dusknoir,1,100.0,overall,2026-05-25T16:44:45.728221+00:00
BRS-SSP,"10,11,12,13,14,15,16,17",8,snorlax-stall,Snorlax Stall,322,1376,1023,401,53.92,miraidon-regieleki,Miraidon Regieleki,1,100.0,overall,2026-05-25T16:44:45.728221+00:00
BRS-SSP,"10,11,12,13,14,15,16,17",8,snorlax-stall,Snorlax Stall,322,1376,1023,401,53.92,torterra-ex,Torterra,1,100.0,overall,2026-05-25T16:44:45.728221+00:00
BRS-SSP,"10,11,12,13,14,15,16,17",8,snorlax-stall,Snorlax Stall,322,1376,1023,401,53.92,froslass-munkidori,Froslass Munkidori,1,0.0,overall,2026-05-25T16:44:45.728221+00:00
BRS-SSP,"10,11,12,13,14,15,16,17",8,snorlax-stall,Snorlax Stall,322,1376,1023,401,53.92,hisuian-zoroark-vstar,Hisuian Zoroark,1,100.0,overall,2026-05-25T16:44:45.728221+00:00
BRS-SSP,"10,11,12,13,14,15,16,17",8,snorlax-stall,Snorlax Stall,322,1376,1023,401,53.92,serperior-vstar,Serperior,1,100.0,overall,2026-05-25T16:44:45.728221+00:00
BRS-SSP,"10,11,12,13,14,15,16,17",8,snorlax-stall,Snorlax Stall,322,1376,1023,401,53.92,galvantula-ex,Galvantula,1,100.0,overall,2026-05-25T16:44:45.728221+00:00
BRS-SSP,"10,11,12,13,14,15,16,17",8,snorlax-stall,Snorlax Stall,322,1376,1023,401,53.92,walking-wake-ex,Walking Wake,1,100.0,overall,2026-05-25T16:44:45.728221+00:00
BRS-SSP,"10,11,12,13,14,15,16,17",8,snorlax-stall,Snorlax Stall,322,1376,1023,401,53.92,regigigas-asr,Regis,1,33.33,overall,2026-05-25T16:44:45.728221+00:00
BRS-SSP,"10,11,12,13,14,15,16,17",8,snorlax-stall,Snorlax Stall,322,1376,1023,401,53.92,giratina-lz-box,Giratina LZ Box,1,0.0,overall,2026-05-25T16:44:45.728221+00:00
BRS-SSP,"10,11,12,13,14,15,16,17",8,snorlax-stall,Snorlax Stall,322,1376,1023,401,53.92,toedscruel-ex,Toedscruel,1,100.0,overall,2026-05-25T16:44:45.728221+00:00
BRS-SSP,"10,11,12,13,14,15,16,17",8,snorlax-stall,Snorlax Stall,322,1376,1023,401,53.92,hydrapple-ogerpon,Hydrapple Ogerpon,1,100.0,overall,2026-05-25T16:44:45.728221+00:00
BRS-SSP,"10,11,12,13,14,15,16,17",8,snorlax-stall,Snorlax Stall,322,1376,1023,401,53.92,incineroar-ex,Incineroar,1,100.0,overall,2026-05-25T16:44:45.728221+00:00
BRS-SSP,"10,11,12,13,14,15,16,17",8,snorlax-stall,Snorlax Stall,322,1376,1023,401,53.92,palafin-ex,Palafin,1,33.33,overall,2026-05-25T16:44:45.728221+00:00
BRS-SSP,"10,11,12,13,14,15,16,17",8,snorlax-stall,Snorlax Stall,322,1376,1023,401,53.92,entei-v,Entei,1,100.0,overall,2026-05-25T16:44:45.728221+00:00
BRS-SSP,"10,11,12,13,14,15,16,17",8,spidops-ex,Spidops,3,2,7,1,23.33,raging-bolt-ogerpon,Raging Bolt Ogerpon,3,0.0,overall,2026-05-25T16:44:48.169424+00:00
BRS-SSP,"10,11,12,13,14,15,16,17",8,spidops-ex,Spidops,3,2,7,1,23.33,charizard-pidgeot,Charizard Pidgeot,2,66.67,overall,2026-05-25T16:44:48.169424+00:00
BRS-SSP,"10,11,12,13,14,15,16,17",8,spidops-ex,Spidops,3,2,7,1,23.33,dragapult-pidgeot,Dragapult Pidgeot,1,100.0,overall,2026-05-25T16:44:48.169424+00:00
BRS-SSP,"10,11,12,13,14,15,16,17",8,spidops-ex,Spidops,3,2,7,1,23.33,arceus-armarouge,Arceus Armarouge,1,0.0,overall,2026-05-25T16:44:48.169424+00:00
BRS-SSP,"10,11,12,13,14,15,16,17",8,spidops-ex,Spidops,3,2,7,1,23.33,gardevoir-ex-sv,Gardevoir,1,0.0,overall,2026-05-25T16:44:48.169424+00:00
BRS-SSP,"10,11,12,13,14,15,16,17",8,spidops-ex,Spidops,3,2,7,1,23.33,miraidon-ex,Miraidon,1,0.0,overall,2026-05-25T16:44:48.169424+00:00
BRS-SSP,"10,11,12,13,14,15,16,17",8,spidops-ex,Spidops,3,2,7,1,23.33,mimikyu-ogerpon,Mimikyu Ogerpon,1,0.0,overall,2026-05-25T16:44:48.169424+00:00
BRS-SSP,"10,11,12,13,14,15,16,17",8,tera-box,Tera Box,2,2,6,0,25.0,regidrago-vstar,Regidrago,2,0.0,overall,2026-05-25T16:44:50.618118+00:00
BRS-SSP,"10,11,12,13,14,15,16,17",8,tera-box,Tera Box,2,2,6,0,25.0,dragapult-iron-thorns,Dragapult Iron Thorns,1,0.0,overall,2026-05-25T16:44:50.618118+00:00
BRS-SSP,"10,11,12,13,14,15,16,17",8,tera-box,Tera Box,2,2,6,0,25.0,lugia-archeops,Lugia Archeops,1,0.0,overall,2026-05-25T16:44:50.618118+00:00
BRS-SSP,"10,11,12,13,14,15,16,17",8,tera-box,Tera Box,2,2,6,0,25.0,hydreigon-ex,Hydreigon,1,100.0,overall,2026-05-25T16:44:50.618118+00:00
BRS-SSP,"10,11,12,13,14,15,16,17",8,tera-box,Tera Box,2,2,6,0,25.0,archaludon-ex,Archaludon,1,100.0,overall,2026-05-25T16:44:50.618118+00:00
BRS-SSP,"10,11,12,13,14,15,16,17",8,tera-box,Tera Box,2,2,6,0,25.0,pidgeot-control,Pidgeot Control,1,0.0,overall,2026-05-25T16:44:50.618118+00:00
BRS-SSP,"10,11,12,13,14,15,16,17",8,tera-box,Tera Box,2,2,6,0,25.0,dragapult-pidgeot,Dragapult Pidgeot,1,0.0,overall,2026-05-25T16:44:50.618118+00:00
BRS-SSP,"10,11,12,13,14,15,16,17",8,terapagos-noctowl,Terapagos Noctowl,316,1178,1063,366,49.87,regidrago-vstar,Regidrago,361,46.91,overall,2026-05-25T16:44:53.079457+00:00
BRS-SSP,"10,11,12,13,14,15,16,17",8,terapagos-noctowl,Terapagos Noctowl,316,1178,1063,366,49.87,charizard-pidgeot,Charizard Pidgeot,298,46.53,overall,2026-05-25T16:44:53.079457+00:00
BRS-SSP,"10,11,12,13,14,15,16,17",8,terapagos-noctowl,Terapagos Noctowl,316,1178,1063,366,49.87,raging-bolt-ogerpon,Raging Bolt Ogerpon,199,58.12,overall,2026-05-25T16:44:53.079457+00:00
BRS-SSP,"10,11,12,13,14,15,16,17",8,terapagos-noctowl,Terapagos Noctowl,316,1178,1063,366,49.87,gardevoir-ex-sv,Gardevoir,148,47.75,overall,2026-05-25T16:44:53.079457+00:00
BRS-SSP,"10,11,12,13,14,15,16,17",8,terapagos-noctowl,Terapagos Noctowl,316,1178,1063,366,49.87,gholdengo-ex,Gholdengo,126,40.74,overall,2026-05-25T16:44:53.079457+00:00
BRS-SSP,"10,11,12,13,14,15,16,17",8,terapagos-noctowl,Terapagos Noctowl,316,1178,1063,366,49.87,lugia-archeops,Lugia Archeops,124,56.72,overall,2026-05-25T16:44:53.079457+00:00
BRS-SSP,"10,11,12,13,14,15,16,17",8,terapagos-noctowl,Terapagos Noctowl,316,1178,1063,366,49.87,miraidon-ex,Miraidon,110,54.55,overall,2026-05-25T16:44:53.079457+00:00
BRS-SSP,"10,11,12,13,14,15,16,17",8,terapagos-noctowl,Terapagos Noctowl,316,1178,1063,366,49.87,lost-zone-box,Lost Zone Box,106,44.97,overall,2026-05-25T16:44:53.079457+00:00
BRS-SSP,"10,11,12,13,14,15,16,17",8,terapagos-noctowl,Terapagos Noctowl,316,1178,1063,366,49.87,poison-terapagos,Poison Terapagos,106,35.85,overall,2026-05-25T16:44:53.079457+00:00
BRS-SSP,"10,11,12,13,14,15,16,17",8,terapagos-noctowl,Terapagos Noctowl,316,1178,1063,366,49.87,roaring-moon-ex,Roaring Moon,102,50.0,overall,2026-05-25T16:44:53.079457+00:00
BRS-SSP,"10,11,12,13,14,15,16,17",8,terapagos-noctowl,Terapagos Noctowl,316,1178,1063,366,49.87,snorlax-stall,Snorlax Stall,84,61.9,overall,2026-05-25T16:44:53.079457+00:00
BRS-SSP,"10,11,12,13,14,15,16,17",8,terapagos-noctowl,Terapagos Noctowl,316,1178,1063,366,49.87,dragapult-iron-thorns,Dragapult Iron Thorns,66,61.11,overall,2026-05-25T16:44:53.079457+00:00
BRS-SSP,"10,11,12,13,14,15,16,17",8,terapagos-noctowl,Terapagos Noctowl,316,1178,1063,366,49.87,archaludon-ex,Archaludon,60,58.89,overall,2026-05-25T16:44:53.079457+00:00
BRS-SSP,"10,11,12,13,14,15,16,17",8,terapagos-noctowl,Terapagos Noctowl,316,1178,1063,366,49.87,dragapult-dusknoir,Dragapult Dusknoir,51,49.02,overall,2026-05-25T16:44:53.079457+00:00
BRS-SSP,"10,11,12,13,14,15,16,17",8,terapagos-noctowl,Terapagos Noctowl,316,1178,1063,366,49.87,archaludon-dialga,Archaludon Dialga,49,59.18,overall,2026-05-25T16:44:53.079457+00:00
BRS-SSP,"10,11,12,13,14,15,16,17",8,terapagos-noctowl,Terapagos Noctowl,316,1178,1063,366,49.87,ancient-box,Ancient Box,48,54.86,overall,2026-05-25T16:44:53.079457+00:00
BRS-SSP,"10,11,12,13,14,15,16,17",8,terapagos-noctowl,Terapagos Noctowl,316,1178,1063,366,49.87,ceruledge-ex,Ceruledge,44,37.88,overall,2026-05-25T16:44:53.079457+00:00
BRS-SSP,"10,11,12,13,14,15,16,17",8,terapagos-noctowl,Terapagos Noctowl,316,1178,1063,366,49.87,iron-thorns-ex,Iron Thorns,43,44.96,overall,2026-05-25T16:44:53.079457+00:00
BRS-SSP,"10,11,12,13,14,15,16,17",8,terapagos-noctowl,Terapagos Noctowl,316,1178,1063,366,49.87,terapagos-noctowl,Terapagos Noctowl,40,46.25,overall,2026-05-25T16:44:53.079457+00:00
BRS-SSP,"10,11,12,13,14,15,16,17",8,terapagos-noctowl,Terapagos Noctowl,316,1178,1063,366,49.87,palkia-noctowl,Palkia Noctowl,34,35.29,overall,2026-05-25T16:44:53.079457+00:00
BRS-SSP,"10,11,12,13,14,15,16,17",8,terapagos-noctowl,Terapagos Noctowl,316,1178,1063,366,49.87,pidgeot-control,Pidgeot Control,32,57.29,overall,2026-05-25T16:44:53.079457+00:00
BRS-SSP,"10,11,12,13,14,15,16,17",8,terapagos-noctowl,Terapagos Noctowl,316,1178,1063,366,49.87,palkia-dusknoir,Palkia Dusknoir,32,30.21,overall,2026-05-25T16:44:53.079457+00:00
BRS-SSP,"10,11,12,13,14,15,16,17",8,terapagos-noctowl,Terapagos Noctowl,316,1178,1063,366,49.87,hydreigon-ex,Hydreigon,29,56.32,overall,2026-05-25T16:44:53.079457+00:00
BRS-SSP,"10,11,12,13,14,15,16,17",8,terapagos-noctowl,Terapagos Noctowl,316,1178,1063,366,49.87,other,Other,22,65.15,overall,2026-05-25T16:44:53.079457+00:00
BRS-SSP,"10,11,12,13,14,15,16,17",8,terapagos-noctowl,Terapagos Noctowl,316,1178,1063,366,49.87,dragapult-pidgeot,Dragapult Pidgeot,17,47.06,overall,2026-05-25T16:44:53.079457+00:00
BRS-SSP,"10,11,12,13,14,15,16,17",8,terapagos-noctowl,Terapagos Noctowl,316,1178,1063,366,49.87,mimikyu-ogerpon,Mimikyu Ogerpon,16,79.17,overall,2026-05-25T16:44:53.079457+00:00
BRS-SSP,"10,11,12,13,14,15,16,17",8,terapagos-noctowl,Terapagos Noctowl,316,1178,1063,366,49.87,gouging-fire-ex,Gouging Fire,15,60.0,overall,2026-05-25T16:44:53.079457+00:00
BRS-SSP,"10,11,12,13,14,15,16,17",8,terapagos-noctowl,Terapagos Noctowl,316,1178,1063,366,49.87,chien-pao-baxcalibur,Chien-Pao Baxcalibur,15,53.33,overall,2026-05-25T16:44:53.079457+00:00
BRS-SSP,"10,11,12,13,14,15,16,17",8,terapagos-noctowl,Terapagos Noctowl,316,1178,1063,366,49.87,charizard-noctowl,Charizard Noctowl,14,47.62,overall,2026-05-25T16:44:53.079457+00:00
BRS-SSP,"10,11,12,13,14,15,16,17",8,terapagos-noctowl,Terapagos Noctowl,316,1178,1063,366,49.87,pikachu-regigigas,Pikachu Regis,12,44.44,overall,2026-05-25T16:44:53.079457+00:00
BRS-SSP,"10,11,12,13,14,15,16,17",8,terapagos-noctowl,Terapagos Noctowl,316,1178,1063,366,49.87,dragapult-charizard,Dragapult Charizard,12,58.33,overall,2026-05-25T16:44:53.079457+00:00
BRS-SSP,"10,11,12,13,14,15,16,17",8,terapagos-noctowl,Terapagos Noctowl,316,1178,1063,366,49.87,klawf-par,Klawf,10,53.33,overall,2026-05-25T16:44:53.079457+00:00
BRS-SSP,"10,11,12,13,14,15,16,17",8,terapagos-noctowl,Terapagos Noctowl,316,1178,1063,366,49.87,banette-gardevoir,Banette Gardevoir,9,40.74,overall,2026-05-25T16:44:53.079457+00:00
BRS-SSP,"10,11,12,13,14,15,16,17",8,terapagos-noctowl,Terapagos Noctowl,316,1178,1063,366,49.87,charizard-ex,Charizard,7,76.19,overall,2026-05-25T16:44:53.079457+00:00
BRS-SSP,"10,11,12,13,14,15,16,17",8,terapagos-noctowl,Terapagos Noctowl,316,1178,1063,366,49.87,dragapult-ex,Dragapult,7,52.38,overall,2026-05-25T16:44:53.079457+00:00
BRS-SSP,"10,11,12,13,14,15,16,17",8,terapagos-noctowl,Terapagos Noctowl,316,1178,1063,366,49.87,ogerpon-noivern,Ogerpon Noivern,6,61.11,overall,2026-05-25T16:44:53.079457+00:00
BRS-SSP,"10,11,12,13,14,15,16,17",8,terapagos-noctowl,Terapagos Noctowl,316,1178,1063,366,49.87,great-tusk-tef,Great Tusk Mill,5,60.0,overall,2026-05-25T16:44:53.079457+00:00
BRS-SSP,"10,11,12,13,14,15,16,17",8,terapagos-noctowl,Terapagos Noctowl,316,1178,1063,366,49.87,okidogi-ex,Okidogi,4,75.0,overall,2026-05-25T16:44:53.079457+00:00
BRS-SSP,"10,11,12,13,14,15,16,17",8,terapagos-noctowl,Terapagos Noctowl,316,1178,1063,366,49.87,flygon-ex-ssp,Flygon,4,50.0,overall,2026-05-25T16:44:53.079457+00:00
BRS-SSP,"10,11,12,13,14,15,16,17",8,terapagos-noctowl,Terapagos Noctowl,316,1178,1063,366,49.87,festival-lead,Dipplin,4,83.33,overall,2026-05-25T16:44:53.079457+00:00
BRS-SSP,"10,11,12,13,14,15,16,17",8,terapagos-noctowl,Terapagos Noctowl,316,1178,1063,366,49.87,greninja-ex,Greninja,4,25.0,overall,2026-05-25T16:44:53.079457+00:00
BRS-SSP,"10,11,12,13,14,15,16,17",8,terapagos-noctowl,Terapagos Noctowl,316,1178,1063,366,49.87,dialga-metang,Dialga Metang,4,33.33,overall,2026-05-25T16:44:53.079457+00:00
BRS-SSP,"10,11,12,13,14,15,16,17",8,terapagos-noctowl,Terapagos Noctowl,316,1178,1063,366,49.87,united-wings,United Wings,4,58.33,overall,2026-05-25T16:44:53.079457+00:00
BRS-SSP,"10,11,12,13,14,15,16,17",8,terapagos-noctowl,Terapagos Noctowl,316,1178,1063,366,49.87,gengar-ex,Gengar,3,66.67,overall,2026-05-25T16:44:53.079457+00:00
BRS-SSP,"10,11,12,13,14,15,16,17",8,terapagos-noctowl,Terapagos Noctowl,316,1178,1063,366,49.87,arceus-armarouge,Arceus Armarouge,3,44.44,overall,2026-05-25T16:44:53.079457+00:00
BRS-SSP,"10,11,12,13,14,15,16,17",8,terapagos-noctowl,Terapagos Noctowl,316,1178,1063,366,49.87,conkeldurr-twm,Conkeldurr,3,33.33,overall,2026-05-25T16:44:53.079457+00:00
BRS-SSP,"10,11,12,13,14,15,16,17",8,terapagos-noctowl,Terapagos Noctowl,316,1178,1063,366,49.87,future-box,Future Box,3,77.78,overall,2026-05-25T16:44:53.079457+00:00
BRS-SSP,"10,11,12,13,14,15,16,17",8,terapagos-noctowl,Terapagos Noctowl,316,1178,1063,366,49.87,hydrapple-ogerpon,Hydrapple Ogerpon,3,44.44,overall,2026-05-25T16:44:53.079457+00:00
BRS-SSP,"10,11,12,13,14,15,16,17",8,terapagos-noctowl,Terapagos Noctowl,316,1178,1063,366,49.87,raging-bolt-entei,Raging Bolt Entei,3,33.33,overall,2026-05-25T16:44:53.079457+00:00
BRS-SSP,"10,11,12,13,14,15,16,17",8,terapagos-noctowl,Terapagos Noctowl,316,1178,1063,366,49.87,blissey-ex,Blissey,2,66.67,overall,2026-05-25T16:44:53.079457+00:00
BRS-SSP,"10,11,12,13,14,15,16,17",8,terapagos-noctowl,Terapagos Noctowl,316,1178,1063,366,49.87,cornerstone-mask-ogerpon-ex,Cornerstone Mask Ogerpon,2,33.33,overall,2026-05-25T16:44:53.079457+00:00
BRS-SSP,"10,11,12,13,14,15,16,17",8,terapagos-noctowl,Terapagos Noctowl,316,1178,1063,366,49.87,lzb-charizard,Lost Box Charizard,2,100.0,overall,2026-05-25T16:44:53.079457+00:00
BRS-SSP,"10,11,12,13,14,15,16,17",8,terapagos-noctowl,Terapagos Noctowl,316,1178,1063,366,49.87,froslass-munkidori,Froslass Munkidori,2,66.67,overall,2026-05-25T16:44:53.079457+00:00
BRS-SSP,"10,11,12,13,14,15,16,17",8,terapagos-noctowl,Terapagos Noctowl,316,1178,1063,366,49.87,greninja-froslass,Greninja Froslass,2,0.0,overall,2026-05-25T16:44:53.079457+00:00
BRS-SSP,"10,11,12,13,14,15,16,17",8,terapagos-noctowl,Terapagos Noctowl,316,1178,1063,366,49.87,dragapult-lz-box,Dragapult LZ Box,2,50.0,overall,2026-05-25T16:44:53.079457+00:00
BRS-SSP,"10,11,12,13,14,15,16,17",8,terapagos-noctowl,Terapagos Noctowl,316,1178,1063,366,49.87,galvantula-ex,Galvantula,2,50.0,overall,2026-05-25T16:44:53.079457+00:00
BRS-SSP,"10,11,12,13,14,15,16,17",8,terapagos-noctowl,Terapagos Noctowl,316,1178,1063,366,49.87,giratina-lz-box,Giratina LZ Box,2,66.67,overall,2026-05-25T16:44:53.079457+00:00
BRS-SSP,"10,11,12,13,14,15,16,17",8,terapagos-noctowl,Terapagos Noctowl,316,1178,1063,366,49.87,espathra-xatu,Espathra Xatu,2,100.0,overall,2026-05-25T16:44:53.079457+00:00
BRS-SSP,"10,11,12,13,14,15,16,17",8,terapagos-noctowl,Terapagos Noctowl,316,1178,1063,366,49.87,slowking-scr,Slowking,2,66.67,overall,2026-05-25T16:44:53.079457+00:00
BRS-SSP,"10,11,12,13,14,15,16,17",8,terapagos-noctowl,Terapagos Noctowl,316,1178,1063,366,49.87,iron-hands-ex,Future Hands,2,0.0,overall,2026-05-25T16:44:53.079457+00:00
BRS-SSP,"10,11,12,13,14,15,16,17",8,terapagos-noctowl,Terapagos Noctowl,316,1178,1063,366,49.87,arceus-giratina,Arceus Giratina,2,50.0,overall,2026-05-25T16:44:53.079457+00:00
BRS-SSP,"10,11,12,13,14,15,16,17",8,terapagos-noctowl,Terapagos Noctowl,316,1178,1063,366,49.87,arceus-vstar,Arceus,1,100.0,overall,2026-05-25T16:44:53.079457+00:00
BRS-SSP,"10,11,12,13,14,15,16,17",8,terapagos-noctowl,Terapagos Noctowl,316,1178,1063,366,49.87,palafin-ex,Palafin,1,0.0,overall,2026-05-25T16:44:53.079457+00:00
BRS-SSP,"10,11,12,13,14,15,16,17",8,terapagos-noctowl,Terapagos Noctowl,316,1178,1063,366,49.87,iron-thorns-crown,Future Thorns,1,100.0,overall,2026-05-25T16:44:53.079457+00:00
BRS-SSP,"10,11,12,13,14,15,16,17",8,terapagos-noctowl,Terapagos Noctowl,316,1178,1063,366,49.87,tsareena-ex,Tsareena,1,100.0,overall,2026-05-25T16:44:53.079457+00:00
BRS-SSP,"10,11,12,13,14,15,16,17",8,terapagos-noctowl,Terapagos Noctowl,316,1178,1063,366,49.87,noivern-ex,Noivern,1,100.0,overall,2026-05-25T16:44:53.079457+00:00
BRS-SSP,"10,11,12,13,14,15,16,17",8,terapagos-noctowl,Terapagos Noctowl,316,1178,1063,366,49.87,lucario-brs,Lucario,1,33.33,overall,2026-05-25T16:44:53.079457+00:00
BRS-SSP,"10,11,12,13,14,15,16,17",8,terapagos-noctowl,Terapagos Noctowl,316,1178,1063,366,49.87,palkia-vstar,Palkia,1,100.0,overall,2026-05-25T16:44:53.079457+00:00
BRS-SSP,"10,11,12,13,14,15,16,17",8,terapagos-noctowl,Terapagos Noctowl,316,1178,1063,366,49.87,banette-ex-sv,Banette,1,0.0,overall,2026-05-25T16:44:53.079457+00:00
BRS-SSP,"10,11,12,13,14,15,16,17",8,terapagos-noctowl,Terapagos Noctowl,316,1178,1063,366,49.87,garchomp-ex,Garchomp,1,33.33,overall,2026-05-25T16:44:53.079457+00:00
BRS-SSP,"10,11,12,13,14,15,16,17",8,terapagos-noctowl,Terapagos Noctowl,316,1178,1063,366,49.87,torterra-ex,Torterra,1,33.33,overall,2026-05-25T16:44:53.079457+00:00
BRS-SSP,"10,11,12,13,14,15,16,17",8,terapagos-noctowl,Terapagos Noctowl,316,1178,1063,366,49.87,raging-bolt-palkia,Raging Bolt Palkia,1,0.0,overall,2026-05-25T16:44:53.079457+00:00
BRS-SSP,"10,11,12,13,14,15,16,17",8,terapagos-noctowl,Terapagos Noctowl,316,1178,1063,366,49.87,miraidon-regieleki,Miraidon Regieleki,1,100.0,overall,2026-05-25T16:44:53.079457+00:00
BRS-SSP,"10,11,12,13,14,15,16,17",8,terapagos-noctowl,Terapagos Noctowl,316,1178,1063,366,49.87,iron-valiant-ex,Iron Valiant,1,100.0,overall,2026-05-25T16:44:53.079457+00:00
BRS-SSP,"10,11,12,13,14,15,16,17",8,terapagos-noctowl,Terapagos Noctowl,316,1178,1063,366,49.87,hydrapple-ex,Hydrapple,1,100.0,overall,2026-05-25T16:44:53.079457+00:00
BRS-SSP,"10,11,12,13,14,15,16,17",8,terapagos-noctowl,Terapagos Noctowl,316,1178,1063,366,49.87,hisuian-zoroark-vstar,Hisuian Zoroark,1,100.0,overall,2026-05-25T16:44:53.079457+00:00
BRS-SSP,"10,11,12,13,14,15,16,17",8,terapagos-noctowl,Terapagos Noctowl,316,1178,1063,366,49.87,azumarill-ssp,Azumarill,1,100.0,overall,2026-05-25T16:44:53.079457+00:00
BRS-SSP,"10,11,12,13,14,15,16,17",8,terapagos-noctowl,Terapagos Noctowl,316,1178,1063,366,49.87,scovillain-ex,Scovillain,1,33.33,overall,2026-05-25T16:44:53.079457+00:00
BRS-SSP,"10,11,12,13,14,15,16,17",8,terapagos-noctowl,Terapagos Noctowl,316,1178,1063,366,49.87,rotom-v,Rotom,1,100.0,overall,2026-05-25T16:44:53.079457+00:00
BRS-SSP,"10,11,12,13,14,15,16,17",8,terapagos-noctowl,Terapagos Noctowl,316,1178,1063,366,49.87,walking-wake-ex,Walking Wake,1,0.0,overall,2026-05-25T16:44:53.079457+00:00
BRS-SSP,"10,11,12,13,14,15,16,17",8,terapagos-noctowl,Terapagos Noctowl,316,1178,1063,366,49.87,toedscruel-ex,Toedscruel,1,0.0,overall,2026-05-25T16:44:53.079457+00:00
BRS-SSP,"10,11,12,13,14,15,16,17",8,terapagos-noctowl,Terapagos Noctowl,316,1178,1063,366,49.87,milotic-ex,Milotic,1,0.0,overall,2026-05-25T16:44:53.079457+00:00
BRS-SSP,"10,11,12,13,14,15,16,17",8,terapagos-noctowl,Terapagos Noctowl,316,1178,1063,366,49.87,venomoth-froslass,Venomoth Froslass,1,100.0,overall,2026-05-25T16:44:53.079457+00:00
BRS-SSP,"10,11,12,13,14,15,16,17",8,terapagos-noctowl,Terapagos Noctowl,316,1178,1063,366,49.87,tyranitar-ex,Tyranitar,1,0.0,overall,2026-05-25T16:44:53.079457+00:00
BRS-SSP,"10,11,12,13,14,15,16,17",8,terapagos-noctowl,Terapagos Noctowl,316,1178,1063,366,49.87,entei-v,Entei,1,100.0,overall,2026-05-25T16:44:53.079457+00:00
BRS-SSP,"10,11,12,13,14,15,16,17",8,tinkaton-ex,Tinkaton,8,17,35,11,32.8,charizard-pidgeot,Charizard Pidgeot,9,59.26,overall,2026-05-25T16:44:55.521510+00:00
BRS-SSP,"10,11,12,13,14,15,16,17",8,tinkaton-ex,Tinkaton,8,17,35,11,32.8,regidrago-vstar,Regidrago,8,16.67,overall,2026-05-25T16:44:55.521510+00:00
BRS-SSP,"10,11,12,13,14,15,16,17",8,tinkaton-ex,Tinkaton,8,17,35,11,32.8,gholdengo-ex,Gholdengo,6,27.78,overall,2026-05-25T16:44:55.521510+00:00
BRS-SSP,"10,11,12,13,14,15,16,17",8,tinkaton-ex,Tinkaton,8,17,35,11,32.8,raging-bolt-ogerpon,Raging Bolt Ogerpon,4,8.33,overall,2026-05-25T16:44:55.521510+00:00
BRS-SSP,"10,11,12,13,14,15,16,17",8,tinkaton-ex,Tinkaton,8,17,35,11,32.8,gardevoir-ex-sv,Gardevoir,4,58.33,overall,2026-05-25T16:44:55.521510+00:00
BRS-SSP,"10,11,12,13,14,15,16,17",8,tinkaton-ex,Tinkaton,8,17,35,11,32.8,poison-terapagos,Poison Terapagos,3,0.0,overall,2026-05-25T16:44:55.521510+00:00
BRS-SSP,"10,11,12,13,14,15,16,17",8,tinkaton-ex,Tinkaton,8,17,35,11,32.8,roaring-moon-ex,Roaring Moon,3,33.33,overall,2026-05-25T16:44:55.521510+00:00
BRS-SSP,"10,11,12,13,14,15,16,17",8,tinkaton-ex,Tinkaton,8,17,35,11,32.8,miraidon-ex,Miraidon,3,66.67,overall,2026-05-25T16:44:55.521510+00:00
BRS-SSP,"10,11,12,13,14,15,16,17",8,tinkaton-ex,Tinkaton,8,17,35,11,32.8,ancient-box,Ancient Box,2,50.0,overall,2026-05-25T16:44:55.521510+00:00
BRS-SSP,"10,11,12,13,14,15,16,17",8,tinkaton-ex,Tinkaton,8,17,35,11,32.8,other,Other,2,50.0,overall,2026-05-25T16:44:55.521510+00:00
BRS-SSP,"10,11,12,13,14,15,16,17",8,tinkaton-ex,Tinkaton,8,17,35,11,32.8,palkia-noctowl,Palkia Noctowl,2,66.67,overall,2026-05-25T16:44:55.521510+00:00
BRS-SSP,"10,11,12,13,14,15,16,17",8,tinkaton-ex,Tinkaton,8,17,35,11,32.8,lugia-archeops,Lugia Archeops,2,0.0,overall,2026-05-25T16:44:55.521510+00:00
BRS-SSP,"10,11,12,13,14,15,16,17",8,tinkaton-ex,Tinkaton,8,17,35,11,32.8,dragapult-iron-thorns,Dragapult Iron Thorns,2,16.67,overall,2026-05-25T16:44:55.521510+00:00
BRS-SSP,"10,11,12,13,14,15,16,17",8,tinkaton-ex,Tinkaton,8,17,35,11,32.8,archaludon-ex,Archaludon,2,0.0,overall,2026-05-25T16:44:55.521510+00:00
BRS-SSP,"10,11,12,13,14,15,16,17",8,tinkaton-ex,Tinkaton,8,17,35,11,32.8,ogerpon-noivern,Ogerpon Noivern,1,100.0,overall,2026-05-25T16:44:55.521510+00:00
BRS-SSP,"10,11,12,13,14,15,16,17",8,tinkaton-ex,Tinkaton,8,17,35,11,32.8,palkia-dusknoir,Palkia Dusknoir,1,33.33,overall,2026-05-25T16:44:55.521510+00:00
BRS-SSP,"10,11,12,13,14,15,16,17",8,tinkaton-ex,Tinkaton,8,17,35,11,32.8,archaludon-dialga,Archaludon Dialga,1,0.0,overall,2026-05-25T16:44:55.521510+00:00
BRS-SSP,"10,11,12,13,14,15,16,17",8,tinkaton-ex,Tinkaton,8,17,35,11,32.8,charizard-ex,Charizard,1,33.33,overall,2026-05-25T16:44:55.521510+00:00
BRS-SSP,"10,11,12,13,14,15,16,17",8,tinkaton-ex,Tinkaton,8,17,35,11,32.8,pikachu-regigigas,Pikachu Regis,1,0.0,overall,2026-05-25T16:44:55.521510+00:00
BRS-SSP,"10,11,12,13,14,15,16,17",8,tinkaton-ex,Tinkaton,8,17,35,11,32.8,ceruledge-ex,Ceruledge,1,33.33,overall,2026-05-25T16:44:55.521510+00:00
BRS-SSP,"10,11,12,13,14,15,16,17",8,tinkaton-ex,Tinkaton,8,17,35,11,32.8,gengar-ex,Gengar,1,100.0,overall,2026-05-25T16:44:55.521510+00:00
BRS-SSP,"10,11,12,13,14,15,16,17",8,tinkaton-ex,Tinkaton,8,17,35,11,32.8,dragapult-charizard,Dragapult Charizard,1,0.0,overall,2026-05-25T16:44:55.521510+00:00
BRS-SSP,"10,11,12,13,14,15,16,17",8,tinkaton-ex,Tinkaton,8,17,35,11,32.8,lost-zone-box,Lost Zone Box,1,0.0,overall,2026-05-25T16:44:55.521510+00:00
BRS-SSP,"10,11,12,13,14,15,16,17",8,tinkaton-ex,Tinkaton,8,17,35,11,32.8,hydreigon-ex,Hydreigon,1,0.0,overall,2026-05-25T16:44:55.521510+00:00
BRS-SSP,"10,11,12,13,14,15,16,17",8,toedscruel-ex,Toedscruel,5,10,22,7,31.62,regidrago-vstar,Regidrago,4,0.0,overall,2026-05-25T16:44:57.969801+00:00
BRS-SSP,"10,11,12,13,14,15,16,17",8,toedscruel-ex,Toedscruel,5,10,22,7,31.62,charizard-pidgeot,Charizard Pidgeot,4,50.0,overall,2026-05-25T16:44:57.969801+00:00
BRS-SSP,"10,11,12,13,14,15,16,17",8,toedscruel-ex,Toedscruel,5,10,22,7,31.62,raging-bolt-ogerpon,Raging Bolt Ogerpon,4,16.67,overall,2026-05-25T16:44:57.969801+00:00
BRS-SSP,"10,11,12,13,14,15,16,17",8,toedscruel-ex,Toedscruel,5,10,22,7,31.62,klawf-par,Klawf,3,22.22,overall,2026-05-25T16:44:57.969801+00:00
BRS-SSP,"10,11,12,13,14,15,16,17",8,toedscruel-ex,Toedscruel,5,10,22,7,31.62,gholdengo-ex,Gholdengo,2,0.0,overall,2026-05-25T16:44:57.969801+00:00
BRS-SSP,"10,11,12,13,14,15,16,17",8,toedscruel-ex,Toedscruel,5,10,22,7,31.62,lugia-archeops,Lugia Archeops,2,100.0,overall,2026-05-25T16:44:57.969801+00:00
BRS-SSP,"10,11,12,13,14,15,16,17",8,toedscruel-ex,Toedscruel,5,10,22,7,31.62,dragapult-iron-thorns,Dragapult Iron Thorns,2,50.0,overall,2026-05-25T16:44:57.969801+00:00
BRS-SSP,"10,11,12,13,14,15,16,17",8,toedscruel-ex,Toedscruel,5,10,22,7,31.62,archaludon-dialga,Archaludon Dialga,2,0.0,overall,2026-05-25T16:44:57.969801+00:00
BRS-SSP,"10,11,12,13,14,15,16,17",8,toedscruel-ex,Toedscruel,5,10,22,7,31.62,ceruledge-ex,Ceruledge,2,0.0,overall,2026-05-25T16:44:57.969801+00:00
BRS-SSP,"10,11,12,13,14,15,16,17",8,toedscruel-ex,Toedscruel,5,10,22,7,31.62,dialga-metang,Dialga Metang,1,0.0,overall,2026-05-25T16:44:57.969801+00:00
BRS-SSP,"10,11,12,13,14,15,16,17",8,toedscruel-ex,Toedscruel,5,10,22,7,31.62,ogerpon-noivern,Ogerpon Noivern,1,100.0,overall,2026-05-25T16:44:57.969801+00:00
BRS-SSP,"10,11,12,13,14,15,16,17",8,toedscruel-ex,Toedscruel,5,10,22,7,31.62,chien-pao-baxcalibur,Chien-Pao Baxcalibur,1,100.0,overall,2026-05-25T16:44:57.969801+00:00
BRS-SSP,"10,11,12,13,14,15,16,17",8,toedscruel-ex,Toedscruel,5,10,22,7,31.62,banette-gardevoir,Banette Gardevoir,1,100.0,overall,2026-05-25T16:44:57.969801+00:00
BRS-SSP,"10,11,12,13,14,15,16,17",8,toedscruel-ex,Toedscruel,5,10,22,7,31.62,iron-thorns-ex,Iron Thorns,1,0.0,overall,2026-05-25T16:44:57.969801+00:00
BRS-SSP,"10,11,12,13,14,15,16,17",8,toedscruel-ex,Toedscruel,5,10,22,7,31.62,lost-zone-box,Lost Zone Box,1,0.0,overall,2026-05-25T16:44:57.969801+00:00
BRS-SSP,"10,11,12,13,14,15,16,17",8,toedscruel-ex,Toedscruel,5,10,22,7,31.62,galvantula-ex,Galvantula,1,33.33,overall,2026-05-25T16:44:57.969801+00:00
BRS-SSP,"10,11,12,13,14,15,16,17",8,toedscruel-ex,Toedscruel,5,10,22,7,31.62,greninja-ex,Greninja,1,33.33,overall,2026-05-25T16:44:57.969801+00:00
BRS-SSP,"10,11,12,13,14,15,16,17",8,toedscruel-ex,Toedscruel,5,10,22,7,31.62,snorlax-stall,Snorlax Stall,1,0.0,overall,2026-05-25T16:44:57.969801+00:00
BRS-SSP,"10,11,12,13,14,15,16,17",8,toedscruel-ex,Toedscruel,5,10,22,7,31.62,pidgeot-control,Pidgeot Control,1,0.0,overall,2026-05-25T16:44:57.969801+00:00
BRS-SSP,"10,11,12,13,14,15,16,17",8,toedscruel-ex,Toedscruel,5,10,22,7,31.62,other,Other,1,33.33,overall,2026-05-25T16:44:57.969801+00:00
BRS-SSP,"10,11,12,13,14,15,16,17",8,toedscruel-ex,Toedscruel,5,10,22,7,31.62,terapagos-noctowl,Terapagos Noctowl,1,100.0,overall,2026-05-25T16:44:57.969801+00:00
BRS-SSP,"10,11,12,13,14,15,16,17",8,toedscruel-ex,Toedscruel,5,10,22,7,31.62,gardevoir-ex-sv,Gardevoir,1,0.0,overall,2026-05-25T16:44:57.969801+00:00
BRS-SSP,"10,11,12,13,14,15,16,17",8,toedscruel-ex,Toedscruel,5,10,22,7,31.62,miraidon-ex,Miraidon,1,100.0,overall,2026-05-25T16:44:57.969801+00:00
BRS-SSP,"10,11,12,13,14,15,16,17",8,torterra-ex,Torterra,6,12,26,5,31.78,raging-bolt-ogerpon,Raging Bolt Ogerpon,5,6.67,overall,2026-05-25T16:45:00.630485+00:00
BRS-SSP,"10,11,12,13,14,15,16,17",8,torterra-ex,Torterra,6,12,26,5,31.78,charizard-pidgeot,Charizard Pidgeot,3,0.0,overall,2026-05-25T16:45:00.630485+00:00
BRS-SSP,"10,11,12,13,14,15,16,17",8,torterra-ex,Torterra,6,12,26,5,31.78,miraidon-ex,Miraidon,3,33.33,overall,2026-05-25T16:45:00.630485+00:00
BRS-SSP,"10,11,12,13,14,15,16,17",8,torterra-ex,Torterra,6,12,26,5,31.78,chien-pao-baxcalibur,Chien-Pao Baxcalibur,3,0.0,overall,2026-05-25T16:45:00.630485+00:00
BRS-SSP,"10,11,12,13,14,15,16,17",8,torterra-ex,Torterra,6,12,26,5,31.78,lost-zone-box,Lost Zone Box,3,55.56,overall,2026-05-25T16:45:00.630485+00:00
BRS-SSP,"10,11,12,13,14,15,16,17",8,torterra-ex,Torterra,6,12,26,5,31.78,regidrago-vstar,Regidrago,3,33.33,overall,2026-05-25T16:45:00.630485+00:00
BRS-SSP,"10,11,12,13,14,15,16,17",8,torterra-ex,Torterra,6,12,26,5,31.78,hydreigon-ex,Hydreigon,2,50.0,overall,2026-05-25T16:45:00.630485+00:00
BRS-SSP,"10,11,12,13,14,15,16,17",8,torterra-ex,Torterra,6,12,26,5,31.78,mimikyu-ogerpon,Mimikyu Ogerpon,2,100.0,overall,2026-05-25T16:45:00.630485+00:00
BRS-SSP,"10,11,12,13,14,15,16,17",8,torterra-ex,Torterra,6,12,26,5,31.78,ceruledge-ex,Ceruledge,2,0.0,overall,2026-05-25T16:45:00.630485+00:00
BRS-SSP,"10,11,12,13,14,15,16,17",8,torterra-ex,Torterra,6,12,26,5,31.78,gouging-fire-ex,Gouging Fire,2,0.0,overall,2026-05-25T16:45:00.630485+00:00
BRS-SSP,"10,11,12,13,14,15,16,17",8,torterra-ex,Torterra,6,12,26,5,31.78,gardevoir-ex-sv,Gardevoir,2,50.0,overall,2026-05-25T16:45:00.630485+00:00
BRS-SSP,"10,11,12,13,14,15,16,17",8,torterra-ex,Torterra,6,12,26,5,31.78,pidgeot-control,Pidgeot Control,1,0.0,overall,2026-05-25T16:45:00.630485+00:00
BRS-SSP,"10,11,12,13,14,15,16,17",8,torterra-ex,Torterra,6,12,26,5,31.78,galvantula-ex,Galvantula,1,0.0,overall,2026-05-25T16:45:00.630485+00:00
BRS-SSP,"10,11,12,13,14,15,16,17",8,torterra-ex,Torterra,6,12,26,5,31.78,snorlax-stall,Snorlax Stall,1,0.0,overall,2026-05-25T16:45:00.630485+00:00
BRS-SSP,"10,11,12,13,14,15,16,17",8,torterra-ex,Torterra,6,12,26,5,31.78,aegislash-par,Aegislash,1,100.0,overall,2026-05-25T16:45:00.630485+00:00
BRS-SSP,"10,11,12,13,14,15,16,17",8,torterra-ex,Torterra,6,12,26,5,31.78,other,Other,1,33.33,overall,2026-05-25T16:45:00.630485+00:00
BRS-SSP,"10,11,12,13,14,15,16,17",8,torterra-ex,Torterra,6,12,26,5,31.78,festival-lead,Dipplin,1,0.0,overall,2026-05-25T16:45:00.630485+00:00
BRS-SSP,"10,11,12,13,14,15,16,17",8,torterra-ex,Torterra,6,12,26,5,31.78,dragapult-dusknoir,Dragapult Dusknoir,1,0.0,overall,2026-05-25T16:45:00.630485+00:00
BRS-SSP,"10,11,12,13,14,15,16,17",8,torterra-ex,Torterra,6,12,26,5,31.78,roaring-moon-ex,Roaring Moon,1,0.0,overall,2026-05-25T16:45:00.630485+00:00
BRS-SSP,"10,11,12,13,14,15,16,17",8,torterra-ex,Torterra,6,12,26,5,31.78,terapagos-noctowl,Terapagos Noctowl,1,33.33,overall,2026-05-25T16:45:00.630485+00:00
BRS-SSP,"10,11,12,13,14,15,16,17",8,torterra-ex,Torterra,6,12,26,5,31.78,koraidon-ex,Koraidon,1,100.0,overall,2026-05-25T16:45:00.630485+00:00
BRS-SSP,"10,11,12,13,14,15,16,17",8,torterra-ex,Torterra,6,12,26,5,31.78,giratina-lz-box,Giratina LZ Box,1,100.0,overall,2026-05-25T16:45:00.630485+00:00
BRS-SSP,"10,11,12,13,14,15,16,17",8,torterra-ex,Torterra,6,12,26,5,31.78,iron-thorns-ex,Iron Thorns,1,100.0,overall,2026-05-25T16:45:00.630485+00:00
BRS-SSP,"10,11,12,13,14,15,16,17",8,torterra-ex,Torterra,6,12,26,5,31.78,venomoth-froslass,Venomoth Froslass,1,100.0,overall,2026-05-25T16:45:00.630485+00:00
BRS-SSP,"10,11,12,13,14,15,16,17",8,tsareena-ex,Tsareena,18,36,68,23,34.38,regidrago-vstar,Regidrago,17,39.22,overall,2026-05-25T16:45:03.134969+00:00
BRS-SSP,"10,11,12,13,14,15,16,17",8,tsareena-ex,Tsareena,18,36,68,23,34.38,charizard-pidgeot,Charizard Pidgeot,16,66.67,overall,2026-05-25T16:45:03.134969+00:00
BRS-SSP,"10,11,12,13,14,15,16,17",8,tsareena-ex,Tsareena,18,36,68,23,34.38,raging-bolt-ogerpon,Raging Bolt Ogerpon,16,37.5,overall,2026-05-25T16:45:03.134969+00:00
BRS-SSP,"10,11,12,13,14,15,16,17",8,tsareena-ex,Tsareena,18,36,68,23,34.38,gholdengo-ex,Gholdengo,11,24.24,overall,2026-05-25T16:45:03.134969+00:00
BRS-SSP,"10,11,12,13,14,15,16,17",8,tsareena-ex,Tsareena,18,36,68,23,34.38,gardevoir-ex-sv,Gardevoir,7,19.05,overall,2026-05-25T16:45:03.134969+00:00
BRS-SSP,"10,11,12,13,14,15,16,17",8,tsareena-ex,Tsareena,18,36,68,23,34.38,ancient-box,Ancient Box,6,5.56,overall,2026-05-25T16:45:03.134969+00:00
BRS-SSP,"10,11,12,13,14,15,16,17",8,tsareena-ex,Tsareena,18,36,68,23,34.38,miraidon-ex,Miraidon,4,16.67,overall,2026-05-25T16:45:03.134969+00:00
BRS-SSP,"10,11,12,13,14,15,16,17",8,tsareena-ex,Tsareena,18,36,68,23,34.38,lugia-archeops,Lugia Archeops,4,8.33,overall,2026-05-25T16:45:03.134969+00:00
BRS-SSP,"10,11,12,13,14,15,16,17",8,tsareena-ex,Tsareena,18,36,68,23,34.38,snorlax-stall,Snorlax Stall,4,25.0,overall,2026-05-25T16:45:03.134969+00:00
BRS-SSP,"10,11,12,13,14,15,16,17",8,tsareena-ex,Tsareena,18,36,68,23,34.38,archaludon-dialga,Archaludon Dialga,4,0.0,overall,2026-05-25T16:45:03.134969+00:00
BRS-SSP,"10,11,12,13,14,15,16,17",8,tsareena-ex,Tsareena,18,36,68,23,34.38,dragapult-pidgeot,Dragapult Pidgeot,3,0.0,overall,2026-05-25T16:45:03.134969+00:00
BRS-SSP,"10,11,12,13,14,15,16,17",8,tsareena-ex,Tsareena,18,36,68,23,34.38,hydreigon-ex,Hydreigon,3,77.78,overall,2026-05-25T16:45:03.134969+00:00
BRS-SSP,"10,11,12,13,14,15,16,17",8,tsareena-ex,Tsareena,18,36,68,23,34.38,poison-terapagos,Poison Terapagos,3,0.0,overall,2026-05-25T16:45:03.134969+00:00
BRS-SSP,"10,11,12,13,14,15,16,17",8,tsareena-ex,Tsareena,18,36,68,23,34.38,iron-thorns-ex,Iron Thorns,3,44.44,overall,2026-05-25T16:45:03.134969+00:00
BRS-SSP,"10,11,12,13,14,15,16,17",8,tsareena-ex,Tsareena,18,36,68,23,34.38,archaludon-ex,Archaludon,3,0.0,overall,2026-05-25T16:45:03.134969+00:00
BRS-SSP,"10,11,12,13,14,15,16,17",8,tsareena-ex,Tsareena,18,36,68,23,34.38,other,Other,3,22.22,overall,2026-05-25T16:45:03.134969+00:00
BRS-SSP,"10,11,12,13,14,15,16,17",8,tsareena-ex,Tsareena,18,36,68,23,34.38,charizard-noctowl,Charizard Noctowl,2,16.67,overall,2026-05-25T16:45:03.134969+00:00
BRS-SSP,"10,11,12,13,14,15,16,17",8,tsareena-ex,Tsareena,18,36,68,23,34.38,gouging-fire-ex,Gouging Fire,2,66.67,overall,2026-05-25T16:45:03.134969+00:00
BRS-SSP,"10,11,12,13,14,15,16,17",8,tsareena-ex,Tsareena,18,36,68,23,34.38,pidgeot-control,Pidgeot Control,2,50.0,overall,2026-05-25T16:45:03.134969+00:00
BRS-SSP,"10,11,12,13,14,15,16,17",8,tsareena-ex,Tsareena,18,36,68,23,34.38,dragapult-iron-thorns,Dragapult Iron Thorns,2,66.67,overall,2026-05-25T16:45:03.134969+00:00
BRS-SSP,"10,11,12,13,14,15,16,17",8,tsareena-ex,Tsareena,18,36,68,23,34.38,lost-zone-box,Lost Zone Box,1,0.0,overall,2026-05-25T16:45:03.134969+00:00
BRS-SSP,"10,11,12,13,14,15,16,17",8,tsareena-ex,Tsareena,18,36,68,23,34.38,pikachu-regigigas,Pikachu Regis,1,0.0,overall,2026-05-25T16:45:03.134969+00:00
BRS-SSP,"10,11,12,13,14,15,16,17",8,tsareena-ex,Tsareena,18,36,68,23,34.38,conkeldurr-twm,Conkeldurr,1,33.33,overall,2026-05-25T16:45:03.134969+00:00
BRS-SSP,"10,11,12,13,14,15,16,17",8,tsareena-ex,Tsareena,18,36,68,23,34.38,miraidon-regieleki,Miraidon Regieleki,1,100.0,overall,2026-05-25T16:45:03.134969+00:00
BRS-SSP,"10,11,12,13,14,15,16,17",8,tsareena-ex,Tsareena,18,36,68,23,34.38,terapagos-noctowl,Terapagos Noctowl,1,0.0,overall,2026-05-25T16:45:03.134969+00:00
BRS-SSP,"10,11,12,13,14,15,16,17",8,tsareena-ex,Tsareena,18,36,68,23,34.38,mimikyu-ogerpon,Mimikyu Ogerpon,1,100.0,overall,2026-05-25T16:45:03.134969+00:00
BRS-SSP,"10,11,12,13,14,15,16,17",8,tsareena-ex,Tsareena,18,36,68,23,34.38,alolan-exeggutor-ex,Alolan Exeggutor ex,1,100.0,overall,2026-05-25T16:45:03.134969+00:00
BRS-SSP,"10,11,12,13,14,15,16,17",8,tsareena-ex,Tsareena,18,36,68,23,34.38,espathra-xatu,Espathra Xatu,1,100.0,overall,2026-05-25T16:45:03.134969+00:00
BRS-SSP,"10,11,12,13,14,15,16,17",8,tsareena-ex,Tsareena,18,36,68,23,34.38,ogerpon-noivern,Ogerpon Noivern,1,100.0,overall,2026-05-25T16:45:03.134969+00:00
BRS-SSP,"10,11,12,13,14,15,16,17",8,tsareena-ex,Tsareena,18,36,68,23,34.38,scovillain-ex,Scovillain,1,0.0,overall,2026-05-25T16:45:03.134969+00:00
BRS-SSP,"10,11,12,13,14,15,16,17",8,tsareena-ex,Tsareena,18,36,68,23,34.38,roaring-moon-ex,Roaring Moon,1,33.33,overall,2026-05-25T16:45:03.134969+00:00
BRS-SSP,"10,11,12,13,14,15,16,17",8,tsareena-ex,Tsareena,18,36,68,23,34.38,dragapult-dusknoir,Dragapult Dusknoir,1,0.0,overall,2026-05-25T16:45:03.134969+00:00
BRS-SSP,"10,11,12,13,14,15,16,17",8,tyranitar-ex,Tyranitar,2,6,10,0,37.5,charizard-pidgeot,Charizard Pidgeot,5,40.0,overall,2026-05-25T16:45:05.675666+00:00
BRS-SSP,"10,11,12,13,14,15,16,17",8,tyranitar-ex,Tyranitar,2,6,10,0,37.5,lugia-archeops,Lugia Archeops,3,66.67,overall,2026-05-25T16:45:05.675666+00:00
BRS-SSP,"10,11,12,13,14,15,16,17",8,tyranitar-ex,Tyranitar,2,6,10,0,37.5,regidrago-vstar,Regidrago,2,0.0,overall,2026-05-25T16:45:05.675666+00:00
BRS-SSP,"10,11,12,13,14,15,16,17",8,tyranitar-ex,Tyranitar,2,6,10,0,37.5,raging-bolt-ogerpon,Raging Bolt Ogerpon,1,100.0,overall,2026-05-25T16:45:05.675666+00:00
BRS-SSP,"10,11,12,13,14,15,16,17",8,tyranitar-ex,Tyranitar,2,6,10,0,37.5,roaring-moon-ex,Roaring Moon,1,0.0,overall,2026-05-25T16:45:05.675666+00:00
BRS-SSP,"10,11,12,13,14,15,16,17",8,tyranitar-ex,Tyranitar,2,6,10,0,37.5,terapagos-noctowl,Terapagos Noctowl,1,100.0,overall,2026-05-25T16:45:05.675666+00:00
BRS-SSP,"10,11,12,13,14,15,16,17",8,tyranitar-ex,Tyranitar,2,6,10,0,37.5,dragapult-charizard,Dragapult Charizard,1,0.0,overall,2026-05-25T16:45:05.675666+00:00
BRS-SSP,"10,11,12,13,14,15,16,17",8,tyranitar-ex,Tyranitar,2,6,10,0,37.5,dragapult-iron-thorns,Dragapult Iron Thorns,1,0.0,overall,2026-05-25T16:45:05.675666+00:00
BRS-SSP,"10,11,12,13,14,15,16,17",8,tyranitar-ex,Tyranitar,2,6,10,0,37.5,gholdengo-ex,Gholdengo,1,0.0,overall,2026-05-25T16:45:05.675666+00:00
BRS-SSP,"10,11,12,13,14,15,16,17",8,united-wings,United Wings,35,80,121,31,38.94,regidrago-vstar,Regidrago,32,16.67,overall,2026-05-25T16:45:08.283317+00:00
BRS-SSP,"10,11,12,13,14,15,16,17",8,united-wings,United Wings,35,80,121,31,38.94,raging-bolt-ogerpon,Raging Bolt Ogerpon,25,53.33,overall,2026-05-25T16:45:08.283317+00:00
BRS-SSP,"10,11,12,13,14,15,16,17",8,united-wings,United Wings,35,80,121,31,38.94,charizard-pidgeot,Charizard Pidgeot,18,42.59,overall,2026-05-25T16:45:08.283317+00:00
BRS-SSP,"10,11,12,13,14,15,16,17",8,united-wings,United Wings,35,80,121,31,38.94,lugia-archeops,Lugia Archeops,13,56.41,overall,2026-05-25T16:45:08.283317+00:00
BRS-SSP,"10,11,12,13,14,15,16,17",8,united-wings,United Wings,35,80,121,31,38.94,dragapult-iron-thorns,Dragapult Iron Thorns,13,20.51,overall,2026-05-25T16:45:08.283317+00:00
BRS-SSP,"10,11,12,13,14,15,16,17",8,united-wings,United Wings,35,80,121,31,38.94,gholdengo-ex,Gholdengo,12,52.78,overall,2026-05-25T16:45:08.283317+00:00
BRS-SSP,"10,11,12,13,14,15,16,17",8,united-wings,United Wings,35,80,121,31,38.94,miraidon-ex,Miraidon,11,45.45,overall,2026-05-25T16:45:08.283317+00:00
BRS-SSP,"10,11,12,13,14,15,16,17",8,united-wings,United Wings,35,80,121,31,38.94,ancient-box,Ancient Box,9,59.26,overall,2026-05-25T16:45:08.283317+00:00
BRS-SSP,"10,11,12,13,14,15,16,17",8,united-wings,United Wings,35,80,121,31,38.94,gardevoir-ex-sv,Gardevoir,9,37.04,overall,2026-05-25T16:45:08.283317+00:00
BRS-SSP,"10,11,12,13,14,15,16,17",8,united-wings,United Wings,35,80,121,31,38.94,ceruledge-ex,Ceruledge,8,54.17,overall,2026-05-25T16:45:08.283317+00:00
BRS-SSP,"10,11,12,13,14,15,16,17",8,united-wings,United Wings,35,80,121,31,38.94,roaring-moon-ex,Roaring Moon,7,61.9,overall,2026-05-25T16:45:08.283317+00:00
BRS-SSP,"10,11,12,13,14,15,16,17",8,united-wings,United Wings,35,80,121,31,38.94,archaludon-dialga,Archaludon Dialga,7,14.29,overall,2026-05-25T16:45:08.283317+00:00
BRS-SSP,"10,11,12,13,14,15,16,17",8,united-wings,United Wings,35,80,121,31,38.94,poison-terapagos,Poison Terapagos,7,28.57,overall,2026-05-25T16:45:08.283317+00:00
BRS-SSP,"10,11,12,13,14,15,16,17",8,united-wings,United Wings,35,80,121,31,38.94,archaludon-ex,Archaludon,6,22.22,overall,2026-05-25T16:45:08.283317+00:00
BRS-SSP,"10,11,12,13,14,15,16,17",8,united-wings,United Wings,35,80,121,31,38.94,palkia-dusknoir,Palkia Dusknoir,5,46.67,overall,2026-05-25T16:45:08.283317+00:00
BRS-SSP,"10,11,12,13,14,15,16,17",8,united-wings,United Wings,35,80,121,31,38.94,terapagos-noctowl,Terapagos Noctowl,4,33.33,overall,2026-05-25T16:45:08.283317+00:00
BRS-SSP,"10,11,12,13,14,15,16,17",8,united-wings,United Wings,35,80,121,31,38.94,snorlax-stall,Snorlax Stall,4,41.67,overall,2026-05-25T16:45:08.283317+00:00
BRS-SSP,"10,11,12,13,14,15,16,17",8,united-wings,United Wings,35,80,121,31,38.94,other,Other,3,100.0,overall,2026-05-25T16:45:08.283317+00:00
BRS-SSP,"10,11,12,13,14,15,16,17",8,united-wings,United Wings,35,80,121,31,38.94,lost-zone-box,Lost Zone Box,3,0.0,overall,2026-05-25T16:45:08.283317+00:00
BRS-SSP,"10,11,12,13,14,15,16,17",8,united-wings,United Wings,35,80,121,31,38.94,dragapult-dusknoir,Dragapult Dusknoir,3,0.0,overall,2026-05-25T16:45:08.283317+00:00
BRS-SSP,"10,11,12,13,14,15,16,17",8,united-wings,United Wings,35,80,121,31,38.94,pidgeot-control,Pidgeot Control,3,33.33,overall,2026-05-25T16:45:08.283317+00:00
BRS-SSP,"10,11,12,13,14,15,16,17",8,united-wings,United Wings,35,80,121,31,38.94,chien-pao-baxcalibur,Chien-Pao Baxcalibur,3,44.44,overall,2026-05-25T16:45:08.283317+00:00
BRS-SSP,"10,11,12,13,14,15,16,17",8,united-wings,United Wings,35,80,121,31,38.94,greninja-ex,Greninja,3,33.33,overall,2026-05-25T16:45:08.283317+00:00
BRS-SSP,"10,11,12,13,14,15,16,17",8,united-wings,United Wings,35,80,121,31,38.94,klawf-par,Klawf,2,50.0,overall,2026-05-25T16:45:08.283317+00:00
BRS-SSP,"10,11,12,13,14,15,16,17",8,united-wings,United Wings,35,80,121,31,38.94,hydreigon-ex,Hydreigon,2,16.67,overall,2026-05-25T16:45:08.283317+00:00
BRS-SSP,"10,11,12,13,14,15,16,17",8,united-wings,United Wings,35,80,121,31,38.94,palkia-noctowl,Palkia Noctowl,2,0.0,overall,2026-05-25T16:45:08.283317+00:00
BRS-SSP,"10,11,12,13,14,15,16,17",8,united-wings,United Wings,35,80,121,31,38.94,dragapult-ex,Dragapult,2,50.0,overall,2026-05-25T16:45:08.283317+00:00
BRS-SSP,"10,11,12,13,14,15,16,17",8,united-wings,United Wings,35,80,121,31,38.94,conkeldurr-twm,Conkeldurr,2,50.0,overall,2026-05-25T16:45:08.283317+00:00
BRS-SSP,"10,11,12,13,14,15,16,17",8,united-wings,United Wings,35,80,121,31,38.94,banette-gardevoir,Banette Gardevoir,1,100.0,overall,2026-05-25T16:45:08.283317+00:00
BRS-SSP,"10,11,12,13,14,15,16,17",8,united-wings,United Wings,35,80,121,31,38.94,hisuian-zoroark-vstar,Hisuian Zoroark,1,100.0,overall,2026-05-25T16:45:08.283317+00:00
BRS-SSP,"10,11,12,13,14,15,16,17",8,united-wings,United Wings,35,80,121,31,38.94,milotic-ex,Milotic,1,33.33,overall,2026-05-25T16:45:08.283317+00:00
BRS-SSP,"10,11,12,13,14,15,16,17",8,united-wings,United Wings,35,80,121,31,38.94,mimikyu-ogerpon,Mimikyu Ogerpon,1,33.33,overall,2026-05-25T16:45:08.283317+00:00
BRS-SSP,"10,11,12,13,14,15,16,17",8,united-wings,United Wings,35,80,121,31,38.94,lzb-charizard,Lost Box Charizard,1,0.0,overall,2026-05-25T16:45:08.283317+00:00
BRS-SSP,"10,11,12,13,14,15,16,17",8,united-wings,United Wings,35,80,121,31,38.94,pikachu-regigigas,Pikachu Regis,1,33.33,overall,2026-05-25T16:45:08.283317+00:00
BRS-SSP,"10,11,12,13,14,15,16,17",8,united-wings,United Wings,35,80,121,31,38.94,gouging-fire-ex,Gouging Fire,1,0.0,overall,2026-05-25T16:45:08.283317+00:00
BRS-SSP,"10,11,12,13,14,15,16,17",8,united-wings,United Wings,35,80,121,31,38.94,slowking-scr,Slowking,1,100.0,overall,2026-05-25T16:45:08.283317+00:00
BRS-SSP,"10,11,12,13,14,15,16,17",8,united-wings,United Wings,35,80,121,31,38.94,palafin-ex,Palafin,1,100.0,overall,2026-05-25T16:45:08.283317+00:00
BRS-SSP,"10,11,12,13,14,15,16,17",8,united-wings,United Wings,35,80,121,31,38.94,flygon-ex-ssp,Flygon,1,100.0,overall,2026-05-25T16:45:08.283317+00:00
BRS-SSP,"10,11,12,13,14,15,16,17",8,united-wings,United Wings,35,80,121,31,38.94,iron-thorns-ex,Iron Thorns,1,0.0,overall,2026-05-25T16:45:08.283317+00:00
BRS-SSP,"10,11,12,13,14,15,16,17",8,united-wings,United Wings,35,80,121,31,38.94,noivern-ex,Noivern,1,0.0,overall,2026-05-25T16:45:08.283317+00:00
BRS-SSP,"10,11,12,13,14,15,16,17",8,venomoth-froslass,Venomoth Froslass,6,13,19,4,39.81,regidrago-vstar,Regidrago,6,38.89,overall,2026-05-25T16:45:10.736046+00:00
BRS-SSP,"10,11,12,13,14,15,16,17",8,venomoth-froslass,Venomoth Froslass,6,13,19,4,39.81,dragapult-iron-thorns,Dragapult Iron Thorns,3,0.0,overall,2026-05-25T16:45:10.736046+00:00
BRS-SSP,"10,11,12,13,14,15,16,17",8,venomoth-froslass,Venomoth Froslass,6,13,19,4,39.81,poison-terapagos,Poison Terapagos,3,0.0,overall,2026-05-25T16:45:10.736046+00:00
BRS-SSP,"10,11,12,13,14,15,16,17",8,venomoth-froslass,Venomoth Froslass,6,13,19,4,39.81,raging-bolt-ogerpon,Raging Bolt Ogerpon,3,66.67,overall,2026-05-25T16:45:10.736046+00:00
BRS-SSP,"10,11,12,13,14,15,16,17",8,venomoth-froslass,Venomoth Froslass,6,13,19,4,39.81,charizard-pidgeot,Charizard Pidgeot,3,100.0,overall,2026-05-25T16:45:10.736046+00:00
BRS-SSP,"10,11,12,13,14,15,16,17",8,venomoth-froslass,Venomoth Froslass,6,13,19,4,39.81,iron-thorns-ex,Iron Thorns,2,100.0,overall,2026-05-25T16:45:10.736046+00:00
BRS-SSP,"10,11,12,13,14,15,16,17",8,venomoth-froslass,Venomoth Froslass,6,13,19,4,39.81,snorlax-stall,Snorlax Stall,2,100.0,overall,2026-05-25T16:45:10.736046+00:00
BRS-SSP,"10,11,12,13,14,15,16,17",8,venomoth-froslass,Venomoth Froslass,6,13,19,4,39.81,other,Other,1,100.0,overall,2026-05-25T16:45:10.736046+00:00
BRS-SSP,"10,11,12,13,14,15,16,17",8,venomoth-froslass,Venomoth Froslass,6,13,19,4,39.81,archaludon-ex,Archaludon,1,33.33,overall,2026-05-25T16:45:10.736046+00:00
BRS-SSP,"10,11,12,13,14,15,16,17",8,venomoth-froslass,Venomoth Froslass,6,13,19,4,39.81,roaring-moon-ex,Roaring Moon,1,0.0,overall,2026-05-25T16:45:10.736046+00:00
BRS-SSP,"10,11,12,13,14,15,16,17",8,venomoth-froslass,Venomoth Froslass,6,13,19,4,39.81,giratina-lz-box,Giratina LZ Box,1,0.0,overall,2026-05-25T16:45:10.736046+00:00
BRS-SSP,"10,11,12,13,14,15,16,17",8,venomoth-froslass,Venomoth Froslass,6,13,19,4,39.81,lugia-archeops,Lugia Archeops,1,0.0,overall,2026-05-25T16:45:10.736046+00:00
BRS-SSP,"10,11,12,13,14,15,16,17",8,venomoth-froslass,Venomoth Froslass,6,13,19,4,39.81,terapagos-noctowl,Terapagos Noctowl,1,0.0,overall,2026-05-25T16:45:10.736046+00:00
BRS-SSP,"10,11,12,13,14,15,16,17",8,venomoth-froslass,Venomoth Froslass,6,13,19,4,39.81,torterra-ex,Torterra,1,0.0,overall,2026-05-25T16:45:10.736046+00:00
BRS-SSP,"10,11,12,13,14,15,16,17",8,venomoth-froslass,Venomoth Froslass,6,13,19,4,39.81,entei-v,Entei,1,33.33,overall,2026-05-25T16:45:10.736046+00:00
BRS-SSP,"10,11,12,13,14,15,16,17",8,venomoth-froslass,Venomoth Froslass,6,13,19,4,39.81,gardevoir-ex-sv,Gardevoir,1,0.0,overall,2026-05-25T16:45:10.736046+00:00
BRS-SSP,"10,11,12,13,14,15,16,17",8,venomoth-froslass,Venomoth Froslass,6,13,19,4,39.81,palkia-noctowl,Palkia Noctowl,1,0.0,overall,2026-05-25T16:45:10.736046+00:00
BRS-SSP,"10,11,12,13,14,15,16,17",8,venomoth-froslass,Venomoth Froslass,6,13,19,4,39.81,archaludon-dialga,Archaludon Dialga,1,0.0,overall,2026-05-25T16:45:10.736046+00:00
BRS-SSP,"10,11,12,13,14,15,16,17",8,venomoth-froslass,Venomoth Froslass,6,13,19,4,39.81,ceruledge-ex,Ceruledge,1,100.0,overall,2026-05-25T16:45:10.736046+00:00
BRS-SSP,"10,11,12,13,14,15,16,17",8,venomoth-froslass,Venomoth Froslass,6,13,19,4,39.81,dragapult-dusknoir,Dragapult Dusknoir,1,33.33,overall,2026-05-25T16:45:10.736046+00:00
BRS-SSP,"10,11,12,13,14,15,16,17",8,venomoth-froslass,Venomoth Froslass,6,13,19,4,39.81,gholdengo-ex,Gholdengo,1,0.0,overall,2026-05-25T16:45:10.736046+00:00
BRS-SSP,"10,11,12,13,14,15,16,17",8,venomoth-mew,Venomoth,1,1,3,0,25.0,lugia-archeops,Lugia Archeops,1,0.0,overall,2026-05-25T16:45:13.238731+00:00
BRS-SSP,"10,11,12,13,14,15,16,17",8,venomoth-mew,Venomoth,1,1,3,0,25.0,charizard-pidgeot,Charizard Pidgeot,1,100.0,overall,2026-05-25T16:45:13.238731+00:00
BRS-SSP,"10,11,12,13,14,15,16,17",8,venomoth-mew,Venomoth,1,1,3,0,25.0,gouging-fire-ex,Gouging Fire,1,0.0,overall,2026-05-25T16:45:13.238731+00:00
BRS-SSP,"10,11,12,13,14,15,16,17",8,venomoth-mew,Venomoth,1,1,3,0,25.0,miraidon-ex,Miraidon,1,0.0,overall,2026-05-25T16:45:13.238731+00:00
BRS-SSP,"10,11,12,13,14,15,16,17",8,walking-wake-ex,Walking Wake,2,7,8,2,45.1,regidrago-vstar,Regidrago,5,6.67,overall,2026-05-25T16:45:15.717994+00:00
BRS-SSP,"10,11,12,13,14,15,16,17",8,walking-wake-ex,Walking Wake,2,7,8,2,45.1,gholdengo-ex,Gholdengo,1,100.0,overall,2026-05-25T16:45:15.717994+00:00
BRS-SSP,"10,11,12,13,14,15,16,17",8,walking-wake-ex,Walking Wake,2,7,8,2,45.1,roaring-moon-ex,Roaring Moon,1,100.0,overall,2026-05-25T16:45:15.717994+00:00
BRS-SSP,"10,11,12,13,14,15,16,17",8,walking-wake-ex,Walking Wake,2,7,8,2,45.1,klawf-par,Klawf,1,100.0,overall,2026-05-25T16:45:15.717994+00:00
BRS-SSP,"10,11,12,13,14,15,16,17",8,walking-wake-ex,Walking Wake,2,7,8,2,45.1,pikachu-regigigas,Pikachu Regis,1,33.33,overall,2026-05-25T16:45:15.717994+00:00
BRS-SSP,"10,11,12,13,14,15,16,17",8,walking-wake-ex,Walking Wake,2,7,8,2,45.1,palkia-noctowl,Palkia Noctowl,1,100.0,overall,2026-05-25T16:45:15.717994+00:00
BRS-SSP,"10,11,12,13,14,15,16,17",8,walking-wake-ex,Walking Wake,2,7,8,2,45.1,snorlax-stall,Snorlax Stall,1,0.0,overall,2026-05-25T16:45:15.717994+00:00
BRS-SSP,"10,11,12,13,14,15,16,17",8,walking-wake-ex,Walking Wake,2,7,8,2,45.1,charizard-pidgeot,Charizard Pidgeot,1,0.0,overall,2026-05-25T16:45:15.717994+00:00
BRS-SSP,"10,11,12,13,14,15,16,17",8,walking-wake-ex,Walking Wake,2,7,8,2,45.1,dragapult-iron-thorns,Dragapult Iron Thorns,1,0.0,overall,2026-05-25T16:45:15.717994+00:00
BRS-SSP,"10,11,12,13,14,15,16,17",8,walking-wake-ex,Walking Wake,2,7,8,2,45.1,raging-bolt-ogerpon,Raging Bolt Ogerpon,1,100.0,overall,2026-05-25T16:45:15.717994+00:00
BRS-SSP,"10,11,12,13,14,15,16,17",8,walking-wake-ex,Walking Wake,2,7,8,2,45.1,gouging-fire-ex,Gouging Fire,1,0.0,overall,2026-05-25T16:45:15.717994+00:00
BRS-SSP,"10,11,12,13,14,15,16,17",8,walking-wake-ex,Walking Wake,2,7,8,2,45.1,terapagos-noctowl,Terapagos Noctowl,1,100.0,overall,2026-05-25T16:45:15.717994+00:00
BRS-SSP,"10,11,12,13,14,15,16,17",8,walking-wake-ex,Walking Wake,2,7,8,2,45.1,great-tusk-tef,Great Tusk Mill,1,100.0,overall,2026-05-25T16:45:15.717994+00:00
BRS-SSP,"10,11,12,13,14,15,16,17",8,zeraora-v,Zeraora,1,0,4,1,6.67,gholdengo-ex,Gholdengo,1,0.0,overall,2026-05-25T16:45:18.192063+00:00
BRS-SSP,"10,11,12,13,14,15,16,17",8,zeraora-v,Zeraora,1,0,4,1,6.67,archaludon-ex,Archaludon,1,0.0,overall,2026-05-25T16:45:18.192063+00:00
BRS-SSP,"10,11,12,13,14,15,16,17",8,zeraora-v,Zeraora,1,0,4,1,6.67,gardevoir-ex-sv,Gardevoir,1,33.33,overall,2026-05-25T16:45:18.192063+00:00
BRS-SSP,"10,11,12,13,14,15,16,17",8,zeraora-v,Zeraora,1,0,4,1,6.67,conkeldurr-twm,Conkeldurr,1,0.0,overall,2026-05-25T16:45:18.192063+00:00
