meta,tournaments_used,tournament_count,my_deck_slug,my_deck_name,my_deck_player_count,my_deck_total_wins,my_deck_total_losses,my_deck_total_ties,my_deck_overall_win_pct,opponent_deck_slug,opponent_deck_name,vs_count,vs_win_pct,day_filter,scraped_at
SVI-PFL,"47,48,49,50,51,52,53,54,55",9,alakazam-dudunsparce,Alakazam Dudunsparce,457,1424,1576,611,45.08,gholdengo-lunatone,Gholdengo Lunatone,582,58.53,overall,2026-05-25T17:06:22.980749+00:00
SVI-PFL,"47,48,49,50,51,52,53,54,55",9,alakazam-dudunsparce,Alakazam Dudunsparce,457,1424,1576,611,45.08,dragapult-dusknoir,Dragapult Dusknoir,559,26.36,overall,2026-05-25T17:06:22.980749+00:00
SVI-PFL,"47,48,49,50,51,52,53,54,55",9,alakazam-dudunsparce,Alakazam Dudunsparce,457,1424,1576,611,45.08,charizard-noctowl,Charizard Noctowl,240,32.92,overall,2026-05-25T17:06:22.980749+00:00
SVI-PFL,"47,48,49,50,51,52,53,54,55",9,alakazam-dudunsparce,Alakazam Dudunsparce,457,1424,1576,611,45.08,gardevoir-ex-sv,Gardevoir,222,27.33,overall,2026-05-25T17:06:22.980749+00:00
SVI-PFL,"47,48,49,50,51,52,53,54,55",9,alakazam-dudunsparce,Alakazam Dudunsparce,457,1424,1576,611,45.08,gardevoir-jellicent,Gardevoir Jellicent,202,37.62,overall,2026-05-25T17:06:22.980749+00:00
SVI-PFL,"47,48,49,50,51,52,53,54,55",9,alakazam-dudunsparce,Alakazam Dudunsparce,457,1424,1576,611,45.08,charizard-pidgeot,Charizard Pidgeot,180,42.41,overall,2026-05-25T17:06:22.980749+00:00
SVI-PFL,"47,48,49,50,51,52,53,54,55",9,alakazam-dudunsparce,Alakazam Dudunsparce,457,1424,1576,611,45.08,grimmsnarl-froslass,Grimmsnarl Froslass,160,31.25,overall,2026-05-25T17:06:22.980749+00:00
SVI-PFL,"47,48,49,50,51,52,53,54,55",9,alakazam-dudunsparce,Alakazam Dudunsparce,457,1424,1576,611,45.08,mega-absol-box,Mega Absol Box,154,49.13,overall,2026-05-25T17:06:22.980749+00:00
SVI-PFL,"47,48,49,50,51,52,53,54,55",9,alakazam-dudunsparce,Alakazam Dudunsparce,457,1424,1576,611,45.08,raging-bolt-ogerpon,Raging Bolt Ogerpon,127,72.7,overall,2026-05-25T17:06:22.980749+00:00
SVI-PFL,"47,48,49,50,51,52,53,54,55",9,alakazam-dudunsparce,Alakazam Dudunsparce,457,1424,1576,611,45.08,n-zoroark,N's Zoroark,106,35.22,overall,2026-05-25T17:06:22.980749+00:00
SVI-PFL,"47,48,49,50,51,52,53,54,55",9,alakazam-dudunsparce,Alakazam Dudunsparce,457,1424,1576,611,45.08,dragapult-charizard,Dragapult Charizard,96,29.86,overall,2026-05-25T17:06:22.980749+00:00
SVI-PFL,"47,48,49,50,51,52,53,54,55",9,alakazam-dudunsparce,Alakazam Dudunsparce,457,1424,1576,611,45.08,ceruledge-ex,Ceruledge,81,73.25,overall,2026-05-25T17:06:22.980749+00:00
SVI-PFL,"47,48,49,50,51,52,53,54,55",9,alakazam-dudunsparce,Alakazam Dudunsparce,457,1424,1576,611,45.08,kangaskhan-bouffalant,Kangaskhan Bouffalant,70,79.05,overall,2026-05-25T17:06:22.980749+00:00
SVI-PFL,"47,48,49,50,51,52,53,54,55",9,alakazam-dudunsparce,Alakazam Dudunsparce,457,1424,1576,611,45.08,tera-box,Tera Box,57,36.84,overall,2026-05-25T17:06:22.980749+00:00
SVI-PFL,"47,48,49,50,51,52,53,54,55",9,alakazam-dudunsparce,Alakazam Dudunsparce,457,1424,1576,611,45.08,flareon-noctowl,Flareon Noctowl,51,47.06,overall,2026-05-25T17:06:22.980749+00:00
SVI-PFL,"47,48,49,50,51,52,53,54,55",9,alakazam-dudunsparce,Alakazam Dudunsparce,457,1424,1576,611,45.08,lopunny-dusknoir,Lopunny Dusknoir,50,52.0,overall,2026-05-25T17:06:22.980749+00:00
SVI-PFL,"47,48,49,50,51,52,53,54,55",9,alakazam-dudunsparce,Alakazam Dudunsparce,457,1424,1576,611,45.08,alakazam-dudunsparce,Alakazam Dudunsparce,48,46.88,overall,2026-05-25T17:06:22.980749+00:00
SVI-PFL,"47,48,49,50,51,52,53,54,55",9,alakazam-dudunsparce,Alakazam Dudunsparce,457,1424,1576,611,45.08,joltik-box,Joltik Box,37,91.89,overall,2026-05-25T17:06:22.980749+00:00
SVI-PFL,"47,48,49,50,51,52,53,54,55",9,alakazam-dudunsparce,Alakazam Dudunsparce,457,1424,1576,611,45.08,greninja-ex,Greninja,37,38.74,overall,2026-05-25T17:06:22.980749+00:00
SVI-PFL,"47,48,49,50,51,52,53,54,55",9,alakazam-dudunsparce,Alakazam Dudunsparce,457,1424,1576,611,45.08,mega-venusaur-ex,Mega Venusaur,31,58.06,overall,2026-05-25T17:06:22.980749+00:00
SVI-PFL,"47,48,49,50,51,52,53,54,55",9,alakazam-dudunsparce,Alakazam Dudunsparce,457,1424,1576,611,45.08,sharpedo-toxtricity,Sharpedo Toxtricity,29,57.47,overall,2026-05-25T17:06:22.980749+00:00
SVI-PFL,"47,48,49,50,51,52,53,54,55",9,alakazam-dudunsparce,Alakazam Dudunsparce,457,1424,1576,611,45.08,cynthia-garchomp-ex,Cynthia's Garchomp,26,76.92,overall,2026-05-25T17:06:22.980749+00:00
SVI-PFL,"47,48,49,50,51,52,53,54,55",9,alakazam-dudunsparce,Alakazam Dudunsparce,457,1424,1576,611,45.08,lucario-hariyama,Lucario Hariyama,24,51.39,overall,2026-05-25T17:06:22.980749+00:00
SVI-PFL,"47,48,49,50,51,52,53,54,55",9,alakazam-dudunsparce,Alakazam Dudunsparce,457,1424,1576,611,45.08,slowking-scr,Slowking,21,69.84,overall,2026-05-25T17:06:22.980749+00:00
SVI-PFL,"47,48,49,50,51,52,53,54,55",9,alakazam-dudunsparce,Alakazam Dudunsparce,457,1424,1576,611,45.08,froslass-munkidori,Froslass Munkidori,20,21.67,overall,2026-05-25T17:06:22.980749+00:00
SVI-PFL,"47,48,49,50,51,52,53,54,55",9,alakazam-dudunsparce,Alakazam Dudunsparce,457,1424,1576,611,45.08,crustle-dri,Crustle,19,59.65,overall,2026-05-25T17:06:22.980749+00:00
SVI-PFL,"47,48,49,50,51,52,53,54,55",9,alakazam-dudunsparce,Alakazam Dudunsparce,457,1424,1576,611,45.08,pidgeot-control,Pidgeot Control,18,55.56,overall,2026-05-25T17:06:22.980749+00:00
SVI-PFL,"47,48,49,50,51,52,53,54,55",9,alakazam-dudunsparce,Alakazam Dudunsparce,457,1424,1576,611,45.08,other,Other,17,84.31,overall,2026-05-25T17:06:22.980749+00:00
SVI-PFL,"47,48,49,50,51,52,53,54,55",9,alakazam-dudunsparce,Alakazam Dudunsparce,457,1424,1576,611,45.08,iron-hands-magneton,Iron Hands Magneton,16,68.75,overall,2026-05-25T17:06:22.980749+00:00
SVI-PFL,"47,48,49,50,51,52,53,54,55",9,alakazam-dudunsparce,Alakazam Dudunsparce,457,1424,1576,611,45.08,ethan-typhlosion,Ethan's Typhlosion,15,64.44,overall,2026-05-25T17:06:22.980749+00:00
SVI-PFL,"47,48,49,50,51,52,53,54,55",9,alakazam-dudunsparce,Alakazam Dudunsparce,457,1424,1576,611,45.08,ho-oh-armarouge,Ho-Oh Armarouge,14,50.0,overall,2026-05-25T17:06:22.980749+00:00
SVI-PFL,"47,48,49,50,51,52,53,54,55",9,alakazam-dudunsparce,Alakazam Dudunsparce,457,1424,1576,611,45.08,conkeldurr-twm,Conkeldurr,13,53.85,overall,2026-05-25T17:06:22.980749+00:00
SVI-PFL,"47,48,49,50,51,52,53,54,55",9,alakazam-dudunsparce,Alakazam Dudunsparce,457,1424,1576,611,45.08,gholdengo-ex,Gholdengo,13,87.18,overall,2026-05-25T17:06:22.980749+00:00
SVI-PFL,"47,48,49,50,51,52,53,54,55",9,alakazam-dudunsparce,Alakazam Dudunsparce,457,1424,1576,611,45.08,gholdengo-joltik-box,Gholdengo Joltik Box,12,69.44,overall,2026-05-25T17:06:22.980749+00:00
SVI-PFL,"47,48,49,50,51,52,53,54,55",9,alakazam-dudunsparce,Alakazam Dudunsparce,457,1424,1576,611,45.08,dragapult-ex,Dragapult,12,50.0,overall,2026-05-25T17:06:22.980749+00:00
SVI-PFL,"47,48,49,50,51,52,53,54,55",9,alakazam-dudunsparce,Alakazam Dudunsparce,457,1424,1576,611,45.08,festival-lead,Festival Lead,11,36.36,overall,2026-05-25T17:06:22.980749+00:00
SVI-PFL,"47,48,49,50,51,52,53,54,55",9,alakazam-dudunsparce,Alakazam Dudunsparce,457,1424,1576,611,45.08,seaking-pre,Seaking Festival Lead,11,42.42,overall,2026-05-25T17:06:22.980749+00:00
SVI-PFL,"47,48,49,50,51,52,53,54,55",9,alakazam-dudunsparce,Alakazam Dudunsparce,457,1424,1576,611,45.08,toxtricity-pfl,Toxtricity Box,10,43.33,overall,2026-05-25T17:06:22.980749+00:00
SVI-PFL,"47,48,49,50,51,52,53,54,55",9,alakazam-dudunsparce,Alakazam Dudunsparce,457,1424,1576,611,45.08,manectric-eelektrik,Manectric Eelektrik,10,73.33,overall,2026-05-25T17:06:22.980749+00:00
SVI-PFL,"47,48,49,50,51,52,53,54,55",9,alakazam-dudunsparce,Alakazam Dudunsparce,457,1424,1576,611,45.08,dragapult-blaziken,Dragapult Blaziken,9,37.04,overall,2026-05-25T17:06:22.980749+00:00
SVI-PFL,"47,48,49,50,51,52,53,54,55",9,alakazam-dudunsparce,Alakazam Dudunsparce,457,1424,1576,611,45.08,hydrapple-ogerpon,Hydrapple Ogerpon,9,74.07,overall,2026-05-25T17:06:22.980749+00:00
SVI-PFL,"47,48,49,50,51,52,53,54,55",9,alakazam-dudunsparce,Alakazam Dudunsparce,457,1424,1576,611,45.08,marnie-grimmsnarl-ex,Marnie's Grimmsnarl,8,54.17,overall,2026-05-25T17:06:22.980749+00:00
SVI-PFL,"47,48,49,50,51,52,53,54,55",9,alakazam-dudunsparce,Alakazam Dudunsparce,457,1424,1576,611,45.08,chien-pao-baxcalibur,Chien-Pao Baxcalibur,8,45.83,overall,2026-05-25T17:06:22.980749+00:00
SVI-PFL,"47,48,49,50,51,52,53,54,55",9,alakazam-dudunsparce,Alakazam Dudunsparce,457,1424,1576,611,45.08,roaring-moon-ex,Roaring Moon,7,14.29,overall,2026-05-25T17:06:22.980749+00:00
SVI-PFL,"47,48,49,50,51,52,53,54,55",9,alakazam-dudunsparce,Alakazam Dudunsparce,457,1424,1576,611,45.08,hydreigon-ex,Hydreigon,7,47.62,overall,2026-05-25T17:06:22.980749+00:00
SVI-PFL,"47,48,49,50,51,52,53,54,55",9,alakazam-dudunsparce,Alakazam Dudunsparce,457,1424,1576,611,45.08,archaludon-ex,Archaludon,6,72.22,overall,2026-05-25T17:06:22.980749+00:00
SVI-PFL,"47,48,49,50,51,52,53,54,55",9,alakazam-dudunsparce,Alakazam Dudunsparce,457,1424,1576,611,45.08,ursaluna-lunatone,Ursaluna Lunatone,6,44.44,overall,2026-05-25T17:06:22.980749+00:00
SVI-PFL,"47,48,49,50,51,52,53,54,55",9,alakazam-dudunsparce,Alakazam Dudunsparce,457,1424,1576,611,45.08,mega-lopunny-ex,Mega Lopunny,6,55.56,overall,2026-05-25T17:06:22.980749+00:00
SVI-PFL,"47,48,49,50,51,52,53,54,55",9,alakazam-dudunsparce,Alakazam Dudunsparce,457,1424,1576,611,45.08,ogerpon-meganium,Ogerpon Meganium,5,46.67,overall,2026-05-25T17:06:22.980749+00:00
SVI-PFL,"47,48,49,50,51,52,53,54,55",9,alakazam-dudunsparce,Alakazam Dudunsparce,457,1424,1576,611,45.08,espathra-xatu,Espathra Xatu,5,40.0,overall,2026-05-25T17:06:22.980749+00:00
SVI-PFL,"47,48,49,50,51,52,53,54,55",9,alakazam-dudunsparce,Alakazam Dudunsparce,457,1424,1576,611,45.08,alakazam-meg,Alakazam,5,26.67,overall,2026-05-25T17:06:22.980749+00:00
SVI-PFL,"47,48,49,50,51,52,53,54,55",9,alakazam-dudunsparce,Alakazam Dudunsparce,457,1424,1576,611,45.08,rocket-mewtwo-ex,Rocket's Mewtwo,4,0.0,overall,2026-05-25T17:06:22.980749+00:00
SVI-PFL,"47,48,49,50,51,52,53,54,55",9,alakazam-dudunsparce,Alakazam Dudunsparce,457,1424,1576,611,45.08,mega-kangaskhan-ex,Mega Kangaskhan,4,100.0,overall,2026-05-25T17:06:22.980749+00:00
SVI-PFL,"47,48,49,50,51,52,53,54,55",9,alakazam-dudunsparce,Alakazam Dudunsparce,457,1424,1576,611,45.08,charizard-dragapult,Charizard Dragapult,4,16.67,overall,2026-05-25T17:06:22.980749+00:00
SVI-PFL,"47,48,49,50,51,52,53,54,55",9,alakazam-dudunsparce,Alakazam Dudunsparce,457,1424,1576,611,45.08,ogerpon-ex,Ogerpon,3,77.78,overall,2026-05-25T17:06:22.980749+00:00
SVI-PFL,"47,48,49,50,51,52,53,54,55",9,alakazam-dudunsparce,Alakazam Dudunsparce,457,1424,1576,611,45.08,mega-charizard-x-ex,Mega Charizard X,3,66.67,overall,2026-05-25T17:06:22.980749+00:00
SVI-PFL,"47,48,49,50,51,52,53,54,55",9,alakazam-dudunsparce,Alakazam Dudunsparce,457,1424,1576,611,45.08,wugtrio-svi,Wugtrio Mill,3,66.67,overall,2026-05-25T17:06:22.980749+00:00
SVI-PFL,"47,48,49,50,51,52,53,54,55",9,alakazam-dudunsparce,Alakazam Dudunsparce,457,1424,1576,611,45.08,charizard-ex,Charizard,3,44.44,overall,2026-05-25T17:06:22.980749+00:00
SVI-PFL,"47,48,49,50,51,52,53,54,55",9,alakazam-dudunsparce,Alakazam Dudunsparce,457,1424,1576,611,45.08,paldean-tauros-pfl,Paldean Tauros,3,33.33,overall,2026-05-25T17:06:22.980749+00:00
SVI-PFL,"47,48,49,50,51,52,53,54,55",9,alakazam-dudunsparce,Alakazam Dudunsparce,457,1424,1576,611,45.08,raging-bolt-ex,Raging Bolt,3,11.11,overall,2026-05-25T17:06:22.980749+00:00
SVI-PFL,"47,48,49,50,51,52,53,54,55",9,alakazam-dudunsparce,Alakazam Dudunsparce,457,1424,1576,611,45.08,toedscruel-ex,Toedscruel,3,11.11,overall,2026-05-25T17:06:22.980749+00:00
SVI-PFL,"47,48,49,50,51,52,53,54,55",9,alakazam-dudunsparce,Alakazam Dudunsparce,457,1424,1576,611,45.08,charizard-greninja,Charizard Greninja,3,100.0,overall,2026-05-25T17:06:22.980749+00:00
SVI-PFL,"47,48,49,50,51,52,53,54,55",9,alakazam-dudunsparce,Alakazam Dudunsparce,457,1424,1576,611,45.08,zoroark-crustle,Zoroark Crustle,2,66.67,overall,2026-05-25T17:06:22.980749+00:00
SVI-PFL,"47,48,49,50,51,52,53,54,55",9,alakazam-dudunsparce,Alakazam Dudunsparce,457,1424,1576,611,45.08,gholdengo-typhlosion,Gholdengo Typhlosion,2,100.0,overall,2026-05-25T17:06:22.980749+00:00
SVI-PFL,"47,48,49,50,51,52,53,54,55",9,alakazam-dudunsparce,Alakazam Dudunsparce,457,1424,1576,611,45.08,mega-lucario-ex,Mega Lucario,2,100.0,overall,2026-05-25T17:06:22.980749+00:00
SVI-PFL,"47,48,49,50,51,52,53,54,55",9,alakazam-dudunsparce,Alakazam Dudunsparce,457,1424,1576,611,45.08,palafin-ex,Palafin,2,16.67,overall,2026-05-25T17:06:22.980749+00:00
SVI-PFL,"47,48,49,50,51,52,53,54,55",9,alakazam-dudunsparce,Alakazam Dudunsparce,457,1424,1576,611,45.08,feraligatr-tef,Feraligatr,2,50.0,overall,2026-05-25T17:06:22.980749+00:00
SVI-PFL,"47,48,49,50,51,52,53,54,55",9,alakazam-dudunsparce,Alakazam Dudunsparce,457,1424,1576,611,45.08,copperajah-ex,Copperajah,2,100.0,overall,2026-05-25T17:06:22.980749+00:00
SVI-PFL,"47,48,49,50,51,52,53,54,55",9,alakazam-dudunsparce,Alakazam Dudunsparce,457,1424,1576,611,45.08,mamoswine-ex,Mamoswine,2,100.0,overall,2026-05-25T17:06:22.980749+00:00
SVI-PFL,"47,48,49,50,51,52,53,54,55",9,alakazam-dudunsparce,Alakazam Dudunsparce,457,1424,1576,611,45.08,dragapult-froslass,Dragapult Froslass,2,50.0,overall,2026-05-25T17:06:22.980749+00:00
SVI-PFL,"47,48,49,50,51,52,53,54,55",9,alakazam-dudunsparce,Alakazam Dudunsparce,457,1424,1576,611,45.08,okidogi-twm,Okidogi,2,100.0,overall,2026-05-25T17:06:22.980749+00:00
SVI-PFL,"47,48,49,50,51,52,53,54,55",9,alakazam-dudunsparce,Alakazam Dudunsparce,457,1424,1576,611,45.08,hop-zacian,Hop's Zacian,2,50.0,overall,2026-05-25T17:06:22.980749+00:00
SVI-PFL,"47,48,49,50,51,52,53,54,55",9,alakazam-dudunsparce,Alakazam Dudunsparce,457,1424,1576,611,45.08,sinistcha-ogerpon,Sinistcha Ogerpon,1,100.0,overall,2026-05-25T17:06:22.980749+00:00
SVI-PFL,"47,48,49,50,51,52,53,54,55",9,alakazam-dudunsparce,Alakazam Dudunsparce,457,1424,1576,611,45.08,gouging-fire-ex,Gouging Fire,1,100.0,overall,2026-05-25T17:06:22.980749+00:00
SVI-PFL,"47,48,49,50,51,52,53,54,55",9,alakazam-dudunsparce,Alakazam Dudunsparce,457,1424,1576,611,45.08,heatran-metang,Heatran Metang,1,100.0,overall,2026-05-25T17:06:22.980749+00:00
SVI-PFL,"47,48,49,50,51,52,53,54,55",9,alakazam-dudunsparce,Alakazam Dudunsparce,457,1424,1576,611,45.08,miraidon-eelektrik,Miraidon Eelektrik,1,33.33,overall,2026-05-25T17:06:22.980749+00:00
SVI-PFL,"47,48,49,50,51,52,53,54,55",9,alakazam-dudunsparce,Alakazam Dudunsparce,457,1424,1576,611,45.08,kangaskhan-forretress,Kangaskhan Forretress,1,33.33,overall,2026-05-25T17:06:22.980749+00:00
SVI-PFL,"47,48,49,50,51,52,53,54,55",9,alakazam-dudunsparce,Alakazam Dudunsparce,457,1424,1576,611,45.08,rocket-porygon-z,Rocket's Porygon-Z,1,100.0,overall,2026-05-25T17:06:22.980749+00:00
SVI-PFL,"47,48,49,50,51,52,53,54,55",9,alakazam-dudunsparce,Alakazam Dudunsparce,457,1424,1576,611,45.08,tsareena-ex,Tsareena,1,100.0,overall,2026-05-25T17:06:22.980749+00:00
SVI-PFL,"47,48,49,50,51,52,53,54,55",9,alakazam-dudunsparce,Alakazam Dudunsparce,457,1424,1576,611,45.08,tyranitar-jtg,Tyranitar,1,0.0,overall,2026-05-25T17:06:22.980749+00:00
SVI-PFL,"47,48,49,50,51,52,53,54,55",9,alakazam-dudunsparce,Alakazam Dudunsparce,457,1424,1576,611,45.08,mega-abomasnow-ex,Mega Abomasnow,1,100.0,overall,2026-05-25T17:06:22.980749+00:00
SVI-PFL,"47,48,49,50,51,52,53,54,55",9,alakazam-dudunsparce,Alakazam Dudunsparce,457,1424,1576,611,45.08,flareon-ex,Flareon,1,33.33,overall,2026-05-25T17:06:22.980749+00:00
SVI-PFL,"47,48,49,50,51,52,53,54,55",9,alakazam-dudunsparce,Alakazam Dudunsparce,457,1424,1576,611,45.08,iron-hands-ex,Future Hands,1,0.0,overall,2026-05-25T17:06:22.980749+00:00
SVI-PFL,"47,48,49,50,51,52,53,54,55",9,alakazam-dudunsparce,Alakazam Dudunsparce,457,1424,1576,611,45.08,poison-mega-latias,Poison Latias,1,33.33,overall,2026-05-25T17:06:22.980749+00:00
SVI-PFL,"47,48,49,50,51,52,53,54,55",9,alakazam-dudunsparce,Alakazam Dudunsparce,457,1424,1576,611,45.08,milotic-ex,Milotic,1,100.0,overall,2026-05-25T17:06:22.980749+00:00
SVI-PFL,"47,48,49,50,51,52,53,54,55",9,alakazam-dudunsparce,Alakazam Dudunsparce,457,1424,1576,611,45.08,gengar-ex,Gengar,1,33.33,overall,2026-05-25T17:06:22.980749+00:00
SVI-PFL,"47,48,49,50,51,52,53,54,55",9,alakazam-dudunsparce,Alakazam Dudunsparce,457,1424,1576,611,45.08,great-tusk-tef,Great Tusk Mill,1,33.33,overall,2026-05-25T17:06:22.980749+00:00
SVI-PFL,"47,48,49,50,51,52,53,54,55",9,alakazam-dudunsparce,Alakazam Dudunsparce,457,1424,1576,611,45.08,terapagos-noctowl,Terapagos Noctowl,1,33.33,overall,2026-05-25T17:06:22.980749+00:00
SVI-PFL,"47,48,49,50,51,52,53,54,55",9,alakazam-dudunsparce,Alakazam Dudunsparce,457,1424,1576,611,45.08,iron-thorns-crustle,Iron Thorns Crustle,1,100.0,overall,2026-05-25T17:06:22.980749+00:00
SVI-PFL,"47,48,49,50,51,52,53,54,55",9,alakazam-dudunsparce,Alakazam Dudunsparce,457,1424,1576,611,45.08,rocket-spidops,Rocket's Spidops,1,0.0,overall,2026-05-25T17:06:22.980749+00:00
SVI-PFL,"47,48,49,50,51,52,53,54,55",9,alakazam-ex,Alakazam,4,1,18,0,5.26,dragapult-dusknoir,Dragapult Dusknoir,4,0.0,overall,2026-05-25T17:06:25.920810+00:00
SVI-PFL,"47,48,49,50,51,52,53,54,55",9,alakazam-ex,Alakazam,4,1,18,0,5.26,grimmsnarl-froslass,Grimmsnarl Froslass,2,0.0,overall,2026-05-25T17:06:25.920810+00:00
SVI-PFL,"47,48,49,50,51,52,53,54,55",9,alakazam-ex,Alakazam,4,1,18,0,5.26,gholdengo-lunatone,Gholdengo Lunatone,2,0.0,overall,2026-05-25T17:06:25.920810+00:00
SVI-PFL,"47,48,49,50,51,52,53,54,55",9,alakazam-ex,Alakazam,4,1,18,0,5.26,ceruledge-ex,Ceruledge,2,0.0,overall,2026-05-25T17:06:25.920810+00:00
SVI-PFL,"47,48,49,50,51,52,53,54,55",9,alakazam-ex,Alakazam,4,1,18,0,5.26,gardevoir-ex-sv,Gardevoir,1,0.0,overall,2026-05-25T17:06:25.920810+00:00
SVI-PFL,"47,48,49,50,51,52,53,54,55",9,alakazam-ex,Alakazam,4,1,18,0,5.26,yanmega-ex,Yanmega,1,0.0,overall,2026-05-25T17:06:25.920810+00:00
SVI-PFL,"47,48,49,50,51,52,53,54,55",9,alakazam-ex,Alakazam,4,1,18,0,5.26,raging-bolt-ogerpon,Raging Bolt Ogerpon,1,0.0,overall,2026-05-25T17:06:25.920810+00:00
SVI-PFL,"47,48,49,50,51,52,53,54,55",9,alakazam-ex,Alakazam,4,1,18,0,5.26,charizard-pidgeot,Charizard Pidgeot,1,100.0,overall,2026-05-25T17:06:25.920810+00:00
SVI-PFL,"47,48,49,50,51,52,53,54,55",9,alakazam-ex,Alakazam,4,1,18,0,5.26,lucario-hariyama,Lucario Hariyama,1,0.0,overall,2026-05-25T17:06:25.920810+00:00
SVI-PFL,"47,48,49,50,51,52,53,54,55",9,alakazam-ex,Alakazam,4,1,18,0,5.26,dragapult-charizard,Dragapult Charizard,1,0.0,overall,2026-05-25T17:06:25.920810+00:00
SVI-PFL,"47,48,49,50,51,52,53,54,55",9,alakazam-ex,Alakazam,4,1,18,0,5.26,joltik-box,Joltik Box,1,0.0,overall,2026-05-25T17:06:25.920810+00:00
SVI-PFL,"47,48,49,50,51,52,53,54,55",9,alakazam-ex,Alakazam,4,1,18,0,5.26,iron-hands-ex,Future Hands,1,0.0,overall,2026-05-25T17:06:25.920810+00:00
SVI-PFL,"47,48,49,50,51,52,53,54,55",9,alakazam-ex,Alakazam,4,1,18,0,5.26,flareon-ex,Flareon,1,0.0,overall,2026-05-25T17:06:25.920810+00:00
SVI-PFL,"47,48,49,50,51,52,53,54,55",9,alakazam-meg,Alakazam,9,29,31,16,45.18,gholdengo-lunatone,Gholdengo Lunatone,13,69.23,overall,2026-05-25T17:06:28.794305+00:00
SVI-PFL,"47,48,49,50,51,52,53,54,55",9,alakazam-meg,Alakazam,9,29,31,16,45.18,dragapult-dusknoir,Dragapult Dusknoir,12,22.22,overall,2026-05-25T17:06:28.794305+00:00
SVI-PFL,"47,48,49,50,51,52,53,54,55",9,alakazam-meg,Alakazam,9,29,31,16,45.18,gardevoir-jellicent,Gardevoir Jellicent,8,20.83,overall,2026-05-25T17:06:28.794305+00:00
SVI-PFL,"47,48,49,50,51,52,53,54,55",9,alakazam-meg,Alakazam,9,29,31,16,45.18,charizard-noctowl,Charizard Noctowl,5,40.0,overall,2026-05-25T17:06:28.794305+00:00
SVI-PFL,"47,48,49,50,51,52,53,54,55",9,alakazam-meg,Alakazam,9,29,31,16,45.18,alakazam-dudunsparce,Alakazam Dudunsparce,5,66.67,overall,2026-05-25T17:06:28.794305+00:00
SVI-PFL,"47,48,49,50,51,52,53,54,55",9,alakazam-meg,Alakazam,9,29,31,16,45.18,n-zoroark,N's Zoroark,3,33.33,overall,2026-05-25T17:06:28.794305+00:00
SVI-PFL,"47,48,49,50,51,52,53,54,55",9,alakazam-meg,Alakazam,9,29,31,16,45.18,ceruledge-ex,Ceruledge,3,66.67,overall,2026-05-25T17:06:28.794305+00:00
SVI-PFL,"47,48,49,50,51,52,53,54,55",9,alakazam-meg,Alakazam,9,29,31,16,45.18,flareon-noctowl,Flareon Noctowl,3,66.67,overall,2026-05-25T17:06:28.794305+00:00
SVI-PFL,"47,48,49,50,51,52,53,54,55",9,alakazam-meg,Alakazam,9,29,31,16,45.18,greninja-ex,Greninja,2,16.67,overall,2026-05-25T17:06:28.794305+00:00
SVI-PFL,"47,48,49,50,51,52,53,54,55",9,alakazam-meg,Alakazam,9,29,31,16,45.18,charizard-pidgeot,Charizard Pidgeot,2,16.67,overall,2026-05-25T17:06:28.794305+00:00
SVI-PFL,"47,48,49,50,51,52,53,54,55",9,alakazam-meg,Alakazam,9,29,31,16,45.18,gardevoir-ex-sv,Gardevoir,2,50.0,overall,2026-05-25T17:06:28.794305+00:00
SVI-PFL,"47,48,49,50,51,52,53,54,55",9,alakazam-meg,Alakazam,9,29,31,16,45.18,gholdengo-joltik-box,Gholdengo Joltik Box,2,50.0,overall,2026-05-25T17:06:28.794305+00:00
SVI-PFL,"47,48,49,50,51,52,53,54,55",9,alakazam-meg,Alakazam,9,29,31,16,45.18,mega-venusaur-ex,Mega Venusaur,2,33.33,overall,2026-05-25T17:06:28.794305+00:00
SVI-PFL,"47,48,49,50,51,52,53,54,55",9,alakazam-meg,Alakazam,9,29,31,16,45.18,mega-absol-box,Mega Absol Box,2,0.0,overall,2026-05-25T17:06:28.794305+00:00
SVI-PFL,"47,48,49,50,51,52,53,54,55",9,alakazam-meg,Alakazam,9,29,31,16,45.18,dragapult-blaziken,Dragapult Blaziken,1,0.0,overall,2026-05-25T17:06:28.794305+00:00
SVI-PFL,"47,48,49,50,51,52,53,54,55",9,alakazam-meg,Alakazam,9,29,31,16,45.18,slaking-ex,Slaking,1,100.0,overall,2026-05-25T17:06:28.794305+00:00
SVI-PFL,"47,48,49,50,51,52,53,54,55",9,alakazam-meg,Alakazam,9,29,31,16,45.18,manectric-eelektrik,Manectric Eelektrik,1,100.0,overall,2026-05-25T17:06:28.794305+00:00
SVI-PFL,"47,48,49,50,51,52,53,54,55",9,alakazam-meg,Alakazam,9,29,31,16,45.18,iron-hands-magneton,Iron Hands Magneton,1,0.0,overall,2026-05-25T17:06:28.794305+00:00
SVI-PFL,"47,48,49,50,51,52,53,54,55",9,alakazam-meg,Alakazam,9,29,31,16,45.18,ursaluna-lunatone,Ursaluna Lunatone,1,100.0,overall,2026-05-25T17:06:28.794305+00:00
SVI-PFL,"47,48,49,50,51,52,53,54,55",9,alakazam-meg,Alakazam,9,29,31,16,45.18,festival-lead,Festival Lead,1,33.33,overall,2026-05-25T17:06:28.794305+00:00
SVI-PFL,"47,48,49,50,51,52,53,54,55",9,alakazam-meg,Alakazam,9,29,31,16,45.18,pidgeot-control,Pidgeot Control,1,100.0,overall,2026-05-25T17:06:28.794305+00:00
SVI-PFL,"47,48,49,50,51,52,53,54,55",9,alakazam-meg,Alakazam,9,29,31,16,45.18,dragapult-charizard,Dragapult Charizard,1,0.0,overall,2026-05-25T17:06:28.794305+00:00
SVI-PFL,"47,48,49,50,51,52,53,54,55",9,alakazam-meg,Alakazam,9,29,31,16,45.18,mega-lopunny-ex,Mega Lopunny,1,100.0,overall,2026-05-25T17:06:28.794305+00:00
SVI-PFL,"47,48,49,50,51,52,53,54,55",9,alakazam-meg,Alakazam,9,29,31,16,45.18,grimmsnarl-froslass,Grimmsnarl Froslass,1,0.0,overall,2026-05-25T17:06:28.794305+00:00
SVI-PFL,"47,48,49,50,51,52,53,54,55",9,alakazam-meg,Alakazam,9,29,31,16,45.18,ho-oh-armarouge,Ho-Oh Armarouge,1,100.0,overall,2026-05-25T17:06:28.794305+00:00
SVI-PFL,"47,48,49,50,51,52,53,54,55",9,alakazam-meg,Alakazam,9,29,31,16,45.18,conkeldurr-twm,Conkeldurr,1,100.0,overall,2026-05-25T17:06:28.794305+00:00
SVI-PFL,"47,48,49,50,51,52,53,54,55",9,alolan-exeggutor-ex,Alolan Exeggutor ex,2,2,8,1,21.21,ceruledge-ex,Ceruledge,1,0.0,overall,2026-05-25T17:06:31.656962+00:00
SVI-PFL,"47,48,49,50,51,52,53,54,55",9,alolan-exeggutor-ex,Alolan Exeggutor ex,2,2,8,1,21.21,charizard-pidgeot,Charizard Pidgeot,1,0.0,overall,2026-05-25T17:06:31.656962+00:00
SVI-PFL,"47,48,49,50,51,52,53,54,55",9,alolan-exeggutor-ex,Alolan Exeggutor ex,2,2,8,1,21.21,raging-bolt-ogerpon,Raging Bolt Ogerpon,1,0.0,overall,2026-05-25T17:06:31.656962+00:00
SVI-PFL,"47,48,49,50,51,52,53,54,55",9,alolan-exeggutor-ex,Alolan Exeggutor ex,2,2,8,1,21.21,gardevoir-jellicent,Gardevoir Jellicent,1,0.0,overall,2026-05-25T17:06:31.656962+00:00
SVI-PFL,"47,48,49,50,51,52,53,54,55",9,alolan-exeggutor-ex,Alolan Exeggutor ex,2,2,8,1,21.21,gholdengo-lunatone,Gholdengo Lunatone,1,0.0,overall,2026-05-25T17:06:31.656962+00:00
SVI-PFL,"47,48,49,50,51,52,53,54,55",9,alolan-exeggutor-ex,Alolan Exeggutor ex,2,2,8,1,21.21,dragapult-dusknoir,Dragapult Dusknoir,1,0.0,overall,2026-05-25T17:06:31.656962+00:00
SVI-PFL,"47,48,49,50,51,52,53,54,55",9,alolan-exeggutor-ex,Alolan Exeggutor ex,2,2,8,1,21.21,n-zoroark,N's Zoroark,1,100.0,overall,2026-05-25T17:06:31.656962+00:00
SVI-PFL,"47,48,49,50,51,52,53,54,55",9,alolan-exeggutor-ex,Alolan Exeggutor ex,2,2,8,1,21.21,grimmsnarl-froslass,Grimmsnarl Froslass,1,33.33,overall,2026-05-25T17:06:31.656962+00:00
SVI-PFL,"47,48,49,50,51,52,53,54,55",9,alolan-exeggutor-ex,Alolan Exeggutor ex,2,2,8,1,21.21,lopunny-dusknoir,Lopunny Dusknoir,1,0.0,overall,2026-05-25T17:06:31.656962+00:00
SVI-PFL,"47,48,49,50,51,52,53,54,55",9,alolan-exeggutor-ex,Alolan Exeggutor ex,2,2,8,1,21.21,hydrapple-ogerpon,Hydrapple Ogerpon,1,0.0,overall,2026-05-25T17:06:31.656962+00:00
SVI-PFL,"47,48,49,50,51,52,53,54,55",9,alolan-exeggutor-ex,Alolan Exeggutor ex,2,2,8,1,21.21,gardevoir-ex-sv,Gardevoir,1,100.0,overall,2026-05-25T17:06:31.656962+00:00
SVI-PFL,"47,48,49,50,51,52,53,54,55",9,ancient-box,Ancient Box,3,1,9,3,15.38,mega-absol-box,Mega Absol Box,2,16.67,overall,2026-05-25T17:06:34.545937+00:00
SVI-PFL,"47,48,49,50,51,52,53,54,55",9,ancient-box,Ancient Box,3,1,9,3,15.38,raging-bolt-ogerpon,Raging Bolt Ogerpon,1,0.0,overall,2026-05-25T17:06:34.545937+00:00
SVI-PFL,"47,48,49,50,51,52,53,54,55",9,ancient-box,Ancient Box,3,1,9,3,15.38,gardevoir-ex-sv,Gardevoir,1,0.0,overall,2026-05-25T17:06:34.545937+00:00
SVI-PFL,"47,48,49,50,51,52,53,54,55",9,ancient-box,Ancient Box,3,1,9,3,15.38,ceruledge-ex,Ceruledge,1,0.0,overall,2026-05-25T17:06:34.545937+00:00
SVI-PFL,"47,48,49,50,51,52,53,54,55",9,ancient-box,Ancient Box,3,1,9,3,15.38,flareon-noctowl,Flareon Noctowl,1,0.0,overall,2026-05-25T17:06:34.545937+00:00
SVI-PFL,"47,48,49,50,51,52,53,54,55",9,ancient-box,Ancient Box,3,1,9,3,15.38,charizard-noctowl,Charizard Noctowl,1,0.0,overall,2026-05-25T17:06:34.545937+00:00
SVI-PFL,"47,48,49,50,51,52,53,54,55",9,ancient-box,Ancient Box,3,1,9,3,15.38,lucario-hariyama,Lucario Hariyama,1,33.33,overall,2026-05-25T17:06:34.545937+00:00
SVI-PFL,"47,48,49,50,51,52,53,54,55",9,ancient-box,Ancient Box,3,1,9,3,15.38,kangaskhan-bouffalant,Kangaskhan Bouffalant,1,0.0,overall,2026-05-25T17:06:34.545937+00:00
SVI-PFL,"47,48,49,50,51,52,53,54,55",9,ancient-box,Ancient Box,3,1,9,3,15.38,dragapult-dusknoir,Dragapult Dusknoir,1,33.33,overall,2026-05-25T17:06:34.545937+00:00
SVI-PFL,"47,48,49,50,51,52,53,54,55",9,ancient-box,Ancient Box,3,1,9,3,15.38,gholdengo-ex,Gholdengo,1,100.0,overall,2026-05-25T17:06:34.545937+00:00
SVI-PFL,"47,48,49,50,51,52,53,54,55",9,ancient-box,Ancient Box,3,1,9,3,15.38,dragapult-charizard,Dragapult Charizard,1,0.0,overall,2026-05-25T17:06:34.545937+00:00
SVI-PFL,"47,48,49,50,51,52,53,54,55",9,ancient-box,Ancient Box,3,1,9,3,15.38,gholdengo-lunatone,Gholdengo Lunatone,1,0.0,overall,2026-05-25T17:06:34.545937+00:00
SVI-PFL,"47,48,49,50,51,52,53,54,55",9,archaludon-ex,Archaludon,26,66,100,30,38.78,dragapult-dusknoir,Dragapult Dusknoir,30,55.56,overall,2026-05-25T17:06:37.476502+00:00
SVI-PFL,"47,48,49,50,51,52,53,54,55",9,archaludon-ex,Archaludon,26,66,100,30,38.78,gholdengo-lunatone,Gholdengo Lunatone,21,14.29,overall,2026-05-25T17:06:37.476502+00:00
SVI-PFL,"47,48,49,50,51,52,53,54,55",9,archaludon-ex,Archaludon,26,66,100,30,38.78,grimmsnarl-froslass,Grimmsnarl Froslass,14,26.19,overall,2026-05-25T17:06:37.476502+00:00
SVI-PFL,"47,48,49,50,51,52,53,54,55",9,archaludon-ex,Archaludon,26,66,100,30,38.78,charizard-noctowl,Charizard Noctowl,14,40.48,overall,2026-05-25T17:06:37.476502+00:00
SVI-PFL,"47,48,49,50,51,52,53,54,55",9,archaludon-ex,Archaludon,26,66,100,30,38.78,gardevoir-ex-sv,Gardevoir,13,25.64,overall,2026-05-25T17:06:37.476502+00:00
SVI-PFL,"47,48,49,50,51,52,53,54,55",9,archaludon-ex,Archaludon,26,66,100,30,38.78,raging-bolt-ogerpon,Raging Bolt Ogerpon,11,30.3,overall,2026-05-25T17:06:37.476502+00:00
SVI-PFL,"47,48,49,50,51,52,53,54,55",9,archaludon-ex,Archaludon,26,66,100,30,38.78,mega-absol-box,Mega Absol Box,9,37.04,overall,2026-05-25T17:06:37.476502+00:00
SVI-PFL,"47,48,49,50,51,52,53,54,55",9,archaludon-ex,Archaludon,26,66,100,30,38.78,gardevoir-jellicent,Gardevoir Jellicent,7,52.38,overall,2026-05-25T17:06:37.476502+00:00
SVI-PFL,"47,48,49,50,51,52,53,54,55",9,archaludon-ex,Archaludon,26,66,100,30,38.78,n-zoroark,N's Zoroark,7,28.57,overall,2026-05-25T17:06:37.476502+00:00
SVI-PFL,"47,48,49,50,51,52,53,54,55",9,archaludon-ex,Archaludon,26,66,100,30,38.78,ceruledge-ex,Ceruledge,7,52.38,overall,2026-05-25T17:06:37.476502+00:00
SVI-PFL,"47,48,49,50,51,52,53,54,55",9,archaludon-ex,Archaludon,26,66,100,30,38.78,charizard-pidgeot,Charizard Pidgeot,6,27.78,overall,2026-05-25T17:06:37.476502+00:00
SVI-PFL,"47,48,49,50,51,52,53,54,55",9,archaludon-ex,Archaludon,26,66,100,30,38.78,alakazam-dudunsparce,Alakazam Dudunsparce,6,22.22,overall,2026-05-25T17:06:37.476502+00:00
SVI-PFL,"47,48,49,50,51,52,53,54,55",9,archaludon-ex,Archaludon,26,66,100,30,38.78,tera-box,Tera Box,6,66.67,overall,2026-05-25T17:06:37.476502+00:00
SVI-PFL,"47,48,49,50,51,52,53,54,55",9,archaludon-ex,Archaludon,26,66,100,30,38.78,dragapult-charizard,Dragapult Charizard,4,66.67,overall,2026-05-25T17:06:37.476502+00:00
SVI-PFL,"47,48,49,50,51,52,53,54,55",9,archaludon-ex,Archaludon,26,66,100,30,38.78,greninja-ex,Greninja,4,33.33,overall,2026-05-25T17:06:37.476502+00:00
SVI-PFL,"47,48,49,50,51,52,53,54,55",9,archaludon-ex,Archaludon,26,66,100,30,38.78,lopunny-dusknoir,Lopunny Dusknoir,3,33.33,overall,2026-05-25T17:06:37.476502+00:00
SVI-PFL,"47,48,49,50,51,52,53,54,55",9,archaludon-ex,Archaludon,26,66,100,30,38.78,cynthia-garchomp-ex,Cynthia's Garchomp,3,33.33,overall,2026-05-25T17:06:37.476502+00:00
SVI-PFL,"47,48,49,50,51,52,53,54,55",9,archaludon-ex,Archaludon,26,66,100,30,38.78,flareon-noctowl,Flareon Noctowl,2,16.67,overall,2026-05-25T17:06:37.476502+00:00
SVI-PFL,"47,48,49,50,51,52,53,54,55",9,archaludon-ex,Archaludon,26,66,100,30,38.78,gholdengo-joltik-box,Gholdengo Joltik Box,2,16.67,overall,2026-05-25T17:06:37.476502+00:00
SVI-PFL,"47,48,49,50,51,52,53,54,55",9,archaludon-ex,Archaludon,26,66,100,30,38.78,hydrapple-ogerpon,Hydrapple Ogerpon,2,50.0,overall,2026-05-25T17:06:37.476502+00:00
SVI-PFL,"47,48,49,50,51,52,53,54,55",9,archaludon-ex,Archaludon,26,66,100,30,38.78,froslass-munkidori,Froslass Munkidori,2,16.67,overall,2026-05-25T17:06:37.476502+00:00
SVI-PFL,"47,48,49,50,51,52,53,54,55",9,archaludon-ex,Archaludon,26,66,100,30,38.78,ethan-typhlosion,Ethan's Typhlosion,2,66.67,overall,2026-05-25T17:06:37.476502+00:00
SVI-PFL,"47,48,49,50,51,52,53,54,55",9,archaludon-ex,Archaludon,26,66,100,30,38.78,joltik-box,Joltik Box,2,50.0,overall,2026-05-25T17:06:37.476502+00:00
SVI-PFL,"47,48,49,50,51,52,53,54,55",9,archaludon-ex,Archaludon,26,66,100,30,38.78,crustle-dri,Crustle,2,50.0,overall,2026-05-25T17:06:37.476502+00:00
SVI-PFL,"47,48,49,50,51,52,53,54,55",9,archaludon-ex,Archaludon,26,66,100,30,38.78,dragapult-blaziken,Dragapult Blaziken,1,33.33,overall,2026-05-25T17:06:37.476502+00:00
SVI-PFL,"47,48,49,50,51,52,53,54,55",9,archaludon-ex,Archaludon,26,66,100,30,38.78,mamoswine-ex,Mamoswine,1,0.0,overall,2026-05-25T17:06:37.476502+00:00
SVI-PFL,"47,48,49,50,51,52,53,54,55",9,archaludon-ex,Archaludon,26,66,100,30,38.78,gholdengo-ex,Gholdengo,1,100.0,overall,2026-05-25T17:06:37.476502+00:00
SVI-PFL,"47,48,49,50,51,52,53,54,55",9,archaludon-ex,Archaludon,26,66,100,30,38.78,paldean-tauros-pfl,Paldean Tauros,1,100.0,overall,2026-05-25T17:06:37.476502+00:00
SVI-PFL,"47,48,49,50,51,52,53,54,55",9,archaludon-ex,Archaludon,26,66,100,30,38.78,raging-bolt-ex,Raging Bolt,1,100.0,overall,2026-05-25T17:06:37.476502+00:00
SVI-PFL,"47,48,49,50,51,52,53,54,55",9,archaludon-ex,Archaludon,26,66,100,30,38.78,rocket-nidoking-ex,Rocket's Nidoking,1,100.0,overall,2026-05-25T17:06:37.476502+00:00
SVI-PFL,"47,48,49,50,51,52,53,54,55",9,archaludon-ex,Archaludon,26,66,100,30,38.78,ogerpon-meganium,Ogerpon Meganium,1,0.0,overall,2026-05-25T17:06:37.476502+00:00
SVI-PFL,"47,48,49,50,51,52,53,54,55",9,archaludon-ex,Archaludon,26,66,100,30,38.78,kangaskhan-forretress,Kangaskhan Forretress,1,100.0,overall,2026-05-25T17:06:37.476502+00:00
SVI-PFL,"47,48,49,50,51,52,53,54,55",9,archaludon-ex,Archaludon,26,66,100,30,38.78,kangaskhan-bouffalant,Kangaskhan Bouffalant,1,0.0,overall,2026-05-25T17:06:37.476502+00:00
SVI-PFL,"47,48,49,50,51,52,53,54,55",9,archaludon-ex,Archaludon,26,66,100,30,38.78,toxtricity-pfl,Toxtricity Box,1,100.0,overall,2026-05-25T17:06:37.476502+00:00
SVI-PFL,"47,48,49,50,51,52,53,54,55",9,archaludon-ex,Archaludon,26,66,100,30,38.78,hydreigon-ex,Hydreigon,1,100.0,overall,2026-05-25T17:06:37.476502+00:00
SVI-PFL,"47,48,49,50,51,52,53,54,55",9,archaludon-ex,Archaludon,26,66,100,30,38.78,lucario-hariyama,Lucario Hariyama,1,0.0,overall,2026-05-25T17:06:37.476502+00:00
SVI-PFL,"47,48,49,50,51,52,53,54,55",9,archaludon-ex,Archaludon,26,66,100,30,38.78,iron-thorns-crustle,Iron Thorns Crustle,1,0.0,overall,2026-05-25T17:06:37.476502+00:00
SVI-PFL,"47,48,49,50,51,52,53,54,55",9,archaludon-ex,Archaludon,26,66,100,30,38.78,ursaluna-lunatone,Ursaluna Lunatone,1,0.0,overall,2026-05-25T17:06:37.476502+00:00
SVI-PFL,"47,48,49,50,51,52,53,54,55",9,archaludon-ex,Archaludon,26,66,100,30,38.78,mega-kangaskhan-ex,Mega Kangaskhan,1,100.0,overall,2026-05-25T17:06:37.476502+00:00
SVI-PFL,"47,48,49,50,51,52,53,54,55",9,archaludon-ex,Archaludon,26,66,100,30,38.78,dragapult-ex,Dragapult,1,100.0,overall,2026-05-25T17:06:37.476502+00:00
SVI-PFL,"47,48,49,50,51,52,53,54,55",9,archaludon-ex,Archaludon,26,66,100,30,38.78,yanmega-ex,Yanmega,1,0.0,overall,2026-05-25T17:06:37.476502+00:00
SVI-PFL,"47,48,49,50,51,52,53,54,55",9,archaludon-zoroark,Archaludon Zoroark,1,0,1,0,0.0,roaring-moon-ex,Roaring Moon,1,0.0,overall,2026-05-25T17:06:40.349819+00:00
SVI-PFL,"47,48,49,50,51,52,53,54,55",9,blaziken-ex-jtg,Blaziken,5,12,22,0,35.29,gholdengo-lunatone,Gholdengo Lunatone,6,33.33,overall,2026-05-25T17:06:43.236942+00:00
SVI-PFL,"47,48,49,50,51,52,53,54,55",9,blaziken-ex-jtg,Blaziken,5,12,22,0,35.29,charizard-pidgeot,Charizard Pidgeot,3,0.0,overall,2026-05-25T17:06:43.236942+00:00
SVI-PFL,"47,48,49,50,51,52,53,54,55",9,blaziken-ex-jtg,Blaziken,5,12,22,0,35.29,charizard-noctowl,Charizard Noctowl,3,33.33,overall,2026-05-25T17:06:43.236942+00:00
SVI-PFL,"47,48,49,50,51,52,53,54,55",9,blaziken-ex-jtg,Blaziken,5,12,22,0,35.29,dragapult-dusknoir,Dragapult Dusknoir,2,50.0,overall,2026-05-25T17:06:43.236942+00:00
SVI-PFL,"47,48,49,50,51,52,53,54,55",9,blaziken-ex-jtg,Blaziken,5,12,22,0,35.29,sharpedo-toxtricity,Sharpedo Toxtricity,2,50.0,overall,2026-05-25T17:06:43.236942+00:00
SVI-PFL,"47,48,49,50,51,52,53,54,55",9,blaziken-ex-jtg,Blaziken,5,12,22,0,35.29,grimmsnarl-froslass,Grimmsnarl Froslass,1,0.0,overall,2026-05-25T17:06:43.236942+00:00
SVI-PFL,"47,48,49,50,51,52,53,54,55",9,blaziken-ex-jtg,Blaziken,5,12,22,0,35.29,gardevoir-jellicent,Gardevoir Jellicent,1,100.0,overall,2026-05-25T17:06:43.236942+00:00
SVI-PFL,"47,48,49,50,51,52,53,54,55",9,blaziken-ex-jtg,Blaziken,5,12,22,0,35.29,n-zoroark,N's Zoroark,1,100.0,overall,2026-05-25T17:06:43.236942+00:00
SVI-PFL,"47,48,49,50,51,52,53,54,55",9,blaziken-ex-jtg,Blaziken,5,12,22,0,35.29,gholdengo-typhlosion,Gholdengo Typhlosion,1,0.0,overall,2026-05-25T17:06:43.236942+00:00
SVI-PFL,"47,48,49,50,51,52,53,54,55",9,blaziken-ex-jtg,Blaziken,5,12,22,0,35.29,gholdengo-ex,Gholdengo,1,100.0,overall,2026-05-25T17:06:43.236942+00:00
SVI-PFL,"47,48,49,50,51,52,53,54,55",9,blaziken-ex-jtg,Blaziken,5,12,22,0,35.29,mega-latias-ex,Mega Latias,1,0.0,overall,2026-05-25T17:06:43.236942+00:00
SVI-PFL,"47,48,49,50,51,52,53,54,55",9,blaziken-ex-jtg,Blaziken,5,12,22,0,35.29,ethan-typhlosion,Ethan's Typhlosion,1,100.0,overall,2026-05-25T17:06:43.236942+00:00
SVI-PFL,"47,48,49,50,51,52,53,54,55",9,blaziken-ex-jtg,Blaziken,5,12,22,0,35.29,ceruledge-ex,Ceruledge,1,0.0,overall,2026-05-25T17:06:43.236942+00:00
SVI-PFL,"47,48,49,50,51,52,53,54,55",9,blaziken-ex-jtg,Blaziken,5,12,22,0,35.29,raging-bolt-ogerpon,Raging Bolt Ogerpon,1,0.0,overall,2026-05-25T17:06:43.236942+00:00
SVI-PFL,"47,48,49,50,51,52,53,54,55",9,blaziken-ex-jtg,Blaziken,5,12,22,0,35.29,joltik-box,Joltik Box,1,100.0,overall,2026-05-25T17:06:43.236942+00:00
SVI-PFL,"47,48,49,50,51,52,53,54,55",9,blaziken-ex-jtg,Blaziken,5,12,22,0,35.29,dragapult-charizard,Dragapult Charizard,1,0.0,overall,2026-05-25T17:06:43.236942+00:00
SVI-PFL,"47,48,49,50,51,52,53,54,55",9,blaziken-ex-jtg,Blaziken,5,12,22,0,35.29,mega-absol-box,Mega Absol Box,1,0.0,overall,2026-05-25T17:06:43.236942+00:00
SVI-PFL,"47,48,49,50,51,52,53,54,55",9,blaziken-ex-jtg,Blaziken,5,12,22,0,35.29,mega-abomasnow-ex,Mega Abomasnow,1,0.0,overall,2026-05-25T17:06:43.236942+00:00
SVI-PFL,"47,48,49,50,51,52,53,54,55",9,blaziken-ex-jtg,Blaziken,5,12,22,0,35.29,cynthia-garchomp-ex,Cynthia's Garchomp,1,0.0,overall,2026-05-25T17:06:43.236942+00:00
SVI-PFL,"47,48,49,50,51,52,53,54,55",9,blaziken-ex-jtg,Blaziken,5,12,22,0,35.29,palafin-ex,Palafin,1,100.0,overall,2026-05-25T17:06:43.236942+00:00
SVI-PFL,"47,48,49,50,51,52,53,54,55",9,blaziken-ex-jtg,Blaziken,5,12,22,0,35.29,iron-thorns-crustle,Iron Thorns Crustle,1,100.0,overall,2026-05-25T17:06:43.236942+00:00
SVI-PFL,"47,48,49,50,51,52,53,54,55",9,blaziken-ex-jtg,Blaziken,5,12,22,0,35.29,great-tusk-tef,Great Tusk Mill,1,0.0,overall,2026-05-25T17:06:43.236942+00:00
SVI-PFL,"47,48,49,50,51,52,53,54,55",9,blaziken-zoroark,Blaziken Zoroark,2,6,8,1,42.22,dragapult-dusknoir,Dragapult Dusknoir,3,33.33,overall,2026-05-25T17:06:46.172491+00:00
SVI-PFL,"47,48,49,50,51,52,53,54,55",9,blaziken-zoroark,Blaziken Zoroark,2,6,8,1,42.22,dragapult-charizard,Dragapult Charizard,2,50.0,overall,2026-05-25T17:06:46.172491+00:00
SVI-PFL,"47,48,49,50,51,52,53,54,55",9,blaziken-zoroark,Blaziken Zoroark,2,6,8,1,42.22,greninja-ex,Greninja,2,0.0,overall,2026-05-25T17:06:46.172491+00:00
SVI-PFL,"47,48,49,50,51,52,53,54,55",9,blaziken-zoroark,Blaziken Zoroark,2,6,8,1,42.22,n-zoroark,N's Zoroark,1,100.0,overall,2026-05-25T17:06:46.172491+00:00
SVI-PFL,"47,48,49,50,51,52,53,54,55",9,blaziken-zoroark,Blaziken Zoroark,2,6,8,1,42.22,kangaskhan-bouffalant,Kangaskhan Bouffalant,1,33.33,overall,2026-05-25T17:06:46.172491+00:00
SVI-PFL,"47,48,49,50,51,52,53,54,55",9,blaziken-zoroark,Blaziken Zoroark,2,6,8,1,42.22,gardevoir-jellicent,Gardevoir Jellicent,1,100.0,overall,2026-05-25T17:06:46.172491+00:00
SVI-PFL,"47,48,49,50,51,52,53,54,55",9,blaziken-zoroark,Blaziken Zoroark,2,6,8,1,42.22,gholdengo-lunatone,Gholdengo Lunatone,1,0.0,overall,2026-05-25T17:06:46.172491+00:00
SVI-PFL,"47,48,49,50,51,52,53,54,55",9,blaziken-zoroark,Blaziken Zoroark,2,6,8,1,42.22,gardevoir-ex-sv,Gardevoir,1,100.0,overall,2026-05-25T17:06:46.172491+00:00
SVI-PFL,"47,48,49,50,51,52,53,54,55",9,blaziken-zoroark,Blaziken Zoroark,2,6,8,1,42.22,raging-bolt-ogerpon,Raging Bolt Ogerpon,1,100.0,overall,2026-05-25T17:06:46.172491+00:00
SVI-PFL,"47,48,49,50,51,52,53,54,55",9,blaziken-zoroark,Blaziken Zoroark,2,6,8,1,42.22,grimmsnarl-froslass,Grimmsnarl Froslass,1,0.0,overall,2026-05-25T17:06:46.172491+00:00
SVI-PFL,"47,48,49,50,51,52,53,54,55",9,blaziken-zoroark,Blaziken Zoroark,2,6,8,1,42.22,gholdengo-typhlosion,Gholdengo Typhlosion,1,0.0,overall,2026-05-25T17:06:46.172491+00:00
SVI-PFL,"47,48,49,50,51,52,53,54,55",9,ceruledge-ex,Ceruledge,425,1260,1532,526,43.26,gholdengo-lunatone,Gholdengo Lunatone,536,56.47,overall,2026-05-25T17:06:49.053726+00:00
SVI-PFL,"47,48,49,50,51,52,53,54,55",9,ceruledge-ex,Ceruledge,425,1260,1532,526,43.26,dragapult-dusknoir,Dragapult Dusknoir,468,43.87,overall,2026-05-25T17:06:49.053726+00:00
SVI-PFL,"47,48,49,50,51,52,53,54,55",9,ceruledge-ex,Ceruledge,425,1260,1532,526,43.26,gardevoir-jellicent,Gardevoir Jellicent,207,41.55,overall,2026-05-25T17:06:49.053726+00:00
SVI-PFL,"47,48,49,50,51,52,53,54,55",9,ceruledge-ex,Ceruledge,425,1260,1532,526,43.26,charizard-noctowl,Charizard Noctowl,202,30.53,overall,2026-05-25T17:06:49.053726+00:00
SVI-PFL,"47,48,49,50,51,52,53,54,55",9,ceruledge-ex,Ceruledge,425,1260,1532,526,43.26,gardevoir-ex-sv,Gardevoir,197,31.81,overall,2026-05-25T17:06:49.053726+00:00
SVI-PFL,"47,48,49,50,51,52,53,54,55",9,ceruledge-ex,Ceruledge,425,1260,1532,526,43.26,charizard-pidgeot,Charizard Pidgeot,181,39.04,overall,2026-05-25T17:06:49.053726+00:00
SVI-PFL,"47,48,49,50,51,52,53,54,55",9,ceruledge-ex,Ceruledge,425,1260,1532,526,43.26,raging-bolt-ogerpon,Raging Bolt Ogerpon,139,42.93,overall,2026-05-25T17:06:49.053726+00:00
SVI-PFL,"47,48,49,50,51,52,53,54,55",9,ceruledge-ex,Ceruledge,425,1260,1532,526,43.26,grimmsnarl-froslass,Grimmsnarl Froslass,134,33.58,overall,2026-05-25T17:06:49.053726+00:00
SVI-PFL,"47,48,49,50,51,52,53,54,55",9,ceruledge-ex,Ceruledge,425,1260,1532,526,43.26,mega-absol-box,Mega Absol Box,130,49.74,overall,2026-05-25T17:06:49.053726+00:00
SVI-PFL,"47,48,49,50,51,52,53,54,55",9,ceruledge-ex,Ceruledge,425,1260,1532,526,43.26,n-zoroark,N's Zoroark,103,67.64,overall,2026-05-25T17:06:49.053726+00:00
SVI-PFL,"47,48,49,50,51,52,53,54,55",9,ceruledge-ex,Ceruledge,425,1260,1532,526,43.26,alakazam-dudunsparce,Alakazam Dudunsparce,81,22.63,overall,2026-05-25T17:06:49.053726+00:00
SVI-PFL,"47,48,49,50,51,52,53,54,55",9,ceruledge-ex,Ceruledge,425,1260,1532,526,43.26,dragapult-charizard,Dragapult Charizard,62,41.94,overall,2026-05-25T17:06:49.053726+00:00
SVI-PFL,"47,48,49,50,51,52,53,54,55",9,ceruledge-ex,Ceruledge,425,1260,1532,526,43.26,kangaskhan-bouffalant,Kangaskhan Bouffalant,58,28.74,overall,2026-05-25T17:06:49.053726+00:00
SVI-PFL,"47,48,49,50,51,52,53,54,55",9,ceruledge-ex,Ceruledge,425,1260,1532,526,43.26,tera-box,Tera Box,53,36.48,overall,2026-05-25T17:06:49.053726+00:00
SVI-PFL,"47,48,49,50,51,52,53,54,55",9,ceruledge-ex,Ceruledge,425,1260,1532,526,43.26,lopunny-dusknoir,Lopunny Dusknoir,49,42.18,overall,2026-05-25T17:06:49.053726+00:00
SVI-PFL,"47,48,49,50,51,52,53,54,55",9,ceruledge-ex,Ceruledge,425,1260,1532,526,43.26,joltik-box,Joltik Box,48,28.47,overall,2026-05-25T17:06:49.053726+00:00
SVI-PFL,"47,48,49,50,51,52,53,54,55",9,ceruledge-ex,Ceruledge,425,1260,1532,526,43.26,flareon-noctowl,Flareon Noctowl,48,40.28,overall,2026-05-25T17:06:49.053726+00:00
SVI-PFL,"47,48,49,50,51,52,53,54,55",9,ceruledge-ex,Ceruledge,425,1260,1532,526,43.26,ceruledge-ex,Ceruledge,44,47.35,overall,2026-05-25T17:06:49.053726+00:00
SVI-PFL,"47,48,49,50,51,52,53,54,55",9,ceruledge-ex,Ceruledge,425,1260,1532,526,43.26,sharpedo-toxtricity,Sharpedo Toxtricity,33,50.51,overall,2026-05-25T17:06:49.053726+00:00
SVI-PFL,"47,48,49,50,51,52,53,54,55",9,ceruledge-ex,Ceruledge,425,1260,1532,526,43.26,greninja-ex,Greninja,27,32.1,overall,2026-05-25T17:06:49.053726+00:00
SVI-PFL,"47,48,49,50,51,52,53,54,55",9,ceruledge-ex,Ceruledge,425,1260,1532,526,43.26,other,Other,24,44.44,overall,2026-05-25T17:06:49.053726+00:00
SVI-PFL,"47,48,49,50,51,52,53,54,55",9,ceruledge-ex,Ceruledge,425,1260,1532,526,43.26,iron-hands-magneton,Iron Hands Magneton,24,50.0,overall,2026-05-25T17:06:49.053726+00:00
SVI-PFL,"47,48,49,50,51,52,53,54,55",9,ceruledge-ex,Ceruledge,425,1260,1532,526,43.26,lucario-hariyama,Lucario Hariyama,23,49.28,overall,2026-05-25T17:06:49.053726+00:00
SVI-PFL,"47,48,49,50,51,52,53,54,55",9,ceruledge-ex,Ceruledge,425,1260,1532,526,43.26,crustle-dri,Crustle,22,4.55,overall,2026-05-25T17:06:49.053726+00:00
SVI-PFL,"47,48,49,50,51,52,53,54,55",9,ceruledge-ex,Ceruledge,425,1260,1532,526,43.26,gholdengo-joltik-box,Gholdengo Joltik Box,22,51.52,overall,2026-05-25T17:06:49.053726+00:00
SVI-PFL,"47,48,49,50,51,52,53,54,55",9,ceruledge-ex,Ceruledge,425,1260,1532,526,43.26,slowking-scr,Slowking,22,18.18,overall,2026-05-25T17:06:49.053726+00:00
SVI-PFL,"47,48,49,50,51,52,53,54,55",9,ceruledge-ex,Ceruledge,425,1260,1532,526,43.26,mega-venusaur-ex,Mega Venusaur,21,76.19,overall,2026-05-25T17:06:49.053726+00:00
SVI-PFL,"47,48,49,50,51,52,53,54,55",9,ceruledge-ex,Ceruledge,425,1260,1532,526,43.26,cynthia-garchomp-ex,Cynthia's Garchomp,17,52.94,overall,2026-05-25T17:06:49.053726+00:00
SVI-PFL,"47,48,49,50,51,52,53,54,55",9,ceruledge-ex,Ceruledge,425,1260,1532,526,43.26,gholdengo-ex,Gholdengo,16,81.25,overall,2026-05-25T17:06:49.053726+00:00
SVI-PFL,"47,48,49,50,51,52,53,54,55",9,ceruledge-ex,Ceruledge,425,1260,1532,526,43.26,rocket-mewtwo-ex,Rocket's Mewtwo,13,30.77,overall,2026-05-25T17:06:49.053726+00:00
SVI-PFL,"47,48,49,50,51,52,53,54,55",9,ceruledge-ex,Ceruledge,425,1260,1532,526,43.26,froslass-munkidori,Froslass Munkidori,13,12.82,overall,2026-05-25T17:06:49.053726+00:00
SVI-PFL,"47,48,49,50,51,52,53,54,55",9,ceruledge-ex,Ceruledge,425,1260,1532,526,43.26,pidgeot-control,Pidgeot Control,13,28.21,overall,2026-05-25T17:06:49.053726+00:00
SVI-PFL,"47,48,49,50,51,52,53,54,55",9,ceruledge-ex,Ceruledge,425,1260,1532,526,43.26,festival-lead,Festival Lead,11,9.09,overall,2026-05-25T17:06:49.053726+00:00
SVI-PFL,"47,48,49,50,51,52,53,54,55",9,ceruledge-ex,Ceruledge,425,1260,1532,526,43.26,ursaluna-lunatone,Ursaluna Lunatone,11,45.45,overall,2026-05-25T17:06:49.053726+00:00
SVI-PFL,"47,48,49,50,51,52,53,54,55",9,ceruledge-ex,Ceruledge,425,1260,1532,526,43.26,roaring-moon-ex,Roaring Moon,11,36.36,overall,2026-05-25T17:06:49.053726+00:00
SVI-PFL,"47,48,49,50,51,52,53,54,55",9,ceruledge-ex,Ceruledge,425,1260,1532,526,43.26,ethan-typhlosion,Ethan's Typhlosion,10,43.33,overall,2026-05-25T17:06:49.053726+00:00
SVI-PFL,"47,48,49,50,51,52,53,54,55",9,ceruledge-ex,Ceruledge,425,1260,1532,526,43.26,toxtricity-pfl,Toxtricity Box,10,66.67,overall,2026-05-25T17:06:49.053726+00:00
SVI-PFL,"47,48,49,50,51,52,53,54,55",9,ceruledge-ex,Ceruledge,425,1260,1532,526,43.26,dragapult-ex,Dragapult,10,43.33,overall,2026-05-25T17:06:49.053726+00:00
SVI-PFL,"47,48,49,50,51,52,53,54,55",9,ceruledge-ex,Ceruledge,425,1260,1532,526,43.26,hydrapple-ogerpon,Hydrapple Ogerpon,10,76.67,overall,2026-05-25T17:06:49.053726+00:00
SVI-PFL,"47,48,49,50,51,52,53,54,55",9,ceruledge-ex,Ceruledge,425,1260,1532,526,43.26,dragapult-blaziken,Dragapult Blaziken,9,40.74,overall,2026-05-25T17:06:49.053726+00:00
SVI-PFL,"47,48,49,50,51,52,53,54,55",9,ceruledge-ex,Ceruledge,425,1260,1532,526,43.26,ho-oh-armarouge,Ho-Oh Armarouge,8,45.83,overall,2026-05-25T17:06:49.053726+00:00
SVI-PFL,"47,48,49,50,51,52,53,54,55",9,ceruledge-ex,Ceruledge,425,1260,1532,526,43.26,ogerpon-meganium,Ogerpon Meganium,7,100.0,overall,2026-05-25T17:06:49.053726+00:00
SVI-PFL,"47,48,49,50,51,52,53,54,55",9,ceruledge-ex,Ceruledge,425,1260,1532,526,43.26,marnie-grimmsnarl-ex,Marnie's Grimmsnarl,7,28.57,overall,2026-05-25T17:06:49.053726+00:00
SVI-PFL,"47,48,49,50,51,52,53,54,55",9,ceruledge-ex,Ceruledge,425,1260,1532,526,43.26,archaludon-ex,Archaludon,7,38.1,overall,2026-05-25T17:06:49.053726+00:00
SVI-PFL,"47,48,49,50,51,52,53,54,55",9,ceruledge-ex,Ceruledge,425,1260,1532,526,43.26,seaking-pre,Seaking Festival Lead,7,4.76,overall,2026-05-25T17:06:49.053726+00:00
SVI-PFL,"47,48,49,50,51,52,53,54,55",9,ceruledge-ex,Ceruledge,425,1260,1532,526,43.26,manectric-eelektrik,Manectric Eelektrik,6,50.0,overall,2026-05-25T17:06:49.053726+00:00
SVI-PFL,"47,48,49,50,51,52,53,54,55",9,ceruledge-ex,Ceruledge,425,1260,1532,526,43.26,conkeldurr-twm,Conkeldurr,6,16.67,overall,2026-05-25T17:06:49.053726+00:00
SVI-PFL,"47,48,49,50,51,52,53,54,55",9,ceruledge-ex,Ceruledge,425,1260,1532,526,43.26,charizard-ex,Charizard,6,77.78,overall,2026-05-25T17:06:49.053726+00:00
SVI-PFL,"47,48,49,50,51,52,53,54,55",9,ceruledge-ex,Ceruledge,425,1260,1532,526,43.26,mega-charizard-x-ex,Mega Charizard X,5,46.67,overall,2026-05-25T17:06:49.053726+00:00
SVI-PFL,"47,48,49,50,51,52,53,54,55",9,ceruledge-ex,Ceruledge,425,1260,1532,526,43.26,mega-lucario-ex,Mega Lucario,4,33.33,overall,2026-05-25T17:06:49.053726+00:00
SVI-PFL,"47,48,49,50,51,52,53,54,55",9,ceruledge-ex,Ceruledge,425,1260,1532,526,43.26,mamoswine-ex,Mamoswine,4,83.33,overall,2026-05-25T17:06:49.053726+00:00
SVI-PFL,"47,48,49,50,51,52,53,54,55",9,ceruledge-ex,Ceruledge,425,1260,1532,526,43.26,miraidon-eelektrik,Miraidon Eelektrik,4,33.33,overall,2026-05-25T17:06:49.053726+00:00
SVI-PFL,"47,48,49,50,51,52,53,54,55",9,ceruledge-ex,Ceruledge,425,1260,1532,526,43.26,kangaskhan-forretress,Kangaskhan Forretress,4,8.33,overall,2026-05-25T17:06:49.053726+00:00
SVI-PFL,"47,48,49,50,51,52,53,54,55",9,ceruledge-ex,Ceruledge,425,1260,1532,526,43.26,iron-thorns-crustle,Iron Thorns Crustle,4,0.0,overall,2026-05-25T17:06:49.053726+00:00
SVI-PFL,"47,48,49,50,51,52,53,54,55",9,ceruledge-ex,Ceruledge,425,1260,1532,526,43.26,hydreigon-ex,Hydreigon,3,33.33,overall,2026-05-25T17:06:49.053726+00:00
SVI-PFL,"47,48,49,50,51,52,53,54,55",9,ceruledge-ex,Ceruledge,425,1260,1532,526,43.26,toedscruel-ex,Toedscruel,3,100.0,overall,2026-05-25T17:06:49.053726+00:00
SVI-PFL,"47,48,49,50,51,52,53,54,55",9,ceruledge-ex,Ceruledge,425,1260,1532,526,43.26,charizard-dragapult,Charizard Dragapult,3,33.33,overall,2026-05-25T17:06:49.053726+00:00
SVI-PFL,"47,48,49,50,51,52,53,54,55",9,ceruledge-ex,Ceruledge,425,1260,1532,526,43.26,okidogi-ex,Okidogi,3,77.78,overall,2026-05-25T17:06:49.053726+00:00
SVI-PFL,"47,48,49,50,51,52,53,54,55",9,ceruledge-ex,Ceruledge,425,1260,1532,526,43.26,alakazam-meg,Alakazam,3,33.33,overall,2026-05-25T17:06:49.053726+00:00
SVI-PFL,"47,48,49,50,51,52,53,54,55",9,ceruledge-ex,Ceruledge,425,1260,1532,526,43.26,chien-pao-baxcalibur,Chien-Pao Baxcalibur,3,66.67,overall,2026-05-25T17:06:49.053726+00:00
SVI-PFL,"47,48,49,50,51,52,53,54,55",9,ceruledge-ex,Ceruledge,425,1260,1532,526,43.26,tsareena-ex,Tsareena,2,100.0,overall,2026-05-25T17:06:49.053726+00:00
SVI-PFL,"47,48,49,50,51,52,53,54,55",9,ceruledge-ex,Ceruledge,425,1260,1532,526,43.26,zoroark-crustle,Zoroark Crustle,2,0.0,overall,2026-05-25T17:06:49.053726+00:00
SVI-PFL,"47,48,49,50,51,52,53,54,55",9,ceruledge-ex,Ceruledge,425,1260,1532,526,43.26,mega-kangaskhan-ex,Mega Kangaskhan,2,66.67,overall,2026-05-25T17:06:49.053726+00:00
SVI-PFL,"47,48,49,50,51,52,53,54,55",9,ceruledge-ex,Ceruledge,425,1260,1532,526,43.26,mega-abomasnow-ex,Mega Abomasnow,2,50.0,overall,2026-05-25T17:06:49.053726+00:00
SVI-PFL,"47,48,49,50,51,52,53,54,55",9,ceruledge-ex,Ceruledge,425,1260,1532,526,43.26,copperajah-ex,Copperajah,2,100.0,overall,2026-05-25T17:06:49.053726+00:00
SVI-PFL,"47,48,49,50,51,52,53,54,55",9,ceruledge-ex,Ceruledge,425,1260,1532,526,43.26,alakazam-ex,Alakazam,2,100.0,overall,2026-05-25T17:06:49.053726+00:00
SVI-PFL,"47,48,49,50,51,52,53,54,55",9,ceruledge-ex,Ceruledge,425,1260,1532,526,43.26,slaking-ex,Slaking,2,16.67,overall,2026-05-25T17:06:49.053726+00:00
SVI-PFL,"47,48,49,50,51,52,53,54,55",9,ceruledge-ex,Ceruledge,425,1260,1532,526,43.26,ethan-magcargo,Ethan's Magcargo,2,16.67,overall,2026-05-25T17:06:49.053726+00:00
SVI-PFL,"47,48,49,50,51,52,53,54,55",9,ceruledge-ex,Ceruledge,425,1260,1532,526,43.26,hop-zacian,Hop's Zacian,2,100.0,overall,2026-05-25T17:06:49.053726+00:00
SVI-PFL,"47,48,49,50,51,52,53,54,55",9,ceruledge-ex,Ceruledge,425,1260,1532,526,43.26,alolan-exeggutor-ex,Alolan Exeggutor ex,1,100.0,overall,2026-05-25T17:06:49.053726+00:00
SVI-PFL,"47,48,49,50,51,52,53,54,55",9,ceruledge-ex,Ceruledge,425,1260,1532,526,43.26,incineroar-ex,Incineroar,1,0.0,overall,2026-05-25T17:06:49.053726+00:00
SVI-PFL,"47,48,49,50,51,52,53,54,55",9,ceruledge-ex,Ceruledge,425,1260,1532,526,43.26,future-box,Future Box,1,33.33,overall,2026-05-25T17:06:49.053726+00:00
SVI-PFL,"47,48,49,50,51,52,53,54,55",9,ceruledge-ex,Ceruledge,425,1260,1532,526,43.26,poison-mega-latias,Poison Latias,1,0.0,overall,2026-05-25T17:06:49.053726+00:00
SVI-PFL,"47,48,49,50,51,52,53,54,55",9,ceruledge-ex,Ceruledge,425,1260,1532,526,43.26,farigiraf-milotic,Farigiraf Milotic,1,0.0,overall,2026-05-25T17:06:49.053726+00:00
SVI-PFL,"47,48,49,50,51,52,53,54,55",9,ceruledge-ex,Ceruledge,425,1260,1532,526,43.26,tyranitar-jtg,Tyranitar,1,0.0,overall,2026-05-25T17:06:49.053726+00:00
SVI-PFL,"47,48,49,50,51,52,53,54,55",9,ceruledge-ex,Ceruledge,425,1260,1532,526,43.26,blaziken-ex-jtg,Blaziken,1,100.0,overall,2026-05-25T17:06:49.053726+00:00
SVI-PFL,"47,48,49,50,51,52,53,54,55",9,ceruledge-ex,Ceruledge,425,1260,1532,526,43.26,palafin-ex,Palafin,1,0.0,overall,2026-05-25T17:06:49.053726+00:00
SVI-PFL,"47,48,49,50,51,52,53,54,55",9,ceruledge-ex,Ceruledge,425,1260,1532,526,43.26,reging-bolt-bellibolt,Raging Bolt Bellibolt,1,0.0,overall,2026-05-25T17:06:49.053726+00:00
SVI-PFL,"47,48,49,50,51,52,53,54,55",9,ceruledge-ex,Ceruledge,425,1260,1532,526,43.26,ancient-box,Ancient Box,1,100.0,overall,2026-05-25T17:06:49.053726+00:00
SVI-PFL,"47,48,49,50,51,52,53,54,55",9,ceruledge-ex,Ceruledge,425,1260,1532,526,43.26,mega-lopunny-ex,Mega Lopunny,1,100.0,overall,2026-05-25T17:06:49.053726+00:00
SVI-PFL,"47,48,49,50,51,52,53,54,55",9,ceruledge-ex,Ceruledge,425,1260,1532,526,43.26,rocket-nidoking-ex,Rocket's Nidoking,1,100.0,overall,2026-05-25T17:06:49.053726+00:00
SVI-PFL,"47,48,49,50,51,52,53,54,55",9,ceruledge-ex,Ceruledge,425,1260,1532,526,43.26,paldean-tauros-pfl,Paldean Tauros,1,100.0,overall,2026-05-25T17:06:49.053726+00:00
SVI-PFL,"47,48,49,50,51,52,53,54,55",9,ceruledge-ex,Ceruledge,425,1260,1532,526,43.26,rocket-porygon-z,Rocket's Porygon-Z,1,100.0,overall,2026-05-25T17:06:49.053726+00:00
SVI-PFL,"47,48,49,50,51,52,53,54,55",9,ceruledge-ex,Ceruledge,425,1260,1532,526,43.26,dragapult-pidgeot,Dragapult Pidgeot,1,100.0,overall,2026-05-25T17:06:49.053726+00:00
SVI-PFL,"47,48,49,50,51,52,53,54,55",9,ceruledge-ex,Ceruledge,425,1260,1532,526,43.26,okidogi-twm,Okidogi,1,0.0,overall,2026-05-25T17:06:49.053726+00:00
SVI-PFL,"47,48,49,50,51,52,53,54,55",9,ceruledge-ex,Ceruledge,425,1260,1532,526,43.26,greninja-blaziken,Greninja Blaziken,1,33.33,overall,2026-05-25T17:06:49.053726+00:00
SVI-PFL,"47,48,49,50,51,52,53,54,55",9,ceruledge-ex,Ceruledge,425,1260,1532,526,43.26,yanmega-ex,Yanmega,1,100.0,overall,2026-05-25T17:06:49.053726+00:00
SVI-PFL,"47,48,49,50,51,52,53,54,55",9,ceruledge-ex,Ceruledge,425,1260,1532,526,43.26,gholdengo-dudunsparce,Gholdengo Dudunsparce,1,0.0,overall,2026-05-25T17:06:49.053726+00:00
SVI-PFL,"47,48,49,50,51,52,53,54,55",9,ceruledge-ex,Ceruledge,425,1260,1532,526,43.26,great-tusk-tef,Great Tusk Mill,1,100.0,overall,2026-05-25T17:06:49.053726+00:00
SVI-PFL,"47,48,49,50,51,52,53,54,55",9,ceruledge-ex,Ceruledge,425,1260,1532,526,43.26,miraidon-ex,Miraidon,1,100.0,overall,2026-05-25T17:06:49.053726+00:00
SVI-PFL,"47,48,49,50,51,52,53,54,55",9,ceruledge-ex,Ceruledge,425,1260,1532,526,43.26,flareon-ex,Flareon,1,100.0,overall,2026-05-25T17:06:49.053726+00:00
SVI-PFL,"47,48,49,50,51,52,53,54,55",9,ceruledge-ex,Ceruledge,425,1260,1532,526,43.26,wugtrio-svi,Wugtrio Mill,1,33.33,overall,2026-05-25T17:06:49.053726+00:00
SVI-PFL,"47,48,49,50,51,52,53,54,55",9,ceruledge-ex,Ceruledge,425,1260,1532,526,43.26,milotic-ex,Milotic,1,0.0,overall,2026-05-25T17:06:49.053726+00:00
SVI-PFL,"47,48,49,50,51,52,53,54,55",9,ceruledge-ex,Ceruledge,425,1260,1532,526,43.26,cinderace-ex,Cinderace,1,100.0,overall,2026-05-25T17:06:49.053726+00:00
SVI-PFL,"47,48,49,50,51,52,53,54,55",9,ceruledge-ex,Ceruledge,425,1260,1532,526,43.26,farigiraf-crustle,Farigiraf Crustle,1,0.0,overall,2026-05-25T17:06:49.053726+00:00
SVI-PFL,"47,48,49,50,51,52,53,54,55",9,ceruledge-ex,Ceruledge,425,1260,1532,526,43.26,espathra-froslass,Espathra Froslass,1,0.0,overall,2026-05-25T17:06:49.053726+00:00
SVI-PFL,"47,48,49,50,51,52,53,54,55",9,ceruledge-ex,Ceruledge,425,1260,1532,526,43.26,terapagos-noctowl,Terapagos Noctowl,1,0.0,overall,2026-05-25T17:06:49.053726+00:00
SVI-PFL,"47,48,49,50,51,52,53,54,55",9,charizard-dragapult,Charizard Dragapult,8,32,26,12,51.43,dragapult-dusknoir,Dragapult Dusknoir,11,45.45,overall,2026-05-25T17:06:51.898207+00:00
SVI-PFL,"47,48,49,50,51,52,53,54,55",9,charizard-dragapult,Charizard Dragapult,8,32,26,12,51.43,charizard-noctowl,Charizard Noctowl,10,50.0,overall,2026-05-25T17:06:51.898207+00:00
SVI-PFL,"47,48,49,50,51,52,53,54,55",9,charizard-dragapult,Charizard Dragapult,8,32,26,12,51.43,gholdengo-lunatone,Gholdengo Lunatone,8,37.5,overall,2026-05-25T17:06:51.898207+00:00
SVI-PFL,"47,48,49,50,51,52,53,54,55",9,charizard-dragapult,Charizard Dragapult,8,32,26,12,51.43,grimmsnarl-froslass,Grimmsnarl Froslass,4,33.33,overall,2026-05-25T17:06:51.898207+00:00
SVI-PFL,"47,48,49,50,51,52,53,54,55",9,charizard-dragapult,Charizard Dragapult,8,32,26,12,51.43,alakazam-dudunsparce,Alakazam Dudunsparce,4,66.67,overall,2026-05-25T17:06:51.898207+00:00
SVI-PFL,"47,48,49,50,51,52,53,54,55",9,charizard-dragapult,Charizard Dragapult,8,32,26,12,51.43,gardevoir-ex-sv,Gardevoir,4,58.33,overall,2026-05-25T17:06:51.898207+00:00
SVI-PFL,"47,48,49,50,51,52,53,54,55",9,charizard-dragapult,Charizard Dragapult,8,32,26,12,51.43,gardevoir-jellicent,Gardevoir Jellicent,3,11.11,overall,2026-05-25T17:06:51.898207+00:00
SVI-PFL,"47,48,49,50,51,52,53,54,55",9,charizard-dragapult,Charizard Dragapult,8,32,26,12,51.43,ceruledge-ex,Ceruledge,3,66.67,overall,2026-05-25T17:06:51.898207+00:00
SVI-PFL,"47,48,49,50,51,52,53,54,55",9,charizard-dragapult,Charizard Dragapult,8,32,26,12,51.43,tera-box,Tera Box,2,100.0,overall,2026-05-25T17:06:51.898207+00:00
SVI-PFL,"47,48,49,50,51,52,53,54,55",9,charizard-dragapult,Charizard Dragapult,8,32,26,12,51.43,raging-bolt-ogerpon,Raging Bolt Ogerpon,2,16.67,overall,2026-05-25T17:06:51.898207+00:00
SVI-PFL,"47,48,49,50,51,52,53,54,55",9,charizard-dragapult,Charizard Dragapult,8,32,26,12,51.43,n-zoroark,N's Zoroark,2,66.67,overall,2026-05-25T17:06:51.898207+00:00
SVI-PFL,"47,48,49,50,51,52,53,54,55",9,charizard-dragapult,Charizard Dragapult,8,32,26,12,51.43,kangaskhan-bouffalant,Kangaskhan Bouffalant,2,50.0,overall,2026-05-25T17:06:51.898207+00:00
SVI-PFL,"47,48,49,50,51,52,53,54,55",9,charizard-dragapult,Charizard Dragapult,8,32,26,12,51.43,other,Other,1,100.0,overall,2026-05-25T17:06:51.898207+00:00
SVI-PFL,"47,48,49,50,51,52,53,54,55",9,charizard-dragapult,Charizard Dragapult,8,32,26,12,51.43,froslass-munkidori,Froslass Munkidori,1,100.0,overall,2026-05-25T17:06:51.898207+00:00
SVI-PFL,"47,48,49,50,51,52,53,54,55",9,charizard-dragapult,Charizard Dragapult,8,32,26,12,51.43,hydrapple-ogerpon,Hydrapple Ogerpon,1,0.0,overall,2026-05-25T17:06:51.898207+00:00
SVI-PFL,"47,48,49,50,51,52,53,54,55",9,charizard-dragapult,Charizard Dragapult,8,32,26,12,51.43,crustle-dri,Crustle,1,100.0,overall,2026-05-25T17:06:51.898207+00:00
SVI-PFL,"47,48,49,50,51,52,53,54,55",9,charizard-dragapult,Charizard Dragapult,8,32,26,12,51.43,gholdengo-ex,Gholdengo,1,100.0,overall,2026-05-25T17:06:51.898207+00:00
SVI-PFL,"47,48,49,50,51,52,53,54,55",9,charizard-dragapult,Charizard Dragapult,8,32,26,12,51.43,dragapult-ex,Dragapult,1,33.33,overall,2026-05-25T17:06:51.898207+00:00
SVI-PFL,"47,48,49,50,51,52,53,54,55",9,charizard-dragapult,Charizard Dragapult,8,32,26,12,51.43,mega-absol-box,Mega Absol Box,1,0.0,overall,2026-05-25T17:06:51.898207+00:00
SVI-PFL,"47,48,49,50,51,52,53,54,55",9,charizard-dragapult,Charizard Dragapult,8,32,26,12,51.43,joltik-box,Joltik Box,1,100.0,overall,2026-05-25T17:06:51.898207+00:00
SVI-PFL,"47,48,49,50,51,52,53,54,55",9,charizard-dragapult,Charizard Dragapult,8,32,26,12,51.43,reging-bolt-bellibolt,Raging Bolt Bellibolt,1,100.0,overall,2026-05-25T17:06:51.898207+00:00
SVI-PFL,"47,48,49,50,51,52,53,54,55",9,charizard-dragapult,Charizard Dragapult,8,32,26,12,51.43,lopunny-dusknoir,Lopunny Dusknoir,1,0.0,overall,2026-05-25T17:06:51.898207+00:00
SVI-PFL,"47,48,49,50,51,52,53,54,55",9,charizard-dragapult,Charizard Dragapult,8,32,26,12,51.43,iron-hands-magneton,Iron Hands Magneton,1,100.0,overall,2026-05-25T17:06:51.898207+00:00
SVI-PFL,"47,48,49,50,51,52,53,54,55",9,charizard-dragapult,Charizard Dragapult,8,32,26,12,51.43,lucario-hariyama,Lucario Hariyama,1,33.33,overall,2026-05-25T17:06:51.898207+00:00
SVI-PFL,"47,48,49,50,51,52,53,54,55",9,charizard-dragapult,Charizard Dragapult,8,32,26,12,51.43,toxtricity-pfl,Toxtricity Box,1,100.0,overall,2026-05-25T17:06:51.898207+00:00
SVI-PFL,"47,48,49,50,51,52,53,54,55",9,charizard-dragapult,Charizard Dragapult,8,32,26,12,51.43,flareon-noctowl,Flareon Noctowl,1,100.0,overall,2026-05-25T17:06:51.898207+00:00
SVI-PFL,"47,48,49,50,51,52,53,54,55",9,charizard-dragapult,Charizard Dragapult,8,32,26,12,51.43,pidgeot-control,Pidgeot Control,1,0.0,overall,2026-05-25T17:06:51.898207+00:00
SVI-PFL,"47,48,49,50,51,52,53,54,55",9,charizard-dusknoir,Charizard Dusknoir,1,1,3,1,26.67,dragapult-dusknoir,Dragapult Dusknoir,1,0.0,overall,2026-05-25T17:06:54.757805+00:00
SVI-PFL,"47,48,49,50,51,52,53,54,55",9,charizard-dusknoir,Charizard Dusknoir,1,1,3,1,26.67,gardevoir-ex-sv,Gardevoir,1,100.0,overall,2026-05-25T17:06:54.757805+00:00
SVI-PFL,"47,48,49,50,51,52,53,54,55",9,charizard-dusknoir,Charizard Dusknoir,1,1,3,1,26.67,n-zoroark,N's Zoroark,1,33.33,overall,2026-05-25T17:06:54.757805+00:00
SVI-PFL,"47,48,49,50,51,52,53,54,55",9,charizard-dusknoir,Charizard Dusknoir,1,1,3,1,26.67,gardevoir-jellicent,Gardevoir Jellicent,1,0.0,overall,2026-05-25T17:06:54.757805+00:00
SVI-PFL,"47,48,49,50,51,52,53,54,55",9,charizard-dusknoir,Charizard Dusknoir,1,1,3,1,26.67,charizard-noctowl,Charizard Noctowl,1,0.0,overall,2026-05-25T17:06:54.757805+00:00
SVI-PFL,"47,48,49,50,51,52,53,54,55",9,charizard-ex,Charizard,17,26,60,20,30.82,gholdengo-lunatone,Gholdengo Lunatone,16,22.92,overall,2026-05-25T17:06:57.614342+00:00
SVI-PFL,"47,48,49,50,51,52,53,54,55",9,charizard-ex,Charizard,17,26,60,20,30.82,dragapult-dusknoir,Dragapult Dusknoir,16,22.92,overall,2026-05-25T17:06:57.614342+00:00
SVI-PFL,"47,48,49,50,51,52,53,54,55",9,charizard-ex,Charizard,17,26,60,20,30.82,mega-absol-box,Mega Absol Box,7,14.29,overall,2026-05-25T17:06:57.614342+00:00
SVI-PFL,"47,48,49,50,51,52,53,54,55",9,charizard-ex,Charizard,17,26,60,20,30.82,charizard-noctowl,Charizard Noctowl,7,33.33,overall,2026-05-25T17:06:57.614342+00:00
SVI-PFL,"47,48,49,50,51,52,53,54,55",9,charizard-ex,Charizard,17,26,60,20,30.82,ceruledge-ex,Ceruledge,6,11.11,overall,2026-05-25T17:06:57.614342+00:00
SVI-PFL,"47,48,49,50,51,52,53,54,55",9,charizard-ex,Charizard,17,26,60,20,30.82,raging-bolt-ogerpon,Raging Bolt Ogerpon,5,6.67,overall,2026-05-25T17:06:57.614342+00:00
SVI-PFL,"47,48,49,50,51,52,53,54,55",9,charizard-ex,Charizard,17,26,60,20,30.82,gardevoir-ex-sv,Gardevoir,5,20.0,overall,2026-05-25T17:06:57.614342+00:00
SVI-PFL,"47,48,49,50,51,52,53,54,55",9,charizard-ex,Charizard,17,26,60,20,30.82,n-zoroark,N's Zoroark,5,26.67,overall,2026-05-25T17:06:57.614342+00:00
SVI-PFL,"47,48,49,50,51,52,53,54,55",9,charizard-ex,Charizard,17,26,60,20,30.82,grimmsnarl-froslass,Grimmsnarl Froslass,4,25.0,overall,2026-05-25T17:06:57.614342+00:00
SVI-PFL,"47,48,49,50,51,52,53,54,55",9,charizard-ex,Charizard,17,26,60,20,30.82,charizard-pidgeot,Charizard Pidgeot,3,22.22,overall,2026-05-25T17:06:57.614342+00:00
SVI-PFL,"47,48,49,50,51,52,53,54,55",9,charizard-ex,Charizard,17,26,60,20,30.82,gholdengo-joltik-box,Gholdengo Joltik Box,3,11.11,overall,2026-05-25T17:06:57.614342+00:00
SVI-PFL,"47,48,49,50,51,52,53,54,55",9,charizard-ex,Charizard,17,26,60,20,30.82,gardevoir-jellicent,Gardevoir Jellicent,3,55.56,overall,2026-05-25T17:06:57.614342+00:00
SVI-PFL,"47,48,49,50,51,52,53,54,55",9,charizard-ex,Charizard,17,26,60,20,30.82,alakazam-dudunsparce,Alakazam Dudunsparce,3,44.44,overall,2026-05-25T17:06:57.614342+00:00
SVI-PFL,"47,48,49,50,51,52,53,54,55",9,charizard-ex,Charizard,17,26,60,20,30.82,kangaskhan-bouffalant,Kangaskhan Bouffalant,3,0.0,overall,2026-05-25T17:06:57.614342+00:00
SVI-PFL,"47,48,49,50,51,52,53,54,55",9,charizard-ex,Charizard,17,26,60,20,30.82,sharpedo-toxtricity,Sharpedo Toxtricity,2,50.0,overall,2026-05-25T17:06:57.614342+00:00
SVI-PFL,"47,48,49,50,51,52,53,54,55",9,charizard-ex,Charizard,17,26,60,20,30.82,flareon-noctowl,Flareon Noctowl,2,50.0,overall,2026-05-25T17:06:57.614342+00:00
SVI-PFL,"47,48,49,50,51,52,53,54,55",9,charizard-ex,Charizard,17,26,60,20,30.82,ethan-typhlosion,Ethan's Typhlosion,2,66.67,overall,2026-05-25T17:06:57.614342+00:00
SVI-PFL,"47,48,49,50,51,52,53,54,55",9,charizard-ex,Charizard,17,26,60,20,30.82,mega-venusaur-ex,Mega Venusaur,2,100.0,overall,2026-05-25T17:06:57.614342+00:00
SVI-PFL,"47,48,49,50,51,52,53,54,55",9,charizard-ex,Charizard,17,26,60,20,30.82,lopunny-dusknoir,Lopunny Dusknoir,2,50.0,overall,2026-05-25T17:06:57.614342+00:00
SVI-PFL,"47,48,49,50,51,52,53,54,55",9,charizard-ex,Charizard,17,26,60,20,30.82,lucario-hariyama,Lucario Hariyama,2,100.0,overall,2026-05-25T17:06:57.614342+00:00
SVI-PFL,"47,48,49,50,51,52,53,54,55",9,charizard-ex,Charizard,17,26,60,20,30.82,tera-box,Tera Box,2,100.0,overall,2026-05-25T17:06:57.614342+00:00
SVI-PFL,"47,48,49,50,51,52,53,54,55",9,charizard-ex,Charizard,17,26,60,20,30.82,other,Other,2,100.0,overall,2026-05-25T17:06:57.614342+00:00
SVI-PFL,"47,48,49,50,51,52,53,54,55",9,charizard-ex,Charizard,17,26,60,20,30.82,hydreigon-ex,Hydreigon,1,100.0,overall,2026-05-25T17:06:57.614342+00:00
SVI-PFL,"47,48,49,50,51,52,53,54,55",9,charizard-ex,Charizard,17,26,60,20,30.82,rocket-mewtwo-ex,Rocket's Mewtwo,1,0.0,overall,2026-05-25T17:06:57.614342+00:00
SVI-PFL,"47,48,49,50,51,52,53,54,55",9,charizard-ex,Charizard,17,26,60,20,30.82,flareon-ex,Flareon,1,33.33,overall,2026-05-25T17:06:57.614342+00:00
SVI-PFL,"47,48,49,50,51,52,53,54,55",9,charizard-ex,Charizard,17,26,60,20,30.82,seaking-pre,Seaking Festival Lead,1,0.0,overall,2026-05-25T17:06:57.614342+00:00
SVI-PFL,"47,48,49,50,51,52,53,54,55",9,charizard-greninja,Charizard Greninja,3,4,17,1,19.7,gholdengo-lunatone,Gholdengo Lunatone,6,16.67,overall,2026-05-25T17:07:00.554657+00:00
SVI-PFL,"47,48,49,50,51,52,53,54,55",9,charizard-greninja,Charizard Greninja,3,4,17,1,19.7,alakazam-dudunsparce,Alakazam Dudunsparce,3,0.0,overall,2026-05-25T17:07:00.554657+00:00
SVI-PFL,"47,48,49,50,51,52,53,54,55",9,charizard-greninja,Charizard Greninja,3,4,17,1,19.7,grimmsnarl-froslass,Grimmsnarl Froslass,2,66.67,overall,2026-05-25T17:07:00.554657+00:00
SVI-PFL,"47,48,49,50,51,52,53,54,55",9,charizard-greninja,Charizard Greninja,3,4,17,1,19.7,joltik-box,Joltik Box,2,0.0,overall,2026-05-25T17:07:00.554657+00:00
SVI-PFL,"47,48,49,50,51,52,53,54,55",9,charizard-greninja,Charizard Greninja,3,4,17,1,19.7,lopunny-dusknoir,Lopunny Dusknoir,1,100.0,overall,2026-05-25T17:07:00.554657+00:00
SVI-PFL,"47,48,49,50,51,52,53,54,55",9,charizard-greninja,Charizard Greninja,3,4,17,1,19.7,kangaskhan-bouffalant,Kangaskhan Bouffalant,1,0.0,overall,2026-05-25T17:07:00.554657+00:00
SVI-PFL,"47,48,49,50,51,52,53,54,55",9,charizard-greninja,Charizard Greninja,3,4,17,1,19.7,gardevoir-jellicent,Gardevoir Jellicent,1,0.0,overall,2026-05-25T17:07:00.554657+00:00
SVI-PFL,"47,48,49,50,51,52,53,54,55",9,charizard-greninja,Charizard Greninja,3,4,17,1,19.7,crustle-dri,Crustle,1,0.0,overall,2026-05-25T17:07:00.554657+00:00
SVI-PFL,"47,48,49,50,51,52,53,54,55",9,charizard-greninja,Charizard Greninja,3,4,17,1,19.7,n-zoroark,N's Zoroark,1,0.0,overall,2026-05-25T17:07:00.554657+00:00
SVI-PFL,"47,48,49,50,51,52,53,54,55",9,charizard-greninja,Charizard Greninja,3,4,17,1,19.7,mega-absol-box,Mega Absol Box,1,0.0,overall,2026-05-25T17:07:00.554657+00:00
SVI-PFL,"47,48,49,50,51,52,53,54,55",9,charizard-greninja,Charizard Greninja,3,4,17,1,19.7,dragapult-dusknoir,Dragapult Dusknoir,1,0.0,overall,2026-05-25T17:07:00.554657+00:00
SVI-PFL,"47,48,49,50,51,52,53,54,55",9,charizard-greninja,Charizard Greninja,3,4,17,1,19.7,lucario-hariyama,Lucario Hariyama,1,100.0,overall,2026-05-25T17:07:00.554657+00:00
SVI-PFL,"47,48,49,50,51,52,53,54,55",9,charizard-greninja,Charizard Greninja,3,4,17,1,19.7,festival-lead,Festival Lead,1,0.0,overall,2026-05-25T17:07:00.554657+00:00
SVI-PFL,"47,48,49,50,51,52,53,54,55",9,charizard-noctowl,Charizard Noctowl,1142,4321,3958,1456,49.37,gholdengo-lunatone,Gholdengo Lunatone,1553,52.78,overall,2026-05-25T17:07:03.597201+00:00
SVI-PFL,"47,48,49,50,51,52,53,54,55",9,charizard-noctowl,Charizard Noctowl,1142,4321,3958,1456,49.37,dragapult-dusknoir,Dragapult Dusknoir,1535,33.31,overall,2026-05-25T17:07:03.597201+00:00
SVI-PFL,"47,48,49,50,51,52,53,54,55",9,charizard-noctowl,Charizard Noctowl,1142,4321,3958,1456,49.37,gardevoir-ex-sv,Gardevoir,638,55.59,overall,2026-05-25T17:07:03.597201+00:00
SVI-PFL,"47,48,49,50,51,52,53,54,55",9,charizard-noctowl,Charizard Noctowl,1142,4321,3958,1456,49.37,gardevoir-jellicent,Gardevoir Jellicent,587,57.47,overall,2026-05-25T17:07:03.597201+00:00
SVI-PFL,"47,48,49,50,51,52,53,54,55",9,charizard-noctowl,Charizard Noctowl,1142,4321,3958,1456,49.37,mega-absol-box,Mega Absol Box,417,45.88,overall,2026-05-25T17:07:03.597201+00:00
SVI-PFL,"47,48,49,50,51,52,53,54,55",9,charizard-noctowl,Charizard Noctowl,1142,4321,3958,1456,49.37,charizard-pidgeot,Charizard Pidgeot,407,56.92,overall,2026-05-25T17:07:03.597201+00:00
SVI-PFL,"47,48,49,50,51,52,53,54,55",9,charizard-noctowl,Charizard Noctowl,1142,4321,3958,1456,49.37,grimmsnarl-froslass,Grimmsnarl Froslass,404,39.85,overall,2026-05-25T17:07:03.597201+00:00
SVI-PFL,"47,48,49,50,51,52,53,54,55",9,charizard-noctowl,Charizard Noctowl,1142,4321,3958,1456,49.37,raging-bolt-ogerpon,Raging Bolt Ogerpon,383,57.27,overall,2026-05-25T17:07:03.597201+00:00
SVI-PFL,"47,48,49,50,51,52,53,54,55",9,charizard-noctowl,Charizard Noctowl,1142,4321,3958,1456,49.37,charizard-noctowl,Charizard Noctowl,359,46.84,overall,2026-05-25T17:07:03.597201+00:00
SVI-PFL,"47,48,49,50,51,52,53,54,55",9,charizard-noctowl,Charizard Noctowl,1142,4321,3958,1456,49.37,n-zoroark,N's Zoroark,311,50.7,overall,2026-05-25T17:07:03.597201+00:00
SVI-PFL,"47,48,49,50,51,52,53,54,55",9,charizard-noctowl,Charizard Noctowl,1142,4321,3958,1456,49.37,dragapult-charizard,Dragapult Charizard,256,35.55,overall,2026-05-25T17:07:03.597201+00:00
SVI-PFL,"47,48,49,50,51,52,53,54,55",9,charizard-noctowl,Charizard Noctowl,1142,4321,3958,1456,49.37,alakazam-dudunsparce,Alakazam Dudunsparce,240,60.83,overall,2026-05-25T17:07:03.597201+00:00
SVI-PFL,"47,48,49,50,51,52,53,54,55",9,charizard-noctowl,Charizard Noctowl,1142,4321,3958,1456,49.37,kangaskhan-bouffalant,Kangaskhan Bouffalant,203,39.57,overall,2026-05-25T17:07:03.597201+00:00
SVI-PFL,"47,48,49,50,51,52,53,54,55",9,charizard-noctowl,Charizard Noctowl,1142,4321,3958,1456,49.37,ceruledge-ex,Ceruledge,202,66.17,overall,2026-05-25T17:07:03.597201+00:00
SVI-PFL,"47,48,49,50,51,52,53,54,55",9,charizard-noctowl,Charizard Noctowl,1142,4321,3958,1456,49.37,tera-box,Tera Box,144,52.08,overall,2026-05-25T17:07:03.597201+00:00
SVI-PFL,"47,48,49,50,51,52,53,54,55",9,charizard-noctowl,Charizard Noctowl,1142,4321,3958,1456,49.37,flareon-noctowl,Flareon Noctowl,137,58.88,overall,2026-05-25T17:07:03.597201+00:00
SVI-PFL,"47,48,49,50,51,52,53,54,55",9,charizard-noctowl,Charizard Noctowl,1142,4321,3958,1456,49.37,greninja-ex,Greninja,114,47.08,overall,2026-05-25T17:07:03.597201+00:00
SVI-PFL,"47,48,49,50,51,52,53,54,55",9,charizard-noctowl,Charizard Noctowl,1142,4321,3958,1456,49.37,joltik-box,Joltik Box,111,56.16,overall,2026-05-25T17:07:03.597201+00:00
SVI-PFL,"47,48,49,50,51,52,53,54,55",9,charizard-noctowl,Charizard Noctowl,1142,4321,3958,1456,49.37,lopunny-dusknoir,Lopunny Dusknoir,105,50.16,overall,2026-05-25T17:07:03.597201+00:00
SVI-PFL,"47,48,49,50,51,52,53,54,55",9,charizard-noctowl,Charizard Noctowl,1142,4321,3958,1456,49.37,iron-hands-magneton,Iron Hands Magneton,83,56.22,overall,2026-05-25T17:07:03.597201+00:00
SVI-PFL,"47,48,49,50,51,52,53,54,55",9,charizard-noctowl,Charizard Noctowl,1142,4321,3958,1456,49.37,crustle-dri,Crustle,79,22.78,overall,2026-05-25T17:07:03.597201+00:00
SVI-PFL,"47,48,49,50,51,52,53,54,55",9,charizard-noctowl,Charizard Noctowl,1142,4321,3958,1456,49.37,mega-venusaur-ex,Mega Venusaur,72,67.13,overall,2026-05-25T17:07:03.597201+00:00
SVI-PFL,"47,48,49,50,51,52,53,54,55",9,charizard-noctowl,Charizard Noctowl,1142,4321,3958,1456,49.37,cynthia-garchomp-ex,Cynthia's Garchomp,65,53.85,overall,2026-05-25T17:07:03.597201+00:00
SVI-PFL,"47,48,49,50,51,52,53,54,55",9,charizard-noctowl,Charizard Noctowl,1142,4321,3958,1456,49.37,other,Other,64,54.17,overall,2026-05-25T17:07:03.597201+00:00
SVI-PFL,"47,48,49,50,51,52,53,54,55",9,charizard-noctowl,Charizard Noctowl,1142,4321,3958,1456,49.37,lucario-hariyama,Lucario Hariyama,62,64.52,overall,2026-05-25T17:07:03.597201+00:00
SVI-PFL,"47,48,49,50,51,52,53,54,55",9,charizard-noctowl,Charizard Noctowl,1142,4321,3958,1456,49.37,gholdengo-joltik-box,Gholdengo Joltik Box,51,66.67,overall,2026-05-25T17:07:03.597201+00:00
SVI-PFL,"47,48,49,50,51,52,53,54,55",9,charizard-noctowl,Charizard Noctowl,1142,4321,3958,1456,49.37,pidgeot-control,Pidgeot Control,46,55.07,overall,2026-05-25T17:07:03.597201+00:00
SVI-PFL,"47,48,49,50,51,52,53,54,55",9,charizard-noctowl,Charizard Noctowl,1142,4321,3958,1456,49.37,slowking-scr,Slowking,44,43.18,overall,2026-05-25T17:07:03.597201+00:00
SVI-PFL,"47,48,49,50,51,52,53,54,55",9,charizard-noctowl,Charizard Noctowl,1142,4321,3958,1456,49.37,ethan-typhlosion,Ethan's Typhlosion,41,66.67,overall,2026-05-25T17:07:03.597201+00:00
SVI-PFL,"47,48,49,50,51,52,53,54,55",9,charizard-noctowl,Charizard Noctowl,1142,4321,3958,1456,49.37,sharpedo-toxtricity,Sharpedo Toxtricity,38,69.3,overall,2026-05-25T17:07:03.597201+00:00
SVI-PFL,"47,48,49,50,51,52,53,54,55",9,charizard-noctowl,Charizard Noctowl,1142,4321,3958,1456,49.37,gholdengo-ex,Gholdengo,37,62.16,overall,2026-05-25T17:07:03.597201+00:00
SVI-PFL,"47,48,49,50,51,52,53,54,55",9,charizard-noctowl,Charizard Noctowl,1142,4321,3958,1456,49.37,froslass-munkidori,Froslass Munkidori,35,39.05,overall,2026-05-25T17:07:03.597201+00:00
SVI-PFL,"47,48,49,50,51,52,53,54,55",9,charizard-noctowl,Charizard Noctowl,1142,4321,3958,1456,49.37,festival-lead,Festival Lead,30,24.44,overall,2026-05-25T17:07:03.597201+00:00
SVI-PFL,"47,48,49,50,51,52,53,54,55",9,charizard-noctowl,Charizard Noctowl,1142,4321,3958,1456,49.37,rocket-mewtwo-ex,Rocket's Mewtwo,25,62.67,overall,2026-05-25T17:07:03.597201+00:00
SVI-PFL,"47,48,49,50,51,52,53,54,55",9,charizard-noctowl,Charizard Noctowl,1142,4321,3958,1456,49.37,ho-oh-armarouge,Ho-Oh Armarouge,24,84.72,overall,2026-05-25T17:07:03.597201+00:00
SVI-PFL,"47,48,49,50,51,52,53,54,55",9,charizard-noctowl,Charizard Noctowl,1142,4321,3958,1456,49.37,conkeldurr-twm,Conkeldurr,23,57.97,overall,2026-05-25T17:07:03.597201+00:00
SVI-PFL,"47,48,49,50,51,52,53,54,55",9,charizard-noctowl,Charizard Noctowl,1142,4321,3958,1456,49.37,hydrapple-ogerpon,Hydrapple Ogerpon,21,79.37,overall,2026-05-25T17:07:03.597201+00:00
SVI-PFL,"47,48,49,50,51,52,53,54,55",9,charizard-noctowl,Charizard Noctowl,1142,4321,3958,1456,49.37,dragapult-ex,Dragapult,21,44.44,overall,2026-05-25T17:07:03.597201+00:00
SVI-PFL,"47,48,49,50,51,52,53,54,55",9,charizard-noctowl,Charizard Noctowl,1142,4321,3958,1456,49.37,seaking-pre,Seaking Festival Lead,20,55.0,overall,2026-05-25T17:07:03.597201+00:00
SVI-PFL,"47,48,49,50,51,52,53,54,55",9,charizard-noctowl,Charizard Noctowl,1142,4321,3958,1456,49.37,ursaluna-lunatone,Ursaluna Lunatone,18,74.07,overall,2026-05-25T17:07:03.597201+00:00
SVI-PFL,"47,48,49,50,51,52,53,54,55",9,charizard-noctowl,Charizard Noctowl,1142,4321,3958,1456,49.37,hydreigon-ex,Hydreigon,16,35.42,overall,2026-05-25T17:07:03.597201+00:00
SVI-PFL,"47,48,49,50,51,52,53,54,55",9,charizard-noctowl,Charizard Noctowl,1142,4321,3958,1456,49.37,toxtricity-pfl,Toxtricity Box,15,53.33,overall,2026-05-25T17:07:03.597201+00:00
SVI-PFL,"47,48,49,50,51,52,53,54,55",9,charizard-noctowl,Charizard Noctowl,1142,4321,3958,1456,49.37,archaludon-ex,Archaludon,14,54.76,overall,2026-05-25T17:07:03.597201+00:00
SVI-PFL,"47,48,49,50,51,52,53,54,55",9,charizard-noctowl,Charizard Noctowl,1142,4321,3958,1456,49.37,manectric-eelektrik,Manectric Eelektrik,14,50.0,overall,2026-05-25T17:07:03.597201+00:00
SVI-PFL,"47,48,49,50,51,52,53,54,55",9,charizard-noctowl,Charizard Noctowl,1142,4321,3958,1456,49.37,dragapult-blaziken,Dragapult Blaziken,13,61.54,overall,2026-05-25T17:07:03.597201+00:00
SVI-PFL,"47,48,49,50,51,52,53,54,55",9,charizard-noctowl,Charizard Noctowl,1142,4321,3958,1456,49.37,marnie-grimmsnarl-ex,Marnie's Grimmsnarl,12,72.22,overall,2026-05-25T17:07:03.597201+00:00
SVI-PFL,"47,48,49,50,51,52,53,54,55",9,charizard-noctowl,Charizard Noctowl,1142,4321,3958,1456,49.37,roaring-moon-ex,Roaring Moon,11,75.76,overall,2026-05-25T17:07:03.597201+00:00
SVI-PFL,"47,48,49,50,51,52,53,54,55",9,charizard-noctowl,Charizard Noctowl,1142,4321,3958,1456,49.37,iron-thorns-crustle,Iron Thorns Crustle,11,36.36,overall,2026-05-25T17:07:03.597201+00:00
SVI-PFL,"47,48,49,50,51,52,53,54,55",9,charizard-noctowl,Charizard Noctowl,1142,4321,3958,1456,49.37,charizard-dragapult,Charizard Dragapult,10,50.0,overall,2026-05-25T17:07:03.597201+00:00
SVI-PFL,"47,48,49,50,51,52,53,54,55",9,charizard-noctowl,Charizard Noctowl,1142,4321,3958,1456,49.37,ogerpon-meganium,Ogerpon Meganium,10,56.67,overall,2026-05-25T17:07:03.597201+00:00
SVI-PFL,"47,48,49,50,51,52,53,54,55",9,charizard-noctowl,Charizard Noctowl,1142,4321,3958,1456,49.37,miraidon-eelektrik,Miraidon Eelektrik,9,66.67,overall,2026-05-25T17:07:03.597201+00:00
SVI-PFL,"47,48,49,50,51,52,53,54,55",9,charizard-noctowl,Charizard Noctowl,1142,4321,3958,1456,49.37,kangaskhan-forretress,Kangaskhan Forretress,9,62.96,overall,2026-05-25T17:07:03.597201+00:00
SVI-PFL,"47,48,49,50,51,52,53,54,55",9,charizard-noctowl,Charizard Noctowl,1142,4321,3958,1456,49.37,okidogi-twm,Okidogi,8,66.67,overall,2026-05-25T17:07:03.597201+00:00
SVI-PFL,"47,48,49,50,51,52,53,54,55",9,charizard-noctowl,Charizard Noctowl,1142,4321,3958,1456,49.37,slaking-ex,Slaking,7,57.14,overall,2026-05-25T17:07:03.597201+00:00
SVI-PFL,"47,48,49,50,51,52,53,54,55",9,charizard-noctowl,Charizard Noctowl,1142,4321,3958,1456,49.37,chien-pao-baxcalibur,Chien-Pao Baxcalibur,7,47.62,overall,2026-05-25T17:07:03.597201+00:00
SVI-PFL,"47,48,49,50,51,52,53,54,55",9,charizard-noctowl,Charizard Noctowl,1142,4321,3958,1456,49.37,charizard-ex,Charizard,7,61.9,overall,2026-05-25T17:07:03.597201+00:00
SVI-PFL,"47,48,49,50,51,52,53,54,55",9,charizard-noctowl,Charizard Noctowl,1142,4321,3958,1456,49.37,mega-lucario-ex,Mega Lucario,7,71.43,overall,2026-05-25T17:07:03.597201+00:00
SVI-PFL,"47,48,49,50,51,52,53,54,55",9,charizard-noctowl,Charizard Noctowl,1142,4321,3958,1456,49.37,yanmega-ex,Yanmega,7,85.71,overall,2026-05-25T17:07:03.597201+00:00
SVI-PFL,"47,48,49,50,51,52,53,54,55",9,charizard-noctowl,Charizard Noctowl,1142,4321,3958,1456,49.37,paldean-tauros-pfl,Paldean Tauros,6,44.44,overall,2026-05-25T17:07:03.597201+00:00
SVI-PFL,"47,48,49,50,51,52,53,54,55",9,charizard-noctowl,Charizard Noctowl,1142,4321,3958,1456,49.37,raging-bolt-ex,Raging Bolt,6,83.33,overall,2026-05-25T17:07:03.597201+00:00
SVI-PFL,"47,48,49,50,51,52,53,54,55",9,charizard-noctowl,Charizard Noctowl,1142,4321,3958,1456,49.37,ethan-magcargo,Ethan's Magcargo,6,66.67,overall,2026-05-25T17:07:03.597201+00:00
SVI-PFL,"47,48,49,50,51,52,53,54,55",9,charizard-noctowl,Charizard Noctowl,1142,4321,3958,1456,49.37,hop-zacian,Hop's Zacian,5,100.0,overall,2026-05-25T17:07:03.597201+00:00
SVI-PFL,"47,48,49,50,51,52,53,54,55",9,charizard-noctowl,Charizard Noctowl,1142,4321,3958,1456,49.37,iron-hands-ex,Future Hands,5,46.67,overall,2026-05-25T17:07:03.597201+00:00
SVI-PFL,"47,48,49,50,51,52,53,54,55",9,charizard-noctowl,Charizard Noctowl,1142,4321,3958,1456,49.37,alakazam-meg,Alakazam,5,60.0,overall,2026-05-25T17:07:03.597201+00:00
SVI-PFL,"47,48,49,50,51,52,53,54,55",9,charizard-noctowl,Charizard Noctowl,1142,4321,3958,1456,49.37,copperajah-ex,Copperajah,5,66.67,overall,2026-05-25T17:07:03.597201+00:00
SVI-PFL,"47,48,49,50,51,52,53,54,55",9,charizard-noctowl,Charizard Noctowl,1142,4321,3958,1456,49.37,espathra-xatu,Espathra Xatu,5,73.33,overall,2026-05-25T17:07:03.597201+00:00
SVI-PFL,"47,48,49,50,51,52,53,54,55",9,charizard-noctowl,Charizard Noctowl,1142,4321,3958,1456,49.37,tsareena-ex,Tsareena,5,33.33,overall,2026-05-25T17:07:03.597201+00:00
SVI-PFL,"47,48,49,50,51,52,53,54,55",9,charizard-noctowl,Charizard Noctowl,1142,4321,3958,1456,49.37,mega-charizard-x-ex,Mega Charizard X,4,100.0,overall,2026-05-25T17:07:03.597201+00:00
SVI-PFL,"47,48,49,50,51,52,53,54,55",9,charizard-noctowl,Charizard Noctowl,1142,4321,3958,1456,49.37,gholdengo-typhlosion,Gholdengo Typhlosion,4,100.0,overall,2026-05-25T17:07:03.597201+00:00
SVI-PFL,"47,48,49,50,51,52,53,54,55",9,charizard-noctowl,Charizard Noctowl,1142,4321,3958,1456,49.37,rocket-spidops,Rocket's Spidops,4,50.0,overall,2026-05-25T17:07:03.597201+00:00
SVI-PFL,"47,48,49,50,51,52,53,54,55",9,charizard-noctowl,Charizard Noctowl,1142,4321,3958,1456,49.37,tyranitar-jtg,Tyranitar,4,58.33,overall,2026-05-25T17:07:03.597201+00:00
SVI-PFL,"47,48,49,50,51,52,53,54,55",9,charizard-noctowl,Charizard Noctowl,1142,4321,3958,1456,49.37,blaziken-ex-jtg,Blaziken,3,66.67,overall,2026-05-25T17:07:03.597201+00:00
SVI-PFL,"47,48,49,50,51,52,53,54,55",9,charizard-noctowl,Charizard Noctowl,1142,4321,3958,1456,49.37,palafin-ex,Palafin,3,77.78,overall,2026-05-25T17:07:03.597201+00:00
SVI-PFL,"47,48,49,50,51,52,53,54,55",9,charizard-noctowl,Charizard Noctowl,1142,4321,3958,1456,49.37,espathra-ex,Espathra,3,100.0,overall,2026-05-25T17:07:03.597201+00:00
SVI-PFL,"47,48,49,50,51,52,53,54,55",9,charizard-noctowl,Charizard Noctowl,1142,4321,3958,1456,49.37,feraligatr-tef,Feraligatr,3,100.0,overall,2026-05-25T17:07:03.597201+00:00
SVI-PFL,"47,48,49,50,51,52,53,54,55",9,charizard-noctowl,Charizard Noctowl,1142,4321,3958,1456,49.37,mamoswine-ex,Mamoswine,3,77.78,overall,2026-05-25T17:07:03.597201+00:00
SVI-PFL,"47,48,49,50,51,52,53,54,55",9,charizard-noctowl,Charizard Noctowl,1142,4321,3958,1456,49.37,dragapult-pidgeot,Dragapult Pidgeot,3,33.33,overall,2026-05-25T17:07:03.597201+00:00
SVI-PFL,"47,48,49,50,51,52,53,54,55",9,charizard-noctowl,Charizard Noctowl,1142,4321,3958,1456,49.37,mega-lopunny-ex,Mega Lopunny,3,66.67,overall,2026-05-25T17:07:03.597201+00:00
SVI-PFL,"47,48,49,50,51,52,53,54,55",9,charizard-noctowl,Charizard Noctowl,1142,4321,3958,1456,49.37,mega-kangaskhan-ex,Mega Kangaskhan,3,66.67,overall,2026-05-25T17:07:03.597201+00:00
SVI-PFL,"47,48,49,50,51,52,53,54,55",9,charizard-noctowl,Charizard Noctowl,1142,4321,3958,1456,49.37,forretress-ex,Forretress,3,0.0,overall,2026-05-25T17:07:03.597201+00:00
SVI-PFL,"47,48,49,50,51,52,53,54,55",9,charizard-noctowl,Charizard Noctowl,1142,4321,3958,1456,49.37,wugtrio-svi,Wugtrio Mill,2,100.0,overall,2026-05-25T17:07:03.597201+00:00
SVI-PFL,"47,48,49,50,51,52,53,54,55",9,charizard-noctowl,Charizard Noctowl,1142,4321,3958,1456,49.37,rocket-porygon-z,Rocket's Porygon-Z,2,50.0,overall,2026-05-25T17:07:03.597201+00:00
SVI-PFL,"47,48,49,50,51,52,53,54,55",9,charizard-noctowl,Charizard Noctowl,1142,4321,3958,1456,49.37,reging-bolt-bellibolt,Raging Bolt Bellibolt,2,100.0,overall,2026-05-25T17:07:03.597201+00:00
SVI-PFL,"47,48,49,50,51,52,53,54,55",9,charizard-noctowl,Charizard Noctowl,1142,4321,3958,1456,49.37,rocket-nidoking-ex,Rocket's Nidoking,2,100.0,overall,2026-05-25T17:07:03.597201+00:00
SVI-PFL,"47,48,49,50,51,52,53,54,55",9,charizard-noctowl,Charizard Noctowl,1142,4321,3958,1456,49.37,toedscruel-ex,Toedscruel,2,16.67,overall,2026-05-25T17:07:03.597201+00:00
SVI-PFL,"47,48,49,50,51,52,53,54,55",9,charizard-noctowl,Charizard Noctowl,1142,4321,3958,1456,49.37,flareon-ex,Flareon,2,100.0,overall,2026-05-25T17:07:03.597201+00:00
SVI-PFL,"47,48,49,50,51,52,53,54,55",9,charizard-noctowl,Charizard Noctowl,1142,4321,3958,1456,49.37,okidogi-ex,Okidogi,2,100.0,overall,2026-05-25T17:07:03.597201+00:00
SVI-PFL,"47,48,49,50,51,52,53,54,55",9,charizard-noctowl,Charizard Noctowl,1142,4321,3958,1456,49.37,hydrapple-ex,Hydrapple,2,16.67,overall,2026-05-25T17:07:03.597201+00:00
SVI-PFL,"47,48,49,50,51,52,53,54,55",9,charizard-noctowl,Charizard Noctowl,1142,4321,3958,1456,49.37,gholdengo-dragapult,Gholdengo Dragapult,2,100.0,overall,2026-05-25T17:07:03.597201+00:00
SVI-PFL,"47,48,49,50,51,52,53,54,55",9,charizard-noctowl,Charizard Noctowl,1142,4321,3958,1456,49.37,mega-camerupt-ex,Mega Camerupt,2,100.0,overall,2026-05-25T17:07:03.597201+00:00
SVI-PFL,"47,48,49,50,51,52,53,54,55",9,charizard-noctowl,Charizard Noctowl,1142,4321,3958,1456,49.37,poison-terapagos,Poison Terapagos,2,100.0,overall,2026-05-25T17:07:03.597201+00:00
SVI-PFL,"47,48,49,50,51,52,53,54,55",9,charizard-noctowl,Charizard Noctowl,1142,4321,3958,1456,49.37,dragapult-froslass,Dragapult Froslass,2,0.0,overall,2026-05-25T17:07:03.597201+00:00
SVI-PFL,"47,48,49,50,51,52,53,54,55",9,charizard-noctowl,Charizard Noctowl,1142,4321,3958,1456,49.37,ranging-bolt-sandy-shocks,Raging Bolt Sandy Shocks,2,50.0,overall,2026-05-25T17:07:03.597201+00:00
SVI-PFL,"47,48,49,50,51,52,53,54,55",9,charizard-noctowl,Charizard Noctowl,1142,4321,3958,1456,49.37,roaring-moon-dudunsparce,Roaring Moon Dudunsparce,1,100.0,overall,2026-05-25T17:07:03.597201+00:00
SVI-PFL,"47,48,49,50,51,52,53,54,55",9,charizard-noctowl,Charizard Noctowl,1142,4321,3958,1456,49.37,meowscarada-ex,Meowscarada,1,100.0,overall,2026-05-25T17:07:03.597201+00:00
SVI-PFL,"47,48,49,50,51,52,53,54,55",9,charizard-noctowl,Charizard Noctowl,1142,4321,3958,1456,49.37,gholdengo-dudunsparce,Gholdengo Dudunsparce,1,0.0,overall,2026-05-25T17:07:03.597201+00:00
SVI-PFL,"47,48,49,50,51,52,53,54,55",9,charizard-noctowl,Charizard Noctowl,1142,4321,3958,1456,49.37,mega-latias-ex,Mega Latias,1,0.0,overall,2026-05-25T17:07:03.597201+00:00
SVI-PFL,"47,48,49,50,51,52,53,54,55",9,charizard-noctowl,Charizard Noctowl,1142,4321,3958,1456,49.37,future-box,Future Box,1,0.0,overall,2026-05-25T17:07:03.597201+00:00
SVI-PFL,"47,48,49,50,51,52,53,54,55",9,charizard-noctowl,Charizard Noctowl,1142,4321,3958,1456,49.37,terapagos-noctowl,Terapagos Noctowl,1,100.0,overall,2026-05-25T17:07:03.597201+00:00
SVI-PFL,"47,48,49,50,51,52,53,54,55",9,charizard-noctowl,Charizard Noctowl,1142,4321,3958,1456,49.37,greninja-blaziken,Greninja Blaziken,1,100.0,overall,2026-05-25T17:07:03.597201+00:00
SVI-PFL,"47,48,49,50,51,52,53,54,55",9,charizard-noctowl,Charizard Noctowl,1142,4321,3958,1456,49.37,tinkaton-ex,Tinkaton,1,0.0,overall,2026-05-25T17:07:03.597201+00:00
SVI-PFL,"47,48,49,50,51,52,53,54,55",9,charizard-noctowl,Charizard Noctowl,1142,4321,3958,1456,49.37,milotic-ex,Milotic,1,100.0,overall,2026-05-25T17:07:03.597201+00:00
SVI-PFL,"47,48,49,50,51,52,53,54,55",9,charizard-noctowl,Charizard Noctowl,1142,4321,3958,1456,49.37,garchomp-ex,Garchomp,1,100.0,overall,2026-05-25T17:07:03.597201+00:00
SVI-PFL,"47,48,49,50,51,52,53,54,55",9,charizard-noctowl,Charizard Noctowl,1142,4321,3958,1456,49.37,ancient-box,Ancient Box,1,100.0,overall,2026-05-25T17:07:03.597201+00:00
SVI-PFL,"47,48,49,50,51,52,53,54,55",9,charizard-noctowl,Charizard Noctowl,1142,4321,3958,1456,49.37,iron-valiant-ex,Iron Valiant,1,33.33,overall,2026-05-25T17:07:03.597201+00:00
SVI-PFL,"47,48,49,50,51,52,53,54,55",9,charizard-noctowl,Charizard Noctowl,1142,4321,3958,1456,49.37,charizard-dusknoir,Charizard Dusknoir,1,100.0,overall,2026-05-25T17:07:03.597201+00:00
SVI-PFL,"47,48,49,50,51,52,53,54,55",9,charizard-noctowl,Charizard Noctowl,1142,4321,3958,1456,49.37,farigiraf-milotic,Farigiraf Milotic,1,100.0,overall,2026-05-25T17:07:03.597201+00:00
SVI-PFL,"47,48,49,50,51,52,53,54,55",9,charizard-noctowl,Charizard Noctowl,1142,4321,3958,1456,49.37,espathra-froslass,Espathra Froslass,1,0.0,overall,2026-05-25T17:07:03.597201+00:00
SVI-PFL,"47,48,49,50,51,52,53,54,55",9,charizard-noctowl,Charizard Noctowl,1142,4321,3958,1456,49.37,great-tusk-tef,Great Tusk Mill,1,0.0,overall,2026-05-25T17:07:03.597201+00:00
SVI-PFL,"47,48,49,50,51,52,53,54,55",9,charizard-pidgeot,Charizard Pidgeot,790,2711,2688,1199,47.15,gholdengo-lunatone,Gholdengo Lunatone,988,48.62,overall,2026-05-25T17:07:06.566629+00:00
SVI-PFL,"47,48,49,50,51,52,53,54,55",9,charizard-pidgeot,Charizard Pidgeot,790,2711,2688,1199,47.15,dragapult-dusknoir,Dragapult Dusknoir,956,36.23,overall,2026-05-25T17:07:06.566629+00:00
SVI-PFL,"47,48,49,50,51,52,53,54,55",9,charizard-pidgeot,Charizard Pidgeot,790,2711,2688,1199,47.15,gardevoir-ex-sv,Gardevoir,460,55.87,overall,2026-05-25T17:07:06.566629+00:00
SVI-PFL,"47,48,49,50,51,52,53,54,55",9,charizard-pidgeot,Charizard Pidgeot,790,2711,2688,1199,47.15,gardevoir-jellicent,Gardevoir Jellicent,454,56.53,overall,2026-05-25T17:07:06.566629+00:00
SVI-PFL,"47,48,49,50,51,52,53,54,55",9,charizard-pidgeot,Charizard Pidgeot,790,2711,2688,1199,47.15,charizard-noctowl,Charizard Noctowl,407,37.02,overall,2026-05-25T17:07:06.566629+00:00
SVI-PFL,"47,48,49,50,51,52,53,54,55",9,charizard-pidgeot,Charizard Pidgeot,790,2711,2688,1199,47.15,grimmsnarl-froslass,Grimmsnarl Froslass,306,36.71,overall,2026-05-25T17:07:06.566629+00:00
SVI-PFL,"47,48,49,50,51,52,53,54,55",9,charizard-pidgeot,Charizard Pidgeot,790,2711,2688,1199,47.15,mega-absol-box,Mega Absol Box,303,52.26,overall,2026-05-25T17:07:06.566629+00:00
SVI-PFL,"47,48,49,50,51,52,53,54,55",9,charizard-pidgeot,Charizard Pidgeot,790,2711,2688,1199,47.15,raging-bolt-ogerpon,Raging Bolt Ogerpon,254,50.66,overall,2026-05-25T17:07:06.566629+00:00
SVI-PFL,"47,48,49,50,51,52,53,54,55",9,charizard-pidgeot,Charizard Pidgeot,790,2711,2688,1199,47.15,charizard-pidgeot,Charizard Pidgeot,183,46.54,overall,2026-05-25T17:07:06.566629+00:00
SVI-PFL,"47,48,49,50,51,52,53,54,55",9,charizard-pidgeot,Charizard Pidgeot,790,2711,2688,1199,47.15,ceruledge-ex,Ceruledge,181,53.96,overall,2026-05-25T17:07:06.566629+00:00
SVI-PFL,"47,48,49,50,51,52,53,54,55",9,charizard-pidgeot,Charizard Pidgeot,790,2711,2688,1199,47.15,alakazam-dudunsparce,Alakazam Dudunsparce,180,50.19,overall,2026-05-25T17:07:06.566629+00:00
SVI-PFL,"47,48,49,50,51,52,53,54,55",9,charizard-pidgeot,Charizard Pidgeot,790,2711,2688,1199,47.15,n-zoroark,N's Zoroark,179,60.34,overall,2026-05-25T17:07:06.566629+00:00
SVI-PFL,"47,48,49,50,51,52,53,54,55",9,charizard-pidgeot,Charizard Pidgeot,790,2711,2688,1199,47.15,dragapult-charizard,Dragapult Charizard,166,33.53,overall,2026-05-25T17:07:06.566629+00:00
SVI-PFL,"47,48,49,50,51,52,53,54,55",9,charizard-pidgeot,Charizard Pidgeot,790,2711,2688,1199,47.15,kangaskhan-bouffalant,Kangaskhan Bouffalant,112,41.07,overall,2026-05-25T17:07:06.566629+00:00
SVI-PFL,"47,48,49,50,51,52,53,54,55",9,charizard-pidgeot,Charizard Pidgeot,790,2711,2688,1199,47.15,tera-box,Tera Box,106,45.91,overall,2026-05-25T17:07:06.566629+00:00
SVI-PFL,"47,48,49,50,51,52,53,54,55",9,charizard-pidgeot,Charizard Pidgeot,790,2711,2688,1199,47.15,flareon-noctowl,Flareon Noctowl,104,55.13,overall,2026-05-25T17:07:06.566629+00:00
SVI-PFL,"47,48,49,50,51,52,53,54,55",9,charizard-pidgeot,Charizard Pidgeot,790,2711,2688,1199,47.15,lopunny-dusknoir,Lopunny Dusknoir,70,47.62,overall,2026-05-25T17:07:06.566629+00:00
SVI-PFL,"47,48,49,50,51,52,53,54,55",9,charizard-pidgeot,Charizard Pidgeot,790,2711,2688,1199,47.15,greninja-ex,Greninja,69,40.1,overall,2026-05-25T17:07:06.566629+00:00
SVI-PFL,"47,48,49,50,51,52,53,54,55",9,charizard-pidgeot,Charizard Pidgeot,790,2711,2688,1199,47.15,joltik-box,Joltik Box,59,50.28,overall,2026-05-25T17:07:06.566629+00:00
SVI-PFL,"47,48,49,50,51,52,53,54,55",9,charizard-pidgeot,Charizard Pidgeot,790,2711,2688,1199,47.15,lucario-hariyama,Lucario Hariyama,55,62.42,overall,2026-05-25T17:07:06.566629+00:00
SVI-PFL,"47,48,49,50,51,52,53,54,55",9,charizard-pidgeot,Charizard Pidgeot,790,2711,2688,1199,47.15,sharpedo-toxtricity,Sharpedo Toxtricity,49,60.54,overall,2026-05-25T17:07:06.566629+00:00
SVI-PFL,"47,48,49,50,51,52,53,54,55",9,charizard-pidgeot,Charizard Pidgeot,790,2711,2688,1199,47.15,mega-venusaur-ex,Mega Venusaur,46,66.67,overall,2026-05-25T17:07:06.566629+00:00
SVI-PFL,"47,48,49,50,51,52,53,54,55",9,charizard-pidgeot,Charizard Pidgeot,790,2711,2688,1199,47.15,other,Other,41,56.91,overall,2026-05-25T17:07:06.566629+00:00
SVI-PFL,"47,48,49,50,51,52,53,54,55",9,charizard-pidgeot,Charizard Pidgeot,790,2711,2688,1199,47.15,cynthia-garchomp-ex,Cynthia's Garchomp,38,40.35,overall,2026-05-25T17:07:06.566629+00:00
SVI-PFL,"47,48,49,50,51,52,53,54,55",9,charizard-pidgeot,Charizard Pidgeot,790,2711,2688,1199,47.15,ethan-typhlosion,Ethan's Typhlosion,35,60.95,overall,2026-05-25T17:07:06.566629+00:00
SVI-PFL,"47,48,49,50,51,52,53,54,55",9,charizard-pidgeot,Charizard Pidgeot,790,2711,2688,1199,47.15,crustle-dri,Crustle,35,37.14,overall,2026-05-25T17:07:06.566629+00:00
SVI-PFL,"47,48,49,50,51,52,53,54,55",9,charizard-pidgeot,Charizard Pidgeot,790,2711,2688,1199,47.15,festival-lead,Festival Lead,34,30.39,overall,2026-05-25T17:07:06.566629+00:00
SVI-PFL,"47,48,49,50,51,52,53,54,55",9,charizard-pidgeot,Charizard Pidgeot,790,2711,2688,1199,47.15,slowking-scr,Slowking,34,48.04,overall,2026-05-25T17:07:06.566629+00:00
SVI-PFL,"47,48,49,50,51,52,53,54,55",9,charizard-pidgeot,Charizard Pidgeot,790,2711,2688,1199,47.15,dragapult-ex,Dragapult,30,55.56,overall,2026-05-25T17:07:06.566629+00:00
SVI-PFL,"47,48,49,50,51,52,53,54,55",9,charizard-pidgeot,Charizard Pidgeot,790,2711,2688,1199,47.15,iron-hands-magneton,Iron Hands Magneton,29,60.92,overall,2026-05-25T17:07:06.566629+00:00
SVI-PFL,"47,48,49,50,51,52,53,54,55",9,charizard-pidgeot,Charizard Pidgeot,790,2711,2688,1199,47.15,gholdengo-ex,Gholdengo,28,57.14,overall,2026-05-25T17:07:06.566629+00:00
SVI-PFL,"47,48,49,50,51,52,53,54,55",9,charizard-pidgeot,Charizard Pidgeot,790,2711,2688,1199,47.15,gholdengo-joltik-box,Gholdengo Joltik Box,27,60.49,overall,2026-05-25T17:07:06.566629+00:00
SVI-PFL,"47,48,49,50,51,52,53,54,55",9,charizard-pidgeot,Charizard Pidgeot,790,2711,2688,1199,47.15,froslass-munkidori,Froslass Munkidori,27,32.1,overall,2026-05-25T17:07:06.566629+00:00
SVI-PFL,"47,48,49,50,51,52,53,54,55",9,charizard-pidgeot,Charizard Pidgeot,790,2711,2688,1199,47.15,ho-oh-armarouge,Ho-Oh Armarouge,25,60.0,overall,2026-05-25T17:07:06.566629+00:00
SVI-PFL,"47,48,49,50,51,52,53,54,55",9,charizard-pidgeot,Charizard Pidgeot,790,2711,2688,1199,47.15,pidgeot-control,Pidgeot Control,24,52.78,overall,2026-05-25T17:07:06.566629+00:00
SVI-PFL,"47,48,49,50,51,52,53,54,55",9,charizard-pidgeot,Charizard Pidgeot,790,2711,2688,1199,47.15,conkeldurr-twm,Conkeldurr,22,25.76,overall,2026-05-25T17:07:06.566629+00:00
SVI-PFL,"47,48,49,50,51,52,53,54,55",9,charizard-pidgeot,Charizard Pidgeot,790,2711,2688,1199,47.15,toxtricity-pfl,Toxtricity Box,20,61.67,overall,2026-05-25T17:07:06.566629+00:00
SVI-PFL,"47,48,49,50,51,52,53,54,55",9,charizard-pidgeot,Charizard Pidgeot,790,2711,2688,1199,47.15,seaking-pre,Seaking Festival Lead,17,25.49,overall,2026-05-25T17:07:06.566629+00:00
SVI-PFL,"47,48,49,50,51,52,53,54,55",9,charizard-pidgeot,Charizard Pidgeot,790,2711,2688,1199,47.15,ursaluna-lunatone,Ursaluna Lunatone,16,66.67,overall,2026-05-25T17:07:06.566629+00:00
SVI-PFL,"47,48,49,50,51,52,53,54,55",9,charizard-pidgeot,Charizard Pidgeot,790,2711,2688,1199,47.15,rocket-mewtwo-ex,Rocket's Mewtwo,16,31.25,overall,2026-05-25T17:07:06.566629+00:00
SVI-PFL,"47,48,49,50,51,52,53,54,55",9,charizard-pidgeot,Charizard Pidgeot,790,2711,2688,1199,47.15,marnie-grimmsnarl-ex,Marnie's Grimmsnarl,15,35.56,overall,2026-05-25T17:07:06.566629+00:00
SVI-PFL,"47,48,49,50,51,52,53,54,55",9,charizard-pidgeot,Charizard Pidgeot,790,2711,2688,1199,47.15,dragapult-blaziken,Dragapult Blaziken,12,41.67,overall,2026-05-25T17:07:06.566629+00:00
SVI-PFL,"47,48,49,50,51,52,53,54,55",9,charizard-pidgeot,Charizard Pidgeot,790,2711,2688,1199,47.15,manectric-eelektrik,Manectric Eelektrik,11,36.36,overall,2026-05-25T17:07:06.566629+00:00
SVI-PFL,"47,48,49,50,51,52,53,54,55",9,charizard-pidgeot,Charizard Pidgeot,790,2711,2688,1199,47.15,hydrapple-ogerpon,Hydrapple Ogerpon,11,66.67,overall,2026-05-25T17:07:06.566629+00:00
SVI-PFL,"47,48,49,50,51,52,53,54,55",9,charizard-pidgeot,Charizard Pidgeot,790,2711,2688,1199,47.15,slaking-ex,Slaking,10,46.67,overall,2026-05-25T17:07:06.566629+00:00
SVI-PFL,"47,48,49,50,51,52,53,54,55",9,charizard-pidgeot,Charizard Pidgeot,790,2711,2688,1199,47.15,mega-lucario-ex,Mega Lucario,8,66.67,overall,2026-05-25T17:07:06.566629+00:00
SVI-PFL,"47,48,49,50,51,52,53,54,55",9,charizard-pidgeot,Charizard Pidgeot,790,2711,2688,1199,47.15,mega-charizard-x-ex,Mega Charizard X,7,52.38,overall,2026-05-25T17:07:06.566629+00:00
SVI-PFL,"47,48,49,50,51,52,53,54,55",9,charizard-pidgeot,Charizard Pidgeot,790,2711,2688,1199,47.15,hydreigon-ex,Hydreigon,7,52.38,overall,2026-05-25T17:07:06.566629+00:00
SVI-PFL,"47,48,49,50,51,52,53,54,55",9,charizard-pidgeot,Charizard Pidgeot,790,2711,2688,1199,47.15,zoroark-crustle,Zoroark Crustle,6,72.22,overall,2026-05-25T17:07:06.566629+00:00
SVI-PFL,"47,48,49,50,51,52,53,54,55",9,charizard-pidgeot,Charizard Pidgeot,790,2711,2688,1199,47.15,toedscruel-ex,Toedscruel,6,50.0,overall,2026-05-25T17:07:06.566629+00:00
SVI-PFL,"47,48,49,50,51,52,53,54,55",9,charizard-pidgeot,Charizard Pidgeot,790,2711,2688,1199,47.15,archaludon-ex,Archaludon,6,61.11,overall,2026-05-25T17:07:06.566629+00:00
SVI-PFL,"47,48,49,50,51,52,53,54,55",9,charizard-pidgeot,Charizard Pidgeot,790,2711,2688,1199,47.15,roaring-moon-ex,Roaring Moon,5,80.0,overall,2026-05-25T17:07:06.566629+00:00
SVI-PFL,"47,48,49,50,51,52,53,54,55",9,charizard-pidgeot,Charizard Pidgeot,790,2711,2688,1199,47.15,mamoswine-ex,Mamoswine,5,60.0,overall,2026-05-25T17:07:06.566629+00:00
SVI-PFL,"47,48,49,50,51,52,53,54,55",9,charizard-pidgeot,Charizard Pidgeot,790,2711,2688,1199,47.15,hop-zacian,Hop's Zacian,5,80.0,overall,2026-05-25T17:07:06.566629+00:00
SVI-PFL,"47,48,49,50,51,52,53,54,55",9,charizard-pidgeot,Charizard Pidgeot,790,2711,2688,1199,47.15,poison-mega-latias,Poison Latias,4,83.33,overall,2026-05-25T17:07:06.566629+00:00
SVI-PFL,"47,48,49,50,51,52,53,54,55",9,charizard-pidgeot,Charizard Pidgeot,790,2711,2688,1199,47.15,miraidon-eelektrik,Miraidon Eelektrik,4,8.33,overall,2026-05-25T17:07:06.566629+00:00
SVI-PFL,"47,48,49,50,51,52,53,54,55",9,charizard-pidgeot,Charizard Pidgeot,790,2711,2688,1199,47.15,palafin-ex,Palafin,4,33.33,overall,2026-05-25T17:07:06.566629+00:00
SVI-PFL,"47,48,49,50,51,52,53,54,55",9,charizard-pidgeot,Charizard Pidgeot,790,2711,2688,1199,47.15,raging-bolt-ex,Raging Bolt,4,75.0,overall,2026-05-25T17:07:06.566629+00:00
SVI-PFL,"47,48,49,50,51,52,53,54,55",9,charizard-pidgeot,Charizard Pidgeot,790,2711,2688,1199,47.15,iron-thorns-crustle,Iron Thorns Crustle,4,33.33,overall,2026-05-25T17:07:06.566629+00:00
SVI-PFL,"47,48,49,50,51,52,53,54,55",9,charizard-pidgeot,Charizard Pidgeot,790,2711,2688,1199,47.15,chien-pao-baxcalibur,Chien-Pao Baxcalibur,4,50.0,overall,2026-05-25T17:07:06.566629+00:00
SVI-PFL,"47,48,49,50,51,52,53,54,55",9,charizard-pidgeot,Charizard Pidgeot,790,2711,2688,1199,47.15,mega-lopunny-ex,Mega Lopunny,3,33.33,overall,2026-05-25T17:07:06.566629+00:00
SVI-PFL,"47,48,49,50,51,52,53,54,55",9,charizard-pidgeot,Charizard Pidgeot,790,2711,2688,1199,47.15,charizard-ex,Charizard,3,55.56,overall,2026-05-25T17:07:06.566629+00:00
SVI-PFL,"47,48,49,50,51,52,53,54,55",9,charizard-pidgeot,Charizard Pidgeot,790,2711,2688,1199,47.15,sinistcha-ogerpon,Sinistcha Ogerpon,3,33.33,overall,2026-05-25T17:07:06.566629+00:00
SVI-PFL,"47,48,49,50,51,52,53,54,55",9,charizard-pidgeot,Charizard Pidgeot,790,2711,2688,1199,47.15,blaziken-ex-jtg,Blaziken,3,100.0,overall,2026-05-25T17:07:06.566629+00:00
SVI-PFL,"47,48,49,50,51,52,53,54,55",9,charizard-pidgeot,Charizard Pidgeot,790,2711,2688,1199,47.15,forretress-ex,Forretress,3,66.67,overall,2026-05-25T17:07:06.566629+00:00
SVI-PFL,"47,48,49,50,51,52,53,54,55",9,charizard-pidgeot,Charizard Pidgeot,790,2711,2688,1199,47.15,okidogi-twm,Okidogi,3,66.67,overall,2026-05-25T17:07:06.566629+00:00
SVI-PFL,"47,48,49,50,51,52,53,54,55",9,charizard-pidgeot,Charizard Pidgeot,790,2711,2688,1199,47.15,rocket-spidops,Rocket's Spidops,3,22.22,overall,2026-05-25T17:07:06.566629+00:00
SVI-PFL,"47,48,49,50,51,52,53,54,55",9,charizard-pidgeot,Charizard Pidgeot,790,2711,2688,1199,47.15,tsareena-ex,Tsareena,2,16.67,overall,2026-05-25T17:07:06.566629+00:00
SVI-PFL,"47,48,49,50,51,52,53,54,55",9,charizard-pidgeot,Charizard Pidgeot,790,2711,2688,1199,47.15,mega-kangaskhan-ex,Mega Kangaskhan,2,16.67,overall,2026-05-25T17:07:06.566629+00:00
SVI-PFL,"47,48,49,50,51,52,53,54,55",9,charizard-pidgeot,Charizard Pidgeot,790,2711,2688,1199,47.15,kangaskhan-forretress,Kangaskhan Forretress,2,33.33,overall,2026-05-25T17:07:06.566629+00:00
SVI-PFL,"47,48,49,50,51,52,53,54,55",9,charizard-pidgeot,Charizard Pidgeot,790,2711,2688,1199,47.15,alakazam-meg,Alakazam,2,66.67,overall,2026-05-25T17:07:06.566629+00:00
SVI-PFL,"47,48,49,50,51,52,53,54,55",9,charizard-pidgeot,Charizard Pidgeot,790,2711,2688,1199,47.15,okidogi-ex,Okidogi,2,50.0,overall,2026-05-25T17:07:06.566629+00:00
SVI-PFL,"47,48,49,50,51,52,53,54,55",9,charizard-pidgeot,Charizard Pidgeot,790,2711,2688,1199,47.15,tinkaton-ex,Tinkaton,2,100.0,overall,2026-05-25T17:07:06.566629+00:00
SVI-PFL,"47,48,49,50,51,52,53,54,55",9,charizard-pidgeot,Charizard Pidgeot,790,2711,2688,1199,47.15,wugtrio-svi,Wugtrio Mill,2,16.67,overall,2026-05-25T17:07:06.566629+00:00
SVI-PFL,"47,48,49,50,51,52,53,54,55",9,charizard-pidgeot,Charizard Pidgeot,790,2711,2688,1199,47.15,iron-valiant-ex,Iron Valiant,2,16.67,overall,2026-05-25T17:07:06.566629+00:00
SVI-PFL,"47,48,49,50,51,52,53,54,55",9,charizard-pidgeot,Charizard Pidgeot,790,2711,2688,1199,47.15,ethan-magcargo,Ethan's Magcargo,2,66.67,overall,2026-05-25T17:07:06.566629+00:00
SVI-PFL,"47,48,49,50,51,52,53,54,55",9,charizard-pidgeot,Charizard Pidgeot,790,2711,2688,1199,47.15,reging-bolt-bellibolt,Raging Bolt Bellibolt,2,100.0,overall,2026-05-25T17:07:06.566629+00:00
SVI-PFL,"47,48,49,50,51,52,53,54,55",9,charizard-pidgeot,Charizard Pidgeot,790,2711,2688,1199,47.15,alolan-exeggutor-ex,Alolan Exeggutor ex,1,100.0,overall,2026-05-25T17:07:06.566629+00:00
SVI-PFL,"47,48,49,50,51,52,53,54,55",9,charizard-pidgeot,Charizard Pidgeot,790,2711,2688,1199,47.15,united-wings,United Wings,1,100.0,overall,2026-05-25T17:07:06.566629+00:00
SVI-PFL,"47,48,49,50,51,52,53,54,55",9,charizard-pidgeot,Charizard Pidgeot,790,2711,2688,1199,47.15,hydrapple-ex,Hydrapple,1,100.0,overall,2026-05-25T17:07:06.566629+00:00
SVI-PFL,"47,48,49,50,51,52,53,54,55",9,charizard-pidgeot,Charizard Pidgeot,790,2711,2688,1199,47.15,yanmega-ex,Yanmega,1,0.0,overall,2026-05-25T17:07:06.566629+00:00
SVI-PFL,"47,48,49,50,51,52,53,54,55",9,charizard-pidgeot,Charizard Pidgeot,790,2711,2688,1199,47.15,farigiraf-milotic,Farigiraf Milotic,1,100.0,overall,2026-05-25T17:07:06.566629+00:00
SVI-PFL,"47,48,49,50,51,52,53,54,55",9,charizard-pidgeot,Charizard Pidgeot,790,2711,2688,1199,47.15,mega-abomasnow-ex,Mega Abomasnow,1,100.0,overall,2026-05-25T17:07:06.566629+00:00
SVI-PFL,"47,48,49,50,51,52,53,54,55",9,charizard-pidgeot,Charizard Pidgeot,790,2711,2688,1199,47.15,gholdengo-dudunsparce,Gholdengo Dudunsparce,1,100.0,overall,2026-05-25T17:07:06.566629+00:00
SVI-PFL,"47,48,49,50,51,52,53,54,55",9,charizard-pidgeot,Charizard Pidgeot,790,2711,2688,1199,47.15,dragapult-pidgeot,Dragapult Pidgeot,1,100.0,overall,2026-05-25T17:07:06.566629+00:00
SVI-PFL,"47,48,49,50,51,52,53,54,55",9,charizard-pidgeot,Charizard Pidgeot,790,2711,2688,1199,47.15,gholdengo-typhlosion,Gholdengo Typhlosion,1,33.33,overall,2026-05-25T17:07:06.566629+00:00
SVI-PFL,"47,48,49,50,51,52,53,54,55",9,charizard-pidgeot,Charizard Pidgeot,790,2711,2688,1199,47.15,flareon-ex,Flareon,1,100.0,overall,2026-05-25T17:07:06.566629+00:00
SVI-PFL,"47,48,49,50,51,52,53,54,55",9,charizard-pidgeot,Charizard Pidgeot,790,2711,2688,1199,47.15,tyranitar-jtg,Tyranitar,1,100.0,overall,2026-05-25T17:07:06.566629+00:00
SVI-PFL,"47,48,49,50,51,52,53,54,55",9,charizard-pidgeot,Charizard Pidgeot,790,2711,2688,1199,47.15,mega-camerupt-ex,Mega Camerupt,1,100.0,overall,2026-05-25T17:07:06.566629+00:00
SVI-PFL,"47,48,49,50,51,52,53,54,55",9,charizard-pidgeot,Charizard Pidgeot,790,2711,2688,1199,47.15,espathra-xatu,Espathra Xatu,1,100.0,overall,2026-05-25T17:07:06.566629+00:00
SVI-PFL,"47,48,49,50,51,52,53,54,55",9,charizard-pidgeot,Charizard Pidgeot,790,2711,2688,1199,47.15,rocket-porygon-z,Rocket's Porygon-Z,1,33.33,overall,2026-05-25T17:07:06.566629+00:00
SVI-PFL,"47,48,49,50,51,52,53,54,55",9,charizard-pidgeot,Charizard Pidgeot,790,2711,2688,1199,47.15,iron-hands-ex,Future Hands,1,100.0,overall,2026-05-25T17:07:06.566629+00:00
SVI-PFL,"47,48,49,50,51,52,53,54,55",9,charizard-pidgeot,Charizard Pidgeot,790,2711,2688,1199,47.15,gholdengo-dragapult,Gholdengo Dragapult,1,0.0,overall,2026-05-25T17:07:06.566629+00:00
SVI-PFL,"47,48,49,50,51,52,53,54,55",9,charizard-pidgeot,Charizard Pidgeot,790,2711,2688,1199,47.15,alakazam-ex,Alakazam,1,0.0,overall,2026-05-25T17:07:06.566629+00:00
SVI-PFL,"47,48,49,50,51,52,53,54,55",9,charizard-pidgeot,Charizard Pidgeot,790,2711,2688,1199,47.15,dragapult-froslass,Dragapult Froslass,1,100.0,overall,2026-05-25T17:07:06.566629+00:00
SVI-PFL,"47,48,49,50,51,52,53,54,55",9,charizard-pidgeot,Charizard Pidgeot,790,2711,2688,1199,47.15,copperajah-ex,Copperajah,1,100.0,overall,2026-05-25T17:07:06.566629+00:00
SVI-PFL,"47,48,49,50,51,52,53,54,55",9,charizard-pidgeot,Charizard Pidgeot,790,2711,2688,1199,47.15,mega-manectric-ex-meg,Mega Manectric,1,100.0,overall,2026-05-25T17:07:06.566629+00:00
SVI-PFL,"47,48,49,50,51,52,53,54,55",9,charizard-pidgeot,Charizard Pidgeot,790,2711,2688,1199,47.15,poison-terapagos,Poison Terapagos,1,100.0,overall,2026-05-25T17:07:06.566629+00:00
SVI-PFL,"47,48,49,50,51,52,53,54,55",9,charizard-pidgeot,Charizard Pidgeot,790,2711,2688,1199,47.15,great-tusk-tef,Great Tusk Mill,1,33.33,overall,2026-05-25T17:07:06.566629+00:00
SVI-PFL,"47,48,49,50,51,52,53,54,55",9,charizard-pidgeot,Charizard Pidgeot,790,2711,2688,1199,47.15,espathra-froslass,Espathra Froslass,1,33.33,overall,2026-05-25T17:07:06.566629+00:00
SVI-PFL,"47,48,49,50,51,52,53,54,55",9,chien-pao-baxcalibur,Chien-Pao Baxcalibur,19,46,71,22,38.37,dragapult-dusknoir,Dragapult Dusknoir,18,25.93,overall,2026-05-25T17:07:09.433794+00:00
SVI-PFL,"47,48,49,50,51,52,53,54,55",9,chien-pao-baxcalibur,Chien-Pao Baxcalibur,19,46,71,22,38.37,gholdengo-lunatone,Gholdengo Lunatone,17,27.45,overall,2026-05-25T17:07:09.433794+00:00
SVI-PFL,"47,48,49,50,51,52,53,54,55",9,chien-pao-baxcalibur,Chien-Pao Baxcalibur,19,46,71,22,38.37,grimmsnarl-froslass,Grimmsnarl Froslass,13,38.46,overall,2026-05-25T17:07:09.433794+00:00
SVI-PFL,"47,48,49,50,51,52,53,54,55",9,chien-pao-baxcalibur,Chien-Pao Baxcalibur,19,46,71,22,38.37,gardevoir-ex-sv,Gardevoir,12,36.11,overall,2026-05-25T17:07:09.433794+00:00
SVI-PFL,"47,48,49,50,51,52,53,54,55",9,chien-pao-baxcalibur,Chien-Pao Baxcalibur,19,46,71,22,38.37,gardevoir-jellicent,Gardevoir Jellicent,11,51.52,overall,2026-05-25T17:07:09.433794+00:00
SVI-PFL,"47,48,49,50,51,52,53,54,55",9,chien-pao-baxcalibur,Chien-Pao Baxcalibur,19,46,71,22,38.37,alakazam-dudunsparce,Alakazam Dudunsparce,8,45.83,overall,2026-05-25T17:07:09.433794+00:00
SVI-PFL,"47,48,49,50,51,52,53,54,55",9,chien-pao-baxcalibur,Chien-Pao Baxcalibur,19,46,71,22,38.37,charizard-noctowl,Charizard Noctowl,7,47.62,overall,2026-05-25T17:07:09.433794+00:00
SVI-PFL,"47,48,49,50,51,52,53,54,55",9,chien-pao-baxcalibur,Chien-Pao Baxcalibur,19,46,71,22,38.37,mega-venusaur-ex,Mega Venusaur,7,33.33,overall,2026-05-25T17:07:09.433794+00:00
SVI-PFL,"47,48,49,50,51,52,53,54,55",9,chien-pao-baxcalibur,Chien-Pao Baxcalibur,19,46,71,22,38.37,mega-absol-box,Mega Absol Box,6,16.67,overall,2026-05-25T17:07:09.433794+00:00
SVI-PFL,"47,48,49,50,51,52,53,54,55",9,chien-pao-baxcalibur,Chien-Pao Baxcalibur,19,46,71,22,38.37,n-zoroark,N's Zoroark,4,100.0,overall,2026-05-25T17:07:09.433794+00:00
SVI-PFL,"47,48,49,50,51,52,53,54,55",9,chien-pao-baxcalibur,Chien-Pao Baxcalibur,19,46,71,22,38.37,raging-bolt-ogerpon,Raging Bolt Ogerpon,4,58.33,overall,2026-05-25T17:07:09.433794+00:00
SVI-PFL,"47,48,49,50,51,52,53,54,55",9,chien-pao-baxcalibur,Chien-Pao Baxcalibur,19,46,71,22,38.37,charizard-pidgeot,Charizard Pidgeot,4,50.0,overall,2026-05-25T17:07:09.433794+00:00
SVI-PFL,"47,48,49,50,51,52,53,54,55",9,chien-pao-baxcalibur,Chien-Pao Baxcalibur,19,46,71,22,38.37,ceruledge-ex,Ceruledge,3,33.33,overall,2026-05-25T17:07:09.433794+00:00
SVI-PFL,"47,48,49,50,51,52,53,54,55",9,chien-pao-baxcalibur,Chien-Pao Baxcalibur,19,46,71,22,38.37,conkeldurr-twm,Conkeldurr,2,0.0,overall,2026-05-25T17:07:09.433794+00:00
SVI-PFL,"47,48,49,50,51,52,53,54,55",9,chien-pao-baxcalibur,Chien-Pao Baxcalibur,19,46,71,22,38.37,sharpedo-toxtricity,Sharpedo Toxtricity,2,100.0,overall,2026-05-25T17:07:09.433794+00:00
SVI-PFL,"47,48,49,50,51,52,53,54,55",9,chien-pao-baxcalibur,Chien-Pao Baxcalibur,19,46,71,22,38.37,dragapult-charizard,Dragapult Charizard,2,16.67,overall,2026-05-25T17:07:09.433794+00:00
SVI-PFL,"47,48,49,50,51,52,53,54,55",9,chien-pao-baxcalibur,Chien-Pao Baxcalibur,19,46,71,22,38.37,lucario-hariyama,Lucario Hariyama,2,33.33,overall,2026-05-25T17:07:09.433794+00:00
SVI-PFL,"47,48,49,50,51,52,53,54,55",9,chien-pao-baxcalibur,Chien-Pao Baxcalibur,19,46,71,22,38.37,festival-lead,Festival Lead,2,0.0,overall,2026-05-25T17:07:09.433794+00:00
SVI-PFL,"47,48,49,50,51,52,53,54,55",9,chien-pao-baxcalibur,Chien-Pao Baxcalibur,19,46,71,22,38.37,froslass-munkidori,Froslass Munkidori,1,33.33,overall,2026-05-25T17:07:09.433794+00:00
SVI-PFL,"47,48,49,50,51,52,53,54,55",9,chien-pao-baxcalibur,Chien-Pao Baxcalibur,19,46,71,22,38.37,gholdengo-joltik-box,Gholdengo Joltik Box,1,0.0,overall,2026-05-25T17:07:09.433794+00:00
SVI-PFL,"47,48,49,50,51,52,53,54,55",9,chien-pao-baxcalibur,Chien-Pao Baxcalibur,19,46,71,22,38.37,rocket-mewtwo-ex,Rocket's Mewtwo,1,0.0,overall,2026-05-25T17:07:09.433794+00:00
SVI-PFL,"47,48,49,50,51,52,53,54,55",9,chien-pao-baxcalibur,Chien-Pao Baxcalibur,19,46,71,22,38.37,gholdengo-ex,Gholdengo,1,0.0,overall,2026-05-25T17:07:09.433794+00:00
SVI-PFL,"47,48,49,50,51,52,53,54,55",9,chien-pao-baxcalibur,Chien-Pao Baxcalibur,19,46,71,22,38.37,future-box,Future Box,1,100.0,overall,2026-05-25T17:07:09.433794+00:00
SVI-PFL,"47,48,49,50,51,52,53,54,55",9,chien-pao-baxcalibur,Chien-Pao Baxcalibur,19,46,71,22,38.37,paldean-tauros-pfl,Paldean Tauros,1,100.0,overall,2026-05-25T17:07:09.433794+00:00
SVI-PFL,"47,48,49,50,51,52,53,54,55",9,chien-pao-baxcalibur,Chien-Pao Baxcalibur,19,46,71,22,38.37,kangaskhan-bouffalant,Kangaskhan Bouffalant,1,33.33,overall,2026-05-25T17:07:09.433794+00:00
SVI-PFL,"47,48,49,50,51,52,53,54,55",9,chien-pao-baxcalibur,Chien-Pao Baxcalibur,19,46,71,22,38.37,ho-oh-armarouge,Ho-Oh Armarouge,1,100.0,overall,2026-05-25T17:07:09.433794+00:00
SVI-PFL,"47,48,49,50,51,52,53,54,55",9,chien-pao-baxcalibur,Chien-Pao Baxcalibur,19,46,71,22,38.37,iron-hands-magneton,Iron Hands Magneton,1,0.0,overall,2026-05-25T17:07:09.433794+00:00
SVI-PFL,"47,48,49,50,51,52,53,54,55",9,chien-pao-baxcalibur,Chien-Pao Baxcalibur,19,46,71,22,38.37,greninja-ex,Greninja,1,33.33,overall,2026-05-25T17:07:09.433794+00:00
SVI-PFL,"47,48,49,50,51,52,53,54,55",9,chien-pao-baxcalibur,Chien-Pao Baxcalibur,19,46,71,22,38.37,flareon-noctowl,Flareon Noctowl,1,0.0,overall,2026-05-25T17:07:09.433794+00:00
SVI-PFL,"47,48,49,50,51,52,53,54,55",9,chien-pao-baxcalibur,Chien-Pao Baxcalibur,19,46,71,22,38.37,slowking-scr,Slowking,1,0.0,overall,2026-05-25T17:07:09.433794+00:00
SVI-PFL,"47,48,49,50,51,52,53,54,55",9,chien-pao-baxcalibur,Chien-Pao Baxcalibur,19,46,71,22,38.37,tera-box,Tera Box,1,33.33,overall,2026-05-25T17:07:09.433794+00:00
SVI-PFL,"47,48,49,50,51,52,53,54,55",9,chien-pao-baxcalibur,Chien-Pao Baxcalibur,19,46,71,22,38.37,hydrapple-ogerpon,Hydrapple Ogerpon,1,100.0,overall,2026-05-25T17:07:09.433794+00:00
SVI-PFL,"47,48,49,50,51,52,53,54,55",9,chien-pao-baxcalibur,Chien-Pao Baxcalibur,19,46,71,22,38.37,lopunny-dusknoir,Lopunny Dusknoir,1,100.0,overall,2026-05-25T17:07:09.433794+00:00
SVI-PFL,"47,48,49,50,51,52,53,54,55",9,cinderace-ex,Cinderace,2,4,8,4,33.33,dragapult-dusknoir,Dragapult Dusknoir,4,50.0,overall,2026-05-25T17:07:12.312102+00:00
SVI-PFL,"47,48,49,50,51,52,53,54,55",9,cinderace-ex,Cinderace,2,4,8,4,33.33,grimmsnarl-froslass,Grimmsnarl Froslass,2,16.67,overall,2026-05-25T17:07:12.312102+00:00
SVI-PFL,"47,48,49,50,51,52,53,54,55",9,cinderace-ex,Cinderace,2,4,8,4,33.33,gholdengo-lunatone,Gholdengo Lunatone,2,16.67,overall,2026-05-25T17:07:12.312102+00:00
SVI-PFL,"47,48,49,50,51,52,53,54,55",9,cinderace-ex,Cinderace,2,4,8,4,33.33,flareon-noctowl,Flareon Noctowl,1,33.33,overall,2026-05-25T17:07:12.312102+00:00
SVI-PFL,"47,48,49,50,51,52,53,54,55",9,cinderace-ex,Cinderace,2,4,8,4,33.33,lucario-hariyama,Lucario Hariyama,1,0.0,overall,2026-05-25T17:07:12.312102+00:00
SVI-PFL,"47,48,49,50,51,52,53,54,55",9,cinderace-ex,Cinderace,2,4,8,4,33.33,gholdengo-dragapult,Gholdengo Dragapult,1,100.0,overall,2026-05-25T17:07:12.312102+00:00
SVI-PFL,"47,48,49,50,51,52,53,54,55",9,cinderace-ex,Cinderace,2,4,8,4,33.33,greninja-ex,Greninja,1,0.0,overall,2026-05-25T17:07:12.312102+00:00
SVI-PFL,"47,48,49,50,51,52,53,54,55",9,cinderace-ex,Cinderace,2,4,8,4,33.33,cynthia-garchomp-ex,Cynthia's Garchomp,1,100.0,overall,2026-05-25T17:07:12.312102+00:00
SVI-PFL,"47,48,49,50,51,52,53,54,55",9,cinderace-ex,Cinderace,2,4,8,4,33.33,gardevoir-ex-sv,Gardevoir,1,33.33,overall,2026-05-25T17:07:12.312102+00:00
SVI-PFL,"47,48,49,50,51,52,53,54,55",9,cinderace-ex,Cinderace,2,4,8,4,33.33,slaking-ex,Slaking,1,0.0,overall,2026-05-25T17:07:12.312102+00:00
SVI-PFL,"47,48,49,50,51,52,53,54,55",9,cinderace-ex,Cinderace,2,4,8,4,33.33,ceruledge-ex,Ceruledge,1,0.0,overall,2026-05-25T17:07:12.312102+00:00
SVI-PFL,"47,48,49,50,51,52,53,54,55",9,clefairy-ogerpon,Clefairy Ogerpon,2,2,10,1,17.95,dragapult-dusknoir,Dragapult Dusknoir,4,0.0,overall,2026-05-25T17:07:15.197170+00:00
SVI-PFL,"47,48,49,50,51,52,53,54,55",9,clefairy-ogerpon,Clefairy Ogerpon,2,2,10,1,17.95,mega-venusaur-ex,Mega Venusaur,2,0.0,overall,2026-05-25T17:07:15.197170+00:00
SVI-PFL,"47,48,49,50,51,52,53,54,55",9,clefairy-ogerpon,Clefairy Ogerpon,2,2,10,1,17.95,raging-bolt-ogerpon,Raging Bolt Ogerpon,1,100.0,overall,2026-05-25T17:07:15.197170+00:00
SVI-PFL,"47,48,49,50,51,52,53,54,55",9,clefairy-ogerpon,Clefairy Ogerpon,2,2,10,1,17.95,ethan-magcargo,Ethan's Magcargo,1,0.0,overall,2026-05-25T17:07:15.197170+00:00
SVI-PFL,"47,48,49,50,51,52,53,54,55",9,clefairy-ogerpon,Clefairy Ogerpon,2,2,10,1,17.95,kangaskhan-bouffalant,Kangaskhan Bouffalant,1,0.0,overall,2026-05-25T17:07:15.197170+00:00
SVI-PFL,"47,48,49,50,51,52,53,54,55",9,clefairy-ogerpon,Clefairy Ogerpon,2,2,10,1,17.95,mega-absol-box,Mega Absol Box,1,0.0,overall,2026-05-25T17:07:15.197170+00:00
SVI-PFL,"47,48,49,50,51,52,53,54,55",9,clefairy-ogerpon,Clefairy Ogerpon,2,2,10,1,17.95,lopunny-dusknoir,Lopunny Dusknoir,1,0.0,overall,2026-05-25T17:07:15.197170+00:00
SVI-PFL,"47,48,49,50,51,52,53,54,55",9,clefairy-ogerpon,Clefairy Ogerpon,2,2,10,1,17.95,dragapult-ex,Dragapult,1,33.33,overall,2026-05-25T17:07:15.197170+00:00
SVI-PFL,"47,48,49,50,51,52,53,54,55",9,conkeldurr-twm,Conkeldurr,46,133,167,63,42.42,gholdengo-lunatone,Gholdengo Lunatone,58,68.39,overall,2026-05-25T17:07:18.132846+00:00
SVI-PFL,"47,48,49,50,51,52,53,54,55",9,conkeldurr-twm,Conkeldurr,46,133,167,63,42.42,dragapult-dusknoir,Dragapult Dusknoir,48,13.89,overall,2026-05-25T17:07:18.132846+00:00
SVI-PFL,"47,48,49,50,51,52,53,54,55",9,conkeldurr-twm,Conkeldurr,46,133,167,63,42.42,gardevoir-jellicent,Gardevoir Jellicent,29,26.44,overall,2026-05-25T17:07:18.132846+00:00
SVI-PFL,"47,48,49,50,51,52,53,54,55",9,conkeldurr-twm,Conkeldurr,46,133,167,63,42.42,gardevoir-ex-sv,Gardevoir,24,18.06,overall,2026-05-25T17:07:18.132846+00:00
SVI-PFL,"47,48,49,50,51,52,53,54,55",9,conkeldurr-twm,Conkeldurr,46,133,167,63,42.42,charizard-noctowl,Charizard Noctowl,23,36.23,overall,2026-05-25T17:07:18.132846+00:00
SVI-PFL,"47,48,49,50,51,52,53,54,55",9,conkeldurr-twm,Conkeldurr,46,133,167,63,42.42,charizard-pidgeot,Charizard Pidgeot,22,66.67,overall,2026-05-25T17:07:18.132846+00:00
SVI-PFL,"47,48,49,50,51,52,53,54,55",9,conkeldurr-twm,Conkeldurr,46,133,167,63,42.42,grimmsnarl-froslass,Grimmsnarl Froslass,15,17.78,overall,2026-05-25T17:07:18.132846+00:00
SVI-PFL,"47,48,49,50,51,52,53,54,55",9,conkeldurr-twm,Conkeldurr,46,133,167,63,42.42,raging-bolt-ogerpon,Raging Bolt Ogerpon,14,47.62,overall,2026-05-25T17:07:18.132846+00:00
SVI-PFL,"47,48,49,50,51,52,53,54,55",9,conkeldurr-twm,Conkeldurr,46,133,167,63,42.42,dragapult-charizard,Dragapult Charizard,14,26.19,overall,2026-05-25T17:07:18.132846+00:00
SVI-PFL,"47,48,49,50,51,52,53,54,55",9,conkeldurr-twm,Conkeldurr,46,133,167,63,42.42,alakazam-dudunsparce,Alakazam Dudunsparce,13,38.46,overall,2026-05-25T17:07:18.132846+00:00
SVI-PFL,"47,48,49,50,51,52,53,54,55",9,conkeldurr-twm,Conkeldurr,46,133,167,63,42.42,mega-absol-box,Mega Absol Box,12,19.44,overall,2026-05-25T17:07:18.132846+00:00
SVI-PFL,"47,48,49,50,51,52,53,54,55",9,conkeldurr-twm,Conkeldurr,46,133,167,63,42.42,kangaskhan-bouffalant,Kangaskhan Bouffalant,10,100.0,overall,2026-05-25T17:07:18.132846+00:00
SVI-PFL,"47,48,49,50,51,52,53,54,55",9,conkeldurr-twm,Conkeldurr,46,133,167,63,42.42,n-zoroark,N's Zoroark,10,56.67,overall,2026-05-25T17:07:18.132846+00:00
SVI-PFL,"47,48,49,50,51,52,53,54,55",9,conkeldurr-twm,Conkeldurr,46,133,167,63,42.42,ceruledge-ex,Ceruledge,6,83.33,overall,2026-05-25T17:07:18.132846+00:00
SVI-PFL,"47,48,49,50,51,52,53,54,55",9,conkeldurr-twm,Conkeldurr,46,133,167,63,42.42,sharpedo-toxtricity,Sharpedo Toxtricity,6,33.33,overall,2026-05-25T17:07:18.132846+00:00
SVI-PFL,"47,48,49,50,51,52,53,54,55",9,conkeldurr-twm,Conkeldurr,46,133,167,63,42.42,tera-box,Tera Box,6,66.67,overall,2026-05-25T17:07:18.132846+00:00
SVI-PFL,"47,48,49,50,51,52,53,54,55",9,conkeldurr-twm,Conkeldurr,46,133,167,63,42.42,flareon-noctowl,Flareon Noctowl,5,86.67,overall,2026-05-25T17:07:18.132846+00:00
SVI-PFL,"47,48,49,50,51,52,53,54,55",9,conkeldurr-twm,Conkeldurr,46,133,167,63,42.42,other,Other,4,75.0,overall,2026-05-25T17:07:18.132846+00:00
SVI-PFL,"47,48,49,50,51,52,53,54,55",9,conkeldurr-twm,Conkeldurr,46,133,167,63,42.42,greninja-ex,Greninja,3,11.11,overall,2026-05-25T17:07:18.132846+00:00
SVI-PFL,"47,48,49,50,51,52,53,54,55",9,conkeldurr-twm,Conkeldurr,46,133,167,63,42.42,seaking-pre,Seaking Festival Lead,3,0.0,overall,2026-05-25T17:07:18.132846+00:00
SVI-PFL,"47,48,49,50,51,52,53,54,55",9,conkeldurr-twm,Conkeldurr,46,133,167,63,42.42,lopunny-dusknoir,Lopunny Dusknoir,3,44.44,overall,2026-05-25T17:07:18.132846+00:00
SVI-PFL,"47,48,49,50,51,52,53,54,55",9,conkeldurr-twm,Conkeldurr,46,133,167,63,42.42,mega-venusaur-ex,Mega Venusaur,3,44.44,overall,2026-05-25T17:07:18.132846+00:00
SVI-PFL,"47,48,49,50,51,52,53,54,55",9,conkeldurr-twm,Conkeldurr,46,133,167,63,42.42,joltik-box,Joltik Box,2,16.67,overall,2026-05-25T17:07:18.132846+00:00
SVI-PFL,"47,48,49,50,51,52,53,54,55",9,conkeldurr-twm,Conkeldurr,46,133,167,63,42.42,hydreigon-ex,Hydreigon,2,50.0,overall,2026-05-25T17:07:18.132846+00:00
SVI-PFL,"47,48,49,50,51,52,53,54,55",9,conkeldurr-twm,Conkeldurr,46,133,167,63,42.42,cynthia-garchomp-ex,Cynthia's Garchomp,2,50.0,overall,2026-05-25T17:07:18.132846+00:00
SVI-PFL,"47,48,49,50,51,52,53,54,55",9,conkeldurr-twm,Conkeldurr,46,133,167,63,42.42,chien-pao-baxcalibur,Chien-Pao Baxcalibur,2,100.0,overall,2026-05-25T17:07:18.132846+00:00
SVI-PFL,"47,48,49,50,51,52,53,54,55",9,conkeldurr-twm,Conkeldurr,46,133,167,63,42.42,lucario-hariyama,Lucario Hariyama,2,33.33,overall,2026-05-25T17:07:18.132846+00:00
SVI-PFL,"47,48,49,50,51,52,53,54,55",9,conkeldurr-twm,Conkeldurr,46,133,167,63,42.42,hydrapple-ex,Hydrapple,1,33.33,overall,2026-05-25T17:07:18.132846+00:00
SVI-PFL,"47,48,49,50,51,52,53,54,55",9,conkeldurr-twm,Conkeldurr,46,133,167,63,42.42,ho-oh-armarouge,Ho-Oh Armarouge,1,33.33,overall,2026-05-25T17:07:18.132846+00:00
SVI-PFL,"47,48,49,50,51,52,53,54,55",9,conkeldurr-twm,Conkeldurr,46,133,167,63,42.42,iron-hands-magneton,Iron Hands Magneton,1,100.0,overall,2026-05-25T17:07:18.132846+00:00
SVI-PFL,"47,48,49,50,51,52,53,54,55",9,conkeldurr-twm,Conkeldurr,46,133,167,63,42.42,ursaluna-lunatone,Ursaluna Lunatone,1,0.0,overall,2026-05-25T17:07:18.132846+00:00
SVI-PFL,"47,48,49,50,51,52,53,54,55",9,conkeldurr-twm,Conkeldurr,46,133,167,63,42.42,palafin-ex,Palafin,1,0.0,overall,2026-05-25T17:07:18.132846+00:00
SVI-PFL,"47,48,49,50,51,52,53,54,55",9,conkeldurr-twm,Conkeldurr,46,133,167,63,42.42,future-box,Future Box,1,0.0,overall,2026-05-25T17:07:18.132846+00:00
SVI-PFL,"47,48,49,50,51,52,53,54,55",9,conkeldurr-twm,Conkeldurr,46,133,167,63,42.42,manectric-eelektrik,Manectric Eelektrik,1,33.33,overall,2026-05-25T17:07:18.132846+00:00
SVI-PFL,"47,48,49,50,51,52,53,54,55",9,conkeldurr-twm,Conkeldurr,46,133,167,63,42.42,okidogi-ex,Okidogi,1,0.0,overall,2026-05-25T17:07:18.132846+00:00
SVI-PFL,"47,48,49,50,51,52,53,54,55",9,conkeldurr-twm,Conkeldurr,46,133,167,63,42.42,tsareena-ex,Tsareena,1,100.0,overall,2026-05-25T17:07:18.132846+00:00
SVI-PFL,"47,48,49,50,51,52,53,54,55",9,conkeldurr-twm,Conkeldurr,46,133,167,63,42.42,slowking-scr,Slowking,1,100.0,overall,2026-05-25T17:07:18.132846+00:00
SVI-PFL,"47,48,49,50,51,52,53,54,55",9,conkeldurr-twm,Conkeldurr,46,133,167,63,42.42,dragapult-ex,Dragapult,1,0.0,overall,2026-05-25T17:07:18.132846+00:00
SVI-PFL,"47,48,49,50,51,52,53,54,55",9,conkeldurr-twm,Conkeldurr,46,133,167,63,42.42,hydrapple-ogerpon,Hydrapple Ogerpon,1,100.0,overall,2026-05-25T17:07:18.132846+00:00
SVI-PFL,"47,48,49,50,51,52,53,54,55",9,conkeldurr-twm,Conkeldurr,46,133,167,63,42.42,crustle-dri,Crustle,1,0.0,overall,2026-05-25T17:07:18.132846+00:00
SVI-PFL,"47,48,49,50,51,52,53,54,55",9,conkeldurr-twm,Conkeldurr,46,133,167,63,42.42,gholdengo-dudunsparce,Gholdengo Dudunsparce,1,100.0,overall,2026-05-25T17:07:18.132846+00:00
SVI-PFL,"47,48,49,50,51,52,53,54,55",9,conkeldurr-twm,Conkeldurr,46,133,167,63,42.42,marnie-grimmsnarl-ex,Marnie's Grimmsnarl,1,0.0,overall,2026-05-25T17:07:18.132846+00:00
SVI-PFL,"47,48,49,50,51,52,53,54,55",9,conkeldurr-twm,Conkeldurr,46,133,167,63,42.42,gholdengo-joltik-box,Gholdengo Joltik Box,1,100.0,overall,2026-05-25T17:07:18.132846+00:00
SVI-PFL,"47,48,49,50,51,52,53,54,55",9,conkeldurr-twm,Conkeldurr,46,133,167,63,42.42,ogerpon-meganium,Ogerpon Meganium,1,100.0,overall,2026-05-25T17:07:18.132846+00:00
SVI-PFL,"47,48,49,50,51,52,53,54,55",9,conkeldurr-twm,Conkeldurr,46,133,167,63,42.42,ethan-typhlosion,Ethan's Typhlosion,1,100.0,overall,2026-05-25T17:07:18.132846+00:00
SVI-PFL,"47,48,49,50,51,52,53,54,55",9,conkeldurr-twm,Conkeldurr,46,133,167,63,42.42,alakazam-meg,Alakazam,1,0.0,overall,2026-05-25T17:07:18.132846+00:00
SVI-PFL,"47,48,49,50,51,52,53,54,55",9,copperajah-ex,Copperajah,4,10,16,3,37.93,charizard-noctowl,Charizard Noctowl,5,26.67,overall,2026-05-25T17:07:21.041888+00:00
SVI-PFL,"47,48,49,50,51,52,53,54,55",9,copperajah-ex,Copperajah,4,10,16,3,37.93,dragapult-dusknoir,Dragapult Dusknoir,4,75.0,overall,2026-05-25T17:07:21.041888+00:00
SVI-PFL,"47,48,49,50,51,52,53,54,55",9,copperajah-ex,Copperajah,4,10,16,3,37.93,ceruledge-ex,Ceruledge,2,0.0,overall,2026-05-25T17:07:21.041888+00:00
SVI-PFL,"47,48,49,50,51,52,53,54,55",9,copperajah-ex,Copperajah,4,10,16,3,37.93,alakazam-dudunsparce,Alakazam Dudunsparce,2,0.0,overall,2026-05-25T17:07:21.041888+00:00
SVI-PFL,"47,48,49,50,51,52,53,54,55",9,copperajah-ex,Copperajah,4,10,16,3,37.93,mega-absol-box,Mega Absol Box,2,0.0,overall,2026-05-25T17:07:21.041888+00:00
SVI-PFL,"47,48,49,50,51,52,53,54,55",9,copperajah-ex,Copperajah,4,10,16,3,37.93,gardevoir-jellicent,Gardevoir Jellicent,2,50.0,overall,2026-05-25T17:07:21.041888+00:00
SVI-PFL,"47,48,49,50,51,52,53,54,55",9,copperajah-ex,Copperajah,4,10,16,3,37.93,sharpedo-toxtricity,Sharpedo Toxtricity,1,100.0,overall,2026-05-25T17:07:21.041888+00:00
SVI-PFL,"47,48,49,50,51,52,53,54,55",9,copperajah-ex,Copperajah,4,10,16,3,37.93,cynthia-garchomp-ex,Cynthia's Garchomp,1,100.0,overall,2026-05-25T17:07:21.041888+00:00
SVI-PFL,"47,48,49,50,51,52,53,54,55",9,copperajah-ex,Copperajah,4,10,16,3,37.93,ho-oh-armarouge,Ho-Oh Armarouge,1,0.0,overall,2026-05-25T17:07:21.041888+00:00
SVI-PFL,"47,48,49,50,51,52,53,54,55",9,copperajah-ex,Copperajah,4,10,16,3,37.93,raging-bolt-ogerpon,Raging Bolt Ogerpon,1,100.0,overall,2026-05-25T17:07:21.041888+00:00
SVI-PFL,"47,48,49,50,51,52,53,54,55",9,copperajah-ex,Copperajah,4,10,16,3,37.93,other,Other,1,0.0,overall,2026-05-25T17:07:21.041888+00:00
SVI-PFL,"47,48,49,50,51,52,53,54,55",9,copperajah-ex,Copperajah,4,10,16,3,37.93,n-zoroark,N's Zoroark,1,33.33,overall,2026-05-25T17:07:21.041888+00:00
SVI-PFL,"47,48,49,50,51,52,53,54,55",9,copperajah-ex,Copperajah,4,10,16,3,37.93,charizard-pidgeot,Charizard Pidgeot,1,0.0,overall,2026-05-25T17:07:21.041888+00:00
SVI-PFL,"47,48,49,50,51,52,53,54,55",9,copperajah-ex,Copperajah,4,10,16,3,37.93,slowking-scr,Slowking,1,33.33,overall,2026-05-25T17:07:21.041888+00:00
SVI-PFL,"47,48,49,50,51,52,53,54,55",9,copperajah-ex,Copperajah,4,10,16,3,37.93,ethan-typhlosion,Ethan's Typhlosion,1,0.0,overall,2026-05-25T17:07:21.041888+00:00
SVI-PFL,"47,48,49,50,51,52,53,54,55",9,copperajah-ex,Copperajah,4,10,16,3,37.93,gardevoir-ex-sv,Gardevoir,1,0.0,overall,2026-05-25T17:07:21.041888+00:00
SVI-PFL,"47,48,49,50,51,52,53,54,55",9,copperajah-ex,Copperajah,4,10,16,3,37.93,feraligatr-tef,Feraligatr,1,100.0,overall,2026-05-25T17:07:21.041888+00:00
SVI-PFL,"47,48,49,50,51,52,53,54,55",9,copperajah-ex,Copperajah,4,10,16,3,37.93,gholdengo-lunatone,Gholdengo Lunatone,1,100.0,overall,2026-05-25T17:07:21.041888+00:00
SVI-PFL,"47,48,49,50,51,52,53,54,55",9,crustle-dri,Crustle,99,417,343,138,51.56,dragapult-dusknoir,Dragapult Dusknoir,127,48.56,overall,2026-05-25T17:07:23.972666+00:00
SVI-PFL,"47,48,49,50,51,52,53,54,55",9,crustle-dri,Crustle,99,417,343,138,51.56,gholdengo-lunatone,Gholdengo Lunatone,118,67.51,overall,2026-05-25T17:07:23.972666+00:00
SVI-PFL,"47,48,49,50,51,52,53,54,55",9,crustle-dri,Crustle,99,417,343,138,51.56,charizard-noctowl,Charizard Noctowl,79,70.89,overall,2026-05-25T17:07:23.972666+00:00
SVI-PFL,"47,48,49,50,51,52,53,54,55",9,crustle-dri,Crustle,99,417,343,138,51.56,gardevoir-ex-sv,Gardevoir,71,6.1,overall,2026-05-25T17:07:23.972666+00:00
SVI-PFL,"47,48,49,50,51,52,53,54,55",9,crustle-dri,Crustle,99,417,343,138,51.56,mega-absol-box,Mega Absol Box,64,48.44,overall,2026-05-25T17:07:23.972666+00:00
SVI-PFL,"47,48,49,50,51,52,53,54,55",9,crustle-dri,Crustle,99,417,343,138,51.56,grimmsnarl-froslass,Grimmsnarl Froslass,54,62.96,overall,2026-05-25T17:07:23.972666+00:00
SVI-PFL,"47,48,49,50,51,52,53,54,55",9,crustle-dri,Crustle,99,417,343,138,51.56,gardevoir-jellicent,Gardevoir Jellicent,48,16.67,overall,2026-05-25T17:07:23.972666+00:00
SVI-PFL,"47,48,49,50,51,52,53,54,55",9,crustle-dri,Crustle,99,417,343,138,51.56,n-zoroark,N's Zoroark,36,50.0,overall,2026-05-25T17:07:23.972666+00:00
SVI-PFL,"47,48,49,50,51,52,53,54,55",9,crustle-dri,Crustle,99,417,343,138,51.56,charizard-pidgeot,Charizard Pidgeot,35,60.0,overall,2026-05-25T17:07:23.972666+00:00
SVI-PFL,"47,48,49,50,51,52,53,54,55",9,crustle-dri,Crustle,99,417,343,138,51.56,raging-bolt-ogerpon,Raging Bolt Ogerpon,28,60.71,overall,2026-05-25T17:07:23.972666+00:00
SVI-PFL,"47,48,49,50,51,52,53,54,55",9,crustle-dri,Crustle,99,417,343,138,51.56,ceruledge-ex,Ceruledge,22,90.91,overall,2026-05-25T17:07:23.972666+00:00
SVI-PFL,"47,48,49,50,51,52,53,54,55",9,crustle-dri,Crustle,99,417,343,138,51.56,dragapult-charizard,Dragapult Charizard,21,55.56,overall,2026-05-25T17:07:23.972666+00:00
SVI-PFL,"47,48,49,50,51,52,53,54,55",9,crustle-dri,Crustle,99,417,343,138,51.56,alakazam-dudunsparce,Alakazam Dudunsparce,19,33.33,overall,2026-05-25T17:07:23.972666+00:00
SVI-PFL,"47,48,49,50,51,52,53,54,55",9,crustle-dri,Crustle,99,417,343,138,51.56,kangaskhan-bouffalant,Kangaskhan Bouffalant,17,58.82,overall,2026-05-25T17:07:23.972666+00:00
SVI-PFL,"47,48,49,50,51,52,53,54,55",9,crustle-dri,Crustle,99,417,343,138,51.56,joltik-box,Joltik Box,12,58.33,overall,2026-05-25T17:07:23.972666+00:00
SVI-PFL,"47,48,49,50,51,52,53,54,55",9,crustle-dri,Crustle,99,417,343,138,51.56,tera-box,Tera Box,11,93.94,overall,2026-05-25T17:07:23.972666+00:00
SVI-PFL,"47,48,49,50,51,52,53,54,55",9,crustle-dri,Crustle,99,417,343,138,51.56,pidgeot-control,Pidgeot Control,9,22.22,overall,2026-05-25T17:07:23.972666+00:00
SVI-PFL,"47,48,49,50,51,52,53,54,55",9,crustle-dri,Crustle,99,417,343,138,51.56,cynthia-garchomp-ex,Cynthia's Garchomp,9,62.96,overall,2026-05-25T17:07:23.972666+00:00
SVI-PFL,"47,48,49,50,51,52,53,54,55",9,crustle-dri,Crustle,99,417,343,138,51.56,gholdengo-joltik-box,Gholdengo Joltik Box,7,85.71,overall,2026-05-25T17:07:23.972666+00:00
SVI-PFL,"47,48,49,50,51,52,53,54,55",9,crustle-dri,Crustle,99,417,343,138,51.56,froslass-munkidori,Froslass Munkidori,7,28.57,overall,2026-05-25T17:07:23.972666+00:00
SVI-PFL,"47,48,49,50,51,52,53,54,55",9,crustle-dri,Crustle,99,417,343,138,51.56,greninja-ex,Greninja,7,80.95,overall,2026-05-25T17:07:23.972666+00:00
SVI-PFL,"47,48,49,50,51,52,53,54,55",9,crustle-dri,Crustle,99,417,343,138,51.56,mega-venusaur-ex,Mega Venusaur,6,66.67,overall,2026-05-25T17:07:23.972666+00:00
SVI-PFL,"47,48,49,50,51,52,53,54,55",9,crustle-dri,Crustle,99,417,343,138,51.56,lopunny-dusknoir,Lopunny Dusknoir,6,0.0,overall,2026-05-25T17:07:23.972666+00:00
SVI-PFL,"47,48,49,50,51,52,53,54,55",9,crustle-dri,Crustle,99,417,343,138,51.56,lucario-hariyama,Lucario Hariyama,6,61.11,overall,2026-05-25T17:07:23.972666+00:00
SVI-PFL,"47,48,49,50,51,52,53,54,55",9,crustle-dri,Crustle,99,417,343,138,51.56,crustle-dri,Crustle,6,47.22,overall,2026-05-25T17:07:23.972666+00:00
SVI-PFL,"47,48,49,50,51,52,53,54,55",9,crustle-dri,Crustle,99,417,343,138,51.56,marnie-grimmsnarl-ex,Marnie's Grimmsnarl,4,50.0,overall,2026-05-25T17:07:23.972666+00:00
SVI-PFL,"47,48,49,50,51,52,53,54,55",9,crustle-dri,Crustle,99,417,343,138,51.56,flareon-noctowl,Flareon Noctowl,4,83.33,overall,2026-05-25T17:07:23.972666+00:00
SVI-PFL,"47,48,49,50,51,52,53,54,55",9,crustle-dri,Crustle,99,417,343,138,51.56,ursaluna-lunatone,Ursaluna Lunatone,4,41.67,overall,2026-05-25T17:07:23.972666+00:00
SVI-PFL,"47,48,49,50,51,52,53,54,55",9,crustle-dri,Crustle,99,417,343,138,51.56,iron-hands-magneton,Iron Hands Magneton,4,100.0,overall,2026-05-25T17:07:23.972666+00:00
SVI-PFL,"47,48,49,50,51,52,53,54,55",9,crustle-dri,Crustle,99,417,343,138,51.56,hydrapple-ogerpon,Hydrapple Ogerpon,3,55.56,overall,2026-05-25T17:07:23.972666+00:00
SVI-PFL,"47,48,49,50,51,52,53,54,55",9,crustle-dri,Crustle,99,417,343,138,51.56,other,Other,3,44.44,overall,2026-05-25T17:07:23.972666+00:00
SVI-PFL,"47,48,49,50,51,52,53,54,55",9,crustle-dri,Crustle,99,417,343,138,51.56,roaring-moon-ex,Roaring Moon,3,33.33,overall,2026-05-25T17:07:23.972666+00:00
SVI-PFL,"47,48,49,50,51,52,53,54,55",9,crustle-dri,Crustle,99,417,343,138,51.56,mega-charizard-x-ex,Mega Charizard X,2,16.67,overall,2026-05-25T17:07:23.972666+00:00
SVI-PFL,"47,48,49,50,51,52,53,54,55",9,crustle-dri,Crustle,99,417,343,138,51.56,toedscruel-ex,Toedscruel,2,100.0,overall,2026-05-25T17:07:23.972666+00:00
SVI-PFL,"47,48,49,50,51,52,53,54,55",9,crustle-dri,Crustle,99,417,343,138,51.56,gholdengo-ex,Gholdengo,2,50.0,overall,2026-05-25T17:07:23.972666+00:00
SVI-PFL,"47,48,49,50,51,52,53,54,55",9,crustle-dri,Crustle,99,417,343,138,51.56,rocket-mewtwo-ex,Rocket's Mewtwo,2,0.0,overall,2026-05-25T17:07:23.972666+00:00
SVI-PFL,"47,48,49,50,51,52,53,54,55",9,crustle-dri,Crustle,99,417,343,138,51.56,hydreigon-ex,Hydreigon,2,66.67,overall,2026-05-25T17:07:23.972666+00:00
SVI-PFL,"47,48,49,50,51,52,53,54,55",9,crustle-dri,Crustle,99,417,343,138,51.56,ho-oh-armarouge,Ho-Oh Armarouge,2,0.0,overall,2026-05-25T17:07:23.972666+00:00
SVI-PFL,"47,48,49,50,51,52,53,54,55",9,crustle-dri,Crustle,99,417,343,138,51.56,slowking-scr,Slowking,2,0.0,overall,2026-05-25T17:07:23.972666+00:00
SVI-PFL,"47,48,49,50,51,52,53,54,55",9,crustle-dri,Crustle,99,417,343,138,51.56,archaludon-ex,Archaludon,2,50.0,overall,2026-05-25T17:07:23.972666+00:00
SVI-PFL,"47,48,49,50,51,52,53,54,55",9,crustle-dri,Crustle,99,417,343,138,51.56,mamoswine-ex,Mamoswine,1,100.0,overall,2026-05-25T17:07:23.972666+00:00
SVI-PFL,"47,48,49,50,51,52,53,54,55",9,crustle-dri,Crustle,99,417,343,138,51.56,wugtrio-svi,Wugtrio Mill,1,33.33,overall,2026-05-25T17:07:23.972666+00:00
SVI-PFL,"47,48,49,50,51,52,53,54,55",9,crustle-dri,Crustle,99,417,343,138,51.56,charizard-dragapult,Charizard Dragapult,1,0.0,overall,2026-05-25T17:07:23.972666+00:00
SVI-PFL,"47,48,49,50,51,52,53,54,55",9,crustle-dri,Crustle,99,417,343,138,51.56,roaring-moon-dudunsparce,Roaring Moon Dudunsparce,1,100.0,overall,2026-05-25T17:07:23.972666+00:00
SVI-PFL,"47,48,49,50,51,52,53,54,55",9,crustle-dri,Crustle,99,417,343,138,51.56,iron-thorns-crustle,Iron Thorns Crustle,1,100.0,overall,2026-05-25T17:07:23.972666+00:00
SVI-PFL,"47,48,49,50,51,52,53,54,55",9,crustle-dri,Crustle,99,417,343,138,51.56,dragapult-ex,Dragapult,1,0.0,overall,2026-05-25T17:07:23.972666+00:00
SVI-PFL,"47,48,49,50,51,52,53,54,55",9,crustle-dri,Crustle,99,417,343,138,51.56,charizard-greninja,Charizard Greninja,1,100.0,overall,2026-05-25T17:07:23.972666+00:00
SVI-PFL,"47,48,49,50,51,52,53,54,55",9,crustle-dri,Crustle,99,417,343,138,51.56,miraidon-eelektrik,Miraidon Eelektrik,1,100.0,overall,2026-05-25T17:07:23.972666+00:00
SVI-PFL,"47,48,49,50,51,52,53,54,55",9,crustle-dri,Crustle,99,417,343,138,51.56,conkeldurr-twm,Conkeldurr,1,100.0,overall,2026-05-25T17:07:23.972666+00:00
SVI-PFL,"47,48,49,50,51,52,53,54,55",9,crustle-dri,Crustle,99,417,343,138,51.56,manectric-eelektrik,Manectric Eelektrik,1,0.0,overall,2026-05-25T17:07:23.972666+00:00
SVI-PFL,"47,48,49,50,51,52,53,54,55",9,crustle-dri,Crustle,99,417,343,138,51.56,ethan-magcargo,Ethan's Magcargo,1,0.0,overall,2026-05-25T17:07:23.972666+00:00
SVI-PFL,"47,48,49,50,51,52,53,54,55",9,crustle-dri,Crustle,99,417,343,138,51.56,mega-kangaskhan-ex,Mega Kangaskhan,1,100.0,overall,2026-05-25T17:07:23.972666+00:00
SVI-PFL,"47,48,49,50,51,52,53,54,55",9,crustle-dri,Crustle,99,417,343,138,51.56,ogerpon-ex,Ogerpon,1,0.0,overall,2026-05-25T17:07:23.972666+00:00
SVI-PFL,"47,48,49,50,51,52,53,54,55",9,crustle-dri,Crustle,99,417,343,138,51.56,hop-zacian,Hop's Zacian,1,100.0,overall,2026-05-25T17:07:23.972666+00:00
SVI-PFL,"47,48,49,50,51,52,53,54,55",9,crustle-dri,Crustle,99,417,343,138,51.56,iono-bellibolt,Iono's Bellibolt,1,0.0,overall,2026-05-25T17:07:23.972666+00:00
SVI-PFL,"47,48,49,50,51,52,53,54,55",9,crustle-dri,Crustle,99,417,343,138,51.56,slaking-ex,Slaking,1,100.0,overall,2026-05-25T17:07:23.972666+00:00
SVI-PFL,"47,48,49,50,51,52,53,54,55",9,crustle-dri,Crustle,99,417,343,138,51.56,ethan-typhlosion,Ethan's Typhlosion,1,0.0,overall,2026-05-25T17:07:23.972666+00:00
SVI-PFL,"47,48,49,50,51,52,53,54,55",9,crustle-dri,Crustle,99,417,343,138,51.56,kangaskhan-forretress,Kangaskhan Forretress,1,100.0,overall,2026-05-25T17:07:23.972666+00:00
SVI-PFL,"47,48,49,50,51,52,53,54,55",9,crustle-dri,Crustle,99,417,343,138,51.56,ogerpon-meganium,Ogerpon Meganium,1,0.0,overall,2026-05-25T17:07:23.972666+00:00
SVI-PFL,"47,48,49,50,51,52,53,54,55",9,crustle-dri,Crustle,99,417,343,138,51.56,festival-lead,Festival Lead,1,0.0,overall,2026-05-25T17:07:23.972666+00:00
SVI-PFL,"47,48,49,50,51,52,53,54,55",9,crustle-dri,Crustle,99,417,343,138,51.56,mega-lucario-ex,Mega Lucario,1,0.0,overall,2026-05-25T17:07:23.972666+00:00
SVI-PFL,"47,48,49,50,51,52,53,54,55",9,crustle-dri,Crustle,99,417,343,138,51.56,yanmega-ex,Yanmega,1,100.0,overall,2026-05-25T17:07:23.972666+00:00
SVI-PFL,"47,48,49,50,51,52,53,54,55",9,crustle-dri,Crustle,99,417,343,138,51.56,raging-bolt-ex,Raging Bolt,1,0.0,overall,2026-05-25T17:07:23.972666+00:00
SVI-PFL,"47,48,49,50,51,52,53,54,55",9,crustle-dri,Crustle,99,417,343,138,51.56,espathra-froslass,Espathra Froslass,1,0.0,overall,2026-05-25T17:07:23.972666+00:00
SVI-PFL,"47,48,49,50,51,52,53,54,55",9,cynthia-garchomp-ex,Cynthia's Garchomp,120,317,461,124,39.73,dragapult-dusknoir,Dragapult Dusknoir,133,36.34,overall,2026-05-25T17:07:26.847007+00:00
SVI-PFL,"47,48,49,50,51,52,53,54,55",9,cynthia-garchomp-ex,Cynthia's Garchomp,120,317,461,124,39.73,gholdengo-lunatone,Gholdengo Lunatone,131,27.99,overall,2026-05-25T17:07:26.847007+00:00
SVI-PFL,"47,48,49,50,51,52,53,54,55",9,cynthia-garchomp-ex,Cynthia's Garchomp,120,317,461,124,39.73,charizard-noctowl,Charizard Noctowl,65,40.0,overall,2026-05-25T17:07:26.847007+00:00
SVI-PFL,"47,48,49,50,51,52,53,54,55",9,cynthia-garchomp-ex,Cynthia's Garchomp,120,317,461,124,39.73,gardevoir-jellicent,Gardevoir Jellicent,59,46.33,overall,2026-05-25T17:07:26.847007+00:00
SVI-PFL,"47,48,49,50,51,52,53,54,55",9,cynthia-garchomp-ex,Cynthia's Garchomp,120,317,461,124,39.73,gardevoir-ex-sv,Gardevoir,58,50.0,overall,2026-05-25T17:07:26.847007+00:00
SVI-PFL,"47,48,49,50,51,52,53,54,55",9,cynthia-garchomp-ex,Cynthia's Garchomp,120,317,461,124,39.73,mega-absol-box,Mega Absol Box,41,37.4,overall,2026-05-25T17:07:26.847007+00:00
SVI-PFL,"47,48,49,50,51,52,53,54,55",9,cynthia-garchomp-ex,Cynthia's Garchomp,120,317,461,124,39.73,charizard-pidgeot,Charizard Pidgeot,38,50.88,overall,2026-05-25T17:07:26.847007+00:00
SVI-PFL,"47,48,49,50,51,52,53,54,55",9,cynthia-garchomp-ex,Cynthia's Garchomp,120,317,461,124,39.73,raging-bolt-ogerpon,Raging Bolt Ogerpon,36,12.96,overall,2026-05-25T17:07:26.847007+00:00
SVI-PFL,"47,48,49,50,51,52,53,54,55",9,cynthia-garchomp-ex,Cynthia's Garchomp,120,317,461,124,39.73,n-zoroark,N's Zoroark,32,77.08,overall,2026-05-25T17:07:26.847007+00:00
SVI-PFL,"47,48,49,50,51,52,53,54,55",9,cynthia-garchomp-ex,Cynthia's Garchomp,120,317,461,124,39.73,grimmsnarl-froslass,Grimmsnarl Froslass,31,26.88,overall,2026-05-25T17:07:26.847007+00:00
SVI-PFL,"47,48,49,50,51,52,53,54,55",9,cynthia-garchomp-ex,Cynthia's Garchomp,120,317,461,124,39.73,alakazam-dudunsparce,Alakazam Dudunsparce,26,19.23,overall,2026-05-25T17:07:26.847007+00:00
SVI-PFL,"47,48,49,50,51,52,53,54,55",9,cynthia-garchomp-ex,Cynthia's Garchomp,120,317,461,124,39.73,dragapult-charizard,Dragapult Charizard,26,32.05,overall,2026-05-25T17:07:26.847007+00:00
SVI-PFL,"47,48,49,50,51,52,53,54,55",9,cynthia-garchomp-ex,Cynthia's Garchomp,120,317,461,124,39.73,kangaskhan-bouffalant,Kangaskhan Bouffalant,20,68.33,overall,2026-05-25T17:07:26.847007+00:00
SVI-PFL,"47,48,49,50,51,52,53,54,55",9,cynthia-garchomp-ex,Cynthia's Garchomp,120,317,461,124,39.73,ceruledge-ex,Ceruledge,17,41.18,overall,2026-05-25T17:07:26.847007+00:00
SVI-PFL,"47,48,49,50,51,52,53,54,55",9,cynthia-garchomp-ex,Cynthia's Garchomp,120,317,461,124,39.73,flareon-noctowl,Flareon Noctowl,13,23.08,overall,2026-05-25T17:07:26.847007+00:00
SVI-PFL,"47,48,49,50,51,52,53,54,55",9,cynthia-garchomp-ex,Cynthia's Garchomp,120,317,461,124,39.73,tera-box,Tera Box,11,12.12,overall,2026-05-25T17:07:26.847007+00:00
SVI-PFL,"47,48,49,50,51,52,53,54,55",9,cynthia-garchomp-ex,Cynthia's Garchomp,120,317,461,124,39.73,lopunny-dusknoir,Lopunny Dusknoir,11,78.79,overall,2026-05-25T17:07:26.847007+00:00
SVI-PFL,"47,48,49,50,51,52,53,54,55",9,cynthia-garchomp-ex,Cynthia's Garchomp,120,317,461,124,39.73,greninja-ex,Greninja,10,46.67,overall,2026-05-25T17:07:26.847007+00:00
SVI-PFL,"47,48,49,50,51,52,53,54,55",9,cynthia-garchomp-ex,Cynthia's Garchomp,120,317,461,124,39.73,joltik-box,Joltik Box,10,53.33,overall,2026-05-25T17:07:26.847007+00:00
SVI-PFL,"47,48,49,50,51,52,53,54,55",9,cynthia-garchomp-ex,Cynthia's Garchomp,120,317,461,124,39.73,mega-venusaur-ex,Mega Venusaur,9,22.22,overall,2026-05-25T17:07:26.847007+00:00
SVI-PFL,"47,48,49,50,51,52,53,54,55",9,cynthia-garchomp-ex,Cynthia's Garchomp,120,317,461,124,39.73,crustle-dri,Crustle,9,29.63,overall,2026-05-25T17:07:26.847007+00:00
SVI-PFL,"47,48,49,50,51,52,53,54,55",9,cynthia-garchomp-ex,Cynthia's Garchomp,120,317,461,124,39.73,sharpedo-toxtricity,Sharpedo Toxtricity,8,41.67,overall,2026-05-25T17:07:26.847007+00:00
SVI-PFL,"47,48,49,50,51,52,53,54,55",9,cynthia-garchomp-ex,Cynthia's Garchomp,120,317,461,124,39.73,gholdengo-ex,Gholdengo,7,42.86,overall,2026-05-25T17:07:26.847007+00:00
SVI-PFL,"47,48,49,50,51,52,53,54,55",9,cynthia-garchomp-ex,Cynthia's Garchomp,120,317,461,124,39.73,iron-hands-magneton,Iron Hands Magneton,6,38.89,overall,2026-05-25T17:07:26.847007+00:00
SVI-PFL,"47,48,49,50,51,52,53,54,55",9,cynthia-garchomp-ex,Cynthia's Garchomp,120,317,461,124,39.73,gholdengo-joltik-box,Gholdengo Joltik Box,5,46.67,overall,2026-05-25T17:07:26.847007+00:00
SVI-PFL,"47,48,49,50,51,52,53,54,55",9,cynthia-garchomp-ex,Cynthia's Garchomp,120,317,461,124,39.73,lucario-hariyama,Lucario Hariyama,5,26.67,overall,2026-05-25T17:07:26.847007+00:00
SVI-PFL,"47,48,49,50,51,52,53,54,55",9,cynthia-garchomp-ex,Cynthia's Garchomp,120,317,461,124,39.73,slowking-scr,Slowking,5,26.67,overall,2026-05-25T17:07:26.847007+00:00
SVI-PFL,"47,48,49,50,51,52,53,54,55",9,cynthia-garchomp-ex,Cynthia's Garchomp,120,317,461,124,39.73,rocket-mewtwo-ex,Rocket's Mewtwo,4,33.33,overall,2026-05-25T17:07:26.847007+00:00
SVI-PFL,"47,48,49,50,51,52,53,54,55",9,cynthia-garchomp-ex,Cynthia's Garchomp,120,317,461,124,39.73,ursaluna-lunatone,Ursaluna Lunatone,3,33.33,overall,2026-05-25T17:07:26.847007+00:00
SVI-PFL,"47,48,49,50,51,52,53,54,55",9,cynthia-garchomp-ex,Cynthia's Garchomp,120,317,461,124,39.73,roaring-moon-ex,Roaring Moon,3,66.67,overall,2026-05-25T17:07:26.847007+00:00
SVI-PFL,"47,48,49,50,51,52,53,54,55",9,cynthia-garchomp-ex,Cynthia's Garchomp,120,317,461,124,39.73,froslass-munkidori,Froslass Munkidori,3,33.33,overall,2026-05-25T17:07:26.847007+00:00
SVI-PFL,"47,48,49,50,51,52,53,54,55",9,cynthia-garchomp-ex,Cynthia's Garchomp,120,317,461,124,39.73,ethan-typhlosion,Ethan's Typhlosion,3,100.0,overall,2026-05-25T17:07:26.847007+00:00
SVI-PFL,"47,48,49,50,51,52,53,54,55",9,cynthia-garchomp-ex,Cynthia's Garchomp,120,317,461,124,39.73,slaking-ex,Slaking,3,77.78,overall,2026-05-25T17:07:26.847007+00:00
SVI-PFL,"47,48,49,50,51,52,53,54,55",9,cynthia-garchomp-ex,Cynthia's Garchomp,120,317,461,124,39.73,dragapult-ex,Dragapult,3,33.33,overall,2026-05-25T17:07:26.847007+00:00
SVI-PFL,"47,48,49,50,51,52,53,54,55",9,cynthia-garchomp-ex,Cynthia's Garchomp,120,317,461,124,39.73,mega-lucario-ex,Mega Lucario,3,44.44,overall,2026-05-25T17:07:26.847007+00:00
SVI-PFL,"47,48,49,50,51,52,53,54,55",9,cynthia-garchomp-ex,Cynthia's Garchomp,120,317,461,124,39.73,rocket-spidops,Rocket's Spidops,3,0.0,overall,2026-05-25T17:07:26.847007+00:00
SVI-PFL,"47,48,49,50,51,52,53,54,55",9,cynthia-garchomp-ex,Cynthia's Garchomp,120,317,461,124,39.73,archaludon-ex,Archaludon,3,66.67,overall,2026-05-25T17:07:26.847007+00:00
SVI-PFL,"47,48,49,50,51,52,53,54,55",9,cynthia-garchomp-ex,Cynthia's Garchomp,120,317,461,124,39.73,okidogi-ex,Okidogi,3,77.78,overall,2026-05-25T17:07:26.847007+00:00
SVI-PFL,"47,48,49,50,51,52,53,54,55",9,cynthia-garchomp-ex,Cynthia's Garchomp,120,317,461,124,39.73,other,Other,2,100.0,overall,2026-05-25T17:07:26.847007+00:00
SVI-PFL,"47,48,49,50,51,52,53,54,55",9,cynthia-garchomp-ex,Cynthia's Garchomp,120,317,461,124,39.73,ogerpon-meganium,Ogerpon Meganium,2,50.0,overall,2026-05-25T17:07:26.847007+00:00
SVI-PFL,"47,48,49,50,51,52,53,54,55",9,cynthia-garchomp-ex,Cynthia's Garchomp,120,317,461,124,39.73,festival-lead,Festival Lead,2,50.0,overall,2026-05-25T17:07:26.847007+00:00
SVI-PFL,"47,48,49,50,51,52,53,54,55",9,cynthia-garchomp-ex,Cynthia's Garchomp,120,317,461,124,39.73,conkeldurr-twm,Conkeldurr,2,50.0,overall,2026-05-25T17:07:26.847007+00:00
SVI-PFL,"47,48,49,50,51,52,53,54,55",9,cynthia-garchomp-ex,Cynthia's Garchomp,120,317,461,124,39.73,cynthia-garchomp-ex,Cynthia's Garchomp,2,50.0,overall,2026-05-25T17:07:26.847007+00:00
SVI-PFL,"47,48,49,50,51,52,53,54,55",9,cynthia-garchomp-ex,Cynthia's Garchomp,120,317,461,124,39.73,flareon-ex,Flareon,2,100.0,overall,2026-05-25T17:07:26.847007+00:00
SVI-PFL,"47,48,49,50,51,52,53,54,55",9,cynthia-garchomp-ex,Cynthia's Garchomp,120,317,461,124,39.73,miraidon-ex,Miraidon,2,100.0,overall,2026-05-25T17:07:26.847007+00:00
SVI-PFL,"47,48,49,50,51,52,53,54,55",9,cynthia-garchomp-ex,Cynthia's Garchomp,120,317,461,124,39.73,manectric-eelektrik,Manectric Eelektrik,2,100.0,overall,2026-05-25T17:07:26.847007+00:00
SVI-PFL,"47,48,49,50,51,52,53,54,55",9,cynthia-garchomp-ex,Cynthia's Garchomp,120,317,461,124,39.73,heatran-metang,Heatran Metang,1,0.0,overall,2026-05-25T17:07:26.847007+00:00
SVI-PFL,"47,48,49,50,51,52,53,54,55",9,cynthia-garchomp-ex,Cynthia's Garchomp,120,317,461,124,39.73,dragapult-blaziken,Dragapult Blaziken,1,100.0,overall,2026-05-25T17:07:26.847007+00:00
SVI-PFL,"47,48,49,50,51,52,53,54,55",9,cynthia-garchomp-ex,Cynthia's Garchomp,120,317,461,124,39.73,rocket-nidoking-ex,Rocket's Nidoking,1,100.0,overall,2026-05-25T17:07:26.847007+00:00
SVI-PFL,"47,48,49,50,51,52,53,54,55",9,cynthia-garchomp-ex,Cynthia's Garchomp,120,317,461,124,39.73,misty-gyarados,Misty's Gyarados,1,100.0,overall,2026-05-25T17:07:26.847007+00:00
SVI-PFL,"47,48,49,50,51,52,53,54,55",9,cynthia-garchomp-ex,Cynthia's Garchomp,120,317,461,124,39.73,copperajah-ex,Copperajah,1,0.0,overall,2026-05-25T17:07:26.847007+00:00
SVI-PFL,"47,48,49,50,51,52,53,54,55",9,cynthia-garchomp-ex,Cynthia's Garchomp,120,317,461,124,39.73,raging-bolt-ex,Raging Bolt,1,0.0,overall,2026-05-25T17:07:26.847007+00:00
SVI-PFL,"47,48,49,50,51,52,53,54,55",9,cynthia-garchomp-ex,Cynthia's Garchomp,120,317,461,124,39.73,marnie-grimmsnarl-ex,Marnie's Grimmsnarl,1,0.0,overall,2026-05-25T17:07:26.847007+00:00
SVI-PFL,"47,48,49,50,51,52,53,54,55",9,cynthia-garchomp-ex,Cynthia's Garchomp,120,317,461,124,39.73,blaziken-ex-jtg,Blaziken,1,100.0,overall,2026-05-25T17:07:26.847007+00:00
SVI-PFL,"47,48,49,50,51,52,53,54,55",9,cynthia-garchomp-ex,Cynthia's Garchomp,120,317,461,124,39.73,toxtricity-pfl,Toxtricity Box,1,0.0,overall,2026-05-25T17:07:26.847007+00:00
SVI-PFL,"47,48,49,50,51,52,53,54,55",9,cynthia-garchomp-ex,Cynthia's Garchomp,120,317,461,124,39.73,terapagos-noctowl,Terapagos Noctowl,1,100.0,overall,2026-05-25T17:07:26.847007+00:00
SVI-PFL,"47,48,49,50,51,52,53,54,55",9,cynthia-garchomp-ex,Cynthia's Garchomp,120,317,461,124,39.73,feraligatr-tef,Feraligatr,1,100.0,overall,2026-05-25T17:07:26.847007+00:00
SVI-PFL,"47,48,49,50,51,52,53,54,55",9,cynthia-garchomp-ex,Cynthia's Garchomp,120,317,461,124,39.73,zoroark-crustle,Zoroark Crustle,1,0.0,overall,2026-05-25T17:07:26.847007+00:00
SVI-PFL,"47,48,49,50,51,52,53,54,55",9,cynthia-garchomp-ex,Cynthia's Garchomp,120,317,461,124,39.73,mega-sharpedo-ex,Mega Sharpedo,1,100.0,overall,2026-05-25T17:07:26.847007+00:00
SVI-PFL,"47,48,49,50,51,52,53,54,55",9,cynthia-garchomp-ex,Cynthia's Garchomp,120,317,461,124,39.73,hydrapple-ogerpon,Hydrapple Ogerpon,1,33.33,overall,2026-05-25T17:07:26.847007+00:00
SVI-PFL,"47,48,49,50,51,52,53,54,55",9,cynthia-garchomp-ex,Cynthia's Garchomp,120,317,461,124,39.73,pidgeot-control,Pidgeot Control,1,0.0,overall,2026-05-25T17:07:26.847007+00:00
SVI-PFL,"47,48,49,50,51,52,53,54,55",9,cynthia-garchomp-ex,Cynthia's Garchomp,120,317,461,124,39.73,great-tusk-tef,Great Tusk Mill,1,0.0,overall,2026-05-25T17:07:26.847007+00:00
SVI-PFL,"47,48,49,50,51,52,53,54,55",9,cynthia-garchomp-ex,Cynthia's Garchomp,120,317,461,124,39.73,farigiraf-milotic,Farigiraf Milotic,1,100.0,overall,2026-05-25T17:07:26.847007+00:00
SVI-PFL,"47,48,49,50,51,52,53,54,55",9,cynthia-garchomp-ex,Cynthia's Garchomp,120,317,461,124,39.73,hop-zacian,Hop's Zacian,1,33.33,overall,2026-05-25T17:07:26.847007+00:00
SVI-PFL,"47,48,49,50,51,52,53,54,55",9,cynthia-garchomp-ex,Cynthia's Garchomp,120,317,461,124,39.73,cinderace-ex,Cinderace,1,0.0,overall,2026-05-25T17:07:26.847007+00:00
SVI-PFL,"47,48,49,50,51,52,53,54,55",9,cynthia-garchomp-ex,Cynthia's Garchomp,120,317,461,124,39.73,seaking-pre,Seaking Festival Lead,1,0.0,overall,2026-05-25T17:07:26.847007+00:00
SVI-PFL,"47,48,49,50,51,52,53,54,55",9,cynthia-garchomp-ex,Cynthia's Garchomp,120,317,461,124,39.73,mega-kangaskhan-ex,Mega Kangaskhan,1,100.0,overall,2026-05-25T17:07:26.847007+00:00
SVI-PFL,"47,48,49,50,51,52,53,54,55",9,cynthia-garchomp-ex,Cynthia's Garchomp,120,317,461,124,39.73,mega-manectric-ex-meg,Mega Manectric,1,100.0,overall,2026-05-25T17:07:26.847007+00:00
SVI-PFL,"47,48,49,50,51,52,53,54,55",9,cynthia-garchomp-ex,Cynthia's Garchomp,120,317,461,124,39.73,iron-thorns-crustle,Iron Thorns Crustle,1,33.33,overall,2026-05-25T17:07:26.847007+00:00
SVI-PFL,"47,48,49,50,51,52,53,54,55",9,dragapult-blaziken,Dragapult Blaziken,32,100,102,46,46.51,gholdengo-lunatone,Gholdengo Lunatone,38,44.74,overall,2026-05-25T17:07:29.758853+00:00
SVI-PFL,"47,48,49,50,51,52,53,54,55",9,dragapult-blaziken,Dragapult Blaziken,32,100,102,46,46.51,dragapult-dusknoir,Dragapult Dusknoir,37,55.86,overall,2026-05-25T17:07:29.758853+00:00
SVI-PFL,"47,48,49,50,51,52,53,54,55",9,dragapult-blaziken,Dragapult Blaziken,32,100,102,46,46.51,grimmsnarl-froslass,Grimmsnarl Froslass,18,42.59,overall,2026-05-25T17:07:29.758853+00:00
SVI-PFL,"47,48,49,50,51,52,53,54,55",9,dragapult-blaziken,Dragapult Blaziken,32,100,102,46,46.51,gardevoir-ex-sv,Gardevoir,15,44.44,overall,2026-05-25T17:07:29.758853+00:00
SVI-PFL,"47,48,49,50,51,52,53,54,55",9,dragapult-blaziken,Dragapult Blaziken,32,100,102,46,46.51,mega-absol-box,Mega Absol Box,15,22.22,overall,2026-05-25T17:07:29.758853+00:00
SVI-PFL,"47,48,49,50,51,52,53,54,55",9,dragapult-blaziken,Dragapult Blaziken,32,100,102,46,46.51,gardevoir-jellicent,Gardevoir Jellicent,13,25.64,overall,2026-05-25T17:07:29.758853+00:00
SVI-PFL,"47,48,49,50,51,52,53,54,55",9,dragapult-blaziken,Dragapult Blaziken,32,100,102,46,46.51,charizard-noctowl,Charizard Noctowl,13,38.46,overall,2026-05-25T17:07:29.758853+00:00
SVI-PFL,"47,48,49,50,51,52,53,54,55",9,dragapult-blaziken,Dragapult Blaziken,32,100,102,46,46.51,charizard-pidgeot,Charizard Pidgeot,12,50.0,overall,2026-05-25T17:07:29.758853+00:00
SVI-PFL,"47,48,49,50,51,52,53,54,55",9,dragapult-blaziken,Dragapult Blaziken,32,100,102,46,46.51,raging-bolt-ogerpon,Raging Bolt Ogerpon,10,30.0,overall,2026-05-25T17:07:29.758853+00:00
SVI-PFL,"47,48,49,50,51,52,53,54,55",9,dragapult-blaziken,Dragapult Blaziken,32,100,102,46,46.51,ceruledge-ex,Ceruledge,9,51.85,overall,2026-05-25T17:07:29.758853+00:00
SVI-PFL,"47,48,49,50,51,52,53,54,55",9,dragapult-blaziken,Dragapult Blaziken,32,100,102,46,46.51,alakazam-dudunsparce,Alakazam Dudunsparce,9,48.15,overall,2026-05-25T17:07:29.758853+00:00
SVI-PFL,"47,48,49,50,51,52,53,54,55",9,dragapult-blaziken,Dragapult Blaziken,32,100,102,46,46.51,dragapult-charizard,Dragapult Charizard,7,47.62,overall,2026-05-25T17:07:29.758853+00:00
SVI-PFL,"47,48,49,50,51,52,53,54,55",9,dragapult-blaziken,Dragapult Blaziken,32,100,102,46,46.51,kangaskhan-bouffalant,Kangaskhan Bouffalant,6,38.89,overall,2026-05-25T17:07:29.758853+00:00
SVI-PFL,"47,48,49,50,51,52,53,54,55",9,dragapult-blaziken,Dragapult Blaziken,32,100,102,46,46.51,other,Other,5,66.67,overall,2026-05-25T17:07:29.758853+00:00
SVI-PFL,"47,48,49,50,51,52,53,54,55",9,dragapult-blaziken,Dragapult Blaziken,32,100,102,46,46.51,lopunny-dusknoir,Lopunny Dusknoir,5,60.0,overall,2026-05-25T17:07:29.758853+00:00
SVI-PFL,"47,48,49,50,51,52,53,54,55",9,dragapult-blaziken,Dragapult Blaziken,32,100,102,46,46.51,tera-box,Tera Box,3,100.0,overall,2026-05-25T17:07:29.758853+00:00
SVI-PFL,"47,48,49,50,51,52,53,54,55",9,dragapult-blaziken,Dragapult Blaziken,32,100,102,46,46.51,pidgeot-control,Pidgeot Control,3,66.67,overall,2026-05-25T17:07:29.758853+00:00
SVI-PFL,"47,48,49,50,51,52,53,54,55",9,dragapult-blaziken,Dragapult Blaziken,32,100,102,46,46.51,toxtricity-pfl,Toxtricity Box,2,50.0,overall,2026-05-25T17:07:29.758853+00:00
SVI-PFL,"47,48,49,50,51,52,53,54,55",9,dragapult-blaziken,Dragapult Blaziken,32,100,102,46,46.51,flareon-noctowl,Flareon Noctowl,2,50.0,overall,2026-05-25T17:07:29.758853+00:00
SVI-PFL,"47,48,49,50,51,52,53,54,55",9,dragapult-blaziken,Dragapult Blaziken,32,100,102,46,46.51,gholdengo-joltik-box,Gholdengo Joltik Box,2,50.0,overall,2026-05-25T17:07:29.758853+00:00
SVI-PFL,"47,48,49,50,51,52,53,54,55",9,dragapult-blaziken,Dragapult Blaziken,32,100,102,46,46.51,greninja-ex,Greninja,2,100.0,overall,2026-05-25T17:07:29.758853+00:00
SVI-PFL,"47,48,49,50,51,52,53,54,55",9,dragapult-blaziken,Dragapult Blaziken,32,100,102,46,46.51,ho-oh-armarouge,Ho-Oh Armarouge,2,16.67,overall,2026-05-25T17:07:29.758853+00:00
SVI-PFL,"47,48,49,50,51,52,53,54,55",9,dragapult-blaziken,Dragapult Blaziken,32,100,102,46,46.51,froslass-munkidori,Froslass Munkidori,2,50.0,overall,2026-05-25T17:07:29.758853+00:00
SVI-PFL,"47,48,49,50,51,52,53,54,55",9,dragapult-blaziken,Dragapult Blaziken,32,100,102,46,46.51,mega-lucario-ex,Mega Lucario,1,0.0,overall,2026-05-25T17:07:29.758853+00:00
SVI-PFL,"47,48,49,50,51,52,53,54,55",9,dragapult-blaziken,Dragapult Blaziken,32,100,102,46,46.51,sharpedo-toxtricity,Sharpedo Toxtricity,1,33.33,overall,2026-05-25T17:07:29.758853+00:00
SVI-PFL,"47,48,49,50,51,52,53,54,55",9,dragapult-blaziken,Dragapult Blaziken,32,100,102,46,46.51,dragapult-ex,Dragapult,1,100.0,overall,2026-05-25T17:07:29.758853+00:00
SVI-PFL,"47,48,49,50,51,52,53,54,55",9,dragapult-blaziken,Dragapult Blaziken,32,100,102,46,46.51,archaludon-ex,Archaludon,1,33.33,overall,2026-05-25T17:07:29.758853+00:00
SVI-PFL,"47,48,49,50,51,52,53,54,55",9,dragapult-blaziken,Dragapult Blaziken,32,100,102,46,46.51,festival-lead,Festival Lead,1,100.0,overall,2026-05-25T17:07:29.758853+00:00
SVI-PFL,"47,48,49,50,51,52,53,54,55",9,dragapult-blaziken,Dragapult Blaziken,32,100,102,46,46.51,cynthia-garchomp-ex,Cynthia's Garchomp,1,0.0,overall,2026-05-25T17:07:29.758853+00:00
SVI-PFL,"47,48,49,50,51,52,53,54,55",9,dragapult-blaziken,Dragapult Blaziken,32,100,102,46,46.51,gholdengo-ex,Gholdengo,1,100.0,overall,2026-05-25T17:07:29.758853+00:00
SVI-PFL,"47,48,49,50,51,52,53,54,55",9,dragapult-blaziken,Dragapult Blaziken,32,100,102,46,46.51,alakazam-meg,Alakazam,1,100.0,overall,2026-05-25T17:07:29.758853+00:00
SVI-PFL,"47,48,49,50,51,52,53,54,55",9,dragapult-blaziken,Dragapult Blaziken,32,100,102,46,46.51,raging-bolt-ex,Raging Bolt,1,100.0,overall,2026-05-25T17:07:29.758853+00:00
SVI-PFL,"47,48,49,50,51,52,53,54,55",9,dragapult-blaziken,Dragapult Blaziken,32,100,102,46,46.51,miraidon-ex,Miraidon,1,100.0,overall,2026-05-25T17:07:29.758853+00:00
SVI-PFL,"47,48,49,50,51,52,53,54,55",9,dragapult-blaziken,Dragapult Blaziken,32,100,102,46,46.51,manectric-eelektrik,Manectric Eelektrik,1,0.0,overall,2026-05-25T17:07:29.758853+00:00
SVI-PFL,"47,48,49,50,51,52,53,54,55",9,dragapult-blaziken,Dragapult Blaziken,32,100,102,46,46.51,n-zoroark,N's Zoroark,1,0.0,overall,2026-05-25T17:07:29.758853+00:00
SVI-PFL,"47,48,49,50,51,52,53,54,55",9,dragapult-blaziken,Dragapult Blaziken,32,100,102,46,46.51,iron-hands-magneton,Iron Hands Magneton,1,100.0,overall,2026-05-25T17:07:29.758853+00:00
SVI-PFL,"47,48,49,50,51,52,53,54,55",9,dragapult-blaziken,Dragapult Blaziken,32,100,102,46,46.51,ethan-typhlosion,Ethan's Typhlosion,1,33.33,overall,2026-05-25T17:07:29.758853+00:00
SVI-PFL,"47,48,49,50,51,52,53,54,55",9,dragapult-blaziken,Dragapult Blaziken,32,100,102,46,46.51,lucario-hariyama,Lucario Hariyama,1,100.0,overall,2026-05-25T17:07:29.758853+00:00
SVI-PFL,"47,48,49,50,51,52,53,54,55",9,dragapult-blaziken,Dragapult Blaziken,32,100,102,46,46.51,dragapult-pidgeot,Dragapult Pidgeot,1,0.0,overall,2026-05-25T17:07:29.758853+00:00
SVI-PFL,"47,48,49,50,51,52,53,54,55",9,dragapult-blaziken,Dragapult Blaziken,32,100,102,46,46.51,mega-venusaur-ex,Mega Venusaur,1,33.33,overall,2026-05-25T17:07:29.758853+00:00
SVI-PFL,"47,48,49,50,51,52,53,54,55",9,dragapult-charizard,Dragapult Charizard,405,1526,1362,630,49.35,dragapult-dusknoir,Dragapult Dusknoir,548,45.26,overall,2026-05-25T17:07:32.711488+00:00
SVI-PFL,"47,48,49,50,51,52,53,54,55",9,dragapult-charizard,Dragapult Charizard,405,1526,1362,630,49.35,gholdengo-lunatone,Gholdengo Lunatone,538,54.96,overall,2026-05-25T17:07:32.711488+00:00
SVI-PFL,"47,48,49,50,51,52,53,54,55",9,dragapult-charizard,Dragapult Charizard,405,1526,1362,630,49.35,gardevoir-ex-sv,Gardevoir,267,40.95,overall,2026-05-25T17:07:32.711488+00:00
SVI-PFL,"47,48,49,50,51,52,53,54,55",9,dragapult-charizard,Dragapult Charizard,405,1526,1362,630,49.35,charizard-noctowl,Charizard Noctowl,256,58.98,overall,2026-05-25T17:07:32.711488+00:00
SVI-PFL,"47,48,49,50,51,52,53,54,55",9,dragapult-charizard,Dragapult Charizard,405,1526,1362,630,49.35,gardevoir-jellicent,Gardevoir Jellicent,196,45.75,overall,2026-05-25T17:07:32.711488+00:00
SVI-PFL,"47,48,49,50,51,52,53,54,55",9,dragapult-charizard,Dragapult Charizard,405,1526,1362,630,49.35,grimmsnarl-froslass,Grimmsnarl Froslass,174,32.76,overall,2026-05-25T17:07:32.711488+00:00
SVI-PFL,"47,48,49,50,51,52,53,54,55",9,dragapult-charizard,Dragapult Charizard,405,1526,1362,630,49.35,charizard-pidgeot,Charizard Pidgeot,166,58.23,overall,2026-05-25T17:07:32.711488+00:00
SVI-PFL,"47,48,49,50,51,52,53,54,55",9,dragapult-charizard,Dragapult Charizard,405,1526,1362,630,49.35,mega-absol-box,Mega Absol Box,156,36.54,overall,2026-05-25T17:07:32.711488+00:00
SVI-PFL,"47,48,49,50,51,52,53,54,55",9,dragapult-charizard,Dragapult Charizard,405,1526,1362,630,49.35,raging-bolt-ogerpon,Raging Bolt Ogerpon,142,39.91,overall,2026-05-25T17:07:32.711488+00:00
SVI-PFL,"47,48,49,50,51,52,53,54,55",9,dragapult-charizard,Dragapult Charizard,405,1526,1362,630,49.35,n-zoroark,N's Zoroark,115,46.96,overall,2026-05-25T17:07:32.711488+00:00
SVI-PFL,"47,48,49,50,51,52,53,54,55",9,dragapult-charizard,Dragapult Charizard,405,1526,1362,630,49.35,alakazam-dudunsparce,Alakazam Dudunsparce,96,64.24,overall,2026-05-25T17:07:32.711488+00:00
SVI-PFL,"47,48,49,50,51,52,53,54,55",9,dragapult-charizard,Dragapult Charizard,405,1526,1362,630,49.35,ceruledge-ex,Ceruledge,62,51.61,overall,2026-05-25T17:07:32.711488+00:00
SVI-PFL,"47,48,49,50,51,52,53,54,55",9,dragapult-charizard,Dragapult Charizard,405,1526,1362,630,49.35,kangaskhan-bouffalant,Kangaskhan Bouffalant,57,49.71,overall,2026-05-25T17:07:32.711488+00:00
SVI-PFL,"47,48,49,50,51,52,53,54,55",9,dragapult-charizard,Dragapult Charizard,405,1526,1362,630,49.35,flareon-noctowl,Flareon Noctowl,52,58.97,overall,2026-05-25T17:07:32.711488+00:00
SVI-PFL,"47,48,49,50,51,52,53,54,55",9,dragapult-charizard,Dragapult Charizard,405,1526,1362,630,49.35,dragapult-charizard,Dragapult Charizard,45,46.3,overall,2026-05-25T17:07:32.711488+00:00
SVI-PFL,"47,48,49,50,51,52,53,54,55",9,dragapult-charizard,Dragapult Charizard,405,1526,1362,630,49.35,greninja-ex,Greninja,44,50.76,overall,2026-05-25T17:07:32.711488+00:00
SVI-PFL,"47,48,49,50,51,52,53,54,55",9,dragapult-charizard,Dragapult Charizard,405,1526,1362,630,49.35,tera-box,Tera Box,41,55.28,overall,2026-05-25T17:07:32.711488+00:00
SVI-PFL,"47,48,49,50,51,52,53,54,55",9,dragapult-charizard,Dragapult Charizard,405,1526,1362,630,49.35,joltik-box,Joltik Box,40,49.17,overall,2026-05-25T17:07:32.711488+00:00
SVI-PFL,"47,48,49,50,51,52,53,54,55",9,dragapult-charizard,Dragapult Charizard,405,1526,1362,630,49.35,lopunny-dusknoir,Lopunny Dusknoir,35,73.33,overall,2026-05-25T17:07:32.711488+00:00
SVI-PFL,"47,48,49,50,51,52,53,54,55",9,dragapult-charizard,Dragapult Charizard,405,1526,1362,630,49.35,cynthia-garchomp-ex,Cynthia's Garchomp,26,62.82,overall,2026-05-25T17:07:32.711488+00:00
SVI-PFL,"47,48,49,50,51,52,53,54,55",9,dragapult-charizard,Dragapult Charizard,405,1526,1362,630,49.35,froslass-munkidori,Froslass Munkidori,22,39.39,overall,2026-05-25T17:07:32.711488+00:00
SVI-PFL,"47,48,49,50,51,52,53,54,55",9,dragapult-charizard,Dragapult Charizard,405,1526,1362,630,49.35,slowking-scr,Slowking,22,40.91,overall,2026-05-25T17:07:32.711488+00:00
SVI-PFL,"47,48,49,50,51,52,53,54,55",9,dragapult-charizard,Dragapult Charizard,405,1526,1362,630,49.35,lucario-hariyama,Lucario Hariyama,21,77.78,overall,2026-05-25T17:07:32.711488+00:00
SVI-PFL,"47,48,49,50,51,52,53,54,55",9,dragapult-charizard,Dragapult Charizard,405,1526,1362,630,49.35,crustle-dri,Crustle,21,36.51,overall,2026-05-25T17:07:32.711488+00:00
SVI-PFL,"47,48,49,50,51,52,53,54,55",9,dragapult-charizard,Dragapult Charizard,405,1526,1362,630,49.35,iron-hands-magneton,Iron Hands Magneton,21,25.4,overall,2026-05-25T17:07:32.711488+00:00
SVI-PFL,"47,48,49,50,51,52,53,54,55",9,dragapult-charizard,Dragapult Charizard,405,1526,1362,630,49.35,pidgeot-control,Pidgeot Control,20,41.67,overall,2026-05-25T17:07:32.711488+00:00
SVI-PFL,"47,48,49,50,51,52,53,54,55",9,dragapult-charizard,Dragapult Charizard,405,1526,1362,630,49.35,other,Other,19,43.86,overall,2026-05-25T17:07:32.711488+00:00
SVI-PFL,"47,48,49,50,51,52,53,54,55",9,dragapult-charizard,Dragapult Charizard,405,1526,1362,630,49.35,gholdengo-joltik-box,Gholdengo Joltik Box,18,57.41,overall,2026-05-25T17:07:32.711488+00:00
SVI-PFL,"47,48,49,50,51,52,53,54,55",9,dragapult-charizard,Dragapult Charizard,405,1526,1362,630,49.35,mega-venusaur-ex,Mega Venusaur,16,72.92,overall,2026-05-25T17:07:32.711488+00:00
SVI-PFL,"47,48,49,50,51,52,53,54,55",9,dragapult-charizard,Dragapult Charizard,405,1526,1362,630,49.35,ursaluna-lunatone,Ursaluna Lunatone,15,51.11,overall,2026-05-25T17:07:32.711488+00:00
SVI-PFL,"47,48,49,50,51,52,53,54,55",9,dragapult-charizard,Dragapult Charizard,405,1526,1362,630,49.35,sharpedo-toxtricity,Sharpedo Toxtricity,15,53.33,overall,2026-05-25T17:07:32.711488+00:00
SVI-PFL,"47,48,49,50,51,52,53,54,55",9,dragapult-charizard,Dragapult Charizard,405,1526,1362,630,49.35,conkeldurr-twm,Conkeldurr,14,69.05,overall,2026-05-25T17:07:32.711488+00:00
SVI-PFL,"47,48,49,50,51,52,53,54,55",9,dragapult-charizard,Dragapult Charizard,405,1526,1362,630,49.35,gholdengo-ex,Gholdengo,13,66.67,overall,2026-05-25T17:07:32.711488+00:00
SVI-PFL,"47,48,49,50,51,52,53,54,55",9,dragapult-charizard,Dragapult Charizard,405,1526,1362,630,49.35,ethan-typhlosion,Ethan's Typhlosion,12,77.78,overall,2026-05-25T17:07:32.711488+00:00
SVI-PFL,"47,48,49,50,51,52,53,54,55",9,dragapult-charizard,Dragapult Charizard,405,1526,1362,630,49.35,festival-lead,Festival Lead,11,72.73,overall,2026-05-25T17:07:32.711488+00:00
SVI-PFL,"47,48,49,50,51,52,53,54,55",9,dragapult-charizard,Dragapult Charizard,405,1526,1362,630,49.35,marnie-grimmsnarl-ex,Marnie's Grimmsnarl,7,47.62,overall,2026-05-25T17:07:32.711488+00:00
SVI-PFL,"47,48,49,50,51,52,53,54,55",9,dragapult-charizard,Dragapult Charizard,405,1526,1362,630,49.35,dragapult-blaziken,Dragapult Blaziken,7,47.62,overall,2026-05-25T17:07:32.711488+00:00
SVI-PFL,"47,48,49,50,51,52,53,54,55",9,dragapult-charizard,Dragapult Charizard,405,1526,1362,630,49.35,ho-oh-armarouge,Ho-Oh Armarouge,7,38.1,overall,2026-05-25T17:07:32.711488+00:00
SVI-PFL,"47,48,49,50,51,52,53,54,55",9,dragapult-charizard,Dragapult Charizard,405,1526,1362,630,49.35,roaring-moon-ex,Roaring Moon,6,72.22,overall,2026-05-25T17:07:32.711488+00:00
SVI-PFL,"47,48,49,50,51,52,53,54,55",9,dragapult-charizard,Dragapult Charizard,405,1526,1362,630,49.35,slaking-ex,Slaking,6,72.22,overall,2026-05-25T17:07:32.711488+00:00
SVI-PFL,"47,48,49,50,51,52,53,54,55",9,dragapult-charizard,Dragapult Charizard,405,1526,1362,630,49.35,manectric-eelektrik,Manectric Eelektrik,6,72.22,overall,2026-05-25T17:07:32.711488+00:00
SVI-PFL,"47,48,49,50,51,52,53,54,55",9,dragapult-charizard,Dragapult Charizard,405,1526,1362,630,49.35,rocket-mewtwo-ex,Rocket's Mewtwo,6,77.78,overall,2026-05-25T17:07:32.711488+00:00
SVI-PFL,"47,48,49,50,51,52,53,54,55",9,dragapult-charizard,Dragapult Charizard,405,1526,1362,630,49.35,seaking-pre,Seaking Festival Lead,6,50.0,overall,2026-05-25T17:07:32.711488+00:00
SVI-PFL,"47,48,49,50,51,52,53,54,55",9,dragapult-charizard,Dragapult Charizard,405,1526,1362,630,49.35,hydreigon-ex,Hydreigon,5,80.0,overall,2026-05-25T17:07:32.711488+00:00
SVI-PFL,"47,48,49,50,51,52,53,54,55",9,dragapult-charizard,Dragapult Charizard,405,1526,1362,630,49.35,hydrapple-ogerpon,Hydrapple Ogerpon,5,26.67,overall,2026-05-25T17:07:32.711488+00:00
SVI-PFL,"47,48,49,50,51,52,53,54,55",9,dragapult-charizard,Dragapult Charizard,405,1526,1362,630,49.35,toxtricity-pfl,Toxtricity Box,5,46.67,overall,2026-05-25T17:07:32.711488+00:00
SVI-PFL,"47,48,49,50,51,52,53,54,55",9,dragapult-charizard,Dragapult Charizard,405,1526,1362,630,49.35,hop-zacian,Hop's Zacian,4,8.33,overall,2026-05-25T17:07:32.711488+00:00
SVI-PFL,"47,48,49,50,51,52,53,54,55",9,dragapult-charizard,Dragapult Charizard,405,1526,1362,630,49.35,dragapult-ex,Dragapult,4,75.0,overall,2026-05-25T17:07:32.711488+00:00
SVI-PFL,"47,48,49,50,51,52,53,54,55",9,dragapult-charizard,Dragapult Charizard,405,1526,1362,630,49.35,archaludon-ex,Archaludon,4,16.67,overall,2026-05-25T17:07:32.711488+00:00
SVI-PFL,"47,48,49,50,51,52,53,54,55",9,dragapult-charizard,Dragapult Charizard,405,1526,1362,630,49.35,mega-lucario-ex,Mega Lucario,4,25.0,overall,2026-05-25T17:07:32.711488+00:00
SVI-PFL,"47,48,49,50,51,52,53,54,55",9,dragapult-charizard,Dragapult Charizard,405,1526,1362,630,49.35,hydrapple-ex,Hydrapple,3,100.0,overall,2026-05-25T17:07:32.711488+00:00
SVI-PFL,"47,48,49,50,51,52,53,54,55",9,dragapult-charizard,Dragapult Charizard,405,1526,1362,630,49.35,tyranitar-jtg,Tyranitar,3,44.44,overall,2026-05-25T17:07:32.711488+00:00
SVI-PFL,"47,48,49,50,51,52,53,54,55",9,dragapult-charizard,Dragapult Charizard,405,1526,1362,630,49.35,wugtrio-svi,Wugtrio Mill,3,22.22,overall,2026-05-25T17:07:32.711488+00:00
SVI-PFL,"47,48,49,50,51,52,53,54,55",9,dragapult-charizard,Dragapult Charizard,405,1526,1362,630,49.35,toedscruel-ex,Toedscruel,3,100.0,overall,2026-05-25T17:07:32.711488+00:00
SVI-PFL,"47,48,49,50,51,52,53,54,55",9,dragapult-charizard,Dragapult Charizard,405,1526,1362,630,49.35,mamoswine-ex,Mamoswine,2,100.0,overall,2026-05-25T17:07:32.711488+00:00
SVI-PFL,"47,48,49,50,51,52,53,54,55",9,dragapult-charizard,Dragapult Charizard,405,1526,1362,630,49.35,mega-abomasnow-ex,Mega Abomasnow,2,50.0,overall,2026-05-25T17:07:32.711488+00:00
SVI-PFL,"47,48,49,50,51,52,53,54,55",9,dragapult-charizard,Dragapult Charizard,405,1526,1362,630,49.35,kangaskhan-forretress,Kangaskhan Forretress,2,100.0,overall,2026-05-25T17:07:32.711488+00:00
SVI-PFL,"47,48,49,50,51,52,53,54,55",9,dragapult-charizard,Dragapult Charizard,405,1526,1362,630,49.35,mega-lopunny-ex,Mega Lopunny,2,100.0,overall,2026-05-25T17:07:32.711488+00:00
SVI-PFL,"47,48,49,50,51,52,53,54,55",9,dragapult-charizard,Dragapult Charizard,405,1526,1362,630,49.35,mega-kangaskhan-ex,Mega Kangaskhan,2,66.67,overall,2026-05-25T17:07:32.711488+00:00
SVI-PFL,"47,48,49,50,51,52,53,54,55",9,dragapult-charizard,Dragapult Charizard,405,1526,1362,630,49.35,blaziken-zoroark,Blaziken Zoroark,2,50.0,overall,2026-05-25T17:07:32.711488+00:00
SVI-PFL,"47,48,49,50,51,52,53,54,55",9,dragapult-charizard,Dragapult Charizard,405,1526,1362,630,49.35,chien-pao-baxcalibur,Chien-Pao Baxcalibur,2,66.67,overall,2026-05-25T17:07:32.711488+00:00
SVI-PFL,"47,48,49,50,51,52,53,54,55",9,dragapult-charizard,Dragapult Charizard,405,1526,1362,630,49.35,iron-thorns-crustle,Iron Thorns Crustle,2,16.67,overall,2026-05-25T17:07:32.711488+00:00
SVI-PFL,"47,48,49,50,51,52,53,54,55",9,dragapult-charizard,Dragapult Charizard,405,1526,1362,630,49.35,mega-latias-ex,Mega Latias,1,100.0,overall,2026-05-25T17:07:32.711488+00:00
SVI-PFL,"47,48,49,50,51,52,53,54,55",9,dragapult-charizard,Dragapult Charizard,405,1526,1362,630,49.35,palafin-ex,Palafin,1,33.33,overall,2026-05-25T17:07:32.711488+00:00
SVI-PFL,"47,48,49,50,51,52,53,54,55",9,dragapult-charizard,Dragapult Charizard,405,1526,1362,630,49.35,iron-thorns-ex,Iron Thorns,1,100.0,overall,2026-05-25T17:07:32.711488+00:00
SVI-PFL,"47,48,49,50,51,52,53,54,55",9,dragapult-charizard,Dragapult Charizard,405,1526,1362,630,49.35,dragapult-pidgeot,Dragapult Pidgeot,1,100.0,overall,2026-05-25T17:07:32.711488+00:00
SVI-PFL,"47,48,49,50,51,52,53,54,55",9,dragapult-charizard,Dragapult Charizard,405,1526,1362,630,49.35,blaziken-ex-jtg,Blaziken,1,100.0,overall,2026-05-25T17:07:32.711488+00:00
SVI-PFL,"47,48,49,50,51,52,53,54,55",9,dragapult-charizard,Dragapult Charizard,405,1526,1362,630,49.35,iron-hands-ex,Future Hands,1,0.0,overall,2026-05-25T17:07:32.711488+00:00
SVI-PFL,"47,48,49,50,51,52,53,54,55",9,dragapult-charizard,Dragapult Charizard,405,1526,1362,630,49.35,gholdengo-dragapult,Gholdengo Dragapult,1,33.33,overall,2026-05-25T17:07:32.711488+00:00
SVI-PFL,"47,48,49,50,51,52,53,54,55",9,dragapult-charizard,Dragapult Charizard,405,1526,1362,630,49.35,forretress-ex,Forretress,1,0.0,overall,2026-05-25T17:07:32.711488+00:00
SVI-PFL,"47,48,49,50,51,52,53,54,55",9,dragapult-charizard,Dragapult Charizard,405,1526,1362,630,49.35,flareon-ex,Flareon,1,33.33,overall,2026-05-25T17:07:32.711488+00:00
SVI-PFL,"47,48,49,50,51,52,53,54,55",9,dragapult-charizard,Dragapult Charizard,405,1526,1362,630,49.35,okidogi-ex,Okidogi,1,100.0,overall,2026-05-25T17:07:32.711488+00:00
SVI-PFL,"47,48,49,50,51,52,53,54,55",9,dragapult-charizard,Dragapult Charizard,405,1526,1362,630,49.35,mega-sharpedo-ex,Mega Sharpedo,1,33.33,overall,2026-05-25T17:07:32.711488+00:00
SVI-PFL,"47,48,49,50,51,52,53,54,55",9,dragapult-charizard,Dragapult Charizard,405,1526,1362,630,49.35,alakazam-meg,Alakazam,1,100.0,overall,2026-05-25T17:07:32.711488+00:00
SVI-PFL,"47,48,49,50,51,52,53,54,55",9,dragapult-charizard,Dragapult Charizard,405,1526,1362,630,49.35,alakazam-ex,Alakazam,1,100.0,overall,2026-05-25T17:07:32.711488+00:00
SVI-PFL,"47,48,49,50,51,52,53,54,55",9,dragapult-charizard,Dragapult Charizard,405,1526,1362,630,49.35,sinistcha-ogerpon,Sinistcha Ogerpon,1,0.0,overall,2026-05-25T17:07:32.711488+00:00
SVI-PFL,"47,48,49,50,51,52,53,54,55",9,dragapult-charizard,Dragapult Charizard,405,1526,1362,630,49.35,okidogi-twm,Okidogi,1,0.0,overall,2026-05-25T17:07:32.711488+00:00
SVI-PFL,"47,48,49,50,51,52,53,54,55",9,dragapult-charizard,Dragapult Charizard,405,1526,1362,630,49.35,paldean-tauros-pfl,Paldean Tauros,1,100.0,overall,2026-05-25T17:07:32.711488+00:00
SVI-PFL,"47,48,49,50,51,52,53,54,55",9,dragapult-charizard,Dragapult Charizard,405,1526,1362,630,49.35,espathra-xatu,Espathra Xatu,1,0.0,overall,2026-05-25T17:07:32.711488+00:00
SVI-PFL,"47,48,49,50,51,52,53,54,55",9,dragapult-charizard,Dragapult Charizard,405,1526,1362,630,49.35,feraligatr-tef,Feraligatr,1,33.33,overall,2026-05-25T17:07:32.711488+00:00
SVI-PFL,"47,48,49,50,51,52,53,54,55",9,dragapult-charizard,Dragapult Charizard,405,1526,1362,630,49.35,gholdengo-typhlosion,Gholdengo Typhlosion,1,0.0,overall,2026-05-25T17:07:32.711488+00:00
SVI-PFL,"47,48,49,50,51,52,53,54,55",9,dragapult-charizard,Dragapult Charizard,405,1526,1362,630,49.35,farigiraf-milotic,Farigiraf Milotic,1,100.0,overall,2026-05-25T17:07:32.711488+00:00
SVI-PFL,"47,48,49,50,51,52,53,54,55",9,dragapult-charizard,Dragapult Charizard,405,1526,1362,630,49.35,gengar-ex,Gengar,1,100.0,overall,2026-05-25T17:07:32.711488+00:00
SVI-PFL,"47,48,49,50,51,52,53,54,55",9,dragapult-charizard,Dragapult Charizard,405,1526,1362,630,49.35,ogerpon-meganium,Ogerpon Meganium,1,0.0,overall,2026-05-25T17:07:32.711488+00:00
SVI-PFL,"47,48,49,50,51,52,53,54,55",9,dragapult-charizard,Dragapult Charizard,405,1526,1362,630,49.35,ancient-box,Ancient Box,1,100.0,overall,2026-05-25T17:07:32.711488+00:00
SVI-PFL,"47,48,49,50,51,52,53,54,55",9,dragapult-charizard,Dragapult Charizard,405,1526,1362,630,49.35,mega-charizard-x-ex,Mega Charizard X,1,100.0,overall,2026-05-25T17:07:32.711488+00:00
SVI-PFL,"47,48,49,50,51,52,53,54,55",9,dragapult-dusknoir,Dragapult Dusknoir,2604,9369,9367,3018,47.69,gholdengo-lunatone,Gholdengo Lunatone,3424,42.48,overall,2026-05-25T17:07:35.764840+00:00
SVI-PFL,"47,48,49,50,51,52,53,54,55",9,dragapult-dusknoir,Dragapult Dusknoir,2604,9369,9367,3018,47.69,dragapult-dusknoir,Dragapult Dusknoir,1741,48.51,overall,2026-05-25T17:07:35.764840+00:00
SVI-PFL,"47,48,49,50,51,52,53,54,55",9,dragapult-dusknoir,Dragapult Dusknoir,2604,9369,9367,3018,47.69,charizard-noctowl,Charizard Noctowl,1535,62.56,overall,2026-05-25T17:07:35.764840+00:00
SVI-PFL,"47,48,49,50,51,52,53,54,55",9,dragapult-dusknoir,Dragapult Dusknoir,2604,9369,9367,3018,47.69,gardevoir-ex-sv,Gardevoir,1439,34.28,overall,2026-05-25T17:07:35.764840+00:00
SVI-PFL,"47,48,49,50,51,52,53,54,55",9,dragapult-dusknoir,Dragapult Dusknoir,2604,9369,9367,3018,47.69,gardevoir-jellicent,Gardevoir Jellicent,1367,41.87,overall,2026-05-25T17:07:35.764840+00:00
SVI-PFL,"47,48,49,50,51,52,53,54,55",9,dragapult-dusknoir,Dragapult Dusknoir,2604,9369,9367,3018,47.69,mega-absol-box,Mega Absol Box,990,35.45,overall,2026-05-25T17:07:35.764840+00:00
SVI-PFL,"47,48,49,50,51,52,53,54,55",9,dragapult-dusknoir,Dragapult Dusknoir,2604,9369,9367,3018,47.69,charizard-pidgeot,Charizard Pidgeot,956,57.67,overall,2026-05-25T17:07:35.764840+00:00
SVI-PFL,"47,48,49,50,51,52,53,54,55",9,dragapult-dusknoir,Dragapult Dusknoir,2604,9369,9367,3018,47.69,grimmsnarl-froslass,Grimmsnarl Froslass,932,37.2,overall,2026-05-25T17:07:35.764840+00:00
SVI-PFL,"47,48,49,50,51,52,53,54,55",9,dragapult-dusknoir,Dragapult Dusknoir,2604,9369,9367,3018,47.69,raging-bolt-ogerpon,Raging Bolt Ogerpon,868,44.24,overall,2026-05-25T17:07:35.764840+00:00
SVI-PFL,"47,48,49,50,51,52,53,54,55",9,dragapult-dusknoir,Dragapult Dusknoir,2604,9369,9367,3018,47.69,n-zoroark,N's Zoroark,631,46.38,overall,2026-05-25T17:07:35.764840+00:00
SVI-PFL,"47,48,49,50,51,52,53,54,55",9,dragapult-dusknoir,Dragapult Dusknoir,2604,9369,9367,3018,47.69,alakazam-dudunsparce,Alakazam Dudunsparce,559,67.86,overall,2026-05-25T17:07:35.764840+00:00
SVI-PFL,"47,48,49,50,51,52,53,54,55",9,dragapult-dusknoir,Dragapult Dusknoir,2604,9369,9367,3018,47.69,dragapult-charizard,Dragapult Charizard,548,50.36,overall,2026-05-25T17:07:35.764840+00:00
SVI-PFL,"47,48,49,50,51,52,53,54,55",9,dragapult-dusknoir,Dragapult Dusknoir,2604,9369,9367,3018,47.69,ceruledge-ex,Ceruledge,468,51.14,overall,2026-05-25T17:07:35.764840+00:00
SVI-PFL,"47,48,49,50,51,52,53,54,55",9,dragapult-dusknoir,Dragapult Dusknoir,2604,9369,9367,3018,47.69,kangaskhan-bouffalant,Kangaskhan Bouffalant,380,37.98,overall,2026-05-25T17:07:35.764840+00:00
SVI-PFL,"47,48,49,50,51,52,53,54,55",9,dragapult-dusknoir,Dragapult Dusknoir,2604,9369,9367,3018,47.69,flareon-noctowl,Flareon Noctowl,313,61.98,overall,2026-05-25T17:07:35.764840+00:00
SVI-PFL,"47,48,49,50,51,52,53,54,55",9,dragapult-dusknoir,Dragapult Dusknoir,2604,9369,9367,3018,47.69,tera-box,Tera Box,306,42.37,overall,2026-05-25T17:07:35.764840+00:00
SVI-PFL,"47,48,49,50,51,52,53,54,55",9,dragapult-dusknoir,Dragapult Dusknoir,2604,9369,9367,3018,47.69,joltik-box,Joltik Box,262,49.62,overall,2026-05-25T17:07:35.764840+00:00
SVI-PFL,"47,48,49,50,51,52,53,54,55",9,dragapult-dusknoir,Dragapult Dusknoir,2604,9369,9367,3018,47.69,lopunny-dusknoir,Lopunny Dusknoir,259,60.62,overall,2026-05-25T17:07:35.764840+00:00
SVI-PFL,"47,48,49,50,51,52,53,54,55",9,dragapult-dusknoir,Dragapult Dusknoir,2604,9369,9367,3018,47.69,greninja-ex,Greninja,215,44.96,overall,2026-05-25T17:07:35.764840+00:00
SVI-PFL,"47,48,49,50,51,52,53,54,55",9,dragapult-dusknoir,Dragapult Dusknoir,2604,9369,9367,3018,47.69,mega-venusaur-ex,Mega Venusaur,160,65.21,overall,2026-05-25T17:07:35.764840+00:00
SVI-PFL,"47,48,49,50,51,52,53,54,55",9,dragapult-dusknoir,Dragapult Dusknoir,2604,9369,9367,3018,47.69,iron-hands-magneton,Iron Hands Magneton,139,35.01,overall,2026-05-25T17:07:35.764840+00:00
SVI-PFL,"47,48,49,50,51,52,53,54,55",9,dragapult-dusknoir,Dragapult Dusknoir,2604,9369,9367,3018,47.69,cynthia-garchomp-ex,Cynthia's Garchomp,133,60.4,overall,2026-05-25T17:07:35.764840+00:00
SVI-PFL,"47,48,49,50,51,52,53,54,55",9,dragapult-dusknoir,Dragapult Dusknoir,2604,9369,9367,3018,47.69,other,Other,132,56.57,overall,2026-05-25T17:07:35.764840+00:00
SVI-PFL,"47,48,49,50,51,52,53,54,55",9,dragapult-dusknoir,Dragapult Dusknoir,2604,9369,9367,3018,47.69,crustle-dri,Crustle,127,43.04,overall,2026-05-25T17:07:35.764840+00:00
SVI-PFL,"47,48,49,50,51,52,53,54,55",9,dragapult-dusknoir,Dragapult Dusknoir,2604,9369,9367,3018,47.69,lucario-hariyama,Lucario Hariyama,125,53.33,overall,2026-05-25T17:07:35.764840+00:00
SVI-PFL,"47,48,49,50,51,52,53,54,55",9,dragapult-dusknoir,Dragapult Dusknoir,2604,9369,9367,3018,47.69,slowking-scr,Slowking,122,51.37,overall,2026-05-25T17:07:35.764840+00:00
SVI-PFL,"47,48,49,50,51,52,53,54,55",9,dragapult-dusknoir,Dragapult Dusknoir,2604,9369,9367,3018,47.69,sharpedo-toxtricity,Sharpedo Toxtricity,110,55.76,overall,2026-05-25T17:07:35.764840+00:00
SVI-PFL,"47,48,49,50,51,52,53,54,55",9,dragapult-dusknoir,Dragapult Dusknoir,2604,9369,9367,3018,47.69,froslass-munkidori,Froslass Munkidori,107,45.17,overall,2026-05-25T17:07:35.764840+00:00
SVI-PFL,"47,48,49,50,51,52,53,54,55",9,dragapult-dusknoir,Dragapult Dusknoir,2604,9369,9367,3018,47.69,gholdengo-joltik-box,Gholdengo Joltik Box,102,44.77,overall,2026-05-25T17:07:35.764840+00:00
SVI-PFL,"47,48,49,50,51,52,53,54,55",9,dragapult-dusknoir,Dragapult Dusknoir,2604,9369,9367,3018,47.69,pidgeot-control,Pidgeot Control,94,30.85,overall,2026-05-25T17:07:35.764840+00:00
SVI-PFL,"47,48,49,50,51,52,53,54,55",9,dragapult-dusknoir,Dragapult Dusknoir,2604,9369,9367,3018,47.69,gholdengo-ex,Gholdengo,92,51.09,overall,2026-05-25T17:07:35.764840+00:00
SVI-PFL,"47,48,49,50,51,52,53,54,55",9,dragapult-dusknoir,Dragapult Dusknoir,2604,9369,9367,3018,47.69,ethan-typhlosion,Ethan's Typhlosion,89,66.67,overall,2026-05-25T17:07:35.764840+00:00
SVI-PFL,"47,48,49,50,51,52,53,54,55",9,dragapult-dusknoir,Dragapult Dusknoir,2604,9369,9367,3018,47.69,festival-lead,Festival Lead,64,81.77,overall,2026-05-25T17:07:35.764840+00:00
SVI-PFL,"47,48,49,50,51,52,53,54,55",9,dragapult-dusknoir,Dragapult Dusknoir,2604,9369,9367,3018,47.69,ho-oh-armarouge,Ho-Oh Armarouge,61,51.91,overall,2026-05-25T17:07:35.764840+00:00
SVI-PFL,"47,48,49,50,51,52,53,54,55",9,dragapult-dusknoir,Dragapult Dusknoir,2604,9369,9367,3018,47.69,rocket-mewtwo-ex,Rocket's Mewtwo,59,46.33,overall,2026-05-25T17:07:35.764840+00:00
SVI-PFL,"47,48,49,50,51,52,53,54,55",9,dragapult-dusknoir,Dragapult Dusknoir,2604,9369,9367,3018,47.69,seaking-pre,Seaking Festival Lead,59,74.01,overall,2026-05-25T17:07:35.764840+00:00
SVI-PFL,"47,48,49,50,51,52,53,54,55",9,dragapult-dusknoir,Dragapult Dusknoir,2604,9369,9367,3018,47.69,dragapult-ex,Dragapult,51,58.17,overall,2026-05-25T17:07:35.764840+00:00
SVI-PFL,"47,48,49,50,51,52,53,54,55",9,dragapult-dusknoir,Dragapult Dusknoir,2604,9369,9367,3018,47.69,ursaluna-lunatone,Ursaluna Lunatone,50,56.0,overall,2026-05-25T17:07:35.764840+00:00
SVI-PFL,"47,48,49,50,51,52,53,54,55",9,dragapult-dusknoir,Dragapult Dusknoir,2604,9369,9367,3018,47.69,conkeldurr-twm,Conkeldurr,48,80.56,overall,2026-05-25T17:07:35.764840+00:00
SVI-PFL,"47,48,49,50,51,52,53,54,55",9,dragapult-dusknoir,Dragapult Dusknoir,2604,9369,9367,3018,47.69,manectric-eelektrik,Manectric Eelektrik,42,50.79,overall,2026-05-25T17:07:35.764840+00:00
SVI-PFL,"47,48,49,50,51,52,53,54,55",9,dragapult-dusknoir,Dragapult Dusknoir,2604,9369,9367,3018,47.69,toxtricity-pfl,Toxtricity Box,41,49.59,overall,2026-05-25T17:07:35.764840+00:00
SVI-PFL,"47,48,49,50,51,52,53,54,55",9,dragapult-dusknoir,Dragapult Dusknoir,2604,9369,9367,3018,47.69,hydrapple-ogerpon,Hydrapple Ogerpon,39,71.79,overall,2026-05-25T17:07:35.764840+00:00
SVI-PFL,"47,48,49,50,51,52,53,54,55",9,dragapult-dusknoir,Dragapult Dusknoir,2604,9369,9367,3018,47.69,dragapult-blaziken,Dragapult Blaziken,37,39.64,overall,2026-05-25T17:07:35.764840+00:00
SVI-PFL,"47,48,49,50,51,52,53,54,55",9,dragapult-dusknoir,Dragapult Dusknoir,2604,9369,9367,3018,47.69,roaring-moon-ex,Roaring Moon,31,51.61,overall,2026-05-25T17:07:35.764840+00:00
SVI-PFL,"47,48,49,50,51,52,53,54,55",9,dragapult-dusknoir,Dragapult Dusknoir,2604,9369,9367,3018,47.69,mega-lucario-ex,Mega Lucario,31,39.78,overall,2026-05-25T17:07:35.764840+00:00
SVI-PFL,"47,48,49,50,51,52,53,54,55",9,dragapult-dusknoir,Dragapult Dusknoir,2604,9369,9367,3018,47.69,archaludon-ex,Archaludon,30,38.89,overall,2026-05-25T17:07:35.764840+00:00
SVI-PFL,"47,48,49,50,51,52,53,54,55",9,dragapult-dusknoir,Dragapult Dusknoir,2604,9369,9367,3018,47.69,marnie-grimmsnarl-ex,Marnie's Grimmsnarl,28,61.9,overall,2026-05-25T17:07:35.764840+00:00
SVI-PFL,"47,48,49,50,51,52,53,54,55",9,dragapult-dusknoir,Dragapult Dusknoir,2604,9369,9367,3018,47.69,ogerpon-meganium,Ogerpon Meganium,27,69.14,overall,2026-05-25T17:07:35.764840+00:00
SVI-PFL,"47,48,49,50,51,52,53,54,55",9,dragapult-dusknoir,Dragapult Dusknoir,2604,9369,9367,3018,47.69,hydreigon-ex,Hydreigon,25,60.0,overall,2026-05-25T17:07:35.764840+00:00
SVI-PFL,"47,48,49,50,51,52,53,54,55",9,dragapult-dusknoir,Dragapult Dusknoir,2604,9369,9367,3018,47.69,slaking-ex,Slaking,22,66.67,overall,2026-05-25T17:07:35.764840+00:00
SVI-PFL,"47,48,49,50,51,52,53,54,55",9,dragapult-dusknoir,Dragapult Dusknoir,2604,9369,9367,3018,47.69,hop-zacian,Hop's Zacian,21,36.51,overall,2026-05-25T17:07:35.764840+00:00
SVI-PFL,"47,48,49,50,51,52,53,54,55",9,dragapult-dusknoir,Dragapult Dusknoir,2604,9369,9367,3018,47.69,miraidon-eelektrik,Miraidon Eelektrik,18,66.67,overall,2026-05-25T17:07:35.764840+00:00
SVI-PFL,"47,48,49,50,51,52,53,54,55",9,dragapult-dusknoir,Dragapult Dusknoir,2604,9369,9367,3018,47.69,chien-pao-baxcalibur,Chien-Pao Baxcalibur,18,70.37,overall,2026-05-25T17:07:35.764840+00:00
SVI-PFL,"47,48,49,50,51,52,53,54,55",9,dragapult-dusknoir,Dragapult Dusknoir,2604,9369,9367,3018,47.69,kangaskhan-forretress,Kangaskhan Forretress,17,31.37,overall,2026-05-25T17:07:35.764840+00:00
SVI-PFL,"47,48,49,50,51,52,53,54,55",9,dragapult-dusknoir,Dragapult Dusknoir,2604,9369,9367,3018,47.69,charizard-ex,Charizard,16,72.92,overall,2026-05-25T17:07:35.764840+00:00
SVI-PFL,"47,48,49,50,51,52,53,54,55",9,dragapult-dusknoir,Dragapult Dusknoir,2604,9369,9367,3018,47.69,gholdengo-typhlosion,Gholdengo Typhlosion,14,69.05,overall,2026-05-25T17:07:35.764840+00:00
SVI-PFL,"47,48,49,50,51,52,53,54,55",9,dragapult-dusknoir,Dragapult Dusknoir,2604,9369,9367,3018,47.69,wugtrio-svi,Wugtrio Mill,14,73.81,overall,2026-05-25T17:07:35.764840+00:00
SVI-PFL,"47,48,49,50,51,52,53,54,55",9,dragapult-dusknoir,Dragapult Dusknoir,2604,9369,9367,3018,47.69,iron-thorns-crustle,Iron Thorns Crustle,13,48.72,overall,2026-05-25T17:07:35.764840+00:00
SVI-PFL,"47,48,49,50,51,52,53,54,55",9,dragapult-dusknoir,Dragapult Dusknoir,2604,9369,9367,3018,47.69,mega-lopunny-ex,Mega Lopunny,12,55.56,overall,2026-05-25T17:07:35.764840+00:00
SVI-PFL,"47,48,49,50,51,52,53,54,55",9,dragapult-dusknoir,Dragapult Dusknoir,2604,9369,9367,3018,47.69,alakazam-meg,Alakazam,12,72.22,overall,2026-05-25T17:07:35.764840+00:00
SVI-PFL,"47,48,49,50,51,52,53,54,55",9,dragapult-dusknoir,Dragapult Dusknoir,2604,9369,9367,3018,47.69,yanmega-ex,Yanmega,12,63.89,overall,2026-05-25T17:07:35.764840+00:00
SVI-PFL,"47,48,49,50,51,52,53,54,55",9,dragapult-dusknoir,Dragapult Dusknoir,2604,9369,9367,3018,47.69,mega-kangaskhan-ex,Mega Kangaskhan,11,54.55,overall,2026-05-25T17:07:35.764840+00:00
SVI-PFL,"47,48,49,50,51,52,53,54,55",9,dragapult-dusknoir,Dragapult Dusknoir,2604,9369,9367,3018,47.69,charizard-dragapult,Charizard Dragapult,11,45.45,overall,2026-05-25T17:07:35.764840+00:00
SVI-PFL,"47,48,49,50,51,52,53,54,55",9,dragapult-dusknoir,Dragapult Dusknoir,2604,9369,9367,3018,47.69,mega-abomasnow-ex,Mega Abomasnow,11,72.73,overall,2026-05-25T17:07:35.764840+00:00
SVI-PFL,"47,48,49,50,51,52,53,54,55",9,dragapult-dusknoir,Dragapult Dusknoir,2604,9369,9367,3018,47.69,raging-bolt-ex,Raging Bolt,10,60.0,overall,2026-05-25T17:07:35.764840+00:00
SVI-PFL,"47,48,49,50,51,52,53,54,55",9,dragapult-dusknoir,Dragapult Dusknoir,2604,9369,9367,3018,47.69,mega-charizard-x-ex,Mega Charizard X,10,80.0,overall,2026-05-25T17:07:35.764840+00:00
SVI-PFL,"47,48,49,50,51,52,53,54,55",9,dragapult-dusknoir,Dragapult Dusknoir,2604,9369,9367,3018,47.69,okidogi-ex,Okidogi,9,55.56,overall,2026-05-25T17:07:35.764840+00:00
SVI-PFL,"47,48,49,50,51,52,53,54,55",9,dragapult-dusknoir,Dragapult Dusknoir,2604,9369,9367,3018,47.69,poison-mega-latias,Poison Latias,8,58.33,overall,2026-05-25T17:07:35.764840+00:00
SVI-PFL,"47,48,49,50,51,52,53,54,55",9,dragapult-dusknoir,Dragapult Dusknoir,2604,9369,9367,3018,47.69,palafin-ex,Palafin,8,62.5,overall,2026-05-25T17:07:35.764840+00:00
SVI-PFL,"47,48,49,50,51,52,53,54,55",9,dragapult-dusknoir,Dragapult Dusknoir,2604,9369,9367,3018,47.69,mamoswine-ex,Mamoswine,8,33.33,overall,2026-05-25T17:07:35.764840+00:00
SVI-PFL,"47,48,49,50,51,52,53,54,55",9,dragapult-dusknoir,Dragapult Dusknoir,2604,9369,9367,3018,47.69,toedscruel-ex,Toedscruel,8,70.83,overall,2026-05-25T17:07:35.764840+00:00
SVI-PFL,"47,48,49,50,51,52,53,54,55",9,dragapult-dusknoir,Dragapult Dusknoir,2604,9369,9367,3018,47.69,iron-hands-ex,Future Hands,8,75.0,overall,2026-05-25T17:07:35.764840+00:00
SVI-PFL,"47,48,49,50,51,52,53,54,55",9,dragapult-dusknoir,Dragapult Dusknoir,2604,9369,9367,3018,47.69,okidogi-twm,Okidogi,8,75.0,overall,2026-05-25T17:07:35.764840+00:00
SVI-PFL,"47,48,49,50,51,52,53,54,55",9,dragapult-dusknoir,Dragapult Dusknoir,2604,9369,9367,3018,47.69,mega-latias-ex,Mega Latias,7,71.43,overall,2026-05-25T17:07:35.764840+00:00
SVI-PFL,"47,48,49,50,51,52,53,54,55",9,dragapult-dusknoir,Dragapult Dusknoir,2604,9369,9367,3018,47.69,terapagos-noctowl,Terapagos Noctowl,7,52.38,overall,2026-05-25T17:07:35.764840+00:00
SVI-PFL,"47,48,49,50,51,52,53,54,55",9,dragapult-dusknoir,Dragapult Dusknoir,2604,9369,9367,3018,47.69,ethan-magcargo,Ethan's Magcargo,7,42.86,overall,2026-05-25T17:07:35.764840+00:00
SVI-PFL,"47,48,49,50,51,52,53,54,55",9,dragapult-dusknoir,Dragapult Dusknoir,2604,9369,9367,3018,47.69,zoroark-crustle,Zoroark Crustle,6,27.78,overall,2026-05-25T17:07:35.764840+00:00
SVI-PFL,"47,48,49,50,51,52,53,54,55",9,dragapult-dusknoir,Dragapult Dusknoir,2604,9369,9367,3018,47.69,tyranitar-jtg,Tyranitar,6,88.89,overall,2026-05-25T17:07:35.764840+00:00
SVI-PFL,"47,48,49,50,51,52,53,54,55",9,dragapult-dusknoir,Dragapult Dusknoir,2604,9369,9367,3018,47.69,reging-bolt-bellibolt,Raging Bolt Bellibolt,6,83.33,overall,2026-05-25T17:07:35.764840+00:00
SVI-PFL,"47,48,49,50,51,52,53,54,55",9,dragapult-dusknoir,Dragapult Dusknoir,2604,9369,9367,3018,47.69,forretress-ex,Forretress,6,22.22,overall,2026-05-25T17:07:35.764840+00:00
SVI-PFL,"47,48,49,50,51,52,53,54,55",9,dragapult-dusknoir,Dragapult Dusknoir,2604,9369,9367,3018,47.69,iron-valiant-ex,Iron Valiant,6,66.67,overall,2026-05-25T17:07:35.764840+00:00
SVI-PFL,"47,48,49,50,51,52,53,54,55",9,dragapult-dusknoir,Dragapult Dusknoir,2604,9369,9367,3018,47.69,rocket-porygon-z,Rocket's Porygon-Z,5,80.0,overall,2026-05-25T17:07:35.764840+00:00
SVI-PFL,"47,48,49,50,51,52,53,54,55",9,dragapult-dusknoir,Dragapult Dusknoir,2604,9369,9367,3018,47.69,hydrapple-ex,Hydrapple,5,66.67,overall,2026-05-25T17:07:35.764840+00:00
SVI-PFL,"47,48,49,50,51,52,53,54,55",9,dragapult-dusknoir,Dragapult Dusknoir,2604,9369,9367,3018,47.69,mega-manectric-ex-meg,Mega Manectric,5,60.0,overall,2026-05-25T17:07:35.764840+00:00
SVI-PFL,"47,48,49,50,51,52,53,54,55",9,dragapult-dusknoir,Dragapult Dusknoir,2604,9369,9367,3018,47.69,rocket-spidops,Rocket's Spidops,5,46.67,overall,2026-05-25T17:07:35.764840+00:00
SVI-PFL,"47,48,49,50,51,52,53,54,55",9,dragapult-dusknoir,Dragapult Dusknoir,2604,9369,9367,3018,47.69,ogerpon-ex,Ogerpon,4,50.0,overall,2026-05-25T17:07:35.764840+00:00
SVI-PFL,"47,48,49,50,51,52,53,54,55",9,dragapult-dusknoir,Dragapult Dusknoir,2604,9369,9367,3018,47.69,future-box,Future Box,4,58.33,overall,2026-05-25T17:07:35.764840+00:00
SVI-PFL,"47,48,49,50,51,52,53,54,55",9,dragapult-dusknoir,Dragapult Dusknoir,2604,9369,9367,3018,47.69,copperajah-ex,Copperajah,4,25.0,overall,2026-05-25T17:07:35.764840+00:00
SVI-PFL,"47,48,49,50,51,52,53,54,55",9,dragapult-dusknoir,Dragapult Dusknoir,2604,9369,9367,3018,47.69,flareon-ex,Flareon,4,50.0,overall,2026-05-25T17:07:35.764840+00:00
SVI-PFL,"47,48,49,50,51,52,53,54,55",9,dragapult-dusknoir,Dragapult Dusknoir,2604,9369,9367,3018,47.69,alakazam-ex,Alakazam,4,100.0,overall,2026-05-25T17:07:35.764840+00:00
SVI-PFL,"47,48,49,50,51,52,53,54,55",9,dragapult-dusknoir,Dragapult Dusknoir,2604,9369,9367,3018,47.69,clefairy-ogerpon,Clefairy Ogerpon,4,100.0,overall,2026-05-25T17:07:35.764840+00:00
SVI-PFL,"47,48,49,50,51,52,53,54,55",9,dragapult-dusknoir,Dragapult Dusknoir,2604,9369,9367,3018,47.69,great-tusk-tef,Great Tusk Mill,4,58.33,overall,2026-05-25T17:07:35.764840+00:00
SVI-PFL,"47,48,49,50,51,52,53,54,55",9,dragapult-dusknoir,Dragapult Dusknoir,2604,9369,9367,3018,47.69,cinderace-ex,Cinderace,4,50.0,overall,2026-05-25T17:07:35.764840+00:00
SVI-PFL,"47,48,49,50,51,52,53,54,55",9,dragapult-dusknoir,Dragapult Dusknoir,2604,9369,9367,3018,47.69,iono-bellibolt,Iono's Bellibolt,4,75.0,overall,2026-05-25T17:07:35.764840+00:00
SVI-PFL,"47,48,49,50,51,52,53,54,55",9,dragapult-dusknoir,Dragapult Dusknoir,2604,9369,9367,3018,47.69,sinistcha-ogerpon,Sinistcha Ogerpon,3,100.0,overall,2026-05-25T17:07:35.764840+00:00
SVI-PFL,"47,48,49,50,51,52,53,54,55",9,dragapult-dusknoir,Dragapult Dusknoir,2604,9369,9367,3018,47.69,poison-terapagos,Poison Terapagos,3,33.33,overall,2026-05-25T17:07:35.764840+00:00
SVI-PFL,"47,48,49,50,51,52,53,54,55",9,dragapult-dusknoir,Dragapult Dusknoir,2604,9369,9367,3018,47.69,dragapult-pidgeot,Dragapult Pidgeot,3,44.44,overall,2026-05-25T17:07:35.764840+00:00
SVI-PFL,"47,48,49,50,51,52,53,54,55",9,dragapult-dusknoir,Dragapult Dusknoir,2604,9369,9367,3018,47.69,espathra-xatu,Espathra Xatu,3,44.44,overall,2026-05-25T17:07:35.764840+00:00
SVI-PFL,"47,48,49,50,51,52,53,54,55",9,dragapult-dusknoir,Dragapult Dusknoir,2604,9369,9367,3018,47.69,blaziken-zoroark,Blaziken Zoroark,3,66.67,overall,2026-05-25T17:07:35.764840+00:00
SVI-PFL,"47,48,49,50,51,52,53,54,55",9,dragapult-dusknoir,Dragapult Dusknoir,2604,9369,9367,3018,47.69,paldean-tauros-pfl,Paldean Tauros,3,66.67,overall,2026-05-25T17:07:35.764840+00:00
SVI-PFL,"47,48,49,50,51,52,53,54,55",9,dragapult-dusknoir,Dragapult Dusknoir,2604,9369,9367,3018,47.69,dragapult-froslass,Dragapult Froslass,3,100.0,overall,2026-05-25T17:07:35.764840+00:00
SVI-PFL,"47,48,49,50,51,52,53,54,55",9,dragapult-dusknoir,Dragapult Dusknoir,2604,9369,9367,3018,47.69,blaziken-ex-jtg,Blaziken,2,50.0,overall,2026-05-25T17:07:35.764840+00:00
SVI-PFL,"47,48,49,50,51,52,53,54,55",9,dragapult-dusknoir,Dragapult Dusknoir,2604,9369,9367,3018,47.69,iron-thorns-ex,Iron Thorns,2,100.0,overall,2026-05-25T17:07:35.764840+00:00
SVI-PFL,"47,48,49,50,51,52,53,54,55",9,dragapult-dusknoir,Dragapult Dusknoir,2604,9369,9367,3018,47.69,gholdengo-dudunsparce,Gholdengo Dudunsparce,2,50.0,overall,2026-05-25T17:07:35.764840+00:00
SVI-PFL,"47,48,49,50,51,52,53,54,55",9,dragapult-dusknoir,Dragapult Dusknoir,2604,9369,9367,3018,47.69,tsareena-ex,Tsareena,2,16.67,overall,2026-05-25T17:07:35.764840+00:00
SVI-PFL,"47,48,49,50,51,52,53,54,55",9,dragapult-dusknoir,Dragapult Dusknoir,2604,9369,9367,3018,47.69,feraligatr-tef,Feraligatr,2,100.0,overall,2026-05-25T17:07:35.764840+00:00
SVI-PFL,"47,48,49,50,51,52,53,54,55",9,dragapult-dusknoir,Dragapult Dusknoir,2604,9369,9367,3018,47.69,mega-camerupt-ex,Mega Camerupt,2,50.0,overall,2026-05-25T17:07:35.764840+00:00
SVI-PFL,"47,48,49,50,51,52,53,54,55",9,dragapult-dusknoir,Dragapult Dusknoir,2604,9369,9367,3018,47.69,rocket-nidoking-ex,Rocket's Nidoking,2,66.67,overall,2026-05-25T17:07:35.764840+00:00
SVI-PFL,"47,48,49,50,51,52,53,54,55",9,dragapult-dusknoir,Dragapult Dusknoir,2604,9369,9367,3018,47.69,greninja-blaziken,Greninja Blaziken,2,16.67,overall,2026-05-25T17:07:35.764840+00:00
SVI-PFL,"47,48,49,50,51,52,53,54,55",9,dragapult-dusknoir,Dragapult Dusknoir,2604,9369,9367,3018,47.69,scovillain-ex,Scovillain,2,100.0,overall,2026-05-25T17:07:35.764840+00:00
SVI-PFL,"47,48,49,50,51,52,53,54,55",9,dragapult-dusknoir,Dragapult Dusknoir,2604,9369,9367,3018,47.69,gholdengo-dragapult,Gholdengo Dragapult,2,100.0,overall,2026-05-25T17:07:35.764840+00:00
SVI-PFL,"47,48,49,50,51,52,53,54,55",9,dragapult-dusknoir,Dragapult Dusknoir,2604,9369,9367,3018,47.69,heatran-metang,Heatran Metang,1,100.0,overall,2026-05-25T17:07:35.764840+00:00
SVI-PFL,"47,48,49,50,51,52,53,54,55",9,dragapult-dusknoir,Dragapult Dusknoir,2604,9369,9367,3018,47.69,gouging-fire-ex,Gouging Fire,1,33.33,overall,2026-05-25T17:07:35.764840+00:00
SVI-PFL,"47,48,49,50,51,52,53,54,55",9,dragapult-dusknoir,Dragapult Dusknoir,2604,9369,9367,3018,47.69,dragapult-iron-thorns,Dragapult Iron Thorns,1,100.0,overall,2026-05-25T17:07:35.764840+00:00
SVI-PFL,"47,48,49,50,51,52,53,54,55",9,dragapult-dusknoir,Dragapult Dusknoir,2604,9369,9367,3018,47.69,ursaluna-iron-valiant,Ursaluna Iron Valiant,1,0.0,overall,2026-05-25T17:07:35.764840+00:00
SVI-PFL,"47,48,49,50,51,52,53,54,55",9,dragapult-dusknoir,Dragapult Dusknoir,2604,9369,9367,3018,47.69,n-zoroark-lucario,Zoroark Lucario,1,100.0,overall,2026-05-25T17:07:35.764840+00:00
SVI-PFL,"47,48,49,50,51,52,53,54,55",9,dragapult-dusknoir,Dragapult Dusknoir,2604,9369,9367,3018,47.69,farigiraf-milotic,Farigiraf Milotic,1,100.0,overall,2026-05-25T17:07:35.764840+00:00
SVI-PFL,"47,48,49,50,51,52,53,54,55",9,dragapult-dusknoir,Dragapult Dusknoir,2604,9369,9367,3018,47.69,meowscarada-ex,Meowscarada,1,0.0,overall,2026-05-25T17:07:35.764840+00:00
SVI-PFL,"47,48,49,50,51,52,53,54,55",9,dragapult-dusknoir,Dragapult Dusknoir,2604,9369,9367,3018,47.69,misty-gyarados,Misty's Gyarados,1,0.0,overall,2026-05-25T17:07:35.764840+00:00
SVI-PFL,"47,48,49,50,51,52,53,54,55",9,dragapult-dusknoir,Dragapult Dusknoir,2604,9369,9367,3018,47.69,alolan-exeggutor-ex,Alolan Exeggutor ex,1,100.0,overall,2026-05-25T17:07:35.764840+00:00
SVI-PFL,"47,48,49,50,51,52,53,54,55",9,dragapult-dusknoir,Dragapult Dusknoir,2604,9369,9367,3018,47.69,tinkaton-ex,Tinkaton,1,0.0,overall,2026-05-25T17:07:35.764840+00:00
SVI-PFL,"47,48,49,50,51,52,53,54,55",9,dragapult-dusknoir,Dragapult Dusknoir,2604,9369,9367,3018,47.69,mega-sharpedo-ex,Mega Sharpedo,1,0.0,overall,2026-05-25T17:07:35.764840+00:00
SVI-PFL,"47,48,49,50,51,52,53,54,55",9,dragapult-dusknoir,Dragapult Dusknoir,2604,9369,9367,3018,47.69,mimikyu-ogerpon,Mimikyu Ogerpon,1,100.0,overall,2026-05-25T17:07:35.764840+00:00
SVI-PFL,"47,48,49,50,51,52,53,54,55",9,dragapult-dusknoir,Dragapult Dusknoir,2604,9369,9367,3018,47.69,incineroar-ex,Incineroar,1,100.0,overall,2026-05-25T17:07:35.764840+00:00
SVI-PFL,"47,48,49,50,51,52,53,54,55",9,dragapult-dusknoir,Dragapult Dusknoir,2604,9369,9367,3018,47.69,charizard-dusknoir,Charizard Dusknoir,1,100.0,overall,2026-05-25T17:07:35.764840+00:00
SVI-PFL,"47,48,49,50,51,52,53,54,55",9,dragapult-dusknoir,Dragapult Dusknoir,2604,9369,9367,3018,47.69,charizard-greninja,Charizard Greninja,1,100.0,overall,2026-05-25T17:07:35.764840+00:00
SVI-PFL,"47,48,49,50,51,52,53,54,55",9,dragapult-dusknoir,Dragapult Dusknoir,2604,9369,9367,3018,47.69,garchomp-ex,Garchomp,1,100.0,overall,2026-05-25T17:07:35.764840+00:00
SVI-PFL,"47,48,49,50,51,52,53,54,55",9,dragapult-dusknoir,Dragapult Dusknoir,2604,9369,9367,3018,47.69,ancient-box,Ancient Box,1,33.33,overall,2026-05-25T17:07:35.764840+00:00
SVI-PFL,"47,48,49,50,51,52,53,54,55",9,dragapult-dusknoir,Dragapult Dusknoir,2604,9369,9367,3018,47.69,ranging-bolt-sandy-shocks,Raging Bolt Sandy Shocks,1,33.33,overall,2026-05-25T17:07:35.764840+00:00
SVI-PFL,"47,48,49,50,51,52,53,54,55",9,dragapult-dusknoir,Dragapult Dusknoir,2604,9369,9367,3018,47.69,farigiraf-crustle,Farigiraf Crustle,1,0.0,overall,2026-05-25T17:07:35.764840+00:00
SVI-PFL,"47,48,49,50,51,52,53,54,55",9,dragapult-dusknoir,Dragapult Dusknoir,2604,9369,9367,3018,47.69,espathra-froslass,Espathra Froslass,1,33.33,overall,2026-05-25T17:07:35.764840+00:00
SVI-PFL,"47,48,49,50,51,52,53,54,55",9,dragapult-ex,Dragapult,50,135,191,55,40.24,gholdengo-lunatone,Gholdengo Lunatone,67,44.28,overall,2026-05-25T17:07:38.644875+00:00
SVI-PFL,"47,48,49,50,51,52,53,54,55",9,dragapult-ex,Dragapult,50,135,191,55,40.24,dragapult-dusknoir,Dragapult Dusknoir,51,36.6,overall,2026-05-25T17:07:38.644875+00:00
SVI-PFL,"47,48,49,50,51,52,53,54,55",9,dragapult-ex,Dragapult,50,135,191,55,40.24,charizard-pidgeot,Charizard Pidgeot,30,42.22,overall,2026-05-25T17:07:38.644875+00:00
SVI-PFL,"47,48,49,50,51,52,53,54,55",9,dragapult-ex,Dragapult,50,135,191,55,40.24,gardevoir-ex-sv,Gardevoir,26,33.33,overall,2026-05-25T17:07:38.644875+00:00
SVI-PFL,"47,48,49,50,51,52,53,54,55",9,dragapult-ex,Dragapult,50,135,191,55,40.24,gardevoir-jellicent,Gardevoir Jellicent,23,28.99,overall,2026-05-25T17:07:38.644875+00:00
SVI-PFL,"47,48,49,50,51,52,53,54,55",9,dragapult-ex,Dragapult,50,135,191,55,40.24,charizard-noctowl,Charizard Noctowl,21,49.21,overall,2026-05-25T17:07:38.644875+00:00
SVI-PFL,"47,48,49,50,51,52,53,54,55",9,dragapult-ex,Dragapult,50,135,191,55,40.24,mega-absol-box,Mega Absol Box,17,31.37,overall,2026-05-25T17:07:38.644875+00:00
SVI-PFL,"47,48,49,50,51,52,53,54,55",9,dragapult-ex,Dragapult,50,135,191,55,40.24,alakazam-dudunsparce,Alakazam Dudunsparce,12,41.67,overall,2026-05-25T17:07:38.644875+00:00
SVI-PFL,"47,48,49,50,51,52,53,54,55",9,dragapult-ex,Dragapult,50,135,191,55,40.24,raging-bolt-ogerpon,Raging Bolt Ogerpon,12,19.44,overall,2026-05-25T17:07:38.644875+00:00
SVI-PFL,"47,48,49,50,51,52,53,54,55",9,dragapult-ex,Dragapult,50,135,191,55,40.24,grimmsnarl-froslass,Grimmsnarl Froslass,11,42.42,overall,2026-05-25T17:07:38.644875+00:00
SVI-PFL,"47,48,49,50,51,52,53,54,55",9,dragapult-ex,Dragapult,50,135,191,55,40.24,n-zoroark,N's Zoroark,11,51.52,overall,2026-05-25T17:07:38.644875+00:00
SVI-PFL,"47,48,49,50,51,52,53,54,55",9,dragapult-ex,Dragapult,50,135,191,55,40.24,ceruledge-ex,Ceruledge,10,53.33,overall,2026-05-25T17:07:38.644875+00:00
SVI-PFL,"47,48,49,50,51,52,53,54,55",9,dragapult-ex,Dragapult,50,135,191,55,40.24,lopunny-dusknoir,Lopunny Dusknoir,7,42.86,overall,2026-05-25T17:07:38.644875+00:00
SVI-PFL,"47,48,49,50,51,52,53,54,55",9,dragapult-ex,Dragapult,50,135,191,55,40.24,kangaskhan-bouffalant,Kangaskhan Bouffalant,6,16.67,overall,2026-05-25T17:07:38.644875+00:00
SVI-PFL,"47,48,49,50,51,52,53,54,55",9,dragapult-ex,Dragapult,50,135,191,55,40.24,flareon-noctowl,Flareon Noctowl,5,60.0,overall,2026-05-25T17:07:38.644875+00:00
SVI-PFL,"47,48,49,50,51,52,53,54,55",9,dragapult-ex,Dragapult,50,135,191,55,40.24,tera-box,Tera Box,5,20.0,overall,2026-05-25T17:07:38.644875+00:00
SVI-PFL,"47,48,49,50,51,52,53,54,55",9,dragapult-ex,Dragapult,50,135,191,55,40.24,mega-venusaur-ex,Mega Venusaur,4,50.0,overall,2026-05-25T17:07:38.644875+00:00
SVI-PFL,"47,48,49,50,51,52,53,54,55",9,dragapult-ex,Dragapult,50,135,191,55,40.24,ho-oh-armarouge,Ho-Oh Armarouge,4,25.0,overall,2026-05-25T17:07:38.644875+00:00
SVI-PFL,"47,48,49,50,51,52,53,54,55",9,dragapult-ex,Dragapult,50,135,191,55,40.24,sharpedo-toxtricity,Sharpedo Toxtricity,4,58.33,overall,2026-05-25T17:07:38.644875+00:00
SVI-PFL,"47,48,49,50,51,52,53,54,55",9,dragapult-ex,Dragapult,50,135,191,55,40.24,iron-hands-magneton,Iron Hands Magneton,4,0.0,overall,2026-05-25T17:07:38.644875+00:00
SVI-PFL,"47,48,49,50,51,52,53,54,55",9,dragapult-ex,Dragapult,50,135,191,55,40.24,dragapult-charizard,Dragapult Charizard,4,25.0,overall,2026-05-25T17:07:38.644875+00:00
SVI-PFL,"47,48,49,50,51,52,53,54,55",9,dragapult-ex,Dragapult,50,135,191,55,40.24,slowking-scr,Slowking,3,44.44,overall,2026-05-25T17:07:38.644875+00:00
SVI-PFL,"47,48,49,50,51,52,53,54,55",9,dragapult-ex,Dragapult,50,135,191,55,40.24,other,Other,3,66.67,overall,2026-05-25T17:07:38.644875+00:00
SVI-PFL,"47,48,49,50,51,52,53,54,55",9,dragapult-ex,Dragapult,50,135,191,55,40.24,froslass-munkidori,Froslass Munkidori,3,33.33,overall,2026-05-25T17:07:38.644875+00:00
SVI-PFL,"47,48,49,50,51,52,53,54,55",9,dragapult-ex,Dragapult,50,135,191,55,40.24,cynthia-garchomp-ex,Cynthia's Garchomp,3,66.67,overall,2026-05-25T17:07:38.644875+00:00
SVI-PFL,"47,48,49,50,51,52,53,54,55",9,dragapult-ex,Dragapult,50,135,191,55,40.24,greninja-ex,Greninja,3,44.44,overall,2026-05-25T17:07:38.644875+00:00
SVI-PFL,"47,48,49,50,51,52,53,54,55",9,dragapult-ex,Dragapult,50,135,191,55,40.24,joltik-box,Joltik Box,2,0.0,overall,2026-05-25T17:07:38.644875+00:00
SVI-PFL,"47,48,49,50,51,52,53,54,55",9,dragapult-ex,Dragapult,50,135,191,55,40.24,festival-lead,Festival Lead,2,100.0,overall,2026-05-25T17:07:38.644875+00:00
SVI-PFL,"47,48,49,50,51,52,53,54,55",9,dragapult-ex,Dragapult,50,135,191,55,40.24,manectric-eelektrik,Manectric Eelektrik,2,100.0,overall,2026-05-25T17:07:38.644875+00:00
SVI-PFL,"47,48,49,50,51,52,53,54,55",9,dragapult-ex,Dragapult,50,135,191,55,40.24,lucario-hariyama,Lucario Hariyama,2,50.0,overall,2026-05-25T17:07:38.644875+00:00
SVI-PFL,"47,48,49,50,51,52,53,54,55",9,dragapult-ex,Dragapult,50,135,191,55,40.24,mega-lucario-ex,Mega Lucario,2,50.0,overall,2026-05-25T17:07:38.644875+00:00
SVI-PFL,"47,48,49,50,51,52,53,54,55",9,dragapult-ex,Dragapult,50,135,191,55,40.24,gholdengo-joltik-box,Gholdengo Joltik Box,2,0.0,overall,2026-05-25T17:07:38.644875+00:00
SVI-PFL,"47,48,49,50,51,52,53,54,55",9,dragapult-ex,Dragapult,50,135,191,55,40.24,zoroark-crustle,Zoroark Crustle,1,100.0,overall,2026-05-25T17:07:38.644875+00:00
SVI-PFL,"47,48,49,50,51,52,53,54,55",9,dragapult-ex,Dragapult,50,135,191,55,40.24,dragapult-blaziken,Dragapult Blaziken,1,0.0,overall,2026-05-25T17:07:38.644875+00:00
SVI-PFL,"47,48,49,50,51,52,53,54,55",9,dragapult-ex,Dragapult,50,135,191,55,40.24,roaring-moon-ex,Roaring Moon,1,100.0,overall,2026-05-25T17:07:38.644875+00:00
SVI-PFL,"47,48,49,50,51,52,53,54,55",9,dragapult-ex,Dragapult,50,135,191,55,40.24,gholdengo-ex,Gholdengo,1,0.0,overall,2026-05-25T17:07:38.644875+00:00
SVI-PFL,"47,48,49,50,51,52,53,54,55",9,dragapult-ex,Dragapult,50,135,191,55,40.24,marnie-grimmsnarl-ex,Marnie's Grimmsnarl,1,100.0,overall,2026-05-25T17:07:38.644875+00:00
SVI-PFL,"47,48,49,50,51,52,53,54,55",9,dragapult-ex,Dragapult,50,135,191,55,40.24,ethan-typhlosion,Ethan's Typhlosion,1,100.0,overall,2026-05-25T17:07:38.644875+00:00
SVI-PFL,"47,48,49,50,51,52,53,54,55",9,dragapult-ex,Dragapult,50,135,191,55,40.24,charizard-dragapult,Charizard Dragapult,1,33.33,overall,2026-05-25T17:07:38.644875+00:00
SVI-PFL,"47,48,49,50,51,52,53,54,55",9,dragapult-ex,Dragapult,50,135,191,55,40.24,crustle-dri,Crustle,1,100.0,overall,2026-05-25T17:07:38.644875+00:00
SVI-PFL,"47,48,49,50,51,52,53,54,55",9,dragapult-ex,Dragapult,50,135,191,55,40.24,kangaskhan-forretress,Kangaskhan Forretress,1,0.0,overall,2026-05-25T17:07:38.644875+00:00
SVI-PFL,"47,48,49,50,51,52,53,54,55",9,dragapult-ex,Dragapult,50,135,191,55,40.24,conkeldurr-twm,Conkeldurr,1,100.0,overall,2026-05-25T17:07:38.644875+00:00
SVI-PFL,"47,48,49,50,51,52,53,54,55",9,dragapult-ex,Dragapult,50,135,191,55,40.24,forretress-ex,Forretress,1,100.0,overall,2026-05-25T17:07:38.644875+00:00
SVI-PFL,"47,48,49,50,51,52,53,54,55",9,dragapult-ex,Dragapult,50,135,191,55,40.24,hydrapple-ogerpon,Hydrapple Ogerpon,1,33.33,overall,2026-05-25T17:07:38.644875+00:00
SVI-PFL,"47,48,49,50,51,52,53,54,55",9,dragapult-ex,Dragapult,50,135,191,55,40.24,ogerpon-meganium,Ogerpon Meganium,1,33.33,overall,2026-05-25T17:07:38.644875+00:00
SVI-PFL,"47,48,49,50,51,52,53,54,55",9,dragapult-ex,Dragapult,50,135,191,55,40.24,toxtricity-pfl,Toxtricity Box,1,100.0,overall,2026-05-25T17:07:38.644875+00:00
SVI-PFL,"47,48,49,50,51,52,53,54,55",9,dragapult-ex,Dragapult,50,135,191,55,40.24,feraligatr-tef,Feraligatr,1,0.0,overall,2026-05-25T17:07:38.644875+00:00
SVI-PFL,"47,48,49,50,51,52,53,54,55",9,dragapult-ex,Dragapult,50,135,191,55,40.24,slaking-ex,Slaking,1,0.0,overall,2026-05-25T17:07:38.644875+00:00
SVI-PFL,"47,48,49,50,51,52,53,54,55",9,dragapult-ex,Dragapult,50,135,191,55,40.24,archaludon-ex,Archaludon,1,0.0,overall,2026-05-25T17:07:38.644875+00:00
SVI-PFL,"47,48,49,50,51,52,53,54,55",9,dragapult-ex,Dragapult,50,135,191,55,40.24,clefairy-ogerpon,Clefairy Ogerpon,1,33.33,overall,2026-05-25T17:07:38.644875+00:00
SVI-PFL,"47,48,49,50,51,52,53,54,55",9,dragapult-froslass,Dragapult Froslass,2,6,9,1,39.58,dragapult-dusknoir,Dragapult Dusknoir,3,0.0,overall,2026-05-25T17:07:41.497954+00:00
SVI-PFL,"47,48,49,50,51,52,53,54,55",9,dragapult-froslass,Dragapult Froslass,2,6,9,1,39.58,alakazam-dudunsparce,Alakazam Dudunsparce,2,50.0,overall,2026-05-25T17:07:41.497954+00:00
SVI-PFL,"47,48,49,50,51,52,53,54,55",9,dragapult-froslass,Dragapult Froslass,2,6,9,1,39.58,gardevoir-jellicent,Gardevoir Jellicent,2,0.0,overall,2026-05-25T17:07:41.497954+00:00
SVI-PFL,"47,48,49,50,51,52,53,54,55",9,dragapult-froslass,Dragapult Froslass,2,6,9,1,39.58,charizard-noctowl,Charizard Noctowl,2,100.0,overall,2026-05-25T17:07:41.497954+00:00
SVI-PFL,"47,48,49,50,51,52,53,54,55",9,dragapult-froslass,Dragapult Froslass,2,6,9,1,39.58,charizard-pidgeot,Charizard Pidgeot,1,0.0,overall,2026-05-25T17:07:41.497954+00:00
SVI-PFL,"47,48,49,50,51,52,53,54,55",9,dragapult-froslass,Dragapult Froslass,2,6,9,1,39.58,grimmsnarl-froslass,Grimmsnarl Froslass,1,0.0,overall,2026-05-25T17:07:41.497954+00:00
SVI-PFL,"47,48,49,50,51,52,53,54,55",9,dragapult-froslass,Dragapult Froslass,2,6,9,1,39.58,tera-box,Tera Box,1,0.0,overall,2026-05-25T17:07:41.497954+00:00
SVI-PFL,"47,48,49,50,51,52,53,54,55",9,dragapult-froslass,Dragapult Froslass,2,6,9,1,39.58,joltik-box,Joltik Box,1,33.33,overall,2026-05-25T17:07:41.497954+00:00
SVI-PFL,"47,48,49,50,51,52,53,54,55",9,dragapult-froslass,Dragapult Froslass,2,6,9,1,39.58,mega-venusaur-ex,Mega Venusaur,1,100.0,overall,2026-05-25T17:07:41.497954+00:00
SVI-PFL,"47,48,49,50,51,52,53,54,55",9,dragapult-froslass,Dragapult Froslass,2,6,9,1,39.58,iono-bellibolt,Iono's Bellibolt,1,100.0,overall,2026-05-25T17:07:41.497954+00:00
SVI-PFL,"47,48,49,50,51,52,53,54,55",9,dragapult-froslass,Dragapult Froslass,2,6,9,1,39.58,mamoswine-ex,Mamoswine,1,100.0,overall,2026-05-25T17:07:41.497954+00:00
SVI-PFL,"47,48,49,50,51,52,53,54,55",9,dragapult-iron-thorns,Dragapult Iron Thorns,1,4,3,1,54.17,gholdengo-lunatone,Gholdengo Lunatone,1,0.0,overall,2026-05-25T17:07:44.366331+00:00
SVI-PFL,"47,48,49,50,51,52,53,54,55",9,dragapult-iron-thorns,Dragapult Iron Thorns,1,4,3,1,54.17,gholdengo-joltik-box,Gholdengo Joltik Box,1,100.0,overall,2026-05-25T17:07:44.366331+00:00
SVI-PFL,"47,48,49,50,51,52,53,54,55",9,dragapult-iron-thorns,Dragapult Iron Thorns,1,4,3,1,54.17,raging-bolt-ogerpon,Raging Bolt Ogerpon,1,33.33,overall,2026-05-25T17:07:44.366331+00:00
SVI-PFL,"47,48,49,50,51,52,53,54,55",9,dragapult-iron-thorns,Dragapult Iron Thorns,1,4,3,1,54.17,dragapult-dusknoir,Dragapult Dusknoir,1,0.0,overall,2026-05-25T17:07:44.366331+00:00
SVI-PFL,"47,48,49,50,51,52,53,54,55",9,dragapult-iron-thorns,Dragapult Iron Thorns,1,4,3,1,54.17,gholdengo-ex,Gholdengo,1,0.0,overall,2026-05-25T17:07:44.366331+00:00
SVI-PFL,"47,48,49,50,51,52,53,54,55",9,dragapult-iron-thorns,Dragapult Iron Thorns,1,4,3,1,54.17,lopunny-dusknoir,Lopunny Dusknoir,1,100.0,overall,2026-05-25T17:07:44.366331+00:00
SVI-PFL,"47,48,49,50,51,52,53,54,55",9,dragapult-iron-thorns,Dragapult Iron Thorns,1,4,3,1,54.17,tera-box,Tera Box,1,100.0,overall,2026-05-25T17:07:44.366331+00:00
SVI-PFL,"47,48,49,50,51,52,53,54,55",9,dragapult-pidgeot,Dragapult Pidgeot,3,5,13,2,28.33,gholdengo-lunatone,Gholdengo Lunatone,5,26.67,overall,2026-05-25T17:07:47.240594+00:00
SVI-PFL,"47,48,49,50,51,52,53,54,55",9,dragapult-pidgeot,Dragapult Pidgeot,3,5,13,2,28.33,dragapult-dusknoir,Dragapult Dusknoir,3,44.44,overall,2026-05-25T17:07:47.240594+00:00
SVI-PFL,"47,48,49,50,51,52,53,54,55",9,dragapult-pidgeot,Dragapult Pidgeot,3,5,13,2,28.33,charizard-noctowl,Charizard Noctowl,3,66.67,overall,2026-05-25T17:07:47.240594+00:00
SVI-PFL,"47,48,49,50,51,52,53,54,55",9,dragapult-pidgeot,Dragapult Pidgeot,3,5,13,2,28.33,grimmsnarl-froslass,Grimmsnarl Froslass,2,0.0,overall,2026-05-25T17:07:47.240594+00:00
SVI-PFL,"47,48,49,50,51,52,53,54,55",9,dragapult-pidgeot,Dragapult Pidgeot,3,5,13,2,28.33,charizard-pidgeot,Charizard Pidgeot,1,0.0,overall,2026-05-25T17:07:47.240594+00:00
SVI-PFL,"47,48,49,50,51,52,53,54,55",9,dragapult-pidgeot,Dragapult Pidgeot,3,5,13,2,28.33,dragapult-charizard,Dragapult Charizard,1,0.0,overall,2026-05-25T17:07:47.240594+00:00
SVI-PFL,"47,48,49,50,51,52,53,54,55",9,dragapult-pidgeot,Dragapult Pidgeot,3,5,13,2,28.33,ceruledge-ex,Ceruledge,1,0.0,overall,2026-05-25T17:07:47.240594+00:00
SVI-PFL,"47,48,49,50,51,52,53,54,55",9,dragapult-pidgeot,Dragapult Pidgeot,3,5,13,2,28.33,gholdengo-ex,Gholdengo,1,0.0,overall,2026-05-25T17:07:47.240594+00:00
SVI-PFL,"47,48,49,50,51,52,53,54,55",9,dragapult-pidgeot,Dragapult Pidgeot,3,5,13,2,28.33,tera-box,Tera Box,1,0.0,overall,2026-05-25T17:07:47.240594+00:00
SVI-PFL,"47,48,49,50,51,52,53,54,55",9,dragapult-pidgeot,Dragapult Pidgeot,3,5,13,2,28.33,raging-bolt-ogerpon,Raging Bolt Ogerpon,1,0.0,overall,2026-05-25T17:07:47.240594+00:00
SVI-PFL,"47,48,49,50,51,52,53,54,55",9,dragapult-pidgeot,Dragapult Pidgeot,3,5,13,2,28.33,dragapult-blaziken,Dragapult Blaziken,1,100.0,overall,2026-05-25T17:07:47.240594+00:00
SVI-PFL,"47,48,49,50,51,52,53,54,55",9,espathra-ex,Espathra,2,2,11,2,17.78,charizard-noctowl,Charizard Noctowl,3,0.0,overall,2026-05-25T17:07:50.115655+00:00
SVI-PFL,"47,48,49,50,51,52,53,54,55",9,espathra-ex,Espathra,2,2,11,2,17.78,n-zoroark,N's Zoroark,2,50.0,overall,2026-05-25T17:07:50.115655+00:00
SVI-PFL,"47,48,49,50,51,52,53,54,55",9,espathra-ex,Espathra,2,2,11,2,17.78,gholdengo-lunatone,Gholdengo Lunatone,2,16.67,overall,2026-05-25T17:07:50.115655+00:00
SVI-PFL,"47,48,49,50,51,52,53,54,55",9,espathra-ex,Espathra,2,2,11,2,17.78,gholdengo-ex,Gholdengo,2,0.0,overall,2026-05-25T17:07:50.115655+00:00
SVI-PFL,"47,48,49,50,51,52,53,54,55",9,espathra-ex,Espathra,2,2,11,2,17.78,tera-box,Tera Box,1,100.0,overall,2026-05-25T17:07:50.115655+00:00
SVI-PFL,"47,48,49,50,51,52,53,54,55",9,espathra-ex,Espathra,2,2,11,2,17.78,ethan-typhlosion,Ethan's Typhlosion,1,0.0,overall,2026-05-25T17:07:50.115655+00:00
SVI-PFL,"47,48,49,50,51,52,53,54,55",9,espathra-ex,Espathra,2,2,11,2,17.78,mega-absol-box,Mega Absol Box,1,0.0,overall,2026-05-25T17:07:50.115655+00:00
SVI-PFL,"47,48,49,50,51,52,53,54,55",9,espathra-ex,Espathra,2,2,11,2,17.78,sharpedo-toxtricity,Sharpedo Toxtricity,1,0.0,overall,2026-05-25T17:07:50.115655+00:00
SVI-PFL,"47,48,49,50,51,52,53,54,55",9,espathra-ex,Espathra,2,2,11,2,17.78,other,Other,1,33.33,overall,2026-05-25T17:07:50.115655+00:00
SVI-PFL,"47,48,49,50,51,52,53,54,55",9,espathra-ex,Espathra,2,2,11,2,17.78,pidgeot-control,Pidgeot Control,1,0.0,overall,2026-05-25T17:07:50.115655+00:00
SVI-PFL,"47,48,49,50,51,52,53,54,55",9,espathra-froslass,Espathra Froslass,1,7,5,2,54.76,mega-absol-box,Mega Absol Box,2,50.0,overall,2026-05-25T17:07:52.993800+00:00
SVI-PFL,"47,48,49,50,51,52,53,54,55",9,espathra-froslass,Espathra Froslass,1,7,5,2,54.76,gholdengo-lunatone,Gholdengo Lunatone,2,100.0,overall,2026-05-25T17:07:52.993800+00:00
SVI-PFL,"47,48,49,50,51,52,53,54,55",9,espathra-froslass,Espathra Froslass,1,7,5,2,54.76,gardevoir-jellicent,Gardevoir Jellicent,2,0.0,overall,2026-05-25T17:07:52.993800+00:00
SVI-PFL,"47,48,49,50,51,52,53,54,55",9,espathra-froslass,Espathra Froslass,1,7,5,2,54.76,n-zoroark,N's Zoroark,1,0.0,overall,2026-05-25T17:07:52.993800+00:00
SVI-PFL,"47,48,49,50,51,52,53,54,55",9,espathra-froslass,Espathra Froslass,1,7,5,2,54.76,ceruledge-ex,Ceruledge,1,100.0,overall,2026-05-25T17:07:52.993800+00:00
SVI-PFL,"47,48,49,50,51,52,53,54,55",9,espathra-froslass,Espathra Froslass,1,7,5,2,54.76,charizard-noctowl,Charizard Noctowl,1,100.0,overall,2026-05-25T17:07:52.993800+00:00
SVI-PFL,"47,48,49,50,51,52,53,54,55",9,espathra-froslass,Espathra Froslass,1,7,5,2,54.76,crustle-dri,Crustle,1,100.0,overall,2026-05-25T17:07:52.993800+00:00
SVI-PFL,"47,48,49,50,51,52,53,54,55",9,espathra-froslass,Espathra Froslass,1,7,5,2,54.76,dragapult-dusknoir,Dragapult Dusknoir,1,33.33,overall,2026-05-25T17:07:52.993800+00:00
SVI-PFL,"47,48,49,50,51,52,53,54,55",9,espathra-froslass,Espathra Froslass,1,7,5,2,54.76,flareon-noctowl,Flareon Noctowl,1,0.0,overall,2026-05-25T17:07:52.993800+00:00
SVI-PFL,"47,48,49,50,51,52,53,54,55",9,espathra-froslass,Espathra Froslass,1,7,5,2,54.76,charizard-pidgeot,Charizard Pidgeot,1,33.33,overall,2026-05-25T17:07:52.993800+00:00
SVI-PFL,"47,48,49,50,51,52,53,54,55",9,espathra-froslass,Espathra Froslass,1,7,5,2,54.76,raging-bolt-ogerpon,Raging Bolt Ogerpon,1,100.0,overall,2026-05-25T17:07:52.993800+00:00
SVI-PFL,"47,48,49,50,51,52,53,54,55",9,espathra-xatu,Espathra Xatu,5,11,21,4,34.26,gholdengo-lunatone,Gholdengo Lunatone,12,19.44,overall,2026-05-25T17:07:55.891307+00:00
SVI-PFL,"47,48,49,50,51,52,53,54,55",9,espathra-xatu,Espathra Xatu,5,11,21,4,34.26,alakazam-dudunsparce,Alakazam Dudunsparce,5,60.0,overall,2026-05-25T17:07:55.891307+00:00
SVI-PFL,"47,48,49,50,51,52,53,54,55",9,espathra-xatu,Espathra Xatu,5,11,21,4,34.26,charizard-noctowl,Charizard Noctowl,5,13.33,overall,2026-05-25T17:07:55.891307+00:00
SVI-PFL,"47,48,49,50,51,52,53,54,55",9,espathra-xatu,Espathra Xatu,5,11,21,4,34.26,dragapult-dusknoir,Dragapult Dusknoir,3,44.44,overall,2026-05-25T17:07:55.891307+00:00
SVI-PFL,"47,48,49,50,51,52,53,54,55",9,espathra-xatu,Espathra Xatu,5,11,21,4,34.26,gardevoir-jellicent,Gardevoir Jellicent,2,0.0,overall,2026-05-25T17:07:55.891307+00:00
SVI-PFL,"47,48,49,50,51,52,53,54,55",9,espathra-xatu,Espathra Xatu,5,11,21,4,34.26,iron-hands-magneton,Iron Hands Magneton,1,0.0,overall,2026-05-25T17:07:55.891307+00:00
SVI-PFL,"47,48,49,50,51,52,53,54,55",9,espathra-xatu,Espathra Xatu,5,11,21,4,34.26,grimmsnarl-froslass,Grimmsnarl Froslass,1,100.0,overall,2026-05-25T17:07:55.891307+00:00
SVI-PFL,"47,48,49,50,51,52,53,54,55",9,espathra-xatu,Espathra Xatu,5,11,21,4,34.26,charizard-pidgeot,Charizard Pidgeot,1,0.0,overall,2026-05-25T17:07:55.891307+00:00
SVI-PFL,"47,48,49,50,51,52,53,54,55",9,espathra-xatu,Espathra Xatu,5,11,21,4,34.26,raging-bolt-ogerpon,Raging Bolt Ogerpon,1,100.0,overall,2026-05-25T17:07:55.891307+00:00
SVI-PFL,"47,48,49,50,51,52,53,54,55",9,espathra-xatu,Espathra Xatu,5,11,21,4,34.26,other,Other,1,0.0,overall,2026-05-25T17:07:55.891307+00:00
SVI-PFL,"47,48,49,50,51,52,53,54,55",9,espathra-xatu,Espathra Xatu,5,11,21,4,34.26,roaring-moon-ex,Roaring Moon,1,100.0,overall,2026-05-25T17:07:55.891307+00:00
SVI-PFL,"47,48,49,50,51,52,53,54,55",9,espathra-xatu,Espathra Xatu,5,11,21,4,34.26,dragapult-charizard,Dragapult Charizard,1,100.0,overall,2026-05-25T17:07:55.891307+00:00
SVI-PFL,"47,48,49,50,51,52,53,54,55",9,espathra-xatu,Espathra Xatu,5,11,21,4,34.26,kangaskhan-bouffalant,Kangaskhan Bouffalant,1,0.0,overall,2026-05-25T17:07:55.891307+00:00
SVI-PFL,"47,48,49,50,51,52,53,54,55",9,espathra-xatu,Espathra Xatu,5,11,21,4,34.26,rocket-mewtwo-ex,Rocket's Mewtwo,1,100.0,overall,2026-05-25T17:07:55.891307+00:00
SVI-PFL,"47,48,49,50,51,52,53,54,55",9,ethan-magcargo,Ethan's Magcargo,6,20,23,3,45.65,gholdengo-lunatone,Gholdengo Lunatone,8,87.5,overall,2026-05-25T17:07:58.756731+00:00
SVI-PFL,"47,48,49,50,51,52,53,54,55",9,ethan-magcargo,Ethan's Magcargo,6,20,23,3,45.65,dragapult-dusknoir,Dragapult Dusknoir,7,57.14,overall,2026-05-25T17:07:58.756731+00:00
SVI-PFL,"47,48,49,50,51,52,53,54,55",9,ethan-magcargo,Ethan's Magcargo,6,20,23,3,45.65,charizard-noctowl,Charizard Noctowl,6,33.33,overall,2026-05-25T17:07:58.756731+00:00
SVI-PFL,"47,48,49,50,51,52,53,54,55",9,ethan-magcargo,Ethan's Magcargo,6,20,23,3,45.65,raging-bolt-ogerpon,Raging Bolt Ogerpon,4,0.0,overall,2026-05-25T17:07:58.756731+00:00
SVI-PFL,"47,48,49,50,51,52,53,54,55",9,ethan-magcargo,Ethan's Magcargo,6,20,23,3,45.65,grimmsnarl-froslass,Grimmsnarl Froslass,3,11.11,overall,2026-05-25T17:07:58.756731+00:00
SVI-PFL,"47,48,49,50,51,52,53,54,55",9,ethan-magcargo,Ethan's Magcargo,6,20,23,3,45.65,gardevoir-ex-sv,Gardevoir,3,33.33,overall,2026-05-25T17:07:58.756731+00:00
SVI-PFL,"47,48,49,50,51,52,53,54,55",9,ethan-magcargo,Ethan's Magcargo,6,20,23,3,45.65,mega-absol-box,Mega Absol Box,3,33.33,overall,2026-05-25T17:07:58.756731+00:00
SVI-PFL,"47,48,49,50,51,52,53,54,55",9,ethan-magcargo,Ethan's Magcargo,6,20,23,3,45.65,ceruledge-ex,Ceruledge,2,66.67,overall,2026-05-25T17:07:58.756731+00:00
SVI-PFL,"47,48,49,50,51,52,53,54,55",9,ethan-magcargo,Ethan's Magcargo,6,20,23,3,45.65,charizard-pidgeot,Charizard Pidgeot,2,16.67,overall,2026-05-25T17:07:58.756731+00:00
SVI-PFL,"47,48,49,50,51,52,53,54,55",9,ethan-magcargo,Ethan's Magcargo,6,20,23,3,45.65,clefairy-ogerpon,Clefairy Ogerpon,1,100.0,overall,2026-05-25T17:07:58.756731+00:00
SVI-PFL,"47,48,49,50,51,52,53,54,55",9,ethan-magcargo,Ethan's Magcargo,6,20,23,3,45.65,joltik-box,Joltik Box,1,100.0,overall,2026-05-25T17:07:58.756731+00:00
SVI-PFL,"47,48,49,50,51,52,53,54,55",9,ethan-magcargo,Ethan's Magcargo,6,20,23,3,45.65,crustle-dri,Crustle,1,100.0,overall,2026-05-25T17:07:58.756731+00:00
SVI-PFL,"47,48,49,50,51,52,53,54,55",9,ethan-magcargo,Ethan's Magcargo,6,20,23,3,45.65,gardevoir-jellicent,Gardevoir Jellicent,1,0.0,overall,2026-05-25T17:07:58.756731+00:00
SVI-PFL,"47,48,49,50,51,52,53,54,55",9,ethan-magcargo,Ethan's Magcargo,6,20,23,3,45.65,n-zoroark,N's Zoroark,1,0.0,overall,2026-05-25T17:07:58.756731+00:00
SVI-PFL,"47,48,49,50,51,52,53,54,55",9,ethan-magcargo,Ethan's Magcargo,6,20,23,3,45.65,ogerpon-ex,Ogerpon,1,0.0,overall,2026-05-25T17:07:58.756731+00:00
SVI-PFL,"47,48,49,50,51,52,53,54,55",9,ethan-magcargo,Ethan's Magcargo,6,20,23,3,45.65,kangaskhan-bouffalant,Kangaskhan Bouffalant,1,0.0,overall,2026-05-25T17:07:58.756731+00:00
SVI-PFL,"47,48,49,50,51,52,53,54,55",9,ethan-magcargo,Ethan's Magcargo,6,20,23,3,45.65,iron-hands-magneton,Iron Hands Magneton,1,100.0,overall,2026-05-25T17:07:58.756731+00:00
SVI-PFL,"47,48,49,50,51,52,53,54,55",9,ethan-typhlosion,Ethan's Typhlosion,75,189,280,86,39.22,dragapult-dusknoir,Dragapult Dusknoir,89,27.34,overall,2026-05-25T17:08:01.662195+00:00
SVI-PFL,"47,48,49,50,51,52,53,54,55",9,ethan-typhlosion,Ethan's Typhlosion,75,189,280,86,39.22,gholdengo-lunatone,Gholdengo Lunatone,77,59.31,overall,2026-05-25T17:08:01.662195+00:00
SVI-PFL,"47,48,49,50,51,52,53,54,55",9,ethan-typhlosion,Ethan's Typhlosion,75,189,280,86,39.22,charizard-noctowl,Charizard Noctowl,41,27.64,overall,2026-05-25T17:08:01.662195+00:00
SVI-PFL,"47,48,49,50,51,52,53,54,55",9,ethan-typhlosion,Ethan's Typhlosion,75,189,280,86,39.22,gardevoir-jellicent,Gardevoir Jellicent,36,47.22,overall,2026-05-25T17:08:01.662195+00:00
SVI-PFL,"47,48,49,50,51,52,53,54,55",9,ethan-typhlosion,Ethan's Typhlosion,75,189,280,86,39.22,charizard-pidgeot,Charizard Pidgeot,35,29.52,overall,2026-05-25T17:08:01.662195+00:00
SVI-PFL,"47,48,49,50,51,52,53,54,55",9,ethan-typhlosion,Ethan's Typhlosion,75,189,280,86,39.22,gardevoir-ex-sv,Gardevoir,33,28.28,overall,2026-05-25T17:08:01.662195+00:00
SVI-PFL,"47,48,49,50,51,52,53,54,55",9,ethan-typhlosion,Ethan's Typhlosion,75,189,280,86,39.22,grimmsnarl-froslass,Grimmsnarl Froslass,25,34.67,overall,2026-05-25T17:08:01.662195+00:00
SVI-PFL,"47,48,49,50,51,52,53,54,55",9,ethan-typhlosion,Ethan's Typhlosion,75,189,280,86,39.22,mega-absol-box,Mega Absol Box,23,55.07,overall,2026-05-25T17:08:01.662195+00:00
SVI-PFL,"47,48,49,50,51,52,53,54,55",9,ethan-typhlosion,Ethan's Typhlosion,75,189,280,86,39.22,raging-bolt-ogerpon,Raging Bolt Ogerpon,21,49.21,overall,2026-05-25T17:08:01.662195+00:00
SVI-PFL,"47,48,49,50,51,52,53,54,55",9,ethan-typhlosion,Ethan's Typhlosion,75,189,280,86,39.22,n-zoroark,N's Zoroark,18,53.7,overall,2026-05-25T17:08:01.662195+00:00
SVI-PFL,"47,48,49,50,51,52,53,54,55",9,ethan-typhlosion,Ethan's Typhlosion,75,189,280,86,39.22,alakazam-dudunsparce,Alakazam Dudunsparce,15,31.11,overall,2026-05-25T17:08:01.662195+00:00
SVI-PFL,"47,48,49,50,51,52,53,54,55",9,ethan-typhlosion,Ethan's Typhlosion,75,189,280,86,39.22,dragapult-charizard,Dragapult Charizard,12,19.44,overall,2026-05-25T17:08:01.662195+00:00
SVI-PFL,"47,48,49,50,51,52,53,54,55",9,ethan-typhlosion,Ethan's Typhlosion,75,189,280,86,39.22,tera-box,Tera Box,11,18.18,overall,2026-05-25T17:08:01.662195+00:00
SVI-PFL,"47,48,49,50,51,52,53,54,55",9,ethan-typhlosion,Ethan's Typhlosion,75,189,280,86,39.22,ceruledge-ex,Ceruledge,10,53.33,overall,2026-05-25T17:08:01.662195+00:00
SVI-PFL,"47,48,49,50,51,52,53,54,55",9,ethan-typhlosion,Ethan's Typhlosion,75,189,280,86,39.22,flareon-noctowl,Flareon Noctowl,9,48.15,overall,2026-05-25T17:08:01.662195+00:00
SVI-PFL,"47,48,49,50,51,52,53,54,55",9,ethan-typhlosion,Ethan's Typhlosion,75,189,280,86,39.22,kangaskhan-bouffalant,Kangaskhan Bouffalant,9,22.22,overall,2026-05-25T17:08:01.662195+00:00
SVI-PFL,"47,48,49,50,51,52,53,54,55",9,ethan-typhlosion,Ethan's Typhlosion,75,189,280,86,39.22,lopunny-dusknoir,Lopunny Dusknoir,6,22.22,overall,2026-05-25T17:08:01.662195+00:00
SVI-PFL,"47,48,49,50,51,52,53,54,55",9,ethan-typhlosion,Ethan's Typhlosion,75,189,280,86,39.22,joltik-box,Joltik Box,6,55.56,overall,2026-05-25T17:08:01.662195+00:00
SVI-PFL,"47,48,49,50,51,52,53,54,55",9,ethan-typhlosion,Ethan's Typhlosion,75,189,280,86,39.22,mega-venusaur-ex,Mega Venusaur,5,66.67,overall,2026-05-25T17:08:01.662195+00:00
SVI-PFL,"47,48,49,50,51,52,53,54,55",9,ethan-typhlosion,Ethan's Typhlosion,75,189,280,86,39.22,festival-lead,Festival Lead,5,13.33,overall,2026-05-25T17:08:01.662195+00:00
SVI-PFL,"47,48,49,50,51,52,53,54,55",9,ethan-typhlosion,Ethan's Typhlosion,75,189,280,86,39.22,gholdengo-ex,Gholdengo,5,46.67,overall,2026-05-25T17:08:01.662195+00:00
SVI-PFL,"47,48,49,50,51,52,53,54,55",9,ethan-typhlosion,Ethan's Typhlosion,75,189,280,86,39.22,toxtricity-pfl,Toxtricity Box,4,50.0,overall,2026-05-25T17:08:01.662195+00:00
SVI-PFL,"47,48,49,50,51,52,53,54,55",9,ethan-typhlosion,Ethan's Typhlosion,75,189,280,86,39.22,other,Other,4,100.0,overall,2026-05-25T17:08:01.662195+00:00
SVI-PFL,"47,48,49,50,51,52,53,54,55",9,ethan-typhlosion,Ethan's Typhlosion,75,189,280,86,39.22,lucario-hariyama,Lucario Hariyama,4,25.0,overall,2026-05-25T17:08:01.662195+00:00
SVI-PFL,"47,48,49,50,51,52,53,54,55",9,ethan-typhlosion,Ethan's Typhlosion,75,189,280,86,39.22,gholdengo-joltik-box,Gholdengo Joltik Box,3,22.22,overall,2026-05-25T17:08:01.662195+00:00
SVI-PFL,"47,48,49,50,51,52,53,54,55",9,ethan-typhlosion,Ethan's Typhlosion,75,189,280,86,39.22,marnie-grimmsnarl-ex,Marnie's Grimmsnarl,3,11.11,overall,2026-05-25T17:08:01.662195+00:00
SVI-PFL,"47,48,49,50,51,52,53,54,55",9,ethan-typhlosion,Ethan's Typhlosion,75,189,280,86,39.22,sharpedo-toxtricity,Sharpedo Toxtricity,3,33.33,overall,2026-05-25T17:08:01.662195+00:00
SVI-PFL,"47,48,49,50,51,52,53,54,55",9,ethan-typhlosion,Ethan's Typhlosion,75,189,280,86,39.22,hydrapple-ogerpon,Hydrapple Ogerpon,3,77.78,overall,2026-05-25T17:08:01.662195+00:00
SVI-PFL,"47,48,49,50,51,52,53,54,55",9,ethan-typhlosion,Ethan's Typhlosion,75,189,280,86,39.22,roaring-moon-ex,Roaring Moon,3,66.67,overall,2026-05-25T17:08:01.662195+00:00
SVI-PFL,"47,48,49,50,51,52,53,54,55",9,ethan-typhlosion,Ethan's Typhlosion,75,189,280,86,39.22,cynthia-garchomp-ex,Cynthia's Garchomp,3,0.0,overall,2026-05-25T17:08:01.662195+00:00
SVI-PFL,"47,48,49,50,51,52,53,54,55",9,ethan-typhlosion,Ethan's Typhlosion,75,189,280,86,39.22,heatran-metang,Heatran Metang,2,50.0,overall,2026-05-25T17:08:01.662195+00:00
SVI-PFL,"47,48,49,50,51,52,53,54,55",9,ethan-typhlosion,Ethan's Typhlosion,75,189,280,86,39.22,hydreigon-ex,Hydreigon,2,66.67,overall,2026-05-25T17:08:01.662195+00:00
SVI-PFL,"47,48,49,50,51,52,53,54,55",9,ethan-typhlosion,Ethan's Typhlosion,75,189,280,86,39.22,charizard-ex,Charizard,2,16.67,overall,2026-05-25T17:08:01.662195+00:00
SVI-PFL,"47,48,49,50,51,52,53,54,55",9,ethan-typhlosion,Ethan's Typhlosion,75,189,280,86,39.22,slowking-scr,Slowking,2,50.0,overall,2026-05-25T17:08:01.662195+00:00
SVI-PFL,"47,48,49,50,51,52,53,54,55",9,ethan-typhlosion,Ethan's Typhlosion,75,189,280,86,39.22,froslass-munkidori,Froslass Munkidori,2,16.67,overall,2026-05-25T17:08:01.662195+00:00
SVI-PFL,"47,48,49,50,51,52,53,54,55",9,ethan-typhlosion,Ethan's Typhlosion,75,189,280,86,39.22,iron-hands-magneton,Iron Hands Magneton,2,50.0,overall,2026-05-25T17:08:01.662195+00:00
SVI-PFL,"47,48,49,50,51,52,53,54,55",9,ethan-typhlosion,Ethan's Typhlosion,75,189,280,86,39.22,archaludon-ex,Archaludon,2,16.67,overall,2026-05-25T17:08:01.662195+00:00
SVI-PFL,"47,48,49,50,51,52,53,54,55",9,ethan-typhlosion,Ethan's Typhlosion,75,189,280,86,39.22,mega-latias-ex,Mega Latias,1,100.0,overall,2026-05-25T17:08:01.662195+00:00
SVI-PFL,"47,48,49,50,51,52,53,54,55",9,ethan-typhlosion,Ethan's Typhlosion,75,189,280,86,39.22,zoroark-crustle,Zoroark Crustle,1,33.33,overall,2026-05-25T17:08:01.662195+00:00
SVI-PFL,"47,48,49,50,51,52,53,54,55",9,ethan-typhlosion,Ethan's Typhlosion,75,189,280,86,39.22,ho-oh-armarouge,Ho-Oh Armarouge,1,0.0,overall,2026-05-25T17:08:01.662195+00:00
SVI-PFL,"47,48,49,50,51,52,53,54,55",9,ethan-typhlosion,Ethan's Typhlosion,75,189,280,86,39.22,pidgeot-control,Pidgeot Control,1,0.0,overall,2026-05-25T17:08:01.662195+00:00
SVI-PFL,"47,48,49,50,51,52,53,54,55",9,ethan-typhlosion,Ethan's Typhlosion,75,189,280,86,39.22,blaziken-ex-jtg,Blaziken,1,0.0,overall,2026-05-25T17:08:01.662195+00:00
SVI-PFL,"47,48,49,50,51,52,53,54,55",9,ethan-typhlosion,Ethan's Typhlosion,75,189,280,86,39.22,dragapult-ex,Dragapult,1,0.0,overall,2026-05-25T17:08:01.662195+00:00
SVI-PFL,"47,48,49,50,51,52,53,54,55",9,ethan-typhlosion,Ethan's Typhlosion,75,189,280,86,39.22,tyranitar-jtg,Tyranitar,1,100.0,overall,2026-05-25T17:08:01.662195+00:00
SVI-PFL,"47,48,49,50,51,52,53,54,55",9,ethan-typhlosion,Ethan's Typhlosion,75,189,280,86,39.22,seaking-pre,Seaking Festival Lead,1,0.0,overall,2026-05-25T17:08:01.662195+00:00
SVI-PFL,"47,48,49,50,51,52,53,54,55",9,ethan-typhlosion,Ethan's Typhlosion,75,189,280,86,39.22,meowscarada-ex,Meowscarada,1,33.33,overall,2026-05-25T17:08:01.662195+00:00
SVI-PFL,"47,48,49,50,51,52,53,54,55",9,ethan-typhlosion,Ethan's Typhlosion,75,189,280,86,39.22,espathra-ex,Espathra,1,100.0,overall,2026-05-25T17:08:01.662195+00:00
SVI-PFL,"47,48,49,50,51,52,53,54,55",9,ethan-typhlosion,Ethan's Typhlosion,75,189,280,86,39.22,greninja-ex,Greninja,1,100.0,overall,2026-05-25T17:08:01.662195+00:00
SVI-PFL,"47,48,49,50,51,52,53,54,55",9,ethan-typhlosion,Ethan's Typhlosion,75,189,280,86,39.22,slaking-ex,Slaking,1,0.0,overall,2026-05-25T17:08:01.662195+00:00
SVI-PFL,"47,48,49,50,51,52,53,54,55",9,ethan-typhlosion,Ethan's Typhlosion,75,189,280,86,39.22,ursaluna-lunatone,Ursaluna Lunatone,1,0.0,overall,2026-05-25T17:08:01.662195+00:00
SVI-PFL,"47,48,49,50,51,52,53,54,55",9,ethan-typhlosion,Ethan's Typhlosion,75,189,280,86,39.22,wugtrio-svi,Wugtrio Mill,1,100.0,overall,2026-05-25T17:08:01.662195+00:00
SVI-PFL,"47,48,49,50,51,52,53,54,55",9,ethan-typhlosion,Ethan's Typhlosion,75,189,280,86,39.22,dragapult-blaziken,Dragapult Blaziken,1,33.33,overall,2026-05-25T17:08:01.662195+00:00
SVI-PFL,"47,48,49,50,51,52,53,54,55",9,ethan-typhlosion,Ethan's Typhlosion,75,189,280,86,39.22,crustle-dri,Crustle,1,100.0,overall,2026-05-25T17:08:01.662195+00:00
SVI-PFL,"47,48,49,50,51,52,53,54,55",9,ethan-typhlosion,Ethan's Typhlosion,75,189,280,86,39.22,copperajah-ex,Copperajah,1,100.0,overall,2026-05-25T17:08:01.662195+00:00
SVI-PFL,"47,48,49,50,51,52,53,54,55",9,ethan-typhlosion,Ethan's Typhlosion,75,189,280,86,39.22,conkeldurr-twm,Conkeldurr,1,0.0,overall,2026-05-25T17:08:01.662195+00:00
SVI-PFL,"47,48,49,50,51,52,53,54,55",9,ethan-typhlosion,Ethan's Typhlosion,75,189,280,86,39.22,mega-lucario-ex,Mega Lucario,1,0.0,overall,2026-05-25T17:08:01.662195+00:00
SVI-PFL,"47,48,49,50,51,52,53,54,55",9,farigiraf-crustle,Farigiraf Crustle,1,2,3,0,40.0,ceruledge-ex,Ceruledge,1,100.0,overall,2026-05-25T17:08:04.544902+00:00
SVI-PFL,"47,48,49,50,51,52,53,54,55",9,farigiraf-crustle,Farigiraf Crustle,1,2,3,0,40.0,mega-absol-box,Mega Absol Box,1,0.0,overall,2026-05-25T17:08:04.544902+00:00
SVI-PFL,"47,48,49,50,51,52,53,54,55",9,farigiraf-crustle,Farigiraf Crustle,1,2,3,0,40.0,dragapult-dusknoir,Dragapult Dusknoir,1,100.0,overall,2026-05-25T17:08:04.544902+00:00
SVI-PFL,"47,48,49,50,51,52,53,54,55",9,farigiraf-crustle,Farigiraf Crustle,1,2,3,0,40.0,gholdengo-lunatone,Gholdengo Lunatone,1,0.0,overall,2026-05-25T17:08:04.544902+00:00
SVI-PFL,"47,48,49,50,51,52,53,54,55",9,farigiraf-crustle,Farigiraf Crustle,1,2,3,0,40.0,slowking-scr,Slowking,1,0.0,overall,2026-05-25T17:08:04.544902+00:00
SVI-PFL,"47,48,49,50,51,52,53,54,55",9,farigiraf-milotic,Farigiraf Milotic,2,5,11,0,31.25,mega-absol-box,Mega Absol Box,2,0.0,overall,2026-05-25T17:08:07.454025+00:00
SVI-PFL,"47,48,49,50,51,52,53,54,55",9,farigiraf-milotic,Farigiraf Milotic,2,5,11,0,31.25,gholdengo-lunatone,Gholdengo Lunatone,2,50.0,overall,2026-05-25T17:08:07.454025+00:00
SVI-PFL,"47,48,49,50,51,52,53,54,55",9,farigiraf-milotic,Farigiraf Milotic,2,5,11,0,31.25,n-zoroark,N's Zoroark,1,100.0,overall,2026-05-25T17:08:07.454025+00:00
SVI-PFL,"47,48,49,50,51,52,53,54,55",9,farigiraf-milotic,Farigiraf Milotic,2,5,11,0,31.25,kangaskhan-bouffalant,Kangaskhan Bouffalant,1,0.0,overall,2026-05-25T17:08:07.454025+00:00
SVI-PFL,"47,48,49,50,51,52,53,54,55",9,farigiraf-milotic,Farigiraf Milotic,2,5,11,0,31.25,ceruledge-ex,Ceruledge,1,100.0,overall,2026-05-25T17:08:07.454025+00:00
SVI-PFL,"47,48,49,50,51,52,53,54,55",9,farigiraf-milotic,Farigiraf Milotic,2,5,11,0,31.25,charizard-pidgeot,Charizard Pidgeot,1,0.0,overall,2026-05-25T17:08:07.454025+00:00
SVI-PFL,"47,48,49,50,51,52,53,54,55",9,farigiraf-milotic,Farigiraf Milotic,2,5,11,0,31.25,dragapult-dusknoir,Dragapult Dusknoir,1,0.0,overall,2026-05-25T17:08:07.454025+00:00
SVI-PFL,"47,48,49,50,51,52,53,54,55",9,farigiraf-milotic,Farigiraf Milotic,2,5,11,0,31.25,cynthia-garchomp-ex,Cynthia's Garchomp,1,0.0,overall,2026-05-25T17:08:07.454025+00:00
SVI-PFL,"47,48,49,50,51,52,53,54,55",9,farigiraf-milotic,Farigiraf Milotic,2,5,11,0,31.25,gardevoir-jellicent,Gardevoir Jellicent,1,0.0,overall,2026-05-25T17:08:07.454025+00:00
SVI-PFL,"47,48,49,50,51,52,53,54,55",9,farigiraf-milotic,Farigiraf Milotic,2,5,11,0,31.25,dragapult-charizard,Dragapult Charizard,1,0.0,overall,2026-05-25T17:08:07.454025+00:00
SVI-PFL,"47,48,49,50,51,52,53,54,55",9,farigiraf-milotic,Farigiraf Milotic,2,5,11,0,31.25,gardevoir-ex-sv,Gardevoir,1,100.0,overall,2026-05-25T17:08:07.454025+00:00
SVI-PFL,"47,48,49,50,51,52,53,54,55",9,farigiraf-milotic,Farigiraf Milotic,2,5,11,0,31.25,lopunny-dusknoir,Lopunny Dusknoir,1,0.0,overall,2026-05-25T17:08:07.454025+00:00
SVI-PFL,"47,48,49,50,51,52,53,54,55",9,farigiraf-milotic,Farigiraf Milotic,2,5,11,0,31.25,flareon-noctowl,Flareon Noctowl,1,100.0,overall,2026-05-25T17:08:07.454025+00:00
SVI-PFL,"47,48,49,50,51,52,53,54,55",9,farigiraf-milotic,Farigiraf Milotic,2,5,11,0,31.25,charizard-noctowl,Charizard Noctowl,1,0.0,overall,2026-05-25T17:08:07.454025+00:00
SVI-PFL,"47,48,49,50,51,52,53,54,55",9,feraligatr-tef,Feraligatr,3,3,15,1,17.54,gholdengo-lunatone,Gholdengo Lunatone,4,0.0,overall,2026-05-25T17:08:10.377102+00:00
SVI-PFL,"47,48,49,50,51,52,53,54,55",9,feraligatr-tef,Feraligatr,3,3,15,1,17.54,charizard-noctowl,Charizard Noctowl,3,0.0,overall,2026-05-25T17:08:10.377102+00:00
SVI-PFL,"47,48,49,50,51,52,53,54,55",9,feraligatr-tef,Feraligatr,3,3,15,1,17.54,dragapult-dusknoir,Dragapult Dusknoir,2,0.0,overall,2026-05-25T17:08:10.377102+00:00
SVI-PFL,"47,48,49,50,51,52,53,54,55",9,feraligatr-tef,Feraligatr,3,3,15,1,17.54,alakazam-dudunsparce,Alakazam Dudunsparce,2,50.0,overall,2026-05-25T17:08:10.377102+00:00
SVI-PFL,"47,48,49,50,51,52,53,54,55",9,feraligatr-tef,Feraligatr,3,3,15,1,17.54,gardevoir-ex-sv,Gardevoir,2,0.0,overall,2026-05-25T17:08:10.377102+00:00
SVI-PFL,"47,48,49,50,51,52,53,54,55",9,feraligatr-tef,Feraligatr,3,3,15,1,17.54,manectric-eelektrik,Manectric Eelektrik,1,100.0,overall,2026-05-25T17:08:10.377102+00:00
SVI-PFL,"47,48,49,50,51,52,53,54,55",9,feraligatr-tef,Feraligatr,3,3,15,1,17.54,cynthia-garchomp-ex,Cynthia's Garchomp,1,0.0,overall,2026-05-25T17:08:10.377102+00:00
SVI-PFL,"47,48,49,50,51,52,53,54,55",9,feraligatr-tef,Feraligatr,3,3,15,1,17.54,dragapult-charizard,Dragapult Charizard,1,33.33,overall,2026-05-25T17:08:10.377102+00:00
SVI-PFL,"47,48,49,50,51,52,53,54,55",9,feraligatr-tef,Feraligatr,3,3,15,1,17.54,mega-kangaskhan-ex,Mega Kangaskhan,1,0.0,overall,2026-05-25T17:08:10.377102+00:00
SVI-PFL,"47,48,49,50,51,52,53,54,55",9,feraligatr-tef,Feraligatr,3,3,15,1,17.54,copperajah-ex,Copperajah,1,0.0,overall,2026-05-25T17:08:10.377102+00:00
SVI-PFL,"47,48,49,50,51,52,53,54,55",9,feraligatr-tef,Feraligatr,3,3,15,1,17.54,dragapult-ex,Dragapult,1,100.0,overall,2026-05-25T17:08:10.377102+00:00
SVI-PFL,"47,48,49,50,51,52,53,54,55",9,festival-lead,Festival Lead,55,185,219,41,44.64,gholdengo-lunatone,Gholdengo Lunatone,67,47.26,overall,2026-05-25T17:08:13.294118+00:00
SVI-PFL,"47,48,49,50,51,52,53,54,55",9,festival-lead,Festival Lead,55,185,219,41,44.64,dragapult-dusknoir,Dragapult Dusknoir,64,16.15,overall,2026-05-25T17:08:13.294118+00:00
SVI-PFL,"47,48,49,50,51,52,53,54,55",9,festival-lead,Festival Lead,55,185,219,41,44.64,charizard-pidgeot,Charizard Pidgeot,34,68.63,overall,2026-05-25T17:08:13.294118+00:00
SVI-PFL,"47,48,49,50,51,52,53,54,55",9,festival-lead,Festival Lead,55,185,219,41,44.64,charizard-noctowl,Charizard Noctowl,30,71.11,overall,2026-05-25T17:08:13.294118+00:00
SVI-PFL,"47,48,49,50,51,52,53,54,55",9,festival-lead,Festival Lead,55,185,219,41,44.64,gardevoir-ex-sv,Gardevoir,29,21.84,overall,2026-05-25T17:08:13.294118+00:00
SVI-PFL,"47,48,49,50,51,52,53,54,55",9,festival-lead,Festival Lead,55,185,219,41,44.64,gardevoir-jellicent,Gardevoir Jellicent,24,38.89,overall,2026-05-25T17:08:13.294118+00:00
SVI-PFL,"47,48,49,50,51,52,53,54,55",9,festival-lead,Festival Lead,55,185,219,41,44.64,mega-absol-box,Mega Absol Box,19,40.35,overall,2026-05-25T17:08:13.294118+00:00
SVI-PFL,"47,48,49,50,51,52,53,54,55",9,festival-lead,Festival Lead,55,185,219,41,44.64,raging-bolt-ogerpon,Raging Bolt Ogerpon,16,39.58,overall,2026-05-25T17:08:13.294118+00:00
SVI-PFL,"47,48,49,50,51,52,53,54,55",9,festival-lead,Festival Lead,55,185,219,41,44.64,grimmsnarl-froslass,Grimmsnarl Froslass,14,40.48,overall,2026-05-25T17:08:13.294118+00:00
SVI-PFL,"47,48,49,50,51,52,53,54,55",9,festival-lead,Festival Lead,55,185,219,41,44.64,n-zoroark,N's Zoroark,14,80.95,overall,2026-05-25T17:08:13.294118+00:00
SVI-PFL,"47,48,49,50,51,52,53,54,55",9,festival-lead,Festival Lead,55,185,219,41,44.64,ceruledge-ex,Ceruledge,11,90.91,overall,2026-05-25T17:08:13.294118+00:00
SVI-PFL,"47,48,49,50,51,52,53,54,55",9,festival-lead,Festival Lead,55,185,219,41,44.64,alakazam-dudunsparce,Alakazam Dudunsparce,11,63.64,overall,2026-05-25T17:08:13.294118+00:00
SVI-PFL,"47,48,49,50,51,52,53,54,55",9,festival-lead,Festival Lead,55,185,219,41,44.64,dragapult-charizard,Dragapult Charizard,11,27.27,overall,2026-05-25T17:08:13.294118+00:00
SVI-PFL,"47,48,49,50,51,52,53,54,55",9,festival-lead,Festival Lead,55,185,219,41,44.64,flareon-noctowl,Flareon Noctowl,8,37.5,overall,2026-05-25T17:08:13.294118+00:00
SVI-PFL,"47,48,49,50,51,52,53,54,55",9,festival-lead,Festival Lead,55,185,219,41,44.64,tera-box,Tera Box,7,14.29,overall,2026-05-25T17:08:13.294118+00:00
SVI-PFL,"47,48,49,50,51,52,53,54,55",9,festival-lead,Festival Lead,55,185,219,41,44.64,greninja-ex,Greninja,7,4.76,overall,2026-05-25T17:08:13.294118+00:00
SVI-PFL,"47,48,49,50,51,52,53,54,55",9,festival-lead,Festival Lead,55,185,219,41,44.64,lopunny-dusknoir,Lopunny Dusknoir,6,33.33,overall,2026-05-25T17:08:13.294118+00:00
SVI-PFL,"47,48,49,50,51,52,53,54,55",9,festival-lead,Festival Lead,55,185,219,41,44.64,ethan-typhlosion,Ethan's Typhlosion,5,73.33,overall,2026-05-25T17:08:13.294118+00:00
SVI-PFL,"47,48,49,50,51,52,53,54,55",9,festival-lead,Festival Lead,55,185,219,41,44.64,mega-venusaur-ex,Mega Venusaur,5,46.67,overall,2026-05-25T17:08:13.294118+00:00
SVI-PFL,"47,48,49,50,51,52,53,54,55",9,festival-lead,Festival Lead,55,185,219,41,44.64,kangaskhan-bouffalant,Kangaskhan Bouffalant,5,33.33,overall,2026-05-25T17:08:13.294118+00:00
SVI-PFL,"47,48,49,50,51,52,53,54,55",9,festival-lead,Festival Lead,55,185,219,41,44.64,slowking-scr,Slowking,4,75.0,overall,2026-05-25T17:08:13.294118+00:00
SVI-PFL,"47,48,49,50,51,52,53,54,55",9,festival-lead,Festival Lead,55,185,219,41,44.64,gholdengo-ex,Gholdengo,3,66.67,overall,2026-05-25T17:08:13.294118+00:00
SVI-PFL,"47,48,49,50,51,52,53,54,55",9,festival-lead,Festival Lead,55,185,219,41,44.64,joltik-box,Joltik Box,3,33.33,overall,2026-05-25T17:08:13.294118+00:00
SVI-PFL,"47,48,49,50,51,52,53,54,55",9,festival-lead,Festival Lead,55,185,219,41,44.64,festival-lead,Festival Lead,2,50.0,overall,2026-05-25T17:08:13.294118+00:00
SVI-PFL,"47,48,49,50,51,52,53,54,55",9,festival-lead,Festival Lead,55,185,219,41,44.64,gholdengo-joltik-box,Gholdengo Joltik Box,2,0.0,overall,2026-05-25T17:08:13.294118+00:00
SVI-PFL,"47,48,49,50,51,52,53,54,55",9,festival-lead,Festival Lead,55,185,219,41,44.64,cynthia-garchomp-ex,Cynthia's Garchomp,2,50.0,overall,2026-05-25T17:08:13.294118+00:00
SVI-PFL,"47,48,49,50,51,52,53,54,55",9,festival-lead,Festival Lead,55,185,219,41,44.64,pidgeot-control,Pidgeot Control,2,50.0,overall,2026-05-25T17:08:13.294118+00:00
SVI-PFL,"47,48,49,50,51,52,53,54,55",9,festival-lead,Festival Lead,55,185,219,41,44.64,lucario-hariyama,Lucario Hariyama,2,66.67,overall,2026-05-25T17:08:13.294118+00:00
SVI-PFL,"47,48,49,50,51,52,53,54,55",9,festival-lead,Festival Lead,55,185,219,41,44.64,sharpedo-toxtricity,Sharpedo Toxtricity,2,100.0,overall,2026-05-25T17:08:13.294118+00:00
SVI-PFL,"47,48,49,50,51,52,53,54,55",9,festival-lead,Festival Lead,55,185,219,41,44.64,dragapult-ex,Dragapult,2,0.0,overall,2026-05-25T17:08:13.294118+00:00
SVI-PFL,"47,48,49,50,51,52,53,54,55",9,festival-lead,Festival Lead,55,185,219,41,44.64,kangaskhan-forretress,Kangaskhan Forretress,2,100.0,overall,2026-05-25T17:08:13.294118+00:00
SVI-PFL,"47,48,49,50,51,52,53,54,55",9,festival-lead,Festival Lead,55,185,219,41,44.64,other,Other,2,50.0,overall,2026-05-25T17:08:13.294118+00:00
SVI-PFL,"47,48,49,50,51,52,53,54,55",9,festival-lead,Festival Lead,55,185,219,41,44.64,froslass-munkidori,Froslass Munkidori,2,0.0,overall,2026-05-25T17:08:13.294118+00:00
SVI-PFL,"47,48,49,50,51,52,53,54,55",9,festival-lead,Festival Lead,55,185,219,41,44.64,iron-thorns-crustle,Iron Thorns Crustle,2,100.0,overall,2026-05-25T17:08:13.294118+00:00
SVI-PFL,"47,48,49,50,51,52,53,54,55",9,festival-lead,Festival Lead,55,185,219,41,44.64,chien-pao-baxcalibur,Chien-Pao Baxcalibur,2,100.0,overall,2026-05-25T17:08:13.294118+00:00
SVI-PFL,"47,48,49,50,51,52,53,54,55",9,festival-lead,Festival Lead,55,185,219,41,44.64,dragapult-blaziken,Dragapult Blaziken,1,0.0,overall,2026-05-25T17:08:13.294118+00:00
SVI-PFL,"47,48,49,50,51,52,53,54,55",9,festival-lead,Festival Lead,55,185,219,41,44.64,gholdengo-dudunsparce,Gholdengo Dudunsparce,1,100.0,overall,2026-05-25T17:08:13.294118+00:00
SVI-PFL,"47,48,49,50,51,52,53,54,55",9,festival-lead,Festival Lead,55,185,219,41,44.64,seaking-pre,Seaking Festival Lead,1,100.0,overall,2026-05-25T17:08:13.294118+00:00
SVI-PFL,"47,48,49,50,51,52,53,54,55",9,festival-lead,Festival Lead,55,185,219,41,44.64,manectric-eelektrik,Manectric Eelektrik,1,0.0,overall,2026-05-25T17:08:13.294118+00:00
SVI-PFL,"47,48,49,50,51,52,53,54,55",9,festival-lead,Festival Lead,55,185,219,41,44.64,alakazam-meg,Alakazam,1,33.33,overall,2026-05-25T17:08:13.294118+00:00
SVI-PFL,"47,48,49,50,51,52,53,54,55",9,festival-lead,Festival Lead,55,185,219,41,44.64,ho-oh-armarouge,Ho-Oh Armarouge,1,100.0,overall,2026-05-25T17:08:13.294118+00:00
SVI-PFL,"47,48,49,50,51,52,53,54,55",9,festival-lead,Festival Lead,55,185,219,41,44.64,roaring-moon-ex,Roaring Moon,1,100.0,overall,2026-05-25T17:08:13.294118+00:00
SVI-PFL,"47,48,49,50,51,52,53,54,55",9,festival-lead,Festival Lead,55,185,219,41,44.64,hop-zacian,Hop's Zacian,1,33.33,overall,2026-05-25T17:08:13.294118+00:00
SVI-PFL,"47,48,49,50,51,52,53,54,55",9,festival-lead,Festival Lead,55,185,219,41,44.64,iron-hands-magneton,Iron Hands Magneton,1,0.0,overall,2026-05-25T17:08:13.294118+00:00
SVI-PFL,"47,48,49,50,51,52,53,54,55",9,festival-lead,Festival Lead,55,185,219,41,44.64,mega-abomasnow-ex,Mega Abomasnow,1,100.0,overall,2026-05-25T17:08:13.294118+00:00
SVI-PFL,"47,48,49,50,51,52,53,54,55",9,festival-lead,Festival Lead,55,185,219,41,44.64,ogerpon-ex,Ogerpon,1,0.0,overall,2026-05-25T17:08:13.294118+00:00
SVI-PFL,"47,48,49,50,51,52,53,54,55",9,festival-lead,Festival Lead,55,185,219,41,44.64,charizard-greninja,Charizard Greninja,1,100.0,overall,2026-05-25T17:08:13.294118+00:00
SVI-PFL,"47,48,49,50,51,52,53,54,55",9,festival-lead,Festival Lead,55,185,219,41,44.64,crustle-dri,Crustle,1,100.0,overall,2026-05-25T17:08:13.294118+00:00
SVI-PFL,"47,48,49,50,51,52,53,54,55",9,festival-lead,Festival Lead,55,185,219,41,44.64,marnie-grimmsnarl-ex,Marnie's Grimmsnarl,1,33.33,overall,2026-05-25T17:08:13.294118+00:00
SVI-PFL,"47,48,49,50,51,52,53,54,55",9,festival-lead,Festival Lead,55,185,219,41,44.64,slaking-ex,Slaking,1,100.0,overall,2026-05-25T17:08:13.294118+00:00
SVI-PFL,"47,48,49,50,51,52,53,54,55",9,festival-lead,Festival Lead,55,185,219,41,44.64,terapagos-noctowl,Terapagos Noctowl,1,100.0,overall,2026-05-25T17:08:13.294118+00:00
SVI-PFL,"47,48,49,50,51,52,53,54,55",9,festival-lead,Festival Lead,55,185,219,41,44.64,hydreigon-ex,Hydreigon,1,100.0,overall,2026-05-25T17:08:13.294118+00:00
SVI-PFL,"47,48,49,50,51,52,53,54,55",9,festival-lead,Festival Lead,55,185,219,41,44.64,iron-hands-ex,Future Hands,1,0.0,overall,2026-05-25T17:08:13.294118+00:00
SVI-PFL,"47,48,49,50,51,52,53,54,55",9,festival-lead,Festival Lead,55,185,219,41,44.64,toedscruel-ex,Toedscruel,1,0.0,overall,2026-05-25T17:08:13.294118+00:00
SVI-PFL,"47,48,49,50,51,52,53,54,55",9,flareon-ex,Flareon,6,11,29,8,28.47,gholdengo-lunatone,Gholdengo Lunatone,4,50.0,overall,2026-05-25T17:08:16.199552+00:00
SVI-PFL,"47,48,49,50,51,52,53,54,55",9,flareon-ex,Flareon,6,11,29,8,28.47,dragapult-dusknoir,Dragapult Dusknoir,4,50.0,overall,2026-05-25T17:08:16.199552+00:00
SVI-PFL,"47,48,49,50,51,52,53,54,55",9,flareon-ex,Flareon,6,11,29,8,28.47,grimmsnarl-froslass,Grimmsnarl Froslass,3,44.44,overall,2026-05-25T17:08:16.199552+00:00
SVI-PFL,"47,48,49,50,51,52,53,54,55",9,flareon-ex,Flareon,6,11,29,8,28.47,lopunny-dusknoir,Lopunny Dusknoir,3,11.11,overall,2026-05-25T17:08:16.199552+00:00
SVI-PFL,"47,48,49,50,51,52,53,54,55",9,flareon-ex,Flareon,6,11,29,8,28.47,gardevoir-jellicent,Gardevoir Jellicent,3,33.33,overall,2026-05-25T17:08:16.199552+00:00
SVI-PFL,"47,48,49,50,51,52,53,54,55",9,flareon-ex,Flareon,6,11,29,8,28.47,mega-absol-box,Mega Absol Box,2,0.0,overall,2026-05-25T17:08:16.199552+00:00
SVI-PFL,"47,48,49,50,51,52,53,54,55",9,flareon-ex,Flareon,6,11,29,8,28.47,joltik-box,Joltik Box,2,0.0,overall,2026-05-25T17:08:16.199552+00:00
SVI-PFL,"47,48,49,50,51,52,53,54,55",9,flareon-ex,Flareon,6,11,29,8,28.47,raging-bolt-ogerpon,Raging Bolt Ogerpon,2,0.0,overall,2026-05-25T17:08:16.199552+00:00
SVI-PFL,"47,48,49,50,51,52,53,54,55",9,flareon-ex,Flareon,6,11,29,8,28.47,charizard-noctowl,Charizard Noctowl,2,0.0,overall,2026-05-25T17:08:16.199552+00:00
SVI-PFL,"47,48,49,50,51,52,53,54,55",9,flareon-ex,Flareon,6,11,29,8,28.47,gardevoir-ex-sv,Gardevoir,2,16.67,overall,2026-05-25T17:08:16.199552+00:00
SVI-PFL,"47,48,49,50,51,52,53,54,55",9,flareon-ex,Flareon,6,11,29,8,28.47,cynthia-garchomp-ex,Cynthia's Garchomp,2,0.0,overall,2026-05-25T17:08:16.199552+00:00
SVI-PFL,"47,48,49,50,51,52,53,54,55",9,flareon-ex,Flareon,6,11,29,8,28.47,n-zoroark,N's Zoroark,2,16.67,overall,2026-05-25T17:08:16.199552+00:00
SVI-PFL,"47,48,49,50,51,52,53,54,55",9,flareon-ex,Flareon,6,11,29,8,28.47,hydrapple-ogerpon,Hydrapple Ogerpon,1,0.0,overall,2026-05-25T17:08:16.199552+00:00
SVI-PFL,"47,48,49,50,51,52,53,54,55",9,flareon-ex,Flareon,6,11,29,8,28.47,mega-charizard-x-ex,Mega Charizard X,1,0.0,overall,2026-05-25T17:08:16.199552+00:00
SVI-PFL,"47,48,49,50,51,52,53,54,55",9,flareon-ex,Flareon,6,11,29,8,28.47,sharpedo-toxtricity,Sharpedo Toxtricity,1,100.0,overall,2026-05-25T17:08:16.199552+00:00
SVI-PFL,"47,48,49,50,51,52,53,54,55",9,flareon-ex,Flareon,6,11,29,8,28.47,mega-latias-ex,Mega Latias,1,0.0,overall,2026-05-25T17:08:16.199552+00:00
SVI-PFL,"47,48,49,50,51,52,53,54,55",9,flareon-ex,Flareon,6,11,29,8,28.47,charizard-ex,Charizard,1,33.33,overall,2026-05-25T17:08:16.199552+00:00
SVI-PFL,"47,48,49,50,51,52,53,54,55",9,flareon-ex,Flareon,6,11,29,8,28.47,charizard-pidgeot,Charizard Pidgeot,1,0.0,overall,2026-05-25T17:08:16.199552+00:00
SVI-PFL,"47,48,49,50,51,52,53,54,55",9,flareon-ex,Flareon,6,11,29,8,28.47,iron-hands-magneton,Iron Hands Magneton,1,0.0,overall,2026-05-25T17:08:16.199552+00:00
SVI-PFL,"47,48,49,50,51,52,53,54,55",9,flareon-ex,Flareon,6,11,29,8,28.47,flareon-noctowl,Flareon Noctowl,1,100.0,overall,2026-05-25T17:08:16.199552+00:00
SVI-PFL,"47,48,49,50,51,52,53,54,55",9,flareon-ex,Flareon,6,11,29,8,28.47,alakazam-dudunsparce,Alakazam Dudunsparce,1,33.33,overall,2026-05-25T17:08:16.199552+00:00
SVI-PFL,"47,48,49,50,51,52,53,54,55",9,flareon-ex,Flareon,6,11,29,8,28.47,dragapult-charizard,Dragapult Charizard,1,33.33,overall,2026-05-25T17:08:16.199552+00:00
SVI-PFL,"47,48,49,50,51,52,53,54,55",9,flareon-ex,Flareon,6,11,29,8,28.47,yanmega-ex,Yanmega,1,100.0,overall,2026-05-25T17:08:16.199552+00:00
SVI-PFL,"47,48,49,50,51,52,53,54,55",9,flareon-ex,Flareon,6,11,29,8,28.47,tinkaton-ex,Tinkaton,1,0.0,overall,2026-05-25T17:08:16.199552+00:00
SVI-PFL,"47,48,49,50,51,52,53,54,55",9,flareon-ex,Flareon,6,11,29,8,28.47,greninja-ex,Greninja,1,0.0,overall,2026-05-25T17:08:16.199552+00:00
SVI-PFL,"47,48,49,50,51,52,53,54,55",9,flareon-ex,Flareon,6,11,29,8,28.47,ceruledge-ex,Ceruledge,1,0.0,overall,2026-05-25T17:08:16.199552+00:00
SVI-PFL,"47,48,49,50,51,52,53,54,55",9,flareon-ex,Flareon,6,11,29,8,28.47,mimikyu-ogerpon,Mimikyu Ogerpon,1,100.0,overall,2026-05-25T17:08:16.199552+00:00
SVI-PFL,"47,48,49,50,51,52,53,54,55",9,flareon-ex,Flareon,6,11,29,8,28.47,alakazam-ex,Alakazam,1,100.0,overall,2026-05-25T17:08:16.199552+00:00
SVI-PFL,"47,48,49,50,51,52,53,54,55",9,flareon-noctowl,Flareon Noctowl,260,848,948,282,45.33,gholdengo-lunatone,Gholdengo Lunatone,357,57.05,overall,2026-05-25T17:08:19.123291+00:00
SVI-PFL,"47,48,49,50,51,52,53,54,55",9,flareon-noctowl,Flareon Noctowl,260,848,948,282,45.33,dragapult-dusknoir,Dragapult Dusknoir,313,33.87,overall,2026-05-25T17:08:19.123291+00:00
SVI-PFL,"47,48,49,50,51,52,53,54,55",9,flareon-noctowl,Flareon Noctowl,260,848,948,282,45.33,charizard-noctowl,Charizard Noctowl,137,38.44,overall,2026-05-25T17:08:19.123291+00:00
SVI-PFL,"47,48,49,50,51,52,53,54,55",9,flareon-noctowl,Flareon Noctowl,260,848,948,282,45.33,gardevoir-jellicent,Gardevoir Jellicent,136,41.18,overall,2026-05-25T17:08:19.123291+00:00
SVI-PFL,"47,48,49,50,51,52,53,54,55",9,flareon-noctowl,Flareon Noctowl,260,848,948,282,45.33,gardevoir-ex-sv,Gardevoir,129,32.82,overall,2026-05-25T17:08:19.123291+00:00
SVI-PFL,"47,48,49,50,51,52,53,54,55",9,flareon-noctowl,Flareon Noctowl,260,848,948,282,45.33,charizard-pidgeot,Charizard Pidgeot,104,40.71,overall,2026-05-25T17:08:19.123291+00:00
SVI-PFL,"47,48,49,50,51,52,53,54,55",9,flareon-noctowl,Flareon Noctowl,260,848,948,282,45.33,grimmsnarl-froslass,Grimmsnarl Froslass,88,62.5,overall,2026-05-25T17:08:19.123291+00:00
SVI-PFL,"47,48,49,50,51,52,53,54,55",9,flareon-noctowl,Flareon Noctowl,260,848,948,282,45.33,mega-absol-box,Mega Absol Box,84,46.43,overall,2026-05-25T17:08:19.123291+00:00
SVI-PFL,"47,48,49,50,51,52,53,54,55",9,flareon-noctowl,Flareon Noctowl,260,848,948,282,45.33,raging-bolt-ogerpon,Raging Bolt Ogerpon,83,50.6,overall,2026-05-25T17:08:19.123291+00:00
SVI-PFL,"47,48,49,50,51,52,53,54,55",9,flareon-noctowl,Flareon Noctowl,260,848,948,282,45.33,dragapult-charizard,Dragapult Charizard,52,33.97,overall,2026-05-25T17:08:19.123291+00:00
SVI-PFL,"47,48,49,50,51,52,53,54,55",9,flareon-noctowl,Flareon Noctowl,260,848,948,282,45.33,alakazam-dudunsparce,Alakazam Dudunsparce,51,47.06,overall,2026-05-25T17:08:19.123291+00:00
SVI-PFL,"47,48,49,50,51,52,53,54,55",9,flareon-noctowl,Flareon Noctowl,260,848,948,282,45.33,n-zoroark,N's Zoroark,51,44.44,overall,2026-05-25T17:08:19.123291+00:00
SVI-PFL,"47,48,49,50,51,52,53,54,55",9,flareon-noctowl,Flareon Noctowl,260,848,948,282,45.33,ceruledge-ex,Ceruledge,48,52.78,overall,2026-05-25T17:08:19.123291+00:00
SVI-PFL,"47,48,49,50,51,52,53,54,55",9,flareon-noctowl,Flareon Noctowl,260,848,948,282,45.33,kangaskhan-bouffalant,Kangaskhan Bouffalant,42,26.98,overall,2026-05-25T17:08:19.123291+00:00
SVI-PFL,"47,48,49,50,51,52,53,54,55",9,flareon-noctowl,Flareon Noctowl,260,848,948,282,45.33,tera-box,Tera Box,28,36.9,overall,2026-05-25T17:08:19.123291+00:00
SVI-PFL,"47,48,49,50,51,52,53,54,55",9,flareon-noctowl,Flareon Noctowl,260,848,948,282,45.33,joltik-box,Joltik Box,26,38.46,overall,2026-05-25T17:08:19.123291+00:00
SVI-PFL,"47,48,49,50,51,52,53,54,55",9,flareon-noctowl,Flareon Noctowl,260,848,948,282,45.33,iron-hands-magneton,Iron Hands Magneton,21,71.43,overall,2026-05-25T17:08:19.123291+00:00
SVI-PFL,"47,48,49,50,51,52,53,54,55",9,flareon-noctowl,Flareon Noctowl,260,848,948,282,45.33,lopunny-dusknoir,Lopunny Dusknoir,20,40.0,overall,2026-05-25T17:08:19.123291+00:00
SVI-PFL,"47,48,49,50,51,52,53,54,55",9,flareon-noctowl,Flareon Noctowl,260,848,948,282,45.33,greninja-ex,Greninja,19,52.63,overall,2026-05-25T17:08:19.123291+00:00
SVI-PFL,"47,48,49,50,51,52,53,54,55",9,flareon-noctowl,Flareon Noctowl,260,848,948,282,45.33,mega-venusaur-ex,Mega Venusaur,19,75.44,overall,2026-05-25T17:08:19.123291+00:00
SVI-PFL,"47,48,49,50,51,52,53,54,55",9,flareon-noctowl,Flareon Noctowl,260,848,948,282,45.33,slowking-scr,Slowking,16,45.83,overall,2026-05-25T17:08:19.123291+00:00
SVI-PFL,"47,48,49,50,51,52,53,54,55",9,flareon-noctowl,Flareon Noctowl,260,848,948,282,45.33,flareon-noctowl,Flareon Noctowl,14,45.24,overall,2026-05-25T17:08:19.123291+00:00
SVI-PFL,"47,48,49,50,51,52,53,54,55",9,flareon-noctowl,Flareon Noctowl,260,848,948,282,45.33,cynthia-garchomp-ex,Cynthia's Garchomp,13,76.92,overall,2026-05-25T17:08:19.123291+00:00
SVI-PFL,"47,48,49,50,51,52,53,54,55",9,flareon-noctowl,Flareon Noctowl,260,848,948,282,45.33,lucario-hariyama,Lucario Hariyama,13,10.26,overall,2026-05-25T17:08:19.123291+00:00
SVI-PFL,"47,48,49,50,51,52,53,54,55",9,flareon-noctowl,Flareon Noctowl,260,848,948,282,45.33,other,Other,13,66.67,overall,2026-05-25T17:08:19.123291+00:00
SVI-PFL,"47,48,49,50,51,52,53,54,55",9,flareon-noctowl,Flareon Noctowl,260,848,948,282,45.33,pidgeot-control,Pidgeot Control,12,55.56,overall,2026-05-25T17:08:19.123291+00:00
SVI-PFL,"47,48,49,50,51,52,53,54,55",9,flareon-noctowl,Flareon Noctowl,260,848,948,282,45.33,sharpedo-toxtricity,Sharpedo Toxtricity,11,75.76,overall,2026-05-25T17:08:19.123291+00:00
SVI-PFL,"47,48,49,50,51,52,53,54,55",9,flareon-noctowl,Flareon Noctowl,260,848,948,282,45.33,ethan-typhlosion,Ethan's Typhlosion,9,48.15,overall,2026-05-25T17:08:19.123291+00:00
SVI-PFL,"47,48,49,50,51,52,53,54,55",9,flareon-noctowl,Flareon Noctowl,260,848,948,282,45.33,gholdengo-joltik-box,Gholdengo Joltik Box,9,33.33,overall,2026-05-25T17:08:19.123291+00:00
SVI-PFL,"47,48,49,50,51,52,53,54,55",9,flareon-noctowl,Flareon Noctowl,260,848,948,282,45.33,gholdengo-ex,Gholdengo,9,59.26,overall,2026-05-25T17:08:19.123291+00:00
SVI-PFL,"47,48,49,50,51,52,53,54,55",9,flareon-noctowl,Flareon Noctowl,260,848,948,282,45.33,festival-lead,Festival Lead,8,62.5,overall,2026-05-25T17:08:19.123291+00:00
SVI-PFL,"47,48,49,50,51,52,53,54,55",9,flareon-noctowl,Flareon Noctowl,260,848,948,282,45.33,ursaluna-lunatone,Ursaluna Lunatone,7,42.86,overall,2026-05-25T17:08:19.123291+00:00
SVI-PFL,"47,48,49,50,51,52,53,54,55",9,flareon-noctowl,Flareon Noctowl,260,848,948,282,45.33,seaking-pre,Seaking Festival Lead,6,33.33,overall,2026-05-25T17:08:19.123291+00:00
SVI-PFL,"47,48,49,50,51,52,53,54,55",9,flareon-noctowl,Flareon Noctowl,260,848,948,282,45.33,rocket-mewtwo-ex,Rocket's Mewtwo,5,46.67,overall,2026-05-25T17:08:19.123291+00:00
SVI-PFL,"47,48,49,50,51,52,53,54,55",9,flareon-noctowl,Flareon Noctowl,260,848,948,282,45.33,dragapult-ex,Dragapult,5,40.0,overall,2026-05-25T17:08:19.123291+00:00
SVI-PFL,"47,48,49,50,51,52,53,54,55",9,flareon-noctowl,Flareon Noctowl,260,848,948,282,45.33,toxtricity-pfl,Toxtricity Box,5,60.0,overall,2026-05-25T17:08:19.123291+00:00
SVI-PFL,"47,48,49,50,51,52,53,54,55",9,flareon-noctowl,Flareon Noctowl,260,848,948,282,45.33,conkeldurr-twm,Conkeldurr,5,6.67,overall,2026-05-25T17:08:19.123291+00:00
SVI-PFL,"47,48,49,50,51,52,53,54,55",9,flareon-noctowl,Flareon Noctowl,260,848,948,282,45.33,manectric-eelektrik,Manectric Eelektrik,5,60.0,overall,2026-05-25T17:08:19.123291+00:00
SVI-PFL,"47,48,49,50,51,52,53,54,55",9,flareon-noctowl,Flareon Noctowl,260,848,948,282,45.33,ho-oh-armarouge,Ho-Oh Armarouge,5,26.67,overall,2026-05-25T17:08:19.123291+00:00
SVI-PFL,"47,48,49,50,51,52,53,54,55",9,flareon-noctowl,Flareon Noctowl,260,848,948,282,45.33,hydreigon-ex,Hydreigon,5,80.0,overall,2026-05-25T17:08:19.123291+00:00
SVI-PFL,"47,48,49,50,51,52,53,54,55",9,flareon-noctowl,Flareon Noctowl,260,848,948,282,45.33,crustle-dri,Crustle,4,8.33,overall,2026-05-25T17:08:19.123291+00:00
SVI-PFL,"47,48,49,50,51,52,53,54,55",9,flareon-noctowl,Flareon Noctowl,260,848,948,282,45.33,marnie-grimmsnarl-ex,Marnie's Grimmsnarl,4,75.0,overall,2026-05-25T17:08:19.123291+00:00
SVI-PFL,"47,48,49,50,51,52,53,54,55",9,flareon-noctowl,Flareon Noctowl,260,848,948,282,45.33,hydrapple-ogerpon,Hydrapple Ogerpon,4,33.33,overall,2026-05-25T17:08:19.123291+00:00
SVI-PFL,"47,48,49,50,51,52,53,54,55",9,flareon-noctowl,Flareon Noctowl,260,848,948,282,45.33,froslass-munkidori,Froslass Munkidori,4,66.67,overall,2026-05-25T17:08:19.123291+00:00
SVI-PFL,"47,48,49,50,51,52,53,54,55",9,flareon-noctowl,Flareon Noctowl,260,848,948,282,45.33,alakazam-meg,Alakazam,3,33.33,overall,2026-05-25T17:08:19.123291+00:00
SVI-PFL,"47,48,49,50,51,52,53,54,55",9,flareon-noctowl,Flareon Noctowl,260,848,948,282,45.33,tsareena-ex,Tsareena,3,66.67,overall,2026-05-25T17:08:19.123291+00:00
SVI-PFL,"47,48,49,50,51,52,53,54,55",9,flareon-noctowl,Flareon Noctowl,260,848,948,282,45.33,tyranitar-jtg,Tyranitar,3,33.33,overall,2026-05-25T17:08:19.123291+00:00
SVI-PFL,"47,48,49,50,51,52,53,54,55",9,flareon-noctowl,Flareon Noctowl,260,848,948,282,45.33,ogerpon-meganium,Ogerpon Meganium,3,77.78,overall,2026-05-25T17:08:19.123291+00:00
SVI-PFL,"47,48,49,50,51,52,53,54,55",9,flareon-noctowl,Flareon Noctowl,260,848,948,282,45.33,mega-latias-ex,Mega Latias,2,100.0,overall,2026-05-25T17:08:19.123291+00:00
SVI-PFL,"47,48,49,50,51,52,53,54,55",9,flareon-noctowl,Flareon Noctowl,260,848,948,282,45.33,mamoswine-ex,Mamoswine,2,100.0,overall,2026-05-25T17:08:19.123291+00:00
SVI-PFL,"47,48,49,50,51,52,53,54,55",9,flareon-noctowl,Flareon Noctowl,260,848,948,282,45.33,raging-bolt-ex,Raging Bolt,2,50.0,overall,2026-05-25T17:08:19.123291+00:00
SVI-PFL,"47,48,49,50,51,52,53,54,55",9,flareon-noctowl,Flareon Noctowl,260,848,948,282,45.33,archaludon-ex,Archaludon,2,66.67,overall,2026-05-25T17:08:19.123291+00:00
SVI-PFL,"47,48,49,50,51,52,53,54,55",9,flareon-noctowl,Flareon Noctowl,260,848,948,282,45.33,dragapult-blaziken,Dragapult Blaziken,2,50.0,overall,2026-05-25T17:08:19.123291+00:00
SVI-PFL,"47,48,49,50,51,52,53,54,55",9,flareon-noctowl,Flareon Noctowl,260,848,948,282,45.33,charizard-ex,Charizard,2,50.0,overall,2026-05-25T17:08:19.123291+00:00
SVI-PFL,"47,48,49,50,51,52,53,54,55",9,flareon-noctowl,Flareon Noctowl,260,848,948,282,45.33,mega-lopunny-ex,Mega Lopunny,2,0.0,overall,2026-05-25T17:08:19.123291+00:00
SVI-PFL,"47,48,49,50,51,52,53,54,55",9,flareon-noctowl,Flareon Noctowl,260,848,948,282,45.33,rocket-porygon-z,Rocket's Porygon-Z,2,66.67,overall,2026-05-25T17:08:19.123291+00:00
SVI-PFL,"47,48,49,50,51,52,53,54,55",9,flareon-noctowl,Flareon Noctowl,260,848,948,282,45.33,gholdengo-dragapult,Gholdengo Dragapult,2,33.33,overall,2026-05-25T17:08:19.123291+00:00
SVI-PFL,"47,48,49,50,51,52,53,54,55",9,flareon-noctowl,Flareon Noctowl,260,848,948,282,45.33,reging-bolt-bellibolt,Raging Bolt Bellibolt,2,16.67,overall,2026-05-25T17:08:19.123291+00:00
SVI-PFL,"47,48,49,50,51,52,53,54,55",9,flareon-noctowl,Flareon Noctowl,260,848,948,282,45.33,mega-abomasnow-ex,Mega Abomasnow,2,66.67,overall,2026-05-25T17:08:19.123291+00:00
SVI-PFL,"47,48,49,50,51,52,53,54,55",9,flareon-noctowl,Flareon Noctowl,260,848,948,282,45.33,mega-lucario-ex,Mega Lucario,2,50.0,overall,2026-05-25T17:08:19.123291+00:00
SVI-PFL,"47,48,49,50,51,52,53,54,55",9,flareon-noctowl,Flareon Noctowl,260,848,948,282,45.33,iono-bellibolt,Iono's Bellibolt,2,100.0,overall,2026-05-25T17:08:19.123291+00:00
SVI-PFL,"47,48,49,50,51,52,53,54,55",9,flareon-noctowl,Flareon Noctowl,260,848,948,282,45.33,yanmega-ex,Yanmega,2,50.0,overall,2026-05-25T17:08:19.123291+00:00
SVI-PFL,"47,48,49,50,51,52,53,54,55",9,flareon-noctowl,Flareon Noctowl,260,848,948,282,45.33,forretress-ex,Forretress,1,100.0,overall,2026-05-25T17:08:19.123291+00:00
SVI-PFL,"47,48,49,50,51,52,53,54,55",9,flareon-noctowl,Flareon Noctowl,260,848,948,282,45.33,n-zoroark-lucario,Zoroark Lucario,1,100.0,overall,2026-05-25T17:08:19.123291+00:00
SVI-PFL,"47,48,49,50,51,52,53,54,55",9,flareon-noctowl,Flareon Noctowl,260,848,948,282,45.33,incineroar-ex,Incineroar,1,100.0,overall,2026-05-25T17:08:19.123291+00:00
SVI-PFL,"47,48,49,50,51,52,53,54,55",9,flareon-noctowl,Flareon Noctowl,260,848,948,282,45.33,ancient-box,Ancient Box,1,100.0,overall,2026-05-25T17:08:19.123291+00:00
SVI-PFL,"47,48,49,50,51,52,53,54,55",9,flareon-noctowl,Flareon Noctowl,260,848,948,282,45.33,paldean-tauros-pfl,Paldean Tauros,1,100.0,overall,2026-05-25T17:08:19.123291+00:00
SVI-PFL,"47,48,49,50,51,52,53,54,55",9,flareon-noctowl,Flareon Noctowl,260,848,948,282,45.33,flareon-ex,Flareon,1,0.0,overall,2026-05-25T17:08:19.123291+00:00
SVI-PFL,"47,48,49,50,51,52,53,54,55",9,flareon-noctowl,Flareon Noctowl,260,848,948,282,45.33,gholdengo-typhlosion,Gholdengo Typhlosion,1,0.0,overall,2026-05-25T17:08:19.123291+00:00
SVI-PFL,"47,48,49,50,51,52,53,54,55",9,flareon-noctowl,Flareon Noctowl,260,848,948,282,45.33,mega-kangaskhan-ex,Mega Kangaskhan,1,33.33,overall,2026-05-25T17:08:19.123291+00:00
SVI-PFL,"47,48,49,50,51,52,53,54,55",9,flareon-noctowl,Flareon Noctowl,260,848,948,282,45.33,mimikyu-ogerpon,Mimikyu Ogerpon,1,0.0,overall,2026-05-25T17:08:19.123291+00:00
SVI-PFL,"47,48,49,50,51,52,53,54,55",9,flareon-noctowl,Flareon Noctowl,260,848,948,282,45.33,roaring-moon-ex,Roaring Moon,1,0.0,overall,2026-05-25T17:08:19.123291+00:00
SVI-PFL,"47,48,49,50,51,52,53,54,55",9,flareon-noctowl,Flareon Noctowl,260,848,948,282,45.33,poison-mega-latias,Poison Latias,1,0.0,overall,2026-05-25T17:08:19.123291+00:00
SVI-PFL,"47,48,49,50,51,52,53,54,55",9,flareon-noctowl,Flareon Noctowl,260,848,948,282,45.33,mega-manectric-ex-meg,Mega Manectric,1,33.33,overall,2026-05-25T17:08:19.123291+00:00
SVI-PFL,"47,48,49,50,51,52,53,54,55",9,flareon-noctowl,Flareon Noctowl,260,848,948,282,45.33,cinderace-ex,Cinderace,1,33.33,overall,2026-05-25T17:08:19.123291+00:00
SVI-PFL,"47,48,49,50,51,52,53,54,55",9,flareon-noctowl,Flareon Noctowl,260,848,948,282,45.33,chien-pao-baxcalibur,Chien-Pao Baxcalibur,1,100.0,overall,2026-05-25T17:08:19.123291+00:00
SVI-PFL,"47,48,49,50,51,52,53,54,55",9,flareon-noctowl,Flareon Noctowl,260,848,948,282,45.33,kangaskhan-forretress,Kangaskhan Forretress,1,100.0,overall,2026-05-25T17:08:19.123291+00:00
SVI-PFL,"47,48,49,50,51,52,53,54,55",9,flareon-noctowl,Flareon Noctowl,260,848,948,282,45.33,charizard-dragapult,Charizard Dragapult,1,0.0,overall,2026-05-25T17:08:19.123291+00:00
SVI-PFL,"47,48,49,50,51,52,53,54,55",9,flareon-noctowl,Flareon Noctowl,260,848,948,282,45.33,farigiraf-milotic,Farigiraf Milotic,1,0.0,overall,2026-05-25T17:08:19.123291+00:00
SVI-PFL,"47,48,49,50,51,52,53,54,55",9,flareon-noctowl,Flareon Noctowl,260,848,948,282,45.33,espathra-froslass,Espathra Froslass,1,100.0,overall,2026-05-25T17:08:19.123291+00:00
SVI-PFL,"47,48,49,50,51,52,53,54,55",9,forretress-ex,Forretress,4,17,13,5,53.33,dragapult-dusknoir,Dragapult Dusknoir,6,72.22,overall,2026-05-25T17:08:21.984431+00:00
SVI-PFL,"47,48,49,50,51,52,53,54,55",9,forretress-ex,Forretress,4,17,13,5,53.33,gholdengo-lunatone,Gholdengo Lunatone,3,100.0,overall,2026-05-25T17:08:21.984431+00:00
SVI-PFL,"47,48,49,50,51,52,53,54,55",9,forretress-ex,Forretress,4,17,13,5,53.33,grimmsnarl-froslass,Grimmsnarl Froslass,3,66.67,overall,2026-05-25T17:08:21.984431+00:00
SVI-PFL,"47,48,49,50,51,52,53,54,55",9,forretress-ex,Forretress,4,17,13,5,53.33,charizard-pidgeot,Charizard Pidgeot,3,33.33,overall,2026-05-25T17:08:21.984431+00:00
SVI-PFL,"47,48,49,50,51,52,53,54,55",9,forretress-ex,Forretress,4,17,13,5,53.33,n-zoroark,N's Zoroark,3,55.56,overall,2026-05-25T17:08:21.984431+00:00
SVI-PFL,"47,48,49,50,51,52,53,54,55",9,forretress-ex,Forretress,4,17,13,5,53.33,charizard-noctowl,Charizard Noctowl,3,100.0,overall,2026-05-25T17:08:21.984431+00:00
SVI-PFL,"47,48,49,50,51,52,53,54,55",9,forretress-ex,Forretress,4,17,13,5,53.33,gardevoir-ex-sv,Gardevoir,2,0.0,overall,2026-05-25T17:08:21.984431+00:00
SVI-PFL,"47,48,49,50,51,52,53,54,55",9,forretress-ex,Forretress,4,17,13,5,53.33,lopunny-dusknoir,Lopunny Dusknoir,2,16.67,overall,2026-05-25T17:08:21.984431+00:00
SVI-PFL,"47,48,49,50,51,52,53,54,55",9,forretress-ex,Forretress,4,17,13,5,53.33,raging-bolt-ogerpon,Raging Bolt Ogerpon,2,66.67,overall,2026-05-25T17:08:21.984431+00:00
SVI-PFL,"47,48,49,50,51,52,53,54,55",9,forretress-ex,Forretress,4,17,13,5,53.33,flareon-noctowl,Flareon Noctowl,1,0.0,overall,2026-05-25T17:08:21.984431+00:00
SVI-PFL,"47,48,49,50,51,52,53,54,55",9,forretress-ex,Forretress,4,17,13,5,53.33,mega-venusaur-ex,Mega Venusaur,1,0.0,overall,2026-05-25T17:08:21.984431+00:00
SVI-PFL,"47,48,49,50,51,52,53,54,55",9,forretress-ex,Forretress,4,17,13,5,53.33,dragapult-ex,Dragapult,1,0.0,overall,2026-05-25T17:08:21.984431+00:00
SVI-PFL,"47,48,49,50,51,52,53,54,55",9,forretress-ex,Forretress,4,17,13,5,53.33,mega-absol-box,Mega Absol Box,1,0.0,overall,2026-05-25T17:08:21.984431+00:00
SVI-PFL,"47,48,49,50,51,52,53,54,55",9,forretress-ex,Forretress,4,17,13,5,53.33,seaking-pre,Seaking Festival Lead,1,0.0,overall,2026-05-25T17:08:21.984431+00:00
SVI-PFL,"47,48,49,50,51,52,53,54,55",9,forretress-ex,Forretress,4,17,13,5,53.33,dragapult-charizard,Dragapult Charizard,1,100.0,overall,2026-05-25T17:08:21.984431+00:00
SVI-PFL,"47,48,49,50,51,52,53,54,55",9,forretress-ex,Forretress,4,17,13,5,53.33,gardevoir-jellicent,Gardevoir Jellicent,1,0.0,overall,2026-05-25T17:08:21.984431+00:00
SVI-PFL,"47,48,49,50,51,52,53,54,55",9,forretress-ex,Forretress,4,17,13,5,53.33,greninja-ex,Greninja,1,100.0,overall,2026-05-25T17:08:21.984431+00:00
SVI-PFL,"47,48,49,50,51,52,53,54,55",9,froslass-munkidori,Froslass Munkidori,69,295,225,108,52.71,dragapult-dusknoir,Dragapult Dusknoir,107,50.78,overall,2026-05-25T17:08:24.862035+00:00
SVI-PFL,"47,48,49,50,51,52,53,54,55",9,froslass-munkidori,Froslass Munkidori,69,295,225,108,52.71,gholdengo-lunatone,Gholdengo Lunatone,105,63.17,overall,2026-05-25T17:08:24.862035+00:00
SVI-PFL,"47,48,49,50,51,52,53,54,55",9,froslass-munkidori,Froslass Munkidori,69,295,225,108,52.71,gardevoir-ex-sv,Gardevoir,46,45.65,overall,2026-05-25T17:08:24.862035+00:00
SVI-PFL,"47,48,49,50,51,52,53,54,55",9,froslass-munkidori,Froslass Munkidori,69,295,225,108,52.71,mega-absol-box,Mega Absol Box,36,26.85,overall,2026-05-25T17:08:24.862035+00:00
SVI-PFL,"47,48,49,50,51,52,53,54,55",9,froslass-munkidori,Froslass Munkidori,69,295,225,108,52.71,charizard-noctowl,Charizard Noctowl,35,50.48,overall,2026-05-25T17:08:24.862035+00:00
SVI-PFL,"47,48,49,50,51,52,53,54,55",9,froslass-munkidori,Froslass Munkidori,69,295,225,108,52.71,raging-bolt-ogerpon,Raging Bolt Ogerpon,33,63.64,overall,2026-05-25T17:08:24.862035+00:00
SVI-PFL,"47,48,49,50,51,52,53,54,55",9,froslass-munkidori,Froslass Munkidori,69,295,225,108,52.71,gardevoir-jellicent,Gardevoir Jellicent,33,47.47,overall,2026-05-25T17:08:24.862035+00:00
SVI-PFL,"47,48,49,50,51,52,53,54,55",9,froslass-munkidori,Froslass Munkidori,69,295,225,108,52.71,charizard-pidgeot,Charizard Pidgeot,27,61.73,overall,2026-05-25T17:08:24.862035+00:00
SVI-PFL,"47,48,49,50,51,52,53,54,55",9,froslass-munkidori,Froslass Munkidori,69,295,225,108,52.71,n-zoroark,N's Zoroark,24,52.78,overall,2026-05-25T17:08:24.862035+00:00
SVI-PFL,"47,48,49,50,51,52,53,54,55",9,froslass-munkidori,Froslass Munkidori,69,295,225,108,52.71,grimmsnarl-froslass,Grimmsnarl Froslass,23,34.78,overall,2026-05-25T17:08:24.862035+00:00
SVI-PFL,"47,48,49,50,51,52,53,54,55",9,froslass-munkidori,Froslass Munkidori,69,295,225,108,52.71,dragapult-charizard,Dragapult Charizard,22,57.58,overall,2026-05-25T17:08:24.862035+00:00
SVI-PFL,"47,48,49,50,51,52,53,54,55",9,froslass-munkidori,Froslass Munkidori,69,295,225,108,52.71,alakazam-dudunsparce,Alakazam Dudunsparce,20,71.67,overall,2026-05-25T17:08:24.862035+00:00
SVI-PFL,"47,48,49,50,51,52,53,54,55",9,froslass-munkidori,Froslass Munkidori,69,295,225,108,52.71,ceruledge-ex,Ceruledge,13,82.05,overall,2026-05-25T17:08:24.862035+00:00
SVI-PFL,"47,48,49,50,51,52,53,54,55",9,froslass-munkidori,Froslass Munkidori,69,295,225,108,52.71,kangaskhan-bouffalant,Kangaskhan Bouffalant,12,27.78,overall,2026-05-25T17:08:24.862035+00:00
SVI-PFL,"47,48,49,50,51,52,53,54,55",9,froslass-munkidori,Froslass Munkidori,69,295,225,108,52.71,tera-box,Tera Box,9,37.04,overall,2026-05-25T17:08:24.862035+00:00
SVI-PFL,"47,48,49,50,51,52,53,54,55",9,froslass-munkidori,Froslass Munkidori,69,295,225,108,52.71,crustle-dri,Crustle,7,57.14,overall,2026-05-25T17:08:24.862035+00:00
SVI-PFL,"47,48,49,50,51,52,53,54,55",9,froslass-munkidori,Froslass Munkidori,69,295,225,108,52.71,pidgeot-control,Pidgeot Control,6,83.33,overall,2026-05-25T17:08:24.862035+00:00
SVI-PFL,"47,48,49,50,51,52,53,54,55",9,froslass-munkidori,Froslass Munkidori,69,295,225,108,52.71,joltik-box,Joltik Box,6,0.0,overall,2026-05-25T17:08:24.862035+00:00
SVI-PFL,"47,48,49,50,51,52,53,54,55",9,froslass-munkidori,Froslass Munkidori,69,295,225,108,52.71,greninja-ex,Greninja,5,20.0,overall,2026-05-25T17:08:24.862035+00:00
SVI-PFL,"47,48,49,50,51,52,53,54,55",9,froslass-munkidori,Froslass Munkidori,69,295,225,108,52.71,ho-oh-armarouge,Ho-Oh Armarouge,5,26.67,overall,2026-05-25T17:08:24.862035+00:00
SVI-PFL,"47,48,49,50,51,52,53,54,55",9,froslass-munkidori,Froslass Munkidori,69,295,225,108,52.71,mega-venusaur-ex,Mega Venusaur,4,58.33,overall,2026-05-25T17:08:24.862035+00:00
SVI-PFL,"47,48,49,50,51,52,53,54,55",9,froslass-munkidori,Froslass Munkidori,69,295,225,108,52.71,flareon-noctowl,Flareon Noctowl,4,16.67,overall,2026-05-25T17:08:24.862035+00:00
SVI-PFL,"47,48,49,50,51,52,53,54,55",9,froslass-munkidori,Froslass Munkidori,69,295,225,108,52.71,sharpedo-toxtricity,Sharpedo Toxtricity,3,77.78,overall,2026-05-25T17:08:24.862035+00:00
SVI-PFL,"47,48,49,50,51,52,53,54,55",9,froslass-munkidori,Froslass Munkidori,69,295,225,108,52.71,cynthia-garchomp-ex,Cynthia's Garchomp,3,66.67,overall,2026-05-25T17:08:24.862035+00:00
SVI-PFL,"47,48,49,50,51,52,53,54,55",9,froslass-munkidori,Froslass Munkidori,69,295,225,108,52.71,dragapult-ex,Dragapult,3,66.67,overall,2026-05-25T17:08:24.862035+00:00
SVI-PFL,"47,48,49,50,51,52,53,54,55",9,froslass-munkidori,Froslass Munkidori,69,295,225,108,52.71,lopunny-dusknoir,Lopunny Dusknoir,2,50.0,overall,2026-05-25T17:08:24.862035+00:00
SVI-PFL,"47,48,49,50,51,52,53,54,55",9,froslass-munkidori,Froslass Munkidori,69,295,225,108,52.71,gholdengo-ex,Gholdengo,2,100.0,overall,2026-05-25T17:08:24.862035+00:00
SVI-PFL,"47,48,49,50,51,52,53,54,55",9,froslass-munkidori,Froslass Munkidori,69,295,225,108,52.71,hydrapple-ogerpon,Hydrapple Ogerpon,2,50.0,overall,2026-05-25T17:08:24.862035+00:00
SVI-PFL,"47,48,49,50,51,52,53,54,55",9,froslass-munkidori,Froslass Munkidori,69,295,225,108,52.71,other,Other,2,50.0,overall,2026-05-25T17:08:24.862035+00:00
SVI-PFL,"47,48,49,50,51,52,53,54,55",9,froslass-munkidori,Froslass Munkidori,69,295,225,108,52.71,ethan-typhlosion,Ethan's Typhlosion,2,66.67,overall,2026-05-25T17:08:24.862035+00:00
SVI-PFL,"47,48,49,50,51,52,53,54,55",9,froslass-munkidori,Froslass Munkidori,69,295,225,108,52.71,iron-hands-magneton,Iron Hands Magneton,2,100.0,overall,2026-05-25T17:08:24.862035+00:00
SVI-PFL,"47,48,49,50,51,52,53,54,55",9,froslass-munkidori,Froslass Munkidori,69,295,225,108,52.71,archaludon-ex,Archaludon,2,66.67,overall,2026-05-25T17:08:24.862035+00:00
SVI-PFL,"47,48,49,50,51,52,53,54,55",9,froslass-munkidori,Froslass Munkidori,69,295,225,108,52.71,lucario-hariyama,Lucario Hariyama,2,50.0,overall,2026-05-25T17:08:24.862035+00:00
SVI-PFL,"47,48,49,50,51,52,53,54,55",9,froslass-munkidori,Froslass Munkidori,69,295,225,108,52.71,festival-lead,Festival Lead,2,100.0,overall,2026-05-25T17:08:24.862035+00:00
SVI-PFL,"47,48,49,50,51,52,53,54,55",9,froslass-munkidori,Froslass Munkidori,69,295,225,108,52.71,dragapult-blaziken,Dragapult Blaziken,2,50.0,overall,2026-05-25T17:08:24.862035+00:00
SVI-PFL,"47,48,49,50,51,52,53,54,55",9,froslass-munkidori,Froslass Munkidori,69,295,225,108,52.71,slowking-scr,Slowking,2,66.67,overall,2026-05-25T17:08:24.862035+00:00
SVI-PFL,"47,48,49,50,51,52,53,54,55",9,froslass-munkidori,Froslass Munkidori,69,295,225,108,52.71,roaring-moon-ex,Roaring Moon,2,50.0,overall,2026-05-25T17:08:24.862035+00:00
SVI-PFL,"47,48,49,50,51,52,53,54,55",9,froslass-munkidori,Froslass Munkidori,69,295,225,108,52.71,charizard-dragapult,Charizard Dragapult,1,0.0,overall,2026-05-25T17:08:24.862035+00:00
SVI-PFL,"47,48,49,50,51,52,53,54,55",9,froslass-munkidori,Froslass Munkidori,69,295,225,108,52.71,chien-pao-baxcalibur,Chien-Pao Baxcalibur,1,33.33,overall,2026-05-25T17:08:24.862035+00:00
SVI-PFL,"47,48,49,50,51,52,53,54,55",9,froslass-munkidori,Froslass Munkidori,69,295,225,108,52.71,raging-bolt-ex,Raging Bolt,1,100.0,overall,2026-05-25T17:08:24.862035+00:00
SVI-PFL,"47,48,49,50,51,52,53,54,55",9,froslass-munkidori,Froslass Munkidori,69,295,225,108,52.71,rocket-mewtwo-ex,Rocket's Mewtwo,1,100.0,overall,2026-05-25T17:08:24.862035+00:00
SVI-PFL,"47,48,49,50,51,52,53,54,55",9,froslass-munkidori,Froslass Munkidori,69,295,225,108,52.71,mega-kangaskhan-ex,Mega Kangaskhan,1,100.0,overall,2026-05-25T17:08:24.862035+00:00
SVI-PFL,"47,48,49,50,51,52,53,54,55",9,froslass-munkidori,Froslass Munkidori,69,295,225,108,52.71,gholdengo-joltik-box,Gholdengo Joltik Box,1,33.33,overall,2026-05-25T17:08:24.862035+00:00
SVI-PFL,"47,48,49,50,51,52,53,54,55",9,froslass-munkidori,Froslass Munkidori,69,295,225,108,52.71,marnie-grimmsnarl-ex,Marnie's Grimmsnarl,1,100.0,overall,2026-05-25T17:08:24.862035+00:00
SVI-PFL,"47,48,49,50,51,52,53,54,55",9,froslass-munkidori,Froslass Munkidori,69,295,225,108,52.71,seaking-pre,Seaking Festival Lead,1,100.0,overall,2026-05-25T17:08:24.862035+00:00
SVI-PFL,"47,48,49,50,51,52,53,54,55",9,froslass-munkidori,Froslass Munkidori,69,295,225,108,52.71,ursaluna-lunatone,Ursaluna Lunatone,1,100.0,overall,2026-05-25T17:08:24.862035+00:00
SVI-PFL,"47,48,49,50,51,52,53,54,55",9,froslass-munkidori,Froslass Munkidori,69,295,225,108,52.71,manectric-eelektrik,Manectric Eelektrik,1,0.0,overall,2026-05-25T17:08:24.862035+00:00
SVI-PFL,"47,48,49,50,51,52,53,54,55",9,froslass-munkidori,Froslass Munkidori,69,295,225,108,52.71,rocket-spidops,Rocket's Spidops,1,33.33,overall,2026-05-25T17:08:24.862035+00:00
SVI-PFL,"47,48,49,50,51,52,53,54,55",9,future-box,Future Box,4,6,11,4,34.92,dragapult-dusknoir,Dragapult Dusknoir,4,33.33,overall,2026-05-25T17:08:27.736228+00:00
SVI-PFL,"47,48,49,50,51,52,53,54,55",9,future-box,Future Box,4,6,11,4,34.92,gholdengo-lunatone,Gholdengo Lunatone,3,0.0,overall,2026-05-25T17:08:27.736228+00:00
SVI-PFL,"47,48,49,50,51,52,53,54,55",9,future-box,Future Box,4,6,11,4,34.92,gardevoir-jellicent,Gardevoir Jellicent,2,0.0,overall,2026-05-25T17:08:27.736228+00:00
SVI-PFL,"47,48,49,50,51,52,53,54,55",9,future-box,Future Box,4,6,11,4,34.92,tera-box,Tera Box,2,100.0,overall,2026-05-25T17:08:27.736228+00:00
SVI-PFL,"47,48,49,50,51,52,53,54,55",9,future-box,Future Box,4,6,11,4,34.92,grimmsnarl-froslass,Grimmsnarl Froslass,2,16.67,overall,2026-05-25T17:08:27.736228+00:00
SVI-PFL,"47,48,49,50,51,52,53,54,55",9,future-box,Future Box,4,6,11,4,34.92,raging-bolt-ogerpon,Raging Bolt Ogerpon,1,0.0,overall,2026-05-25T17:08:27.736228+00:00
SVI-PFL,"47,48,49,50,51,52,53,54,55",9,future-box,Future Box,4,6,11,4,34.92,wugtrio-svi,Wugtrio Mill,1,100.0,overall,2026-05-25T17:08:27.736228+00:00
SVI-PFL,"47,48,49,50,51,52,53,54,55",9,future-box,Future Box,4,6,11,4,34.92,n-zoroark,N's Zoroark,1,33.33,overall,2026-05-25T17:08:27.736228+00:00
SVI-PFL,"47,48,49,50,51,52,53,54,55",9,future-box,Future Box,4,6,11,4,34.92,ceruledge-ex,Ceruledge,1,33.33,overall,2026-05-25T17:08:27.736228+00:00
SVI-PFL,"47,48,49,50,51,52,53,54,55",9,future-box,Future Box,4,6,11,4,34.92,conkeldurr-twm,Conkeldurr,1,100.0,overall,2026-05-25T17:08:27.736228+00:00
SVI-PFL,"47,48,49,50,51,52,53,54,55",9,future-box,Future Box,4,6,11,4,34.92,chien-pao-baxcalibur,Chien-Pao Baxcalibur,1,0.0,overall,2026-05-25T17:08:27.736228+00:00
SVI-PFL,"47,48,49,50,51,52,53,54,55",9,future-box,Future Box,4,6,11,4,34.92,charizard-noctowl,Charizard Noctowl,1,100.0,overall,2026-05-25T17:08:27.736228+00:00
SVI-PFL,"47,48,49,50,51,52,53,54,55",9,future-box,Future Box,4,6,11,4,34.92,mega-venusaur-ex,Mega Venusaur,1,0.0,overall,2026-05-25T17:08:27.736228+00:00
SVI-PFL,"47,48,49,50,51,52,53,54,55",9,garchomp-ex,Garchomp,1,1,6,0,14.29,grimmsnarl-froslass,Grimmsnarl Froslass,2,50.0,overall,2026-05-25T17:08:30.596303+00:00
SVI-PFL,"47,48,49,50,51,52,53,54,55",9,garchomp-ex,Garchomp,1,1,6,0,14.29,charizard-noctowl,Charizard Noctowl,1,0.0,overall,2026-05-25T17:08:30.596303+00:00
SVI-PFL,"47,48,49,50,51,52,53,54,55",9,garchomp-ex,Garchomp,1,1,6,0,14.29,dragapult-dusknoir,Dragapult Dusknoir,1,0.0,overall,2026-05-25T17:08:30.596303+00:00
SVI-PFL,"47,48,49,50,51,52,53,54,55",9,garchomp-ex,Garchomp,1,1,6,0,14.29,lucario-hariyama,Lucario Hariyama,1,0.0,overall,2026-05-25T17:08:30.596303+00:00
SVI-PFL,"47,48,49,50,51,52,53,54,55",9,garchomp-ex,Garchomp,1,1,6,0,14.29,gardevoir-ex-sv,Gardevoir,1,0.0,overall,2026-05-25T17:08:30.596303+00:00
SVI-PFL,"47,48,49,50,51,52,53,54,55",9,gardevoir-ex-sv,Gardevoir,1063,4235,3510,1664,50.91,gholdengo-lunatone,Gholdengo Lunatone,1505,45.6,overall,2026-05-25T17:08:34.087089+00:00
SVI-PFL,"47,48,49,50,51,52,53,54,55",9,gardevoir-ex-sv,Gardevoir,1063,4235,3510,1664,50.91,dragapult-dusknoir,Dragapult Dusknoir,1439,61.32,overall,2026-05-25T17:08:34.087089+00:00
SVI-PFL,"47,48,49,50,51,52,53,54,55",9,gardevoir-ex-sv,Gardevoir,1063,4235,3510,1664,50.91,charizard-noctowl,Charizard Noctowl,638,38.82,overall,2026-05-25T17:08:34.087089+00:00
SVI-PFL,"47,48,49,50,51,52,53,54,55",9,gardevoir-ex-sv,Gardevoir,1063,4235,3510,1664,50.91,gardevoir-jellicent,Gardevoir Jellicent,584,42.12,overall,2026-05-25T17:08:34.087089+00:00
SVI-PFL,"47,48,49,50,51,52,53,54,55",9,gardevoir-ex-sv,Gardevoir,1063,4235,3510,1664,50.91,mega-absol-box,Mega Absol Box,476,42.79,overall,2026-05-25T17:08:34.087089+00:00
SVI-PFL,"47,48,49,50,51,52,53,54,55",9,gardevoir-ex-sv,Gardevoir,1063,4235,3510,1664,50.91,charizard-pidgeot,Charizard Pidgeot,460,38.04,overall,2026-05-25T17:08:34.087089+00:00
SVI-PFL,"47,48,49,50,51,52,53,54,55",9,gardevoir-ex-sv,Gardevoir,1063,4235,3510,1664,50.91,grimmsnarl-froslass,Grimmsnarl Froslass,443,37.47,overall,2026-05-25T17:08:34.087089+00:00
SVI-PFL,"47,48,49,50,51,52,53,54,55",9,gardevoir-ex-sv,Gardevoir,1063,4235,3510,1664,50.91,gardevoir-ex-sv,Gardevoir,359,46.8,overall,2026-05-25T17:08:34.087089+00:00
SVI-PFL,"47,48,49,50,51,52,53,54,55",9,gardevoir-ex-sv,Gardevoir,1063,4235,3510,1664,50.91,raging-bolt-ogerpon,Raging Bolt Ogerpon,350,62.48,overall,2026-05-25T17:08:34.087089+00:00
SVI-PFL,"47,48,49,50,51,52,53,54,55",9,gardevoir-ex-sv,Gardevoir,1063,4235,3510,1664,50.91,n-zoroark,N's Zoroark,301,39.09,overall,2026-05-25T17:08:34.087089+00:00
SVI-PFL,"47,48,49,50,51,52,53,54,55",9,gardevoir-ex-sv,Gardevoir,1063,4235,3510,1664,50.91,dragapult-charizard,Dragapult Charizard,267,52.18,overall,2026-05-25T17:08:34.087089+00:00
SVI-PFL,"47,48,49,50,51,52,53,54,55",9,gardevoir-ex-sv,Gardevoir,1063,4235,3510,1664,50.91,alakazam-dudunsparce,Alakazam Dudunsparce,222,66.97,overall,2026-05-25T17:08:34.087089+00:00
SVI-PFL,"47,48,49,50,51,52,53,54,55",9,gardevoir-ex-sv,Gardevoir,1063,4235,3510,1664,50.91,ceruledge-ex,Ceruledge,197,59.73,overall,2026-05-25T17:08:34.087089+00:00
SVI-PFL,"47,48,49,50,51,52,53,54,55",9,gardevoir-ex-sv,Gardevoir,1063,4235,3510,1664,50.91,kangaskhan-bouffalant,Kangaskhan Bouffalant,160,46.46,overall,2026-05-25T17:08:34.087089+00:00
SVI-PFL,"47,48,49,50,51,52,53,54,55",9,gardevoir-ex-sv,Gardevoir,1063,4235,3510,1664,50.91,flareon-noctowl,Flareon Noctowl,129,61.5,overall,2026-05-25T17:08:34.087089+00:00
SVI-PFL,"47,48,49,50,51,52,53,54,55",9,gardevoir-ex-sv,Gardevoir,1063,4235,3510,1664,50.91,tera-box,Tera Box,120,59.17,overall,2026-05-25T17:08:34.087089+00:00
SVI-PFL,"47,48,49,50,51,52,53,54,55",9,gardevoir-ex-sv,Gardevoir,1063,4235,3510,1664,50.91,lopunny-dusknoir,Lopunny Dusknoir,98,52.38,overall,2026-05-25T17:08:34.087089+00:00
SVI-PFL,"47,48,49,50,51,52,53,54,55",9,gardevoir-ex-sv,Gardevoir,1063,4235,3510,1664,50.91,greninja-ex,Greninja,98,70.41,overall,2026-05-25T17:08:34.087089+00:00
SVI-PFL,"47,48,49,50,51,52,53,54,55",9,gardevoir-ex-sv,Gardevoir,1063,4235,3510,1664,50.91,joltik-box,Joltik Box,95,63.51,overall,2026-05-25T17:08:34.087089+00:00
SVI-PFL,"47,48,49,50,51,52,53,54,55",9,gardevoir-ex-sv,Gardevoir,1063,4235,3510,1664,50.91,mega-venusaur-ex,Mega Venusaur,75,73.33,overall,2026-05-25T17:08:34.087089+00:00
SVI-PFL,"47,48,49,50,51,52,53,54,55",9,gardevoir-ex-sv,Gardevoir,1063,4235,3510,1664,50.91,crustle-dri,Crustle,71,92.02,overall,2026-05-25T17:08:34.087089+00:00
SVI-PFL,"47,48,49,50,51,52,53,54,55",9,gardevoir-ex-sv,Gardevoir,1063,4235,3510,1664,50.91,cynthia-garchomp-ex,Cynthia's Garchomp,58,44.83,overall,2026-05-25T17:08:34.087089+00:00
SVI-PFL,"47,48,49,50,51,52,53,54,55",9,gardevoir-ex-sv,Gardevoir,1063,4235,3510,1664,50.91,pidgeot-control,Pidgeot Control,49,41.5,overall,2026-05-25T17:08:34.087089+00:00
SVI-PFL,"47,48,49,50,51,52,53,54,55",9,gardevoir-ex-sv,Gardevoir,1063,4235,3510,1664,50.91,other,Other,47,75.89,overall,2026-05-25T17:08:34.087089+00:00
SVI-PFL,"47,48,49,50,51,52,53,54,55",9,gardevoir-ex-sv,Gardevoir,1063,4235,3510,1664,50.91,froslass-munkidori,Froslass Munkidori,46,47.83,overall,2026-05-25T17:08:34.087089+00:00
SVI-PFL,"47,48,49,50,51,52,53,54,55",9,gardevoir-ex-sv,Gardevoir,1063,4235,3510,1664,50.91,slowking-scr,Slowking,41,56.1,overall,2026-05-25T17:08:34.087089+00:00
SVI-PFL,"47,48,49,50,51,52,53,54,55",9,gardevoir-ex-sv,Gardevoir,1063,4235,3510,1664,50.91,lucario-hariyama,Lucario Hariyama,39,85.47,overall,2026-05-25T17:08:34.087089+00:00
SVI-PFL,"47,48,49,50,51,52,53,54,55",9,gardevoir-ex-sv,Gardevoir,1063,4235,3510,1664,50.91,gholdengo-joltik-box,Gholdengo Joltik Box,39,44.44,overall,2026-05-25T17:08:34.087089+00:00
SVI-PFL,"47,48,49,50,51,52,53,54,55",9,gardevoir-ex-sv,Gardevoir,1063,4235,3510,1664,50.91,sharpedo-toxtricity,Sharpedo Toxtricity,36,61.11,overall,2026-05-25T17:08:34.087089+00:00
SVI-PFL,"47,48,49,50,51,52,53,54,55",9,gardevoir-ex-sv,Gardevoir,1063,4235,3510,1664,50.91,iron-hands-magneton,Iron Hands Magneton,36,54.63,overall,2026-05-25T17:08:34.087089+00:00
SVI-PFL,"47,48,49,50,51,52,53,54,55",9,gardevoir-ex-sv,Gardevoir,1063,4235,3510,1664,50.91,ethan-typhlosion,Ethan's Typhlosion,33,67.68,overall,2026-05-25T17:08:34.087089+00:00
SVI-PFL,"47,48,49,50,51,52,53,54,55",9,gardevoir-ex-sv,Gardevoir,1063,4235,3510,1664,50.91,gholdengo-ex,Gholdengo,31,50.54,overall,2026-05-25T17:08:34.087089+00:00
SVI-PFL,"47,48,49,50,51,52,53,54,55",9,gardevoir-ex-sv,Gardevoir,1063,4235,3510,1664,50.91,ho-oh-armarouge,Ho-Oh Armarouge,30,63.33,overall,2026-05-25T17:08:34.087089+00:00
SVI-PFL,"47,48,49,50,51,52,53,54,55",9,gardevoir-ex-sv,Gardevoir,1063,4235,3510,1664,50.91,festival-lead,Festival Lead,29,73.56,overall,2026-05-25T17:08:34.087089+00:00
SVI-PFL,"47,48,49,50,51,52,53,54,55",9,gardevoir-ex-sv,Gardevoir,1063,4235,3510,1664,50.91,seaking-pre,Seaking Festival Lead,28,78.57,overall,2026-05-25T17:08:34.087089+00:00
SVI-PFL,"47,48,49,50,51,52,53,54,55",9,gardevoir-ex-sv,Gardevoir,1063,4235,3510,1664,50.91,dragapult-ex,Dragapult,26,64.1,overall,2026-05-25T17:08:34.087089+00:00
SVI-PFL,"47,48,49,50,51,52,53,54,55",9,gardevoir-ex-sv,Gardevoir,1063,4235,3510,1664,50.91,rocket-mewtwo-ex,Rocket's Mewtwo,26,69.23,overall,2026-05-25T17:08:34.087089+00:00
SVI-PFL,"47,48,49,50,51,52,53,54,55",9,gardevoir-ex-sv,Gardevoir,1063,4235,3510,1664,50.91,hydrapple-ogerpon,Hydrapple Ogerpon,25,84.0,overall,2026-05-25T17:08:34.087089+00:00
SVI-PFL,"47,48,49,50,51,52,53,54,55",9,gardevoir-ex-sv,Gardevoir,1063,4235,3510,1664,50.91,ursaluna-lunatone,Ursaluna Lunatone,25,62.67,overall,2026-05-25T17:08:34.087089+00:00
SVI-PFL,"47,48,49,50,51,52,53,54,55",9,gardevoir-ex-sv,Gardevoir,1063,4235,3510,1664,50.91,conkeldurr-twm,Conkeldurr,24,80.56,overall,2026-05-25T17:08:34.087089+00:00
SVI-PFL,"47,48,49,50,51,52,53,54,55",9,gardevoir-ex-sv,Gardevoir,1063,4235,3510,1664,50.91,roaring-moon-ex,Roaring Moon,16,62.5,overall,2026-05-25T17:08:34.087089+00:00
SVI-PFL,"47,48,49,50,51,52,53,54,55",9,gardevoir-ex-sv,Gardevoir,1063,4235,3510,1664,50.91,dragapult-blaziken,Dragapult Blaziken,15,51.11,overall,2026-05-25T17:08:34.087089+00:00
SVI-PFL,"47,48,49,50,51,52,53,54,55",9,gardevoir-ex-sv,Gardevoir,1063,4235,3510,1664,50.91,archaludon-ex,Archaludon,13,71.79,overall,2026-05-25T17:08:34.087089+00:00
SVI-PFL,"47,48,49,50,51,52,53,54,55",9,gardevoir-ex-sv,Gardevoir,1063,4235,3510,1664,50.91,marnie-grimmsnarl-ex,Marnie's Grimmsnarl,13,5.13,overall,2026-05-25T17:08:34.087089+00:00
SVI-PFL,"47,48,49,50,51,52,53,54,55",9,gardevoir-ex-sv,Gardevoir,1063,4235,3510,1664,50.91,iron-thorns-crustle,Iron Thorns Crustle,12,58.33,overall,2026-05-25T17:08:34.087089+00:00
SVI-PFL,"47,48,49,50,51,52,53,54,55",9,gardevoir-ex-sv,Gardevoir,1063,4235,3510,1664,50.91,chien-pao-baxcalibur,Chien-Pao Baxcalibur,12,52.78,overall,2026-05-25T17:08:34.087089+00:00
SVI-PFL,"47,48,49,50,51,52,53,54,55",9,gardevoir-ex-sv,Gardevoir,1063,4235,3510,1664,50.91,hydreigon-ex,Hydreigon,9,48.15,overall,2026-05-25T17:08:34.087089+00:00
SVI-PFL,"47,48,49,50,51,52,53,54,55",9,gardevoir-ex-sv,Gardevoir,1063,4235,3510,1664,50.91,slaking-ex,Slaking,9,48.15,overall,2026-05-25T17:08:34.087089+00:00
SVI-PFL,"47,48,49,50,51,52,53,54,55",9,gardevoir-ex-sv,Gardevoir,1063,4235,3510,1664,50.91,mamoswine-ex,Mamoswine,8,79.17,overall,2026-05-25T17:08:34.087089+00:00
SVI-PFL,"47,48,49,50,51,52,53,54,55",9,gardevoir-ex-sv,Gardevoir,1063,4235,3510,1664,50.91,mega-lucario-ex,Mega Lucario,8,100.0,overall,2026-05-25T17:08:34.087089+00:00
SVI-PFL,"47,48,49,50,51,52,53,54,55",9,gardevoir-ex-sv,Gardevoir,1063,4235,3510,1664,50.91,kangaskhan-forretress,Kangaskhan Forretress,7,47.62,overall,2026-05-25T17:08:34.087089+00:00
SVI-PFL,"47,48,49,50,51,52,53,54,55",9,gardevoir-ex-sv,Gardevoir,1063,4235,3510,1664,50.91,miraidon-eelektrik,Miraidon Eelektrik,6,27.78,overall,2026-05-25T17:08:34.087089+00:00
SVI-PFL,"47,48,49,50,51,52,53,54,55",9,gardevoir-ex-sv,Gardevoir,1063,4235,3510,1664,50.91,mega-kangaskhan-ex,Mega Kangaskhan,6,55.56,overall,2026-05-25T17:08:34.087089+00:00
SVI-PFL,"47,48,49,50,51,52,53,54,55",9,gardevoir-ex-sv,Gardevoir,1063,4235,3510,1664,50.91,mega-charizard-x-ex,Mega Charizard X,6,61.11,overall,2026-05-25T17:08:34.087089+00:00
SVI-PFL,"47,48,49,50,51,52,53,54,55",9,gardevoir-ex-sv,Gardevoir,1063,4235,3510,1664,50.91,toxtricity-pfl,Toxtricity Box,6,61.11,overall,2026-05-25T17:08:34.087089+00:00
SVI-PFL,"47,48,49,50,51,52,53,54,55",9,gardevoir-ex-sv,Gardevoir,1063,4235,3510,1664,50.91,mega-abomasnow-ex,Mega Abomasnow,6,88.89,overall,2026-05-25T17:08:34.087089+00:00
SVI-PFL,"47,48,49,50,51,52,53,54,55",9,gardevoir-ex-sv,Gardevoir,1063,4235,3510,1664,50.91,charizard-ex,Charizard,5,80.0,overall,2026-05-25T17:08:34.087089+00:00
SVI-PFL,"47,48,49,50,51,52,53,54,55",9,gardevoir-ex-sv,Gardevoir,1063,4235,3510,1664,50.91,gholdengo-typhlosion,Gholdengo Typhlosion,5,40.0,overall,2026-05-25T17:08:34.087089+00:00
SVI-PFL,"47,48,49,50,51,52,53,54,55",9,gardevoir-ex-sv,Gardevoir,1063,4235,3510,1664,50.91,ogerpon-meganium,Ogerpon Meganium,4,75.0,overall,2026-05-25T17:08:34.087089+00:00
SVI-PFL,"47,48,49,50,51,52,53,54,55",9,gardevoir-ex-sv,Gardevoir,1063,4235,3510,1664,50.91,ogerpon-ex,Ogerpon,4,33.33,overall,2026-05-25T17:08:34.087089+00:00
SVI-PFL,"47,48,49,50,51,52,53,54,55",9,gardevoir-ex-sv,Gardevoir,1063,4235,3510,1664,50.91,charizard-dragapult,Charizard Dragapult,4,33.33,overall,2026-05-25T17:08:34.087089+00:00
SVI-PFL,"47,48,49,50,51,52,53,54,55",9,gardevoir-ex-sv,Gardevoir,1063,4235,3510,1664,50.91,palafin-ex,Palafin,4,8.33,overall,2026-05-25T17:08:34.087089+00:00
SVI-PFL,"47,48,49,50,51,52,53,54,55",9,gardevoir-ex-sv,Gardevoir,1063,4235,3510,1664,50.91,okidogi-ex,Okidogi,4,33.33,overall,2026-05-25T17:08:34.087089+00:00
SVI-PFL,"47,48,49,50,51,52,53,54,55",9,gardevoir-ex-sv,Gardevoir,1063,4235,3510,1664,50.91,rocket-spidops,Rocket's Spidops,4,100.0,overall,2026-05-25T17:08:34.087089+00:00
SVI-PFL,"47,48,49,50,51,52,53,54,55",9,gardevoir-ex-sv,Gardevoir,1063,4235,3510,1664,50.91,wugtrio-svi,Wugtrio Mill,4,75.0,overall,2026-05-25T17:08:34.087089+00:00
SVI-PFL,"47,48,49,50,51,52,53,54,55",9,gardevoir-ex-sv,Gardevoir,1063,4235,3510,1664,50.91,mega-lopunny-ex,Mega Lopunny,3,77.78,overall,2026-05-25T17:08:34.087089+00:00
SVI-PFL,"47,48,49,50,51,52,53,54,55",9,gardevoir-ex-sv,Gardevoir,1063,4235,3510,1664,50.91,united-wings,United Wings,3,100.0,overall,2026-05-25T17:08:34.087089+00:00
SVI-PFL,"47,48,49,50,51,52,53,54,55",9,gardevoir-ex-sv,Gardevoir,1063,4235,3510,1664,50.91,hop-zacian,Hop's Zacian,3,33.33,overall,2026-05-25T17:08:34.087089+00:00
SVI-PFL,"47,48,49,50,51,52,53,54,55",9,gardevoir-ex-sv,Gardevoir,1063,4235,3510,1664,50.91,okidogi-twm,Okidogi,3,100.0,overall,2026-05-25T17:08:34.087089+00:00
SVI-PFL,"47,48,49,50,51,52,53,54,55",9,gardevoir-ex-sv,Gardevoir,1063,4235,3510,1664,50.91,great-tusk-tef,Great Tusk Mill,3,100.0,overall,2026-05-25T17:08:34.087089+00:00
SVI-PFL,"47,48,49,50,51,52,53,54,55",9,gardevoir-ex-sv,Gardevoir,1063,4235,3510,1664,50.91,ethan-magcargo,Ethan's Magcargo,3,66.67,overall,2026-05-25T17:08:34.087089+00:00
SVI-PFL,"47,48,49,50,51,52,53,54,55",9,gardevoir-ex-sv,Gardevoir,1063,4235,3510,1664,50.91,hydrapple-ex,Hydrapple,2,66.67,overall,2026-05-25T17:08:34.087089+00:00
SVI-PFL,"47,48,49,50,51,52,53,54,55",9,gardevoir-ex-sv,Gardevoir,1063,4235,3510,1664,50.91,forretress-ex,Forretress,2,100.0,overall,2026-05-25T17:08:34.087089+00:00
SVI-PFL,"47,48,49,50,51,52,53,54,55",9,gardevoir-ex-sv,Gardevoir,1063,4235,3510,1664,50.91,sinistcha-ogerpon,Sinistcha Ogerpon,2,50.0,overall,2026-05-25T17:08:34.087089+00:00
SVI-PFL,"47,48,49,50,51,52,53,54,55",9,gardevoir-ex-sv,Gardevoir,1063,4235,3510,1664,50.91,roaring-moon-dudunsparce,Roaring Moon Dudunsparce,2,0.0,overall,2026-05-25T17:08:34.087089+00:00
SVI-PFL,"47,48,49,50,51,52,53,54,55",9,gardevoir-ex-sv,Gardevoir,1063,4235,3510,1664,50.91,iron-thorns-ex,Iron Thorns,2,16.67,overall,2026-05-25T17:08:34.087089+00:00
SVI-PFL,"47,48,49,50,51,52,53,54,55",9,gardevoir-ex-sv,Gardevoir,1063,4235,3510,1664,50.91,paldean-tauros-pfl,Paldean Tauros,2,100.0,overall,2026-05-25T17:08:34.087089+00:00
SVI-PFL,"47,48,49,50,51,52,53,54,55",9,gardevoir-ex-sv,Gardevoir,1063,4235,3510,1664,50.91,alakazam-meg,Alakazam,2,50.0,overall,2026-05-25T17:08:34.087089+00:00
SVI-PFL,"47,48,49,50,51,52,53,54,55",9,gardevoir-ex-sv,Gardevoir,1063,4235,3510,1664,50.91,feraligatr-tef,Feraligatr,2,100.0,overall,2026-05-25T17:08:34.087089+00:00
SVI-PFL,"47,48,49,50,51,52,53,54,55",9,gardevoir-ex-sv,Gardevoir,1063,4235,3510,1664,50.91,flareon-ex,Flareon,2,66.67,overall,2026-05-25T17:08:34.087089+00:00
SVI-PFL,"47,48,49,50,51,52,53,54,55",9,gardevoir-ex-sv,Gardevoir,1063,4235,3510,1664,50.91,yanmega-ex,Yanmega,2,50.0,overall,2026-05-25T17:08:34.087089+00:00
SVI-PFL,"47,48,49,50,51,52,53,54,55",9,gardevoir-ex-sv,Gardevoir,1063,4235,3510,1664,50.91,poison-mega-latias,Poison Latias,1,0.0,overall,2026-05-25T17:08:34.087089+00:00
SVI-PFL,"47,48,49,50,51,52,53,54,55",9,gardevoir-ex-sv,Gardevoir,1063,4235,3510,1664,50.91,ancient-box,Ancient Box,1,100.0,overall,2026-05-25T17:08:34.087089+00:00
SVI-PFL,"47,48,49,50,51,52,53,54,55",9,gardevoir-ex-sv,Gardevoir,1063,4235,3510,1664,50.91,reging-bolt-bellibolt,Raging Bolt Bellibolt,1,100.0,overall,2026-05-25T17:08:34.087089+00:00
SVI-PFL,"47,48,49,50,51,52,53,54,55",9,gardevoir-ex-sv,Gardevoir,1063,4235,3510,1664,50.91,meowscarada-ex,Meowscarada,1,100.0,overall,2026-05-25T17:08:34.087089+00:00
SVI-PFL,"47,48,49,50,51,52,53,54,55",9,gardevoir-ex-sv,Gardevoir,1063,4235,3510,1664,50.91,gholdengo-dudunsparce,Gholdengo Dudunsparce,1,100.0,overall,2026-05-25T17:08:34.087089+00:00
SVI-PFL,"47,48,49,50,51,52,53,54,55",9,gardevoir-ex-sv,Gardevoir,1063,4235,3510,1664,50.91,manectric-eelektrik,Manectric Eelektrik,1,33.33,overall,2026-05-25T17:08:34.087089+00:00
SVI-PFL,"47,48,49,50,51,52,53,54,55",9,gardevoir-ex-sv,Gardevoir,1063,4235,3510,1664,50.91,zoroark-crustle,Zoroark Crustle,1,100.0,overall,2026-05-25T17:08:34.087089+00:00
SVI-PFL,"47,48,49,50,51,52,53,54,55",9,gardevoir-ex-sv,Gardevoir,1063,4235,3510,1664,50.91,alakazam-ex,Alakazam,1,100.0,overall,2026-05-25T17:08:34.087089+00:00
SVI-PFL,"47,48,49,50,51,52,53,54,55",9,gardevoir-ex-sv,Gardevoir,1063,4235,3510,1664,50.91,alolan-exeggutor-ex,Alolan Exeggutor ex,1,0.0,overall,2026-05-25T17:08:34.087089+00:00
SVI-PFL,"47,48,49,50,51,52,53,54,55",9,gardevoir-ex-sv,Gardevoir,1063,4235,3510,1664,50.91,tyranitar-jtg,Tyranitar,1,33.33,overall,2026-05-25T17:08:34.087089+00:00
SVI-PFL,"47,48,49,50,51,52,53,54,55",9,gardevoir-ex-sv,Gardevoir,1063,4235,3510,1664,50.91,mega-sharpedo-ex,Mega Sharpedo,1,100.0,overall,2026-05-25T17:08:34.087089+00:00
SVI-PFL,"47,48,49,50,51,52,53,54,55",9,gardevoir-ex-sv,Gardevoir,1063,4235,3510,1664,50.91,terapagos-noctowl,Terapagos Noctowl,1,100.0,overall,2026-05-25T17:08:34.087089+00:00
SVI-PFL,"47,48,49,50,51,52,53,54,55",9,gardevoir-ex-sv,Gardevoir,1063,4235,3510,1664,50.91,mega-camerupt-ex,Mega Camerupt,1,33.33,overall,2026-05-25T17:08:34.087089+00:00
SVI-PFL,"47,48,49,50,51,52,53,54,55",9,gardevoir-ex-sv,Gardevoir,1063,4235,3510,1664,50.91,iron-hands-ex,Future Hands,1,100.0,overall,2026-05-25T17:08:34.087089+00:00
SVI-PFL,"47,48,49,50,51,52,53,54,55",9,gardevoir-ex-sv,Gardevoir,1063,4235,3510,1664,50.91,tinkaton-ex,Tinkaton,1,100.0,overall,2026-05-25T17:08:34.087089+00:00
SVI-PFL,"47,48,49,50,51,52,53,54,55",9,gardevoir-ex-sv,Gardevoir,1063,4235,3510,1664,50.91,iron-valiant-ex,Iron Valiant,1,100.0,overall,2026-05-25T17:08:34.087089+00:00
SVI-PFL,"47,48,49,50,51,52,53,54,55",9,gardevoir-ex-sv,Gardevoir,1063,4235,3510,1664,50.91,blaziken-zoroark,Blaziken Zoroark,1,0.0,overall,2026-05-25T17:08:34.087089+00:00
SVI-PFL,"47,48,49,50,51,52,53,54,55",9,gardevoir-ex-sv,Gardevoir,1063,4235,3510,1664,50.91,tsareena-ex,Tsareena,1,100.0,overall,2026-05-25T17:08:34.087089+00:00
SVI-PFL,"47,48,49,50,51,52,53,54,55",9,gardevoir-ex-sv,Gardevoir,1063,4235,3510,1664,50.91,mega-latias-ex,Mega Latias,1,100.0,overall,2026-05-25T17:08:34.087089+00:00
SVI-PFL,"47,48,49,50,51,52,53,54,55",9,gardevoir-ex-sv,Gardevoir,1063,4235,3510,1664,50.91,charizard-dusknoir,Charizard Dusknoir,1,0.0,overall,2026-05-25T17:08:34.087089+00:00
SVI-PFL,"47,48,49,50,51,52,53,54,55",9,gardevoir-ex-sv,Gardevoir,1063,4235,3510,1664,50.91,cinderace-ex,Cinderace,1,33.33,overall,2026-05-25T17:08:34.087089+00:00
SVI-PFL,"47,48,49,50,51,52,53,54,55",9,gardevoir-ex-sv,Gardevoir,1063,4235,3510,1664,50.91,farigiraf-milotic,Farigiraf Milotic,1,0.0,overall,2026-05-25T17:08:34.087089+00:00
SVI-PFL,"47,48,49,50,51,52,53,54,55",9,gardevoir-ex-sv,Gardevoir,1063,4235,3510,1664,50.91,gengar-ex,Gengar,1,100.0,overall,2026-05-25T17:08:34.087089+00:00
SVI-PFL,"47,48,49,50,51,52,53,54,55",9,gardevoir-ex-sv,Gardevoir,1063,4235,3510,1664,50.91,copperajah-ex,Copperajah,1,100.0,overall,2026-05-25T17:08:34.087089+00:00
SVI-PFL,"47,48,49,50,51,52,53,54,55",9,gardevoir-ex-sv,Gardevoir,1063,4235,3510,1664,50.91,garchomp-ex,Garchomp,1,100.0,overall,2026-05-25T17:08:34.087089+00:00
SVI-PFL,"47,48,49,50,51,52,53,54,55",9,gardevoir-ex-sv,Gardevoir,1063,4235,3510,1664,50.91,iono-bellibolt,Iono's Bellibolt,1,100.0,overall,2026-05-25T17:08:34.087089+00:00
SVI-PFL,"47,48,49,50,51,52,53,54,55",9,gardevoir-ex-sv,Gardevoir,1063,4235,3510,1664,50.91,raging-bolt-ex,Raging Bolt,1,0.0,overall,2026-05-25T17:08:34.087089+00:00
SVI-PFL,"47,48,49,50,51,52,53,54,55",9,gardevoir-ex-sv,Gardevoir,1063,4235,3510,1664,50.91,rocket-porygon-z,Rocket's Porygon-Z,1,100.0,overall,2026-05-25T17:08:34.087089+00:00
SVI-PFL,"47,48,49,50,51,52,53,54,55",9,gardevoir-ex-sv,Gardevoir,1063,4235,3510,1664,50.91,toedscruel-ex,Toedscruel,1,100.0,overall,2026-05-25T17:08:34.087089+00:00
SVI-PFL,"47,48,49,50,51,52,53,54,55",9,gardevoir-ex-sv,Gardevoir,1063,4235,3510,1664,50.91,ranging-bolt-sandy-shocks,Raging Bolt Sandy Shocks,1,100.0,overall,2026-05-25T17:08:34.087089+00:00
SVI-PFL,"47,48,49,50,51,52,53,54,55",9,gardevoir-jellicent,Gardevoir Jellicent,1046,3747,3576,1547,48.06,gholdengo-lunatone,Gholdengo Lunatone,1398,48.02,overall,2026-05-25T17:08:37.037501+00:00
SVI-PFL,"47,48,49,50,51,52,53,54,55",9,gardevoir-jellicent,Gardevoir Jellicent,1046,3747,3576,1547,48.06,dragapult-dusknoir,Dragapult Dusknoir,1367,52.99,overall,2026-05-25T17:08:37.037501+00:00
SVI-PFL,"47,48,49,50,51,52,53,54,55",9,gardevoir-jellicent,Gardevoir Jellicent,1046,3747,3576,1547,48.06,charizard-noctowl,Charizard Noctowl,587,36.85,overall,2026-05-25T17:08:37.037501+00:00
SVI-PFL,"47,48,49,50,51,52,53,54,55",9,gardevoir-jellicent,Gardevoir Jellicent,1046,3747,3576,1547,48.06,gardevoir-ex-sv,Gardevoir,584,51.71,overall,2026-05-25T17:08:37.037501+00:00
SVI-PFL,"47,48,49,50,51,52,53,54,55",9,gardevoir-jellicent,Gardevoir Jellicent,1046,3747,3576,1547,48.06,charizard-pidgeot,Charizard Pidgeot,454,37.37,overall,2026-05-25T17:08:37.037501+00:00
SVI-PFL,"47,48,49,50,51,52,53,54,55",9,gardevoir-jellicent,Gardevoir Jellicent,1046,3747,3576,1547,48.06,mega-absol-box,Mega Absol Box,415,37.19,overall,2026-05-25T17:08:37.037501+00:00
SVI-PFL,"47,48,49,50,51,52,53,54,55",9,gardevoir-jellicent,Gardevoir Jellicent,1046,3747,3576,1547,48.06,grimmsnarl-froslass,Grimmsnarl Froslass,368,34.06,overall,2026-05-25T17:08:37.037501+00:00
SVI-PFL,"47,48,49,50,51,52,53,54,55",9,gardevoir-jellicent,Gardevoir Jellicent,1046,3747,3576,1547,48.06,raging-bolt-ogerpon,Raging Bolt Ogerpon,358,56.15,overall,2026-05-25T17:08:37.037501+00:00
SVI-PFL,"47,48,49,50,51,52,53,54,55",9,gardevoir-jellicent,Gardevoir Jellicent,1046,3747,3576,1547,48.06,gardevoir-jellicent,Gardevoir Jellicent,293,47.16,overall,2026-05-25T17:08:37.037501+00:00
SVI-PFL,"47,48,49,50,51,52,53,54,55",9,gardevoir-jellicent,Gardevoir Jellicent,1046,3747,3576,1547,48.06,n-zoroark,N's Zoroark,251,33.86,overall,2026-05-25T17:08:37.037501+00:00
SVI-PFL,"47,48,49,50,51,52,53,54,55",9,gardevoir-jellicent,Gardevoir Jellicent,1046,3747,3576,1547,48.06,ceruledge-ex,Ceruledge,207,50.72,overall,2026-05-25T17:08:37.037501+00:00
SVI-PFL,"47,48,49,50,51,52,53,54,55",9,gardevoir-jellicent,Gardevoir Jellicent,1046,3747,3576,1547,48.06,alakazam-dudunsparce,Alakazam Dudunsparce,202,56.44,overall,2026-05-25T17:08:37.037501+00:00
SVI-PFL,"47,48,49,50,51,52,53,54,55",9,gardevoir-jellicent,Gardevoir Jellicent,1046,3747,3576,1547,48.06,dragapult-charizard,Dragapult Charizard,196,47.28,overall,2026-05-25T17:08:37.037501+00:00
SVI-PFL,"47,48,49,50,51,52,53,54,55",9,gardevoir-jellicent,Gardevoir Jellicent,1046,3747,3576,1547,48.06,kangaskhan-bouffalant,Kangaskhan Bouffalant,191,42.58,overall,2026-05-25T17:08:37.037501+00:00
SVI-PFL,"47,48,49,50,51,52,53,54,55",9,gardevoir-jellicent,Gardevoir Jellicent,1046,3747,3576,1547,48.06,flareon-noctowl,Flareon Noctowl,136,52.94,overall,2026-05-25T17:08:37.037501+00:00
SVI-PFL,"47,48,49,50,51,52,53,54,55",9,gardevoir-jellicent,Gardevoir Jellicent,1046,3747,3576,1547,48.06,tera-box,Tera Box,118,61.3,overall,2026-05-25T17:08:37.037501+00:00
SVI-PFL,"47,48,49,50,51,52,53,54,55",9,gardevoir-jellicent,Gardevoir Jellicent,1046,3747,3576,1547,48.06,lopunny-dusknoir,Lopunny Dusknoir,106,48.74,overall,2026-05-25T17:08:37.037501+00:00
SVI-PFL,"47,48,49,50,51,52,53,54,55",9,gardevoir-jellicent,Gardevoir Jellicent,1046,3747,3576,1547,48.06,joltik-box,Joltik Box,92,56.16,overall,2026-05-25T17:08:37.037501+00:00
SVI-PFL,"47,48,49,50,51,52,53,54,55",9,gardevoir-jellicent,Gardevoir Jellicent,1046,3747,3576,1547,48.06,mega-venusaur-ex,Mega Venusaur,71,63.38,overall,2026-05-25T17:08:37.037501+00:00
SVI-PFL,"47,48,49,50,51,52,53,54,55",9,gardevoir-jellicent,Gardevoir Jellicent,1046,3747,3576,1547,48.06,greninja-ex,Greninja,69,67.63,overall,2026-05-25T17:08:37.037501+00:00
SVI-PFL,"47,48,49,50,51,52,53,54,55",9,gardevoir-jellicent,Gardevoir Jellicent,1046,3747,3576,1547,48.06,sharpedo-toxtricity,Sharpedo Toxtricity,59,45.2,overall,2026-05-25T17:08:37.037501+00:00
SVI-PFL,"47,48,49,50,51,52,53,54,55",9,gardevoir-jellicent,Gardevoir Jellicent,1046,3747,3576,1547,48.06,cynthia-garchomp-ex,Cynthia's Garchomp,59,49.72,overall,2026-05-25T17:08:37.037501+00:00
SVI-PFL,"47,48,49,50,51,52,53,54,55",9,gardevoir-jellicent,Gardevoir Jellicent,1046,3747,3576,1547,48.06,other,Other,56,52.98,overall,2026-05-25T17:08:37.037501+00:00
SVI-PFL,"47,48,49,50,51,52,53,54,55",9,gardevoir-jellicent,Gardevoir Jellicent,1046,3747,3576,1547,48.06,pidgeot-control,Pidgeot Control,55,34.55,overall,2026-05-25T17:08:37.037501+00:00
SVI-PFL,"47,48,49,50,51,52,53,54,55",9,gardevoir-jellicent,Gardevoir Jellicent,1046,3747,3576,1547,48.06,gholdengo-joltik-box,Gholdengo Joltik Box,53,33.96,overall,2026-05-25T17:08:37.037501+00:00
SVI-PFL,"47,48,49,50,51,52,53,54,55",9,gardevoir-jellicent,Gardevoir Jellicent,1046,3747,3576,1547,48.06,crustle-dri,Crustle,48,83.33,overall,2026-05-25T17:08:37.037501+00:00
SVI-PFL,"47,48,49,50,51,52,53,54,55",9,gardevoir-jellicent,Gardevoir Jellicent,1046,3747,3576,1547,48.06,lucario-hariyama,Lucario Hariyama,46,84.78,overall,2026-05-25T17:08:37.037501+00:00
SVI-PFL,"47,48,49,50,51,52,53,54,55",9,gardevoir-jellicent,Gardevoir Jellicent,1046,3747,3576,1547,48.06,iron-hands-magneton,Iron Hands Magneton,44,44.7,overall,2026-05-25T17:08:37.037501+00:00
SVI-PFL,"47,48,49,50,51,52,53,54,55",9,gardevoir-jellicent,Gardevoir Jellicent,1046,3747,3576,1547,48.06,gholdengo-ex,Gholdengo,42,64.29,overall,2026-05-25T17:08:37.037501+00:00
SVI-PFL,"47,48,49,50,51,52,53,54,55",9,gardevoir-jellicent,Gardevoir Jellicent,1046,3747,3576,1547,48.06,slowking-scr,Slowking,37,52.25,overall,2026-05-25T17:08:37.037501+00:00
SVI-PFL,"47,48,49,50,51,52,53,54,55",9,gardevoir-jellicent,Gardevoir Jellicent,1046,3747,3576,1547,48.06,ethan-typhlosion,Ethan's Typhlosion,36,47.22,overall,2026-05-25T17:08:37.037501+00:00
SVI-PFL,"47,48,49,50,51,52,53,54,55",9,gardevoir-jellicent,Gardevoir Jellicent,1046,3747,3576,1547,48.06,froslass-munkidori,Froslass Munkidori,33,47.47,overall,2026-05-25T17:08:37.037501+00:00
SVI-PFL,"47,48,49,50,51,52,53,54,55",9,gardevoir-jellicent,Gardevoir Jellicent,1046,3747,3576,1547,48.06,rocket-mewtwo-ex,Rocket's Mewtwo,32,55.21,overall,2026-05-25T17:08:37.037501+00:00
SVI-PFL,"47,48,49,50,51,52,53,54,55",9,gardevoir-jellicent,Gardevoir Jellicent,1046,3747,3576,1547,48.06,conkeldurr-twm,Conkeldurr,29,67.82,overall,2026-05-25T17:08:37.037501+00:00
SVI-PFL,"47,48,49,50,51,52,53,54,55",9,gardevoir-jellicent,Gardevoir Jellicent,1046,3747,3576,1547,48.06,ursaluna-lunatone,Ursaluna Lunatone,27,58.02,overall,2026-05-25T17:08:37.037501+00:00
SVI-PFL,"47,48,49,50,51,52,53,54,55",9,gardevoir-jellicent,Gardevoir Jellicent,1046,3747,3576,1547,48.06,festival-lead,Festival Lead,24,55.56,overall,2026-05-25T17:08:37.037501+00:00
SVI-PFL,"47,48,49,50,51,52,53,54,55",9,gardevoir-jellicent,Gardevoir Jellicent,1046,3747,3576,1547,48.06,ho-oh-armarouge,Ho-Oh Armarouge,24,54.17,overall,2026-05-25T17:08:37.037501+00:00
SVI-PFL,"47,48,49,50,51,52,53,54,55",9,gardevoir-jellicent,Gardevoir Jellicent,1046,3747,3576,1547,48.06,toxtricity-pfl,Toxtricity Box,24,38.89,overall,2026-05-25T17:08:37.037501+00:00
SVI-PFL,"47,48,49,50,51,52,53,54,55",9,gardevoir-jellicent,Gardevoir Jellicent,1046,3747,3576,1547,48.06,dragapult-ex,Dragapult,23,63.77,overall,2026-05-25T17:08:37.037501+00:00
SVI-PFL,"47,48,49,50,51,52,53,54,55",9,gardevoir-jellicent,Gardevoir Jellicent,1046,3747,3576,1547,48.06,seaking-pre,Seaking Festival Lead,22,57.58,overall,2026-05-25T17:08:37.037501+00:00
SVI-PFL,"47,48,49,50,51,52,53,54,55",9,gardevoir-jellicent,Gardevoir Jellicent,1046,3747,3576,1547,48.06,roaring-moon-ex,Roaring Moon,18,51.85,overall,2026-05-25T17:08:37.037501+00:00
SVI-PFL,"47,48,49,50,51,52,53,54,55",9,gardevoir-jellicent,Gardevoir Jellicent,1046,3747,3576,1547,48.06,marnie-grimmsnarl-ex,Marnie's Grimmsnarl,18,38.89,overall,2026-05-25T17:08:37.037501+00:00
SVI-PFL,"47,48,49,50,51,52,53,54,55",9,gardevoir-jellicent,Gardevoir Jellicent,1046,3747,3576,1547,48.06,hydrapple-ogerpon,Hydrapple Ogerpon,16,54.17,overall,2026-05-25T17:08:37.037501+00:00
SVI-PFL,"47,48,49,50,51,52,53,54,55",9,gardevoir-jellicent,Gardevoir Jellicent,1046,3747,3576,1547,48.06,dragapult-blaziken,Dragapult Blaziken,13,64.1,overall,2026-05-25T17:08:37.037501+00:00
SVI-PFL,"47,48,49,50,51,52,53,54,55",9,gardevoir-jellicent,Gardevoir Jellicent,1046,3747,3576,1547,48.06,mega-lucario-ex,Mega Lucario,13,92.31,overall,2026-05-25T17:08:37.037501+00:00
SVI-PFL,"47,48,49,50,51,52,53,54,55",9,gardevoir-jellicent,Gardevoir Jellicent,1046,3747,3576,1547,48.06,gholdengo-typhlosion,Gholdengo Typhlosion,12,44.44,overall,2026-05-25T17:08:37.037501+00:00
SVI-PFL,"47,48,49,50,51,52,53,54,55",9,gardevoir-jellicent,Gardevoir Jellicent,1046,3747,3576,1547,48.06,slaking-ex,Slaking,12,47.22,overall,2026-05-25T17:08:37.037501+00:00
SVI-PFL,"47,48,49,50,51,52,53,54,55",9,gardevoir-jellicent,Gardevoir Jellicent,1046,3747,3576,1547,48.06,chien-pao-baxcalibur,Chien-Pao Baxcalibur,11,42.42,overall,2026-05-25T17:08:37.037501+00:00
SVI-PFL,"47,48,49,50,51,52,53,54,55",9,gardevoir-jellicent,Gardevoir Jellicent,1046,3747,3576,1547,48.06,hydreigon-ex,Hydreigon,9,44.44,overall,2026-05-25T17:08:37.037501+00:00
SVI-PFL,"47,48,49,50,51,52,53,54,55",9,gardevoir-jellicent,Gardevoir Jellicent,1046,3747,3576,1547,48.06,manectric-eelektrik,Manectric Eelektrik,8,45.83,overall,2026-05-25T17:08:37.037501+00:00
SVI-PFL,"47,48,49,50,51,52,53,54,55",9,gardevoir-jellicent,Gardevoir Jellicent,1046,3747,3576,1547,48.06,alakazam-meg,Alakazam,8,70.83,overall,2026-05-25T17:08:37.037501+00:00
SVI-PFL,"47,48,49,50,51,52,53,54,55",9,gardevoir-jellicent,Gardevoir Jellicent,1046,3747,3576,1547,48.06,archaludon-ex,Archaludon,7,38.1,overall,2026-05-25T17:08:37.037501+00:00
SVI-PFL,"47,48,49,50,51,52,53,54,55",9,gardevoir-jellicent,Gardevoir Jellicent,1046,3747,3576,1547,48.06,yanmega-ex,Yanmega,7,80.95,overall,2026-05-25T17:08:37.037501+00:00
SVI-PFL,"47,48,49,50,51,52,53,54,55",9,gardevoir-jellicent,Gardevoir Jellicent,1046,3747,3576,1547,48.06,iron-thorns-crustle,Iron Thorns Crustle,7,57.14,overall,2026-05-25T17:08:37.037501+00:00
SVI-PFL,"47,48,49,50,51,52,53,54,55",9,gardevoir-jellicent,Gardevoir Jellicent,1046,3747,3576,1547,48.06,mamoswine-ex,Mamoswine,6,72.22,overall,2026-05-25T17:08:37.037501+00:00
SVI-PFL,"47,48,49,50,51,52,53,54,55",9,gardevoir-jellicent,Gardevoir Jellicent,1046,3747,3576,1547,48.06,kangaskhan-forretress,Kangaskhan Forretress,6,83.33,overall,2026-05-25T17:08:37.037501+00:00
SVI-PFL,"47,48,49,50,51,52,53,54,55",9,gardevoir-jellicent,Gardevoir Jellicent,1046,3747,3576,1547,48.06,hop-zacian,Hop's Zacian,6,22.22,overall,2026-05-25T17:08:37.037501+00:00
SVI-PFL,"47,48,49,50,51,52,53,54,55",9,gardevoir-jellicent,Gardevoir Jellicent,1046,3747,3576,1547,48.06,toedscruel-ex,Toedscruel,5,60.0,overall,2026-05-25T17:08:37.037501+00:00
SVI-PFL,"47,48,49,50,51,52,53,54,55",9,gardevoir-jellicent,Gardevoir Jellicent,1046,3747,3576,1547,48.06,ogerpon-meganium,Ogerpon Meganium,4,58.33,overall,2026-05-25T17:08:37.037501+00:00
SVI-PFL,"47,48,49,50,51,52,53,54,55",9,gardevoir-jellicent,Gardevoir Jellicent,1046,3747,3576,1547,48.06,miraidon-eelektrik,Miraidon Eelektrik,4,58.33,overall,2026-05-25T17:08:37.037501+00:00
SVI-PFL,"47,48,49,50,51,52,53,54,55",9,gardevoir-jellicent,Gardevoir Jellicent,1046,3747,3576,1547,48.06,wugtrio-svi,Wugtrio Mill,4,83.33,overall,2026-05-25T17:08:37.037501+00:00
SVI-PFL,"47,48,49,50,51,52,53,54,55",9,gardevoir-jellicent,Gardevoir Jellicent,1046,3747,3576,1547,48.06,tinkaton-ex,Tinkaton,4,16.67,overall,2026-05-25T17:08:37.037501+00:00
SVI-PFL,"47,48,49,50,51,52,53,54,55",9,gardevoir-jellicent,Gardevoir Jellicent,1046,3747,3576,1547,48.06,great-tusk-tef,Great Tusk Mill,4,58.33,overall,2026-05-25T17:08:37.037501+00:00
SVI-PFL,"47,48,49,50,51,52,53,54,55",9,gardevoir-jellicent,Gardevoir Jellicent,1046,3747,3576,1547,48.06,mega-kangaskhan-ex,Mega Kangaskhan,3,66.67,overall,2026-05-25T17:08:37.037501+00:00
SVI-PFL,"47,48,49,50,51,52,53,54,55",9,gardevoir-jellicent,Gardevoir Jellicent,1046,3747,3576,1547,48.06,mega-lopunny-ex,Mega Lopunny,3,11.11,overall,2026-05-25T17:08:37.037501+00:00
SVI-PFL,"47,48,49,50,51,52,53,54,55",9,gardevoir-jellicent,Gardevoir Jellicent,1046,3747,3576,1547,48.06,mega-charizard-x-ex,Mega Charizard X,3,55.56,overall,2026-05-25T17:08:37.037501+00:00
SVI-PFL,"47,48,49,50,51,52,53,54,55",9,gardevoir-jellicent,Gardevoir Jellicent,1046,3747,3576,1547,48.06,charizard-ex,Charizard,3,22.22,overall,2026-05-25T17:08:37.037501+00:00
SVI-PFL,"47,48,49,50,51,52,53,54,55",9,gardevoir-jellicent,Gardevoir Jellicent,1046,3747,3576,1547,48.06,charizard-dragapult,Charizard Dragapult,3,77.78,overall,2026-05-25T17:08:37.037501+00:00
SVI-PFL,"47,48,49,50,51,52,53,54,55",9,gardevoir-jellicent,Gardevoir Jellicent,1046,3747,3576,1547,48.06,flareon-ex,Flareon,3,66.67,overall,2026-05-25T17:08:37.037501+00:00
SVI-PFL,"47,48,49,50,51,52,53,54,55",9,gardevoir-jellicent,Gardevoir Jellicent,1046,3747,3576,1547,48.06,tyranitar-jtg,Tyranitar,3,66.67,overall,2026-05-25T17:08:37.037501+00:00
SVI-PFL,"47,48,49,50,51,52,53,54,55",9,gardevoir-jellicent,Gardevoir Jellicent,1046,3747,3576,1547,48.06,okidogi-twm,Okidogi,3,44.44,overall,2026-05-25T17:08:37.037501+00:00
SVI-PFL,"47,48,49,50,51,52,53,54,55",9,gardevoir-jellicent,Gardevoir Jellicent,1046,3747,3576,1547,48.06,ursaluna-iron-valiant,Ursaluna Iron Valiant,2,100.0,overall,2026-05-25T17:08:37.037501+00:00
SVI-PFL,"47,48,49,50,51,52,53,54,55",9,gardevoir-jellicent,Gardevoir Jellicent,1046,3747,3576,1547,48.06,incineroar-ex,Incineroar,2,100.0,overall,2026-05-25T17:08:37.037501+00:00
SVI-PFL,"47,48,49,50,51,52,53,54,55",9,gardevoir-jellicent,Gardevoir Jellicent,1046,3747,3576,1547,48.06,future-box,Future Box,2,100.0,overall,2026-05-25T17:08:37.037501+00:00
SVI-PFL,"47,48,49,50,51,52,53,54,55",9,gardevoir-jellicent,Gardevoir Jellicent,1046,3747,3576,1547,48.06,rocket-porygon-z,Rocket's Porygon-Z,2,100.0,overall,2026-05-25T17:08:37.037501+00:00
SVI-PFL,"47,48,49,50,51,52,53,54,55",9,gardevoir-jellicent,Gardevoir Jellicent,1046,3747,3576,1547,48.06,iron-hands-ex,Future Hands,2,100.0,overall,2026-05-25T17:08:37.037501+00:00
SVI-PFL,"47,48,49,50,51,52,53,54,55",9,gardevoir-jellicent,Gardevoir Jellicent,1046,3747,3576,1547,48.06,espathra-xatu,Espathra Xatu,2,100.0,overall,2026-05-25T17:08:37.037501+00:00
SVI-PFL,"47,48,49,50,51,52,53,54,55",9,gardevoir-jellicent,Gardevoir Jellicent,1046,3747,3576,1547,48.06,tsareena-ex,Tsareena,2,100.0,overall,2026-05-25T17:08:37.037501+00:00
SVI-PFL,"47,48,49,50,51,52,53,54,55",9,gardevoir-jellicent,Gardevoir Jellicent,1046,3747,3576,1547,48.06,raging-bolt-ex,Raging Bolt,2,66.67,overall,2026-05-25T17:08:37.037501+00:00
SVI-PFL,"47,48,49,50,51,52,53,54,55",9,gardevoir-jellicent,Gardevoir Jellicent,1046,3747,3576,1547,48.06,okidogi-ex,Okidogi,2,50.0,overall,2026-05-25T17:08:37.037501+00:00
SVI-PFL,"47,48,49,50,51,52,53,54,55",9,gardevoir-jellicent,Gardevoir Jellicent,1046,3747,3576,1547,48.06,gholdengo-dragapult,Gholdengo Dragapult,2,0.0,overall,2026-05-25T17:08:37.037501+00:00
SVI-PFL,"47,48,49,50,51,52,53,54,55",9,gardevoir-jellicent,Gardevoir Jellicent,1046,3747,3576,1547,48.06,hydrapple-ex,Hydrapple,2,0.0,overall,2026-05-25T17:08:37.037501+00:00
SVI-PFL,"47,48,49,50,51,52,53,54,55",9,gardevoir-jellicent,Gardevoir Jellicent,1046,3747,3576,1547,48.06,miraidon-ex,Miraidon,2,16.67,overall,2026-05-25T17:08:37.037501+00:00
SVI-PFL,"47,48,49,50,51,52,53,54,55",9,gardevoir-jellicent,Gardevoir Jellicent,1046,3747,3576,1547,48.06,mimikyu-ogerpon,Mimikyu Ogerpon,2,50.0,overall,2026-05-25T17:08:37.037501+00:00
SVI-PFL,"47,48,49,50,51,52,53,54,55",9,gardevoir-jellicent,Gardevoir Jellicent,1046,3747,3576,1547,48.06,mega-abomasnow-ex,Mega Abomasnow,2,50.0,overall,2026-05-25T17:08:37.037501+00:00
SVI-PFL,"47,48,49,50,51,52,53,54,55",9,gardevoir-jellicent,Gardevoir Jellicent,1046,3747,3576,1547,48.06,rocket-spidops,Rocket's Spidops,2,100.0,overall,2026-05-25T17:08:37.037501+00:00
SVI-PFL,"47,48,49,50,51,52,53,54,55",9,gardevoir-jellicent,Gardevoir Jellicent,1046,3747,3576,1547,48.06,copperajah-ex,Copperajah,2,50.0,overall,2026-05-25T17:08:37.037501+00:00
SVI-PFL,"47,48,49,50,51,52,53,54,55",9,gardevoir-jellicent,Gardevoir Jellicent,1046,3747,3576,1547,48.06,dragapult-froslass,Dragapult Froslass,2,100.0,overall,2026-05-25T17:08:37.037501+00:00
SVI-PFL,"47,48,49,50,51,52,53,54,55",9,gardevoir-jellicent,Gardevoir Jellicent,1046,3747,3576,1547,48.06,espathra-froslass,Espathra Froslass,2,100.0,overall,2026-05-25T17:08:37.037501+00:00
SVI-PFL,"47,48,49,50,51,52,53,54,55",9,gardevoir-jellicent,Gardevoir Jellicent,1046,3747,3576,1547,48.06,zoroark-crustle,Zoroark Crustle,1,100.0,overall,2026-05-25T17:08:37.037501+00:00
SVI-PFL,"47,48,49,50,51,52,53,54,55",9,gardevoir-jellicent,Gardevoir Jellicent,1046,3747,3576,1547,48.06,reging-bolt-bellibolt,Raging Bolt Bellibolt,1,100.0,overall,2026-05-25T17:08:37.037501+00:00
SVI-PFL,"47,48,49,50,51,52,53,54,55",9,gardevoir-jellicent,Gardevoir Jellicent,1046,3747,3576,1547,48.06,blaziken-ex-jtg,Blaziken,1,0.0,overall,2026-05-25T17:08:37.037501+00:00
SVI-PFL,"47,48,49,50,51,52,53,54,55",9,gardevoir-jellicent,Gardevoir Jellicent,1046,3747,3576,1547,48.06,gouging-fire-ex,Gouging Fire,1,0.0,overall,2026-05-25T17:08:37.037501+00:00
SVI-PFL,"47,48,49,50,51,52,53,54,55",9,gardevoir-jellicent,Gardevoir Jellicent,1046,3747,3576,1547,48.06,poison-mega-latias,Poison Latias,1,100.0,overall,2026-05-25T17:08:37.037501+00:00
SVI-PFL,"47,48,49,50,51,52,53,54,55",9,gardevoir-jellicent,Gardevoir Jellicent,1046,3747,3576,1547,48.06,poison-terapagos,Poison Terapagos,1,33.33,overall,2026-05-25T17:08:37.037501+00:00
SVI-PFL,"47,48,49,50,51,52,53,54,55",9,gardevoir-jellicent,Gardevoir Jellicent,1046,3747,3576,1547,48.06,palafin-ex,Palafin,1,33.33,overall,2026-05-25T17:08:37.037501+00:00
SVI-PFL,"47,48,49,50,51,52,53,54,55",9,gardevoir-jellicent,Gardevoir Jellicent,1046,3747,3576,1547,48.06,iron-thorns-ex,Iron Thorns,1,100.0,overall,2026-05-25T17:08:37.037501+00:00
SVI-PFL,"47,48,49,50,51,52,53,54,55",9,gardevoir-jellicent,Gardevoir Jellicent,1046,3747,3576,1547,48.06,alolan-exeggutor-ex,Alolan Exeggutor ex,1,100.0,overall,2026-05-25T17:08:37.037501+00:00
SVI-PFL,"47,48,49,50,51,52,53,54,55",9,gardevoir-jellicent,Gardevoir Jellicent,1046,3747,3576,1547,48.06,charizard-greninja,Charizard Greninja,1,100.0,overall,2026-05-25T17:08:37.037501+00:00
SVI-PFL,"47,48,49,50,51,52,53,54,55",9,gardevoir-jellicent,Gardevoir Jellicent,1046,3747,3576,1547,48.06,blaziken-zoroark,Blaziken Zoroark,1,0.0,overall,2026-05-25T17:08:37.037501+00:00
SVI-PFL,"47,48,49,50,51,52,53,54,55",9,gardevoir-jellicent,Gardevoir Jellicent,1046,3747,3576,1547,48.06,greninja-blaziken,Greninja Blaziken,1,100.0,overall,2026-05-25T17:08:37.037501+00:00
SVI-PFL,"47,48,49,50,51,52,53,54,55",9,gardevoir-jellicent,Gardevoir Jellicent,1046,3747,3576,1547,48.06,mega-sharpedo-ex,Mega Sharpedo,1,33.33,overall,2026-05-25T17:08:37.037501+00:00
SVI-PFL,"47,48,49,50,51,52,53,54,55",9,gardevoir-jellicent,Gardevoir Jellicent,1046,3747,3576,1547,48.06,mega-manectric-ex-meg,Mega Manectric,1,100.0,overall,2026-05-25T17:08:37.037501+00:00
SVI-PFL,"47,48,49,50,51,52,53,54,55",9,gardevoir-jellicent,Gardevoir Jellicent,1046,3747,3576,1547,48.06,scovillain-ex,Scovillain,1,100.0,overall,2026-05-25T17:08:37.037501+00:00
SVI-PFL,"47,48,49,50,51,52,53,54,55",9,gardevoir-jellicent,Gardevoir Jellicent,1046,3747,3576,1547,48.06,sinistcha-ogerpon,Sinistcha Ogerpon,1,33.33,overall,2026-05-25T17:08:37.037501+00:00
SVI-PFL,"47,48,49,50,51,52,53,54,55",9,gardevoir-jellicent,Gardevoir Jellicent,1046,3747,3576,1547,48.06,forretress-ex,Forretress,1,100.0,overall,2026-05-25T17:08:37.037501+00:00
SVI-PFL,"47,48,49,50,51,52,53,54,55",9,gardevoir-jellicent,Gardevoir Jellicent,1046,3747,3576,1547,48.06,farigiraf-milotic,Farigiraf Milotic,1,100.0,overall,2026-05-25T17:08:37.037501+00:00
SVI-PFL,"47,48,49,50,51,52,53,54,55",9,gardevoir-jellicent,Gardevoir Jellicent,1046,3747,3576,1547,48.06,gengar-ex,Gengar,1,0.0,overall,2026-05-25T17:08:37.037501+00:00
SVI-PFL,"47,48,49,50,51,52,53,54,55",9,gardevoir-jellicent,Gardevoir Jellicent,1046,3747,3576,1547,48.06,ethan-magcargo,Ethan's Magcargo,1,100.0,overall,2026-05-25T17:08:37.037501+00:00
SVI-PFL,"47,48,49,50,51,52,53,54,55",9,gardevoir-jellicent,Gardevoir Jellicent,1046,3747,3576,1547,48.06,ogerpon-ex,Ogerpon,1,0.0,overall,2026-05-25T17:08:37.037501+00:00
SVI-PFL,"47,48,49,50,51,52,53,54,55",9,gardevoir-jellicent,Gardevoir Jellicent,1046,3747,3576,1547,48.06,charizard-dusknoir,Charizard Dusknoir,1,100.0,overall,2026-05-25T17:08:37.037501+00:00
SVI-PFL,"47,48,49,50,51,52,53,54,55",9,gardevoir-jellicent,Gardevoir Jellicent,1046,3747,3576,1547,48.06,mega-latias-ex,Mega Latias,1,0.0,overall,2026-05-25T17:08:37.037501+00:00
SVI-PFL,"47,48,49,50,51,52,53,54,55",9,gardevoir-jellicent,Gardevoir Jellicent,1046,3747,3576,1547,48.06,iron-valiant-ex,Iron Valiant,1,33.33,overall,2026-05-25T17:08:37.037501+00:00
SVI-PFL,"47,48,49,50,51,52,53,54,55",9,gardevoir-jellicent,Gardevoir Jellicent,1046,3747,3576,1547,48.06,iono-bellibolt,Iono's Bellibolt,1,100.0,overall,2026-05-25T17:08:37.037501+00:00
SVI-PFL,"47,48,49,50,51,52,53,54,55",9,gengar-ex,Gengar,2,2,8,2,22.22,gholdengo-lunatone,Gholdengo Lunatone,2,50.0,overall,2026-05-25T17:08:39.913629+00:00
SVI-PFL,"47,48,49,50,51,52,53,54,55",9,gengar-ex,Gengar,2,2,8,2,22.22,iron-hands-magneton,Iron Hands Magneton,2,0.0,overall,2026-05-25T17:08:39.913629+00:00
SVI-PFL,"47,48,49,50,51,52,53,54,55",9,gengar-ex,Gengar,2,2,8,2,22.22,mega-absol-box,Mega Absol Box,1,0.0,overall,2026-05-25T17:08:39.913629+00:00
SVI-PFL,"47,48,49,50,51,52,53,54,55",9,gengar-ex,Gengar,2,2,8,2,22.22,gardevoir-jellicent,Gardevoir Jellicent,1,100.0,overall,2026-05-25T17:08:39.913629+00:00
SVI-PFL,"47,48,49,50,51,52,53,54,55",9,gengar-ex,Gengar,2,2,8,2,22.22,greninja-ex,Greninja,1,0.0,overall,2026-05-25T17:08:39.913629+00:00
SVI-PFL,"47,48,49,50,51,52,53,54,55",9,gengar-ex,Gengar,2,2,8,2,22.22,gardevoir-ex-sv,Gardevoir,1,0.0,overall,2026-05-25T17:08:39.913629+00:00
SVI-PFL,"47,48,49,50,51,52,53,54,55",9,gengar-ex,Gengar,2,2,8,2,22.22,dragapult-charizard,Dragapult Charizard,1,0.0,overall,2026-05-25T17:08:39.913629+00:00
SVI-PFL,"47,48,49,50,51,52,53,54,55",9,gengar-ex,Gengar,2,2,8,2,22.22,alakazam-dudunsparce,Alakazam Dudunsparce,1,33.33,overall,2026-05-25T17:08:39.913629+00:00
SVI-PFL,"47,48,49,50,51,52,53,54,55",9,gengar-ex,Gengar,2,2,8,2,22.22,grimmsnarl-froslass,Grimmsnarl Froslass,1,33.33,overall,2026-05-25T17:08:39.913629+00:00
SVI-PFL,"47,48,49,50,51,52,53,54,55",9,gholdengo-dragapult,Gholdengo Dragapult,3,5,10,3,33.33,charizard-noctowl,Charizard Noctowl,2,0.0,overall,2026-05-25T17:08:42.882970+00:00
SVI-PFL,"47,48,49,50,51,52,53,54,55",9,gholdengo-dragapult,Gholdengo Dragapult,3,5,10,3,33.33,flareon-noctowl,Flareon Noctowl,2,33.33,overall,2026-05-25T17:08:42.882970+00:00
SVI-PFL,"47,48,49,50,51,52,53,54,55",9,gholdengo-dragapult,Gholdengo Dragapult,3,5,10,3,33.33,gardevoir-jellicent,Gardevoir Jellicent,2,100.0,overall,2026-05-25T17:08:42.882970+00:00
SVI-PFL,"47,48,49,50,51,52,53,54,55",9,gholdengo-dragapult,Gholdengo Dragapult,3,5,10,3,33.33,dragapult-dusknoir,Dragapult Dusknoir,2,0.0,overall,2026-05-25T17:08:42.882970+00:00
SVI-PFL,"47,48,49,50,51,52,53,54,55",9,gholdengo-dragapult,Gholdengo Dragapult,3,5,10,3,33.33,grimmsnarl-froslass,Grimmsnarl Froslass,2,50.0,overall,2026-05-25T17:08:42.882970+00:00
SVI-PFL,"47,48,49,50,51,52,53,54,55",9,gholdengo-dragapult,Gholdengo Dragapult,3,5,10,3,33.33,raging-bolt-ogerpon,Raging Bolt Ogerpon,1,0.0,overall,2026-05-25T17:08:42.882970+00:00
SVI-PFL,"47,48,49,50,51,52,53,54,55",9,gholdengo-dragapult,Gholdengo Dragapult,3,5,10,3,33.33,dragapult-charizard,Dragapult Charizard,1,33.33,overall,2026-05-25T17:08:42.882970+00:00
SVI-PFL,"47,48,49,50,51,52,53,54,55",9,gholdengo-dragapult,Gholdengo Dragapult,3,5,10,3,33.33,gholdengo-lunatone,Gholdengo Lunatone,1,100.0,overall,2026-05-25T17:08:42.882970+00:00
SVI-PFL,"47,48,49,50,51,52,53,54,55",9,gholdengo-dragapult,Gholdengo Dragapult,3,5,10,3,33.33,joltik-box,Joltik Box,1,0.0,overall,2026-05-25T17:08:42.882970+00:00
SVI-PFL,"47,48,49,50,51,52,53,54,55",9,gholdengo-dragapult,Gholdengo Dragapult,3,5,10,3,33.33,charizard-pidgeot,Charizard Pidgeot,1,100.0,overall,2026-05-25T17:08:42.882970+00:00
SVI-PFL,"47,48,49,50,51,52,53,54,55",9,gholdengo-dragapult,Gholdengo Dragapult,3,5,10,3,33.33,hydrapple-ogerpon,Hydrapple Ogerpon,1,0.0,overall,2026-05-25T17:08:42.882970+00:00
SVI-PFL,"47,48,49,50,51,52,53,54,55",9,gholdengo-dragapult,Gholdengo Dragapult,3,5,10,3,33.33,cinderace-ex,Cinderace,1,0.0,overall,2026-05-25T17:08:42.882970+00:00
SVI-PFL,"47,48,49,50,51,52,53,54,55",9,gholdengo-dudunsparce,Gholdengo Dudunsparce,2,5,7,0,41.67,dragapult-dusknoir,Dragapult Dusknoir,2,50.0,overall,2026-05-25T17:08:45.848909+00:00
SVI-PFL,"47,48,49,50,51,52,53,54,55",9,gholdengo-dudunsparce,Gholdengo Dudunsparce,2,5,7,0,41.67,gholdengo-lunatone,Gholdengo Lunatone,2,50.0,overall,2026-05-25T17:08:45.848909+00:00
SVI-PFL,"47,48,49,50,51,52,53,54,55",9,gholdengo-dudunsparce,Gholdengo Dudunsparce,2,5,7,0,41.67,charizard-pidgeot,Charizard Pidgeot,1,0.0,overall,2026-05-25T17:08:45.848909+00:00
SVI-PFL,"47,48,49,50,51,52,53,54,55",9,gholdengo-dudunsparce,Gholdengo Dudunsparce,2,5,7,0,41.67,festival-lead,Festival Lead,1,0.0,overall,2026-05-25T17:08:45.848909+00:00
SVI-PFL,"47,48,49,50,51,52,53,54,55",9,gholdengo-dudunsparce,Gholdengo Dudunsparce,2,5,7,0,41.67,kangaskhan-bouffalant,Kangaskhan Bouffalant,1,0.0,overall,2026-05-25T17:08:45.848909+00:00
SVI-PFL,"47,48,49,50,51,52,53,54,55",9,gholdengo-dudunsparce,Gholdengo Dudunsparce,2,5,7,0,41.67,charizard-noctowl,Charizard Noctowl,1,100.0,overall,2026-05-25T17:08:45.848909+00:00
SVI-PFL,"47,48,49,50,51,52,53,54,55",9,gholdengo-dudunsparce,Gholdengo Dudunsparce,2,5,7,0,41.67,gardevoir-ex-sv,Gardevoir,1,0.0,overall,2026-05-25T17:08:45.848909+00:00
SVI-PFL,"47,48,49,50,51,52,53,54,55",9,gholdengo-dudunsparce,Gholdengo Dudunsparce,2,5,7,0,41.67,iron-hands-magneton,Iron Hands Magneton,1,100.0,overall,2026-05-25T17:08:45.848909+00:00
SVI-PFL,"47,48,49,50,51,52,53,54,55",9,gholdengo-dudunsparce,Gholdengo Dudunsparce,2,5,7,0,41.67,ceruledge-ex,Ceruledge,1,100.0,overall,2026-05-25T17:08:45.848909+00:00
SVI-PFL,"47,48,49,50,51,52,53,54,55",9,gholdengo-dudunsparce,Gholdengo Dudunsparce,2,5,7,0,41.67,conkeldurr-twm,Conkeldurr,1,0.0,overall,2026-05-25T17:08:45.848909+00:00
SVI-PFL,"47,48,49,50,51,52,53,54,55",9,gholdengo-ex,Gholdengo,76,214,297,74,40.8,dragapult-dusknoir,Dragapult Dusknoir,92,45.65,overall,2026-05-25T17:08:48.757387+00:00
SVI-PFL,"47,48,49,50,51,52,53,54,55",9,gholdengo-ex,Gholdengo,76,214,297,74,40.8,gholdengo-lunatone,Gholdengo Lunatone,78,44.87,overall,2026-05-25T17:08:48.757387+00:00
SVI-PFL,"47,48,49,50,51,52,53,54,55",9,gholdengo-ex,Gholdengo,76,214,297,74,40.8,gardevoir-jellicent,Gardevoir Jellicent,42,33.33,overall,2026-05-25T17:08:48.757387+00:00
SVI-PFL,"47,48,49,50,51,52,53,54,55",9,gholdengo-ex,Gholdengo,76,214,297,74,40.8,charizard-noctowl,Charizard Noctowl,37,32.43,overall,2026-05-25T17:08:48.757387+00:00
SVI-PFL,"47,48,49,50,51,52,53,54,55",9,gholdengo-ex,Gholdengo,76,214,297,74,40.8,gardevoir-ex-sv,Gardevoir,31,40.86,overall,2026-05-25T17:08:48.757387+00:00
SVI-PFL,"47,48,49,50,51,52,53,54,55",9,gholdengo-ex,Gholdengo,76,214,297,74,40.8,grimmsnarl-froslass,Grimmsnarl Froslass,28,26.19,overall,2026-05-25T17:08:48.757387+00:00
SVI-PFL,"47,48,49,50,51,52,53,54,55",9,gholdengo-ex,Gholdengo,76,214,297,74,40.8,charizard-pidgeot,Charizard Pidgeot,28,39.29,overall,2026-05-25T17:08:48.757387+00:00
SVI-PFL,"47,48,49,50,51,52,53,54,55",9,gholdengo-ex,Gholdengo,76,214,297,74,40.8,mega-absol-box,Mega Absol Box,27,48.15,overall,2026-05-25T17:08:48.757387+00:00
SVI-PFL,"47,48,49,50,51,52,53,54,55",9,gholdengo-ex,Gholdengo,76,214,297,74,40.8,raging-bolt-ogerpon,Raging Bolt Ogerpon,22,46.97,overall,2026-05-25T17:08:48.757387+00:00
SVI-PFL,"47,48,49,50,51,52,53,54,55",9,gholdengo-ex,Gholdengo,76,214,297,74,40.8,ceruledge-ex,Ceruledge,16,18.75,overall,2026-05-25T17:08:48.757387+00:00
SVI-PFL,"47,48,49,50,51,52,53,54,55",9,gholdengo-ex,Gholdengo,76,214,297,74,40.8,n-zoroark,N's Zoroark,15,24.44,overall,2026-05-25T17:08:48.757387+00:00
SVI-PFL,"47,48,49,50,51,52,53,54,55",9,gholdengo-ex,Gholdengo,76,214,297,74,40.8,alakazam-dudunsparce,Alakazam Dudunsparce,13,10.26,overall,2026-05-25T17:08:48.757387+00:00
SVI-PFL,"47,48,49,50,51,52,53,54,55",9,gholdengo-ex,Gholdengo,76,214,297,74,40.8,dragapult-charizard,Dragapult Charizard,13,28.21,overall,2026-05-25T17:08:48.757387+00:00
SVI-PFL,"47,48,49,50,51,52,53,54,55",9,gholdengo-ex,Gholdengo,76,214,297,74,40.8,tera-box,Tera Box,10,60.0,overall,2026-05-25T17:08:48.757387+00:00
SVI-PFL,"47,48,49,50,51,52,53,54,55",9,gholdengo-ex,Gholdengo,76,214,297,74,40.8,joltik-box,Joltik Box,10,46.67,overall,2026-05-25T17:08:48.757387+00:00
SVI-PFL,"47,48,49,50,51,52,53,54,55",9,gholdengo-ex,Gholdengo,76,214,297,74,40.8,kangaskhan-bouffalant,Kangaskhan Bouffalant,10,43.33,overall,2026-05-25T17:08:48.757387+00:00
SVI-PFL,"47,48,49,50,51,52,53,54,55",9,gholdengo-ex,Gholdengo,76,214,297,74,40.8,flareon-noctowl,Flareon Noctowl,9,37.04,overall,2026-05-25T17:08:48.757387+00:00
SVI-PFL,"47,48,49,50,51,52,53,54,55",9,gholdengo-ex,Gholdengo,76,214,297,74,40.8,lopunny-dusknoir,Lopunny Dusknoir,8,50.0,overall,2026-05-25T17:08:48.757387+00:00
SVI-PFL,"47,48,49,50,51,52,53,54,55",9,gholdengo-ex,Gholdengo,76,214,297,74,40.8,sharpedo-toxtricity,Sharpedo Toxtricity,7,66.67,overall,2026-05-25T17:08:48.757387+00:00
SVI-PFL,"47,48,49,50,51,52,53,54,55",9,gholdengo-ex,Gholdengo,76,214,297,74,40.8,cynthia-garchomp-ex,Cynthia's Garchomp,7,57.14,overall,2026-05-25T17:08:48.757387+00:00
SVI-PFL,"47,48,49,50,51,52,53,54,55",9,gholdengo-ex,Gholdengo,76,214,297,74,40.8,lucario-hariyama,Lucario Hariyama,6,66.67,overall,2026-05-25T17:08:48.757387+00:00
SVI-PFL,"47,48,49,50,51,52,53,54,55",9,gholdengo-ex,Gholdengo,76,214,297,74,40.8,gholdengo-joltik-box,Gholdengo Joltik Box,5,20.0,overall,2026-05-25T17:08:48.757387+00:00
SVI-PFL,"47,48,49,50,51,52,53,54,55",9,gholdengo-ex,Gholdengo,76,214,297,74,40.8,ethan-typhlosion,Ethan's Typhlosion,5,46.67,overall,2026-05-25T17:08:48.757387+00:00
SVI-PFL,"47,48,49,50,51,52,53,54,55",9,gholdengo-ex,Gholdengo,76,214,297,74,40.8,ursaluna-lunatone,Ursaluna Lunatone,4,33.33,overall,2026-05-25T17:08:48.757387+00:00
SVI-PFL,"47,48,49,50,51,52,53,54,55",9,gholdengo-ex,Gholdengo,76,214,297,74,40.8,iron-hands-magneton,Iron Hands Magneton,4,50.0,overall,2026-05-25T17:08:48.757387+00:00
SVI-PFL,"47,48,49,50,51,52,53,54,55",9,gholdengo-ex,Gholdengo,76,214,297,74,40.8,toxtricity-pfl,Toxtricity Box,3,55.56,overall,2026-05-25T17:08:48.757387+00:00
SVI-PFL,"47,48,49,50,51,52,53,54,55",9,gholdengo-ex,Gholdengo,76,214,297,74,40.8,ho-oh-armarouge,Ho-Oh Armarouge,3,66.67,overall,2026-05-25T17:08:48.757387+00:00
SVI-PFL,"47,48,49,50,51,52,53,54,55",9,gholdengo-ex,Gholdengo,76,214,297,74,40.8,festival-lead,Festival Lead,3,33.33,overall,2026-05-25T17:08:48.757387+00:00
SVI-PFL,"47,48,49,50,51,52,53,54,55",9,gholdengo-ex,Gholdengo,76,214,297,74,40.8,greninja-ex,Greninja,3,33.33,overall,2026-05-25T17:08:48.757387+00:00
SVI-PFL,"47,48,49,50,51,52,53,54,55",9,gholdengo-ex,Gholdengo,76,214,297,74,40.8,other,Other,3,33.33,overall,2026-05-25T17:08:48.757387+00:00
SVI-PFL,"47,48,49,50,51,52,53,54,55",9,gholdengo-ex,Gholdengo,76,214,297,74,40.8,slowking-scr,Slowking,2,100.0,overall,2026-05-25T17:08:48.757387+00:00
SVI-PFL,"47,48,49,50,51,52,53,54,55",9,gholdengo-ex,Gholdengo,76,214,297,74,40.8,crustle-dri,Crustle,2,50.0,overall,2026-05-25T17:08:48.757387+00:00
SVI-PFL,"47,48,49,50,51,52,53,54,55",9,gholdengo-ex,Gholdengo,76,214,297,74,40.8,mega-venusaur-ex,Mega Venusaur,2,16.67,overall,2026-05-25T17:08:48.757387+00:00
SVI-PFL,"47,48,49,50,51,52,53,54,55",9,gholdengo-ex,Gholdengo,76,214,297,74,40.8,froslass-munkidori,Froslass Munkidori,2,0.0,overall,2026-05-25T17:08:48.757387+00:00
SVI-PFL,"47,48,49,50,51,52,53,54,55",9,gholdengo-ex,Gholdengo,76,214,297,74,40.8,espathra-ex,Espathra,2,100.0,overall,2026-05-25T17:08:48.757387+00:00
SVI-PFL,"47,48,49,50,51,52,53,54,55",9,gholdengo-ex,Gholdengo,76,214,297,74,40.8,mega-charizard-x-ex,Mega Charizard X,1,100.0,overall,2026-05-25T17:08:48.757387+00:00
SVI-PFL,"47,48,49,50,51,52,53,54,55",9,gholdengo-ex,Gholdengo,76,214,297,74,40.8,gholdengo-ex,Gholdengo,1,50.0,overall,2026-05-25T17:08:48.757387+00:00
SVI-PFL,"47,48,49,50,51,52,53,54,55",9,gholdengo-ex,Gholdengo,76,214,297,74,40.8,mega-lopunny-ex,Mega Lopunny,1,100.0,overall,2026-05-25T17:08:48.757387+00:00
SVI-PFL,"47,48,49,50,51,52,53,54,55",9,gholdengo-ex,Gholdengo,76,214,297,74,40.8,tyranitar-jtg,Tyranitar,1,0.0,overall,2026-05-25T17:08:48.757387+00:00
SVI-PFL,"47,48,49,50,51,52,53,54,55",9,gholdengo-ex,Gholdengo,76,214,297,74,40.8,blaziken-ex-jtg,Blaziken,1,0.0,overall,2026-05-25T17:08:48.757387+00:00
SVI-PFL,"47,48,49,50,51,52,53,54,55",9,gholdengo-ex,Gholdengo,76,214,297,74,40.8,dragapult-iron-thorns,Dragapult Iron Thorns,1,100.0,overall,2026-05-25T17:08:48.757387+00:00
SVI-PFL,"47,48,49,50,51,52,53,54,55",9,gholdengo-ex,Gholdengo,76,214,297,74,40.8,dragapult-ex,Dragapult,1,100.0,overall,2026-05-25T17:08:48.757387+00:00
SVI-PFL,"47,48,49,50,51,52,53,54,55",9,gholdengo-ex,Gholdengo,76,214,297,74,40.8,wugtrio-svi,Wugtrio Mill,1,100.0,overall,2026-05-25T17:08:48.757387+00:00
SVI-PFL,"47,48,49,50,51,52,53,54,55",9,gholdengo-ex,Gholdengo,76,214,297,74,40.8,gholdengo-typhlosion,Gholdengo Typhlosion,1,0.0,overall,2026-05-25T17:08:48.757387+00:00
SVI-PFL,"47,48,49,50,51,52,53,54,55",9,gholdengo-ex,Gholdengo,76,214,297,74,40.8,charizard-dragapult,Charizard Dragapult,1,0.0,overall,2026-05-25T17:08:48.757387+00:00
SVI-PFL,"47,48,49,50,51,52,53,54,55",9,gholdengo-ex,Gholdengo,76,214,297,74,40.8,archaludon-ex,Archaludon,1,0.0,overall,2026-05-25T17:08:48.757387+00:00
SVI-PFL,"47,48,49,50,51,52,53,54,55",9,gholdengo-ex,Gholdengo,76,214,297,74,40.8,dragapult-blaziken,Dragapult Blaziken,1,0.0,overall,2026-05-25T17:08:48.757387+00:00
SVI-PFL,"47,48,49,50,51,52,53,54,55",9,gholdengo-ex,Gholdengo,76,214,297,74,40.8,palafin-ex,Palafin,1,100.0,overall,2026-05-25T17:08:48.757387+00:00
SVI-PFL,"47,48,49,50,51,52,53,54,55",9,gholdengo-ex,Gholdengo,76,214,297,74,40.8,rocket-mewtwo-ex,Rocket's Mewtwo,1,33.33,overall,2026-05-25T17:08:48.757387+00:00
SVI-PFL,"47,48,49,50,51,52,53,54,55",9,gholdengo-ex,Gholdengo,76,214,297,74,40.8,zoroark-crustle,Zoroark Crustle,1,100.0,overall,2026-05-25T17:08:48.757387+00:00
SVI-PFL,"47,48,49,50,51,52,53,54,55",9,gholdengo-ex,Gholdengo,76,214,297,74,40.8,mega-kangaskhan-ex,Mega Kangaskhan,1,100.0,overall,2026-05-25T17:08:48.757387+00:00
SVI-PFL,"47,48,49,50,51,52,53,54,55",9,gholdengo-ex,Gholdengo,76,214,297,74,40.8,chien-pao-baxcalibur,Chien-Pao Baxcalibur,1,100.0,overall,2026-05-25T17:08:48.757387+00:00
SVI-PFL,"47,48,49,50,51,52,53,54,55",9,gholdengo-ex,Gholdengo,76,214,297,74,40.8,misty-gyarados,Misty's Gyarados,1,0.0,overall,2026-05-25T17:08:48.757387+00:00
SVI-PFL,"47,48,49,50,51,52,53,54,55",9,gholdengo-ex,Gholdengo,76,214,297,74,40.8,dragapult-pidgeot,Dragapult Pidgeot,1,100.0,overall,2026-05-25T17:08:48.757387+00:00
SVI-PFL,"47,48,49,50,51,52,53,54,55",9,gholdengo-ex,Gholdengo,76,214,297,74,40.8,iron-thorns-crustle,Iron Thorns Crustle,1,0.0,overall,2026-05-25T17:08:48.757387+00:00
SVI-PFL,"47,48,49,50,51,52,53,54,55",9,gholdengo-ex,Gholdengo,76,214,297,74,40.8,ogerpon-meganium,Ogerpon Meganium,1,0.0,overall,2026-05-25T17:08:48.757387+00:00
SVI-PFL,"47,48,49,50,51,52,53,54,55",9,gholdengo-ex,Gholdengo,76,214,297,74,40.8,mimikyu-ogerpon,Mimikyu Ogerpon,1,100.0,overall,2026-05-25T17:08:48.757387+00:00
SVI-PFL,"47,48,49,50,51,52,53,54,55",9,gholdengo-ex,Gholdengo,76,214,297,74,40.8,scovillain-ex,Scovillain,1,100.0,overall,2026-05-25T17:08:48.757387+00:00
SVI-PFL,"47,48,49,50,51,52,53,54,55",9,gholdengo-ex,Gholdengo,76,214,297,74,40.8,manectric-eelektrik,Manectric Eelektrik,1,33.33,overall,2026-05-25T17:08:48.757387+00:00
SVI-PFL,"47,48,49,50,51,52,53,54,55",9,gholdengo-ex,Gholdengo,76,214,297,74,40.8,great-tusk-tef,Great Tusk Mill,1,0.0,overall,2026-05-25T17:08:48.757387+00:00
SVI-PFL,"47,48,49,50,51,52,53,54,55",9,gholdengo-ex,Gholdengo,76,214,297,74,40.8,hop-zacian,Hop's Zacian,1,100.0,overall,2026-05-25T17:08:48.757387+00:00
SVI-PFL,"47,48,49,50,51,52,53,54,55",9,gholdengo-ex,Gholdengo,76,214,297,74,40.8,reging-bolt-bellibolt,Raging Bolt Bellibolt,1,0.0,overall,2026-05-25T17:08:48.757387+00:00
SVI-PFL,"47,48,49,50,51,52,53,54,55",9,gholdengo-ex,Gholdengo,76,214,297,74,40.8,ancient-box,Ancient Box,1,0.0,overall,2026-05-25T17:08:48.757387+00:00
SVI-PFL,"47,48,49,50,51,52,53,54,55",9,gholdengo-ex,Gholdengo,76,214,297,74,40.8,roaring-moon-ex,Roaring Moon,1,0.0,overall,2026-05-25T17:08:48.757387+00:00
SVI-PFL,"47,48,49,50,51,52,53,54,55",9,gholdengo-ex,Gholdengo,76,214,297,74,40.8,mega-lucario-ex,Mega Lucario,1,0.0,overall,2026-05-25T17:08:48.757387+00:00
SVI-PFL,"47,48,49,50,51,52,53,54,55",9,gholdengo-ex,Gholdengo,76,214,297,74,40.8,kangaskhan-forretress,Kangaskhan Forretress,1,100.0,overall,2026-05-25T17:08:48.757387+00:00
SVI-PFL,"47,48,49,50,51,52,53,54,55",9,gholdengo-joltik-box,Gholdengo Joltik Box,80,294,290,104,47.77,gholdengo-lunatone,Gholdengo Lunatone,111,46.25,overall,2026-05-25T17:08:51.681813+00:00
SVI-PFL,"47,48,49,50,51,52,53,54,55",9,gholdengo-joltik-box,Gholdengo Joltik Box,80,294,290,104,47.77,dragapult-dusknoir,Dragapult Dusknoir,102,50.65,overall,2026-05-25T17:08:51.681813+00:00
SVI-PFL,"47,48,49,50,51,52,53,54,55",9,gholdengo-joltik-box,Gholdengo Joltik Box,80,294,290,104,47.77,gardevoir-jellicent,Gardevoir Jellicent,53,58.49,overall,2026-05-25T17:08:51.681813+00:00
SVI-PFL,"47,48,49,50,51,52,53,54,55",9,gholdengo-joltik-box,Gholdengo Joltik Box,80,294,290,104,47.77,charizard-noctowl,Charizard Noctowl,51,29.41,overall,2026-05-25T17:08:51.681813+00:00
SVI-PFL,"47,48,49,50,51,52,53,54,55",9,gholdengo-joltik-box,Gholdengo Joltik Box,80,294,290,104,47.77,gardevoir-ex-sv,Gardevoir,39,49.57,overall,2026-05-25T17:08:51.681813+00:00
SVI-PFL,"47,48,49,50,51,52,53,54,55",9,gholdengo-joltik-box,Gholdengo Joltik Box,80,294,290,104,47.77,raging-bolt-ogerpon,Raging Bolt Ogerpon,32,48.96,overall,2026-05-25T17:08:51.681813+00:00
SVI-PFL,"47,48,49,50,51,52,53,54,55",9,gholdengo-joltik-box,Gholdengo Joltik Box,80,294,290,104,47.77,grimmsnarl-froslass,Grimmsnarl Froslass,30,55.56,overall,2026-05-25T17:08:51.681813+00:00
SVI-PFL,"47,48,49,50,51,52,53,54,55",9,gholdengo-joltik-box,Gholdengo Joltik Box,80,294,290,104,47.77,mega-absol-box,Mega Absol Box,27,35.8,overall,2026-05-25T17:08:51.681813+00:00
SVI-PFL,"47,48,49,50,51,52,53,54,55",9,gholdengo-joltik-box,Gholdengo Joltik Box,80,294,290,104,47.77,charizard-pidgeot,Charizard Pidgeot,27,34.57,overall,2026-05-25T17:08:51.681813+00:00
SVI-PFL,"47,48,49,50,51,52,53,54,55",9,gholdengo-joltik-box,Gholdengo Joltik Box,80,294,290,104,47.77,ceruledge-ex,Ceruledge,22,46.97,overall,2026-05-25T17:08:51.681813+00:00
SVI-PFL,"47,48,49,50,51,52,53,54,55",9,gholdengo-joltik-box,Gholdengo Joltik Box,80,294,290,104,47.77,n-zoroark,N's Zoroark,22,74.24,overall,2026-05-25T17:08:51.681813+00:00
SVI-PFL,"47,48,49,50,51,52,53,54,55",9,gholdengo-joltik-box,Gholdengo Joltik Box,80,294,290,104,47.77,dragapult-charizard,Dragapult Charizard,18,40.74,overall,2026-05-25T17:08:51.681813+00:00
SVI-PFL,"47,48,49,50,51,52,53,54,55",9,gholdengo-joltik-box,Gholdengo Joltik Box,80,294,290,104,47.77,alakazam-dudunsparce,Alakazam Dudunsparce,12,27.78,overall,2026-05-25T17:08:51.681813+00:00
SVI-PFL,"47,48,49,50,51,52,53,54,55",9,gholdengo-joltik-box,Gholdengo Joltik Box,80,294,290,104,47.77,flareon-noctowl,Flareon Noctowl,9,66.67,overall,2026-05-25T17:08:51.681813+00:00
SVI-PFL,"47,48,49,50,51,52,53,54,55",9,gholdengo-joltik-box,Gholdengo Joltik Box,80,294,290,104,47.77,lopunny-dusknoir,Lopunny Dusknoir,8,37.5,overall,2026-05-25T17:08:51.681813+00:00
SVI-PFL,"47,48,49,50,51,52,53,54,55",9,gholdengo-joltik-box,Gholdengo Joltik Box,80,294,290,104,47.77,kangaskhan-bouffalant,Kangaskhan Bouffalant,8,75.0,overall,2026-05-25T17:08:51.681813+00:00
SVI-PFL,"47,48,49,50,51,52,53,54,55",9,gholdengo-joltik-box,Gholdengo Joltik Box,80,294,290,104,47.77,tera-box,Tera Box,8,45.83,overall,2026-05-25T17:08:51.681813+00:00
SVI-PFL,"47,48,49,50,51,52,53,54,55",9,gholdengo-joltik-box,Gholdengo Joltik Box,80,294,290,104,47.77,joltik-box,Joltik Box,7,28.57,overall,2026-05-25T17:08:51.681813+00:00
SVI-PFL,"47,48,49,50,51,52,53,54,55",9,gholdengo-joltik-box,Gholdengo Joltik Box,80,294,290,104,47.77,crustle-dri,Crustle,7,14.29,overall,2026-05-25T17:08:51.681813+00:00
SVI-PFL,"47,48,49,50,51,52,53,54,55",9,gholdengo-joltik-box,Gholdengo Joltik Box,80,294,290,104,47.77,mega-venusaur-ex,Mega Venusaur,6,38.89,overall,2026-05-25T17:08:51.681813+00:00
SVI-PFL,"47,48,49,50,51,52,53,54,55",9,gholdengo-joltik-box,Gholdengo Joltik Box,80,294,290,104,47.77,greninja-ex,Greninja,6,38.89,overall,2026-05-25T17:08:51.681813+00:00
SVI-PFL,"47,48,49,50,51,52,53,54,55",9,gholdengo-joltik-box,Gholdengo Joltik Box,80,294,290,104,47.77,gholdengo-ex,Gholdengo,5,80.0,overall,2026-05-25T17:08:51.681813+00:00
SVI-PFL,"47,48,49,50,51,52,53,54,55",9,gholdengo-joltik-box,Gholdengo Joltik Box,80,294,290,104,47.77,cynthia-garchomp-ex,Cynthia's Garchomp,5,46.67,overall,2026-05-25T17:08:51.681813+00:00
SVI-PFL,"47,48,49,50,51,52,53,54,55",9,gholdengo-joltik-box,Gholdengo Joltik Box,80,294,290,104,47.77,iron-hands-magneton,Iron Hands Magneton,5,46.67,overall,2026-05-25T17:08:51.681813+00:00
SVI-PFL,"47,48,49,50,51,52,53,54,55",9,gholdengo-joltik-box,Gholdengo Joltik Box,80,294,290,104,47.77,sharpedo-toxtricity,Sharpedo Toxtricity,4,25.0,overall,2026-05-25T17:08:51.681813+00:00
SVI-PFL,"47,48,49,50,51,52,53,54,55",9,gholdengo-joltik-box,Gholdengo Joltik Box,80,294,290,104,47.77,pidgeot-control,Pidgeot Control,4,25.0,overall,2026-05-25T17:08:51.681813+00:00
SVI-PFL,"47,48,49,50,51,52,53,54,55",9,gholdengo-joltik-box,Gholdengo Joltik Box,80,294,290,104,47.77,hydrapple-ogerpon,Hydrapple Ogerpon,3,77.78,overall,2026-05-25T17:08:51.681813+00:00
SVI-PFL,"47,48,49,50,51,52,53,54,55",9,gholdengo-joltik-box,Gholdengo Joltik Box,80,294,290,104,47.77,ethan-typhlosion,Ethan's Typhlosion,3,55.56,overall,2026-05-25T17:08:51.681813+00:00
SVI-PFL,"47,48,49,50,51,52,53,54,55",9,gholdengo-joltik-box,Gholdengo Joltik Box,80,294,290,104,47.77,slowking-scr,Slowking,3,100.0,overall,2026-05-25T17:08:51.681813+00:00
SVI-PFL,"47,48,49,50,51,52,53,54,55",9,gholdengo-joltik-box,Gholdengo Joltik Box,80,294,290,104,47.77,charizard-ex,Charizard,3,77.78,overall,2026-05-25T17:08:51.681813+00:00
SVI-PFL,"47,48,49,50,51,52,53,54,55",9,gholdengo-joltik-box,Gholdengo Joltik Box,80,294,290,104,47.77,hydreigon-ex,Hydreigon,3,77.78,overall,2026-05-25T17:08:51.681813+00:00
SVI-PFL,"47,48,49,50,51,52,53,54,55",9,gholdengo-joltik-box,Gholdengo Joltik Box,80,294,290,104,47.77,toxtricity-pfl,Toxtricity Box,3,66.67,overall,2026-05-25T17:08:51.681813+00:00
SVI-PFL,"47,48,49,50,51,52,53,54,55",9,gholdengo-joltik-box,Gholdengo Joltik Box,80,294,290,104,47.77,lucario-hariyama,Lucario Hariyama,3,66.67,overall,2026-05-25T17:08:51.681813+00:00
SVI-PFL,"47,48,49,50,51,52,53,54,55",9,gholdengo-joltik-box,Gholdengo Joltik Box,80,294,290,104,47.77,ursaluna-lunatone,Ursaluna Lunatone,2,16.67,overall,2026-05-25T17:08:51.681813+00:00
SVI-PFL,"47,48,49,50,51,52,53,54,55",9,gholdengo-joltik-box,Gholdengo Joltik Box,80,294,290,104,47.77,archaludon-ex,Archaludon,2,66.67,overall,2026-05-25T17:08:51.681813+00:00
SVI-PFL,"47,48,49,50,51,52,53,54,55",9,gholdengo-joltik-box,Gholdengo Joltik Box,80,294,290,104,47.77,roaring-moon-ex,Roaring Moon,2,66.67,overall,2026-05-25T17:08:51.681813+00:00
SVI-PFL,"47,48,49,50,51,52,53,54,55",9,gholdengo-joltik-box,Gholdengo Joltik Box,80,294,290,104,47.77,festival-lead,Festival Lead,2,100.0,overall,2026-05-25T17:08:51.681813+00:00
SVI-PFL,"47,48,49,50,51,52,53,54,55",9,gholdengo-joltik-box,Gholdengo Joltik Box,80,294,290,104,47.77,dragapult-blaziken,Dragapult Blaziken,2,50.0,overall,2026-05-25T17:08:51.681813+00:00
SVI-PFL,"47,48,49,50,51,52,53,54,55",9,gholdengo-joltik-box,Gholdengo Joltik Box,80,294,290,104,47.77,slaking-ex,Slaking,2,33.33,overall,2026-05-25T17:08:51.681813+00:00
SVI-PFL,"47,48,49,50,51,52,53,54,55",9,gholdengo-joltik-box,Gholdengo Joltik Box,80,294,290,104,47.77,alakazam-meg,Alakazam,2,50.0,overall,2026-05-25T17:08:51.681813+00:00
SVI-PFL,"47,48,49,50,51,52,53,54,55",9,gholdengo-joltik-box,Gholdengo Joltik Box,80,294,290,104,47.77,seaking-pre,Seaking Festival Lead,2,0.0,overall,2026-05-25T17:08:51.681813+00:00
SVI-PFL,"47,48,49,50,51,52,53,54,55",9,gholdengo-joltik-box,Gholdengo Joltik Box,80,294,290,104,47.77,marnie-grimmsnarl-ex,Marnie's Grimmsnarl,2,66.67,overall,2026-05-25T17:08:51.681813+00:00
SVI-PFL,"47,48,49,50,51,52,53,54,55",9,gholdengo-joltik-box,Gholdengo Joltik Box,80,294,290,104,47.77,dragapult-ex,Dragapult,2,100.0,overall,2026-05-25T17:08:51.681813+00:00
SVI-PFL,"47,48,49,50,51,52,53,54,55",9,gholdengo-joltik-box,Gholdengo Joltik Box,80,294,290,104,47.77,rocket-mewtwo-ex,Rocket's Mewtwo,1,0.0,overall,2026-05-25T17:08:51.681813+00:00
SVI-PFL,"47,48,49,50,51,52,53,54,55",9,gholdengo-joltik-box,Gholdengo Joltik Box,80,294,290,104,47.77,dragapult-iron-thorns,Dragapult Iron Thorns,1,0.0,overall,2026-05-25T17:08:51.681813+00:00
SVI-PFL,"47,48,49,50,51,52,53,54,55",9,gholdengo-joltik-box,Gholdengo Joltik Box,80,294,290,104,47.77,zoroark-crustle,Zoroark Crustle,1,0.0,overall,2026-05-25T17:08:51.681813+00:00
SVI-PFL,"47,48,49,50,51,52,53,54,55",9,gholdengo-joltik-box,Gholdengo Joltik Box,80,294,290,104,47.77,meowscarada-ex,Meowscarada,1,100.0,overall,2026-05-25T17:08:51.681813+00:00
SVI-PFL,"47,48,49,50,51,52,53,54,55",9,gholdengo-joltik-box,Gholdengo Joltik Box,80,294,290,104,47.77,chien-pao-baxcalibur,Chien-Pao Baxcalibur,1,100.0,overall,2026-05-25T17:08:51.681813+00:00
SVI-PFL,"47,48,49,50,51,52,53,54,55",9,gholdengo-joltik-box,Gholdengo Joltik Box,80,294,290,104,47.77,gholdengo-typhlosion,Gholdengo Typhlosion,1,100.0,overall,2026-05-25T17:08:51.681813+00:00
SVI-PFL,"47,48,49,50,51,52,53,54,55",9,gholdengo-joltik-box,Gholdengo Joltik Box,80,294,290,104,47.77,iron-thorns-crustle,Iron Thorns Crustle,1,0.0,overall,2026-05-25T17:08:51.681813+00:00
SVI-PFL,"47,48,49,50,51,52,53,54,55",9,gholdengo-joltik-box,Gholdengo Joltik Box,80,294,290,104,47.77,raging-bolt-ex,Raging Bolt,1,0.0,overall,2026-05-25T17:08:51.681813+00:00
SVI-PFL,"47,48,49,50,51,52,53,54,55",9,gholdengo-joltik-box,Gholdengo Joltik Box,80,294,290,104,47.77,hydrapple-ex,Hydrapple,1,100.0,overall,2026-05-25T17:08:51.681813+00:00
SVI-PFL,"47,48,49,50,51,52,53,54,55",9,gholdengo-joltik-box,Gholdengo Joltik Box,80,294,290,104,47.77,froslass-munkidori,Froslass Munkidori,1,33.33,overall,2026-05-25T17:08:51.681813+00:00
SVI-PFL,"47,48,49,50,51,52,53,54,55",9,gholdengo-joltik-box,Gholdengo Joltik Box,80,294,290,104,47.77,kangaskhan-forretress,Kangaskhan Forretress,1,0.0,overall,2026-05-25T17:08:51.681813+00:00
SVI-PFL,"47,48,49,50,51,52,53,54,55",9,gholdengo-joltik-box,Gholdengo Joltik Box,80,294,290,104,47.77,conkeldurr-twm,Conkeldurr,1,0.0,overall,2026-05-25T17:08:51.681813+00:00
SVI-PFL,"47,48,49,50,51,52,53,54,55",9,gholdengo-joltik-box,Gholdengo Joltik Box,80,294,290,104,47.77,mega-abomasnow-ex,Mega Abomasnow,1,100.0,overall,2026-05-25T17:08:51.681813+00:00
SVI-PFL,"47,48,49,50,51,52,53,54,55",9,gholdengo-joltik-box,Gholdengo Joltik Box,80,294,290,104,47.77,wugtrio-svi,Wugtrio Mill,1,100.0,overall,2026-05-25T17:08:51.681813+00:00
SVI-PFL,"47,48,49,50,51,52,53,54,55",9,gholdengo-joltik-box,Gholdengo Joltik Box,80,294,290,104,47.77,other,Other,1,33.33,overall,2026-05-25T17:08:51.681813+00:00
SVI-PFL,"47,48,49,50,51,52,53,54,55",9,gholdengo-joltik-box,Gholdengo Joltik Box,80,294,290,104,47.77,toedscruel-ex,Toedscruel,1,33.33,overall,2026-05-25T17:08:51.681813+00:00
SVI-PFL,"47,48,49,50,51,52,53,54,55",9,gholdengo-lunatone,Gholdengo Lunatone,2696,9795,9230,3446,48.7,dragapult-dusknoir,Dragapult Dusknoir,3424,52.41,overall,2026-05-25T17:08:54.693367+00:00
SVI-PFL,"47,48,49,50,51,52,53,54,55",9,gholdengo-lunatone,Gholdengo Lunatone,2696,9795,9230,3446,48.7,gholdengo-lunatone,Gholdengo Lunatone,1854,47.73,overall,2026-05-25T17:08:54.693367+00:00
SVI-PFL,"47,48,49,50,51,52,53,54,55",9,gholdengo-lunatone,Gholdengo Lunatone,2696,9795,9230,3446,48.7,charizard-noctowl,Charizard Noctowl,1553,43.06,overall,2026-05-25T17:08:54.693367+00:00
SVI-PFL,"47,48,49,50,51,52,53,54,55",9,gholdengo-lunatone,Gholdengo Lunatone,2696,9795,9230,3446,48.7,gardevoir-ex-sv,Gardevoir,1505,47.0,overall,2026-05-25T17:08:54.693367+00:00
SVI-PFL,"47,48,49,50,51,52,53,54,55",9,gholdengo-lunatone,Gholdengo Lunatone,2696,9795,9230,3446,48.7,gardevoir-jellicent,Gardevoir Jellicent,1398,45.88,overall,2026-05-25T17:08:54.693367+00:00
SVI-PFL,"47,48,49,50,51,52,53,54,55",9,gholdengo-lunatone,Gholdengo Lunatone,2696,9795,9230,3446,48.7,mega-absol-box,Mega Absol Box,1039,49.79,overall,2026-05-25T17:08:54.693367+00:00
SVI-PFL,"47,48,49,50,51,52,53,54,55",9,gholdengo-lunatone,Gholdengo Lunatone,2696,9795,9230,3446,48.7,charizard-pidgeot,Charizard Pidgeot,988,46.19,overall,2026-05-25T17:08:54.693367+00:00
SVI-PFL,"47,48,49,50,51,52,53,54,55",9,gholdengo-lunatone,Gholdengo Lunatone,2696,9795,9230,3446,48.7,grimmsnarl-froslass,Grimmsnarl Froslass,936,48.36,overall,2026-05-25T17:08:54.693367+00:00
SVI-PFL,"47,48,49,50,51,52,53,54,55",9,gholdengo-lunatone,Gholdengo Lunatone,2696,9795,9230,3446,48.7,raging-bolt-ogerpon,Raging Bolt Ogerpon,892,50.97,overall,2026-05-25T17:08:54.693367+00:00
SVI-PFL,"47,48,49,50,51,52,53,54,55",9,gholdengo-lunatone,Gholdengo Lunatone,2696,9795,9230,3446,48.7,n-zoroark,N's Zoroark,659,53.01,overall,2026-05-25T17:08:54.693367+00:00
SVI-PFL,"47,48,49,50,51,52,53,54,55",9,gholdengo-lunatone,Gholdengo Lunatone,2696,9795,9230,3446,48.7,alakazam-dudunsparce,Alakazam Dudunsparce,582,36.37,overall,2026-05-25T17:08:54.693367+00:00
SVI-PFL,"47,48,49,50,51,52,53,54,55",9,gholdengo-lunatone,Gholdengo Lunatone,2696,9795,9230,3446,48.7,dragapult-charizard,Dragapult Charizard,538,39.9,overall,2026-05-25T17:08:54.693367+00:00
SVI-PFL,"47,48,49,50,51,52,53,54,55",9,gholdengo-lunatone,Gholdengo Lunatone,2696,9795,9230,3446,48.7,ceruledge-ex,Ceruledge,536,39.49,overall,2026-05-25T17:08:54.693367+00:00
SVI-PFL,"47,48,49,50,51,52,53,54,55",9,gholdengo-lunatone,Gholdengo Lunatone,2696,9795,9230,3446,48.7,kangaskhan-bouffalant,Kangaskhan Bouffalant,432,60.73,overall,2026-05-25T17:08:54.693367+00:00
SVI-PFL,"47,48,49,50,51,52,53,54,55",9,gholdengo-lunatone,Gholdengo Lunatone,2696,9795,9230,3446,48.7,flareon-noctowl,Flareon Noctowl,357,38.56,overall,2026-05-25T17:08:54.693367+00:00
SVI-PFL,"47,48,49,50,51,52,53,54,55",9,gholdengo-lunatone,Gholdengo Lunatone,2696,9795,9230,3446,48.7,tera-box,Tera Box,329,49.04,overall,2026-05-25T17:08:54.693367+00:00
SVI-PFL,"47,48,49,50,51,52,53,54,55",9,gholdengo-lunatone,Gholdengo Lunatone,2696,9795,9230,3446,48.7,lopunny-dusknoir,Lopunny Dusknoir,273,64.96,overall,2026-05-25T17:08:54.693367+00:00
SVI-PFL,"47,48,49,50,51,52,53,54,55",9,gholdengo-lunatone,Gholdengo Lunatone,2696,9795,9230,3446,48.7,joltik-box,Joltik Box,262,57.25,overall,2026-05-25T17:08:54.693367+00:00
SVI-PFL,"47,48,49,50,51,52,53,54,55",9,gholdengo-lunatone,Gholdengo Lunatone,2696,9795,9230,3446,48.7,greninja-ex,Greninja,243,55.69,overall,2026-05-25T17:08:54.693367+00:00
SVI-PFL,"47,48,49,50,51,52,53,54,55",9,gholdengo-lunatone,Gholdengo Lunatone,2696,9795,9230,3446,48.7,mega-venusaur-ex,Mega Venusaur,160,54.37,overall,2026-05-25T17:08:54.693367+00:00
SVI-PFL,"47,48,49,50,51,52,53,54,55",9,gholdengo-lunatone,Gholdengo Lunatone,2696,9795,9230,3446,48.7,iron-hands-magneton,Iron Hands Magneton,139,53.24,overall,2026-05-25T17:08:54.693367+00:00
SVI-PFL,"47,48,49,50,51,52,53,54,55",9,gholdengo-lunatone,Gholdengo Lunatone,2696,9795,9230,3446,48.7,other,Other,138,58.21,overall,2026-05-25T17:08:54.693367+00:00
SVI-PFL,"47,48,49,50,51,52,53,54,55",9,gholdengo-lunatone,Gholdengo Lunatone,2696,9795,9230,3446,48.7,lucario-hariyama,Lucario Hariyama,133,61.65,overall,2026-05-25T17:08:54.693367+00:00
SVI-PFL,"47,48,49,50,51,52,53,54,55",9,gholdengo-lunatone,Gholdengo Lunatone,2696,9795,9230,3446,48.7,cynthia-garchomp-ex,Cynthia's Garchomp,131,66.92,overall,2026-05-25T17:08:54.693367+00:00
SVI-PFL,"47,48,49,50,51,52,53,54,55",9,gholdengo-lunatone,Gholdengo Lunatone,2696,9795,9230,3446,48.7,crustle-dri,Crustle,118,28.53,overall,2026-05-25T17:08:54.693367+00:00
SVI-PFL,"47,48,49,50,51,52,53,54,55",9,gholdengo-lunatone,Gholdengo Lunatone,2696,9795,9230,3446,48.7,pidgeot-control,Pidgeot Control,114,42.11,overall,2026-05-25T17:08:54.693367+00:00
SVI-PFL,"47,48,49,50,51,52,53,54,55",9,gholdengo-lunatone,Gholdengo Lunatone,2696,9795,9230,3446,48.7,gholdengo-joltik-box,Gholdengo Joltik Box,111,48.95,overall,2026-05-25T17:08:54.693367+00:00
SVI-PFL,"47,48,49,50,51,52,53,54,55",9,gholdengo-lunatone,Gholdengo Lunatone,2696,9795,9230,3446,48.7,sharpedo-toxtricity,Sharpedo Toxtricity,109,71.56,overall,2026-05-25T17:08:54.693367+00:00
SVI-PFL,"47,48,49,50,51,52,53,54,55",9,gholdengo-lunatone,Gholdengo Lunatone,2696,9795,9230,3446,48.7,slowking-scr,Slowking,108,46.91,overall,2026-05-25T17:08:54.693367+00:00
SVI-PFL,"47,48,49,50,51,52,53,54,55",9,gholdengo-lunatone,Gholdengo Lunatone,2696,9795,9230,3446,48.7,froslass-munkidori,Froslass Munkidori,105,30.79,overall,2026-05-25T17:08:54.693367+00:00
SVI-PFL,"47,48,49,50,51,52,53,54,55",9,gholdengo-lunatone,Gholdengo Lunatone,2696,9795,9230,3446,48.7,gholdengo-ex,Gholdengo,78,51.28,overall,2026-05-25T17:08:54.693367+00:00
SVI-PFL,"47,48,49,50,51,52,53,54,55",9,gholdengo-lunatone,Gholdengo Lunatone,2696,9795,9230,3446,48.7,ethan-typhlosion,Ethan's Typhlosion,77,37.23,overall,2026-05-25T17:08:54.693367+00:00
SVI-PFL,"47,48,49,50,51,52,53,54,55",9,gholdengo-lunatone,Gholdengo Lunatone,2696,9795,9230,3446,48.7,seaking-pre,Seaking Festival Lead,69,36.71,overall,2026-05-25T17:08:54.693367+00:00
SVI-PFL,"47,48,49,50,51,52,53,54,55",9,gholdengo-lunatone,Gholdengo Lunatone,2696,9795,9230,3446,48.7,dragapult-ex,Dragapult,67,50.25,overall,2026-05-25T17:08:54.693367+00:00
SVI-PFL,"47,48,49,50,51,52,53,54,55",9,gholdengo-lunatone,Gholdengo Lunatone,2696,9795,9230,3446,48.7,festival-lead,Festival Lead,67,48.76,overall,2026-05-25T17:08:54.693367+00:00
SVI-PFL,"47,48,49,50,51,52,53,54,55",9,gholdengo-lunatone,Gholdengo Lunatone,2696,9795,9230,3446,48.7,ho-oh-armarouge,Ho-Oh Armarouge,65,35.9,overall,2026-05-25T17:08:54.693367+00:00
SVI-PFL,"47,48,49,50,51,52,53,54,55",9,gholdengo-lunatone,Gholdengo Lunatone,2696,9795,9230,3446,48.7,conkeldurr-twm,Conkeldurr,58,25.29,overall,2026-05-25T17:08:54.693367+00:00
SVI-PFL,"47,48,49,50,51,52,53,54,55",9,gholdengo-lunatone,Gholdengo Lunatone,2696,9795,9230,3446,48.7,rocket-mewtwo-ex,Rocket's Mewtwo,54,66.05,overall,2026-05-25T17:08:54.693367+00:00
SVI-PFL,"47,48,49,50,51,52,53,54,55",9,gholdengo-lunatone,Gholdengo Lunatone,2696,9795,9230,3446,48.7,ursaluna-lunatone,Ursaluna Lunatone,50,34.0,overall,2026-05-25T17:08:54.693367+00:00
SVI-PFL,"47,48,49,50,51,52,53,54,55",9,gholdengo-lunatone,Gholdengo Lunatone,2696,9795,9230,3446,48.7,toxtricity-pfl,Toxtricity Box,40,67.5,overall,2026-05-25T17:08:54.693367+00:00
SVI-PFL,"47,48,49,50,51,52,53,54,55",9,gholdengo-lunatone,Gholdengo Lunatone,2696,9795,9230,3446,48.7,dragapult-blaziken,Dragapult Blaziken,38,44.74,overall,2026-05-25T17:08:54.693367+00:00
SVI-PFL,"47,48,49,50,51,52,53,54,55",9,gholdengo-lunatone,Gholdengo Lunatone,2696,9795,9230,3446,48.7,hydreigon-ex,Hydreigon,36,70.37,overall,2026-05-25T17:08:54.693367+00:00
SVI-PFL,"47,48,49,50,51,52,53,54,55",9,gholdengo-lunatone,Gholdengo Lunatone,2696,9795,9230,3446,48.7,hydrapple-ogerpon,Hydrapple Ogerpon,35,60.95,overall,2026-05-25T17:08:54.693367+00:00
SVI-PFL,"47,48,49,50,51,52,53,54,55",9,gholdengo-lunatone,Gholdengo Lunatone,2696,9795,9230,3446,48.7,manectric-eelektrik,Manectric Eelektrik,34,80.39,overall,2026-05-25T17:08:54.693367+00:00
SVI-PFL,"47,48,49,50,51,52,53,54,55",9,gholdengo-lunatone,Gholdengo Lunatone,2696,9795,9230,3446,48.7,roaring-moon-ex,Roaring Moon,34,74.51,overall,2026-05-25T17:08:54.693367+00:00
SVI-PFL,"47,48,49,50,51,52,53,54,55",9,gholdengo-lunatone,Gholdengo Lunatone,2696,9795,9230,3446,48.7,marnie-grimmsnarl-ex,Marnie's Grimmsnarl,32,56.25,overall,2026-05-25T17:08:54.693367+00:00
SVI-PFL,"47,48,49,50,51,52,53,54,55",9,gholdengo-lunatone,Gholdengo Lunatone,2696,9795,9230,3446,48.7,ogerpon-meganium,Ogerpon Meganium,27,50.62,overall,2026-05-25T17:08:54.693367+00:00
SVI-PFL,"47,48,49,50,51,52,53,54,55",9,gholdengo-lunatone,Gholdengo Lunatone,2696,9795,9230,3446,48.7,gholdengo-typhlosion,Gholdengo Typhlosion,25,28.0,overall,2026-05-25T17:08:54.693367+00:00
SVI-PFL,"47,48,49,50,51,52,53,54,55",9,gholdengo-lunatone,Gholdengo Lunatone,2696,9795,9230,3446,48.7,mega-lucario-ex,Mega Lucario,22,71.21,overall,2026-05-25T17:08:54.693367+00:00
SVI-PFL,"47,48,49,50,51,52,53,54,55",9,gholdengo-lunatone,Gholdengo Lunatone,2696,9795,9230,3446,48.7,archaludon-ex,Archaludon,21,80.95,overall,2026-05-25T17:08:54.693367+00:00
SVI-PFL,"47,48,49,50,51,52,53,54,55",9,gholdengo-lunatone,Gholdengo Lunatone,2696,9795,9230,3446,48.7,slaking-ex,Slaking,19,61.4,overall,2026-05-25T17:08:54.693367+00:00
SVI-PFL,"47,48,49,50,51,52,53,54,55",9,gholdengo-lunatone,Gholdengo Lunatone,2696,9795,9230,3446,48.7,kangaskhan-forretress,Kangaskhan Forretress,17,45.1,overall,2026-05-25T17:08:54.693367+00:00
SVI-PFL,"47,48,49,50,51,52,53,54,55",9,gholdengo-lunatone,Gholdengo Lunatone,2696,9795,9230,3446,48.7,hop-zacian,Hop's Zacian,17,64.71,overall,2026-05-25T17:08:54.693367+00:00
SVI-PFL,"47,48,49,50,51,52,53,54,55",9,gholdengo-lunatone,Gholdengo Lunatone,2696,9795,9230,3446,48.7,chien-pao-baxcalibur,Chien-Pao Baxcalibur,17,68.63,overall,2026-05-25T17:08:54.693367+00:00
SVI-PFL,"47,48,49,50,51,52,53,54,55",9,gholdengo-lunatone,Gholdengo Lunatone,2696,9795,9230,3446,48.7,charizard-ex,Charizard,16,72.92,overall,2026-05-25T17:08:54.693367+00:00
SVI-PFL,"47,48,49,50,51,52,53,54,55",9,gholdengo-lunatone,Gholdengo Lunatone,2696,9795,9230,3446,48.7,iron-thorns-crustle,Iron Thorns Crustle,15,28.89,overall,2026-05-25T17:08:54.693367+00:00
SVI-PFL,"47,48,49,50,51,52,53,54,55",9,gholdengo-lunatone,Gholdengo Lunatone,2696,9795,9230,3446,48.7,mega-lopunny-ex,Mega Lopunny,14,59.52,overall,2026-05-25T17:08:54.693367+00:00
SVI-PFL,"47,48,49,50,51,52,53,54,55",9,gholdengo-lunatone,Gholdengo Lunatone,2696,9795,9230,3446,48.7,miraidon-eelektrik,Miraidon Eelektrik,13,58.97,overall,2026-05-25T17:08:54.693367+00:00
SVI-PFL,"47,48,49,50,51,52,53,54,55",9,gholdengo-lunatone,Gholdengo Lunatone,2696,9795,9230,3446,48.7,alakazam-meg,Alakazam,13,15.38,overall,2026-05-25T17:08:54.693367+00:00
SVI-PFL,"47,48,49,50,51,52,53,54,55",9,gholdengo-lunatone,Gholdengo Lunatone,2696,9795,9230,3446,48.7,espathra-xatu,Espathra Xatu,12,77.78,overall,2026-05-25T17:08:54.693367+00:00
SVI-PFL,"47,48,49,50,51,52,53,54,55",9,gholdengo-lunatone,Gholdengo Lunatone,2696,9795,9230,3446,48.7,mamoswine-ex,Mamoswine,11,75.76,overall,2026-05-25T17:08:54.693367+00:00
SVI-PFL,"47,48,49,50,51,52,53,54,55",9,gholdengo-lunatone,Gholdengo Lunatone,2696,9795,9230,3446,48.7,mega-charizard-x-ex,Mega Charizard X,10,83.33,overall,2026-05-25T17:08:54.693367+00:00
SVI-PFL,"47,48,49,50,51,52,53,54,55",9,gholdengo-lunatone,Gholdengo Lunatone,2696,9795,9230,3446,48.7,tyranitar-jtg,Tyranitar,10,36.67,overall,2026-05-25T17:08:54.693367+00:00
SVI-PFL,"47,48,49,50,51,52,53,54,55",9,gholdengo-lunatone,Gholdengo Lunatone,2696,9795,9230,3446,48.7,wugtrio-svi,Wugtrio Mill,10,70.0,overall,2026-05-25T17:08:54.693367+00:00
SVI-PFL,"47,48,49,50,51,52,53,54,55",9,gholdengo-lunatone,Gholdengo Lunatone,2696,9795,9230,3446,48.7,rocket-spidops,Rocket's Spidops,9,66.67,overall,2026-05-25T17:08:54.693367+00:00
SVI-PFL,"47,48,49,50,51,52,53,54,55",9,gholdengo-lunatone,Gholdengo Lunatone,2696,9795,9230,3446,48.7,yanmega-ex,Yanmega,8,66.67,overall,2026-05-25T17:08:54.693367+00:00
SVI-PFL,"47,48,49,50,51,52,53,54,55",9,gholdengo-lunatone,Gholdengo Lunatone,2696,9795,9230,3446,48.7,charizard-dragapult,Charizard Dragapult,8,62.5,overall,2026-05-25T17:08:54.693367+00:00
SVI-PFL,"47,48,49,50,51,52,53,54,55",9,gholdengo-lunatone,Gholdengo Lunatone,2696,9795,9230,3446,48.7,mega-kangaskhan-ex,Mega Kangaskhan,8,87.5,overall,2026-05-25T17:08:54.693367+00:00
SVI-PFL,"47,48,49,50,51,52,53,54,55",9,gholdengo-lunatone,Gholdengo Lunatone,2696,9795,9230,3446,48.7,mega-abomasnow-ex,Mega Abomasnow,8,75.0,overall,2026-05-25T17:08:54.693367+00:00
SVI-PFL,"47,48,49,50,51,52,53,54,55",9,gholdengo-lunatone,Gholdengo Lunatone,2696,9795,9230,3446,48.7,toedscruel-ex,Toedscruel,8,50.0,overall,2026-05-25T17:08:54.693367+00:00
SVI-PFL,"47,48,49,50,51,52,53,54,55",9,gholdengo-lunatone,Gholdengo Lunatone,2696,9795,9230,3446,48.7,ethan-magcargo,Ethan's Magcargo,8,12.5,overall,2026-05-25T17:08:54.693367+00:00
SVI-PFL,"47,48,49,50,51,52,53,54,55",9,gholdengo-lunatone,Gholdengo Lunatone,2696,9795,9230,3446,48.7,raging-bolt-ex,Raging Bolt,7,47.62,overall,2026-05-25T17:08:54.693367+00:00
SVI-PFL,"47,48,49,50,51,52,53,54,55",9,gholdengo-lunatone,Gholdengo Lunatone,2696,9795,9230,3446,48.7,tsareena-ex,Tsareena,7,100.0,overall,2026-05-25T17:08:54.693367+00:00
SVI-PFL,"47,48,49,50,51,52,53,54,55",9,gholdengo-lunatone,Gholdengo Lunatone,2696,9795,9230,3446,48.7,blaziken-ex-jtg,Blaziken,6,66.67,overall,2026-05-25T17:08:54.693367+00:00
SVI-PFL,"47,48,49,50,51,52,53,54,55",9,gholdengo-lunatone,Gholdengo Lunatone,2696,9795,9230,3446,48.7,palafin-ex,Palafin,6,55.56,overall,2026-05-25T17:08:54.693367+00:00
SVI-PFL,"47,48,49,50,51,52,53,54,55",9,gholdengo-lunatone,Gholdengo Lunatone,2696,9795,9230,3446,48.7,charizard-greninja,Charizard Greninja,6,83.33,overall,2026-05-25T17:08:54.693367+00:00
SVI-PFL,"47,48,49,50,51,52,53,54,55",9,gholdengo-lunatone,Gholdengo Lunatone,2696,9795,9230,3446,48.7,great-tusk-tef,Great Tusk Mill,6,72.22,overall,2026-05-25T17:08:54.693367+00:00
SVI-PFL,"47,48,49,50,51,52,53,54,55",9,gholdengo-lunatone,Gholdengo Lunatone,2696,9795,9230,3446,48.7,iono-bellibolt,Iono's Bellibolt,6,66.67,overall,2026-05-25T17:08:54.693367+00:00
SVI-PFL,"47,48,49,50,51,52,53,54,55",9,gholdengo-lunatone,Gholdengo Lunatone,2696,9795,9230,3446,48.7,reging-bolt-bellibolt,Raging Bolt Bellibolt,5,100.0,overall,2026-05-25T17:08:54.693367+00:00
SVI-PFL,"47,48,49,50,51,52,53,54,55",9,gholdengo-lunatone,Gholdengo Lunatone,2696,9795,9230,3446,48.7,okidogi-twm,Okidogi,5,26.67,overall,2026-05-25T17:08:54.693367+00:00
SVI-PFL,"47,48,49,50,51,52,53,54,55",9,gholdengo-lunatone,Gholdengo Lunatone,2696,9795,9230,3446,48.7,rocket-porygon-z,Rocket's Porygon-Z,5,40.0,overall,2026-05-25T17:08:54.693367+00:00
SVI-PFL,"47,48,49,50,51,52,53,54,55",9,gholdengo-lunatone,Gholdengo Lunatone,2696,9795,9230,3446,48.7,okidogi-ex,Okidogi,5,80.0,overall,2026-05-25T17:08:54.693367+00:00
SVI-PFL,"47,48,49,50,51,52,53,54,55",9,gholdengo-lunatone,Gholdengo Lunatone,2696,9795,9230,3446,48.7,dragapult-pidgeot,Dragapult Pidgeot,5,66.67,overall,2026-05-25T17:08:54.693367+00:00
SVI-PFL,"47,48,49,50,51,52,53,54,55",9,gholdengo-lunatone,Gholdengo Lunatone,2696,9795,9230,3446,48.7,milotic-ex,Milotic,5,60.0,overall,2026-05-25T17:08:54.693367+00:00
SVI-PFL,"47,48,49,50,51,52,53,54,55",9,gholdengo-lunatone,Gholdengo Lunatone,2696,9795,9230,3446,48.7,mega-latias-ex,Mega Latias,4,50.0,overall,2026-05-25T17:08:54.693367+00:00
SVI-PFL,"47,48,49,50,51,52,53,54,55",9,gholdengo-lunatone,Gholdengo Lunatone,2696,9795,9230,3446,48.7,flareon-ex,Flareon,4,50.0,overall,2026-05-25T17:08:54.693367+00:00
SVI-PFL,"47,48,49,50,51,52,53,54,55",9,gholdengo-lunatone,Gholdengo Lunatone,2696,9795,9230,3446,48.7,paldean-tauros-pfl,Paldean Tauros,4,58.33,overall,2026-05-25T17:08:54.693367+00:00
SVI-PFL,"47,48,49,50,51,52,53,54,55",9,gholdengo-lunatone,Gholdengo Lunatone,2696,9795,9230,3446,48.7,terapagos-noctowl,Terapagos Noctowl,4,100.0,overall,2026-05-25T17:08:54.693367+00:00
SVI-PFL,"47,48,49,50,51,52,53,54,55",9,gholdengo-lunatone,Gholdengo Lunatone,2696,9795,9230,3446,48.7,feraligatr-tef,Feraligatr,4,100.0,overall,2026-05-25T17:08:54.693367+00:00
SVI-PFL,"47,48,49,50,51,52,53,54,55",9,gholdengo-lunatone,Gholdengo Lunatone,2696,9795,9230,3446,48.7,iron-hands-ex,Future Hands,4,75.0,overall,2026-05-25T17:08:54.693367+00:00
SVI-PFL,"47,48,49,50,51,52,53,54,55",9,gholdengo-lunatone,Gholdengo Lunatone,2696,9795,9230,3446,48.7,gouging-fire-ex,Gouging Fire,3,100.0,overall,2026-05-25T17:08:54.693367+00:00
SVI-PFL,"47,48,49,50,51,52,53,54,55",9,gholdengo-lunatone,Gholdengo Lunatone,2696,9795,9230,3446,48.7,sinistcha-ogerpon,Sinistcha Ogerpon,3,100.0,overall,2026-05-25T17:08:54.693367+00:00
SVI-PFL,"47,48,49,50,51,52,53,54,55",9,gholdengo-lunatone,Gholdengo Lunatone,2696,9795,9230,3446,48.7,forretress-ex,Forretress,3,0.0,overall,2026-05-25T17:08:54.693367+00:00
SVI-PFL,"47,48,49,50,51,52,53,54,55",9,gholdengo-lunatone,Gholdengo Lunatone,2696,9795,9230,3446,48.7,poison-terapagos,Poison Terapagos,3,55.56,overall,2026-05-25T17:08:54.693367+00:00
SVI-PFL,"47,48,49,50,51,52,53,54,55",9,gholdengo-lunatone,Gholdengo Lunatone,2696,9795,9230,3446,48.7,ogerpon-ex,Ogerpon,3,77.78,overall,2026-05-25T17:08:54.693367+00:00
SVI-PFL,"47,48,49,50,51,52,53,54,55",9,gholdengo-lunatone,Gholdengo Lunatone,2696,9795,9230,3446,48.7,future-box,Future Box,3,100.0,overall,2026-05-25T17:08:54.693367+00:00
SVI-PFL,"47,48,49,50,51,52,53,54,55",9,gholdengo-lunatone,Gholdengo Lunatone,2696,9795,9230,3446,48.7,n-zoroark-lucario,Zoroark Lucario,2,100.0,overall,2026-05-25T17:08:54.693367+00:00
SVI-PFL,"47,48,49,50,51,52,53,54,55",9,gholdengo-lunatone,Gholdengo Lunatone,2696,9795,9230,3446,48.7,heatran-metang,Heatran Metang,2,16.67,overall,2026-05-25T17:08:54.693367+00:00
SVI-PFL,"47,48,49,50,51,52,53,54,55",9,gholdengo-lunatone,Gholdengo Lunatone,2696,9795,9230,3446,48.7,ursaluna-iron-valiant,Ursaluna Iron Valiant,2,100.0,overall,2026-05-25T17:08:54.693367+00:00
SVI-PFL,"47,48,49,50,51,52,53,54,55",9,gholdengo-lunatone,Gholdengo Lunatone,2696,9795,9230,3446,48.7,farigiraf-milotic,Farigiraf Milotic,2,50.0,overall,2026-05-25T17:08:54.693367+00:00
SVI-PFL,"47,48,49,50,51,52,53,54,55",9,gholdengo-lunatone,Gholdengo Lunatone,2696,9795,9230,3446,48.7,gholdengo-dudunsparce,Gholdengo Dudunsparce,2,50.0,overall,2026-05-25T17:08:54.693367+00:00
SVI-PFL,"47,48,49,50,51,52,53,54,55",9,gholdengo-lunatone,Gholdengo Lunatone,2696,9795,9230,3446,48.7,misty-gyarados,Misty's Gyarados,2,100.0,overall,2026-05-25T17:08:54.693367+00:00
SVI-PFL,"47,48,49,50,51,52,53,54,55",9,gholdengo-lunatone,Gholdengo Lunatone,2696,9795,9230,3446,48.7,espathra-ex,Espathra,2,66.67,overall,2026-05-25T17:08:54.693367+00:00
SVI-PFL,"47,48,49,50,51,52,53,54,55",9,gholdengo-lunatone,Gholdengo Lunatone,2696,9795,9230,3446,48.7,tinkaton-ex,Tinkaton,2,66.67,overall,2026-05-25T17:08:54.693367+00:00
SVI-PFL,"47,48,49,50,51,52,53,54,55",9,gholdengo-lunatone,Gholdengo Lunatone,2696,9795,9230,3446,48.7,alakazam-ex,Alakazam,2,100.0,overall,2026-05-25T17:08:54.693367+00:00
SVI-PFL,"47,48,49,50,51,52,53,54,55",9,gholdengo-lunatone,Gholdengo Lunatone,2696,9795,9230,3446,48.7,cinderace-ex,Cinderace,2,66.67,overall,2026-05-25T17:08:54.693367+00:00
SVI-PFL,"47,48,49,50,51,52,53,54,55",9,gholdengo-lunatone,Gholdengo Lunatone,2696,9795,9230,3446,48.7,gengar-ex,Gengar,2,50.0,overall,2026-05-25T17:08:54.693367+00:00
SVI-PFL,"47,48,49,50,51,52,53,54,55",9,gholdengo-lunatone,Gholdengo Lunatone,2696,9795,9230,3446,48.7,iron-valiant-ex,Iron Valiant,2,50.0,overall,2026-05-25T17:08:54.693367+00:00
SVI-PFL,"47,48,49,50,51,52,53,54,55",9,gholdengo-lunatone,Gholdengo Lunatone,2696,9795,9230,3446,48.7,espathra-froslass,Espathra Froslass,2,0.0,overall,2026-05-25T17:08:54.693367+00:00
SVI-PFL,"47,48,49,50,51,52,53,54,55",9,gholdengo-lunatone,Gholdengo Lunatone,2696,9795,9230,3446,48.7,dragapult-iron-thorns,Dragapult Iron Thorns,1,100.0,overall,2026-05-25T17:08:54.693367+00:00
SVI-PFL,"47,48,49,50,51,52,53,54,55",9,gholdengo-lunatone,Gholdengo Lunatone,2696,9795,9230,3446,48.7,incineroar-ex,Incineroar,1,0.0,overall,2026-05-25T17:08:54.693367+00:00
SVI-PFL,"47,48,49,50,51,52,53,54,55",9,gholdengo-lunatone,Gholdengo Lunatone,2696,9795,9230,3446,48.7,meowscarada-ex,Meowscarada,1,100.0,overall,2026-05-25T17:08:54.693367+00:00
SVI-PFL,"47,48,49,50,51,52,53,54,55",9,gholdengo-lunatone,Gholdengo Lunatone,2696,9795,9230,3446,48.7,rocket-nidoking-ex,Rocket's Nidoking,1,100.0,overall,2026-05-25T17:08:54.693367+00:00
SVI-PFL,"47,48,49,50,51,52,53,54,55",9,gholdengo-lunatone,Gholdengo Lunatone,2696,9795,9230,3446,48.7,alolan-exeggutor-ex,Alolan Exeggutor ex,1,100.0,overall,2026-05-25T17:08:54.693367+00:00
SVI-PFL,"47,48,49,50,51,52,53,54,55",9,gholdengo-lunatone,Gholdengo Lunatone,2696,9795,9230,3446,48.7,mega-sharpedo-ex,Mega Sharpedo,1,100.0,overall,2026-05-25T17:08:54.693367+00:00
SVI-PFL,"47,48,49,50,51,52,53,54,55",9,gholdengo-lunatone,Gholdengo Lunatone,2696,9795,9230,3446,48.7,blaziken-zoroark,Blaziken Zoroark,1,100.0,overall,2026-05-25T17:08:54.693367+00:00
SVI-PFL,"47,48,49,50,51,52,53,54,55",9,gholdengo-lunatone,Gholdengo Lunatone,2696,9795,9230,3446,48.7,gholdengo-dragapult,Gholdengo Dragapult,1,0.0,overall,2026-05-25T17:08:54.693367+00:00
SVI-PFL,"47,48,49,50,51,52,53,54,55",9,gholdengo-lunatone,Gholdengo Lunatone,2696,9795,9230,3446,48.7,greninja-blaziken,Greninja Blaziken,1,100.0,overall,2026-05-25T17:08:54.693367+00:00
SVI-PFL,"47,48,49,50,51,52,53,54,55",9,gholdengo-lunatone,Gholdengo Lunatone,2696,9795,9230,3446,48.7,mimikyu-ogerpon,Mimikyu Ogerpon,1,100.0,overall,2026-05-25T17:08:54.693367+00:00
SVI-PFL,"47,48,49,50,51,52,53,54,55",9,gholdengo-lunatone,Gholdengo Lunatone,2696,9795,9230,3446,48.7,hydrapple-ex,Hydrapple,1,33.33,overall,2026-05-25T17:08:54.693367+00:00
SVI-PFL,"47,48,49,50,51,52,53,54,55",9,gholdengo-lunatone,Gholdengo Lunatone,2696,9795,9230,3446,48.7,copperajah-ex,Copperajah,1,0.0,overall,2026-05-25T17:08:54.693367+00:00
SVI-PFL,"47,48,49,50,51,52,53,54,55",9,gholdengo-lunatone,Gholdengo Lunatone,2696,9795,9230,3446,48.7,mega-manectric-ex-meg,Mega Manectric,1,100.0,overall,2026-05-25T17:08:54.693367+00:00
SVI-PFL,"47,48,49,50,51,52,53,54,55",9,gholdengo-lunatone,Gholdengo Lunatone,2696,9795,9230,3446,48.7,ancient-box,Ancient Box,1,100.0,overall,2026-05-25T17:08:54.693367+00:00
SVI-PFL,"47,48,49,50,51,52,53,54,55",9,gholdengo-lunatone,Gholdengo Lunatone,2696,9795,9230,3446,48.7,farigiraf-crustle,Farigiraf Crustle,1,100.0,overall,2026-05-25T17:08:54.693367+00:00
SVI-PFL,"47,48,49,50,51,52,53,54,55",9,gholdengo-lunatone,Gholdengo Lunatone,2696,9795,9230,3446,48.7,ranging-bolt-sandy-shocks,Raging Bolt Sandy Shocks,1,100.0,overall,2026-05-25T17:08:54.693367+00:00
SVI-PFL,"47,48,49,50,51,52,53,54,55",9,gholdengo-typhlosion,Gholdengo Typhlosion,10,42,36,12,51.11,gholdengo-lunatone,Gholdengo Lunatone,25,64.0,overall,2026-05-25T17:08:57.570844+00:00
SVI-PFL,"47,48,49,50,51,52,53,54,55",9,gholdengo-typhlosion,Gholdengo Typhlosion,10,42,36,12,51.11,dragapult-dusknoir,Dragapult Dusknoir,14,26.19,overall,2026-05-25T17:08:57.570844+00:00
SVI-PFL,"47,48,49,50,51,52,53,54,55",9,gholdengo-typhlosion,Gholdengo Typhlosion,10,42,36,12,51.11,gardevoir-jellicent,Gardevoir Jellicent,12,52.78,overall,2026-05-25T17:08:57.570844+00:00
SVI-PFL,"47,48,49,50,51,52,53,54,55",9,gholdengo-typhlosion,Gholdengo Typhlosion,10,42,36,12,51.11,gardevoir-ex-sv,Gardevoir,5,60.0,overall,2026-05-25T17:08:57.570844+00:00
SVI-PFL,"47,48,49,50,51,52,53,54,55",9,gholdengo-typhlosion,Gholdengo Typhlosion,10,42,36,12,51.11,raging-bolt-ogerpon,Raging Bolt Ogerpon,5,60.0,overall,2026-05-25T17:08:57.570844+00:00
SVI-PFL,"47,48,49,50,51,52,53,54,55",9,gholdengo-typhlosion,Gholdengo Typhlosion,10,42,36,12,51.11,charizard-noctowl,Charizard Noctowl,4,0.0,overall,2026-05-25T17:08:57.570844+00:00
SVI-PFL,"47,48,49,50,51,52,53,54,55",9,gholdengo-typhlosion,Gholdengo Typhlosion,10,42,36,12,51.11,other,Other,2,100.0,overall,2026-05-25T17:08:57.570844+00:00
SVI-PFL,"47,48,49,50,51,52,53,54,55",9,gholdengo-typhlosion,Gholdengo Typhlosion,10,42,36,12,51.11,lopunny-dusknoir,Lopunny Dusknoir,2,0.0,overall,2026-05-25T17:08:57.570844+00:00
SVI-PFL,"47,48,49,50,51,52,53,54,55",9,gholdengo-typhlosion,Gholdengo Typhlosion,10,42,36,12,51.11,alakazam-dudunsparce,Alakazam Dudunsparce,2,0.0,overall,2026-05-25T17:08:57.570844+00:00
SVI-PFL,"47,48,49,50,51,52,53,54,55",9,gholdengo-typhlosion,Gholdengo Typhlosion,10,42,36,12,51.11,mega-absol-box,Mega Absol Box,2,100.0,overall,2026-05-25T17:08:57.570844+00:00
SVI-PFL,"47,48,49,50,51,52,53,54,55",9,gholdengo-typhlosion,Gholdengo Typhlosion,10,42,36,12,51.11,manectric-eelektrik,Manectric Eelektrik,1,100.0,overall,2026-05-25T17:08:57.570844+00:00
SVI-PFL,"47,48,49,50,51,52,53,54,55",9,gholdengo-typhlosion,Gholdengo Typhlosion,10,42,36,12,51.11,joltik-box,Joltik Box,1,0.0,overall,2026-05-25T17:08:57.570844+00:00
SVI-PFL,"47,48,49,50,51,52,53,54,55",9,gholdengo-typhlosion,Gholdengo Typhlosion,10,42,36,12,51.11,slowking-scr,Slowking,1,33.33,overall,2026-05-25T17:08:57.570844+00:00
SVI-PFL,"47,48,49,50,51,52,53,54,55",9,gholdengo-typhlosion,Gholdengo Typhlosion,10,42,36,12,51.11,mega-kangaskhan-ex,Mega Kangaskhan,1,100.0,overall,2026-05-25T17:08:57.570844+00:00
SVI-PFL,"47,48,49,50,51,52,53,54,55",9,gholdengo-typhlosion,Gholdengo Typhlosion,10,42,36,12,51.11,ho-oh-armarouge,Ho-Oh Armarouge,1,0.0,overall,2026-05-25T17:08:57.570844+00:00
SVI-PFL,"47,48,49,50,51,52,53,54,55",9,gholdengo-typhlosion,Gholdengo Typhlosion,10,42,36,12,51.11,blaziken-ex-jtg,Blaziken,1,100.0,overall,2026-05-25T17:08:57.570844+00:00
SVI-PFL,"47,48,49,50,51,52,53,54,55",9,gholdengo-typhlosion,Gholdengo Typhlosion,10,42,36,12,51.11,mega-venusaur-ex,Mega Venusaur,1,0.0,overall,2026-05-25T17:08:57.570844+00:00
SVI-PFL,"47,48,49,50,51,52,53,54,55",9,gholdengo-typhlosion,Gholdengo Typhlosion,10,42,36,12,51.11,gholdengo-ex,Gholdengo,1,100.0,overall,2026-05-25T17:08:57.570844+00:00
SVI-PFL,"47,48,49,50,51,52,53,54,55",9,gholdengo-typhlosion,Gholdengo Typhlosion,10,42,36,12,51.11,kangaskhan-bouffalant,Kangaskhan Bouffalant,1,100.0,overall,2026-05-25T17:08:57.570844+00:00
SVI-PFL,"47,48,49,50,51,52,53,54,55",9,gholdengo-typhlosion,Gholdengo Typhlosion,10,42,36,12,51.11,gholdengo-joltik-box,Gholdengo Joltik Box,1,0.0,overall,2026-05-25T17:08:57.570844+00:00
SVI-PFL,"47,48,49,50,51,52,53,54,55",9,gholdengo-typhlosion,Gholdengo Typhlosion,10,42,36,12,51.11,grimmsnarl-froslass,Grimmsnarl Froslass,1,0.0,overall,2026-05-25T17:08:57.570844+00:00
SVI-PFL,"47,48,49,50,51,52,53,54,55",9,gholdengo-typhlosion,Gholdengo Typhlosion,10,42,36,12,51.11,charizard-pidgeot,Charizard Pidgeot,1,33.33,overall,2026-05-25T17:08:57.570844+00:00
SVI-PFL,"47,48,49,50,51,52,53,54,55",9,gholdengo-typhlosion,Gholdengo Typhlosion,10,42,36,12,51.11,flareon-noctowl,Flareon Noctowl,1,100.0,overall,2026-05-25T17:08:57.570844+00:00
SVI-PFL,"47,48,49,50,51,52,53,54,55",9,gholdengo-typhlosion,Gholdengo Typhlosion,10,42,36,12,51.11,dragapult-charizard,Dragapult Charizard,1,100.0,overall,2026-05-25T17:08:57.570844+00:00
SVI-PFL,"47,48,49,50,51,52,53,54,55",9,gholdengo-typhlosion,Gholdengo Typhlosion,10,42,36,12,51.11,blaziken-zoroark,Blaziken Zoroark,1,100.0,overall,2026-05-25T17:08:57.570844+00:00
SVI-PFL,"47,48,49,50,51,52,53,54,55",9,gouging-fire-ex,Gouging Fire,1,2,4,1,33.33,gholdengo-lunatone,Gholdengo Lunatone,3,0.0,overall,2026-05-25T17:09:00.570426+00:00
SVI-PFL,"47,48,49,50,51,52,53,54,55",9,gouging-fire-ex,Gouging Fire,1,2,4,1,33.33,dragapult-dusknoir,Dragapult Dusknoir,1,33.33,overall,2026-05-25T17:09:00.570426+00:00
SVI-PFL,"47,48,49,50,51,52,53,54,55",9,gouging-fire-ex,Gouging Fire,1,2,4,1,33.33,grimmsnarl-froslass,Grimmsnarl Froslass,1,100.0,overall,2026-05-25T17:09:00.570426+00:00
SVI-PFL,"47,48,49,50,51,52,53,54,55",9,gouging-fire-ex,Gouging Fire,1,2,4,1,33.33,alakazam-dudunsparce,Alakazam Dudunsparce,1,0.0,overall,2026-05-25T17:09:00.570426+00:00
SVI-PFL,"47,48,49,50,51,52,53,54,55",9,gouging-fire-ex,Gouging Fire,1,2,4,1,33.33,gardevoir-jellicent,Gardevoir Jellicent,1,100.0,overall,2026-05-25T17:09:00.570426+00:00
SVI-PFL,"47,48,49,50,51,52,53,54,55",9,great-tusk-tef,Great Tusk Mill,7,12,28,8,30.56,gholdengo-lunatone,Gholdengo Lunatone,6,22.22,overall,2026-05-25T17:09:03.488487+00:00
SVI-PFL,"47,48,49,50,51,52,53,54,55",9,great-tusk-tef,Great Tusk Mill,7,12,28,8,30.56,mega-absol-box,Mega Absol Box,5,0.0,overall,2026-05-25T17:09:03.488487+00:00
SVI-PFL,"47,48,49,50,51,52,53,54,55",9,great-tusk-tef,Great Tusk Mill,7,12,28,8,30.56,raging-bolt-ogerpon,Raging Bolt Ogerpon,5,20.0,overall,2026-05-25T17:09:03.488487+00:00
SVI-PFL,"47,48,49,50,51,52,53,54,55",9,great-tusk-tef,Great Tusk Mill,7,12,28,8,30.56,gardevoir-jellicent,Gardevoir Jellicent,4,33.33,overall,2026-05-25T17:09:03.488487+00:00
SVI-PFL,"47,48,49,50,51,52,53,54,55",9,great-tusk-tef,Great Tusk Mill,7,12,28,8,30.56,dragapult-dusknoir,Dragapult Dusknoir,4,33.33,overall,2026-05-25T17:09:03.488487+00:00
SVI-PFL,"47,48,49,50,51,52,53,54,55",9,great-tusk-tef,Great Tusk Mill,7,12,28,8,30.56,gardevoir-ex-sv,Gardevoir,3,0.0,overall,2026-05-25T17:09:03.488487+00:00
SVI-PFL,"47,48,49,50,51,52,53,54,55",9,great-tusk-tef,Great Tusk Mill,7,12,28,8,30.56,kangaskhan-bouffalant,Kangaskhan Bouffalant,2,16.67,overall,2026-05-25T17:09:03.488487+00:00
SVI-PFL,"47,48,49,50,51,52,53,54,55",9,great-tusk-tef,Great Tusk Mill,7,12,28,8,30.56,n-zoroark,N's Zoroark,2,100.0,overall,2026-05-25T17:09:03.488487+00:00
SVI-PFL,"47,48,49,50,51,52,53,54,55",9,great-tusk-tef,Great Tusk Mill,7,12,28,8,30.56,mega-venusaur-ex,Mega Venusaur,1,0.0,overall,2026-05-25T17:09:03.488487+00:00
SVI-PFL,"47,48,49,50,51,52,53,54,55",9,great-tusk-tef,Great Tusk Mill,7,12,28,8,30.56,miraidon-eelektrik,Miraidon Eelektrik,1,33.33,overall,2026-05-25T17:09:03.488487+00:00
SVI-PFL,"47,48,49,50,51,52,53,54,55",9,great-tusk-tef,Great Tusk Mill,7,12,28,8,30.56,toxtricity-pfl,Toxtricity Box,1,0.0,overall,2026-05-25T17:09:03.488487+00:00
SVI-PFL,"47,48,49,50,51,52,53,54,55",9,great-tusk-tef,Great Tusk Mill,7,12,28,8,30.56,ceruledge-ex,Ceruledge,1,0.0,overall,2026-05-25T17:09:03.488487+00:00
SVI-PFL,"47,48,49,50,51,52,53,54,55",9,great-tusk-tef,Great Tusk Mill,7,12,28,8,30.56,blaziken-ex-jtg,Blaziken,1,100.0,overall,2026-05-25T17:09:03.488487+00:00
SVI-PFL,"47,48,49,50,51,52,53,54,55",9,great-tusk-tef,Great Tusk Mill,7,12,28,8,30.56,other,Other,1,0.0,overall,2026-05-25T17:09:03.488487+00:00
SVI-PFL,"47,48,49,50,51,52,53,54,55",9,great-tusk-tef,Great Tusk Mill,7,12,28,8,30.56,hydrapple-ogerpon,Hydrapple Ogerpon,1,0.0,overall,2026-05-25T17:09:03.488487+00:00
SVI-PFL,"47,48,49,50,51,52,53,54,55",9,great-tusk-tef,Great Tusk Mill,7,12,28,8,30.56,scovillain-ex,Scovillain,1,0.0,overall,2026-05-25T17:09:03.488487+00:00
SVI-PFL,"47,48,49,50,51,52,53,54,55",9,great-tusk-tef,Great Tusk Mill,7,12,28,8,30.56,pidgeot-control,Pidgeot Control,1,33.33,overall,2026-05-25T17:09:03.488487+00:00
SVI-PFL,"47,48,49,50,51,52,53,54,55",9,great-tusk-tef,Great Tusk Mill,7,12,28,8,30.56,cynthia-garchomp-ex,Cynthia's Garchomp,1,100.0,overall,2026-05-25T17:09:03.488487+00:00
SVI-PFL,"47,48,49,50,51,52,53,54,55",9,great-tusk-tef,Great Tusk Mill,7,12,28,8,30.56,gholdengo-ex,Gholdengo,1,100.0,overall,2026-05-25T17:09:03.488487+00:00
SVI-PFL,"47,48,49,50,51,52,53,54,55",9,great-tusk-tef,Great Tusk Mill,7,12,28,8,30.56,alakazam-dudunsparce,Alakazam Dudunsparce,1,33.33,overall,2026-05-25T17:09:03.488487+00:00
SVI-PFL,"47,48,49,50,51,52,53,54,55",9,great-tusk-tef,Great Tusk Mill,7,12,28,8,30.56,grimmsnarl-froslass,Grimmsnarl Froslass,1,0.0,overall,2026-05-25T17:09:03.488487+00:00
SVI-PFL,"47,48,49,50,51,52,53,54,55",9,great-tusk-tef,Great Tusk Mill,7,12,28,8,30.56,mega-lucario-ex,Mega Lucario,1,100.0,overall,2026-05-25T17:09:03.488487+00:00
SVI-PFL,"47,48,49,50,51,52,53,54,55",9,great-tusk-tef,Great Tusk Mill,7,12,28,8,30.56,charizard-pidgeot,Charizard Pidgeot,1,33.33,overall,2026-05-25T17:09:03.488487+00:00
SVI-PFL,"47,48,49,50,51,52,53,54,55",9,great-tusk-tef,Great Tusk Mill,7,12,28,8,30.56,ursaluna-lunatone,Ursaluna Lunatone,1,100.0,overall,2026-05-25T17:09:03.488487+00:00
SVI-PFL,"47,48,49,50,51,52,53,54,55",9,great-tusk-tef,Great Tusk Mill,7,12,28,8,30.56,charizard-noctowl,Charizard Noctowl,1,100.0,overall,2026-05-25T17:09:03.488487+00:00
SVI-PFL,"47,48,49,50,51,52,53,54,55",9,greninja-blaziken,Greninja Blaziken,1,2,4,2,33.33,dragapult-dusknoir,Dragapult Dusknoir,2,66.67,overall,2026-05-25T17:09:06.398698+00:00
SVI-PFL,"47,48,49,50,51,52,53,54,55",9,greninja-blaziken,Greninja Blaziken,1,2,4,2,33.33,ceruledge-ex,Ceruledge,1,33.33,overall,2026-05-25T17:09:06.398698+00:00
SVI-PFL,"47,48,49,50,51,52,53,54,55",9,greninja-blaziken,Greninja Blaziken,1,2,4,2,33.33,gardevoir-jellicent,Gardevoir Jellicent,1,0.0,overall,2026-05-25T17:09:06.398698+00:00
SVI-PFL,"47,48,49,50,51,52,53,54,55",9,greninja-blaziken,Greninja Blaziken,1,2,4,2,33.33,hydreigon-ex,Hydreigon,1,100.0,overall,2026-05-25T17:09:06.398698+00:00
SVI-PFL,"47,48,49,50,51,52,53,54,55",9,greninja-blaziken,Greninja Blaziken,1,2,4,2,33.33,charizard-noctowl,Charizard Noctowl,1,0.0,overall,2026-05-25T17:09:06.398698+00:00
SVI-PFL,"47,48,49,50,51,52,53,54,55",9,greninja-blaziken,Greninja Blaziken,1,2,4,2,33.33,raging-bolt-ogerpon,Raging Bolt Ogerpon,1,0.0,overall,2026-05-25T17:09:06.398698+00:00
SVI-PFL,"47,48,49,50,51,52,53,54,55",9,greninja-blaziken,Greninja Blaziken,1,2,4,2,33.33,gholdengo-lunatone,Gholdengo Lunatone,1,0.0,overall,2026-05-25T17:09:06.398698+00:00
SVI-PFL,"47,48,49,50,51,52,53,54,55",9,greninja-ex,Greninja,170,614,630,168,47.45,gholdengo-lunatone,Gholdengo Lunatone,243,40.05,overall,2026-05-25T17:09:09.329534+00:00
SVI-PFL,"47,48,49,50,51,52,53,54,55",9,greninja-ex,Greninja,170,614,630,168,47.45,dragapult-dusknoir,Dragapult Dusknoir,215,53.33,overall,2026-05-25T17:09:09.329534+00:00
SVI-PFL,"47,48,49,50,51,52,53,54,55",9,greninja-ex,Greninja,170,614,630,168,47.45,charizard-noctowl,Charizard Noctowl,114,49.71,overall,2026-05-25T17:09:09.329534+00:00
SVI-PFL,"47,48,49,50,51,52,53,54,55",9,greninja-ex,Greninja,170,614,630,168,47.45,gardevoir-ex-sv,Gardevoir,98,24.49,overall,2026-05-25T17:09:09.329534+00:00
SVI-PFL,"47,48,49,50,51,52,53,54,55",9,greninja-ex,Greninja,170,614,630,168,47.45,charizard-pidgeot,Charizard Pidgeot,69,53.14,overall,2026-05-25T17:09:09.329534+00:00
SVI-PFL,"47,48,49,50,51,52,53,54,55",9,greninja-ex,Greninja,170,614,630,168,47.45,gardevoir-jellicent,Gardevoir Jellicent,69,28.5,overall,2026-05-25T17:09:09.329534+00:00
SVI-PFL,"47,48,49,50,51,52,53,54,55",9,greninja-ex,Greninja,170,614,630,168,47.45,grimmsnarl-froslass,Grimmsnarl Froslass,66,48.48,overall,2026-05-25T17:09:09.329534+00:00
SVI-PFL,"47,48,49,50,51,52,53,54,55",9,greninja-ex,Greninja,170,614,630,168,47.45,mega-absol-box,Mega Absol Box,57,54.39,overall,2026-05-25T17:09:09.329534+00:00
SVI-PFL,"47,48,49,50,51,52,53,54,55",9,greninja-ex,Greninja,170,614,630,168,47.45,raging-bolt-ogerpon,Raging Bolt Ogerpon,52,35.9,overall,2026-05-25T17:09:09.329534+00:00
SVI-PFL,"47,48,49,50,51,52,53,54,55",9,greninja-ex,Greninja,170,614,630,168,47.45,dragapult-charizard,Dragapult Charizard,44,43.94,overall,2026-05-25T17:09:09.329534+00:00
SVI-PFL,"47,48,49,50,51,52,53,54,55",9,greninja-ex,Greninja,170,614,630,168,47.45,alakazam-dudunsparce,Alakazam Dudunsparce,37,57.66,overall,2026-05-25T17:09:09.329534+00:00
SVI-PFL,"47,48,49,50,51,52,53,54,55",9,greninja-ex,Greninja,170,614,630,168,47.45,n-zoroark,N's Zoroark,37,53.15,overall,2026-05-25T17:09:09.329534+00:00
SVI-PFL,"47,48,49,50,51,52,53,54,55",9,greninja-ex,Greninja,170,614,630,168,47.45,kangaskhan-bouffalant,Kangaskhan Bouffalant,34,69.61,overall,2026-05-25T17:09:09.329534+00:00
SVI-PFL,"47,48,49,50,51,52,53,54,55",9,greninja-ex,Greninja,170,614,630,168,47.45,ceruledge-ex,Ceruledge,27,65.43,overall,2026-05-25T17:09:09.329534+00:00
SVI-PFL,"47,48,49,50,51,52,53,54,55",9,greninja-ex,Greninja,170,614,630,168,47.45,flareon-noctowl,Flareon Noctowl,19,42.11,overall,2026-05-25T17:09:09.329534+00:00
SVI-PFL,"47,48,49,50,51,52,53,54,55",9,greninja-ex,Greninja,170,614,630,168,47.45,tera-box,Tera Box,19,22.81,overall,2026-05-25T17:09:09.329534+00:00
SVI-PFL,"47,48,49,50,51,52,53,54,55",9,greninja-ex,Greninja,170,614,630,168,47.45,lopunny-dusknoir,Lopunny Dusknoir,18,72.22,overall,2026-05-25T17:09:09.329534+00:00
SVI-PFL,"47,48,49,50,51,52,53,54,55",9,greninja-ex,Greninja,170,614,630,168,47.45,joltik-box,Joltik Box,15,75.56,overall,2026-05-25T17:09:09.329534+00:00
SVI-PFL,"47,48,49,50,51,52,53,54,55",9,greninja-ex,Greninja,170,614,630,168,47.45,iron-hands-magneton,Iron Hands Magneton,13,48.72,overall,2026-05-25T17:09:09.329534+00:00
SVI-PFL,"47,48,49,50,51,52,53,54,55",9,greninja-ex,Greninja,170,614,630,168,47.45,sharpedo-toxtricity,Sharpedo Toxtricity,11,54.55,overall,2026-05-25T17:09:09.329534+00:00
SVI-PFL,"47,48,49,50,51,52,53,54,55",9,greninja-ex,Greninja,170,614,630,168,47.45,cynthia-garchomp-ex,Cynthia's Garchomp,10,46.67,overall,2026-05-25T17:09:09.329534+00:00
SVI-PFL,"47,48,49,50,51,52,53,54,55",9,greninja-ex,Greninja,170,614,630,168,47.45,greninja-ex,Greninja,8,47.92,overall,2026-05-25T17:09:09.329534+00:00
SVI-PFL,"47,48,49,50,51,52,53,54,55",9,greninja-ex,Greninja,170,614,630,168,47.45,festival-lead,Festival Lead,7,90.48,overall,2026-05-25T17:09:09.329534+00:00
SVI-PFL,"47,48,49,50,51,52,53,54,55",9,greninja-ex,Greninja,170,614,630,168,47.45,crustle-dri,Crustle,7,9.52,overall,2026-05-25T17:09:09.329534+00:00
SVI-PFL,"47,48,49,50,51,52,53,54,55",9,greninja-ex,Greninja,170,614,630,168,47.45,lucario-hariyama,Lucario Hariyama,7,61.9,overall,2026-05-25T17:09:09.329534+00:00
SVI-PFL,"47,48,49,50,51,52,53,54,55",9,greninja-ex,Greninja,170,614,630,168,47.45,pidgeot-control,Pidgeot Control,6,66.67,overall,2026-05-25T17:09:09.329534+00:00
SVI-PFL,"47,48,49,50,51,52,53,54,55",9,greninja-ex,Greninja,170,614,630,168,47.45,mega-venusaur-ex,Mega Venusaur,6,77.78,overall,2026-05-25T17:09:09.329534+00:00
SVI-PFL,"47,48,49,50,51,52,53,54,55",9,greninja-ex,Greninja,170,614,630,168,47.45,gholdengo-joltik-box,Gholdengo Joltik Box,6,55.56,overall,2026-05-25T17:09:09.329534+00:00
SVI-PFL,"47,48,49,50,51,52,53,54,55",9,greninja-ex,Greninja,170,614,630,168,47.45,froslass-munkidori,Froslass Munkidori,5,60.0,overall,2026-05-25T17:09:09.329534+00:00
SVI-PFL,"47,48,49,50,51,52,53,54,55",9,greninja-ex,Greninja,170,614,630,168,47.45,toxtricity-pfl,Toxtricity Box,5,53.33,overall,2026-05-25T17:09:09.329534+00:00
SVI-PFL,"47,48,49,50,51,52,53,54,55",9,greninja-ex,Greninja,170,614,630,168,47.45,hydrapple-ogerpon,Hydrapple Ogerpon,5,80.0,overall,2026-05-25T17:09:09.329534+00:00
SVI-PFL,"47,48,49,50,51,52,53,54,55",9,greninja-ex,Greninja,170,614,630,168,47.45,roaring-moon-ex,Roaring Moon,4,58.33,overall,2026-05-25T17:09:09.329534+00:00
SVI-PFL,"47,48,49,50,51,52,53,54,55",9,greninja-ex,Greninja,170,614,630,168,47.45,other,Other,4,75.0,overall,2026-05-25T17:09:09.329534+00:00
SVI-PFL,"47,48,49,50,51,52,53,54,55",9,greninja-ex,Greninja,170,614,630,168,47.45,iron-thorns-crustle,Iron Thorns Crustle,4,33.33,overall,2026-05-25T17:09:09.329534+00:00
SVI-PFL,"47,48,49,50,51,52,53,54,55",9,greninja-ex,Greninja,170,614,630,168,47.45,archaludon-ex,Archaludon,4,58.33,overall,2026-05-25T17:09:09.329534+00:00
SVI-PFL,"47,48,49,50,51,52,53,54,55",9,greninja-ex,Greninja,170,614,630,168,47.45,conkeldurr-twm,Conkeldurr,3,77.78,overall,2026-05-25T17:09:09.329534+00:00
SVI-PFL,"47,48,49,50,51,52,53,54,55",9,greninja-ex,Greninja,170,614,630,168,47.45,ursaluna-lunatone,Ursaluna Lunatone,3,66.67,overall,2026-05-25T17:09:09.329534+00:00
SVI-PFL,"47,48,49,50,51,52,53,54,55",9,greninja-ex,Greninja,170,614,630,168,47.45,gholdengo-ex,Gholdengo,3,66.67,overall,2026-05-25T17:09:09.329534+00:00
SVI-PFL,"47,48,49,50,51,52,53,54,55",9,greninja-ex,Greninja,170,614,630,168,47.45,seaking-pre,Seaking Festival Lead,3,0.0,overall,2026-05-25T17:09:09.329534+00:00
SVI-PFL,"47,48,49,50,51,52,53,54,55",9,greninja-ex,Greninja,170,614,630,168,47.45,dragapult-ex,Dragapult,3,44.44,overall,2026-05-25T17:09:09.329534+00:00
SVI-PFL,"47,48,49,50,51,52,53,54,55",9,greninja-ex,Greninja,170,614,630,168,47.45,kangaskhan-forretress,Kangaskhan Forretress,3,100.0,overall,2026-05-25T17:09:09.329534+00:00
SVI-PFL,"47,48,49,50,51,52,53,54,55",9,greninja-ex,Greninja,170,614,630,168,47.45,slowking-scr,Slowking,3,33.33,overall,2026-05-25T17:09:09.329534+00:00
SVI-PFL,"47,48,49,50,51,52,53,54,55",9,greninja-ex,Greninja,170,614,630,168,47.45,mega-lucario-ex,Mega Lucario,2,0.0,overall,2026-05-25T17:09:09.329534+00:00
SVI-PFL,"47,48,49,50,51,52,53,54,55",9,greninja-ex,Greninja,170,614,630,168,47.45,hydreigon-ex,Hydreigon,2,100.0,overall,2026-05-25T17:09:09.329534+00:00
SVI-PFL,"47,48,49,50,51,52,53,54,55",9,greninja-ex,Greninja,170,614,630,168,47.45,alakazam-meg,Alakazam,2,66.67,overall,2026-05-25T17:09:09.329534+00:00
SVI-PFL,"47,48,49,50,51,52,53,54,55",9,greninja-ex,Greninja,170,614,630,168,47.45,dragapult-blaziken,Dragapult Blaziken,2,0.0,overall,2026-05-25T17:09:09.329534+00:00
SVI-PFL,"47,48,49,50,51,52,53,54,55",9,greninja-ex,Greninja,170,614,630,168,47.45,miraidon-eelektrik,Miraidon Eelektrik,2,100.0,overall,2026-05-25T17:09:09.329534+00:00
SVI-PFL,"47,48,49,50,51,52,53,54,55",9,greninja-ex,Greninja,170,614,630,168,47.45,rocket-mewtwo-ex,Rocket's Mewtwo,2,50.0,overall,2026-05-25T17:09:09.329534+00:00
SVI-PFL,"47,48,49,50,51,52,53,54,55",9,greninja-ex,Greninja,170,614,630,168,47.45,blaziken-zoroark,Blaziken Zoroark,2,100.0,overall,2026-05-25T17:09:09.329534+00:00
SVI-PFL,"47,48,49,50,51,52,53,54,55",9,greninja-ex,Greninja,170,614,630,168,47.45,wugtrio-svi,Wugtrio Mill,2,0.0,overall,2026-05-25T17:09:09.329534+00:00
SVI-PFL,"47,48,49,50,51,52,53,54,55",9,greninja-ex,Greninja,170,614,630,168,47.45,hop-zacian,Hop's Zacian,2,100.0,overall,2026-05-25T17:09:09.329534+00:00
SVI-PFL,"47,48,49,50,51,52,53,54,55",9,greninja-ex,Greninja,170,614,630,168,47.45,zoroark-crustle,Zoroark Crustle,1,100.0,overall,2026-05-25T17:09:09.329534+00:00
SVI-PFL,"47,48,49,50,51,52,53,54,55",9,greninja-ex,Greninja,170,614,630,168,47.45,poison-terapagos,Poison Terapagos,1,100.0,overall,2026-05-25T17:09:09.329534+00:00
SVI-PFL,"47,48,49,50,51,52,53,54,55",9,greninja-ex,Greninja,170,614,630,168,47.45,mega-charizard-x-ex,Mega Charizard X,1,0.0,overall,2026-05-25T17:09:09.329534+00:00
SVI-PFL,"47,48,49,50,51,52,53,54,55",9,greninja-ex,Greninja,170,614,630,168,47.45,ethan-typhlosion,Ethan's Typhlosion,1,0.0,overall,2026-05-25T17:09:09.329534+00:00
SVI-PFL,"47,48,49,50,51,52,53,54,55",9,greninja-ex,Greninja,170,614,630,168,47.45,terapagos-noctowl,Terapagos Noctowl,1,0.0,overall,2026-05-25T17:09:09.329534+00:00
SVI-PFL,"47,48,49,50,51,52,53,54,55",9,greninja-ex,Greninja,170,614,630,168,47.45,flareon-ex,Flareon,1,100.0,overall,2026-05-25T17:09:09.329534+00:00
SVI-PFL,"47,48,49,50,51,52,53,54,55",9,greninja-ex,Greninja,170,614,630,168,47.45,chien-pao-baxcalibur,Chien-Pao Baxcalibur,1,33.33,overall,2026-05-25T17:09:09.329534+00:00
SVI-PFL,"47,48,49,50,51,52,53,54,55",9,greninja-ex,Greninja,170,614,630,168,47.45,ogerpon-meganium,Ogerpon Meganium,1,100.0,overall,2026-05-25T17:09:09.329534+00:00
SVI-PFL,"47,48,49,50,51,52,53,54,55",9,greninja-ex,Greninja,170,614,630,168,47.45,iron-hands-ex,Future Hands,1,100.0,overall,2026-05-25T17:09:09.329534+00:00
SVI-PFL,"47,48,49,50,51,52,53,54,55",9,greninja-ex,Greninja,170,614,630,168,47.45,okidogi-twm,Okidogi,1,100.0,overall,2026-05-25T17:09:09.329534+00:00
SVI-PFL,"47,48,49,50,51,52,53,54,55",9,greninja-ex,Greninja,170,614,630,168,47.45,forretress-ex,Forretress,1,0.0,overall,2026-05-25T17:09:09.329534+00:00
SVI-PFL,"47,48,49,50,51,52,53,54,55",9,greninja-ex,Greninja,170,614,630,168,47.45,ogerpon-ex,Ogerpon,1,100.0,overall,2026-05-25T17:09:09.329534+00:00
SVI-PFL,"47,48,49,50,51,52,53,54,55",9,greninja-ex,Greninja,170,614,630,168,47.45,paldean-tauros-pfl,Paldean Tauros,1,100.0,overall,2026-05-25T17:09:09.329534+00:00
SVI-PFL,"47,48,49,50,51,52,53,54,55",9,greninja-ex,Greninja,170,614,630,168,47.45,cinderace-ex,Cinderace,1,100.0,overall,2026-05-25T17:09:09.329534+00:00
SVI-PFL,"47,48,49,50,51,52,53,54,55",9,greninja-ex,Greninja,170,614,630,168,47.45,gengar-ex,Gengar,1,100.0,overall,2026-05-25T17:09:09.329534+00:00
SVI-PFL,"47,48,49,50,51,52,53,54,55",9,greninja-ex,Greninja,170,614,630,168,47.45,marnie-grimmsnarl-ex,Marnie's Grimmsnarl,1,100.0,overall,2026-05-25T17:09:09.329534+00:00
SVI-PFL,"47,48,49,50,51,52,53,54,55",9,grimmsnarl-froslass,Grimmsnarl Froslass,704,2821,2275,1174,51.23,gholdengo-lunatone,Gholdengo Lunatone,936,44.41,overall,2026-05-25T17:09:12.271722+00:00
SVI-PFL,"47,48,49,50,51,52,53,54,55",9,grimmsnarl-froslass,Grimmsnarl Froslass,704,2821,2275,1174,51.23,dragapult-dusknoir,Dragapult Dusknoir,932,57.37,overall,2026-05-25T17:09:12.271722+00:00
SVI-PFL,"47,48,49,50,51,52,53,54,55",9,grimmsnarl-froslass,Grimmsnarl Froslass,704,2821,2275,1174,51.23,gardevoir-ex-sv,Gardevoir,443,56.21,overall,2026-05-25T17:09:12.271722+00:00
SVI-PFL,"47,48,49,50,51,52,53,54,55",9,grimmsnarl-froslass,Grimmsnarl Froslass,704,2821,2275,1174,51.23,charizard-noctowl,Charizard Noctowl,404,52.97,overall,2026-05-25T17:09:12.271722+00:00
SVI-PFL,"47,48,49,50,51,52,53,54,55",9,grimmsnarl-froslass,Grimmsnarl Froslass,704,2821,2275,1174,51.23,gardevoir-jellicent,Gardevoir Jellicent,368,59.06,overall,2026-05-25T17:09:12.271722+00:00
SVI-PFL,"47,48,49,50,51,52,53,54,55",9,grimmsnarl-froslass,Grimmsnarl Froslass,704,2821,2275,1174,51.23,mega-absol-box,Mega Absol Box,360,32.59,overall,2026-05-25T17:09:12.271722+00:00
SVI-PFL,"47,48,49,50,51,52,53,54,55",9,grimmsnarl-froslass,Grimmsnarl Froslass,704,2821,2275,1174,51.23,charizard-pidgeot,Charizard Pidgeot,306,56.32,overall,2026-05-25T17:09:12.271722+00:00
SVI-PFL,"47,48,49,50,51,52,53,54,55",9,grimmsnarl-froslass,Grimmsnarl Froslass,704,2821,2275,1174,51.23,raging-bolt-ogerpon,Raging Bolt Ogerpon,304,44.08,overall,2026-05-25T17:09:12.271722+00:00
SVI-PFL,"47,48,49,50,51,52,53,54,55",9,grimmsnarl-froslass,Grimmsnarl Froslass,704,2821,2275,1174,51.23,n-zoroark,N's Zoroark,181,58.2,overall,2026-05-25T17:09:12.271722+00:00
SVI-PFL,"47,48,49,50,51,52,53,54,55",9,grimmsnarl-froslass,Grimmsnarl Froslass,704,2821,2275,1174,51.23,dragapult-charizard,Dragapult Charizard,174,60.34,overall,2026-05-25T17:09:12.271722+00:00
SVI-PFL,"47,48,49,50,51,52,53,54,55",9,grimmsnarl-froslass,Grimmsnarl Froslass,704,2821,2275,1174,51.23,grimmsnarl-froslass,Grimmsnarl Froslass,167,46.41,overall,2026-05-25T17:09:12.271722+00:00
SVI-PFL,"47,48,49,50,51,52,53,54,55",9,grimmsnarl-froslass,Grimmsnarl Froslass,704,2821,2275,1174,51.23,alakazam-dudunsparce,Alakazam Dudunsparce,160,63.13,overall,2026-05-25T17:09:12.271722+00:00
SVI-PFL,"47,48,49,50,51,52,53,54,55",9,grimmsnarl-froslass,Grimmsnarl Froslass,704,2821,2275,1174,51.23,ceruledge-ex,Ceruledge,134,58.96,overall,2026-05-25T17:09:12.271722+00:00
SVI-PFL,"47,48,49,50,51,52,53,54,55",9,grimmsnarl-froslass,Grimmsnarl Froslass,704,2821,2275,1174,51.23,flareon-noctowl,Flareon Noctowl,88,32.95,overall,2026-05-25T17:09:12.271722+00:00
SVI-PFL,"47,48,49,50,51,52,53,54,55",9,grimmsnarl-froslass,Grimmsnarl Froslass,704,2821,2275,1174,51.23,kangaskhan-bouffalant,Kangaskhan Bouffalant,86,48.84,overall,2026-05-25T17:09:12.271722+00:00
SVI-PFL,"47,48,49,50,51,52,53,54,55",9,grimmsnarl-froslass,Grimmsnarl Froslass,704,2821,2275,1174,51.23,tera-box,Tera Box,74,37.39,overall,2026-05-25T17:09:12.271722+00:00
SVI-PFL,"47,48,49,50,51,52,53,54,55",9,grimmsnarl-froslass,Grimmsnarl Froslass,704,2821,2275,1174,51.23,joltik-box,Joltik Box,74,36.49,overall,2026-05-25T17:09:12.271722+00:00
SVI-PFL,"47,48,49,50,51,52,53,54,55",9,grimmsnarl-froslass,Grimmsnarl Froslass,704,2821,2275,1174,51.23,lopunny-dusknoir,Lopunny Dusknoir,72,50.93,overall,2026-05-25T17:09:12.271722+00:00
SVI-PFL,"47,48,49,50,51,52,53,54,55",9,grimmsnarl-froslass,Grimmsnarl Froslass,704,2821,2275,1174,51.23,greninja-ex,Greninja,66,46.97,overall,2026-05-25T17:09:12.271722+00:00
SVI-PFL,"47,48,49,50,51,52,53,54,55",9,grimmsnarl-froslass,Grimmsnarl Froslass,704,2821,2275,1174,51.23,crustle-dri,Crustle,54,31.48,overall,2026-05-25T17:09:12.271722+00:00
SVI-PFL,"47,48,49,50,51,52,53,54,55",9,grimmsnarl-froslass,Grimmsnarl Froslass,704,2821,2275,1174,51.23,slowking-scr,Slowking,47,45.39,overall,2026-05-25T17:09:12.271722+00:00
SVI-PFL,"47,48,49,50,51,52,53,54,55",9,grimmsnarl-froslass,Grimmsnarl Froslass,704,2821,2275,1174,51.23,mega-venusaur-ex,Mega Venusaur,44,46.97,overall,2026-05-25T17:09:12.271722+00:00
SVI-PFL,"47,48,49,50,51,52,53,54,55",9,grimmsnarl-froslass,Grimmsnarl Froslass,704,2821,2275,1174,51.23,other,Other,36,60.19,overall,2026-05-25T17:09:12.271722+00:00
SVI-PFL,"47,48,49,50,51,52,53,54,55",9,grimmsnarl-froslass,Grimmsnarl Froslass,704,2821,2275,1174,51.23,cynthia-garchomp-ex,Cynthia's Garchomp,31,65.59,overall,2026-05-25T17:09:12.271722+00:00
SVI-PFL,"47,48,49,50,51,52,53,54,55",9,grimmsnarl-froslass,Grimmsnarl Froslass,704,2821,2275,1174,51.23,gholdengo-joltik-box,Gholdengo Joltik Box,30,38.89,overall,2026-05-25T17:09:12.271722+00:00
SVI-PFL,"47,48,49,50,51,52,53,54,55",9,grimmsnarl-froslass,Grimmsnarl Froslass,704,2821,2275,1174,51.23,iron-hands-magneton,Iron Hands Magneton,30,54.44,overall,2026-05-25T17:09:12.271722+00:00
SVI-PFL,"47,48,49,50,51,52,53,54,55",9,grimmsnarl-froslass,Grimmsnarl Froslass,704,2821,2275,1174,51.23,gholdengo-ex,Gholdengo,28,65.48,overall,2026-05-25T17:09:12.271722+00:00
SVI-PFL,"47,48,49,50,51,52,53,54,55",9,grimmsnarl-froslass,Grimmsnarl Froslass,704,2821,2275,1174,51.23,pidgeot-control,Pidgeot Control,27,64.2,overall,2026-05-25T17:09:12.271722+00:00
SVI-PFL,"47,48,49,50,51,52,53,54,55",9,grimmsnarl-froslass,Grimmsnarl Froslass,704,2821,2275,1174,51.23,ethan-typhlosion,Ethan's Typhlosion,25,58.67,overall,2026-05-25T17:09:12.271722+00:00
SVI-PFL,"47,48,49,50,51,52,53,54,55",9,grimmsnarl-froslass,Grimmsnarl Froslass,704,2821,2275,1174,51.23,sharpedo-toxtricity,Sharpedo Toxtricity,23,52.17,overall,2026-05-25T17:09:12.271722+00:00
SVI-PFL,"47,48,49,50,51,52,53,54,55",9,grimmsnarl-froslass,Grimmsnarl Froslass,704,2821,2275,1174,51.23,lucario-hariyama,Lucario Hariyama,23,57.97,overall,2026-05-25T17:09:12.271722+00:00
SVI-PFL,"47,48,49,50,51,52,53,54,55",9,grimmsnarl-froslass,Grimmsnarl Froslass,704,2821,2275,1174,51.23,froslass-munkidori,Froslass Munkidori,23,60.87,overall,2026-05-25T17:09:12.271722+00:00
SVI-PFL,"47,48,49,50,51,52,53,54,55",9,grimmsnarl-froslass,Grimmsnarl Froslass,704,2821,2275,1174,51.23,toxtricity-pfl,Toxtricity Box,18,59.26,overall,2026-05-25T17:09:12.271722+00:00
SVI-PFL,"47,48,49,50,51,52,53,54,55",9,grimmsnarl-froslass,Grimmsnarl Froslass,704,2821,2275,1174,51.23,dragapult-blaziken,Dragapult Blaziken,18,53.7,overall,2026-05-25T17:09:12.271722+00:00
SVI-PFL,"47,48,49,50,51,52,53,54,55",9,grimmsnarl-froslass,Grimmsnarl Froslass,704,2821,2275,1174,51.23,rocket-mewtwo-ex,Rocket's Mewtwo,17,39.22,overall,2026-05-25T17:09:12.271722+00:00
SVI-PFL,"47,48,49,50,51,52,53,54,55",9,grimmsnarl-froslass,Grimmsnarl Froslass,704,2821,2275,1174,51.23,conkeldurr-twm,Conkeldurr,15,71.11,overall,2026-05-25T17:09:12.271722+00:00
SVI-PFL,"47,48,49,50,51,52,53,54,55",9,grimmsnarl-froslass,Grimmsnarl Froslass,704,2821,2275,1174,51.23,ho-oh-armarouge,Ho-Oh Armarouge,15,55.56,overall,2026-05-25T17:09:12.271722+00:00
SVI-PFL,"47,48,49,50,51,52,53,54,55",9,grimmsnarl-froslass,Grimmsnarl Froslass,704,2821,2275,1174,51.23,archaludon-ex,Archaludon,14,69.05,overall,2026-05-25T17:09:12.271722+00:00
SVI-PFL,"47,48,49,50,51,52,53,54,55",9,grimmsnarl-froslass,Grimmsnarl Froslass,704,2821,2275,1174,51.23,festival-lead,Festival Lead,14,54.76,overall,2026-05-25T17:09:12.271722+00:00
SVI-PFL,"47,48,49,50,51,52,53,54,55",9,grimmsnarl-froslass,Grimmsnarl Froslass,704,2821,2275,1174,51.23,seaking-pre,Seaking Festival Lead,14,78.57,overall,2026-05-25T17:09:12.271722+00:00
SVI-PFL,"47,48,49,50,51,52,53,54,55",9,grimmsnarl-froslass,Grimmsnarl Froslass,704,2821,2275,1174,51.23,hydreigon-ex,Hydreigon,13,56.41,overall,2026-05-25T17:09:12.271722+00:00
SVI-PFL,"47,48,49,50,51,52,53,54,55",9,grimmsnarl-froslass,Grimmsnarl Froslass,704,2821,2275,1174,51.23,chien-pao-baxcalibur,Chien-Pao Baxcalibur,13,61.54,overall,2026-05-25T17:09:12.271722+00:00
SVI-PFL,"47,48,49,50,51,52,53,54,55",9,grimmsnarl-froslass,Grimmsnarl Froslass,704,2821,2275,1174,51.23,ursaluna-lunatone,Ursaluna Lunatone,12,50.0,overall,2026-05-25T17:09:12.271722+00:00
SVI-PFL,"47,48,49,50,51,52,53,54,55",9,grimmsnarl-froslass,Grimmsnarl Froslass,704,2821,2275,1174,51.23,dragapult-ex,Dragapult,11,51.52,overall,2026-05-25T17:09:12.271722+00:00
SVI-PFL,"47,48,49,50,51,52,53,54,55",9,grimmsnarl-froslass,Grimmsnarl Froslass,704,2821,2275,1174,51.23,hydrapple-ogerpon,Hydrapple Ogerpon,11,51.52,overall,2026-05-25T17:09:12.271722+00:00
SVI-PFL,"47,48,49,50,51,52,53,54,55",9,grimmsnarl-froslass,Grimmsnarl Froslass,704,2821,2275,1174,51.23,roaring-moon-ex,Roaring Moon,11,72.73,overall,2026-05-25T17:09:12.271722+00:00
SVI-PFL,"47,48,49,50,51,52,53,54,55",9,grimmsnarl-froslass,Grimmsnarl Froslass,704,2821,2275,1174,51.23,marnie-grimmsnarl-ex,Marnie's Grimmsnarl,10,30.0,overall,2026-05-25T17:09:12.271722+00:00
SVI-PFL,"47,48,49,50,51,52,53,54,55",9,grimmsnarl-froslass,Grimmsnarl Froslass,704,2821,2275,1174,51.23,tyranitar-jtg,Tyranitar,5,66.67,overall,2026-05-25T17:09:12.271722+00:00
SVI-PFL,"47,48,49,50,51,52,53,54,55",9,grimmsnarl-froslass,Grimmsnarl Froslass,704,2821,2275,1174,51.23,wugtrio-svi,Wugtrio Mill,5,80.0,overall,2026-05-25T17:09:12.271722+00:00
SVI-PFL,"47,48,49,50,51,52,53,54,55",9,grimmsnarl-froslass,Grimmsnarl Froslass,704,2821,2275,1174,51.23,mega-kangaskhan-ex,Mega Kangaskhan,4,58.33,overall,2026-05-25T17:09:12.271722+00:00
SVI-PFL,"47,48,49,50,51,52,53,54,55",9,grimmsnarl-froslass,Grimmsnarl Froslass,704,2821,2275,1174,51.23,charizard-dragapult,Charizard Dragapult,4,58.33,overall,2026-05-25T17:09:12.271722+00:00
SVI-PFL,"47,48,49,50,51,52,53,54,55",9,grimmsnarl-froslass,Grimmsnarl Froslass,704,2821,2275,1174,51.23,charizard-ex,Charizard,4,75.0,overall,2026-05-25T17:09:12.271722+00:00
SVI-PFL,"47,48,49,50,51,52,53,54,55",9,grimmsnarl-froslass,Grimmsnarl Froslass,704,2821,2275,1174,51.23,ogerpon-meganium,Ogerpon Meganium,4,25.0,overall,2026-05-25T17:09:12.271722+00:00
SVI-PFL,"47,48,49,50,51,52,53,54,55",9,grimmsnarl-froslass,Grimmsnarl Froslass,704,2821,2275,1174,51.23,kangaskhan-forretress,Kangaskhan Forretress,4,100.0,overall,2026-05-25T17:09:12.271722+00:00
SVI-PFL,"47,48,49,50,51,52,53,54,55",9,grimmsnarl-froslass,Grimmsnarl Froslass,704,2821,2275,1174,51.23,manectric-eelektrik,Manectric Eelektrik,4,50.0,overall,2026-05-25T17:09:12.271722+00:00
SVI-PFL,"47,48,49,50,51,52,53,54,55",9,grimmsnarl-froslass,Grimmsnarl Froslass,704,2821,2275,1174,51.23,mega-charizard-x-ex,Mega Charizard X,3,66.67,overall,2026-05-25T17:09:12.271722+00:00
SVI-PFL,"47,48,49,50,51,52,53,54,55",9,grimmsnarl-froslass,Grimmsnarl Froslass,704,2821,2275,1174,51.23,reging-bolt-bellibolt,Raging Bolt Bellibolt,3,33.33,overall,2026-05-25T17:09:12.271722+00:00
SVI-PFL,"47,48,49,50,51,52,53,54,55",9,grimmsnarl-froslass,Grimmsnarl Froslass,704,2821,2275,1174,51.23,mega-lucario-ex,Mega Lucario,3,100.0,overall,2026-05-25T17:09:12.271722+00:00
SVI-PFL,"47,48,49,50,51,52,53,54,55",9,grimmsnarl-froslass,Grimmsnarl Froslass,704,2821,2275,1174,51.23,miraidon-eelektrik,Miraidon Eelektrik,3,44.44,overall,2026-05-25T17:09:12.271722+00:00
SVI-PFL,"47,48,49,50,51,52,53,54,55",9,grimmsnarl-froslass,Grimmsnarl Froslass,704,2821,2275,1174,51.23,forretress-ex,Forretress,3,33.33,overall,2026-05-25T17:09:12.271722+00:00
SVI-PFL,"47,48,49,50,51,52,53,54,55",9,grimmsnarl-froslass,Grimmsnarl Froslass,704,2821,2275,1174,51.23,flareon-ex,Flareon,3,44.44,overall,2026-05-25T17:09:12.271722+00:00
SVI-PFL,"47,48,49,50,51,52,53,54,55",9,grimmsnarl-froslass,Grimmsnarl Froslass,704,2821,2275,1174,51.23,slaking-ex,Slaking,3,33.33,overall,2026-05-25T17:09:12.271722+00:00
SVI-PFL,"47,48,49,50,51,52,53,54,55",9,grimmsnarl-froslass,Grimmsnarl Froslass,704,2821,2275,1174,51.23,yanmega-ex,Yanmega,3,22.22,overall,2026-05-25T17:09:12.271722+00:00
SVI-PFL,"47,48,49,50,51,52,53,54,55",9,grimmsnarl-froslass,Grimmsnarl Froslass,704,2821,2275,1174,51.23,mega-abomasnow-ex,Mega Abomasnow,3,66.67,overall,2026-05-25T17:09:12.271722+00:00
SVI-PFL,"47,48,49,50,51,52,53,54,55",9,grimmsnarl-froslass,Grimmsnarl Froslass,704,2821,2275,1174,51.23,toedscruel-ex,Toedscruel,3,66.67,overall,2026-05-25T17:09:12.271722+00:00
SVI-PFL,"47,48,49,50,51,52,53,54,55",9,grimmsnarl-froslass,Grimmsnarl Froslass,704,2821,2275,1174,51.23,iron-thorns-crustle,Iron Thorns Crustle,3,44.44,overall,2026-05-25T17:09:12.271722+00:00
SVI-PFL,"47,48,49,50,51,52,53,54,55",9,grimmsnarl-froslass,Grimmsnarl Froslass,704,2821,2275,1174,51.23,ethan-magcargo,Ethan's Magcargo,3,77.78,overall,2026-05-25T17:09:12.271722+00:00
SVI-PFL,"47,48,49,50,51,52,53,54,55",9,grimmsnarl-froslass,Grimmsnarl Froslass,704,2821,2275,1174,51.23,tsareena-ex,Tsareena,2,100.0,overall,2026-05-25T17:09:12.271722+00:00
SVI-PFL,"47,48,49,50,51,52,53,54,55",9,grimmsnarl-froslass,Grimmsnarl Froslass,704,2821,2275,1174,51.23,future-box,Future Box,2,66.67,overall,2026-05-25T17:09:12.271722+00:00
SVI-PFL,"47,48,49,50,51,52,53,54,55",9,grimmsnarl-froslass,Grimmsnarl Froslass,704,2821,2275,1174,51.23,dragapult-pidgeot,Dragapult Pidgeot,2,100.0,overall,2026-05-25T17:09:12.271722+00:00
SVI-PFL,"47,48,49,50,51,52,53,54,55",9,grimmsnarl-froslass,Grimmsnarl Froslass,704,2821,2275,1174,51.23,okidogi-ex,Okidogi,2,0.0,overall,2026-05-25T17:09:12.271722+00:00
SVI-PFL,"47,48,49,50,51,52,53,54,55",9,grimmsnarl-froslass,Grimmsnarl Froslass,704,2821,2275,1174,51.23,alakazam-ex,Alakazam,2,100.0,overall,2026-05-25T17:09:12.271722+00:00
SVI-PFL,"47,48,49,50,51,52,53,54,55",9,grimmsnarl-froslass,Grimmsnarl Froslass,704,2821,2275,1174,51.23,terapagos-noctowl,Terapagos Noctowl,2,66.67,overall,2026-05-25T17:09:12.271722+00:00
SVI-PFL,"47,48,49,50,51,52,53,54,55",9,grimmsnarl-froslass,Grimmsnarl Froslass,704,2821,2275,1174,51.23,tinkaton-ex,Tinkaton,2,100.0,overall,2026-05-25T17:09:12.271722+00:00
SVI-PFL,"47,48,49,50,51,52,53,54,55",9,grimmsnarl-froslass,Grimmsnarl Froslass,704,2821,2275,1174,51.23,rocket-spidops,Rocket's Spidops,2,100.0,overall,2026-05-25T17:09:12.271722+00:00
SVI-PFL,"47,48,49,50,51,52,53,54,55",9,grimmsnarl-froslass,Grimmsnarl Froslass,704,2821,2275,1174,51.23,iron-hands-ex,Future Hands,2,50.0,overall,2026-05-25T17:09:12.271722+00:00
SVI-PFL,"47,48,49,50,51,52,53,54,55",9,grimmsnarl-froslass,Grimmsnarl Froslass,704,2821,2275,1174,51.23,cinderace-ex,Cinderace,2,66.67,overall,2026-05-25T17:09:12.271722+00:00
SVI-PFL,"47,48,49,50,51,52,53,54,55",9,grimmsnarl-froslass,Grimmsnarl Froslass,704,2821,2275,1174,51.23,gholdengo-dragapult,Gholdengo Dragapult,2,50.0,overall,2026-05-25T17:09:12.271722+00:00
SVI-PFL,"47,48,49,50,51,52,53,54,55",9,grimmsnarl-froslass,Grimmsnarl Froslass,704,2821,2275,1174,51.23,ogerpon-ex,Ogerpon,2,0.0,overall,2026-05-25T17:09:12.271722+00:00
SVI-PFL,"47,48,49,50,51,52,53,54,55",9,grimmsnarl-froslass,Grimmsnarl Froslass,704,2821,2275,1174,51.23,charizard-greninja,Charizard Greninja,2,16.67,overall,2026-05-25T17:09:12.271722+00:00
SVI-PFL,"47,48,49,50,51,52,53,54,55",9,grimmsnarl-froslass,Grimmsnarl Froslass,704,2821,2275,1174,51.23,garchomp-ex,Garchomp,2,50.0,overall,2026-05-25T17:09:12.271722+00:00
SVI-PFL,"47,48,49,50,51,52,53,54,55",9,grimmsnarl-froslass,Grimmsnarl Froslass,704,2821,2275,1174,51.23,mamoswine-ex,Mamoswine,2,100.0,overall,2026-05-25T17:09:12.271722+00:00
SVI-PFL,"47,48,49,50,51,52,53,54,55",9,grimmsnarl-froslass,Grimmsnarl Froslass,704,2821,2275,1174,51.23,hop-zacian,Hop's Zacian,2,50.0,overall,2026-05-25T17:09:12.271722+00:00
SVI-PFL,"47,48,49,50,51,52,53,54,55",9,grimmsnarl-froslass,Grimmsnarl Froslass,704,2821,2275,1174,51.23,blaziken-ex-jtg,Blaziken,1,100.0,overall,2026-05-25T17:09:12.271722+00:00
SVI-PFL,"47,48,49,50,51,52,53,54,55",9,grimmsnarl-froslass,Grimmsnarl Froslass,704,2821,2275,1174,51.23,gouging-fire-ex,Gouging Fire,1,0.0,overall,2026-05-25T17:09:12.271722+00:00
SVI-PFL,"47,48,49,50,51,52,53,54,55",9,grimmsnarl-froslass,Grimmsnarl Froslass,704,2821,2275,1174,51.23,hydrapple-ex,Hydrapple,1,100.0,overall,2026-05-25T17:09:12.271722+00:00
SVI-PFL,"47,48,49,50,51,52,53,54,55",9,grimmsnarl-froslass,Grimmsnarl Froslass,704,2821,2275,1174,51.23,zoroark-crustle,Zoroark Crustle,1,33.33,overall,2026-05-25T17:09:12.271722+00:00
SVI-PFL,"47,48,49,50,51,52,53,54,55",9,grimmsnarl-froslass,Grimmsnarl Froslass,704,2821,2275,1174,51.23,poison-mega-latias,Poison Latias,1,100.0,overall,2026-05-25T17:09:12.271722+00:00
SVI-PFL,"47,48,49,50,51,52,53,54,55",9,grimmsnarl-froslass,Grimmsnarl Froslass,704,2821,2275,1174,51.23,sinistcha-ogerpon,Sinistcha Ogerpon,1,100.0,overall,2026-05-25T17:09:12.271722+00:00
SVI-PFL,"47,48,49,50,51,52,53,54,55",9,grimmsnarl-froslass,Grimmsnarl Froslass,704,2821,2275,1174,51.23,rocket-porygon-z,Rocket's Porygon-Z,1,100.0,overall,2026-05-25T17:09:12.271722+00:00
SVI-PFL,"47,48,49,50,51,52,53,54,55",9,grimmsnarl-froslass,Grimmsnarl Froslass,704,2821,2275,1174,51.23,roaring-moon-dudunsparce,Roaring Moon Dudunsparce,1,100.0,overall,2026-05-25T17:09:12.271722+00:00
SVI-PFL,"47,48,49,50,51,52,53,54,55",9,grimmsnarl-froslass,Grimmsnarl Froslass,704,2821,2275,1174,51.23,gholdengo-typhlosion,Gholdengo Typhlosion,1,100.0,overall,2026-05-25T17:09:12.271722+00:00
SVI-PFL,"47,48,49,50,51,52,53,54,55",9,grimmsnarl-froslass,Grimmsnarl Froslass,704,2821,2275,1174,51.23,mega-camerupt-ex,Mega Camerupt,1,100.0,overall,2026-05-25T17:09:12.271722+00:00
SVI-PFL,"47,48,49,50,51,52,53,54,55",9,grimmsnarl-froslass,Grimmsnarl Froslass,704,2821,2275,1174,51.23,paldean-tauros-pfl,Paldean Tauros,1,100.0,overall,2026-05-25T17:09:12.271722+00:00
SVI-PFL,"47,48,49,50,51,52,53,54,55",9,grimmsnarl-froslass,Grimmsnarl Froslass,704,2821,2275,1174,51.23,okidogi-twm,Okidogi,1,33.33,overall,2026-05-25T17:09:12.271722+00:00
SVI-PFL,"47,48,49,50,51,52,53,54,55",9,grimmsnarl-froslass,Grimmsnarl Froslass,704,2821,2275,1174,51.23,alolan-exeggutor-ex,Alolan Exeggutor ex,1,33.33,overall,2026-05-25T17:09:12.271722+00:00
SVI-PFL,"47,48,49,50,51,52,53,54,55",9,grimmsnarl-froslass,Grimmsnarl Froslass,704,2821,2275,1174,51.23,espathra-xatu,Espathra Xatu,1,0.0,overall,2026-05-25T17:09:12.271722+00:00
SVI-PFL,"47,48,49,50,51,52,53,54,55",9,grimmsnarl-froslass,Grimmsnarl Froslass,704,2821,2275,1174,51.23,incineroar-ex,Incineroar,1,100.0,overall,2026-05-25T17:09:12.271722+00:00
SVI-PFL,"47,48,49,50,51,52,53,54,55",9,grimmsnarl-froslass,Grimmsnarl Froslass,704,2821,2275,1174,51.23,mega-lopunny-ex,Mega Lopunny,1,100.0,overall,2026-05-25T17:09:12.271722+00:00
SVI-PFL,"47,48,49,50,51,52,53,54,55",9,grimmsnarl-froslass,Grimmsnarl Froslass,704,2821,2275,1174,51.23,dragapult-froslass,Dragapult Froslass,1,100.0,overall,2026-05-25T17:09:12.271722+00:00
SVI-PFL,"47,48,49,50,51,52,53,54,55",9,grimmsnarl-froslass,Grimmsnarl Froslass,704,2821,2275,1174,51.23,united-wings,United Wings,1,100.0,overall,2026-05-25T17:09:12.271722+00:00
SVI-PFL,"47,48,49,50,51,52,53,54,55",9,grimmsnarl-froslass,Grimmsnarl Froslass,704,2821,2275,1174,51.23,iron-valiant-ex,Iron Valiant,1,0.0,overall,2026-05-25T17:09:12.271722+00:00
SVI-PFL,"47,48,49,50,51,52,53,54,55",9,grimmsnarl-froslass,Grimmsnarl Froslass,704,2821,2275,1174,51.23,blaziken-zoroark,Blaziken Zoroark,1,100.0,overall,2026-05-25T17:09:12.271722+00:00
SVI-PFL,"47,48,49,50,51,52,53,54,55",9,grimmsnarl-froslass,Grimmsnarl Froslass,704,2821,2275,1174,51.23,mega-latias-ex,Mega Latias,1,33.33,overall,2026-05-25T17:09:12.271722+00:00
SVI-PFL,"47,48,49,50,51,52,53,54,55",9,grimmsnarl-froslass,Grimmsnarl Froslass,704,2821,2275,1174,51.23,great-tusk-tef,Great Tusk Mill,1,100.0,overall,2026-05-25T17:09:12.271722+00:00
SVI-PFL,"47,48,49,50,51,52,53,54,55",9,grimmsnarl-froslass,Grimmsnarl Froslass,704,2821,2275,1174,51.23,alakazam-meg,Alakazam,1,100.0,overall,2026-05-25T17:09:12.271722+00:00
SVI-PFL,"47,48,49,50,51,52,53,54,55",9,grimmsnarl-froslass,Grimmsnarl Froslass,704,2821,2275,1174,51.23,gengar-ex,Gengar,1,33.33,overall,2026-05-25T17:09:12.271722+00:00
SVI-PFL,"47,48,49,50,51,52,53,54,55",9,grimmsnarl-froslass,Grimmsnarl Froslass,704,2821,2275,1174,51.23,raging-bolt-ex,Raging Bolt,1,33.33,overall,2026-05-25T17:09:12.271722+00:00
SVI-PFL,"47,48,49,50,51,52,53,54,55",9,grimmsnarl-froslass,Grimmsnarl Froslass,704,2821,2275,1174,51.23,ranging-bolt-sandy-shocks,Raging Bolt Sandy Shocks,1,33.33,overall,2026-05-25T17:09:12.271722+00:00
SVI-PFL,"47,48,49,50,51,52,53,54,55",9,heatran-metang,Heatran Metang,2,4,5,4,41.03,gholdengo-lunatone,Gholdengo Lunatone,2,66.67,overall,2026-05-25T17:09:15.162513+00:00
SVI-PFL,"47,48,49,50,51,52,53,54,55",9,heatran-metang,Heatran Metang,2,4,5,4,41.03,ethan-typhlosion,Ethan's Typhlosion,2,50.0,overall,2026-05-25T17:09:15.162513+00:00
SVI-PFL,"47,48,49,50,51,52,53,54,55",9,heatran-metang,Heatran Metang,2,4,5,4,41.03,mega-absol-box,Mega Absol Box,2,0.0,overall,2026-05-25T17:09:15.162513+00:00
SVI-PFL,"47,48,49,50,51,52,53,54,55",9,heatran-metang,Heatran Metang,2,4,5,4,41.03,dragapult-dusknoir,Dragapult Dusknoir,1,0.0,overall,2026-05-25T17:09:15.162513+00:00
SVI-PFL,"47,48,49,50,51,52,53,54,55",9,heatran-metang,Heatran Metang,2,4,5,4,41.03,other,Other,1,33.33,overall,2026-05-25T17:09:15.162513+00:00
SVI-PFL,"47,48,49,50,51,52,53,54,55",9,heatran-metang,Heatran Metang,2,4,5,4,41.03,alakazam-dudunsparce,Alakazam Dudunsparce,1,0.0,overall,2026-05-25T17:09:15.162513+00:00
SVI-PFL,"47,48,49,50,51,52,53,54,55",9,heatran-metang,Heatran Metang,2,4,5,4,41.03,n-zoroark,N's Zoroark,1,33.33,overall,2026-05-25T17:09:15.162513+00:00
SVI-PFL,"47,48,49,50,51,52,53,54,55",9,heatran-metang,Heatran Metang,2,4,5,4,41.03,cynthia-garchomp-ex,Cynthia's Garchomp,1,100.0,overall,2026-05-25T17:09:15.162513+00:00
SVI-PFL,"47,48,49,50,51,52,53,54,55",9,heatran-metang,Heatran Metang,2,4,5,4,41.03,raging-bolt-ogerpon,Raging Bolt Ogerpon,1,33.33,overall,2026-05-25T17:09:15.162513+00:00
SVI-PFL,"47,48,49,50,51,52,53,54,55",9,heatran-metang,Heatran Metang,2,4,5,4,41.03,mega-lucario-ex,Mega Lucario,1,100.0,overall,2026-05-25T17:09:15.162513+00:00
SVI-PFL,"47,48,49,50,51,52,53,54,55",9,ho-oh-armarouge,Ho-Oh Armarouge,53,168,183,70,45.45,gholdengo-lunatone,Gholdengo Lunatone,65,58.97,overall,2026-05-25T17:09:18.042418+00:00
SVI-PFL,"47,48,49,50,51,52,53,54,55",9,ho-oh-armarouge,Ho-Oh Armarouge,53,168,183,70,45.45,dragapult-dusknoir,Dragapult Dusknoir,61,43.72,overall,2026-05-25T17:09:18.042418+00:00
SVI-PFL,"47,48,49,50,51,52,53,54,55",9,ho-oh-armarouge,Ho-Oh Armarouge,53,168,183,70,45.45,gardevoir-ex-sv,Gardevoir,30,30.0,overall,2026-05-25T17:09:18.042418+00:00
SVI-PFL,"47,48,49,50,51,52,53,54,55",9,ho-oh-armarouge,Ho-Oh Armarouge,53,168,183,70,45.45,mega-absol-box,Mega Absol Box,26,50.0,overall,2026-05-25T17:09:18.042418+00:00
SVI-PFL,"47,48,49,50,51,52,53,54,55",9,ho-oh-armarouge,Ho-Oh Armarouge,53,168,183,70,45.45,charizard-pidgeot,Charizard Pidgeot,25,32.0,overall,2026-05-25T17:09:18.042418+00:00
SVI-PFL,"47,48,49,50,51,52,53,54,55",9,ho-oh-armarouge,Ho-Oh Armarouge,53,168,183,70,45.45,gardevoir-jellicent,Gardevoir Jellicent,24,41.67,overall,2026-05-25T17:09:18.042418+00:00
SVI-PFL,"47,48,49,50,51,52,53,54,55",9,ho-oh-armarouge,Ho-Oh Armarouge,53,168,183,70,45.45,charizard-noctowl,Charizard Noctowl,24,13.89,overall,2026-05-25T17:09:18.042418+00:00
SVI-PFL,"47,48,49,50,51,52,53,54,55",9,ho-oh-armarouge,Ho-Oh Armarouge,53,168,183,70,45.45,n-zoroark,N's Zoroark,17,49.02,overall,2026-05-25T17:09:18.042418+00:00
SVI-PFL,"47,48,49,50,51,52,53,54,55",9,ho-oh-armarouge,Ho-Oh Armarouge,53,168,183,70,45.45,grimmsnarl-froslass,Grimmsnarl Froslass,15,42.22,overall,2026-05-25T17:09:18.042418+00:00
SVI-PFL,"47,48,49,50,51,52,53,54,55",9,ho-oh-armarouge,Ho-Oh Armarouge,53,168,183,70,45.45,alakazam-dudunsparce,Alakazam Dudunsparce,14,42.86,overall,2026-05-25T17:09:18.042418+00:00
SVI-PFL,"47,48,49,50,51,52,53,54,55",9,ho-oh-armarouge,Ho-Oh Armarouge,53,168,183,70,45.45,raging-bolt-ogerpon,Raging Bolt Ogerpon,14,40.48,overall,2026-05-25T17:09:18.042418+00:00
SVI-PFL,"47,48,49,50,51,52,53,54,55",9,ho-oh-armarouge,Ho-Oh Armarouge,53,168,183,70,45.45,kangaskhan-bouffalant,Kangaskhan Bouffalant,11,30.3,overall,2026-05-25T17:09:18.042418+00:00
SVI-PFL,"47,48,49,50,51,52,53,54,55",9,ho-oh-armarouge,Ho-Oh Armarouge,53,168,183,70,45.45,lopunny-dusknoir,Lopunny Dusknoir,9,40.74,overall,2026-05-25T17:09:18.042418+00:00
SVI-PFL,"47,48,49,50,51,52,53,54,55",9,ho-oh-armarouge,Ho-Oh Armarouge,53,168,183,70,45.45,ceruledge-ex,Ceruledge,8,45.83,overall,2026-05-25T17:09:18.042418+00:00
SVI-PFL,"47,48,49,50,51,52,53,54,55",9,ho-oh-armarouge,Ho-Oh Armarouge,53,168,183,70,45.45,dragapult-charizard,Dragapult Charizard,7,52.38,overall,2026-05-25T17:09:18.042418+00:00
SVI-PFL,"47,48,49,50,51,52,53,54,55",9,ho-oh-armarouge,Ho-Oh Armarouge,53,168,183,70,45.45,joltik-box,Joltik Box,5,60.0,overall,2026-05-25T17:09:18.042418+00:00
SVI-PFL,"47,48,49,50,51,52,53,54,55",9,ho-oh-armarouge,Ho-Oh Armarouge,53,168,183,70,45.45,flareon-noctowl,Flareon Noctowl,5,66.67,overall,2026-05-25T17:09:18.042418+00:00
SVI-PFL,"47,48,49,50,51,52,53,54,55",9,ho-oh-armarouge,Ho-Oh Armarouge,53,168,183,70,45.45,froslass-munkidori,Froslass Munkidori,5,66.67,overall,2026-05-25T17:09:18.042418+00:00
SVI-PFL,"47,48,49,50,51,52,53,54,55",9,ho-oh-armarouge,Ho-Oh Armarouge,53,168,183,70,45.45,dragapult-ex,Dragapult,4,75.0,overall,2026-05-25T17:09:18.042418+00:00
SVI-PFL,"47,48,49,50,51,52,53,54,55",9,ho-oh-armarouge,Ho-Oh Armarouge,53,168,183,70,45.45,tera-box,Tera Box,4,58.33,overall,2026-05-25T17:09:18.042418+00:00
SVI-PFL,"47,48,49,50,51,52,53,54,55",9,ho-oh-armarouge,Ho-Oh Armarouge,53,168,183,70,45.45,gholdengo-ex,Gholdengo,3,33.33,overall,2026-05-25T17:09:18.042418+00:00
SVI-PFL,"47,48,49,50,51,52,53,54,55",9,ho-oh-armarouge,Ho-Oh Armarouge,53,168,183,70,45.45,sharpedo-toxtricity,Sharpedo Toxtricity,3,77.78,overall,2026-05-25T17:09:18.042418+00:00
SVI-PFL,"47,48,49,50,51,52,53,54,55",9,ho-oh-armarouge,Ho-Oh Armarouge,53,168,183,70,45.45,ursaluna-lunatone,Ursaluna Lunatone,2,50.0,overall,2026-05-25T17:09:18.042418+00:00
SVI-PFL,"47,48,49,50,51,52,53,54,55",9,ho-oh-armarouge,Ho-Oh Armarouge,53,168,183,70,45.45,lucario-hariyama,Lucario Hariyama,2,16.67,overall,2026-05-25T17:09:18.042418+00:00
SVI-PFL,"47,48,49,50,51,52,53,54,55",9,ho-oh-armarouge,Ho-Oh Armarouge,53,168,183,70,45.45,mega-venusaur-ex,Mega Venusaur,2,50.0,overall,2026-05-25T17:09:18.042418+00:00
SVI-PFL,"47,48,49,50,51,52,53,54,55",9,ho-oh-armarouge,Ho-Oh Armarouge,53,168,183,70,45.45,other,Other,2,66.67,overall,2026-05-25T17:09:18.042418+00:00
SVI-PFL,"47,48,49,50,51,52,53,54,55",9,ho-oh-armarouge,Ho-Oh Armarouge,53,168,183,70,45.45,iron-hands-magneton,Iron Hands Magneton,2,100.0,overall,2026-05-25T17:09:18.042418+00:00
SVI-PFL,"47,48,49,50,51,52,53,54,55",9,ho-oh-armarouge,Ho-Oh Armarouge,53,168,183,70,45.45,seaking-pre,Seaking Festival Lead,2,50.0,overall,2026-05-25T17:09:18.042418+00:00
SVI-PFL,"47,48,49,50,51,52,53,54,55",9,ho-oh-armarouge,Ho-Oh Armarouge,53,168,183,70,45.45,crustle-dri,Crustle,2,100.0,overall,2026-05-25T17:09:18.042418+00:00
SVI-PFL,"47,48,49,50,51,52,53,54,55",9,ho-oh-armarouge,Ho-Oh Armarouge,53,168,183,70,45.45,dragapult-blaziken,Dragapult Blaziken,2,66.67,overall,2026-05-25T17:09:18.042418+00:00
SVI-PFL,"47,48,49,50,51,52,53,54,55",9,ho-oh-armarouge,Ho-Oh Armarouge,53,168,183,70,45.45,kangaskhan-forretress,Kangaskhan Forretress,2,16.67,overall,2026-05-25T17:09:18.042418+00:00
SVI-PFL,"47,48,49,50,51,52,53,54,55",9,ho-oh-armarouge,Ho-Oh Armarouge,53,168,183,70,45.45,conkeldurr-twm,Conkeldurr,1,33.33,overall,2026-05-25T17:09:18.042418+00:00
SVI-PFL,"47,48,49,50,51,52,53,54,55",9,ho-oh-armarouge,Ho-Oh Armarouge,53,168,183,70,45.45,gholdengo-typhlosion,Gholdengo Typhlosion,1,100.0,overall,2026-05-25T17:09:18.042418+00:00
SVI-PFL,"47,48,49,50,51,52,53,54,55",9,ho-oh-armarouge,Ho-Oh Armarouge,53,168,183,70,45.45,ethan-typhlosion,Ethan's Typhlosion,1,100.0,overall,2026-05-25T17:09:18.042418+00:00
SVI-PFL,"47,48,49,50,51,52,53,54,55",9,ho-oh-armarouge,Ho-Oh Armarouge,53,168,183,70,45.45,slowking-scr,Slowking,1,100.0,overall,2026-05-25T17:09:18.042418+00:00
SVI-PFL,"47,48,49,50,51,52,53,54,55",9,ho-oh-armarouge,Ho-Oh Armarouge,53,168,183,70,45.45,mega-latias-ex,Mega Latias,1,100.0,overall,2026-05-25T17:09:18.042418+00:00
SVI-PFL,"47,48,49,50,51,52,53,54,55",9,ho-oh-armarouge,Ho-Oh Armarouge,53,168,183,70,45.45,manectric-eelektrik,Manectric Eelektrik,1,0.0,overall,2026-05-25T17:09:18.042418+00:00
SVI-PFL,"47,48,49,50,51,52,53,54,55",9,ho-oh-armarouge,Ho-Oh Armarouge,53,168,183,70,45.45,terapagos-noctowl,Terapagos Noctowl,1,0.0,overall,2026-05-25T17:09:18.042418+00:00
SVI-PFL,"47,48,49,50,51,52,53,54,55",9,ho-oh-armarouge,Ho-Oh Armarouge,53,168,183,70,45.45,copperajah-ex,Copperajah,1,100.0,overall,2026-05-25T17:09:18.042418+00:00
SVI-PFL,"47,48,49,50,51,52,53,54,55",9,ho-oh-armarouge,Ho-Oh Armarouge,53,168,183,70,45.45,iron-hands-ex,Future Hands,1,100.0,overall,2026-05-25T17:09:18.042418+00:00
SVI-PFL,"47,48,49,50,51,52,53,54,55",9,ho-oh-armarouge,Ho-Oh Armarouge,53,168,183,70,45.45,raging-bolt-ex,Raging Bolt,1,100.0,overall,2026-05-25T17:09:18.042418+00:00
SVI-PFL,"47,48,49,50,51,52,53,54,55",9,ho-oh-armarouge,Ho-Oh Armarouge,53,168,183,70,45.45,yanmega-ex,Yanmega,1,100.0,overall,2026-05-25T17:09:18.042418+00:00
SVI-PFL,"47,48,49,50,51,52,53,54,55",9,ho-oh-armarouge,Ho-Oh Armarouge,53,168,183,70,45.45,chien-pao-baxcalibur,Chien-Pao Baxcalibur,1,0.0,overall,2026-05-25T17:09:18.042418+00:00
SVI-PFL,"47,48,49,50,51,52,53,54,55",9,ho-oh-armarouge,Ho-Oh Armarouge,53,168,183,70,45.45,festival-lead,Festival Lead,1,0.0,overall,2026-05-25T17:09:18.042418+00:00
SVI-PFL,"47,48,49,50,51,52,53,54,55",9,ho-oh-armarouge,Ho-Oh Armarouge,53,168,183,70,45.45,mimikyu-ogerpon,Mimikyu Ogerpon,1,100.0,overall,2026-05-25T17:09:18.042418+00:00
SVI-PFL,"47,48,49,50,51,52,53,54,55",9,ho-oh-armarouge,Ho-Oh Armarouge,53,168,183,70,45.45,poison-mega-latias,Poison Latias,1,100.0,overall,2026-05-25T17:09:18.042418+00:00
SVI-PFL,"47,48,49,50,51,52,53,54,55",9,ho-oh-armarouge,Ho-Oh Armarouge,53,168,183,70,45.45,toxtricity-pfl,Toxtricity Box,1,100.0,overall,2026-05-25T17:09:18.042418+00:00
SVI-PFL,"47,48,49,50,51,52,53,54,55",9,ho-oh-armarouge,Ho-Oh Armarouge,53,168,183,70,45.45,marnie-grimmsnarl-ex,Marnie's Grimmsnarl,1,33.33,overall,2026-05-25T17:09:18.042418+00:00
SVI-PFL,"47,48,49,50,51,52,53,54,55",9,ho-oh-armarouge,Ho-Oh Armarouge,53,168,183,70,45.45,hydreigon-ex,Hydreigon,1,100.0,overall,2026-05-25T17:09:18.042418+00:00
SVI-PFL,"47,48,49,50,51,52,53,54,55",9,ho-oh-armarouge,Ho-Oh Armarouge,53,168,183,70,45.45,mega-manectric-ex-meg,Mega Manectric,1,33.33,overall,2026-05-25T17:09:18.042418+00:00
SVI-PFL,"47,48,49,50,51,52,53,54,55",9,ho-oh-armarouge,Ho-Oh Armarouge,53,168,183,70,45.45,pidgeot-control,Pidgeot Control,1,0.0,overall,2026-05-25T17:09:18.042418+00:00
SVI-PFL,"47,48,49,50,51,52,53,54,55",9,ho-oh-armarouge,Ho-Oh Armarouge,53,168,183,70,45.45,alakazam-meg,Alakazam,1,0.0,overall,2026-05-25T17:09:18.042418+00:00
SVI-PFL,"47,48,49,50,51,52,53,54,55",9,hop-zacian,Hop's Zacian,14,36,48,16,41.33,dragapult-dusknoir,Dragapult Dusknoir,21,60.32,overall,2026-05-25T17:09:20.912340+00:00
SVI-PFL,"47,48,49,50,51,52,53,54,55",9,hop-zacian,Hop's Zacian,14,36,48,16,41.33,gholdengo-lunatone,Gholdengo Lunatone,17,29.41,overall,2026-05-25T17:09:20.912340+00:00
SVI-PFL,"47,48,49,50,51,52,53,54,55",9,hop-zacian,Hop's Zacian,14,36,48,16,41.33,gardevoir-jellicent,Gardevoir Jellicent,6,72.22,overall,2026-05-25T17:09:20.912340+00:00
SVI-PFL,"47,48,49,50,51,52,53,54,55",9,hop-zacian,Hop's Zacian,14,36,48,16,41.33,raging-bolt-ogerpon,Raging Bolt Ogerpon,6,44.44,overall,2026-05-25T17:09:20.912340+00:00
SVI-PFL,"47,48,49,50,51,52,53,54,55",9,hop-zacian,Hop's Zacian,14,36,48,16,41.33,charizard-noctowl,Charizard Noctowl,5,0.0,overall,2026-05-25T17:09:20.912340+00:00
SVI-PFL,"47,48,49,50,51,52,53,54,55",9,hop-zacian,Hop's Zacian,14,36,48,16,41.33,n-zoroark,N's Zoroark,5,40.0,overall,2026-05-25T17:09:20.912340+00:00
SVI-PFL,"47,48,49,50,51,52,53,54,55",9,hop-zacian,Hop's Zacian,14,36,48,16,41.33,charizard-pidgeot,Charizard Pidgeot,5,20.0,overall,2026-05-25T17:09:20.912340+00:00
SVI-PFL,"47,48,49,50,51,52,53,54,55",9,hop-zacian,Hop's Zacian,14,36,48,16,41.33,dragapult-charizard,Dragapult Charizard,4,83.33,overall,2026-05-25T17:09:20.912340+00:00
SVI-PFL,"47,48,49,50,51,52,53,54,55",9,hop-zacian,Hop's Zacian,14,36,48,16,41.33,mega-absol-box,Mega Absol Box,4,25.0,overall,2026-05-25T17:09:20.912340+00:00
SVI-PFL,"47,48,49,50,51,52,53,54,55",9,hop-zacian,Hop's Zacian,14,36,48,16,41.33,gardevoir-ex-sv,Gardevoir,3,66.67,overall,2026-05-25T17:09:20.912340+00:00
SVI-PFL,"47,48,49,50,51,52,53,54,55",9,hop-zacian,Hop's Zacian,14,36,48,16,41.33,joltik-box,Joltik Box,3,44.44,overall,2026-05-25T17:09:20.912340+00:00
SVI-PFL,"47,48,49,50,51,52,53,54,55",9,hop-zacian,Hop's Zacian,14,36,48,16,41.33,mega-venusaur-ex,Mega Venusaur,2,16.67,overall,2026-05-25T17:09:20.912340+00:00
SVI-PFL,"47,48,49,50,51,52,53,54,55",9,hop-zacian,Hop's Zacian,14,36,48,16,41.33,kangaskhan-bouffalant,Kangaskhan Bouffalant,2,16.67,overall,2026-05-25T17:09:20.912340+00:00
SVI-PFL,"47,48,49,50,51,52,53,54,55",9,hop-zacian,Hop's Zacian,14,36,48,16,41.33,grimmsnarl-froslass,Grimmsnarl Froslass,2,50.0,overall,2026-05-25T17:09:20.912340+00:00
SVI-PFL,"47,48,49,50,51,52,53,54,55",9,hop-zacian,Hop's Zacian,14,36,48,16,41.33,alakazam-dudunsparce,Alakazam Dudunsparce,2,50.0,overall,2026-05-25T17:09:20.912340+00:00
SVI-PFL,"47,48,49,50,51,52,53,54,55",9,hop-zacian,Hop's Zacian,14,36,48,16,41.33,greninja-ex,Greninja,2,0.0,overall,2026-05-25T17:09:20.912340+00:00
SVI-PFL,"47,48,49,50,51,52,53,54,55",9,hop-zacian,Hop's Zacian,14,36,48,16,41.33,ceruledge-ex,Ceruledge,2,0.0,overall,2026-05-25T17:09:20.912340+00:00
SVI-PFL,"47,48,49,50,51,52,53,54,55",9,hop-zacian,Hop's Zacian,14,36,48,16,41.33,other,Other,1,100.0,overall,2026-05-25T17:09:20.912340+00:00
SVI-PFL,"47,48,49,50,51,52,53,54,55",9,hop-zacian,Hop's Zacian,14,36,48,16,41.33,sharpedo-toxtricity,Sharpedo Toxtricity,1,33.33,overall,2026-05-25T17:09:20.912340+00:00
SVI-PFL,"47,48,49,50,51,52,53,54,55",9,hop-zacian,Hop's Zacian,14,36,48,16,41.33,festival-lead,Festival Lead,1,33.33,overall,2026-05-25T17:09:20.912340+00:00
SVI-PFL,"47,48,49,50,51,52,53,54,55",9,hop-zacian,Hop's Zacian,14,36,48,16,41.33,cynthia-garchomp-ex,Cynthia's Garchomp,1,33.33,overall,2026-05-25T17:09:20.912340+00:00
SVI-PFL,"47,48,49,50,51,52,53,54,55",9,hop-zacian,Hop's Zacian,14,36,48,16,41.33,gholdengo-ex,Gholdengo,1,0.0,overall,2026-05-25T17:09:20.912340+00:00
SVI-PFL,"47,48,49,50,51,52,53,54,55",9,hop-zacian,Hop's Zacian,14,36,48,16,41.33,crustle-dri,Crustle,1,0.0,overall,2026-05-25T17:09:20.912340+00:00
SVI-PFL,"47,48,49,50,51,52,53,54,55",9,hop-zacian,Hop's Zacian,14,36,48,16,41.33,tera-box,Tera Box,1,33.33,overall,2026-05-25T17:09:20.912340+00:00
SVI-PFL,"47,48,49,50,51,52,53,54,55",9,hop-zacian,Hop's Zacian,14,36,48,16,41.33,mamoswine-ex,Mamoswine,1,100.0,overall,2026-05-25T17:09:20.912340+00:00
SVI-PFL,"47,48,49,50,51,52,53,54,55",9,hop-zacian,Hop's Zacian,14,36,48,16,41.33,slowking-scr,Slowking,1,0.0,overall,2026-05-25T17:09:20.912340+00:00
SVI-PFL,"47,48,49,50,51,52,53,54,55",9,hydrapple-ex,Hydrapple,4,6,15,7,29.76,dragapult-dusknoir,Dragapult Dusknoir,5,26.67,overall,2026-05-25T17:09:23.769389+00:00
SVI-PFL,"47,48,49,50,51,52,53,54,55",9,hydrapple-ex,Hydrapple,4,6,15,7,29.76,raging-bolt-ogerpon,Raging Bolt Ogerpon,3,44.44,overall,2026-05-25T17:09:23.769389+00:00
SVI-PFL,"47,48,49,50,51,52,53,54,55",9,hydrapple-ex,Hydrapple,4,6,15,7,29.76,dragapult-charizard,Dragapult Charizard,3,0.0,overall,2026-05-25T17:09:23.769389+00:00
SVI-PFL,"47,48,49,50,51,52,53,54,55",9,hydrapple-ex,Hydrapple,4,6,15,7,29.76,gardevoir-ex-sv,Gardevoir,2,16.67,overall,2026-05-25T17:09:23.769389+00:00
SVI-PFL,"47,48,49,50,51,52,53,54,55",9,hydrapple-ex,Hydrapple,4,6,15,7,29.76,charizard-noctowl,Charizard Noctowl,2,66.67,overall,2026-05-25T17:09:23.769389+00:00
SVI-PFL,"47,48,49,50,51,52,53,54,55",9,hydrapple-ex,Hydrapple,4,6,15,7,29.76,gardevoir-jellicent,Gardevoir Jellicent,2,100.0,overall,2026-05-25T17:09:23.769389+00:00
SVI-PFL,"47,48,49,50,51,52,53,54,55",9,hydrapple-ex,Hydrapple,4,6,15,7,29.76,conkeldurr-twm,Conkeldurr,1,33.33,overall,2026-05-25T17:09:23.769389+00:00
SVI-PFL,"47,48,49,50,51,52,53,54,55",9,hydrapple-ex,Hydrapple,4,6,15,7,29.76,charizard-pidgeot,Charizard Pidgeot,1,0.0,overall,2026-05-25T17:09:23.769389+00:00
SVI-PFL,"47,48,49,50,51,52,53,54,55",9,hydrapple-ex,Hydrapple,4,6,15,7,29.76,n-zoroark,N's Zoroark,1,100.0,overall,2026-05-25T17:09:23.769389+00:00
SVI-PFL,"47,48,49,50,51,52,53,54,55",9,hydrapple-ex,Hydrapple,4,6,15,7,29.76,grimmsnarl-froslass,Grimmsnarl Froslass,1,0.0,overall,2026-05-25T17:09:23.769389+00:00
SVI-PFL,"47,48,49,50,51,52,53,54,55",9,hydrapple-ex,Hydrapple,4,6,15,7,29.76,gholdengo-joltik-box,Gholdengo Joltik Box,1,0.0,overall,2026-05-25T17:09:23.769389+00:00
SVI-PFL,"47,48,49,50,51,52,53,54,55",9,hydrapple-ex,Hydrapple,4,6,15,7,29.76,iron-thorns-crustle,Iron Thorns Crustle,1,0.0,overall,2026-05-25T17:09:23.769389+00:00
SVI-PFL,"47,48,49,50,51,52,53,54,55",9,hydrapple-ex,Hydrapple,4,6,15,7,29.76,rocket-mewtwo-ex,Rocket's Mewtwo,1,33.33,overall,2026-05-25T17:09:23.769389+00:00
SVI-PFL,"47,48,49,50,51,52,53,54,55",9,hydrapple-ex,Hydrapple,4,6,15,7,29.76,kangaskhan-bouffalant,Kangaskhan Bouffalant,1,0.0,overall,2026-05-25T17:09:23.769389+00:00
SVI-PFL,"47,48,49,50,51,52,53,54,55",9,hydrapple-ex,Hydrapple,4,6,15,7,29.76,gholdengo-lunatone,Gholdengo Lunatone,1,33.33,overall,2026-05-25T17:09:23.769389+00:00
SVI-PFL,"47,48,49,50,51,52,53,54,55",9,hydrapple-ex,Hydrapple,4,6,15,7,29.76,pidgeot-control,Pidgeot Control,1,0.0,overall,2026-05-25T17:09:23.769389+00:00
SVI-PFL,"47,48,49,50,51,52,53,54,55",9,hydrapple-ex,Hydrapple,4,6,15,7,29.76,mega-absol-box,Mega Absol Box,1,0.0,overall,2026-05-25T17:09:23.769389+00:00
SVI-PFL,"47,48,49,50,51,52,53,54,55",9,hydrapple-ogerpon,Hydrapple Ogerpon,46,77,174,68,31.24,dragapult-dusknoir,Dragapult Dusknoir,39,17.95,overall,2026-05-25T17:09:26.673747+00:00
SVI-PFL,"47,48,49,50,51,52,53,54,55",9,hydrapple-ogerpon,Hydrapple Ogerpon,46,77,174,68,31.24,gholdengo-lunatone,Gholdengo Lunatone,35,32.38,overall,2026-05-25T17:09:26.673747+00:00
SVI-PFL,"47,48,49,50,51,52,53,54,55",9,hydrapple-ogerpon,Hydrapple Ogerpon,46,77,174,68,31.24,gardevoir-ex-sv,Gardevoir,25,16.0,overall,2026-05-25T17:09:26.673747+00:00
SVI-PFL,"47,48,49,50,51,52,53,54,55",9,hydrapple-ogerpon,Hydrapple Ogerpon,46,77,174,68,31.24,charizard-noctowl,Charizard Noctowl,21,17.46,overall,2026-05-25T17:09:26.673747+00:00
SVI-PFL,"47,48,49,50,51,52,53,54,55",9,hydrapple-ogerpon,Hydrapple Ogerpon,46,77,174,68,31.24,gardevoir-jellicent,Gardevoir Jellicent,16,35.42,overall,2026-05-25T17:09:26.673747+00:00
SVI-PFL,"47,48,49,50,51,52,53,54,55",9,hydrapple-ogerpon,Hydrapple Ogerpon,46,77,174,68,31.24,raging-bolt-ogerpon,Raging Bolt Ogerpon,15,24.44,overall,2026-05-25T17:09:26.673747+00:00
SVI-PFL,"47,48,49,50,51,52,53,54,55",9,hydrapple-ogerpon,Hydrapple Ogerpon,46,77,174,68,31.24,mega-absol-box,Mega Absol Box,14,38.1,overall,2026-05-25T17:09:26.673747+00:00
SVI-PFL,"47,48,49,50,51,52,53,54,55",9,hydrapple-ogerpon,Hydrapple Ogerpon,46,77,174,68,31.24,n-zoroark,N's Zoroark,14,50.0,overall,2026-05-25T17:09:26.673747+00:00
SVI-PFL,"47,48,49,50,51,52,53,54,55",9,hydrapple-ogerpon,Hydrapple Ogerpon,46,77,174,68,31.24,charizard-pidgeot,Charizard Pidgeot,11,30.3,overall,2026-05-25T17:09:26.673747+00:00
SVI-PFL,"47,48,49,50,51,52,53,54,55",9,hydrapple-ogerpon,Hydrapple Ogerpon,46,77,174,68,31.24,grimmsnarl-froslass,Grimmsnarl Froslass,11,42.42,overall,2026-05-25T17:09:26.673747+00:00
SVI-PFL,"47,48,49,50,51,52,53,54,55",9,hydrapple-ogerpon,Hydrapple Ogerpon,46,77,174,68,31.24,ceruledge-ex,Ceruledge,10,16.67,overall,2026-05-25T17:09:26.673747+00:00
SVI-PFL,"47,48,49,50,51,52,53,54,55",9,hydrapple-ogerpon,Hydrapple Ogerpon,46,77,174,68,31.24,alakazam-dudunsparce,Alakazam Dudunsparce,9,18.52,overall,2026-05-25T17:09:26.673747+00:00
SVI-PFL,"47,48,49,50,51,52,53,54,55",9,hydrapple-ogerpon,Hydrapple Ogerpon,46,77,174,68,31.24,joltik-box,Joltik Box,8,41.67,overall,2026-05-25T17:09:26.673747+00:00
SVI-PFL,"47,48,49,50,51,52,53,54,55",9,hydrapple-ogerpon,Hydrapple Ogerpon,46,77,174,68,31.24,lopunny-dusknoir,Lopunny Dusknoir,6,22.22,overall,2026-05-25T17:09:26.673747+00:00
SVI-PFL,"47,48,49,50,51,52,53,54,55",9,hydrapple-ogerpon,Hydrapple Ogerpon,46,77,174,68,31.24,tera-box,Tera Box,5,13.33,overall,2026-05-25T17:09:26.673747+00:00
SVI-PFL,"47,48,49,50,51,52,53,54,55",9,hydrapple-ogerpon,Hydrapple Ogerpon,46,77,174,68,31.24,dragapult-charizard,Dragapult Charizard,5,66.67,overall,2026-05-25T17:09:26.673747+00:00
SVI-PFL,"47,48,49,50,51,52,53,54,55",9,hydrapple-ogerpon,Hydrapple Ogerpon,46,77,174,68,31.24,ursaluna-lunatone,Ursaluna Lunatone,5,13.33,overall,2026-05-25T17:09:26.673747+00:00
SVI-PFL,"47,48,49,50,51,52,53,54,55",9,hydrapple-ogerpon,Hydrapple Ogerpon,46,77,174,68,31.24,other,Other,5,66.67,overall,2026-05-25T17:09:26.673747+00:00
SVI-PFL,"47,48,49,50,51,52,53,54,55",9,hydrapple-ogerpon,Hydrapple Ogerpon,46,77,174,68,31.24,greninja-ex,Greninja,5,20.0,overall,2026-05-25T17:09:26.673747+00:00
SVI-PFL,"47,48,49,50,51,52,53,54,55",9,hydrapple-ogerpon,Hydrapple Ogerpon,46,77,174,68,31.24,kangaskhan-bouffalant,Kangaskhan Bouffalant,4,50.0,overall,2026-05-25T17:09:26.673747+00:00
SVI-PFL,"47,48,49,50,51,52,53,54,55",9,hydrapple-ogerpon,Hydrapple Ogerpon,46,77,174,68,31.24,flareon-noctowl,Flareon Noctowl,4,58.33,overall,2026-05-25T17:09:26.673747+00:00
SVI-PFL,"47,48,49,50,51,52,53,54,55",9,hydrapple-ogerpon,Hydrapple Ogerpon,46,77,174,68,31.24,gholdengo-joltik-box,Gholdengo Joltik Box,3,11.11,overall,2026-05-25T17:09:26.673747+00:00
SVI-PFL,"47,48,49,50,51,52,53,54,55",9,hydrapple-ogerpon,Hydrapple Ogerpon,46,77,174,68,31.24,mega-venusaur-ex,Mega Venusaur,3,22.22,overall,2026-05-25T17:09:26.673747+00:00
SVI-PFL,"47,48,49,50,51,52,53,54,55",9,hydrapple-ogerpon,Hydrapple Ogerpon,46,77,174,68,31.24,sharpedo-toxtricity,Sharpedo Toxtricity,3,66.67,overall,2026-05-25T17:09:26.673747+00:00
SVI-PFL,"47,48,49,50,51,52,53,54,55",9,hydrapple-ogerpon,Hydrapple Ogerpon,46,77,174,68,31.24,crustle-dri,Crustle,3,22.22,overall,2026-05-25T17:09:26.673747+00:00
SVI-PFL,"47,48,49,50,51,52,53,54,55",9,hydrapple-ogerpon,Hydrapple Ogerpon,46,77,174,68,31.24,ethan-typhlosion,Ethan's Typhlosion,3,11.11,overall,2026-05-25T17:09:26.673747+00:00
SVI-PFL,"47,48,49,50,51,52,53,54,55",9,hydrapple-ogerpon,Hydrapple Ogerpon,46,77,174,68,31.24,pidgeot-control,Pidgeot Control,3,66.67,overall,2026-05-25T17:09:26.673747+00:00
SVI-PFL,"47,48,49,50,51,52,53,54,55",9,hydrapple-ogerpon,Hydrapple Ogerpon,46,77,174,68,31.24,iron-hands-magneton,Iron Hands Magneton,3,33.33,overall,2026-05-25T17:09:26.673747+00:00
SVI-PFL,"47,48,49,50,51,52,53,54,55",9,hydrapple-ogerpon,Hydrapple Ogerpon,46,77,174,68,31.24,manectric-eelektrik,Manectric Eelektrik,3,77.78,overall,2026-05-25T17:09:26.673747+00:00
SVI-PFL,"47,48,49,50,51,52,53,54,55",9,hydrapple-ogerpon,Hydrapple Ogerpon,46,77,174,68,31.24,ogerpon-meganium,Ogerpon Meganium,2,16.67,overall,2026-05-25T17:09:26.673747+00:00
SVI-PFL,"47,48,49,50,51,52,53,54,55",9,hydrapple-ogerpon,Hydrapple Ogerpon,46,77,174,68,31.24,archaludon-ex,Archaludon,2,50.0,overall,2026-05-25T17:09:26.673747+00:00
SVI-PFL,"47,48,49,50,51,52,53,54,55",9,hydrapple-ogerpon,Hydrapple Ogerpon,46,77,174,68,31.24,hydreigon-ex,Hydreigon,2,66.67,overall,2026-05-25T17:09:26.673747+00:00
SVI-PFL,"47,48,49,50,51,52,53,54,55",9,hydrapple-ogerpon,Hydrapple Ogerpon,46,77,174,68,31.24,froslass-munkidori,Froslass Munkidori,2,50.0,overall,2026-05-25T17:09:26.673747+00:00
SVI-PFL,"47,48,49,50,51,52,53,54,55",9,hydrapple-ogerpon,Hydrapple Ogerpon,46,77,174,68,31.24,flareon-ex,Flareon,1,100.0,overall,2026-05-25T17:09:26.673747+00:00
SVI-PFL,"47,48,49,50,51,52,53,54,55",9,hydrapple-ogerpon,Hydrapple Ogerpon,46,77,174,68,31.24,charizard-dragapult,Charizard Dragapult,1,100.0,overall,2026-05-25T17:09:26.673747+00:00
SVI-PFL,"47,48,49,50,51,52,53,54,55",9,hydrapple-ogerpon,Hydrapple Ogerpon,46,77,174,68,31.24,mamoswine-ex,Mamoswine,1,100.0,overall,2026-05-25T17:09:26.673747+00:00
SVI-PFL,"47,48,49,50,51,52,53,54,55",9,hydrapple-ogerpon,Hydrapple Ogerpon,46,77,174,68,31.24,miraidon-eelektrik,Miraidon Eelektrik,1,0.0,overall,2026-05-25T17:09:26.673747+00:00
SVI-PFL,"47,48,49,50,51,52,53,54,55",9,hydrapple-ogerpon,Hydrapple Ogerpon,46,77,174,68,31.24,wugtrio-svi,Wugtrio Mill,1,100.0,overall,2026-05-25T17:09:26.673747+00:00
SVI-PFL,"47,48,49,50,51,52,53,54,55",9,hydrapple-ogerpon,Hydrapple Ogerpon,46,77,174,68,31.24,kangaskhan-forretress,Kangaskhan Forretress,1,0.0,overall,2026-05-25T17:09:26.673747+00:00
SVI-PFL,"47,48,49,50,51,52,53,54,55",9,hydrapple-ogerpon,Hydrapple Ogerpon,46,77,174,68,31.24,conkeldurr-twm,Conkeldurr,1,0.0,overall,2026-05-25T17:09:26.673747+00:00
SVI-PFL,"47,48,49,50,51,52,53,54,55",9,hydrapple-ogerpon,Hydrapple Ogerpon,46,77,174,68,31.24,dragapult-ex,Dragapult,1,33.33,overall,2026-05-25T17:09:26.673747+00:00
SVI-PFL,"47,48,49,50,51,52,53,54,55",9,hydrapple-ogerpon,Hydrapple Ogerpon,46,77,174,68,31.24,alolan-exeggutor-ex,Alolan Exeggutor ex,1,100.0,overall,2026-05-25T17:09:26.673747+00:00
SVI-PFL,"47,48,49,50,51,52,53,54,55",9,hydrapple-ogerpon,Hydrapple Ogerpon,46,77,174,68,31.24,marnie-grimmsnarl-ex,Marnie's Grimmsnarl,1,0.0,overall,2026-05-25T17:09:26.673747+00:00
SVI-PFL,"47,48,49,50,51,52,53,54,55",9,hydrapple-ogerpon,Hydrapple Ogerpon,46,77,174,68,31.24,seaking-pre,Seaking Festival Lead,1,100.0,overall,2026-05-25T17:09:26.673747+00:00
SVI-PFL,"47,48,49,50,51,52,53,54,55",9,hydrapple-ogerpon,Hydrapple Ogerpon,46,77,174,68,31.24,cynthia-garchomp-ex,Cynthia's Garchomp,1,33.33,overall,2026-05-25T17:09:26.673747+00:00
SVI-PFL,"47,48,49,50,51,52,53,54,55",9,hydrapple-ogerpon,Hydrapple Ogerpon,46,77,174,68,31.24,toxtricity-pfl,Toxtricity Box,1,0.0,overall,2026-05-25T17:09:26.673747+00:00
SVI-PFL,"47,48,49,50,51,52,53,54,55",9,hydrapple-ogerpon,Hydrapple Ogerpon,46,77,174,68,31.24,great-tusk-tef,Great Tusk Mill,1,100.0,overall,2026-05-25T17:09:26.673747+00:00
SVI-PFL,"47,48,49,50,51,52,53,54,55",9,hydrapple-ogerpon,Hydrapple Ogerpon,46,77,174,68,31.24,roaring-moon-ex,Roaring Moon,1,0.0,overall,2026-05-25T17:09:26.673747+00:00
SVI-PFL,"47,48,49,50,51,52,53,54,55",9,hydrapple-ogerpon,Hydrapple Ogerpon,46,77,174,68,31.24,gholdengo-dragapult,Gholdengo Dragapult,1,100.0,overall,2026-05-25T17:09:26.673747+00:00
SVI-PFL,"47,48,49,50,51,52,53,54,55",9,hydrapple-ogerpon,Hydrapple Ogerpon,46,77,174,68,31.24,chien-pao-baxcalibur,Chien-Pao Baxcalibur,1,0.0,overall,2026-05-25T17:09:26.673747+00:00
SVI-PFL,"47,48,49,50,51,52,53,54,55",9,hydrapple-ogerpon,Hydrapple Ogerpon,46,77,174,68,31.24,hydrapple-ogerpon,Hydrapple Ogerpon,1,50.0,overall,2026-05-25T17:09:26.673747+00:00
SVI-PFL,"47,48,49,50,51,52,53,54,55",9,hydrapple-ogerpon,Hydrapple Ogerpon,46,77,174,68,31.24,slowking-scr,Slowking,1,0.0,overall,2026-05-25T17:09:26.673747+00:00
SVI-PFL,"47,48,49,50,51,52,53,54,55",9,hydreigon-ex,Hydreigon,32,61,124,41,33.04,gholdengo-lunatone,Gholdengo Lunatone,36,23.15,overall,2026-05-25T17:09:29.559471+00:00
SVI-PFL,"47,48,49,50,51,52,53,54,55",9,hydreigon-ex,Hydreigon,32,61,124,41,33.04,dragapult-dusknoir,Dragapult Dusknoir,25,36.0,overall,2026-05-25T17:09:29.559471+00:00
SVI-PFL,"47,48,49,50,51,52,53,54,55",9,hydreigon-ex,Hydreigon,32,61,124,41,33.04,charizard-noctowl,Charizard Noctowl,16,54.17,overall,2026-05-25T17:09:29.559471+00:00
SVI-PFL,"47,48,49,50,51,52,53,54,55",9,hydreigon-ex,Hydreigon,32,61,124,41,33.04,mega-absol-box,Mega Absol Box,15,22.22,overall,2026-05-25T17:09:29.559471+00:00
SVI-PFL,"47,48,49,50,51,52,53,54,55",9,hydreigon-ex,Hydreigon,32,61,124,41,33.04,grimmsnarl-froslass,Grimmsnarl Froslass,13,33.33,overall,2026-05-25T17:09:29.559471+00:00
SVI-PFL,"47,48,49,50,51,52,53,54,55",9,hydreigon-ex,Hydreigon,32,61,124,41,33.04,gardevoir-jellicent,Gardevoir Jellicent,9,55.56,overall,2026-05-25T17:09:29.559471+00:00
SVI-PFL,"47,48,49,50,51,52,53,54,55",9,hydreigon-ex,Hydreigon,32,61,124,41,33.04,gardevoir-ex-sv,Gardevoir,9,37.04,overall,2026-05-25T17:09:29.559471+00:00
SVI-PFL,"47,48,49,50,51,52,53,54,55",9,hydreigon-ex,Hydreigon,32,61,124,41,33.04,raging-bolt-ogerpon,Raging Bolt Ogerpon,8,37.5,overall,2026-05-25T17:09:29.559471+00:00
SVI-PFL,"47,48,49,50,51,52,53,54,55",9,hydreigon-ex,Hydreigon,32,61,124,41,33.04,kangaskhan-bouffalant,Kangaskhan Bouffalant,7,0.0,overall,2026-05-25T17:09:29.559471+00:00
SVI-PFL,"47,48,49,50,51,52,53,54,55",9,hydreigon-ex,Hydreigon,32,61,124,41,33.04,n-zoroark,N's Zoroark,7,14.29,overall,2026-05-25T17:09:29.559471+00:00
SVI-PFL,"47,48,49,50,51,52,53,54,55",9,hydreigon-ex,Hydreigon,32,61,124,41,33.04,charizard-pidgeot,Charizard Pidgeot,7,38.1,overall,2026-05-25T17:09:29.559471+00:00
SVI-PFL,"47,48,49,50,51,52,53,54,55",9,hydreigon-ex,Hydreigon,32,61,124,41,33.04,alakazam-dudunsparce,Alakazam Dudunsparce,7,47.62,overall,2026-05-25T17:09:29.559471+00:00
SVI-PFL,"47,48,49,50,51,52,53,54,55",9,hydreigon-ex,Hydreigon,32,61,124,41,33.04,dragapult-charizard,Dragapult Charizard,5,20.0,overall,2026-05-25T17:09:29.559471+00:00
SVI-PFL,"47,48,49,50,51,52,53,54,55",9,hydreigon-ex,Hydreigon,32,61,124,41,33.04,flareon-noctowl,Flareon Noctowl,5,20.0,overall,2026-05-25T17:09:29.559471+00:00
SVI-PFL,"47,48,49,50,51,52,53,54,55",9,hydreigon-ex,Hydreigon,32,61,124,41,33.04,sharpedo-toxtricity,Sharpedo Toxtricity,4,33.33,overall,2026-05-25T17:09:29.559471+00:00
SVI-PFL,"47,48,49,50,51,52,53,54,55",9,hydreigon-ex,Hydreigon,32,61,124,41,33.04,ceruledge-ex,Ceruledge,3,66.67,overall,2026-05-25T17:09:29.559471+00:00
SVI-PFL,"47,48,49,50,51,52,53,54,55",9,hydreigon-ex,Hydreigon,32,61,124,41,33.04,ursaluna-lunatone,Ursaluna Lunatone,3,11.11,overall,2026-05-25T17:09:29.559471+00:00
SVI-PFL,"47,48,49,50,51,52,53,54,55",9,hydreigon-ex,Hydreigon,32,61,124,41,33.04,gholdengo-joltik-box,Gholdengo Joltik Box,3,11.11,overall,2026-05-25T17:09:29.559471+00:00
SVI-PFL,"47,48,49,50,51,52,53,54,55",9,hydreigon-ex,Hydreigon,32,61,124,41,33.04,tera-box,Tera Box,3,11.11,overall,2026-05-25T17:09:29.559471+00:00
SVI-PFL,"47,48,49,50,51,52,53,54,55",9,hydreigon-ex,Hydreigon,32,61,124,41,33.04,slowking-scr,Slowking,3,66.67,overall,2026-05-25T17:09:29.559471+00:00
SVI-PFL,"47,48,49,50,51,52,53,54,55",9,hydreigon-ex,Hydreigon,32,61,124,41,33.04,ethan-typhlosion,Ethan's Typhlosion,2,16.67,overall,2026-05-25T17:09:29.559471+00:00
SVI-PFL,"47,48,49,50,51,52,53,54,55",9,hydreigon-ex,Hydreigon,32,61,124,41,33.04,toxtricity-pfl,Toxtricity Box,2,100.0,overall,2026-05-25T17:09:29.559471+00:00
SVI-PFL,"47,48,49,50,51,52,53,54,55",9,hydreigon-ex,Hydreigon,32,61,124,41,33.04,other,Other,2,50.0,overall,2026-05-25T17:09:29.559471+00:00
SVI-PFL,"47,48,49,50,51,52,53,54,55",9,hydreigon-ex,Hydreigon,32,61,124,41,33.04,lopunny-dusknoir,Lopunny Dusknoir,2,50.0,overall,2026-05-25T17:09:29.559471+00:00
SVI-PFL,"47,48,49,50,51,52,53,54,55",9,hydreigon-ex,Hydreigon,32,61,124,41,33.04,mega-charizard-x-ex,Mega Charizard X,2,50.0,overall,2026-05-25T17:09:29.559471+00:00
SVI-PFL,"47,48,49,50,51,52,53,54,55",9,hydreigon-ex,Hydreigon,32,61,124,41,33.04,hydrapple-ogerpon,Hydrapple Ogerpon,2,16.67,overall,2026-05-25T17:09:29.559471+00:00
SVI-PFL,"47,48,49,50,51,52,53,54,55",9,hydreigon-ex,Hydreigon,32,61,124,41,33.04,greninja-ex,Greninja,2,0.0,overall,2026-05-25T17:09:29.559471+00:00
SVI-PFL,"47,48,49,50,51,52,53,54,55",9,hydreigon-ex,Hydreigon,32,61,124,41,33.04,conkeldurr-twm,Conkeldurr,2,50.0,overall,2026-05-25T17:09:29.559471+00:00
SVI-PFL,"47,48,49,50,51,52,53,54,55",9,hydreigon-ex,Hydreigon,32,61,124,41,33.04,miraidon-eelektrik,Miraidon Eelektrik,2,50.0,overall,2026-05-25T17:09:29.559471+00:00
SVI-PFL,"47,48,49,50,51,52,53,54,55",9,hydreigon-ex,Hydreigon,32,61,124,41,33.04,crustle-dri,Crustle,2,16.67,overall,2026-05-25T17:09:29.559471+00:00
SVI-PFL,"47,48,49,50,51,52,53,54,55",9,hydreigon-ex,Hydreigon,32,61,124,41,33.04,lucario-hariyama,Lucario Hariyama,2,100.0,overall,2026-05-25T17:09:29.559471+00:00
SVI-PFL,"47,48,49,50,51,52,53,54,55",9,hydreigon-ex,Hydreigon,32,61,124,41,33.04,mega-lucario-ex,Mega Lucario,1,100.0,overall,2026-05-25T17:09:29.559471+00:00
SVI-PFL,"47,48,49,50,51,52,53,54,55",9,hydreigon-ex,Hydreigon,32,61,124,41,33.04,charizard-ex,Charizard,1,0.0,overall,2026-05-25T17:09:29.559471+00:00
SVI-PFL,"47,48,49,50,51,52,53,54,55",9,hydreigon-ex,Hydreigon,32,61,124,41,33.04,mega-venusaur-ex,Mega Venusaur,1,0.0,overall,2026-05-25T17:09:29.559471+00:00
SVI-PFL,"47,48,49,50,51,52,53,54,55",9,hydreigon-ex,Hydreigon,32,61,124,41,33.04,ogerpon-meganium,Ogerpon Meganium,1,0.0,overall,2026-05-25T17:09:29.559471+00:00
SVI-PFL,"47,48,49,50,51,52,53,54,55",9,hydreigon-ex,Hydreigon,32,61,124,41,33.04,mega-abomasnow-ex,Mega Abomasnow,1,0.0,overall,2026-05-25T17:09:29.559471+00:00
SVI-PFL,"47,48,49,50,51,52,53,54,55",9,hydreigon-ex,Hydreigon,32,61,124,41,33.04,toedscruel-ex,Toedscruel,1,33.33,overall,2026-05-25T17:09:29.559471+00:00
SVI-PFL,"47,48,49,50,51,52,53,54,55",9,hydreigon-ex,Hydreigon,32,61,124,41,33.04,archaludon-ex,Archaludon,1,0.0,overall,2026-05-25T17:09:29.559471+00:00
SVI-PFL,"47,48,49,50,51,52,53,54,55",9,hydreigon-ex,Hydreigon,32,61,124,41,33.04,greninja-blaziken,Greninja Blaziken,1,0.0,overall,2026-05-25T17:09:29.559471+00:00
SVI-PFL,"47,48,49,50,51,52,53,54,55",9,hydreigon-ex,Hydreigon,32,61,124,41,33.04,sinistcha-ogerpon,Sinistcha Ogerpon,1,0.0,overall,2026-05-25T17:09:29.559471+00:00
SVI-PFL,"47,48,49,50,51,52,53,54,55",9,hydreigon-ex,Hydreigon,32,61,124,41,33.04,rocket-mewtwo-ex,Rocket's Mewtwo,1,100.0,overall,2026-05-25T17:09:29.559471+00:00
SVI-PFL,"47,48,49,50,51,52,53,54,55",9,hydreigon-ex,Hydreigon,32,61,124,41,33.04,ho-oh-armarouge,Ho-Oh Armarouge,1,0.0,overall,2026-05-25T17:09:29.559471+00:00
SVI-PFL,"47,48,49,50,51,52,53,54,55",9,hydreigon-ex,Hydreigon,32,61,124,41,33.04,iron-hands-magneton,Iron Hands Magneton,1,100.0,overall,2026-05-25T17:09:29.559471+00:00
SVI-PFL,"47,48,49,50,51,52,53,54,55",9,hydreigon-ex,Hydreigon,32,61,124,41,33.04,pidgeot-control,Pidgeot Control,1,0.0,overall,2026-05-25T17:09:29.559471+00:00
SVI-PFL,"47,48,49,50,51,52,53,54,55",9,hydreigon-ex,Hydreigon,32,61,124,41,33.04,rocket-spidops,Rocket's Spidops,1,0.0,overall,2026-05-25T17:09:29.559471+00:00
SVI-PFL,"47,48,49,50,51,52,53,54,55",9,hydreigon-ex,Hydreigon,32,61,124,41,33.04,roaring-moon-ex,Roaring Moon,1,100.0,overall,2026-05-25T17:09:29.559471+00:00
SVI-PFL,"47,48,49,50,51,52,53,54,55",9,hydreigon-ex,Hydreigon,32,61,124,41,33.04,festival-lead,Festival Lead,1,0.0,overall,2026-05-25T17:09:29.559471+00:00
SVI-PFL,"47,48,49,50,51,52,53,54,55",9,incineroar-ex,Incineroar,2,3,7,0,30.0,n-zoroark,N's Zoroark,2,50.0,overall,2026-05-25T17:09:32.426324+00:00
SVI-PFL,"47,48,49,50,51,52,53,54,55",9,incineroar-ex,Incineroar,2,3,7,0,30.0,gardevoir-jellicent,Gardevoir Jellicent,2,0.0,overall,2026-05-25T17:09:32.426324+00:00
SVI-PFL,"47,48,49,50,51,52,53,54,55",9,incineroar-ex,Incineroar,2,3,7,0,30.0,ceruledge-ex,Ceruledge,1,100.0,overall,2026-05-25T17:09:32.426324+00:00
SVI-PFL,"47,48,49,50,51,52,53,54,55",9,incineroar-ex,Incineroar,2,3,7,0,30.0,rocket-mewtwo-ex,Rocket's Mewtwo,1,0.0,overall,2026-05-25T17:09:32.426324+00:00
SVI-PFL,"47,48,49,50,51,52,53,54,55",9,incineroar-ex,Incineroar,2,3,7,0,30.0,flareon-noctowl,Flareon Noctowl,1,0.0,overall,2026-05-25T17:09:32.426324+00:00
SVI-PFL,"47,48,49,50,51,52,53,54,55",9,incineroar-ex,Incineroar,2,3,7,0,30.0,gholdengo-lunatone,Gholdengo Lunatone,1,100.0,overall,2026-05-25T17:09:32.426324+00:00
SVI-PFL,"47,48,49,50,51,52,53,54,55",9,incineroar-ex,Incineroar,2,3,7,0,30.0,dragapult-dusknoir,Dragapult Dusknoir,1,0.0,overall,2026-05-25T17:09:32.426324+00:00
SVI-PFL,"47,48,49,50,51,52,53,54,55",9,incineroar-ex,Incineroar,2,3,7,0,30.0,grimmsnarl-froslass,Grimmsnarl Froslass,1,0.0,overall,2026-05-25T17:09:32.426324+00:00
SVI-PFL,"47,48,49,50,51,52,53,54,55",9,iono-bellibolt,Iono's Bellibolt,4,5,16,0,23.81,gholdengo-lunatone,Gholdengo Lunatone,6,33.33,overall,2026-05-25T17:09:35.279470+00:00
SVI-PFL,"47,48,49,50,51,52,53,54,55",9,iono-bellibolt,Iono's Bellibolt,4,5,16,0,23.81,dragapult-dusknoir,Dragapult Dusknoir,4,25.0,overall,2026-05-25T17:09:35.279470+00:00
SVI-PFL,"47,48,49,50,51,52,53,54,55",9,iono-bellibolt,Iono's Bellibolt,4,5,16,0,23.81,flareon-noctowl,Flareon Noctowl,2,0.0,overall,2026-05-25T17:09:35.279470+00:00
SVI-PFL,"47,48,49,50,51,52,53,54,55",9,iono-bellibolt,Iono's Bellibolt,4,5,16,0,23.81,n-zoroark,N's Zoroark,1,100.0,overall,2026-05-25T17:09:35.279470+00:00
SVI-PFL,"47,48,49,50,51,52,53,54,55",9,iono-bellibolt,Iono's Bellibolt,4,5,16,0,23.81,crustle-dri,Crustle,1,100.0,overall,2026-05-25T17:09:35.279470+00:00
SVI-PFL,"47,48,49,50,51,52,53,54,55",9,iono-bellibolt,Iono's Bellibolt,4,5,16,0,23.81,dragapult-froslass,Dragapult Froslass,1,0.0,overall,2026-05-25T17:09:35.279470+00:00
SVI-PFL,"47,48,49,50,51,52,53,54,55",9,iono-bellibolt,Iono's Bellibolt,4,5,16,0,23.81,gardevoir-jellicent,Gardevoir Jellicent,1,0.0,overall,2026-05-25T17:09:35.279470+00:00
SVI-PFL,"47,48,49,50,51,52,53,54,55",9,iono-bellibolt,Iono's Bellibolt,4,5,16,0,23.81,kangaskhan-bouffalant,Kangaskhan Bouffalant,1,0.0,overall,2026-05-25T17:09:35.279470+00:00
SVI-PFL,"47,48,49,50,51,52,53,54,55",9,iono-bellibolt,Iono's Bellibolt,4,5,16,0,23.81,gardevoir-ex-sv,Gardevoir,1,0.0,overall,2026-05-25T17:09:35.279470+00:00
SVI-PFL,"47,48,49,50,51,52,53,54,55",9,iono-bellibolt,Iono's Bellibolt,4,5,16,0,23.81,marnie-grimmsnarl-ex,Marnie's Grimmsnarl,1,0.0,overall,2026-05-25T17:09:35.279470+00:00
SVI-PFL,"47,48,49,50,51,52,53,54,55",9,iono-bellibolt,Iono's Bellibolt,4,5,16,0,23.81,sharpedo-toxtricity,Sharpedo Toxtricity,1,0.0,overall,2026-05-25T17:09:35.279470+00:00
SVI-PFL,"47,48,49,50,51,52,53,54,55",9,iron-hands-ex,Future Hands,5,10,28,2,26.67,dragapult-dusknoir,Dragapult Dusknoir,8,25.0,overall,2026-05-25T17:09:38.157946+00:00
SVI-PFL,"47,48,49,50,51,52,53,54,55",9,iron-hands-ex,Future Hands,5,10,28,2,26.67,charizard-noctowl,Charizard Noctowl,5,46.67,overall,2026-05-25T17:09:38.157946+00:00
SVI-PFL,"47,48,49,50,51,52,53,54,55",9,iron-hands-ex,Future Hands,5,10,28,2,26.67,gholdengo-lunatone,Gholdengo Lunatone,4,25.0,overall,2026-05-25T17:09:38.157946+00:00
SVI-PFL,"47,48,49,50,51,52,53,54,55",9,iron-hands-ex,Future Hands,5,10,28,2,26.67,gardevoir-jellicent,Gardevoir Jellicent,2,0.0,overall,2026-05-25T17:09:38.157946+00:00
SVI-PFL,"47,48,49,50,51,52,53,54,55",9,iron-hands-ex,Future Hands,5,10,28,2,26.67,kangaskhan-bouffalant,Kangaskhan Bouffalant,2,0.0,overall,2026-05-25T17:09:38.157946+00:00
SVI-PFL,"47,48,49,50,51,52,53,54,55",9,iron-hands-ex,Future Hands,5,10,28,2,26.67,grimmsnarl-froslass,Grimmsnarl Froslass,2,50.0,overall,2026-05-25T17:09:38.157946+00:00
SVI-PFL,"47,48,49,50,51,52,53,54,55",9,iron-hands-ex,Future Hands,5,10,28,2,26.67,mega-absol-box,Mega Absol Box,2,0.0,overall,2026-05-25T17:09:38.157946+00:00
SVI-PFL,"47,48,49,50,51,52,53,54,55",9,iron-hands-ex,Future Hands,5,10,28,2,26.67,slaking-ex,Slaking,1,0.0,overall,2026-05-25T17:09:38.157946+00:00
SVI-PFL,"47,48,49,50,51,52,53,54,55",9,iron-hands-ex,Future Hands,5,10,28,2,26.67,ho-oh-armarouge,Ho-Oh Armarouge,1,0.0,overall,2026-05-25T17:09:38.157946+00:00
SVI-PFL,"47,48,49,50,51,52,53,54,55",9,iron-hands-ex,Future Hands,5,10,28,2,26.67,charizard-pidgeot,Charizard Pidgeot,1,0.0,overall,2026-05-25T17:09:38.157946+00:00
SVI-PFL,"47,48,49,50,51,52,53,54,55",9,iron-hands-ex,Future Hands,5,10,28,2,26.67,dragapult-charizard,Dragapult Charizard,1,100.0,overall,2026-05-25T17:09:38.157946+00:00
SVI-PFL,"47,48,49,50,51,52,53,54,55",9,iron-hands-ex,Future Hands,5,10,28,2,26.67,alakazam-dudunsparce,Alakazam Dudunsparce,1,100.0,overall,2026-05-25T17:09:38.157946+00:00
SVI-PFL,"47,48,49,50,51,52,53,54,55",9,iron-hands-ex,Future Hands,5,10,28,2,26.67,sharpedo-toxtricity,Sharpedo Toxtricity,1,0.0,overall,2026-05-25T17:09:38.157946+00:00
SVI-PFL,"47,48,49,50,51,52,53,54,55",9,iron-hands-ex,Future Hands,5,10,28,2,26.67,gardevoir-ex-sv,Gardevoir,1,0.0,overall,2026-05-25T17:09:38.157946+00:00
SVI-PFL,"47,48,49,50,51,52,53,54,55",9,iron-hands-ex,Future Hands,5,10,28,2,26.67,n-zoroark,N's Zoroark,1,0.0,overall,2026-05-25T17:09:38.157946+00:00
SVI-PFL,"47,48,49,50,51,52,53,54,55",9,iron-hands-ex,Future Hands,5,10,28,2,26.67,scovillain-ex,Scovillain,1,0.0,overall,2026-05-25T17:09:38.157946+00:00
SVI-PFL,"47,48,49,50,51,52,53,54,55",9,iron-hands-ex,Future Hands,5,10,28,2,26.67,ursaluna-lunatone,Ursaluna Lunatone,1,0.0,overall,2026-05-25T17:09:38.157946+00:00
SVI-PFL,"47,48,49,50,51,52,53,54,55",9,iron-hands-ex,Future Hands,5,10,28,2,26.67,yanmega-ex,Yanmega,1,0.0,overall,2026-05-25T17:09:38.157946+00:00
SVI-PFL,"47,48,49,50,51,52,53,54,55",9,iron-hands-ex,Future Hands,5,10,28,2,26.67,alakazam-ex,Alakazam,1,100.0,overall,2026-05-25T17:09:38.157946+00:00
SVI-PFL,"47,48,49,50,51,52,53,54,55",9,iron-hands-ex,Future Hands,5,10,28,2,26.67,greninja-ex,Greninja,1,0.0,overall,2026-05-25T17:09:38.157946+00:00
SVI-PFL,"47,48,49,50,51,52,53,54,55",9,iron-hands-ex,Future Hands,5,10,28,2,26.67,manectric-eelektrik,Manectric Eelektrik,1,33.33,overall,2026-05-25T17:09:38.157946+00:00
SVI-PFL,"47,48,49,50,51,52,53,54,55",9,iron-hands-ex,Future Hands,5,10,28,2,26.67,festival-lead,Festival Lead,1,100.0,overall,2026-05-25T17:09:38.157946+00:00
SVI-PFL,"47,48,49,50,51,52,53,54,55",9,iron-hands-magneton,Iron Hands Magneton,108,369,417,57,46.03,gholdengo-lunatone,Gholdengo Lunatone,139,43.88,overall,2026-05-25T17:09:41.369705+00:00
SVI-PFL,"47,48,49,50,51,52,53,54,55",9,iron-hands-magneton,Iron Hands Magneton,108,369,417,57,46.03,dragapult-dusknoir,Dragapult Dusknoir,139,63.79,overall,2026-05-25T17:09:41.369705+00:00
SVI-PFL,"47,48,49,50,51,52,53,54,55",9,iron-hands-magneton,Iron Hands Magneton,108,369,417,57,46.03,charizard-noctowl,Charizard Noctowl,83,40.56,overall,2026-05-25T17:09:41.369705+00:00
SVI-PFL,"47,48,49,50,51,52,53,54,55",9,iron-hands-magneton,Iron Hands Magneton,108,369,417,57,46.03,gardevoir-jellicent,Gardevoir Jellicent,44,51.52,overall,2026-05-25T17:09:41.369705+00:00
SVI-PFL,"47,48,49,50,51,52,53,54,55",9,iron-hands-magneton,Iron Hands Magneton,108,369,417,57,46.03,gardevoir-ex-sv,Gardevoir,36,43.52,overall,2026-05-25T17:09:41.369705+00:00
SVI-PFL,"47,48,49,50,51,52,53,54,55",9,iron-hands-magneton,Iron Hands Magneton,108,369,417,57,46.03,raging-bolt-ogerpon,Raging Bolt Ogerpon,34,38.24,overall,2026-05-25T17:09:41.369705+00:00
SVI-PFL,"47,48,49,50,51,52,53,54,55",9,iron-hands-magneton,Iron Hands Magneton,108,369,417,57,46.03,grimmsnarl-froslass,Grimmsnarl Froslass,30,44.44,overall,2026-05-25T17:09:41.369705+00:00
SVI-PFL,"47,48,49,50,51,52,53,54,55",9,iron-hands-magneton,Iron Hands Magneton,108,369,417,57,46.03,charizard-pidgeot,Charizard Pidgeot,29,36.78,overall,2026-05-25T17:09:41.369705+00:00
SVI-PFL,"47,48,49,50,51,52,53,54,55",9,iron-hands-magneton,Iron Hands Magneton,108,369,417,57,46.03,n-zoroark,N's Zoroark,24,70.83,overall,2026-05-25T17:09:41.369705+00:00
SVI-PFL,"47,48,49,50,51,52,53,54,55",9,iron-hands-magneton,Iron Hands Magneton,108,369,417,57,46.03,ceruledge-ex,Ceruledge,24,50.0,overall,2026-05-25T17:09:41.369705+00:00
SVI-PFL,"47,48,49,50,51,52,53,54,55",9,iron-hands-magneton,Iron Hands Magneton,108,369,417,57,46.03,mega-absol-box,Mega Absol Box,22,27.27,overall,2026-05-25T17:09:41.369705+00:00
SVI-PFL,"47,48,49,50,51,52,53,54,55",9,iron-hands-magneton,Iron Hands Magneton,108,369,417,57,46.03,kangaskhan-bouffalant,Kangaskhan Bouffalant,21,26.98,overall,2026-05-25T17:09:41.369705+00:00
SVI-PFL,"47,48,49,50,51,52,53,54,55",9,iron-hands-magneton,Iron Hands Magneton,108,369,417,57,46.03,dragapult-charizard,Dragapult Charizard,21,73.02,overall,2026-05-25T17:09:41.369705+00:00
SVI-PFL,"47,48,49,50,51,52,53,54,55",9,iron-hands-magneton,Iron Hands Magneton,108,369,417,57,46.03,flareon-noctowl,Flareon Noctowl,21,28.57,overall,2026-05-25T17:09:41.369705+00:00
SVI-PFL,"47,48,49,50,51,52,53,54,55",9,iron-hands-magneton,Iron Hands Magneton,108,369,417,57,46.03,tera-box,Tera Box,19,29.82,overall,2026-05-25T17:09:41.369705+00:00
SVI-PFL,"47,48,49,50,51,52,53,54,55",9,iron-hands-magneton,Iron Hands Magneton,108,369,417,57,46.03,alakazam-dudunsparce,Alakazam Dudunsparce,16,31.25,overall,2026-05-25T17:09:41.369705+00:00
SVI-PFL,"47,48,49,50,51,52,53,54,55",9,iron-hands-magneton,Iron Hands Magneton,108,369,417,57,46.03,greninja-ex,Greninja,13,48.72,overall,2026-05-25T17:09:41.369705+00:00
SVI-PFL,"47,48,49,50,51,52,53,54,55",9,iron-hands-magneton,Iron Hands Magneton,108,369,417,57,46.03,joltik-box,Joltik Box,10,23.33,overall,2026-05-25T17:09:41.369705+00:00
SVI-PFL,"47,48,49,50,51,52,53,54,55",9,iron-hands-magneton,Iron Hands Magneton,108,369,417,57,46.03,other,Other,9,70.37,overall,2026-05-25T17:09:41.369705+00:00
SVI-PFL,"47,48,49,50,51,52,53,54,55",9,iron-hands-magneton,Iron Hands Magneton,108,369,417,57,46.03,sharpedo-toxtricity,Sharpedo Toxtricity,8,25.0,overall,2026-05-25T17:09:41.369705+00:00
SVI-PFL,"47,48,49,50,51,52,53,54,55",9,iron-hands-magneton,Iron Hands Magneton,108,369,417,57,46.03,lopunny-dusknoir,Lopunny Dusknoir,7,14.29,overall,2026-05-25T17:09:41.369705+00:00
SVI-PFL,"47,48,49,50,51,52,53,54,55",9,iron-hands-magneton,Iron Hands Magneton,108,369,417,57,46.03,lucario-hariyama,Lucario Hariyama,7,14.29,overall,2026-05-25T17:09:41.369705+00:00
SVI-PFL,"47,48,49,50,51,52,53,54,55",9,iron-hands-magneton,Iron Hands Magneton,108,369,417,57,46.03,mega-venusaur-ex,Mega Venusaur,6,38.89,overall,2026-05-25T17:09:41.369705+00:00
SVI-PFL,"47,48,49,50,51,52,53,54,55",9,iron-hands-magneton,Iron Hands Magneton,108,369,417,57,46.03,cynthia-garchomp-ex,Cynthia's Garchomp,6,55.56,overall,2026-05-25T17:09:41.369705+00:00
SVI-PFL,"47,48,49,50,51,52,53,54,55",9,iron-hands-magneton,Iron Hands Magneton,108,369,417,57,46.03,gholdengo-joltik-box,Gholdengo Joltik Box,5,46.67,overall,2026-05-25T17:09:41.369705+00:00
SVI-PFL,"47,48,49,50,51,52,53,54,55",9,iron-hands-magneton,Iron Hands Magneton,108,369,417,57,46.03,dragapult-ex,Dragapult,4,100.0,overall,2026-05-25T17:09:41.369705+00:00
SVI-PFL,"47,48,49,50,51,52,53,54,55",9,iron-hands-magneton,Iron Hands Magneton,108,369,417,57,46.03,pidgeot-control,Pidgeot Control,4,50.0,overall,2026-05-25T17:09:41.369705+00:00
SVI-PFL,"47,48,49,50,51,52,53,54,55",9,iron-hands-magneton,Iron Hands Magneton,108,369,417,57,46.03,gholdengo-ex,Gholdengo,4,50.0,overall,2026-05-25T17:09:41.369705+00:00
SVI-PFL,"47,48,49,50,51,52,53,54,55",9,iron-hands-magneton,Iron Hands Magneton,108,369,417,57,46.03,crustle-dri,Crustle,4,0.0,overall,2026-05-25T17:09:41.369705+00:00
SVI-PFL,"47,48,49,50,51,52,53,54,55",9,iron-hands-magneton,Iron Hands Magneton,108,369,417,57,46.03,slowking-scr,Slowking,4,8.33,overall,2026-05-25T17:09:41.369705+00:00
SVI-PFL,"47,48,49,50,51,52,53,54,55",9,iron-hands-magneton,Iron Hands Magneton,108,369,417,57,46.03,iron-hands-magneton,Iron Hands Magneton,3,38.89,overall,2026-05-25T17:09:41.369705+00:00
SVI-PFL,"47,48,49,50,51,52,53,54,55",9,iron-hands-magneton,Iron Hands Magneton,108,369,417,57,46.03,hydrapple-ogerpon,Hydrapple Ogerpon,3,66.67,overall,2026-05-25T17:09:41.369705+00:00
SVI-PFL,"47,48,49,50,51,52,53,54,55",9,iron-hands-magneton,Iron Hands Magneton,108,369,417,57,46.03,ethan-typhlosion,Ethan's Typhlosion,2,50.0,overall,2026-05-25T17:09:41.369705+00:00
SVI-PFL,"47,48,49,50,51,52,53,54,55",9,iron-hands-magneton,Iron Hands Magneton,108,369,417,57,46.03,froslass-munkidori,Froslass Munkidori,2,0.0,overall,2026-05-25T17:09:41.369705+00:00
SVI-PFL,"47,48,49,50,51,52,53,54,55",9,iron-hands-magneton,Iron Hands Magneton,108,369,417,57,46.03,seaking-pre,Seaking Festival Lead,2,50.0,overall,2026-05-25T17:09:41.369705+00:00
SVI-PFL,"47,48,49,50,51,52,53,54,55",9,iron-hands-magneton,Iron Hands Magneton,108,369,417,57,46.03,ho-oh-armarouge,Ho-Oh Armarouge,2,0.0,overall,2026-05-25T17:09:41.369705+00:00
SVI-PFL,"47,48,49,50,51,52,53,54,55",9,iron-hands-magneton,Iron Hands Magneton,108,369,417,57,46.03,gengar-ex,Gengar,2,100.0,overall,2026-05-25T17:09:41.369705+00:00
SVI-PFL,"47,48,49,50,51,52,53,54,55",9,iron-hands-magneton,Iron Hands Magneton,108,369,417,57,46.03,kangaskhan-forretress,Kangaskhan Forretress,2,50.0,overall,2026-05-25T17:09:41.369705+00:00
SVI-PFL,"47,48,49,50,51,52,53,54,55",9,iron-hands-magneton,Iron Hands Magneton,108,369,417,57,46.03,ursaluna-lunatone,Ursaluna Lunatone,1,0.0,overall,2026-05-25T17:09:41.369705+00:00
SVI-PFL,"47,48,49,50,51,52,53,54,55",9,iron-hands-magneton,Iron Hands Magneton,108,369,417,57,46.03,conkeldurr-twm,Conkeldurr,1,0.0,overall,2026-05-25T17:09:41.369705+00:00
SVI-PFL,"47,48,49,50,51,52,53,54,55",9,iron-hands-magneton,Iron Hands Magneton,108,369,417,57,46.03,gholdengo-dudunsparce,Gholdengo Dudunsparce,1,0.0,overall,2026-05-25T17:09:41.369705+00:00
SVI-PFL,"47,48,49,50,51,52,53,54,55",9,iron-hands-magneton,Iron Hands Magneton,108,369,417,57,46.03,flareon-ex,Flareon,1,100.0,overall,2026-05-25T17:09:41.369705+00:00
SVI-PFL,"47,48,49,50,51,52,53,54,55",9,iron-hands-magneton,Iron Hands Magneton,108,369,417,57,46.03,roaring-moon-ex,Roaring Moon,1,100.0,overall,2026-05-25T17:09:41.369705+00:00
SVI-PFL,"47,48,49,50,51,52,53,54,55",9,iron-hands-magneton,Iron Hands Magneton,108,369,417,57,46.03,espathra-xatu,Espathra Xatu,1,100.0,overall,2026-05-25T17:09:41.369705+00:00
SVI-PFL,"47,48,49,50,51,52,53,54,55",9,iron-hands-magneton,Iron Hands Magneton,108,369,417,57,46.03,paldean-tauros-pfl,Paldean Tauros,1,0.0,overall,2026-05-25T17:09:41.369705+00:00
SVI-PFL,"47,48,49,50,51,52,53,54,55",9,iron-hands-magneton,Iron Hands Magneton,108,369,417,57,46.03,tsareena-ex,Tsareena,1,100.0,overall,2026-05-25T17:09:41.369705+00:00
SVI-PFL,"47,48,49,50,51,52,53,54,55",9,iron-hands-magneton,Iron Hands Magneton,108,369,417,57,46.03,misty-gyarados,Misty's Gyarados,1,100.0,overall,2026-05-25T17:09:41.369705+00:00
SVI-PFL,"47,48,49,50,51,52,53,54,55",9,iron-hands-magneton,Iron Hands Magneton,108,369,417,57,46.03,alakazam-meg,Alakazam,1,100.0,overall,2026-05-25T17:09:41.369705+00:00
SVI-PFL,"47,48,49,50,51,52,53,54,55",9,iron-hands-magneton,Iron Hands Magneton,108,369,417,57,46.03,mega-lucario-ex,Mega Lucario,1,0.0,overall,2026-05-25T17:09:41.369705+00:00
SVI-PFL,"47,48,49,50,51,52,53,54,55",9,iron-hands-magneton,Iron Hands Magneton,108,369,417,57,46.03,okidogi-ex,Okidogi,1,0.0,overall,2026-05-25T17:09:41.369705+00:00
SVI-PFL,"47,48,49,50,51,52,53,54,55",9,iron-hands-magneton,Iron Hands Magneton,108,369,417,57,46.03,charizard-dragapult,Charizard Dragapult,1,0.0,overall,2026-05-25T17:09:41.369705+00:00
SVI-PFL,"47,48,49,50,51,52,53,54,55",9,iron-hands-magneton,Iron Hands Magneton,108,369,417,57,46.03,mega-manectric-ex-meg,Mega Manectric,1,0.0,overall,2026-05-25T17:09:41.369705+00:00
SVI-PFL,"47,48,49,50,51,52,53,54,55",9,iron-hands-magneton,Iron Hands Magneton,108,369,417,57,46.03,scovillain-ex,Scovillain,1,100.0,overall,2026-05-25T17:09:41.369705+00:00
SVI-PFL,"47,48,49,50,51,52,53,54,55",9,iron-hands-magneton,Iron Hands Magneton,108,369,417,57,46.03,chien-pao-baxcalibur,Chien-Pao Baxcalibur,1,100.0,overall,2026-05-25T17:09:41.369705+00:00
SVI-PFL,"47,48,49,50,51,52,53,54,55",9,iron-hands-magneton,Iron Hands Magneton,108,369,417,57,46.03,dragapult-blaziken,Dragapult Blaziken,1,0.0,overall,2026-05-25T17:09:41.369705+00:00
SVI-PFL,"47,48,49,50,51,52,53,54,55",9,iron-hands-magneton,Iron Hands Magneton,108,369,417,57,46.03,festival-lead,Festival Lead,1,100.0,overall,2026-05-25T17:09:41.369705+00:00
SVI-PFL,"47,48,49,50,51,52,53,54,55",9,iron-hands-magneton,Iron Hands Magneton,108,369,417,57,46.03,poison-terapagos,Poison Terapagos,1,0.0,overall,2026-05-25T17:09:41.369705+00:00
SVI-PFL,"47,48,49,50,51,52,53,54,55",9,iron-hands-magneton,Iron Hands Magneton,108,369,417,57,46.03,mega-abomasnow-ex,Mega Abomasnow,1,100.0,overall,2026-05-25T17:09:41.369705+00:00
SVI-PFL,"47,48,49,50,51,52,53,54,55",9,iron-hands-magneton,Iron Hands Magneton,108,369,417,57,46.03,manectric-eelektrik,Manectric Eelektrik,1,0.0,overall,2026-05-25T17:09:41.369705+00:00
SVI-PFL,"47,48,49,50,51,52,53,54,55",9,iron-hands-magneton,Iron Hands Magneton,108,369,417,57,46.03,rocket-mewtwo-ex,Rocket's Mewtwo,1,0.0,overall,2026-05-25T17:09:41.369705+00:00
SVI-PFL,"47,48,49,50,51,52,53,54,55",9,iron-hands-magneton,Iron Hands Magneton,108,369,417,57,46.03,hydreigon-ex,Hydreigon,1,0.0,overall,2026-05-25T17:09:41.369705+00:00
SVI-PFL,"47,48,49,50,51,52,53,54,55",9,iron-hands-magneton,Iron Hands Magneton,108,369,417,57,46.03,ethan-magcargo,Ethan's Magcargo,1,0.0,overall,2026-05-25T17:09:41.369705+00:00
SVI-PFL,"47,48,49,50,51,52,53,54,55",9,iron-hands-magneton,Iron Hands Magneton,108,369,417,57,46.03,toxtricity-pfl,Toxtricity Box,1,0.0,overall,2026-05-25T17:09:41.369705+00:00
SVI-PFL,"47,48,49,50,51,52,53,54,55",9,iron-hands-magneton,Iron Hands Magneton,108,369,417,57,46.03,wugtrio-svi,Wugtrio Mill,1,100.0,overall,2026-05-25T17:09:41.369705+00:00
SVI-PFL,"47,48,49,50,51,52,53,54,55",9,iron-hands-magneton,Iron Hands Magneton,108,369,417,57,46.03,rocket-spidops,Rocket's Spidops,1,0.0,overall,2026-05-25T17:09:41.369705+00:00
SVI-PFL,"47,48,49,50,51,52,53,54,55",9,iron-thorns-crustle,Iron Thorns Crustle,13,47,46,22,47.25,gholdengo-lunatone,Gholdengo Lunatone,15,62.22,overall,2026-05-25T17:09:44.292907+00:00
SVI-PFL,"47,48,49,50,51,52,53,54,55",9,iron-thorns-crustle,Iron Thorns Crustle,13,47,46,22,47.25,dragapult-dusknoir,Dragapult Dusknoir,13,41.03,overall,2026-05-25T17:09:44.292907+00:00
SVI-PFL,"47,48,49,50,51,52,53,54,55",9,iron-thorns-crustle,Iron Thorns Crustle,13,47,46,22,47.25,gardevoir-ex-sv,Gardevoir,12,33.33,overall,2026-05-25T17:09:44.292907+00:00
SVI-PFL,"47,48,49,50,51,52,53,54,55",9,iron-thorns-crustle,Iron Thorns Crustle,13,47,46,22,47.25,charizard-noctowl,Charizard Noctowl,11,54.55,overall,2026-05-25T17:09:44.292907+00:00
SVI-PFL,"47,48,49,50,51,52,53,54,55",9,iron-thorns-crustle,Iron Thorns Crustle,13,47,46,22,47.25,mega-absol-box,Mega Absol Box,7,42.86,overall,2026-05-25T17:09:44.292907+00:00
SVI-PFL,"47,48,49,50,51,52,53,54,55",9,iron-thorns-crustle,Iron Thorns Crustle,13,47,46,22,47.25,gardevoir-jellicent,Gardevoir Jellicent,7,42.86,overall,2026-05-25T17:09:44.292907+00:00
SVI-PFL,"47,48,49,50,51,52,53,54,55",9,iron-thorns-crustle,Iron Thorns Crustle,13,47,46,22,47.25,n-zoroark,N's Zoroark,5,26.67,overall,2026-05-25T17:09:44.292907+00:00
SVI-PFL,"47,48,49,50,51,52,53,54,55",9,iron-thorns-crustle,Iron Thorns Crustle,13,47,46,22,47.25,ceruledge-ex,Ceruledge,4,100.0,overall,2026-05-25T17:09:44.292907+00:00
SVI-PFL,"47,48,49,50,51,52,53,54,55",9,iron-thorns-crustle,Iron Thorns Crustle,13,47,46,22,47.25,greninja-ex,Greninja,4,58.33,overall,2026-05-25T17:09:44.292907+00:00
SVI-PFL,"47,48,49,50,51,52,53,54,55",9,iron-thorns-crustle,Iron Thorns Crustle,13,47,46,22,47.25,charizard-pidgeot,Charizard Pidgeot,4,58.33,overall,2026-05-25T17:09:44.292907+00:00
SVI-PFL,"47,48,49,50,51,52,53,54,55",9,iron-thorns-crustle,Iron Thorns Crustle,13,47,46,22,47.25,raging-bolt-ogerpon,Raging Bolt Ogerpon,3,11.11,overall,2026-05-25T17:09:44.292907+00:00
SVI-PFL,"47,48,49,50,51,52,53,54,55",9,iron-thorns-crustle,Iron Thorns Crustle,13,47,46,22,47.25,grimmsnarl-froslass,Grimmsnarl Froslass,3,44.44,overall,2026-05-25T17:09:44.292907+00:00
SVI-PFL,"47,48,49,50,51,52,53,54,55",9,iron-thorns-crustle,Iron Thorns Crustle,13,47,46,22,47.25,ursaluna-lunatone,Ursaluna Lunatone,2,0.0,overall,2026-05-25T17:09:44.292907+00:00
SVI-PFL,"47,48,49,50,51,52,53,54,55",9,iron-thorns-crustle,Iron Thorns Crustle,13,47,46,22,47.25,kangaskhan-bouffalant,Kangaskhan Bouffalant,2,100.0,overall,2026-05-25T17:09:44.292907+00:00
SVI-PFL,"47,48,49,50,51,52,53,54,55",9,iron-thorns-crustle,Iron Thorns Crustle,13,47,46,22,47.25,pidgeot-control,Pidgeot Control,2,0.0,overall,2026-05-25T17:09:44.292907+00:00
SVI-PFL,"47,48,49,50,51,52,53,54,55",9,iron-thorns-crustle,Iron Thorns Crustle,13,47,46,22,47.25,mega-venusaur-ex,Mega Venusaur,2,50.0,overall,2026-05-25T17:09:44.292907+00:00
SVI-PFL,"47,48,49,50,51,52,53,54,55",9,iron-thorns-crustle,Iron Thorns Crustle,13,47,46,22,47.25,dragapult-charizard,Dragapult Charizard,2,66.67,overall,2026-05-25T17:09:44.292907+00:00
SVI-PFL,"47,48,49,50,51,52,53,54,55",9,iron-thorns-crustle,Iron Thorns Crustle,13,47,46,22,47.25,festival-lead,Festival Lead,2,0.0,overall,2026-05-25T17:09:44.292907+00:00
SVI-PFL,"47,48,49,50,51,52,53,54,55",9,iron-thorns-crustle,Iron Thorns Crustle,13,47,46,22,47.25,joltik-box,Joltik Box,1,100.0,overall,2026-05-25T17:09:44.292907+00:00
SVI-PFL,"47,48,49,50,51,52,53,54,55",9,iron-thorns-crustle,Iron Thorns Crustle,13,47,46,22,47.25,crustle-dri,Crustle,1,0.0,overall,2026-05-25T17:09:44.292907+00:00
SVI-PFL,"47,48,49,50,51,52,53,54,55",9,iron-thorns-crustle,Iron Thorns Crustle,13,47,46,22,47.25,gholdengo-joltik-box,Gholdengo Joltik Box,1,100.0,overall,2026-05-25T17:09:44.292907+00:00
SVI-PFL,"47,48,49,50,51,52,53,54,55",9,iron-thorns-crustle,Iron Thorns Crustle,13,47,46,22,47.25,paldean-tauros-pfl,Paldean Tauros,1,0.0,overall,2026-05-25T17:09:44.292907+00:00
SVI-PFL,"47,48,49,50,51,52,53,54,55",9,iron-thorns-crustle,Iron Thorns Crustle,13,47,46,22,47.25,gholdengo-ex,Gholdengo,1,100.0,overall,2026-05-25T17:09:44.292907+00:00
SVI-PFL,"47,48,49,50,51,52,53,54,55",9,iron-thorns-crustle,Iron Thorns Crustle,13,47,46,22,47.25,blaziken-ex-jtg,Blaziken,1,0.0,overall,2026-05-25T17:09:44.292907+00:00
SVI-PFL,"47,48,49,50,51,52,53,54,55",9,iron-thorns-crustle,Iron Thorns Crustle,13,47,46,22,47.25,toedscruel-ex,Toedscruel,1,100.0,overall,2026-05-25T17:09:44.292907+00:00
SVI-PFL,"47,48,49,50,51,52,53,54,55",9,iron-thorns-crustle,Iron Thorns Crustle,13,47,46,22,47.25,hydrapple-ex,Hydrapple,1,100.0,overall,2026-05-25T17:09:44.292907+00:00
SVI-PFL,"47,48,49,50,51,52,53,54,55",9,iron-thorns-crustle,Iron Thorns Crustle,13,47,46,22,47.25,tera-box,Tera Box,1,0.0,overall,2026-05-25T17:09:44.292907+00:00
SVI-PFL,"47,48,49,50,51,52,53,54,55",9,iron-thorns-crustle,Iron Thorns Crustle,13,47,46,22,47.25,rocket-spidops,Rocket's Spidops,1,0.0,overall,2026-05-25T17:09:44.292907+00:00
SVI-PFL,"47,48,49,50,51,52,53,54,55",9,iron-thorns-crustle,Iron Thorns Crustle,13,47,46,22,47.25,mega-kangaskhan-ex,Mega Kangaskhan,1,33.33,overall,2026-05-25T17:09:44.292907+00:00
SVI-PFL,"47,48,49,50,51,52,53,54,55",9,iron-thorns-crustle,Iron Thorns Crustle,13,47,46,22,47.25,archaludon-ex,Archaludon,1,100.0,overall,2026-05-25T17:09:44.292907+00:00
SVI-PFL,"47,48,49,50,51,52,53,54,55",9,iron-thorns-crustle,Iron Thorns Crustle,13,47,46,22,47.25,other,Other,1,100.0,overall,2026-05-25T17:09:44.292907+00:00
SVI-PFL,"47,48,49,50,51,52,53,54,55",9,iron-thorns-crustle,Iron Thorns Crustle,13,47,46,22,47.25,cynthia-garchomp-ex,Cynthia's Garchomp,1,33.33,overall,2026-05-25T17:09:44.292907+00:00
SVI-PFL,"47,48,49,50,51,52,53,54,55",9,iron-thorns-crustle,Iron Thorns Crustle,13,47,46,22,47.25,alakazam-dudunsparce,Alakazam Dudunsparce,1,0.0,overall,2026-05-25T17:09:44.292907+00:00
SVI-PFL,"47,48,49,50,51,52,53,54,55",9,iron-thorns-ex,Iron Thorns,2,1,5,1,19.05,gardevoir-ex-sv,Gardevoir,2,66.67,overall,2026-05-25T17:09:47.193223+00:00
SVI-PFL,"47,48,49,50,51,52,53,54,55",9,iron-thorns-ex,Iron Thorns,2,1,5,1,19.05,dragapult-dusknoir,Dragapult Dusknoir,2,0.0,overall,2026-05-25T17:09:47.193223+00:00
SVI-PFL,"47,48,49,50,51,52,53,54,55",9,iron-thorns-ex,Iron Thorns,2,1,5,1,19.05,dragapult-charizard,Dragapult Charizard,1,0.0,overall,2026-05-25T17:09:47.193223+00:00
SVI-PFL,"47,48,49,50,51,52,53,54,55",9,iron-thorns-ex,Iron Thorns,2,1,5,1,19.05,gardevoir-jellicent,Gardevoir Jellicent,1,0.0,overall,2026-05-25T17:09:47.193223+00:00
SVI-PFL,"47,48,49,50,51,52,53,54,55",9,iron-thorns-ex,Iron Thorns,2,1,5,1,19.05,raging-bolt-ogerpon,Raging Bolt Ogerpon,1,0.0,overall,2026-05-25T17:09:47.193223+00:00
SVI-PFL,"47,48,49,50,51,52,53,54,55",9,iron-valiant-ex,Iron Valiant,2,6,6,4,45.83,dragapult-dusknoir,Dragapult Dusknoir,6,33.33,overall,2026-05-25T17:09:50.130583+00:00
SVI-PFL,"47,48,49,50,51,52,53,54,55",9,iron-valiant-ex,Iron Valiant,2,6,6,4,45.83,charizard-pidgeot,Charizard Pidgeot,2,66.67,overall,2026-05-25T17:09:50.130583+00:00
SVI-PFL,"47,48,49,50,51,52,53,54,55",9,iron-valiant-ex,Iron Valiant,2,6,6,4,45.83,gholdengo-lunatone,Gholdengo Lunatone,2,50.0,overall,2026-05-25T17:09:50.130583+00:00
SVI-PFL,"47,48,49,50,51,52,53,54,55",9,iron-valiant-ex,Iron Valiant,2,6,6,4,45.83,gardevoir-ex-sv,Gardevoir,1,0.0,overall,2026-05-25T17:09:50.130583+00:00
SVI-PFL,"47,48,49,50,51,52,53,54,55",9,iron-valiant-ex,Iron Valiant,2,6,6,4,45.83,n-zoroark,N's Zoroark,1,100.0,overall,2026-05-25T17:09:50.130583+00:00
SVI-PFL,"47,48,49,50,51,52,53,54,55",9,iron-valiant-ex,Iron Valiant,2,6,6,4,45.83,grimmsnarl-froslass,Grimmsnarl Froslass,1,100.0,overall,2026-05-25T17:09:50.130583+00:00
SVI-PFL,"47,48,49,50,51,52,53,54,55",9,iron-valiant-ex,Iron Valiant,2,6,6,4,45.83,mega-absol-box,Mega Absol Box,1,33.33,overall,2026-05-25T17:09:50.130583+00:00
SVI-PFL,"47,48,49,50,51,52,53,54,55",9,iron-valiant-ex,Iron Valiant,2,6,6,4,45.83,charizard-noctowl,Charizard Noctowl,1,33.33,overall,2026-05-25T17:09:50.130583+00:00
SVI-PFL,"47,48,49,50,51,52,53,54,55",9,iron-valiant-ex,Iron Valiant,2,6,6,4,45.83,gardevoir-jellicent,Gardevoir Jellicent,1,33.33,overall,2026-05-25T17:09:50.130583+00:00
SVI-PFL,"47,48,49,50,51,52,53,54,55",9,joltik-box,Joltik Box,203,744,772,152,47.64,gholdengo-lunatone,Gholdengo Lunatone,262,40.84,overall,2026-05-25T17:09:53.107147+00:00
SVI-PFL,"47,48,49,50,51,52,53,54,55",9,joltik-box,Joltik Box,203,744,772,152,47.64,dragapult-dusknoir,Dragapult Dusknoir,262,48.47,overall,2026-05-25T17:09:53.107147+00:00
SVI-PFL,"47,48,49,50,51,52,53,54,55",9,joltik-box,Joltik Box,203,744,772,152,47.64,charizard-noctowl,Charizard Noctowl,111,41.74,overall,2026-05-25T17:09:53.107147+00:00
SVI-PFL,"47,48,49,50,51,52,53,54,55",9,joltik-box,Joltik Box,203,744,772,152,47.64,gardevoir-ex-sv,Gardevoir,95,32.98,overall,2026-05-25T17:09:53.107147+00:00
SVI-PFL,"47,48,49,50,51,52,53,54,55",9,joltik-box,Joltik Box,203,744,772,152,47.64,gardevoir-jellicent,Gardevoir Jellicent,92,39.86,overall,2026-05-25T17:09:53.107147+00:00
SVI-PFL,"47,48,49,50,51,52,53,54,55",9,joltik-box,Joltik Box,203,744,772,152,47.64,mega-absol-box,Mega Absol Box,81,46.5,overall,2026-05-25T17:09:53.107147+00:00
SVI-PFL,"47,48,49,50,51,52,53,54,55",9,joltik-box,Joltik Box,203,744,772,152,47.64,raging-bolt-ogerpon,Raging Bolt Ogerpon,81,65.84,overall,2026-05-25T17:09:53.107147+00:00
SVI-PFL,"47,48,49,50,51,52,53,54,55",9,joltik-box,Joltik Box,203,744,772,152,47.64,grimmsnarl-froslass,Grimmsnarl Froslass,74,60.81,overall,2026-05-25T17:09:53.107147+00:00
SVI-PFL,"47,48,49,50,51,52,53,54,55",9,joltik-box,Joltik Box,203,744,772,152,47.64,charizard-pidgeot,Charizard Pidgeot,59,45.2,overall,2026-05-25T17:09:53.107147+00:00
SVI-PFL,"47,48,49,50,51,52,53,54,55",9,joltik-box,Joltik Box,203,744,772,152,47.64,n-zoroark,N's Zoroark,54,70.99,overall,2026-05-25T17:09:53.107147+00:00
SVI-PFL,"47,48,49,50,51,52,53,54,55",9,joltik-box,Joltik Box,203,744,772,152,47.64,ceruledge-ex,Ceruledge,48,68.06,overall,2026-05-25T17:09:53.107147+00:00
SVI-PFL,"47,48,49,50,51,52,53,54,55",9,joltik-box,Joltik Box,203,744,772,152,47.64,dragapult-charizard,Dragapult Charizard,40,49.17,overall,2026-05-25T17:09:53.107147+00:00
SVI-PFL,"47,48,49,50,51,52,53,54,55",9,joltik-box,Joltik Box,203,744,772,152,47.64,alakazam-dudunsparce,Alakazam Dudunsparce,37,5.41,overall,2026-05-25T17:09:53.107147+00:00
SVI-PFL,"47,48,49,50,51,52,53,54,55",9,joltik-box,Joltik Box,203,744,772,152,47.64,kangaskhan-bouffalant,Kangaskhan Bouffalant,35,28.57,overall,2026-05-25T17:09:53.107147+00:00
SVI-PFL,"47,48,49,50,51,52,53,54,55",9,joltik-box,Joltik Box,203,744,772,152,47.64,lopunny-dusknoir,Lopunny Dusknoir,29,35.63,overall,2026-05-25T17:09:53.107147+00:00
SVI-PFL,"47,48,49,50,51,52,53,54,55",9,joltik-box,Joltik Box,203,744,772,152,47.64,flareon-noctowl,Flareon Noctowl,26,57.69,overall,2026-05-25T17:09:53.107147+00:00
SVI-PFL,"47,48,49,50,51,52,53,54,55",9,joltik-box,Joltik Box,203,744,772,152,47.64,tera-box,Tera Box,21,52.38,overall,2026-05-25T17:09:53.107147+00:00
SVI-PFL,"47,48,49,50,51,52,53,54,55",9,joltik-box,Joltik Box,203,744,772,152,47.64,greninja-ex,Greninja,15,22.22,overall,2026-05-25T17:09:53.107147+00:00
SVI-PFL,"47,48,49,50,51,52,53,54,55",9,joltik-box,Joltik Box,203,744,772,152,47.64,mega-venusaur-ex,Mega Venusaur,14,66.67,overall,2026-05-25T17:09:53.107147+00:00
SVI-PFL,"47,48,49,50,51,52,53,54,55",9,joltik-box,Joltik Box,203,744,772,152,47.64,slowking-scr,Slowking,13,69.23,overall,2026-05-25T17:09:53.107147+00:00
SVI-PFL,"47,48,49,50,51,52,53,54,55",9,joltik-box,Joltik Box,203,744,772,152,47.64,sharpedo-toxtricity,Sharpedo Toxtricity,13,66.67,overall,2026-05-25T17:09:53.107147+00:00
SVI-PFL,"47,48,49,50,51,52,53,54,55",9,joltik-box,Joltik Box,203,744,772,152,47.64,crustle-dri,Crustle,12,33.33,overall,2026-05-25T17:09:53.107147+00:00
SVI-PFL,"47,48,49,50,51,52,53,54,55",9,joltik-box,Joltik Box,203,744,772,152,47.64,lucario-hariyama,Lucario Hariyama,12,63.89,overall,2026-05-25T17:09:53.107147+00:00
SVI-PFL,"47,48,49,50,51,52,53,54,55",9,joltik-box,Joltik Box,203,744,772,152,47.64,joltik-box,Joltik Box,11,48.48,overall,2026-05-25T17:09:53.107147+00:00
SVI-PFL,"47,48,49,50,51,52,53,54,55",9,joltik-box,Joltik Box,203,744,772,152,47.64,gholdengo-ex,Gholdengo,10,46.67,overall,2026-05-25T17:09:53.107147+00:00
SVI-PFL,"47,48,49,50,51,52,53,54,55",9,joltik-box,Joltik Box,203,744,772,152,47.64,cynthia-garchomp-ex,Cynthia's Garchomp,10,43.33,overall,2026-05-25T17:09:53.107147+00:00
SVI-PFL,"47,48,49,50,51,52,53,54,55",9,joltik-box,Joltik Box,203,744,772,152,47.64,other,Other,10,60.0,overall,2026-05-25T17:09:53.107147+00:00
SVI-PFL,"47,48,49,50,51,52,53,54,55",9,joltik-box,Joltik Box,203,744,772,152,47.64,pidgeot-control,Pidgeot Control,10,46.67,overall,2026-05-25T17:09:53.107147+00:00
SVI-PFL,"47,48,49,50,51,52,53,54,55",9,joltik-box,Joltik Box,203,744,772,152,47.64,iron-hands-magneton,Iron Hands Magneton,10,73.33,overall,2026-05-25T17:09:53.107147+00:00
SVI-PFL,"47,48,49,50,51,52,53,54,55",9,joltik-box,Joltik Box,203,744,772,152,47.64,hydrapple-ogerpon,Hydrapple Ogerpon,8,54.17,overall,2026-05-25T17:09:53.107147+00:00
SVI-PFL,"47,48,49,50,51,52,53,54,55",9,joltik-box,Joltik Box,203,744,772,152,47.64,gholdengo-joltik-box,Gholdengo Joltik Box,7,71.43,overall,2026-05-25T17:09:53.107147+00:00
SVI-PFL,"47,48,49,50,51,52,53,54,55",9,joltik-box,Joltik Box,203,744,772,152,47.64,ethan-typhlosion,Ethan's Typhlosion,6,38.89,overall,2026-05-25T17:09:53.107147+00:00
SVI-PFL,"47,48,49,50,51,52,53,54,55",9,joltik-box,Joltik Box,203,744,772,152,47.64,froslass-munkidori,Froslass Munkidori,6,100.0,overall,2026-05-25T17:09:53.107147+00:00
SVI-PFL,"47,48,49,50,51,52,53,54,55",9,joltik-box,Joltik Box,203,744,772,152,47.64,ho-oh-armarouge,Ho-Oh Armarouge,5,40.0,overall,2026-05-25T17:09:53.107147+00:00
SVI-PFL,"47,48,49,50,51,52,53,54,55",9,joltik-box,Joltik Box,203,744,772,152,47.64,ogerpon-meganium,Ogerpon Meganium,4,50.0,overall,2026-05-25T17:09:53.107147+00:00
SVI-PFL,"47,48,49,50,51,52,53,54,55",9,joltik-box,Joltik Box,203,744,772,152,47.64,yanmega-ex,Yanmega,4,58.33,overall,2026-05-25T17:09:53.107147+00:00
SVI-PFL,"47,48,49,50,51,52,53,54,55",9,joltik-box,Joltik Box,203,744,772,152,47.64,kangaskhan-forretress,Kangaskhan Forretress,4,50.0,overall,2026-05-25T17:09:53.107147+00:00
SVI-PFL,"47,48,49,50,51,52,53,54,55",9,joltik-box,Joltik Box,203,744,772,152,47.64,seaking-pre,Seaking Festival Lead,4,50.0,overall,2026-05-25T17:09:53.107147+00:00
SVI-PFL,"47,48,49,50,51,52,53,54,55",9,joltik-box,Joltik Box,203,744,772,152,47.64,mega-lopunny-ex,Mega Lopunny,3,66.67,overall,2026-05-25T17:09:53.107147+00:00
SVI-PFL,"47,48,49,50,51,52,53,54,55",9,joltik-box,Joltik Box,203,744,772,152,47.64,hop-zacian,Hop's Zacian,3,44.44,overall,2026-05-25T17:09:53.107147+00:00
SVI-PFL,"47,48,49,50,51,52,53,54,55",9,joltik-box,Joltik Box,203,744,772,152,47.64,festival-lead,Festival Lead,3,66.67,overall,2026-05-25T17:09:53.107147+00:00
SVI-PFL,"47,48,49,50,51,52,53,54,55",9,joltik-box,Joltik Box,203,744,772,152,47.64,dragapult-ex,Dragapult,2,100.0,overall,2026-05-25T17:09:53.107147+00:00
SVI-PFL,"47,48,49,50,51,52,53,54,55",9,joltik-box,Joltik Box,203,744,772,152,47.64,miraidon-eelektrik,Miraidon Eelektrik,2,100.0,overall,2026-05-25T17:09:53.107147+00:00
SVI-PFL,"47,48,49,50,51,52,53,54,55",9,joltik-box,Joltik Box,203,744,772,152,47.64,flareon-ex,Flareon,2,100.0,overall,2026-05-25T17:09:53.107147+00:00
SVI-PFL,"47,48,49,50,51,52,53,54,55",9,joltik-box,Joltik Box,203,744,772,152,47.64,conkeldurr-twm,Conkeldurr,2,66.67,overall,2026-05-25T17:09:53.107147+00:00
SVI-PFL,"47,48,49,50,51,52,53,54,55",9,joltik-box,Joltik Box,203,744,772,152,47.64,ursaluna-lunatone,Ursaluna Lunatone,2,66.67,overall,2026-05-25T17:09:53.107147+00:00
SVI-PFL,"47,48,49,50,51,52,53,54,55",9,joltik-box,Joltik Box,203,744,772,152,47.64,rocket-mewtwo-ex,Rocket's Mewtwo,2,16.67,overall,2026-05-25T17:09:53.107147+00:00
SVI-PFL,"47,48,49,50,51,52,53,54,55",9,joltik-box,Joltik Box,203,744,772,152,47.64,roaring-moon-ex,Roaring Moon,2,100.0,overall,2026-05-25T17:09:53.107147+00:00
SVI-PFL,"47,48,49,50,51,52,53,54,55",9,joltik-box,Joltik Box,203,744,772,152,47.64,milotic-ex,Milotic,2,50.0,overall,2026-05-25T17:09:53.107147+00:00
SVI-PFL,"47,48,49,50,51,52,53,54,55",9,joltik-box,Joltik Box,203,744,772,152,47.64,charizard-greninja,Charizard Greninja,2,100.0,overall,2026-05-25T17:09:53.107147+00:00
SVI-PFL,"47,48,49,50,51,52,53,54,55",9,joltik-box,Joltik Box,203,744,772,152,47.64,archaludon-ex,Archaludon,2,50.0,overall,2026-05-25T17:09:53.107147+00:00
SVI-PFL,"47,48,49,50,51,52,53,54,55",9,joltik-box,Joltik Box,203,744,772,152,47.64,ogerpon-ex,Ogerpon,1,100.0,overall,2026-05-25T17:09:53.107147+00:00
SVI-PFL,"47,48,49,50,51,52,53,54,55",9,joltik-box,Joltik Box,203,744,772,152,47.64,mega-charizard-x-ex,Mega Charizard X,1,100.0,overall,2026-05-25T17:09:53.107147+00:00
SVI-PFL,"47,48,49,50,51,52,53,54,55",9,joltik-box,Joltik Box,203,744,772,152,47.64,gholdengo-typhlosion,Gholdengo Typhlosion,1,100.0,overall,2026-05-25T17:09:53.107147+00:00
SVI-PFL,"47,48,49,50,51,52,53,54,55",9,joltik-box,Joltik Box,203,744,772,152,47.64,marnie-grimmsnarl-ex,Marnie's Grimmsnarl,1,100.0,overall,2026-05-25T17:09:53.107147+00:00
SVI-PFL,"47,48,49,50,51,52,53,54,55",9,joltik-box,Joltik Box,203,744,772,152,47.64,iron-thorns-crustle,Iron Thorns Crustle,1,0.0,overall,2026-05-25T17:09:53.107147+00:00
SVI-PFL,"47,48,49,50,51,52,53,54,55",9,joltik-box,Joltik Box,203,744,772,152,47.64,roaring-moon-dudunsparce,Roaring Moon Dudunsparce,1,0.0,overall,2026-05-25T17:09:53.107147+00:00
SVI-PFL,"47,48,49,50,51,52,53,54,55",9,joltik-box,Joltik Box,203,744,772,152,47.64,slaking-ex,Slaking,1,0.0,overall,2026-05-25T17:09:53.107147+00:00
SVI-PFL,"47,48,49,50,51,52,53,54,55",9,joltik-box,Joltik Box,203,744,772,152,47.64,charizard-dragapult,Charizard Dragapult,1,0.0,overall,2026-05-25T17:09:53.107147+00:00
SVI-PFL,"47,48,49,50,51,52,53,54,55",9,joltik-box,Joltik Box,203,744,772,152,47.64,blaziken-ex-jtg,Blaziken,1,0.0,overall,2026-05-25T17:09:53.107147+00:00
SVI-PFL,"47,48,49,50,51,52,53,54,55",9,joltik-box,Joltik Box,203,744,772,152,47.64,toxtricity-pfl,Toxtricity Box,1,0.0,overall,2026-05-25T17:09:53.107147+00:00
SVI-PFL,"47,48,49,50,51,52,53,54,55",9,joltik-box,Joltik Box,203,744,772,152,47.64,rocket-nidoking-ex,Rocket's Nidoking,1,100.0,overall,2026-05-25T17:09:53.107147+00:00
SVI-PFL,"47,48,49,50,51,52,53,54,55",9,joltik-box,Joltik Box,203,744,772,152,47.64,terapagos-noctowl,Terapagos Noctowl,1,0.0,overall,2026-05-25T17:09:53.107147+00:00
SVI-PFL,"47,48,49,50,51,52,53,54,55",9,joltik-box,Joltik Box,203,744,772,152,47.64,raging-bolt-ex,Raging Bolt,1,0.0,overall,2026-05-25T17:09:53.107147+00:00
SVI-PFL,"47,48,49,50,51,52,53,54,55",9,joltik-box,Joltik Box,203,744,772,152,47.64,gholdengo-dragapult,Gholdengo Dragapult,1,100.0,overall,2026-05-25T17:09:53.107147+00:00
SVI-PFL,"47,48,49,50,51,52,53,54,55",9,joltik-box,Joltik Box,203,744,772,152,47.64,tinkaton-ex,Tinkaton,1,33.33,overall,2026-05-25T17:09:53.107147+00:00
SVI-PFL,"47,48,49,50,51,52,53,54,55",9,joltik-box,Joltik Box,203,744,772,152,47.64,alakazam-ex,Alakazam,1,100.0,overall,2026-05-25T17:09:53.107147+00:00
SVI-PFL,"47,48,49,50,51,52,53,54,55",9,joltik-box,Joltik Box,203,744,772,152,47.64,wugtrio-svi,Wugtrio Mill,1,100.0,overall,2026-05-25T17:09:53.107147+00:00
SVI-PFL,"47,48,49,50,51,52,53,54,55",9,joltik-box,Joltik Box,203,744,772,152,47.64,ethan-magcargo,Ethan's Magcargo,1,0.0,overall,2026-05-25T17:09:53.107147+00:00
SVI-PFL,"47,48,49,50,51,52,53,54,55",9,joltik-box,Joltik Box,203,744,772,152,47.64,mega-kangaskhan-ex,Mega Kangaskhan,1,100.0,overall,2026-05-25T17:09:53.107147+00:00
SVI-PFL,"47,48,49,50,51,52,53,54,55",9,joltik-box,Joltik Box,203,744,772,152,47.64,manectric-eelektrik,Manectric Eelektrik,1,0.0,overall,2026-05-25T17:09:53.107147+00:00
SVI-PFL,"47,48,49,50,51,52,53,54,55",9,joltik-box,Joltik Box,203,744,772,152,47.64,tsareena-ex,Tsareena,1,100.0,overall,2026-05-25T17:09:53.107147+00:00
SVI-PFL,"47,48,49,50,51,52,53,54,55",9,joltik-box,Joltik Box,203,744,772,152,47.64,dragapult-froslass,Dragapult Froslass,1,33.33,overall,2026-05-25T17:09:53.107147+00:00
SVI-PFL,"47,48,49,50,51,52,53,54,55",9,joltik-box,Joltik Box,203,744,772,152,47.64,okidogi-twm,Okidogi,1,0.0,overall,2026-05-25T17:09:53.107147+00:00
SVI-PFL,"47,48,49,50,51,52,53,54,55",9,joltik-box,Joltik Box,203,744,772,152,47.64,mega-abomasnow-ex,Mega Abomasnow,1,0.0,overall,2026-05-25T17:09:53.107147+00:00
SVI-PFL,"47,48,49,50,51,52,53,54,55",9,joltik-box,Joltik Box,203,744,772,152,47.64,paldean-tauros-pfl,Paldean Tauros,1,100.0,overall,2026-05-25T17:09:53.107147+00:00
SVI-PFL,"47,48,49,50,51,52,53,54,55",9,joltik-box,Joltik Box,203,744,772,152,47.64,mega-lucario-ex,Mega Lucario,1,100.0,overall,2026-05-25T17:09:53.107147+00:00
SVI-PFL,"47,48,49,50,51,52,53,54,55",9,kangaskhan-bouffalant,Kangaskhan Bouffalant,317,1090,1089,437,47.23,gholdengo-lunatone,Gholdengo Lunatone,432,34.1,overall,2026-05-25T17:09:55.990087+00:00
SVI-PFL,"47,48,49,50,51,52,53,54,55",9,kangaskhan-bouffalant,Kangaskhan Bouffalant,317,1090,1089,437,47.23,dragapult-dusknoir,Dragapult Dusknoir,380,55.61,overall,2026-05-25T17:09:55.990087+00:00
SVI-PFL,"47,48,49,50,51,52,53,54,55",9,kangaskhan-bouffalant,Kangaskhan Bouffalant,317,1090,1089,437,47.23,charizard-noctowl,Charizard Noctowl,203,55.34,overall,2026-05-25T17:09:55.990087+00:00
SVI-PFL,"47,48,49,50,51,52,53,54,55",9,kangaskhan-bouffalant,Kangaskhan Bouffalant,317,1090,1089,437,47.23,gardevoir-jellicent,Gardevoir Jellicent,191,52.53,overall,2026-05-25T17:09:55.990087+00:00
SVI-PFL,"47,48,49,50,51,52,53,54,55",9,kangaskhan-bouffalant,Kangaskhan Bouffalant,317,1090,1089,437,47.23,gardevoir-ex-sv,Gardevoir,160,47.71,overall,2026-05-25T17:09:55.990087+00:00
SVI-PFL,"47,48,49,50,51,52,53,54,55",9,kangaskhan-bouffalant,Kangaskhan Bouffalant,317,1090,1089,437,47.23,mega-absol-box,Mega Absol Box,114,46.49,overall,2026-05-25T17:09:55.990087+00:00
SVI-PFL,"47,48,49,50,51,52,53,54,55",9,kangaskhan-bouffalant,Kangaskhan Bouffalant,317,1090,1089,437,47.23,charizard-pidgeot,Charizard Pidgeot,112,52.68,overall,2026-05-25T17:09:55.990087+00:00
SVI-PFL,"47,48,49,50,51,52,53,54,55",9,kangaskhan-bouffalant,Kangaskhan Bouffalant,317,1090,1089,437,47.23,n-zoroark,N's Zoroark,99,45.79,overall,2026-05-25T17:09:55.990087+00:00
SVI-PFL,"47,48,49,50,51,52,53,54,55",9,kangaskhan-bouffalant,Kangaskhan Bouffalant,317,1090,1089,437,47.23,raging-bolt-ogerpon,Raging Bolt Ogerpon,95,29.12,overall,2026-05-25T17:09:55.990087+00:00
SVI-PFL,"47,48,49,50,51,52,53,54,55",9,kangaskhan-bouffalant,Kangaskhan Bouffalant,317,1090,1089,437,47.23,grimmsnarl-froslass,Grimmsnarl Froslass,86,40.7,overall,2026-05-25T17:09:55.990087+00:00
SVI-PFL,"47,48,49,50,51,52,53,54,55",9,kangaskhan-bouffalant,Kangaskhan Bouffalant,317,1090,1089,437,47.23,alakazam-dudunsparce,Alakazam Dudunsparce,70,16.19,overall,2026-05-25T17:09:55.990087+00:00
SVI-PFL,"47,48,49,50,51,52,53,54,55",9,kangaskhan-bouffalant,Kangaskhan Bouffalant,317,1090,1089,437,47.23,ceruledge-ex,Ceruledge,58,64.94,overall,2026-05-25T17:09:55.990087+00:00
SVI-PFL,"47,48,49,50,51,52,53,54,55",9,kangaskhan-bouffalant,Kangaskhan Bouffalant,317,1090,1089,437,47.23,dragapult-charizard,Dragapult Charizard,57,44.44,overall,2026-05-25T17:09:55.990087+00:00
SVI-PFL,"47,48,49,50,51,52,53,54,55",9,kangaskhan-bouffalant,Kangaskhan Bouffalant,317,1090,1089,437,47.23,flareon-noctowl,Flareon Noctowl,42,69.84,overall,2026-05-25T17:09:55.990087+00:00
SVI-PFL,"47,48,49,50,51,52,53,54,55",9,kangaskhan-bouffalant,Kangaskhan Bouffalant,317,1090,1089,437,47.23,joltik-box,Joltik Box,35,65.71,overall,2026-05-25T17:09:55.990087+00:00
SVI-PFL,"47,48,49,50,51,52,53,54,55",9,kangaskhan-bouffalant,Kangaskhan Bouffalant,317,1090,1089,437,47.23,greninja-ex,Greninja,34,22.55,overall,2026-05-25T17:09:55.990087+00:00
SVI-PFL,"47,48,49,50,51,52,53,54,55",9,kangaskhan-bouffalant,Kangaskhan Bouffalant,317,1090,1089,437,47.23,lopunny-dusknoir,Lopunny Dusknoir,32,53.13,overall,2026-05-25T17:09:55.990087+00:00
SVI-PFL,"47,48,49,50,51,52,53,54,55",9,kangaskhan-bouffalant,Kangaskhan Bouffalant,317,1090,1089,437,47.23,tera-box,Tera Box,27,70.37,overall,2026-05-25T17:09:55.990087+00:00
SVI-PFL,"47,48,49,50,51,52,53,54,55",9,kangaskhan-bouffalant,Kangaskhan Bouffalant,317,1090,1089,437,47.23,kangaskhan-bouffalant,Kangaskhan Bouffalant,25,48.0,overall,2026-05-25T17:09:55.990087+00:00
SVI-PFL,"47,48,49,50,51,52,53,54,55",9,kangaskhan-bouffalant,Kangaskhan Bouffalant,317,1090,1089,437,47.23,iron-hands-magneton,Iron Hands Magneton,21,69.84,overall,2026-05-25T17:09:55.990087+00:00
SVI-PFL,"47,48,49,50,51,52,53,54,55",9,kangaskhan-bouffalant,Kangaskhan Bouffalant,317,1090,1089,437,47.23,cynthia-garchomp-ex,Cynthia's Garchomp,20,28.33,overall,2026-05-25T17:09:55.990087+00:00
SVI-PFL,"47,48,49,50,51,52,53,54,55",9,kangaskhan-bouffalant,Kangaskhan Bouffalant,317,1090,1089,437,47.23,lucario-hariyama,Lucario Hariyama,19,19.3,overall,2026-05-25T17:09:55.990087+00:00
SVI-PFL,"47,48,49,50,51,52,53,54,55",9,kangaskhan-bouffalant,Kangaskhan Bouffalant,317,1090,1089,437,47.23,mega-venusaur-ex,Mega Venusaur,19,52.63,overall,2026-05-25T17:09:55.990087+00:00
SVI-PFL,"47,48,49,50,51,52,53,54,55",9,kangaskhan-bouffalant,Kangaskhan Bouffalant,317,1090,1089,437,47.23,crustle-dri,Crustle,17,35.29,overall,2026-05-25T17:09:55.990087+00:00
SVI-PFL,"47,48,49,50,51,52,53,54,55",9,kangaskhan-bouffalant,Kangaskhan Bouffalant,317,1090,1089,437,47.23,other,Other,14,66.67,overall,2026-05-25T17:09:55.990087+00:00
SVI-PFL,"47,48,49,50,51,52,53,54,55",9,kangaskhan-bouffalant,Kangaskhan Bouffalant,317,1090,1089,437,47.23,slowking-scr,Slowking,13,41.03,overall,2026-05-25T17:09:55.990087+00:00
SVI-PFL,"47,48,49,50,51,52,53,54,55",9,kangaskhan-bouffalant,Kangaskhan Bouffalant,317,1090,1089,437,47.23,sharpedo-toxtricity,Sharpedo Toxtricity,12,75.0,overall,2026-05-25T17:09:55.990087+00:00
SVI-PFL,"47,48,49,50,51,52,53,54,55",9,kangaskhan-bouffalant,Kangaskhan Bouffalant,317,1090,1089,437,47.23,froslass-munkidori,Froslass Munkidori,12,61.11,overall,2026-05-25T17:09:55.990087+00:00
SVI-PFL,"47,48,49,50,51,52,53,54,55",9,kangaskhan-bouffalant,Kangaskhan Bouffalant,317,1090,1089,437,47.23,ursaluna-lunatone,Ursaluna Lunatone,12,13.89,overall,2026-05-25T17:09:55.990087+00:00
SVI-PFL,"47,48,49,50,51,52,53,54,55",9,kangaskhan-bouffalant,Kangaskhan Bouffalant,317,1090,1089,437,47.23,ho-oh-armarouge,Ho-Oh Armarouge,11,57.58,overall,2026-05-25T17:09:55.990087+00:00
SVI-PFL,"47,48,49,50,51,52,53,54,55",9,kangaskhan-bouffalant,Kangaskhan Bouffalant,317,1090,1089,437,47.23,pidgeot-control,Pidgeot Control,11,21.21,overall,2026-05-25T17:09:55.990087+00:00
SVI-PFL,"47,48,49,50,51,52,53,54,55",9,kangaskhan-bouffalant,Kangaskhan Bouffalant,317,1090,1089,437,47.23,conkeldurr-twm,Conkeldurr,10,0.0,overall,2026-05-25T17:09:55.990087+00:00
SVI-PFL,"47,48,49,50,51,52,53,54,55",9,kangaskhan-bouffalant,Kangaskhan Bouffalant,317,1090,1089,437,47.23,gholdengo-ex,Gholdengo,10,53.33,overall,2026-05-25T17:09:55.990087+00:00
SVI-PFL,"47,48,49,50,51,52,53,54,55",9,kangaskhan-bouffalant,Kangaskhan Bouffalant,317,1090,1089,437,47.23,ethan-typhlosion,Ethan's Typhlosion,9,77.78,overall,2026-05-25T17:09:55.990087+00:00
SVI-PFL,"47,48,49,50,51,52,53,54,55",9,kangaskhan-bouffalant,Kangaskhan Bouffalant,317,1090,1089,437,47.23,gholdengo-joltik-box,Gholdengo Joltik Box,8,25.0,overall,2026-05-25T17:09:55.990087+00:00
SVI-PFL,"47,48,49,50,51,52,53,54,55",9,kangaskhan-bouffalant,Kangaskhan Bouffalant,317,1090,1089,437,47.23,hydreigon-ex,Hydreigon,7,100.0,overall,2026-05-25T17:09:55.990087+00:00
SVI-PFL,"47,48,49,50,51,52,53,54,55",9,kangaskhan-bouffalant,Kangaskhan Bouffalant,317,1090,1089,437,47.23,dragapult-ex,Dragapult,6,66.67,overall,2026-05-25T17:09:55.990087+00:00
SVI-PFL,"47,48,49,50,51,52,53,54,55",9,kangaskhan-bouffalant,Kangaskhan Bouffalant,317,1090,1089,437,47.23,marnie-grimmsnarl-ex,Marnie's Grimmsnarl,6,44.44,overall,2026-05-25T17:09:55.990087+00:00
SVI-PFL,"47,48,49,50,51,52,53,54,55",9,kangaskhan-bouffalant,Kangaskhan Bouffalant,317,1090,1089,437,47.23,dragapult-blaziken,Dragapult Blaziken,6,55.56,overall,2026-05-25T17:09:55.990087+00:00
SVI-PFL,"47,48,49,50,51,52,53,54,55",9,kangaskhan-bouffalant,Kangaskhan Bouffalant,317,1090,1089,437,47.23,rocket-mewtwo-ex,Rocket's Mewtwo,5,60.0,overall,2026-05-25T17:09:55.990087+00:00
SVI-PFL,"47,48,49,50,51,52,53,54,55",9,kangaskhan-bouffalant,Kangaskhan Bouffalant,317,1090,1089,437,47.23,festival-lead,Festival Lead,5,53.33,overall,2026-05-25T17:09:55.990087+00:00
SVI-PFL,"47,48,49,50,51,52,53,54,55",9,kangaskhan-bouffalant,Kangaskhan Bouffalant,317,1090,1089,437,47.23,manectric-eelektrik,Manectric Eelektrik,4,58.33,overall,2026-05-25T17:09:55.990087+00:00
SVI-PFL,"47,48,49,50,51,52,53,54,55",9,kangaskhan-bouffalant,Kangaskhan Bouffalant,317,1090,1089,437,47.23,seaking-pre,Seaking Festival Lead,4,100.0,overall,2026-05-25T17:09:55.990087+00:00
SVI-PFL,"47,48,49,50,51,52,53,54,55",9,kangaskhan-bouffalant,Kangaskhan Bouffalant,317,1090,1089,437,47.23,hydrapple-ogerpon,Hydrapple Ogerpon,4,50.0,overall,2026-05-25T17:09:55.990087+00:00
SVI-PFL,"47,48,49,50,51,52,53,54,55",9,kangaskhan-bouffalant,Kangaskhan Bouffalant,317,1090,1089,437,47.23,mega-lucario-ex,Mega Lucario,3,44.44,overall,2026-05-25T17:09:55.990087+00:00
SVI-PFL,"47,48,49,50,51,52,53,54,55",9,kangaskhan-bouffalant,Kangaskhan Bouffalant,317,1090,1089,437,47.23,toxtricity-pfl,Toxtricity Box,3,0.0,overall,2026-05-25T17:09:55.990087+00:00
SVI-PFL,"47,48,49,50,51,52,53,54,55",9,kangaskhan-bouffalant,Kangaskhan Bouffalant,317,1090,1089,437,47.23,charizard-ex,Charizard,3,100.0,overall,2026-05-25T17:09:55.990087+00:00
SVI-PFL,"47,48,49,50,51,52,53,54,55",9,kangaskhan-bouffalant,Kangaskhan Bouffalant,317,1090,1089,437,47.23,yanmega-ex,Yanmega,3,66.67,overall,2026-05-25T17:09:55.990087+00:00
SVI-PFL,"47,48,49,50,51,52,53,54,55",9,kangaskhan-bouffalant,Kangaskhan Bouffalant,317,1090,1089,437,47.23,miraidon-eelektrik,Miraidon Eelektrik,2,66.67,overall,2026-05-25T17:09:55.990087+00:00
SVI-PFL,"47,48,49,50,51,52,53,54,55",9,kangaskhan-bouffalant,Kangaskhan Bouffalant,317,1090,1089,437,47.23,toedscruel-ex,Toedscruel,2,66.67,overall,2026-05-25T17:09:55.990087+00:00
SVI-PFL,"47,48,49,50,51,52,53,54,55",9,kangaskhan-bouffalant,Kangaskhan Bouffalant,317,1090,1089,437,47.23,charizard-dragapult,Charizard Dragapult,2,50.0,overall,2026-05-25T17:09:55.990087+00:00
SVI-PFL,"47,48,49,50,51,52,53,54,55",9,kangaskhan-bouffalant,Kangaskhan Bouffalant,317,1090,1089,437,47.23,palafin-ex,Palafin,2,66.67,overall,2026-05-25T17:09:55.990087+00:00
SVI-PFL,"47,48,49,50,51,52,53,54,55",9,kangaskhan-bouffalant,Kangaskhan Bouffalant,317,1090,1089,437,47.23,iron-thorns-crustle,Iron Thorns Crustle,2,0.0,overall,2026-05-25T17:09:55.990087+00:00
SVI-PFL,"47,48,49,50,51,52,53,54,55",9,kangaskhan-bouffalant,Kangaskhan Bouffalant,317,1090,1089,437,47.23,mega-abomasnow-ex,Mega Abomasnow,2,100.0,overall,2026-05-25T17:09:55.990087+00:00
SVI-PFL,"47,48,49,50,51,52,53,54,55",9,kangaskhan-bouffalant,Kangaskhan Bouffalant,317,1090,1089,437,47.23,hop-zacian,Hop's Zacian,2,66.67,overall,2026-05-25T17:09:55.990087+00:00
SVI-PFL,"47,48,49,50,51,52,53,54,55",9,kangaskhan-bouffalant,Kangaskhan Bouffalant,317,1090,1089,437,47.23,roaring-moon-ex,Roaring Moon,2,50.0,overall,2026-05-25T17:09:55.990087+00:00
SVI-PFL,"47,48,49,50,51,52,53,54,55",9,kangaskhan-bouffalant,Kangaskhan Bouffalant,317,1090,1089,437,47.23,paldean-tauros-pfl,Paldean Tauros,2,66.67,overall,2026-05-25T17:09:55.990087+00:00
SVI-PFL,"47,48,49,50,51,52,53,54,55",9,kangaskhan-bouffalant,Kangaskhan Bouffalant,317,1090,1089,437,47.23,iron-hands-ex,Future Hands,2,100.0,overall,2026-05-25T17:09:55.990087+00:00
SVI-PFL,"47,48,49,50,51,52,53,54,55",9,kangaskhan-bouffalant,Kangaskhan Bouffalant,317,1090,1089,437,47.23,mamoswine-ex,Mamoswine,2,66.67,overall,2026-05-25T17:09:55.990087+00:00
SVI-PFL,"47,48,49,50,51,52,53,54,55",9,kangaskhan-bouffalant,Kangaskhan Bouffalant,317,1090,1089,437,47.23,mega-lopunny-ex,Mega Lopunny,2,100.0,overall,2026-05-25T17:09:55.990087+00:00
SVI-PFL,"47,48,49,50,51,52,53,54,55",9,kangaskhan-bouffalant,Kangaskhan Bouffalant,317,1090,1089,437,47.23,rocket-spidops,Rocket's Spidops,2,100.0,overall,2026-05-25T17:09:55.990087+00:00
SVI-PFL,"47,48,49,50,51,52,53,54,55",9,kangaskhan-bouffalant,Kangaskhan Bouffalant,317,1090,1089,437,47.23,great-tusk-tef,Great Tusk Mill,2,66.67,overall,2026-05-25T17:09:55.990087+00:00
SVI-PFL,"47,48,49,50,51,52,53,54,55",9,kangaskhan-bouffalant,Kangaskhan Bouffalant,317,1090,1089,437,47.23,farigiraf-milotic,Farigiraf Milotic,1,100.0,overall,2026-05-25T17:09:55.990087+00:00
SVI-PFL,"47,48,49,50,51,52,53,54,55",9,kangaskhan-bouffalant,Kangaskhan Bouffalant,317,1090,1089,437,47.23,mega-kangaskhan-ex,Mega Kangaskhan,1,0.0,overall,2026-05-25T17:09:55.990087+00:00
SVI-PFL,"47,48,49,50,51,52,53,54,55",9,kangaskhan-bouffalant,Kangaskhan Bouffalant,317,1090,1089,437,47.23,zoroark-crustle,Zoroark Crustle,1,100.0,overall,2026-05-25T17:09:55.990087+00:00
SVI-PFL,"47,48,49,50,51,52,53,54,55",9,kangaskhan-bouffalant,Kangaskhan Bouffalant,317,1090,1089,437,47.23,reging-bolt-bellibolt,Raging Bolt Bellibolt,1,33.33,overall,2026-05-25T17:09:55.990087+00:00
SVI-PFL,"47,48,49,50,51,52,53,54,55",9,kangaskhan-bouffalant,Kangaskhan Bouffalant,317,1090,1089,437,47.23,slaking-ex,Slaking,1,0.0,overall,2026-05-25T17:09:55.990087+00:00
SVI-PFL,"47,48,49,50,51,52,53,54,55",9,kangaskhan-bouffalant,Kangaskhan Bouffalant,317,1090,1089,437,47.23,gholdengo-dudunsparce,Gholdengo Dudunsparce,1,100.0,overall,2026-05-25T17:09:55.990087+00:00
SVI-PFL,"47,48,49,50,51,52,53,54,55",9,kangaskhan-bouffalant,Kangaskhan Bouffalant,317,1090,1089,437,47.23,gholdengo-typhlosion,Gholdengo Typhlosion,1,0.0,overall,2026-05-25T17:09:55.990087+00:00
SVI-PFL,"47,48,49,50,51,52,53,54,55",9,kangaskhan-bouffalant,Kangaskhan Bouffalant,317,1090,1089,437,47.23,tsareena-ex,Tsareena,1,100.0,overall,2026-05-25T17:09:55.990087+00:00
SVI-PFL,"47,48,49,50,51,52,53,54,55",9,kangaskhan-bouffalant,Kangaskhan Bouffalant,317,1090,1089,437,47.23,charizard-greninja,Charizard Greninja,1,100.0,overall,2026-05-25T17:09:55.990087+00:00
SVI-PFL,"47,48,49,50,51,52,53,54,55",9,kangaskhan-bouffalant,Kangaskhan Bouffalant,317,1090,1089,437,47.23,blaziken-zoroark,Blaziken Zoroark,1,33.33,overall,2026-05-25T17:09:55.990087+00:00
SVI-PFL,"47,48,49,50,51,52,53,54,55",9,kangaskhan-bouffalant,Kangaskhan Bouffalant,317,1090,1089,437,47.23,archaludon-ex,Archaludon,1,100.0,overall,2026-05-25T17:09:55.990087+00:00
SVI-PFL,"47,48,49,50,51,52,53,54,55",9,kangaskhan-bouffalant,Kangaskhan Bouffalant,317,1090,1089,437,47.23,chien-pao-baxcalibur,Chien-Pao Baxcalibur,1,33.33,overall,2026-05-25T17:09:55.990087+00:00
SVI-PFL,"47,48,49,50,51,52,53,54,55",9,kangaskhan-bouffalant,Kangaskhan Bouffalant,317,1090,1089,437,47.23,poison-mega-latias,Poison Latias,1,100.0,overall,2026-05-25T17:09:55.990087+00:00
SVI-PFL,"47,48,49,50,51,52,53,54,55",9,kangaskhan-bouffalant,Kangaskhan Bouffalant,317,1090,1089,437,47.23,hydrapple-ex,Hydrapple,1,100.0,overall,2026-05-25T17:09:55.990087+00:00
SVI-PFL,"47,48,49,50,51,52,53,54,55",9,kangaskhan-bouffalant,Kangaskhan Bouffalant,317,1090,1089,437,47.23,milotic-ex,Milotic,1,100.0,overall,2026-05-25T17:09:55.990087+00:00
SVI-PFL,"47,48,49,50,51,52,53,54,55",9,kangaskhan-bouffalant,Kangaskhan Bouffalant,317,1090,1089,437,47.23,ogerpon-ex,Ogerpon,1,100.0,overall,2026-05-25T17:09:55.990087+00:00
SVI-PFL,"47,48,49,50,51,52,53,54,55",9,kangaskhan-bouffalant,Kangaskhan Bouffalant,317,1090,1089,437,47.23,espathra-xatu,Espathra Xatu,1,100.0,overall,2026-05-25T17:09:55.990087+00:00
SVI-PFL,"47,48,49,50,51,52,53,54,55",9,kangaskhan-bouffalant,Kangaskhan Bouffalant,317,1090,1089,437,47.23,ancient-box,Ancient Box,1,100.0,overall,2026-05-25T17:09:55.990087+00:00
SVI-PFL,"47,48,49,50,51,52,53,54,55",9,kangaskhan-bouffalant,Kangaskhan Bouffalant,317,1090,1089,437,47.23,ethan-magcargo,Ethan's Magcargo,1,100.0,overall,2026-05-25T17:09:55.990087+00:00
SVI-PFL,"47,48,49,50,51,52,53,54,55",9,kangaskhan-bouffalant,Kangaskhan Bouffalant,317,1090,1089,437,47.23,sinistcha-ogerpon,Sinistcha Ogerpon,1,100.0,overall,2026-05-25T17:09:55.990087+00:00
SVI-PFL,"47,48,49,50,51,52,53,54,55",9,kangaskhan-bouffalant,Kangaskhan Bouffalant,317,1090,1089,437,47.23,iono-bellibolt,Iono's Bellibolt,1,100.0,overall,2026-05-25T17:09:55.990087+00:00
SVI-PFL,"47,48,49,50,51,52,53,54,55",9,kangaskhan-bouffalant,Kangaskhan Bouffalant,317,1090,1089,437,47.23,clefairy-ogerpon,Clefairy Ogerpon,1,100.0,overall,2026-05-25T17:09:55.990087+00:00
SVI-PFL,"47,48,49,50,51,52,53,54,55",9,kangaskhan-bouffalant,Kangaskhan Bouffalant,317,1090,1089,437,47.23,ranging-bolt-sandy-shocks,Raging Bolt Sandy Shocks,1,100.0,overall,2026-05-25T17:09:55.990087+00:00
SVI-PFL,"47,48,49,50,51,52,53,54,55",9,kangaskhan-bouffalant,Kangaskhan Bouffalant,317,1090,1089,437,47.23,wugtrio-svi,Wugtrio Mill,1,100.0,overall,2026-05-25T17:09:55.990087+00:00
SVI-PFL,"47,48,49,50,51,52,53,54,55",9,kangaskhan-forretress,Kangaskhan Forretress,17,45,56,17,42.94,gholdengo-lunatone,Gholdengo Lunatone,17,50.98,overall,2026-05-25T17:09:58.916868+00:00
SVI-PFL,"47,48,49,50,51,52,53,54,55",9,kangaskhan-forretress,Kangaskhan Forretress,17,45,56,17,42.94,dragapult-dusknoir,Dragapult Dusknoir,17,60.78,overall,2026-05-25T17:09:58.916868+00:00
SVI-PFL,"47,48,49,50,51,52,53,54,55",9,kangaskhan-forretress,Kangaskhan Forretress,17,45,56,17,42.94,charizard-noctowl,Charizard Noctowl,9,29.63,overall,2026-05-25T17:09:58.916868+00:00
SVI-PFL,"47,48,49,50,51,52,53,54,55",9,kangaskhan-forretress,Kangaskhan Forretress,17,45,56,17,42.94,mega-absol-box,Mega Absol Box,8,29.17,overall,2026-05-25T17:09:58.916868+00:00
SVI-PFL,"47,48,49,50,51,52,53,54,55",9,kangaskhan-forretress,Kangaskhan Forretress,17,45,56,17,42.94,gardevoir-ex-sv,Gardevoir,7,47.62,overall,2026-05-25T17:09:58.916868+00:00
SVI-PFL,"47,48,49,50,51,52,53,54,55",9,kangaskhan-forretress,Kangaskhan Forretress,17,45,56,17,42.94,gardevoir-jellicent,Gardevoir Jellicent,6,16.67,overall,2026-05-25T17:09:58.916868+00:00
SVI-PFL,"47,48,49,50,51,52,53,54,55",9,kangaskhan-forretress,Kangaskhan Forretress,17,45,56,17,42.94,n-zoroark,N's Zoroark,5,46.67,overall,2026-05-25T17:09:58.916868+00:00
SVI-PFL,"47,48,49,50,51,52,53,54,55",9,kangaskhan-forretress,Kangaskhan Forretress,17,45,56,17,42.94,ceruledge-ex,Ceruledge,4,83.33,overall,2026-05-25T17:09:58.916868+00:00
SVI-PFL,"47,48,49,50,51,52,53,54,55",9,kangaskhan-forretress,Kangaskhan Forretress,17,45,56,17,42.94,joltik-box,Joltik Box,4,50.0,overall,2026-05-25T17:09:58.916868+00:00
SVI-PFL,"47,48,49,50,51,52,53,54,55",9,kangaskhan-forretress,Kangaskhan Forretress,17,45,56,17,42.94,grimmsnarl-froslass,Grimmsnarl Froslass,4,0.0,overall,2026-05-25T17:09:58.916868+00:00
SVI-PFL,"47,48,49,50,51,52,53,54,55",9,kangaskhan-forretress,Kangaskhan Forretress,17,45,56,17,42.94,greninja-ex,Greninja,3,0.0,overall,2026-05-25T17:09:58.916868+00:00
SVI-PFL,"47,48,49,50,51,52,53,54,55",9,kangaskhan-forretress,Kangaskhan Forretress,17,45,56,17,42.94,pidgeot-control,Pidgeot Control,3,33.33,overall,2026-05-25T17:09:58.916868+00:00
SVI-PFL,"47,48,49,50,51,52,53,54,55",9,kangaskhan-forretress,Kangaskhan Forretress,17,45,56,17,42.94,dragapult-charizard,Dragapult Charizard,2,0.0,overall,2026-05-25T17:09:58.916868+00:00
SVI-PFL,"47,48,49,50,51,52,53,54,55",9,kangaskhan-forretress,Kangaskhan Forretress,17,45,56,17,42.94,charizard-pidgeot,Charizard Pidgeot,2,33.33,overall,2026-05-25T17:09:58.916868+00:00
SVI-PFL,"47,48,49,50,51,52,53,54,55",9,kangaskhan-forretress,Kangaskhan Forretress,17,45,56,17,42.94,lopunny-dusknoir,Lopunny Dusknoir,2,50.0,overall,2026-05-25T17:09:58.916868+00:00
SVI-PFL,"47,48,49,50,51,52,53,54,55",9,kangaskhan-forretress,Kangaskhan Forretress,17,45,56,17,42.94,festival-lead,Festival Lead,2,0.0,overall,2026-05-25T17:09:58.916868+00:00
SVI-PFL,"47,48,49,50,51,52,53,54,55",9,kangaskhan-forretress,Kangaskhan Forretress,17,45,56,17,42.94,raging-bolt-ogerpon,Raging Bolt Ogerpon,2,100.0,overall,2026-05-25T17:09:58.916868+00:00
SVI-PFL,"47,48,49,50,51,52,53,54,55",9,kangaskhan-forretress,Kangaskhan Forretress,17,45,56,17,42.94,manectric-eelektrik,Manectric Eelektrik,2,50.0,overall,2026-05-25T17:09:58.916868+00:00
SVI-PFL,"47,48,49,50,51,52,53,54,55",9,kangaskhan-forretress,Kangaskhan Forretress,17,45,56,17,42.94,ho-oh-armarouge,Ho-Oh Armarouge,2,66.67,overall,2026-05-25T17:09:58.916868+00:00
SVI-PFL,"47,48,49,50,51,52,53,54,55",9,kangaskhan-forretress,Kangaskhan Forretress,17,45,56,17,42.94,iron-hands-magneton,Iron Hands Magneton,2,50.0,overall,2026-05-25T17:09:58.916868+00:00
SVI-PFL,"47,48,49,50,51,52,53,54,55",9,kangaskhan-forretress,Kangaskhan Forretress,17,45,56,17,42.94,alakazam-dudunsparce,Alakazam Dudunsparce,1,33.33,overall,2026-05-25T17:09:58.916868+00:00
SVI-PFL,"47,48,49,50,51,52,53,54,55",9,kangaskhan-forretress,Kangaskhan Forretress,17,45,56,17,42.94,mega-venusaur-ex,Mega Venusaur,1,0.0,overall,2026-05-25T17:09:58.916868+00:00
SVI-PFL,"47,48,49,50,51,52,53,54,55",9,kangaskhan-forretress,Kangaskhan Forretress,17,45,56,17,42.94,hydrapple-ogerpon,Hydrapple Ogerpon,1,100.0,overall,2026-05-25T17:09:58.916868+00:00
SVI-PFL,"47,48,49,50,51,52,53,54,55",9,kangaskhan-forretress,Kangaskhan Forretress,17,45,56,17,42.94,dragapult-ex,Dragapult,1,100.0,overall,2026-05-25T17:09:58.916868+00:00
SVI-PFL,"47,48,49,50,51,52,53,54,55",9,kangaskhan-forretress,Kangaskhan Forretress,17,45,56,17,42.94,ursaluna-lunatone,Ursaluna Lunatone,1,33.33,overall,2026-05-25T17:09:58.916868+00:00
SVI-PFL,"47,48,49,50,51,52,53,54,55",9,kangaskhan-forretress,Kangaskhan Forretress,17,45,56,17,42.94,archaludon-ex,Archaludon,1,0.0,overall,2026-05-25T17:09:58.916868+00:00
SVI-PFL,"47,48,49,50,51,52,53,54,55",9,kangaskhan-forretress,Kangaskhan Forretress,17,45,56,17,42.94,sharpedo-toxtricity,Sharpedo Toxtricity,1,0.0,overall,2026-05-25T17:09:58.916868+00:00
SVI-PFL,"47,48,49,50,51,52,53,54,55",9,kangaskhan-forretress,Kangaskhan Forretress,17,45,56,17,42.94,tera-box,Tera Box,1,0.0,overall,2026-05-25T17:09:58.916868+00:00
SVI-PFL,"47,48,49,50,51,52,53,54,55",9,kangaskhan-forretress,Kangaskhan Forretress,17,45,56,17,42.94,gholdengo-joltik-box,Gholdengo Joltik Box,1,100.0,overall,2026-05-25T17:09:58.916868+00:00
SVI-PFL,"47,48,49,50,51,52,53,54,55",9,kangaskhan-forretress,Kangaskhan Forretress,17,45,56,17,42.94,slowking-scr,Slowking,1,100.0,overall,2026-05-25T17:09:58.916868+00:00
SVI-PFL,"47,48,49,50,51,52,53,54,55",9,kangaskhan-forretress,Kangaskhan Forretress,17,45,56,17,42.94,flareon-noctowl,Flareon Noctowl,1,0.0,overall,2026-05-25T17:09:58.916868+00:00
SVI-PFL,"47,48,49,50,51,52,53,54,55",9,kangaskhan-forretress,Kangaskhan Forretress,17,45,56,17,42.94,crustle-dri,Crustle,1,0.0,overall,2026-05-25T17:09:58.916868+00:00
SVI-PFL,"47,48,49,50,51,52,53,54,55",9,kangaskhan-forretress,Kangaskhan Forretress,17,45,56,17,42.94,gholdengo-ex,Gholdengo,1,0.0,overall,2026-05-25T17:09:58.916868+00:00
SVI-PFL,"47,48,49,50,51,52,53,54,55",9,kangaskhan-forretress,Kangaskhan Forretress,17,45,56,17,42.94,other,Other,1,100.0,overall,2026-05-25T17:09:58.916868+00:00
SVI-PFL,"47,48,49,50,51,52,53,54,55",9,lopunny-dusknoir,Lopunny Dusknoir,224,683,831,190,43.8,gholdengo-lunatone,Gholdengo Lunatone,273,32.36,overall,2026-05-25T17:10:01.954301+00:00
SVI-PFL,"47,48,49,50,51,52,53,54,55",9,lopunny-dusknoir,Lopunny Dusknoir,224,683,831,190,43.8,dragapult-dusknoir,Dragapult Dusknoir,259,36.29,overall,2026-05-25T17:10:01.954301+00:00
SVI-PFL,"47,48,49,50,51,52,53,54,55",9,lopunny-dusknoir,Lopunny Dusknoir,224,683,831,190,43.8,gardevoir-jellicent,Gardevoir Jellicent,106,43.08,overall,2026-05-25T17:10:01.954301+00:00
SVI-PFL,"47,48,49,50,51,52,53,54,55",9,lopunny-dusknoir,Lopunny Dusknoir,224,683,831,190,43.8,charizard-noctowl,Charizard Noctowl,105,46.35,overall,2026-05-25T17:10:01.954301+00:00
SVI-PFL,"47,48,49,50,51,52,53,54,55",9,lopunny-dusknoir,Lopunny Dusknoir,224,683,831,190,43.8,gardevoir-ex-sv,Gardevoir,98,42.18,overall,2026-05-25T17:10:01.954301+00:00
SVI-PFL,"47,48,49,50,51,52,53,54,55",9,lopunny-dusknoir,Lopunny Dusknoir,224,683,831,190,43.8,mega-absol-box,Mega Absol Box,81,51.85,overall,2026-05-25T17:10:01.954301+00:00
SVI-PFL,"47,48,49,50,51,52,53,54,55",9,lopunny-dusknoir,Lopunny Dusknoir,224,683,831,190,43.8,grimmsnarl-froslass,Grimmsnarl Froslass,72,46.76,overall,2026-05-25T17:10:01.954301+00:00
SVI-PFL,"47,48,49,50,51,52,53,54,55",9,lopunny-dusknoir,Lopunny Dusknoir,224,683,831,190,43.8,charizard-pidgeot,Charizard Pidgeot,70,47.62,overall,2026-05-25T17:10:01.954301+00:00
SVI-PFL,"47,48,49,50,51,52,53,54,55",9,lopunny-dusknoir,Lopunny Dusknoir,224,683,831,190,43.8,raging-bolt-ogerpon,Raging Bolt Ogerpon,53,30.82,overall,2026-05-25T17:10:01.954301+00:00
SVI-PFL,"47,48,49,50,51,52,53,54,55",9,lopunny-dusknoir,Lopunny Dusknoir,224,683,831,190,43.8,n-zoroark,N's Zoroark,51,46.41,overall,2026-05-25T17:10:01.954301+00:00
SVI-PFL,"47,48,49,50,51,52,53,54,55",9,lopunny-dusknoir,Lopunny Dusknoir,224,683,831,190,43.8,alakazam-dudunsparce,Alakazam Dudunsparce,50,44.0,overall,2026-05-25T17:10:01.954301+00:00
SVI-PFL,"47,48,49,50,51,52,53,54,55",9,lopunny-dusknoir,Lopunny Dusknoir,224,683,831,190,43.8,ceruledge-ex,Ceruledge,49,54.42,overall,2026-05-25T17:10:01.954301+00:00
SVI-PFL,"47,48,49,50,51,52,53,54,55",9,lopunny-dusknoir,Lopunny Dusknoir,224,683,831,190,43.8,dragapult-charizard,Dragapult Charizard,35,24.76,overall,2026-05-25T17:10:01.954301+00:00
SVI-PFL,"47,48,49,50,51,52,53,54,55",9,lopunny-dusknoir,Lopunny Dusknoir,224,683,831,190,43.8,kangaskhan-bouffalant,Kangaskhan Bouffalant,32,43.75,overall,2026-05-25T17:10:01.954301+00:00
SVI-PFL,"47,48,49,50,51,52,53,54,55",9,lopunny-dusknoir,Lopunny Dusknoir,224,683,831,190,43.8,joltik-box,Joltik Box,29,59.77,overall,2026-05-25T17:10:01.954301+00:00
SVI-PFL,"47,48,49,50,51,52,53,54,55",9,lopunny-dusknoir,Lopunny Dusknoir,224,683,831,190,43.8,tera-box,Tera Box,27,60.49,overall,2026-05-25T17:10:01.954301+00:00
SVI-PFL,"47,48,49,50,51,52,53,54,55",9,lopunny-dusknoir,Lopunny Dusknoir,224,683,831,190,43.8,flareon-noctowl,Flareon Noctowl,20,55.0,overall,2026-05-25T17:10:01.954301+00:00
SVI-PFL,"47,48,49,50,51,52,53,54,55",9,lopunny-dusknoir,Lopunny Dusknoir,224,683,831,190,43.8,greninja-ex,Greninja,18,27.78,overall,2026-05-25T17:10:01.954301+00:00
SVI-PFL,"47,48,49,50,51,52,53,54,55",9,lopunny-dusknoir,Lopunny Dusknoir,224,683,831,190,43.8,other,Other,15,80.0,overall,2026-05-25T17:10:01.954301+00:00
SVI-PFL,"47,48,49,50,51,52,53,54,55",9,lopunny-dusknoir,Lopunny Dusknoir,224,683,831,190,43.8,lopunny-dusknoir,Lopunny Dusknoir,15,48.89,overall,2026-05-25T17:10:01.954301+00:00
SVI-PFL,"47,48,49,50,51,52,53,54,55",9,lopunny-dusknoir,Lopunny Dusknoir,224,683,831,190,43.8,sharpedo-toxtricity,Sharpedo Toxtricity,15,37.78,overall,2026-05-25T17:10:01.954301+00:00
SVI-PFL,"47,48,49,50,51,52,53,54,55",9,lopunny-dusknoir,Lopunny Dusknoir,224,683,831,190,43.8,lucario-hariyama,Lucario Hariyama,14,45.24,overall,2026-05-25T17:10:01.954301+00:00
SVI-PFL,"47,48,49,50,51,52,53,54,55",9,lopunny-dusknoir,Lopunny Dusknoir,224,683,831,190,43.8,cynthia-garchomp-ex,Cynthia's Garchomp,11,15.15,overall,2026-05-25T17:10:01.954301+00:00
SVI-PFL,"47,48,49,50,51,52,53,54,55",9,lopunny-dusknoir,Lopunny Dusknoir,224,683,831,190,43.8,mega-venusaur-ex,Mega Venusaur,10,100.0,overall,2026-05-25T17:10:01.954301+00:00
SVI-PFL,"47,48,49,50,51,52,53,54,55",9,lopunny-dusknoir,Lopunny Dusknoir,224,683,831,190,43.8,ho-oh-armarouge,Ho-Oh Armarouge,9,51.85,overall,2026-05-25T17:10:01.954301+00:00
SVI-PFL,"47,48,49,50,51,52,53,54,55",9,lopunny-dusknoir,Lopunny Dusknoir,224,683,831,190,43.8,gholdengo-ex,Gholdengo,8,50.0,overall,2026-05-25T17:10:01.954301+00:00
SVI-PFL,"47,48,49,50,51,52,53,54,55",9,lopunny-dusknoir,Lopunny Dusknoir,224,683,831,190,43.8,gholdengo-joltik-box,Gholdengo Joltik Box,8,62.5,overall,2026-05-25T17:10:01.954301+00:00
SVI-PFL,"47,48,49,50,51,52,53,54,55",9,lopunny-dusknoir,Lopunny Dusknoir,224,683,831,190,43.8,pidgeot-control,Pidgeot Control,8,87.5,overall,2026-05-25T17:10:01.954301+00:00
SVI-PFL,"47,48,49,50,51,52,53,54,55",9,lopunny-dusknoir,Lopunny Dusknoir,224,683,831,190,43.8,toxtricity-pfl,Toxtricity Box,7,42.86,overall,2026-05-25T17:10:01.954301+00:00
SVI-PFL,"47,48,49,50,51,52,53,54,55",9,lopunny-dusknoir,Lopunny Dusknoir,224,683,831,190,43.8,dragapult-ex,Dragapult,7,57.14,overall,2026-05-25T17:10:01.954301+00:00
SVI-PFL,"47,48,49,50,51,52,53,54,55",9,lopunny-dusknoir,Lopunny Dusknoir,224,683,831,190,43.8,rocket-mewtwo-ex,Rocket's Mewtwo,7,47.62,overall,2026-05-25T17:10:01.954301+00:00
SVI-PFL,"47,48,49,50,51,52,53,54,55",9,lopunny-dusknoir,Lopunny Dusknoir,224,683,831,190,43.8,iron-hands-magneton,Iron Hands Magneton,7,85.71,overall,2026-05-25T17:10:01.954301+00:00
SVI-PFL,"47,48,49,50,51,52,53,54,55",9,lopunny-dusknoir,Lopunny Dusknoir,224,683,831,190,43.8,slowking-scr,Slowking,7,52.38,overall,2026-05-25T17:10:01.954301+00:00
SVI-PFL,"47,48,49,50,51,52,53,54,55",9,lopunny-dusknoir,Lopunny Dusknoir,224,683,831,190,43.8,ethan-typhlosion,Ethan's Typhlosion,6,72.22,overall,2026-05-25T17:10:01.954301+00:00
SVI-PFL,"47,48,49,50,51,52,53,54,55",9,lopunny-dusknoir,Lopunny Dusknoir,224,683,831,190,43.8,festival-lead,Festival Lead,6,66.67,overall,2026-05-25T17:10:01.954301+00:00
SVI-PFL,"47,48,49,50,51,52,53,54,55",9,lopunny-dusknoir,Lopunny Dusknoir,224,683,831,190,43.8,hydrapple-ogerpon,Hydrapple Ogerpon,6,72.22,overall,2026-05-25T17:10:01.954301+00:00
SVI-PFL,"47,48,49,50,51,52,53,54,55",9,lopunny-dusknoir,Lopunny Dusknoir,224,683,831,190,43.8,crustle-dri,Crustle,6,100.0,overall,2026-05-25T17:10:01.954301+00:00
SVI-PFL,"47,48,49,50,51,52,53,54,55",9,lopunny-dusknoir,Lopunny Dusknoir,224,683,831,190,43.8,roaring-moon-ex,Roaring Moon,5,73.33,overall,2026-05-25T17:10:01.954301+00:00
SVI-PFL,"47,48,49,50,51,52,53,54,55",9,lopunny-dusknoir,Lopunny Dusknoir,224,683,831,190,43.8,dragapult-blaziken,Dragapult Blaziken,5,40.0,overall,2026-05-25T17:10:01.954301+00:00
SVI-PFL,"47,48,49,50,51,52,53,54,55",9,lopunny-dusknoir,Lopunny Dusknoir,224,683,831,190,43.8,marnie-grimmsnarl-ex,Marnie's Grimmsnarl,5,46.67,overall,2026-05-25T17:10:01.954301+00:00
SVI-PFL,"47,48,49,50,51,52,53,54,55",9,lopunny-dusknoir,Lopunny Dusknoir,224,683,831,190,43.8,ogerpon-meganium,Ogerpon Meganium,4,75.0,overall,2026-05-25T17:10:01.954301+00:00
SVI-PFL,"47,48,49,50,51,52,53,54,55",9,lopunny-dusknoir,Lopunny Dusknoir,224,683,831,190,43.8,seaking-pre,Seaking Festival Lead,4,50.0,overall,2026-05-25T17:10:01.954301+00:00
SVI-PFL,"47,48,49,50,51,52,53,54,55",9,lopunny-dusknoir,Lopunny Dusknoir,224,683,831,190,43.8,slaking-ex,Slaking,4,25.0,overall,2026-05-25T17:10:01.954301+00:00
SVI-PFL,"47,48,49,50,51,52,53,54,55",9,lopunny-dusknoir,Lopunny Dusknoir,224,683,831,190,43.8,tyranitar-jtg,Tyranitar,3,66.67,overall,2026-05-25T17:10:01.954301+00:00
SVI-PFL,"47,48,49,50,51,52,53,54,55",9,lopunny-dusknoir,Lopunny Dusknoir,224,683,831,190,43.8,mega-lucario-ex,Mega Lucario,3,66.67,overall,2026-05-25T17:10:01.954301+00:00
SVI-PFL,"47,48,49,50,51,52,53,54,55",9,lopunny-dusknoir,Lopunny Dusknoir,224,683,831,190,43.8,mega-kangaskhan-ex,Mega Kangaskhan,3,77.78,overall,2026-05-25T17:10:01.954301+00:00
SVI-PFL,"47,48,49,50,51,52,53,54,55",9,lopunny-dusknoir,Lopunny Dusknoir,224,683,831,190,43.8,archaludon-ex,Archaludon,3,66.67,overall,2026-05-25T17:10:01.954301+00:00
SVI-PFL,"47,48,49,50,51,52,53,54,55",9,lopunny-dusknoir,Lopunny Dusknoir,224,683,831,190,43.8,flareon-ex,Flareon,3,77.78,overall,2026-05-25T17:10:01.954301+00:00
SVI-PFL,"47,48,49,50,51,52,53,54,55",9,lopunny-dusknoir,Lopunny Dusknoir,224,683,831,190,43.8,conkeldurr-twm,Conkeldurr,3,44.44,overall,2026-05-25T17:10:01.954301+00:00
SVI-PFL,"47,48,49,50,51,52,53,54,55",9,lopunny-dusknoir,Lopunny Dusknoir,224,683,831,190,43.8,froslass-munkidori,Froslass Munkidori,2,50.0,overall,2026-05-25T17:10:01.954301+00:00
SVI-PFL,"47,48,49,50,51,52,53,54,55",9,lopunny-dusknoir,Lopunny Dusknoir,224,683,831,190,43.8,hydreigon-ex,Hydreigon,2,50.0,overall,2026-05-25T17:10:01.954301+00:00
SVI-PFL,"47,48,49,50,51,52,53,54,55",9,lopunny-dusknoir,Lopunny Dusknoir,224,683,831,190,43.8,gholdengo-typhlosion,Gholdengo Typhlosion,2,100.0,overall,2026-05-25T17:10:01.954301+00:00
SVI-PFL,"47,48,49,50,51,52,53,54,55",9,lopunny-dusknoir,Lopunny Dusknoir,224,683,831,190,43.8,forretress-ex,Forretress,2,66.67,overall,2026-05-25T17:10:01.954301+00:00
SVI-PFL,"47,48,49,50,51,52,53,54,55",9,lopunny-dusknoir,Lopunny Dusknoir,224,683,831,190,43.8,charizard-ex,Charizard,2,50.0,overall,2026-05-25T17:10:01.954301+00:00
SVI-PFL,"47,48,49,50,51,52,53,54,55",9,lopunny-dusknoir,Lopunny Dusknoir,224,683,831,190,43.8,tsareena-ex,Tsareena,2,100.0,overall,2026-05-25T17:10:01.954301+00:00
SVI-PFL,"47,48,49,50,51,52,53,54,55",9,lopunny-dusknoir,Lopunny Dusknoir,224,683,831,190,43.8,kangaskhan-forretress,Kangaskhan Forretress,2,50.0,overall,2026-05-25T17:10:01.954301+00:00
SVI-PFL,"47,48,49,50,51,52,53,54,55",9,lopunny-dusknoir,Lopunny Dusknoir,224,683,831,190,43.8,miraidon-eelektrik,Miraidon Eelektrik,2,16.67,overall,2026-05-25T17:10:01.954301+00:00
SVI-PFL,"47,48,49,50,51,52,53,54,55",9,lopunny-dusknoir,Lopunny Dusknoir,224,683,831,190,43.8,mega-lopunny-ex,Mega Lopunny,2,33.33,overall,2026-05-25T17:10:01.954301+00:00
SVI-PFL,"47,48,49,50,51,52,53,54,55",9,lopunny-dusknoir,Lopunny Dusknoir,224,683,831,190,43.8,poison-mega-latias,Poison Latias,1,100.0,overall,2026-05-25T17:10:01.954301+00:00
SVI-PFL,"47,48,49,50,51,52,53,54,55",9,lopunny-dusknoir,Lopunny Dusknoir,224,683,831,190,43.8,mamoswine-ex,Mamoswine,1,100.0,overall,2026-05-25T17:10:01.954301+00:00
SVI-PFL,"47,48,49,50,51,52,53,54,55",9,lopunny-dusknoir,Lopunny Dusknoir,224,683,831,190,43.8,dragapult-iron-thorns,Dragapult Iron Thorns,1,0.0,overall,2026-05-25T17:10:01.954301+00:00
SVI-PFL,"47,48,49,50,51,52,53,54,55",9,lopunny-dusknoir,Lopunny Dusknoir,224,683,831,190,43.8,ursaluna-lunatone,Ursaluna Lunatone,1,0.0,overall,2026-05-25T17:10:01.954301+00:00
SVI-PFL,"47,48,49,50,51,52,53,54,55",9,lopunny-dusknoir,Lopunny Dusknoir,224,683,831,190,43.8,meowscarada-ex,Meowscarada,1,0.0,overall,2026-05-25T17:10:01.954301+00:00
SVI-PFL,"47,48,49,50,51,52,53,54,55",9,lopunny-dusknoir,Lopunny Dusknoir,224,683,831,190,43.8,charizard-greninja,Charizard Greninja,1,0.0,overall,2026-05-25T17:10:01.954301+00:00
SVI-PFL,"47,48,49,50,51,52,53,54,55",9,lopunny-dusknoir,Lopunny Dusknoir,224,683,831,190,43.8,wugtrio-svi,Wugtrio Mill,1,100.0,overall,2026-05-25T17:10:01.954301+00:00
SVI-PFL,"47,48,49,50,51,52,53,54,55",9,lopunny-dusknoir,Lopunny Dusknoir,224,683,831,190,43.8,mega-charizard-x-ex,Mega Charizard X,1,100.0,overall,2026-05-25T17:10:01.954301+00:00
SVI-PFL,"47,48,49,50,51,52,53,54,55",9,lopunny-dusknoir,Lopunny Dusknoir,224,683,831,190,43.8,terapagos-noctowl,Terapagos Noctowl,1,100.0,overall,2026-05-25T17:10:01.954301+00:00
SVI-PFL,"47,48,49,50,51,52,53,54,55",9,lopunny-dusknoir,Lopunny Dusknoir,224,683,831,190,43.8,alolan-exeggutor-ex,Alolan Exeggutor ex,1,100.0,overall,2026-05-25T17:10:01.954301+00:00
SVI-PFL,"47,48,49,50,51,52,53,54,55",9,lopunny-dusknoir,Lopunny Dusknoir,224,683,831,190,43.8,charizard-dragapult,Charizard Dragapult,1,100.0,overall,2026-05-25T17:10:01.954301+00:00
SVI-PFL,"47,48,49,50,51,52,53,54,55",9,lopunny-dusknoir,Lopunny Dusknoir,224,683,831,190,43.8,sinistcha-ogerpon,Sinistcha Ogerpon,1,33.33,overall,2026-05-25T17:10:01.954301+00:00
SVI-PFL,"47,48,49,50,51,52,53,54,55",9,lopunny-dusknoir,Lopunny Dusknoir,224,683,831,190,43.8,rocket-spidops,Rocket's Spidops,1,0.0,overall,2026-05-25T17:10:01.954301+00:00
SVI-PFL,"47,48,49,50,51,52,53,54,55",9,lopunny-dusknoir,Lopunny Dusknoir,224,683,831,190,43.8,united-wings,United Wings,1,100.0,overall,2026-05-25T17:10:01.954301+00:00
SVI-PFL,"47,48,49,50,51,52,53,54,55",9,lopunny-dusknoir,Lopunny Dusknoir,224,683,831,190,43.8,manectric-eelektrik,Manectric Eelektrik,1,0.0,overall,2026-05-25T17:10:01.954301+00:00
SVI-PFL,"47,48,49,50,51,52,53,54,55",9,lopunny-dusknoir,Lopunny Dusknoir,224,683,831,190,43.8,mega-manectric-ex-meg,Mega Manectric,1,100.0,overall,2026-05-25T17:10:01.954301+00:00
SVI-PFL,"47,48,49,50,51,52,53,54,55",9,lopunny-dusknoir,Lopunny Dusknoir,224,683,831,190,43.8,farigiraf-milotic,Farigiraf Milotic,1,100.0,overall,2026-05-25T17:10:01.954301+00:00
SVI-PFL,"47,48,49,50,51,52,53,54,55",9,lopunny-dusknoir,Lopunny Dusknoir,224,683,831,190,43.8,chien-pao-baxcalibur,Chien-Pao Baxcalibur,1,0.0,overall,2026-05-25T17:10:01.954301+00:00
SVI-PFL,"47,48,49,50,51,52,53,54,55",9,lopunny-dusknoir,Lopunny Dusknoir,224,683,831,190,43.8,raging-bolt-ex,Raging Bolt,1,0.0,overall,2026-05-25T17:10:01.954301+00:00
SVI-PFL,"47,48,49,50,51,52,53,54,55",9,lopunny-dusknoir,Lopunny Dusknoir,224,683,831,190,43.8,clefairy-ogerpon,Clefairy Ogerpon,1,100.0,overall,2026-05-25T17:10:01.954301+00:00
SVI-PFL,"47,48,49,50,51,52,53,54,55",9,lucario-hariyama,Lucario Hariyama,121,295,449,123,38.75,gholdengo-lunatone,Gholdengo Lunatone,133,32.33,overall,2026-05-25T17:10:04.877364+00:00
SVI-PFL,"47,48,49,50,51,52,53,54,55",9,lucario-hariyama,Lucario Hariyama,121,295,449,123,38.75,dragapult-dusknoir,Dragapult Dusknoir,125,42.13,overall,2026-05-25T17:10:04.877364+00:00
SVI-PFL,"47,48,49,50,51,52,53,54,55",9,lucario-hariyama,Lucario Hariyama,121,295,449,123,38.75,charizard-noctowl,Charizard Noctowl,62,30.65,overall,2026-05-25T17:10:04.877364+00:00
SVI-PFL,"47,48,49,50,51,52,53,54,55",9,lucario-hariyama,Lucario Hariyama,121,295,449,123,38.75,charizard-pidgeot,Charizard Pidgeot,55,29.7,overall,2026-05-25T17:10:04.877364+00:00
SVI-PFL,"47,48,49,50,51,52,53,54,55",9,lucario-hariyama,Lucario Hariyama,121,295,449,123,38.75,mega-absol-box,Mega Absol Box,46,60.14,overall,2026-05-25T17:10:04.877364+00:00
SVI-PFL,"47,48,49,50,51,52,53,54,55",9,lucario-hariyama,Lucario Hariyama,121,295,449,123,38.75,gardevoir-jellicent,Gardevoir Jellicent,46,13.04,overall,2026-05-25T17:10:04.877364+00:00
SVI-PFL,"47,48,49,50,51,52,53,54,55",9,lucario-hariyama,Lucario Hariyama,121,295,449,123,38.75,gardevoir-ex-sv,Gardevoir,39,13.68,overall,2026-05-25T17:10:04.877364+00:00
SVI-PFL,"47,48,49,50,51,52,53,54,55",9,lucario-hariyama,Lucario Hariyama,121,295,449,123,38.75,raging-bolt-ogerpon,Raging Bolt Ogerpon,35,26.67,overall,2026-05-25T17:10:04.877364+00:00
SVI-PFL,"47,48,49,50,51,52,53,54,55",9,lucario-hariyama,Lucario Hariyama,121,295,449,123,38.75,n-zoroark,N's Zoroark,26,61.54,overall,2026-05-25T17:10:04.877364+00:00
SVI-PFL,"47,48,49,50,51,52,53,54,55",9,lucario-hariyama,Lucario Hariyama,121,295,449,123,38.75,alakazam-dudunsparce,Alakazam Dudunsparce,24,43.06,overall,2026-05-25T17:10:04.877364+00:00
SVI-PFL,"47,48,49,50,51,52,53,54,55",9,lucario-hariyama,Lucario Hariyama,121,295,449,123,38.75,ceruledge-ex,Ceruledge,23,49.28,overall,2026-05-25T17:10:04.877364+00:00
SVI-PFL,"47,48,49,50,51,52,53,54,55",9,lucario-hariyama,Lucario Hariyama,121,295,449,123,38.75,grimmsnarl-froslass,Grimmsnarl Froslass,23,36.23,overall,2026-05-25T17:10:04.877364+00:00
SVI-PFL,"47,48,49,50,51,52,53,54,55",9,lucario-hariyama,Lucario Hariyama,121,295,449,123,38.75,dragapult-charizard,Dragapult Charizard,21,15.87,overall,2026-05-25T17:10:04.877364+00:00
SVI-PFL,"47,48,49,50,51,52,53,54,55",9,lucario-hariyama,Lucario Hariyama,121,295,449,123,38.75,kangaskhan-bouffalant,Kangaskhan Bouffalant,19,77.19,overall,2026-05-25T17:10:04.877364+00:00
SVI-PFL,"47,48,49,50,51,52,53,54,55",9,lucario-hariyama,Lucario Hariyama,121,295,449,123,38.75,lopunny-dusknoir,Lopunny Dusknoir,14,52.38,overall,2026-05-25T17:10:04.877364+00:00
SVI-PFL,"47,48,49,50,51,52,53,54,55",9,lucario-hariyama,Lucario Hariyama,121,295,449,123,38.75,flareon-noctowl,Flareon Noctowl,13,87.18,overall,2026-05-25T17:10:04.877364+00:00
SVI-PFL,"47,48,49,50,51,52,53,54,55",9,lucario-hariyama,Lucario Hariyama,121,295,449,123,38.75,joltik-box,Joltik Box,12,30.56,overall,2026-05-25T17:10:04.877364+00:00
SVI-PFL,"47,48,49,50,51,52,53,54,55",9,lucario-hariyama,Lucario Hariyama,121,295,449,123,38.75,other,Other,11,57.58,overall,2026-05-25T17:10:04.877364+00:00
SVI-PFL,"47,48,49,50,51,52,53,54,55",9,lucario-hariyama,Lucario Hariyama,121,295,449,123,38.75,tera-box,Tera Box,10,23.33,overall,2026-05-25T17:10:04.877364+00:00
SVI-PFL,"47,48,49,50,51,52,53,54,55",9,lucario-hariyama,Lucario Hariyama,121,295,449,123,38.75,slowking-scr,Slowking,10,6.67,overall,2026-05-25T17:10:04.877364+00:00
SVI-PFL,"47,48,49,50,51,52,53,54,55",9,lucario-hariyama,Lucario Hariyama,121,295,449,123,38.75,mega-venusaur-ex,Mega Venusaur,9,48.15,overall,2026-05-25T17:10:04.877364+00:00
SVI-PFL,"47,48,49,50,51,52,53,54,55",9,lucario-hariyama,Lucario Hariyama,121,295,449,123,38.75,sharpedo-toxtricity,Sharpedo Toxtricity,7,80.95,overall,2026-05-25T17:10:04.877364+00:00
SVI-PFL,"47,48,49,50,51,52,53,54,55",9,lucario-hariyama,Lucario Hariyama,121,295,449,123,38.75,iron-hands-magneton,Iron Hands Magneton,7,85.71,overall,2026-05-25T17:10:04.877364+00:00
SVI-PFL,"47,48,49,50,51,52,53,54,55",9,lucario-hariyama,Lucario Hariyama,121,295,449,123,38.75,greninja-ex,Greninja,7,33.33,overall,2026-05-25T17:10:04.877364+00:00
SVI-PFL,"47,48,49,50,51,52,53,54,55",9,lucario-hariyama,Lucario Hariyama,121,295,449,123,38.75,gholdengo-ex,Gholdengo,6,33.33,overall,2026-05-25T17:10:04.877364+00:00
SVI-PFL,"47,48,49,50,51,52,53,54,55",9,lucario-hariyama,Lucario Hariyama,121,295,449,123,38.75,seaking-pre,Seaking Festival Lead,6,33.33,overall,2026-05-25T17:10:04.877364+00:00
SVI-PFL,"47,48,49,50,51,52,53,54,55",9,lucario-hariyama,Lucario Hariyama,121,295,449,123,38.75,crustle-dri,Crustle,6,27.78,overall,2026-05-25T17:10:04.877364+00:00
SVI-PFL,"47,48,49,50,51,52,53,54,55",9,lucario-hariyama,Lucario Hariyama,121,295,449,123,38.75,cynthia-garchomp-ex,Cynthia's Garchomp,5,66.67,overall,2026-05-25T17:10:04.877364+00:00
SVI-PFL,"47,48,49,50,51,52,53,54,55",9,lucario-hariyama,Lucario Hariyama,121,295,449,123,38.75,ethan-typhlosion,Ethan's Typhlosion,4,75.0,overall,2026-05-25T17:10:04.877364+00:00
SVI-PFL,"47,48,49,50,51,52,53,54,55",9,lucario-hariyama,Lucario Hariyama,121,295,449,123,38.75,ursaluna-lunatone,Ursaluna Lunatone,3,44.44,overall,2026-05-25T17:10:04.877364+00:00
SVI-PFL,"47,48,49,50,51,52,53,54,55",9,lucario-hariyama,Lucario Hariyama,121,295,449,123,38.75,marnie-grimmsnarl-ex,Marnie's Grimmsnarl,3,66.67,overall,2026-05-25T17:10:04.877364+00:00
SVI-PFL,"47,48,49,50,51,52,53,54,55",9,lucario-hariyama,Lucario Hariyama,121,295,449,123,38.75,mega-lucario-ex,Mega Lucario,3,100.0,overall,2026-05-25T17:10:04.877364+00:00
SVI-PFL,"47,48,49,50,51,52,53,54,55",9,lucario-hariyama,Lucario Hariyama,121,295,449,123,38.75,gholdengo-joltik-box,Gholdengo Joltik Box,3,33.33,overall,2026-05-25T17:10:04.877364+00:00
SVI-PFL,"47,48,49,50,51,52,53,54,55",9,lucario-hariyama,Lucario Hariyama,121,295,449,123,38.75,mamoswine-ex,Mamoswine,2,50.0,overall,2026-05-25T17:10:04.877364+00:00
SVI-PFL,"47,48,49,50,51,52,53,54,55",9,lucario-hariyama,Lucario Hariyama,121,295,449,123,38.75,charizard-ex,Charizard,2,0.0,overall,2026-05-25T17:10:04.877364+00:00
SVI-PFL,"47,48,49,50,51,52,53,54,55",9,lucario-hariyama,Lucario Hariyama,121,295,449,123,38.75,roaring-moon-ex,Roaring Moon,2,50.0,overall,2026-05-25T17:10:04.877364+00:00
SVI-PFL,"47,48,49,50,51,52,53,54,55",9,lucario-hariyama,Lucario Hariyama,121,295,449,123,38.75,ho-oh-armarouge,Ho-Oh Armarouge,2,66.67,overall,2026-05-25T17:10:04.877364+00:00
SVI-PFL,"47,48,49,50,51,52,53,54,55",9,lucario-hariyama,Lucario Hariyama,121,295,449,123,38.75,rocket-mewtwo-ex,Rocket's Mewtwo,2,50.0,overall,2026-05-25T17:10:04.877364+00:00
SVI-PFL,"47,48,49,50,51,52,53,54,55",9,lucario-hariyama,Lucario Hariyama,121,295,449,123,38.75,festival-lead,Festival Lead,2,16.67,overall,2026-05-25T17:10:04.877364+00:00
SVI-PFL,"47,48,49,50,51,52,53,54,55",9,lucario-hariyama,Lucario Hariyama,121,295,449,123,38.75,conkeldurr-twm,Conkeldurr,2,33.33,overall,2026-05-25T17:10:04.877364+00:00
SVI-PFL,"47,48,49,50,51,52,53,54,55",9,lucario-hariyama,Lucario Hariyama,121,295,449,123,38.75,miraidon-eelektrik,Miraidon Eelektrik,2,0.0,overall,2026-05-25T17:10:04.877364+00:00
SVI-PFL,"47,48,49,50,51,52,53,54,55",9,lucario-hariyama,Lucario Hariyama,121,295,449,123,38.75,chien-pao-baxcalibur,Chien-Pao Baxcalibur,2,33.33,overall,2026-05-25T17:10:04.877364+00:00
SVI-PFL,"47,48,49,50,51,52,53,54,55",9,lucario-hariyama,Lucario Hariyama,121,295,449,123,38.75,dragapult-ex,Dragapult,2,50.0,overall,2026-05-25T17:10:04.877364+00:00
SVI-PFL,"47,48,49,50,51,52,53,54,55",9,lucario-hariyama,Lucario Hariyama,121,295,449,123,38.75,froslass-munkidori,Froslass Munkidori,2,50.0,overall,2026-05-25T17:10:04.877364+00:00
SVI-PFL,"47,48,49,50,51,52,53,54,55",9,lucario-hariyama,Lucario Hariyama,121,295,449,123,38.75,tyranitar-jtg,Tyranitar,2,100.0,overall,2026-05-25T17:10:04.877364+00:00
SVI-PFL,"47,48,49,50,51,52,53,54,55",9,lucario-hariyama,Lucario Hariyama,121,295,449,123,38.75,ogerpon-meganium,Ogerpon Meganium,2,66.67,overall,2026-05-25T17:10:04.877364+00:00
SVI-PFL,"47,48,49,50,51,52,53,54,55",9,lucario-hariyama,Lucario Hariyama,121,295,449,123,38.75,hydreigon-ex,Hydreigon,2,0.0,overall,2026-05-25T17:10:04.877364+00:00
SVI-PFL,"47,48,49,50,51,52,53,54,55",9,lucario-hariyama,Lucario Hariyama,121,295,449,123,38.75,pidgeot-control,Pidgeot Control,1,100.0,overall,2026-05-25T17:10:04.877364+00:00
SVI-PFL,"47,48,49,50,51,52,53,54,55",9,lucario-hariyama,Lucario Hariyama,121,295,449,123,38.75,tsareena-ex,Tsareena,1,0.0,overall,2026-05-25T17:10:04.877364+00:00
SVI-PFL,"47,48,49,50,51,52,53,54,55",9,lucario-hariyama,Lucario Hariyama,121,295,449,123,38.75,mega-sharpedo-ex,Mega Sharpedo,1,100.0,overall,2026-05-25T17:10:04.877364+00:00
SVI-PFL,"47,48,49,50,51,52,53,54,55",9,lucario-hariyama,Lucario Hariyama,121,295,449,123,38.75,toedscruel-ex,Toedscruel,1,33.33,overall,2026-05-25T17:10:04.877364+00:00
SVI-PFL,"47,48,49,50,51,52,53,54,55",9,lucario-hariyama,Lucario Hariyama,121,295,449,123,38.75,archaludon-ex,Archaludon,1,100.0,overall,2026-05-25T17:10:04.877364+00:00
SVI-PFL,"47,48,49,50,51,52,53,54,55",9,lucario-hariyama,Lucario Hariyama,121,295,449,123,38.75,alakazam-ex,Alakazam,1,100.0,overall,2026-05-25T17:10:04.877364+00:00
SVI-PFL,"47,48,49,50,51,52,53,54,55",9,lucario-hariyama,Lucario Hariyama,121,295,449,123,38.75,cinderace-ex,Cinderace,1,100.0,overall,2026-05-25T17:10:04.877364+00:00
SVI-PFL,"47,48,49,50,51,52,53,54,55",9,lucario-hariyama,Lucario Hariyama,121,295,449,123,38.75,charizard-dragapult,Charizard Dragapult,1,33.33,overall,2026-05-25T17:10:04.877364+00:00
SVI-PFL,"47,48,49,50,51,52,53,54,55",9,lucario-hariyama,Lucario Hariyama,121,295,449,123,38.75,manectric-eelektrik,Manectric Eelektrik,1,100.0,overall,2026-05-25T17:10:04.877364+00:00
SVI-PFL,"47,48,49,50,51,52,53,54,55",9,lucario-hariyama,Lucario Hariyama,121,295,449,123,38.75,ancient-box,Ancient Box,1,33.33,overall,2026-05-25T17:10:04.877364+00:00
SVI-PFL,"47,48,49,50,51,52,53,54,55",9,lucario-hariyama,Lucario Hariyama,121,295,449,123,38.75,garchomp-ex,Garchomp,1,100.0,overall,2026-05-25T17:10:04.877364+00:00
SVI-PFL,"47,48,49,50,51,52,53,54,55",9,lucario-hariyama,Lucario Hariyama,121,295,449,123,38.75,dragapult-blaziken,Dragapult Blaziken,1,0.0,overall,2026-05-25T17:10:04.877364+00:00
SVI-PFL,"47,48,49,50,51,52,53,54,55",9,lucario-hariyama,Lucario Hariyama,121,295,449,123,38.75,lucario-hariyama,Lucario Hariyama,1,50.0,overall,2026-05-25T17:10:04.877364+00:00
SVI-PFL,"47,48,49,50,51,52,53,54,55",9,lucario-hariyama,Lucario Hariyama,121,295,449,123,38.75,charizard-greninja,Charizard Greninja,1,0.0,overall,2026-05-25T17:10:04.877364+00:00
SVI-PFL,"47,48,49,50,51,52,53,54,55",9,lucario-hariyama,Lucario Hariyama,121,295,449,123,38.75,rocket-spidops,Rocket's Spidops,1,0.0,overall,2026-05-25T17:10:04.877364+00:00
SVI-PFL,"47,48,49,50,51,52,53,54,55",9,lucario-hariyama,Lucario Hariyama,121,295,449,123,38.75,okidogi-twm,Okidogi,1,0.0,overall,2026-05-25T17:10:04.877364+00:00
SVI-PFL,"47,48,49,50,51,52,53,54,55",9,lucario-hariyama,Lucario Hariyama,121,295,449,123,38.75,raging-bolt-ex,Raging Bolt,1,100.0,overall,2026-05-25T17:10:04.877364+00:00
SVI-PFL,"47,48,49,50,51,52,53,54,55",9,mamoswine-ex,Mamoswine,11,18,49,10,27.71,gholdengo-lunatone,Gholdengo Lunatone,11,21.21,overall,2026-05-25T17:10:07.741520+00:00
SVI-PFL,"47,48,49,50,51,52,53,54,55",9,mamoswine-ex,Mamoswine,11,18,49,10,27.71,gardevoir-ex-sv,Gardevoir,8,16.67,overall,2026-05-25T17:10:07.741520+00:00
SVI-PFL,"47,48,49,50,51,52,53,54,55",9,mamoswine-ex,Mamoswine,11,18,49,10,27.71,dragapult-dusknoir,Dragapult Dusknoir,8,58.33,overall,2026-05-25T17:10:07.741520+00:00
SVI-PFL,"47,48,49,50,51,52,53,54,55",9,mamoswine-ex,Mamoswine,11,18,49,10,27.71,gardevoir-jellicent,Gardevoir Jellicent,6,22.22,overall,2026-05-25T17:10:07.741520+00:00
SVI-PFL,"47,48,49,50,51,52,53,54,55",9,mamoswine-ex,Mamoswine,11,18,49,10,27.71,charizard-pidgeot,Charizard Pidgeot,5,40.0,overall,2026-05-25T17:10:07.741520+00:00
SVI-PFL,"47,48,49,50,51,52,53,54,55",9,mamoswine-ex,Mamoswine,11,18,49,10,27.71,ceruledge-ex,Ceruledge,4,8.33,overall,2026-05-25T17:10:07.741520+00:00
SVI-PFL,"47,48,49,50,51,52,53,54,55",9,mamoswine-ex,Mamoswine,11,18,49,10,27.71,tera-box,Tera Box,3,33.33,overall,2026-05-25T17:10:07.741520+00:00
SVI-PFL,"47,48,49,50,51,52,53,54,55",9,mamoswine-ex,Mamoswine,11,18,49,10,27.71,n-zoroark,N's Zoroark,3,77.78,overall,2026-05-25T17:10:07.741520+00:00
SVI-PFL,"47,48,49,50,51,52,53,54,55",9,mamoswine-ex,Mamoswine,11,18,49,10,27.71,charizard-noctowl,Charizard Noctowl,3,11.11,overall,2026-05-25T17:10:07.741520+00:00
SVI-PFL,"47,48,49,50,51,52,53,54,55",9,mamoswine-ex,Mamoswine,11,18,49,10,27.71,dragapult-charizard,Dragapult Charizard,2,0.0,overall,2026-05-25T17:10:07.741520+00:00
SVI-PFL,"47,48,49,50,51,52,53,54,55",9,mamoswine-ex,Mamoswine,11,18,49,10,27.71,flareon-noctowl,Flareon Noctowl,2,0.0,overall,2026-05-25T17:10:07.741520+00:00
SVI-PFL,"47,48,49,50,51,52,53,54,55",9,mamoswine-ex,Mamoswine,11,18,49,10,27.71,lucario-hariyama,Lucario Hariyama,2,50.0,overall,2026-05-25T17:10:07.741520+00:00
SVI-PFL,"47,48,49,50,51,52,53,54,55",9,mamoswine-ex,Mamoswine,11,18,49,10,27.71,mega-absol-box,Mega Absol Box,2,50.0,overall,2026-05-25T17:10:07.741520+00:00
SVI-PFL,"47,48,49,50,51,52,53,54,55",9,mamoswine-ex,Mamoswine,11,18,49,10,27.71,kangaskhan-bouffalant,Kangaskhan Bouffalant,2,16.67,overall,2026-05-25T17:10:07.741520+00:00
SVI-PFL,"47,48,49,50,51,52,53,54,55",9,mamoswine-ex,Mamoswine,11,18,49,10,27.71,grimmsnarl-froslass,Grimmsnarl Froslass,2,0.0,overall,2026-05-25T17:10:07.741520+00:00
SVI-PFL,"47,48,49,50,51,52,53,54,55",9,mamoswine-ex,Mamoswine,11,18,49,10,27.71,alakazam-dudunsparce,Alakazam Dudunsparce,2,0.0,overall,2026-05-25T17:10:07.741520+00:00
SVI-PFL,"47,48,49,50,51,52,53,54,55",9,mamoswine-ex,Mamoswine,11,18,49,10,27.71,raging-bolt-ogerpon,Raging Bolt Ogerpon,2,16.67,overall,2026-05-25T17:10:07.741520+00:00
SVI-PFL,"47,48,49,50,51,52,53,54,55",9,mamoswine-ex,Mamoswine,11,18,49,10,27.71,crustle-dri,Crustle,1,0.0,overall,2026-05-25T17:10:07.741520+00:00
SVI-PFL,"47,48,49,50,51,52,53,54,55",9,mamoswine-ex,Mamoswine,11,18,49,10,27.71,lopunny-dusknoir,Lopunny Dusknoir,1,0.0,overall,2026-05-25T17:10:07.741520+00:00
SVI-PFL,"47,48,49,50,51,52,53,54,55",9,mamoswine-ex,Mamoswine,11,18,49,10,27.71,mega-lopunny-ex,Mega Lopunny,1,100.0,overall,2026-05-25T17:10:07.741520+00:00
SVI-PFL,"47,48,49,50,51,52,53,54,55",9,mamoswine-ex,Mamoswine,11,18,49,10,27.71,archaludon-ex,Archaludon,1,100.0,overall,2026-05-25T17:10:07.741520+00:00
SVI-PFL,"47,48,49,50,51,52,53,54,55",9,mamoswine-ex,Mamoswine,11,18,49,10,27.71,mega-kangaskhan-ex,Mega Kangaskhan,1,0.0,overall,2026-05-25T17:10:07.741520+00:00
SVI-PFL,"47,48,49,50,51,52,53,54,55",9,mamoswine-ex,Mamoswine,11,18,49,10,27.71,hydrapple-ogerpon,Hydrapple Ogerpon,1,0.0,overall,2026-05-25T17:10:07.741520+00:00
SVI-PFL,"47,48,49,50,51,52,53,54,55",9,mamoswine-ex,Mamoswine,11,18,49,10,27.71,mega-manectric-ex-meg,Mega Manectric,1,100.0,overall,2026-05-25T17:10:07.741520+00:00
SVI-PFL,"47,48,49,50,51,52,53,54,55",9,mamoswine-ex,Mamoswine,11,18,49,10,27.71,hop-zacian,Hop's Zacian,1,0.0,overall,2026-05-25T17:10:07.741520+00:00
SVI-PFL,"47,48,49,50,51,52,53,54,55",9,mamoswine-ex,Mamoswine,11,18,49,10,27.71,dragapult-froslass,Dragapult Froslass,1,0.0,overall,2026-05-25T17:10:07.741520+00:00
SVI-PFL,"47,48,49,50,51,52,53,54,55",9,mamoswine-ex,Mamoswine,11,18,49,10,27.71,mega-venusaur-ex,Mega Venusaur,1,0.0,overall,2026-05-25T17:10:07.741520+00:00
SVI-PFL,"47,48,49,50,51,52,53,54,55",9,manectric-eelektrik,Manectric Eelektrik,30,77,118,19,38.94,dragapult-dusknoir,Dragapult Dusknoir,42,46.03,overall,2026-05-25T17:10:10.660362+00:00
SVI-PFL,"47,48,49,50,51,52,53,54,55",9,manectric-eelektrik,Manectric Eelektrik,30,77,118,19,38.94,gholdengo-lunatone,Gholdengo Lunatone,34,18.63,overall,2026-05-25T17:10:10.660362+00:00
SVI-PFL,"47,48,49,50,51,52,53,54,55",9,manectric-eelektrik,Manectric Eelektrik,30,77,118,19,38.94,charizard-noctowl,Charizard Noctowl,14,50.0,overall,2026-05-25T17:10:10.660362+00:00
SVI-PFL,"47,48,49,50,51,52,53,54,55",9,manectric-eelektrik,Manectric Eelektrik,30,77,118,19,38.94,charizard-pidgeot,Charizard Pidgeot,11,63.64,overall,2026-05-25T17:10:10.660362+00:00
SVI-PFL,"47,48,49,50,51,52,53,54,55",9,manectric-eelektrik,Manectric Eelektrik,30,77,118,19,38.94,mega-absol-box,Mega Absol Box,11,45.45,overall,2026-05-25T17:10:10.660362+00:00
SVI-PFL,"47,48,49,50,51,52,53,54,55",9,manectric-eelektrik,Manectric Eelektrik,30,77,118,19,38.94,alakazam-dudunsparce,Alakazam Dudunsparce,10,23.33,overall,2026-05-25T17:10:10.660362+00:00
SVI-PFL,"47,48,49,50,51,52,53,54,55",9,manectric-eelektrik,Manectric Eelektrik,30,77,118,19,38.94,raging-bolt-ogerpon,Raging Bolt Ogerpon,9,18.52,overall,2026-05-25T17:10:10.660362+00:00
SVI-PFL,"47,48,49,50,51,52,53,54,55",9,manectric-eelektrik,Manectric Eelektrik,30,77,118,19,38.94,gardevoir-jellicent,Gardevoir Jellicent,8,45.83,overall,2026-05-25T17:10:10.660362+00:00
SVI-PFL,"47,48,49,50,51,52,53,54,55",9,manectric-eelektrik,Manectric Eelektrik,30,77,118,19,38.94,ceruledge-ex,Ceruledge,6,50.0,overall,2026-05-25T17:10:10.660362+00:00
SVI-PFL,"47,48,49,50,51,52,53,54,55",9,manectric-eelektrik,Manectric Eelektrik,30,77,118,19,38.94,dragapult-charizard,Dragapult Charizard,6,22.22,overall,2026-05-25T17:10:10.660362+00:00
SVI-PFL,"47,48,49,50,51,52,53,54,55",9,manectric-eelektrik,Manectric Eelektrik,30,77,118,19,38.94,n-zoroark,N's Zoroark,5,40.0,overall,2026-05-25T17:10:10.660362+00:00
SVI-PFL,"47,48,49,50,51,52,53,54,55",9,manectric-eelektrik,Manectric Eelektrik,30,77,118,19,38.94,flareon-noctowl,Flareon Noctowl,5,40.0,overall,2026-05-25T17:10:10.660362+00:00
SVI-PFL,"47,48,49,50,51,52,53,54,55",9,manectric-eelektrik,Manectric Eelektrik,30,77,118,19,38.94,kangaskhan-bouffalant,Kangaskhan Bouffalant,4,33.33,overall,2026-05-25T17:10:10.660362+00:00
SVI-PFL,"47,48,49,50,51,52,53,54,55",9,manectric-eelektrik,Manectric Eelektrik,30,77,118,19,38.94,slowking-scr,Slowking,4,33.33,overall,2026-05-25T17:10:10.660362+00:00
SVI-PFL,"47,48,49,50,51,52,53,54,55",9,manectric-eelektrik,Manectric Eelektrik,30,77,118,19,38.94,grimmsnarl-froslass,Grimmsnarl Froslass,4,50.0,overall,2026-05-25T17:10:10.660362+00:00
SVI-PFL,"47,48,49,50,51,52,53,54,55",9,manectric-eelektrik,Manectric Eelektrik,30,77,118,19,38.94,other,Other,3,66.67,overall,2026-05-25T17:10:10.660362+00:00
SVI-PFL,"47,48,49,50,51,52,53,54,55",9,manectric-eelektrik,Manectric Eelektrik,30,77,118,19,38.94,hydrapple-ogerpon,Hydrapple Ogerpon,3,11.11,overall,2026-05-25T17:10:10.660362+00:00
SVI-PFL,"47,48,49,50,51,52,53,54,55",9,manectric-eelektrik,Manectric Eelektrik,30,77,118,19,38.94,pidgeot-control,Pidgeot Control,2,0.0,overall,2026-05-25T17:10:10.660362+00:00
SVI-PFL,"47,48,49,50,51,52,53,54,55",9,manectric-eelektrik,Manectric Eelektrik,30,77,118,19,38.94,dragapult-ex,Dragapult,2,0.0,overall,2026-05-25T17:10:10.660362+00:00
SVI-PFL,"47,48,49,50,51,52,53,54,55",9,manectric-eelektrik,Manectric Eelektrik,30,77,118,19,38.94,cynthia-garchomp-ex,Cynthia's Garchomp,2,0.0,overall,2026-05-25T17:10:10.660362+00:00
SVI-PFL,"47,48,49,50,51,52,53,54,55",9,manectric-eelektrik,Manectric Eelektrik,30,77,118,19,38.94,kangaskhan-forretress,Kangaskhan Forretress,2,50.0,overall,2026-05-25T17:10:10.660362+00:00
SVI-PFL,"47,48,49,50,51,52,53,54,55",9,manectric-eelektrik,Manectric Eelektrik,30,77,118,19,38.94,rocket-mewtwo-ex,Rocket's Mewtwo,2,50.0,overall,2026-05-25T17:10:10.660362+00:00
SVI-PFL,"47,48,49,50,51,52,53,54,55",9,manectric-eelektrik,Manectric Eelektrik,30,77,118,19,38.94,gholdengo-typhlosion,Gholdengo Typhlosion,1,0.0,overall,2026-05-25T17:10:10.660362+00:00
SVI-PFL,"47,48,49,50,51,52,53,54,55",9,manectric-eelektrik,Manectric Eelektrik,30,77,118,19,38.94,ho-oh-armarouge,Ho-Oh Armarouge,1,100.0,overall,2026-05-25T17:10:10.660362+00:00
SVI-PFL,"47,48,49,50,51,52,53,54,55",9,manectric-eelektrik,Manectric Eelektrik,30,77,118,19,38.94,gardevoir-ex-sv,Gardevoir,1,33.33,overall,2026-05-25T17:10:10.660362+00:00
SVI-PFL,"47,48,49,50,51,52,53,54,55",9,manectric-eelektrik,Manectric Eelektrik,30,77,118,19,38.94,festival-lead,Festival Lead,1,100.0,overall,2026-05-25T17:10:10.660362+00:00
SVI-PFL,"47,48,49,50,51,52,53,54,55",9,manectric-eelektrik,Manectric Eelektrik,30,77,118,19,38.94,conkeldurr-twm,Conkeldurr,1,33.33,overall,2026-05-25T17:10:10.660362+00:00
SVI-PFL,"47,48,49,50,51,52,53,54,55",9,manectric-eelektrik,Manectric Eelektrik,30,77,118,19,38.94,okidogi-twm,Okidogi,1,0.0,overall,2026-05-25T17:10:10.660362+00:00
SVI-PFL,"47,48,49,50,51,52,53,54,55",9,manectric-eelektrik,Manectric Eelektrik,30,77,118,19,38.94,alakazam-meg,Alakazam,1,0.0,overall,2026-05-25T17:10:10.660362+00:00
SVI-PFL,"47,48,49,50,51,52,53,54,55",9,manectric-eelektrik,Manectric Eelektrik,30,77,118,19,38.94,feraligatr-tef,Feraligatr,1,0.0,overall,2026-05-25T17:10:10.660362+00:00
SVI-PFL,"47,48,49,50,51,52,53,54,55",9,manectric-eelektrik,Manectric Eelektrik,30,77,118,19,38.94,seaking-pre,Seaking Festival Lead,1,0.0,overall,2026-05-25T17:10:10.660362+00:00
SVI-PFL,"47,48,49,50,51,52,53,54,55",9,manectric-eelektrik,Manectric Eelektrik,30,77,118,19,38.94,crustle-dri,Crustle,1,100.0,overall,2026-05-25T17:10:10.660362+00:00
SVI-PFL,"47,48,49,50,51,52,53,54,55",9,manectric-eelektrik,Manectric Eelektrik,30,77,118,19,38.94,mega-camerupt-ex,Mega Camerupt,1,100.0,overall,2026-05-25T17:10:10.660362+00:00
SVI-PFL,"47,48,49,50,51,52,53,54,55",9,manectric-eelektrik,Manectric Eelektrik,30,77,118,19,38.94,tera-box,Tera Box,1,33.33,overall,2026-05-25T17:10:10.660362+00:00
SVI-PFL,"47,48,49,50,51,52,53,54,55",9,manectric-eelektrik,Manectric Eelektrik,30,77,118,19,38.94,mega-venusaur-ex,Mega Venusaur,1,100.0,overall,2026-05-25T17:10:10.660362+00:00
SVI-PFL,"47,48,49,50,51,52,53,54,55",9,manectric-eelektrik,Manectric Eelektrik,30,77,118,19,38.94,dragapult-blaziken,Dragapult Blaziken,1,100.0,overall,2026-05-25T17:10:10.660362+00:00
SVI-PFL,"47,48,49,50,51,52,53,54,55",9,manectric-eelektrik,Manectric Eelektrik,30,77,118,19,38.94,ogerpon-meganium,Ogerpon Meganium,1,100.0,overall,2026-05-25T17:10:10.660362+00:00
SVI-PFL,"47,48,49,50,51,52,53,54,55",9,manectric-eelektrik,Manectric Eelektrik,30,77,118,19,38.94,gholdengo-ex,Gholdengo,1,33.33,overall,2026-05-25T17:10:10.660362+00:00
SVI-PFL,"47,48,49,50,51,52,53,54,55",9,manectric-eelektrik,Manectric Eelektrik,30,77,118,19,38.94,joltik-box,Joltik Box,1,100.0,overall,2026-05-25T17:10:10.660362+00:00
SVI-PFL,"47,48,49,50,51,52,53,54,55",9,manectric-eelektrik,Manectric Eelektrik,30,77,118,19,38.94,lucario-hariyama,Lucario Hariyama,1,0.0,overall,2026-05-25T17:10:10.660362+00:00
SVI-PFL,"47,48,49,50,51,52,53,54,55",9,manectric-eelektrik,Manectric Eelektrik,30,77,118,19,38.94,iron-hands-ex,Future Hands,1,33.33,overall,2026-05-25T17:10:10.660362+00:00
SVI-PFL,"47,48,49,50,51,52,53,54,55",9,manectric-eelektrik,Manectric Eelektrik,30,77,118,19,38.94,iron-hands-magneton,Iron Hands Magneton,1,100.0,overall,2026-05-25T17:10:10.660362+00:00
SVI-PFL,"47,48,49,50,51,52,53,54,55",9,manectric-eelektrik,Manectric Eelektrik,30,77,118,19,38.94,lopunny-dusknoir,Lopunny Dusknoir,1,100.0,overall,2026-05-25T17:10:10.660362+00:00
SVI-PFL,"47,48,49,50,51,52,53,54,55",9,manectric-eelektrik,Manectric Eelektrik,30,77,118,19,38.94,froslass-munkidori,Froslass Munkidori,1,100.0,overall,2026-05-25T17:10:10.660362+00:00
SVI-PFL,"47,48,49,50,51,52,53,54,55",9,marnie-grimmsnarl-ex,Marnie's Grimmsnarl,28,83,95,50,43.71,gholdengo-lunatone,Gholdengo Lunatone,32,37.5,overall,2026-05-25T17:10:13.599574+00:00
SVI-PFL,"47,48,49,50,51,52,53,54,55",9,marnie-grimmsnarl-ex,Marnie's Grimmsnarl,28,83,95,50,43.71,dragapult-dusknoir,Dragapult Dusknoir,28,29.76,overall,2026-05-25T17:10:13.599574+00:00
SVI-PFL,"47,48,49,50,51,52,53,54,55",9,marnie-grimmsnarl-ex,Marnie's Grimmsnarl,28,83,95,50,43.71,gardevoir-jellicent,Gardevoir Jellicent,18,55.56,overall,2026-05-25T17:10:13.599574+00:00
SVI-PFL,"47,48,49,50,51,52,53,54,55",9,marnie-grimmsnarl-ex,Marnie's Grimmsnarl,28,83,95,50,43.71,charizard-pidgeot,Charizard Pidgeot,15,55.56,overall,2026-05-25T17:10:13.599574+00:00
SVI-PFL,"47,48,49,50,51,52,53,54,55",9,marnie-grimmsnarl-ex,Marnie's Grimmsnarl,28,83,95,50,43.71,gardevoir-ex-sv,Gardevoir,13,89.74,overall,2026-05-25T17:10:13.599574+00:00
SVI-PFL,"47,48,49,50,51,52,53,54,55",9,marnie-grimmsnarl-ex,Marnie's Grimmsnarl,28,83,95,50,43.71,charizard-noctowl,Charizard Noctowl,12,22.22,overall,2026-05-25T17:10:13.599574+00:00
SVI-PFL,"47,48,49,50,51,52,53,54,55",9,marnie-grimmsnarl-ex,Marnie's Grimmsnarl,28,83,95,50,43.71,raging-bolt-ogerpon,Raging Bolt Ogerpon,10,36.67,overall,2026-05-25T17:10:13.599574+00:00
SVI-PFL,"47,48,49,50,51,52,53,54,55",9,marnie-grimmsnarl-ex,Marnie's Grimmsnarl,28,83,95,50,43.71,grimmsnarl-froslass,Grimmsnarl Froslass,10,50.0,overall,2026-05-25T17:10:13.599574+00:00
SVI-PFL,"47,48,49,50,51,52,53,54,55",9,marnie-grimmsnarl-ex,Marnie's Grimmsnarl,28,83,95,50,43.71,n-zoroark,N's Zoroark,9,25.93,overall,2026-05-25T17:10:13.599574+00:00
SVI-PFL,"47,48,49,50,51,52,53,54,55",9,marnie-grimmsnarl-ex,Marnie's Grimmsnarl,28,83,95,50,43.71,mega-absol-box,Mega Absol Box,8,50.0,overall,2026-05-25T17:10:13.599574+00:00
SVI-PFL,"47,48,49,50,51,52,53,54,55",9,marnie-grimmsnarl-ex,Marnie's Grimmsnarl,28,83,95,50,43.71,alakazam-dudunsparce,Alakazam Dudunsparce,8,41.67,overall,2026-05-25T17:10:13.599574+00:00
SVI-PFL,"47,48,49,50,51,52,53,54,55",9,marnie-grimmsnarl-ex,Marnie's Grimmsnarl,28,83,95,50,43.71,ceruledge-ex,Ceruledge,7,57.14,overall,2026-05-25T17:10:13.599574+00:00
SVI-PFL,"47,48,49,50,51,52,53,54,55",9,marnie-grimmsnarl-ex,Marnie's Grimmsnarl,28,83,95,50,43.71,dragapult-charizard,Dragapult Charizard,7,47.62,overall,2026-05-25T17:10:13.599574+00:00
SVI-PFL,"47,48,49,50,51,52,53,54,55",9,marnie-grimmsnarl-ex,Marnie's Grimmsnarl,28,83,95,50,43.71,kangaskhan-bouffalant,Kangaskhan Bouffalant,6,44.44,overall,2026-05-25T17:10:13.599574+00:00
SVI-PFL,"47,48,49,50,51,52,53,54,55",9,marnie-grimmsnarl-ex,Marnie's Grimmsnarl,28,83,95,50,43.71,lopunny-dusknoir,Lopunny Dusknoir,5,46.67,overall,2026-05-25T17:10:13.599574+00:00
SVI-PFL,"47,48,49,50,51,52,53,54,55",9,marnie-grimmsnarl-ex,Marnie's Grimmsnarl,28,83,95,50,43.71,crustle-dri,Crustle,4,50.0,overall,2026-05-25T17:10:13.599574+00:00
SVI-PFL,"47,48,49,50,51,52,53,54,55",9,marnie-grimmsnarl-ex,Marnie's Grimmsnarl,28,83,95,50,43.71,tera-box,Tera Box,4,25.0,overall,2026-05-25T17:10:13.599574+00:00
SVI-PFL,"47,48,49,50,51,52,53,54,55",9,marnie-grimmsnarl-ex,Marnie's Grimmsnarl,28,83,95,50,43.71,flareon-noctowl,Flareon Noctowl,4,25.0,overall,2026-05-25T17:10:13.599574+00:00
SVI-PFL,"47,48,49,50,51,52,53,54,55",9,marnie-grimmsnarl-ex,Marnie's Grimmsnarl,28,83,95,50,43.71,mega-venusaur-ex,Mega Venusaur,3,33.33,overall,2026-05-25T17:10:13.599574+00:00
SVI-PFL,"47,48,49,50,51,52,53,54,55",9,marnie-grimmsnarl-ex,Marnie's Grimmsnarl,28,83,95,50,43.71,ethan-typhlosion,Ethan's Typhlosion,3,77.78,overall,2026-05-25T17:10:13.599574+00:00
SVI-PFL,"47,48,49,50,51,52,53,54,55",9,marnie-grimmsnarl-ex,Marnie's Grimmsnarl,28,83,95,50,43.71,lucario-hariyama,Lucario Hariyama,3,33.33,overall,2026-05-25T17:10:13.599574+00:00
SVI-PFL,"47,48,49,50,51,52,53,54,55",9,marnie-grimmsnarl-ex,Marnie's Grimmsnarl,28,83,95,50,43.71,other,Other,2,0.0,overall,2026-05-25T17:10:13.599574+00:00
SVI-PFL,"47,48,49,50,51,52,53,54,55",9,marnie-grimmsnarl-ex,Marnie's Grimmsnarl,28,83,95,50,43.71,gholdengo-joltik-box,Gholdengo Joltik Box,2,16.67,overall,2026-05-25T17:10:13.599574+00:00
SVI-PFL,"47,48,49,50,51,52,53,54,55",9,marnie-grimmsnarl-ex,Marnie's Grimmsnarl,28,83,95,50,43.71,mega-charizard-x-ex,Mega Charizard X,1,100.0,overall,2026-05-25T17:10:13.599574+00:00
SVI-PFL,"47,48,49,50,51,52,53,54,55",9,marnie-grimmsnarl-ex,Marnie's Grimmsnarl,28,83,95,50,43.71,joltik-box,Joltik Box,1,0.0,overall,2026-05-25T17:10:13.599574+00:00
SVI-PFL,"47,48,49,50,51,52,53,54,55",9,marnie-grimmsnarl-ex,Marnie's Grimmsnarl,28,83,95,50,43.71,reging-bolt-bellibolt,Raging Bolt Bellibolt,1,33.33,overall,2026-05-25T17:10:13.599574+00:00
SVI-PFL,"47,48,49,50,51,52,53,54,55",9,marnie-grimmsnarl-ex,Marnie's Grimmsnarl,28,83,95,50,43.71,dragapult-ex,Dragapult,1,0.0,overall,2026-05-25T17:10:13.599574+00:00
SVI-PFL,"47,48,49,50,51,52,53,54,55",9,marnie-grimmsnarl-ex,Marnie's Grimmsnarl,28,83,95,50,43.71,slowking-scr,Slowking,1,33.33,overall,2026-05-25T17:10:13.599574+00:00
SVI-PFL,"47,48,49,50,51,52,53,54,55",9,marnie-grimmsnarl-ex,Marnie's Grimmsnarl,28,83,95,50,43.71,sharpedo-toxtricity,Sharpedo Toxtricity,1,0.0,overall,2026-05-25T17:10:13.599574+00:00
SVI-PFL,"47,48,49,50,51,52,53,54,55",9,marnie-grimmsnarl-ex,Marnie's Grimmsnarl,28,83,95,50,43.71,cynthia-garchomp-ex,Cynthia's Garchomp,1,100.0,overall,2026-05-25T17:10:13.599574+00:00
SVI-PFL,"47,48,49,50,51,52,53,54,55",9,marnie-grimmsnarl-ex,Marnie's Grimmsnarl,28,83,95,50,43.71,hydrapple-ogerpon,Hydrapple Ogerpon,1,100.0,overall,2026-05-25T17:10:13.599574+00:00
SVI-PFL,"47,48,49,50,51,52,53,54,55",9,marnie-grimmsnarl-ex,Marnie's Grimmsnarl,28,83,95,50,43.71,conkeldurr-twm,Conkeldurr,1,100.0,overall,2026-05-25T17:10:13.599574+00:00
SVI-PFL,"47,48,49,50,51,52,53,54,55",9,marnie-grimmsnarl-ex,Marnie's Grimmsnarl,28,83,95,50,43.71,ho-oh-armarouge,Ho-Oh Armarouge,1,33.33,overall,2026-05-25T17:10:13.599574+00:00
SVI-PFL,"47,48,49,50,51,52,53,54,55",9,marnie-grimmsnarl-ex,Marnie's Grimmsnarl,28,83,95,50,43.71,froslass-munkidori,Froslass Munkidori,1,0.0,overall,2026-05-25T17:10:13.599574+00:00
SVI-PFL,"47,48,49,50,51,52,53,54,55",9,marnie-grimmsnarl-ex,Marnie's Grimmsnarl,28,83,95,50,43.71,rocket-mewtwo-ex,Rocket's Mewtwo,1,100.0,overall,2026-05-25T17:10:13.599574+00:00
SVI-PFL,"47,48,49,50,51,52,53,54,55",9,marnie-grimmsnarl-ex,Marnie's Grimmsnarl,28,83,95,50,43.71,iono-bellibolt,Iono's Bellibolt,1,100.0,overall,2026-05-25T17:10:13.599574+00:00
SVI-PFL,"47,48,49,50,51,52,53,54,55",9,marnie-grimmsnarl-ex,Marnie's Grimmsnarl,28,83,95,50,43.71,festival-lead,Festival Lead,1,33.33,overall,2026-05-25T17:10:13.599574+00:00
SVI-PFL,"47,48,49,50,51,52,53,54,55",9,marnie-grimmsnarl-ex,Marnie's Grimmsnarl,28,83,95,50,43.71,greninja-ex,Greninja,1,0.0,overall,2026-05-25T17:10:13.599574+00:00
SVI-PFL,"47,48,49,50,51,52,53,54,55",9,mega-abomasnow-ex,Mega Abomasnow,11,20,47,2,29.95,dragapult-dusknoir,Dragapult Dusknoir,11,27.27,overall,2026-05-25T17:10:16.550320+00:00
SVI-PFL,"47,48,49,50,51,52,53,54,55",9,mega-abomasnow-ex,Mega Abomasnow,11,20,47,2,29.95,n-zoroark,N's Zoroark,10,20.0,overall,2026-05-25T17:10:16.550320+00:00
SVI-PFL,"47,48,49,50,51,52,53,54,55",9,mega-abomasnow-ex,Mega Abomasnow,11,20,47,2,29.95,gholdengo-lunatone,Gholdengo Lunatone,8,25.0,overall,2026-05-25T17:10:16.550320+00:00
SVI-PFL,"47,48,49,50,51,52,53,54,55",9,mega-abomasnow-ex,Mega Abomasnow,11,20,47,2,29.95,gardevoir-ex-sv,Gardevoir,6,5.56,overall,2026-05-25T17:10:16.550320+00:00
SVI-PFL,"47,48,49,50,51,52,53,54,55",9,mega-abomasnow-ex,Mega Abomasnow,11,20,47,2,29.95,mega-absol-box,Mega Absol Box,4,100.0,overall,2026-05-25T17:10:16.550320+00:00
SVI-PFL,"47,48,49,50,51,52,53,54,55",9,mega-abomasnow-ex,Mega Abomasnow,11,20,47,2,29.95,raging-bolt-ogerpon,Raging Bolt Ogerpon,3,0.0,overall,2026-05-25T17:10:16.550320+00:00
SVI-PFL,"47,48,49,50,51,52,53,54,55",9,mega-abomasnow-ex,Mega Abomasnow,11,20,47,2,29.95,grimmsnarl-froslass,Grimmsnarl Froslass,3,33.33,overall,2026-05-25T17:10:16.550320+00:00
SVI-PFL,"47,48,49,50,51,52,53,54,55",9,mega-abomasnow-ex,Mega Abomasnow,11,20,47,2,29.95,dragapult-charizard,Dragapult Charizard,2,50.0,overall,2026-05-25T17:10:16.550320+00:00
SVI-PFL,"47,48,49,50,51,52,53,54,55",9,mega-abomasnow-ex,Mega Abomasnow,11,20,47,2,29.95,ceruledge-ex,Ceruledge,2,50.0,overall,2026-05-25T17:10:16.550320+00:00
SVI-PFL,"47,48,49,50,51,52,53,54,55",9,mega-abomasnow-ex,Mega Abomasnow,11,20,47,2,29.95,kangaskhan-bouffalant,Kangaskhan Bouffalant,2,0.0,overall,2026-05-25T17:10:16.550320+00:00
SVI-PFL,"47,48,49,50,51,52,53,54,55",9,mega-abomasnow-ex,Mega Abomasnow,11,20,47,2,29.95,flareon-noctowl,Flareon Noctowl,2,16.67,overall,2026-05-25T17:10:16.550320+00:00
SVI-PFL,"47,48,49,50,51,52,53,54,55",9,mega-abomasnow-ex,Mega Abomasnow,11,20,47,2,29.95,gardevoir-jellicent,Gardevoir Jellicent,2,50.0,overall,2026-05-25T17:10:16.550320+00:00
SVI-PFL,"47,48,49,50,51,52,53,54,55",9,mega-abomasnow-ex,Mega Abomasnow,11,20,47,2,29.95,mega-charizard-x-ex,Mega Charizard X,1,100.0,overall,2026-05-25T17:10:16.550320+00:00
SVI-PFL,"47,48,49,50,51,52,53,54,55",9,mega-abomasnow-ex,Mega Abomasnow,11,20,47,2,29.95,charizard-pidgeot,Charizard Pidgeot,1,0.0,overall,2026-05-25T17:10:16.550320+00:00
SVI-PFL,"47,48,49,50,51,52,53,54,55",9,mega-abomasnow-ex,Mega Abomasnow,11,20,47,2,29.95,sharpedo-toxtricity,Sharpedo Toxtricity,1,0.0,overall,2026-05-25T17:10:16.550320+00:00
SVI-PFL,"47,48,49,50,51,52,53,54,55",9,mega-abomasnow-ex,Mega Abomasnow,11,20,47,2,29.95,blaziken-ex-jtg,Blaziken,1,100.0,overall,2026-05-25T17:10:16.550320+00:00
SVI-PFL,"47,48,49,50,51,52,53,54,55",9,mega-abomasnow-ex,Mega Abomasnow,11,20,47,2,29.95,hydreigon-ex,Hydreigon,1,100.0,overall,2026-05-25T17:10:16.550320+00:00
SVI-PFL,"47,48,49,50,51,52,53,54,55",9,mega-abomasnow-ex,Mega Abomasnow,11,20,47,2,29.95,alakazam-dudunsparce,Alakazam Dudunsparce,1,0.0,overall,2026-05-25T17:10:16.550320+00:00
SVI-PFL,"47,48,49,50,51,52,53,54,55",9,mega-abomasnow-ex,Mega Abomasnow,11,20,47,2,29.95,rocket-mewtwo-ex,Rocket's Mewtwo,1,0.0,overall,2026-05-25T17:10:16.550320+00:00
SVI-PFL,"47,48,49,50,51,52,53,54,55",9,mega-abomasnow-ex,Mega Abomasnow,11,20,47,2,29.95,iron-hands-magneton,Iron Hands Magneton,1,0.0,overall,2026-05-25T17:10:16.550320+00:00
SVI-PFL,"47,48,49,50,51,52,53,54,55",9,mega-abomasnow-ex,Mega Abomasnow,11,20,47,2,29.95,rocket-porygon-z,Rocket's Porygon-Z,1,0.0,overall,2026-05-25T17:10:16.550320+00:00
SVI-PFL,"47,48,49,50,51,52,53,54,55",9,mega-abomasnow-ex,Mega Abomasnow,11,20,47,2,29.95,joltik-box,Joltik Box,1,100.0,overall,2026-05-25T17:10:16.550320+00:00
SVI-PFL,"47,48,49,50,51,52,53,54,55",9,mega-abomasnow-ex,Mega Abomasnow,11,20,47,2,29.95,festival-lead,Festival Lead,1,0.0,overall,2026-05-25T17:10:16.550320+00:00
SVI-PFL,"47,48,49,50,51,52,53,54,55",9,mega-abomasnow-ex,Mega Abomasnow,11,20,47,2,29.95,mega-venusaur-ex,Mega Venusaur,1,100.0,overall,2026-05-25T17:10:16.550320+00:00
SVI-PFL,"47,48,49,50,51,52,53,54,55",9,mega-abomasnow-ex,Mega Abomasnow,11,20,47,2,29.95,gholdengo-joltik-box,Gholdengo Joltik Box,1,0.0,overall,2026-05-25T17:10:16.550320+00:00
SVI-PFL,"47,48,49,50,51,52,53,54,55",9,mega-abomasnow-ex,Mega Abomasnow,11,20,47,2,29.95,slowking-scr,Slowking,1,0.0,overall,2026-05-25T17:10:16.550320+00:00
SVI-PFL,"47,48,49,50,51,52,53,54,55",9,mega-absol-box,Mega Absol Box,770,2987,2544,1156,50.43,gholdengo-lunatone,Gholdengo Lunatone,1039,44.5,overall,2026-05-25T17:10:19.485943+00:00
SVI-PFL,"47,48,49,50,51,52,53,54,55",9,mega-absol-box,Mega Absol Box,770,2987,2544,1156,50.43,dragapult-dusknoir,Dragapult Dusknoir,990,57.98,overall,2026-05-25T17:10:19.485943+00:00
SVI-PFL,"47,48,49,50,51,52,53,54,55",9,mega-absol-box,Mega Absol Box,770,2987,2544,1156,50.43,gardevoir-ex-sv,Gardevoir,476,51.19,overall,2026-05-25T17:10:19.485943+00:00
SVI-PFL,"47,48,49,50,51,52,53,54,55",9,mega-absol-box,Mega Absol Box,770,2987,2544,1156,50.43,charizard-noctowl,Charizard Noctowl,417,48.04,overall,2026-05-25T17:10:19.485943+00:00
SVI-PFL,"47,48,49,50,51,52,53,54,55",9,mega-absol-box,Mega Absol Box,770,2987,2544,1156,50.43,gardevoir-jellicent,Gardevoir Jellicent,415,56.95,overall,2026-05-25T17:10:19.485943+00:00
SVI-PFL,"47,48,49,50,51,52,53,54,55",9,mega-absol-box,Mega Absol Box,770,2987,2544,1156,50.43,grimmsnarl-froslass,Grimmsnarl Froslass,360,62.04,overall,2026-05-25T17:10:19.485943+00:00
SVI-PFL,"47,48,49,50,51,52,53,54,55",9,mega-absol-box,Mega Absol Box,770,2987,2544,1156,50.43,charizard-pidgeot,Charizard Pidgeot,303,41.36,overall,2026-05-25T17:10:19.485943+00:00
SVI-PFL,"47,48,49,50,51,52,53,54,55",9,mega-absol-box,Mega Absol Box,770,2987,2544,1156,50.43,raging-bolt-ogerpon,Raging Bolt Ogerpon,278,29.62,overall,2026-05-25T17:10:19.485943+00:00
SVI-PFL,"47,48,49,50,51,52,53,54,55",9,mega-absol-box,Mega Absol Box,770,2987,2544,1156,50.43,n-zoroark,N's Zoroark,210,50.16,overall,2026-05-25T17:10:19.485943+00:00
SVI-PFL,"47,48,49,50,51,52,53,54,55",9,mega-absol-box,Mega Absol Box,770,2987,2544,1156,50.43,mega-absol-box,Mega Absol Box,187,47.5,overall,2026-05-25T17:10:19.485943+00:00
SVI-PFL,"47,48,49,50,51,52,53,54,55",9,mega-absol-box,Mega Absol Box,770,2987,2544,1156,50.43,dragapult-charizard,Dragapult Charizard,156,55.13,overall,2026-05-25T17:10:19.485943+00:00
SVI-PFL,"47,48,49,50,51,52,53,54,55",9,mega-absol-box,Mega Absol Box,770,2987,2544,1156,50.43,alakazam-dudunsparce,Alakazam Dudunsparce,154,43.94,overall,2026-05-25T17:10:19.485943+00:00
SVI-PFL,"47,48,49,50,51,52,53,54,55",9,mega-absol-box,Mega Absol Box,770,2987,2544,1156,50.43,ceruledge-ex,Ceruledge,130,43.59,overall,2026-05-25T17:10:19.485943+00:00
SVI-PFL,"47,48,49,50,51,52,53,54,55",9,mega-absol-box,Mega Absol Box,770,2987,2544,1156,50.43,kangaskhan-bouffalant,Kangaskhan Bouffalant,114,47.37,overall,2026-05-25T17:10:19.485943+00:00
SVI-PFL,"47,48,49,50,51,52,53,54,55",9,mega-absol-box,Mega Absol Box,770,2987,2544,1156,50.43,tera-box,Tera Box,99,53.2,overall,2026-05-25T17:10:19.485943+00:00
SVI-PFL,"47,48,49,50,51,52,53,54,55",9,mega-absol-box,Mega Absol Box,770,2987,2544,1156,50.43,flareon-noctowl,Flareon Noctowl,84,47.62,overall,2026-05-25T17:10:19.485943+00:00
SVI-PFL,"47,48,49,50,51,52,53,54,55",9,mega-absol-box,Mega Absol Box,770,2987,2544,1156,50.43,joltik-box,Joltik Box,81,48.97,overall,2026-05-25T17:10:19.485943+00:00
SVI-PFL,"47,48,49,50,51,52,53,54,55",9,mega-absol-box,Mega Absol Box,770,2987,2544,1156,50.43,lopunny-dusknoir,Lopunny Dusknoir,81,44.44,overall,2026-05-25T17:10:19.485943+00:00
SVI-PFL,"47,48,49,50,51,52,53,54,55",9,mega-absol-box,Mega Absol Box,770,2987,2544,1156,50.43,crustle-dri,Crustle,64,45.31,overall,2026-05-25T17:10:19.485943+00:00
SVI-PFL,"47,48,49,50,51,52,53,54,55",9,mega-absol-box,Mega Absol Box,770,2987,2544,1156,50.43,greninja-ex,Greninja,57,42.11,overall,2026-05-25T17:10:19.485943+00:00
SVI-PFL,"47,48,49,50,51,52,53,54,55",9,mega-absol-box,Mega Absol Box,770,2987,2544,1156,50.43,lucario-hariyama,Lucario Hariyama,46,36.23,overall,2026-05-25T17:10:19.485943+00:00
SVI-PFL,"47,48,49,50,51,52,53,54,55",9,mega-absol-box,Mega Absol Box,770,2987,2544,1156,50.43,cynthia-garchomp-ex,Cynthia's Garchomp,41,56.91,overall,2026-05-25T17:10:19.485943+00:00
SVI-PFL,"47,48,49,50,51,52,53,54,55",9,mega-absol-box,Mega Absol Box,770,2987,2544,1156,50.43,slowking-scr,Slowking,39,74.36,overall,2026-05-25T17:10:19.485943+00:00
SVI-PFL,"47,48,49,50,51,52,53,54,55",9,mega-absol-box,Mega Absol Box,770,2987,2544,1156,50.43,other,Other,38,59.65,overall,2026-05-25T17:10:19.485943+00:00
SVI-PFL,"47,48,49,50,51,52,53,54,55",9,mega-absol-box,Mega Absol Box,770,2987,2544,1156,50.43,sharpedo-toxtricity,Sharpedo Toxtricity,36,44.44,overall,2026-05-25T17:10:19.485943+00:00
SVI-PFL,"47,48,49,50,51,52,53,54,55",9,mega-absol-box,Mega Absol Box,770,2987,2544,1156,50.43,froslass-munkidori,Froslass Munkidori,36,71.3,overall,2026-05-25T17:10:19.485943+00:00
SVI-PFL,"47,48,49,50,51,52,53,54,55",9,mega-absol-box,Mega Absol Box,770,2987,2544,1156,50.43,pidgeot-control,Pidgeot Control,34,59.8,overall,2026-05-25T17:10:19.485943+00:00
SVI-PFL,"47,48,49,50,51,52,53,54,55",9,mega-absol-box,Mega Absol Box,770,2987,2544,1156,50.43,mega-venusaur-ex,Mega Venusaur,30,37.78,overall,2026-05-25T17:10:19.485943+00:00
SVI-PFL,"47,48,49,50,51,52,53,54,55",9,mega-absol-box,Mega Absol Box,770,2987,2544,1156,50.43,gholdengo-ex,Gholdengo,27,44.44,overall,2026-05-25T17:10:19.485943+00:00
SVI-PFL,"47,48,49,50,51,52,53,54,55",9,mega-absol-box,Mega Absol Box,770,2987,2544,1156,50.43,gholdengo-joltik-box,Gholdengo Joltik Box,27,54.32,overall,2026-05-25T17:10:19.485943+00:00
SVI-PFL,"47,48,49,50,51,52,53,54,55",9,mega-absol-box,Mega Absol Box,770,2987,2544,1156,50.43,ho-oh-armarouge,Ho-Oh Armarouge,26,46.15,overall,2026-05-25T17:10:19.485943+00:00
SVI-PFL,"47,48,49,50,51,52,53,54,55",9,mega-absol-box,Mega Absol Box,770,2987,2544,1156,50.43,ethan-typhlosion,Ethan's Typhlosion,23,42.03,overall,2026-05-25T17:10:19.485943+00:00
SVI-PFL,"47,48,49,50,51,52,53,54,55",9,mega-absol-box,Mega Absol Box,770,2987,2544,1156,50.43,iron-hands-magneton,Iron Hands Magneton,22,68.18,overall,2026-05-25T17:10:19.485943+00:00
SVI-PFL,"47,48,49,50,51,52,53,54,55",9,mega-absol-box,Mega Absol Box,770,2987,2544,1156,50.43,festival-lead,Festival Lead,19,56.14,overall,2026-05-25T17:10:19.485943+00:00
SVI-PFL,"47,48,49,50,51,52,53,54,55",9,mega-absol-box,Mega Absol Box,770,2987,2544,1156,50.43,rocket-mewtwo-ex,Rocket's Mewtwo,19,42.11,overall,2026-05-25T17:10:19.485943+00:00
SVI-PFL,"47,48,49,50,51,52,53,54,55",9,mega-absol-box,Mega Absol Box,770,2987,2544,1156,50.43,roaring-moon-ex,Roaring Moon,18,48.15,overall,2026-05-25T17:10:19.485943+00:00
SVI-PFL,"47,48,49,50,51,52,53,54,55",9,mega-absol-box,Mega Absol Box,770,2987,2544,1156,50.43,dragapult-ex,Dragapult,17,66.67,overall,2026-05-25T17:10:19.485943+00:00
SVI-PFL,"47,48,49,50,51,52,53,54,55",9,mega-absol-box,Mega Absol Box,770,2987,2544,1156,50.43,seaking-pre,Seaking Festival Lead,16,45.83,overall,2026-05-25T17:10:19.485943+00:00
SVI-PFL,"47,48,49,50,51,52,53,54,55",9,mega-absol-box,Mega Absol Box,770,2987,2544,1156,50.43,ursaluna-lunatone,Ursaluna Lunatone,16,60.42,overall,2026-05-25T17:10:19.485943+00:00
SVI-PFL,"47,48,49,50,51,52,53,54,55",9,mega-absol-box,Mega Absol Box,770,2987,2544,1156,50.43,dragapult-blaziken,Dragapult Blaziken,15,75.56,overall,2026-05-25T17:10:19.485943+00:00
SVI-PFL,"47,48,49,50,51,52,53,54,55",9,mega-absol-box,Mega Absol Box,770,2987,2544,1156,50.43,hydreigon-ex,Hydreigon,15,75.56,overall,2026-05-25T17:10:19.485943+00:00
SVI-PFL,"47,48,49,50,51,52,53,54,55",9,mega-absol-box,Mega Absol Box,770,2987,2544,1156,50.43,hydrapple-ogerpon,Hydrapple Ogerpon,14,52.38,overall,2026-05-25T17:10:19.485943+00:00
SVI-PFL,"47,48,49,50,51,52,53,54,55",9,mega-absol-box,Mega Absol Box,770,2987,2544,1156,50.43,conkeldurr-twm,Conkeldurr,12,77.78,overall,2026-05-25T17:10:19.485943+00:00
SVI-PFL,"47,48,49,50,51,52,53,54,55",9,mega-absol-box,Mega Absol Box,770,2987,2544,1156,50.43,toxtricity-pfl,Toxtricity Box,11,78.79,overall,2026-05-25T17:10:19.485943+00:00
SVI-PFL,"47,48,49,50,51,52,53,54,55",9,mega-absol-box,Mega Absol Box,770,2987,2544,1156,50.43,manectric-eelektrik,Manectric Eelektrik,11,54.55,overall,2026-05-25T17:10:19.485943+00:00
SVI-PFL,"47,48,49,50,51,52,53,54,55",9,mega-absol-box,Mega Absol Box,770,2987,2544,1156,50.43,archaludon-ex,Archaludon,9,59.26,overall,2026-05-25T17:10:19.485943+00:00
SVI-PFL,"47,48,49,50,51,52,53,54,55",9,mega-absol-box,Mega Absol Box,770,2987,2544,1156,50.43,marnie-grimmsnarl-ex,Marnie's Grimmsnarl,8,50.0,overall,2026-05-25T17:10:19.485943+00:00
SVI-PFL,"47,48,49,50,51,52,53,54,55",9,mega-absol-box,Mega Absol Box,770,2987,2544,1156,50.43,kangaskhan-forretress,Kangaskhan Forretress,8,66.67,overall,2026-05-25T17:10:19.485943+00:00
SVI-PFL,"47,48,49,50,51,52,53,54,55",9,mega-absol-box,Mega Absol Box,770,2987,2544,1156,50.43,charizard-ex,Charizard,7,71.43,overall,2026-05-25T17:10:19.485943+00:00
SVI-PFL,"47,48,49,50,51,52,53,54,55",9,mega-absol-box,Mega Absol Box,770,2987,2544,1156,50.43,iron-thorns-crustle,Iron Thorns Crustle,7,57.14,overall,2026-05-25T17:10:19.485943+00:00
SVI-PFL,"47,48,49,50,51,52,53,54,55",9,mega-absol-box,Mega Absol Box,770,2987,2544,1156,50.43,chien-pao-baxcalibur,Chien-Pao Baxcalibur,6,83.33,overall,2026-05-25T17:10:19.485943+00:00
SVI-PFL,"47,48,49,50,51,52,53,54,55",9,mega-absol-box,Mega Absol Box,770,2987,2544,1156,50.43,great-tusk-tef,Great Tusk Mill,5,100.0,overall,2026-05-25T17:10:19.485943+00:00
SVI-PFL,"47,48,49,50,51,52,53,54,55",9,mega-absol-box,Mega Absol Box,770,2987,2544,1156,50.43,rocket-spidops,Rocket's Spidops,5,26.67,overall,2026-05-25T17:10:19.485943+00:00
SVI-PFL,"47,48,49,50,51,52,53,54,55",9,mega-absol-box,Mega Absol Box,770,2987,2544,1156,50.43,mega-lucario-ex,Mega Lucario,4,50.0,overall,2026-05-25T17:10:19.485943+00:00
SVI-PFL,"47,48,49,50,51,52,53,54,55",9,mega-absol-box,Mega Absol Box,770,2987,2544,1156,50.43,wugtrio-svi,Wugtrio Mill,4,100.0,overall,2026-05-25T17:10:19.485943+00:00
SVI-PFL,"47,48,49,50,51,52,53,54,55",9,mega-absol-box,Mega Absol Box,770,2987,2544,1156,50.43,mega-abomasnow-ex,Mega Abomasnow,4,0.0,overall,2026-05-25T17:10:19.485943+00:00
SVI-PFL,"47,48,49,50,51,52,53,54,55",9,mega-absol-box,Mega Absol Box,770,2987,2544,1156,50.43,mega-kangaskhan-ex,Mega Kangaskhan,4,58.33,overall,2026-05-25T17:10:19.485943+00:00
SVI-PFL,"47,48,49,50,51,52,53,54,55",9,mega-absol-box,Mega Absol Box,770,2987,2544,1156,50.43,hop-zacian,Hop's Zacian,4,75.0,overall,2026-05-25T17:10:19.485943+00:00
SVI-PFL,"47,48,49,50,51,52,53,54,55",9,mega-absol-box,Mega Absol Box,770,2987,2544,1156,50.43,toedscruel-ex,Toedscruel,4,33.33,overall,2026-05-25T17:10:19.485943+00:00
SVI-PFL,"47,48,49,50,51,52,53,54,55",9,mega-absol-box,Mega Absol Box,770,2987,2544,1156,50.43,ogerpon-meganium,Ogerpon Meganium,4,50.0,overall,2026-05-25T17:10:19.485943+00:00
SVI-PFL,"47,48,49,50,51,52,53,54,55",9,mega-absol-box,Mega Absol Box,770,2987,2544,1156,50.43,tyranitar-jtg,Tyranitar,3,100.0,overall,2026-05-25T17:10:19.485943+00:00
SVI-PFL,"47,48,49,50,51,52,53,54,55",9,mega-absol-box,Mega Absol Box,770,2987,2544,1156,50.43,mega-charizard-x-ex,Mega Charizard X,3,66.67,overall,2026-05-25T17:10:19.485943+00:00
SVI-PFL,"47,48,49,50,51,52,53,54,55",9,mega-absol-box,Mega Absol Box,770,2987,2544,1156,50.43,mega-lopunny-ex,Mega Lopunny,3,44.44,overall,2026-05-25T17:10:19.485943+00:00
SVI-PFL,"47,48,49,50,51,52,53,54,55",9,mega-absol-box,Mega Absol Box,770,2987,2544,1156,50.43,palafin-ex,Palafin,3,100.0,overall,2026-05-25T17:10:19.485943+00:00
SVI-PFL,"47,48,49,50,51,52,53,54,55",9,mega-absol-box,Mega Absol Box,770,2987,2544,1156,50.43,ethan-magcargo,Ethan's Magcargo,3,66.67,overall,2026-05-25T17:10:19.485943+00:00
SVI-PFL,"47,48,49,50,51,52,53,54,55",9,mega-absol-box,Mega Absol Box,770,2987,2544,1156,50.43,ogerpon-ex,Ogerpon,3,55.56,overall,2026-05-25T17:10:19.485943+00:00
SVI-PFL,"47,48,49,50,51,52,53,54,55",9,mega-absol-box,Mega Absol Box,770,2987,2544,1156,50.43,farigiraf-milotic,Farigiraf Milotic,2,100.0,overall,2026-05-25T17:10:19.485943+00:00
SVI-PFL,"47,48,49,50,51,52,53,54,55",9,mega-absol-box,Mega Absol Box,770,2987,2544,1156,50.43,heatran-metang,Heatran Metang,2,100.0,overall,2026-05-25T17:10:19.485943+00:00
SVI-PFL,"47,48,49,50,51,52,53,54,55",9,mega-absol-box,Mega Absol Box,770,2987,2544,1156,50.43,mega-latias-ex,Mega Latias,2,50.0,overall,2026-05-25T17:10:19.485943+00:00
SVI-PFL,"47,48,49,50,51,52,53,54,55",9,mega-absol-box,Mega Absol Box,770,2987,2544,1156,50.43,mamoswine-ex,Mamoswine,2,50.0,overall,2026-05-25T17:10:19.485943+00:00
SVI-PFL,"47,48,49,50,51,52,53,54,55",9,mega-absol-box,Mega Absol Box,770,2987,2544,1156,50.43,flareon-ex,Flareon,2,100.0,overall,2026-05-25T17:10:19.485943+00:00
SVI-PFL,"47,48,49,50,51,52,53,54,55",9,mega-absol-box,Mega Absol Box,770,2987,2544,1156,50.43,gholdengo-typhlosion,Gholdengo Typhlosion,2,0.0,overall,2026-05-25T17:10:19.485943+00:00
SVI-PFL,"47,48,49,50,51,52,53,54,55",9,mega-absol-box,Mega Absol Box,770,2987,2544,1156,50.43,reging-bolt-bellibolt,Raging Bolt Bellibolt,2,0.0,overall,2026-05-25T17:10:19.485943+00:00
SVI-PFL,"47,48,49,50,51,52,53,54,55",9,mega-absol-box,Mega Absol Box,770,2987,2544,1156,50.43,tsareena-ex,Tsareena,2,33.33,overall,2026-05-25T17:10:19.485943+00:00
SVI-PFL,"47,48,49,50,51,52,53,54,55",9,mega-absol-box,Mega Absol Box,770,2987,2544,1156,50.43,miraidon-eelektrik,Miraidon Eelektrik,2,0.0,overall,2026-05-25T17:10:19.485943+00:00
SVI-PFL,"47,48,49,50,51,52,53,54,55",9,mega-absol-box,Mega Absol Box,770,2987,2544,1156,50.43,alakazam-meg,Alakazam,2,100.0,overall,2026-05-25T17:10:19.485943+00:00
SVI-PFL,"47,48,49,50,51,52,53,54,55",9,mega-absol-box,Mega Absol Box,770,2987,2544,1156,50.43,milotic-ex,Milotic,2,50.0,overall,2026-05-25T17:10:19.485943+00:00
SVI-PFL,"47,48,49,50,51,52,53,54,55",9,mega-absol-box,Mega Absol Box,770,2987,2544,1156,50.43,ancient-box,Ancient Box,2,66.67,overall,2026-05-25T17:10:19.485943+00:00
SVI-PFL,"47,48,49,50,51,52,53,54,55",9,mega-absol-box,Mega Absol Box,770,2987,2544,1156,50.43,copperajah-ex,Copperajah,2,100.0,overall,2026-05-25T17:10:19.485943+00:00
SVI-PFL,"47,48,49,50,51,52,53,54,55",9,mega-absol-box,Mega Absol Box,770,2987,2544,1156,50.43,okidogi-twm,Okidogi,2,50.0,overall,2026-05-25T17:10:19.485943+00:00
SVI-PFL,"47,48,49,50,51,52,53,54,55",9,mega-absol-box,Mega Absol Box,770,2987,2544,1156,50.43,rocket-porygon-z,Rocket's Porygon-Z,2,100.0,overall,2026-05-25T17:10:19.485943+00:00
SVI-PFL,"47,48,49,50,51,52,53,54,55",9,mega-absol-box,Mega Absol Box,770,2987,2544,1156,50.43,espathra-froslass,Espathra Froslass,2,50.0,overall,2026-05-25T17:10:19.485943+00:00
SVI-PFL,"47,48,49,50,51,52,53,54,55",9,mega-absol-box,Mega Absol Box,770,2987,2544,1156,50.43,iron-hands-ex,Future Hands,2,100.0,overall,2026-05-25T17:10:19.485943+00:00
SVI-PFL,"47,48,49,50,51,52,53,54,55",9,mega-absol-box,Mega Absol Box,770,2987,2544,1156,50.43,poison-terapagos,Poison Terapagos,1,33.33,overall,2026-05-25T17:10:19.485943+00:00
SVI-PFL,"47,48,49,50,51,52,53,54,55",9,mega-absol-box,Mega Absol Box,770,2987,2544,1156,50.43,n-zoroark-lucario,Zoroark Lucario,1,100.0,overall,2026-05-25T17:10:19.485943+00:00
SVI-PFL,"47,48,49,50,51,52,53,54,55",9,mega-absol-box,Mega Absol Box,770,2987,2544,1156,50.43,zoroark-crustle,Zoroark Crustle,1,100.0,overall,2026-05-25T17:10:19.485943+00:00
SVI-PFL,"47,48,49,50,51,52,53,54,55",9,mega-absol-box,Mega Absol Box,770,2987,2544,1156,50.43,charizard-dragapult,Charizard Dragapult,1,100.0,overall,2026-05-25T17:10:19.485943+00:00
SVI-PFL,"47,48,49,50,51,52,53,54,55",9,mega-absol-box,Mega Absol Box,770,2987,2544,1156,50.43,espathra-ex,Espathra,1,100.0,overall,2026-05-25T17:10:19.485943+00:00
SVI-PFL,"47,48,49,50,51,52,53,54,55",9,mega-absol-box,Mega Absol Box,770,2987,2544,1156,50.43,blaziken-ex-jtg,Blaziken,1,100.0,overall,2026-05-25T17:10:19.485943+00:00
SVI-PFL,"47,48,49,50,51,52,53,54,55",9,mega-absol-box,Mega Absol Box,770,2987,2544,1156,50.43,mega-camerupt-ex,Mega Camerupt,1,100.0,overall,2026-05-25T17:10:19.485943+00:00
SVI-PFL,"47,48,49,50,51,52,53,54,55",9,mega-absol-box,Mega Absol Box,770,2987,2544,1156,50.43,rocket-nidoking-ex,Rocket's Nidoking,1,0.0,overall,2026-05-25T17:10:19.485943+00:00
SVI-PFL,"47,48,49,50,51,52,53,54,55",9,mega-absol-box,Mega Absol Box,770,2987,2544,1156,50.43,misty-gyarados,Misty's Gyarados,1,33.33,overall,2026-05-25T17:10:19.485943+00:00
SVI-PFL,"47,48,49,50,51,52,53,54,55",9,mega-absol-box,Mega Absol Box,770,2987,2544,1156,50.43,forretress-ex,Forretress,1,100.0,overall,2026-05-25T17:10:19.485943+00:00
SVI-PFL,"47,48,49,50,51,52,53,54,55",9,mega-absol-box,Mega Absol Box,770,2987,2544,1156,50.43,scovillain-ex,Scovillain,1,100.0,overall,2026-05-25T17:10:19.485943+00:00
SVI-PFL,"47,48,49,50,51,52,53,54,55",9,mega-absol-box,Mega Absol Box,770,2987,2544,1156,50.43,miraidon-ex,Miraidon,1,100.0,overall,2026-05-25T17:10:19.485943+00:00
SVI-PFL,"47,48,49,50,51,52,53,54,55",9,mega-absol-box,Mega Absol Box,770,2987,2544,1156,50.43,gengar-ex,Gengar,1,100.0,overall,2026-05-25T17:10:19.485943+00:00
SVI-PFL,"47,48,49,50,51,52,53,54,55",9,mega-absol-box,Mega Absol Box,770,2987,2544,1156,50.43,charizard-greninja,Charizard Greninja,1,100.0,overall,2026-05-25T17:10:19.485943+00:00
SVI-PFL,"47,48,49,50,51,52,53,54,55",9,mega-absol-box,Mega Absol Box,770,2987,2544,1156,50.43,iron-valiant-ex,Iron Valiant,1,33.33,overall,2026-05-25T17:10:19.485943+00:00
SVI-PFL,"47,48,49,50,51,52,53,54,55",9,mega-absol-box,Mega Absol Box,770,2987,2544,1156,50.43,hydrapple-ex,Hydrapple,1,100.0,overall,2026-05-25T17:10:19.485943+00:00
SVI-PFL,"47,48,49,50,51,52,53,54,55",9,mega-absol-box,Mega Absol Box,770,2987,2544,1156,50.43,farigiraf-crustle,Farigiraf Crustle,1,100.0,overall,2026-05-25T17:10:19.485943+00:00
SVI-PFL,"47,48,49,50,51,52,53,54,55",9,mega-absol-box,Mega Absol Box,770,2987,2544,1156,50.43,raging-bolt-ex,Raging Bolt,1,100.0,overall,2026-05-25T17:10:19.485943+00:00
SVI-PFL,"47,48,49,50,51,52,53,54,55",9,mega-absol-box,Mega Absol Box,770,2987,2544,1156,50.43,clefairy-ogerpon,Clefairy Ogerpon,1,100.0,overall,2026-05-25T17:10:19.485943+00:00
SVI-PFL,"47,48,49,50,51,52,53,54,55",9,mega-absol-box,Mega Absol Box,770,2987,2544,1156,50.43,okidogi-ex,Okidogi,1,100.0,overall,2026-05-25T17:10:19.485943+00:00
SVI-PFL,"47,48,49,50,51,52,53,54,55",9,mega-absol-box,Mega Absol Box,770,2987,2544,1156,50.43,slaking-ex,Slaking,1,100.0,overall,2026-05-25T17:10:19.485943+00:00
SVI-PFL,"47,48,49,50,51,52,53,54,55",9,mega-absol-box,Mega Absol Box,770,2987,2544,1156,50.43,yanmega-ex,Yanmega,1,0.0,overall,2026-05-25T17:10:19.485943+00:00
SVI-PFL,"47,48,49,50,51,52,53,54,55",9,mega-camerupt-ex,Mega Camerupt,2,4,8,1,33.33,n-zoroark,N's Zoroark,2,100.0,overall,2026-05-25T17:10:22.408493+00:00
SVI-PFL,"47,48,49,50,51,52,53,54,55",9,mega-camerupt-ex,Mega Camerupt,2,4,8,1,33.33,dragapult-dusknoir,Dragapult Dusknoir,2,50.0,overall,2026-05-25T17:10:22.408493+00:00
SVI-PFL,"47,48,49,50,51,52,53,54,55",9,mega-camerupt-ex,Mega Camerupt,2,4,8,1,33.33,charizard-noctowl,Charizard Noctowl,2,0.0,overall,2026-05-25T17:10:22.408493+00:00
SVI-PFL,"47,48,49,50,51,52,53,54,55",9,mega-camerupt-ex,Mega Camerupt,2,4,8,1,33.33,grimmsnarl-froslass,Grimmsnarl Froslass,1,0.0,overall,2026-05-25T17:10:22.408493+00:00
SVI-PFL,"47,48,49,50,51,52,53,54,55",9,mega-camerupt-ex,Mega Camerupt,2,4,8,1,33.33,raging-bolt-ogerpon,Raging Bolt Ogerpon,1,100.0,overall,2026-05-25T17:10:22.408493+00:00
SVI-PFL,"47,48,49,50,51,52,53,54,55",9,mega-camerupt-ex,Mega Camerupt,2,4,8,1,33.33,mega-absol-box,Mega Absol Box,1,0.0,overall,2026-05-25T17:10:22.408493+00:00
SVI-PFL,"47,48,49,50,51,52,53,54,55",9,mega-camerupt-ex,Mega Camerupt,2,4,8,1,33.33,charizard-pidgeot,Charizard Pidgeot,1,0.0,overall,2026-05-25T17:10:22.408493+00:00
SVI-PFL,"47,48,49,50,51,52,53,54,55",9,mega-camerupt-ex,Mega Camerupt,2,4,8,1,33.33,terapagos-noctowl,Terapagos Noctowl,1,0.0,overall,2026-05-25T17:10:22.408493+00:00
SVI-PFL,"47,48,49,50,51,52,53,54,55",9,mega-camerupt-ex,Mega Camerupt,2,4,8,1,33.33,gardevoir-ex-sv,Gardevoir,1,33.33,overall,2026-05-25T17:10:22.408493+00:00
SVI-PFL,"47,48,49,50,51,52,53,54,55",9,mega-camerupt-ex,Mega Camerupt,2,4,8,1,33.33,manectric-eelektrik,Manectric Eelektrik,1,0.0,overall,2026-05-25T17:10:22.408493+00:00
SVI-PFL,"47,48,49,50,51,52,53,54,55",9,mega-charizard-x-ex,Mega Charizard X,13,22,48,11,31.69,gholdengo-lunatone,Gholdengo Lunatone,10,13.33,overall,2026-05-25T17:10:25.340822+00:00
SVI-PFL,"47,48,49,50,51,52,53,54,55",9,mega-charizard-x-ex,Mega Charizard X,13,22,48,11,31.69,dragapult-dusknoir,Dragapult Dusknoir,10,20.0,overall,2026-05-25T17:10:25.340822+00:00
SVI-PFL,"47,48,49,50,51,52,53,54,55",9,mega-charizard-x-ex,Mega Charizard X,13,22,48,11,31.69,charizard-pidgeot,Charizard Pidgeot,7,38.1,overall,2026-05-25T17:10:25.340822+00:00
SVI-PFL,"47,48,49,50,51,52,53,54,55",9,mega-charizard-x-ex,Mega Charizard X,13,22,48,11,31.69,gardevoir-ex-sv,Gardevoir,6,27.78,overall,2026-05-25T17:10:25.340822+00:00
SVI-PFL,"47,48,49,50,51,52,53,54,55",9,mega-charizard-x-ex,Mega Charizard X,13,22,48,11,31.69,n-zoroark,N's Zoroark,6,55.56,overall,2026-05-25T17:10:25.340822+00:00
SVI-PFL,"47,48,49,50,51,52,53,54,55",9,mega-charizard-x-ex,Mega Charizard X,13,22,48,11,31.69,ceruledge-ex,Ceruledge,5,46.67,overall,2026-05-25T17:10:25.340822+00:00
SVI-PFL,"47,48,49,50,51,52,53,54,55",9,mega-charizard-x-ex,Mega Charizard X,13,22,48,11,31.69,charizard-noctowl,Charizard Noctowl,4,0.0,overall,2026-05-25T17:10:25.340822+00:00
SVI-PFL,"47,48,49,50,51,52,53,54,55",9,mega-charizard-x-ex,Mega Charizard X,13,22,48,11,31.69,mega-absol-box,Mega Absol Box,3,33.33,overall,2026-05-25T17:10:25.340822+00:00
SVI-PFL,"47,48,49,50,51,52,53,54,55",9,mega-charizard-x-ex,Mega Charizard X,13,22,48,11,31.69,grimmsnarl-froslass,Grimmsnarl Froslass,3,33.33,overall,2026-05-25T17:10:25.340822+00:00
SVI-PFL,"47,48,49,50,51,52,53,54,55",9,mega-charizard-x-ex,Mega Charizard X,13,22,48,11,31.69,alakazam-dudunsparce,Alakazam Dudunsparce,3,33.33,overall,2026-05-25T17:10:25.340822+00:00
SVI-PFL,"47,48,49,50,51,52,53,54,55",9,mega-charizard-x-ex,Mega Charizard X,13,22,48,11,31.69,gardevoir-jellicent,Gardevoir Jellicent,3,22.22,overall,2026-05-25T17:10:25.340822+00:00
SVI-PFL,"47,48,49,50,51,52,53,54,55",9,mega-charizard-x-ex,Mega Charizard X,13,22,48,11,31.69,crustle-dri,Crustle,2,66.67,overall,2026-05-25T17:10:25.340822+00:00
SVI-PFL,"47,48,49,50,51,52,53,54,55",9,mega-charizard-x-ex,Mega Charizard X,13,22,48,11,31.69,hydreigon-ex,Hydreigon,2,50.0,overall,2026-05-25T17:10:25.340822+00:00
SVI-PFL,"47,48,49,50,51,52,53,54,55",9,mega-charizard-x-ex,Mega Charizard X,13,22,48,11,31.69,pidgeot-control,Pidgeot Control,2,50.0,overall,2026-05-25T17:10:25.340822+00:00
SVI-PFL,"47,48,49,50,51,52,53,54,55",9,mega-charizard-x-ex,Mega Charizard X,13,22,48,11,31.69,marnie-grimmsnarl-ex,Marnie's Grimmsnarl,1,0.0,overall,2026-05-25T17:10:25.340822+00:00
SVI-PFL,"47,48,49,50,51,52,53,54,55",9,mega-charizard-x-ex,Mega Charizard X,13,22,48,11,31.69,gholdengo-ex,Gholdengo,1,0.0,overall,2026-05-25T17:10:25.340822+00:00
SVI-PFL,"47,48,49,50,51,52,53,54,55",9,mega-charizard-x-ex,Mega Charizard X,13,22,48,11,31.69,flareon-ex,Flareon,1,100.0,overall,2026-05-25T17:10:25.340822+00:00
SVI-PFL,"47,48,49,50,51,52,53,54,55",9,mega-charizard-x-ex,Mega Charizard X,13,22,48,11,31.69,joltik-box,Joltik Box,1,0.0,overall,2026-05-25T17:10:25.340822+00:00
SVI-PFL,"47,48,49,50,51,52,53,54,55",9,mega-charizard-x-ex,Mega Charizard X,13,22,48,11,31.69,zoroark-crustle,Zoroark Crustle,1,0.0,overall,2026-05-25T17:10:25.340822+00:00
SVI-PFL,"47,48,49,50,51,52,53,54,55",9,mega-charizard-x-ex,Mega Charizard X,13,22,48,11,31.69,raging-bolt-ogerpon,Raging Bolt Ogerpon,1,100.0,overall,2026-05-25T17:10:25.340822+00:00
SVI-PFL,"47,48,49,50,51,52,53,54,55",9,mega-charizard-x-ex,Mega Charizard X,13,22,48,11,31.69,mega-lopunny-ex,Mega Lopunny,1,100.0,overall,2026-05-25T17:10:25.340822+00:00
SVI-PFL,"47,48,49,50,51,52,53,54,55",9,mega-charizard-x-ex,Mega Charizard X,13,22,48,11,31.69,mega-abomasnow-ex,Mega Abomasnow,1,0.0,overall,2026-05-25T17:10:25.340822+00:00
SVI-PFL,"47,48,49,50,51,52,53,54,55",9,mega-charizard-x-ex,Mega Charizard X,13,22,48,11,31.69,ursaluna-lunatone,Ursaluna Lunatone,1,0.0,overall,2026-05-25T17:10:25.340822+00:00
SVI-PFL,"47,48,49,50,51,52,53,54,55",9,mega-charizard-x-ex,Mega Charizard X,13,22,48,11,31.69,ogerpon-meganium,Ogerpon Meganium,1,0.0,overall,2026-05-25T17:10:25.340822+00:00
SVI-PFL,"47,48,49,50,51,52,53,54,55",9,mega-charizard-x-ex,Mega Charizard X,13,22,48,11,31.69,greninja-ex,Greninja,1,100.0,overall,2026-05-25T17:10:25.340822+00:00
SVI-PFL,"47,48,49,50,51,52,53,54,55",9,mega-charizard-x-ex,Mega Charizard X,13,22,48,11,31.69,lopunny-dusknoir,Lopunny Dusknoir,1,0.0,overall,2026-05-25T17:10:25.340822+00:00
SVI-PFL,"47,48,49,50,51,52,53,54,55",9,mega-charizard-x-ex,Mega Charizard X,13,22,48,11,31.69,tera-box,Tera Box,1,33.33,overall,2026-05-25T17:10:25.340822+00:00
SVI-PFL,"47,48,49,50,51,52,53,54,55",9,mega-charizard-x-ex,Mega Charizard X,13,22,48,11,31.69,raging-bolt-ex,Raging Bolt,1,100.0,overall,2026-05-25T17:10:25.340822+00:00
SVI-PFL,"47,48,49,50,51,52,53,54,55",9,mega-charizard-x-ex,Mega Charizard X,13,22,48,11,31.69,dragapult-charizard,Dragapult Charizard,1,0.0,overall,2026-05-25T17:10:25.340822+00:00
SVI-PFL,"47,48,49,50,51,52,53,54,55",9,mega-kangaskhan-ex,Mega Kangaskhan,10,19,46,12,29.87,dragapult-dusknoir,Dragapult Dusknoir,11,36.36,overall,2026-05-25T17:10:28.341726+00:00
SVI-PFL,"47,48,49,50,51,52,53,54,55",9,mega-kangaskhan-ex,Mega Kangaskhan,10,19,46,12,29.87,gholdengo-lunatone,Gholdengo Lunatone,8,12.5,overall,2026-05-25T17:10:28.341726+00:00
SVI-PFL,"47,48,49,50,51,52,53,54,55",9,mega-kangaskhan-ex,Mega Kangaskhan,10,19,46,12,29.87,gardevoir-ex-sv,Gardevoir,6,38.89,overall,2026-05-25T17:10:28.341726+00:00
SVI-PFL,"47,48,49,50,51,52,53,54,55",9,mega-kangaskhan-ex,Mega Kangaskhan,10,19,46,12,29.87,grimmsnarl-froslass,Grimmsnarl Froslass,4,33.33,overall,2026-05-25T17:10:28.341726+00:00
SVI-PFL,"47,48,49,50,51,52,53,54,55",9,mega-kangaskhan-ex,Mega Kangaskhan,10,19,46,12,29.87,alakazam-dudunsparce,Alakazam Dudunsparce,4,0.0,overall,2026-05-25T17:10:28.341726+00:00
SVI-PFL,"47,48,49,50,51,52,53,54,55",9,mega-kangaskhan-ex,Mega Kangaskhan,10,19,46,12,29.87,mega-absol-box,Mega Absol Box,4,33.33,overall,2026-05-25T17:10:28.341726+00:00
SVI-PFL,"47,48,49,50,51,52,53,54,55",9,mega-kangaskhan-ex,Mega Kangaskhan,10,19,46,12,29.87,n-zoroark,N's Zoroark,4,25.0,overall,2026-05-25T17:10:28.341726+00:00
SVI-PFL,"47,48,49,50,51,52,53,54,55",9,mega-kangaskhan-ex,Mega Kangaskhan,10,19,46,12,29.87,gardevoir-jellicent,Gardevoir Jellicent,3,33.33,overall,2026-05-25T17:10:28.341726+00:00
SVI-PFL,"47,48,49,50,51,52,53,54,55",9,mega-kangaskhan-ex,Mega Kangaskhan,10,19,46,12,29.87,lopunny-dusknoir,Lopunny Dusknoir,3,11.11,overall,2026-05-25T17:10:28.341726+00:00
SVI-PFL,"47,48,49,50,51,52,53,54,55",9,mega-kangaskhan-ex,Mega Kangaskhan,10,19,46,12,29.87,charizard-noctowl,Charizard Noctowl,3,33.33,overall,2026-05-25T17:10:28.341726+00:00
SVI-PFL,"47,48,49,50,51,52,53,54,55",9,mega-kangaskhan-ex,Mega Kangaskhan,10,19,46,12,29.87,charizard-pidgeot,Charizard Pidgeot,2,66.67,overall,2026-05-25T17:10:28.341726+00:00
SVI-PFL,"47,48,49,50,51,52,53,54,55",9,mega-kangaskhan-ex,Mega Kangaskhan,10,19,46,12,29.87,ceruledge-ex,Ceruledge,2,16.67,overall,2026-05-25T17:10:28.341726+00:00
SVI-PFL,"47,48,49,50,51,52,53,54,55",9,mega-kangaskhan-ex,Mega Kangaskhan,10,19,46,12,29.87,dragapult-charizard,Dragapult Charizard,2,16.67,overall,2026-05-25T17:10:28.341726+00:00
SVI-PFL,"47,48,49,50,51,52,53,54,55",9,mega-kangaskhan-ex,Mega Kangaskhan,10,19,46,12,29.87,slowking-scr,Slowking,2,0.0,overall,2026-05-25T17:10:28.341726+00:00
SVI-PFL,"47,48,49,50,51,52,53,54,55",9,mega-kangaskhan-ex,Mega Kangaskhan,10,19,46,12,29.87,gholdengo-typhlosion,Gholdengo Typhlosion,1,0.0,overall,2026-05-25T17:10:28.341726+00:00
SVI-PFL,"47,48,49,50,51,52,53,54,55",9,mega-kangaskhan-ex,Mega Kangaskhan,10,19,46,12,29.87,kangaskhan-bouffalant,Kangaskhan Bouffalant,1,100.0,overall,2026-05-25T17:10:28.341726+00:00
SVI-PFL,"47,48,49,50,51,52,53,54,55",9,mega-kangaskhan-ex,Mega Kangaskhan,10,19,46,12,29.87,mamoswine-ex,Mamoswine,1,100.0,overall,2026-05-25T17:10:28.341726+00:00
SVI-PFL,"47,48,49,50,51,52,53,54,55",9,mega-kangaskhan-ex,Mega Kangaskhan,10,19,46,12,29.87,tyranitar-jtg,Tyranitar,1,100.0,overall,2026-05-25T17:10:28.341726+00:00
SVI-PFL,"47,48,49,50,51,52,53,54,55",9,mega-kangaskhan-ex,Mega Kangaskhan,10,19,46,12,29.87,gholdengo-ex,Gholdengo,1,0.0,overall,2026-05-25T17:10:28.341726+00:00
SVI-PFL,"47,48,49,50,51,52,53,54,55",9,mega-kangaskhan-ex,Mega Kangaskhan,10,19,46,12,29.87,mega-venusaur-ex,Mega Venusaur,1,0.0,overall,2026-05-25T17:10:28.341726+00:00
SVI-PFL,"47,48,49,50,51,52,53,54,55",9,mega-kangaskhan-ex,Mega Kangaskhan,10,19,46,12,29.87,flareon-noctowl,Flareon Noctowl,1,33.33,overall,2026-05-25T17:10:28.341726+00:00
SVI-PFL,"47,48,49,50,51,52,53,54,55",9,mega-kangaskhan-ex,Mega Kangaskhan,10,19,46,12,29.87,raging-bolt-ogerpon,Raging Bolt Ogerpon,1,100.0,overall,2026-05-25T17:10:28.341726+00:00
SVI-PFL,"47,48,49,50,51,52,53,54,55",9,mega-kangaskhan-ex,Mega Kangaskhan,10,19,46,12,29.87,froslass-munkidori,Froslass Munkidori,1,0.0,overall,2026-05-25T17:10:28.341726+00:00
SVI-PFL,"47,48,49,50,51,52,53,54,55",9,mega-kangaskhan-ex,Mega Kangaskhan,10,19,46,12,29.87,joltik-box,Joltik Box,1,0.0,overall,2026-05-25T17:10:28.341726+00:00
SVI-PFL,"47,48,49,50,51,52,53,54,55",9,mega-kangaskhan-ex,Mega Kangaskhan,10,19,46,12,29.87,crustle-dri,Crustle,1,0.0,overall,2026-05-25T17:10:28.341726+00:00
SVI-PFL,"47,48,49,50,51,52,53,54,55",9,mega-kangaskhan-ex,Mega Kangaskhan,10,19,46,12,29.87,iron-thorns-crustle,Iron Thorns Crustle,1,33.33,overall,2026-05-25T17:10:28.341726+00:00
SVI-PFL,"47,48,49,50,51,52,53,54,55",9,mega-kangaskhan-ex,Mega Kangaskhan,10,19,46,12,29.87,mega-kangaskhan-ex,Mega Kangaskhan,1,50.0,overall,2026-05-25T17:10:28.341726+00:00
SVI-PFL,"47,48,49,50,51,52,53,54,55",9,mega-kangaskhan-ex,Mega Kangaskhan,10,19,46,12,29.87,feraligatr-tef,Feraligatr,1,100.0,overall,2026-05-25T17:10:28.341726+00:00
SVI-PFL,"47,48,49,50,51,52,53,54,55",9,mega-kangaskhan-ex,Mega Kangaskhan,10,19,46,12,29.87,cynthia-garchomp-ex,Cynthia's Garchomp,1,0.0,overall,2026-05-25T17:10:28.341726+00:00
SVI-PFL,"47,48,49,50,51,52,53,54,55",9,mega-kangaskhan-ex,Mega Kangaskhan,10,19,46,12,29.87,archaludon-ex,Archaludon,1,0.0,overall,2026-05-25T17:10:28.341726+00:00
SVI-PFL,"47,48,49,50,51,52,53,54,55",9,mega-kangaskhan-ex,Mega Kangaskhan,10,19,46,12,29.87,wugtrio-svi,Wugtrio Mill,1,0.0,overall,2026-05-25T17:10:28.341726+00:00
SVI-PFL,"47,48,49,50,51,52,53,54,55",9,mega-kangaskhan-ex,Mega Kangaskhan,10,19,46,12,29.87,other,Other,1,100.0,overall,2026-05-25T17:10:28.341726+00:00
SVI-PFL,"47,48,49,50,51,52,53,54,55",9,mega-latias-ex,Mega Latias,3,9,14,1,38.89,dragapult-dusknoir,Dragapult Dusknoir,7,28.57,overall,2026-05-25T17:10:31.224000+00:00
SVI-PFL,"47,48,49,50,51,52,53,54,55",9,mega-latias-ex,Mega Latias,3,9,14,1,38.89,gholdengo-lunatone,Gholdengo Lunatone,4,50.0,overall,2026-05-25T17:10:31.224000+00:00
SVI-PFL,"47,48,49,50,51,52,53,54,55",9,mega-latias-ex,Mega Latias,3,9,14,1,38.89,flareon-noctowl,Flareon Noctowl,2,0.0,overall,2026-05-25T17:10:31.224000+00:00
SVI-PFL,"47,48,49,50,51,52,53,54,55",9,mega-latias-ex,Mega Latias,3,9,14,1,38.89,mega-absol-box,Mega Absol Box,2,50.0,overall,2026-05-25T17:10:31.224000+00:00
SVI-PFL,"47,48,49,50,51,52,53,54,55",9,mega-latias-ex,Mega Latias,3,9,14,1,38.89,ethan-typhlosion,Ethan's Typhlosion,1,0.0,overall,2026-05-25T17:10:31.224000+00:00
SVI-PFL,"47,48,49,50,51,52,53,54,55",9,mega-latias-ex,Mega Latias,3,9,14,1,38.89,blaziken-ex-jtg,Blaziken,1,100.0,overall,2026-05-25T17:10:31.224000+00:00
SVI-PFL,"47,48,49,50,51,52,53,54,55",9,mega-latias-ex,Mega Latias,3,9,14,1,38.89,dragapult-charizard,Dragapult Charizard,1,0.0,overall,2026-05-25T17:10:31.224000+00:00
SVI-PFL,"47,48,49,50,51,52,53,54,55",9,mega-latias-ex,Mega Latias,3,9,14,1,38.89,ho-oh-armarouge,Ho-Oh Armarouge,1,0.0,overall,2026-05-25T17:10:31.224000+00:00
SVI-PFL,"47,48,49,50,51,52,53,54,55",9,mega-latias-ex,Mega Latias,3,9,14,1,38.89,flareon-ex,Flareon,1,100.0,overall,2026-05-25T17:10:31.224000+00:00
SVI-PFL,"47,48,49,50,51,52,53,54,55",9,mega-latias-ex,Mega Latias,3,9,14,1,38.89,charizard-noctowl,Charizard Noctowl,1,100.0,overall,2026-05-25T17:10:31.224000+00:00
SVI-PFL,"47,48,49,50,51,52,53,54,55",9,mega-latias-ex,Mega Latias,3,9,14,1,38.89,gardevoir-ex-sv,Gardevoir,1,0.0,overall,2026-05-25T17:10:31.224000+00:00
SVI-PFL,"47,48,49,50,51,52,53,54,55",9,mega-latias-ex,Mega Latias,3,9,14,1,38.89,gardevoir-jellicent,Gardevoir Jellicent,1,100.0,overall,2026-05-25T17:10:31.224000+00:00
SVI-PFL,"47,48,49,50,51,52,53,54,55",9,mega-latias-ex,Mega Latias,3,9,14,1,38.89,grimmsnarl-froslass,Grimmsnarl Froslass,1,33.33,overall,2026-05-25T17:10:31.224000+00:00
SVI-PFL,"47,48,49,50,51,52,53,54,55",9,mega-lopunny-ex,Mega Lopunny,11,28,45,10,37.75,gholdengo-lunatone,Gholdengo Lunatone,14,38.1,overall,2026-05-25T17:10:34.106766+00:00
SVI-PFL,"47,48,49,50,51,52,53,54,55",9,mega-lopunny-ex,Mega Lopunny,11,28,45,10,37.75,dragapult-dusknoir,Dragapult Dusknoir,12,38.89,overall,2026-05-25T17:10:34.106766+00:00
SVI-PFL,"47,48,49,50,51,52,53,54,55",9,mega-lopunny-ex,Mega Lopunny,11,28,45,10,37.75,raging-bolt-ogerpon,Raging Bolt Ogerpon,7,19.05,overall,2026-05-25T17:10:34.106766+00:00
SVI-PFL,"47,48,49,50,51,52,53,54,55",9,mega-lopunny-ex,Mega Lopunny,11,28,45,10,37.75,alakazam-dudunsparce,Alakazam Dudunsparce,6,38.89,overall,2026-05-25T17:10:34.106766+00:00
SVI-PFL,"47,48,49,50,51,52,53,54,55",9,mega-lopunny-ex,Mega Lopunny,11,28,45,10,37.75,tera-box,Tera Box,4,100.0,overall,2026-05-25T17:10:34.106766+00:00
SVI-PFL,"47,48,49,50,51,52,53,54,55",9,mega-lopunny-ex,Mega Lopunny,11,28,45,10,37.75,gardevoir-ex-sv,Gardevoir,3,11.11,overall,2026-05-25T17:10:34.106766+00:00
SVI-PFL,"47,48,49,50,51,52,53,54,55",9,mega-lopunny-ex,Mega Lopunny,11,28,45,10,37.75,charizard-pidgeot,Charizard Pidgeot,3,66.67,overall,2026-05-25T17:10:34.106766+00:00
SVI-PFL,"47,48,49,50,51,52,53,54,55",9,mega-lopunny-ex,Mega Lopunny,11,28,45,10,37.75,mega-venusaur-ex,Mega Venusaur,3,66.67,overall,2026-05-25T17:10:34.106766+00:00
SVI-PFL,"47,48,49,50,51,52,53,54,55",9,mega-lopunny-ex,Mega Lopunny,11,28,45,10,37.75,gardevoir-jellicent,Gardevoir Jellicent,3,77.78,overall,2026-05-25T17:10:34.106766+00:00
SVI-PFL,"47,48,49,50,51,52,53,54,55",9,mega-lopunny-ex,Mega Lopunny,11,28,45,10,37.75,joltik-box,Joltik Box,3,33.33,overall,2026-05-25T17:10:34.106766+00:00
SVI-PFL,"47,48,49,50,51,52,53,54,55",9,mega-lopunny-ex,Mega Lopunny,11,28,45,10,37.75,mega-absol-box,Mega Absol Box,3,44.44,overall,2026-05-25T17:10:34.106766+00:00
SVI-PFL,"47,48,49,50,51,52,53,54,55",9,mega-lopunny-ex,Mega Lopunny,11,28,45,10,37.75,charizard-noctowl,Charizard Noctowl,3,33.33,overall,2026-05-25T17:10:34.106766+00:00
SVI-PFL,"47,48,49,50,51,52,53,54,55",9,mega-lopunny-ex,Mega Lopunny,11,28,45,10,37.75,other,Other,2,50.0,overall,2026-05-25T17:10:34.106766+00:00
SVI-PFL,"47,48,49,50,51,52,53,54,55",9,mega-lopunny-ex,Mega Lopunny,11,28,45,10,37.75,n-zoroark,N's Zoroark,2,0.0,overall,2026-05-25T17:10:34.106766+00:00
SVI-PFL,"47,48,49,50,51,52,53,54,55",9,mega-lopunny-ex,Mega Lopunny,11,28,45,10,37.75,flareon-noctowl,Flareon Noctowl,2,100.0,overall,2026-05-25T17:10:34.106766+00:00
SVI-PFL,"47,48,49,50,51,52,53,54,55",9,mega-lopunny-ex,Mega Lopunny,11,28,45,10,37.75,dragapult-charizard,Dragapult Charizard,2,0.0,overall,2026-05-25T17:10:34.106766+00:00
SVI-PFL,"47,48,49,50,51,52,53,54,55",9,mega-lopunny-ex,Mega Lopunny,11,28,45,10,37.75,kangaskhan-bouffalant,Kangaskhan Bouffalant,2,0.0,overall,2026-05-25T17:10:34.106766+00:00
SVI-PFL,"47,48,49,50,51,52,53,54,55",9,mega-lopunny-ex,Mega Lopunny,11,28,45,10,37.75,lopunny-dusknoir,Lopunny Dusknoir,2,33.33,overall,2026-05-25T17:10:34.106766+00:00
SVI-PFL,"47,48,49,50,51,52,53,54,55",9,mega-lopunny-ex,Mega Lopunny,11,28,45,10,37.75,gholdengo-ex,Gholdengo,1,0.0,overall,2026-05-25T17:10:34.106766+00:00
SVI-PFL,"47,48,49,50,51,52,53,54,55",9,mega-lopunny-ex,Mega Lopunny,11,28,45,10,37.75,mega-charizard-x-ex,Mega Charizard X,1,0.0,overall,2026-05-25T17:10:34.106766+00:00
SVI-PFL,"47,48,49,50,51,52,53,54,55",9,mega-lopunny-ex,Mega Lopunny,11,28,45,10,37.75,mamoswine-ex,Mamoswine,1,0.0,overall,2026-05-25T17:10:34.106766+00:00
SVI-PFL,"47,48,49,50,51,52,53,54,55",9,mega-lopunny-ex,Mega Lopunny,11,28,45,10,37.75,roaring-moon-ex,Roaring Moon,1,0.0,overall,2026-05-25T17:10:34.106766+00:00
SVI-PFL,"47,48,49,50,51,52,53,54,55",9,mega-lopunny-ex,Mega Lopunny,11,28,45,10,37.75,ceruledge-ex,Ceruledge,1,0.0,overall,2026-05-25T17:10:34.106766+00:00
SVI-PFL,"47,48,49,50,51,52,53,54,55",9,mega-lopunny-ex,Mega Lopunny,11,28,45,10,37.75,grimmsnarl-froslass,Grimmsnarl Froslass,1,0.0,overall,2026-05-25T17:10:34.106766+00:00
SVI-PFL,"47,48,49,50,51,52,53,54,55",9,mega-lopunny-ex,Mega Lopunny,11,28,45,10,37.75,alakazam-meg,Alakazam,1,0.0,overall,2026-05-25T17:10:34.106766+00:00
SVI-PFL,"47,48,49,50,51,52,53,54,55",9,mega-lucario-ex,Mega Lucario,22,52,91,13,36.11,dragapult-dusknoir,Dragapult Dusknoir,31,55.91,overall,2026-05-25T17:10:37.028891+00:00
SVI-PFL,"47,48,49,50,51,52,53,54,55",9,mega-lucario-ex,Mega Lucario,22,52,91,13,36.11,gholdengo-lunatone,Gholdengo Lunatone,22,25.76,overall,2026-05-25T17:10:37.028891+00:00
SVI-PFL,"47,48,49,50,51,52,53,54,55",9,mega-lucario-ex,Mega Lucario,22,52,91,13,36.11,gardevoir-jellicent,Gardevoir Jellicent,13,7.69,overall,2026-05-25T17:10:37.028891+00:00
SVI-PFL,"47,48,49,50,51,52,53,54,55",9,mega-lucario-ex,Mega Lucario,22,52,91,13,36.11,charizard-pidgeot,Charizard Pidgeot,8,29.17,overall,2026-05-25T17:10:37.028891+00:00
SVI-PFL,"47,48,49,50,51,52,53,54,55",9,mega-lucario-ex,Mega Lucario,22,52,91,13,36.11,gardevoir-ex-sv,Gardevoir,8,0.0,overall,2026-05-25T17:10:37.028891+00:00
SVI-PFL,"47,48,49,50,51,52,53,54,55",9,mega-lucario-ex,Mega Lucario,22,52,91,13,36.11,charizard-noctowl,Charizard Noctowl,7,28.57,overall,2026-05-25T17:10:37.028891+00:00
SVI-PFL,"47,48,49,50,51,52,53,54,55",9,mega-lucario-ex,Mega Lucario,22,52,91,13,36.11,n-zoroark,N's Zoroark,5,80.0,overall,2026-05-25T17:10:37.028891+00:00
SVI-PFL,"47,48,49,50,51,52,53,54,55",9,mega-lucario-ex,Mega Lucario,22,52,91,13,36.11,ceruledge-ex,Ceruledge,4,58.33,overall,2026-05-25T17:10:37.028891+00:00
SVI-PFL,"47,48,49,50,51,52,53,54,55",9,mega-lucario-ex,Mega Lucario,22,52,91,13,36.11,raging-bolt-ogerpon,Raging Bolt Ogerpon,4,16.67,overall,2026-05-25T17:10:37.028891+00:00
SVI-PFL,"47,48,49,50,51,52,53,54,55",9,mega-lucario-ex,Mega Lucario,22,52,91,13,36.11,mega-absol-box,Mega Absol Box,4,50.0,overall,2026-05-25T17:10:37.028891+00:00
SVI-PFL,"47,48,49,50,51,52,53,54,55",9,mega-lucario-ex,Mega Lucario,22,52,91,13,36.11,dragapult-charizard,Dragapult Charizard,4,75.0,overall,2026-05-25T17:10:37.028891+00:00
SVI-PFL,"47,48,49,50,51,52,53,54,55",9,mega-lucario-ex,Mega Lucario,22,52,91,13,36.11,roaring-moon-ex,Roaring Moon,3,0.0,overall,2026-05-25T17:10:37.028891+00:00
SVI-PFL,"47,48,49,50,51,52,53,54,55",9,mega-lucario-ex,Mega Lucario,22,52,91,13,36.11,lopunny-dusknoir,Lopunny Dusknoir,3,33.33,overall,2026-05-25T17:10:37.028891+00:00
SVI-PFL,"47,48,49,50,51,52,53,54,55",9,mega-lucario-ex,Mega Lucario,22,52,91,13,36.11,grimmsnarl-froslass,Grimmsnarl Froslass,3,0.0,overall,2026-05-25T17:10:37.028891+00:00
SVI-PFL,"47,48,49,50,51,52,53,54,55",9,mega-lucario-ex,Mega Lucario,22,52,91,13,36.11,kangaskhan-bouffalant,Kangaskhan Bouffalant,3,44.44,overall,2026-05-25T17:10:37.028891+00:00
SVI-PFL,"47,48,49,50,51,52,53,54,55",9,mega-lucario-ex,Mega Lucario,22,52,91,13,36.11,tera-box,Tera Box,3,33.33,overall,2026-05-25T17:10:37.028891+00:00
SVI-PFL,"47,48,49,50,51,52,53,54,55",9,mega-lucario-ex,Mega Lucario,22,52,91,13,36.11,lucario-hariyama,Lucario Hariyama,3,0.0,overall,2026-05-25T17:10:37.028891+00:00
SVI-PFL,"47,48,49,50,51,52,53,54,55",9,mega-lucario-ex,Mega Lucario,22,52,91,13,36.11,cynthia-garchomp-ex,Cynthia's Garchomp,3,44.44,overall,2026-05-25T17:10:37.028891+00:00
SVI-PFL,"47,48,49,50,51,52,53,54,55",9,mega-lucario-ex,Mega Lucario,22,52,91,13,36.11,greninja-ex,Greninja,2,100.0,overall,2026-05-25T17:10:37.028891+00:00
SVI-PFL,"47,48,49,50,51,52,53,54,55",9,mega-lucario-ex,Mega Lucario,22,52,91,13,36.11,alakazam-dudunsparce,Alakazam Dudunsparce,2,0.0,overall,2026-05-25T17:10:37.028891+00:00
SVI-PFL,"47,48,49,50,51,52,53,54,55",9,mega-lucario-ex,Mega Lucario,22,52,91,13,36.11,other,Other,2,100.0,overall,2026-05-25T17:10:37.028891+00:00
SVI-PFL,"47,48,49,50,51,52,53,54,55",9,mega-lucario-ex,Mega Lucario,22,52,91,13,36.11,flareon-noctowl,Flareon Noctowl,2,50.0,overall,2026-05-25T17:10:37.028891+00:00
SVI-PFL,"47,48,49,50,51,52,53,54,55",9,mega-lucario-ex,Mega Lucario,22,52,91,13,36.11,dragapult-ex,Dragapult,2,50.0,overall,2026-05-25T17:10:37.028891+00:00
SVI-PFL,"47,48,49,50,51,52,53,54,55",9,mega-lucario-ex,Mega Lucario,22,52,91,13,36.11,hydreigon-ex,Hydreigon,1,0.0,overall,2026-05-25T17:10:37.028891+00:00
SVI-PFL,"47,48,49,50,51,52,53,54,55",9,mega-lucario-ex,Mega Lucario,22,52,91,13,36.11,dragapult-blaziken,Dragapult Blaziken,1,100.0,overall,2026-05-25T17:10:37.028891+00:00
SVI-PFL,"47,48,49,50,51,52,53,54,55",9,mega-lucario-ex,Mega Lucario,22,52,91,13,36.11,reging-bolt-bellibolt,Raging Bolt Bellibolt,1,0.0,overall,2026-05-25T17:10:37.028891+00:00
SVI-PFL,"47,48,49,50,51,52,53,54,55",9,mega-lucario-ex,Mega Lucario,22,52,91,13,36.11,toxtricity-pfl,Toxtricity Box,1,0.0,overall,2026-05-25T17:10:37.028891+00:00
SVI-PFL,"47,48,49,50,51,52,53,54,55",9,mega-lucario-ex,Mega Lucario,22,52,91,13,36.11,heatran-metang,Heatran Metang,1,0.0,overall,2026-05-25T17:10:37.028891+00:00
SVI-PFL,"47,48,49,50,51,52,53,54,55",9,mega-lucario-ex,Mega Lucario,22,52,91,13,36.11,sharpedo-toxtricity,Sharpedo Toxtricity,1,0.0,overall,2026-05-25T17:10:37.028891+00:00
SVI-PFL,"47,48,49,50,51,52,53,54,55",9,mega-lucario-ex,Mega Lucario,22,52,91,13,36.11,paldean-tauros-pfl,Paldean Tauros,1,0.0,overall,2026-05-25T17:10:37.028891+00:00
SVI-PFL,"47,48,49,50,51,52,53,54,55",9,mega-lucario-ex,Mega Lucario,22,52,91,13,36.11,iron-hands-magneton,Iron Hands Magneton,1,100.0,overall,2026-05-25T17:10:37.028891+00:00
SVI-PFL,"47,48,49,50,51,52,53,54,55",9,mega-lucario-ex,Mega Lucario,22,52,91,13,36.11,slaking-ex,Slaking,1,33.33,overall,2026-05-25T17:10:37.028891+00:00
SVI-PFL,"47,48,49,50,51,52,53,54,55",9,mega-lucario-ex,Mega Lucario,22,52,91,13,36.11,ethan-typhlosion,Ethan's Typhlosion,1,100.0,overall,2026-05-25T17:10:37.028891+00:00
SVI-PFL,"47,48,49,50,51,52,53,54,55",9,mega-lucario-ex,Mega Lucario,22,52,91,13,36.11,crustle-dri,Crustle,1,100.0,overall,2026-05-25T17:10:37.028891+00:00
SVI-PFL,"47,48,49,50,51,52,53,54,55",9,mega-lucario-ex,Mega Lucario,22,52,91,13,36.11,great-tusk-tef,Great Tusk Mill,1,0.0,overall,2026-05-25T17:10:37.028891+00:00
SVI-PFL,"47,48,49,50,51,52,53,54,55",9,mega-lucario-ex,Mega Lucario,22,52,91,13,36.11,gholdengo-ex,Gholdengo,1,100.0,overall,2026-05-25T17:10:37.028891+00:00
SVI-PFL,"47,48,49,50,51,52,53,54,55",9,mega-lucario-ex,Mega Lucario,22,52,91,13,36.11,pidgeot-control,Pidgeot Control,1,0.0,overall,2026-05-25T17:10:37.028891+00:00
SVI-PFL,"47,48,49,50,51,52,53,54,55",9,mega-lucario-ex,Mega Lucario,22,52,91,13,36.11,joltik-box,Joltik Box,1,0.0,overall,2026-05-25T17:10:37.028891+00:00
SVI-PFL,"47,48,49,50,51,52,53,54,55",9,mega-manectric-ex-meg,Mega Manectric,3,7,13,2,34.85,dragapult-dusknoir,Dragapult Dusknoir,5,40.0,overall,2026-05-25T17:10:39.909842+00:00
SVI-PFL,"47,48,49,50,51,52,53,54,55",9,mega-manectric-ex-meg,Mega Manectric,3,7,13,2,34.85,gardevoir-jellicent,Gardevoir Jellicent,1,0.0,overall,2026-05-25T17:10:39.909842+00:00
SVI-PFL,"47,48,49,50,51,52,53,54,55",9,mega-manectric-ex-meg,Mega Manectric,3,7,13,2,34.85,iron-hands-magneton,Iron Hands Magneton,1,100.0,overall,2026-05-25T17:10:39.909842+00:00
SVI-PFL,"47,48,49,50,51,52,53,54,55",9,mega-manectric-ex-meg,Mega Manectric,3,7,13,2,34.85,other,Other,1,0.0,overall,2026-05-25T17:10:39.909842+00:00
SVI-PFL,"47,48,49,50,51,52,53,54,55",9,mega-manectric-ex-meg,Mega Manectric,3,7,13,2,34.85,raging-bolt-ogerpon,Raging Bolt Ogerpon,1,0.0,overall,2026-05-25T17:10:39.909842+00:00
SVI-PFL,"47,48,49,50,51,52,53,54,55",9,mega-manectric-ex-meg,Mega Manectric,3,7,13,2,34.85,flareon-noctowl,Flareon Noctowl,1,33.33,overall,2026-05-25T17:10:39.909842+00:00
SVI-PFL,"47,48,49,50,51,52,53,54,55",9,mega-manectric-ex-meg,Mega Manectric,3,7,13,2,34.85,mega-venusaur-ex,Mega Venusaur,1,100.0,overall,2026-05-25T17:10:39.909842+00:00
SVI-PFL,"47,48,49,50,51,52,53,54,55",9,mega-manectric-ex-meg,Mega Manectric,3,7,13,2,34.85,tinkaton-ex,Tinkaton,1,100.0,overall,2026-05-25T17:10:39.909842+00:00
SVI-PFL,"47,48,49,50,51,52,53,54,55",9,mega-manectric-ex-meg,Mega Manectric,3,7,13,2,34.85,mamoswine-ex,Mamoswine,1,0.0,overall,2026-05-25T17:10:39.909842+00:00
SVI-PFL,"47,48,49,50,51,52,53,54,55",9,mega-manectric-ex-meg,Mega Manectric,3,7,13,2,34.85,charizard-pidgeot,Charizard Pidgeot,1,0.0,overall,2026-05-25T17:10:39.909842+00:00
SVI-PFL,"47,48,49,50,51,52,53,54,55",9,mega-manectric-ex-meg,Mega Manectric,3,7,13,2,34.85,lopunny-dusknoir,Lopunny Dusknoir,1,0.0,overall,2026-05-25T17:10:39.909842+00:00
SVI-PFL,"47,48,49,50,51,52,53,54,55",9,mega-manectric-ex-meg,Mega Manectric,3,7,13,2,34.85,cynthia-garchomp-ex,Cynthia's Garchomp,1,0.0,overall,2026-05-25T17:10:39.909842+00:00
SVI-PFL,"47,48,49,50,51,52,53,54,55",9,mega-manectric-ex-meg,Mega Manectric,3,7,13,2,34.85,ho-oh-armarouge,Ho-Oh Armarouge,1,33.33,overall,2026-05-25T17:10:39.909842+00:00
SVI-PFL,"47,48,49,50,51,52,53,54,55",9,mega-manectric-ex-meg,Mega Manectric,3,7,13,2,34.85,gholdengo-lunatone,Gholdengo Lunatone,1,0.0,overall,2026-05-25T17:10:39.909842+00:00
SVI-PFL,"47,48,49,50,51,52,53,54,55",9,mega-manectric-ex-meg,Mega Manectric,3,7,13,2,34.85,n-zoroark,N's Zoroark,1,0.0,overall,2026-05-25T17:10:39.909842+00:00
SVI-PFL,"47,48,49,50,51,52,53,54,55",9,mega-manectric-ex-meg,Mega Manectric,3,7,13,2,34.85,wugtrio-svi,Wugtrio Mill,1,0.0,overall,2026-05-25T17:10:39.909842+00:00
SVI-PFL,"47,48,49,50,51,52,53,54,55",9,mega-manectric-ex-meg,Mega Manectric,3,7,13,2,34.85,tyranitar-jtg,Tyranitar,1,100.0,overall,2026-05-25T17:10:39.909842+00:00
SVI-PFL,"47,48,49,50,51,52,53,54,55",9,mega-manectric-ex-meg,Mega Manectric,3,7,13,2,34.85,sharpedo-toxtricity,Sharpedo Toxtricity,1,100.0,overall,2026-05-25T17:10:39.909842+00:00
SVI-PFL,"47,48,49,50,51,52,53,54,55",9,mega-sharpedo-ex,Mega Sharpedo,2,1,6,2,18.52,tera-box,Tera Box,2,0.0,overall,2026-05-25T17:10:42.829748+00:00
SVI-PFL,"47,48,49,50,51,52,53,54,55",9,mega-sharpedo-ex,Mega Sharpedo,2,1,6,2,18.52,gholdengo-lunatone,Gholdengo Lunatone,1,0.0,overall,2026-05-25T17:10:42.829748+00:00
SVI-PFL,"47,48,49,50,51,52,53,54,55",9,mega-sharpedo-ex,Mega Sharpedo,2,1,6,2,18.52,lucario-hariyama,Lucario Hariyama,1,0.0,overall,2026-05-25T17:10:42.829748+00:00
SVI-PFL,"47,48,49,50,51,52,53,54,55",9,mega-sharpedo-ex,Mega Sharpedo,2,1,6,2,18.52,dragapult-dusknoir,Dragapult Dusknoir,1,100.0,overall,2026-05-25T17:10:42.829748+00:00
SVI-PFL,"47,48,49,50,51,52,53,54,55",9,mega-sharpedo-ex,Mega Sharpedo,2,1,6,2,18.52,cynthia-garchomp-ex,Cynthia's Garchomp,1,0.0,overall,2026-05-25T17:10:42.829748+00:00
SVI-PFL,"47,48,49,50,51,52,53,54,55",9,mega-sharpedo-ex,Mega Sharpedo,2,1,6,2,18.52,gardevoir-ex-sv,Gardevoir,1,0.0,overall,2026-05-25T17:10:42.829748+00:00
SVI-PFL,"47,48,49,50,51,52,53,54,55",9,mega-sharpedo-ex,Mega Sharpedo,2,1,6,2,18.52,dragapult-charizard,Dragapult Charizard,1,33.33,overall,2026-05-25T17:10:42.829748+00:00
SVI-PFL,"47,48,49,50,51,52,53,54,55",9,mega-sharpedo-ex,Mega Sharpedo,2,1,6,2,18.52,gardevoir-jellicent,Gardevoir Jellicent,1,33.33,overall,2026-05-25T17:10:42.829748+00:00
SVI-PFL,"47,48,49,50,51,52,53,54,55",9,mega-venusaur-ex,Mega Venusaur,148,332,543,188,37.13,dragapult-dusknoir,Dragapult Dusknoir,160,30.21,overall,2026-05-25T17:10:45.773632+00:00
SVI-PFL,"47,48,49,50,51,52,53,54,55",9,mega-venusaur-ex,Mega Venusaur,148,332,543,188,37.13,gholdengo-lunatone,Gholdengo Lunatone,160,39.38,overall,2026-05-25T17:10:45.773632+00:00
SVI-PFL,"47,48,49,50,51,52,53,54,55",9,mega-venusaur-ex,Mega Venusaur,148,332,543,188,37.13,gardevoir-ex-sv,Gardevoir,75,21.33,overall,2026-05-25T17:10:45.773632+00:00
SVI-PFL,"47,48,49,50,51,52,53,54,55",9,mega-venusaur-ex,Mega Venusaur,148,332,543,188,37.13,charizard-noctowl,Charizard Noctowl,72,26.85,overall,2026-05-25T17:10:45.773632+00:00
SVI-PFL,"47,48,49,50,51,52,53,54,55",9,mega-venusaur-ex,Mega Venusaur,148,332,543,188,37.13,gardevoir-jellicent,Gardevoir Jellicent,71,29.58,overall,2026-05-25T17:10:45.773632+00:00
SVI-PFL,"47,48,49,50,51,52,53,54,55",9,mega-venusaur-ex,Mega Venusaur,148,332,543,188,37.13,charizard-pidgeot,Charizard Pidgeot,46,29.71,overall,2026-05-25T17:10:45.773632+00:00
SVI-PFL,"47,48,49,50,51,52,53,54,55",9,mega-venusaur-ex,Mega Venusaur,148,332,543,188,37.13,n-zoroark,N's Zoroark,45,76.3,overall,2026-05-25T17:10:45.773632+00:00
SVI-PFL,"47,48,49,50,51,52,53,54,55",9,mega-venusaur-ex,Mega Venusaur,148,332,543,188,37.13,grimmsnarl-froslass,Grimmsnarl Froslass,44,46.97,overall,2026-05-25T17:10:45.773632+00:00
SVI-PFL,"47,48,49,50,51,52,53,54,55",9,mega-venusaur-ex,Mega Venusaur,148,332,543,188,37.13,raging-bolt-ogerpon,Raging Bolt Ogerpon,40,34.17,overall,2026-05-25T17:10:45.773632+00:00
SVI-PFL,"47,48,49,50,51,52,53,54,55",9,mega-venusaur-ex,Mega Venusaur,148,332,543,188,37.13,alakazam-dudunsparce,Alakazam Dudunsparce,31,38.71,overall,2026-05-25T17:10:45.773632+00:00
SVI-PFL,"47,48,49,50,51,52,53,54,55",9,mega-venusaur-ex,Mega Venusaur,148,332,543,188,37.13,mega-absol-box,Mega Absol Box,30,54.44,overall,2026-05-25T17:10:45.773632+00:00
SVI-PFL,"47,48,49,50,51,52,53,54,55",9,mega-venusaur-ex,Mega Venusaur,148,332,543,188,37.13,ceruledge-ex,Ceruledge,21,19.05,overall,2026-05-25T17:10:45.773632+00:00
SVI-PFL,"47,48,49,50,51,52,53,54,55",9,mega-venusaur-ex,Mega Venusaur,148,332,543,188,37.13,flareon-noctowl,Flareon Noctowl,19,22.81,overall,2026-05-25T17:10:45.773632+00:00
SVI-PFL,"47,48,49,50,51,52,53,54,55",9,mega-venusaur-ex,Mega Venusaur,148,332,543,188,37.13,kangaskhan-bouffalant,Kangaskhan Bouffalant,19,42.11,overall,2026-05-25T17:10:45.773632+00:00
SVI-PFL,"47,48,49,50,51,52,53,54,55",9,mega-venusaur-ex,Mega Venusaur,148,332,543,188,37.13,tera-box,Tera Box,17,49.02,overall,2026-05-25T17:10:45.773632+00:00
SVI-PFL,"47,48,49,50,51,52,53,54,55",9,mega-venusaur-ex,Mega Venusaur,148,332,543,188,37.13,dragapult-charizard,Dragapult Charizard,16,16.67,overall,2026-05-25T17:10:45.773632+00:00
SVI-PFL,"47,48,49,50,51,52,53,54,55",9,mega-venusaur-ex,Mega Venusaur,148,332,543,188,37.13,joltik-box,Joltik Box,14,30.95,overall,2026-05-25T17:10:45.773632+00:00
SVI-PFL,"47,48,49,50,51,52,53,54,55",9,mega-venusaur-ex,Mega Venusaur,148,332,543,188,37.13,lopunny-dusknoir,Lopunny Dusknoir,10,0.0,overall,2026-05-25T17:10:45.773632+00:00
SVI-PFL,"47,48,49,50,51,52,53,54,55",9,mega-venusaur-ex,Mega Venusaur,148,332,543,188,37.13,cynthia-garchomp-ex,Cynthia's Garchomp,9,77.78,overall,2026-05-25T17:10:45.773632+00:00
SVI-PFL,"47,48,49,50,51,52,53,54,55",9,mega-venusaur-ex,Mega Venusaur,148,332,543,188,37.13,lucario-hariyama,Lucario Hariyama,9,37.04,overall,2026-05-25T17:10:45.773632+00:00
SVI-PFL,"47,48,49,50,51,52,53,54,55",9,mega-venusaur-ex,Mega Venusaur,148,332,543,188,37.13,other,Other,8,62.5,overall,2026-05-25T17:10:45.773632+00:00
SVI-PFL,"47,48,49,50,51,52,53,54,55",9,mega-venusaur-ex,Mega Venusaur,148,332,543,188,37.13,chien-pao-baxcalibur,Chien-Pao Baxcalibur,7,61.9,overall,2026-05-25T17:10:45.773632+00:00
SVI-PFL,"47,48,49,50,51,52,53,54,55",9,mega-venusaur-ex,Mega Venusaur,148,332,543,188,37.13,crustle-dri,Crustle,6,33.33,overall,2026-05-25T17:10:45.773632+00:00
SVI-PFL,"47,48,49,50,51,52,53,54,55",9,mega-venusaur-ex,Mega Venusaur,148,332,543,188,37.13,gholdengo-joltik-box,Gholdengo Joltik Box,6,55.56,overall,2026-05-25T17:10:45.773632+00:00
SVI-PFL,"47,48,49,50,51,52,53,54,55",9,mega-venusaur-ex,Mega Venusaur,148,332,543,188,37.13,mega-venusaur-ex,Mega Venusaur,6,44.44,overall,2026-05-25T17:10:45.773632+00:00
SVI-PFL,"47,48,49,50,51,52,53,54,55",9,mega-venusaur-ex,Mega Venusaur,148,332,543,188,37.13,greninja-ex,Greninja,6,11.11,overall,2026-05-25T17:10:45.773632+00:00
SVI-PFL,"47,48,49,50,51,52,53,54,55",9,mega-venusaur-ex,Mega Venusaur,148,332,543,188,37.13,iron-hands-magneton,Iron Hands Magneton,6,55.56,overall,2026-05-25T17:10:45.773632+00:00
SVI-PFL,"47,48,49,50,51,52,53,54,55",9,mega-venusaur-ex,Mega Venusaur,148,332,543,188,37.13,ethan-typhlosion,Ethan's Typhlosion,5,26.67,overall,2026-05-25T17:10:45.773632+00:00
SVI-PFL,"47,48,49,50,51,52,53,54,55",9,mega-venusaur-ex,Mega Venusaur,148,332,543,188,37.13,toxtricity-pfl,Toxtricity Box,5,53.33,overall,2026-05-25T17:10:45.773632+00:00
SVI-PFL,"47,48,49,50,51,52,53,54,55",9,mega-venusaur-ex,Mega Venusaur,148,332,543,188,37.13,festival-lead,Festival Lead,5,46.67,overall,2026-05-25T17:10:45.773632+00:00
SVI-PFL,"47,48,49,50,51,52,53,54,55",9,mega-venusaur-ex,Mega Venusaur,148,332,543,188,37.13,sharpedo-toxtricity,Sharpedo Toxtricity,5,80.0,overall,2026-05-25T17:10:45.773632+00:00
SVI-PFL,"47,48,49,50,51,52,53,54,55",9,mega-venusaur-ex,Mega Venusaur,148,332,543,188,37.13,dragapult-ex,Dragapult,4,50.0,overall,2026-05-25T17:10:45.773632+00:00
SVI-PFL,"47,48,49,50,51,52,53,54,55",9,mega-venusaur-ex,Mega Venusaur,148,332,543,188,37.13,froslass-munkidori,Froslass Munkidori,4,33.33,overall,2026-05-25T17:10:45.773632+00:00
SVI-PFL,"47,48,49,50,51,52,53,54,55",9,mega-venusaur-ex,Mega Venusaur,148,332,543,188,37.13,slowking-scr,Slowking,4,16.67,overall,2026-05-25T17:10:45.773632+00:00
SVI-PFL,"47,48,49,50,51,52,53,54,55",9,mega-venusaur-ex,Mega Venusaur,148,332,543,188,37.13,pidgeot-control,Pidgeot Control,4,83.33,overall,2026-05-25T17:10:45.773632+00:00
SVI-PFL,"47,48,49,50,51,52,53,54,55",9,mega-venusaur-ex,Mega Venusaur,148,332,543,188,37.13,hydrapple-ogerpon,Hydrapple Ogerpon,3,55.56,overall,2026-05-25T17:10:45.773632+00:00
SVI-PFL,"47,48,49,50,51,52,53,54,55",9,mega-venusaur-ex,Mega Venusaur,148,332,543,188,37.13,mega-lopunny-ex,Mega Lopunny,3,33.33,overall,2026-05-25T17:10:45.773632+00:00
SVI-PFL,"47,48,49,50,51,52,53,54,55",9,mega-venusaur-ex,Mega Venusaur,148,332,543,188,37.13,marnie-grimmsnarl-ex,Marnie's Grimmsnarl,3,66.67,overall,2026-05-25T17:10:45.773632+00:00
SVI-PFL,"47,48,49,50,51,52,53,54,55",9,mega-venusaur-ex,Mega Venusaur,148,332,543,188,37.13,ursaluna-lunatone,Ursaluna Lunatone,3,11.11,overall,2026-05-25T17:10:45.773632+00:00
SVI-PFL,"47,48,49,50,51,52,53,54,55",9,mega-venusaur-ex,Mega Venusaur,148,332,543,188,37.13,seaking-pre,Seaking Festival Lead,3,0.0,overall,2026-05-25T17:10:45.773632+00:00
SVI-PFL,"47,48,49,50,51,52,53,54,55",9,mega-venusaur-ex,Mega Venusaur,148,332,543,188,37.13,conkeldurr-twm,Conkeldurr,3,44.44,overall,2026-05-25T17:10:45.773632+00:00
SVI-PFL,"47,48,49,50,51,52,53,54,55",9,mega-venusaur-ex,Mega Venusaur,148,332,543,188,37.13,gholdengo-ex,Gholdengo,2,66.67,overall,2026-05-25T17:10:45.773632+00:00
SVI-PFL,"47,48,49,50,51,52,53,54,55",9,mega-venusaur-ex,Mega Venusaur,148,332,543,188,37.13,charizard-ex,Charizard,2,0.0,overall,2026-05-25T17:10:45.773632+00:00
SVI-PFL,"47,48,49,50,51,52,53,54,55",9,mega-venusaur-ex,Mega Venusaur,148,332,543,188,37.13,iron-thorns-crustle,Iron Thorns Crustle,2,50.0,overall,2026-05-25T17:10:45.773632+00:00
SVI-PFL,"47,48,49,50,51,52,53,54,55",9,mega-venusaur-ex,Mega Venusaur,148,332,543,188,37.13,hop-zacian,Hop's Zacian,2,66.67,overall,2026-05-25T17:10:45.773632+00:00
SVI-PFL,"47,48,49,50,51,52,53,54,55",9,mega-venusaur-ex,Mega Venusaur,148,332,543,188,37.13,raging-bolt-ex,Raging Bolt,2,100.0,overall,2026-05-25T17:10:45.773632+00:00
SVI-PFL,"47,48,49,50,51,52,53,54,55",9,mega-venusaur-ex,Mega Venusaur,148,332,543,188,37.13,alakazam-meg,Alakazam,2,33.33,overall,2026-05-25T17:10:45.773632+00:00
SVI-PFL,"47,48,49,50,51,52,53,54,55",9,mega-venusaur-ex,Mega Venusaur,148,332,543,188,37.13,ho-oh-armarouge,Ho-Oh Armarouge,2,50.0,overall,2026-05-25T17:10:45.773632+00:00
SVI-PFL,"47,48,49,50,51,52,53,54,55",9,mega-venusaur-ex,Mega Venusaur,148,332,543,188,37.13,reging-bolt-bellibolt,Raging Bolt Bellibolt,2,100.0,overall,2026-05-25T17:10:45.773632+00:00
SVI-PFL,"47,48,49,50,51,52,53,54,55",9,mega-venusaur-ex,Mega Venusaur,148,332,543,188,37.13,clefairy-ogerpon,Clefairy Ogerpon,2,100.0,overall,2026-05-25T17:10:45.773632+00:00
SVI-PFL,"47,48,49,50,51,52,53,54,55",9,mega-venusaur-ex,Mega Venusaur,148,332,543,188,37.13,rocket-mewtwo-ex,Rocket's Mewtwo,2,66.67,overall,2026-05-25T17:10:45.773632+00:00
SVI-PFL,"47,48,49,50,51,52,53,54,55",9,mega-venusaur-ex,Mega Venusaur,148,332,543,188,37.13,roaring-moon-ex,Roaring Moon,2,16.67,overall,2026-05-25T17:10:45.773632+00:00
SVI-PFL,"47,48,49,50,51,52,53,54,55",9,mega-venusaur-ex,Mega Venusaur,148,332,543,188,37.13,hydreigon-ex,Hydreigon,1,100.0,overall,2026-05-25T17:10:45.773632+00:00
SVI-PFL,"47,48,49,50,51,52,53,54,55",9,mega-venusaur-ex,Mega Venusaur,148,332,543,188,37.13,toedscruel-ex,Toedscruel,1,0.0,overall,2026-05-25T17:10:45.773632+00:00
SVI-PFL,"47,48,49,50,51,52,53,54,55",9,mega-venusaur-ex,Mega Venusaur,148,332,543,188,37.13,gholdengo-typhlosion,Gholdengo Typhlosion,1,100.0,overall,2026-05-25T17:10:45.773632+00:00
SVI-PFL,"47,48,49,50,51,52,53,54,55",9,mega-venusaur-ex,Mega Venusaur,148,332,543,188,37.13,kangaskhan-forretress,Kangaskhan Forretress,1,100.0,overall,2026-05-25T17:10:45.773632+00:00
SVI-PFL,"47,48,49,50,51,52,53,54,55",9,mega-venusaur-ex,Mega Venusaur,148,332,543,188,37.13,yanmega-ex,Yanmega,1,0.0,overall,2026-05-25T17:10:45.773632+00:00
SVI-PFL,"47,48,49,50,51,52,53,54,55",9,mega-venusaur-ex,Mega Venusaur,148,332,543,188,37.13,forretress-ex,Forretress,1,100.0,overall,2026-05-25T17:10:45.773632+00:00
SVI-PFL,"47,48,49,50,51,52,53,54,55",9,mega-venusaur-ex,Mega Venusaur,148,332,543,188,37.13,rocket-nidoking-ex,Rocket's Nidoking,1,100.0,overall,2026-05-25T17:10:45.773632+00:00
SVI-PFL,"47,48,49,50,51,52,53,54,55",9,mega-venusaur-ex,Mega Venusaur,148,332,543,188,37.13,great-tusk-tef,Great Tusk Mill,1,100.0,overall,2026-05-25T17:10:45.773632+00:00
SVI-PFL,"47,48,49,50,51,52,53,54,55",9,mega-venusaur-ex,Mega Venusaur,148,332,543,188,37.13,paldean-tauros-pfl,Paldean Tauros,1,33.33,overall,2026-05-25T17:10:45.773632+00:00
SVI-PFL,"47,48,49,50,51,52,53,54,55",9,mega-venusaur-ex,Mega Venusaur,148,332,543,188,37.13,mega-kangaskhan-ex,Mega Kangaskhan,1,100.0,overall,2026-05-25T17:10:45.773632+00:00
SVI-PFL,"47,48,49,50,51,52,53,54,55",9,mega-venusaur-ex,Mega Venusaur,148,332,543,188,37.13,future-box,Future Box,1,100.0,overall,2026-05-25T17:10:45.773632+00:00
SVI-PFL,"47,48,49,50,51,52,53,54,55",9,mega-venusaur-ex,Mega Venusaur,148,332,543,188,37.13,manectric-eelektrik,Manectric Eelektrik,1,0.0,overall,2026-05-25T17:10:45.773632+00:00
SVI-PFL,"47,48,49,50,51,52,53,54,55",9,mega-venusaur-ex,Mega Venusaur,148,332,543,188,37.13,mega-manectric-ex-meg,Mega Manectric,1,0.0,overall,2026-05-25T17:10:45.773632+00:00
SVI-PFL,"47,48,49,50,51,52,53,54,55",9,mega-venusaur-ex,Mega Venusaur,148,332,543,188,37.13,ogerpon-meganium,Ogerpon Meganium,1,0.0,overall,2026-05-25T17:10:45.773632+00:00
SVI-PFL,"47,48,49,50,51,52,53,54,55",9,mega-venusaur-ex,Mega Venusaur,148,332,543,188,37.13,slaking-ex,Slaking,1,0.0,overall,2026-05-25T17:10:45.773632+00:00
SVI-PFL,"47,48,49,50,51,52,53,54,55",9,mega-venusaur-ex,Mega Venusaur,148,332,543,188,37.13,dragapult-froslass,Dragapult Froslass,1,0.0,overall,2026-05-25T17:10:45.773632+00:00
SVI-PFL,"47,48,49,50,51,52,53,54,55",9,mega-venusaur-ex,Mega Venusaur,148,332,543,188,37.13,tsareena-ex,Tsareena,1,0.0,overall,2026-05-25T17:10:45.773632+00:00
SVI-PFL,"47,48,49,50,51,52,53,54,55",9,mega-venusaur-ex,Mega Venusaur,148,332,543,188,37.13,mega-abomasnow-ex,Mega Abomasnow,1,0.0,overall,2026-05-25T17:10:45.773632+00:00
SVI-PFL,"47,48,49,50,51,52,53,54,55",9,mega-venusaur-ex,Mega Venusaur,148,332,543,188,37.13,dragapult-blaziken,Dragapult Blaziken,1,33.33,overall,2026-05-25T17:10:45.773632+00:00
SVI-PFL,"47,48,49,50,51,52,53,54,55",9,mega-venusaur-ex,Mega Venusaur,148,332,543,188,37.13,mamoswine-ex,Mamoswine,1,100.0,overall,2026-05-25T17:10:45.773632+00:00
SVI-PFL,"47,48,49,50,51,52,53,54,55",9,mega-venusaur-ex,Mega Venusaur,148,332,543,188,37.13,terapagos-noctowl,Terapagos Noctowl,1,33.33,overall,2026-05-25T17:10:45.773632+00:00
SVI-PFL,"47,48,49,50,51,52,53,54,55",9,mega-venusaur-ex,Mega Venusaur,148,332,543,188,37.13,okidogi-ex,Okidogi,1,0.0,overall,2026-05-25T17:10:45.773632+00:00
SVI-PFL,"47,48,49,50,51,52,53,54,55",9,mega-venusaur-ex,Mega Venusaur,148,332,543,188,37.13,rocket-spidops,Rocket's Spidops,1,0.0,overall,2026-05-25T17:10:45.773632+00:00
SVI-PFL,"47,48,49,50,51,52,53,54,55",9,mega-venusaur-ex,Mega Venusaur,148,332,543,188,37.13,ranging-bolt-sandy-shocks,Raging Bolt Sandy Shocks,1,33.33,overall,2026-05-25T17:10:45.773632+00:00
SVI-PFL,"47,48,49,50,51,52,53,54,55",9,meowscarada-ex,Meowscarada,1,3,4,1,41.67,dragapult-dusknoir,Dragapult Dusknoir,1,100.0,overall,2026-05-25T17:10:48.646403+00:00
SVI-PFL,"47,48,49,50,51,52,53,54,55",9,meowscarada-ex,Meowscarada,1,3,4,1,41.67,gholdengo-joltik-box,Gholdengo Joltik Box,1,0.0,overall,2026-05-25T17:10:48.646403+00:00
SVI-PFL,"47,48,49,50,51,52,53,54,55",9,meowscarada-ex,Meowscarada,1,3,4,1,41.67,gholdengo-lunatone,Gholdengo Lunatone,1,0.0,overall,2026-05-25T17:10:48.646403+00:00
SVI-PFL,"47,48,49,50,51,52,53,54,55",9,meowscarada-ex,Meowscarada,1,3,4,1,41.67,charizard-noctowl,Charizard Noctowl,1,0.0,overall,2026-05-25T17:10:48.646403+00:00
SVI-PFL,"47,48,49,50,51,52,53,54,55",9,meowscarada-ex,Meowscarada,1,3,4,1,41.67,lopunny-dusknoir,Lopunny Dusknoir,1,100.0,overall,2026-05-25T17:10:48.646403+00:00
SVI-PFL,"47,48,49,50,51,52,53,54,55",9,meowscarada-ex,Meowscarada,1,3,4,1,41.67,n-zoroark,N's Zoroark,1,100.0,overall,2026-05-25T17:10:48.646403+00:00
SVI-PFL,"47,48,49,50,51,52,53,54,55",9,meowscarada-ex,Meowscarada,1,3,4,1,41.67,gardevoir-ex-sv,Gardevoir,1,0.0,overall,2026-05-25T17:10:48.646403+00:00
SVI-PFL,"47,48,49,50,51,52,53,54,55",9,meowscarada-ex,Meowscarada,1,3,4,1,41.67,ethan-typhlosion,Ethan's Typhlosion,1,33.33,overall,2026-05-25T17:10:48.646403+00:00
SVI-PFL,"47,48,49,50,51,52,53,54,55",9,milotic-ex,Milotic,2,5,10,1,33.33,gholdengo-lunatone,Gholdengo Lunatone,5,40.0,overall,2026-05-25T17:10:51.511514+00:00
SVI-PFL,"47,48,49,50,51,52,53,54,55",9,milotic-ex,Milotic,2,5,10,1,33.33,mega-absol-box,Mega Absol Box,2,50.0,overall,2026-05-25T17:10:51.511514+00:00
SVI-PFL,"47,48,49,50,51,52,53,54,55",9,milotic-ex,Milotic,2,5,10,1,33.33,joltik-box,Joltik Box,2,50.0,overall,2026-05-25T17:10:51.511514+00:00
SVI-PFL,"47,48,49,50,51,52,53,54,55",9,milotic-ex,Milotic,2,5,10,1,33.33,charizard-noctowl,Charizard Noctowl,1,0.0,overall,2026-05-25T17:10:51.511514+00:00
SVI-PFL,"47,48,49,50,51,52,53,54,55",9,milotic-ex,Milotic,2,5,10,1,33.33,alakazam-dudunsparce,Alakazam Dudunsparce,1,0.0,overall,2026-05-25T17:10:51.511514+00:00
SVI-PFL,"47,48,49,50,51,52,53,54,55",9,milotic-ex,Milotic,2,5,10,1,33.33,ceruledge-ex,Ceruledge,1,100.0,overall,2026-05-25T17:10:51.511514+00:00
SVI-PFL,"47,48,49,50,51,52,53,54,55",9,milotic-ex,Milotic,2,5,10,1,33.33,n-zoroark,N's Zoroark,1,0.0,overall,2026-05-25T17:10:51.511514+00:00
SVI-PFL,"47,48,49,50,51,52,53,54,55",9,milotic-ex,Milotic,2,5,10,1,33.33,toedscruel-ex,Toedscruel,1,0.0,overall,2026-05-25T17:10:51.511514+00:00
SVI-PFL,"47,48,49,50,51,52,53,54,55",9,milotic-ex,Milotic,2,5,10,1,33.33,sharpedo-toxtricity,Sharpedo Toxtricity,1,33.33,overall,2026-05-25T17:10:51.511514+00:00
SVI-PFL,"47,48,49,50,51,52,53,54,55",9,milotic-ex,Milotic,2,5,10,1,33.33,kangaskhan-bouffalant,Kangaskhan Bouffalant,1,0.0,overall,2026-05-25T17:10:51.511514+00:00
SVI-PFL,"47,48,49,50,51,52,53,54,55",9,mimikyu-ogerpon,Mimikyu Ogerpon,1,2,6,0,25.0,gardevoir-jellicent,Gardevoir Jellicent,2,50.0,overall,2026-05-25T17:10:54.410074+00:00
SVI-PFL,"47,48,49,50,51,52,53,54,55",9,mimikyu-ogerpon,Mimikyu Ogerpon,1,2,6,0,25.0,dragapult-dusknoir,Dragapult Dusknoir,1,0.0,overall,2026-05-25T17:10:54.410074+00:00
SVI-PFL,"47,48,49,50,51,52,53,54,55",9,mimikyu-ogerpon,Mimikyu Ogerpon,1,2,6,0,25.0,flareon-noctowl,Flareon Noctowl,1,100.0,overall,2026-05-25T17:10:54.410074+00:00
SVI-PFL,"47,48,49,50,51,52,53,54,55",9,mimikyu-ogerpon,Mimikyu Ogerpon,1,2,6,0,25.0,ho-oh-armarouge,Ho-Oh Armarouge,1,0.0,overall,2026-05-25T17:10:54.410074+00:00
SVI-PFL,"47,48,49,50,51,52,53,54,55",9,mimikyu-ogerpon,Mimikyu Ogerpon,1,2,6,0,25.0,gholdengo-ex,Gholdengo,1,0.0,overall,2026-05-25T17:10:54.410074+00:00
SVI-PFL,"47,48,49,50,51,52,53,54,55",9,mimikyu-ogerpon,Mimikyu Ogerpon,1,2,6,0,25.0,gholdengo-lunatone,Gholdengo Lunatone,1,0.0,overall,2026-05-25T17:10:54.410074+00:00
SVI-PFL,"47,48,49,50,51,52,53,54,55",9,mimikyu-ogerpon,Mimikyu Ogerpon,1,2,6,0,25.0,flareon-ex,Flareon,1,0.0,overall,2026-05-25T17:10:54.410074+00:00
SVI-PFL,"47,48,49,50,51,52,53,54,55",9,miraidon-eelektrik,Miraidon Eelektrik,12,34,39,14,44.44,dragapult-dusknoir,Dragapult Dusknoir,18,33.33,overall,2026-05-25T17:10:57.296555+00:00
SVI-PFL,"47,48,49,50,51,52,53,54,55",9,miraidon-eelektrik,Miraidon Eelektrik,12,34,39,14,44.44,gholdengo-lunatone,Gholdengo Lunatone,13,35.9,overall,2026-05-25T17:10:57.296555+00:00
SVI-PFL,"47,48,49,50,51,52,53,54,55",9,miraidon-eelektrik,Miraidon Eelektrik,12,34,39,14,44.44,charizard-noctowl,Charizard Noctowl,9,33.33,overall,2026-05-25T17:10:57.296555+00:00
SVI-PFL,"47,48,49,50,51,52,53,54,55",9,miraidon-eelektrik,Miraidon Eelektrik,12,34,39,14,44.44,gardevoir-ex-sv,Gardevoir,6,61.11,overall,2026-05-25T17:10:57.296555+00:00
SVI-PFL,"47,48,49,50,51,52,53,54,55",9,miraidon-eelektrik,Miraidon Eelektrik,12,34,39,14,44.44,charizard-pidgeot,Charizard Pidgeot,4,83.33,overall,2026-05-25T17:10:57.296555+00:00
SVI-PFL,"47,48,49,50,51,52,53,54,55",9,miraidon-eelektrik,Miraidon Eelektrik,12,34,39,14,44.44,ceruledge-ex,Ceruledge,4,58.33,overall,2026-05-25T17:10:57.296555+00:00
SVI-PFL,"47,48,49,50,51,52,53,54,55",9,miraidon-eelektrik,Miraidon Eelektrik,12,34,39,14,44.44,gardevoir-jellicent,Gardevoir Jellicent,4,33.33,overall,2026-05-25T17:10:57.296555+00:00
SVI-PFL,"47,48,49,50,51,52,53,54,55",9,miraidon-eelektrik,Miraidon Eelektrik,12,34,39,14,44.44,grimmsnarl-froslass,Grimmsnarl Froslass,3,44.44,overall,2026-05-25T17:10:57.296555+00:00
SVI-PFL,"47,48,49,50,51,52,53,54,55",9,miraidon-eelektrik,Miraidon Eelektrik,12,34,39,14,44.44,raging-bolt-ogerpon,Raging Bolt Ogerpon,3,44.44,overall,2026-05-25T17:10:57.296555+00:00
SVI-PFL,"47,48,49,50,51,52,53,54,55",9,miraidon-eelektrik,Miraidon Eelektrik,12,34,39,14,44.44,kangaskhan-bouffalant,Kangaskhan Bouffalant,2,16.67,overall,2026-05-25T17:10:57.296555+00:00
SVI-PFL,"47,48,49,50,51,52,53,54,55",9,miraidon-eelektrik,Miraidon Eelektrik,12,34,39,14,44.44,joltik-box,Joltik Box,2,0.0,overall,2026-05-25T17:10:57.296555+00:00
SVI-PFL,"47,48,49,50,51,52,53,54,55",9,miraidon-eelektrik,Miraidon Eelektrik,12,34,39,14,44.44,slaking-ex,Slaking,2,100.0,overall,2026-05-25T17:10:57.296555+00:00
SVI-PFL,"47,48,49,50,51,52,53,54,55",9,miraidon-eelektrik,Miraidon Eelektrik,12,34,39,14,44.44,mega-absol-box,Mega Absol Box,2,100.0,overall,2026-05-25T17:10:57.296555+00:00
SVI-PFL,"47,48,49,50,51,52,53,54,55",9,miraidon-eelektrik,Miraidon Eelektrik,12,34,39,14,44.44,hydreigon-ex,Hydreigon,2,50.0,overall,2026-05-25T17:10:57.296555+00:00
SVI-PFL,"47,48,49,50,51,52,53,54,55",9,miraidon-eelektrik,Miraidon Eelektrik,12,34,39,14,44.44,n-zoroark,N's Zoroark,2,16.67,overall,2026-05-25T17:10:57.296555+00:00
SVI-PFL,"47,48,49,50,51,52,53,54,55",9,miraidon-eelektrik,Miraidon Eelektrik,12,34,39,14,44.44,lopunny-dusknoir,Lopunny Dusknoir,2,66.67,overall,2026-05-25T17:10:57.296555+00:00
SVI-PFL,"47,48,49,50,51,52,53,54,55",9,miraidon-eelektrik,Miraidon Eelektrik,12,34,39,14,44.44,greninja-ex,Greninja,2,0.0,overall,2026-05-25T17:10:57.296555+00:00
SVI-PFL,"47,48,49,50,51,52,53,54,55",9,miraidon-eelektrik,Miraidon Eelektrik,12,34,39,14,44.44,lucario-hariyama,Lucario Hariyama,2,100.0,overall,2026-05-25T17:10:57.296555+00:00
SVI-PFL,"47,48,49,50,51,52,53,54,55",9,miraidon-eelektrik,Miraidon Eelektrik,12,34,39,14,44.44,alakazam-dudunsparce,Alakazam Dudunsparce,1,33.33,overall,2026-05-25T17:10:57.296555+00:00
SVI-PFL,"47,48,49,50,51,52,53,54,55",9,miraidon-eelektrik,Miraidon Eelektrik,12,34,39,14,44.44,hydrapple-ogerpon,Hydrapple Ogerpon,1,100.0,overall,2026-05-25T17:10:57.296555+00:00
SVI-PFL,"47,48,49,50,51,52,53,54,55",9,miraidon-eelektrik,Miraidon Eelektrik,12,34,39,14,44.44,crustle-dri,Crustle,1,0.0,overall,2026-05-25T17:10:57.296555+00:00
SVI-PFL,"47,48,49,50,51,52,53,54,55",9,miraidon-eelektrik,Miraidon Eelektrik,12,34,39,14,44.44,great-tusk-tef,Great Tusk Mill,1,33.33,overall,2026-05-25T17:10:57.296555+00:00
SVI-PFL,"47,48,49,50,51,52,53,54,55",9,miraidon-eelektrik,Miraidon Eelektrik,12,34,39,14,44.44,tera-box,Tera Box,1,100.0,overall,2026-05-25T17:10:57.296555+00:00
SVI-PFL,"47,48,49,50,51,52,53,54,55",9,miraidon-ex,Miraidon,2,3,6,1,33.33,cynthia-garchomp-ex,Cynthia's Garchomp,2,0.0,overall,2026-05-25T17:11:00.172330+00:00
SVI-PFL,"47,48,49,50,51,52,53,54,55",9,miraidon-ex,Miraidon,2,3,6,1,33.33,gardevoir-jellicent,Gardevoir Jellicent,2,66.67,overall,2026-05-25T17:11:00.172330+00:00
SVI-PFL,"47,48,49,50,51,52,53,54,55",9,miraidon-ex,Miraidon,2,3,6,1,33.33,dragapult-blaziken,Dragapult Blaziken,1,0.0,overall,2026-05-25T17:11:00.172330+00:00
SVI-PFL,"47,48,49,50,51,52,53,54,55",9,miraidon-ex,Miraidon,2,3,6,1,33.33,ceruledge-ex,Ceruledge,1,0.0,overall,2026-05-25T17:11:00.172330+00:00
SVI-PFL,"47,48,49,50,51,52,53,54,55",9,miraidon-ex,Miraidon,2,3,6,1,33.33,other,Other,1,100.0,overall,2026-05-25T17:11:00.172330+00:00
SVI-PFL,"47,48,49,50,51,52,53,54,55",9,miraidon-ex,Miraidon,2,3,6,1,33.33,n-zoroark,N's Zoroark,1,100.0,overall,2026-05-25T17:11:00.172330+00:00
SVI-PFL,"47,48,49,50,51,52,53,54,55",9,miraidon-ex,Miraidon,2,3,6,1,33.33,mega-absol-box,Mega Absol Box,1,0.0,overall,2026-05-25T17:11:00.172330+00:00
SVI-PFL,"47,48,49,50,51,52,53,54,55",9,misty-gyarados,Misty's Gyarados,1,2,4,2,33.33,gholdengo-lunatone,Gholdengo Lunatone,2,0.0,overall,2026-05-25T17:11:03.080165+00:00
SVI-PFL,"47,48,49,50,51,52,53,54,55",9,misty-gyarados,Misty's Gyarados,1,2,4,2,33.33,cynthia-garchomp-ex,Cynthia's Garchomp,1,0.0,overall,2026-05-25T17:11:03.080165+00:00
SVI-PFL,"47,48,49,50,51,52,53,54,55",9,misty-gyarados,Misty's Gyarados,1,2,4,2,33.33,dragapult-dusknoir,Dragapult Dusknoir,1,100.0,overall,2026-05-25T17:11:03.080165+00:00
SVI-PFL,"47,48,49,50,51,52,53,54,55",9,misty-gyarados,Misty's Gyarados,1,2,4,2,33.33,raging-bolt-ogerpon,Raging Bolt Ogerpon,1,33.33,overall,2026-05-25T17:11:03.080165+00:00
SVI-PFL,"47,48,49,50,51,52,53,54,55",9,misty-gyarados,Misty's Gyarados,1,2,4,2,33.33,iron-hands-magneton,Iron Hands Magneton,1,0.0,overall,2026-05-25T17:11:03.080165+00:00
SVI-PFL,"47,48,49,50,51,52,53,54,55",9,misty-gyarados,Misty's Gyarados,1,2,4,2,33.33,gholdengo-ex,Gholdengo,1,100.0,overall,2026-05-25T17:11:03.080165+00:00
SVI-PFL,"47,48,49,50,51,52,53,54,55",9,misty-gyarados,Misty's Gyarados,1,2,4,2,33.33,mega-absol-box,Mega Absol Box,1,33.33,overall,2026-05-25T17:11:03.080165+00:00
SVI-PFL,"47,48,49,50,51,52,53,54,55",9,n-zoroark,N's Zoroark,553,1644,1938,760,43.7,gholdengo-lunatone,Gholdengo Lunatone,659,41.93,overall,2026-05-25T17:11:06.045653+00:00
SVI-PFL,"47,48,49,50,51,52,53,54,55",9,n-zoroark,N's Zoroark,553,1644,1938,760,43.7,dragapult-dusknoir,Dragapult Dusknoir,631,47.33,overall,2026-05-25T17:11:06.045653+00:00
SVI-PFL,"47,48,49,50,51,52,53,54,55",9,n-zoroark,N's Zoroark,553,1644,1938,760,43.7,charizard-noctowl,Charizard Noctowl,311,42.66,overall,2026-05-25T17:11:06.045653+00:00
SVI-PFL,"47,48,49,50,51,52,53,54,55",9,n-zoroark,N's Zoroark,553,1644,1938,760,43.7,gardevoir-ex-sv,Gardevoir,301,54.71,overall,2026-05-25T17:11:06.045653+00:00
SVI-PFL,"47,48,49,50,51,52,53,54,55",9,n-zoroark,N's Zoroark,553,1644,1938,760,43.7,gardevoir-jellicent,Gardevoir Jellicent,251,59.76,overall,2026-05-25T17:11:06.045653+00:00
SVI-PFL,"47,48,49,50,51,52,53,54,55",9,n-zoroark,N's Zoroark,553,1644,1938,760,43.7,mega-absol-box,Mega Absol Box,210,43.49,overall,2026-05-25T17:11:06.045653+00:00
SVI-PFL,"47,48,49,50,51,52,53,54,55",9,n-zoroark,N's Zoroark,553,1644,1938,760,43.7,grimmsnarl-froslass,Grimmsnarl Froslass,181,36.65,overall,2026-05-25T17:11:06.045653+00:00
SVI-PFL,"47,48,49,50,51,52,53,54,55",9,n-zoroark,N's Zoroark,553,1644,1938,760,43.7,charizard-pidgeot,Charizard Pidgeot,179,32.96,overall,2026-05-25T17:11:06.045653+00:00
SVI-PFL,"47,48,49,50,51,52,53,54,55",9,n-zoroark,N's Zoroark,553,1644,1938,760,43.7,raging-bolt-ogerpon,Raging Bolt Ogerpon,161,20.29,overall,2026-05-25T17:11:06.045653+00:00
SVI-PFL,"47,48,49,50,51,52,53,54,55",9,n-zoroark,N's Zoroark,553,1644,1938,760,43.7,dragapult-charizard,Dragapult Charizard,115,46.09,overall,2026-05-25T17:11:06.045653+00:00
SVI-PFL,"47,48,49,50,51,52,53,54,55",9,n-zoroark,N's Zoroark,553,1644,1938,760,43.7,alakazam-dudunsparce,Alakazam Dudunsparce,106,55.03,overall,2026-05-25T17:11:06.045653+00:00
SVI-PFL,"47,48,49,50,51,52,53,54,55",9,n-zoroark,N's Zoroark,553,1644,1938,760,43.7,ceruledge-ex,Ceruledge,103,25.89,overall,2026-05-25T17:11:06.045653+00:00
SVI-PFL,"47,48,49,50,51,52,53,54,55",9,n-zoroark,N's Zoroark,553,1644,1938,760,43.7,kangaskhan-bouffalant,Kangaskhan Bouffalant,99,47.81,overall,2026-05-25T17:11:06.045653+00:00
SVI-PFL,"47,48,49,50,51,52,53,54,55",9,n-zoroark,N's Zoroark,553,1644,1938,760,43.7,n-zoroark,N's Zoroark,74,48.2,overall,2026-05-25T17:11:06.045653+00:00
SVI-PFL,"47,48,49,50,51,52,53,54,55",9,n-zoroark,N's Zoroark,553,1644,1938,760,43.7,joltik-box,Joltik Box,54,24.69,overall,2026-05-25T17:11:06.045653+00:00
SVI-PFL,"47,48,49,50,51,52,53,54,55",9,n-zoroark,N's Zoroark,553,1644,1938,760,43.7,flareon-noctowl,Flareon Noctowl,51,52.29,overall,2026-05-25T17:11:06.045653+00:00
SVI-PFL,"47,48,49,50,51,52,53,54,55",9,n-zoroark,N's Zoroark,553,1644,1938,760,43.7,lopunny-dusknoir,Lopunny Dusknoir,51,48.37,overall,2026-05-25T17:11:06.045653+00:00
SVI-PFL,"47,48,49,50,51,52,53,54,55",9,n-zoroark,N's Zoroark,553,1644,1938,760,43.7,mega-venusaur-ex,Mega Venusaur,45,16.3,overall,2026-05-25T17:11:06.045653+00:00
SVI-PFL,"47,48,49,50,51,52,53,54,55",9,n-zoroark,N's Zoroark,553,1644,1938,760,43.7,tera-box,Tera Box,45,45.19,overall,2026-05-25T17:11:06.045653+00:00
SVI-PFL,"47,48,49,50,51,52,53,54,55",9,n-zoroark,N's Zoroark,553,1644,1938,760,43.7,greninja-ex,Greninja,37,42.34,overall,2026-05-25T17:11:06.045653+00:00
SVI-PFL,"47,48,49,50,51,52,53,54,55",9,n-zoroark,N's Zoroark,553,1644,1938,760,43.7,crustle-dri,Crustle,36,44.44,overall,2026-05-25T17:11:06.045653+00:00
SVI-PFL,"47,48,49,50,51,52,53,54,55",9,n-zoroark,N's Zoroark,553,1644,1938,760,43.7,other,Other,34,51.96,overall,2026-05-25T17:11:06.045653+00:00
SVI-PFL,"47,48,49,50,51,52,53,54,55",9,n-zoroark,N's Zoroark,553,1644,1938,760,43.7,cynthia-garchomp-ex,Cynthia's Garchomp,32,20.83,overall,2026-05-25T17:11:06.045653+00:00
SVI-PFL,"47,48,49,50,51,52,53,54,55",9,n-zoroark,N's Zoroark,553,1644,1938,760,43.7,lucario-hariyama,Lucario Hariyama,26,34.62,overall,2026-05-25T17:11:06.045653+00:00
SVI-PFL,"47,48,49,50,51,52,53,54,55",9,n-zoroark,N's Zoroark,553,1644,1938,760,43.7,froslass-munkidori,Froslass Munkidori,24,40.28,overall,2026-05-25T17:11:06.045653+00:00
SVI-PFL,"47,48,49,50,51,52,53,54,55",9,n-zoroark,N's Zoroark,553,1644,1938,760,43.7,iron-hands-magneton,Iron Hands Magneton,24,25.0,overall,2026-05-25T17:11:06.045653+00:00
SVI-PFL,"47,48,49,50,51,52,53,54,55",9,n-zoroark,N's Zoroark,553,1644,1938,760,43.7,gholdengo-joltik-box,Gholdengo Joltik Box,22,19.7,overall,2026-05-25T17:11:06.045653+00:00
SVI-PFL,"47,48,49,50,51,52,53,54,55",9,n-zoroark,N's Zoroark,553,1644,1938,760,43.7,slowking-scr,Slowking,22,59.09,overall,2026-05-25T17:11:06.045653+00:00
SVI-PFL,"47,48,49,50,51,52,53,54,55",9,n-zoroark,N's Zoroark,553,1644,1938,760,43.7,ethan-typhlosion,Ethan's Typhlosion,18,42.59,overall,2026-05-25T17:11:06.045653+00:00
SVI-PFL,"47,48,49,50,51,52,53,54,55",9,n-zoroark,N's Zoroark,553,1644,1938,760,43.7,ho-oh-armarouge,Ho-Oh Armarouge,17,43.14,overall,2026-05-25T17:11:06.045653+00:00
SVI-PFL,"47,48,49,50,51,52,53,54,55",9,n-zoroark,N's Zoroark,553,1644,1938,760,43.7,pidgeot-control,Pidgeot Control,17,60.78,overall,2026-05-25T17:11:06.045653+00:00
SVI-PFL,"47,48,49,50,51,52,53,54,55",9,n-zoroark,N's Zoroark,553,1644,1938,760,43.7,gholdengo-ex,Gholdengo,15,71.11,overall,2026-05-25T17:11:06.045653+00:00
SVI-PFL,"47,48,49,50,51,52,53,54,55",9,n-zoroark,N's Zoroark,553,1644,1938,760,43.7,ursaluna-lunatone,Ursaluna Lunatone,15,66.67,overall,2026-05-25T17:11:06.045653+00:00
SVI-PFL,"47,48,49,50,51,52,53,54,55",9,n-zoroark,N's Zoroark,553,1644,1938,760,43.7,hydrapple-ogerpon,Hydrapple Ogerpon,14,35.71,overall,2026-05-25T17:11:06.045653+00:00
SVI-PFL,"47,48,49,50,51,52,53,54,55",9,n-zoroark,N's Zoroark,553,1644,1938,760,43.7,sharpedo-toxtricity,Sharpedo Toxtricity,14,19.05,overall,2026-05-25T17:11:06.045653+00:00
SVI-PFL,"47,48,49,50,51,52,53,54,55",9,n-zoroark,N's Zoroark,553,1644,1938,760,43.7,festival-lead,Festival Lead,14,16.67,overall,2026-05-25T17:11:06.045653+00:00
SVI-PFL,"47,48,49,50,51,52,53,54,55",9,n-zoroark,N's Zoroark,553,1644,1938,760,43.7,seaking-pre,Seaking Festival Lead,12,13.89,overall,2026-05-25T17:11:06.045653+00:00
SVI-PFL,"47,48,49,50,51,52,53,54,55",9,n-zoroark,N's Zoroark,553,1644,1938,760,43.7,dragapult-ex,Dragapult,11,42.42,overall,2026-05-25T17:11:06.045653+00:00
SVI-PFL,"47,48,49,50,51,52,53,54,55",9,n-zoroark,N's Zoroark,553,1644,1938,760,43.7,toxtricity-pfl,Toxtricity Box,11,33.33,overall,2026-05-25T17:11:06.045653+00:00
SVI-PFL,"47,48,49,50,51,52,53,54,55",9,n-zoroark,N's Zoroark,553,1644,1938,760,43.7,rocket-mewtwo-ex,Rocket's Mewtwo,11,27.27,overall,2026-05-25T17:11:06.045653+00:00
SVI-PFL,"47,48,49,50,51,52,53,54,55",9,n-zoroark,N's Zoroark,553,1644,1938,760,43.7,mega-abomasnow-ex,Mega Abomasnow,10,80.0,overall,2026-05-25T17:11:06.045653+00:00
SVI-PFL,"47,48,49,50,51,52,53,54,55",9,n-zoroark,N's Zoroark,553,1644,1938,760,43.7,roaring-moon-ex,Roaring Moon,10,50.0,overall,2026-05-25T17:11:06.045653+00:00
SVI-PFL,"47,48,49,50,51,52,53,54,55",9,n-zoroark,N's Zoroark,553,1644,1938,760,43.7,conkeldurr-twm,Conkeldurr,10,36.67,overall,2026-05-25T17:11:06.045653+00:00
SVI-PFL,"47,48,49,50,51,52,53,54,55",9,n-zoroark,N's Zoroark,553,1644,1938,760,43.7,marnie-grimmsnarl-ex,Marnie's Grimmsnarl,9,70.37,overall,2026-05-25T17:11:06.045653+00:00
SVI-PFL,"47,48,49,50,51,52,53,54,55",9,n-zoroark,N's Zoroark,553,1644,1938,760,43.7,tyranitar-jtg,Tyranitar,8,83.33,overall,2026-05-25T17:11:06.045653+00:00
SVI-PFL,"47,48,49,50,51,52,53,54,55",9,n-zoroark,N's Zoroark,553,1644,1938,760,43.7,archaludon-ex,Archaludon,7,71.43,overall,2026-05-25T17:11:06.045653+00:00
SVI-PFL,"47,48,49,50,51,52,53,54,55",9,n-zoroark,N's Zoroark,553,1644,1938,760,43.7,hydreigon-ex,Hydreigon,7,71.43,overall,2026-05-25T17:11:06.045653+00:00
SVI-PFL,"47,48,49,50,51,52,53,54,55",9,n-zoroark,N's Zoroark,553,1644,1938,760,43.7,mega-charizard-x-ex,Mega Charizard X,6,38.89,overall,2026-05-25T17:11:06.045653+00:00
SVI-PFL,"47,48,49,50,51,52,53,54,55",9,n-zoroark,N's Zoroark,553,1644,1938,760,43.7,ogerpon-meganium,Ogerpon Meganium,5,26.67,overall,2026-05-25T17:11:06.045653+00:00
SVI-PFL,"47,48,49,50,51,52,53,54,55",9,n-zoroark,N's Zoroark,553,1644,1938,760,43.7,manectric-eelektrik,Manectric Eelektrik,5,60.0,overall,2026-05-25T17:11:06.045653+00:00
SVI-PFL,"47,48,49,50,51,52,53,54,55",9,n-zoroark,N's Zoroark,553,1644,1938,760,43.7,kangaskhan-forretress,Kangaskhan Forretress,5,46.67,overall,2026-05-25T17:11:06.045653+00:00
SVI-PFL,"47,48,49,50,51,52,53,54,55",9,n-zoroark,N's Zoroark,553,1644,1938,760,43.7,mega-lucario-ex,Mega Lucario,5,20.0,overall,2026-05-25T17:11:06.045653+00:00
SVI-PFL,"47,48,49,50,51,52,53,54,55",9,n-zoroark,N's Zoroark,553,1644,1938,760,43.7,palafin-ex,Palafin,5,26.67,overall,2026-05-25T17:11:06.045653+00:00
SVI-PFL,"47,48,49,50,51,52,53,54,55",9,n-zoroark,N's Zoroark,553,1644,1938,760,43.7,iron-thorns-crustle,Iron Thorns Crustle,5,66.67,overall,2026-05-25T17:11:06.045653+00:00
SVI-PFL,"47,48,49,50,51,52,53,54,55",9,n-zoroark,N's Zoroark,553,1644,1938,760,43.7,hop-zacian,Hop's Zacian,5,60.0,overall,2026-05-25T17:11:06.045653+00:00
SVI-PFL,"47,48,49,50,51,52,53,54,55",9,n-zoroark,N's Zoroark,553,1644,1938,760,43.7,charizard-ex,Charizard,5,66.67,overall,2026-05-25T17:11:06.045653+00:00
SVI-PFL,"47,48,49,50,51,52,53,54,55",9,n-zoroark,N's Zoroark,553,1644,1938,760,43.7,toedscruel-ex,Toedscruel,4,75.0,overall,2026-05-25T17:11:06.045653+00:00
SVI-PFL,"47,48,49,50,51,52,53,54,55",9,n-zoroark,N's Zoroark,553,1644,1938,760,43.7,yanmega-ex,Yanmega,4,0.0,overall,2026-05-25T17:11:06.045653+00:00
SVI-PFL,"47,48,49,50,51,52,53,54,55",9,n-zoroark,N's Zoroark,553,1644,1938,760,43.7,chien-pao-baxcalibur,Chien-Pao Baxcalibur,4,0.0,overall,2026-05-25T17:11:06.045653+00:00
SVI-PFL,"47,48,49,50,51,52,53,54,55",9,n-zoroark,N's Zoroark,553,1644,1938,760,43.7,rocket-spidops,Rocket's Spidops,4,50.0,overall,2026-05-25T17:11:06.045653+00:00
SVI-PFL,"47,48,49,50,51,52,53,54,55",9,n-zoroark,N's Zoroark,553,1644,1938,760,43.7,okidogi-twm,Okidogi,4,58.33,overall,2026-05-25T17:11:06.045653+00:00
SVI-PFL,"47,48,49,50,51,52,53,54,55",9,n-zoroark,N's Zoroark,553,1644,1938,760,43.7,mega-kangaskhan-ex,Mega Kangaskhan,4,75.0,overall,2026-05-25T17:11:06.045653+00:00
SVI-PFL,"47,48,49,50,51,52,53,54,55",9,n-zoroark,N's Zoroark,553,1644,1938,760,43.7,mamoswine-ex,Mamoswine,3,11.11,overall,2026-05-25T17:11:06.045653+00:00
SVI-PFL,"47,48,49,50,51,52,53,54,55",9,n-zoroark,N's Zoroark,553,1644,1938,760,43.7,wugtrio-svi,Wugtrio Mill,3,44.44,overall,2026-05-25T17:11:06.045653+00:00
SVI-PFL,"47,48,49,50,51,52,53,54,55",9,n-zoroark,N's Zoroark,553,1644,1938,760,43.7,slaking-ex,Slaking,3,0.0,overall,2026-05-25T17:11:06.045653+00:00
SVI-PFL,"47,48,49,50,51,52,53,54,55",9,n-zoroark,N's Zoroark,553,1644,1938,760,43.7,forretress-ex,Forretress,3,22.22,overall,2026-05-25T17:11:06.045653+00:00
SVI-PFL,"47,48,49,50,51,52,53,54,55",9,n-zoroark,N's Zoroark,553,1644,1938,760,43.7,alakazam-meg,Alakazam,3,66.67,overall,2026-05-25T17:11:06.045653+00:00
SVI-PFL,"47,48,49,50,51,52,53,54,55",9,n-zoroark,N's Zoroark,553,1644,1938,760,43.7,incineroar-ex,Incineroar,2,50.0,overall,2026-05-25T17:11:06.045653+00:00
SVI-PFL,"47,48,49,50,51,52,53,54,55",9,n-zoroark,N's Zoroark,553,1644,1938,760,43.7,ogerpon-ex,Ogerpon,2,66.67,overall,2026-05-25T17:11:06.045653+00:00
SVI-PFL,"47,48,49,50,51,52,53,54,55",9,n-zoroark,N's Zoroark,553,1644,1938,760,43.7,poison-mega-latias,Poison Latias,2,50.0,overall,2026-05-25T17:11:06.045653+00:00
SVI-PFL,"47,48,49,50,51,52,53,54,55",9,n-zoroark,N's Zoroark,553,1644,1938,760,43.7,mega-lopunny-ex,Mega Lopunny,2,100.0,overall,2026-05-25T17:11:06.045653+00:00
SVI-PFL,"47,48,49,50,51,52,53,54,55",9,n-zoroark,N's Zoroark,553,1644,1938,760,43.7,charizard-dragapult,Charizard Dragapult,2,16.67,overall,2026-05-25T17:11:06.045653+00:00
SVI-PFL,"47,48,49,50,51,52,53,54,55",9,n-zoroark,N's Zoroark,553,1644,1938,760,43.7,reging-bolt-bellibolt,Raging Bolt Bellibolt,2,100.0,overall,2026-05-25T17:11:06.045653+00:00
SVI-PFL,"47,48,49,50,51,52,53,54,55",9,n-zoroark,N's Zoroark,553,1644,1938,760,43.7,roaring-moon-dudunsparce,Roaring Moon Dudunsparce,2,66.67,overall,2026-05-25T17:11:06.045653+00:00
SVI-PFL,"47,48,49,50,51,52,53,54,55",9,n-zoroark,N's Zoroark,553,1644,1938,760,43.7,espathra-ex,Espathra,2,50.0,overall,2026-05-25T17:11:06.045653+00:00
SVI-PFL,"47,48,49,50,51,52,53,54,55",9,n-zoroark,N's Zoroark,553,1644,1938,760,43.7,mega-camerupt-ex,Mega Camerupt,2,0.0,overall,2026-05-25T17:11:06.045653+00:00
SVI-PFL,"47,48,49,50,51,52,53,54,55",9,n-zoroark,N's Zoroark,553,1644,1938,760,43.7,miraidon-eelektrik,Miraidon Eelektrik,2,66.67,overall,2026-05-25T17:11:06.045653+00:00
SVI-PFL,"47,48,49,50,51,52,53,54,55",9,n-zoroark,N's Zoroark,553,1644,1938,760,43.7,rocket-porygon-z,Rocket's Porygon-Z,2,0.0,overall,2026-05-25T17:11:06.045653+00:00
SVI-PFL,"47,48,49,50,51,52,53,54,55",9,n-zoroark,N's Zoroark,553,1644,1938,760,43.7,paldean-tauros-pfl,Paldean Tauros,2,100.0,overall,2026-05-25T17:11:06.045653+00:00
SVI-PFL,"47,48,49,50,51,52,53,54,55",9,n-zoroark,N's Zoroark,553,1644,1938,760,43.7,flareon-ex,Flareon,2,66.67,overall,2026-05-25T17:11:06.045653+00:00
SVI-PFL,"47,48,49,50,51,52,53,54,55",9,n-zoroark,N's Zoroark,553,1644,1938,760,43.7,great-tusk-tef,Great Tusk Mill,2,0.0,overall,2026-05-25T17:11:06.045653+00:00
SVI-PFL,"47,48,49,50,51,52,53,54,55",9,n-zoroark,N's Zoroark,553,1644,1938,760,43.7,farigiraf-milotic,Farigiraf Milotic,1,0.0,overall,2026-05-25T17:11:06.045653+00:00
SVI-PFL,"47,48,49,50,51,52,53,54,55",9,n-zoroark,N's Zoroark,553,1644,1938,760,43.7,poison-terapagos,Poison Terapagos,1,33.33,overall,2026-05-25T17:11:06.045653+00:00
SVI-PFL,"47,48,49,50,51,52,53,54,55",9,n-zoroark,N's Zoroark,553,1644,1938,760,43.7,future-box,Future Box,1,33.33,overall,2026-05-25T17:11:06.045653+00:00
SVI-PFL,"47,48,49,50,51,52,53,54,55",9,n-zoroark,N's Zoroark,553,1644,1938,760,43.7,heatran-metang,Heatran Metang,1,33.33,overall,2026-05-25T17:11:06.045653+00:00
SVI-PFL,"47,48,49,50,51,52,53,54,55",9,n-zoroark,N's Zoroark,553,1644,1938,760,43.7,blaziken-ex-jtg,Blaziken,1,0.0,overall,2026-05-25T17:11:06.045653+00:00
SVI-PFL,"47,48,49,50,51,52,53,54,55",9,n-zoroark,N's Zoroark,553,1644,1938,760,43.7,hydrapple-ex,Hydrapple,1,0.0,overall,2026-05-25T17:11:06.045653+00:00
SVI-PFL,"47,48,49,50,51,52,53,54,55",9,n-zoroark,N's Zoroark,553,1644,1938,760,43.7,meowscarada-ex,Meowscarada,1,0.0,overall,2026-05-25T17:11:06.045653+00:00
SVI-PFL,"47,48,49,50,51,52,53,54,55",9,n-zoroark,N's Zoroark,553,1644,1938,760,43.7,blaziken-zoroark,Blaziken Zoroark,1,0.0,overall,2026-05-25T17:11:06.045653+00:00
SVI-PFL,"47,48,49,50,51,52,53,54,55",9,n-zoroark,N's Zoroark,553,1644,1938,760,43.7,alolan-exeggutor-ex,Alolan Exeggutor ex,1,0.0,overall,2026-05-25T17:11:06.045653+00:00
SVI-PFL,"47,48,49,50,51,52,53,54,55",9,n-zoroark,N's Zoroark,553,1644,1938,760,43.7,rocket-nidoking-ex,Rocket's Nidoking,1,100.0,overall,2026-05-25T17:11:06.045653+00:00
SVI-PFL,"47,48,49,50,51,52,53,54,55",9,n-zoroark,N's Zoroark,553,1644,1938,760,43.7,charizard-greninja,Charizard Greninja,1,100.0,overall,2026-05-25T17:11:06.045653+00:00
SVI-PFL,"47,48,49,50,51,52,53,54,55",9,n-zoroark,N's Zoroark,553,1644,1938,760,43.7,scovillain-ex,Scovillain,1,100.0,overall,2026-05-25T17:11:06.045653+00:00
SVI-PFL,"47,48,49,50,51,52,53,54,55",9,n-zoroark,N's Zoroark,553,1644,1938,760,43.7,iron-hands-ex,Future Hands,1,100.0,overall,2026-05-25T17:11:06.045653+00:00
SVI-PFL,"47,48,49,50,51,52,53,54,55",9,n-zoroark,N's Zoroark,553,1644,1938,760,43.7,miraidon-ex,Miraidon,1,0.0,overall,2026-05-25T17:11:06.045653+00:00
SVI-PFL,"47,48,49,50,51,52,53,54,55",9,n-zoroark,N's Zoroark,553,1644,1938,760,43.7,milotic-ex,Milotic,1,100.0,overall,2026-05-25T17:11:06.045653+00:00
SVI-PFL,"47,48,49,50,51,52,53,54,55",9,n-zoroark,N's Zoroark,553,1644,1938,760,43.7,dragapult-blaziken,Dragapult Blaziken,1,100.0,overall,2026-05-25T17:11:06.045653+00:00
SVI-PFL,"47,48,49,50,51,52,53,54,55",9,n-zoroark,N's Zoroark,553,1644,1938,760,43.7,iono-bellibolt,Iono's Bellibolt,1,0.0,overall,2026-05-25T17:11:06.045653+00:00
SVI-PFL,"47,48,49,50,51,52,53,54,55",9,n-zoroark,N's Zoroark,553,1644,1938,760,43.7,copperajah-ex,Copperajah,1,33.33,overall,2026-05-25T17:11:06.045653+00:00
SVI-PFL,"47,48,49,50,51,52,53,54,55",9,n-zoroark,N's Zoroark,553,1644,1938,760,43.7,iron-valiant-ex,Iron Valiant,1,0.0,overall,2026-05-25T17:11:06.045653+00:00
SVI-PFL,"47,48,49,50,51,52,53,54,55",9,n-zoroark,N's Zoroark,553,1644,1938,760,43.7,tsareena-ex,Tsareena,1,100.0,overall,2026-05-25T17:11:06.045653+00:00
SVI-PFL,"47,48,49,50,51,52,53,54,55",9,n-zoroark,N's Zoroark,553,1644,1938,760,43.7,charizard-dusknoir,Charizard Dusknoir,1,33.33,overall,2026-05-25T17:11:06.045653+00:00
SVI-PFL,"47,48,49,50,51,52,53,54,55",9,n-zoroark,N's Zoroark,553,1644,1938,760,43.7,terapagos-noctowl,Terapagos Noctowl,1,100.0,overall,2026-05-25T17:11:06.045653+00:00
SVI-PFL,"47,48,49,50,51,52,53,54,55",9,n-zoroark,N's Zoroark,553,1644,1938,760,43.7,ethan-magcargo,Ethan's Magcargo,1,100.0,overall,2026-05-25T17:11:06.045653+00:00
SVI-PFL,"47,48,49,50,51,52,53,54,55",9,n-zoroark,N's Zoroark,553,1644,1938,760,43.7,mega-manectric-ex-meg,Mega Manectric,1,100.0,overall,2026-05-25T17:11:06.045653+00:00
SVI-PFL,"47,48,49,50,51,52,53,54,55",9,n-zoroark,N's Zoroark,553,1644,1938,760,43.7,espathra-froslass,Espathra Froslass,1,100.0,overall,2026-05-25T17:11:06.045653+00:00
SVI-PFL,"47,48,49,50,51,52,53,54,55",9,n-zoroark-lucario,Zoroark Lucario,1,1,5,0,16.67,gholdengo-lunatone,Gholdengo Lunatone,2,0.0,overall,2026-05-25T17:11:08.967714+00:00
SVI-PFL,"47,48,49,50,51,52,53,54,55",9,n-zoroark-lucario,Zoroark Lucario,1,1,5,0,16.67,mega-absol-box,Mega Absol Box,1,0.0,overall,2026-05-25T17:11:08.967714+00:00
SVI-PFL,"47,48,49,50,51,52,53,54,55",9,n-zoroark-lucario,Zoroark Lucario,1,1,5,0,16.67,tyranitar-jtg,Tyranitar,1,100.0,overall,2026-05-25T17:11:08.967714+00:00
SVI-PFL,"47,48,49,50,51,52,53,54,55",9,n-zoroark-lucario,Zoroark Lucario,1,1,5,0,16.67,dragapult-dusknoir,Dragapult Dusknoir,1,0.0,overall,2026-05-25T17:11:08.967714+00:00
SVI-PFL,"47,48,49,50,51,52,53,54,55",9,n-zoroark-lucario,Zoroark Lucario,1,1,5,0,16.67,flareon-noctowl,Flareon Noctowl,1,0.0,overall,2026-05-25T17:11:08.967714+00:00
SVI-PFL,"47,48,49,50,51,52,53,54,55",9,ogerpon-ex,Ogerpon,4,12,13,6,45.16,gardevoir-ex-sv,Gardevoir,4,58.33,overall,2026-05-25T17:11:11.876757+00:00
SVI-PFL,"47,48,49,50,51,52,53,54,55",9,ogerpon-ex,Ogerpon,4,12,13,6,45.16,dragapult-dusknoir,Dragapult Dusknoir,4,50.0,overall,2026-05-25T17:11:11.876757+00:00
SVI-PFL,"47,48,49,50,51,52,53,54,55",9,ogerpon-ex,Ogerpon,4,12,13,6,45.16,alakazam-dudunsparce,Alakazam Dudunsparce,3,11.11,overall,2026-05-25T17:11:11.876757+00:00
SVI-PFL,"47,48,49,50,51,52,53,54,55",9,ogerpon-ex,Ogerpon,4,12,13,6,45.16,gholdengo-lunatone,Gholdengo Lunatone,3,11.11,overall,2026-05-25T17:11:11.876757+00:00
SVI-PFL,"47,48,49,50,51,52,53,54,55",9,ogerpon-ex,Ogerpon,4,12,13,6,45.16,mega-absol-box,Mega Absol Box,3,22.22,overall,2026-05-25T17:11:11.876757+00:00
SVI-PFL,"47,48,49,50,51,52,53,54,55",9,ogerpon-ex,Ogerpon,4,12,13,6,45.16,sharpedo-toxtricity,Sharpedo Toxtricity,2,50.0,overall,2026-05-25T17:11:11.876757+00:00
SVI-PFL,"47,48,49,50,51,52,53,54,55",9,ogerpon-ex,Ogerpon,4,12,13,6,45.16,n-zoroark,N's Zoroark,2,16.67,overall,2026-05-25T17:11:11.876757+00:00
SVI-PFL,"47,48,49,50,51,52,53,54,55",9,ogerpon-ex,Ogerpon,4,12,13,6,45.16,grimmsnarl-froslass,Grimmsnarl Froslass,2,100.0,overall,2026-05-25T17:11:11.876757+00:00
SVI-PFL,"47,48,49,50,51,52,53,54,55",9,ogerpon-ex,Ogerpon,4,12,13,6,45.16,joltik-box,Joltik Box,1,0.0,overall,2026-05-25T17:11:11.876757+00:00
SVI-PFL,"47,48,49,50,51,52,53,54,55",9,ogerpon-ex,Ogerpon,4,12,13,6,45.16,greninja-ex,Greninja,1,0.0,overall,2026-05-25T17:11:11.876757+00:00
SVI-PFL,"47,48,49,50,51,52,53,54,55",9,ogerpon-ex,Ogerpon,4,12,13,6,45.16,crustle-dri,Crustle,1,100.0,overall,2026-05-25T17:11:11.876757+00:00
SVI-PFL,"47,48,49,50,51,52,53,54,55",9,ogerpon-ex,Ogerpon,4,12,13,6,45.16,kangaskhan-bouffalant,Kangaskhan Bouffalant,1,0.0,overall,2026-05-25T17:11:11.876757+00:00
SVI-PFL,"47,48,49,50,51,52,53,54,55",9,ogerpon-ex,Ogerpon,4,12,13,6,45.16,gardevoir-jellicent,Gardevoir Jellicent,1,100.0,overall,2026-05-25T17:11:11.876757+00:00
SVI-PFL,"47,48,49,50,51,52,53,54,55",9,ogerpon-ex,Ogerpon,4,12,13,6,45.16,ethan-magcargo,Ethan's Magcargo,1,100.0,overall,2026-05-25T17:11:11.876757+00:00
SVI-PFL,"47,48,49,50,51,52,53,54,55",9,ogerpon-ex,Ogerpon,4,12,13,6,45.16,festival-lead,Festival Lead,1,100.0,overall,2026-05-25T17:11:11.876757+00:00
SVI-PFL,"47,48,49,50,51,52,53,54,55",9,ogerpon-ex,Ogerpon,4,12,13,6,45.16,pidgeot-control,Pidgeot Control,1,100.0,overall,2026-05-25T17:11:11.876757+00:00
SVI-PFL,"47,48,49,50,51,52,53,54,55",9,ogerpon-meganium,Ogerpon Meganium,20,49,69,22,40.24,dragapult-dusknoir,Dragapult Dusknoir,27,24.69,overall,2026-05-25T17:11:14.783917+00:00
SVI-PFL,"47,48,49,50,51,52,53,54,55",9,ogerpon-meganium,Ogerpon Meganium,20,49,69,22,40.24,gholdengo-lunatone,Gholdengo Lunatone,27,43.21,overall,2026-05-25T17:11:14.783917+00:00
SVI-PFL,"47,48,49,50,51,52,53,54,55",9,ogerpon-meganium,Ogerpon Meganium,20,49,69,22,40.24,charizard-noctowl,Charizard Noctowl,10,36.67,overall,2026-05-25T17:11:14.783917+00:00
SVI-PFL,"47,48,49,50,51,52,53,54,55",9,ogerpon-meganium,Ogerpon Meganium,20,49,69,22,40.24,ceruledge-ex,Ceruledge,7,0.0,overall,2026-05-25T17:11:14.783917+00:00
SVI-PFL,"47,48,49,50,51,52,53,54,55",9,ogerpon-meganium,Ogerpon Meganium,20,49,69,22,40.24,n-zoroark,N's Zoroark,5,66.67,overall,2026-05-25T17:11:14.783917+00:00
SVI-PFL,"47,48,49,50,51,52,53,54,55",9,ogerpon-meganium,Ogerpon Meganium,20,49,69,22,40.24,alakazam-dudunsparce,Alakazam Dudunsparce,5,46.67,overall,2026-05-25T17:11:14.783917+00:00
SVI-PFL,"47,48,49,50,51,52,53,54,55",9,ogerpon-meganium,Ogerpon Meganium,20,49,69,22,40.24,joltik-box,Joltik Box,4,50.0,overall,2026-05-25T17:11:14.783917+00:00
SVI-PFL,"47,48,49,50,51,52,53,54,55",9,ogerpon-meganium,Ogerpon Meganium,20,49,69,22,40.24,gardevoir-ex-sv,Gardevoir,4,25.0,overall,2026-05-25T17:11:14.783917+00:00
SVI-PFL,"47,48,49,50,51,52,53,54,55",9,ogerpon-meganium,Ogerpon Meganium,20,49,69,22,40.24,lopunny-dusknoir,Lopunny Dusknoir,4,25.0,overall,2026-05-25T17:11:14.783917+00:00
SVI-PFL,"47,48,49,50,51,52,53,54,55",9,ogerpon-meganium,Ogerpon Meganium,20,49,69,22,40.24,gardevoir-jellicent,Gardevoir Jellicent,4,33.33,overall,2026-05-25T17:11:14.783917+00:00
SVI-PFL,"47,48,49,50,51,52,53,54,55",9,ogerpon-meganium,Ogerpon Meganium,20,49,69,22,40.24,grimmsnarl-froslass,Grimmsnarl Froslass,4,75.0,overall,2026-05-25T17:11:14.783917+00:00
SVI-PFL,"47,48,49,50,51,52,53,54,55",9,ogerpon-meganium,Ogerpon Meganium,20,49,69,22,40.24,raging-bolt-ogerpon,Raging Bolt Ogerpon,4,50.0,overall,2026-05-25T17:11:14.783917+00:00
SVI-PFL,"47,48,49,50,51,52,53,54,55",9,ogerpon-meganium,Ogerpon Meganium,20,49,69,22,40.24,mega-absol-box,Mega Absol Box,4,50.0,overall,2026-05-25T17:11:14.783917+00:00
SVI-PFL,"47,48,49,50,51,52,53,54,55",9,ogerpon-meganium,Ogerpon Meganium,20,49,69,22,40.24,flareon-noctowl,Flareon Noctowl,3,11.11,overall,2026-05-25T17:11:14.783917+00:00
SVI-PFL,"47,48,49,50,51,52,53,54,55",9,ogerpon-meganium,Ogerpon Meganium,20,49,69,22,40.24,hydrapple-ogerpon,Hydrapple Ogerpon,2,66.67,overall,2026-05-25T17:11:14.783917+00:00
SVI-PFL,"47,48,49,50,51,52,53,54,55",9,ogerpon-meganium,Ogerpon Meganium,20,49,69,22,40.24,cynthia-garchomp-ex,Cynthia's Garchomp,2,50.0,overall,2026-05-25T17:11:14.783917+00:00
SVI-PFL,"47,48,49,50,51,52,53,54,55",9,ogerpon-meganium,Ogerpon Meganium,20,49,69,22,40.24,ursaluna-lunatone,Ursaluna Lunatone,2,16.67,overall,2026-05-25T17:11:14.783917+00:00
SVI-PFL,"47,48,49,50,51,52,53,54,55",9,ogerpon-meganium,Ogerpon Meganium,20,49,69,22,40.24,tera-box,Tera Box,2,50.0,overall,2026-05-25T17:11:14.783917+00:00
SVI-PFL,"47,48,49,50,51,52,53,54,55",9,ogerpon-meganium,Ogerpon Meganium,20,49,69,22,40.24,lucario-hariyama,Lucario Hariyama,2,16.67,overall,2026-05-25T17:11:14.783917+00:00
SVI-PFL,"47,48,49,50,51,52,53,54,55",9,ogerpon-meganium,Ogerpon Meganium,20,49,69,22,40.24,other,Other,1,100.0,overall,2026-05-25T17:11:14.783917+00:00
SVI-PFL,"47,48,49,50,51,52,53,54,55",9,ogerpon-meganium,Ogerpon Meganium,20,49,69,22,40.24,toxtricity-pfl,Toxtricity Box,1,33.33,overall,2026-05-25T17:11:14.783917+00:00
SVI-PFL,"47,48,49,50,51,52,53,54,55",9,ogerpon-meganium,Ogerpon Meganium,20,49,69,22,40.24,hydreigon-ex,Hydreigon,1,100.0,overall,2026-05-25T17:11:14.783917+00:00
SVI-PFL,"47,48,49,50,51,52,53,54,55",9,ogerpon-meganium,Ogerpon Meganium,20,49,69,22,40.24,mega-charizard-x-ex,Mega Charizard X,1,100.0,overall,2026-05-25T17:11:14.783917+00:00
SVI-PFL,"47,48,49,50,51,52,53,54,55",9,ogerpon-meganium,Ogerpon Meganium,20,49,69,22,40.24,slowking-scr,Slowking,1,33.33,overall,2026-05-25T17:11:14.783917+00:00
SVI-PFL,"47,48,49,50,51,52,53,54,55",9,ogerpon-meganium,Ogerpon Meganium,20,49,69,22,40.24,archaludon-ex,Archaludon,1,100.0,overall,2026-05-25T17:11:14.783917+00:00
SVI-PFL,"47,48,49,50,51,52,53,54,55",9,ogerpon-meganium,Ogerpon Meganium,20,49,69,22,40.24,sharpedo-toxtricity,Sharpedo Toxtricity,1,100.0,overall,2026-05-25T17:11:14.783917+00:00
SVI-PFL,"47,48,49,50,51,52,53,54,55",9,ogerpon-meganium,Ogerpon Meganium,20,49,69,22,40.24,gholdengo-ex,Gholdengo,1,100.0,overall,2026-05-25T17:11:14.783917+00:00
SVI-PFL,"47,48,49,50,51,52,53,54,55",9,ogerpon-meganium,Ogerpon Meganium,20,49,69,22,40.24,scovillain-ex,Scovillain,1,100.0,overall,2026-05-25T17:11:14.783917+00:00
SVI-PFL,"47,48,49,50,51,52,53,54,55",9,ogerpon-meganium,Ogerpon Meganium,20,49,69,22,40.24,manectric-eelektrik,Manectric Eelektrik,1,0.0,overall,2026-05-25T17:11:14.783917+00:00
SVI-PFL,"47,48,49,50,51,52,53,54,55",9,ogerpon-meganium,Ogerpon Meganium,20,49,69,22,40.24,dragapult-ex,Dragapult,1,33.33,overall,2026-05-25T17:11:14.783917+00:00
SVI-PFL,"47,48,49,50,51,52,53,54,55",9,ogerpon-meganium,Ogerpon Meganium,20,49,69,22,40.24,greninja-ex,Greninja,1,0.0,overall,2026-05-25T17:11:14.783917+00:00
SVI-PFL,"47,48,49,50,51,52,53,54,55",9,ogerpon-meganium,Ogerpon Meganium,20,49,69,22,40.24,mega-venusaur-ex,Mega Venusaur,1,100.0,overall,2026-05-25T17:11:14.783917+00:00
SVI-PFL,"47,48,49,50,51,52,53,54,55",9,ogerpon-meganium,Ogerpon Meganium,20,49,69,22,40.24,tyranitar-jtg,Tyranitar,1,100.0,overall,2026-05-25T17:11:14.783917+00:00
SVI-PFL,"47,48,49,50,51,52,53,54,55",9,ogerpon-meganium,Ogerpon Meganium,20,49,69,22,40.24,conkeldurr-twm,Conkeldurr,1,0.0,overall,2026-05-25T17:11:14.783917+00:00
SVI-PFL,"47,48,49,50,51,52,53,54,55",9,ogerpon-meganium,Ogerpon Meganium,20,49,69,22,40.24,dragapult-charizard,Dragapult Charizard,1,100.0,overall,2026-05-25T17:11:14.783917+00:00
SVI-PFL,"47,48,49,50,51,52,53,54,55",9,ogerpon-meganium,Ogerpon Meganium,20,49,69,22,40.24,crustle-dri,Crustle,1,100.0,overall,2026-05-25T17:11:14.783917+00:00
SVI-PFL,"47,48,49,50,51,52,53,54,55",9,okidogi-ex,Okidogi,5,13,21,6,37.5,dragapult-dusknoir,Dragapult Dusknoir,9,33.33,overall,2026-05-25T17:11:17.744676+00:00
SVI-PFL,"47,48,49,50,51,52,53,54,55",9,okidogi-ex,Okidogi,5,13,21,6,37.5,gholdengo-lunatone,Gholdengo Lunatone,5,20.0,overall,2026-05-25T17:11:17.744676+00:00
SVI-PFL,"47,48,49,50,51,52,53,54,55",9,okidogi-ex,Okidogi,5,13,21,6,37.5,gardevoir-ex-sv,Gardevoir,4,58.33,overall,2026-05-25T17:11:17.744676+00:00
SVI-PFL,"47,48,49,50,51,52,53,54,55",9,okidogi-ex,Okidogi,5,13,21,6,37.5,ceruledge-ex,Ceruledge,3,11.11,overall,2026-05-25T17:11:17.744676+00:00
SVI-PFL,"47,48,49,50,51,52,53,54,55",9,okidogi-ex,Okidogi,5,13,21,6,37.5,cynthia-garchomp-ex,Cynthia's Garchomp,3,11.11,overall,2026-05-25T17:11:17.744676+00:00
SVI-PFL,"47,48,49,50,51,52,53,54,55",9,okidogi-ex,Okidogi,5,13,21,6,37.5,charizard-noctowl,Charizard Noctowl,2,0.0,overall,2026-05-25T17:11:17.744676+00:00
SVI-PFL,"47,48,49,50,51,52,53,54,55",9,okidogi-ex,Okidogi,5,13,21,6,37.5,grimmsnarl-froslass,Grimmsnarl Froslass,2,100.0,overall,2026-05-25T17:11:17.744676+00:00
SVI-PFL,"47,48,49,50,51,52,53,54,55",9,okidogi-ex,Okidogi,5,13,21,6,37.5,gardevoir-jellicent,Gardevoir Jellicent,2,50.0,overall,2026-05-25T17:11:17.744676+00:00
SVI-PFL,"47,48,49,50,51,52,53,54,55",9,okidogi-ex,Okidogi,5,13,21,6,37.5,charizard-pidgeot,Charizard Pidgeot,2,50.0,overall,2026-05-25T17:11:17.744676+00:00
SVI-PFL,"47,48,49,50,51,52,53,54,55",9,okidogi-ex,Okidogi,5,13,21,6,37.5,conkeldurr-twm,Conkeldurr,1,100.0,overall,2026-05-25T17:11:17.744676+00:00
SVI-PFL,"47,48,49,50,51,52,53,54,55",9,okidogi-ex,Okidogi,5,13,21,6,37.5,sharpedo-toxtricity,Sharpedo Toxtricity,1,0.0,overall,2026-05-25T17:11:17.744676+00:00
SVI-PFL,"47,48,49,50,51,52,53,54,55",9,okidogi-ex,Okidogi,5,13,21,6,37.5,reging-bolt-bellibolt,Raging Bolt Bellibolt,1,100.0,overall,2026-05-25T17:11:17.744676+00:00
SVI-PFL,"47,48,49,50,51,52,53,54,55",9,okidogi-ex,Okidogi,5,13,21,6,37.5,iron-hands-magneton,Iron Hands Magneton,1,100.0,overall,2026-05-25T17:11:17.744676+00:00
SVI-PFL,"47,48,49,50,51,52,53,54,55",9,okidogi-ex,Okidogi,5,13,21,6,37.5,dragapult-charizard,Dragapult Charizard,1,0.0,overall,2026-05-25T17:11:17.744676+00:00
SVI-PFL,"47,48,49,50,51,52,53,54,55",9,okidogi-ex,Okidogi,5,13,21,6,37.5,mega-absol-box,Mega Absol Box,1,0.0,overall,2026-05-25T17:11:17.744676+00:00
SVI-PFL,"47,48,49,50,51,52,53,54,55",9,okidogi-ex,Okidogi,5,13,21,6,37.5,mega-venusaur-ex,Mega Venusaur,1,100.0,overall,2026-05-25T17:11:17.744676+00:00
SVI-PFL,"47,48,49,50,51,52,53,54,55",9,okidogi-ex,Okidogi,5,13,21,6,37.5,raging-bolt-ogerpon,Raging Bolt Ogerpon,1,0.0,overall,2026-05-25T17:11:17.744676+00:00
SVI-PFL,"47,48,49,50,51,52,53,54,55",9,okidogi-twm,Okidogi,8,20,27,6,41.51,charizard-noctowl,Charizard Noctowl,8,29.17,overall,2026-05-25T17:11:20.639422+00:00
SVI-PFL,"47,48,49,50,51,52,53,54,55",9,okidogi-twm,Okidogi,8,20,27,6,41.51,dragapult-dusknoir,Dragapult Dusknoir,8,25.0,overall,2026-05-25T17:11:20.639422+00:00
SVI-PFL,"47,48,49,50,51,52,53,54,55",9,okidogi-twm,Okidogi,8,20,27,6,41.51,gholdengo-lunatone,Gholdengo Lunatone,5,66.67,overall,2026-05-25T17:11:20.639422+00:00
SVI-PFL,"47,48,49,50,51,52,53,54,55",9,okidogi-twm,Okidogi,8,20,27,6,41.51,n-zoroark,N's Zoroark,4,33.33,overall,2026-05-25T17:11:20.639422+00:00
SVI-PFL,"47,48,49,50,51,52,53,54,55",9,okidogi-twm,Okidogi,8,20,27,6,41.51,charizard-pidgeot,Charizard Pidgeot,3,33.33,overall,2026-05-25T17:11:20.639422+00:00
SVI-PFL,"47,48,49,50,51,52,53,54,55",9,okidogi-twm,Okidogi,8,20,27,6,41.51,gardevoir-ex-sv,Gardevoir,3,0.0,overall,2026-05-25T17:11:20.639422+00:00
SVI-PFL,"47,48,49,50,51,52,53,54,55",9,okidogi-twm,Okidogi,8,20,27,6,41.51,raging-bolt-ogerpon,Raging Bolt Ogerpon,3,66.67,overall,2026-05-25T17:11:20.639422+00:00
SVI-PFL,"47,48,49,50,51,52,53,54,55",9,okidogi-twm,Okidogi,8,20,27,6,41.51,gardevoir-jellicent,Gardevoir Jellicent,3,44.44,overall,2026-05-25T17:11:20.639422+00:00
SVI-PFL,"47,48,49,50,51,52,53,54,55",9,okidogi-twm,Okidogi,8,20,27,6,41.51,other,Other,2,50.0,overall,2026-05-25T17:11:20.639422+00:00
SVI-PFL,"47,48,49,50,51,52,53,54,55",9,okidogi-twm,Okidogi,8,20,27,6,41.51,tera-box,Tera Box,2,50.0,overall,2026-05-25T17:11:20.639422+00:00
SVI-PFL,"47,48,49,50,51,52,53,54,55",9,okidogi-twm,Okidogi,8,20,27,6,41.51,alakazam-dudunsparce,Alakazam Dudunsparce,2,0.0,overall,2026-05-25T17:11:20.639422+00:00
SVI-PFL,"47,48,49,50,51,52,53,54,55",9,okidogi-twm,Okidogi,8,20,27,6,41.51,mega-absol-box,Mega Absol Box,2,50.0,overall,2026-05-25T17:11:20.639422+00:00
SVI-PFL,"47,48,49,50,51,52,53,54,55",9,okidogi-twm,Okidogi,8,20,27,6,41.51,grimmsnarl-froslass,Grimmsnarl Froslass,1,33.33,overall,2026-05-25T17:11:20.639422+00:00
SVI-PFL,"47,48,49,50,51,52,53,54,55",9,okidogi-twm,Okidogi,8,20,27,6,41.51,manectric-eelektrik,Manectric Eelektrik,1,100.0,overall,2026-05-25T17:11:20.639422+00:00
SVI-PFL,"47,48,49,50,51,52,53,54,55",9,okidogi-twm,Okidogi,8,20,27,6,41.51,ceruledge-ex,Ceruledge,1,100.0,overall,2026-05-25T17:11:20.639422+00:00
SVI-PFL,"47,48,49,50,51,52,53,54,55",9,okidogi-twm,Okidogi,8,20,27,6,41.51,dragapult-charizard,Dragapult Charizard,1,100.0,overall,2026-05-25T17:11:20.639422+00:00
SVI-PFL,"47,48,49,50,51,52,53,54,55",9,okidogi-twm,Okidogi,8,20,27,6,41.51,greninja-ex,Greninja,1,0.0,overall,2026-05-25T17:11:20.639422+00:00
SVI-PFL,"47,48,49,50,51,52,53,54,55",9,okidogi-twm,Okidogi,8,20,27,6,41.51,joltik-box,Joltik Box,1,100.0,overall,2026-05-25T17:11:20.639422+00:00
SVI-PFL,"47,48,49,50,51,52,53,54,55",9,okidogi-twm,Okidogi,8,20,27,6,41.51,lucario-hariyama,Lucario Hariyama,1,100.0,overall,2026-05-25T17:11:20.639422+00:00
SVI-PFL,"47,48,49,50,51,52,53,54,55",9,other,Other,130,278,489,136,35.81,gholdengo-lunatone,Gholdengo Lunatone,138,35.75,overall,2026-05-25T17:11:23.543804+00:00
SVI-PFL,"47,48,49,50,51,52,53,54,55",9,other,Other,130,278,489,136,35.81,dragapult-dusknoir,Dragapult Dusknoir,132,39.14,overall,2026-05-25T17:11:23.543804+00:00
SVI-PFL,"47,48,49,50,51,52,53,54,55",9,other,Other,130,278,489,136,35.81,charizard-noctowl,Charizard Noctowl,64,41.67,overall,2026-05-25T17:11:23.543804+00:00
SVI-PFL,"47,48,49,50,51,52,53,54,55",9,other,Other,130,278,489,136,35.81,gardevoir-jellicent,Gardevoir Jellicent,56,42.26,overall,2026-05-25T17:11:23.543804+00:00
SVI-PFL,"47,48,49,50,51,52,53,54,55",9,other,Other,130,278,489,136,35.81,gardevoir-ex-sv,Gardevoir,47,22.7,overall,2026-05-25T17:11:23.543804+00:00
SVI-PFL,"47,48,49,50,51,52,53,54,55",9,other,Other,130,278,489,136,35.81,charizard-pidgeot,Charizard Pidgeot,41,39.84,overall,2026-05-25T17:11:23.543804+00:00
SVI-PFL,"47,48,49,50,51,52,53,54,55",9,other,Other,130,278,489,136,35.81,raging-bolt-ogerpon,Raging Bolt Ogerpon,40,33.33,overall,2026-05-25T17:11:23.543804+00:00
SVI-PFL,"47,48,49,50,51,52,53,54,55",9,other,Other,130,278,489,136,35.81,mega-absol-box,Mega Absol Box,38,33.33,overall,2026-05-25T17:11:23.543804+00:00
SVI-PFL,"47,48,49,50,51,52,53,54,55",9,other,Other,130,278,489,136,35.81,grimmsnarl-froslass,Grimmsnarl Froslass,36,32.41,overall,2026-05-25T17:11:23.543804+00:00
SVI-PFL,"47,48,49,50,51,52,53,54,55",9,other,Other,130,278,489,136,35.81,n-zoroark,N's Zoroark,34,40.2,overall,2026-05-25T17:11:23.543804+00:00
SVI-PFL,"47,48,49,50,51,52,53,54,55",9,other,Other,130,278,489,136,35.81,ceruledge-ex,Ceruledge,24,48.61,overall,2026-05-25T17:11:23.543804+00:00
SVI-PFL,"47,48,49,50,51,52,53,54,55",9,other,Other,130,278,489,136,35.81,dragapult-charizard,Dragapult Charizard,19,49.12,overall,2026-05-25T17:11:23.543804+00:00
SVI-PFL,"47,48,49,50,51,52,53,54,55",9,other,Other,130,278,489,136,35.81,alakazam-dudunsparce,Alakazam Dudunsparce,17,13.73,overall,2026-05-25T17:11:23.543804+00:00
SVI-PFL,"47,48,49,50,51,52,53,54,55",9,other,Other,130,278,489,136,35.81,lopunny-dusknoir,Lopunny Dusknoir,15,20.0,overall,2026-05-25T17:11:23.543804+00:00
SVI-PFL,"47,48,49,50,51,52,53,54,55",9,other,Other,130,278,489,136,35.81,tera-box,Tera Box,15,22.22,overall,2026-05-25T17:11:23.543804+00:00
SVI-PFL,"47,48,49,50,51,52,53,54,55",9,other,Other,130,278,489,136,35.81,kangaskhan-bouffalant,Kangaskhan Bouffalant,14,30.95,overall,2026-05-25T17:11:23.543804+00:00
SVI-PFL,"47,48,49,50,51,52,53,54,55",9,other,Other,130,278,489,136,35.81,flareon-noctowl,Flareon Noctowl,13,28.21,overall,2026-05-25T17:11:23.543804+00:00
SVI-PFL,"47,48,49,50,51,52,53,54,55",9,other,Other,130,278,489,136,35.81,lucario-hariyama,Lucario Hariyama,11,39.39,overall,2026-05-25T17:11:23.543804+00:00
SVI-PFL,"47,48,49,50,51,52,53,54,55",9,other,Other,130,278,489,136,35.81,joltik-box,Joltik Box,10,40.0,overall,2026-05-25T17:11:23.543804+00:00
SVI-PFL,"47,48,49,50,51,52,53,54,55",9,other,Other,130,278,489,136,35.81,iron-hands-magneton,Iron Hands Magneton,9,25.93,overall,2026-05-25T17:11:23.543804+00:00
SVI-PFL,"47,48,49,50,51,52,53,54,55",9,other,Other,130,278,489,136,35.81,mega-venusaur-ex,Mega Venusaur,8,25.0,overall,2026-05-25T17:11:23.543804+00:00
SVI-PFL,"47,48,49,50,51,52,53,54,55",9,other,Other,130,278,489,136,35.81,slowking-scr,Slowking,7,47.62,overall,2026-05-25T17:11:23.543804+00:00
SVI-PFL,"47,48,49,50,51,52,53,54,55",9,other,Other,130,278,489,136,35.81,rocket-mewtwo-ex,Rocket's Mewtwo,7,33.33,overall,2026-05-25T17:11:23.543804+00:00
SVI-PFL,"47,48,49,50,51,52,53,54,55",9,other,Other,130,278,489,136,35.81,dragapult-blaziken,Dragapult Blaziken,5,26.67,overall,2026-05-25T17:11:23.543804+00:00
SVI-PFL,"47,48,49,50,51,52,53,54,55",9,other,Other,130,278,489,136,35.81,sharpedo-toxtricity,Sharpedo Toxtricity,5,13.33,overall,2026-05-25T17:11:23.543804+00:00
SVI-PFL,"47,48,49,50,51,52,53,54,55",9,other,Other,130,278,489,136,35.81,hydrapple-ogerpon,Hydrapple Ogerpon,5,26.67,overall,2026-05-25T17:11:23.543804+00:00
SVI-PFL,"47,48,49,50,51,52,53,54,55",9,other,Other,130,278,489,136,35.81,ethan-typhlosion,Ethan's Typhlosion,4,0.0,overall,2026-05-25T17:11:23.543804+00:00
SVI-PFL,"47,48,49,50,51,52,53,54,55",9,other,Other,130,278,489,136,35.81,greninja-ex,Greninja,4,25.0,overall,2026-05-25T17:11:23.543804+00:00
SVI-PFL,"47,48,49,50,51,52,53,54,55",9,other,Other,130,278,489,136,35.81,conkeldurr-twm,Conkeldurr,4,25.0,overall,2026-05-25T17:11:23.543804+00:00
SVI-PFL,"47,48,49,50,51,52,53,54,55",9,other,Other,130,278,489,136,35.81,other,Other,4,45.83,overall,2026-05-25T17:11:23.543804+00:00
SVI-PFL,"47,48,49,50,51,52,53,54,55",9,other,Other,130,278,489,136,35.81,crustle-dri,Crustle,3,44.44,overall,2026-05-25T17:11:23.543804+00:00
SVI-PFL,"47,48,49,50,51,52,53,54,55",9,other,Other,130,278,489,136,35.81,manectric-eelektrik,Manectric Eelektrik,3,33.33,overall,2026-05-25T17:11:23.543804+00:00
SVI-PFL,"47,48,49,50,51,52,53,54,55",9,other,Other,130,278,489,136,35.81,dragapult-ex,Dragapult,3,33.33,overall,2026-05-25T17:11:23.543804+00:00
SVI-PFL,"47,48,49,50,51,52,53,54,55",9,other,Other,130,278,489,136,35.81,gholdengo-ex,Gholdengo,3,66.67,overall,2026-05-25T17:11:23.543804+00:00
SVI-PFL,"47,48,49,50,51,52,53,54,55",9,other,Other,130,278,489,136,35.81,pidgeot-control,Pidgeot Control,3,100.0,overall,2026-05-25T17:11:23.543804+00:00
SVI-PFL,"47,48,49,50,51,52,53,54,55",9,other,Other,130,278,489,136,35.81,seaking-pre,Seaking Festival Lead,3,11.11,overall,2026-05-25T17:11:23.543804+00:00
SVI-PFL,"47,48,49,50,51,52,53,54,55",9,other,Other,130,278,489,136,35.81,gholdengo-typhlosion,Gholdengo Typhlosion,2,0.0,overall,2026-05-25T17:11:23.543804+00:00
SVI-PFL,"47,48,49,50,51,52,53,54,55",9,other,Other,130,278,489,136,35.81,cynthia-garchomp-ex,Cynthia's Garchomp,2,0.0,overall,2026-05-25T17:11:23.543804+00:00
SVI-PFL,"47,48,49,50,51,52,53,54,55",9,other,Other,130,278,489,136,35.81,mega-lopunny-ex,Mega Lopunny,2,50.0,overall,2026-05-25T17:11:23.543804+00:00
SVI-PFL,"47,48,49,50,51,52,53,54,55",9,other,Other,130,278,489,136,35.81,hydreigon-ex,Hydreigon,2,50.0,overall,2026-05-25T17:11:23.543804+00:00
SVI-PFL,"47,48,49,50,51,52,53,54,55",9,other,Other,130,278,489,136,35.81,wugtrio-svi,Wugtrio Mill,2,50.0,overall,2026-05-25T17:11:23.543804+00:00
SVI-PFL,"47,48,49,50,51,52,53,54,55",9,other,Other,130,278,489,136,35.81,ursaluna-lunatone,Ursaluna Lunatone,2,16.67,overall,2026-05-25T17:11:23.543804+00:00
SVI-PFL,"47,48,49,50,51,52,53,54,55",9,other,Other,130,278,489,136,35.81,roaring-moon-ex,Roaring Moon,2,100.0,overall,2026-05-25T17:11:23.543804+00:00
SVI-PFL,"47,48,49,50,51,52,53,54,55",9,other,Other,130,278,489,136,35.81,marnie-grimmsnarl-ex,Marnie's Grimmsnarl,2,100.0,overall,2026-05-25T17:11:23.543804+00:00
SVI-PFL,"47,48,49,50,51,52,53,54,55",9,other,Other,130,278,489,136,35.81,froslass-munkidori,Froslass Munkidori,2,50.0,overall,2026-05-25T17:11:23.543804+00:00
SVI-PFL,"47,48,49,50,51,52,53,54,55",9,other,Other,130,278,489,136,35.81,toxtricity-pfl,Toxtricity Box,2,0.0,overall,2026-05-25T17:11:23.543804+00:00
SVI-PFL,"47,48,49,50,51,52,53,54,55",9,other,Other,130,278,489,136,35.81,mega-lucario-ex,Mega Lucario,2,0.0,overall,2026-05-25T17:11:23.543804+00:00
SVI-PFL,"47,48,49,50,51,52,53,54,55",9,other,Other,130,278,489,136,35.81,okidogi-twm,Okidogi,2,50.0,overall,2026-05-25T17:11:23.543804+00:00
SVI-PFL,"47,48,49,50,51,52,53,54,55",9,other,Other,130,278,489,136,35.81,ho-oh-armarouge,Ho-Oh Armarouge,2,16.67,overall,2026-05-25T17:11:23.543804+00:00
SVI-PFL,"47,48,49,50,51,52,53,54,55",9,other,Other,130,278,489,136,35.81,charizard-ex,Charizard,2,0.0,overall,2026-05-25T17:11:23.543804+00:00
SVI-PFL,"47,48,49,50,51,52,53,54,55",9,other,Other,130,278,489,136,35.81,festival-lead,Festival Lead,2,50.0,overall,2026-05-25T17:11:23.543804+00:00
SVI-PFL,"47,48,49,50,51,52,53,54,55",9,other,Other,130,278,489,136,35.81,charizard-dragapult,Charizard Dragapult,1,0.0,overall,2026-05-25T17:11:23.543804+00:00
SVI-PFL,"47,48,49,50,51,52,53,54,55",9,other,Other,130,278,489,136,35.81,heatran-metang,Heatran Metang,1,33.33,overall,2026-05-25T17:11:23.543804+00:00
SVI-PFL,"47,48,49,50,51,52,53,54,55",9,other,Other,130,278,489,136,35.81,ogerpon-meganium,Ogerpon Meganium,1,0.0,overall,2026-05-25T17:11:23.543804+00:00
SVI-PFL,"47,48,49,50,51,52,53,54,55",9,other,Other,130,278,489,136,35.81,hop-zacian,Hop's Zacian,1,0.0,overall,2026-05-25T17:11:23.543804+00:00
SVI-PFL,"47,48,49,50,51,52,53,54,55",9,other,Other,130,278,489,136,35.81,palafin-ex,Palafin,1,100.0,overall,2026-05-25T17:11:23.543804+00:00
SVI-PFL,"47,48,49,50,51,52,53,54,55",9,other,Other,130,278,489,136,35.81,espathra-ex,Espathra,1,33.33,overall,2026-05-25T17:11:23.543804+00:00
SVI-PFL,"47,48,49,50,51,52,53,54,55",9,other,Other,130,278,489,136,35.81,espathra-xatu,Espathra Xatu,1,100.0,overall,2026-05-25T17:11:23.543804+00:00
SVI-PFL,"47,48,49,50,51,52,53,54,55",9,other,Other,130,278,489,136,35.81,mega-manectric-ex-meg,Mega Manectric,1,100.0,overall,2026-05-25T17:11:23.543804+00:00
SVI-PFL,"47,48,49,50,51,52,53,54,55",9,other,Other,130,278,489,136,35.81,great-tusk-tef,Great Tusk Mill,1,100.0,overall,2026-05-25T17:11:23.543804+00:00
SVI-PFL,"47,48,49,50,51,52,53,54,55",9,other,Other,130,278,489,136,35.81,miraidon-ex,Miraidon,1,0.0,overall,2026-05-25T17:11:23.543804+00:00
SVI-PFL,"47,48,49,50,51,52,53,54,55",9,other,Other,130,278,489,136,35.81,toedscruel-ex,Toedscruel,1,0.0,overall,2026-05-25T17:11:23.543804+00:00
SVI-PFL,"47,48,49,50,51,52,53,54,55",9,other,Other,130,278,489,136,35.81,tinkaton-ex,Tinkaton,1,0.0,overall,2026-05-25T17:11:23.543804+00:00
SVI-PFL,"47,48,49,50,51,52,53,54,55",9,other,Other,130,278,489,136,35.81,yanmega-ex,Yanmega,1,0.0,overall,2026-05-25T17:11:23.543804+00:00
SVI-PFL,"47,48,49,50,51,52,53,54,55",9,other,Other,130,278,489,136,35.81,copperajah-ex,Copperajah,1,100.0,overall,2026-05-25T17:11:23.543804+00:00
SVI-PFL,"47,48,49,50,51,52,53,54,55",9,other,Other,130,278,489,136,35.81,iron-thorns-crustle,Iron Thorns Crustle,1,0.0,overall,2026-05-25T17:11:23.543804+00:00
SVI-PFL,"47,48,49,50,51,52,53,54,55",9,other,Other,130,278,489,136,35.81,tsareena-ex,Tsareena,1,100.0,overall,2026-05-25T17:11:23.543804+00:00
SVI-PFL,"47,48,49,50,51,52,53,54,55",9,other,Other,130,278,489,136,35.81,gholdengo-joltik-box,Gholdengo Joltik Box,1,33.33,overall,2026-05-25T17:11:23.543804+00:00
SVI-PFL,"47,48,49,50,51,52,53,54,55",9,other,Other,130,278,489,136,35.81,mega-kangaskhan-ex,Mega Kangaskhan,1,0.0,overall,2026-05-25T17:11:23.543804+00:00
SVI-PFL,"47,48,49,50,51,52,53,54,55",9,other,Other,130,278,489,136,35.81,kangaskhan-forretress,Kangaskhan Forretress,1,0.0,overall,2026-05-25T17:11:23.543804+00:00
SVI-PFL,"47,48,49,50,51,52,53,54,55",9,palafin-ex,Palafin,6,14,21,13,38.19,dragapult-dusknoir,Dragapult Dusknoir,8,25.0,overall,2026-05-25T17:11:26.449821+00:00
SVI-PFL,"47,48,49,50,51,52,53,54,55",9,palafin-ex,Palafin,6,14,21,13,38.19,gholdengo-lunatone,Gholdengo Lunatone,6,38.89,overall,2026-05-25T17:11:26.449821+00:00
SVI-PFL,"47,48,49,50,51,52,53,54,55",9,palafin-ex,Palafin,6,14,21,13,38.19,n-zoroark,N's Zoroark,5,66.67,overall,2026-05-25T17:11:26.449821+00:00
SVI-PFL,"47,48,49,50,51,52,53,54,55",9,palafin-ex,Palafin,6,14,21,13,38.19,charizard-pidgeot,Charizard Pidgeot,4,58.33,overall,2026-05-25T17:11:26.449821+00:00
SVI-PFL,"47,48,49,50,51,52,53,54,55",9,palafin-ex,Palafin,6,14,21,13,38.19,gardevoir-ex-sv,Gardevoir,4,83.33,overall,2026-05-25T17:11:26.449821+00:00
SVI-PFL,"47,48,49,50,51,52,53,54,55",9,palafin-ex,Palafin,6,14,21,13,38.19,charizard-noctowl,Charizard Noctowl,3,11.11,overall,2026-05-25T17:11:26.449821+00:00
SVI-PFL,"47,48,49,50,51,52,53,54,55",9,palafin-ex,Palafin,6,14,21,13,38.19,mega-absol-box,Mega Absol Box,3,0.0,overall,2026-05-25T17:11:26.449821+00:00
SVI-PFL,"47,48,49,50,51,52,53,54,55",9,palafin-ex,Palafin,6,14,21,13,38.19,kangaskhan-bouffalant,Kangaskhan Bouffalant,2,16.67,overall,2026-05-25T17:11:26.449821+00:00
SVI-PFL,"47,48,49,50,51,52,53,54,55",9,palafin-ex,Palafin,6,14,21,13,38.19,alakazam-dudunsparce,Alakazam Dudunsparce,2,66.67,overall,2026-05-25T17:11:26.449821+00:00
SVI-PFL,"47,48,49,50,51,52,53,54,55",9,palafin-ex,Palafin,6,14,21,13,38.19,ursaluna-lunatone,Ursaluna Lunatone,1,33.33,overall,2026-05-25T17:11:26.449821+00:00
SVI-PFL,"47,48,49,50,51,52,53,54,55",9,palafin-ex,Palafin,6,14,21,13,38.19,tera-box,Tera Box,1,0.0,overall,2026-05-25T17:11:26.449821+00:00
SVI-PFL,"47,48,49,50,51,52,53,54,55",9,palafin-ex,Palafin,6,14,21,13,38.19,toxtricity-pfl,Toxtricity Box,1,0.0,overall,2026-05-25T17:11:26.449821+00:00
SVI-PFL,"47,48,49,50,51,52,53,54,55",9,palafin-ex,Palafin,6,14,21,13,38.19,ceruledge-ex,Ceruledge,1,100.0,overall,2026-05-25T17:11:26.449821+00:00
SVI-PFL,"47,48,49,50,51,52,53,54,55",9,palafin-ex,Palafin,6,14,21,13,38.19,dragapult-charizard,Dragapult Charizard,1,33.33,overall,2026-05-25T17:11:26.449821+00:00
SVI-PFL,"47,48,49,50,51,52,53,54,55",9,palafin-ex,Palafin,6,14,21,13,38.19,gardevoir-jellicent,Gardevoir Jellicent,1,33.33,overall,2026-05-25T17:11:26.449821+00:00
SVI-PFL,"47,48,49,50,51,52,53,54,55",9,palafin-ex,Palafin,6,14,21,13,38.19,raging-bolt-ogerpon,Raging Bolt Ogerpon,1,0.0,overall,2026-05-25T17:11:26.449821+00:00
SVI-PFL,"47,48,49,50,51,52,53,54,55",9,palafin-ex,Palafin,6,14,21,13,38.19,gholdengo-ex,Gholdengo,1,0.0,overall,2026-05-25T17:11:26.449821+00:00
SVI-PFL,"47,48,49,50,51,52,53,54,55",9,palafin-ex,Palafin,6,14,21,13,38.19,conkeldurr-twm,Conkeldurr,1,100.0,overall,2026-05-25T17:11:26.449821+00:00
SVI-PFL,"47,48,49,50,51,52,53,54,55",9,palafin-ex,Palafin,6,14,21,13,38.19,other,Other,1,0.0,overall,2026-05-25T17:11:26.449821+00:00
SVI-PFL,"47,48,49,50,51,52,53,54,55",9,palafin-ex,Palafin,6,14,21,13,38.19,blaziken-ex-jtg,Blaziken,1,0.0,overall,2026-05-25T17:11:26.449821+00:00
SVI-PFL,"47,48,49,50,51,52,53,54,55",9,paldean-tauros-pfl,Paldean Tauros,5,10,22,5,31.53,charizard-noctowl,Charizard Noctowl,6,44.44,overall,2026-05-25T17:11:29.323620+00:00
SVI-PFL,"47,48,49,50,51,52,53,54,55",9,paldean-tauros-pfl,Paldean Tauros,5,10,22,5,31.53,gholdengo-lunatone,Gholdengo Lunatone,4,33.33,overall,2026-05-25T17:11:29.323620+00:00
SVI-PFL,"47,48,49,50,51,52,53,54,55",9,paldean-tauros-pfl,Paldean Tauros,5,10,22,5,31.53,alakazam-dudunsparce,Alakazam Dudunsparce,3,66.67,overall,2026-05-25T17:11:29.323620+00:00
SVI-PFL,"47,48,49,50,51,52,53,54,55",9,paldean-tauros-pfl,Paldean Tauros,5,10,22,5,31.53,dragapult-dusknoir,Dragapult Dusknoir,3,33.33,overall,2026-05-25T17:11:29.323620+00:00
SVI-PFL,"47,48,49,50,51,52,53,54,55",9,paldean-tauros-pfl,Paldean Tauros,5,10,22,5,31.53,gardevoir-ex-sv,Gardevoir,2,0.0,overall,2026-05-25T17:11:29.323620+00:00
SVI-PFL,"47,48,49,50,51,52,53,54,55",9,paldean-tauros-pfl,Paldean Tauros,5,10,22,5,31.53,kangaskhan-bouffalant,Kangaskhan Bouffalant,2,16.67,overall,2026-05-25T17:11:29.323620+00:00
SVI-PFL,"47,48,49,50,51,52,53,54,55",9,paldean-tauros-pfl,Paldean Tauros,5,10,22,5,31.53,n-zoroark,N's Zoroark,2,0.0,overall,2026-05-25T17:11:29.323620+00:00
SVI-PFL,"47,48,49,50,51,52,53,54,55",9,paldean-tauros-pfl,Paldean Tauros,5,10,22,5,31.53,flareon-noctowl,Flareon Noctowl,1,0.0,overall,2026-05-25T17:11:29.323620+00:00
SVI-PFL,"47,48,49,50,51,52,53,54,55",9,paldean-tauros-pfl,Paldean Tauros,5,10,22,5,31.53,grimmsnarl-froslass,Grimmsnarl Froslass,1,0.0,overall,2026-05-25T17:11:29.323620+00:00
SVI-PFL,"47,48,49,50,51,52,53,54,55",9,paldean-tauros-pfl,Paldean Tauros,5,10,22,5,31.53,toxtricity-pfl,Toxtricity Box,1,100.0,overall,2026-05-25T17:11:29.323620+00:00
SVI-PFL,"47,48,49,50,51,52,53,54,55",9,paldean-tauros-pfl,Paldean Tauros,5,10,22,5,31.53,ceruledge-ex,Ceruledge,1,0.0,overall,2026-05-25T17:11:29.323620+00:00
SVI-PFL,"47,48,49,50,51,52,53,54,55",9,paldean-tauros-pfl,Paldean Tauros,5,10,22,5,31.53,iron-hands-magneton,Iron Hands Magneton,1,100.0,overall,2026-05-25T17:11:29.323620+00:00
SVI-PFL,"47,48,49,50,51,52,53,54,55",9,paldean-tauros-pfl,Paldean Tauros,5,10,22,5,31.53,archaludon-ex,Archaludon,1,0.0,overall,2026-05-25T17:11:29.323620+00:00
SVI-PFL,"47,48,49,50,51,52,53,54,55",9,paldean-tauros-pfl,Paldean Tauros,5,10,22,5,31.53,seaking-pre,Seaking Festival Lead,1,0.0,overall,2026-05-25T17:11:29.323620+00:00
SVI-PFL,"47,48,49,50,51,52,53,54,55",9,paldean-tauros-pfl,Paldean Tauros,5,10,22,5,31.53,mega-lucario-ex,Mega Lucario,1,100.0,overall,2026-05-25T17:11:29.323620+00:00
SVI-PFL,"47,48,49,50,51,52,53,54,55",9,paldean-tauros-pfl,Paldean Tauros,5,10,22,5,31.53,iron-thorns-crustle,Iron Thorns Crustle,1,100.0,overall,2026-05-25T17:11:29.323620+00:00
SVI-PFL,"47,48,49,50,51,52,53,54,55",9,paldean-tauros-pfl,Paldean Tauros,5,10,22,5,31.53,mega-venusaur-ex,Mega Venusaur,1,33.33,overall,2026-05-25T17:11:29.323620+00:00
SVI-PFL,"47,48,49,50,51,52,53,54,55",9,paldean-tauros-pfl,Paldean Tauros,5,10,22,5,31.53,chien-pao-baxcalibur,Chien-Pao Baxcalibur,1,0.0,overall,2026-05-25T17:11:29.323620+00:00
SVI-PFL,"47,48,49,50,51,52,53,54,55",9,paldean-tauros-pfl,Paldean Tauros,5,10,22,5,31.53,dragapult-charizard,Dragapult Charizard,1,0.0,overall,2026-05-25T17:11:29.323620+00:00
SVI-PFL,"47,48,49,50,51,52,53,54,55",9,paldean-tauros-pfl,Paldean Tauros,5,10,22,5,31.53,greninja-ex,Greninja,1,0.0,overall,2026-05-25T17:11:29.323620+00:00
SVI-PFL,"47,48,49,50,51,52,53,54,55",9,paldean-tauros-pfl,Paldean Tauros,5,10,22,5,31.53,tsareena-ex,Tsareena,1,0.0,overall,2026-05-25T17:11:29.323620+00:00
SVI-PFL,"47,48,49,50,51,52,53,54,55",9,paldean-tauros-pfl,Paldean Tauros,5,10,22,5,31.53,joltik-box,Joltik Box,1,0.0,overall,2026-05-25T17:11:29.323620+00:00
SVI-PFL,"47,48,49,50,51,52,53,54,55",9,pidgeot-control,Pidgeot Control,76,292,266,113,49.13,gholdengo-lunatone,Gholdengo Lunatone,114,51.75,overall,2026-05-25T17:11:32.308015+00:00
SVI-PFL,"47,48,49,50,51,52,53,54,55",9,pidgeot-control,Pidgeot Control,76,292,266,113,49.13,dragapult-dusknoir,Dragapult Dusknoir,94,62.77,overall,2026-05-25T17:11:32.308015+00:00
SVI-PFL,"47,48,49,50,51,52,53,54,55",9,pidgeot-control,Pidgeot Control,76,292,266,113,49.13,gardevoir-jellicent,Gardevoir Jellicent,55,60.0,overall,2026-05-25T17:11:32.308015+00:00
SVI-PFL,"47,48,49,50,51,52,53,54,55",9,pidgeot-control,Pidgeot Control,76,292,266,113,49.13,gardevoir-ex-sv,Gardevoir,49,51.7,overall,2026-05-25T17:11:32.308015+00:00
SVI-PFL,"47,48,49,50,51,52,53,54,55",9,pidgeot-control,Pidgeot Control,76,292,266,113,49.13,charizard-noctowl,Charizard Noctowl,46,39.86,overall,2026-05-25T17:11:32.308015+00:00
SVI-PFL,"47,48,49,50,51,52,53,54,55",9,pidgeot-control,Pidgeot Control,76,292,266,113,49.13,mega-absol-box,Mega Absol Box,34,36.27,overall,2026-05-25T17:11:32.308015+00:00
SVI-PFL,"47,48,49,50,51,52,53,54,55",9,pidgeot-control,Pidgeot Control,76,292,266,113,49.13,grimmsnarl-froslass,Grimmsnarl Froslass,27,30.86,overall,2026-05-25T17:11:32.308015+00:00
SVI-PFL,"47,48,49,50,51,52,53,54,55",9,pidgeot-control,Pidgeot Control,76,292,266,113,49.13,raging-bolt-ogerpon,Raging Bolt Ogerpon,24,48.61,overall,2026-05-25T17:11:32.308015+00:00
SVI-PFL,"47,48,49,50,51,52,53,54,55",9,pidgeot-control,Pidgeot Control,76,292,266,113,49.13,charizard-pidgeot,Charizard Pidgeot,24,40.28,overall,2026-05-25T17:11:32.308015+00:00
SVI-PFL,"47,48,49,50,51,52,53,54,55",9,pidgeot-control,Pidgeot Control,76,292,266,113,49.13,dragapult-charizard,Dragapult Charizard,20,46.67,overall,2026-05-25T17:11:32.308015+00:00
SVI-PFL,"47,48,49,50,51,52,53,54,55",9,pidgeot-control,Pidgeot Control,76,292,266,113,49.13,alakazam-dudunsparce,Alakazam Dudunsparce,18,38.89,overall,2026-05-25T17:11:32.308015+00:00
SVI-PFL,"47,48,49,50,51,52,53,54,55",9,pidgeot-control,Pidgeot Control,76,292,266,113,49.13,n-zoroark,N's Zoroark,17,31.37,overall,2026-05-25T17:11:32.308015+00:00
SVI-PFL,"47,48,49,50,51,52,53,54,55",9,pidgeot-control,Pidgeot Control,76,292,266,113,49.13,ceruledge-ex,Ceruledge,13,66.67,overall,2026-05-25T17:11:32.308015+00:00
SVI-PFL,"47,48,49,50,51,52,53,54,55",9,pidgeot-control,Pidgeot Control,76,292,266,113,49.13,flareon-noctowl,Flareon Noctowl,12,38.89,overall,2026-05-25T17:11:32.308015+00:00
SVI-PFL,"47,48,49,50,51,52,53,54,55",9,pidgeot-control,Pidgeot Control,76,292,266,113,49.13,kangaskhan-bouffalant,Kangaskhan Bouffalant,11,66.67,overall,2026-05-25T17:11:32.308015+00:00
SVI-PFL,"47,48,49,50,51,52,53,54,55",9,pidgeot-control,Pidgeot Control,76,292,266,113,49.13,joltik-box,Joltik Box,10,46.67,overall,2026-05-25T17:11:32.308015+00:00
SVI-PFL,"47,48,49,50,51,52,53,54,55",9,pidgeot-control,Pidgeot Control,76,292,266,113,49.13,crustle-dri,Crustle,9,77.78,overall,2026-05-25T17:11:32.308015+00:00
SVI-PFL,"47,48,49,50,51,52,53,54,55",9,pidgeot-control,Pidgeot Control,76,292,266,113,49.13,lopunny-dusknoir,Lopunny Dusknoir,8,12.5,overall,2026-05-25T17:11:32.308015+00:00
SVI-PFL,"47,48,49,50,51,52,53,54,55",9,pidgeot-control,Pidgeot Control,76,292,266,113,49.13,tera-box,Tera Box,6,72.22,overall,2026-05-25T17:11:32.308015+00:00
SVI-PFL,"47,48,49,50,51,52,53,54,55",9,pidgeot-control,Pidgeot Control,76,292,266,113,49.13,greninja-ex,Greninja,6,33.33,overall,2026-05-25T17:11:32.308015+00:00
SVI-PFL,"47,48,49,50,51,52,53,54,55",9,pidgeot-control,Pidgeot Control,76,292,266,113,49.13,froslass-munkidori,Froslass Munkidori,6,16.67,overall,2026-05-25T17:11:32.308015+00:00
SVI-PFL,"47,48,49,50,51,52,53,54,55",9,pidgeot-control,Pidgeot Control,76,292,266,113,49.13,mega-venusaur-ex,Mega Venusaur,4,8.33,overall,2026-05-25T17:11:32.308015+00:00
SVI-PFL,"47,48,49,50,51,52,53,54,55",9,pidgeot-control,Pidgeot Control,76,292,266,113,49.13,iron-hands-magneton,Iron Hands Magneton,4,50.0,overall,2026-05-25T17:11:32.308015+00:00
SVI-PFL,"47,48,49,50,51,52,53,54,55",9,pidgeot-control,Pidgeot Control,76,292,266,113,49.13,gholdengo-joltik-box,Gholdengo Joltik Box,4,75.0,overall,2026-05-25T17:11:32.308015+00:00
SVI-PFL,"47,48,49,50,51,52,53,54,55",9,pidgeot-control,Pidgeot Control,76,292,266,113,49.13,pidgeot-control,Pidgeot Control,4,45.83,overall,2026-05-25T17:11:32.308015+00:00
SVI-PFL,"47,48,49,50,51,52,53,54,55",9,pidgeot-control,Pidgeot Control,76,292,266,113,49.13,roaring-moon-ex,Roaring Moon,3,33.33,overall,2026-05-25T17:11:32.308015+00:00
SVI-PFL,"47,48,49,50,51,52,53,54,55",9,pidgeot-control,Pidgeot Control,76,292,266,113,49.13,other,Other,3,0.0,overall,2026-05-25T17:11:32.308015+00:00
SVI-PFL,"47,48,49,50,51,52,53,54,55",9,pidgeot-control,Pidgeot Control,76,292,266,113,49.13,hydrapple-ogerpon,Hydrapple Ogerpon,3,33.33,overall,2026-05-25T17:11:32.308015+00:00
SVI-PFL,"47,48,49,50,51,52,53,54,55",9,pidgeot-control,Pidgeot Control,76,292,266,113,49.13,dragapult-blaziken,Dragapult Blaziken,3,33.33,overall,2026-05-25T17:11:32.308015+00:00
SVI-PFL,"47,48,49,50,51,52,53,54,55",9,pidgeot-control,Pidgeot Control,76,292,266,113,49.13,rocket-mewtwo-ex,Rocket's Mewtwo,3,33.33,overall,2026-05-25T17:11:32.308015+00:00
SVI-PFL,"47,48,49,50,51,52,53,54,55",9,pidgeot-control,Pidgeot Control,76,292,266,113,49.13,kangaskhan-forretress,Kangaskhan Forretress,3,66.67,overall,2026-05-25T17:11:32.308015+00:00
SVI-PFL,"47,48,49,50,51,52,53,54,55",9,pidgeot-control,Pidgeot Control,76,292,266,113,49.13,sharpedo-toxtricity,Sharpedo Toxtricity,2,0.0,overall,2026-05-25T17:11:32.308015+00:00
SVI-PFL,"47,48,49,50,51,52,53,54,55",9,pidgeot-control,Pidgeot Control,76,292,266,113,49.13,iron-thorns-crustle,Iron Thorns Crustle,2,100.0,overall,2026-05-25T17:11:32.308015+00:00
SVI-PFL,"47,48,49,50,51,52,53,54,55",9,pidgeot-control,Pidgeot Control,76,292,266,113,49.13,festival-lead,Festival Lead,2,50.0,overall,2026-05-25T17:11:32.308015+00:00
SVI-PFL,"47,48,49,50,51,52,53,54,55",9,pidgeot-control,Pidgeot Control,76,292,266,113,49.13,manectric-eelektrik,Manectric Eelektrik,2,100.0,overall,2026-05-25T17:11:32.308015+00:00
SVI-PFL,"47,48,49,50,51,52,53,54,55",9,pidgeot-control,Pidgeot Control,76,292,266,113,49.13,slowking-scr,Slowking,2,0.0,overall,2026-05-25T17:11:32.308015+00:00
SVI-PFL,"47,48,49,50,51,52,53,54,55",9,pidgeot-control,Pidgeot Control,76,292,266,113,49.13,mega-charizard-x-ex,Mega Charizard X,2,50.0,overall,2026-05-25T17:11:32.308015+00:00
SVI-PFL,"47,48,49,50,51,52,53,54,55",9,pidgeot-control,Pidgeot Control,76,292,266,113,49.13,poison-terapagos,Poison Terapagos,1,33.33,overall,2026-05-25T17:11:32.308015+00:00
SVI-PFL,"47,48,49,50,51,52,53,54,55",9,pidgeot-control,Pidgeot Control,76,292,266,113,49.13,ethan-typhlosion,Ethan's Typhlosion,1,100.0,overall,2026-05-25T17:11:32.308015+00:00
SVI-PFL,"47,48,49,50,51,52,53,54,55",9,pidgeot-control,Pidgeot Control,76,292,266,113,49.13,lucario-hariyama,Lucario Hariyama,1,0.0,overall,2026-05-25T17:11:32.308015+00:00
SVI-PFL,"47,48,49,50,51,52,53,54,55",9,pidgeot-control,Pidgeot Control,76,292,266,113,49.13,espathra-ex,Espathra,1,100.0,overall,2026-05-25T17:11:32.308015+00:00
SVI-PFL,"47,48,49,50,51,52,53,54,55",9,pidgeot-control,Pidgeot Control,76,292,266,113,49.13,alakazam-meg,Alakazam,1,0.0,overall,2026-05-25T17:11:32.308015+00:00
SVI-PFL,"47,48,49,50,51,52,53,54,55",9,pidgeot-control,Pidgeot Control,76,292,266,113,49.13,cynthia-garchomp-ex,Cynthia's Garchomp,1,100.0,overall,2026-05-25T17:11:32.308015+00:00
SVI-PFL,"47,48,49,50,51,52,53,54,55",9,pidgeot-control,Pidgeot Control,76,292,266,113,49.13,great-tusk-tef,Great Tusk Mill,1,33.33,overall,2026-05-25T17:11:32.308015+00:00
SVI-PFL,"47,48,49,50,51,52,53,54,55",9,pidgeot-control,Pidgeot Control,76,292,266,113,49.13,toxtricity-pfl,Toxtricity Box,1,0.0,overall,2026-05-25T17:11:32.308015+00:00
SVI-PFL,"47,48,49,50,51,52,53,54,55",9,pidgeot-control,Pidgeot Control,76,292,266,113,49.13,hydrapple-ex,Hydrapple,1,100.0,overall,2026-05-25T17:11:32.308015+00:00
SVI-PFL,"47,48,49,50,51,52,53,54,55",9,pidgeot-control,Pidgeot Control,76,292,266,113,49.13,wugtrio-svi,Wugtrio Mill,1,100.0,overall,2026-05-25T17:11:32.308015+00:00
SVI-PFL,"47,48,49,50,51,52,53,54,55",9,pidgeot-control,Pidgeot Control,76,292,266,113,49.13,charizard-dragapult,Charizard Dragapult,1,100.0,overall,2026-05-25T17:11:32.308015+00:00
SVI-PFL,"47,48,49,50,51,52,53,54,55",9,pidgeot-control,Pidgeot Control,76,292,266,113,49.13,ogerpon-ex,Ogerpon,1,0.0,overall,2026-05-25T17:11:32.308015+00:00
SVI-PFL,"47,48,49,50,51,52,53,54,55",9,pidgeot-control,Pidgeot Control,76,292,266,113,49.13,hydreigon-ex,Hydreigon,1,100.0,overall,2026-05-25T17:11:32.308015+00:00
SVI-PFL,"47,48,49,50,51,52,53,54,55",9,pidgeot-control,Pidgeot Control,76,292,266,113,49.13,mega-lucario-ex,Mega Lucario,1,100.0,overall,2026-05-25T17:11:32.308015+00:00
SVI-PFL,"47,48,49,50,51,52,53,54,55",9,pidgeot-control,Pidgeot Control,76,292,266,113,49.13,yanmega-ex,Yanmega,1,0.0,overall,2026-05-25T17:11:32.308015+00:00
SVI-PFL,"47,48,49,50,51,52,53,54,55",9,pidgeot-control,Pidgeot Control,76,292,266,113,49.13,ho-oh-armarouge,Ho-Oh Armarouge,1,100.0,overall,2026-05-25T17:11:32.308015+00:00
SVI-PFL,"47,48,49,50,51,52,53,54,55",9,poison-mega-latias,Poison Latias,3,6,14,4,30.56,dragapult-dusknoir,Dragapult Dusknoir,8,33.33,overall,2026-05-25T17:11:35.231387+00:00
SVI-PFL,"47,48,49,50,51,52,53,54,55",9,poison-mega-latias,Poison Latias,3,6,14,4,30.56,charizard-pidgeot,Charizard Pidgeot,4,8.33,overall,2026-05-25T17:11:35.231387+00:00
SVI-PFL,"47,48,49,50,51,52,53,54,55",9,poison-mega-latias,Poison Latias,3,6,14,4,30.56,n-zoroark,N's Zoroark,2,50.0,overall,2026-05-25T17:11:35.231387+00:00
SVI-PFL,"47,48,49,50,51,52,53,54,55",9,poison-mega-latias,Poison Latias,3,6,14,4,30.56,lopunny-dusknoir,Lopunny Dusknoir,1,0.0,overall,2026-05-25T17:11:35.231387+00:00
SVI-PFL,"47,48,49,50,51,52,53,54,55",9,poison-mega-latias,Poison Latias,3,6,14,4,30.56,ceruledge-ex,Ceruledge,1,100.0,overall,2026-05-25T17:11:35.231387+00:00
SVI-PFL,"47,48,49,50,51,52,53,54,55",9,poison-mega-latias,Poison Latias,3,6,14,4,30.56,gardevoir-ex-sv,Gardevoir,1,100.0,overall,2026-05-25T17:11:35.231387+00:00
SVI-PFL,"47,48,49,50,51,52,53,54,55",9,poison-mega-latias,Poison Latias,3,6,14,4,30.56,gardevoir-jellicent,Gardevoir Jellicent,1,0.0,overall,2026-05-25T17:11:35.231387+00:00
SVI-PFL,"47,48,49,50,51,52,53,54,55",9,poison-mega-latias,Poison Latias,3,6,14,4,30.56,grimmsnarl-froslass,Grimmsnarl Froslass,1,0.0,overall,2026-05-25T17:11:35.231387+00:00
SVI-PFL,"47,48,49,50,51,52,53,54,55",9,poison-mega-latias,Poison Latias,3,6,14,4,30.56,yanmega-ex,Yanmega,1,0.0,overall,2026-05-25T17:11:35.231387+00:00
SVI-PFL,"47,48,49,50,51,52,53,54,55",9,poison-mega-latias,Poison Latias,3,6,14,4,30.56,flareon-noctowl,Flareon Noctowl,1,100.0,overall,2026-05-25T17:11:35.231387+00:00
SVI-PFL,"47,48,49,50,51,52,53,54,55",9,poison-mega-latias,Poison Latias,3,6,14,4,30.56,ho-oh-armarouge,Ho-Oh Armarouge,1,0.0,overall,2026-05-25T17:11:35.231387+00:00
SVI-PFL,"47,48,49,50,51,52,53,54,55",9,poison-mega-latias,Poison Latias,3,6,14,4,30.56,alakazam-dudunsparce,Alakazam Dudunsparce,1,33.33,overall,2026-05-25T17:11:35.231387+00:00
SVI-PFL,"47,48,49,50,51,52,53,54,55",9,poison-mega-latias,Poison Latias,3,6,14,4,30.56,kangaskhan-bouffalant,Kangaskhan Bouffalant,1,0.0,overall,2026-05-25T17:11:35.231387+00:00
SVI-PFL,"47,48,49,50,51,52,53,54,55",9,poison-terapagos,Poison Terapagos,2,4,6,6,37.5,gholdengo-lunatone,Gholdengo Lunatone,3,22.22,overall,2026-05-25T17:11:38.137049+00:00
SVI-PFL,"47,48,49,50,51,52,53,54,55",9,poison-terapagos,Poison Terapagos,2,4,6,6,37.5,dragapult-dusknoir,Dragapult Dusknoir,3,66.67,overall,2026-05-25T17:11:38.137049+00:00
SVI-PFL,"47,48,49,50,51,52,53,54,55",9,poison-terapagos,Poison Terapagos,2,4,6,6,37.5,charizard-noctowl,Charizard Noctowl,2,0.0,overall,2026-05-25T17:11:38.137049+00:00
SVI-PFL,"47,48,49,50,51,52,53,54,55",9,poison-terapagos,Poison Terapagos,2,4,6,6,37.5,mega-absol-box,Mega Absol Box,1,33.33,overall,2026-05-25T17:11:38.137049+00:00
SVI-PFL,"47,48,49,50,51,52,53,54,55",9,poison-terapagos,Poison Terapagos,2,4,6,6,37.5,zoroark-crustle,Zoroark Crustle,1,100.0,overall,2026-05-25T17:11:38.137049+00:00
SVI-PFL,"47,48,49,50,51,52,53,54,55",9,poison-terapagos,Poison Terapagos,2,4,6,6,37.5,n-zoroark,N's Zoroark,1,33.33,overall,2026-05-25T17:11:38.137049+00:00
SVI-PFL,"47,48,49,50,51,52,53,54,55",9,poison-terapagos,Poison Terapagos,2,4,6,6,37.5,pidgeot-control,Pidgeot Control,1,33.33,overall,2026-05-25T17:11:38.137049+00:00
SVI-PFL,"47,48,49,50,51,52,53,54,55",9,poison-terapagos,Poison Terapagos,2,4,6,6,37.5,greninja-ex,Greninja,1,0.0,overall,2026-05-25T17:11:38.137049+00:00
SVI-PFL,"47,48,49,50,51,52,53,54,55",9,poison-terapagos,Poison Terapagos,2,4,6,6,37.5,gardevoir-jellicent,Gardevoir Jellicent,1,33.33,overall,2026-05-25T17:11:38.137049+00:00
SVI-PFL,"47,48,49,50,51,52,53,54,55",9,poison-terapagos,Poison Terapagos,2,4,6,6,37.5,iron-hands-magneton,Iron Hands Magneton,1,100.0,overall,2026-05-25T17:11:38.137049+00:00
SVI-PFL,"47,48,49,50,51,52,53,54,55",9,poison-terapagos,Poison Terapagos,2,4,6,6,37.5,charizard-pidgeot,Charizard Pidgeot,1,0.0,overall,2026-05-25T17:11:38.137049+00:00
SVI-PFL,"47,48,49,50,51,52,53,54,55",9,raging-bolt-ex,Raging Bolt,8,20,31,4,38.79,dragapult-dusknoir,Dragapult Dusknoir,10,40.0,overall,2026-05-25T17:11:41.079470+00:00
SVI-PFL,"47,48,49,50,51,52,53,54,55",9,raging-bolt-ex,Raging Bolt,8,20,31,4,38.79,gholdengo-lunatone,Gholdengo Lunatone,7,47.62,overall,2026-05-25T17:11:41.079470+00:00
SVI-PFL,"47,48,49,50,51,52,53,54,55",9,raging-bolt-ex,Raging Bolt,8,20,31,4,38.79,charizard-noctowl,Charizard Noctowl,6,16.67,overall,2026-05-25T17:11:41.079470+00:00
SVI-PFL,"47,48,49,50,51,52,53,54,55",9,raging-bolt-ex,Raging Bolt,8,20,31,4,38.79,charizard-pidgeot,Charizard Pidgeot,4,25.0,overall,2026-05-25T17:11:41.079470+00:00
SVI-PFL,"47,48,49,50,51,52,53,54,55",9,raging-bolt-ex,Raging Bolt,8,20,31,4,38.79,raging-bolt-ogerpon,Raging Bolt Ogerpon,3,0.0,overall,2026-05-25T17:11:41.079470+00:00
SVI-PFL,"47,48,49,50,51,52,53,54,55",9,raging-bolt-ex,Raging Bolt,8,20,31,4,38.79,alakazam-dudunsparce,Alakazam Dudunsparce,3,77.78,overall,2026-05-25T17:11:41.079470+00:00
SVI-PFL,"47,48,49,50,51,52,53,54,55",9,raging-bolt-ex,Raging Bolt,8,20,31,4,38.79,flareon-noctowl,Flareon Noctowl,2,50.0,overall,2026-05-25T17:11:41.079470+00:00
SVI-PFL,"47,48,49,50,51,52,53,54,55",9,raging-bolt-ex,Raging Bolt,8,20,31,4,38.79,mega-venusaur-ex,Mega Venusaur,2,0.0,overall,2026-05-25T17:11:41.079470+00:00
SVI-PFL,"47,48,49,50,51,52,53,54,55",9,raging-bolt-ex,Raging Bolt,8,20,31,4,38.79,gardevoir-jellicent,Gardevoir Jellicent,2,16.67,overall,2026-05-25T17:11:41.079470+00:00
SVI-PFL,"47,48,49,50,51,52,53,54,55",9,raging-bolt-ex,Raging Bolt,8,20,31,4,38.79,cynthia-garchomp-ex,Cynthia's Garchomp,1,100.0,overall,2026-05-25T17:11:41.079470+00:00
SVI-PFL,"47,48,49,50,51,52,53,54,55",9,raging-bolt-ex,Raging Bolt,8,20,31,4,38.79,dragapult-blaziken,Dragapult Blaziken,1,0.0,overall,2026-05-25T17:11:41.079470+00:00
SVI-PFL,"47,48,49,50,51,52,53,54,55",9,raging-bolt-ex,Raging Bolt,8,20,31,4,38.79,archaludon-ex,Archaludon,1,0.0,overall,2026-05-25T17:11:41.079470+00:00
SVI-PFL,"47,48,49,50,51,52,53,54,55",9,raging-bolt-ex,Raging Bolt,8,20,31,4,38.79,froslass-munkidori,Froslass Munkidori,1,0.0,overall,2026-05-25T17:11:41.079470+00:00
SVI-PFL,"47,48,49,50,51,52,53,54,55",9,raging-bolt-ex,Raging Bolt,8,20,31,4,38.79,gholdengo-joltik-box,Gholdengo Joltik Box,1,100.0,overall,2026-05-25T17:11:41.079470+00:00
SVI-PFL,"47,48,49,50,51,52,53,54,55",9,raging-bolt-ex,Raging Bolt,8,20,31,4,38.79,joltik-box,Joltik Box,1,100.0,overall,2026-05-25T17:11:41.079470+00:00
SVI-PFL,"47,48,49,50,51,52,53,54,55",9,raging-bolt-ex,Raging Bolt,8,20,31,4,38.79,ho-oh-armarouge,Ho-Oh Armarouge,1,0.0,overall,2026-05-25T17:11:41.079470+00:00
SVI-PFL,"47,48,49,50,51,52,53,54,55",9,raging-bolt-ex,Raging Bolt,8,20,31,4,38.79,slowking-scr,Slowking,1,100.0,overall,2026-05-25T17:11:41.079470+00:00
SVI-PFL,"47,48,49,50,51,52,53,54,55",9,raging-bolt-ex,Raging Bolt,8,20,31,4,38.79,gardevoir-ex-sv,Gardevoir,1,100.0,overall,2026-05-25T17:11:41.079470+00:00
SVI-PFL,"47,48,49,50,51,52,53,54,55",9,raging-bolt-ex,Raging Bolt,8,20,31,4,38.79,mega-absol-box,Mega Absol Box,1,0.0,overall,2026-05-25T17:11:41.079470+00:00
SVI-PFL,"47,48,49,50,51,52,53,54,55",9,raging-bolt-ex,Raging Bolt,8,20,31,4,38.79,crustle-dri,Crustle,1,100.0,overall,2026-05-25T17:11:41.079470+00:00
SVI-PFL,"47,48,49,50,51,52,53,54,55",9,raging-bolt-ex,Raging Bolt,8,20,31,4,38.79,lopunny-dusknoir,Lopunny Dusknoir,1,100.0,overall,2026-05-25T17:11:41.079470+00:00
SVI-PFL,"47,48,49,50,51,52,53,54,55",9,raging-bolt-ex,Raging Bolt,8,20,31,4,38.79,lucario-hariyama,Lucario Hariyama,1,0.0,overall,2026-05-25T17:11:41.079470+00:00
SVI-PFL,"47,48,49,50,51,52,53,54,55",9,raging-bolt-ex,Raging Bolt,8,20,31,4,38.79,tera-box,Tera Box,1,100.0,overall,2026-05-25T17:11:41.079470+00:00
SVI-PFL,"47,48,49,50,51,52,53,54,55",9,raging-bolt-ex,Raging Bolt,8,20,31,4,38.79,grimmsnarl-froslass,Grimmsnarl Froslass,1,33.33,overall,2026-05-25T17:11:41.079470+00:00
SVI-PFL,"47,48,49,50,51,52,53,54,55",9,raging-bolt-ex,Raging Bolt,8,20,31,4,38.79,mega-charizard-x-ex,Mega Charizard X,1,0.0,overall,2026-05-25T17:11:41.079470+00:00
SVI-PFL,"47,48,49,50,51,52,53,54,55",9,raging-bolt-ogerpon,Raging Bolt Ogerpon,672,2463,2379,864,48.21,gholdengo-lunatone,Gholdengo Lunatone,892,44.13,overall,2026-05-25T17:11:44.012557+00:00
SVI-PFL,"47,48,49,50,51,52,53,54,55",9,raging-bolt-ogerpon,Raging Bolt Ogerpon,672,2463,2379,864,48.21,dragapult-dusknoir,Dragapult Dusknoir,868,51.04,overall,2026-05-25T17:11:44.012557+00:00
SVI-PFL,"47,48,49,50,51,52,53,54,55",9,raging-bolt-ogerpon,Raging Bolt Ogerpon,672,2463,2379,864,48.21,charizard-noctowl,Charizard Noctowl,383,38.47,overall,2026-05-25T17:11:44.012557+00:00
SVI-PFL,"47,48,49,50,51,52,53,54,55",9,raging-bolt-ogerpon,Raging Bolt Ogerpon,672,2463,2379,864,48.21,gardevoir-jellicent,Gardevoir Jellicent,358,37.71,overall,2026-05-25T17:11:44.012557+00:00
SVI-PFL,"47,48,49,50,51,52,53,54,55",9,raging-bolt-ogerpon,Raging Bolt Ogerpon,672,2463,2379,864,48.21,gardevoir-ex-sv,Gardevoir,350,31.05,overall,2026-05-25T17:11:44.012557+00:00
SVI-PFL,"47,48,49,50,51,52,53,54,55",9,raging-bolt-ogerpon,Raging Bolt Ogerpon,672,2463,2379,864,48.21,grimmsnarl-froslass,Grimmsnarl Froslass,304,49.34,overall,2026-05-25T17:11:44.012557+00:00
SVI-PFL,"47,48,49,50,51,52,53,54,55",9,raging-bolt-ogerpon,Raging Bolt Ogerpon,672,2463,2379,864,48.21,mega-absol-box,Mega Absol Box,278,66.67,overall,2026-05-25T17:11:44.012557+00:00
SVI-PFL,"47,48,49,50,51,52,53,54,55",9,raging-bolt-ogerpon,Raging Bolt Ogerpon,672,2463,2379,864,48.21,charizard-pidgeot,Charizard Pidgeot,254,43.57,overall,2026-05-25T17:11:44.012557+00:00
SVI-PFL,"47,48,49,50,51,52,53,54,55",9,raging-bolt-ogerpon,Raging Bolt Ogerpon,672,2463,2379,864,48.21,n-zoroark,N's Zoroark,161,74.95,overall,2026-05-25T17:11:44.012557+00:00
SVI-PFL,"47,48,49,50,51,52,53,54,55",9,raging-bolt-ogerpon,Raging Bolt Ogerpon,672,2463,2379,864,48.21,dragapult-charizard,Dragapult Charizard,142,53.29,overall,2026-05-25T17:11:44.012557+00:00
SVI-PFL,"47,48,49,50,51,52,53,54,55",9,raging-bolt-ogerpon,Raging Bolt Ogerpon,672,2463,2379,864,48.21,ceruledge-ex,Ceruledge,139,53.0,overall,2026-05-25T17:11:44.012557+00:00
SVI-PFL,"47,48,49,50,51,52,53,54,55",9,raging-bolt-ogerpon,Raging Bolt Ogerpon,672,2463,2379,864,48.21,raging-bolt-ogerpon,Raging Bolt Ogerpon,130,47.82,overall,2026-05-25T17:11:44.012557+00:00
SVI-PFL,"47,48,49,50,51,52,53,54,55",9,raging-bolt-ogerpon,Raging Bolt Ogerpon,672,2463,2379,864,48.21,alakazam-dudunsparce,Alakazam Dudunsparce,127,23.1,overall,2026-05-25T17:11:44.012557+00:00
SVI-PFL,"47,48,49,50,51,52,53,54,55",9,raging-bolt-ogerpon,Raging Bolt Ogerpon,672,2463,2379,864,48.21,kangaskhan-bouffalant,Kangaskhan Bouffalant,95,68.07,overall,2026-05-25T17:11:44.012557+00:00
SVI-PFL,"47,48,49,50,51,52,53,54,55",9,raging-bolt-ogerpon,Raging Bolt Ogerpon,672,2463,2379,864,48.21,flareon-noctowl,Flareon Noctowl,83,45.78,overall,2026-05-25T17:11:44.012557+00:00
SVI-PFL,"47,48,49,50,51,52,53,54,55",9,raging-bolt-ogerpon,Raging Bolt Ogerpon,672,2463,2379,864,48.21,tera-box,Tera Box,82,45.53,overall,2026-05-25T17:11:44.012557+00:00
SVI-PFL,"47,48,49,50,51,52,53,54,55",9,raging-bolt-ogerpon,Raging Bolt Ogerpon,672,2463,2379,864,48.21,joltik-box,Joltik Box,81,30.04,overall,2026-05-25T17:11:44.012557+00:00
SVI-PFL,"47,48,49,50,51,52,53,54,55",9,raging-bolt-ogerpon,Raging Bolt Ogerpon,672,2463,2379,864,48.21,lopunny-dusknoir,Lopunny Dusknoir,53,66.67,overall,2026-05-25T17:11:44.012557+00:00
SVI-PFL,"47,48,49,50,51,52,53,54,55",9,raging-bolt-ogerpon,Raging Bolt Ogerpon,672,2463,2379,864,48.21,greninja-ex,Greninja,52,58.97,overall,2026-05-25T17:11:44.012557+00:00
SVI-PFL,"47,48,49,50,51,52,53,54,55",9,raging-bolt-ogerpon,Raging Bolt Ogerpon,672,2463,2379,864,48.21,other,Other,40,58.33,overall,2026-05-25T17:11:44.012557+00:00
SVI-PFL,"47,48,49,50,51,52,53,54,55",9,raging-bolt-ogerpon,Raging Bolt Ogerpon,672,2463,2379,864,48.21,mega-venusaur-ex,Mega Venusaur,40,56.67,overall,2026-05-25T17:11:44.012557+00:00
SVI-PFL,"47,48,49,50,51,52,53,54,55",9,raging-bolt-ogerpon,Raging Bolt Ogerpon,672,2463,2379,864,48.21,cynthia-garchomp-ex,Cynthia's Garchomp,36,85.19,overall,2026-05-25T17:11:44.012557+00:00
SVI-PFL,"47,48,49,50,51,52,53,54,55",9,raging-bolt-ogerpon,Raging Bolt Ogerpon,672,2463,2379,864,48.21,lucario-hariyama,Lucario Hariyama,35,69.52,overall,2026-05-25T17:11:44.012557+00:00
SVI-PFL,"47,48,49,50,51,52,53,54,55",9,raging-bolt-ogerpon,Raging Bolt Ogerpon,672,2463,2379,864,48.21,iron-hands-magneton,Iron Hands Magneton,34,61.76,overall,2026-05-25T17:11:44.012557+00:00
SVI-PFL,"47,48,49,50,51,52,53,54,55",9,raging-bolt-ogerpon,Raging Bolt Ogerpon,672,2463,2379,864,48.21,froslass-munkidori,Froslass Munkidori,33,30.3,overall,2026-05-25T17:11:44.012557+00:00
SVI-PFL,"47,48,49,50,51,52,53,54,55",9,raging-bolt-ogerpon,Raging Bolt Ogerpon,672,2463,2379,864,48.21,sharpedo-toxtricity,Sharpedo Toxtricity,32,78.13,overall,2026-05-25T17:11:44.012557+00:00
SVI-PFL,"47,48,49,50,51,52,53,54,55",9,raging-bolt-ogerpon,Raging Bolt Ogerpon,672,2463,2379,864,48.21,gholdengo-joltik-box,Gholdengo Joltik Box,32,45.83,overall,2026-05-25T17:11:44.012557+00:00
SVI-PFL,"47,48,49,50,51,52,53,54,55",9,raging-bolt-ogerpon,Raging Bolt Ogerpon,672,2463,2379,864,48.21,crustle-dri,Crustle,28,35.71,overall,2026-05-25T17:11:44.012557+00:00
SVI-PFL,"47,48,49,50,51,52,53,54,55",9,raging-bolt-ogerpon,Raging Bolt Ogerpon,672,2463,2379,864,48.21,slowking-scr,Slowking,25,53.33,overall,2026-05-25T17:11:44.012557+00:00
SVI-PFL,"47,48,49,50,51,52,53,54,55",9,raging-bolt-ogerpon,Raging Bolt Ogerpon,672,2463,2379,864,48.21,pidgeot-control,Pidgeot Control,24,44.44,overall,2026-05-25T17:11:44.012557+00:00
SVI-PFL,"47,48,49,50,51,52,53,54,55",9,raging-bolt-ogerpon,Raging Bolt Ogerpon,672,2463,2379,864,48.21,gholdengo-ex,Gholdengo,22,46.97,overall,2026-05-25T17:11:44.012557+00:00
SVI-PFL,"47,48,49,50,51,52,53,54,55",9,raging-bolt-ogerpon,Raging Bolt Ogerpon,672,2463,2379,864,48.21,ethan-typhlosion,Ethan's Typhlosion,21,49.21,overall,2026-05-25T17:11:44.012557+00:00
SVI-PFL,"47,48,49,50,51,52,53,54,55",9,raging-bolt-ogerpon,Raging Bolt Ogerpon,672,2463,2379,864,48.21,rocket-mewtwo-ex,Rocket's Mewtwo,20,63.33,overall,2026-05-25T17:11:44.012557+00:00
SVI-PFL,"47,48,49,50,51,52,53,54,55",9,raging-bolt-ogerpon,Raging Bolt Ogerpon,672,2463,2379,864,48.21,seaking-pre,Seaking Festival Lead,17,47.06,overall,2026-05-25T17:11:44.012557+00:00
SVI-PFL,"47,48,49,50,51,52,53,54,55",9,raging-bolt-ogerpon,Raging Bolt Ogerpon,672,2463,2379,864,48.21,festival-lead,Festival Lead,16,58.33,overall,2026-05-25T17:11:44.012557+00:00
SVI-PFL,"47,48,49,50,51,52,53,54,55",9,raging-bolt-ogerpon,Raging Bolt Ogerpon,672,2463,2379,864,48.21,hydrapple-ogerpon,Hydrapple Ogerpon,15,64.44,overall,2026-05-25T17:11:44.012557+00:00
SVI-PFL,"47,48,49,50,51,52,53,54,55",9,raging-bolt-ogerpon,Raging Bolt Ogerpon,672,2463,2379,864,48.21,conkeldurr-twm,Conkeldurr,14,47.62,overall,2026-05-25T17:11:44.012557+00:00
SVI-PFL,"47,48,49,50,51,52,53,54,55",9,raging-bolt-ogerpon,Raging Bolt Ogerpon,672,2463,2379,864,48.21,ho-oh-armarouge,Ho-Oh Armarouge,14,54.76,overall,2026-05-25T17:11:44.012557+00:00
SVI-PFL,"47,48,49,50,51,52,53,54,55",9,raging-bolt-ogerpon,Raging Bolt Ogerpon,672,2463,2379,864,48.21,dragapult-ex,Dragapult,12,69.44,overall,2026-05-25T17:11:44.012557+00:00
SVI-PFL,"47,48,49,50,51,52,53,54,55",9,raging-bolt-ogerpon,Raging Bolt Ogerpon,672,2463,2379,864,48.21,archaludon-ex,Archaludon,11,66.67,overall,2026-05-25T17:11:44.012557+00:00
SVI-PFL,"47,48,49,50,51,52,53,54,55",9,raging-bolt-ogerpon,Raging Bolt Ogerpon,672,2463,2379,864,48.21,marnie-grimmsnarl-ex,Marnie's Grimmsnarl,10,46.67,overall,2026-05-25T17:11:44.012557+00:00
SVI-PFL,"47,48,49,50,51,52,53,54,55",9,raging-bolt-ogerpon,Raging Bolt Ogerpon,672,2463,2379,864,48.21,ursaluna-lunatone,Ursaluna Lunatone,10,63.33,overall,2026-05-25T17:11:44.012557+00:00
SVI-PFL,"47,48,49,50,51,52,53,54,55",9,raging-bolt-ogerpon,Raging Bolt Ogerpon,672,2463,2379,864,48.21,dragapult-blaziken,Dragapult Blaziken,10,60.0,overall,2026-05-25T17:11:44.012557+00:00
SVI-PFL,"47,48,49,50,51,52,53,54,55",9,raging-bolt-ogerpon,Raging Bolt Ogerpon,672,2463,2379,864,48.21,roaring-moon-ex,Roaring Moon,9,81.48,overall,2026-05-25T17:11:44.012557+00:00
SVI-PFL,"47,48,49,50,51,52,53,54,55",9,raging-bolt-ogerpon,Raging Bolt Ogerpon,672,2463,2379,864,48.21,manectric-eelektrik,Manectric Eelektrik,9,74.07,overall,2026-05-25T17:11:44.012557+00:00
SVI-PFL,"47,48,49,50,51,52,53,54,55",9,raging-bolt-ogerpon,Raging Bolt Ogerpon,672,2463,2379,864,48.21,toxtricity-pfl,Toxtricity Box,9,33.33,overall,2026-05-25T17:11:44.012557+00:00
SVI-PFL,"47,48,49,50,51,52,53,54,55",9,raging-bolt-ogerpon,Raging Bolt Ogerpon,672,2463,2379,864,48.21,hydreigon-ex,Hydreigon,8,50.0,overall,2026-05-25T17:11:44.012557+00:00
SVI-PFL,"47,48,49,50,51,52,53,54,55",9,raging-bolt-ogerpon,Raging Bolt Ogerpon,672,2463,2379,864,48.21,mega-lopunny-ex,Mega Lopunny,7,76.19,overall,2026-05-25T17:11:44.012557+00:00
SVI-PFL,"47,48,49,50,51,52,53,54,55",9,raging-bolt-ogerpon,Raging Bolt Ogerpon,672,2463,2379,864,48.21,slaking-ex,Slaking,6,83.33,overall,2026-05-25T17:11:44.012557+00:00
SVI-PFL,"47,48,49,50,51,52,53,54,55",9,raging-bolt-ogerpon,Raging Bolt Ogerpon,672,2463,2379,864,48.21,hop-zacian,Hop's Zacian,6,44.44,overall,2026-05-25T17:11:44.012557+00:00
SVI-PFL,"47,48,49,50,51,52,53,54,55",9,raging-bolt-ogerpon,Raging Bolt Ogerpon,672,2463,2379,864,48.21,yanmega-ex,Yanmega,6,33.33,overall,2026-05-25T17:11:44.012557+00:00
SVI-PFL,"47,48,49,50,51,52,53,54,55",9,raging-bolt-ogerpon,Raging Bolt Ogerpon,672,2463,2379,864,48.21,charizard-ex,Charizard,5,86.67,overall,2026-05-25T17:11:44.012557+00:00
SVI-PFL,"47,48,49,50,51,52,53,54,55",9,raging-bolt-ogerpon,Raging Bolt Ogerpon,672,2463,2379,864,48.21,gholdengo-typhlosion,Gholdengo Typhlosion,5,40.0,overall,2026-05-25T17:11:44.012557+00:00
SVI-PFL,"47,48,49,50,51,52,53,54,55",9,raging-bolt-ogerpon,Raging Bolt Ogerpon,672,2463,2379,864,48.21,great-tusk-tef,Great Tusk Mill,5,80.0,overall,2026-05-25T17:11:44.012557+00:00
SVI-PFL,"47,48,49,50,51,52,53,54,55",9,raging-bolt-ogerpon,Raging Bolt Ogerpon,672,2463,2379,864,48.21,toedscruel-ex,Toedscruel,4,83.33,overall,2026-05-25T17:11:44.012557+00:00
SVI-PFL,"47,48,49,50,51,52,53,54,55",9,raging-bolt-ogerpon,Raging Bolt Ogerpon,672,2463,2379,864,48.21,mega-lucario-ex,Mega Lucario,4,66.67,overall,2026-05-25T17:11:44.012557+00:00
SVI-PFL,"47,48,49,50,51,52,53,54,55",9,raging-bolt-ogerpon,Raging Bolt Ogerpon,672,2463,2379,864,48.21,chien-pao-baxcalibur,Chien-Pao Baxcalibur,4,33.33,overall,2026-05-25T17:11:44.012557+00:00
SVI-PFL,"47,48,49,50,51,52,53,54,55",9,raging-bolt-ogerpon,Raging Bolt Ogerpon,672,2463,2379,864,48.21,ogerpon-meganium,Ogerpon Meganium,4,50.0,overall,2026-05-25T17:11:44.012557+00:00
SVI-PFL,"47,48,49,50,51,52,53,54,55",9,raging-bolt-ogerpon,Raging Bolt Ogerpon,672,2463,2379,864,48.21,ethan-magcargo,Ethan's Magcargo,4,100.0,overall,2026-05-25T17:11:44.012557+00:00
SVI-PFL,"47,48,49,50,51,52,53,54,55",9,raging-bolt-ogerpon,Raging Bolt Ogerpon,672,2463,2379,864,48.21,raging-bolt-ex,Raging Bolt,3,100.0,overall,2026-05-25T17:11:44.012557+00:00
SVI-PFL,"47,48,49,50,51,52,53,54,55",9,raging-bolt-ogerpon,Raging Bolt Ogerpon,672,2463,2379,864,48.21,hydrapple-ex,Hydrapple,3,44.44,overall,2026-05-25T17:11:44.012557+00:00
SVI-PFL,"47,48,49,50,51,52,53,54,55",9,raging-bolt-ogerpon,Raging Bolt Ogerpon,672,2463,2379,864,48.21,mega-abomasnow-ex,Mega Abomasnow,3,100.0,overall,2026-05-25T17:11:44.012557+00:00
SVI-PFL,"47,48,49,50,51,52,53,54,55",9,raging-bolt-ogerpon,Raging Bolt Ogerpon,672,2463,2379,864,48.21,miraidon-eelektrik,Miraidon Eelektrik,3,44.44,overall,2026-05-25T17:11:44.012557+00:00
SVI-PFL,"47,48,49,50,51,52,53,54,55",9,raging-bolt-ogerpon,Raging Bolt Ogerpon,672,2463,2379,864,48.21,iron-thorns-crustle,Iron Thorns Crustle,3,77.78,overall,2026-05-25T17:11:44.012557+00:00
SVI-PFL,"47,48,49,50,51,52,53,54,55",9,raging-bolt-ogerpon,Raging Bolt Ogerpon,672,2463,2379,864,48.21,okidogi-twm,Okidogi,3,33.33,overall,2026-05-25T17:11:44.012557+00:00
SVI-PFL,"47,48,49,50,51,52,53,54,55",9,raging-bolt-ogerpon,Raging Bolt Ogerpon,672,2463,2379,864,48.21,charizard-dragapult,Charizard Dragapult,2,66.67,overall,2026-05-25T17:11:44.012557+00:00
SVI-PFL,"47,48,49,50,51,52,53,54,55",9,raging-bolt-ogerpon,Raging Bolt Ogerpon,672,2463,2379,864,48.21,reging-bolt-bellibolt,Raging Bolt Bellibolt,2,16.67,overall,2026-05-25T17:11:44.012557+00:00
SVI-PFL,"47,48,49,50,51,52,53,54,55",9,raging-bolt-ogerpon,Raging Bolt Ogerpon,672,2463,2379,864,48.21,flareon-ex,Flareon,2,100.0,overall,2026-05-25T17:11:44.012557+00:00
SVI-PFL,"47,48,49,50,51,52,53,54,55",9,raging-bolt-ogerpon,Raging Bolt Ogerpon,672,2463,2379,864,48.21,forretress-ex,Forretress,2,16.67,overall,2026-05-25T17:11:44.012557+00:00
SVI-PFL,"47,48,49,50,51,52,53,54,55",9,raging-bolt-ogerpon,Raging Bolt Ogerpon,672,2463,2379,864,48.21,terapagos-noctowl,Terapagos Noctowl,2,0.0,overall,2026-05-25T17:11:44.012557+00:00
SVI-PFL,"47,48,49,50,51,52,53,54,55",9,raging-bolt-ogerpon,Raging Bolt Ogerpon,672,2463,2379,864,48.21,kangaskhan-forretress,Kangaskhan Forretress,2,0.0,overall,2026-05-25T17:11:44.012557+00:00
SVI-PFL,"47,48,49,50,51,52,53,54,55",9,raging-bolt-ogerpon,Raging Bolt Ogerpon,672,2463,2379,864,48.21,wugtrio-svi,Wugtrio Mill,2,50.0,overall,2026-05-25T17:11:44.012557+00:00
SVI-PFL,"47,48,49,50,51,52,53,54,55",9,raging-bolt-ogerpon,Raging Bolt Ogerpon,672,2463,2379,864,48.21,mamoswine-ex,Mamoswine,2,66.67,overall,2026-05-25T17:11:44.012557+00:00
SVI-PFL,"47,48,49,50,51,52,53,54,55",9,raging-bolt-ogerpon,Raging Bolt Ogerpon,672,2463,2379,864,48.21,future-box,Future Box,1,100.0,overall,2026-05-25T17:11:44.012557+00:00
SVI-PFL,"47,48,49,50,51,52,53,54,55",9,raging-bolt-ogerpon,Raging Bolt Ogerpon,672,2463,2379,864,48.21,alolan-exeggutor-ex,Alolan Exeggutor ex,1,100.0,overall,2026-05-25T17:11:44.012557+00:00
SVI-PFL,"47,48,49,50,51,52,53,54,55",9,raging-bolt-ogerpon,Raging Bolt Ogerpon,672,2463,2379,864,48.21,dragapult-iron-thorns,Dragapult Iron Thorns,1,33.33,overall,2026-05-25T17:11:44.012557+00:00
SVI-PFL,"47,48,49,50,51,52,53,54,55",9,raging-bolt-ogerpon,Raging Bolt Ogerpon,672,2463,2379,864,48.21,mega-charizard-x-ex,Mega Charizard X,1,0.0,overall,2026-05-25T17:11:44.012557+00:00
SVI-PFL,"47,48,49,50,51,52,53,54,55",9,raging-bolt-ogerpon,Raging Bolt Ogerpon,672,2463,2379,864,48.21,heatran-metang,Heatran Metang,1,33.33,overall,2026-05-25T17:11:44.012557+00:00
SVI-PFL,"47,48,49,50,51,52,53,54,55",9,raging-bolt-ogerpon,Raging Bolt Ogerpon,672,2463,2379,864,48.21,blaziken-ex-jtg,Blaziken,1,100.0,overall,2026-05-25T17:11:44.012557+00:00
SVI-PFL,"47,48,49,50,51,52,53,54,55",9,raging-bolt-ogerpon,Raging Bolt Ogerpon,672,2463,2379,864,48.21,ancient-box,Ancient Box,1,100.0,overall,2026-05-25T17:11:44.012557+00:00
SVI-PFL,"47,48,49,50,51,52,53,54,55",9,raging-bolt-ogerpon,Raging Bolt Ogerpon,672,2463,2379,864,48.21,palafin-ex,Palafin,1,100.0,overall,2026-05-25T17:11:44.012557+00:00
SVI-PFL,"47,48,49,50,51,52,53,54,55",9,raging-bolt-ogerpon,Raging Bolt Ogerpon,672,2463,2379,864,48.21,rocket-nidoking-ex,Rocket's Nidoking,1,33.33,overall,2026-05-25T17:11:44.012557+00:00
SVI-PFL,"47,48,49,50,51,52,53,54,55",9,raging-bolt-ogerpon,Raging Bolt Ogerpon,672,2463,2379,864,48.21,misty-gyarados,Misty's Gyarados,1,33.33,overall,2026-05-25T17:11:44.012557+00:00
SVI-PFL,"47,48,49,50,51,52,53,54,55",9,raging-bolt-ogerpon,Raging Bolt Ogerpon,672,2463,2379,864,48.21,mega-camerupt-ex,Mega Camerupt,1,0.0,overall,2026-05-25T17:11:44.012557+00:00
SVI-PFL,"47,48,49,50,51,52,53,54,55",9,raging-bolt-ogerpon,Raging Bolt Ogerpon,672,2463,2379,864,48.21,tsareena-ex,Tsareena,1,0.0,overall,2026-05-25T17:11:44.012557+00:00
SVI-PFL,"47,48,49,50,51,52,53,54,55",9,raging-bolt-ogerpon,Raging Bolt Ogerpon,672,2463,2379,864,48.21,iron-thorns-ex,Iron Thorns,1,100.0,overall,2026-05-25T17:11:44.012557+00:00
SVI-PFL,"47,48,49,50,51,52,53,54,55",9,raging-bolt-ogerpon,Raging Bolt Ogerpon,672,2463,2379,864,48.21,gholdengo-dragapult,Gholdengo Dragapult,1,100.0,overall,2026-05-25T17:11:44.012557+00:00
SVI-PFL,"47,48,49,50,51,52,53,54,55",9,raging-bolt-ogerpon,Raging Bolt Ogerpon,672,2463,2379,864,48.21,espathra-xatu,Espathra Xatu,1,0.0,overall,2026-05-25T17:11:44.012557+00:00
SVI-PFL,"47,48,49,50,51,52,53,54,55",9,raging-bolt-ogerpon,Raging Bolt Ogerpon,672,2463,2379,864,48.21,copperajah-ex,Copperajah,1,0.0,overall,2026-05-25T17:11:44.012557+00:00
SVI-PFL,"47,48,49,50,51,52,53,54,55",9,raging-bolt-ogerpon,Raging Bolt Ogerpon,672,2463,2379,864,48.21,tyranitar-jtg,Tyranitar,1,100.0,overall,2026-05-25T17:11:44.012557+00:00
SVI-PFL,"47,48,49,50,51,52,53,54,55",9,raging-bolt-ogerpon,Raging Bolt Ogerpon,672,2463,2379,864,48.21,greninja-blaziken,Greninja Blaziken,1,100.0,overall,2026-05-25T17:11:44.012557+00:00
SVI-PFL,"47,48,49,50,51,52,53,54,55",9,raging-bolt-ogerpon,Raging Bolt Ogerpon,672,2463,2379,864,48.21,tinkaton-ex,Tinkaton,1,100.0,overall,2026-05-25T17:11:44.012557+00:00
SVI-PFL,"47,48,49,50,51,52,53,54,55",9,raging-bolt-ogerpon,Raging Bolt Ogerpon,672,2463,2379,864,48.21,mega-kangaskhan-ex,Mega Kangaskhan,1,0.0,overall,2026-05-25T17:11:44.012557+00:00
SVI-PFL,"47,48,49,50,51,52,53,54,55",9,raging-bolt-ogerpon,Raging Bolt Ogerpon,672,2463,2379,864,48.21,alakazam-ex,Alakazam,1,100.0,overall,2026-05-25T17:11:44.012557+00:00
SVI-PFL,"47,48,49,50,51,52,53,54,55",9,raging-bolt-ogerpon,Raging Bolt Ogerpon,672,2463,2379,864,48.21,mega-manectric-ex-meg,Mega Manectric,1,100.0,overall,2026-05-25T17:11:44.012557+00:00
SVI-PFL,"47,48,49,50,51,52,53,54,55",9,raging-bolt-ogerpon,Raging Bolt Ogerpon,672,2463,2379,864,48.21,clefairy-ogerpon,Clefairy Ogerpon,1,0.0,overall,2026-05-25T17:11:44.012557+00:00
SVI-PFL,"47,48,49,50,51,52,53,54,55",9,raging-bolt-ogerpon,Raging Bolt Ogerpon,672,2463,2379,864,48.21,blaziken-zoroark,Blaziken Zoroark,1,0.0,overall,2026-05-25T17:11:44.012557+00:00
SVI-PFL,"47,48,49,50,51,52,53,54,55",9,raging-bolt-ogerpon,Raging Bolt Ogerpon,672,2463,2379,864,48.21,dragapult-pidgeot,Dragapult Pidgeot,1,100.0,overall,2026-05-25T17:11:44.012557+00:00
SVI-PFL,"47,48,49,50,51,52,53,54,55",9,raging-bolt-ogerpon,Raging Bolt Ogerpon,672,2463,2379,864,48.21,okidogi-ex,Okidogi,1,100.0,overall,2026-05-25T17:11:44.012557+00:00
SVI-PFL,"47,48,49,50,51,52,53,54,55",9,raging-bolt-ogerpon,Raging Bolt Ogerpon,672,2463,2379,864,48.21,espathra-froslass,Espathra Froslass,1,0.0,overall,2026-05-25T17:11:44.012557+00:00
SVI-PFL,"47,48,49,50,51,52,53,54,55",9,ranging-bolt-sandy-shocks,Raging Bolt Sandy Shocks,1,1,4,3,25.0,charizard-noctowl,Charizard Noctowl,2,50.0,overall,2026-05-25T17:11:46.912234+00:00
SVI-PFL,"47,48,49,50,51,52,53,54,55",9,ranging-bolt-sandy-shocks,Raging Bolt Sandy Shocks,1,1,4,3,25.0,dragapult-dusknoir,Dragapult Dusknoir,1,33.33,overall,2026-05-25T17:11:46.912234+00:00
SVI-PFL,"47,48,49,50,51,52,53,54,55",9,ranging-bolt-sandy-shocks,Raging Bolt Sandy Shocks,1,1,4,3,25.0,gholdengo-lunatone,Gholdengo Lunatone,1,0.0,overall,2026-05-25T17:11:46.912234+00:00
SVI-PFL,"47,48,49,50,51,52,53,54,55",9,ranging-bolt-sandy-shocks,Raging Bolt Sandy Shocks,1,1,4,3,25.0,kangaskhan-bouffalant,Kangaskhan Bouffalant,1,0.0,overall,2026-05-25T17:11:46.912234+00:00
SVI-PFL,"47,48,49,50,51,52,53,54,55",9,ranging-bolt-sandy-shocks,Raging Bolt Sandy Shocks,1,1,4,3,25.0,gardevoir-ex-sv,Gardevoir,1,0.0,overall,2026-05-25T17:11:46.912234+00:00
SVI-PFL,"47,48,49,50,51,52,53,54,55",9,ranging-bolt-sandy-shocks,Raging Bolt Sandy Shocks,1,1,4,3,25.0,grimmsnarl-froslass,Grimmsnarl Froslass,1,33.33,overall,2026-05-25T17:11:46.912234+00:00
SVI-PFL,"47,48,49,50,51,52,53,54,55",9,ranging-bolt-sandy-shocks,Raging Bolt Sandy Shocks,1,1,4,3,25.0,mega-venusaur-ex,Mega Venusaur,1,33.33,overall,2026-05-25T17:11:46.912234+00:00
SVI-PFL,"47,48,49,50,51,52,53,54,55",9,reging-bolt-bellibolt,Raging Bolt Bellibolt,5,11,23,4,32.46,dragapult-dusknoir,Dragapult Dusknoir,6,16.67,overall,2026-05-25T17:11:49.789393+00:00
SVI-PFL,"47,48,49,50,51,52,53,54,55",9,reging-bolt-bellibolt,Raging Bolt Bellibolt,5,11,23,4,32.46,gholdengo-lunatone,Gholdengo Lunatone,5,0.0,overall,2026-05-25T17:11:49.789393+00:00
SVI-PFL,"47,48,49,50,51,52,53,54,55",9,reging-bolt-bellibolt,Raging Bolt Bellibolt,5,11,23,4,32.46,grimmsnarl-froslass,Grimmsnarl Froslass,3,66.67,overall,2026-05-25T17:11:49.789393+00:00
SVI-PFL,"47,48,49,50,51,52,53,54,55",9,reging-bolt-bellibolt,Raging Bolt Bellibolt,5,11,23,4,32.46,mega-absol-box,Mega Absol Box,2,100.0,overall,2026-05-25T17:11:49.789393+00:00
SVI-PFL,"47,48,49,50,51,52,53,54,55",9,reging-bolt-bellibolt,Raging Bolt Bellibolt,5,11,23,4,32.46,n-zoroark,N's Zoroark,2,0.0,overall,2026-05-25T17:11:49.789393+00:00
SVI-PFL,"47,48,49,50,51,52,53,54,55",9,reging-bolt-bellibolt,Raging Bolt Bellibolt,5,11,23,4,32.46,raging-bolt-ogerpon,Raging Bolt Ogerpon,2,66.67,overall,2026-05-25T17:11:49.789393+00:00
SVI-PFL,"47,48,49,50,51,52,53,54,55",9,reging-bolt-bellibolt,Raging Bolt Bellibolt,5,11,23,4,32.46,charizard-noctowl,Charizard Noctowl,2,0.0,overall,2026-05-25T17:11:49.789393+00:00
SVI-PFL,"47,48,49,50,51,52,53,54,55",9,reging-bolt-bellibolt,Raging Bolt Bellibolt,5,11,23,4,32.46,flareon-noctowl,Flareon Noctowl,2,66.67,overall,2026-05-25T17:11:49.789393+00:00
SVI-PFL,"47,48,49,50,51,52,53,54,55",9,reging-bolt-bellibolt,Raging Bolt Bellibolt,5,11,23,4,32.46,mega-venusaur-ex,Mega Venusaur,2,0.0,overall,2026-05-25T17:11:49.789393+00:00
SVI-PFL,"47,48,49,50,51,52,53,54,55",9,reging-bolt-bellibolt,Raging Bolt Bellibolt,5,11,23,4,32.46,charizard-pidgeot,Charizard Pidgeot,2,0.0,overall,2026-05-25T17:11:49.789393+00:00
SVI-PFL,"47,48,49,50,51,52,53,54,55",9,reging-bolt-bellibolt,Raging Bolt Bellibolt,5,11,23,4,32.46,gardevoir-jellicent,Gardevoir Jellicent,1,0.0,overall,2026-05-25T17:11:49.789393+00:00
SVI-PFL,"47,48,49,50,51,52,53,54,55",9,reging-bolt-bellibolt,Raging Bolt Bellibolt,5,11,23,4,32.46,mega-lucario-ex,Mega Lucario,1,100.0,overall,2026-05-25T17:11:49.789393+00:00
SVI-PFL,"47,48,49,50,51,52,53,54,55",9,reging-bolt-bellibolt,Raging Bolt Bellibolt,5,11,23,4,32.46,marnie-grimmsnarl-ex,Marnie's Grimmsnarl,1,33.33,overall,2026-05-25T17:11:49.789393+00:00
SVI-PFL,"47,48,49,50,51,52,53,54,55",9,reging-bolt-bellibolt,Raging Bolt Bellibolt,5,11,23,4,32.46,kangaskhan-bouffalant,Kangaskhan Bouffalant,1,33.33,overall,2026-05-25T17:11:49.789393+00:00
SVI-PFL,"47,48,49,50,51,52,53,54,55",9,reging-bolt-bellibolt,Raging Bolt Bellibolt,5,11,23,4,32.46,ceruledge-ex,Ceruledge,1,100.0,overall,2026-05-25T17:11:49.789393+00:00
SVI-PFL,"47,48,49,50,51,52,53,54,55",9,reging-bolt-bellibolt,Raging Bolt Bellibolt,5,11,23,4,32.46,tera-box,Tera Box,1,100.0,overall,2026-05-25T17:11:49.789393+00:00
SVI-PFL,"47,48,49,50,51,52,53,54,55",9,reging-bolt-bellibolt,Raging Bolt Bellibolt,5,11,23,4,32.46,gardevoir-ex-sv,Gardevoir,1,0.0,overall,2026-05-25T17:11:49.789393+00:00
SVI-PFL,"47,48,49,50,51,52,53,54,55",9,reging-bolt-bellibolt,Raging Bolt Bellibolt,5,11,23,4,32.46,charizard-dragapult,Charizard Dragapult,1,0.0,overall,2026-05-25T17:11:49.789393+00:00
SVI-PFL,"47,48,49,50,51,52,53,54,55",9,reging-bolt-bellibolt,Raging Bolt Bellibolt,5,11,23,4,32.46,okidogi-ex,Okidogi,1,0.0,overall,2026-05-25T17:11:49.789393+00:00
SVI-PFL,"47,48,49,50,51,52,53,54,55",9,reging-bolt-bellibolt,Raging Bolt Bellibolt,5,11,23,4,32.46,gholdengo-ex,Gholdengo,1,100.0,overall,2026-05-25T17:11:49.789393+00:00
SVI-PFL,"47,48,49,50,51,52,53,54,55",9,roaring-moon-dudunsparce,Roaring Moon Dudunsparce,1,3,4,1,41.67,gardevoir-ex-sv,Gardevoir,2,100.0,overall,2026-05-25T17:11:52.669104+00:00
SVI-PFL,"47,48,49,50,51,52,53,54,55",9,roaring-moon-dudunsparce,Roaring Moon Dudunsparce,1,3,4,1,41.67,n-zoroark,N's Zoroark,2,16.67,overall,2026-05-25T17:11:52.669104+00:00
SVI-PFL,"47,48,49,50,51,52,53,54,55",9,roaring-moon-dudunsparce,Roaring Moon Dudunsparce,1,3,4,1,41.67,charizard-noctowl,Charizard Noctowl,1,0.0,overall,2026-05-25T17:11:52.669104+00:00
SVI-PFL,"47,48,49,50,51,52,53,54,55",9,roaring-moon-dudunsparce,Roaring Moon Dudunsparce,1,3,4,1,41.67,joltik-box,Joltik Box,1,100.0,overall,2026-05-25T17:11:52.669104+00:00
SVI-PFL,"47,48,49,50,51,52,53,54,55",9,roaring-moon-dudunsparce,Roaring Moon Dudunsparce,1,3,4,1,41.67,grimmsnarl-froslass,Grimmsnarl Froslass,1,0.0,overall,2026-05-25T17:11:52.669104+00:00
SVI-PFL,"47,48,49,50,51,52,53,54,55",9,roaring-moon-dudunsparce,Roaring Moon Dudunsparce,1,3,4,1,41.67,crustle-dri,Crustle,1,0.0,overall,2026-05-25T17:11:52.669104+00:00
SVI-PFL,"47,48,49,50,51,52,53,54,55",9,roaring-moon-ex,Roaring Moon,36,90,135,25,39.33,gholdengo-lunatone,Gholdengo Lunatone,34,21.57,overall,2026-05-25T17:11:55.643461+00:00
SVI-PFL,"47,48,49,50,51,52,53,54,55",9,roaring-moon-ex,Roaring Moon,36,90,135,25,39.33,dragapult-dusknoir,Dragapult Dusknoir,31,45.16,overall,2026-05-25T17:11:55.643461+00:00
SVI-PFL,"47,48,49,50,51,52,53,54,55",9,roaring-moon-ex,Roaring Moon,36,90,135,25,39.33,gardevoir-jellicent,Gardevoir Jellicent,18,46.3,overall,2026-05-25T17:11:55.643461+00:00
SVI-PFL,"47,48,49,50,51,52,53,54,55",9,roaring-moon-ex,Roaring Moon,36,90,135,25,39.33,mega-absol-box,Mega Absol Box,18,48.15,overall,2026-05-25T17:11:55.643461+00:00
SVI-PFL,"47,48,49,50,51,52,53,54,55",9,roaring-moon-ex,Roaring Moon,36,90,135,25,39.33,gardevoir-ex-sv,Gardevoir,16,31.25,overall,2026-05-25T17:11:55.643461+00:00
SVI-PFL,"47,48,49,50,51,52,53,54,55",9,roaring-moon-ex,Roaring Moon,36,90,135,25,39.33,ceruledge-ex,Ceruledge,11,63.64,overall,2026-05-25T17:11:55.643461+00:00
SVI-PFL,"47,48,49,50,51,52,53,54,55",9,roaring-moon-ex,Roaring Moon,36,90,135,25,39.33,charizard-noctowl,Charizard Noctowl,11,21.21,overall,2026-05-25T17:11:55.643461+00:00
SVI-PFL,"47,48,49,50,51,52,53,54,55",9,roaring-moon-ex,Roaring Moon,36,90,135,25,39.33,grimmsnarl-froslass,Grimmsnarl Froslass,11,27.27,overall,2026-05-25T17:11:55.643461+00:00
SVI-PFL,"47,48,49,50,51,52,53,54,55",9,roaring-moon-ex,Roaring Moon,36,90,135,25,39.33,n-zoroark,N's Zoroark,10,40.0,overall,2026-05-25T17:11:55.643461+00:00
SVI-PFL,"47,48,49,50,51,52,53,54,55",9,roaring-moon-ex,Roaring Moon,36,90,135,25,39.33,raging-bolt-ogerpon,Raging Bolt Ogerpon,9,14.81,overall,2026-05-25T17:11:55.643461+00:00
SVI-PFL,"47,48,49,50,51,52,53,54,55",9,roaring-moon-ex,Roaring Moon,36,90,135,25,39.33,alakazam-dudunsparce,Alakazam Dudunsparce,7,85.71,overall,2026-05-25T17:11:55.643461+00:00
SVI-PFL,"47,48,49,50,51,52,53,54,55",9,roaring-moon-ex,Roaring Moon,36,90,135,25,39.33,dragapult-charizard,Dragapult Charizard,6,22.22,overall,2026-05-25T17:11:55.643461+00:00
SVI-PFL,"47,48,49,50,51,52,53,54,55",9,roaring-moon-ex,Roaring Moon,36,90,135,25,39.33,lopunny-dusknoir,Lopunny Dusknoir,5,13.33,overall,2026-05-25T17:11:55.643461+00:00
SVI-PFL,"47,48,49,50,51,52,53,54,55",9,roaring-moon-ex,Roaring Moon,36,90,135,25,39.33,charizard-pidgeot,Charizard Pidgeot,5,20.0,overall,2026-05-25T17:11:55.643461+00:00
SVI-PFL,"47,48,49,50,51,52,53,54,55",9,roaring-moon-ex,Roaring Moon,36,90,135,25,39.33,tera-box,Tera Box,4,25.0,overall,2026-05-25T17:11:55.643461+00:00
SVI-PFL,"47,48,49,50,51,52,53,54,55",9,roaring-moon-ex,Roaring Moon,36,90,135,25,39.33,greninja-ex,Greninja,4,33.33,overall,2026-05-25T17:11:55.643461+00:00
SVI-PFL,"47,48,49,50,51,52,53,54,55",9,roaring-moon-ex,Roaring Moon,36,90,135,25,39.33,mega-lucario-ex,Mega Lucario,3,100.0,overall,2026-05-25T17:11:55.643461+00:00
SVI-PFL,"47,48,49,50,51,52,53,54,55",9,roaring-moon-ex,Roaring Moon,36,90,135,25,39.33,cynthia-garchomp-ex,Cynthia's Garchomp,3,33.33,overall,2026-05-25T17:11:55.643461+00:00
SVI-PFL,"47,48,49,50,51,52,53,54,55",9,roaring-moon-ex,Roaring Moon,36,90,135,25,39.33,pidgeot-control,Pidgeot Control,3,66.67,overall,2026-05-25T17:11:55.643461+00:00
SVI-PFL,"47,48,49,50,51,52,53,54,55",9,roaring-moon-ex,Roaring Moon,36,90,135,25,39.33,ethan-typhlosion,Ethan's Typhlosion,3,33.33,overall,2026-05-25T17:11:55.643461+00:00
SVI-PFL,"47,48,49,50,51,52,53,54,55",9,roaring-moon-ex,Roaring Moon,36,90,135,25,39.33,slowking-scr,Slowking,3,100.0,overall,2026-05-25T17:11:55.643461+00:00
SVI-PFL,"47,48,49,50,51,52,53,54,55",9,roaring-moon-ex,Roaring Moon,36,90,135,25,39.33,crustle-dri,Crustle,3,66.67,overall,2026-05-25T17:11:55.643461+00:00
SVI-PFL,"47,48,49,50,51,52,53,54,55",9,roaring-moon-ex,Roaring Moon,36,90,135,25,39.33,gholdengo-joltik-box,Gholdengo Joltik Box,2,16.67,overall,2026-05-25T17:11:55.643461+00:00
SVI-PFL,"47,48,49,50,51,52,53,54,55",9,roaring-moon-ex,Roaring Moon,36,90,135,25,39.33,sharpedo-toxtricity,Sharpedo Toxtricity,2,100.0,overall,2026-05-25T17:11:55.643461+00:00
SVI-PFL,"47,48,49,50,51,52,53,54,55",9,roaring-moon-ex,Roaring Moon,36,90,135,25,39.33,ursaluna-lunatone,Ursaluna Lunatone,2,16.67,overall,2026-05-25T17:11:55.643461+00:00
SVI-PFL,"47,48,49,50,51,52,53,54,55",9,roaring-moon-ex,Roaring Moon,36,90,135,25,39.33,other,Other,2,0.0,overall,2026-05-25T17:11:55.643461+00:00
SVI-PFL,"47,48,49,50,51,52,53,54,55",9,roaring-moon-ex,Roaring Moon,36,90,135,25,39.33,lucario-hariyama,Lucario Hariyama,2,50.0,overall,2026-05-25T17:11:55.643461+00:00
SVI-PFL,"47,48,49,50,51,52,53,54,55",9,roaring-moon-ex,Roaring Moon,36,90,135,25,39.33,kangaskhan-bouffalant,Kangaskhan Bouffalant,2,50.0,overall,2026-05-25T17:11:55.643461+00:00
SVI-PFL,"47,48,49,50,51,52,53,54,55",9,roaring-moon-ex,Roaring Moon,36,90,135,25,39.33,joltik-box,Joltik Box,2,0.0,overall,2026-05-25T17:11:55.643461+00:00
SVI-PFL,"47,48,49,50,51,52,53,54,55",9,roaring-moon-ex,Roaring Moon,36,90,135,25,39.33,mega-venusaur-ex,Mega Venusaur,2,66.67,overall,2026-05-25T17:11:55.643461+00:00
SVI-PFL,"47,48,49,50,51,52,53,54,55",9,roaring-moon-ex,Roaring Moon,36,90,135,25,39.33,froslass-munkidori,Froslass Munkidori,2,50.0,overall,2026-05-25T17:11:55.643461+00:00
SVI-PFL,"47,48,49,50,51,52,53,54,55",9,roaring-moon-ex,Roaring Moon,36,90,135,25,39.33,tsareena-ex,Tsareena,1,0.0,overall,2026-05-25T17:11:55.643461+00:00
SVI-PFL,"47,48,49,50,51,52,53,54,55",9,roaring-moon-ex,Roaring Moon,36,90,135,25,39.33,dragapult-ex,Dragapult,1,0.0,overall,2026-05-25T17:11:55.643461+00:00
SVI-PFL,"47,48,49,50,51,52,53,54,55",9,roaring-moon-ex,Roaring Moon,36,90,135,25,39.33,mega-lopunny-ex,Mega Lopunny,1,100.0,overall,2026-05-25T17:11:55.643461+00:00
SVI-PFL,"47,48,49,50,51,52,53,54,55",9,roaring-moon-ex,Roaring Moon,36,90,135,25,39.33,iron-hands-magneton,Iron Hands Magneton,1,0.0,overall,2026-05-25T17:11:55.643461+00:00
SVI-PFL,"47,48,49,50,51,52,53,54,55",9,roaring-moon-ex,Roaring Moon,36,90,135,25,39.33,flareon-noctowl,Flareon Noctowl,1,100.0,overall,2026-05-25T17:11:55.643461+00:00
SVI-PFL,"47,48,49,50,51,52,53,54,55",9,roaring-moon-ex,Roaring Moon,36,90,135,25,39.33,yanmega-ex,Yanmega,1,0.0,overall,2026-05-25T17:11:55.643461+00:00
SVI-PFL,"47,48,49,50,51,52,53,54,55",9,roaring-moon-ex,Roaring Moon,36,90,135,25,39.33,hydrapple-ogerpon,Hydrapple Ogerpon,1,100.0,overall,2026-05-25T17:11:55.643461+00:00
SVI-PFL,"47,48,49,50,51,52,53,54,55",9,roaring-moon-ex,Roaring Moon,36,90,135,25,39.33,toedscruel-ex,Toedscruel,1,100.0,overall,2026-05-25T17:11:55.643461+00:00
SVI-PFL,"47,48,49,50,51,52,53,54,55",9,roaring-moon-ex,Roaring Moon,36,90,135,25,39.33,festival-lead,Festival Lead,1,0.0,overall,2026-05-25T17:11:55.643461+00:00
SVI-PFL,"47,48,49,50,51,52,53,54,55",9,roaring-moon-ex,Roaring Moon,36,90,135,25,39.33,archaludon-zoroark,Archaludon Zoroark,1,100.0,overall,2026-05-25T17:11:55.643461+00:00
SVI-PFL,"47,48,49,50,51,52,53,54,55",9,roaring-moon-ex,Roaring Moon,36,90,135,25,39.33,espathra-xatu,Espathra Xatu,1,0.0,overall,2026-05-25T17:11:55.643461+00:00
SVI-PFL,"47,48,49,50,51,52,53,54,55",9,roaring-moon-ex,Roaring Moon,36,90,135,25,39.33,seaking-pre,Seaking Festival Lead,1,100.0,overall,2026-05-25T17:11:55.643461+00:00
SVI-PFL,"47,48,49,50,51,52,53,54,55",9,roaring-moon-ex,Roaring Moon,36,90,135,25,39.33,gholdengo-ex,Gholdengo,1,100.0,overall,2026-05-25T17:11:55.643461+00:00
SVI-PFL,"47,48,49,50,51,52,53,54,55",9,roaring-moon-ex,Roaring Moon,36,90,135,25,39.33,hydreigon-ex,Hydreigon,1,0.0,overall,2026-05-25T17:11:55.643461+00:00
SVI-PFL,"47,48,49,50,51,52,53,54,55",9,rocket-mewtwo-ex,Rocket's Mewtwo,50,133,163,76,42.56,dragapult-dusknoir,Dragapult Dusknoir,59,44.63,overall,2026-05-25T17:11:58.552387+00:00
SVI-PFL,"47,48,49,50,51,52,53,54,55",9,rocket-mewtwo-ex,Rocket's Mewtwo,50,133,163,76,42.56,gholdengo-lunatone,Gholdengo Lunatone,54,29.01,overall,2026-05-25T17:11:58.552387+00:00
SVI-PFL,"47,48,49,50,51,52,53,54,55",9,rocket-mewtwo-ex,Rocket's Mewtwo,50,133,163,76,42.56,gardevoir-jellicent,Gardevoir Jellicent,32,36.46,overall,2026-05-25T17:11:58.552387+00:00
SVI-PFL,"47,48,49,50,51,52,53,54,55",9,rocket-mewtwo-ex,Rocket's Mewtwo,50,133,163,76,42.56,gardevoir-ex-sv,Gardevoir,26,23.08,overall,2026-05-25T17:11:58.552387+00:00
SVI-PFL,"47,48,49,50,51,52,53,54,55",9,rocket-mewtwo-ex,Rocket's Mewtwo,50,133,163,76,42.56,charizard-noctowl,Charizard Noctowl,25,26.67,overall,2026-05-25T17:11:58.552387+00:00
SVI-PFL,"47,48,49,50,51,52,53,54,55",9,rocket-mewtwo-ex,Rocket's Mewtwo,50,133,163,76,42.56,raging-bolt-ogerpon,Raging Bolt Ogerpon,20,33.33,overall,2026-05-25T17:11:58.552387+00:00
SVI-PFL,"47,48,49,50,51,52,53,54,55",9,rocket-mewtwo-ex,Rocket's Mewtwo,50,133,163,76,42.56,mega-absol-box,Mega Absol Box,19,47.37,overall,2026-05-25T17:11:58.552387+00:00
SVI-PFL,"47,48,49,50,51,52,53,54,55",9,rocket-mewtwo-ex,Rocket's Mewtwo,50,133,163,76,42.56,grimmsnarl-froslass,Grimmsnarl Froslass,17,56.86,overall,2026-05-25T17:11:58.552387+00:00
SVI-PFL,"47,48,49,50,51,52,53,54,55",9,rocket-mewtwo-ex,Rocket's Mewtwo,50,133,163,76,42.56,charizard-pidgeot,Charizard Pidgeot,16,62.5,overall,2026-05-25T17:11:58.552387+00:00
SVI-PFL,"47,48,49,50,51,52,53,54,55",9,rocket-mewtwo-ex,Rocket's Mewtwo,50,133,163,76,42.56,ceruledge-ex,Ceruledge,13,61.54,overall,2026-05-25T17:11:58.552387+00:00
SVI-PFL,"47,48,49,50,51,52,53,54,55",9,rocket-mewtwo-ex,Rocket's Mewtwo,50,133,163,76,42.56,n-zoroark,N's Zoroark,11,72.73,overall,2026-05-25T17:11:58.552387+00:00
SVI-PFL,"47,48,49,50,51,52,53,54,55",9,rocket-mewtwo-ex,Rocket's Mewtwo,50,133,163,76,42.56,other,Other,7,61.9,overall,2026-05-25T17:11:58.552387+00:00
SVI-PFL,"47,48,49,50,51,52,53,54,55",9,rocket-mewtwo-ex,Rocket's Mewtwo,50,133,163,76,42.56,lopunny-dusknoir,Lopunny Dusknoir,7,47.62,overall,2026-05-25T17:11:58.552387+00:00
SVI-PFL,"47,48,49,50,51,52,53,54,55",9,rocket-mewtwo-ex,Rocket's Mewtwo,50,133,163,76,42.56,dragapult-charizard,Dragapult Charizard,6,11.11,overall,2026-05-25T17:11:58.552387+00:00
SVI-PFL,"47,48,49,50,51,52,53,54,55",9,rocket-mewtwo-ex,Rocket's Mewtwo,50,133,163,76,42.56,flareon-noctowl,Flareon Noctowl,5,46.67,overall,2026-05-25T17:11:58.552387+00:00
SVI-PFL,"47,48,49,50,51,52,53,54,55",9,rocket-mewtwo-ex,Rocket's Mewtwo,50,133,163,76,42.56,kangaskhan-bouffalant,Kangaskhan Bouffalant,5,40.0,overall,2026-05-25T17:11:58.552387+00:00
SVI-PFL,"47,48,49,50,51,52,53,54,55",9,rocket-mewtwo-ex,Rocket's Mewtwo,50,133,163,76,42.56,alakazam-dudunsparce,Alakazam Dudunsparce,4,100.0,overall,2026-05-25T17:11:58.552387+00:00
SVI-PFL,"47,48,49,50,51,52,53,54,55",9,rocket-mewtwo-ex,Rocket's Mewtwo,50,133,163,76,42.56,cynthia-garchomp-ex,Cynthia's Garchomp,4,58.33,overall,2026-05-25T17:11:58.552387+00:00
SVI-PFL,"47,48,49,50,51,52,53,54,55",9,rocket-mewtwo-ex,Rocket's Mewtwo,50,133,163,76,42.56,pidgeot-control,Pidgeot Control,3,66.67,overall,2026-05-25T17:11:58.552387+00:00
SVI-PFL,"47,48,49,50,51,52,53,54,55",9,rocket-mewtwo-ex,Rocket's Mewtwo,50,133,163,76,42.56,tera-box,Tera Box,3,0.0,overall,2026-05-25T17:11:58.552387+00:00
SVI-PFL,"47,48,49,50,51,52,53,54,55",9,rocket-mewtwo-ex,Rocket's Mewtwo,50,133,163,76,42.56,crustle-dri,Crustle,2,100.0,overall,2026-05-25T17:11:58.552387+00:00
SVI-PFL,"47,48,49,50,51,52,53,54,55",9,rocket-mewtwo-ex,Rocket's Mewtwo,50,133,163,76,42.56,ursaluna-lunatone,Ursaluna Lunatone,2,66.67,overall,2026-05-25T17:11:58.552387+00:00
SVI-PFL,"47,48,49,50,51,52,53,54,55",9,rocket-mewtwo-ex,Rocket's Mewtwo,50,133,163,76,42.56,lucario-hariyama,Lucario Hariyama,2,50.0,overall,2026-05-25T17:11:58.552387+00:00
SVI-PFL,"47,48,49,50,51,52,53,54,55",9,rocket-mewtwo-ex,Rocket's Mewtwo,50,133,163,76,42.56,joltik-box,Joltik Box,2,66.67,overall,2026-05-25T17:11:58.552387+00:00
SVI-PFL,"47,48,49,50,51,52,53,54,55",9,rocket-mewtwo-ex,Rocket's Mewtwo,50,133,163,76,42.56,greninja-ex,Greninja,2,50.0,overall,2026-05-25T17:11:58.552387+00:00
SVI-PFL,"47,48,49,50,51,52,53,54,55",9,rocket-mewtwo-ex,Rocket's Mewtwo,50,133,163,76,42.56,manectric-eelektrik,Manectric Eelektrik,2,50.0,overall,2026-05-25T17:11:58.552387+00:00
SVI-PFL,"47,48,49,50,51,52,53,54,55",9,rocket-mewtwo-ex,Rocket's Mewtwo,50,133,163,76,42.56,mega-venusaur-ex,Mega Venusaur,2,16.67,overall,2026-05-25T17:11:58.552387+00:00
SVI-PFL,"47,48,49,50,51,52,53,54,55",9,rocket-mewtwo-ex,Rocket's Mewtwo,50,133,163,76,42.56,gholdengo-joltik-box,Gholdengo Joltik Box,1,100.0,overall,2026-05-25T17:11:58.552387+00:00
SVI-PFL,"47,48,49,50,51,52,53,54,55",9,rocket-mewtwo-ex,Rocket's Mewtwo,50,133,163,76,42.56,incineroar-ex,Incineroar,1,100.0,overall,2026-05-25T17:11:58.552387+00:00
SVI-PFL,"47,48,49,50,51,52,53,54,55",9,rocket-mewtwo-ex,Rocket's Mewtwo,50,133,163,76,42.56,charizard-ex,Charizard,1,100.0,overall,2026-05-25T17:11:58.552387+00:00
SVI-PFL,"47,48,49,50,51,52,53,54,55",9,rocket-mewtwo-ex,Rocket's Mewtwo,50,133,163,76,42.56,rocket-mewtwo-ex,Rocket's Mewtwo,1,33.33,overall,2026-05-25T17:11:58.552387+00:00
SVI-PFL,"47,48,49,50,51,52,53,54,55",9,rocket-mewtwo-ex,Rocket's Mewtwo,50,133,163,76,42.56,chien-pao-baxcalibur,Chien-Pao Baxcalibur,1,100.0,overall,2026-05-25T17:11:58.552387+00:00
SVI-PFL,"47,48,49,50,51,52,53,54,55",9,rocket-mewtwo-ex,Rocket's Mewtwo,50,133,163,76,42.56,gholdengo-ex,Gholdengo,1,33.33,overall,2026-05-25T17:11:58.552387+00:00
SVI-PFL,"47,48,49,50,51,52,53,54,55",9,rocket-mewtwo-ex,Rocket's Mewtwo,50,133,163,76,42.56,toxtricity-pfl,Toxtricity Box,1,0.0,overall,2026-05-25T17:11:58.552387+00:00
SVI-PFL,"47,48,49,50,51,52,53,54,55",9,rocket-mewtwo-ex,Rocket's Mewtwo,50,133,163,76,42.56,slowking-scr,Slowking,1,100.0,overall,2026-05-25T17:11:58.552387+00:00
SVI-PFL,"47,48,49,50,51,52,53,54,55",9,rocket-mewtwo-ex,Rocket's Mewtwo,50,133,163,76,42.56,froslass-munkidori,Froslass Munkidori,1,0.0,overall,2026-05-25T17:11:58.552387+00:00
SVI-PFL,"47,48,49,50,51,52,53,54,55",9,rocket-mewtwo-ex,Rocket's Mewtwo,50,133,163,76,42.56,hydrapple-ex,Hydrapple,1,33.33,overall,2026-05-25T17:11:58.552387+00:00
SVI-PFL,"47,48,49,50,51,52,53,54,55",9,rocket-mewtwo-ex,Rocket's Mewtwo,50,133,163,76,42.56,sharpedo-toxtricity,Sharpedo Toxtricity,1,0.0,overall,2026-05-25T17:11:58.552387+00:00
SVI-PFL,"47,48,49,50,51,52,53,54,55",9,rocket-mewtwo-ex,Rocket's Mewtwo,50,133,163,76,42.56,rocket-porygon-z,Rocket's Porygon-Z,1,100.0,overall,2026-05-25T17:11:58.552387+00:00
SVI-PFL,"47,48,49,50,51,52,53,54,55",9,rocket-mewtwo-ex,Rocket's Mewtwo,50,133,163,76,42.56,hydreigon-ex,Hydreigon,1,0.0,overall,2026-05-25T17:11:58.552387+00:00
SVI-PFL,"47,48,49,50,51,52,53,54,55",9,rocket-mewtwo-ex,Rocket's Mewtwo,50,133,163,76,42.56,mega-abomasnow-ex,Mega Abomasnow,1,100.0,overall,2026-05-25T17:11:58.552387+00:00
SVI-PFL,"47,48,49,50,51,52,53,54,55",9,rocket-mewtwo-ex,Rocket's Mewtwo,50,133,163,76,42.56,iron-hands-magneton,Iron Hands Magneton,1,100.0,overall,2026-05-25T17:11:58.552387+00:00
SVI-PFL,"47,48,49,50,51,52,53,54,55",9,rocket-mewtwo-ex,Rocket's Mewtwo,50,133,163,76,42.56,espathra-xatu,Espathra Xatu,1,0.0,overall,2026-05-25T17:11:58.552387+00:00
SVI-PFL,"47,48,49,50,51,52,53,54,55",9,rocket-mewtwo-ex,Rocket's Mewtwo,50,133,163,76,42.56,rocket-spidops,Rocket's Spidops,1,33.33,overall,2026-05-25T17:11:58.552387+00:00
SVI-PFL,"47,48,49,50,51,52,53,54,55",9,rocket-mewtwo-ex,Rocket's Mewtwo,50,133,163,76,42.56,seaking-pre,Seaking Festival Lead,1,100.0,overall,2026-05-25T17:11:58.552387+00:00
SVI-PFL,"47,48,49,50,51,52,53,54,55",9,rocket-mewtwo-ex,Rocket's Mewtwo,50,133,163,76,42.56,marnie-grimmsnarl-ex,Marnie's Grimmsnarl,1,0.0,overall,2026-05-25T17:11:58.552387+00:00
SVI-PFL,"47,48,49,50,51,52,53,54,55",9,rocket-nidoking-ex,Rocket's Nidoking,2,1,10,2,12.82,charizard-noctowl,Charizard Noctowl,2,0.0,overall,2026-05-25T17:12:01.577994+00:00
SVI-PFL,"47,48,49,50,51,52,53,54,55",9,rocket-nidoking-ex,Rocket's Nidoking,2,1,10,2,12.82,dragapult-dusknoir,Dragapult Dusknoir,2,16.67,overall,2026-05-25T17:12:01.577994+00:00
SVI-PFL,"47,48,49,50,51,52,53,54,55",9,rocket-nidoking-ex,Rocket's Nidoking,2,1,10,2,12.82,gholdengo-lunatone,Gholdengo Lunatone,1,0.0,overall,2026-05-25T17:12:01.577994+00:00
SVI-PFL,"47,48,49,50,51,52,53,54,55",9,rocket-nidoking-ex,Rocket's Nidoking,2,1,10,2,12.82,cynthia-garchomp-ex,Cynthia's Garchomp,1,0.0,overall,2026-05-25T17:12:01.577994+00:00
SVI-PFL,"47,48,49,50,51,52,53,54,55",9,rocket-nidoking-ex,Rocket's Nidoking,2,1,10,2,12.82,raging-bolt-ogerpon,Raging Bolt Ogerpon,1,33.33,overall,2026-05-25T17:12:01.577994+00:00
SVI-PFL,"47,48,49,50,51,52,53,54,55",9,rocket-nidoking-ex,Rocket's Nidoking,2,1,10,2,12.82,ceruledge-ex,Ceruledge,1,0.0,overall,2026-05-25T17:12:01.577994+00:00
SVI-PFL,"47,48,49,50,51,52,53,54,55",9,rocket-nidoking-ex,Rocket's Nidoking,2,1,10,2,12.82,joltik-box,Joltik Box,1,0.0,overall,2026-05-25T17:12:01.577994+00:00
SVI-PFL,"47,48,49,50,51,52,53,54,55",9,rocket-nidoking-ex,Rocket's Nidoking,2,1,10,2,12.82,archaludon-ex,Archaludon,1,0.0,overall,2026-05-25T17:12:01.577994+00:00
SVI-PFL,"47,48,49,50,51,52,53,54,55",9,rocket-nidoking-ex,Rocket's Nidoking,2,1,10,2,12.82,mega-absol-box,Mega Absol Box,1,100.0,overall,2026-05-25T17:12:01.577994+00:00
SVI-PFL,"47,48,49,50,51,52,53,54,55",9,rocket-nidoking-ex,Rocket's Nidoking,2,1,10,2,12.82,n-zoroark,N's Zoroark,1,0.0,overall,2026-05-25T17:12:01.577994+00:00
SVI-PFL,"47,48,49,50,51,52,53,54,55",9,rocket-nidoking-ex,Rocket's Nidoking,2,1,10,2,12.82,mega-venusaur-ex,Mega Venusaur,1,0.0,overall,2026-05-25T17:12:01.577994+00:00
SVI-PFL,"47,48,49,50,51,52,53,54,55",9,rocket-porygon-z,Rocket's Porygon-Z,4,6,18,5,26.44,dragapult-dusknoir,Dragapult Dusknoir,5,20.0,overall,2026-05-25T17:12:04.473141+00:00
SVI-PFL,"47,48,49,50,51,52,53,54,55",9,rocket-porygon-z,Rocket's Porygon-Z,4,6,18,5,26.44,gholdengo-lunatone,Gholdengo Lunatone,5,40.0,overall,2026-05-25T17:12:04.473141+00:00
SVI-PFL,"47,48,49,50,51,52,53,54,55",9,rocket-porygon-z,Rocket's Porygon-Z,4,6,18,5,26.44,charizard-noctowl,Charizard Noctowl,2,50.0,overall,2026-05-25T17:12:04.473141+00:00
SVI-PFL,"47,48,49,50,51,52,53,54,55",9,rocket-porygon-z,Rocket's Porygon-Z,4,6,18,5,26.44,gardevoir-jellicent,Gardevoir Jellicent,2,0.0,overall,2026-05-25T17:12:04.473141+00:00
SVI-PFL,"47,48,49,50,51,52,53,54,55",9,rocket-porygon-z,Rocket's Porygon-Z,4,6,18,5,26.44,flareon-noctowl,Flareon Noctowl,2,16.67,overall,2026-05-25T17:12:04.473141+00:00
SVI-PFL,"47,48,49,50,51,52,53,54,55",9,rocket-porygon-z,Rocket's Porygon-Z,4,6,18,5,26.44,n-zoroark,N's Zoroark,2,100.0,overall,2026-05-25T17:12:04.473141+00:00
SVI-PFL,"47,48,49,50,51,52,53,54,55",9,rocket-porygon-z,Rocket's Porygon-Z,4,6,18,5,26.44,mega-absol-box,Mega Absol Box,2,0.0,overall,2026-05-25T17:12:04.473141+00:00
SVI-PFL,"47,48,49,50,51,52,53,54,55",9,rocket-porygon-z,Rocket's Porygon-Z,4,6,18,5,26.44,grimmsnarl-froslass,Grimmsnarl Froslass,1,0.0,overall,2026-05-25T17:12:04.473141+00:00
SVI-PFL,"47,48,49,50,51,52,53,54,55",9,rocket-porygon-z,Rocket's Porygon-Z,4,6,18,5,26.44,alakazam-dudunsparce,Alakazam Dudunsparce,1,0.0,overall,2026-05-25T17:12:04.473141+00:00
SVI-PFL,"47,48,49,50,51,52,53,54,55",9,rocket-porygon-z,Rocket's Porygon-Z,4,6,18,5,26.44,ceruledge-ex,Ceruledge,1,0.0,overall,2026-05-25T17:12:04.473141+00:00
SVI-PFL,"47,48,49,50,51,52,53,54,55",9,rocket-porygon-z,Rocket's Porygon-Z,4,6,18,5,26.44,charizard-pidgeot,Charizard Pidgeot,1,33.33,overall,2026-05-25T17:12:04.473141+00:00
SVI-PFL,"47,48,49,50,51,52,53,54,55",9,rocket-porygon-z,Rocket's Porygon-Z,4,6,18,5,26.44,rocket-mewtwo-ex,Rocket's Mewtwo,1,0.0,overall,2026-05-25T17:12:04.473141+00:00
SVI-PFL,"47,48,49,50,51,52,53,54,55",9,rocket-porygon-z,Rocket's Porygon-Z,4,6,18,5,26.44,sharpedo-toxtricity,Sharpedo Toxtricity,1,0.0,overall,2026-05-25T17:12:04.473141+00:00
SVI-PFL,"47,48,49,50,51,52,53,54,55",9,rocket-porygon-z,Rocket's Porygon-Z,4,6,18,5,26.44,mega-abomasnow-ex,Mega Abomasnow,1,100.0,overall,2026-05-25T17:12:04.473141+00:00
SVI-PFL,"47,48,49,50,51,52,53,54,55",9,rocket-porygon-z,Rocket's Porygon-Z,4,6,18,5,26.44,gardevoir-ex-sv,Gardevoir,1,0.0,overall,2026-05-25T17:12:04.473141+00:00
SVI-PFL,"47,48,49,50,51,52,53,54,55",9,rocket-porygon-z,Rocket's Porygon-Z,4,6,18,5,26.44,slowking-scr,Slowking,1,0.0,overall,2026-05-25T17:12:04.473141+00:00
SVI-PFL,"47,48,49,50,51,52,53,54,55",9,rocket-spidops,Rocket's Spidops,6,22,22,9,47.17,gholdengo-lunatone,Gholdengo Lunatone,9,33.33,overall,2026-05-25T17:12:07.425144+00:00
SVI-PFL,"47,48,49,50,51,52,53,54,55",9,rocket-spidops,Rocket's Spidops,6,22,22,9,47.17,mega-absol-box,Mega Absol Box,5,46.67,overall,2026-05-25T17:12:07.425144+00:00
SVI-PFL,"47,48,49,50,51,52,53,54,55",9,rocket-spidops,Rocket's Spidops,6,22,22,9,47.17,dragapult-dusknoir,Dragapult Dusknoir,5,46.67,overall,2026-05-25T17:12:07.425144+00:00
SVI-PFL,"47,48,49,50,51,52,53,54,55",9,rocket-spidops,Rocket's Spidops,6,22,22,9,47.17,charizard-noctowl,Charizard Noctowl,4,50.0,overall,2026-05-25T17:12:07.425144+00:00
SVI-PFL,"47,48,49,50,51,52,53,54,55",9,rocket-spidops,Rocket's Spidops,6,22,22,9,47.17,n-zoroark,N's Zoroark,4,50.0,overall,2026-05-25T17:12:07.425144+00:00
SVI-PFL,"47,48,49,50,51,52,53,54,55",9,rocket-spidops,Rocket's Spidops,6,22,22,9,47.17,gardevoir-ex-sv,Gardevoir,4,0.0,overall,2026-05-25T17:12:07.425144+00:00
SVI-PFL,"47,48,49,50,51,52,53,54,55",9,rocket-spidops,Rocket's Spidops,6,22,22,9,47.17,cynthia-garchomp-ex,Cynthia's Garchomp,3,100.0,overall,2026-05-25T17:12:07.425144+00:00
SVI-PFL,"47,48,49,50,51,52,53,54,55",9,rocket-spidops,Rocket's Spidops,6,22,22,9,47.17,charizard-pidgeot,Charizard Pidgeot,3,55.56,overall,2026-05-25T17:12:07.425144+00:00
SVI-PFL,"47,48,49,50,51,52,53,54,55",9,rocket-spidops,Rocket's Spidops,6,22,22,9,47.17,grimmsnarl-froslass,Grimmsnarl Froslass,2,0.0,overall,2026-05-25T17:12:07.425144+00:00
SVI-PFL,"47,48,49,50,51,52,53,54,55",9,rocket-spidops,Rocket's Spidops,6,22,22,9,47.17,kangaskhan-bouffalant,Kangaskhan Bouffalant,2,0.0,overall,2026-05-25T17:12:07.425144+00:00
SVI-PFL,"47,48,49,50,51,52,53,54,55",9,rocket-spidops,Rocket's Spidops,6,22,22,9,47.17,gardevoir-jellicent,Gardevoir Jellicent,2,0.0,overall,2026-05-25T17:12:07.425144+00:00
SVI-PFL,"47,48,49,50,51,52,53,54,55",9,rocket-spidops,Rocket's Spidops,6,22,22,9,47.17,tsareena-ex,Tsareena,1,100.0,overall,2026-05-25T17:12:07.425144+00:00
SVI-PFL,"47,48,49,50,51,52,53,54,55",9,rocket-spidops,Rocket's Spidops,6,22,22,9,47.17,lopunny-dusknoir,Lopunny Dusknoir,1,100.0,overall,2026-05-25T17:12:07.425144+00:00
SVI-PFL,"47,48,49,50,51,52,53,54,55",9,rocket-spidops,Rocket's Spidops,6,22,22,9,47.17,iron-thorns-crustle,Iron Thorns Crustle,1,100.0,overall,2026-05-25T17:12:07.425144+00:00
SVI-PFL,"47,48,49,50,51,52,53,54,55",9,rocket-spidops,Rocket's Spidops,6,22,22,9,47.17,rocket-mewtwo-ex,Rocket's Mewtwo,1,33.33,overall,2026-05-25T17:12:07.425144+00:00
SVI-PFL,"47,48,49,50,51,52,53,54,55",9,rocket-spidops,Rocket's Spidops,6,22,22,9,47.17,lucario-hariyama,Lucario Hariyama,1,100.0,overall,2026-05-25T17:12:07.425144+00:00
SVI-PFL,"47,48,49,50,51,52,53,54,55",9,rocket-spidops,Rocket's Spidops,6,22,22,9,47.17,hydreigon-ex,Hydreigon,1,100.0,overall,2026-05-25T17:12:07.425144+00:00
SVI-PFL,"47,48,49,50,51,52,53,54,55",9,rocket-spidops,Rocket's Spidops,6,22,22,9,47.17,iron-hands-magneton,Iron Hands Magneton,1,100.0,overall,2026-05-25T17:12:07.425144+00:00
SVI-PFL,"47,48,49,50,51,52,53,54,55",9,rocket-spidops,Rocket's Spidops,6,22,22,9,47.17,alakazam-dudunsparce,Alakazam Dudunsparce,1,100.0,overall,2026-05-25T17:12:07.425144+00:00
SVI-PFL,"47,48,49,50,51,52,53,54,55",9,rocket-spidops,Rocket's Spidops,6,22,22,9,47.17,mega-venusaur-ex,Mega Venusaur,1,100.0,overall,2026-05-25T17:12:07.425144+00:00
SVI-PFL,"47,48,49,50,51,52,53,54,55",9,rocket-spidops,Rocket's Spidops,6,22,22,9,47.17,froslass-munkidori,Froslass Munkidori,1,33.33,overall,2026-05-25T17:12:07.425144+00:00
SVI-PFL,"47,48,49,50,51,52,53,54,55",9,scovillain-ex,Scovillain,2,2,9,0,18.18,dragapult-dusknoir,Dragapult Dusknoir,2,0.0,overall,2026-05-25T17:12:10.334633+00:00
SVI-PFL,"47,48,49,50,51,52,53,54,55",9,scovillain-ex,Scovillain,2,2,9,0,18.18,n-zoroark,N's Zoroark,1,0.0,overall,2026-05-25T17:12:10.334633+00:00
SVI-PFL,"47,48,49,50,51,52,53,54,55",9,scovillain-ex,Scovillain,2,2,9,0,18.18,mega-absol-box,Mega Absol Box,1,0.0,overall,2026-05-25T17:12:10.334633+00:00
SVI-PFL,"47,48,49,50,51,52,53,54,55",9,scovillain-ex,Scovillain,2,2,9,0,18.18,gardevoir-jellicent,Gardevoir Jellicent,1,0.0,overall,2026-05-25T17:12:10.334633+00:00
SVI-PFL,"47,48,49,50,51,52,53,54,55",9,scovillain-ex,Scovillain,2,2,9,0,18.18,toxtricity-pfl,Toxtricity Box,1,0.0,overall,2026-05-25T17:12:10.334633+00:00
SVI-PFL,"47,48,49,50,51,52,53,54,55",9,scovillain-ex,Scovillain,2,2,9,0,18.18,ogerpon-meganium,Ogerpon Meganium,1,0.0,overall,2026-05-25T17:12:10.334633+00:00
SVI-PFL,"47,48,49,50,51,52,53,54,55",9,scovillain-ex,Scovillain,2,2,9,0,18.18,iron-hands-ex,Future Hands,1,100.0,overall,2026-05-25T17:12:10.334633+00:00
SVI-PFL,"47,48,49,50,51,52,53,54,55",9,scovillain-ex,Scovillain,2,2,9,0,18.18,iron-hands-magneton,Iron Hands Magneton,1,0.0,overall,2026-05-25T17:12:10.334633+00:00
SVI-PFL,"47,48,49,50,51,52,53,54,55",9,scovillain-ex,Scovillain,2,2,9,0,18.18,gholdengo-ex,Gholdengo,1,0.0,overall,2026-05-25T17:12:10.334633+00:00
SVI-PFL,"47,48,49,50,51,52,53,54,55",9,scovillain-ex,Scovillain,2,2,9,0,18.18,great-tusk-tef,Great Tusk Mill,1,100.0,overall,2026-05-25T17:12:10.334633+00:00
SVI-PFL,"47,48,49,50,51,52,53,54,55",9,seaking-pre,Seaking Festival Lead,46,157,163,39,47.35,gholdengo-lunatone,Gholdengo Lunatone,69,58.45,overall,2026-05-25T17:12:13.222845+00:00
SVI-PFL,"47,48,49,50,51,52,53,54,55",9,seaking-pre,Seaking Festival Lead,46,157,163,39,47.35,dragapult-dusknoir,Dragapult Dusknoir,59,23.16,overall,2026-05-25T17:12:13.222845+00:00
SVI-PFL,"47,48,49,50,51,52,53,54,55",9,seaking-pre,Seaking Festival Lead,46,157,163,39,47.35,gardevoir-ex-sv,Gardevoir,28,17.86,overall,2026-05-25T17:12:13.222845+00:00
SVI-PFL,"47,48,49,50,51,52,53,54,55",9,seaking-pre,Seaking Festival Lead,46,157,163,39,47.35,gardevoir-jellicent,Gardevoir Jellicent,22,39.39,overall,2026-05-25T17:12:13.222845+00:00
SVI-PFL,"47,48,49,50,51,52,53,54,55",9,seaking-pre,Seaking Festival Lead,46,157,163,39,47.35,charizard-noctowl,Charizard Noctowl,20,40.0,overall,2026-05-25T17:12:13.222845+00:00
SVI-PFL,"47,48,49,50,51,52,53,54,55",9,seaking-pre,Seaking Festival Lead,46,157,163,39,47.35,raging-bolt-ogerpon,Raging Bolt Ogerpon,17,47.06,overall,2026-05-25T17:12:13.222845+00:00
SVI-PFL,"47,48,49,50,51,52,53,54,55",9,seaking-pre,Seaking Festival Lead,46,157,163,39,47.35,charizard-pidgeot,Charizard Pidgeot,17,72.55,overall,2026-05-25T17:12:13.222845+00:00
SVI-PFL,"47,48,49,50,51,52,53,54,55",9,seaking-pre,Seaking Festival Lead,46,157,163,39,47.35,mega-absol-box,Mega Absol Box,16,45.83,overall,2026-05-25T17:12:13.222845+00:00
SVI-PFL,"47,48,49,50,51,52,53,54,55",9,seaking-pre,Seaking Festival Lead,46,157,163,39,47.35,grimmsnarl-froslass,Grimmsnarl Froslass,14,21.43,overall,2026-05-25T17:12:13.222845+00:00
SVI-PFL,"47,48,49,50,51,52,53,54,55",9,seaking-pre,Seaking Festival Lead,46,157,163,39,47.35,n-zoroark,N's Zoroark,12,80.56,overall,2026-05-25T17:12:13.222845+00:00
SVI-PFL,"47,48,49,50,51,52,53,54,55",9,seaking-pre,Seaking Festival Lead,46,157,163,39,47.35,alakazam-dudunsparce,Alakazam Dudunsparce,11,51.52,overall,2026-05-25T17:12:13.222845+00:00
SVI-PFL,"47,48,49,50,51,52,53,54,55",9,seaking-pre,Seaking Festival Lead,46,157,163,39,47.35,ceruledge-ex,Ceruledge,7,90.48,overall,2026-05-25T17:12:13.222845+00:00
SVI-PFL,"47,48,49,50,51,52,53,54,55",9,seaking-pre,Seaking Festival Lead,46,157,163,39,47.35,lucario-hariyama,Lucario Hariyama,6,66.67,overall,2026-05-25T17:12:13.222845+00:00
SVI-PFL,"47,48,49,50,51,52,53,54,55",9,seaking-pre,Seaking Festival Lead,46,157,163,39,47.35,flareon-noctowl,Flareon Noctowl,6,66.67,overall,2026-05-25T17:12:13.222845+00:00
SVI-PFL,"47,48,49,50,51,52,53,54,55",9,seaking-pre,Seaking Festival Lead,46,157,163,39,47.35,dragapult-charizard,Dragapult Charizard,6,50.0,overall,2026-05-25T17:12:13.222845+00:00
SVI-PFL,"47,48,49,50,51,52,53,54,55",9,seaking-pre,Seaking Festival Lead,46,157,163,39,47.35,lopunny-dusknoir,Lopunny Dusknoir,4,50.0,overall,2026-05-25T17:12:13.222845+00:00
SVI-PFL,"47,48,49,50,51,52,53,54,55",9,seaking-pre,Seaking Festival Lead,46,157,163,39,47.35,kangaskhan-bouffalant,Kangaskhan Bouffalant,4,0.0,overall,2026-05-25T17:12:13.222845+00:00
SVI-PFL,"47,48,49,50,51,52,53,54,55",9,seaking-pre,Seaking Festival Lead,46,157,163,39,47.35,joltik-box,Joltik Box,4,50.0,overall,2026-05-25T17:12:13.222845+00:00
SVI-PFL,"47,48,49,50,51,52,53,54,55",9,seaking-pre,Seaking Festival Lead,46,157,163,39,47.35,conkeldurr-twm,Conkeldurr,3,100.0,overall,2026-05-25T17:12:13.222845+00:00
SVI-PFL,"47,48,49,50,51,52,53,54,55",9,seaking-pre,Seaking Festival Lead,46,157,163,39,47.35,greninja-ex,Greninja,3,100.0,overall,2026-05-25T17:12:13.222845+00:00
SVI-PFL,"47,48,49,50,51,52,53,54,55",9,seaking-pre,Seaking Festival Lead,46,157,163,39,47.35,mega-venusaur-ex,Mega Venusaur,3,100.0,overall,2026-05-25T17:12:13.222845+00:00
SVI-PFL,"47,48,49,50,51,52,53,54,55",9,seaking-pre,Seaking Festival Lead,46,157,163,39,47.35,other,Other,3,77.78,overall,2026-05-25T17:12:13.222845+00:00
SVI-PFL,"47,48,49,50,51,52,53,54,55",9,seaking-pre,Seaking Festival Lead,46,157,163,39,47.35,tera-box,Tera Box,2,100.0,overall,2026-05-25T17:12:13.222845+00:00
SVI-PFL,"47,48,49,50,51,52,53,54,55",9,seaking-pre,Seaking Festival Lead,46,157,163,39,47.35,sharpedo-toxtricity,Sharpedo Toxtricity,2,66.67,overall,2026-05-25T17:12:13.222845+00:00
SVI-PFL,"47,48,49,50,51,52,53,54,55",9,seaking-pre,Seaking Festival Lead,46,157,163,39,47.35,gholdengo-joltik-box,Gholdengo Joltik Box,2,100.0,overall,2026-05-25T17:12:13.222845+00:00
SVI-PFL,"47,48,49,50,51,52,53,54,55",9,seaking-pre,Seaking Festival Lead,46,157,163,39,47.35,iron-hands-magneton,Iron Hands Magneton,2,50.0,overall,2026-05-25T17:12:13.222845+00:00
SVI-PFL,"47,48,49,50,51,52,53,54,55",9,seaking-pre,Seaking Festival Lead,46,157,163,39,47.35,ho-oh-armarouge,Ho-Oh Armarouge,2,50.0,overall,2026-05-25T17:12:13.222845+00:00
SVI-PFL,"47,48,49,50,51,52,53,54,55",9,seaking-pre,Seaking Festival Lead,46,157,163,39,47.35,ethan-typhlosion,Ethan's Typhlosion,1,100.0,overall,2026-05-25T17:12:13.222845+00:00
SVI-PFL,"47,48,49,50,51,52,53,54,55",9,seaking-pre,Seaking Festival Lead,46,157,163,39,47.35,festival-lead,Festival Lead,1,0.0,overall,2026-05-25T17:12:13.222845+00:00
SVI-PFL,"47,48,49,50,51,52,53,54,55",9,seaking-pre,Seaking Festival Lead,46,157,163,39,47.35,charizard-ex,Charizard,1,100.0,overall,2026-05-25T17:12:13.222845+00:00
SVI-PFL,"47,48,49,50,51,52,53,54,55",9,seaking-pre,Seaking Festival Lead,46,157,163,39,47.35,paldean-tauros-pfl,Paldean Tauros,1,100.0,overall,2026-05-25T17:12:13.222845+00:00
SVI-PFL,"47,48,49,50,51,52,53,54,55",9,seaking-pre,Seaking Festival Lead,46,157,163,39,47.35,ursaluna-lunatone,Ursaluna Lunatone,1,33.33,overall,2026-05-25T17:12:13.222845+00:00
SVI-PFL,"47,48,49,50,51,52,53,54,55",9,seaking-pre,Seaking Festival Lead,46,157,163,39,47.35,manectric-eelektrik,Manectric Eelektrik,1,100.0,overall,2026-05-25T17:12:13.222845+00:00
SVI-PFL,"47,48,49,50,51,52,53,54,55",9,seaking-pre,Seaking Festival Lead,46,157,163,39,47.35,seaking-pre,Seaking Festival Lead,1,50.0,overall,2026-05-25T17:12:13.222845+00:00
SVI-PFL,"47,48,49,50,51,52,53,54,55",9,seaking-pre,Seaking Festival Lead,46,157,163,39,47.35,forretress-ex,Forretress,1,100.0,overall,2026-05-25T17:12:13.222845+00:00
SVI-PFL,"47,48,49,50,51,52,53,54,55",9,seaking-pre,Seaking Festival Lead,46,157,163,39,47.35,hydrapple-ogerpon,Hydrapple Ogerpon,1,0.0,overall,2026-05-25T17:12:13.222845+00:00
SVI-PFL,"47,48,49,50,51,52,53,54,55",9,seaking-pre,Seaking Festival Lead,46,157,163,39,47.35,cynthia-garchomp-ex,Cynthia's Garchomp,1,100.0,overall,2026-05-25T17:12:13.222845+00:00
SVI-PFL,"47,48,49,50,51,52,53,54,55",9,seaking-pre,Seaking Festival Lead,46,157,163,39,47.35,roaring-moon-ex,Roaring Moon,1,0.0,overall,2026-05-25T17:12:13.222845+00:00
SVI-PFL,"47,48,49,50,51,52,53,54,55",9,seaking-pre,Seaking Festival Lead,46,157,163,39,47.35,froslass-munkidori,Froslass Munkidori,1,0.0,overall,2026-05-25T17:12:13.222845+00:00
SVI-PFL,"47,48,49,50,51,52,53,54,55",9,seaking-pre,Seaking Festival Lead,46,157,163,39,47.35,rocket-mewtwo-ex,Rocket's Mewtwo,1,0.0,overall,2026-05-25T17:12:13.222845+00:00
SVI-PFL,"47,48,49,50,51,52,53,54,55",9,seaking-pre,Seaking Festival Lead,46,157,163,39,47.35,slowking-scr,Slowking,1,100.0,overall,2026-05-25T17:12:13.222845+00:00
SVI-PFL,"47,48,49,50,51,52,53,54,55",9,sharpedo-toxtricity,Sharpedo Toxtricity,107,245,399,131,37.25,dragapult-dusknoir,Dragapult Dusknoir,110,37.58,overall,2026-05-25T17:12:16.186562+00:00
SVI-PFL,"47,48,49,50,51,52,53,54,55",9,sharpedo-toxtricity,Sharpedo Toxtricity,107,245,399,131,37.25,gholdengo-lunatone,Gholdengo Lunatone,109,24.77,overall,2026-05-25T17:12:16.186562+00:00
SVI-PFL,"47,48,49,50,51,52,53,54,55",9,sharpedo-toxtricity,Sharpedo Toxtricity,107,245,399,131,37.25,gardevoir-jellicent,Gardevoir Jellicent,59,48.59,overall,2026-05-25T17:12:16.186562+00:00
SVI-PFL,"47,48,49,50,51,52,53,54,55",9,sharpedo-toxtricity,Sharpedo Toxtricity,107,245,399,131,37.25,charizard-pidgeot,Charizard Pidgeot,49,31.97,overall,2026-05-25T17:12:16.186562+00:00
SVI-PFL,"47,48,49,50,51,52,53,54,55",9,sharpedo-toxtricity,Sharpedo Toxtricity,107,245,399,131,37.25,charizard-noctowl,Charizard Noctowl,38,24.56,overall,2026-05-25T17:12:16.186562+00:00
SVI-PFL,"47,48,49,50,51,52,53,54,55",9,sharpedo-toxtricity,Sharpedo Toxtricity,107,245,399,131,37.25,gardevoir-ex-sv,Gardevoir,36,33.33,overall,2026-05-25T17:12:16.186562+00:00
SVI-PFL,"47,48,49,50,51,52,53,54,55",9,sharpedo-toxtricity,Sharpedo Toxtricity,107,245,399,131,37.25,mega-absol-box,Mega Absol Box,36,47.22,overall,2026-05-25T17:12:16.186562+00:00
SVI-PFL,"47,48,49,50,51,52,53,54,55",9,sharpedo-toxtricity,Sharpedo Toxtricity,107,245,399,131,37.25,ceruledge-ex,Ceruledge,33,44.44,overall,2026-05-25T17:12:16.186562+00:00
SVI-PFL,"47,48,49,50,51,52,53,54,55",9,sharpedo-toxtricity,Sharpedo Toxtricity,107,245,399,131,37.25,raging-bolt-ogerpon,Raging Bolt Ogerpon,32,18.75,overall,2026-05-25T17:12:16.186562+00:00
SVI-PFL,"47,48,49,50,51,52,53,54,55",9,sharpedo-toxtricity,Sharpedo Toxtricity,107,245,399,131,37.25,alakazam-dudunsparce,Alakazam Dudunsparce,29,36.78,overall,2026-05-25T17:12:16.186562+00:00
SVI-PFL,"47,48,49,50,51,52,53,54,55",9,sharpedo-toxtricity,Sharpedo Toxtricity,107,245,399,131,37.25,grimmsnarl-froslass,Grimmsnarl Froslass,23,43.48,overall,2026-05-25T17:12:16.186562+00:00
SVI-PFL,"47,48,49,50,51,52,53,54,55",9,sharpedo-toxtricity,Sharpedo Toxtricity,107,245,399,131,37.25,lopunny-dusknoir,Lopunny Dusknoir,15,57.78,overall,2026-05-25T17:12:16.186562+00:00
SVI-PFL,"47,48,49,50,51,52,53,54,55",9,sharpedo-toxtricity,Sharpedo Toxtricity,107,245,399,131,37.25,dragapult-charizard,Dragapult Charizard,15,33.33,overall,2026-05-25T17:12:16.186562+00:00
SVI-PFL,"47,48,49,50,51,52,53,54,55",9,sharpedo-toxtricity,Sharpedo Toxtricity,107,245,399,131,37.25,n-zoroark,N's Zoroark,14,76.19,overall,2026-05-25T17:12:16.186562+00:00
SVI-PFL,"47,48,49,50,51,52,53,54,55",9,sharpedo-toxtricity,Sharpedo Toxtricity,107,245,399,131,37.25,joltik-box,Joltik Box,13,28.21,overall,2026-05-25T17:12:16.186562+00:00
SVI-PFL,"47,48,49,50,51,52,53,54,55",9,sharpedo-toxtricity,Sharpedo Toxtricity,107,245,399,131,37.25,kangaskhan-bouffalant,Kangaskhan Bouffalant,12,25.0,overall,2026-05-25T17:12:16.186562+00:00
SVI-PFL,"47,48,49,50,51,52,53,54,55",9,sharpedo-toxtricity,Sharpedo Toxtricity,107,245,399,131,37.25,flareon-noctowl,Flareon Noctowl,11,21.21,overall,2026-05-25T17:12:16.186562+00:00
SVI-PFL,"47,48,49,50,51,52,53,54,55",9,sharpedo-toxtricity,Sharpedo Toxtricity,107,245,399,131,37.25,greninja-ex,Greninja,11,45.45,overall,2026-05-25T17:12:16.186562+00:00
SVI-PFL,"47,48,49,50,51,52,53,54,55",9,sharpedo-toxtricity,Sharpedo Toxtricity,107,245,399,131,37.25,tera-box,Tera Box,8,25.0,overall,2026-05-25T17:12:16.186562+00:00
SVI-PFL,"47,48,49,50,51,52,53,54,55",9,sharpedo-toxtricity,Sharpedo Toxtricity,107,245,399,131,37.25,iron-hands-magneton,Iron Hands Magneton,8,75.0,overall,2026-05-25T17:12:16.186562+00:00
SVI-PFL,"47,48,49,50,51,52,53,54,55",9,sharpedo-toxtricity,Sharpedo Toxtricity,107,245,399,131,37.25,cynthia-garchomp-ex,Cynthia's Garchomp,8,54.17,overall,2026-05-25T17:12:16.186562+00:00
SVI-PFL,"47,48,49,50,51,52,53,54,55",9,sharpedo-toxtricity,Sharpedo Toxtricity,107,245,399,131,37.25,gholdengo-ex,Gholdengo,7,23.81,overall,2026-05-25T17:12:16.186562+00:00
SVI-PFL,"47,48,49,50,51,52,53,54,55",9,sharpedo-toxtricity,Sharpedo Toxtricity,107,245,399,131,37.25,lucario-hariyama,Lucario Hariyama,7,9.52,overall,2026-05-25T17:12:16.186562+00:00
SVI-PFL,"47,48,49,50,51,52,53,54,55",9,sharpedo-toxtricity,Sharpedo Toxtricity,107,245,399,131,37.25,conkeldurr-twm,Conkeldurr,6,50.0,overall,2026-05-25T17:12:16.186562+00:00
SVI-PFL,"47,48,49,50,51,52,53,54,55",9,sharpedo-toxtricity,Sharpedo Toxtricity,107,245,399,131,37.25,other,Other,5,73.33,overall,2026-05-25T17:12:16.186562+00:00
SVI-PFL,"47,48,49,50,51,52,53,54,55",9,sharpedo-toxtricity,Sharpedo Toxtricity,107,245,399,131,37.25,sharpedo-toxtricity,Sharpedo Toxtricity,5,50.0,overall,2026-05-25T17:12:16.186562+00:00
SVI-PFL,"47,48,49,50,51,52,53,54,55",9,sharpedo-toxtricity,Sharpedo Toxtricity,107,245,399,131,37.25,mega-venusaur-ex,Mega Venusaur,5,20.0,overall,2026-05-25T17:12:16.186562+00:00
SVI-PFL,"47,48,49,50,51,52,53,54,55",9,sharpedo-toxtricity,Sharpedo Toxtricity,107,245,399,131,37.25,gholdengo-joltik-box,Gholdengo Joltik Box,4,75.0,overall,2026-05-25T17:12:16.186562+00:00
SVI-PFL,"47,48,49,50,51,52,53,54,55",9,sharpedo-toxtricity,Sharpedo Toxtricity,107,245,399,131,37.25,toxtricity-pfl,Toxtricity Box,4,41.67,overall,2026-05-25T17:12:16.186562+00:00
SVI-PFL,"47,48,49,50,51,52,53,54,55",9,sharpedo-toxtricity,Sharpedo Toxtricity,107,245,399,131,37.25,dragapult-ex,Dragapult,4,33.33,overall,2026-05-25T17:12:16.186562+00:00
SVI-PFL,"47,48,49,50,51,52,53,54,55",9,sharpedo-toxtricity,Sharpedo Toxtricity,107,245,399,131,37.25,hydreigon-ex,Hydreigon,4,58.33,overall,2026-05-25T17:12:16.186562+00:00
SVI-PFL,"47,48,49,50,51,52,53,54,55",9,sharpedo-toxtricity,Sharpedo Toxtricity,107,245,399,131,37.25,froslass-munkidori,Froslass Munkidori,3,11.11,overall,2026-05-25T17:12:16.186562+00:00
SVI-PFL,"47,48,49,50,51,52,53,54,55",9,sharpedo-toxtricity,Sharpedo Toxtricity,107,245,399,131,37.25,hydrapple-ogerpon,Hydrapple Ogerpon,3,33.33,overall,2026-05-25T17:12:16.186562+00:00
SVI-PFL,"47,48,49,50,51,52,53,54,55",9,sharpedo-toxtricity,Sharpedo Toxtricity,107,245,399,131,37.25,ho-oh-armarouge,Ho-Oh Armarouge,3,11.11,overall,2026-05-25T17:12:16.186562+00:00
SVI-PFL,"47,48,49,50,51,52,53,54,55",9,sharpedo-toxtricity,Sharpedo Toxtricity,107,245,399,131,37.25,ethan-typhlosion,Ethan's Typhlosion,3,66.67,overall,2026-05-25T17:12:16.186562+00:00
SVI-PFL,"47,48,49,50,51,52,53,54,55",9,sharpedo-toxtricity,Sharpedo Toxtricity,107,245,399,131,37.25,slowking-scr,Slowking,2,16.67,overall,2026-05-25T17:12:16.186562+00:00
SVI-PFL,"47,48,49,50,51,52,53,54,55",9,sharpedo-toxtricity,Sharpedo Toxtricity,107,245,399,131,37.25,ogerpon-ex,Ogerpon,2,50.0,overall,2026-05-25T17:12:16.186562+00:00
SVI-PFL,"47,48,49,50,51,52,53,54,55",9,sharpedo-toxtricity,Sharpedo Toxtricity,107,245,399,131,37.25,charizard-ex,Charizard,2,50.0,overall,2026-05-25T17:12:16.186562+00:00
SVI-PFL,"47,48,49,50,51,52,53,54,55",9,sharpedo-toxtricity,Sharpedo Toxtricity,107,245,399,131,37.25,pidgeot-control,Pidgeot Control,2,100.0,overall,2026-05-25T17:12:16.186562+00:00
SVI-PFL,"47,48,49,50,51,52,53,54,55",9,sharpedo-toxtricity,Sharpedo Toxtricity,107,245,399,131,37.25,roaring-moon-ex,Roaring Moon,2,0.0,overall,2026-05-25T17:12:16.186562+00:00
SVI-PFL,"47,48,49,50,51,52,53,54,55",9,sharpedo-toxtricity,Sharpedo Toxtricity,107,245,399,131,37.25,blaziken-ex-jtg,Blaziken,2,50.0,overall,2026-05-25T17:12:16.186562+00:00
SVI-PFL,"47,48,49,50,51,52,53,54,55",9,sharpedo-toxtricity,Sharpedo Toxtricity,107,245,399,131,37.25,seaking-pre,Seaking Festival Lead,2,16.67,overall,2026-05-25T17:12:16.186562+00:00
SVI-PFL,"47,48,49,50,51,52,53,54,55",9,sharpedo-toxtricity,Sharpedo Toxtricity,107,245,399,131,37.25,chien-pao-baxcalibur,Chien-Pao Baxcalibur,2,0.0,overall,2026-05-25T17:12:16.186562+00:00
SVI-PFL,"47,48,49,50,51,52,53,54,55",9,sharpedo-toxtricity,Sharpedo Toxtricity,107,245,399,131,37.25,festival-lead,Festival Lead,2,0.0,overall,2026-05-25T17:12:16.186562+00:00
SVI-PFL,"47,48,49,50,51,52,53,54,55",9,sharpedo-toxtricity,Sharpedo Toxtricity,107,245,399,131,37.25,dragapult-blaziken,Dragapult Blaziken,1,33.33,overall,2026-05-25T17:12:16.186562+00:00
SVI-PFL,"47,48,49,50,51,52,53,54,55",9,sharpedo-toxtricity,Sharpedo Toxtricity,107,245,399,131,37.25,tyranitar-jtg,Tyranitar,1,100.0,overall,2026-05-25T17:12:16.186562+00:00
SVI-PFL,"47,48,49,50,51,52,53,54,55",9,sharpedo-toxtricity,Sharpedo Toxtricity,107,245,399,131,37.25,flareon-ex,Flareon,1,0.0,overall,2026-05-25T17:12:16.186562+00:00
SVI-PFL,"47,48,49,50,51,52,53,54,55",9,sharpedo-toxtricity,Sharpedo Toxtricity,107,245,399,131,37.25,mega-abomasnow-ex,Mega Abomasnow,1,100.0,overall,2026-05-25T17:12:16.186562+00:00
SVI-PFL,"47,48,49,50,51,52,53,54,55",9,sharpedo-toxtricity,Sharpedo Toxtricity,107,245,399,131,37.25,copperajah-ex,Copperajah,1,0.0,overall,2026-05-25T17:12:16.186562+00:00
SVI-PFL,"47,48,49,50,51,52,53,54,55",9,sharpedo-toxtricity,Sharpedo Toxtricity,107,245,399,131,37.25,mega-lucario-ex,Mega Lucario,1,100.0,overall,2026-05-25T17:12:16.186562+00:00
SVI-PFL,"47,48,49,50,51,52,53,54,55",9,sharpedo-toxtricity,Sharpedo Toxtricity,107,245,399,131,37.25,marnie-grimmsnarl-ex,Marnie's Grimmsnarl,1,100.0,overall,2026-05-25T17:12:16.186562+00:00
SVI-PFL,"47,48,49,50,51,52,53,54,55",9,sharpedo-toxtricity,Sharpedo Toxtricity,107,245,399,131,37.25,espathra-ex,Espathra,1,100.0,overall,2026-05-25T17:12:16.186562+00:00
SVI-PFL,"47,48,49,50,51,52,53,54,55",9,sharpedo-toxtricity,Sharpedo Toxtricity,107,245,399,131,37.25,ogerpon-meganium,Ogerpon Meganium,1,0.0,overall,2026-05-25T17:12:16.186562+00:00
SVI-PFL,"47,48,49,50,51,52,53,54,55",9,sharpedo-toxtricity,Sharpedo Toxtricity,107,245,399,131,37.25,okidogi-ex,Okidogi,1,100.0,overall,2026-05-25T17:12:16.186562+00:00
SVI-PFL,"47,48,49,50,51,52,53,54,55",9,sharpedo-toxtricity,Sharpedo Toxtricity,107,245,399,131,37.25,kangaskhan-forretress,Kangaskhan Forretress,1,100.0,overall,2026-05-25T17:12:16.186562+00:00
SVI-PFL,"47,48,49,50,51,52,53,54,55",9,sharpedo-toxtricity,Sharpedo Toxtricity,107,245,399,131,37.25,ursaluna-lunatone,Ursaluna Lunatone,1,0.0,overall,2026-05-25T17:12:16.186562+00:00
SVI-PFL,"47,48,49,50,51,52,53,54,55",9,sharpedo-toxtricity,Sharpedo Toxtricity,107,245,399,131,37.25,iron-hands-ex,Future Hands,1,100.0,overall,2026-05-25T17:12:16.186562+00:00
SVI-PFL,"47,48,49,50,51,52,53,54,55",9,sharpedo-toxtricity,Sharpedo Toxtricity,107,245,399,131,37.25,hop-zacian,Hop's Zacian,1,33.33,overall,2026-05-25T17:12:16.186562+00:00
SVI-PFL,"47,48,49,50,51,52,53,54,55",9,sharpedo-toxtricity,Sharpedo Toxtricity,107,245,399,131,37.25,rocket-mewtwo-ex,Rocket's Mewtwo,1,100.0,overall,2026-05-25T17:12:16.186562+00:00
SVI-PFL,"47,48,49,50,51,52,53,54,55",9,sharpedo-toxtricity,Sharpedo Toxtricity,107,245,399,131,37.25,milotic-ex,Milotic,1,33.33,overall,2026-05-25T17:12:16.186562+00:00
SVI-PFL,"47,48,49,50,51,52,53,54,55",9,sharpedo-toxtricity,Sharpedo Toxtricity,107,245,399,131,37.25,rocket-porygon-z,Rocket's Porygon-Z,1,100.0,overall,2026-05-25T17:12:16.186562+00:00
SVI-PFL,"47,48,49,50,51,52,53,54,55",9,sharpedo-toxtricity,Sharpedo Toxtricity,107,245,399,131,37.25,iono-bellibolt,Iono's Bellibolt,1,100.0,overall,2026-05-25T17:12:16.186562+00:00
SVI-PFL,"47,48,49,50,51,52,53,54,55",9,sharpedo-toxtricity,Sharpedo Toxtricity,107,245,399,131,37.25,mega-manectric-ex-meg,Mega Manectric,1,0.0,overall,2026-05-25T17:12:16.186562+00:00
SVI-PFL,"47,48,49,50,51,52,53,54,55",9,sinistcha-ogerpon,Sinistcha Ogerpon,3,5,11,2,31.48,gholdengo-lunatone,Gholdengo Lunatone,3,0.0,overall,2026-05-25T17:12:19.087119+00:00
SVI-PFL,"47,48,49,50,51,52,53,54,55",9,sinistcha-ogerpon,Sinistcha Ogerpon,3,5,11,2,31.48,charizard-pidgeot,Charizard Pidgeot,3,66.67,overall,2026-05-25T17:12:19.087119+00:00
SVI-PFL,"47,48,49,50,51,52,53,54,55",9,sinistcha-ogerpon,Sinistcha Ogerpon,3,5,11,2,31.48,dragapult-dusknoir,Dragapult Dusknoir,3,0.0,overall,2026-05-25T17:12:19.087119+00:00
SVI-PFL,"47,48,49,50,51,52,53,54,55",9,sinistcha-ogerpon,Sinistcha Ogerpon,3,5,11,2,31.48,gardevoir-ex-sv,Gardevoir,2,50.0,overall,2026-05-25T17:12:19.087119+00:00
SVI-PFL,"47,48,49,50,51,52,53,54,55",9,sinistcha-ogerpon,Sinistcha Ogerpon,3,5,11,2,31.48,alakazam-dudunsparce,Alakazam Dudunsparce,1,0.0,overall,2026-05-25T17:12:19.087119+00:00
SVI-PFL,"47,48,49,50,51,52,53,54,55",9,sinistcha-ogerpon,Sinistcha Ogerpon,3,5,11,2,31.48,grimmsnarl-froslass,Grimmsnarl Froslass,1,0.0,overall,2026-05-25T17:12:19.087119+00:00
SVI-PFL,"47,48,49,50,51,52,53,54,55",9,sinistcha-ogerpon,Sinistcha Ogerpon,3,5,11,2,31.48,gardevoir-jellicent,Gardevoir Jellicent,1,33.33,overall,2026-05-25T17:12:19.087119+00:00
SVI-PFL,"47,48,49,50,51,52,53,54,55",9,sinistcha-ogerpon,Sinistcha Ogerpon,3,5,11,2,31.48,hydreigon-ex,Hydreigon,1,100.0,overall,2026-05-25T17:12:19.087119+00:00
SVI-PFL,"47,48,49,50,51,52,53,54,55",9,sinistcha-ogerpon,Sinistcha Ogerpon,3,5,11,2,31.48,lopunny-dusknoir,Lopunny Dusknoir,1,33.33,overall,2026-05-25T17:12:19.087119+00:00
SVI-PFL,"47,48,49,50,51,52,53,54,55",9,sinistcha-ogerpon,Sinistcha Ogerpon,3,5,11,2,31.48,dragapult-charizard,Dragapult Charizard,1,100.0,overall,2026-05-25T17:12:19.087119+00:00
SVI-PFL,"47,48,49,50,51,52,53,54,55",9,sinistcha-ogerpon,Sinistcha Ogerpon,3,5,11,2,31.48,kangaskhan-bouffalant,Kangaskhan Bouffalant,1,0.0,overall,2026-05-25T17:12:19.087119+00:00
SVI-PFL,"47,48,49,50,51,52,53,54,55",9,slaking-ex,Slaking,18,48,62,15,42.4,dragapult-dusknoir,Dragapult Dusknoir,22,30.3,overall,2026-05-25T17:12:22.012079+00:00
SVI-PFL,"47,48,49,50,51,52,53,54,55",9,slaking-ex,Slaking,18,48,62,15,42.4,gholdengo-lunatone,Gholdengo Lunatone,19,35.09,overall,2026-05-25T17:12:22.012079+00:00
SVI-PFL,"47,48,49,50,51,52,53,54,55",9,slaking-ex,Slaking,18,48,62,15,42.4,gardevoir-jellicent,Gardevoir Jellicent,12,47.22,overall,2026-05-25T17:12:22.012079+00:00
SVI-PFL,"47,48,49,50,51,52,53,54,55",9,slaking-ex,Slaking,18,48,62,15,42.4,charizard-pidgeot,Charizard Pidgeot,10,46.67,overall,2026-05-25T17:12:22.012079+00:00
SVI-PFL,"47,48,49,50,51,52,53,54,55",9,slaking-ex,Slaking,18,48,62,15,42.4,gardevoir-ex-sv,Gardevoir,9,48.15,overall,2026-05-25T17:12:22.012079+00:00
SVI-PFL,"47,48,49,50,51,52,53,54,55",9,slaking-ex,Slaking,18,48,62,15,42.4,charizard-noctowl,Charizard Noctowl,7,42.86,overall,2026-05-25T17:12:22.012079+00:00
SVI-PFL,"47,48,49,50,51,52,53,54,55",9,slaking-ex,Slaking,18,48,62,15,42.4,dragapult-charizard,Dragapult Charizard,6,22.22,overall,2026-05-25T17:12:22.012079+00:00
SVI-PFL,"47,48,49,50,51,52,53,54,55",9,slaking-ex,Slaking,18,48,62,15,42.4,raging-bolt-ogerpon,Raging Bolt Ogerpon,6,16.67,overall,2026-05-25T17:12:22.012079+00:00
SVI-PFL,"47,48,49,50,51,52,53,54,55",9,slaking-ex,Slaking,18,48,62,15,42.4,lopunny-dusknoir,Lopunny Dusknoir,4,75.0,overall,2026-05-25T17:12:22.012079+00:00
SVI-PFL,"47,48,49,50,51,52,53,54,55",9,slaking-ex,Slaking,18,48,62,15,42.4,grimmsnarl-froslass,Grimmsnarl Froslass,3,66.67,overall,2026-05-25T17:12:22.012079+00:00
SVI-PFL,"47,48,49,50,51,52,53,54,55",9,slaking-ex,Slaking,18,48,62,15,42.4,n-zoroark,N's Zoroark,3,100.0,overall,2026-05-25T17:12:22.012079+00:00
SVI-PFL,"47,48,49,50,51,52,53,54,55",9,slaking-ex,Slaking,18,48,62,15,42.4,cynthia-garchomp-ex,Cynthia's Garchomp,3,11.11,overall,2026-05-25T17:12:22.012079+00:00
SVI-PFL,"47,48,49,50,51,52,53,54,55",9,slaking-ex,Slaking,18,48,62,15,42.4,tera-box,Tera Box,2,100.0,overall,2026-05-25T17:12:22.012079+00:00
SVI-PFL,"47,48,49,50,51,52,53,54,55",9,slaking-ex,Slaking,18,48,62,15,42.4,miraidon-eelektrik,Miraidon Eelektrik,2,0.0,overall,2026-05-25T17:12:22.012079+00:00
SVI-PFL,"47,48,49,50,51,52,53,54,55",9,slaking-ex,Slaking,18,48,62,15,42.4,gholdengo-joltik-box,Gholdengo Joltik Box,2,33.33,overall,2026-05-25T17:12:22.012079+00:00
SVI-PFL,"47,48,49,50,51,52,53,54,55",9,slaking-ex,Slaking,18,48,62,15,42.4,ceruledge-ex,Ceruledge,2,66.67,overall,2026-05-25T17:12:22.012079+00:00
SVI-PFL,"47,48,49,50,51,52,53,54,55",9,slaking-ex,Slaking,18,48,62,15,42.4,kangaskhan-bouffalant,Kangaskhan Bouffalant,1,100.0,overall,2026-05-25T17:12:22.012079+00:00
SVI-PFL,"47,48,49,50,51,52,53,54,55",9,slaking-ex,Slaking,18,48,62,15,42.4,joltik-box,Joltik Box,1,100.0,overall,2026-05-25T17:12:22.012079+00:00
SVI-PFL,"47,48,49,50,51,52,53,54,55",9,slaking-ex,Slaking,18,48,62,15,42.4,alakazam-meg,Alakazam,1,0.0,overall,2026-05-25T17:12:22.012079+00:00
SVI-PFL,"47,48,49,50,51,52,53,54,55",9,slaking-ex,Slaking,18,48,62,15,42.4,iron-hands-ex,Future Hands,1,100.0,overall,2026-05-25T17:12:22.012079+00:00
SVI-PFL,"47,48,49,50,51,52,53,54,55",9,slaking-ex,Slaking,18,48,62,15,42.4,ethan-typhlosion,Ethan's Typhlosion,1,100.0,overall,2026-05-25T17:12:22.012079+00:00
SVI-PFL,"47,48,49,50,51,52,53,54,55",9,slaking-ex,Slaking,18,48,62,15,42.4,mega-venusaur-ex,Mega Venusaur,1,100.0,overall,2026-05-25T17:12:22.012079+00:00
SVI-PFL,"47,48,49,50,51,52,53,54,55",9,slaking-ex,Slaking,18,48,62,15,42.4,mega-lucario-ex,Mega Lucario,1,33.33,overall,2026-05-25T17:12:22.012079+00:00
SVI-PFL,"47,48,49,50,51,52,53,54,55",9,slaking-ex,Slaking,18,48,62,15,42.4,crustle-dri,Crustle,1,0.0,overall,2026-05-25T17:12:22.012079+00:00
SVI-PFL,"47,48,49,50,51,52,53,54,55",9,slaking-ex,Slaking,18,48,62,15,42.4,cinderace-ex,Cinderace,1,100.0,overall,2026-05-25T17:12:22.012079+00:00
SVI-PFL,"47,48,49,50,51,52,53,54,55",9,slaking-ex,Slaking,18,48,62,15,42.4,dragapult-ex,Dragapult,1,100.0,overall,2026-05-25T17:12:22.012079+00:00
SVI-PFL,"47,48,49,50,51,52,53,54,55",9,slaking-ex,Slaking,18,48,62,15,42.4,mega-absol-box,Mega Absol Box,1,0.0,overall,2026-05-25T17:12:22.012079+00:00
SVI-PFL,"47,48,49,50,51,52,53,54,55",9,slaking-ex,Slaking,18,48,62,15,42.4,festival-lead,Festival Lead,1,0.0,overall,2026-05-25T17:12:22.012079+00:00
SVI-PFL,"47,48,49,50,51,52,53,54,55",9,slowking-scr,Slowking,92,307,335,101,45.85,dragapult-dusknoir,Dragapult Dusknoir,122,46.45,overall,2026-05-25T17:12:24.888473+00:00
SVI-PFL,"47,48,49,50,51,52,53,54,55",9,slowking-scr,Slowking,92,307,335,101,45.85,gholdengo-lunatone,Gholdengo Lunatone,108,50.62,overall,2026-05-25T17:12:24.888473+00:00
SVI-PFL,"47,48,49,50,51,52,53,54,55",9,slowking-scr,Slowking,92,307,335,101,45.85,grimmsnarl-froslass,Grimmsnarl Froslass,47,51.77,overall,2026-05-25T17:12:24.888473+00:00
SVI-PFL,"47,48,49,50,51,52,53,54,55",9,slowking-scr,Slowking,92,307,335,101,45.85,charizard-noctowl,Charizard Noctowl,44,52.27,overall,2026-05-25T17:12:24.888473+00:00
SVI-PFL,"47,48,49,50,51,52,53,54,55",9,slowking-scr,Slowking,92,307,335,101,45.85,gardevoir-ex-sv,Gardevoir,41,39.02,overall,2026-05-25T17:12:24.888473+00:00
SVI-PFL,"47,48,49,50,51,52,53,54,55",9,slowking-scr,Slowking,92,307,335,101,45.85,mega-absol-box,Mega Absol Box,39,17.95,overall,2026-05-25T17:12:24.888473+00:00
SVI-PFL,"47,48,49,50,51,52,53,54,55",9,slowking-scr,Slowking,92,307,335,101,45.85,gardevoir-jellicent,Gardevoir Jellicent,37,38.74,overall,2026-05-25T17:12:24.888473+00:00
SVI-PFL,"47,48,49,50,51,52,53,54,55",9,slowking-scr,Slowking,92,307,335,101,45.85,charizard-pidgeot,Charizard Pidgeot,34,45.1,overall,2026-05-25T17:12:24.888473+00:00
SVI-PFL,"47,48,49,50,51,52,53,54,55",9,slowking-scr,Slowking,92,307,335,101,45.85,raging-bolt-ogerpon,Raging Bolt Ogerpon,25,41.33,overall,2026-05-25T17:12:24.888473+00:00
SVI-PFL,"47,48,49,50,51,52,53,54,55",9,slowking-scr,Slowking,92,307,335,101,45.85,ceruledge-ex,Ceruledge,22,77.27,overall,2026-05-25T17:12:24.888473+00:00
SVI-PFL,"47,48,49,50,51,52,53,54,55",9,slowking-scr,Slowking,92,307,335,101,45.85,n-zoroark,N's Zoroark,22,36.36,overall,2026-05-25T17:12:24.888473+00:00
SVI-PFL,"47,48,49,50,51,52,53,54,55",9,slowking-scr,Slowking,92,307,335,101,45.85,dragapult-charizard,Dragapult Charizard,22,54.55,overall,2026-05-25T17:12:24.888473+00:00
SVI-PFL,"47,48,49,50,51,52,53,54,55",9,slowking-scr,Slowking,92,307,335,101,45.85,alakazam-dudunsparce,Alakazam Dudunsparce,21,26.98,overall,2026-05-25T17:12:24.888473+00:00
SVI-PFL,"47,48,49,50,51,52,53,54,55",9,slowking-scr,Slowking,92,307,335,101,45.85,flareon-noctowl,Flareon Noctowl,16,52.08,overall,2026-05-25T17:12:24.888473+00:00
SVI-PFL,"47,48,49,50,51,52,53,54,55",9,slowking-scr,Slowking,92,307,335,101,45.85,joltik-box,Joltik Box,13,30.77,overall,2026-05-25T17:12:24.888473+00:00
SVI-PFL,"47,48,49,50,51,52,53,54,55",9,slowking-scr,Slowking,92,307,335,101,45.85,kangaskhan-bouffalant,Kangaskhan Bouffalant,13,56.41,overall,2026-05-25T17:12:24.888473+00:00
SVI-PFL,"47,48,49,50,51,52,53,54,55",9,slowking-scr,Slowking,92,307,335,101,45.85,tera-box,Tera Box,12,38.89,overall,2026-05-25T17:12:24.888473+00:00
SVI-PFL,"47,48,49,50,51,52,53,54,55",9,slowking-scr,Slowking,92,307,335,101,45.85,lucario-hariyama,Lucario Hariyama,10,86.67,overall,2026-05-25T17:12:24.888473+00:00
SVI-PFL,"47,48,49,50,51,52,53,54,55",9,slowking-scr,Slowking,92,307,335,101,45.85,other,Other,7,47.62,overall,2026-05-25T17:12:24.888473+00:00
SVI-PFL,"47,48,49,50,51,52,53,54,55",9,slowking-scr,Slowking,92,307,335,101,45.85,lopunny-dusknoir,Lopunny Dusknoir,7,23.81,overall,2026-05-25T17:12:24.888473+00:00
SVI-PFL,"47,48,49,50,51,52,53,54,55",9,slowking-scr,Slowking,92,307,335,101,45.85,cynthia-garchomp-ex,Cynthia's Garchomp,5,66.67,overall,2026-05-25T17:12:24.888473+00:00
SVI-PFL,"47,48,49,50,51,52,53,54,55",9,slowking-scr,Slowking,92,307,335,101,45.85,festival-lead,Festival Lead,4,25.0,overall,2026-05-25T17:12:24.888473+00:00
SVI-PFL,"47,48,49,50,51,52,53,54,55",9,slowking-scr,Slowking,92,307,335,101,45.85,mega-venusaur-ex,Mega Venusaur,4,66.67,overall,2026-05-25T17:12:24.888473+00:00
SVI-PFL,"47,48,49,50,51,52,53,54,55",9,slowking-scr,Slowking,92,307,335,101,45.85,manectric-eelektrik,Manectric Eelektrik,4,58.33,overall,2026-05-25T17:12:24.888473+00:00
SVI-PFL,"47,48,49,50,51,52,53,54,55",9,slowking-scr,Slowking,92,307,335,101,45.85,iron-hands-magneton,Iron Hands Magneton,4,83.33,overall,2026-05-25T17:12:24.888473+00:00
SVI-PFL,"47,48,49,50,51,52,53,54,55",9,slowking-scr,Slowking,92,307,335,101,45.85,dragapult-ex,Dragapult,3,44.44,overall,2026-05-25T17:12:24.888473+00:00
SVI-PFL,"47,48,49,50,51,52,53,54,55",9,slowking-scr,Slowking,92,307,335,101,45.85,gholdengo-joltik-box,Gholdengo Joltik Box,3,0.0,overall,2026-05-25T17:12:24.888473+00:00
SVI-PFL,"47,48,49,50,51,52,53,54,55",9,slowking-scr,Slowking,92,307,335,101,45.85,roaring-moon-ex,Roaring Moon,3,0.0,overall,2026-05-25T17:12:24.888473+00:00
SVI-PFL,"47,48,49,50,51,52,53,54,55",9,slowking-scr,Slowking,92,307,335,101,45.85,greninja-ex,Greninja,3,66.67,overall,2026-05-25T17:12:24.888473+00:00
SVI-PFL,"47,48,49,50,51,52,53,54,55",9,slowking-scr,Slowking,92,307,335,101,45.85,hydreigon-ex,Hydreigon,3,33.33,overall,2026-05-25T17:12:24.888473+00:00
SVI-PFL,"47,48,49,50,51,52,53,54,55",9,slowking-scr,Slowking,92,307,335,101,45.85,sharpedo-toxtricity,Sharpedo Toxtricity,2,66.67,overall,2026-05-25T17:12:24.888473+00:00
SVI-PFL,"47,48,49,50,51,52,53,54,55",9,slowking-scr,Slowking,92,307,335,101,45.85,gholdengo-ex,Gholdengo,2,0.0,overall,2026-05-25T17:12:24.888473+00:00
SVI-PFL,"47,48,49,50,51,52,53,54,55",9,slowking-scr,Slowking,92,307,335,101,45.85,ethan-typhlosion,Ethan's Typhlosion,2,50.0,overall,2026-05-25T17:12:24.888473+00:00
SVI-PFL,"47,48,49,50,51,52,53,54,55",9,slowking-scr,Slowking,92,307,335,101,45.85,yanmega-ex,Yanmega,2,0.0,overall,2026-05-25T17:12:24.888473+00:00
SVI-PFL,"47,48,49,50,51,52,53,54,55",9,slowking-scr,Slowking,92,307,335,101,45.85,slowking-scr,Slowking,2,41.67,overall,2026-05-25T17:12:24.888473+00:00
SVI-PFL,"47,48,49,50,51,52,53,54,55",9,slowking-scr,Slowking,92,307,335,101,45.85,mega-kangaskhan-ex,Mega Kangaskhan,2,100.0,overall,2026-05-25T17:12:24.888473+00:00
SVI-PFL,"47,48,49,50,51,52,53,54,55",9,slowking-scr,Slowking,92,307,335,101,45.85,pidgeot-control,Pidgeot Control,2,100.0,overall,2026-05-25T17:12:24.888473+00:00
SVI-PFL,"47,48,49,50,51,52,53,54,55",9,slowking-scr,Slowking,92,307,335,101,45.85,crustle-dri,Crustle,2,100.0,overall,2026-05-25T17:12:24.888473+00:00
SVI-PFL,"47,48,49,50,51,52,53,54,55",9,slowking-scr,Slowking,92,307,335,101,45.85,froslass-munkidori,Froslass Munkidori,2,16.67,overall,2026-05-25T17:12:24.888473+00:00
SVI-PFL,"47,48,49,50,51,52,53,54,55",9,slowking-scr,Slowking,92,307,335,101,45.85,gholdengo-typhlosion,Gholdengo Typhlosion,1,33.33,overall,2026-05-25T17:12:24.888473+00:00
SVI-PFL,"47,48,49,50,51,52,53,54,55",9,slowking-scr,Slowking,92,307,335,101,45.85,ursaluna-iron-valiant,Ursaluna Iron Valiant,1,33.33,overall,2026-05-25T17:12:24.888473+00:00
SVI-PFL,"47,48,49,50,51,52,53,54,55",9,slowking-scr,Slowking,92,307,335,101,45.85,ho-oh-armarouge,Ho-Oh Armarouge,1,0.0,overall,2026-05-25T17:12:24.888473+00:00
SVI-PFL,"47,48,49,50,51,52,53,54,55",9,slowking-scr,Slowking,92,307,335,101,45.85,marnie-grimmsnarl-ex,Marnie's Grimmsnarl,1,33.33,overall,2026-05-25T17:12:24.888473+00:00
SVI-PFL,"47,48,49,50,51,52,53,54,55",9,slowking-scr,Slowking,92,307,335,101,45.85,ogerpon-meganium,Ogerpon Meganium,1,33.33,overall,2026-05-25T17:12:24.888473+00:00
SVI-PFL,"47,48,49,50,51,52,53,54,55",9,slowking-scr,Slowking,92,307,335,101,45.85,rocket-mewtwo-ex,Rocket's Mewtwo,1,0.0,overall,2026-05-25T17:12:24.888473+00:00
SVI-PFL,"47,48,49,50,51,52,53,54,55",9,slowking-scr,Slowking,92,307,335,101,45.85,conkeldurr-twm,Conkeldurr,1,0.0,overall,2026-05-25T17:12:24.888473+00:00
SVI-PFL,"47,48,49,50,51,52,53,54,55",9,slowking-scr,Slowking,92,307,335,101,45.85,toedscruel-ex,Toedscruel,1,0.0,overall,2026-05-25T17:12:24.888473+00:00
SVI-PFL,"47,48,49,50,51,52,53,54,55",9,slowking-scr,Slowking,92,307,335,101,45.85,raging-bolt-ex,Raging Bolt,1,0.0,overall,2026-05-25T17:12:24.888473+00:00
SVI-PFL,"47,48,49,50,51,52,53,54,55",9,slowking-scr,Slowking,92,307,335,101,45.85,tinkaton-ex,Tinkaton,1,100.0,overall,2026-05-25T17:12:24.888473+00:00
SVI-PFL,"47,48,49,50,51,52,53,54,55",9,slowking-scr,Slowking,92,307,335,101,45.85,chien-pao-baxcalibur,Chien-Pao Baxcalibur,1,100.0,overall,2026-05-25T17:12:24.888473+00:00
SVI-PFL,"47,48,49,50,51,52,53,54,55",9,slowking-scr,Slowking,92,307,335,101,45.85,tyranitar-jtg,Tyranitar,1,100.0,overall,2026-05-25T17:12:24.888473+00:00
SVI-PFL,"47,48,49,50,51,52,53,54,55",9,slowking-scr,Slowking,92,307,335,101,45.85,kangaskhan-forretress,Kangaskhan Forretress,1,0.0,overall,2026-05-25T17:12:24.888473+00:00
SVI-PFL,"47,48,49,50,51,52,53,54,55",9,slowking-scr,Slowking,92,307,335,101,45.85,tsareena-ex,Tsareena,1,33.33,overall,2026-05-25T17:12:24.888473+00:00
SVI-PFL,"47,48,49,50,51,52,53,54,55",9,slowking-scr,Slowking,92,307,335,101,45.85,copperajah-ex,Copperajah,1,33.33,overall,2026-05-25T17:12:24.888473+00:00
SVI-PFL,"47,48,49,50,51,52,53,54,55",9,slowking-scr,Slowking,92,307,335,101,45.85,seaking-pre,Seaking Festival Lead,1,0.0,overall,2026-05-25T17:12:24.888473+00:00
SVI-PFL,"47,48,49,50,51,52,53,54,55",9,slowking-scr,Slowking,92,307,335,101,45.85,hop-zacian,Hop's Zacian,1,100.0,overall,2026-05-25T17:12:24.888473+00:00
SVI-PFL,"47,48,49,50,51,52,53,54,55",9,slowking-scr,Slowking,92,307,335,101,45.85,rocket-porygon-z,Rocket's Porygon-Z,1,100.0,overall,2026-05-25T17:12:24.888473+00:00
SVI-PFL,"47,48,49,50,51,52,53,54,55",9,slowking-scr,Slowking,92,307,335,101,45.85,farigiraf-crustle,Farigiraf Crustle,1,100.0,overall,2026-05-25T17:12:24.888473+00:00
SVI-PFL,"47,48,49,50,51,52,53,54,55",9,slowking-scr,Slowking,92,307,335,101,45.85,hydrapple-ogerpon,Hydrapple Ogerpon,1,100.0,overall,2026-05-25T17:12:24.888473+00:00
SVI-PFL,"47,48,49,50,51,52,53,54,55",9,slowking-scr,Slowking,92,307,335,101,45.85,mega-abomasnow-ex,Mega Abomasnow,1,100.0,overall,2026-05-25T17:12:24.888473+00:00
SVI-PFL,"47,48,49,50,51,52,53,54,55",9,tera-box,Tera Box,244,856,852,278,47.77,gholdengo-lunatone,Gholdengo Lunatone,329,46.91,overall,2026-05-25T17:12:27.791788+00:00
SVI-PFL,"47,48,49,50,51,52,53,54,55",9,tera-box,Tera Box,244,856,852,278,47.77,dragapult-dusknoir,Dragapult Dusknoir,306,54.47,overall,2026-05-25T17:12:27.791788+00:00
SVI-PFL,"47,48,49,50,51,52,53,54,55",9,tera-box,Tera Box,244,856,852,278,47.77,charizard-noctowl,Charizard Noctowl,144,43.75,overall,2026-05-25T17:12:27.791788+00:00
SVI-PFL,"47,48,49,50,51,52,53,54,55",9,tera-box,Tera Box,244,856,852,278,47.77,gardevoir-ex-sv,Gardevoir,120,35.0,overall,2026-05-25T17:12:27.791788+00:00
SVI-PFL,"47,48,49,50,51,52,53,54,55",9,tera-box,Tera Box,244,856,852,278,47.77,gardevoir-jellicent,Gardevoir Jellicent,118,32.49,overall,2026-05-25T17:12:27.791788+00:00
SVI-PFL,"47,48,49,50,51,52,53,54,55",9,tera-box,Tera Box,244,856,852,278,47.77,charizard-pidgeot,Charizard Pidgeot,106,48.74,overall,2026-05-25T17:12:27.791788+00:00
SVI-PFL,"47,48,49,50,51,52,53,54,55",9,tera-box,Tera Box,244,856,852,278,47.77,mega-absol-box,Mega Absol Box,99,42.09,overall,2026-05-25T17:12:27.791788+00:00
SVI-PFL,"47,48,49,50,51,52,53,54,55",9,tera-box,Tera Box,244,856,852,278,47.77,raging-bolt-ogerpon,Raging Bolt Ogerpon,82,49.19,overall,2026-05-25T17:12:27.791788+00:00
SVI-PFL,"47,48,49,50,51,52,53,54,55",9,tera-box,Tera Box,244,856,852,278,47.77,grimmsnarl-froslass,Grimmsnarl Froslass,74,56.31,overall,2026-05-25T17:12:27.791788+00:00
SVI-PFL,"47,48,49,50,51,52,53,54,55",9,tera-box,Tera Box,244,856,852,278,47.77,alakazam-dudunsparce,Alakazam Dudunsparce,57,59.65,overall,2026-05-25T17:12:27.791788+00:00
SVI-PFL,"47,48,49,50,51,52,53,54,55",9,tera-box,Tera Box,244,856,852,278,47.77,ceruledge-ex,Ceruledge,53,59.12,overall,2026-05-25T17:12:27.791788+00:00
SVI-PFL,"47,48,49,50,51,52,53,54,55",9,tera-box,Tera Box,244,856,852,278,47.77,n-zoroark,N's Zoroark,45,47.41,overall,2026-05-25T17:12:27.791788+00:00
SVI-PFL,"47,48,49,50,51,52,53,54,55",9,tera-box,Tera Box,244,856,852,278,47.77,dragapult-charizard,Dragapult Charizard,41,38.21,overall,2026-05-25T17:12:27.791788+00:00
SVI-PFL,"47,48,49,50,51,52,53,54,55",9,tera-box,Tera Box,244,856,852,278,47.77,flareon-noctowl,Flareon Noctowl,28,54.76,overall,2026-05-25T17:12:27.791788+00:00
SVI-PFL,"47,48,49,50,51,52,53,54,55",9,tera-box,Tera Box,244,856,852,278,47.77,lopunny-dusknoir,Lopunny Dusknoir,27,38.27,overall,2026-05-25T17:12:27.791788+00:00
SVI-PFL,"47,48,49,50,51,52,53,54,55",9,tera-box,Tera Box,244,856,852,278,47.77,kangaskhan-bouffalant,Kangaskhan Bouffalant,27,22.22,overall,2026-05-25T17:12:27.791788+00:00
SVI-PFL,"47,48,49,50,51,52,53,54,55",9,tera-box,Tera Box,244,856,852,278,47.77,joltik-box,Joltik Box,21,42.86,overall,2026-05-25T17:12:27.791788+00:00
SVI-PFL,"47,48,49,50,51,52,53,54,55",9,tera-box,Tera Box,244,856,852,278,47.77,greninja-ex,Greninja,19,75.44,overall,2026-05-25T17:12:27.791788+00:00
SVI-PFL,"47,48,49,50,51,52,53,54,55",9,tera-box,Tera Box,244,856,852,278,47.77,iron-hands-magneton,Iron Hands Magneton,19,66.67,overall,2026-05-25T17:12:27.791788+00:00
SVI-PFL,"47,48,49,50,51,52,53,54,55",9,tera-box,Tera Box,244,856,852,278,47.77,mega-venusaur-ex,Mega Venusaur,17,49.02,overall,2026-05-25T17:12:27.791788+00:00
SVI-PFL,"47,48,49,50,51,52,53,54,55",9,tera-box,Tera Box,244,856,852,278,47.77,other,Other,15,68.89,overall,2026-05-25T17:12:27.791788+00:00
SVI-PFL,"47,48,49,50,51,52,53,54,55",9,tera-box,Tera Box,244,856,852,278,47.77,tera-box,Tera Box,13,46.15,overall,2026-05-25T17:12:27.791788+00:00
SVI-PFL,"47,48,49,50,51,52,53,54,55",9,tera-box,Tera Box,244,856,852,278,47.77,slowking-scr,Slowking,12,55.56,overall,2026-05-25T17:12:27.791788+00:00
SVI-PFL,"47,48,49,50,51,52,53,54,55",9,tera-box,Tera Box,244,856,852,278,47.77,cynthia-garchomp-ex,Cynthia's Garchomp,11,84.85,overall,2026-05-25T17:12:27.791788+00:00
SVI-PFL,"47,48,49,50,51,52,53,54,55",9,tera-box,Tera Box,244,856,852,278,47.77,ethan-typhlosion,Ethan's Typhlosion,11,72.73,overall,2026-05-25T17:12:27.791788+00:00
SVI-PFL,"47,48,49,50,51,52,53,54,55",9,tera-box,Tera Box,244,856,852,278,47.77,crustle-dri,Crustle,11,3.03,overall,2026-05-25T17:12:27.791788+00:00
SVI-PFL,"47,48,49,50,51,52,53,54,55",9,tera-box,Tera Box,244,856,852,278,47.77,gholdengo-ex,Gholdengo,10,40.0,overall,2026-05-25T17:12:27.791788+00:00
SVI-PFL,"47,48,49,50,51,52,53,54,55",9,tera-box,Tera Box,244,856,852,278,47.77,lucario-hariyama,Lucario Hariyama,10,73.33,overall,2026-05-25T17:12:27.791788+00:00
SVI-PFL,"47,48,49,50,51,52,53,54,55",9,tera-box,Tera Box,244,856,852,278,47.77,froslass-munkidori,Froslass Munkidori,9,59.26,overall,2026-05-25T17:12:27.791788+00:00
SVI-PFL,"47,48,49,50,51,52,53,54,55",9,tera-box,Tera Box,244,856,852,278,47.77,sharpedo-toxtricity,Sharpedo Toxtricity,8,62.5,overall,2026-05-25T17:12:27.791788+00:00
SVI-PFL,"47,48,49,50,51,52,53,54,55",9,tera-box,Tera Box,244,856,852,278,47.77,gholdengo-joltik-box,Gholdengo Joltik Box,8,45.83,overall,2026-05-25T17:12:27.791788+00:00
SVI-PFL,"47,48,49,50,51,52,53,54,55",9,tera-box,Tera Box,244,856,852,278,47.77,festival-lead,Festival Lead,7,85.71,overall,2026-05-25T17:12:27.791788+00:00
SVI-PFL,"47,48,49,50,51,52,53,54,55",9,tera-box,Tera Box,244,856,852,278,47.77,pidgeot-control,Pidgeot Control,6,22.22,overall,2026-05-25T17:12:27.791788+00:00
SVI-PFL,"47,48,49,50,51,52,53,54,55",9,tera-box,Tera Box,244,856,852,278,47.77,archaludon-ex,Archaludon,6,33.33,overall,2026-05-25T17:12:27.791788+00:00
SVI-PFL,"47,48,49,50,51,52,53,54,55",9,tera-box,Tera Box,244,856,852,278,47.77,ursaluna-lunatone,Ursaluna Lunatone,6,50.0,overall,2026-05-25T17:12:27.791788+00:00
SVI-PFL,"47,48,49,50,51,52,53,54,55",9,tera-box,Tera Box,244,856,852,278,47.77,conkeldurr-twm,Conkeldurr,6,33.33,overall,2026-05-25T17:12:27.791788+00:00
SVI-PFL,"47,48,49,50,51,52,53,54,55",9,tera-box,Tera Box,244,856,852,278,47.77,hydrapple-ogerpon,Hydrapple Ogerpon,5,73.33,overall,2026-05-25T17:12:27.791788+00:00
SVI-PFL,"47,48,49,50,51,52,53,54,55",9,tera-box,Tera Box,244,856,852,278,47.77,dragapult-ex,Dragapult,5,80.0,overall,2026-05-25T17:12:27.791788+00:00
SVI-PFL,"47,48,49,50,51,52,53,54,55",9,tera-box,Tera Box,244,856,852,278,47.77,toxtricity-pfl,Toxtricity Box,5,33.33,overall,2026-05-25T17:12:27.791788+00:00
SVI-PFL,"47,48,49,50,51,52,53,54,55",9,tera-box,Tera Box,244,856,852,278,47.77,marnie-grimmsnarl-ex,Marnie's Grimmsnarl,4,75.0,overall,2026-05-25T17:12:27.791788+00:00
SVI-PFL,"47,48,49,50,51,52,53,54,55",9,tera-box,Tera Box,244,856,852,278,47.77,ho-oh-armarouge,Ho-Oh Armarouge,4,33.33,overall,2026-05-25T17:12:27.791788+00:00
SVI-PFL,"47,48,49,50,51,52,53,54,55",9,tera-box,Tera Box,244,856,852,278,47.77,roaring-moon-ex,Roaring Moon,4,75.0,overall,2026-05-25T17:12:27.791788+00:00
SVI-PFL,"47,48,49,50,51,52,53,54,55",9,tera-box,Tera Box,244,856,852,278,47.77,mega-lopunny-ex,Mega Lopunny,4,0.0,overall,2026-05-25T17:12:27.791788+00:00
SVI-PFL,"47,48,49,50,51,52,53,54,55",9,tera-box,Tera Box,244,856,852,278,47.77,mamoswine-ex,Mamoswine,3,66.67,overall,2026-05-25T17:12:27.791788+00:00
SVI-PFL,"47,48,49,50,51,52,53,54,55",9,tera-box,Tera Box,244,856,852,278,47.77,dragapult-blaziken,Dragapult Blaziken,3,0.0,overall,2026-05-25T17:12:27.791788+00:00
SVI-PFL,"47,48,49,50,51,52,53,54,55",9,tera-box,Tera Box,244,856,852,278,47.77,mega-lucario-ex,Mega Lucario,3,66.67,overall,2026-05-25T17:12:27.791788+00:00
SVI-PFL,"47,48,49,50,51,52,53,54,55",9,tera-box,Tera Box,244,856,852,278,47.77,hydreigon-ex,Hydreigon,3,77.78,overall,2026-05-25T17:12:27.791788+00:00
SVI-PFL,"47,48,49,50,51,52,53,54,55",9,tera-box,Tera Box,244,856,852,278,47.77,rocket-mewtwo-ex,Rocket's Mewtwo,3,100.0,overall,2026-05-25T17:12:27.791788+00:00
SVI-PFL,"47,48,49,50,51,52,53,54,55",9,tera-box,Tera Box,244,856,852,278,47.77,charizard-dragapult,Charizard Dragapult,2,0.0,overall,2026-05-25T17:12:27.791788+00:00
SVI-PFL,"47,48,49,50,51,52,53,54,55",9,tera-box,Tera Box,244,856,852,278,47.77,slaking-ex,Slaking,2,0.0,overall,2026-05-25T17:12:27.791788+00:00
SVI-PFL,"47,48,49,50,51,52,53,54,55",9,tera-box,Tera Box,244,856,852,278,47.77,seaking-pre,Seaking Festival Lead,2,0.0,overall,2026-05-25T17:12:27.791788+00:00
SVI-PFL,"47,48,49,50,51,52,53,54,55",9,tera-box,Tera Box,244,856,852,278,47.77,mega-sharpedo-ex,Mega Sharpedo,2,100.0,overall,2026-05-25T17:12:27.791788+00:00
SVI-PFL,"47,48,49,50,51,52,53,54,55",9,tera-box,Tera Box,244,856,852,278,47.77,charizard-ex,Charizard,2,0.0,overall,2026-05-25T17:12:27.791788+00:00
SVI-PFL,"47,48,49,50,51,52,53,54,55",9,tera-box,Tera Box,244,856,852,278,47.77,future-box,Future Box,2,0.0,overall,2026-05-25T17:12:27.791788+00:00
SVI-PFL,"47,48,49,50,51,52,53,54,55",9,tera-box,Tera Box,244,856,852,278,47.77,yanmega-ex,Yanmega,2,66.67,overall,2026-05-25T17:12:27.791788+00:00
SVI-PFL,"47,48,49,50,51,52,53,54,55",9,tera-box,Tera Box,244,856,852,278,47.77,okidogi-twm,Okidogi,2,50.0,overall,2026-05-25T17:12:27.791788+00:00
SVI-PFL,"47,48,49,50,51,52,53,54,55",9,tera-box,Tera Box,244,856,852,278,47.77,ogerpon-meganium,Ogerpon Meganium,2,50.0,overall,2026-05-25T17:12:27.791788+00:00
SVI-PFL,"47,48,49,50,51,52,53,54,55",9,tera-box,Tera Box,244,856,852,278,47.77,ursaluna-iron-valiant,Ursaluna Iron Valiant,1,0.0,overall,2026-05-25T17:12:27.791788+00:00
SVI-PFL,"47,48,49,50,51,52,53,54,55",9,tera-box,Tera Box,244,856,852,278,47.77,palafin-ex,Palafin,1,100.0,overall,2026-05-25T17:12:27.791788+00:00
SVI-PFL,"47,48,49,50,51,52,53,54,55",9,tera-box,Tera Box,244,856,852,278,47.77,wugtrio-svi,Wugtrio Mill,1,100.0,overall,2026-05-25T17:12:27.791788+00:00
SVI-PFL,"47,48,49,50,51,52,53,54,55",9,tera-box,Tera Box,244,856,852,278,47.77,zoroark-crustle,Zoroark Crustle,1,100.0,overall,2026-05-25T17:12:27.791788+00:00
SVI-PFL,"47,48,49,50,51,52,53,54,55",9,tera-box,Tera Box,244,856,852,278,47.77,dragapult-iron-thorns,Dragapult Iron Thorns,1,0.0,overall,2026-05-25T17:12:27.791788+00:00
SVI-PFL,"47,48,49,50,51,52,53,54,55",9,tera-box,Tera Box,244,856,852,278,47.77,reging-bolt-bellibolt,Raging Bolt Bellibolt,1,0.0,overall,2026-05-25T17:12:27.791788+00:00
SVI-PFL,"47,48,49,50,51,52,53,54,55",9,tera-box,Tera Box,244,856,852,278,47.77,espathra-ex,Espathra,1,0.0,overall,2026-05-25T17:12:27.791788+00:00
SVI-PFL,"47,48,49,50,51,52,53,54,55",9,tera-box,Tera Box,244,856,852,278,47.77,tsareena-ex,Tsareena,1,33.33,overall,2026-05-25T17:12:27.791788+00:00
SVI-PFL,"47,48,49,50,51,52,53,54,55",9,tera-box,Tera Box,244,856,852,278,47.77,mega-charizard-x-ex,Mega Charizard X,1,33.33,overall,2026-05-25T17:12:27.791788+00:00
SVI-PFL,"47,48,49,50,51,52,53,54,55",9,tera-box,Tera Box,244,856,852,278,47.77,kangaskhan-forretress,Kangaskhan Forretress,1,100.0,overall,2026-05-25T17:12:27.791788+00:00
SVI-PFL,"47,48,49,50,51,52,53,54,55",9,tera-box,Tera Box,244,856,852,278,47.77,manectric-eelektrik,Manectric Eelektrik,1,33.33,overall,2026-05-25T17:12:27.791788+00:00
SVI-PFL,"47,48,49,50,51,52,53,54,55",9,tera-box,Tera Box,244,856,852,278,47.77,toedscruel-ex,Toedscruel,1,100.0,overall,2026-05-25T17:12:27.791788+00:00
SVI-PFL,"47,48,49,50,51,52,53,54,55",9,tera-box,Tera Box,244,856,852,278,47.77,iron-thorns-crustle,Iron Thorns Crustle,1,100.0,overall,2026-05-25T17:12:27.791788+00:00
SVI-PFL,"47,48,49,50,51,52,53,54,55",9,tera-box,Tera Box,244,856,852,278,47.77,miraidon-eelektrik,Miraidon Eelektrik,1,0.0,overall,2026-05-25T17:12:27.791788+00:00
SVI-PFL,"47,48,49,50,51,52,53,54,55",9,tera-box,Tera Box,244,856,852,278,47.77,dragapult-froslass,Dragapult Froslass,1,100.0,overall,2026-05-25T17:12:27.791788+00:00
SVI-PFL,"47,48,49,50,51,52,53,54,55",9,tera-box,Tera Box,244,856,852,278,47.77,dragapult-pidgeot,Dragapult Pidgeot,1,100.0,overall,2026-05-25T17:12:27.791788+00:00
SVI-PFL,"47,48,49,50,51,52,53,54,55",9,tera-box,Tera Box,244,856,852,278,47.77,chien-pao-baxcalibur,Chien-Pao Baxcalibur,1,33.33,overall,2026-05-25T17:12:27.791788+00:00
SVI-PFL,"47,48,49,50,51,52,53,54,55",9,tera-box,Tera Box,244,856,852,278,47.77,hop-zacian,Hop's Zacian,1,33.33,overall,2026-05-25T17:12:27.791788+00:00
SVI-PFL,"47,48,49,50,51,52,53,54,55",9,tera-box,Tera Box,244,856,852,278,47.77,raging-bolt-ex,Raging Bolt,1,0.0,overall,2026-05-25T17:12:27.791788+00:00
SVI-PFL,"47,48,49,50,51,52,53,54,55",9,terapagos-noctowl,Terapagos Noctowl,4,9,14,5,38.1,dragapult-dusknoir,Dragapult Dusknoir,7,38.1,overall,2026-05-25T17:12:30.659673+00:00
SVI-PFL,"47,48,49,50,51,52,53,54,55",9,terapagos-noctowl,Terapagos Noctowl,4,9,14,5,38.1,gholdengo-lunatone,Gholdengo Lunatone,4,0.0,overall,2026-05-25T17:12:30.659673+00:00
SVI-PFL,"47,48,49,50,51,52,53,54,55",9,terapagos-noctowl,Terapagos Noctowl,4,9,14,5,38.1,grimmsnarl-froslass,Grimmsnarl Froslass,2,16.67,overall,2026-05-25T17:12:30.659673+00:00
SVI-PFL,"47,48,49,50,51,52,53,54,55",9,terapagos-noctowl,Terapagos Noctowl,4,9,14,5,38.1,raging-bolt-ogerpon,Raging Bolt Ogerpon,2,100.0,overall,2026-05-25T17:12:30.659673+00:00
SVI-PFL,"47,48,49,50,51,52,53,54,55",9,terapagos-noctowl,Terapagos Noctowl,4,9,14,5,38.1,ho-oh-armarouge,Ho-Oh Armarouge,1,100.0,overall,2026-05-25T17:12:30.659673+00:00
SVI-PFL,"47,48,49,50,51,52,53,54,55",9,terapagos-noctowl,Terapagos Noctowl,4,9,14,5,38.1,lopunny-dusknoir,Lopunny Dusknoir,1,0.0,overall,2026-05-25T17:12:30.659673+00:00
SVI-PFL,"47,48,49,50,51,52,53,54,55",9,terapagos-noctowl,Terapagos Noctowl,4,9,14,5,38.1,greninja-ex,Greninja,1,100.0,overall,2026-05-25T17:12:30.659673+00:00
SVI-PFL,"47,48,49,50,51,52,53,54,55",9,terapagos-noctowl,Terapagos Noctowl,4,9,14,5,38.1,joltik-box,Joltik Box,1,100.0,overall,2026-05-25T17:12:30.659673+00:00
SVI-PFL,"47,48,49,50,51,52,53,54,55",9,terapagos-noctowl,Terapagos Noctowl,4,9,14,5,38.1,cynthia-garchomp-ex,Cynthia's Garchomp,1,0.0,overall,2026-05-25T17:12:30.659673+00:00
SVI-PFL,"47,48,49,50,51,52,53,54,55",9,terapagos-noctowl,Terapagos Noctowl,4,9,14,5,38.1,mega-camerupt-ex,Mega Camerupt,1,100.0,overall,2026-05-25T17:12:30.659673+00:00
SVI-PFL,"47,48,49,50,51,52,53,54,55",9,terapagos-noctowl,Terapagos Noctowl,4,9,14,5,38.1,charizard-noctowl,Charizard Noctowl,1,0.0,overall,2026-05-25T17:12:30.659673+00:00
SVI-PFL,"47,48,49,50,51,52,53,54,55",9,terapagos-noctowl,Terapagos Noctowl,4,9,14,5,38.1,gardevoir-ex-sv,Gardevoir,1,0.0,overall,2026-05-25T17:12:30.659673+00:00
SVI-PFL,"47,48,49,50,51,52,53,54,55",9,terapagos-noctowl,Terapagos Noctowl,4,9,14,5,38.1,n-zoroark,N's Zoroark,1,0.0,overall,2026-05-25T17:12:30.659673+00:00
SVI-PFL,"47,48,49,50,51,52,53,54,55",9,terapagos-noctowl,Terapagos Noctowl,4,9,14,5,38.1,alakazam-dudunsparce,Alakazam Dudunsparce,1,33.33,overall,2026-05-25T17:12:30.659673+00:00
SVI-PFL,"47,48,49,50,51,52,53,54,55",9,terapagos-noctowl,Terapagos Noctowl,4,9,14,5,38.1,mega-venusaur-ex,Mega Venusaur,1,33.33,overall,2026-05-25T17:12:30.659673+00:00
SVI-PFL,"47,48,49,50,51,52,53,54,55",9,terapagos-noctowl,Terapagos Noctowl,4,9,14,5,38.1,ceruledge-ex,Ceruledge,1,100.0,overall,2026-05-25T17:12:30.659673+00:00
SVI-PFL,"47,48,49,50,51,52,53,54,55",9,terapagos-noctowl,Terapagos Noctowl,4,9,14,5,38.1,festival-lead,Festival Lead,1,0.0,overall,2026-05-25T17:12:30.659673+00:00
SVI-PFL,"47,48,49,50,51,52,53,54,55",9,tinkaton-ex,Tinkaton,3,6,10,4,36.67,gardevoir-jellicent,Gardevoir Jellicent,4,66.67,overall,2026-05-25T17:12:33.576815+00:00
SVI-PFL,"47,48,49,50,51,52,53,54,55",9,tinkaton-ex,Tinkaton,3,6,10,4,36.67,gholdengo-lunatone,Gholdengo Lunatone,2,16.67,overall,2026-05-25T17:12:33.576815+00:00
SVI-PFL,"47,48,49,50,51,52,53,54,55",9,tinkaton-ex,Tinkaton,3,6,10,4,36.67,grimmsnarl-froslass,Grimmsnarl Froslass,2,0.0,overall,2026-05-25T17:12:33.576815+00:00
SVI-PFL,"47,48,49,50,51,52,53,54,55",9,tinkaton-ex,Tinkaton,3,6,10,4,36.67,charizard-pidgeot,Charizard Pidgeot,2,0.0,overall,2026-05-25T17:12:33.576815+00:00
SVI-PFL,"47,48,49,50,51,52,53,54,55",9,tinkaton-ex,Tinkaton,3,6,10,4,36.67,dragapult-dusknoir,Dragapult Dusknoir,1,100.0,overall,2026-05-25T17:12:33.576815+00:00
SVI-PFL,"47,48,49,50,51,52,53,54,55",9,tinkaton-ex,Tinkaton,3,6,10,4,36.67,raging-bolt-ogerpon,Raging Bolt Ogerpon,1,0.0,overall,2026-05-25T17:12:33.576815+00:00
SVI-PFL,"47,48,49,50,51,52,53,54,55",9,tinkaton-ex,Tinkaton,3,6,10,4,36.67,joltik-box,Joltik Box,1,33.33,overall,2026-05-25T17:12:33.576815+00:00
SVI-PFL,"47,48,49,50,51,52,53,54,55",9,tinkaton-ex,Tinkaton,3,6,10,4,36.67,slowking-scr,Slowking,1,0.0,overall,2026-05-25T17:12:33.576815+00:00
SVI-PFL,"47,48,49,50,51,52,53,54,55",9,tinkaton-ex,Tinkaton,3,6,10,4,36.67,flareon-ex,Flareon,1,100.0,overall,2026-05-25T17:12:33.576815+00:00
SVI-PFL,"47,48,49,50,51,52,53,54,55",9,tinkaton-ex,Tinkaton,3,6,10,4,36.67,gardevoir-ex-sv,Gardevoir,1,0.0,overall,2026-05-25T17:12:33.576815+00:00
SVI-PFL,"47,48,49,50,51,52,53,54,55",9,tinkaton-ex,Tinkaton,3,6,10,4,36.67,other,Other,1,100.0,overall,2026-05-25T17:12:33.576815+00:00
SVI-PFL,"47,48,49,50,51,52,53,54,55",9,tinkaton-ex,Tinkaton,3,6,10,4,36.67,charizard-noctowl,Charizard Noctowl,1,100.0,overall,2026-05-25T17:12:33.576815+00:00
SVI-PFL,"47,48,49,50,51,52,53,54,55",9,tinkaton-ex,Tinkaton,3,6,10,4,36.67,mega-manectric-ex-meg,Mega Manectric,1,0.0,overall,2026-05-25T17:12:33.576815+00:00
SVI-PFL,"47,48,49,50,51,52,53,54,55",9,toedscruel-ex,Toedscruel,9,23,37,10,37.62,dragapult-dusknoir,Dragapult Dusknoir,8,20.83,overall,2026-05-25T17:12:36.441395+00:00
SVI-PFL,"47,48,49,50,51,52,53,54,55",9,toedscruel-ex,Toedscruel,9,23,37,10,37.62,gholdengo-lunatone,Gholdengo Lunatone,8,50.0,overall,2026-05-25T17:12:36.441395+00:00
SVI-PFL,"47,48,49,50,51,52,53,54,55",9,toedscruel-ex,Toedscruel,9,23,37,10,37.62,charizard-pidgeot,Charizard Pidgeot,6,50.0,overall,2026-05-25T17:12:36.441395+00:00
SVI-PFL,"47,48,49,50,51,52,53,54,55",9,toedscruel-ex,Toedscruel,9,23,37,10,37.62,gardevoir-jellicent,Gardevoir Jellicent,5,40.0,overall,2026-05-25T17:12:36.441395+00:00
SVI-PFL,"47,48,49,50,51,52,53,54,55",9,toedscruel-ex,Toedscruel,9,23,37,10,37.62,raging-bolt-ogerpon,Raging Bolt Ogerpon,4,8.33,overall,2026-05-25T17:12:36.441395+00:00
SVI-PFL,"47,48,49,50,51,52,53,54,55",9,toedscruel-ex,Toedscruel,9,23,37,10,37.62,n-zoroark,N's Zoroark,4,25.0,overall,2026-05-25T17:12:36.441395+00:00
SVI-PFL,"47,48,49,50,51,52,53,54,55",9,toedscruel-ex,Toedscruel,9,23,37,10,37.62,mega-absol-box,Mega Absol Box,4,58.33,overall,2026-05-25T17:12:36.441395+00:00
SVI-PFL,"47,48,49,50,51,52,53,54,55",9,toedscruel-ex,Toedscruel,9,23,37,10,37.62,ceruledge-ex,Ceruledge,3,0.0,overall,2026-05-25T17:12:36.441395+00:00
SVI-PFL,"47,48,49,50,51,52,53,54,55",9,toedscruel-ex,Toedscruel,9,23,37,10,37.62,alakazam-dudunsparce,Alakazam Dudunsparce,3,77.78,overall,2026-05-25T17:12:36.441395+00:00
SVI-PFL,"47,48,49,50,51,52,53,54,55",9,toedscruel-ex,Toedscruel,9,23,37,10,37.62,dragapult-charizard,Dragapult Charizard,3,0.0,overall,2026-05-25T17:12:36.441395+00:00
SVI-PFL,"47,48,49,50,51,52,53,54,55",9,toedscruel-ex,Toedscruel,9,23,37,10,37.62,grimmsnarl-froslass,Grimmsnarl Froslass,3,33.33,overall,2026-05-25T17:12:36.441395+00:00
SVI-PFL,"47,48,49,50,51,52,53,54,55",9,toedscruel-ex,Toedscruel,9,23,37,10,37.62,crustle-dri,Crustle,2,0.0,overall,2026-05-25T17:12:36.441395+00:00
SVI-PFL,"47,48,49,50,51,52,53,54,55",9,toedscruel-ex,Toedscruel,9,23,37,10,37.62,kangaskhan-bouffalant,Kangaskhan Bouffalant,2,16.67,overall,2026-05-25T17:12:36.441395+00:00
SVI-PFL,"47,48,49,50,51,52,53,54,55",9,toedscruel-ex,Toedscruel,9,23,37,10,37.62,charizard-noctowl,Charizard Noctowl,2,66.67,overall,2026-05-25T17:12:36.441395+00:00
SVI-PFL,"47,48,49,50,51,52,53,54,55",9,toedscruel-ex,Toedscruel,9,23,37,10,37.62,mega-venusaur-ex,Mega Venusaur,1,100.0,overall,2026-05-25T17:12:36.441395+00:00
SVI-PFL,"47,48,49,50,51,52,53,54,55",9,toedscruel-ex,Toedscruel,9,23,37,10,37.62,slowking-scr,Slowking,1,100.0,overall,2026-05-25T17:12:36.441395+00:00
SVI-PFL,"47,48,49,50,51,52,53,54,55",9,toedscruel-ex,Toedscruel,9,23,37,10,37.62,hydreigon-ex,Hydreigon,1,33.33,overall,2026-05-25T17:12:36.441395+00:00
SVI-PFL,"47,48,49,50,51,52,53,54,55",9,toedscruel-ex,Toedscruel,9,23,37,10,37.62,iron-thorns-crustle,Iron Thorns Crustle,1,0.0,overall,2026-05-25T17:12:36.441395+00:00
SVI-PFL,"47,48,49,50,51,52,53,54,55",9,toedscruel-ex,Toedscruel,9,23,37,10,37.62,lucario-hariyama,Lucario Hariyama,1,33.33,overall,2026-05-25T17:12:36.441395+00:00
SVI-PFL,"47,48,49,50,51,52,53,54,55",9,toedscruel-ex,Toedscruel,9,23,37,10,37.62,other,Other,1,100.0,overall,2026-05-25T17:12:36.441395+00:00
SVI-PFL,"47,48,49,50,51,52,53,54,55",9,toedscruel-ex,Toedscruel,9,23,37,10,37.62,tera-box,Tera Box,1,0.0,overall,2026-05-25T17:12:36.441395+00:00
SVI-PFL,"47,48,49,50,51,52,53,54,55",9,toedscruel-ex,Toedscruel,9,23,37,10,37.62,roaring-moon-ex,Roaring Moon,1,0.0,overall,2026-05-25T17:12:36.441395+00:00
SVI-PFL,"47,48,49,50,51,52,53,54,55",9,toedscruel-ex,Toedscruel,9,23,37,10,37.62,milotic-ex,Milotic,1,100.0,overall,2026-05-25T17:12:36.441395+00:00
SVI-PFL,"47,48,49,50,51,52,53,54,55",9,toedscruel-ex,Toedscruel,9,23,37,10,37.62,gholdengo-joltik-box,Gholdengo Joltik Box,1,33.33,overall,2026-05-25T17:12:36.441395+00:00
SVI-PFL,"47,48,49,50,51,52,53,54,55",9,toedscruel-ex,Toedscruel,9,23,37,10,37.62,gardevoir-ex-sv,Gardevoir,1,0.0,overall,2026-05-25T17:12:36.441395+00:00
SVI-PFL,"47,48,49,50,51,52,53,54,55",9,toedscruel-ex,Toedscruel,9,23,37,10,37.62,festival-lead,Festival Lead,1,100.0,overall,2026-05-25T17:12:36.441395+00:00
SVI-PFL,"47,48,49,50,51,52,53,54,55",9,toxtricity-pfl,Toxtricity Box,37,93,127,71,40.09,dragapult-dusknoir,Dragapult Dusknoir,41,39.84,overall,2026-05-25T17:12:39.327133+00:00
SVI-PFL,"47,48,49,50,51,52,53,54,55",9,toxtricity-pfl,Toxtricity Box,37,93,127,71,40.09,gholdengo-lunatone,Gholdengo Lunatone,40,25.0,overall,2026-05-25T17:12:39.327133+00:00
SVI-PFL,"47,48,49,50,51,52,53,54,55",9,toxtricity-pfl,Toxtricity Box,37,93,127,71,40.09,gardevoir-jellicent,Gardevoir Jellicent,24,55.56,overall,2026-05-25T17:12:39.327133+00:00
SVI-PFL,"47,48,49,50,51,52,53,54,55",9,toxtricity-pfl,Toxtricity Box,37,93,127,71,40.09,charizard-pidgeot,Charizard Pidgeot,20,26.67,overall,2026-05-25T17:12:39.327133+00:00
SVI-PFL,"47,48,49,50,51,52,53,54,55",9,toxtricity-pfl,Toxtricity Box,37,93,127,71,40.09,grimmsnarl-froslass,Grimmsnarl Froslass,18,31.48,overall,2026-05-25T17:12:39.327133+00:00
SVI-PFL,"47,48,49,50,51,52,53,54,55",9,toxtricity-pfl,Toxtricity Box,37,93,127,71,40.09,charizard-noctowl,Charizard Noctowl,15,40.0,overall,2026-05-25T17:12:39.327133+00:00
SVI-PFL,"47,48,49,50,51,52,53,54,55",9,toxtricity-pfl,Toxtricity Box,37,93,127,71,40.09,mega-absol-box,Mega Absol Box,11,15.15,overall,2026-05-25T17:12:39.327133+00:00
SVI-PFL,"47,48,49,50,51,52,53,54,55",9,toxtricity-pfl,Toxtricity Box,37,93,127,71,40.09,n-zoroark,N's Zoroark,11,60.61,overall,2026-05-25T17:12:39.327133+00:00
SVI-PFL,"47,48,49,50,51,52,53,54,55",9,toxtricity-pfl,Toxtricity Box,37,93,127,71,40.09,alakazam-dudunsparce,Alakazam Dudunsparce,10,53.33,overall,2026-05-25T17:12:39.327133+00:00
SVI-PFL,"47,48,49,50,51,52,53,54,55",9,toxtricity-pfl,Toxtricity Box,37,93,127,71,40.09,ceruledge-ex,Ceruledge,10,26.67,overall,2026-05-25T17:12:39.327133+00:00
SVI-PFL,"47,48,49,50,51,52,53,54,55",9,toxtricity-pfl,Toxtricity Box,37,93,127,71,40.09,raging-bolt-ogerpon,Raging Bolt Ogerpon,9,55.56,overall,2026-05-25T17:12:39.327133+00:00
SVI-PFL,"47,48,49,50,51,52,53,54,55",9,toxtricity-pfl,Toxtricity Box,37,93,127,71,40.09,lopunny-dusknoir,Lopunny Dusknoir,7,42.86,overall,2026-05-25T17:12:39.327133+00:00
SVI-PFL,"47,48,49,50,51,52,53,54,55",9,toxtricity-pfl,Toxtricity Box,37,93,127,71,40.09,gardevoir-ex-sv,Gardevoir,6,27.78,overall,2026-05-25T17:12:39.327133+00:00
SVI-PFL,"47,48,49,50,51,52,53,54,55",9,toxtricity-pfl,Toxtricity Box,37,93,127,71,40.09,flareon-noctowl,Flareon Noctowl,5,40.0,overall,2026-05-25T17:12:39.327133+00:00
SVI-PFL,"47,48,49,50,51,52,53,54,55",9,toxtricity-pfl,Toxtricity Box,37,93,127,71,40.09,mega-venusaur-ex,Mega Venusaur,5,33.33,overall,2026-05-25T17:12:39.327133+00:00
SVI-PFL,"47,48,49,50,51,52,53,54,55",9,toxtricity-pfl,Toxtricity Box,37,93,127,71,40.09,greninja-ex,Greninja,5,33.33,overall,2026-05-25T17:12:39.327133+00:00
SVI-PFL,"47,48,49,50,51,52,53,54,55",9,toxtricity-pfl,Toxtricity Box,37,93,127,71,40.09,dragapult-charizard,Dragapult Charizard,5,26.67,overall,2026-05-25T17:12:39.327133+00:00
SVI-PFL,"47,48,49,50,51,52,53,54,55",9,toxtricity-pfl,Toxtricity Box,37,93,127,71,40.09,tera-box,Tera Box,5,53.33,overall,2026-05-25T17:12:39.327133+00:00
SVI-PFL,"47,48,49,50,51,52,53,54,55",9,toxtricity-pfl,Toxtricity Box,37,93,127,71,40.09,sharpedo-toxtricity,Sharpedo Toxtricity,4,41.67,overall,2026-05-25T17:12:39.327133+00:00
SVI-PFL,"47,48,49,50,51,52,53,54,55",9,toxtricity-pfl,Toxtricity Box,37,93,127,71,40.09,ethan-typhlosion,Ethan's Typhlosion,4,50.0,overall,2026-05-25T17:12:39.327133+00:00
SVI-PFL,"47,48,49,50,51,52,53,54,55",9,toxtricity-pfl,Toxtricity Box,37,93,127,71,40.09,gholdengo-ex,Gholdengo,3,22.22,overall,2026-05-25T17:12:39.327133+00:00
SVI-PFL,"47,48,49,50,51,52,53,54,55",9,toxtricity-pfl,Toxtricity Box,37,93,127,71,40.09,kangaskhan-bouffalant,Kangaskhan Bouffalant,3,100.0,overall,2026-05-25T17:12:39.327133+00:00
SVI-PFL,"47,48,49,50,51,52,53,54,55",9,toxtricity-pfl,Toxtricity Box,37,93,127,71,40.09,gholdengo-joltik-box,Gholdengo Joltik Box,3,33.33,overall,2026-05-25T17:12:39.327133+00:00
SVI-PFL,"47,48,49,50,51,52,53,54,55",9,toxtricity-pfl,Toxtricity Box,37,93,127,71,40.09,wugtrio-svi,Wugtrio Mill,2,100.0,overall,2026-05-25T17:12:39.327133+00:00
SVI-PFL,"47,48,49,50,51,52,53,54,55",9,toxtricity-pfl,Toxtricity Box,37,93,127,71,40.09,dragapult-blaziken,Dragapult Blaziken,2,50.0,overall,2026-05-25T17:12:39.327133+00:00
SVI-PFL,"47,48,49,50,51,52,53,54,55",9,toxtricity-pfl,Toxtricity Box,37,93,127,71,40.09,hydreigon-ex,Hydreigon,2,0.0,overall,2026-05-25T17:12:39.327133+00:00
SVI-PFL,"47,48,49,50,51,52,53,54,55",9,toxtricity-pfl,Toxtricity Box,37,93,127,71,40.09,other,Other,2,100.0,overall,2026-05-25T17:12:39.327133+00:00
SVI-PFL,"47,48,49,50,51,52,53,54,55",9,toxtricity-pfl,Toxtricity Box,37,93,127,71,40.09,yanmega-ex,Yanmega,1,100.0,overall,2026-05-25T17:12:39.327133+00:00
SVI-PFL,"47,48,49,50,51,52,53,54,55",9,toxtricity-pfl,Toxtricity Box,37,93,127,71,40.09,mega-lucario-ex,Mega Lucario,1,100.0,overall,2026-05-25T17:12:39.327133+00:00
SVI-PFL,"47,48,49,50,51,52,53,54,55",9,toxtricity-pfl,Toxtricity Box,37,93,127,71,40.09,ogerpon-meganium,Ogerpon Meganium,1,33.33,overall,2026-05-25T17:12:39.327133+00:00
SVI-PFL,"47,48,49,50,51,52,53,54,55",9,toxtricity-pfl,Toxtricity Box,37,93,127,71,40.09,palafin-ex,Palafin,1,100.0,overall,2026-05-25T17:12:39.327133+00:00
SVI-PFL,"47,48,49,50,51,52,53,54,55",9,toxtricity-pfl,Toxtricity Box,37,93,127,71,40.09,paldean-tauros-pfl,Paldean Tauros,1,0.0,overall,2026-05-25T17:12:39.327133+00:00
SVI-PFL,"47,48,49,50,51,52,53,54,55",9,toxtricity-pfl,Toxtricity Box,37,93,127,71,40.09,joltik-box,Joltik Box,1,100.0,overall,2026-05-25T17:12:39.327133+00:00
SVI-PFL,"47,48,49,50,51,52,53,54,55",9,toxtricity-pfl,Toxtricity Box,37,93,127,71,40.09,rocket-mewtwo-ex,Rocket's Mewtwo,1,100.0,overall,2026-05-25T17:12:39.327133+00:00
SVI-PFL,"47,48,49,50,51,52,53,54,55",9,toxtricity-pfl,Toxtricity Box,37,93,127,71,40.09,cynthia-garchomp-ex,Cynthia's Garchomp,1,100.0,overall,2026-05-25T17:12:39.327133+00:00
SVI-PFL,"47,48,49,50,51,52,53,54,55",9,toxtricity-pfl,Toxtricity Box,37,93,127,71,40.09,archaludon-ex,Archaludon,1,0.0,overall,2026-05-25T17:12:39.327133+00:00
SVI-PFL,"47,48,49,50,51,52,53,54,55",9,toxtricity-pfl,Toxtricity Box,37,93,127,71,40.09,great-tusk-tef,Great Tusk Mill,1,100.0,overall,2026-05-25T17:12:39.327133+00:00
SVI-PFL,"47,48,49,50,51,52,53,54,55",9,toxtricity-pfl,Toxtricity Box,37,93,127,71,40.09,scovillain-ex,Scovillain,1,100.0,overall,2026-05-25T17:12:39.327133+00:00
SVI-PFL,"47,48,49,50,51,52,53,54,55",9,toxtricity-pfl,Toxtricity Box,37,93,127,71,40.09,hydrapple-ogerpon,Hydrapple Ogerpon,1,100.0,overall,2026-05-25T17:12:39.327133+00:00
SVI-PFL,"47,48,49,50,51,52,53,54,55",9,toxtricity-pfl,Toxtricity Box,37,93,127,71,40.09,pidgeot-control,Pidgeot Control,1,100.0,overall,2026-05-25T17:12:39.327133+00:00
SVI-PFL,"47,48,49,50,51,52,53,54,55",9,toxtricity-pfl,Toxtricity Box,37,93,127,71,40.09,ho-oh-armarouge,Ho-Oh Armarouge,1,0.0,overall,2026-05-25T17:12:39.327133+00:00
SVI-PFL,"47,48,49,50,51,52,53,54,55",9,toxtricity-pfl,Toxtricity Box,37,93,127,71,40.09,dragapult-ex,Dragapult,1,0.0,overall,2026-05-25T17:12:39.327133+00:00
SVI-PFL,"47,48,49,50,51,52,53,54,55",9,toxtricity-pfl,Toxtricity Box,37,93,127,71,40.09,charizard-dragapult,Charizard Dragapult,1,0.0,overall,2026-05-25T17:12:39.327133+00:00
SVI-PFL,"47,48,49,50,51,52,53,54,55",9,toxtricity-pfl,Toxtricity Box,37,93,127,71,40.09,iron-hands-magneton,Iron Hands Magneton,1,100.0,overall,2026-05-25T17:12:39.327133+00:00
SVI-PFL,"47,48,49,50,51,52,53,54,55",9,tsareena-ex,Tsareena,6,11,27,8,29.71,gholdengo-lunatone,Gholdengo Lunatone,7,0.0,overall,2026-05-25T17:12:42.269016+00:00
SVI-PFL,"47,48,49,50,51,52,53,54,55",9,tsareena-ex,Tsareena,6,11,27,8,29.71,charizard-noctowl,Charizard Noctowl,5,53.33,overall,2026-05-25T17:12:42.269016+00:00
SVI-PFL,"47,48,49,50,51,52,53,54,55",9,tsareena-ex,Tsareena,6,11,27,8,29.71,flareon-noctowl,Flareon Noctowl,3,33.33,overall,2026-05-25T17:12:42.269016+00:00
SVI-PFL,"47,48,49,50,51,52,53,54,55",9,tsareena-ex,Tsareena,6,11,27,8,29.71,ceruledge-ex,Ceruledge,2,0.0,overall,2026-05-25T17:12:42.269016+00:00
SVI-PFL,"47,48,49,50,51,52,53,54,55",9,tsareena-ex,Tsareena,6,11,27,8,29.71,grimmsnarl-froslass,Grimmsnarl Froslass,2,0.0,overall,2026-05-25T17:12:42.269016+00:00
SVI-PFL,"47,48,49,50,51,52,53,54,55",9,tsareena-ex,Tsareena,6,11,27,8,29.71,charizard-pidgeot,Charizard Pidgeot,2,66.67,overall,2026-05-25T17:12:42.269016+00:00
SVI-PFL,"47,48,49,50,51,52,53,54,55",9,tsareena-ex,Tsareena,6,11,27,8,29.71,mega-absol-box,Mega Absol Box,2,33.33,overall,2026-05-25T17:12:42.269016+00:00
SVI-PFL,"47,48,49,50,51,52,53,54,55",9,tsareena-ex,Tsareena,6,11,27,8,29.71,lopunny-dusknoir,Lopunny Dusknoir,2,0.0,overall,2026-05-25T17:12:42.269016+00:00
SVI-PFL,"47,48,49,50,51,52,53,54,55",9,tsareena-ex,Tsareena,6,11,27,8,29.71,dragapult-dusknoir,Dragapult Dusknoir,2,66.67,overall,2026-05-25T17:12:42.269016+00:00
SVI-PFL,"47,48,49,50,51,52,53,54,55",9,tsareena-ex,Tsareena,6,11,27,8,29.71,gardevoir-jellicent,Gardevoir Jellicent,2,0.0,overall,2026-05-25T17:12:42.269016+00:00
SVI-PFL,"47,48,49,50,51,52,53,54,55",9,tsareena-ex,Tsareena,6,11,27,8,29.71,roaring-moon-ex,Roaring Moon,1,100.0,overall,2026-05-25T17:12:42.269016+00:00
SVI-PFL,"47,48,49,50,51,52,53,54,55",9,tsareena-ex,Tsareena,6,11,27,8,29.71,rocket-spidops,Rocket's Spidops,1,0.0,overall,2026-05-25T17:12:42.269016+00:00
SVI-PFL,"47,48,49,50,51,52,53,54,55",9,tsareena-ex,Tsareena,6,11,27,8,29.71,kangaskhan-bouffalant,Kangaskhan Bouffalant,1,0.0,overall,2026-05-25T17:12:42.269016+00:00
SVI-PFL,"47,48,49,50,51,52,53,54,55",9,tsareena-ex,Tsareena,6,11,27,8,29.71,alakazam-dudunsparce,Alakazam Dudunsparce,1,0.0,overall,2026-05-25T17:12:42.269016+00:00
SVI-PFL,"47,48,49,50,51,52,53,54,55",9,tsareena-ex,Tsareena,6,11,27,8,29.71,conkeldurr-twm,Conkeldurr,1,0.0,overall,2026-05-25T17:12:42.269016+00:00
SVI-PFL,"47,48,49,50,51,52,53,54,55",9,tsareena-ex,Tsareena,6,11,27,8,29.71,tera-box,Tera Box,1,33.33,overall,2026-05-25T17:12:42.269016+00:00
SVI-PFL,"47,48,49,50,51,52,53,54,55",9,tsareena-ex,Tsareena,6,11,27,8,29.71,iron-hands-magneton,Iron Hands Magneton,1,0.0,overall,2026-05-25T17:12:42.269016+00:00
SVI-PFL,"47,48,49,50,51,52,53,54,55",9,tsareena-ex,Tsareena,6,11,27,8,29.71,raging-bolt-ogerpon,Raging Bolt Ogerpon,1,100.0,overall,2026-05-25T17:12:42.269016+00:00
SVI-PFL,"47,48,49,50,51,52,53,54,55",9,tsareena-ex,Tsareena,6,11,27,8,29.71,lucario-hariyama,Lucario Hariyama,1,100.0,overall,2026-05-25T17:12:42.269016+00:00
SVI-PFL,"47,48,49,50,51,52,53,54,55",9,tsareena-ex,Tsareena,6,11,27,8,29.71,joltik-box,Joltik Box,1,0.0,overall,2026-05-25T17:12:42.269016+00:00
SVI-PFL,"47,48,49,50,51,52,53,54,55",9,tsareena-ex,Tsareena,6,11,27,8,29.71,gardevoir-ex-sv,Gardevoir,1,0.0,overall,2026-05-25T17:12:42.269016+00:00
SVI-PFL,"47,48,49,50,51,52,53,54,55",9,tsareena-ex,Tsareena,6,11,27,8,29.71,slowking-scr,Slowking,1,33.33,overall,2026-05-25T17:12:42.269016+00:00
SVI-PFL,"47,48,49,50,51,52,53,54,55",9,tsareena-ex,Tsareena,6,11,27,8,29.71,n-zoroark,N's Zoroark,1,0.0,overall,2026-05-25T17:12:42.269016+00:00
SVI-PFL,"47,48,49,50,51,52,53,54,55",9,tsareena-ex,Tsareena,6,11,27,8,29.71,other,Other,1,0.0,overall,2026-05-25T17:12:42.269016+00:00
SVI-PFL,"47,48,49,50,51,52,53,54,55",9,tsareena-ex,Tsareena,6,11,27,8,29.71,mega-venusaur-ex,Mega Venusaur,1,100.0,overall,2026-05-25T17:12:42.269016+00:00
SVI-PFL,"47,48,49,50,51,52,53,54,55",9,tsareena-ex,Tsareena,6,11,27,8,29.71,paldean-tauros-pfl,Paldean Tauros,1,100.0,overall,2026-05-25T17:12:42.269016+00:00
SVI-PFL,"47,48,49,50,51,52,53,54,55",9,tyranitar-jtg,Tyranitar,10,15,39,9,28.57,gholdengo-lunatone,Gholdengo Lunatone,10,56.67,overall,2026-05-25T17:12:45.207514+00:00
SVI-PFL,"47,48,49,50,51,52,53,54,55",9,tyranitar-jtg,Tyranitar,10,15,39,9,28.57,n-zoroark,N's Zoroark,8,8.33,overall,2026-05-25T17:12:45.207514+00:00
SVI-PFL,"47,48,49,50,51,52,53,54,55",9,tyranitar-jtg,Tyranitar,10,15,39,9,28.57,dragapult-dusknoir,Dragapult Dusknoir,6,5.56,overall,2026-05-25T17:12:45.207514+00:00
SVI-PFL,"47,48,49,50,51,52,53,54,55",9,tyranitar-jtg,Tyranitar,10,15,39,9,28.57,grimmsnarl-froslass,Grimmsnarl Froslass,5,26.67,overall,2026-05-25T17:12:45.207514+00:00
SVI-PFL,"47,48,49,50,51,52,53,54,55",9,tyranitar-jtg,Tyranitar,10,15,39,9,28.57,charizard-noctowl,Charizard Noctowl,4,33.33,overall,2026-05-25T17:12:45.207514+00:00
SVI-PFL,"47,48,49,50,51,52,53,54,55",9,tyranitar-jtg,Tyranitar,10,15,39,9,28.57,mega-absol-box,Mega Absol Box,3,0.0,overall,2026-05-25T17:12:45.207514+00:00
SVI-PFL,"47,48,49,50,51,52,53,54,55",9,tyranitar-jtg,Tyranitar,10,15,39,9,28.57,lopunny-dusknoir,Lopunny Dusknoir,3,33.33,overall,2026-05-25T17:12:45.207514+00:00
SVI-PFL,"47,48,49,50,51,52,53,54,55",9,tyranitar-jtg,Tyranitar,10,15,39,9,28.57,dragapult-charizard,Dragapult Charizard,3,44.44,overall,2026-05-25T17:12:45.207514+00:00
SVI-PFL,"47,48,49,50,51,52,53,54,55",9,tyranitar-jtg,Tyranitar,10,15,39,9,28.57,gardevoir-jellicent,Gardevoir Jellicent,3,33.33,overall,2026-05-25T17:12:45.207514+00:00
SVI-PFL,"47,48,49,50,51,52,53,54,55",9,tyranitar-jtg,Tyranitar,10,15,39,9,28.57,flareon-noctowl,Flareon Noctowl,3,66.67,overall,2026-05-25T17:12:45.207514+00:00
SVI-PFL,"47,48,49,50,51,52,53,54,55",9,tyranitar-jtg,Tyranitar,10,15,39,9,28.57,lucario-hariyama,Lucario Hariyama,2,0.0,overall,2026-05-25T17:12:45.207514+00:00
SVI-PFL,"47,48,49,50,51,52,53,54,55",9,tyranitar-jtg,Tyranitar,10,15,39,9,28.57,sharpedo-toxtricity,Sharpedo Toxtricity,1,0.0,overall,2026-05-25T17:12:45.207514+00:00
SVI-PFL,"47,48,49,50,51,52,53,54,55",9,tyranitar-jtg,Tyranitar,10,15,39,9,28.57,n-zoroark-lucario,Zoroark Lucario,1,0.0,overall,2026-05-25T17:12:45.207514+00:00
SVI-PFL,"47,48,49,50,51,52,53,54,55",9,tyranitar-jtg,Tyranitar,10,15,39,9,28.57,gholdengo-ex,Gholdengo,1,100.0,overall,2026-05-25T17:12:45.207514+00:00
SVI-PFL,"47,48,49,50,51,52,53,54,55",9,tyranitar-jtg,Tyranitar,10,15,39,9,28.57,ceruledge-ex,Ceruledge,1,100.0,overall,2026-05-25T17:12:45.207514+00:00
SVI-PFL,"47,48,49,50,51,52,53,54,55",9,tyranitar-jtg,Tyranitar,10,15,39,9,28.57,ethan-typhlosion,Ethan's Typhlosion,1,0.0,overall,2026-05-25T17:12:45.207514+00:00
SVI-PFL,"47,48,49,50,51,52,53,54,55",9,tyranitar-jtg,Tyranitar,10,15,39,9,28.57,mega-kangaskhan-ex,Mega Kangaskhan,1,0.0,overall,2026-05-25T17:12:45.207514+00:00
SVI-PFL,"47,48,49,50,51,52,53,54,55",9,tyranitar-jtg,Tyranitar,10,15,39,9,28.57,charizard-pidgeot,Charizard Pidgeot,1,0.0,overall,2026-05-25T17:12:45.207514+00:00
SVI-PFL,"47,48,49,50,51,52,53,54,55",9,tyranitar-jtg,Tyranitar,10,15,39,9,28.57,alakazam-dudunsparce,Alakazam Dudunsparce,1,100.0,overall,2026-05-25T17:12:45.207514+00:00
SVI-PFL,"47,48,49,50,51,52,53,54,55",9,tyranitar-jtg,Tyranitar,10,15,39,9,28.57,gardevoir-ex-sv,Gardevoir,1,33.33,overall,2026-05-25T17:12:45.207514+00:00
SVI-PFL,"47,48,49,50,51,52,53,54,55",9,tyranitar-jtg,Tyranitar,10,15,39,9,28.57,raging-bolt-ogerpon,Raging Bolt Ogerpon,1,0.0,overall,2026-05-25T17:12:45.207514+00:00
SVI-PFL,"47,48,49,50,51,52,53,54,55",9,tyranitar-jtg,Tyranitar,10,15,39,9,28.57,slowking-scr,Slowking,1,0.0,overall,2026-05-25T17:12:45.207514+00:00
SVI-PFL,"47,48,49,50,51,52,53,54,55",9,tyranitar-jtg,Tyranitar,10,15,39,9,28.57,ogerpon-meganium,Ogerpon Meganium,1,0.0,overall,2026-05-25T17:12:45.207514+00:00
SVI-PFL,"47,48,49,50,51,52,53,54,55",9,tyranitar-jtg,Tyranitar,10,15,39,9,28.57,mega-manectric-ex-meg,Mega Manectric,1,0.0,overall,2026-05-25T17:12:45.207514+00:00
SVI-PFL,"47,48,49,50,51,52,53,54,55",9,united-wings,United Wings,2,0,6,0,0.0,gardevoir-ex-sv,Gardevoir,3,0.0,overall,2026-05-25T17:12:48.108693+00:00
SVI-PFL,"47,48,49,50,51,52,53,54,55",9,united-wings,United Wings,2,0,6,0,0.0,charizard-pidgeot,Charizard Pidgeot,1,0.0,overall,2026-05-25T17:12:48.108693+00:00
SVI-PFL,"47,48,49,50,51,52,53,54,55",9,united-wings,United Wings,2,0,6,0,0.0,grimmsnarl-froslass,Grimmsnarl Froslass,1,0.0,overall,2026-05-25T17:12:48.108693+00:00
SVI-PFL,"47,48,49,50,51,52,53,54,55",9,united-wings,United Wings,2,0,6,0,0.0,lopunny-dusknoir,Lopunny Dusknoir,1,0.0,overall,2026-05-25T17:12:48.108693+00:00
SVI-PFL,"47,48,49,50,51,52,53,54,55",9,ursaluna-iron-valiant,Ursaluna Iron Valiant,1,2,4,1,33.33,gardevoir-jellicent,Gardevoir Jellicent,2,0.0,overall,2026-05-25T17:12:50.993381+00:00
SVI-PFL,"47,48,49,50,51,52,53,54,55",9,ursaluna-iron-valiant,Ursaluna Iron Valiant,1,2,4,1,33.33,gholdengo-lunatone,Gholdengo Lunatone,2,0.0,overall,2026-05-25T17:12:50.993381+00:00
SVI-PFL,"47,48,49,50,51,52,53,54,55",9,ursaluna-iron-valiant,Ursaluna Iron Valiant,1,2,4,1,33.33,tera-box,Tera Box,1,100.0,overall,2026-05-25T17:12:50.993381+00:00
SVI-PFL,"47,48,49,50,51,52,53,54,55",9,ursaluna-iron-valiant,Ursaluna Iron Valiant,1,2,4,1,33.33,slowking-scr,Slowking,1,33.33,overall,2026-05-25T17:12:50.993381+00:00
SVI-PFL,"47,48,49,50,51,52,53,54,55",9,ursaluna-iron-valiant,Ursaluna Iron Valiant,1,2,4,1,33.33,dragapult-dusknoir,Dragapult Dusknoir,1,100.0,overall,2026-05-25T17:12:50.993381+00:00
SVI-PFL,"47,48,49,50,51,52,53,54,55",9,ursaluna-lunatone,Ursaluna Lunatone,46,138,152,69,44.85,gholdengo-lunatone,Gholdengo Lunatone,50,60.0,overall,2026-05-25T17:12:53.928857+00:00
SVI-PFL,"47,48,49,50,51,52,53,54,55",9,ursaluna-lunatone,Ursaluna Lunatone,46,138,152,69,44.85,dragapult-dusknoir,Dragapult Dusknoir,50,38.0,overall,2026-05-25T17:12:53.928857+00:00
SVI-PFL,"47,48,49,50,51,52,53,54,55",9,ursaluna-lunatone,Ursaluna Lunatone,46,138,152,69,44.85,gardevoir-jellicent,Gardevoir Jellicent,27,39.51,overall,2026-05-25T17:12:53.928857+00:00
SVI-PFL,"47,48,49,50,51,52,53,54,55",9,ursaluna-lunatone,Ursaluna Lunatone,46,138,152,69,44.85,gardevoir-ex-sv,Gardevoir,25,26.67,overall,2026-05-25T17:12:53.928857+00:00
SVI-PFL,"47,48,49,50,51,52,53,54,55",9,ursaluna-lunatone,Ursaluna Lunatone,46,138,152,69,44.85,charizard-noctowl,Charizard Noctowl,18,24.07,overall,2026-05-25T17:12:53.928857+00:00
SVI-PFL,"47,48,49,50,51,52,53,54,55",9,ursaluna-lunatone,Ursaluna Lunatone,46,138,152,69,44.85,charizard-pidgeot,Charizard Pidgeot,16,29.17,overall,2026-05-25T17:12:53.928857+00:00
SVI-PFL,"47,48,49,50,51,52,53,54,55",9,ursaluna-lunatone,Ursaluna Lunatone,46,138,152,69,44.85,mega-absol-box,Mega Absol Box,16,35.42,overall,2026-05-25T17:12:53.928857+00:00
SVI-PFL,"47,48,49,50,51,52,53,54,55",9,ursaluna-lunatone,Ursaluna Lunatone,46,138,152,69,44.85,dragapult-charizard,Dragapult Charizard,15,44.44,overall,2026-05-25T17:12:53.928857+00:00
SVI-PFL,"47,48,49,50,51,52,53,54,55",9,ursaluna-lunatone,Ursaluna Lunatone,46,138,152,69,44.85,n-zoroark,N's Zoroark,15,33.33,overall,2026-05-25T17:12:53.928857+00:00
SVI-PFL,"47,48,49,50,51,52,53,54,55",9,ursaluna-lunatone,Ursaluna Lunatone,46,138,152,69,44.85,grimmsnarl-froslass,Grimmsnarl Froslass,12,41.67,overall,2026-05-25T17:12:53.928857+00:00
SVI-PFL,"47,48,49,50,51,52,53,54,55",9,ursaluna-lunatone,Ursaluna Lunatone,46,138,152,69,44.85,kangaskhan-bouffalant,Kangaskhan Bouffalant,12,80.56,overall,2026-05-25T17:12:53.928857+00:00
SVI-PFL,"47,48,49,50,51,52,53,54,55",9,ursaluna-lunatone,Ursaluna Lunatone,46,138,152,69,44.85,ceruledge-ex,Ceruledge,11,45.45,overall,2026-05-25T17:12:53.928857+00:00
SVI-PFL,"47,48,49,50,51,52,53,54,55",9,ursaluna-lunatone,Ursaluna Lunatone,46,138,152,69,44.85,raging-bolt-ogerpon,Raging Bolt Ogerpon,10,23.33,overall,2026-05-25T17:12:53.928857+00:00
SVI-PFL,"47,48,49,50,51,52,53,54,55",9,ursaluna-lunatone,Ursaluna Lunatone,46,138,152,69,44.85,flareon-noctowl,Flareon Noctowl,7,57.14,overall,2026-05-25T17:12:53.928857+00:00
SVI-PFL,"47,48,49,50,51,52,53,54,55",9,ursaluna-lunatone,Ursaluna Lunatone,46,138,152,69,44.85,alakazam-dudunsparce,Alakazam Dudunsparce,6,44.44,overall,2026-05-25T17:12:53.928857+00:00
SVI-PFL,"47,48,49,50,51,52,53,54,55",9,ursaluna-lunatone,Ursaluna Lunatone,46,138,152,69,44.85,tera-box,Tera Box,6,50.0,overall,2026-05-25T17:12:53.928857+00:00
SVI-PFL,"47,48,49,50,51,52,53,54,55",9,ursaluna-lunatone,Ursaluna Lunatone,46,138,152,69,44.85,hydrapple-ogerpon,Hydrapple Ogerpon,5,73.33,overall,2026-05-25T17:12:53.928857+00:00
SVI-PFL,"47,48,49,50,51,52,53,54,55",9,ursaluna-lunatone,Ursaluna Lunatone,46,138,152,69,44.85,gholdengo-ex,Gholdengo,4,58.33,overall,2026-05-25T17:12:53.928857+00:00
SVI-PFL,"47,48,49,50,51,52,53,54,55",9,ursaluna-lunatone,Ursaluna Lunatone,46,138,152,69,44.85,crustle-dri,Crustle,4,41.67,overall,2026-05-25T17:12:53.928857+00:00
SVI-PFL,"47,48,49,50,51,52,53,54,55",9,ursaluna-lunatone,Ursaluna Lunatone,46,138,152,69,44.85,cynthia-garchomp-ex,Cynthia's Garchomp,3,33.33,overall,2026-05-25T17:12:53.928857+00:00
SVI-PFL,"47,48,49,50,51,52,53,54,55",9,ursaluna-lunatone,Ursaluna Lunatone,46,138,152,69,44.85,hydreigon-ex,Hydreigon,3,77.78,overall,2026-05-25T17:12:53.928857+00:00
SVI-PFL,"47,48,49,50,51,52,53,54,55",9,ursaluna-lunatone,Ursaluna Lunatone,46,138,152,69,44.85,mega-venusaur-ex,Mega Venusaur,3,77.78,overall,2026-05-25T17:12:53.928857+00:00
SVI-PFL,"47,48,49,50,51,52,53,54,55",9,ursaluna-lunatone,Ursaluna Lunatone,46,138,152,69,44.85,lucario-hariyama,Lucario Hariyama,3,44.44,overall,2026-05-25T17:12:53.928857+00:00
SVI-PFL,"47,48,49,50,51,52,53,54,55",9,ursaluna-lunatone,Ursaluna Lunatone,46,138,152,69,44.85,greninja-ex,Greninja,3,33.33,overall,2026-05-25T17:12:53.928857+00:00
SVI-PFL,"47,48,49,50,51,52,53,54,55",9,ursaluna-lunatone,Ursaluna Lunatone,46,138,152,69,44.85,gholdengo-joltik-box,Gholdengo Joltik Box,2,66.67,overall,2026-05-25T17:12:53.928857+00:00
SVI-PFL,"47,48,49,50,51,52,53,54,55",9,ursaluna-lunatone,Ursaluna Lunatone,46,138,152,69,44.85,ho-oh-armarouge,Ho-Oh Armarouge,2,50.0,overall,2026-05-25T17:12:53.928857+00:00
SVI-PFL,"47,48,49,50,51,52,53,54,55",9,ursaluna-lunatone,Ursaluna Lunatone,46,138,152,69,44.85,roaring-moon-ex,Roaring Moon,2,66.67,overall,2026-05-25T17:12:53.928857+00:00
SVI-PFL,"47,48,49,50,51,52,53,54,55",9,ursaluna-lunatone,Ursaluna Lunatone,46,138,152,69,44.85,iron-thorns-crustle,Iron Thorns Crustle,2,100.0,overall,2026-05-25T17:12:53.928857+00:00
SVI-PFL,"47,48,49,50,51,52,53,54,55",9,ursaluna-lunatone,Ursaluna Lunatone,46,138,152,69,44.85,other,Other,2,66.67,overall,2026-05-25T17:12:53.928857+00:00
SVI-PFL,"47,48,49,50,51,52,53,54,55",9,ursaluna-lunatone,Ursaluna Lunatone,46,138,152,69,44.85,rocket-mewtwo-ex,Rocket's Mewtwo,2,16.67,overall,2026-05-25T17:12:53.928857+00:00
SVI-PFL,"47,48,49,50,51,52,53,54,55",9,ursaluna-lunatone,Ursaluna Lunatone,46,138,152,69,44.85,joltik-box,Joltik Box,2,16.67,overall,2026-05-25T17:12:53.928857+00:00
SVI-PFL,"47,48,49,50,51,52,53,54,55",9,ursaluna-lunatone,Ursaluna Lunatone,46,138,152,69,44.85,ogerpon-meganium,Ogerpon Meganium,2,66.67,overall,2026-05-25T17:12:53.928857+00:00
SVI-PFL,"47,48,49,50,51,52,53,54,55",9,ursaluna-lunatone,Ursaluna Lunatone,46,138,152,69,44.85,palafin-ex,Palafin,1,33.33,overall,2026-05-25T17:12:53.928857+00:00
SVI-PFL,"47,48,49,50,51,52,53,54,55",9,ursaluna-lunatone,Ursaluna Lunatone,46,138,152,69,44.85,ursaluna-lunatone,Ursaluna Lunatone,1,50.0,overall,2026-05-25T17:12:53.928857+00:00
SVI-PFL,"47,48,49,50,51,52,53,54,55",9,ursaluna-lunatone,Ursaluna Lunatone,46,138,152,69,44.85,iron-hands-magneton,Iron Hands Magneton,1,100.0,overall,2026-05-25T17:12:53.928857+00:00
SVI-PFL,"47,48,49,50,51,52,53,54,55",9,ursaluna-lunatone,Ursaluna Lunatone,46,138,152,69,44.85,mega-charizard-x-ex,Mega Charizard X,1,100.0,overall,2026-05-25T17:12:53.928857+00:00
SVI-PFL,"47,48,49,50,51,52,53,54,55",9,ursaluna-lunatone,Ursaluna Lunatone,46,138,152,69,44.85,lopunny-dusknoir,Lopunny Dusknoir,1,100.0,overall,2026-05-25T17:12:53.928857+00:00
SVI-PFL,"47,48,49,50,51,52,53,54,55",9,ursaluna-lunatone,Ursaluna Lunatone,46,138,152,69,44.85,conkeldurr-twm,Conkeldurr,1,100.0,overall,2026-05-25T17:12:53.928857+00:00
SVI-PFL,"47,48,49,50,51,52,53,54,55",9,ursaluna-lunatone,Ursaluna Lunatone,46,138,152,69,44.85,kangaskhan-forretress,Kangaskhan Forretress,1,33.33,overall,2026-05-25T17:12:53.928857+00:00
SVI-PFL,"47,48,49,50,51,52,53,54,55",9,ursaluna-lunatone,Ursaluna Lunatone,46,138,152,69,44.85,seaking-pre,Seaking Festival Lead,1,33.33,overall,2026-05-25T17:12:53.928857+00:00
SVI-PFL,"47,48,49,50,51,52,53,54,55",9,ursaluna-lunatone,Ursaluna Lunatone,46,138,152,69,44.85,sharpedo-toxtricity,Sharpedo Toxtricity,1,100.0,overall,2026-05-25T17:12:53.928857+00:00
SVI-PFL,"47,48,49,50,51,52,53,54,55",9,ursaluna-lunatone,Ursaluna Lunatone,46,138,152,69,44.85,alakazam-meg,Alakazam,1,0.0,overall,2026-05-25T17:12:53.928857+00:00
SVI-PFL,"47,48,49,50,51,52,53,54,55",9,ursaluna-lunatone,Ursaluna Lunatone,46,138,152,69,44.85,ethan-typhlosion,Ethan's Typhlosion,1,100.0,overall,2026-05-25T17:12:53.928857+00:00
SVI-PFL,"47,48,49,50,51,52,53,54,55",9,ursaluna-lunatone,Ursaluna Lunatone,46,138,152,69,44.85,wugtrio-svi,Wugtrio Mill,1,100.0,overall,2026-05-25T17:12:53.928857+00:00
SVI-PFL,"47,48,49,50,51,52,53,54,55",9,ursaluna-lunatone,Ursaluna Lunatone,46,138,152,69,44.85,iron-hands-ex,Future Hands,1,100.0,overall,2026-05-25T17:12:53.928857+00:00
SVI-PFL,"47,48,49,50,51,52,53,54,55",9,ursaluna-lunatone,Ursaluna Lunatone,46,138,152,69,44.85,archaludon-ex,Archaludon,1,100.0,overall,2026-05-25T17:12:53.928857+00:00
SVI-PFL,"47,48,49,50,51,52,53,54,55",9,ursaluna-lunatone,Ursaluna Lunatone,46,138,152,69,44.85,froslass-munkidori,Froslass Munkidori,1,0.0,overall,2026-05-25T17:12:53.928857+00:00
SVI-PFL,"47,48,49,50,51,52,53,54,55",9,ursaluna-lunatone,Ursaluna Lunatone,46,138,152,69,44.85,great-tusk-tef,Great Tusk Mill,1,0.0,overall,2026-05-25T17:12:53.928857+00:00
SVI-PFL,"47,48,49,50,51,52,53,54,55",9,wugtrio-svi,Wugtrio Mill,14,14,50,14,23.93,dragapult-dusknoir,Dragapult Dusknoir,14,16.67,overall,2026-05-25T17:12:56.884908+00:00
SVI-PFL,"47,48,49,50,51,52,53,54,55",9,wugtrio-svi,Wugtrio Mill,14,14,50,14,23.93,gholdengo-lunatone,Gholdengo Lunatone,10,20.0,overall,2026-05-25T17:12:56.884908+00:00
SVI-PFL,"47,48,49,50,51,52,53,54,55",9,wugtrio-svi,Wugtrio Mill,14,14,50,14,23.93,grimmsnarl-froslass,Grimmsnarl Froslass,5,20.0,overall,2026-05-25T17:12:56.884908+00:00
SVI-PFL,"47,48,49,50,51,52,53,54,55",9,wugtrio-svi,Wugtrio Mill,14,14,50,14,23.93,mega-absol-box,Mega Absol Box,4,0.0,overall,2026-05-25T17:12:56.884908+00:00
SVI-PFL,"47,48,49,50,51,52,53,54,55",9,wugtrio-svi,Wugtrio Mill,14,14,50,14,23.93,gardevoir-jellicent,Gardevoir Jellicent,4,8.33,overall,2026-05-25T17:12:56.884908+00:00
SVI-PFL,"47,48,49,50,51,52,53,54,55",9,wugtrio-svi,Wugtrio Mill,14,14,50,14,23.93,gardevoir-ex-sv,Gardevoir,4,25.0,overall,2026-05-25T17:12:56.884908+00:00
SVI-PFL,"47,48,49,50,51,52,53,54,55",9,wugtrio-svi,Wugtrio Mill,14,14,50,14,23.93,n-zoroark,N's Zoroark,3,44.44,overall,2026-05-25T17:12:56.884908+00:00
SVI-PFL,"47,48,49,50,51,52,53,54,55",9,wugtrio-svi,Wugtrio Mill,14,14,50,14,23.93,alakazam-dudunsparce,Alakazam Dudunsparce,3,33.33,overall,2026-05-25T17:12:56.884908+00:00
SVI-PFL,"47,48,49,50,51,52,53,54,55",9,wugtrio-svi,Wugtrio Mill,14,14,50,14,23.93,dragapult-charizard,Dragapult Charizard,3,55.56,overall,2026-05-25T17:12:56.884908+00:00
SVI-PFL,"47,48,49,50,51,52,53,54,55",9,wugtrio-svi,Wugtrio Mill,14,14,50,14,23.93,toxtricity-pfl,Toxtricity Box,2,0.0,overall,2026-05-25T17:12:56.884908+00:00
SVI-PFL,"47,48,49,50,51,52,53,54,55",9,wugtrio-svi,Wugtrio Mill,14,14,50,14,23.93,other,Other,2,50.0,overall,2026-05-25T17:12:56.884908+00:00
SVI-PFL,"47,48,49,50,51,52,53,54,55",9,wugtrio-svi,Wugtrio Mill,14,14,50,14,23.93,charizard-noctowl,Charizard Noctowl,2,0.0,overall,2026-05-25T17:12:56.884908+00:00
SVI-PFL,"47,48,49,50,51,52,53,54,55",9,wugtrio-svi,Wugtrio Mill,14,14,50,14,23.93,greninja-ex,Greninja,2,100.0,overall,2026-05-25T17:12:56.884908+00:00
SVI-PFL,"47,48,49,50,51,52,53,54,55",9,wugtrio-svi,Wugtrio Mill,14,14,50,14,23.93,charizard-pidgeot,Charizard Pidgeot,2,66.67,overall,2026-05-25T17:12:56.884908+00:00
SVI-PFL,"47,48,49,50,51,52,53,54,55",9,wugtrio-svi,Wugtrio Mill,14,14,50,14,23.93,raging-bolt-ogerpon,Raging Bolt Ogerpon,2,50.0,overall,2026-05-25T17:12:56.884908+00:00
SVI-PFL,"47,48,49,50,51,52,53,54,55",9,wugtrio-svi,Wugtrio Mill,14,14,50,14,23.93,future-box,Future Box,1,0.0,overall,2026-05-25T17:12:56.884908+00:00
SVI-PFL,"47,48,49,50,51,52,53,54,55",9,wugtrio-svi,Wugtrio Mill,14,14,50,14,23.93,crustle-dri,Crustle,1,33.33,overall,2026-05-25T17:12:56.884908+00:00
SVI-PFL,"47,48,49,50,51,52,53,54,55",9,wugtrio-svi,Wugtrio Mill,14,14,50,14,23.93,tera-box,Tera Box,1,0.0,overall,2026-05-25T17:12:56.884908+00:00
SVI-PFL,"47,48,49,50,51,52,53,54,55",9,wugtrio-svi,Wugtrio Mill,14,14,50,14,23.93,gholdengo-ex,Gholdengo,1,0.0,overall,2026-05-25T17:12:56.884908+00:00
SVI-PFL,"47,48,49,50,51,52,53,54,55",9,wugtrio-svi,Wugtrio Mill,14,14,50,14,23.93,hydrapple-ogerpon,Hydrapple Ogerpon,1,0.0,overall,2026-05-25T17:12:56.884908+00:00
SVI-PFL,"47,48,49,50,51,52,53,54,55",9,wugtrio-svi,Wugtrio Mill,14,14,50,14,23.93,lopunny-dusknoir,Lopunny Dusknoir,1,0.0,overall,2026-05-25T17:12:56.884908+00:00
SVI-PFL,"47,48,49,50,51,52,53,54,55",9,wugtrio-svi,Wugtrio Mill,14,14,50,14,23.93,ethan-typhlosion,Ethan's Typhlosion,1,0.0,overall,2026-05-25T17:12:56.884908+00:00
SVI-PFL,"47,48,49,50,51,52,53,54,55",9,wugtrio-svi,Wugtrio Mill,14,14,50,14,23.93,ursaluna-lunatone,Ursaluna Lunatone,1,0.0,overall,2026-05-25T17:12:56.884908+00:00
SVI-PFL,"47,48,49,50,51,52,53,54,55",9,wugtrio-svi,Wugtrio Mill,14,14,50,14,23.93,ceruledge-ex,Ceruledge,1,33.33,overall,2026-05-25T17:12:56.884908+00:00
SVI-PFL,"47,48,49,50,51,52,53,54,55",9,wugtrio-svi,Wugtrio Mill,14,14,50,14,23.93,joltik-box,Joltik Box,1,0.0,overall,2026-05-25T17:12:56.884908+00:00
SVI-PFL,"47,48,49,50,51,52,53,54,55",9,wugtrio-svi,Wugtrio Mill,14,14,50,14,23.93,pidgeot-control,Pidgeot Control,1,0.0,overall,2026-05-25T17:12:56.884908+00:00
SVI-PFL,"47,48,49,50,51,52,53,54,55",9,wugtrio-svi,Wugtrio Mill,14,14,50,14,23.93,mega-kangaskhan-ex,Mega Kangaskhan,1,100.0,overall,2026-05-25T17:12:56.884908+00:00
SVI-PFL,"47,48,49,50,51,52,53,54,55",9,wugtrio-svi,Wugtrio Mill,14,14,50,14,23.93,iron-hands-magneton,Iron Hands Magneton,1,0.0,overall,2026-05-25T17:12:56.884908+00:00
SVI-PFL,"47,48,49,50,51,52,53,54,55",9,wugtrio-svi,Wugtrio Mill,14,14,50,14,23.93,gholdengo-joltik-box,Gholdengo Joltik Box,1,0.0,overall,2026-05-25T17:12:56.884908+00:00
SVI-PFL,"47,48,49,50,51,52,53,54,55",9,wugtrio-svi,Wugtrio Mill,14,14,50,14,23.93,mega-manectric-ex-meg,Mega Manectric,1,100.0,overall,2026-05-25T17:12:56.884908+00:00
SVI-PFL,"47,48,49,50,51,52,53,54,55",9,wugtrio-svi,Wugtrio Mill,14,14,50,14,23.93,kangaskhan-bouffalant,Kangaskhan Bouffalant,1,0.0,overall,2026-05-25T17:12:56.884908+00:00
SVI-PFL,"47,48,49,50,51,52,53,54,55",9,yanmega-ex,Yanmega,10,32,37,9,44.87,dragapult-dusknoir,Dragapult Dusknoir,12,30.56,overall,2026-05-25T17:12:59.762139+00:00
SVI-PFL,"47,48,49,50,51,52,53,54,55",9,yanmega-ex,Yanmega,10,32,37,9,44.87,gholdengo-lunatone,Gholdengo Lunatone,8,29.17,overall,2026-05-25T17:12:59.762139+00:00
SVI-PFL,"47,48,49,50,51,52,53,54,55",9,yanmega-ex,Yanmega,10,32,37,9,44.87,gardevoir-jellicent,Gardevoir Jellicent,7,9.52,overall,2026-05-25T17:12:59.762139+00:00
SVI-PFL,"47,48,49,50,51,52,53,54,55",9,yanmega-ex,Yanmega,10,32,37,9,44.87,charizard-noctowl,Charizard Noctowl,7,14.29,overall,2026-05-25T17:12:59.762139+00:00
SVI-PFL,"47,48,49,50,51,52,53,54,55",9,yanmega-ex,Yanmega,10,32,37,9,44.87,raging-bolt-ogerpon,Raging Bolt Ogerpon,6,66.67,overall,2026-05-25T17:12:59.762139+00:00
SVI-PFL,"47,48,49,50,51,52,53,54,55",9,yanmega-ex,Yanmega,10,32,37,9,44.87,n-zoroark,N's Zoroark,4,100.0,overall,2026-05-25T17:12:59.762139+00:00
SVI-PFL,"47,48,49,50,51,52,53,54,55",9,yanmega-ex,Yanmega,10,32,37,9,44.87,joltik-box,Joltik Box,4,33.33,overall,2026-05-25T17:12:59.762139+00:00
SVI-PFL,"47,48,49,50,51,52,53,54,55",9,yanmega-ex,Yanmega,10,32,37,9,44.87,grimmsnarl-froslass,Grimmsnarl Froslass,3,55.56,overall,2026-05-25T17:12:59.762139+00:00
SVI-PFL,"47,48,49,50,51,52,53,54,55",9,yanmega-ex,Yanmega,10,32,37,9,44.87,kangaskhan-bouffalant,Kangaskhan Bouffalant,3,33.33,overall,2026-05-25T17:12:59.762139+00:00
SVI-PFL,"47,48,49,50,51,52,53,54,55",9,yanmega-ex,Yanmega,10,32,37,9,44.87,slowking-scr,Slowking,2,100.0,overall,2026-05-25T17:12:59.762139+00:00
SVI-PFL,"47,48,49,50,51,52,53,54,55",9,yanmega-ex,Yanmega,10,32,37,9,44.87,tera-box,Tera Box,2,16.67,overall,2026-05-25T17:12:59.762139+00:00
SVI-PFL,"47,48,49,50,51,52,53,54,55",9,yanmega-ex,Yanmega,10,32,37,9,44.87,flareon-noctowl,Flareon Noctowl,2,50.0,overall,2026-05-25T17:12:59.762139+00:00
SVI-PFL,"47,48,49,50,51,52,53,54,55",9,yanmega-ex,Yanmega,10,32,37,9,44.87,gardevoir-ex-sv,Gardevoir,2,50.0,overall,2026-05-25T17:12:59.762139+00:00
SVI-PFL,"47,48,49,50,51,52,53,54,55",9,yanmega-ex,Yanmega,10,32,37,9,44.87,toxtricity-pfl,Toxtricity Box,1,0.0,overall,2026-05-25T17:12:59.762139+00:00
SVI-PFL,"47,48,49,50,51,52,53,54,55",9,yanmega-ex,Yanmega,10,32,37,9,44.87,charizard-pidgeot,Charizard Pidgeot,1,100.0,overall,2026-05-25T17:12:59.762139+00:00
SVI-PFL,"47,48,49,50,51,52,53,54,55",9,yanmega-ex,Yanmega,10,32,37,9,44.87,mega-venusaur-ex,Mega Venusaur,1,100.0,overall,2026-05-25T17:12:59.762139+00:00
SVI-PFL,"47,48,49,50,51,52,53,54,55",9,yanmega-ex,Yanmega,10,32,37,9,44.87,ceruledge-ex,Ceruledge,1,0.0,overall,2026-05-25T17:12:59.762139+00:00
SVI-PFL,"47,48,49,50,51,52,53,54,55",9,yanmega-ex,Yanmega,10,32,37,9,44.87,ho-oh-armarouge,Ho-Oh Armarouge,1,0.0,overall,2026-05-25T17:12:59.762139+00:00
SVI-PFL,"47,48,49,50,51,52,53,54,55",9,yanmega-ex,Yanmega,10,32,37,9,44.87,alakazam-ex,Alakazam,1,100.0,overall,2026-05-25T17:12:59.762139+00:00
SVI-PFL,"47,48,49,50,51,52,53,54,55",9,yanmega-ex,Yanmega,10,32,37,9,44.87,poison-mega-latias,Poison Latias,1,100.0,overall,2026-05-25T17:12:59.762139+00:00
SVI-PFL,"47,48,49,50,51,52,53,54,55",9,yanmega-ex,Yanmega,10,32,37,9,44.87,flareon-ex,Flareon,1,0.0,overall,2026-05-25T17:12:59.762139+00:00
SVI-PFL,"47,48,49,50,51,52,53,54,55",9,yanmega-ex,Yanmega,10,32,37,9,44.87,iron-hands-ex,Future Hands,1,100.0,overall,2026-05-25T17:12:59.762139+00:00
SVI-PFL,"47,48,49,50,51,52,53,54,55",9,yanmega-ex,Yanmega,10,32,37,9,44.87,roaring-moon-ex,Roaring Moon,1,100.0,overall,2026-05-25T17:12:59.762139+00:00
SVI-PFL,"47,48,49,50,51,52,53,54,55",9,yanmega-ex,Yanmega,10,32,37,9,44.87,other,Other,1,100.0,overall,2026-05-25T17:12:59.762139+00:00
SVI-PFL,"47,48,49,50,51,52,53,54,55",9,yanmega-ex,Yanmega,10,32,37,9,44.87,crustle-dri,Crustle,1,0.0,overall,2026-05-25T17:12:59.762139+00:00
SVI-PFL,"47,48,49,50,51,52,53,54,55",9,yanmega-ex,Yanmega,10,32,37,9,44.87,pidgeot-control,Pidgeot Control,1,100.0,overall,2026-05-25T17:12:59.762139+00:00
SVI-PFL,"47,48,49,50,51,52,53,54,55",9,yanmega-ex,Yanmega,10,32,37,9,44.87,archaludon-ex,Archaludon,1,100.0,overall,2026-05-25T17:12:59.762139+00:00
SVI-PFL,"47,48,49,50,51,52,53,54,55",9,yanmega-ex,Yanmega,10,32,37,9,44.87,mega-absol-box,Mega Absol Box,1,100.0,overall,2026-05-25T17:12:59.762139+00:00
SVI-PFL,"47,48,49,50,51,52,53,54,55",9,zoroark-crustle,Zoroark Crustle,4,9,15,6,36.67,charizard-pidgeot,Charizard Pidgeot,6,22.22,overall,2026-05-25T17:13:02.685017+00:00
SVI-PFL,"47,48,49,50,51,52,53,54,55",9,zoroark-crustle,Zoroark Crustle,4,9,15,6,36.67,dragapult-dusknoir,Dragapult Dusknoir,6,61.11,overall,2026-05-25T17:13:02.685017+00:00
SVI-PFL,"47,48,49,50,51,52,53,54,55",9,zoroark-crustle,Zoroark Crustle,4,9,15,6,36.67,ceruledge-ex,Ceruledge,2,100.0,overall,2026-05-25T17:13:02.685017+00:00
SVI-PFL,"47,48,49,50,51,52,53,54,55",9,zoroark-crustle,Zoroark Crustle,4,9,15,6,36.67,alakazam-dudunsparce,Alakazam Dudunsparce,2,16.67,overall,2026-05-25T17:13:02.685017+00:00
SVI-PFL,"47,48,49,50,51,52,53,54,55",9,zoroark-crustle,Zoroark Crustle,4,9,15,6,36.67,dragapult-ex,Dragapult,1,0.0,overall,2026-05-25T17:13:02.685017+00:00
SVI-PFL,"47,48,49,50,51,52,53,54,55",9,zoroark-crustle,Zoroark Crustle,4,9,15,6,36.67,greninja-ex,Greninja,1,0.0,overall,2026-05-25T17:13:02.685017+00:00
SVI-PFL,"47,48,49,50,51,52,53,54,55",9,zoroark-crustle,Zoroark Crustle,4,9,15,6,36.67,poison-terapagos,Poison Terapagos,1,0.0,overall,2026-05-25T17:13:02.685017+00:00
SVI-PFL,"47,48,49,50,51,52,53,54,55",9,zoroark-crustle,Zoroark Crustle,4,9,15,6,36.67,gardevoir-jellicent,Gardevoir Jellicent,1,0.0,overall,2026-05-25T17:13:02.685017+00:00
SVI-PFL,"47,48,49,50,51,52,53,54,55",9,zoroark-crustle,Zoroark Crustle,4,9,15,6,36.67,gholdengo-joltik-box,Gholdengo Joltik Box,1,100.0,overall,2026-05-25T17:13:02.685017+00:00
SVI-PFL,"47,48,49,50,51,52,53,54,55",9,zoroark-crustle,Zoroark Crustle,4,9,15,6,36.67,ethan-typhlosion,Ethan's Typhlosion,1,33.33,overall,2026-05-25T17:13:02.685017+00:00
SVI-PFL,"47,48,49,50,51,52,53,54,55",9,zoroark-crustle,Zoroark Crustle,4,9,15,6,36.67,mega-charizard-x-ex,Mega Charizard X,1,100.0,overall,2026-05-25T17:13:02.685017+00:00
SVI-PFL,"47,48,49,50,51,52,53,54,55",9,zoroark-crustle,Zoroark Crustle,4,9,15,6,36.67,tera-box,Tera Box,1,0.0,overall,2026-05-25T17:13:02.685017+00:00
SVI-PFL,"47,48,49,50,51,52,53,54,55",9,zoroark-crustle,Zoroark Crustle,4,9,15,6,36.67,grimmsnarl-froslass,Grimmsnarl Froslass,1,33.33,overall,2026-05-25T17:13:02.685017+00:00
SVI-PFL,"47,48,49,50,51,52,53,54,55",9,zoroark-crustle,Zoroark Crustle,4,9,15,6,36.67,mega-absol-box,Mega Absol Box,1,0.0,overall,2026-05-25T17:13:02.685017+00:00
SVI-PFL,"47,48,49,50,51,52,53,54,55",9,zoroark-crustle,Zoroark Crustle,4,9,15,6,36.67,kangaskhan-bouffalant,Kangaskhan Bouffalant,1,0.0,overall,2026-05-25T17:13:02.685017+00:00
SVI-PFL,"47,48,49,50,51,52,53,54,55",9,zoroark-crustle,Zoroark Crustle,4,9,15,6,36.67,gardevoir-ex-sv,Gardevoir,1,0.0,overall,2026-05-25T17:13:02.685017+00:00
SVI-PFL,"47,48,49,50,51,52,53,54,55",9,zoroark-crustle,Zoroark Crustle,4,9,15,6,36.67,gholdengo-ex,Gholdengo,1,0.0,overall,2026-05-25T17:13:02.685017+00:00
SVI-PFL,"47,48,49,50,51,52,53,54,55",9,zoroark-crustle,Zoroark Crustle,4,9,15,6,36.67,cynthia-garchomp-ex,Cynthia's Garchomp,1,100.0,overall,2026-05-25T17:13:02.685017+00:00
