meta,tournaments_used,tournament_count,my_deck_slug,my_deck_name,my_deck_player_count,my_deck_total_wins,my_deck_total_losses,my_deck_total_ties,my_deck_overall_win_pct,opponent_deck_slug,opponent_deck_name,vs_count,vs_win_pct,vs_wins,vs_losses,vs_ties,day_filter,scraped_at
SVI-DRI,34,1,alakazam-ex,Alakazam,1,2,5,1,29.17,gardevoir-ex-sv,Gardevoir,3,44.44,,,,overall,2026-05-25T16:54:10.156886+00:00
SVI-DRI,34,1,alakazam-ex,Alakazam,1,2,5,1,29.17,roaring-moon-ex,Roaring Moon,2,0.0,,,,overall,2026-05-25T16:54:10.156886+00:00
SVI-DRI,34,1,alakazam-ex,Alakazam,1,2,5,1,29.17,charizard-pidgeot,Charizard Pidgeot,1,0.0,,,,overall,2026-05-25T16:54:10.156886+00:00
SVI-DRI,34,1,alakazam-ex,Alakazam,1,2,5,1,29.17,dragapult-charizard,Dragapult Charizard,1,100.0,,,,overall,2026-05-25T16:54:10.156886+00:00
SVI-DRI,34,1,alakazam-ex,Alakazam,1,2,5,1,29.17,raging-bolt-ogerpon,Raging Bolt Ogerpon,1,0.0,,,,overall,2026-05-25T16:54:10.156886+00:00
SVI-DRI,34,1,archaludon-ex,Archaludon,23,69,81,23,44.32,raging-bolt-ogerpon,Raging Bolt Ogerpon,30,56.67,,,,overall,2026-05-25T16:54:12.157172+00:00
SVI-DRI,34,1,archaludon-ex,Archaludon,23,69,81,23,44.32,joltik-box,Joltik Box,19,38.6,,,,overall,2026-05-25T16:54:12.157172+00:00
SVI-DRI,34,1,archaludon-ex,Archaludon,23,69,81,23,44.32,gardevoir-ex-sv,Gardevoir,17,35.29,,,,overall,2026-05-25T16:54:12.157172+00:00
SVI-DRI,34,1,archaludon-ex,Archaludon,23,69,81,23,44.32,grimmsnarl-froslass,Grimmsnarl Froslass,15,42.22,,,,overall,2026-05-25T16:54:12.157172+00:00
SVI-DRI,34,1,archaludon-ex,Archaludon,23,69,81,23,44.32,dragapult-charizard,Dragapult Charizard,12,52.78,,,,overall,2026-05-25T16:54:12.157172+00:00
SVI-DRI,34,1,archaludon-ex,Archaludon,23,69,81,23,44.32,gholdengo-ex,Gholdengo,12,36.11,,,,overall,2026-05-25T16:54:12.157172+00:00
SVI-DRI,34,1,archaludon-ex,Archaludon,23,69,81,23,44.32,dragapult-dusknoir,Dragapult Dusknoir,9,48.15,,,,overall,2026-05-25T16:54:12.157172+00:00
SVI-DRI,34,1,archaludon-ex,Archaludon,23,69,81,23,44.32,gholdengo-dragapult,Gholdengo Dragapult,9,0.0,,,,overall,2026-05-25T16:54:12.157172+00:00
SVI-DRI,34,1,archaludon-ex,Archaludon,23,69,81,23,44.32,flareon-noctowl,Flareon Noctowl,7,85.71,,,,overall,2026-05-25T16:54:12.157172+00:00
SVI-DRI,34,1,archaludon-ex,Archaludon,23,69,81,23,44.32,dragapult-ex,Dragapult,5,60.0,,,,overall,2026-05-25T16:54:12.157172+00:00
SVI-DRI,34,1,archaludon-ex,Archaludon,23,69,81,23,44.32,ethan-typhlosion,Ethan's Typhlosion,4,83.33,,,,overall,2026-05-25T16:54:12.157172+00:00
SVI-DRI,34,1,archaludon-ex,Archaludon,23,69,81,23,44.32,ho-oh-armarouge,Ho-Oh Armarouge,3,44.44,,,,overall,2026-05-25T16:54:12.157172+00:00
SVI-DRI,34,1,archaludon-ex,Archaludon,23,69,81,23,44.32,ceruledge-ex,Ceruledge,3,66.67,,,,overall,2026-05-25T16:54:12.157172+00:00
SVI-DRI,34,1,archaludon-ex,Archaludon,23,69,81,23,44.32,blaziken-ex-jtg,Blaziken,3,33.33,,,,overall,2026-05-25T16:54:12.157172+00:00
SVI-DRI,34,1,archaludon-ex,Archaludon,23,69,81,23,44.32,charizard-pidgeot,Charizard Pidgeot,2,16.67,,,,overall,2026-05-25T16:54:12.157172+00:00
SVI-DRI,34,1,archaludon-ex,Archaludon,23,69,81,23,44.32,hop-zacian,Hop's Zacian,2,0.0,,,,overall,2026-05-25T16:54:12.157172+00:00
SVI-DRI,34,1,archaludon-ex,Archaludon,23,69,81,23,44.32,n-zoroark,N's Zoroark,2,0.0,,,,overall,2026-05-25T16:54:12.157172+00:00
SVI-DRI,34,1,archaludon-ex,Archaludon,23,69,81,23,44.32,cynthia-garchomp-ex,Cynthia's Garchomp,2,0.0,,,,overall,2026-05-25T16:54:12.157172+00:00
SVI-DRI,34,1,archaludon-ex,Archaludon,23,69,81,23,44.32,roaring-moon-ex,Roaring Moon,2,16.67,,,,overall,2026-05-25T16:54:12.157172+00:00
SVI-DRI,34,1,archaludon-ex,Archaludon,23,69,81,23,44.32,blissey-ex,Blissey,2,16.67,,,,overall,2026-05-25T16:54:12.157172+00:00
SVI-DRI,34,1,archaludon-ex,Archaludon,23,69,81,23,44.32,yanmega-ex,Yanmega,1,100.0,,,,overall,2026-05-25T16:54:12.157172+00:00
SVI-DRI,34,1,archaludon-ex,Archaludon,23,69,81,23,44.32,banette-ex-sv,Banette,1,100.0,,,,overall,2026-05-25T16:54:12.157172+00:00
SVI-DRI,34,1,archaludon-ex,Archaludon,23,69,81,23,44.32,poison-archaludon,Poison Archaludon,1,100.0,,,,overall,2026-05-25T16:54:12.157172+00:00
SVI-DRI,34,1,archaludon-ex,Archaludon,23,69,81,23,44.32,other,Other,1,100.0,,,,overall,2026-05-25T16:54:12.157172+00:00
SVI-DRI,34,1,archaludon-ex,Archaludon,23,69,81,23,44.32,okidogi-twm,Okidogi,1,33.33,,,,overall,2026-05-25T16:54:12.157172+00:00
SVI-DRI,34,1,archaludon-ex,Archaludon,23,69,81,23,44.32,flareon-ex,Flareon,1,0.0,,,,overall,2026-05-25T16:54:12.157172+00:00
SVI-DRI,34,1,archaludon-ex,Archaludon,23,69,81,23,44.32,miraidon-ex,Miraidon,1,100.0,,,,overall,2026-05-25T16:54:12.157172+00:00
SVI-DRI,34,1,archaludon-ex,Archaludon,23,69,81,23,44.32,hydrapple-ogerpon,Hydrapple Ogerpon,1,0.0,,,,overall,2026-05-25T16:54:12.157172+00:00
SVI-DRI,34,1,archaludon-ex,Archaludon,23,69,81,23,44.32,rocket-nidoking-ex,Rocket's Nidoking,1,100.0,,,,overall,2026-05-25T16:54:12.157172+00:00
SVI-DRI,34,1,archaludon-ex,Archaludon,23,69,81,23,44.32,froslass-munkidori,Froslass Munkidori,1,0.0,,,,overall,2026-05-25T16:54:12.157172+00:00
SVI-DRI,34,1,archaludon-ex,Archaludon,23,69,81,23,44.32,rocket-spidops,Rocket's Spidops,1,0.0,,,,overall,2026-05-25T16:54:12.157172+00:00
SVI-DRI,34,1,archaludon-ex,Archaludon,23,69,81,23,44.32,iron-thorns-crustle,Iron Thorns Crustle,1,100.0,,,,overall,2026-05-25T16:54:12.157172+00:00
SVI-DRI,34,1,archaludon-zoroark,Archaludon Zoroark,6,26,20,7,53.46,grimmsnarl-froslass,Grimmsnarl Froslass,8,50.0,,,,overall,2026-05-25T16:54:14.144923+00:00
SVI-DRI,34,1,archaludon-zoroark,Archaludon Zoroark,6,26,20,7,53.46,raging-bolt-ogerpon,Raging Bolt Ogerpon,8,58.33,,,,overall,2026-05-25T16:54:14.144923+00:00
SVI-DRI,34,1,archaludon-zoroark,Archaludon Zoroark,6,26,20,7,53.46,dragapult-dusknoir,Dragapult Dusknoir,6,11.11,,,,overall,2026-05-25T16:54:14.144923+00:00
SVI-DRI,34,1,archaludon-zoroark,Archaludon Zoroark,6,26,20,7,53.46,dragapult-charizard,Dragapult Charizard,4,50.0,,,,overall,2026-05-25T16:54:14.144923+00:00
SVI-DRI,34,1,archaludon-zoroark,Archaludon Zoroark,6,26,20,7,53.46,joltik-box,Joltik Box,4,25.0,,,,overall,2026-05-25T16:54:14.144923+00:00
SVI-DRI,34,1,archaludon-zoroark,Archaludon Zoroark,6,26,20,7,53.46,dragapult-ex,Dragapult,3,11.11,,,,overall,2026-05-25T16:54:14.144923+00:00
SVI-DRI,34,1,archaludon-zoroark,Archaludon Zoroark,6,26,20,7,53.46,rocket-spidops,Rocket's Spidops,3,77.78,,,,overall,2026-05-25T16:54:14.144923+00:00
SVI-DRI,34,1,archaludon-zoroark,Archaludon Zoroark,6,26,20,7,53.46,gholdengo-dragapult,Gholdengo Dragapult,3,100.0,,,,overall,2026-05-25T16:54:14.144923+00:00
SVI-DRI,34,1,archaludon-zoroark,Archaludon Zoroark,6,26,20,7,53.46,cynthia-garchomp-ex,Cynthia's Garchomp,2,50.0,,,,overall,2026-05-25T16:54:14.144923+00:00
SVI-DRI,34,1,archaludon-zoroark,Archaludon Zoroark,6,26,20,7,53.46,gardevoir-ex-sv,Gardevoir,2,50.0,,,,overall,2026-05-25T16:54:14.144923+00:00
SVI-DRI,34,1,archaludon-zoroark,Archaludon Zoroark,6,26,20,7,53.46,flareon-noctowl,Flareon Noctowl,2,100.0,,,,overall,2026-05-25T16:54:14.144923+00:00
SVI-DRI,34,1,archaludon-zoroark,Archaludon Zoroark,6,26,20,7,53.46,toedscruel-ex,Toedscruel,2,100.0,,,,overall,2026-05-25T16:54:14.144923+00:00
SVI-DRI,34,1,archaludon-zoroark,Archaludon Zoroark,6,26,20,7,53.46,ogerpon-ex,Ogerpon,1,0.0,,,,overall,2026-05-25T16:54:14.144923+00:00
SVI-DRI,34,1,archaludon-zoroark,Archaludon Zoroark,6,26,20,7,53.46,gholdengo-ex,Gholdengo,1,33.33,,,,overall,2026-05-25T16:54:14.144923+00:00
SVI-DRI,34,1,archaludon-zoroark,Archaludon Zoroark,6,26,20,7,53.46,roaring-moon-ex,Roaring Moon,1,100.0,,,,overall,2026-05-25T16:54:14.144923+00:00
SVI-DRI,34,1,archaludon-zoroark,Archaludon Zoroark,6,26,20,7,53.46,n-zoroark,N's Zoroark,1,100.0,,,,overall,2026-05-25T16:54:14.144923+00:00
SVI-DRI,34,1,archaludon-zoroark,Archaludon Zoroark,6,26,20,7,53.46,chien-pao-baxcalibur,Chien-Pao Baxcalibur,1,100.0,,,,overall,2026-05-25T16:54:14.144923+00:00
SVI-DRI,34,1,archaludon-zoroark,Archaludon Zoroark,6,26,20,7,53.46,other,Other,1,100.0,,,,overall,2026-05-25T16:54:14.144923+00:00
SVI-DRI,34,1,azumarill-ssp,Azumarill,2,2,8,2,22.22,gardevoir-ex-sv,Gardevoir,3,11.11,,,,overall,2026-05-25T16:54:16.092890+00:00
SVI-DRI,34,1,azumarill-ssp,Azumarill,2,2,8,2,22.22,grimmsnarl-froslass,Grimmsnarl Froslass,2,50.0,,,,overall,2026-05-25T16:54:16.092890+00:00
SVI-DRI,34,1,azumarill-ssp,Azumarill,2,2,8,2,22.22,raging-bolt-ogerpon,Raging Bolt Ogerpon,2,16.67,,,,overall,2026-05-25T16:54:16.092890+00:00
SVI-DRI,34,1,azumarill-ssp,Azumarill,2,2,8,2,22.22,yanmega-ex,Yanmega,1,0.0,,,,overall,2026-05-25T16:54:16.092890+00:00
SVI-DRI,34,1,azumarill-ssp,Azumarill,2,2,8,2,22.22,joltik-box,Joltik Box,1,0.0,,,,overall,2026-05-25T16:54:16.092890+00:00
SVI-DRI,34,1,azumarill-ssp,Azumarill,2,2,8,2,22.22,okidogi-ex,Okidogi,1,0.0,,,,overall,2026-05-25T16:54:16.092890+00:00
SVI-DRI,34,1,azumarill-ssp,Azumarill,2,2,8,2,22.22,milotic-farigiraf,Milotic Farigiraf,1,0.0,,,,overall,2026-05-25T16:54:16.092890+00:00
SVI-DRI,34,1,banette-ex-sv,Banette,1,5,3,1,59.26,grimmsnarl-froslass,Grimmsnarl Froslass,3,66.67,,,,overall,2026-05-25T16:54:18.046597+00:00
SVI-DRI,34,1,banette-ex-sv,Banette,1,5,3,1,59.26,ethan-typhlosion,Ethan's Typhlosion,1,100.0,,,,overall,2026-05-25T16:54:18.046597+00:00
SVI-DRI,34,1,banette-ex-sv,Banette,1,5,3,1,59.26,archaludon-ex,Archaludon,1,0.0,,,,overall,2026-05-25T16:54:18.046597+00:00
SVI-DRI,34,1,banette-ex-sv,Banette,1,5,3,1,59.26,rocket-mewtwo-ex,Rocket's Mewtwo,1,33.33,,,,overall,2026-05-25T16:54:18.046597+00:00
SVI-DRI,34,1,banette-ex-sv,Banette,1,5,3,1,59.26,gholdengo-ex,Gholdengo,1,100.0,,,,overall,2026-05-25T16:54:18.046597+00:00
SVI-DRI,34,1,banette-ex-sv,Banette,1,5,3,1,59.26,dragapult-dusknoir,Dragapult Dusknoir,1,100.0,,,,overall,2026-05-25T16:54:18.046597+00:00
SVI-DRI,34,1,banette-ex-sv,Banette,1,5,3,1,59.26,flareon-noctowl,Flareon Noctowl,1,0.0,,,,overall,2026-05-25T16:54:18.046597+00:00
SVI-DRI,34,1,blaziken-ex-jtg,Blaziken,7,16,26,6,37.5,raging-bolt-ogerpon,Raging Bolt Ogerpon,8,25.0,,,,overall,2026-05-25T16:54:20.006240+00:00
SVI-DRI,34,1,blaziken-ex-jtg,Blaziken,7,16,26,6,37.5,grimmsnarl-froslass,Grimmsnarl Froslass,7,38.1,,,,overall,2026-05-25T16:54:20.006240+00:00
SVI-DRI,34,1,blaziken-ex-jtg,Blaziken,7,16,26,6,37.5,dragapult-dusknoir,Dragapult Dusknoir,6,0.0,,,,overall,2026-05-25T16:54:20.006240+00:00
SVI-DRI,34,1,blaziken-ex-jtg,Blaziken,7,16,26,6,37.5,gardevoir-ex-sv,Gardevoir,5,60.0,,,,overall,2026-05-25T16:54:20.006240+00:00
SVI-DRI,34,1,blaziken-ex-jtg,Blaziken,7,16,26,6,37.5,dragapult-ex,Dragapult,3,33.33,,,,overall,2026-05-25T16:54:20.006240+00:00
SVI-DRI,34,1,blaziken-ex-jtg,Blaziken,7,16,26,6,37.5,gholdengo-dragapult,Gholdengo Dragapult,3,33.33,,,,overall,2026-05-25T16:54:20.006240+00:00
SVI-DRI,34,1,blaziken-ex-jtg,Blaziken,7,16,26,6,37.5,archaludon-ex,Archaludon,3,66.67,,,,overall,2026-05-25T16:54:20.006240+00:00
SVI-DRI,34,1,blaziken-ex-jtg,Blaziken,7,16,26,6,37.5,joltik-box,Joltik Box,3,66.67,,,,overall,2026-05-25T16:54:20.006240+00:00
SVI-DRI,34,1,blaziken-ex-jtg,Blaziken,7,16,26,6,37.5,yanmega-ex,Yanmega,2,50.0,,,,overall,2026-05-25T16:54:20.006240+00:00
SVI-DRI,34,1,blaziken-ex-jtg,Blaziken,7,16,26,6,37.5,gholdengo-ex,Gholdengo,2,66.67,,,,overall,2026-05-25T16:54:20.006240+00:00
SVI-DRI,34,1,blaziken-ex-jtg,Blaziken,7,16,26,6,37.5,milotic-farigiraf,Milotic Farigiraf,1,100.0,,,,overall,2026-05-25T16:54:20.006240+00:00
SVI-DRI,34,1,blaziken-ex-jtg,Blaziken,7,16,26,6,37.5,flareon-ex,Flareon,1,0.0,,,,overall,2026-05-25T16:54:20.006240+00:00
SVI-DRI,34,1,blaziken-ex-jtg,Blaziken,7,16,26,6,37.5,cynthia-garchomp-ex,Cynthia's Garchomp,1,0.0,,,,overall,2026-05-25T16:54:20.006240+00:00
SVI-DRI,34,1,blaziken-ex-jtg,Blaziken,7,16,26,6,37.5,dragapult-charizard,Dragapult Charizard,1,0.0,,,,overall,2026-05-25T16:54:20.006240+00:00
SVI-DRI,34,1,blaziken-ex-jtg,Blaziken,7,16,26,6,37.5,iron-thorns-crustle,Iron Thorns Crustle,1,0.0,,,,overall,2026-05-25T16:54:20.006240+00:00
SVI-DRI,34,1,blaziken-ex-jtg,Blaziken,7,16,26,6,37.5,flareon-noctowl,Flareon Noctowl,1,100.0,,,,overall,2026-05-25T16:54:20.006240+00:00
SVI-DRI,34,1,blaziken-zoroark,Blaziken Zoroark,6,15,17,12,43.18,grimmsnarl-froslass,Grimmsnarl Froslass,7,28.57,,,,overall,2026-05-25T16:54:21.970982+00:00
SVI-DRI,34,1,blaziken-zoroark,Blaziken Zoroark,6,15,17,12,43.18,joltik-box,Joltik Box,5,20.0,,,,overall,2026-05-25T16:54:21.970982+00:00
SVI-DRI,34,1,blaziken-zoroark,Blaziken Zoroark,6,15,17,12,43.18,raging-bolt-ogerpon,Raging Bolt Ogerpon,5,53.33,,,,overall,2026-05-25T16:54:21.970982+00:00
SVI-DRI,34,1,blaziken-zoroark,Blaziken Zoroark,6,15,17,12,43.18,gardevoir-ex-sv,Gardevoir,5,80.0,,,,overall,2026-05-25T16:54:21.970982+00:00
SVI-DRI,34,1,blaziken-zoroark,Blaziken Zoroark,6,15,17,12,43.18,dragapult-dusknoir,Dragapult Dusknoir,4,16.67,,,,overall,2026-05-25T16:54:21.970982+00:00
SVI-DRI,34,1,blaziken-zoroark,Blaziken Zoroark,6,15,17,12,43.18,gholdengo-ex,Gholdengo,4,75.0,,,,overall,2026-05-25T16:54:21.970982+00:00
SVI-DRI,34,1,blaziken-zoroark,Blaziken Zoroark,6,15,17,12,43.18,dragapult-charizard,Dragapult Charizard,3,44.44,,,,overall,2026-05-25T16:54:21.970982+00:00
SVI-DRI,34,1,blaziken-zoroark,Blaziken Zoroark,6,15,17,12,43.18,dragapult-ex,Dragapult,3,44.44,,,,overall,2026-05-25T16:54:21.970982+00:00
SVI-DRI,34,1,blaziken-zoroark,Blaziken Zoroark,6,15,17,12,43.18,cynthia-garchomp-ex,Cynthia's Garchomp,1,0.0,,,,overall,2026-05-25T16:54:21.970982+00:00
SVI-DRI,34,1,blaziken-zoroark,Blaziken Zoroark,6,15,17,12,43.18,rocket-mewtwo-ex,Rocket's Mewtwo,1,100.0,,,,overall,2026-05-25T16:54:21.970982+00:00
SVI-DRI,34,1,blaziken-zoroark,Blaziken Zoroark,6,15,17,12,43.18,feraligatr-tef,Feraligatr,1,0.0,,,,overall,2026-05-25T16:54:21.970982+00:00
SVI-DRI,34,1,blaziken-zoroark,Blaziken Zoroark,6,15,17,12,43.18,ho-oh-armarouge,Ho-Oh Armarouge,1,33.33,,,,overall,2026-05-25T16:54:21.970982+00:00
SVI-DRI,34,1,blaziken-zoroark,Blaziken Zoroark,6,15,17,12,43.18,iron-hands-ex,Future Hands,1,33.33,,,,overall,2026-05-25T16:54:21.970982+00:00
SVI-DRI,34,1,blaziken-zoroark,Blaziken Zoroark,6,15,17,12,43.18,dragapult-pidgeot,Dragapult Pidgeot,1,33.33,,,,overall,2026-05-25T16:54:21.970982+00:00
SVI-DRI,34,1,blaziken-zoroark,Blaziken Zoroark,6,15,17,12,43.18,flareon-noctowl,Flareon Noctowl,1,100.0,,,,overall,2026-05-25T16:54:21.970982+00:00
SVI-DRI,34,1,blaziken-zoroark,Blaziken Zoroark,6,15,17,12,43.18,milotic-farigiraf,Milotic Farigiraf,1,0.0,,,,overall,2026-05-25T16:54:21.970982+00:00
SVI-DRI,34,1,blissey-ex,Blissey,10,28,35,14,42.42,raging-bolt-ogerpon,Raging Bolt Ogerpon,15,55.56,,,,overall,2026-05-25T16:54:23.932520+00:00
SVI-DRI,34,1,blissey-ex,Blissey,10,28,35,14,42.42,gardevoir-ex-sv,Gardevoir,14,23.81,,,,overall,2026-05-25T16:54:23.932520+00:00
SVI-DRI,34,1,blissey-ex,Blissey,10,28,35,14,42.42,dragapult-charizard,Dragapult Charizard,8,45.83,,,,overall,2026-05-25T16:54:23.932520+00:00
SVI-DRI,34,1,blissey-ex,Blissey,10,28,35,14,42.42,flareon-noctowl,Flareon Noctowl,6,38.89,,,,overall,2026-05-25T16:54:23.932520+00:00
SVI-DRI,34,1,blissey-ex,Blissey,10,28,35,14,42.42,joltik-box,Joltik Box,6,16.67,,,,overall,2026-05-25T16:54:23.932520+00:00
SVI-DRI,34,1,blissey-ex,Blissey,10,28,35,14,42.42,grimmsnarl-froslass,Grimmsnarl Froslass,5,53.33,,,,overall,2026-05-25T16:54:23.932520+00:00
SVI-DRI,34,1,blissey-ex,Blissey,10,28,35,14,42.42,dragapult-ex,Dragapult,3,100.0,,,,overall,2026-05-25T16:54:23.932520+00:00
SVI-DRI,34,1,blissey-ex,Blissey,10,28,35,14,42.42,dragapult-dusknoir,Dragapult Dusknoir,3,44.44,,,,overall,2026-05-25T16:54:23.932520+00:00
SVI-DRI,34,1,blissey-ex,Blissey,10,28,35,14,42.42,roaring-moon-ex,Roaring Moon,2,0.0,,,,overall,2026-05-25T16:54:23.932520+00:00
SVI-DRI,34,1,blissey-ex,Blissey,10,28,35,14,42.42,rocket-spidops,Rocket's Spidops,2,66.67,,,,overall,2026-05-25T16:54:23.932520+00:00
SVI-DRI,34,1,blissey-ex,Blissey,10,28,35,14,42.42,archaludon-ex,Archaludon,2,66.67,,,,overall,2026-05-25T16:54:23.932520+00:00
SVI-DRI,34,1,blissey-ex,Blissey,10,28,35,14,42.42,hydrapple-ogerpon,Hydrapple Ogerpon,2,50.0,,,,overall,2026-05-25T16:54:23.932520+00:00
SVI-DRI,34,1,blissey-ex,Blissey,10,28,35,14,42.42,charizard-pidgeot,Charizard Pidgeot,1,100.0,,,,overall,2026-05-25T16:54:23.932520+00:00
SVI-DRI,34,1,blissey-ex,Blissey,10,28,35,14,42.42,charizard-dusknoir,Charizard Dusknoir,1,0.0,,,,overall,2026-05-25T16:54:23.932520+00:00
SVI-DRI,34,1,blissey-ex,Blissey,10,28,35,14,42.42,gholdengo-ex,Gholdengo,1,0.0,,,,overall,2026-05-25T16:54:23.932520+00:00
SVI-DRI,34,1,blissey-ex,Blissey,10,28,35,14,42.42,okidogi-ex,Okidogi,1,100.0,,,,overall,2026-05-25T16:54:23.932520+00:00
SVI-DRI,34,1,blissey-ex,Blissey,10,28,35,14,42.42,cynthia-garchomp-ex,Cynthia's Garchomp,1,0.0,,,,overall,2026-05-25T16:54:23.932520+00:00
SVI-DRI,34,1,blissey-ex,Blissey,10,28,35,14,42.42,mamoswine-ex,Mamoswine,1,0.0,,,,overall,2026-05-25T16:54:23.932520+00:00
SVI-DRI,34,1,blissey-ex,Blissey,10,28,35,14,42.42,tera-box,Tera Box,1,100.0,,,,overall,2026-05-25T16:54:23.932520+00:00
SVI-DRI,34,1,blissey-ex,Blissey,10,28,35,14,42.42,toedscruel-ex,Toedscruel,1,33.33,,,,overall,2026-05-25T16:54:23.932520+00:00
SVI-DRI,34,1,blissey-ex,Blissey,10,28,35,14,42.42,palafin-ex,Palafin,1,0.0,,,,overall,2026-05-25T16:54:23.932520+00:00
SVI-DRI,34,1,ceruledge-ex,Ceruledge,35,118,113,34,48.81,raging-bolt-ogerpon,Raging Bolt Ogerpon,44,34.09,,,,overall,2026-05-25T16:54:25.899697+00:00
SVI-DRI,34,1,ceruledge-ex,Ceruledge,35,118,113,34,48.81,grimmsnarl-froslass,Grimmsnarl Froslass,32,39.58,,,,overall,2026-05-25T16:54:25.899697+00:00
SVI-DRI,34,1,ceruledge-ex,Ceruledge,35,118,113,34,48.81,gardevoir-ex-sv,Gardevoir,28,48.81,,,,overall,2026-05-25T16:54:25.899697+00:00
SVI-DRI,34,1,ceruledge-ex,Ceruledge,35,118,113,34,48.81,joltik-box,Joltik Box,22,60.61,,,,overall,2026-05-25T16:54:25.899697+00:00
SVI-DRI,34,1,ceruledge-ex,Ceruledge,35,118,113,34,48.81,dragapult-charizard,Dragapult Charizard,21,60.32,,,,overall,2026-05-25T16:54:25.899697+00:00
SVI-DRI,34,1,ceruledge-ex,Ceruledge,35,118,113,34,48.81,flareon-noctowl,Flareon Noctowl,19,45.61,,,,overall,2026-05-25T16:54:25.899697+00:00
SVI-DRI,34,1,ceruledge-ex,Ceruledge,35,118,113,34,48.81,dragapult-dusknoir,Dragapult Dusknoir,16,58.33,,,,overall,2026-05-25T16:54:25.899697+00:00
SVI-DRI,34,1,ceruledge-ex,Ceruledge,35,118,113,34,48.81,gholdengo-dragapult,Gholdengo Dragapult,14,59.52,,,,overall,2026-05-25T16:54:25.899697+00:00
SVI-DRI,34,1,ceruledge-ex,Ceruledge,35,118,113,34,48.81,gholdengo-ex,Gholdengo,7,85.71,,,,overall,2026-05-25T16:54:25.899697+00:00
SVI-DRI,34,1,ceruledge-ex,Ceruledge,35,118,113,34,48.81,ethan-typhlosion,Ethan's Typhlosion,7,38.1,,,,overall,2026-05-25T16:54:25.899697+00:00
SVI-DRI,34,1,ceruledge-ex,Ceruledge,35,118,113,34,48.81,ho-oh-armarouge,Ho-Oh Armarouge,4,50.0,,,,overall,2026-05-25T16:54:25.899697+00:00
SVI-DRI,34,1,ceruledge-ex,Ceruledge,35,118,113,34,48.81,cynthia-garchomp-ex,Cynthia's Garchomp,4,25.0,,,,overall,2026-05-25T16:54:25.899697+00:00
SVI-DRI,34,1,ceruledge-ex,Ceruledge,35,118,113,34,48.81,ceruledge-ex,Ceruledge,3,50.0,,,,overall,2026-05-25T16:54:25.899697+00:00
SVI-DRI,34,1,ceruledge-ex,Ceruledge,35,118,113,34,48.81,froslass-munkidori,Froslass Munkidori,3,66.67,,,,overall,2026-05-25T16:54:25.899697+00:00
SVI-DRI,34,1,ceruledge-ex,Ceruledge,35,118,113,34,48.81,archaludon-ex,Archaludon,3,33.33,,,,overall,2026-05-25T16:54:25.899697+00:00
SVI-DRI,34,1,ceruledge-ex,Ceruledge,35,118,113,34,48.81,dragapult-ex,Dragapult,3,33.33,,,,overall,2026-05-25T16:54:25.899697+00:00
SVI-DRI,34,1,ceruledge-ex,Ceruledge,35,118,113,34,48.81,rocket-spidops,Rocket's Spidops,3,0.0,,,,overall,2026-05-25T16:54:25.899697+00:00
SVI-DRI,34,1,ceruledge-ex,Ceruledge,35,118,113,34,48.81,charizard-pidgeot,Charizard Pidgeot,3,77.78,,,,overall,2026-05-25T16:54:25.899697+00:00
SVI-DRI,34,1,ceruledge-ex,Ceruledge,35,118,113,34,48.81,roaring-moon-dudunsparce,Roaring Moon Dudunsparce,2,66.67,,,,overall,2026-05-25T16:54:25.899697+00:00
SVI-DRI,34,1,ceruledge-ex,Ceruledge,35,118,113,34,48.81,roaring-moon-ex,Roaring Moon,2,16.67,,,,overall,2026-05-25T16:54:25.899697+00:00
SVI-DRI,34,1,ceruledge-ex,Ceruledge,35,118,113,34,48.81,dragapult-pidgeot,Dragapult Pidgeot,2,50.0,,,,overall,2026-05-25T16:54:25.899697+00:00
SVI-DRI,34,1,ceruledge-ex,Ceruledge,35,118,113,34,48.81,yanmega-ex,Yanmega,2,66.67,,,,overall,2026-05-25T16:54:25.899697+00:00
SVI-DRI,34,1,ceruledge-ex,Ceruledge,35,118,113,34,48.81,other,Other,2,50.0,,,,overall,2026-05-25T16:54:25.899697+00:00
SVI-DRI,34,1,ceruledge-ex,Ceruledge,35,118,113,34,48.81,festival-lead,Festival Lead,1,0.0,,,,overall,2026-05-25T16:54:25.899697+00:00
SVI-DRI,34,1,ceruledge-ex,Ceruledge,35,118,113,34,48.81,n-zoroark,N's Zoroark,1,33.33,,,,overall,2026-05-25T16:54:25.899697+00:00
SVI-DRI,34,1,ceruledge-ex,Ceruledge,35,118,113,34,48.81,marnie-grimmsnarl-ex,Marnie's Grimmsnarl,1,0.0,,,,overall,2026-05-25T16:54:25.899697+00:00
SVI-DRI,34,1,ceruledge-ex,Ceruledge,35,118,113,34,48.81,flareon-ex,Flareon,1,0.0,,,,overall,2026-05-25T16:54:25.899697+00:00
SVI-DRI,34,1,ceruledge-ex,Ceruledge,35,118,113,34,48.81,tyranitar-jtg,Tyranitar,1,100.0,,,,overall,2026-05-25T16:54:25.899697+00:00
SVI-DRI,34,1,ceruledge-ex,Ceruledge,35,118,113,34,48.81,charizard-dusknoir,Charizard Dusknoir,1,33.33,,,,overall,2026-05-25T16:54:25.899697+00:00
SVI-DRI,34,1,ceruledge-ex,Ceruledge,35,118,113,34,48.81,flygon-ex-ssp,Flygon,1,100.0,,,,overall,2026-05-25T16:54:25.899697+00:00
SVI-DRI,34,1,ceruledge-ex,Ceruledge,35,118,113,34,48.81,dragapult-froslass,Dragapult Froslass,1,100.0,,,,overall,2026-05-25T16:54:25.899697+00:00
SVI-DRI,34,1,ceruledge-ex,Ceruledge,35,118,113,34,48.81,hydrapple-ogerpon,Hydrapple Ogerpon,1,100.0,,,,overall,2026-05-25T16:54:25.899697+00:00
SVI-DRI,34,1,ceruledge-ex,Ceruledge,35,118,113,34,48.81,tera-box,Tera Box,1,100.0,,,,overall,2026-05-25T16:54:25.899697+00:00
SVI-DRI,34,1,ceruledge-ex,Ceruledge,35,118,113,34,48.81,mamoswine-ex,Mamoswine,1,100.0,,,,overall,2026-05-25T16:54:25.899697+00:00
SVI-DRI,34,1,ceruledge-ex,Ceruledge,35,118,113,34,48.81,sinistcha-ogerpon,Sinistcha Ogerpon,1,100.0,,,,overall,2026-05-25T16:54:25.899697+00:00
SVI-DRI,34,1,ceruledge-ex,Ceruledge,35,118,113,34,48.81,rocket-mewtwo-ex,Rocket's Mewtwo,1,100.0,,,,overall,2026-05-25T16:54:25.899697+00:00
SVI-DRI,34,1,ceruledge-ex,Ceruledge,35,118,113,34,48.81,chien-pao-baxcalibur,Chien-Pao Baxcalibur,1,0.0,,,,overall,2026-05-25T16:54:25.899697+00:00
SVI-DRI,34,1,ceruledge-ex,Ceruledge,35,118,113,34,48.81,ogerpon-ex,Ogerpon,1,0.0,,,,overall,2026-05-25T16:54:25.899697+00:00
SVI-DRI,34,1,ceruledge-ex,Ceruledge,35,118,113,34,48.81,future-box,Future Box,1,100.0,,,,overall,2026-05-25T16:54:25.899697+00:00
SVI-DRI,34,1,charizard-dusknoir,Charizard Dusknoir,8,27,31,7,45.13,joltik-box,Joltik Box,8,37.5,,,,overall,2026-05-25T16:54:27.900228+00:00
SVI-DRI,34,1,charizard-dusknoir,Charizard Dusknoir,8,27,31,7,45.13,grimmsnarl-froslass,Grimmsnarl Froslass,7,28.57,,,,overall,2026-05-25T16:54:27.900228+00:00
SVI-DRI,34,1,charizard-dusknoir,Charizard Dusknoir,8,27,31,7,45.13,raging-bolt-ogerpon,Raging Bolt Ogerpon,6,33.33,,,,overall,2026-05-25T16:54:27.900228+00:00
SVI-DRI,34,1,charizard-dusknoir,Charizard Dusknoir,8,27,31,7,45.13,gardevoir-ex-sv,Gardevoir,5,46.67,,,,overall,2026-05-25T16:54:27.900228+00:00
SVI-DRI,34,1,charizard-dusknoir,Charizard Dusknoir,8,27,31,7,45.13,dragapult-dusknoir,Dragapult Dusknoir,5,40.0,,,,overall,2026-05-25T16:54:27.900228+00:00
SVI-DRI,34,1,charizard-dusknoir,Charizard Dusknoir,8,27,31,7,45.13,flareon-noctowl,Flareon Noctowl,5,40.0,,,,overall,2026-05-25T16:54:27.900228+00:00
SVI-DRI,34,1,charizard-dusknoir,Charizard Dusknoir,8,27,31,7,45.13,dragapult-charizard,Dragapult Charizard,5,26.67,,,,overall,2026-05-25T16:54:27.900228+00:00
SVI-DRI,34,1,charizard-dusknoir,Charizard Dusknoir,8,27,31,7,45.13,gholdengo-ex,Gholdengo,4,58.33,,,,overall,2026-05-25T16:54:27.900228+00:00
SVI-DRI,34,1,charizard-dusknoir,Charizard Dusknoir,8,27,31,7,45.13,dragapult-ex,Dragapult,3,66.67,,,,overall,2026-05-25T16:54:27.900228+00:00
SVI-DRI,34,1,charizard-dusknoir,Charizard Dusknoir,8,27,31,7,45.13,cynthia-garchomp-ex,Cynthia's Garchomp,2,100.0,,,,overall,2026-05-25T16:54:27.900228+00:00
SVI-DRI,34,1,charizard-dusknoir,Charizard Dusknoir,8,27,31,7,45.13,gholdengo-dragapult,Gholdengo Dragapult,2,50.0,,,,overall,2026-05-25T16:54:27.900228+00:00
SVI-DRI,34,1,charizard-dusknoir,Charizard Dusknoir,8,27,31,7,45.13,ethan-typhlosion,Ethan's Typhlosion,2,66.67,,,,overall,2026-05-25T16:54:27.900228+00:00
SVI-DRI,34,1,charizard-dusknoir,Charizard Dusknoir,8,27,31,7,45.13,blissey-ex,Blissey,1,100.0,,,,overall,2026-05-25T16:54:27.900228+00:00
SVI-DRI,34,1,charizard-dusknoir,Charizard Dusknoir,8,27,31,7,45.13,ceruledge-ex,Ceruledge,1,33.33,,,,overall,2026-05-25T16:54:27.900228+00:00
SVI-DRI,34,1,charizard-dusknoir,Charizard Dusknoir,8,27,31,7,45.13,toedscruel-ex,Toedscruel,1,100.0,,,,overall,2026-05-25T16:54:27.900228+00:00
SVI-DRI,34,1,charizard-dusknoir,Charizard Dusknoir,8,27,31,7,45.13,feraligatr-tef,Feraligatr,1,0.0,,,,overall,2026-05-25T16:54:27.900228+00:00
SVI-DRI,34,1,charizard-dusknoir,Charizard Dusknoir,8,27,31,7,45.13,roaring-moon-ex,Roaring Moon,1,0.0,,,,overall,2026-05-25T16:54:27.900228+00:00
SVI-DRI,34,1,charizard-dusknoir,Charizard Dusknoir,8,27,31,7,45.13,festival-lead,Festival Lead,1,100.0,,,,overall,2026-05-25T16:54:27.900228+00:00
SVI-DRI,34,1,charizard-dusknoir,Charizard Dusknoir,8,27,31,7,45.13,palafin-ex,Palafin,1,100.0,,,,overall,2026-05-25T16:54:27.900228+00:00
SVI-DRI,34,1,charizard-dusknoir,Charizard Dusknoir,8,27,31,7,45.13,rocket-mewtwo-ex,Rocket's Mewtwo,1,0.0,,,,overall,2026-05-25T16:54:27.900228+00:00
SVI-DRI,34,1,charizard-dusknoir,Charizard Dusknoir,8,27,31,7,45.13,charizard-pidgeot,Charizard Pidgeot,1,33.33,,,,overall,2026-05-25T16:54:27.900228+00:00
SVI-DRI,34,1,charizard-dusknoir,Charizard Dusknoir,8,27,31,7,45.13,future-box,Future Box,1,100.0,,,,overall,2026-05-25T16:54:27.900228+00:00
SVI-DRI,34,1,charizard-dusknoir,Charizard Dusknoir,8,27,31,7,45.13,n-zoroark,N's Zoroark,1,33.33,,,,overall,2026-05-25T16:54:27.900228+00:00
SVI-DRI,34,1,charizard-ex,Charizard,4,8,12,3,39.13,grimmsnarl-froslass,Grimmsnarl Froslass,3,33.33,,,,overall,2026-05-25T16:54:29.848243+00:00
SVI-DRI,34,1,charizard-ex,Charizard,4,8,12,3,39.13,joltik-box,Joltik Box,3,11.11,,,,overall,2026-05-25T16:54:29.848243+00:00
SVI-DRI,34,1,charizard-ex,Charizard,4,8,12,3,39.13,dragapult-charizard,Dragapult Charizard,2,0.0,,,,overall,2026-05-25T16:54:29.848243+00:00
SVI-DRI,34,1,charizard-ex,Charizard,4,8,12,3,39.13,cynthia-garchomp-ex,Cynthia's Garchomp,2,100.0,,,,overall,2026-05-25T16:54:29.848243+00:00
SVI-DRI,34,1,charizard-ex,Charizard,4,8,12,3,39.13,dragapult-dusknoir,Dragapult Dusknoir,2,0.0,,,,overall,2026-05-25T16:54:29.848243+00:00
SVI-DRI,34,1,charizard-ex,Charizard,4,8,12,3,39.13,flareon-noctowl,Flareon Noctowl,2,66.67,,,,overall,2026-05-25T16:54:29.848243+00:00
SVI-DRI,34,1,charizard-ex,Charizard,4,8,12,3,39.13,gholdengo-dragapult,Gholdengo Dragapult,2,50.0,,,,overall,2026-05-25T16:54:29.848243+00:00
SVI-DRI,34,1,charizard-ex,Charizard,4,8,12,3,39.13,gardevoir-ex-sv,Gardevoir,2,100.0,,,,overall,2026-05-25T16:54:29.848243+00:00
SVI-DRI,34,1,charizard-ex,Charizard,4,8,12,3,39.13,raging-bolt-ogerpon,Raging Bolt Ogerpon,1,33.33,,,,overall,2026-05-25T16:54:29.848243+00:00
SVI-DRI,34,1,charizard-ex,Charizard,4,8,12,3,39.13,dragapult-pidgeot,Dragapult Pidgeot,1,0.0,,,,overall,2026-05-25T16:54:29.848243+00:00
SVI-DRI,34,1,charizard-ex,Charizard,4,8,12,3,39.13,dragapult-ex,Dragapult,1,0.0,,,,overall,2026-05-25T16:54:29.848243+00:00
SVI-DRI,34,1,charizard-ex,Charizard,4,8,12,3,39.13,hydrapple-ogerpon,Hydrapple Ogerpon,1,0.0,,,,overall,2026-05-25T16:54:29.848243+00:00
SVI-DRI,34,1,charizard-ex,Charizard,4,8,12,3,39.13,tsareena-ex,Tsareena,1,100.0,,,,overall,2026-05-25T16:54:29.848243+00:00
SVI-DRI,34,1,charizard-greninja,Charizard Greninja,1,0,2,2,16.67,roaring-moon-dudunsparce,Roaring Moon Dudunsparce,1,0.0,,,,overall,2026-05-25T16:54:31.819180+00:00
SVI-DRI,34,1,charizard-greninja,Charizard Greninja,1,0,2,2,16.67,gardevoir-ex-sv,Gardevoir,1,33.33,,,,overall,2026-05-25T16:54:31.819180+00:00
SVI-DRI,34,1,charizard-greninja,Charizard Greninja,1,0,2,2,16.67,raging-bolt-ogerpon,Raging Bolt Ogerpon,1,33.33,,,,overall,2026-05-25T16:54:31.819180+00:00
SVI-DRI,34,1,charizard-greninja,Charizard Greninja,1,0,2,2,16.67,flareon-noctowl,Flareon Noctowl,1,0.0,,,,overall,2026-05-25T16:54:31.819180+00:00
SVI-DRI,34,1,charizard-noctowl,Charizard Noctowl,3,12,6,9,55.56,raging-bolt-ogerpon,Raging Bolt Ogerpon,5,53.33,,,,overall,2026-05-25T16:54:33.828889+00:00
SVI-DRI,34,1,charizard-noctowl,Charizard Noctowl,3,12,6,9,55.56,gardevoir-ex-sv,Gardevoir,4,100.0,,,,overall,2026-05-25T16:54:33.828889+00:00
SVI-DRI,34,1,charizard-noctowl,Charizard Noctowl,3,12,6,9,55.56,joltik-box,Joltik Box,3,33.33,,,,overall,2026-05-25T16:54:33.828889+00:00
SVI-DRI,34,1,charizard-noctowl,Charizard Noctowl,3,12,6,9,55.56,dragapult-dusknoir,Dragapult Dusknoir,3,44.44,,,,overall,2026-05-25T16:54:33.828889+00:00
SVI-DRI,34,1,charizard-noctowl,Charizard Noctowl,3,12,6,9,55.56,dragapult-ex,Dragapult,2,33.33,,,,overall,2026-05-25T16:54:33.828889+00:00
SVI-DRI,34,1,charizard-noctowl,Charizard Noctowl,3,12,6,9,55.56,flareon-noctowl,Flareon Noctowl,2,66.67,,,,overall,2026-05-25T16:54:33.828889+00:00
SVI-DRI,34,1,charizard-noctowl,Charizard Noctowl,3,12,6,9,55.56,toedscruel-ex,Toedscruel,1,33.33,,,,overall,2026-05-25T16:54:33.828889+00:00
SVI-DRI,34,1,charizard-noctowl,Charizard Noctowl,3,12,6,9,55.56,dragapult-charizard,Dragapult Charizard,1,33.33,,,,overall,2026-05-25T16:54:33.828889+00:00
SVI-DRI,34,1,charizard-noctowl,Charizard Noctowl,3,12,6,9,55.56,yanmega-ex,Yanmega,1,100.0,,,,overall,2026-05-25T16:54:33.828889+00:00
SVI-DRI,34,1,charizard-noctowl,Charizard Noctowl,3,12,6,9,55.56,ethan-typhlosion,Ethan's Typhlosion,1,33.33,,,,overall,2026-05-25T16:54:33.828889+00:00
SVI-DRI,34,1,charizard-noctowl,Charizard Noctowl,3,12,6,9,55.56,terapagos-noctowl,Terapagos Noctowl,1,100.0,,,,overall,2026-05-25T16:54:33.828889+00:00
SVI-DRI,34,1,charizard-noctowl,Charizard Noctowl,3,12,6,9,55.56,gholdengo-ex,Gholdengo,1,0.0,,,,overall,2026-05-25T16:54:33.828889+00:00
SVI-DRI,34,1,charizard-noctowl,Charizard Noctowl,3,12,6,9,55.56,other,Other,1,100.0,,,,overall,2026-05-25T16:54:33.828889+00:00
SVI-DRI,34,1,charizard-pidgeot,Charizard Pidgeot,35,118,105,39,50.0,raging-bolt-ogerpon,Raging Bolt Ogerpon,44,54.55,,,,overall,2026-05-25T16:54:35.826172+00:00
SVI-DRI,34,1,charizard-pidgeot,Charizard Pidgeot,35,118,105,39,50.0,grimmsnarl-froslass,Grimmsnarl Froslass,38,31.58,,,,overall,2026-05-25T16:54:35.826172+00:00
SVI-DRI,34,1,charizard-pidgeot,Charizard Pidgeot,35,118,105,39,50.0,gardevoir-ex-sv,Gardevoir,29,55.17,,,,overall,2026-05-25T16:54:35.826172+00:00
SVI-DRI,34,1,charizard-pidgeot,Charizard Pidgeot,35,118,105,39,50.0,joltik-box,Joltik Box,22,54.55,,,,overall,2026-05-25T16:54:35.826172+00:00
SVI-DRI,34,1,charizard-pidgeot,Charizard Pidgeot,35,118,105,39,50.0,dragapult-charizard,Dragapult Charizard,19,43.86,,,,overall,2026-05-25T16:54:35.826172+00:00
SVI-DRI,34,1,charizard-pidgeot,Charizard Pidgeot,35,118,105,39,50.0,dragapult-dusknoir,Dragapult Dusknoir,19,42.11,,,,overall,2026-05-25T16:54:35.826172+00:00
SVI-DRI,34,1,charizard-pidgeot,Charizard Pidgeot,35,118,105,39,50.0,flareon-noctowl,Flareon Noctowl,14,59.52,,,,overall,2026-05-25T16:54:35.826172+00:00
SVI-DRI,34,1,charizard-pidgeot,Charizard Pidgeot,35,118,105,39,50.0,gholdengo-dragapult,Gholdengo Dragapult,12,69.44,,,,overall,2026-05-25T16:54:35.826172+00:00
SVI-DRI,34,1,charizard-pidgeot,Charizard Pidgeot,35,118,105,39,50.0,gholdengo-ex,Gholdengo,9,62.96,,,,overall,2026-05-25T16:54:35.826172+00:00
SVI-DRI,34,1,charizard-pidgeot,Charizard Pidgeot,35,118,105,39,50.0,dragapult-ex,Dragapult,5,33.33,,,,overall,2026-05-25T16:54:35.826172+00:00
SVI-DRI,34,1,charizard-pidgeot,Charizard Pidgeot,35,118,105,39,50.0,rocket-mewtwo-ex,Rocket's Mewtwo,5,46.67,,,,overall,2026-05-25T16:54:35.826172+00:00
SVI-DRI,34,1,charizard-pidgeot,Charizard Pidgeot,35,118,105,39,50.0,ho-oh-armarouge,Ho-Oh Armarouge,4,75.0,,,,overall,2026-05-25T16:54:35.826172+00:00
SVI-DRI,34,1,charizard-pidgeot,Charizard Pidgeot,35,118,105,39,50.0,ethan-typhlosion,Ethan's Typhlosion,4,75.0,,,,overall,2026-05-25T16:54:35.826172+00:00
SVI-DRI,34,1,charizard-pidgeot,Charizard Pidgeot,35,118,105,39,50.0,cynthia-garchomp-ex,Cynthia's Garchomp,3,44.44,,,,overall,2026-05-25T16:54:35.826172+00:00
SVI-DRI,34,1,charizard-pidgeot,Charizard Pidgeot,35,118,105,39,50.0,rocket-spidops,Rocket's Spidops,3,0.0,,,,overall,2026-05-25T16:54:35.826172+00:00
SVI-DRI,34,1,charizard-pidgeot,Charizard Pidgeot,35,118,105,39,50.0,toedscruel-ex,Toedscruel,3,66.67,,,,overall,2026-05-25T16:54:35.826172+00:00
SVI-DRI,34,1,charizard-pidgeot,Charizard Pidgeot,35,118,105,39,50.0,ceruledge-ex,Ceruledge,3,11.11,,,,overall,2026-05-25T16:54:35.826172+00:00
SVI-DRI,34,1,charizard-pidgeot,Charizard Pidgeot,35,118,105,39,50.0,espathra-froslass,Espathra Froslass,3,66.67,,,,overall,2026-05-25T16:54:35.826172+00:00
SVI-DRI,34,1,charizard-pidgeot,Charizard Pidgeot,35,118,105,39,50.0,archaludon-ex,Archaludon,2,66.67,,,,overall,2026-05-25T16:54:35.826172+00:00
SVI-DRI,34,1,charizard-pidgeot,Charizard Pidgeot,35,118,105,39,50.0,roaring-moon-ex,Roaring Moon,2,0.0,,,,overall,2026-05-25T16:54:35.826172+00:00
SVI-DRI,34,1,charizard-pidgeot,Charizard Pidgeot,35,118,105,39,50.0,other,Other,2,100.0,,,,overall,2026-05-25T16:54:35.826172+00:00
SVI-DRI,34,1,charizard-pidgeot,Charizard Pidgeot,35,118,105,39,50.0,yanmega-ex,Yanmega,2,0.0,,,,overall,2026-05-25T16:54:35.826172+00:00
SVI-DRI,34,1,charizard-pidgeot,Charizard Pidgeot,35,118,105,39,50.0,alakazam-ex,Alakazam,1,100.0,,,,overall,2026-05-25T16:54:35.826172+00:00
SVI-DRI,34,1,charizard-pidgeot,Charizard Pidgeot,35,118,105,39,50.0,blissey-ex,Blissey,1,0.0,,,,overall,2026-05-25T16:54:35.826172+00:00
SVI-DRI,34,1,charizard-pidgeot,Charizard Pidgeot,35,118,105,39,50.0,festival-lead,Festival Lead,1,0.0,,,,overall,2026-05-25T16:54:35.826172+00:00
SVI-DRI,34,1,charizard-pidgeot,Charizard Pidgeot,35,118,105,39,50.0,froslass-munkidori,Froslass Munkidori,1,100.0,,,,overall,2026-05-25T16:54:35.826172+00:00
SVI-DRI,34,1,charizard-pidgeot,Charizard Pidgeot,35,118,105,39,50.0,terapagos-noctowl,Terapagos Noctowl,1,100.0,,,,overall,2026-05-25T16:54:35.826172+00:00
SVI-DRI,34,1,charizard-pidgeot,Charizard Pidgeot,35,118,105,39,50.0,hop-zacian,Hop's Zacian,1,100.0,,,,overall,2026-05-25T16:54:35.826172+00:00
SVI-DRI,34,1,charizard-pidgeot,Charizard Pidgeot,35,118,105,39,50.0,tera-box,Tera Box,1,100.0,,,,overall,2026-05-25T16:54:35.826172+00:00
SVI-DRI,34,1,charizard-pidgeot,Charizard Pidgeot,35,118,105,39,50.0,roaring-moon-dudunsparce,Roaring Moon Dudunsparce,1,100.0,,,,overall,2026-05-25T16:54:35.826172+00:00
SVI-DRI,34,1,charizard-pidgeot,Charizard Pidgeot,35,118,105,39,50.0,hydrapple-ogerpon,Hydrapple Ogerpon,1,0.0,,,,overall,2026-05-25T16:54:35.826172+00:00
SVI-DRI,34,1,charizard-pidgeot,Charizard Pidgeot,35,118,105,39,50.0,copperajah-ex,Copperajah,1,100.0,,,,overall,2026-05-25T16:54:35.826172+00:00
SVI-DRI,34,1,charizard-pidgeot,Charizard Pidgeot,35,118,105,39,50.0,n-zoroark,N's Zoroark,1,100.0,,,,overall,2026-05-25T16:54:35.826172+00:00
SVI-DRI,34,1,charizard-pidgeot,Charizard Pidgeot,35,118,105,39,50.0,mamoswine-ex,Mamoswine,1,0.0,,,,overall,2026-05-25T16:54:35.826172+00:00
SVI-DRI,34,1,charizard-pidgeot,Charizard Pidgeot,35,118,105,39,50.0,milotic-farigiraf,Milotic Farigiraf,1,0.0,,,,overall,2026-05-25T16:54:35.826172+00:00
SVI-DRI,34,1,charizard-pidgeot,Charizard Pidgeot,35,118,105,39,50.0,charizard-dusknoir,Charizard Dusknoir,1,33.33,,,,overall,2026-05-25T16:54:35.826172+00:00
SVI-DRI,34,1,charizard-pidgeot,Charizard Pidgeot,35,118,105,39,50.0,gholdengo-dudunsparce,Gholdengo Dudunsparce,1,100.0,,,,overall,2026-05-25T16:54:35.826172+00:00
SVI-DRI,34,1,chien-pao-baxcalibur,Chien-Pao Baxcalibur,6,15,21,10,39.86,raging-bolt-ogerpon,Raging Bolt Ogerpon,7,52.38,,,,overall,2026-05-25T16:54:37.783163+00:00
SVI-DRI,34,1,chien-pao-baxcalibur,Chien-Pao Baxcalibur,6,15,21,10,39.86,dragapult-charizard,Dragapult Charizard,6,44.44,,,,overall,2026-05-25T16:54:37.783163+00:00
SVI-DRI,34,1,chien-pao-baxcalibur,Chien-Pao Baxcalibur,6,15,21,10,39.86,flareon-noctowl,Flareon Noctowl,6,33.33,,,,overall,2026-05-25T16:54:37.783163+00:00
SVI-DRI,34,1,chien-pao-baxcalibur,Chien-Pao Baxcalibur,6,15,21,10,39.86,grimmsnarl-froslass,Grimmsnarl Froslass,5,20.0,,,,overall,2026-05-25T16:54:37.783163+00:00
SVI-DRI,34,1,chien-pao-baxcalibur,Chien-Pao Baxcalibur,6,15,21,10,39.86,gholdengo-dragapult,Gholdengo Dragapult,4,0.0,,,,overall,2026-05-25T16:54:37.783163+00:00
SVI-DRI,34,1,chien-pao-baxcalibur,Chien-Pao Baxcalibur,6,15,21,10,39.86,joltik-box,Joltik Box,3,44.44,,,,overall,2026-05-25T16:54:37.783163+00:00
SVI-DRI,34,1,chien-pao-baxcalibur,Chien-Pao Baxcalibur,6,15,21,10,39.86,gardevoir-ex-sv,Gardevoir,3,11.11,,,,overall,2026-05-25T16:54:37.783163+00:00
SVI-DRI,34,1,chien-pao-baxcalibur,Chien-Pao Baxcalibur,6,15,21,10,39.86,gholdengo-ex,Gholdengo,2,66.67,,,,overall,2026-05-25T16:54:37.783163+00:00
SVI-DRI,34,1,chien-pao-baxcalibur,Chien-Pao Baxcalibur,6,15,21,10,39.86,dragapult-dusknoir,Dragapult Dusknoir,2,100.0,,,,overall,2026-05-25T16:54:37.783163+00:00
SVI-DRI,34,1,chien-pao-baxcalibur,Chien-Pao Baxcalibur,6,15,21,10,39.86,froslass-munkidori,Froslass Munkidori,1,0.0,,,,overall,2026-05-25T16:54:37.783163+00:00
SVI-DRI,34,1,chien-pao-baxcalibur,Chien-Pao Baxcalibur,6,15,21,10,39.86,toedscruel-ex,Toedscruel,1,0.0,,,,overall,2026-05-25T16:54:37.783163+00:00
SVI-DRI,34,1,chien-pao-baxcalibur,Chien-Pao Baxcalibur,6,15,21,10,39.86,archaludon-zoroark,Archaludon Zoroark,1,0.0,,,,overall,2026-05-25T16:54:37.783163+00:00
SVI-DRI,34,1,chien-pao-baxcalibur,Chien-Pao Baxcalibur,6,15,21,10,39.86,rocket-spidops,Rocket's Spidops,1,100.0,,,,overall,2026-05-25T16:54:37.783163+00:00
SVI-DRI,34,1,chien-pao-baxcalibur,Chien-Pao Baxcalibur,6,15,21,10,39.86,iron-thorns-crustle,Iron Thorns Crustle,1,0.0,,,,overall,2026-05-25T16:54:37.783163+00:00
SVI-DRI,34,1,chien-pao-baxcalibur,Chien-Pao Baxcalibur,6,15,21,10,39.86,n-zoroark,N's Zoroark,1,100.0,,,,overall,2026-05-25T16:54:37.783163+00:00
SVI-DRI,34,1,chien-pao-baxcalibur,Chien-Pao Baxcalibur,6,15,21,10,39.86,ceruledge-ex,Ceruledge,1,100.0,,,,overall,2026-05-25T16:54:37.783163+00:00
SVI-DRI,34,1,chien-pao-baxcalibur,Chien-Pao Baxcalibur,6,15,21,10,39.86,okidogi-ex,Okidogi,1,100.0,,,,overall,2026-05-25T16:54:37.783163+00:00
SVI-DRI,34,1,clefairy-ogerpon,Clefairy Ogerpon,1,2,3,0,40.0,raging-bolt-ogerpon,Raging Bolt Ogerpon,3,66.67,,,,overall,2026-05-25T16:54:39.752999+00:00
SVI-DRI,34,1,clefairy-ogerpon,Clefairy Ogerpon,1,2,3,0,40.0,gholdengo-ex,Gholdengo,1,0.0,,,,overall,2026-05-25T16:54:39.752999+00:00
SVI-DRI,34,1,clefairy-ogerpon,Clefairy Ogerpon,1,2,3,0,40.0,grimmsnarl-froslass,Grimmsnarl Froslass,1,0.0,,,,overall,2026-05-25T16:54:39.752999+00:00
SVI-DRI,34,1,copperajah-ex,Copperajah,2,6,6,2,47.62,raging-bolt-ogerpon,Raging Bolt Ogerpon,4,8.33,,,,overall,2026-05-25T16:54:41.715523+00:00
SVI-DRI,34,1,copperajah-ex,Copperajah,2,6,6,2,47.62,dragapult-ex,Dragapult,2,50.0,,,,overall,2026-05-25T16:54:41.715523+00:00
SVI-DRI,34,1,copperajah-ex,Copperajah,2,6,6,2,47.62,dragapult-dusknoir,Dragapult Dusknoir,2,100.0,,,,overall,2026-05-25T16:54:41.715523+00:00
SVI-DRI,34,1,copperajah-ex,Copperajah,2,6,6,2,47.62,gholdengo-ex,Gholdengo,2,66.67,,,,overall,2026-05-25T16:54:41.715523+00:00
SVI-DRI,34,1,copperajah-ex,Copperajah,2,6,6,2,47.62,gholdengo-dragapult,Gholdengo Dragapult,1,100.0,,,,overall,2026-05-25T16:54:41.715523+00:00
SVI-DRI,34,1,copperajah-ex,Copperajah,2,6,6,2,47.62,charizard-pidgeot,Charizard Pidgeot,1,0.0,,,,overall,2026-05-25T16:54:41.715523+00:00
SVI-DRI,34,1,copperajah-ex,Copperajah,2,6,6,2,47.62,dragapult-charizard,Dragapult Charizard,1,0.0,,,,overall,2026-05-25T16:54:41.715523+00:00
SVI-DRI,34,1,copperajah-ex,Copperajah,2,6,6,2,47.62,grimmsnarl-froslass,Grimmsnarl Froslass,1,100.0,,,,overall,2026-05-25T16:54:41.715523+00:00
SVI-DRI,34,1,cynthia-garchomp-ex,Cynthia's Garchomp,77,215,249,86,44.3,raging-bolt-ogerpon,Raging Bolt Ogerpon,86,31.4,,,,overall,2026-05-25T16:54:43.709127+00:00
SVI-DRI,34,1,cynthia-garchomp-ex,Cynthia's Garchomp,77,215,249,86,44.3,grimmsnarl-froslass,Grimmsnarl Froslass,66,49.49,,,,overall,2026-05-25T16:54:43.709127+00:00
SVI-DRI,34,1,cynthia-garchomp-ex,Cynthia's Garchomp,77,215,249,86,44.3,gardevoir-ex-sv,Gardevoir,59,48.59,,,,overall,2026-05-25T16:54:43.709127+00:00
SVI-DRI,34,1,cynthia-garchomp-ex,Cynthia's Garchomp,77,215,249,86,44.3,joltik-box,Joltik Box,52,60.26,,,,overall,2026-05-25T16:54:43.709127+00:00
SVI-DRI,34,1,cynthia-garchomp-ex,Cynthia's Garchomp,77,215,249,86,44.3,dragapult-dusknoir,Dragapult Dusknoir,43,39.53,,,,overall,2026-05-25T16:54:43.709127+00:00
SVI-DRI,34,1,cynthia-garchomp-ex,Cynthia's Garchomp,77,215,249,86,44.3,dragapult-charizard,Dragapult Charizard,41,45.53,,,,overall,2026-05-25T16:54:43.709127+00:00
SVI-DRI,34,1,cynthia-garchomp-ex,Cynthia's Garchomp,77,215,249,86,44.3,flareon-noctowl,Flareon Noctowl,32,40.63,,,,overall,2026-05-25T16:54:43.709127+00:00
SVI-DRI,34,1,cynthia-garchomp-ex,Cynthia's Garchomp,77,215,249,86,44.3,gholdengo-ex,Gholdengo,21,30.16,,,,overall,2026-05-25T16:54:43.709127+00:00
SVI-DRI,34,1,cynthia-garchomp-ex,Cynthia's Garchomp,77,215,249,86,44.3,gholdengo-dragapult,Gholdengo Dragapult,18,46.3,,,,overall,2026-05-25T16:54:43.709127+00:00
SVI-DRI,34,1,cynthia-garchomp-ex,Cynthia's Garchomp,77,215,249,86,44.3,dragapult-ex,Dragapult,17,39.22,,,,overall,2026-05-25T16:54:43.709127+00:00
SVI-DRI,34,1,cynthia-garchomp-ex,Cynthia's Garchomp,77,215,249,86,44.3,cynthia-garchomp-ex,Cynthia's Garchomp,10,46.67,,,,overall,2026-05-25T16:54:43.709127+00:00
SVI-DRI,34,1,cynthia-garchomp-ex,Cynthia's Garchomp,77,215,249,86,44.3,ho-oh-armarouge,Ho-Oh Armarouge,7,47.62,,,,overall,2026-05-25T16:54:43.709127+00:00
SVI-DRI,34,1,cynthia-garchomp-ex,Cynthia's Garchomp,77,215,249,86,44.3,ethan-typhlosion,Ethan's Typhlosion,7,85.71,,,,overall,2026-05-25T16:54:43.709127+00:00
SVI-DRI,34,1,cynthia-garchomp-ex,Cynthia's Garchomp,77,215,249,86,44.3,toedscruel-ex,Toedscruel,6,16.67,,,,overall,2026-05-25T16:54:43.709127+00:00
SVI-DRI,34,1,cynthia-garchomp-ex,Cynthia's Garchomp,77,215,249,86,44.3,other,Other,6,33.33,,,,overall,2026-05-25T16:54:43.709127+00:00
SVI-DRI,34,1,cynthia-garchomp-ex,Cynthia's Garchomp,77,215,249,86,44.3,dragapult-pidgeot,Dragapult Pidgeot,4,50.0,,,,overall,2026-05-25T16:54:43.709127+00:00
SVI-DRI,34,1,cynthia-garchomp-ex,Cynthia's Garchomp,77,215,249,86,44.3,roaring-moon-ex,Roaring Moon,4,8.33,,,,overall,2026-05-25T16:54:43.709127+00:00
SVI-DRI,34,1,cynthia-garchomp-ex,Cynthia's Garchomp,77,215,249,86,44.3,ceruledge-ex,Ceruledge,4,75.0,,,,overall,2026-05-25T16:54:43.709127+00:00
SVI-DRI,34,1,cynthia-garchomp-ex,Cynthia's Garchomp,77,215,249,86,44.3,charizard-pidgeot,Charizard Pidgeot,3,44.44,,,,overall,2026-05-25T16:54:43.709127+00:00
SVI-DRI,34,1,cynthia-garchomp-ex,Cynthia's Garchomp,77,215,249,86,44.3,rocket-mewtwo-ex,Rocket's Mewtwo,3,100.0,,,,overall,2026-05-25T16:54:43.709127+00:00
SVI-DRI,34,1,cynthia-garchomp-ex,Cynthia's Garchomp,77,215,249,86,44.3,yanmega-ex,Yanmega,3,11.11,,,,overall,2026-05-25T16:54:43.709127+00:00
SVI-DRI,34,1,cynthia-garchomp-ex,Cynthia's Garchomp,77,215,249,86,44.3,mamoswine-ex,Mamoswine,3,55.56,,,,overall,2026-05-25T16:54:43.709127+00:00
SVI-DRI,34,1,cynthia-garchomp-ex,Cynthia's Garchomp,77,215,249,86,44.3,archaludon-zoroark,Archaludon Zoroark,2,50.0,,,,overall,2026-05-25T16:54:43.709127+00:00
SVI-DRI,34,1,cynthia-garchomp-ex,Cynthia's Garchomp,77,215,249,86,44.3,n-zoroark,N's Zoroark,2,50.0,,,,overall,2026-05-25T16:54:43.709127+00:00
SVI-DRI,34,1,cynthia-garchomp-ex,Cynthia's Garchomp,77,215,249,86,44.3,charizard-ex,Charizard,2,0.0,,,,overall,2026-05-25T16:54:43.709127+00:00
SVI-DRI,34,1,cynthia-garchomp-ex,Cynthia's Garchomp,77,215,249,86,44.3,dragapult-froslass,Dragapult Froslass,2,50.0,,,,overall,2026-05-25T16:54:43.709127+00:00
SVI-DRI,34,1,cynthia-garchomp-ex,Cynthia's Garchomp,77,215,249,86,44.3,hydrapple-ogerpon,Hydrapple Ogerpon,2,0.0,,,,overall,2026-05-25T16:54:43.709127+00:00
SVI-DRI,34,1,cynthia-garchomp-ex,Cynthia's Garchomp,77,215,249,86,44.3,rocket-spidops,Rocket's Spidops,2,100.0,,,,overall,2026-05-25T16:54:43.709127+00:00
SVI-DRI,34,1,cynthia-garchomp-ex,Cynthia's Garchomp,77,215,249,86,44.3,tera-box,Tera Box,2,50.0,,,,overall,2026-05-25T16:54:43.709127+00:00
SVI-DRI,34,1,cynthia-garchomp-ex,Cynthia's Garchomp,77,215,249,86,44.3,archaludon-ex,Archaludon,2,100.0,,,,overall,2026-05-25T16:54:43.709127+00:00
SVI-DRI,34,1,cynthia-garchomp-ex,Cynthia's Garchomp,77,215,249,86,44.3,festival-lead,Festival Lead,2,0.0,,,,overall,2026-05-25T16:54:43.709127+00:00
SVI-DRI,34,1,cynthia-garchomp-ex,Cynthia's Garchomp,77,215,249,86,44.3,charizard-dusknoir,Charizard Dusknoir,2,0.0,,,,overall,2026-05-25T16:54:43.709127+00:00
SVI-DRI,34,1,cynthia-garchomp-ex,Cynthia's Garchomp,77,215,249,86,44.3,hydreigon-ex,Hydreigon,2,66.67,,,,overall,2026-05-25T16:54:43.709127+00:00
SVI-DRI,34,1,cynthia-garchomp-ex,Cynthia's Garchomp,77,215,249,86,44.3,froslass-munkidori,Froslass Munkidori,2,66.67,,,,overall,2026-05-25T16:54:43.709127+00:00
SVI-DRI,34,1,cynthia-garchomp-ex,Cynthia's Garchomp,77,215,249,86,44.3,flygon-ex-ssp,Flygon,1,100.0,,,,overall,2026-05-25T16:54:43.709127+00:00
SVI-DRI,34,1,cynthia-garchomp-ex,Cynthia's Garchomp,77,215,249,86,44.3,blaziken-zoroark,Blaziken Zoroark,1,100.0,,,,overall,2026-05-25T16:54:43.709127+00:00
SVI-DRI,34,1,cynthia-garchomp-ex,Cynthia's Garchomp,77,215,249,86,44.3,hop-zacian,Hop's Zacian,1,100.0,,,,overall,2026-05-25T16:54:43.709127+00:00
SVI-DRI,34,1,cynthia-garchomp-ex,Cynthia's Garchomp,77,215,249,86,44.3,iono-bellibolt,Iono's Bellibolt,1,33.33,,,,overall,2026-05-25T16:54:43.709127+00:00
SVI-DRI,34,1,cynthia-garchomp-ex,Cynthia's Garchomp,77,215,249,86,44.3,terapagos-noctowl,Terapagos Noctowl,1,100.0,,,,overall,2026-05-25T16:54:43.709127+00:00
SVI-DRI,34,1,cynthia-garchomp-ex,Cynthia's Garchomp,77,215,249,86,44.3,rocket-nidoking-ex,Rocket's Nidoking,1,100.0,,,,overall,2026-05-25T16:54:43.709127+00:00
SVI-DRI,34,1,cynthia-garchomp-ex,Cynthia's Garchomp,77,215,249,86,44.3,blaziken-ex-jtg,Blaziken,1,100.0,,,,overall,2026-05-25T16:54:43.709127+00:00
SVI-DRI,34,1,cynthia-garchomp-ex,Cynthia's Garchomp,77,215,249,86,44.3,great-tusk-tef,Great Tusk Mill,1,0.0,,,,overall,2026-05-25T16:54:43.709127+00:00
SVI-DRI,34,1,cynthia-garchomp-ex,Cynthia's Garchomp,77,215,249,86,44.3,dragapult-iron-thorns,Dragapult Iron Thorns,1,0.0,,,,overall,2026-05-25T16:54:43.709127+00:00
SVI-DRI,34,1,cynthia-garchomp-ex,Cynthia's Garchomp,77,215,249,86,44.3,slowking-scr,Slowking,1,0.0,,,,overall,2026-05-25T16:54:43.709127+00:00
SVI-DRI,34,1,cynthia-garchomp-ex,Cynthia's Garchomp,77,215,249,86,44.3,marnie-grimmsnarl-ex,Marnie's Grimmsnarl,1,0.0,,,,overall,2026-05-25T16:54:43.709127+00:00
SVI-DRI,34,1,cynthia-garchomp-ex,Cynthia's Garchomp,77,215,249,86,44.3,iron-thorns-crustle,Iron Thorns Crustle,1,100.0,,,,overall,2026-05-25T16:54:43.709127+00:00
SVI-DRI,34,1,cynthia-garchomp-ex,Cynthia's Garchomp,77,215,249,86,44.3,okidogi-ex,Okidogi,1,100.0,,,,overall,2026-05-25T16:54:43.709127+00:00
SVI-DRI,34,1,cynthia-garchomp-ex,Cynthia's Garchomp,77,215,249,86,44.3,blissey-ex,Blissey,1,100.0,,,,overall,2026-05-25T16:54:43.709127+00:00
SVI-DRI,34,1,cynthia-garchomp-ex,Cynthia's Garchomp,77,215,249,86,44.3,flareon-ex,Flareon,1,0.0,,,,overall,2026-05-25T16:54:43.709127+00:00
SVI-DRI,34,1,cynthia-garchomp-ex,Cynthia's Garchomp,77,215,249,86,44.3,gholdengo-dudunsparce,Gholdengo Dudunsparce,1,33.33,,,,overall,2026-05-25T16:54:43.709127+00:00
SVI-DRI,34,1,dragapult-charizard,Dragapult Charizard,237,870,731,349,50.58,raging-bolt-ogerpon,Raging Bolt Ogerpon,308,53.14,,,,overall,2026-05-25T16:54:45.710502+00:00
SVI-DRI,34,1,dragapult-charizard,Dragapult Charizard,237,870,731,349,50.58,grimmsnarl-froslass,Grimmsnarl Froslass,254,37.27,,,,overall,2026-05-25T16:54:45.710502+00:00
SVI-DRI,34,1,dragapult-charizard,Dragapult Charizard,237,870,731,349,50.58,gardevoir-ex-sv,Gardevoir,236,52.68,,,,overall,2026-05-25T16:54:45.710502+00:00
SVI-DRI,34,1,dragapult-charizard,Dragapult Charizard,237,870,731,349,50.58,joltik-box,Joltik Box,199,55.44,,,,overall,2026-05-25T16:54:45.710502+00:00
SVI-DRI,34,1,dragapult-charizard,Dragapult Charizard,237,870,731,349,50.58,flareon-noctowl,Flareon Noctowl,120,61.94,,,,overall,2026-05-25T16:54:45.710502+00:00
SVI-DRI,34,1,dragapult-charizard,Dragapult Charizard,237,870,731,349,50.58,dragapult-dusknoir,Dragapult Dusknoir,110,46.67,,,,overall,2026-05-25T16:54:45.710502+00:00
SVI-DRI,34,1,dragapult-charizard,Dragapult Charizard,237,870,731,349,50.58,gholdengo-dragapult,Gholdengo Dragapult,76,49.12,,,,overall,2026-05-25T16:54:45.710502+00:00
SVI-DRI,34,1,dragapult-charizard,Dragapult Charizard,237,870,731,349,50.58,gholdengo-ex,Gholdengo,69,52.17,,,,overall,2026-05-25T16:54:45.710502+00:00
SVI-DRI,34,1,dragapult-charizard,Dragapult Charizard,237,870,731,349,50.58,dragapult-charizard,Dragapult Charizard,58,45.98,,,,overall,2026-05-25T16:54:45.710502+00:00
SVI-DRI,34,1,dragapult-charizard,Dragapult Charizard,237,870,731,349,50.58,dragapult-ex,Dragapult,57,45.03,,,,overall,2026-05-25T16:54:45.710502+00:00
SVI-DRI,34,1,dragapult-charizard,Dragapult Charizard,237,870,731,349,50.58,cynthia-garchomp-ex,Cynthia's Garchomp,41,47.97,,,,overall,2026-05-25T16:54:45.710502+00:00
SVI-DRI,34,1,dragapult-charizard,Dragapult Charizard,237,870,731,349,50.58,ethan-typhlosion,Ethan's Typhlosion,35,70.48,,,,overall,2026-05-25T16:54:45.710502+00:00
SVI-DRI,34,1,dragapult-charizard,Dragapult Charizard,237,870,731,349,50.58,rocket-mewtwo-ex,Rocket's Mewtwo,31,41.94,,,,overall,2026-05-25T16:54:45.710502+00:00
SVI-DRI,34,1,dragapult-charizard,Dragapult Charizard,237,870,731,349,50.58,ceruledge-ex,Ceruledge,21,36.51,,,,overall,2026-05-25T16:54:45.710502+00:00
SVI-DRI,34,1,dragapult-charizard,Dragapult Charizard,237,870,731,349,50.58,charizard-pidgeot,Charizard Pidgeot,19,43.86,,,,overall,2026-05-25T16:54:45.710502+00:00
SVI-DRI,34,1,dragapult-charizard,Dragapult Charizard,237,870,731,349,50.58,toedscruel-ex,Toedscruel,19,43.86,,,,overall,2026-05-25T16:54:45.710502+00:00
SVI-DRI,34,1,dragapult-charizard,Dragapult Charizard,237,870,731,349,50.58,ho-oh-armarouge,Ho-Oh Armarouge,16,62.5,,,,overall,2026-05-25T16:54:45.710502+00:00
SVI-DRI,34,1,dragapult-charizard,Dragapult Charizard,237,870,731,349,50.58,rocket-spidops,Rocket's Spidops,14,47.62,,,,overall,2026-05-25T16:54:45.710502+00:00
SVI-DRI,34,1,dragapult-charizard,Dragapult Charizard,237,870,731,349,50.58,other,Other,13,61.54,,,,overall,2026-05-25T16:54:45.710502+00:00
SVI-DRI,34,1,dragapult-charizard,Dragapult Charizard,237,870,731,349,50.58,n-zoroark,N's Zoroark,13,30.77,,,,overall,2026-05-25T16:54:45.710502+00:00
SVI-DRI,34,1,dragapult-charizard,Dragapult Charizard,237,870,731,349,50.58,archaludon-ex,Archaludon,12,44.44,,,,overall,2026-05-25T16:54:45.710502+00:00
SVI-DRI,34,1,dragapult-charizard,Dragapult Charizard,237,870,731,349,50.58,yanmega-ex,Yanmega,12,66.67,,,,overall,2026-05-25T16:54:45.710502+00:00
SVI-DRI,34,1,dragapult-charizard,Dragapult Charizard,237,870,731,349,50.58,roaring-moon-ex,Roaring Moon,11,39.39,,,,overall,2026-05-25T16:54:45.710502+00:00
SVI-DRI,34,1,dragapult-charizard,Dragapult Charizard,237,870,731,349,50.58,tera-box,Tera Box,9,100.0,,,,overall,2026-05-25T16:54:45.710502+00:00
SVI-DRI,34,1,dragapult-charizard,Dragapult Charizard,237,870,731,349,50.58,blissey-ex,Blissey,8,45.83,,,,overall,2026-05-25T16:54:45.710502+00:00
SVI-DRI,34,1,dragapult-charizard,Dragapult Charizard,237,870,731,349,50.58,mamoswine-ex,Mamoswine,7,61.9,,,,overall,2026-05-25T16:54:45.710502+00:00
SVI-DRI,34,1,dragapult-charizard,Dragapult Charizard,237,870,731,349,50.58,festival-lead,Festival Lead,7,71.43,,,,overall,2026-05-25T16:54:45.710502+00:00
SVI-DRI,34,1,dragapult-charizard,Dragapult Charizard,237,870,731,349,50.58,poison-archaludon,Poison Archaludon,7,33.33,,,,overall,2026-05-25T16:54:45.710502+00:00
SVI-DRI,34,1,dragapult-charizard,Dragapult Charizard,237,870,731,349,50.58,chien-pao-baxcalibur,Chien-Pao Baxcalibur,6,44.44,,,,overall,2026-05-25T16:54:45.710502+00:00
SVI-DRI,34,1,dragapult-charizard,Dragapult Charizard,237,870,731,349,50.58,hop-zacian,Hop's Zacian,5,80.0,,,,overall,2026-05-25T16:54:45.710502+00:00
SVI-DRI,34,1,dragapult-charizard,Dragapult Charizard,237,870,731,349,50.58,roaring-moon-dudunsparce,Roaring Moon Dudunsparce,5,80.0,,,,overall,2026-05-25T16:54:45.710502+00:00
SVI-DRI,34,1,dragapult-charizard,Dragapult Charizard,237,870,731,349,50.58,froslass-munkidori,Froslass Munkidori,5,66.67,,,,overall,2026-05-25T16:54:45.710502+00:00
SVI-DRI,34,1,dragapult-charizard,Dragapult Charizard,237,870,731,349,50.58,iron-thorns-crustle,Iron Thorns Crustle,5,46.67,,,,overall,2026-05-25T16:54:45.710502+00:00
SVI-DRI,34,1,dragapult-charizard,Dragapult Charizard,237,870,731,349,50.58,charizard-dusknoir,Charizard Dusknoir,5,66.67,,,,overall,2026-05-25T16:54:45.710502+00:00
SVI-DRI,34,1,dragapult-charizard,Dragapult Charizard,237,870,731,349,50.58,flareon-ex,Flareon,4,100.0,,,,overall,2026-05-25T16:54:45.710502+00:00
SVI-DRI,34,1,dragapult-charizard,Dragapult Charizard,237,870,731,349,50.58,miraidon-ex,Miraidon,4,100.0,,,,overall,2026-05-25T16:54:45.710502+00:00
SVI-DRI,34,1,dragapult-charizard,Dragapult Charizard,237,870,731,349,50.58,archaludon-zoroark,Archaludon Zoroark,4,50.0,,,,overall,2026-05-25T16:54:45.710502+00:00
SVI-DRI,34,1,dragapult-charizard,Dragapult Charizard,237,870,731,349,50.58,future-box,Future Box,4,50.0,,,,overall,2026-05-25T16:54:45.710502+00:00
SVI-DRI,34,1,dragapult-charizard,Dragapult Charizard,237,870,731,349,50.58,dragapult-pidgeot,Dragapult Pidgeot,4,58.33,,,,overall,2026-05-25T16:54:45.710502+00:00
SVI-DRI,34,1,dragapult-charizard,Dragapult Charizard,237,870,731,349,50.58,milotic-farigiraf,Milotic Farigiraf,4,25.0,,,,overall,2026-05-25T16:54:45.710502+00:00
SVI-DRI,34,1,dragapult-charizard,Dragapult Charizard,237,870,731,349,50.58,slowking-scr,Slowking,3,44.44,,,,overall,2026-05-25T16:54:45.710502+00:00
SVI-DRI,34,1,dragapult-charizard,Dragapult Charizard,237,870,731,349,50.58,iron-hands-ex,Future Hands,3,100.0,,,,overall,2026-05-25T16:54:45.710502+00:00
SVI-DRI,34,1,dragapult-charizard,Dragapult Charizard,237,870,731,349,50.58,blaziken-zoroark,Blaziken Zoroark,3,44.44,,,,overall,2026-05-25T16:54:45.710502+00:00
SVI-DRI,34,1,dragapult-charizard,Dragapult Charizard,237,870,731,349,50.58,gholdengo-dudunsparce,Gholdengo Dudunsparce,3,55.56,,,,overall,2026-05-25T16:54:45.710502+00:00
SVI-DRI,34,1,dragapult-charizard,Dragapult Charizard,237,870,731,349,50.58,feraligatr-tef,Feraligatr,3,33.33,,,,overall,2026-05-25T16:54:45.710502+00:00
SVI-DRI,34,1,dragapult-charizard,Dragapult Charizard,237,870,731,349,50.58,terapagos-noctowl,Terapagos Noctowl,3,66.67,,,,overall,2026-05-25T16:54:45.710502+00:00
SVI-DRI,34,1,dragapult-charizard,Dragapult Charizard,237,870,731,349,50.58,marnie-grimmsnarl-ex,Marnie's Grimmsnarl,2,16.67,,,,overall,2026-05-25T16:54:45.710502+00:00
SVI-DRI,34,1,dragapult-charizard,Dragapult Charizard,237,870,731,349,50.58,great-tusk-tef,Great Tusk Mill,2,0.0,,,,overall,2026-05-25T16:54:45.710502+00:00
SVI-DRI,34,1,dragapult-charizard,Dragapult Charizard,237,870,731,349,50.58,spidops-ex,Spidops,2,0.0,,,,overall,2026-05-25T16:54:45.710502+00:00
SVI-DRI,34,1,dragapult-charizard,Dragapult Charizard,237,870,731,349,50.58,charizard-ex,Charizard,2,100.0,,,,overall,2026-05-25T16:54:45.710502+00:00
SVI-DRI,34,1,dragapult-charizard,Dragapult Charizard,237,870,731,349,50.58,espathra-froslass,Espathra Froslass,2,50.0,,,,overall,2026-05-25T16:54:45.710502+00:00
SVI-DRI,34,1,dragapult-charizard,Dragapult Charizard,237,870,731,349,50.58,dragapult-froslass,Dragapult Froslass,2,50.0,,,,overall,2026-05-25T16:54:45.710502+00:00
SVI-DRI,34,1,dragapult-charizard,Dragapult Charizard,237,870,731,349,50.58,rocket-porygon-z,Rocket's Porygon-Z,2,100.0,,,,overall,2026-05-25T16:54:45.710502+00:00
SVI-DRI,34,1,dragapult-charizard,Dragapult Charizard,237,870,731,349,50.58,greninja-ex,Greninja,1,100.0,,,,overall,2026-05-25T16:54:45.710502+00:00
SVI-DRI,34,1,dragapult-charizard,Dragapult Charizard,237,870,731,349,50.58,flygon-ex-ssp,Flygon,1,100.0,,,,overall,2026-05-25T16:54:45.710502+00:00
SVI-DRI,34,1,dragapult-charizard,Dragapult Charizard,237,870,731,349,50.58,sinistcha-ogerpon,Sinistcha Ogerpon,1,33.33,,,,overall,2026-05-25T16:54:45.710502+00:00
SVI-DRI,34,1,dragapult-charizard,Dragapult Charizard,237,870,731,349,50.58,reging-bolt-bellibolt,Raging Bolt Bellibolt,1,100.0,,,,overall,2026-05-25T16:54:45.710502+00:00
SVI-DRI,34,1,dragapult-charizard,Dragapult Charizard,237,870,731,349,50.58,okidogi-twm,Okidogi,1,33.33,,,,overall,2026-05-25T16:54:45.710502+00:00
SVI-DRI,34,1,dragapult-charizard,Dragapult Charizard,237,870,731,349,50.58,hydreigon-ex,Hydreigon,1,0.0,,,,overall,2026-05-25T16:54:45.710502+00:00
SVI-DRI,34,1,dragapult-charizard,Dragapult Charizard,237,870,731,349,50.58,dragapult-zoroark,Dragapult Zoroark,1,0.0,,,,overall,2026-05-25T16:54:45.710502+00:00
SVI-DRI,34,1,dragapult-charizard,Dragapult Charizard,237,870,731,349,50.58,charizard-noctowl,Charizard Noctowl,1,33.33,,,,overall,2026-05-25T16:54:45.710502+00:00
SVI-DRI,34,1,dragapult-charizard,Dragapult Charizard,237,870,731,349,50.58,alakazam-ex,Alakazam,1,0.0,,,,overall,2026-05-25T16:54:45.710502+00:00
SVI-DRI,34,1,dragapult-charizard,Dragapult Charizard,237,870,731,349,50.58,blaziken-ex-jtg,Blaziken,1,100.0,,,,overall,2026-05-25T16:54:45.710502+00:00
SVI-DRI,34,1,dragapult-charizard,Dragapult Charizard,237,870,731,349,50.58,iron-thorns-ex,Iron Thorns,1,100.0,,,,overall,2026-05-25T16:54:45.710502+00:00
SVI-DRI,34,1,dragapult-charizard,Dragapult Charizard,237,870,731,349,50.58,hydrapple-ogerpon,Hydrapple Ogerpon,1,0.0,,,,overall,2026-05-25T16:54:45.710502+00:00
SVI-DRI,34,1,dragapult-charizard,Dragapult Charizard,237,870,731,349,50.58,pidgeot-control,Pidgeot Control,1,100.0,,,,overall,2026-05-25T16:54:45.710502+00:00
SVI-DRI,34,1,dragapult-charizard,Dragapult Charizard,237,870,731,349,50.58,copperajah-ex,Copperajah,1,100.0,,,,overall,2026-05-25T16:54:45.710502+00:00
SVI-DRI,34,1,dragapult-charizard,Dragapult Charizard,237,870,731,349,50.58,rocket-nidoking-ex,Rocket's Nidoking,1,33.33,,,,overall,2026-05-25T16:54:45.710502+00:00
SVI-DRI,34,1,dragapult-charizard,Dragapult Charizard,237,870,731,349,50.58,ethan-magcargo,Ethan's Magcargo,1,100.0,,,,overall,2026-05-25T16:54:45.710502+00:00
SVI-DRI,34,1,dragapult-charizard,Dragapult Charizard,237,870,731,349,50.58,ogerpon-ex,Ogerpon,1,0.0,,,,overall,2026-05-25T16:54:45.710502+00:00
SVI-DRI,34,1,dragapult-dusknoir,Dragapult Dusknoir,255,790,859,253,45.97,raging-bolt-ogerpon,Raging Bolt Ogerpon,312,51.82,,,,overall,2026-05-25T16:54:47.707937+00:00
SVI-DRI,34,1,dragapult-dusknoir,Dragapult Dusknoir,255,790,859,253,45.97,grimmsnarl-froslass,Grimmsnarl Froslass,211,38.7,,,,overall,2026-05-25T16:54:47.707937+00:00
SVI-DRI,34,1,dragapult-dusknoir,Dragapult Dusknoir,255,790,859,253,45.97,gardevoir-ex-sv,Gardevoir,207,37.36,,,,overall,2026-05-25T16:54:47.707937+00:00
SVI-DRI,34,1,dragapult-dusknoir,Dragapult Dusknoir,255,790,859,253,45.97,joltik-box,Joltik Box,170,41.37,,,,overall,2026-05-25T16:54:47.707937+00:00
SVI-DRI,34,1,dragapult-dusknoir,Dragapult Dusknoir,255,790,859,253,45.97,flareon-noctowl,Flareon Noctowl,135,46.17,,,,overall,2026-05-25T16:54:47.707937+00:00
SVI-DRI,34,1,dragapult-dusknoir,Dragapult Dusknoir,255,790,859,253,45.97,dragapult-charizard,Dragapult Charizard,110,47.58,,,,overall,2026-05-25T16:54:47.707937+00:00
SVI-DRI,34,1,dragapult-dusknoir,Dragapult Dusknoir,255,790,859,253,45.97,gholdengo-dragapult,Gholdengo Dragapult,75,41.78,,,,overall,2026-05-25T16:54:47.707937+00:00
SVI-DRI,34,1,dragapult-dusknoir,Dragapult Dusknoir,255,790,859,253,45.97,gholdengo-ex,Gholdengo,74,39.64,,,,overall,2026-05-25T16:54:47.707937+00:00
SVI-DRI,34,1,dragapult-dusknoir,Dragapult Dusknoir,255,790,859,253,45.97,dragapult-dusknoir,Dragapult Dusknoir,64,48.44,,,,overall,2026-05-25T16:54:47.707937+00:00
SVI-DRI,34,1,dragapult-dusknoir,Dragapult Dusknoir,255,790,859,253,45.97,dragapult-ex,Dragapult,55,49.7,,,,overall,2026-05-25T16:54:47.707937+00:00
SVI-DRI,34,1,dragapult-dusknoir,Dragapult Dusknoir,255,790,859,253,45.97,cynthia-garchomp-ex,Cynthia's Garchomp,43,55.81,,,,overall,2026-05-25T16:54:47.707937+00:00
SVI-DRI,34,1,dragapult-dusknoir,Dragapult Dusknoir,255,790,859,253,45.97,ethan-typhlosion,Ethan's Typhlosion,30,62.22,,,,overall,2026-05-25T16:54:47.707937+00:00
SVI-DRI,34,1,dragapult-dusknoir,Dragapult Dusknoir,255,790,859,253,45.97,rocket-mewtwo-ex,Rocket's Mewtwo,30,37.78,,,,overall,2026-05-25T16:54:47.707937+00:00
SVI-DRI,34,1,dragapult-dusknoir,Dragapult Dusknoir,255,790,859,253,45.97,roaring-moon-ex,Roaring Moon,21,38.1,,,,overall,2026-05-25T16:54:47.707937+00:00
SVI-DRI,34,1,dragapult-dusknoir,Dragapult Dusknoir,255,790,859,253,45.97,charizard-pidgeot,Charizard Pidgeot,19,52.63,,,,overall,2026-05-25T16:54:47.707937+00:00
SVI-DRI,34,1,dragapult-dusknoir,Dragapult Dusknoir,255,790,859,253,45.97,ho-oh-armarouge,Ho-Oh Armarouge,17,33.33,,,,overall,2026-05-25T16:54:47.707937+00:00
SVI-DRI,34,1,dragapult-dusknoir,Dragapult Dusknoir,255,790,859,253,45.97,ceruledge-ex,Ceruledge,16,39.58,,,,overall,2026-05-25T16:54:47.707937+00:00
SVI-DRI,34,1,dragapult-dusknoir,Dragapult Dusknoir,255,790,859,253,45.97,n-zoroark,N's Zoroark,15,48.89,,,,overall,2026-05-25T16:54:47.707937+00:00
SVI-DRI,34,1,dragapult-dusknoir,Dragapult Dusknoir,255,790,859,253,45.97,toedscruel-ex,Toedscruel,15,28.89,,,,overall,2026-05-25T16:54:47.707937+00:00
SVI-DRI,34,1,dragapult-dusknoir,Dragapult Dusknoir,255,790,859,253,45.97,other,Other,13,82.05,,,,overall,2026-05-25T16:54:47.707937+00:00
SVI-DRI,34,1,dragapult-dusknoir,Dragapult Dusknoir,255,790,859,253,45.97,rocket-spidops,Rocket's Spidops,12,30.56,,,,overall,2026-05-25T16:54:47.707937+00:00
SVI-DRI,34,1,dragapult-dusknoir,Dragapult Dusknoir,255,790,859,253,45.97,yanmega-ex,Yanmega,12,72.22,,,,overall,2026-05-25T16:54:47.707937+00:00
SVI-DRI,34,1,dragapult-dusknoir,Dragapult Dusknoir,255,790,859,253,45.97,tera-box,Tera Box,11,27.27,,,,overall,2026-05-25T16:54:47.707937+00:00
SVI-DRI,34,1,dragapult-dusknoir,Dragapult Dusknoir,255,790,859,253,45.97,mamoswine-ex,Mamoswine,10,73.33,,,,overall,2026-05-25T16:54:47.707937+00:00
SVI-DRI,34,1,dragapult-dusknoir,Dragapult Dusknoir,255,790,859,253,45.97,froslass-munkidori,Froslass Munkidori,10,60.0,,,,overall,2026-05-25T16:54:47.707937+00:00
SVI-DRI,34,1,dragapult-dusknoir,Dragapult Dusknoir,255,790,859,253,45.97,archaludon-ex,Archaludon,9,48.15,,,,overall,2026-05-25T16:54:47.707937+00:00
SVI-DRI,34,1,dragapult-dusknoir,Dragapult Dusknoir,255,790,859,253,45.97,milotic-farigiraf,Milotic Farigiraf,8,54.17,,,,overall,2026-05-25T16:54:47.707937+00:00
SVI-DRI,34,1,dragapult-dusknoir,Dragapult Dusknoir,255,790,859,253,45.97,poison-archaludon,Poison Archaludon,7,57.14,,,,overall,2026-05-25T16:54:47.707937+00:00
SVI-DRI,34,1,dragapult-dusknoir,Dragapult Dusknoir,255,790,859,253,45.97,blaziken-ex-jtg,Blaziken,6,100.0,,,,overall,2026-05-25T16:54:47.707937+00:00
SVI-DRI,34,1,dragapult-dusknoir,Dragapult Dusknoir,255,790,859,253,45.97,great-tusk-tef,Great Tusk Mill,6,83.33,,,,overall,2026-05-25T16:54:47.707937+00:00
SVI-DRI,34,1,dragapult-dusknoir,Dragapult Dusknoir,255,790,859,253,45.97,hop-zacian,Hop's Zacian,6,11.11,,,,overall,2026-05-25T16:54:47.707937+00:00
SVI-DRI,34,1,dragapult-dusknoir,Dragapult Dusknoir,255,790,859,253,45.97,archaludon-zoroark,Archaludon Zoroark,6,77.78,,,,overall,2026-05-25T16:54:47.707937+00:00
SVI-DRI,34,1,dragapult-dusknoir,Dragapult Dusknoir,255,790,859,253,45.97,festival-lead,Festival Lead,5,80.0,,,,overall,2026-05-25T16:54:47.707937+00:00
SVI-DRI,34,1,dragapult-dusknoir,Dragapult Dusknoir,255,790,859,253,45.97,flareon-ex,Flareon,5,80.0,,,,overall,2026-05-25T16:54:47.707937+00:00
SVI-DRI,34,1,dragapult-dusknoir,Dragapult Dusknoir,255,790,859,253,45.97,future-box,Future Box,5,46.67,,,,overall,2026-05-25T16:54:47.707937+00:00
SVI-DRI,34,1,dragapult-dusknoir,Dragapult Dusknoir,255,790,859,253,45.97,charizard-dusknoir,Charizard Dusknoir,5,60.0,,,,overall,2026-05-25T16:54:47.707937+00:00
SVI-DRI,34,1,dragapult-dusknoir,Dragapult Dusknoir,255,790,859,253,45.97,roaring-moon-dudunsparce,Roaring Moon Dudunsparce,5,80.0,,,,overall,2026-05-25T16:54:47.707937+00:00
SVI-DRI,34,1,dragapult-dusknoir,Dragapult Dusknoir,255,790,859,253,45.97,hydrapple-ogerpon,Hydrapple Ogerpon,5,33.33,,,,overall,2026-05-25T16:54:47.707937+00:00
SVI-DRI,34,1,dragapult-dusknoir,Dragapult Dusknoir,255,790,859,253,45.97,blaziken-zoroark,Blaziken Zoroark,4,66.67,,,,overall,2026-05-25T16:54:47.707937+00:00
SVI-DRI,34,1,dragapult-dusknoir,Dragapult Dusknoir,255,790,859,253,45.97,terapagos-noctowl,Terapagos Noctowl,4,33.33,,,,overall,2026-05-25T16:54:47.707937+00:00
SVI-DRI,34,1,dragapult-dusknoir,Dragapult Dusknoir,255,790,859,253,45.97,iron-thorns-crustle,Iron Thorns Crustle,4,66.67,,,,overall,2026-05-25T16:54:47.707937+00:00
SVI-DRI,34,1,dragapult-dusknoir,Dragapult Dusknoir,255,790,859,253,45.97,dragapult-pidgeot,Dragapult Pidgeot,4,75.0,,,,overall,2026-05-25T16:54:47.707937+00:00
SVI-DRI,34,1,dragapult-dusknoir,Dragapult Dusknoir,255,790,859,253,45.97,gholdengo-dudunsparce,Gholdengo Dudunsparce,4,25.0,,,,overall,2026-05-25T16:54:47.707937+00:00
SVI-DRI,34,1,dragapult-dusknoir,Dragapult Dusknoir,255,790,859,253,45.97,charizard-noctowl,Charizard Noctowl,3,44.44,,,,overall,2026-05-25T16:54:47.707937+00:00
SVI-DRI,34,1,dragapult-dusknoir,Dragapult Dusknoir,255,790,859,253,45.97,marnie-grimmsnarl-ex,Marnie's Grimmsnarl,3,33.33,,,,overall,2026-05-25T16:54:47.707937+00:00
SVI-DRI,34,1,dragapult-dusknoir,Dragapult Dusknoir,255,790,859,253,45.97,slowking-scr,Slowking,3,100.0,,,,overall,2026-05-25T16:54:47.707937+00:00
SVI-DRI,34,1,dragapult-dusknoir,Dragapult Dusknoir,255,790,859,253,45.97,blissey-ex,Blissey,3,44.44,,,,overall,2026-05-25T16:54:47.707937+00:00
SVI-DRI,34,1,dragapult-dusknoir,Dragapult Dusknoir,255,790,859,253,45.97,iron-valiant-xatu,Iron Valiant Xatu,3,77.78,,,,overall,2026-05-25T16:54:47.707937+00:00
SVI-DRI,34,1,dragapult-dusknoir,Dragapult Dusknoir,255,790,859,253,45.97,rocket-nidoking-ex,Rocket's Nidoking,3,33.33,,,,overall,2026-05-25T16:54:47.707937+00:00
SVI-DRI,34,1,dragapult-dusknoir,Dragapult Dusknoir,255,790,859,253,45.97,iron-hands-ex,Future Hands,2,16.67,,,,overall,2026-05-25T16:54:47.707937+00:00
SVI-DRI,34,1,dragapult-dusknoir,Dragapult Dusknoir,255,790,859,253,45.97,copperajah-ex,Copperajah,2,0.0,,,,overall,2026-05-25T16:54:47.707937+00:00
SVI-DRI,34,1,dragapult-dusknoir,Dragapult Dusknoir,255,790,859,253,45.97,miraidon-ex,Miraidon,2,50.0,,,,overall,2026-05-25T16:54:47.707937+00:00
SVI-DRI,34,1,dragapult-dusknoir,Dragapult Dusknoir,255,790,859,253,45.97,dragapult-iron-thorns,Dragapult Iron Thorns,2,50.0,,,,overall,2026-05-25T16:54:47.707937+00:00
SVI-DRI,34,1,dragapult-dusknoir,Dragapult Dusknoir,255,790,859,253,45.97,okidogi-ex,Okidogi,2,50.0,,,,overall,2026-05-25T16:54:47.707937+00:00
SVI-DRI,34,1,dragapult-dusknoir,Dragapult Dusknoir,255,790,859,253,45.97,charizard-ex,Charizard,2,100.0,,,,overall,2026-05-25T16:54:47.707937+00:00
SVI-DRI,34,1,dragapult-dusknoir,Dragapult Dusknoir,255,790,859,253,45.97,spidops-ex,Spidops,2,50.0,,,,overall,2026-05-25T16:54:47.707937+00:00
SVI-DRI,34,1,dragapult-dusknoir,Dragapult Dusknoir,255,790,859,253,45.97,hydreigon-ex,Hydreigon,2,50.0,,,,overall,2026-05-25T16:54:47.707937+00:00
SVI-DRI,34,1,dragapult-dusknoir,Dragapult Dusknoir,255,790,859,253,45.97,chien-pao-baxcalibur,Chien-Pao Baxcalibur,2,0.0,,,,overall,2026-05-25T16:54:47.707937+00:00
SVI-DRI,34,1,dragapult-dusknoir,Dragapult Dusknoir,255,790,859,253,45.97,feraligatr-tef,Feraligatr,1,33.33,,,,overall,2026-05-25T16:54:47.707937+00:00
SVI-DRI,34,1,dragapult-dusknoir,Dragapult Dusknoir,255,790,859,253,45.97,sinistcha-ogerpon,Sinistcha Ogerpon,1,100.0,,,,overall,2026-05-25T16:54:47.707937+00:00
SVI-DRI,34,1,dragapult-dusknoir,Dragapult Dusknoir,255,790,859,253,45.97,rocket-porygon-z,Rocket's Porygon-Z,1,100.0,,,,overall,2026-05-25T16:54:47.707937+00:00
SVI-DRI,34,1,dragapult-dusknoir,Dragapult Dusknoir,255,790,859,253,45.97,flygon-ex-ssp,Flygon,1,100.0,,,,overall,2026-05-25T16:54:47.707937+00:00
SVI-DRI,34,1,dragapult-dusknoir,Dragapult Dusknoir,255,790,859,253,45.97,iron-thorns-crown,Future Thorns,1,0.0,,,,overall,2026-05-25T16:54:47.707937+00:00
SVI-DRI,34,1,dragapult-dusknoir,Dragapult Dusknoir,255,790,859,253,45.97,dragapult-froslass,Dragapult Froslass,1,33.33,,,,overall,2026-05-25T16:54:47.707937+00:00
SVI-DRI,34,1,dragapult-dusknoir,Dragapult Dusknoir,255,790,859,253,45.97,pidgeot-control,Pidgeot Control,1,100.0,,,,overall,2026-05-25T16:54:47.707937+00:00
SVI-DRI,34,1,dragapult-dusknoir,Dragapult Dusknoir,255,790,859,253,45.97,palafin-ex,Palafin,1,0.0,,,,overall,2026-05-25T16:54:47.707937+00:00
SVI-DRI,34,1,dragapult-dusknoir,Dragapult Dusknoir,255,790,859,253,45.97,banette-ex-sv,Banette,1,0.0,,,,overall,2026-05-25T16:54:47.707937+00:00
SVI-DRI,34,1,dragapult-ex,Dragapult,108,361,348,122,48.34,raging-bolt-ogerpon,Raging Bolt Ogerpon,128,53.13,,,,overall,2026-05-25T16:54:49.706598+00:00
SVI-DRI,34,1,dragapult-ex,Dragapult,108,361,348,122,48.34,grimmsnarl-froslass,Grimmsnarl Froslass,117,42.45,,,,overall,2026-05-25T16:54:49.706598+00:00
SVI-DRI,34,1,dragapult-ex,Dragapult,108,361,348,122,48.34,gardevoir-ex-sv,Gardevoir,101,35.97,,,,overall,2026-05-25T16:54:49.706598+00:00
SVI-DRI,34,1,dragapult-ex,Dragapult,108,361,348,122,48.34,joltik-box,Joltik Box,58,46.55,,,,overall,2026-05-25T16:54:49.706598+00:00
SVI-DRI,34,1,dragapult-ex,Dragapult,108,361,348,122,48.34,dragapult-charizard,Dragapult Charizard,57,48.54,,,,overall,2026-05-25T16:54:49.706598+00:00
SVI-DRI,34,1,dragapult-ex,Dragapult,108,361,348,122,48.34,dragapult-dusknoir,Dragapult Dusknoir,55,47.88,,,,overall,2026-05-25T16:54:49.706598+00:00
SVI-DRI,34,1,dragapult-ex,Dragapult,108,361,348,122,48.34,flareon-noctowl,Flareon Noctowl,52,53.85,,,,overall,2026-05-25T16:54:49.706598+00:00
SVI-DRI,34,1,dragapult-ex,Dragapult,108,361,348,122,48.34,gholdengo-dragapult,Gholdengo Dragapult,36,63.89,,,,overall,2026-05-25T16:54:49.706598+00:00
SVI-DRI,34,1,dragapult-ex,Dragapult,108,361,348,122,48.34,gholdengo-ex,Gholdengo,30,58.89,,,,overall,2026-05-25T16:54:49.706598+00:00
SVI-DRI,34,1,dragapult-ex,Dragapult,108,361,348,122,48.34,cynthia-garchomp-ex,Cynthia's Garchomp,17,50.98,,,,overall,2026-05-25T16:54:49.706598+00:00
SVI-DRI,34,1,dragapult-ex,Dragapult,108,361,348,122,48.34,toedscruel-ex,Toedscruel,14,38.1,,,,overall,2026-05-25T16:54:49.706598+00:00
SVI-DRI,34,1,dragapult-ex,Dragapult,108,361,348,122,48.34,rocket-mewtwo-ex,Rocket's Mewtwo,13,58.97,,,,overall,2026-05-25T16:54:49.706598+00:00
SVI-DRI,34,1,dragapult-ex,Dragapult,108,361,348,122,48.34,ethan-typhlosion,Ethan's Typhlosion,11,63.64,,,,overall,2026-05-25T16:54:49.706598+00:00
SVI-DRI,34,1,dragapult-ex,Dragapult,108,361,348,122,48.34,ho-oh-armarouge,Ho-Oh Armarouge,9,48.15,,,,overall,2026-05-25T16:54:49.706598+00:00
SVI-DRI,34,1,dragapult-ex,Dragapult,108,361,348,122,48.34,roaring-moon-ex,Roaring Moon,8,50.0,,,,overall,2026-05-25T16:54:49.706598+00:00
SVI-DRI,34,1,dragapult-ex,Dragapult,108,361,348,122,48.34,dragapult-ex,Dragapult,7,45.24,,,,overall,2026-05-25T16:54:49.706598+00:00
SVI-DRI,34,1,dragapult-ex,Dragapult,108,361,348,122,48.34,tera-box,Tera Box,7,61.9,,,,overall,2026-05-25T16:54:49.706598+00:00
SVI-DRI,34,1,dragapult-ex,Dragapult,108,361,348,122,48.34,yanmega-ex,Yanmega,6,27.78,,,,overall,2026-05-25T16:54:49.706598+00:00
SVI-DRI,34,1,dragapult-ex,Dragapult,108,361,348,122,48.34,charizard-pidgeot,Charizard Pidgeot,5,53.33,,,,overall,2026-05-25T16:54:49.706598+00:00
SVI-DRI,34,1,dragapult-ex,Dragapult,108,361,348,122,48.34,iron-thorns-crustle,Iron Thorns Crustle,5,53.33,,,,overall,2026-05-25T16:54:49.706598+00:00
SVI-DRI,34,1,dragapult-ex,Dragapult,108,361,348,122,48.34,archaludon-ex,Archaludon,5,40.0,,,,overall,2026-05-25T16:54:49.706598+00:00
SVI-DRI,34,1,dragapult-ex,Dragapult,108,361,348,122,48.34,rocket-spidops,Rocket's Spidops,4,25.0,,,,overall,2026-05-25T16:54:49.706598+00:00
SVI-DRI,34,1,dragapult-ex,Dragapult,108,361,348,122,48.34,roaring-moon-dudunsparce,Roaring Moon Dudunsparce,4,75.0,,,,overall,2026-05-25T16:54:49.706598+00:00
SVI-DRI,34,1,dragapult-ex,Dragapult,108,361,348,122,48.34,mamoswine-ex,Mamoswine,4,25.0,,,,overall,2026-05-25T16:54:49.706598+00:00
SVI-DRI,34,1,dragapult-ex,Dragapult,108,361,348,122,48.34,n-zoroark,N's Zoroark,4,8.33,,,,overall,2026-05-25T16:54:49.706598+00:00
SVI-DRI,34,1,dragapult-ex,Dragapult,108,361,348,122,48.34,blissey-ex,Blissey,3,0.0,,,,overall,2026-05-25T16:54:49.706598+00:00
SVI-DRI,34,1,dragapult-ex,Dragapult,108,361,348,122,48.34,archaludon-zoroark,Archaludon Zoroark,3,77.78,,,,overall,2026-05-25T16:54:49.706598+00:00
SVI-DRI,34,1,dragapult-ex,Dragapult,108,361,348,122,48.34,blaziken-ex-jtg,Blaziken,3,66.67,,,,overall,2026-05-25T16:54:49.706598+00:00
SVI-DRI,34,1,dragapult-ex,Dragapult,108,361,348,122,48.34,other,Other,3,66.67,,,,overall,2026-05-25T16:54:49.706598+00:00
SVI-DRI,34,1,dragapult-ex,Dragapult,108,361,348,122,48.34,marnie-grimmsnarl-ex,Marnie's Grimmsnarl,3,55.56,,,,overall,2026-05-25T16:54:49.706598+00:00
SVI-DRI,34,1,dragapult-ex,Dragapult,108,361,348,122,48.34,blaziken-zoroark,Blaziken Zoroark,3,44.44,,,,overall,2026-05-25T16:54:49.706598+00:00
SVI-DRI,34,1,dragapult-ex,Dragapult,108,361,348,122,48.34,charizard-dusknoir,Charizard Dusknoir,3,33.33,,,,overall,2026-05-25T16:54:49.706598+00:00
SVI-DRI,34,1,dragapult-ex,Dragapult,108,361,348,122,48.34,ceruledge-ex,Ceruledge,3,66.67,,,,overall,2026-05-25T16:54:49.706598+00:00
SVI-DRI,34,1,dragapult-ex,Dragapult,108,361,348,122,48.34,flareon-ex,Flareon,3,100.0,,,,overall,2026-05-25T16:54:49.706598+00:00
SVI-DRI,34,1,dragapult-ex,Dragapult,108,361,348,122,48.34,copperajah-ex,Copperajah,2,50.0,,,,overall,2026-05-25T16:54:49.706598+00:00
SVI-DRI,34,1,dragapult-ex,Dragapult,108,361,348,122,48.34,charizard-noctowl,Charizard Noctowl,2,33.33,,,,overall,2026-05-25T16:54:49.706598+00:00
SVI-DRI,34,1,dragapult-ex,Dragapult,108,361,348,122,48.34,hydreigon-ex,Hydreigon,2,16.67,,,,overall,2026-05-25T16:54:49.706598+00:00
SVI-DRI,34,1,dragapult-ex,Dragapult,108,361,348,122,48.34,terapagos-noctowl,Terapagos Noctowl,2,50.0,,,,overall,2026-05-25T16:54:49.706598+00:00
SVI-DRI,34,1,dragapult-ex,Dragapult,108,361,348,122,48.34,feraligatr-tef,Feraligatr,2,0.0,,,,overall,2026-05-25T16:54:49.706598+00:00
SVI-DRI,34,1,dragapult-ex,Dragapult,108,361,348,122,48.34,froslass-munkidori,Froslass Munkidori,2,0.0,,,,overall,2026-05-25T16:54:49.706598+00:00
SVI-DRI,34,1,dragapult-ex,Dragapult,108,361,348,122,48.34,hop-zacian,Hop's Zacian,2,100.0,,,,overall,2026-05-25T16:54:49.706598+00:00
SVI-DRI,34,1,dragapult-ex,Dragapult,108,361,348,122,48.34,slaking-ex,Slaking,1,33.33,,,,overall,2026-05-25T16:54:49.706598+00:00
SVI-DRI,34,1,dragapult-ex,Dragapult,108,361,348,122,48.34,gholdengo-dudunsparce,Gholdengo Dudunsparce,1,0.0,,,,overall,2026-05-25T16:54:49.706598+00:00
SVI-DRI,34,1,dragapult-ex,Dragapult,108,361,348,122,48.34,poison-archaludon,Poison Archaludon,1,100.0,,,,overall,2026-05-25T16:54:49.706598+00:00
SVI-DRI,34,1,dragapult-ex,Dragapult,108,361,348,122,48.34,dragapult-iron-thorns,Dragapult Iron Thorns,1,100.0,,,,overall,2026-05-25T16:54:49.706598+00:00
SVI-DRI,34,1,dragapult-ex,Dragapult,108,361,348,122,48.34,slowking-scr,Slowking,1,100.0,,,,overall,2026-05-25T16:54:49.706598+00:00
SVI-DRI,34,1,dragapult-ex,Dragapult,108,361,348,122,48.34,spidops-ex,Spidops,1,100.0,,,,overall,2026-05-25T16:54:49.706598+00:00
SVI-DRI,34,1,dragapult-ex,Dragapult,108,361,348,122,48.34,rocket-nidoking-ex,Rocket's Nidoking,1,100.0,,,,overall,2026-05-25T16:54:49.706598+00:00
SVI-DRI,34,1,dragapult-ex,Dragapult,108,361,348,122,48.34,espathra-froslass,Espathra Froslass,1,33.33,,,,overall,2026-05-25T16:54:49.706598+00:00
SVI-DRI,34,1,dragapult-ex,Dragapult,108,361,348,122,48.34,future-box,Future Box,1,100.0,,,,overall,2026-05-25T16:54:49.706598+00:00
SVI-DRI,34,1,dragapult-ex,Dragapult,108,361,348,122,48.34,festival-lead,Festival Lead,1,100.0,,,,overall,2026-05-25T16:54:49.706598+00:00
SVI-DRI,34,1,dragapult-ex,Dragapult,108,361,348,122,48.34,okidogi-ex,Okidogi,1,0.0,,,,overall,2026-05-25T16:54:49.706598+00:00
SVI-DRI,34,1,dragapult-ex,Dragapult,108,361,348,122,48.34,dragapult-pidgeot,Dragapult Pidgeot,1,0.0,,,,overall,2026-05-25T16:54:49.706598+00:00
SVI-DRI,34,1,dragapult-ex,Dragapult,108,361,348,122,48.34,charizard-ex,Charizard,1,100.0,,,,overall,2026-05-25T16:54:49.706598+00:00
SVI-DRI,34,1,dragapult-ex,Dragapult,108,361,348,122,48.34,ethan-magcargo,Ethan's Magcargo,1,100.0,,,,overall,2026-05-25T16:54:49.706598+00:00
SVI-DRI,34,1,dragapult-ex,Dragapult,108,361,348,122,48.34,sinistcha-ogerpon,Sinistcha Ogerpon,1,0.0,,,,overall,2026-05-25T16:54:49.706598+00:00
SVI-DRI,34,1,dragapult-ex,Dragapult,108,361,348,122,48.34,rocket-porygon-z,Rocket's Porygon-Z,1,100.0,,,,overall,2026-05-25T16:54:49.706598+00:00
SVI-DRI,34,1,dragapult-ex,Dragapult,108,361,348,122,48.34,milotic-farigiraf,Milotic Farigiraf,1,100.0,,,,overall,2026-05-25T16:54:49.706598+00:00
SVI-DRI,34,1,dragapult-ex,Dragapult,108,361,348,122,48.34,iron-thorns-ex,Iron Thorns,1,0.0,,,,overall,2026-05-25T16:54:49.706598+00:00
SVI-DRI,34,1,dragapult-ex,Dragapult,108,361,348,122,48.34,greninja-ex,Greninja,1,100.0,,,,overall,2026-05-25T16:54:49.706598+00:00
SVI-DRI,34,1,dragapult-ex,Dragapult,108,361,348,122,48.34,miraidon-ex,Miraidon,1,0.0,,,,overall,2026-05-25T16:54:49.706598+00:00
SVI-DRI,34,1,dragapult-ex,Dragapult,108,361,348,122,48.34,hydrapple-ogerpon,Hydrapple Ogerpon,1,0.0,,,,overall,2026-05-25T16:54:49.706598+00:00
SVI-DRI,34,1,dragapult-ex,Dragapult,108,361,348,122,48.34,great-tusk-tef,Great Tusk Mill,1,100.0,,,,overall,2026-05-25T16:54:49.706598+00:00
SVI-DRI,34,1,dragapult-froslass,Dragapult Froslass,4,14,13,6,48.48,grimmsnarl-froslass,Grimmsnarl Froslass,6,27.78,,,,overall,2026-05-25T16:54:51.679180+00:00
SVI-DRI,34,1,dragapult-froslass,Dragapult Froslass,4,14,13,6,48.48,raging-bolt-ogerpon,Raging Bolt Ogerpon,5,80.0,,,,overall,2026-05-25T16:54:51.679180+00:00
SVI-DRI,34,1,dragapult-froslass,Dragapult Froslass,4,14,13,6,48.48,flareon-noctowl,Flareon Noctowl,4,33.33,,,,overall,2026-05-25T16:54:51.679180+00:00
SVI-DRI,34,1,dragapult-froslass,Dragapult Froslass,4,14,13,6,48.48,joltik-box,Joltik Box,3,77.78,,,,overall,2026-05-25T16:54:51.679180+00:00
SVI-DRI,34,1,dragapult-froslass,Dragapult Froslass,4,14,13,6,48.48,gardevoir-ex-sv,Gardevoir,3,11.11,,,,overall,2026-05-25T16:54:51.679180+00:00
SVI-DRI,34,1,dragapult-froslass,Dragapult Froslass,4,14,13,6,48.48,cynthia-garchomp-ex,Cynthia's Garchomp,2,50.0,,,,overall,2026-05-25T16:54:51.679180+00:00
SVI-DRI,34,1,dragapult-froslass,Dragapult Froslass,4,14,13,6,48.48,dragapult-charizard,Dragapult Charizard,2,50.0,,,,overall,2026-05-25T16:54:51.679180+00:00
SVI-DRI,34,1,dragapult-froslass,Dragapult Froslass,4,14,13,6,48.48,n-zoroark,N's Zoroark,1,0.0,,,,overall,2026-05-25T16:54:51.679180+00:00
SVI-DRI,34,1,dragapult-froslass,Dragapult Froslass,4,14,13,6,48.48,ceruledge-ex,Ceruledge,1,0.0,,,,overall,2026-05-25T16:54:51.679180+00:00
SVI-DRI,34,1,dragapult-froslass,Dragapult Froslass,4,14,13,6,48.48,yanmega-ex,Yanmega,1,100.0,,,,overall,2026-05-25T16:54:51.679180+00:00
SVI-DRI,34,1,dragapult-froslass,Dragapult Froslass,4,14,13,6,48.48,iron-thorns-crustle,Iron Thorns Crustle,1,0.0,,,,overall,2026-05-25T16:54:51.679180+00:00
SVI-DRI,34,1,dragapult-froslass,Dragapult Froslass,4,14,13,6,48.48,dragapult-dusknoir,Dragapult Dusknoir,1,33.33,,,,overall,2026-05-25T16:54:51.679180+00:00
SVI-DRI,34,1,dragapult-froslass,Dragapult Froslass,4,14,13,6,48.48,roaring-moon-ex,Roaring Moon,1,100.0,,,,overall,2026-05-25T16:54:51.679180+00:00
SVI-DRI,34,1,dragapult-froslass,Dragapult Froslass,4,14,13,6,48.48,gholdengo-dragapult,Gholdengo Dragapult,1,100.0,,,,overall,2026-05-25T16:54:51.679180+00:00
SVI-DRI,34,1,dragapult-froslass,Dragapult Froslass,4,14,13,6,48.48,toedscruel-ex,Toedscruel,1,100.0,,,,overall,2026-05-25T16:54:51.679180+00:00
SVI-DRI,34,1,dragapult-iron-thorns,Dragapult Iron Thorns,2,6,9,2,39.22,joltik-box,Joltik Box,5,26.67,,,,overall,2026-05-25T16:54:53.635031+00:00
SVI-DRI,34,1,dragapult-iron-thorns,Dragapult Iron Thorns,2,6,9,2,39.22,dragapult-dusknoir,Dragapult Dusknoir,2,50.0,,,,overall,2026-05-25T16:54:53.635031+00:00
SVI-DRI,34,1,dragapult-iron-thorns,Dragapult Iron Thorns,2,6,9,2,39.22,gardevoir-ex-sv,Gardevoir,2,0.0,,,,overall,2026-05-25T16:54:53.635031+00:00
SVI-DRI,34,1,dragapult-iron-thorns,Dragapult Iron Thorns,2,6,9,2,39.22,grimmsnarl-froslass,Grimmsnarl Froslass,2,50.0,,,,overall,2026-05-25T16:54:53.635031+00:00
SVI-DRI,34,1,dragapult-iron-thorns,Dragapult Iron Thorns,2,6,9,2,39.22,dragapult-ex,Dragapult,1,0.0,,,,overall,2026-05-25T16:54:53.635031+00:00
SVI-DRI,34,1,dragapult-iron-thorns,Dragapult Iron Thorns,2,6,9,2,39.22,ethan-typhlosion,Ethan's Typhlosion,1,100.0,,,,overall,2026-05-25T16:54:53.635031+00:00
SVI-DRI,34,1,dragapult-iron-thorns,Dragapult Iron Thorns,2,6,9,2,39.22,gholdengo-dragapult,Gholdengo Dragapult,1,33.33,,,,overall,2026-05-25T16:54:53.635031+00:00
SVI-DRI,34,1,dragapult-iron-thorns,Dragapult Iron Thorns,2,6,9,2,39.22,cynthia-garchomp-ex,Cynthia's Garchomp,1,100.0,,,,overall,2026-05-25T16:54:53.635031+00:00
SVI-DRI,34,1,dragapult-iron-thorns,Dragapult Iron Thorns,2,6,9,2,39.22,slaking-ex,Slaking,1,100.0,,,,overall,2026-05-25T16:54:53.635031+00:00
SVI-DRI,34,1,dragapult-iron-thorns,Dragapult Iron Thorns,2,6,9,2,39.22,raging-bolt-ogerpon,Raging Bolt Ogerpon,1,0.0,,,,overall,2026-05-25T16:54:53.635031+00:00
SVI-DRI,34,1,dragapult-pidgeot,Dragapult Pidgeot,9,23,36,14,37.9,gardevoir-ex-sv,Gardevoir,15,42.22,,,,overall,2026-05-25T16:54:55.584283+00:00
SVI-DRI,34,1,dragapult-pidgeot,Dragapult Pidgeot,9,23,36,14,37.9,raging-bolt-ogerpon,Raging Bolt Ogerpon,9,62.96,,,,overall,2026-05-25T16:54:55.584283+00:00
SVI-DRI,34,1,dragapult-pidgeot,Dragapult Pidgeot,9,23,36,14,37.9,grimmsnarl-froslass,Grimmsnarl Froslass,7,28.57,,,,overall,2026-05-25T16:54:55.584283+00:00
SVI-DRI,34,1,dragapult-pidgeot,Dragapult Pidgeot,9,23,36,14,37.9,flareon-noctowl,Flareon Noctowl,6,22.22,,,,overall,2026-05-25T16:54:55.584283+00:00
SVI-DRI,34,1,dragapult-pidgeot,Dragapult Pidgeot,9,23,36,14,37.9,joltik-box,Joltik Box,6,0.0,,,,overall,2026-05-25T16:54:55.584283+00:00
SVI-DRI,34,1,dragapult-pidgeot,Dragapult Pidgeot,9,23,36,14,37.9,gholdengo-dragapult,Gholdengo Dragapult,5,26.67,,,,overall,2026-05-25T16:54:55.584283+00:00
SVI-DRI,34,1,dragapult-pidgeot,Dragapult Pidgeot,9,23,36,14,37.9,cynthia-garchomp-ex,Cynthia's Garchomp,4,50.0,,,,overall,2026-05-25T16:54:55.584283+00:00
SVI-DRI,34,1,dragapult-pidgeot,Dragapult Pidgeot,9,23,36,14,37.9,dragapult-dusknoir,Dragapult Dusknoir,4,25.0,,,,overall,2026-05-25T16:54:55.584283+00:00
SVI-DRI,34,1,dragapult-pidgeot,Dragapult Pidgeot,9,23,36,14,37.9,dragapult-charizard,Dragapult Charizard,4,33.33,,,,overall,2026-05-25T16:54:55.584283+00:00
SVI-DRI,34,1,dragapult-pidgeot,Dragapult Pidgeot,9,23,36,14,37.9,gholdengo-ex,Gholdengo,3,0.0,,,,overall,2026-05-25T16:54:55.584283+00:00
SVI-DRI,34,1,dragapult-pidgeot,Dragapult Pidgeot,9,23,36,14,37.9,ceruledge-ex,Ceruledge,2,50.0,,,,overall,2026-05-25T16:54:55.584283+00:00
SVI-DRI,34,1,dragapult-pidgeot,Dragapult Pidgeot,9,23,36,14,37.9,okidogi-twm,Okidogi,1,100.0,,,,overall,2026-05-25T16:54:55.584283+00:00
SVI-DRI,34,1,dragapult-pidgeot,Dragapult Pidgeot,9,23,36,14,37.9,ethan-typhlosion,Ethan's Typhlosion,1,100.0,,,,overall,2026-05-25T16:54:55.584283+00:00
SVI-DRI,34,1,dragapult-pidgeot,Dragapult Pidgeot,9,23,36,14,37.9,charizard-ex,Charizard,1,100.0,,,,overall,2026-05-25T16:54:55.584283+00:00
SVI-DRI,34,1,dragapult-pidgeot,Dragapult Pidgeot,9,23,36,14,37.9,rocket-mewtwo-ex,Rocket's Mewtwo,1,33.33,,,,overall,2026-05-25T16:54:55.584283+00:00
SVI-DRI,34,1,dragapult-pidgeot,Dragapult Pidgeot,9,23,36,14,37.9,dragapult-ex,Dragapult,1,100.0,,,,overall,2026-05-25T16:54:55.584283+00:00
SVI-DRI,34,1,dragapult-pidgeot,Dragapult Pidgeot,9,23,36,14,37.9,mamoswine-ex,Mamoswine,1,100.0,,,,overall,2026-05-25T16:54:55.584283+00:00
SVI-DRI,34,1,dragapult-pidgeot,Dragapult Pidgeot,9,23,36,14,37.9,blaziken-zoroark,Blaziken Zoroark,1,33.33,,,,overall,2026-05-25T16:54:55.584283+00:00
SVI-DRI,34,1,dragapult-pidgeot,Dragapult Pidgeot,9,23,36,14,37.9,yanmega-ex,Yanmega,1,0.0,,,,overall,2026-05-25T16:54:55.584283+00:00
SVI-DRI,34,1,dragapult-zoroark,Dragapult Zoroark,1,10,2,1,79.49,raging-bolt-ogerpon,Raging Bolt Ogerpon,4,100.0,,,,overall,2026-05-25T16:54:57.560856+00:00
SVI-DRI,34,1,dragapult-zoroark,Dragapult Zoroark,1,10,2,1,79.49,gardevoir-ex-sv,Gardevoir,3,66.67,,,,overall,2026-05-25T16:54:57.560856+00:00
SVI-DRI,34,1,dragapult-zoroark,Dragapult Zoroark,1,10,2,1,79.49,n-zoroark,N's Zoroark,1,100.0,,,,overall,2026-05-25T16:54:57.560856+00:00
SVI-DRI,34,1,dragapult-zoroark,Dragapult Zoroark,1,10,2,1,79.49,dragapult-charizard,Dragapult Charizard,1,100.0,,,,overall,2026-05-25T16:54:57.560856+00:00
SVI-DRI,34,1,dragapult-zoroark,Dragapult Zoroark,1,10,2,1,79.49,joltik-box,Joltik Box,1,100.0,,,,overall,2026-05-25T16:54:57.560856+00:00
SVI-DRI,34,1,dragapult-zoroark,Dragapult Zoroark,1,10,2,1,79.49,grimmsnarl-froslass,Grimmsnarl Froslass,1,100.0,,,,overall,2026-05-25T16:54:57.560856+00:00
SVI-DRI,34,1,dragapult-zoroark,Dragapult Zoroark,1,10,2,1,79.49,toedscruel-ex,Toedscruel,1,0.0,,,,overall,2026-05-25T16:54:57.560856+00:00
SVI-DRI,34,1,dragapult-zoroark,Dragapult Zoroark,1,10,2,1,79.49,gholdengo-dragapult,Gholdengo Dragapult,1,33.33,,,,overall,2026-05-25T16:54:57.560856+00:00
SVI-DRI,34,1,espathra-froslass,Espathra Froslass,4,9,15,3,37.04,raging-bolt-ogerpon,Raging Bolt Ogerpon,5,20.0,,,,overall,2026-05-25T16:54:59.529858+00:00
SVI-DRI,34,1,espathra-froslass,Espathra Froslass,4,9,15,3,37.04,gardevoir-ex-sv,Gardevoir,4,33.33,,,,overall,2026-05-25T16:54:59.529858+00:00
SVI-DRI,34,1,espathra-froslass,Espathra Froslass,4,9,15,3,37.04,charizard-pidgeot,Charizard Pidgeot,3,33.33,,,,overall,2026-05-25T16:54:59.529858+00:00
SVI-DRI,34,1,espathra-froslass,Espathra Froslass,4,9,15,3,37.04,flareon-noctowl,Flareon Noctowl,2,0.0,,,,overall,2026-05-25T16:54:59.529858+00:00
SVI-DRI,34,1,espathra-froslass,Espathra Froslass,4,9,15,3,37.04,gholdengo-dragapult,Gholdengo Dragapult,2,0.0,,,,overall,2026-05-25T16:54:59.529858+00:00
SVI-DRI,34,1,espathra-froslass,Espathra Froslass,4,9,15,3,37.04,grimmsnarl-froslass,Grimmsnarl Froslass,2,50.0,,,,overall,2026-05-25T16:54:59.529858+00:00
SVI-DRI,34,1,espathra-froslass,Espathra Froslass,4,9,15,3,37.04,dragapult-charizard,Dragapult Charizard,2,50.0,,,,overall,2026-05-25T16:54:59.529858+00:00
SVI-DRI,34,1,espathra-froslass,Espathra Froslass,4,9,15,3,37.04,froslass-munkidori,Froslass Munkidori,2,50.0,,,,overall,2026-05-25T16:54:59.529858+00:00
SVI-DRI,34,1,espathra-froslass,Espathra Froslass,4,9,15,3,37.04,dragapult-ex,Dragapult,1,33.33,,,,overall,2026-05-25T16:54:59.529858+00:00
SVI-DRI,34,1,espathra-froslass,Espathra Froslass,4,9,15,3,37.04,n-zoroark,N's Zoroark,1,100.0,,,,overall,2026-05-25T16:54:59.529858+00:00
SVI-DRI,34,1,espathra-froslass,Espathra Froslass,4,9,15,3,37.04,tera-box,Tera Box,1,33.33,,,,overall,2026-05-25T16:54:59.529858+00:00
SVI-DRI,34,1,espathra-froslass,Espathra Froslass,4,9,15,3,37.04,roaring-moon-ex,Roaring Moon,1,100.0,,,,overall,2026-05-25T16:54:59.529858+00:00
SVI-DRI,34,1,espathra-froslass,Espathra Froslass,4,9,15,3,37.04,ethan-typhlosion,Ethan's Typhlosion,1,100.0,,,,overall,2026-05-25T16:54:59.529858+00:00
SVI-DRI,34,1,ethan-magcargo,Ethan's Magcargo,2,5,7,1,41.03,grimmsnarl-froslass,Grimmsnarl Froslass,4,33.33,,,,overall,2026-05-25T16:55:01.522032+00:00
SVI-DRI,34,1,ethan-magcargo,Ethan's Magcargo,2,5,7,1,41.03,flareon-noctowl,Flareon Noctowl,2,50.0,,,,overall,2026-05-25T16:55:01.522032+00:00
SVI-DRI,34,1,ethan-magcargo,Ethan's Magcargo,2,5,7,1,41.03,raging-bolt-ogerpon,Raging Bolt Ogerpon,2,50.0,,,,overall,2026-05-25T16:55:01.522032+00:00
SVI-DRI,34,1,ethan-magcargo,Ethan's Magcargo,2,5,7,1,41.03,joltik-box,Joltik Box,1,0.0,,,,overall,2026-05-25T16:55:01.522032+00:00
SVI-DRI,34,1,ethan-magcargo,Ethan's Magcargo,2,5,7,1,41.03,dragapult-ex,Dragapult,1,0.0,,,,overall,2026-05-25T16:55:01.522032+00:00
SVI-DRI,34,1,ethan-magcargo,Ethan's Magcargo,2,5,7,1,41.03,rocket-mewtwo-ex,Rocket's Mewtwo,1,100.0,,,,overall,2026-05-25T16:55:01.522032+00:00
SVI-DRI,34,1,ethan-magcargo,Ethan's Magcargo,2,5,7,1,41.03,gardevoir-ex-sv,Gardevoir,1,100.0,,,,overall,2026-05-25T16:55:01.522032+00:00
SVI-DRI,34,1,ethan-magcargo,Ethan's Magcargo,2,5,7,1,41.03,dragapult-charizard,Dragapult Charizard,1,0.0,,,,overall,2026-05-25T16:55:01.522032+00:00
SVI-DRI,34,1,ethan-typhlosion,Ethan's Typhlosion,72,182,232,82,42.2,raging-bolt-ogerpon,Raging Bolt Ogerpon,82,56.91,,,,overall,2026-05-25T16:55:03.536540+00:00
SVI-DRI,34,1,ethan-typhlosion,Ethan's Typhlosion,72,182,232,82,42.2,grimmsnarl-froslass,Grimmsnarl Froslass,63,20.11,,,,overall,2026-05-25T16:55:03.536540+00:00
SVI-DRI,34,1,ethan-typhlosion,Ethan's Typhlosion,72,182,232,82,42.2,gardevoir-ex-sv,Gardevoir,52,26.28,,,,overall,2026-05-25T16:55:03.536540+00:00
SVI-DRI,34,1,ethan-typhlosion,Ethan's Typhlosion,72,182,232,82,42.2,joltik-box,Joltik Box,41,59.35,,,,overall,2026-05-25T16:55:03.536540+00:00
SVI-DRI,34,1,ethan-typhlosion,Ethan's Typhlosion,72,182,232,82,42.2,dragapult-charizard,Dragapult Charizard,35,19.05,,,,overall,2026-05-25T16:55:03.536540+00:00
SVI-DRI,34,1,ethan-typhlosion,Ethan's Typhlosion,72,182,232,82,42.2,dragapult-dusknoir,Dragapult Dusknoir,30,32.22,,,,overall,2026-05-25T16:55:03.536540+00:00
SVI-DRI,34,1,ethan-typhlosion,Ethan's Typhlosion,72,182,232,82,42.2,flareon-noctowl,Flareon Noctowl,25,53.33,,,,overall,2026-05-25T16:55:03.536540+00:00
SVI-DRI,34,1,ethan-typhlosion,Ethan's Typhlosion,72,182,232,82,42.2,gholdengo-dragapult,Gholdengo Dragapult,23,65.22,,,,overall,2026-05-25T16:55:03.536540+00:00
SVI-DRI,34,1,ethan-typhlosion,Ethan's Typhlosion,72,182,232,82,42.2,gholdengo-ex,Gholdengo,20,91.67,,,,overall,2026-05-25T16:55:03.536540+00:00
SVI-DRI,34,1,ethan-typhlosion,Ethan's Typhlosion,72,182,232,82,42.2,rocket-mewtwo-ex,Rocket's Mewtwo,14,40.48,,,,overall,2026-05-25T16:55:03.536540+00:00
SVI-DRI,34,1,ethan-typhlosion,Ethan's Typhlosion,72,182,232,82,42.2,dragapult-ex,Dragapult,11,27.27,,,,overall,2026-05-25T16:55:03.536540+00:00
SVI-DRI,34,1,ethan-typhlosion,Ethan's Typhlosion,72,182,232,82,42.2,ceruledge-ex,Ceruledge,7,52.38,,,,overall,2026-05-25T16:55:03.536540+00:00
SVI-DRI,34,1,ethan-typhlosion,Ethan's Typhlosion,72,182,232,82,42.2,cynthia-garchomp-ex,Cynthia's Garchomp,7,14.29,,,,overall,2026-05-25T16:55:03.536540+00:00
SVI-DRI,34,1,ethan-typhlosion,Ethan's Typhlosion,72,182,232,82,42.2,terapagos-noctowl,Terapagos Noctowl,6,50.0,,,,overall,2026-05-25T16:55:03.536540+00:00
SVI-DRI,34,1,ethan-typhlosion,Ethan's Typhlosion,72,182,232,82,42.2,rocket-spidops,Rocket's Spidops,6,50.0,,,,overall,2026-05-25T16:55:03.536540+00:00
SVI-DRI,34,1,ethan-typhlosion,Ethan's Typhlosion,72,182,232,82,42.2,n-zoroark,N's Zoroark,6,33.33,,,,overall,2026-05-25T16:55:03.536540+00:00
SVI-DRI,34,1,ethan-typhlosion,Ethan's Typhlosion,72,182,232,82,42.2,roaring-moon-ex,Roaring Moon,5,40.0,,,,overall,2026-05-25T16:55:03.536540+00:00
SVI-DRI,34,1,ethan-typhlosion,Ethan's Typhlosion,72,182,232,82,42.2,ethan-typhlosion,Ethan's Typhlosion,4,50.0,,,,overall,2026-05-25T16:55:03.536540+00:00
SVI-DRI,34,1,ethan-typhlosion,Ethan's Typhlosion,72,182,232,82,42.2,hydrapple-ogerpon,Hydrapple Ogerpon,4,50.0,,,,overall,2026-05-25T16:55:03.536540+00:00
SVI-DRI,34,1,ethan-typhlosion,Ethan's Typhlosion,72,182,232,82,42.2,charizard-pidgeot,Charizard Pidgeot,4,25.0,,,,overall,2026-05-25T16:55:03.536540+00:00
SVI-DRI,34,1,ethan-typhlosion,Ethan's Typhlosion,72,182,232,82,42.2,archaludon-ex,Archaludon,4,8.33,,,,overall,2026-05-25T16:55:03.536540+00:00
SVI-DRI,34,1,ethan-typhlosion,Ethan's Typhlosion,72,182,232,82,42.2,tera-box,Tera Box,3,22.22,,,,overall,2026-05-25T16:55:03.536540+00:00
SVI-DRI,34,1,ethan-typhlosion,Ethan's Typhlosion,72,182,232,82,42.2,froslass-munkidori,Froslass Munkidori,3,44.44,,,,overall,2026-05-25T16:55:03.536540+00:00
SVI-DRI,34,1,ethan-typhlosion,Ethan's Typhlosion,72,182,232,82,42.2,toedscruel-ex,Toedscruel,3,33.33,,,,overall,2026-05-25T16:55:03.536540+00:00
SVI-DRI,34,1,ethan-typhlosion,Ethan's Typhlosion,72,182,232,82,42.2,other,Other,3,66.67,,,,overall,2026-05-25T16:55:03.536540+00:00
SVI-DRI,34,1,ethan-typhlosion,Ethan's Typhlosion,72,182,232,82,42.2,hop-zacian,Hop's Zacian,2,0.0,,,,overall,2026-05-25T16:55:03.536540+00:00
SVI-DRI,34,1,ethan-typhlosion,Ethan's Typhlosion,72,182,232,82,42.2,festival-lead,Festival Lead,2,100.0,,,,overall,2026-05-25T16:55:03.536540+00:00
SVI-DRI,34,1,ethan-typhlosion,Ethan's Typhlosion,72,182,232,82,42.2,yanmega-ex,Yanmega,2,50.0,,,,overall,2026-05-25T16:55:03.536540+00:00
SVI-DRI,34,1,ethan-typhlosion,Ethan's Typhlosion,72,182,232,82,42.2,poison-archaludon,Poison Archaludon,2,50.0,,,,overall,2026-05-25T16:55:03.536540+00:00
SVI-DRI,34,1,ethan-typhlosion,Ethan's Typhlosion,72,182,232,82,42.2,ho-oh-armarouge,Ho-Oh Armarouge,2,50.0,,,,overall,2026-05-25T16:55:03.536540+00:00
SVI-DRI,34,1,ethan-typhlosion,Ethan's Typhlosion,72,182,232,82,42.2,charizard-dusknoir,Charizard Dusknoir,2,16.67,,,,overall,2026-05-25T16:55:03.536540+00:00
SVI-DRI,34,1,ethan-typhlosion,Ethan's Typhlosion,72,182,232,82,42.2,milotic-farigiraf,Milotic Farigiraf,1,100.0,,,,overall,2026-05-25T16:55:03.536540+00:00
SVI-DRI,34,1,ethan-typhlosion,Ethan's Typhlosion,72,182,232,82,42.2,banette-ex-sv,Banette,1,0.0,,,,overall,2026-05-25T16:55:03.536540+00:00
SVI-DRI,34,1,ethan-typhlosion,Ethan's Typhlosion,72,182,232,82,42.2,dragapult-iron-thorns,Dragapult Iron Thorns,1,0.0,,,,overall,2026-05-25T16:55:03.536540+00:00
SVI-DRI,34,1,ethan-typhlosion,Ethan's Typhlosion,72,182,232,82,42.2,hydreigon-ex,Hydreigon,1,0.0,,,,overall,2026-05-25T16:55:03.536540+00:00
SVI-DRI,34,1,ethan-typhlosion,Ethan's Typhlosion,72,182,232,82,42.2,dragapult-pidgeot,Dragapult Pidgeot,1,0.0,,,,overall,2026-05-25T16:55:03.536540+00:00
SVI-DRI,34,1,ethan-typhlosion,Ethan's Typhlosion,72,182,232,82,42.2,reging-bolt-bellibolt,Raging Bolt Bellibolt,1,100.0,,,,overall,2026-05-25T16:55:03.536540+00:00
SVI-DRI,34,1,ethan-typhlosion,Ethan's Typhlosion,72,182,232,82,42.2,spidops-ex,Spidops,1,0.0,,,,overall,2026-05-25T16:55:03.536540+00:00
SVI-DRI,34,1,ethan-typhlosion,Ethan's Typhlosion,72,182,232,82,42.2,okidogi-ex,Okidogi,1,100.0,,,,overall,2026-05-25T16:55:03.536540+00:00
SVI-DRI,34,1,ethan-typhlosion,Ethan's Typhlosion,72,182,232,82,42.2,slowking-scr,Slowking,1,33.33,,,,overall,2026-05-25T16:55:03.536540+00:00
SVI-DRI,34,1,ethan-typhlosion,Ethan's Typhlosion,72,182,232,82,42.2,charizard-noctowl,Charizard Noctowl,1,33.33,,,,overall,2026-05-25T16:55:03.536540+00:00
SVI-DRI,34,1,ethan-typhlosion,Ethan's Typhlosion,72,182,232,82,42.2,sinistcha-ogerpon,Sinistcha Ogerpon,1,33.33,,,,overall,2026-05-25T16:55:03.536540+00:00
SVI-DRI,34,1,ethan-typhlosion,Ethan's Typhlosion,72,182,232,82,42.2,espathra-froslass,Espathra Froslass,1,0.0,,,,overall,2026-05-25T16:55:03.536540+00:00
SVI-DRI,34,1,ethan-typhlosion,Ethan's Typhlosion,72,182,232,82,42.2,gholdengo-dudunsparce,Gholdengo Dudunsparce,1,100.0,,,,overall,2026-05-25T16:55:03.536540+00:00
SVI-DRI,34,1,ethan-typhlosion,Ethan's Typhlosion,72,182,232,82,42.2,pidgeot-control,Pidgeot Control,1,0.0,,,,overall,2026-05-25T16:55:03.536540+00:00
SVI-DRI,34,1,ethan-typhlosion,Ethan's Typhlosion,72,182,232,82,42.2,iron-thorns-crustle,Iron Thorns Crustle,1,100.0,,,,overall,2026-05-25T16:55:03.536540+00:00
SVI-DRI,34,1,ethan-typhlosion,Ethan's Typhlosion,72,182,232,82,42.2,great-tusk-tef,Great Tusk Mill,1,0.0,,,,overall,2026-05-25T16:55:03.536540+00:00
SVI-DRI,34,1,ethan-typhlosion,Ethan's Typhlosion,72,182,232,82,42.2,iron-thorns-crown,Future Thorns,1,100.0,,,,overall,2026-05-25T16:55:03.536540+00:00
SVI-DRI,34,1,feraligatr-tef,Feraligatr,5,11,14,7,41.67,raging-bolt-ogerpon,Raging Bolt Ogerpon,7,38.1,,,,overall,2026-05-25T16:55:05.523946+00:00
SVI-DRI,34,1,feraligatr-tef,Feraligatr,5,11,14,7,41.67,grimmsnarl-froslass,Grimmsnarl Froslass,6,27.78,,,,overall,2026-05-25T16:55:05.523946+00:00
SVI-DRI,34,1,feraligatr-tef,Feraligatr,5,11,14,7,41.67,gardevoir-ex-sv,Gardevoir,3,33.33,,,,overall,2026-05-25T16:55:05.523946+00:00
SVI-DRI,34,1,feraligatr-tef,Feraligatr,5,11,14,7,41.67,gholdengo-ex,Gholdengo,3,11.11,,,,overall,2026-05-25T16:55:05.523946+00:00
SVI-DRI,34,1,feraligatr-tef,Feraligatr,5,11,14,7,41.67,dragapult-charizard,Dragapult Charizard,3,66.67,,,,overall,2026-05-25T16:55:05.523946+00:00
SVI-DRI,34,1,feraligatr-tef,Feraligatr,5,11,14,7,41.67,dragapult-ex,Dragapult,2,100.0,,,,overall,2026-05-25T16:55:05.523946+00:00
SVI-DRI,34,1,feraligatr-tef,Feraligatr,5,11,14,7,41.67,dragapult-dusknoir,Dragapult Dusknoir,1,33.33,,,,overall,2026-05-25T16:55:05.523946+00:00
SVI-DRI,34,1,feraligatr-tef,Feraligatr,5,11,14,7,41.67,gholdengo-dragapult,Gholdengo Dragapult,1,0.0,,,,overall,2026-05-25T16:55:05.523946+00:00
SVI-DRI,34,1,feraligatr-tef,Feraligatr,5,11,14,7,41.67,charizard-dusknoir,Charizard Dusknoir,1,100.0,,,,overall,2026-05-25T16:55:05.523946+00:00
SVI-DRI,34,1,feraligatr-tef,Feraligatr,5,11,14,7,41.67,rocket-mewtwo-ex,Rocket's Mewtwo,1,0.0,,,,overall,2026-05-25T16:55:05.523946+00:00
SVI-DRI,34,1,feraligatr-tef,Feraligatr,5,11,14,7,41.67,blaziken-zoroark,Blaziken Zoroark,1,100.0,,,,overall,2026-05-25T16:55:05.523946+00:00
SVI-DRI,34,1,feraligatr-tef,Feraligatr,5,11,14,7,41.67,roaring-moon-ex,Roaring Moon,1,33.33,,,,overall,2026-05-25T16:55:05.523946+00:00
SVI-DRI,34,1,feraligatr-tef,Feraligatr,5,11,14,7,41.67,iron-thorns-crustle,Iron Thorns Crustle,1,100.0,,,,overall,2026-05-25T16:55:05.523946+00:00
SVI-DRI,34,1,feraligatr-tef,Feraligatr,5,11,14,7,41.67,miraidon-ex,Miraidon,1,0.0,,,,overall,2026-05-25T16:55:05.523946+00:00
SVI-DRI,34,1,festival-lead,Festival Lead,11,28,40,7,40.44,raging-bolt-ogerpon,Raging Bolt Ogerpon,18,55.56,,,,overall,2026-05-25T16:55:07.493453+00:00
SVI-DRI,34,1,festival-lead,Festival Lead,11,28,40,7,40.44,joltik-box,Joltik Box,7,28.57,,,,overall,2026-05-25T16:55:07.493453+00:00
SVI-DRI,34,1,festival-lead,Festival Lead,11,28,40,7,40.44,dragapult-charizard,Dragapult Charizard,7,28.57,,,,overall,2026-05-25T16:55:07.493453+00:00
SVI-DRI,34,1,festival-lead,Festival Lead,11,28,40,7,40.44,flareon-noctowl,Flareon Noctowl,6,16.67,,,,overall,2026-05-25T16:55:07.493453+00:00
SVI-DRI,34,1,festival-lead,Festival Lead,11,28,40,7,40.44,grimmsnarl-froslass,Grimmsnarl Froslass,6,66.67,,,,overall,2026-05-25T16:55:07.493453+00:00
SVI-DRI,34,1,festival-lead,Festival Lead,11,28,40,7,40.44,dragapult-dusknoir,Dragapult Dusknoir,5,20.0,,,,overall,2026-05-25T16:55:07.493453+00:00
SVI-DRI,34,1,festival-lead,Festival Lead,11,28,40,7,40.44,gardevoir-ex-sv,Gardevoir,3,11.11,,,,overall,2026-05-25T16:55:07.493453+00:00
SVI-DRI,34,1,festival-lead,Festival Lead,11,28,40,7,40.44,roaring-moon-ex,Roaring Moon,3,11.11,,,,overall,2026-05-25T16:55:07.493453+00:00
SVI-DRI,34,1,festival-lead,Festival Lead,11,28,40,7,40.44,toedscruel-ex,Toedscruel,2,50.0,,,,overall,2026-05-25T16:55:07.493453+00:00
SVI-DRI,34,1,festival-lead,Festival Lead,11,28,40,7,40.44,ethan-typhlosion,Ethan's Typhlosion,2,0.0,,,,overall,2026-05-25T16:55:07.493453+00:00
SVI-DRI,34,1,festival-lead,Festival Lead,11,28,40,7,40.44,cynthia-garchomp-ex,Cynthia's Garchomp,2,100.0,,,,overall,2026-05-25T16:55:07.493453+00:00
SVI-DRI,34,1,festival-lead,Festival Lead,11,28,40,7,40.44,gholdengo-dragapult,Gholdengo Dragapult,2,50.0,,,,overall,2026-05-25T16:55:07.493453+00:00
SVI-DRI,34,1,festival-lead,Festival Lead,11,28,40,7,40.44,gholdengo-ex,Gholdengo,2,50.0,,,,overall,2026-05-25T16:55:07.493453+00:00
SVI-DRI,34,1,festival-lead,Festival Lead,11,28,40,7,40.44,ceruledge-ex,Ceruledge,1,100.0,,,,overall,2026-05-25T16:55:07.493453+00:00
SVI-DRI,34,1,festival-lead,Festival Lead,11,28,40,7,40.44,reging-bolt-bellibolt,Raging Bolt Bellibolt,1,100.0,,,,overall,2026-05-25T16:55:07.493453+00:00
SVI-DRI,34,1,festival-lead,Festival Lead,11,28,40,7,40.44,charizard-pidgeot,Charizard Pidgeot,1,100.0,,,,overall,2026-05-25T16:55:07.493453+00:00
SVI-DRI,34,1,festival-lead,Festival Lead,11,28,40,7,40.44,dragapult-ex,Dragapult,1,0.0,,,,overall,2026-05-25T16:55:07.493453+00:00
SVI-DRI,34,1,festival-lead,Festival Lead,11,28,40,7,40.44,tsareena-ex,Tsareena,1,100.0,,,,overall,2026-05-25T16:55:07.493453+00:00
SVI-DRI,34,1,festival-lead,Festival Lead,11,28,40,7,40.44,mamoswine-ex,Mamoswine,1,33.33,,,,overall,2026-05-25T16:55:07.493453+00:00
SVI-DRI,34,1,festival-lead,Festival Lead,11,28,40,7,40.44,gouging-fire-ex,Gouging Fire,1,0.0,,,,overall,2026-05-25T16:55:07.493453+00:00
SVI-DRI,34,1,festival-lead,Festival Lead,11,28,40,7,40.44,charizard-dusknoir,Charizard Dusknoir,1,0.0,,,,overall,2026-05-25T16:55:07.493453+00:00
SVI-DRI,34,1,festival-lead,Festival Lead,11,28,40,7,40.44,hop-zacian,Hop's Zacian,1,0.0,,,,overall,2026-05-25T16:55:07.493453+00:00
SVI-DRI,34,1,flareon-ex,Flareon,8,16,41,4,28.42,raging-bolt-ogerpon,Raging Bolt Ogerpon,10,23.33,,,,overall,2026-05-25T16:55:09.484372+00:00
SVI-DRI,34,1,flareon-ex,Flareon,8,16,41,4,28.42,gardevoir-ex-sv,Gardevoir,7,23.81,,,,overall,2026-05-25T16:55:09.484372+00:00
SVI-DRI,34,1,flareon-ex,Flareon,8,16,41,4,28.42,flareon-noctowl,Flareon Noctowl,6,50.0,,,,overall,2026-05-25T16:55:09.484372+00:00
SVI-DRI,34,1,flareon-ex,Flareon,8,16,41,4,28.42,dragapult-dusknoir,Dragapult Dusknoir,5,20.0,,,,overall,2026-05-25T16:55:09.484372+00:00
SVI-DRI,34,1,flareon-ex,Flareon,8,16,41,4,28.42,dragapult-charizard,Dragapult Charizard,4,0.0,,,,overall,2026-05-25T16:55:09.484372+00:00
SVI-DRI,34,1,flareon-ex,Flareon,8,16,41,4,28.42,gholdengo-ex,Gholdengo,4,33.33,,,,overall,2026-05-25T16:55:09.484372+00:00
SVI-DRI,34,1,flareon-ex,Flareon,8,16,41,4,28.42,gholdengo-dragapult,Gholdengo Dragapult,3,0.0,,,,overall,2026-05-25T16:55:09.484372+00:00
SVI-DRI,34,1,flareon-ex,Flareon,8,16,41,4,28.42,grimmsnarl-froslass,Grimmsnarl Froslass,3,33.33,,,,overall,2026-05-25T16:55:09.484372+00:00
SVI-DRI,34,1,flareon-ex,Flareon,8,16,41,4,28.42,joltik-box,Joltik Box,3,33.33,,,,overall,2026-05-25T16:55:09.484372+00:00
SVI-DRI,34,1,flareon-ex,Flareon,8,16,41,4,28.42,dragapult-ex,Dragapult,3,0.0,,,,overall,2026-05-25T16:55:09.484372+00:00
SVI-DRI,34,1,flareon-ex,Flareon,8,16,41,4,28.42,ceruledge-ex,Ceruledge,1,100.0,,,,overall,2026-05-25T16:55:09.484372+00:00
SVI-DRI,34,1,flareon-ex,Flareon,8,16,41,4,28.42,blaziken-ex-jtg,Blaziken,1,100.0,,,,overall,2026-05-25T16:55:09.484372+00:00
SVI-DRI,34,1,flareon-ex,Flareon,8,16,41,4,28.42,rocket-spidops,Rocket's Spidops,1,0.0,,,,overall,2026-05-25T16:55:09.484372+00:00
SVI-DRI,34,1,flareon-ex,Flareon,8,16,41,4,28.42,iron-thorns-crustle,Iron Thorns Crustle,1,0.0,,,,overall,2026-05-25T16:55:09.484372+00:00
SVI-DRI,34,1,flareon-ex,Flareon,8,16,41,4,28.42,archaludon-ex,Archaludon,1,100.0,,,,overall,2026-05-25T16:55:09.484372+00:00
SVI-DRI,34,1,flareon-ex,Flareon,8,16,41,4,28.42,rocket-mewtwo-ex,Rocket's Mewtwo,1,100.0,,,,overall,2026-05-25T16:55:09.484372+00:00
SVI-DRI,34,1,flareon-ex,Flareon,8,16,41,4,28.42,roaring-moon-dudunsparce,Roaring Moon Dudunsparce,1,0.0,,,,overall,2026-05-25T16:55:09.484372+00:00
SVI-DRI,34,1,flareon-ex,Flareon,8,16,41,4,28.42,cynthia-garchomp-ex,Cynthia's Garchomp,1,100.0,,,,overall,2026-05-25T16:55:09.484372+00:00
SVI-DRI,34,1,flareon-ex,Flareon,8,16,41,4,28.42,roaring-moon-ex,Roaring Moon,1,0.0,,,,overall,2026-05-25T16:55:09.484372+00:00
SVI-DRI,34,1,flareon-ex,Flareon,8,16,41,4,28.42,yanmega-ex,Yanmega,1,0.0,,,,overall,2026-05-25T16:55:09.484372+00:00
SVI-DRI,34,1,flareon-ex,Flareon,8,16,41,4,28.42,milotic-farigiraf,Milotic Farigiraf,1,0.0,,,,overall,2026-05-25T16:55:09.484372+00:00
SVI-DRI,34,1,flareon-ex,Flareon,8,16,41,4,28.42,future-box,Future Box,1,0.0,,,,overall,2026-05-25T16:55:09.484372+00:00
SVI-DRI,34,1,flareon-noctowl,Flareon Noctowl,223,737,720,284,47.77,raging-bolt-ogerpon,Raging Bolt Ogerpon,280,49.29,,,,overall,2026-05-25T16:55:11.493318+00:00
SVI-DRI,34,1,flareon-noctowl,Flareon Noctowl,223,737,720,284,47.77,grimmsnarl-froslass,Grimmsnarl Froslass,229,52.11,,,,overall,2026-05-25T16:55:11.493318+00:00
SVI-DRI,34,1,flareon-noctowl,Flareon Noctowl,223,737,720,284,47.77,gardevoir-ex-sv,Gardevoir,202,35.81,,,,overall,2026-05-25T16:55:11.493318+00:00
SVI-DRI,34,1,flareon-noctowl,Flareon Noctowl,223,737,720,284,47.77,dragapult-dusknoir,Dragapult Dusknoir,135,49.14,,,,overall,2026-05-25T16:55:11.493318+00:00
SVI-DRI,34,1,flareon-noctowl,Flareon Noctowl,223,737,720,284,47.77,joltik-box,Joltik Box,125,48.27,,,,overall,2026-05-25T16:55:11.493318+00:00
SVI-DRI,34,1,flareon-noctowl,Flareon Noctowl,223,737,720,284,47.77,dragapult-charizard,Dragapult Charizard,120,32.78,,,,overall,2026-05-25T16:55:11.493318+00:00
SVI-DRI,34,1,flareon-noctowl,Flareon Noctowl,223,737,720,284,47.77,gholdengo-ex,Gholdengo,80,57.5,,,,overall,2026-05-25T16:55:11.493318+00:00
SVI-DRI,34,1,flareon-noctowl,Flareon Noctowl,223,737,720,284,47.77,gholdengo-dragapult,Gholdengo Dragapult,65,66.67,,,,overall,2026-05-25T16:55:11.493318+00:00
SVI-DRI,34,1,flareon-noctowl,Flareon Noctowl,223,737,720,284,47.77,dragapult-ex,Dragapult,52,44.23,,,,overall,2026-05-25T16:55:11.493318+00:00
SVI-DRI,34,1,flareon-noctowl,Flareon Noctowl,223,737,720,284,47.77,flareon-noctowl,Flareon Noctowl,42,46.83,,,,overall,2026-05-25T16:55:11.493318+00:00
SVI-DRI,34,1,flareon-noctowl,Flareon Noctowl,223,737,720,284,47.77,cynthia-garchomp-ex,Cynthia's Garchomp,32,53.13,,,,overall,2026-05-25T16:55:11.493318+00:00
SVI-DRI,34,1,flareon-noctowl,Flareon Noctowl,223,737,720,284,47.77,ethan-typhlosion,Ethan's Typhlosion,25,37.33,,,,overall,2026-05-25T16:55:11.493318+00:00
SVI-DRI,34,1,flareon-noctowl,Flareon Noctowl,223,737,720,284,47.77,rocket-mewtwo-ex,Rocket's Mewtwo,22,31.82,,,,overall,2026-05-25T16:55:11.493318+00:00
SVI-DRI,34,1,flareon-noctowl,Flareon Noctowl,223,737,720,284,47.77,ceruledge-ex,Ceruledge,19,50.88,,,,overall,2026-05-25T16:55:11.493318+00:00
SVI-DRI,34,1,flareon-noctowl,Flareon Noctowl,223,737,720,284,47.77,roaring-moon-ex,Roaring Moon,16,47.92,,,,overall,2026-05-25T16:55:11.493318+00:00
SVI-DRI,34,1,flareon-noctowl,Flareon Noctowl,223,737,720,284,47.77,toedscruel-ex,Toedscruel,16,87.5,,,,overall,2026-05-25T16:55:11.493318+00:00
SVI-DRI,34,1,flareon-noctowl,Flareon Noctowl,223,737,720,284,47.77,yanmega-ex,Yanmega,15,71.11,,,,overall,2026-05-25T16:55:11.493318+00:00
SVI-DRI,34,1,flareon-noctowl,Flareon Noctowl,223,737,720,284,47.77,charizard-pidgeot,Charizard Pidgeot,14,38.1,,,,overall,2026-05-25T16:55:11.493318+00:00
SVI-DRI,34,1,flareon-noctowl,Flareon Noctowl,223,737,720,284,47.77,ho-oh-armarouge,Ho-Oh Armarouge,14,28.57,,,,overall,2026-05-25T16:55:11.493318+00:00
SVI-DRI,34,1,flareon-noctowl,Flareon Noctowl,223,737,720,284,47.77,rocket-spidops,Rocket's Spidops,13,28.21,,,,overall,2026-05-25T16:55:11.493318+00:00
SVI-DRI,34,1,flareon-noctowl,Flareon Noctowl,223,737,720,284,47.77,other,Other,13,56.41,,,,overall,2026-05-25T16:55:11.493318+00:00
SVI-DRI,34,1,flareon-noctowl,Flareon Noctowl,223,737,720,284,47.77,n-zoroark,N's Zoroark,10,56.67,,,,overall,2026-05-25T16:55:11.493318+00:00
SVI-DRI,34,1,flareon-noctowl,Flareon Noctowl,223,737,720,284,47.77,tera-box,Tera Box,9,59.26,,,,overall,2026-05-25T16:55:11.493318+00:00
SVI-DRI,34,1,flareon-noctowl,Flareon Noctowl,223,737,720,284,47.77,froslass-munkidori,Froslass Munkidori,8,50.0,,,,overall,2026-05-25T16:55:11.493318+00:00
SVI-DRI,34,1,flareon-noctowl,Flareon Noctowl,223,737,720,284,47.77,archaludon-ex,Archaludon,7,14.29,,,,overall,2026-05-25T16:55:11.493318+00:00
SVI-DRI,34,1,flareon-noctowl,Flareon Noctowl,223,737,720,284,47.77,dragapult-pidgeot,Dragapult Pidgeot,6,72.22,,,,overall,2026-05-25T16:55:11.493318+00:00
SVI-DRI,34,1,flareon-noctowl,Flareon Noctowl,223,737,720,284,47.77,flareon-ex,Flareon,6,50.0,,,,overall,2026-05-25T16:55:11.493318+00:00
SVI-DRI,34,1,flareon-noctowl,Flareon Noctowl,223,737,720,284,47.77,blissey-ex,Blissey,6,55.56,,,,overall,2026-05-25T16:55:11.493318+00:00
SVI-DRI,34,1,flareon-noctowl,Flareon Noctowl,223,737,720,284,47.77,festival-lead,Festival Lead,6,83.33,,,,overall,2026-05-25T16:55:11.493318+00:00
SVI-DRI,34,1,flareon-noctowl,Flareon Noctowl,223,737,720,284,47.77,chien-pao-baxcalibur,Chien-Pao Baxcalibur,6,66.67,,,,overall,2026-05-25T16:55:11.493318+00:00
SVI-DRI,34,1,flareon-noctowl,Flareon Noctowl,223,737,720,284,47.77,iron-thorns-crustle,Iron Thorns Crustle,5,26.67,,,,overall,2026-05-25T16:55:11.493318+00:00
SVI-DRI,34,1,flareon-noctowl,Flareon Noctowl,223,737,720,284,47.77,mamoswine-ex,Mamoswine,5,66.67,,,,overall,2026-05-25T16:55:11.493318+00:00
SVI-DRI,34,1,flareon-noctowl,Flareon Noctowl,223,737,720,284,47.77,roaring-moon-dudunsparce,Roaring Moon Dudunsparce,5,46.67,,,,overall,2026-05-25T16:55:11.493318+00:00
SVI-DRI,34,1,flareon-noctowl,Flareon Noctowl,223,737,720,284,47.77,charizard-dusknoir,Charizard Dusknoir,5,60.0,,,,overall,2026-05-25T16:55:11.493318+00:00
SVI-DRI,34,1,flareon-noctowl,Flareon Noctowl,223,737,720,284,47.77,slowking-scr,Slowking,5,40.0,,,,overall,2026-05-25T16:55:11.493318+00:00
SVI-DRI,34,1,flareon-noctowl,Flareon Noctowl,223,737,720,284,47.77,dragapult-froslass,Dragapult Froslass,4,58.33,,,,overall,2026-05-25T16:55:11.493318+00:00
SVI-DRI,34,1,flareon-noctowl,Flareon Noctowl,223,737,720,284,47.77,hop-zacian,Hop's Zacian,4,100.0,,,,overall,2026-05-25T16:55:11.493318+00:00
SVI-DRI,34,1,flareon-noctowl,Flareon Noctowl,223,737,720,284,47.77,hydrapple-ogerpon,Hydrapple Ogerpon,4,75.0,,,,overall,2026-05-25T16:55:11.493318+00:00
SVI-DRI,34,1,flareon-noctowl,Flareon Noctowl,223,737,720,284,47.77,miraidon-ex,Miraidon,4,75.0,,,,overall,2026-05-25T16:55:11.493318+00:00
SVI-DRI,34,1,flareon-noctowl,Flareon Noctowl,223,737,720,284,47.77,spidops-ex,Spidops,4,75.0,,,,overall,2026-05-25T16:55:11.493318+00:00
SVI-DRI,34,1,flareon-noctowl,Flareon Noctowl,223,737,720,284,47.77,gholdengo-dudunsparce,Gholdengo Dudunsparce,3,66.67,,,,overall,2026-05-25T16:55:11.493318+00:00
SVI-DRI,34,1,flareon-noctowl,Flareon Noctowl,223,737,720,284,47.77,sinistcha-ogerpon,Sinistcha Ogerpon,3,100.0,,,,overall,2026-05-25T16:55:11.493318+00:00
SVI-DRI,34,1,flareon-noctowl,Flareon Noctowl,223,737,720,284,47.77,terapagos-noctowl,Terapagos Noctowl,3,44.44,,,,overall,2026-05-25T16:55:11.493318+00:00
SVI-DRI,34,1,flareon-noctowl,Flareon Noctowl,223,737,720,284,47.77,iono-bellibolt,Iono's Bellibolt,3,33.33,,,,overall,2026-05-25T16:55:11.493318+00:00
SVI-DRI,34,1,flareon-noctowl,Flareon Noctowl,223,737,720,284,47.77,iron-hands-ex,Future Hands,2,50.0,,,,overall,2026-05-25T16:55:11.493318+00:00
SVI-DRI,34,1,flareon-noctowl,Flareon Noctowl,223,737,720,284,47.77,rocket-nidoking-ex,Rocket's Nidoking,2,50.0,,,,overall,2026-05-25T16:55:11.493318+00:00
SVI-DRI,34,1,flareon-noctowl,Flareon Noctowl,223,737,720,284,47.77,espathra-froslass,Espathra Froslass,2,100.0,,,,overall,2026-05-25T16:55:11.493318+00:00
SVI-DRI,34,1,flareon-noctowl,Flareon Noctowl,223,737,720,284,47.77,pidgeot-control,Pidgeot Control,2,16.67,,,,overall,2026-05-25T16:55:11.493318+00:00
SVI-DRI,34,1,flareon-noctowl,Flareon Noctowl,223,737,720,284,47.77,ethan-magcargo,Ethan's Magcargo,2,50.0,,,,overall,2026-05-25T16:55:11.493318+00:00
SVI-DRI,34,1,flareon-noctowl,Flareon Noctowl,223,737,720,284,47.77,poison-archaludon,Poison Archaludon,2,0.0,,,,overall,2026-05-25T16:55:11.493318+00:00
SVI-DRI,34,1,flareon-noctowl,Flareon Noctowl,223,737,720,284,47.77,charizard-ex,Charizard,2,16.67,,,,overall,2026-05-25T16:55:11.493318+00:00
SVI-DRI,34,1,flareon-noctowl,Flareon Noctowl,223,737,720,284,47.77,charizard-noctowl,Charizard Noctowl,2,16.67,,,,overall,2026-05-25T16:55:11.493318+00:00
SVI-DRI,34,1,flareon-noctowl,Flareon Noctowl,223,737,720,284,47.77,greninja-ex,Greninja,2,50.0,,,,overall,2026-05-25T16:55:11.493318+00:00
SVI-DRI,34,1,flareon-noctowl,Flareon Noctowl,223,737,720,284,47.77,future-box,Future Box,2,50.0,,,,overall,2026-05-25T16:55:11.493318+00:00
SVI-DRI,34,1,flareon-noctowl,Flareon Noctowl,223,737,720,284,47.77,archaludon-zoroark,Archaludon Zoroark,2,0.0,,,,overall,2026-05-25T16:55:11.493318+00:00
SVI-DRI,34,1,flareon-noctowl,Flareon Noctowl,223,737,720,284,47.77,marnie-grimmsnarl-ex,Marnie's Grimmsnarl,1,100.0,,,,overall,2026-05-25T16:55:11.493318+00:00
SVI-DRI,34,1,flareon-noctowl,Flareon Noctowl,223,737,720,284,47.77,great-tusk-tef,Great Tusk Mill,1,100.0,,,,overall,2026-05-25T16:55:11.493318+00:00
SVI-DRI,34,1,flareon-noctowl,Flareon Noctowl,223,737,720,284,47.77,iron-thorns-ex,Iron Thorns,1,100.0,,,,overall,2026-05-25T16:55:11.493318+00:00
SVI-DRI,34,1,flareon-noctowl,Flareon Noctowl,223,737,720,284,47.77,flygon-ex-ssp,Flygon,1,100.0,,,,overall,2026-05-25T16:55:11.493318+00:00
SVI-DRI,34,1,flareon-noctowl,Flareon Noctowl,223,737,720,284,47.77,milotic-farigiraf,Milotic Farigiraf,1,0.0,,,,overall,2026-05-25T16:55:11.493318+00:00
SVI-DRI,34,1,flareon-noctowl,Flareon Noctowl,223,737,720,284,47.77,charizard-greninja,Charizard Greninja,1,100.0,,,,overall,2026-05-25T16:55:11.493318+00:00
SVI-DRI,34,1,flareon-noctowl,Flareon Noctowl,223,737,720,284,47.77,okidogi-ex,Okidogi,1,100.0,,,,overall,2026-05-25T16:55:11.493318+00:00
SVI-DRI,34,1,flareon-noctowl,Flareon Noctowl,223,737,720,284,47.77,venomoth-froslass,Venomoth Froslass,1,33.33,,,,overall,2026-05-25T16:55:11.493318+00:00
SVI-DRI,34,1,flareon-noctowl,Flareon Noctowl,223,737,720,284,47.77,blaziken-ex-jtg,Blaziken,1,0.0,,,,overall,2026-05-25T16:55:11.493318+00:00
SVI-DRI,34,1,flareon-noctowl,Flareon Noctowl,223,737,720,284,47.77,tsareena-ex,Tsareena,1,0.0,,,,overall,2026-05-25T16:55:11.493318+00:00
SVI-DRI,34,1,flareon-noctowl,Flareon Noctowl,223,737,720,284,47.77,hydreigon-ex,Hydreigon,1,100.0,,,,overall,2026-05-25T16:55:11.493318+00:00
SVI-DRI,34,1,flareon-noctowl,Flareon Noctowl,223,737,720,284,47.77,slaking-ex,Slaking,1,0.0,,,,overall,2026-05-25T16:55:11.493318+00:00
SVI-DRI,34,1,flareon-noctowl,Flareon Noctowl,223,737,720,284,47.77,blaziken-zoroark,Blaziken Zoroark,1,0.0,,,,overall,2026-05-25T16:55:11.493318+00:00
SVI-DRI,34,1,flareon-noctowl,Flareon Noctowl,223,737,720,284,47.77,banette-ex-sv,Banette,1,100.0,,,,overall,2026-05-25T16:55:11.493318+00:00
SVI-DRI,34,1,flareon-noctowl,Flareon Noctowl,223,737,720,284,47.77,gouging-fire-ex,Gouging Fire,1,33.33,,,,overall,2026-05-25T16:55:11.493318+00:00
SVI-DRI,34,1,flygon-ex-ssp,Flygon,2,7,9,2,42.59,gholdengo-ex,Gholdengo,2,66.67,,,,overall,2026-05-25T16:55:13.475334+00:00
SVI-DRI,34,1,flygon-ex-ssp,Flygon,2,7,9,2,42.59,joltik-box,Joltik Box,2,50.0,,,,overall,2026-05-25T16:55:13.475334+00:00
SVI-DRI,34,1,flygon-ex-ssp,Flygon,2,7,9,2,42.59,cynthia-garchomp-ex,Cynthia's Garchomp,1,0.0,,,,overall,2026-05-25T16:55:13.475334+00:00
SVI-DRI,34,1,flygon-ex-ssp,Flygon,2,7,9,2,42.59,dragapult-charizard,Dragapult Charizard,1,0.0,,,,overall,2026-05-25T16:55:13.475334+00:00
SVI-DRI,34,1,flygon-ex-ssp,Flygon,2,7,9,2,42.59,ceruledge-ex,Ceruledge,1,0.0,,,,overall,2026-05-25T16:55:13.475334+00:00
SVI-DRI,34,1,flygon-ex-ssp,Flygon,2,7,9,2,42.59,gholdengo-dragapult,Gholdengo Dragapult,1,100.0,,,,overall,2026-05-25T16:55:13.475334+00:00
SVI-DRI,34,1,flygon-ex-ssp,Flygon,2,7,9,2,42.59,raging-bolt-ogerpon,Raging Bolt Ogerpon,1,100.0,,,,overall,2026-05-25T16:55:13.475334+00:00
SVI-DRI,34,1,flygon-ex-ssp,Flygon,2,7,9,2,42.59,flareon-noctowl,Flareon Noctowl,1,0.0,,,,overall,2026-05-25T16:55:13.475334+00:00
SVI-DRI,34,1,flygon-ex-ssp,Flygon,2,7,9,2,42.59,dragapult-dusknoir,Dragapult Dusknoir,1,0.0,,,,overall,2026-05-25T16:55:13.475334+00:00
SVI-DRI,34,1,flygon-ex-ssp,Flygon,2,7,9,2,42.59,roaring-moon-ex,Roaring Moon,1,0.0,,,,overall,2026-05-25T16:55:13.475334+00:00
SVI-DRI,34,1,flygon-ex-ssp,Flygon,2,7,9,2,42.59,toedscruel-ex,Toedscruel,1,100.0,,,,overall,2026-05-25T16:55:13.475334+00:00
SVI-DRI,34,1,flygon-ex-ssp,Flygon,2,7,9,2,42.59,grimmsnarl-froslass,Grimmsnarl Froslass,1,0.0,,,,overall,2026-05-25T16:55:13.475334+00:00
SVI-DRI,34,1,flygon-ex-ssp,Flygon,2,7,9,2,42.59,gardevoir-ex-sv,Gardevoir,1,0.0,,,,overall,2026-05-25T16:55:13.475334+00:00
SVI-DRI,34,1,flygon-ex-ssp,Flygon,2,7,9,2,42.59,iron-thorns-crustle,Iron Thorns Crustle,1,100.0,,,,overall,2026-05-25T16:55:13.475334+00:00
SVI-DRI,34,1,flygon-ex-ssp,Flygon,2,7,9,2,42.59,mamoswine-ex,Mamoswine,1,33.33,,,,overall,2026-05-25T16:55:13.475334+00:00
SVI-DRI,34,1,flygon-ex-ssp,Flygon,2,7,9,2,42.59,slaking-ex,Slaking,1,100.0,,,,overall,2026-05-25T16:55:13.475334+00:00
SVI-DRI,34,1,froslass-munkidori,Froslass Munkidori,17,43,46,26,44.93,grimmsnarl-froslass,Grimmsnarl Froslass,25,40.0,,,,overall,2026-05-25T16:55:15.465527+00:00
SVI-DRI,34,1,froslass-munkidori,Froslass Munkidori,17,43,46,26,44.93,raging-bolt-ogerpon,Raging Bolt Ogerpon,18,68.52,,,,overall,2026-05-25T16:55:15.465527+00:00
SVI-DRI,34,1,froslass-munkidori,Froslass Munkidori,17,43,46,26,44.93,dragapult-dusknoir,Dragapult Dusknoir,10,30.0,,,,overall,2026-05-25T16:55:15.465527+00:00
SVI-DRI,34,1,froslass-munkidori,Froslass Munkidori,17,43,46,26,44.93,joltik-box,Joltik Box,9,18.52,,,,overall,2026-05-25T16:55:15.465527+00:00
SVI-DRI,34,1,froslass-munkidori,Froslass Munkidori,17,43,46,26,44.93,flareon-noctowl,Flareon Noctowl,8,37.5,,,,overall,2026-05-25T16:55:15.465527+00:00
SVI-DRI,34,1,froslass-munkidori,Froslass Munkidori,17,43,46,26,44.93,gholdengo-ex,Gholdengo,7,47.62,,,,overall,2026-05-25T16:55:15.465527+00:00
SVI-DRI,34,1,froslass-munkidori,Froslass Munkidori,17,43,46,26,44.93,dragapult-charizard,Dragapult Charizard,5,26.67,,,,overall,2026-05-25T16:55:15.465527+00:00
SVI-DRI,34,1,froslass-munkidori,Froslass Munkidori,17,43,46,26,44.93,gardevoir-ex-sv,Gardevoir,5,46.67,,,,overall,2026-05-25T16:55:15.465527+00:00
SVI-DRI,34,1,froslass-munkidori,Froslass Munkidori,17,43,46,26,44.93,ceruledge-ex,Ceruledge,3,33.33,,,,overall,2026-05-25T16:55:15.465527+00:00
SVI-DRI,34,1,froslass-munkidori,Froslass Munkidori,17,43,46,26,44.93,ethan-typhlosion,Ethan's Typhlosion,3,44.44,,,,overall,2026-05-25T16:55:15.465527+00:00
SVI-DRI,34,1,froslass-munkidori,Froslass Munkidori,17,43,46,26,44.93,other,Other,2,50.0,,,,overall,2026-05-25T16:55:15.465527+00:00
SVI-DRI,34,1,froslass-munkidori,Froslass Munkidori,17,43,46,26,44.93,gholdengo-dragapult,Gholdengo Dragapult,2,50.0,,,,overall,2026-05-25T16:55:15.465527+00:00
SVI-DRI,34,1,froslass-munkidori,Froslass Munkidori,17,43,46,26,44.93,cynthia-garchomp-ex,Cynthia's Garchomp,2,16.67,,,,overall,2026-05-25T16:55:15.465527+00:00
SVI-DRI,34,1,froslass-munkidori,Froslass Munkidori,17,43,46,26,44.93,espathra-froslass,Espathra Froslass,2,50.0,,,,overall,2026-05-25T16:55:15.465527+00:00
SVI-DRI,34,1,froslass-munkidori,Froslass Munkidori,17,43,46,26,44.93,dragapult-ex,Dragapult,2,100.0,,,,overall,2026-05-25T16:55:15.465527+00:00
SVI-DRI,34,1,froslass-munkidori,Froslass Munkidori,17,43,46,26,44.93,chien-pao-baxcalibur,Chien-Pao Baxcalibur,1,100.0,,,,overall,2026-05-25T16:55:15.465527+00:00
SVI-DRI,34,1,froslass-munkidori,Froslass Munkidori,17,43,46,26,44.93,toedscruel-ex,Toedscruel,1,0.0,,,,overall,2026-05-25T16:55:15.465527+00:00
SVI-DRI,34,1,froslass-munkidori,Froslass Munkidori,17,43,46,26,44.93,roaring-moon-ex,Roaring Moon,1,0.0,,,,overall,2026-05-25T16:55:15.465527+00:00
SVI-DRI,34,1,froslass-munkidori,Froslass Munkidori,17,43,46,26,44.93,charizard-pidgeot,Charizard Pidgeot,1,0.0,,,,overall,2026-05-25T16:55:15.465527+00:00
SVI-DRI,34,1,froslass-munkidori,Froslass Munkidori,17,43,46,26,44.93,rocket-spidops,Rocket's Spidops,1,100.0,,,,overall,2026-05-25T16:55:15.465527+00:00
SVI-DRI,34,1,froslass-munkidori,Froslass Munkidori,17,43,46,26,44.93,iron-thorns-crown,Future Thorns,1,100.0,,,,overall,2026-05-25T16:55:15.465527+00:00
SVI-DRI,34,1,froslass-munkidori,Froslass Munkidori,17,43,46,26,44.93,sinistcha-ogerpon,Sinistcha Ogerpon,1,100.0,,,,overall,2026-05-25T16:55:15.465527+00:00
SVI-DRI,34,1,froslass-munkidori,Froslass Munkidori,17,43,46,26,44.93,tera-box,Tera Box,1,100.0,,,,overall,2026-05-25T16:55:15.465527+00:00
SVI-DRI,34,1,froslass-munkidori,Froslass Munkidori,17,43,46,26,44.93,archaludon-ex,Archaludon,1,100.0,,,,overall,2026-05-25T16:55:15.465527+00:00
SVI-DRI,34,1,froslass-munkidori,Froslass Munkidori,17,43,46,26,44.93,poison-archaludon,Poison Archaludon,1,0.0,,,,overall,2026-05-25T16:55:15.465527+00:00
SVI-DRI,34,1,froslass-munkidori,Froslass Munkidori,17,43,46,26,44.93,hydrapple-ogerpon,Hydrapple Ogerpon,1,100.0,,,,overall,2026-05-25T16:55:15.465527+00:00
SVI-DRI,34,1,future-box,Future Box,5,17,17,5,47.86,grimmsnarl-froslass,Grimmsnarl Froslass,7,57.14,,,,overall,2026-05-25T16:55:17.431249+00:00
SVI-DRI,34,1,future-box,Future Box,5,17,17,5,47.86,dragapult-dusknoir,Dragapult Dusknoir,5,46.67,,,,overall,2026-05-25T16:55:17.431249+00:00
SVI-DRI,34,1,future-box,Future Box,5,17,17,5,47.86,dragapult-charizard,Dragapult Charizard,4,50.0,,,,overall,2026-05-25T16:55:17.431249+00:00
SVI-DRI,34,1,future-box,Future Box,5,17,17,5,47.86,joltik-box,Joltik Box,4,75.0,,,,overall,2026-05-25T16:55:17.431249+00:00
SVI-DRI,34,1,future-box,Future Box,5,17,17,5,47.86,gardevoir-ex-sv,Gardevoir,3,66.67,,,,overall,2026-05-25T16:55:17.431249+00:00
SVI-DRI,34,1,future-box,Future Box,5,17,17,5,47.86,raging-bolt-ogerpon,Raging Bolt Ogerpon,3,44.44,,,,overall,2026-05-25T16:55:17.431249+00:00
SVI-DRI,34,1,future-box,Future Box,5,17,17,5,47.86,gholdengo-ex,Gholdengo,2,33.33,,,,overall,2026-05-25T16:55:17.431249+00:00
SVI-DRI,34,1,future-box,Future Box,5,17,17,5,47.86,flareon-noctowl,Flareon Noctowl,2,50.0,,,,overall,2026-05-25T16:55:17.431249+00:00
SVI-DRI,34,1,future-box,Future Box,5,17,17,5,47.86,gholdengo-dragapult,Gholdengo Dragapult,2,50.0,,,,overall,2026-05-25T16:55:17.431249+00:00
SVI-DRI,34,1,future-box,Future Box,5,17,17,5,47.86,hop-zacian,Hop's Zacian,1,0.0,,,,overall,2026-05-25T16:55:17.431249+00:00
SVI-DRI,34,1,future-box,Future Box,5,17,17,5,47.86,dragapult-ex,Dragapult,1,0.0,,,,overall,2026-05-25T16:55:17.431249+00:00
SVI-DRI,34,1,future-box,Future Box,5,17,17,5,47.86,n-zoroark,N's Zoroark,1,33.33,,,,overall,2026-05-25T16:55:17.431249+00:00
SVI-DRI,34,1,future-box,Future Box,5,17,17,5,47.86,rocket-spidops,Rocket's Spidops,1,0.0,,,,overall,2026-05-25T16:55:17.431249+00:00
SVI-DRI,34,1,future-box,Future Box,5,17,17,5,47.86,charizard-dusknoir,Charizard Dusknoir,1,0.0,,,,overall,2026-05-25T16:55:17.431249+00:00
SVI-DRI,34,1,future-box,Future Box,5,17,17,5,47.86,flareon-ex,Flareon,1,100.0,,,,overall,2026-05-25T16:55:17.431249+00:00
SVI-DRI,34,1,future-box,Future Box,5,17,17,5,47.86,ceruledge-ex,Ceruledge,1,0.0,,,,overall,2026-05-25T16:55:17.431249+00:00
SVI-DRI,34,1,gardevoir-ex-sv,Gardevoir,405,1397,1230,599,49.49,raging-bolt-ogerpon,Raging Bolt Ogerpon,533,57.91,,,,overall,2026-05-25T16:55:19.433697+00:00
SVI-DRI,34,1,gardevoir-ex-sv,Gardevoir,405,1397,1230,599,49.49,grimmsnarl-froslass,Grimmsnarl Froslass,374,32.71,,,,overall,2026-05-25T16:55:19.433697+00:00
SVI-DRI,34,1,gardevoir-ex-sv,Gardevoir,405,1397,1230,599,49.49,joltik-box,Joltik Box,267,56.05,,,,overall,2026-05-25T16:55:19.433697+00:00
SVI-DRI,34,1,gardevoir-ex-sv,Gardevoir,405,1397,1230,599,49.49,dragapult-charizard,Dragapult Charizard,236,40.82,,,,overall,2026-05-25T16:55:19.433697+00:00
SVI-DRI,34,1,gardevoir-ex-sv,Gardevoir,405,1397,1230,599,49.49,dragapult-dusknoir,Dragapult Dusknoir,207,57.17,,,,overall,2026-05-25T16:55:19.433697+00:00
SVI-DRI,34,1,gardevoir-ex-sv,Gardevoir,405,1397,1230,599,49.49,flareon-noctowl,Flareon Noctowl,202,57.1,,,,overall,2026-05-25T16:55:19.433697+00:00
SVI-DRI,34,1,gardevoir-ex-sv,Gardevoir,405,1397,1230,599,49.49,gardevoir-ex-sv,Gardevoir,181,46.41,,,,overall,2026-05-25T16:55:19.433697+00:00
SVI-DRI,34,1,gardevoir-ex-sv,Gardevoir,405,1397,1230,599,49.49,gholdengo-ex,Gholdengo,148,35.14,,,,overall,2026-05-25T16:55:19.433697+00:00
SVI-DRI,34,1,gardevoir-ex-sv,Gardevoir,405,1397,1230,599,49.49,gholdengo-dragapult,Gholdengo Dragapult,144,29.63,,,,overall,2026-05-25T16:55:19.433697+00:00
SVI-DRI,34,1,gardevoir-ex-sv,Gardevoir,405,1397,1230,599,49.49,dragapult-ex,Dragapult,101,61.72,,,,overall,2026-05-25T16:55:19.433697+00:00
SVI-DRI,34,1,gardevoir-ex-sv,Gardevoir,405,1397,1230,599,49.49,cynthia-garchomp-ex,Cynthia's Garchomp,59,45.2,,,,overall,2026-05-25T16:55:19.433697+00:00
SVI-DRI,34,1,gardevoir-ex-sv,Gardevoir,405,1397,1230,599,49.49,ethan-typhlosion,Ethan's Typhlosion,52,70.51,,,,overall,2026-05-25T16:55:19.433697+00:00
SVI-DRI,34,1,gardevoir-ex-sv,Gardevoir,405,1397,1230,599,49.49,rocket-mewtwo-ex,Rocket's Mewtwo,37,67.57,,,,overall,2026-05-25T16:55:19.433697+00:00
SVI-DRI,34,1,gardevoir-ex-sv,Gardevoir,405,1397,1230,599,49.49,roaring-moon-ex,Roaring Moon,36,65.74,,,,overall,2026-05-25T16:55:19.433697+00:00
SVI-DRI,34,1,gardevoir-ex-sv,Gardevoir,405,1397,1230,599,49.49,n-zoroark,N's Zoroark,34,29.41,,,,overall,2026-05-25T16:55:19.433697+00:00
SVI-DRI,34,1,gardevoir-ex-sv,Gardevoir,405,1397,1230,599,49.49,toedscruel-ex,Toedscruel,32,63.54,,,,overall,2026-05-25T16:55:19.433697+00:00
SVI-DRI,34,1,gardevoir-ex-sv,Gardevoir,405,1397,1230,599,49.49,charizard-pidgeot,Charizard Pidgeot,29,37.93,,,,overall,2026-05-25T16:55:19.433697+00:00
SVI-DRI,34,1,gardevoir-ex-sv,Gardevoir,405,1397,1230,599,49.49,ceruledge-ex,Ceruledge,28,45.24,,,,overall,2026-05-25T16:55:19.433697+00:00
SVI-DRI,34,1,gardevoir-ex-sv,Gardevoir,405,1397,1230,599,49.49,ho-oh-armarouge,Ho-Oh Armarouge,25,65.33,,,,overall,2026-05-25T16:55:19.433697+00:00
SVI-DRI,34,1,gardevoir-ex-sv,Gardevoir,405,1397,1230,599,49.49,other,Other,20,71.67,,,,overall,2026-05-25T16:55:19.433697+00:00
SVI-DRI,34,1,gardevoir-ex-sv,Gardevoir,405,1397,1230,599,49.49,archaludon-ex,Archaludon,17,64.71,,,,overall,2026-05-25T16:55:19.433697+00:00
SVI-DRI,34,1,gardevoir-ex-sv,Gardevoir,405,1397,1230,599,49.49,yanmega-ex,Yanmega,17,64.71,,,,overall,2026-05-25T16:55:19.433697+00:00
SVI-DRI,34,1,gardevoir-ex-sv,Gardevoir,405,1397,1230,599,49.49,rocket-spidops,Rocket's Spidops,16,66.67,,,,overall,2026-05-25T16:55:19.433697+00:00
SVI-DRI,34,1,gardevoir-ex-sv,Gardevoir,405,1397,1230,599,49.49,dragapult-pidgeot,Dragapult Pidgeot,15,48.89,,,,overall,2026-05-25T16:55:19.433697+00:00
SVI-DRI,34,1,gardevoir-ex-sv,Gardevoir,405,1397,1230,599,49.49,blissey-ex,Blissey,14,66.67,,,,overall,2026-05-25T16:55:19.433697+00:00
SVI-DRI,34,1,gardevoir-ex-sv,Gardevoir,405,1397,1230,599,49.49,iron-thorns-crustle,Iron Thorns Crustle,13,53.85,,,,overall,2026-05-25T16:55:19.433697+00:00
SVI-DRI,34,1,gardevoir-ex-sv,Gardevoir,405,1397,1230,599,49.49,slowking-scr,Slowking,10,36.67,,,,overall,2026-05-25T16:55:19.433697+00:00
SVI-DRI,34,1,gardevoir-ex-sv,Gardevoir,405,1397,1230,599,49.49,tera-box,Tera Box,10,83.33,,,,overall,2026-05-25T16:55:19.433697+00:00
SVI-DRI,34,1,gardevoir-ex-sv,Gardevoir,405,1397,1230,599,49.49,hydrapple-ogerpon,Hydrapple Ogerpon,8,70.83,,,,overall,2026-05-25T16:55:19.433697+00:00
SVI-DRI,34,1,gardevoir-ex-sv,Gardevoir,405,1397,1230,599,49.49,terapagos-noctowl,Terapagos Noctowl,8,75.0,,,,overall,2026-05-25T16:55:19.433697+00:00
SVI-DRI,34,1,gardevoir-ex-sv,Gardevoir,405,1397,1230,599,49.49,poison-archaludon,Poison Archaludon,7,66.67,,,,overall,2026-05-25T16:55:19.433697+00:00
SVI-DRI,34,1,gardevoir-ex-sv,Gardevoir,405,1397,1230,599,49.49,marnie-grimmsnarl-ex,Marnie's Grimmsnarl,7,4.76,,,,overall,2026-05-25T16:55:19.433697+00:00
SVI-DRI,34,1,gardevoir-ex-sv,Gardevoir,405,1397,1230,599,49.49,hop-zacian,Hop's Zacian,7,57.14,,,,overall,2026-05-25T16:55:19.433697+00:00
SVI-DRI,34,1,gardevoir-ex-sv,Gardevoir,405,1397,1230,599,49.49,flareon-ex,Flareon,7,66.67,,,,overall,2026-05-25T16:55:19.433697+00:00
SVI-DRI,34,1,gardevoir-ex-sv,Gardevoir,405,1397,1230,599,49.49,milotic-farigiraf,Milotic Farigiraf,6,88.89,,,,overall,2026-05-25T16:55:19.433697+00:00
SVI-DRI,34,1,gardevoir-ex-sv,Gardevoir,405,1397,1230,599,49.49,rocket-nidoking-ex,Rocket's Nidoking,6,27.78,,,,overall,2026-05-25T16:55:19.433697+00:00
SVI-DRI,34,1,gardevoir-ex-sv,Gardevoir,405,1397,1230,599,49.49,roaring-moon-dudunsparce,Roaring Moon Dudunsparce,6,33.33,,,,overall,2026-05-25T16:55:19.433697+00:00
SVI-DRI,34,1,gardevoir-ex-sv,Gardevoir,405,1397,1230,599,49.49,blaziken-zoroark,Blaziken Zoroark,5,20.0,,,,overall,2026-05-25T16:55:19.433697+00:00
SVI-DRI,34,1,gardevoir-ex-sv,Gardevoir,405,1397,1230,599,49.49,charizard-dusknoir,Charizard Dusknoir,5,46.67,,,,overall,2026-05-25T16:55:19.433697+00:00
SVI-DRI,34,1,gardevoir-ex-sv,Gardevoir,405,1397,1230,599,49.49,rocket-porygon-z,Rocket's Porygon-Z,5,26.67,,,,overall,2026-05-25T16:55:19.433697+00:00
SVI-DRI,34,1,gardevoir-ex-sv,Gardevoir,405,1397,1230,599,49.49,great-tusk-tef,Great Tusk Mill,5,60.0,,,,overall,2026-05-25T16:55:19.433697+00:00
SVI-DRI,34,1,gardevoir-ex-sv,Gardevoir,405,1397,1230,599,49.49,mamoswine-ex,Mamoswine,5,26.67,,,,overall,2026-05-25T16:55:19.433697+00:00
SVI-DRI,34,1,gardevoir-ex-sv,Gardevoir,405,1397,1230,599,49.49,blaziken-ex-jtg,Blaziken,5,20.0,,,,overall,2026-05-25T16:55:19.433697+00:00
SVI-DRI,34,1,gardevoir-ex-sv,Gardevoir,405,1397,1230,599,49.49,froslass-munkidori,Froslass Munkidori,5,46.67,,,,overall,2026-05-25T16:55:19.433697+00:00
SVI-DRI,34,1,gardevoir-ex-sv,Gardevoir,405,1397,1230,599,49.49,iron-hands-ex,Future Hands,5,53.33,,,,overall,2026-05-25T16:55:19.433697+00:00
SVI-DRI,34,1,gardevoir-ex-sv,Gardevoir,405,1397,1230,599,49.49,charizard-noctowl,Charizard Noctowl,4,0.0,,,,overall,2026-05-25T16:55:19.433697+00:00
SVI-DRI,34,1,gardevoir-ex-sv,Gardevoir,405,1397,1230,599,49.49,espathra-froslass,Espathra Froslass,4,58.33,,,,overall,2026-05-25T16:55:19.433697+00:00
SVI-DRI,34,1,gardevoir-ex-sv,Gardevoir,405,1397,1230,599,49.49,iron-valiant-xatu,Iron Valiant Xatu,4,50.0,,,,overall,2026-05-25T16:55:19.433697+00:00
SVI-DRI,34,1,gardevoir-ex-sv,Gardevoir,405,1397,1230,599,49.49,sinistcha-ogerpon,Sinistcha Ogerpon,4,75.0,,,,overall,2026-05-25T16:55:19.433697+00:00
SVI-DRI,34,1,gardevoir-ex-sv,Gardevoir,405,1397,1230,599,49.49,gholdengo-dudunsparce,Gholdengo Dudunsparce,4,100.0,,,,overall,2026-05-25T16:55:19.433697+00:00
SVI-DRI,34,1,gardevoir-ex-sv,Gardevoir,405,1397,1230,599,49.49,festival-lead,Festival Lead,3,77.78,,,,overall,2026-05-25T16:55:19.433697+00:00
SVI-DRI,34,1,gardevoir-ex-sv,Gardevoir,405,1397,1230,599,49.49,feraligatr-tef,Feraligatr,3,66.67,,,,overall,2026-05-25T16:55:19.433697+00:00
SVI-DRI,34,1,gardevoir-ex-sv,Gardevoir,405,1397,1230,599,49.49,venomoth-froslass,Venomoth Froslass,3,44.44,,,,overall,2026-05-25T16:55:19.433697+00:00
SVI-DRI,34,1,gardevoir-ex-sv,Gardevoir,405,1397,1230,599,49.49,future-box,Future Box,3,33.33,,,,overall,2026-05-25T16:55:19.433697+00:00
SVI-DRI,34,1,gardevoir-ex-sv,Gardevoir,405,1397,1230,599,49.49,tsareena-ex,Tsareena,3,100.0,,,,overall,2026-05-25T16:55:19.433697+00:00
SVI-DRI,34,1,gardevoir-ex-sv,Gardevoir,405,1397,1230,599,49.49,azumarill-ssp,Azumarill,3,77.78,,,,overall,2026-05-25T16:55:19.433697+00:00
SVI-DRI,34,1,gardevoir-ex-sv,Gardevoir,405,1397,1230,599,49.49,miraidon-ex,Miraidon,3,66.67,,,,overall,2026-05-25T16:55:19.433697+00:00
SVI-DRI,34,1,gardevoir-ex-sv,Gardevoir,405,1397,1230,599,49.49,alakazam-ex,Alakazam,3,44.44,,,,overall,2026-05-25T16:55:19.433697+00:00
SVI-DRI,34,1,gardevoir-ex-sv,Gardevoir,405,1397,1230,599,49.49,spidops-ex,Spidops,3,0.0,,,,overall,2026-05-25T16:55:19.433697+00:00
SVI-DRI,34,1,gardevoir-ex-sv,Gardevoir,405,1397,1230,599,49.49,ogerpon-ex,Ogerpon,3,55.56,,,,overall,2026-05-25T16:55:19.433697+00:00
SVI-DRI,34,1,gardevoir-ex-sv,Gardevoir,405,1397,1230,599,49.49,chien-pao-baxcalibur,Chien-Pao Baxcalibur,3,77.78,,,,overall,2026-05-25T16:55:19.433697+00:00
SVI-DRI,34,1,gardevoir-ex-sv,Gardevoir,405,1397,1230,599,49.49,dragapult-froslass,Dragapult Froslass,3,77.78,,,,overall,2026-05-25T16:55:19.433697+00:00
SVI-DRI,34,1,gardevoir-ex-sv,Gardevoir,405,1397,1230,599,49.49,dragapult-zoroark,Dragapult Zoroark,3,33.33,,,,overall,2026-05-25T16:55:19.433697+00:00
SVI-DRI,34,1,gardevoir-ex-sv,Gardevoir,405,1397,1230,599,49.49,hydreigon-ex,Hydreigon,2,50.0,,,,overall,2026-05-25T16:55:19.433697+00:00
SVI-DRI,34,1,gardevoir-ex-sv,Gardevoir,405,1397,1230,599,49.49,dragapult-iron-thorns,Dragapult Iron Thorns,2,100.0,,,,overall,2026-05-25T16:55:19.433697+00:00
SVI-DRI,34,1,gardevoir-ex-sv,Gardevoir,405,1397,1230,599,49.49,archaludon-zoroark,Archaludon Zoroark,2,50.0,,,,overall,2026-05-25T16:55:19.433697+00:00
SVI-DRI,34,1,gardevoir-ex-sv,Gardevoir,405,1397,1230,599,49.49,okidogi-twm,Okidogi,2,0.0,,,,overall,2026-05-25T16:55:19.433697+00:00
SVI-DRI,34,1,gardevoir-ex-sv,Gardevoir,405,1397,1230,599,49.49,okidogi-ex,Okidogi,2,50.0,,,,overall,2026-05-25T16:55:19.433697+00:00
SVI-DRI,34,1,gardevoir-ex-sv,Gardevoir,405,1397,1230,599,49.49,charizard-ex,Charizard,2,0.0,,,,overall,2026-05-25T16:55:19.433697+00:00
SVI-DRI,34,1,gardevoir-ex-sv,Gardevoir,405,1397,1230,599,49.49,iron-thorns-ex,Iron Thorns,1,100.0,,,,overall,2026-05-25T16:55:19.433697+00:00
SVI-DRI,34,1,gardevoir-ex-sv,Gardevoir,405,1397,1230,599,49.49,charizard-greninja,Charizard Greninja,1,33.33,,,,overall,2026-05-25T16:55:19.433697+00:00
SVI-DRI,34,1,gardevoir-ex-sv,Gardevoir,405,1397,1230,599,49.49,iono-bellibolt,Iono's Bellibolt,1,100.0,,,,overall,2026-05-25T16:55:19.433697+00:00
SVI-DRI,34,1,gardevoir-ex-sv,Gardevoir,405,1397,1230,599,49.49,flygon-ex-ssp,Flygon,1,100.0,,,,overall,2026-05-25T16:55:19.433697+00:00
SVI-DRI,34,1,gardevoir-ex-sv,Gardevoir,405,1397,1230,599,49.49,ethan-magcargo,Ethan's Magcargo,1,0.0,,,,overall,2026-05-25T16:55:19.433697+00:00
SVI-DRI,34,1,gholdengo-dragapult,Gholdengo Dragapult,168,514,527,206,46.73,raging-bolt-ogerpon,Raging Bolt Ogerpon,211,36.65,,,,overall,2026-05-25T16:55:21.429589+00:00
SVI-DRI,34,1,gholdengo-dragapult,Gholdengo Dragapult,168,514,527,206,46.73,gardevoir-ex-sv,Gardevoir,144,62.27,,,,overall,2026-05-25T16:55:21.429589+00:00
SVI-DRI,34,1,gholdengo-dragapult,Gholdengo Dragapult,168,514,527,206,46.73,grimmsnarl-froslass,Grimmsnarl Froslass,141,42.08,,,,overall,2026-05-25T16:55:21.429589+00:00
SVI-DRI,34,1,gholdengo-dragapult,Gholdengo Dragapult,168,514,527,206,46.73,joltik-box,Joltik Box,121,49.31,,,,overall,2026-05-25T16:55:21.429589+00:00
SVI-DRI,34,1,gholdengo-dragapult,Gholdengo Dragapult,168,514,527,206,46.73,dragapult-charizard,Dragapult Charizard,76,45.18,,,,overall,2026-05-25T16:55:21.429589+00:00
SVI-DRI,34,1,gholdengo-dragapult,Gholdengo Dragapult,168,514,527,206,46.73,dragapult-dusknoir,Dragapult Dusknoir,75,51.11,,,,overall,2026-05-25T16:55:21.429589+00:00
SVI-DRI,34,1,gholdengo-dragapult,Gholdengo Dragapult,168,514,527,206,46.73,flareon-noctowl,Flareon Noctowl,65,32.82,,,,overall,2026-05-25T16:55:21.429589+00:00
SVI-DRI,34,1,gholdengo-dragapult,Gholdengo Dragapult,168,514,527,206,46.73,gholdengo-ex,Gholdengo,48,39.58,,,,overall,2026-05-25T16:55:21.429589+00:00
SVI-DRI,34,1,gholdengo-dragapult,Gholdengo Dragapult,168,514,527,206,46.73,dragapult-ex,Dragapult,36,30.56,,,,overall,2026-05-25T16:55:21.429589+00:00
SVI-DRI,34,1,gholdengo-dragapult,Gholdengo Dragapult,168,514,527,206,46.73,gholdengo-dragapult,Gholdengo Dragapult,29,47.7,,,,overall,2026-05-25T16:55:21.429589+00:00
SVI-DRI,34,1,gholdengo-dragapult,Gholdengo Dragapult,168,514,527,206,46.73,ethan-typhlosion,Ethan's Typhlosion,23,26.09,,,,overall,2026-05-25T16:55:21.429589+00:00
SVI-DRI,34,1,gholdengo-dragapult,Gholdengo Dragapult,168,514,527,206,46.73,rocket-mewtwo-ex,Rocket's Mewtwo,20,55.0,,,,overall,2026-05-25T16:55:21.429589+00:00
SVI-DRI,34,1,gholdengo-dragapult,Gholdengo Dragapult,168,514,527,206,46.73,cynthia-garchomp-ex,Cynthia's Garchomp,18,46.3,,,,overall,2026-05-25T16:55:21.429589+00:00
SVI-DRI,34,1,gholdengo-dragapult,Gholdengo Dragapult,168,514,527,206,46.73,roaring-moon-ex,Roaring Moon,16,37.5,,,,overall,2026-05-25T16:55:21.429589+00:00
SVI-DRI,34,1,gholdengo-dragapult,Gholdengo Dragapult,168,514,527,206,46.73,ho-oh-armarouge,Ho-Oh Armarouge,15,51.11,,,,overall,2026-05-25T16:55:21.429589+00:00
SVI-DRI,34,1,gholdengo-dragapult,Gholdengo Dragapult,168,514,527,206,46.73,ceruledge-ex,Ceruledge,14,38.1,,,,overall,2026-05-25T16:55:21.429589+00:00
SVI-DRI,34,1,gholdengo-dragapult,Gholdengo Dragapult,168,514,527,206,46.73,charizard-pidgeot,Charizard Pidgeot,12,27.78,,,,overall,2026-05-25T16:55:21.429589+00:00
SVI-DRI,34,1,gholdengo-dragapult,Gholdengo Dragapult,168,514,527,206,46.73,toedscruel-ex,Toedscruel,12,30.56,,,,overall,2026-05-25T16:55:21.429589+00:00
SVI-DRI,34,1,gholdengo-dragapult,Gholdengo Dragapult,168,514,527,206,46.73,other,Other,11,60.61,,,,overall,2026-05-25T16:55:21.429589+00:00
SVI-DRI,34,1,gholdengo-dragapult,Gholdengo Dragapult,168,514,527,206,46.73,archaludon-ex,Archaludon,9,100.0,,,,overall,2026-05-25T16:55:21.429589+00:00
SVI-DRI,34,1,gholdengo-dragapult,Gholdengo Dragapult,168,514,527,206,46.73,rocket-spidops,Rocket's Spidops,8,66.67,,,,overall,2026-05-25T16:55:21.429589+00:00
SVI-DRI,34,1,gholdengo-dragapult,Gholdengo Dragapult,168,514,527,206,46.73,tera-box,Tera Box,6,83.33,,,,overall,2026-05-25T16:55:21.429589+00:00
SVI-DRI,34,1,gholdengo-dragapult,Gholdengo Dragapult,168,514,527,206,46.73,poison-archaludon,Poison Archaludon,6,38.89,,,,overall,2026-05-25T16:55:21.429589+00:00
SVI-DRI,34,1,gholdengo-dragapult,Gholdengo Dragapult,168,514,527,206,46.73,n-zoroark,N's Zoroark,5,60.0,,,,overall,2026-05-25T16:55:21.429589+00:00
SVI-DRI,34,1,gholdengo-dragapult,Gholdengo Dragapult,168,514,527,206,46.73,dragapult-pidgeot,Dragapult Pidgeot,5,66.67,,,,overall,2026-05-25T16:55:21.429589+00:00
SVI-DRI,34,1,gholdengo-dragapult,Gholdengo Dragapult,168,514,527,206,46.73,mamoswine-ex,Mamoswine,5,60.0,,,,overall,2026-05-25T16:55:21.429589+00:00
SVI-DRI,34,1,gholdengo-dragapult,Gholdengo Dragapult,168,514,527,206,46.73,marnie-grimmsnarl-ex,Marnie's Grimmsnarl,4,58.33,,,,overall,2026-05-25T16:55:21.429589+00:00
SVI-DRI,34,1,gholdengo-dragapult,Gholdengo Dragapult,168,514,527,206,46.73,slowking-scr,Slowking,4,66.67,,,,overall,2026-05-25T16:55:21.429589+00:00
SVI-DRI,34,1,gholdengo-dragapult,Gholdengo Dragapult,168,514,527,206,46.73,miraidon-ex,Miraidon,4,75.0,,,,overall,2026-05-25T16:55:21.429589+00:00
SVI-DRI,34,1,gholdengo-dragapult,Gholdengo Dragapult,168,514,527,206,46.73,hop-zacian,Hop's Zacian,4,75.0,,,,overall,2026-05-25T16:55:21.429589+00:00
SVI-DRI,34,1,gholdengo-dragapult,Gholdengo Dragapult,168,514,527,206,46.73,chien-pao-baxcalibur,Chien-Pao Baxcalibur,4,100.0,,,,overall,2026-05-25T16:55:21.429589+00:00
SVI-DRI,34,1,gholdengo-dragapult,Gholdengo Dragapult,168,514,527,206,46.73,milotic-farigiraf,Milotic Farigiraf,3,100.0,,,,overall,2026-05-25T16:55:21.429589+00:00
SVI-DRI,34,1,gholdengo-dragapult,Gholdengo Dragapult,168,514,527,206,46.73,spidops-ex,Spidops,3,100.0,,,,overall,2026-05-25T16:55:21.429589+00:00
SVI-DRI,34,1,gholdengo-dragapult,Gholdengo Dragapult,168,514,527,206,46.73,flareon-ex,Flareon,3,100.0,,,,overall,2026-05-25T16:55:21.429589+00:00
SVI-DRI,34,1,gholdengo-dragapult,Gholdengo Dragapult,168,514,527,206,46.73,okidogi-ex,Okidogi,3,77.78,,,,overall,2026-05-25T16:55:21.429589+00:00
SVI-DRI,34,1,gholdengo-dragapult,Gholdengo Dragapult,168,514,527,206,46.73,slaking-ex,Slaking,3,66.67,,,,overall,2026-05-25T16:55:21.429589+00:00
SVI-DRI,34,1,gholdengo-dragapult,Gholdengo Dragapult,168,514,527,206,46.73,roaring-moon-dudunsparce,Roaring Moon Dudunsparce,3,66.67,,,,overall,2026-05-25T16:55:21.429589+00:00
SVI-DRI,34,1,gholdengo-dragapult,Gholdengo Dragapult,168,514,527,206,46.73,yanmega-ex,Yanmega,3,100.0,,,,overall,2026-05-25T16:55:21.429589+00:00
SVI-DRI,34,1,gholdengo-dragapult,Gholdengo Dragapult,168,514,527,206,46.73,pidgeot-control,Pidgeot Control,3,100.0,,,,overall,2026-05-25T16:55:21.429589+00:00
SVI-DRI,34,1,gholdengo-dragapult,Gholdengo Dragapult,168,514,527,206,46.73,archaludon-zoroark,Archaludon Zoroark,3,0.0,,,,overall,2026-05-25T16:55:21.429589+00:00
SVI-DRI,34,1,gholdengo-dragapult,Gholdengo Dragapult,168,514,527,206,46.73,blaziken-ex-jtg,Blaziken,3,66.67,,,,overall,2026-05-25T16:55:21.429589+00:00
SVI-DRI,34,1,gholdengo-dragapult,Gholdengo Dragapult,168,514,527,206,46.73,iron-thorns-ex,Iron Thorns,2,50.0,,,,overall,2026-05-25T16:55:21.429589+00:00
SVI-DRI,34,1,gholdengo-dragapult,Gholdengo Dragapult,168,514,527,206,46.73,espathra-froslass,Espathra Froslass,2,100.0,,,,overall,2026-05-25T16:55:21.429589+00:00
SVI-DRI,34,1,gholdengo-dragapult,Gholdengo Dragapult,168,514,527,206,46.73,charizard-ex,Charizard,2,50.0,,,,overall,2026-05-25T16:55:21.429589+00:00
SVI-DRI,34,1,gholdengo-dragapult,Gholdengo Dragapult,168,514,527,206,46.73,hydreigon-ex,Hydreigon,2,100.0,,,,overall,2026-05-25T16:55:21.429589+00:00
SVI-DRI,34,1,gholdengo-dragapult,Gholdengo Dragapult,168,514,527,206,46.73,froslass-munkidori,Froslass Munkidori,2,50.0,,,,overall,2026-05-25T16:55:21.429589+00:00
SVI-DRI,34,1,gholdengo-dragapult,Gholdengo Dragapult,168,514,527,206,46.73,future-box,Future Box,2,50.0,,,,overall,2026-05-25T16:55:21.429589+00:00
SVI-DRI,34,1,gholdengo-dragapult,Gholdengo Dragapult,168,514,527,206,46.73,festival-lead,Festival Lead,2,50.0,,,,overall,2026-05-25T16:55:21.429589+00:00
SVI-DRI,34,1,gholdengo-dragapult,Gholdengo Dragapult,168,514,527,206,46.73,charizard-dusknoir,Charizard Dusknoir,2,50.0,,,,overall,2026-05-25T16:55:21.429589+00:00
SVI-DRI,34,1,gholdengo-dragapult,Gholdengo Dragapult,168,514,527,206,46.73,feraligatr-tef,Feraligatr,1,100.0,,,,overall,2026-05-25T16:55:21.429589+00:00
SVI-DRI,34,1,gholdengo-dragapult,Gholdengo Dragapult,168,514,527,206,46.73,incineroar-ex,Incineroar,1,100.0,,,,overall,2026-05-25T16:55:21.429589+00:00
SVI-DRI,34,1,gholdengo-dragapult,Gholdengo Dragapult,168,514,527,206,46.73,hydrapple-ogerpon,Hydrapple Ogerpon,1,100.0,,,,overall,2026-05-25T16:55:21.429589+00:00
SVI-DRI,34,1,gholdengo-dragapult,Gholdengo Dragapult,168,514,527,206,46.73,tyranitar-jtg,Tyranitar,1,100.0,,,,overall,2026-05-25T16:55:21.429589+00:00
SVI-DRI,34,1,gholdengo-dragapult,Gholdengo Dragapult,168,514,527,206,46.73,dragapult-iron-thorns,Dragapult Iron Thorns,1,33.33,,,,overall,2026-05-25T16:55:21.429589+00:00
SVI-DRI,34,1,gholdengo-dragapult,Gholdengo Dragapult,168,514,527,206,46.73,flygon-ex-ssp,Flygon,1,0.0,,,,overall,2026-05-25T16:55:21.429589+00:00
SVI-DRI,34,1,gholdengo-dragapult,Gholdengo Dragapult,168,514,527,206,46.73,copperajah-ex,Copperajah,1,0.0,,,,overall,2026-05-25T16:55:21.429589+00:00
SVI-DRI,34,1,gholdengo-dragapult,Gholdengo Dragapult,168,514,527,206,46.73,palafin-ex,Palafin,1,100.0,,,,overall,2026-05-25T16:55:21.429589+00:00
SVI-DRI,34,1,gholdengo-dragapult,Gholdengo Dragapult,168,514,527,206,46.73,iron-thorns-crustle,Iron Thorns Crustle,1,0.0,,,,overall,2026-05-25T16:55:21.429589+00:00
SVI-DRI,34,1,gholdengo-dragapult,Gholdengo Dragapult,168,514,527,206,46.73,iron-valiant-xatu,Iron Valiant Xatu,1,100.0,,,,overall,2026-05-25T16:55:21.429589+00:00
SVI-DRI,34,1,gholdengo-dragapult,Gholdengo Dragapult,168,514,527,206,46.73,gouging-fire-ex,Gouging Fire,1,0.0,,,,overall,2026-05-25T16:55:21.429589+00:00
SVI-DRI,34,1,gholdengo-dragapult,Gholdengo Dragapult,168,514,527,206,46.73,gholdengo-dudunsparce,Gholdengo Dudunsparce,1,100.0,,,,overall,2026-05-25T16:55:21.429589+00:00
SVI-DRI,34,1,gholdengo-dragapult,Gholdengo Dragapult,168,514,527,206,46.73,iron-thorns-crown,Future Thorns,1,0.0,,,,overall,2026-05-25T16:55:21.429589+00:00
SVI-DRI,34,1,gholdengo-dragapult,Gholdengo Dragapult,168,514,527,206,46.73,terapagos-noctowl,Terapagos Noctowl,1,0.0,,,,overall,2026-05-25T16:55:21.429589+00:00
SVI-DRI,34,1,gholdengo-dragapult,Gholdengo Dragapult,168,514,527,206,46.73,dragapult-froslass,Dragapult Froslass,1,0.0,,,,overall,2026-05-25T16:55:21.429589+00:00
SVI-DRI,34,1,gholdengo-dragapult,Gholdengo Dragapult,168,514,527,206,46.73,dragapult-zoroark,Dragapult Zoroark,1,33.33,,,,overall,2026-05-25T16:55:21.429589+00:00
SVI-DRI,34,1,gholdengo-dudunsparce,Gholdengo Dudunsparce,6,11,21,6,34.21,raging-bolt-ogerpon,Raging Bolt Ogerpon,8,54.17,,,,overall,2026-05-25T16:55:23.392046+00:00
SVI-DRI,34,1,gholdengo-dudunsparce,Gholdengo Dudunsparce,6,11,21,6,34.21,joltik-box,Joltik Box,4,25.0,,,,overall,2026-05-25T16:55:23.392046+00:00
SVI-DRI,34,1,gholdengo-dudunsparce,Gholdengo Dudunsparce,6,11,21,6,34.21,gardevoir-ex-sv,Gardevoir,4,0.0,,,,overall,2026-05-25T16:55:23.392046+00:00
SVI-DRI,34,1,gholdengo-dudunsparce,Gholdengo Dudunsparce,6,11,21,6,34.21,dragapult-dusknoir,Dragapult Dusknoir,4,75.0,,,,overall,2026-05-25T16:55:23.392046+00:00
SVI-DRI,34,1,gholdengo-dudunsparce,Gholdengo Dudunsparce,6,11,21,6,34.21,dragapult-charizard,Dragapult Charizard,3,22.22,,,,overall,2026-05-25T16:55:23.392046+00:00
SVI-DRI,34,1,gholdengo-dudunsparce,Gholdengo Dudunsparce,6,11,21,6,34.21,flareon-noctowl,Flareon Noctowl,3,33.33,,,,overall,2026-05-25T16:55:23.392046+00:00
SVI-DRI,34,1,gholdengo-dudunsparce,Gholdengo Dudunsparce,6,11,21,6,34.21,gholdengo-ex,Gholdengo,2,0.0,,,,overall,2026-05-25T16:55:23.392046+00:00
SVI-DRI,34,1,gholdengo-dudunsparce,Gholdengo Dudunsparce,6,11,21,6,34.21,dragapult-ex,Dragapult,1,100.0,,,,overall,2026-05-25T16:55:23.392046+00:00
SVI-DRI,34,1,gholdengo-dudunsparce,Gholdengo Dudunsparce,6,11,21,6,34.21,grimmsnarl-froslass,Grimmsnarl Froslass,1,33.33,,,,overall,2026-05-25T16:55:23.392046+00:00
SVI-DRI,34,1,gholdengo-dudunsparce,Gholdengo Dudunsparce,6,11,21,6,34.21,ho-oh-armarouge,Ho-Oh Armarouge,1,0.0,,,,overall,2026-05-25T16:55:23.392046+00:00
SVI-DRI,34,1,gholdengo-dudunsparce,Gholdengo Dudunsparce,6,11,21,6,34.21,rocket-mewtwo-ex,Rocket's Mewtwo,1,0.0,,,,overall,2026-05-25T16:55:23.392046+00:00
SVI-DRI,34,1,gholdengo-dudunsparce,Gholdengo Dudunsparce,6,11,21,6,34.21,hydrapple-ogerpon,Hydrapple Ogerpon,1,33.33,,,,overall,2026-05-25T16:55:23.392046+00:00
SVI-DRI,34,1,gholdengo-dudunsparce,Gholdengo Dudunsparce,6,11,21,6,34.21,tera-box,Tera Box,1,100.0,,,,overall,2026-05-25T16:55:23.392046+00:00
SVI-DRI,34,1,gholdengo-dudunsparce,Gholdengo Dudunsparce,6,11,21,6,34.21,ethan-typhlosion,Ethan's Typhlosion,1,0.0,,,,overall,2026-05-25T16:55:23.392046+00:00
SVI-DRI,34,1,gholdengo-dudunsparce,Gholdengo Dudunsparce,6,11,21,6,34.21,gholdengo-dragapult,Gholdengo Dragapult,1,0.0,,,,overall,2026-05-25T16:55:23.392046+00:00
SVI-DRI,34,1,gholdengo-dudunsparce,Gholdengo Dudunsparce,6,11,21,6,34.21,charizard-pidgeot,Charizard Pidgeot,1,0.0,,,,overall,2026-05-25T16:55:23.392046+00:00
SVI-DRI,34,1,gholdengo-dudunsparce,Gholdengo Dudunsparce,6,11,21,6,34.21,cynthia-garchomp-ex,Cynthia's Garchomp,1,33.33,,,,overall,2026-05-25T16:55:23.392046+00:00
SVI-DRI,34,1,gholdengo-ex,Gholdengo,152,536,467,198,50.12,raging-bolt-ogerpon,Raging Bolt Ogerpon,198,46.63,,,,overall,2026-05-25T16:55:25.387479+00:00
SVI-DRI,34,1,gholdengo-ex,Gholdengo,152,536,467,198,50.12,gardevoir-ex-sv,Gardevoir,148,56.76,,,,overall,2026-05-25T16:55:25.387479+00:00
SVI-DRI,34,1,gholdengo-ex,Gholdengo,152,536,467,198,50.12,grimmsnarl-froslass,Grimmsnarl Froslass,145,54.48,,,,overall,2026-05-25T16:55:25.387479+00:00
SVI-DRI,34,1,gholdengo-ex,Gholdengo,152,536,467,198,50.12,joltik-box,Joltik Box,104,48.72,,,,overall,2026-05-25T16:55:25.387479+00:00
SVI-DRI,34,1,gholdengo-ex,Gholdengo,152,536,467,198,50.12,flareon-noctowl,Flareon Noctowl,80,37.5,,,,overall,2026-05-25T16:55:25.387479+00:00
SVI-DRI,34,1,gholdengo-ex,Gholdengo,152,536,467,198,50.12,dragapult-dusknoir,Dragapult Dusknoir,74,55.86,,,,overall,2026-05-25T16:55:25.387479+00:00
SVI-DRI,34,1,gholdengo-ex,Gholdengo,152,536,467,198,50.12,dragapult-charizard,Dragapult Charizard,69,39.13,,,,overall,2026-05-25T16:55:25.387479+00:00
SVI-DRI,34,1,gholdengo-ex,Gholdengo,152,536,467,198,50.12,gholdengo-dragapult,Gholdengo Dragapult,48,54.17,,,,overall,2026-05-25T16:55:25.387479+00:00
SVI-DRI,34,1,gholdengo-ex,Gholdengo,152,536,467,198,50.12,dragapult-ex,Dragapult,30,32.22,,,,overall,2026-05-25T16:55:25.387479+00:00
SVI-DRI,34,1,gholdengo-ex,Gholdengo,152,536,467,198,50.12,gholdengo-ex,Gholdengo,23,48.55,,,,overall,2026-05-25T16:55:25.387479+00:00
SVI-DRI,34,1,gholdengo-ex,Gholdengo,152,536,467,198,50.12,cynthia-garchomp-ex,Cynthia's Garchomp,21,63.49,,,,overall,2026-05-25T16:55:25.387479+00:00
SVI-DRI,34,1,gholdengo-ex,Gholdengo,152,536,467,198,50.12,ethan-typhlosion,Ethan's Typhlosion,20,6.67,,,,overall,2026-05-25T16:55:25.387479+00:00
SVI-DRI,34,1,gholdengo-ex,Gholdengo,152,536,467,198,50.12,rocket-mewtwo-ex,Rocket's Mewtwo,19,73.68,,,,overall,2026-05-25T16:55:25.387479+00:00
SVI-DRI,34,1,gholdengo-ex,Gholdengo,152,536,467,198,50.12,roaring-moon-ex,Roaring Moon,18,50.0,,,,overall,2026-05-25T16:55:25.387479+00:00
SVI-DRI,34,1,gholdengo-ex,Gholdengo,152,536,467,198,50.12,ho-oh-armarouge,Ho-Oh Armarouge,13,43.59,,,,overall,2026-05-25T16:55:25.387479+00:00
SVI-DRI,34,1,gholdengo-ex,Gholdengo,152,536,467,198,50.12,archaludon-ex,Archaludon,12,61.11,,,,overall,2026-05-25T16:55:25.387479+00:00
SVI-DRI,34,1,gholdengo-ex,Gholdengo,152,536,467,198,50.12,rocket-spidops,Rocket's Spidops,11,78.79,,,,overall,2026-05-25T16:55:25.387479+00:00
SVI-DRI,34,1,gholdengo-ex,Gholdengo,152,536,467,198,50.12,tera-box,Tera Box,9,55.56,,,,overall,2026-05-25T16:55:25.387479+00:00
SVI-DRI,34,1,gholdengo-ex,Gholdengo,152,536,467,198,50.12,n-zoroark,N's Zoroark,9,74.07,,,,overall,2026-05-25T16:55:25.387479+00:00
SVI-DRI,34,1,gholdengo-ex,Gholdengo,152,536,467,198,50.12,yanmega-ex,Yanmega,9,81.48,,,,overall,2026-05-25T16:55:25.387479+00:00
SVI-DRI,34,1,gholdengo-ex,Gholdengo,152,536,467,198,50.12,charizard-pidgeot,Charizard Pidgeot,9,29.63,,,,overall,2026-05-25T16:55:25.387479+00:00
SVI-DRI,34,1,gholdengo-ex,Gholdengo,152,536,467,198,50.12,toedscruel-ex,Toedscruel,9,59.26,,,,overall,2026-05-25T16:55:25.387479+00:00
SVI-DRI,34,1,gholdengo-ex,Gholdengo,152,536,467,198,50.12,froslass-munkidori,Froslass Munkidori,7,47.62,,,,overall,2026-05-25T16:55:25.387479+00:00
SVI-DRI,34,1,gholdengo-ex,Gholdengo,152,536,467,198,50.12,ceruledge-ex,Ceruledge,7,14.29,,,,overall,2026-05-25T16:55:25.387479+00:00
SVI-DRI,34,1,gholdengo-ex,Gholdengo,152,536,467,198,50.12,blaziken-zoroark,Blaziken Zoroark,4,25.0,,,,overall,2026-05-25T16:55:25.387479+00:00
SVI-DRI,34,1,gholdengo-ex,Gholdengo,152,536,467,198,50.12,hydrapple-ogerpon,Hydrapple Ogerpon,4,100.0,,,,overall,2026-05-25T16:55:25.387479+00:00
SVI-DRI,34,1,gholdengo-ex,Gholdengo,152,536,467,198,50.12,charizard-dusknoir,Charizard Dusknoir,4,33.33,,,,overall,2026-05-25T16:55:25.387479+00:00
SVI-DRI,34,1,gholdengo-ex,Gholdengo,152,536,467,198,50.12,other,Other,4,50.0,,,,overall,2026-05-25T16:55:25.387479+00:00
SVI-DRI,34,1,gholdengo-ex,Gholdengo,152,536,467,198,50.12,flareon-ex,Flareon,4,58.33,,,,overall,2026-05-25T16:55:25.387479+00:00
SVI-DRI,34,1,gholdengo-ex,Gholdengo,152,536,467,198,50.12,milotic-farigiraf,Milotic Farigiraf,4,0.0,,,,overall,2026-05-25T16:55:25.387479+00:00
SVI-DRI,34,1,gholdengo-ex,Gholdengo,152,536,467,198,50.12,okidogi-ex,Okidogi,3,100.0,,,,overall,2026-05-25T16:55:25.387479+00:00
SVI-DRI,34,1,gholdengo-ex,Gholdengo,152,536,467,198,50.12,dragapult-pidgeot,Dragapult Pidgeot,3,100.0,,,,overall,2026-05-25T16:55:25.387479+00:00
SVI-DRI,34,1,gholdengo-ex,Gholdengo,152,536,467,198,50.12,slowking-scr,Slowking,3,66.67,,,,overall,2026-05-25T16:55:25.387479+00:00
SVI-DRI,34,1,gholdengo-ex,Gholdengo,152,536,467,198,50.12,hop-zacian,Hop's Zacian,3,100.0,,,,overall,2026-05-25T16:55:25.387479+00:00
SVI-DRI,34,1,gholdengo-ex,Gholdengo,152,536,467,198,50.12,feraligatr-tef,Feraligatr,3,77.78,,,,overall,2026-05-25T16:55:25.387479+00:00
SVI-DRI,34,1,gholdengo-ex,Gholdengo,152,536,467,198,50.12,gholdengo-dudunsparce,Gholdengo Dudunsparce,2,100.0,,,,overall,2026-05-25T16:55:25.387479+00:00
SVI-DRI,34,1,gholdengo-ex,Gholdengo,152,536,467,198,50.12,future-box,Future Box,2,33.33,,,,overall,2026-05-25T16:55:25.387479+00:00
SVI-DRI,34,1,gholdengo-ex,Gholdengo,152,536,467,198,50.12,ogerpon-ex,Ogerpon,2,0.0,,,,overall,2026-05-25T16:55:25.387479+00:00
SVI-DRI,34,1,gholdengo-ex,Gholdengo,152,536,467,198,50.12,iron-thorns-ex,Iron Thorns,2,0.0,,,,overall,2026-05-25T16:55:25.387479+00:00
SVI-DRI,34,1,gholdengo-ex,Gholdengo,152,536,467,198,50.12,flygon-ex-ssp,Flygon,2,16.67,,,,overall,2026-05-25T16:55:25.387479+00:00
SVI-DRI,34,1,gholdengo-ex,Gholdengo,152,536,467,198,50.12,poison-archaludon,Poison Archaludon,2,50.0,,,,overall,2026-05-25T16:55:25.387479+00:00
SVI-DRI,34,1,gholdengo-ex,Gholdengo,152,536,467,198,50.12,terapagos-noctowl,Terapagos Noctowl,2,100.0,,,,overall,2026-05-25T16:55:25.387479+00:00
SVI-DRI,34,1,gholdengo-ex,Gholdengo,152,536,467,198,50.12,copperajah-ex,Copperajah,2,16.67,,,,overall,2026-05-25T16:55:25.387479+00:00
SVI-DRI,34,1,gholdengo-ex,Gholdengo,152,536,467,198,50.12,roaring-moon-dudunsparce,Roaring Moon Dudunsparce,2,50.0,,,,overall,2026-05-25T16:55:25.387479+00:00
SVI-DRI,34,1,gholdengo-ex,Gholdengo,152,536,467,198,50.12,hydreigon-ex,Hydreigon,2,100.0,,,,overall,2026-05-25T16:55:25.387479+00:00
SVI-DRI,34,1,gholdengo-ex,Gholdengo,152,536,467,198,50.12,spidops-ex,Spidops,2,100.0,,,,overall,2026-05-25T16:55:25.387479+00:00
SVI-DRI,34,1,gholdengo-ex,Gholdengo,152,536,467,198,50.12,miraidon-ex,Miraidon,2,50.0,,,,overall,2026-05-25T16:55:25.387479+00:00
SVI-DRI,34,1,gholdengo-ex,Gholdengo,152,536,467,198,50.12,iron-thorns-crustle,Iron Thorns Crustle,2,50.0,,,,overall,2026-05-25T16:55:25.387479+00:00
SVI-DRI,34,1,gholdengo-ex,Gholdengo,152,536,467,198,50.12,great-tusk-tef,Great Tusk Mill,2,50.0,,,,overall,2026-05-25T16:55:25.387479+00:00
SVI-DRI,34,1,gholdengo-ex,Gholdengo,152,536,467,198,50.12,chien-pao-baxcalibur,Chien-Pao Baxcalibur,2,16.67,,,,overall,2026-05-25T16:55:25.387479+00:00
SVI-DRI,34,1,gholdengo-ex,Gholdengo,152,536,467,198,50.12,blaziken-ex-jtg,Blaziken,2,16.67,,,,overall,2026-05-25T16:55:25.387479+00:00
SVI-DRI,34,1,gholdengo-ex,Gholdengo,152,536,467,198,50.12,festival-lead,Festival Lead,2,50.0,,,,overall,2026-05-25T16:55:25.387479+00:00
SVI-DRI,34,1,gholdengo-ex,Gholdengo,152,536,467,198,50.12,sinistcha-ogerpon,Sinistcha Ogerpon,1,0.0,,,,overall,2026-05-25T16:55:25.387479+00:00
SVI-DRI,34,1,gholdengo-ex,Gholdengo,152,536,467,198,50.12,archaludon-zoroark,Archaludon Zoroark,1,33.33,,,,overall,2026-05-25T16:55:25.387479+00:00
SVI-DRI,34,1,gholdengo-ex,Gholdengo,152,536,467,198,50.12,blissey-ex,Blissey,1,100.0,,,,overall,2026-05-25T16:55:25.387479+00:00
SVI-DRI,34,1,gholdengo-ex,Gholdengo,152,536,467,198,50.12,rocket-nidoking-ex,Rocket's Nidoking,1,100.0,,,,overall,2026-05-25T16:55:25.387479+00:00
SVI-DRI,34,1,gholdengo-ex,Gholdengo,152,536,467,198,50.12,clefairy-ogerpon,Clefairy Ogerpon,1,100.0,,,,overall,2026-05-25T16:55:25.387479+00:00
SVI-DRI,34,1,gholdengo-ex,Gholdengo,152,536,467,198,50.12,pidgeot-control,Pidgeot Control,1,100.0,,,,overall,2026-05-25T16:55:25.387479+00:00
SVI-DRI,34,1,gholdengo-ex,Gholdengo,152,536,467,198,50.12,tinkaton-ex,Tinkaton,1,100.0,,,,overall,2026-05-25T16:55:25.387479+00:00
SVI-DRI,34,1,gholdengo-ex,Gholdengo,152,536,467,198,50.12,iron-hands-ex,Future Hands,1,33.33,,,,overall,2026-05-25T16:55:25.387479+00:00
SVI-DRI,34,1,gholdengo-ex,Gholdengo,152,536,467,198,50.12,banette-ex-sv,Banette,1,0.0,,,,overall,2026-05-25T16:55:25.387479+00:00
SVI-DRI,34,1,gholdengo-ex,Gholdengo,152,536,467,198,50.12,marnie-grimmsnarl-ex,Marnie's Grimmsnarl,1,33.33,,,,overall,2026-05-25T16:55:25.387479+00:00
SVI-DRI,34,1,gholdengo-ex,Gholdengo,152,536,467,198,50.12,mamoswine-ex,Mamoswine,1,100.0,,,,overall,2026-05-25T16:55:25.387479+00:00
SVI-DRI,34,1,gholdengo-ex,Gholdengo,152,536,467,198,50.12,charizard-noctowl,Charizard Noctowl,1,100.0,,,,overall,2026-05-25T16:55:25.387479+00:00
SVI-DRI,34,1,gouging-fire-ex,Gouging Fire,1,3,5,1,37.04,grimmsnarl-froslass,Grimmsnarl Froslass,1,0.0,,,,overall,2026-05-25T16:55:27.345475+00:00
SVI-DRI,34,1,gouging-fire-ex,Gouging Fire,1,3,5,1,37.04,greninja-ex,Greninja,1,0.0,,,,overall,2026-05-25T16:55:27.345475+00:00
SVI-DRI,34,1,gouging-fire-ex,Gouging Fire,1,3,5,1,37.04,raging-bolt-ogerpon,Raging Bolt Ogerpon,1,0.0,,,,overall,2026-05-25T16:55:27.345475+00:00
SVI-DRI,34,1,gouging-fire-ex,Gouging Fire,1,3,5,1,37.04,festival-lead,Festival Lead,1,100.0,,,,overall,2026-05-25T16:55:27.345475+00:00
SVI-DRI,34,1,gouging-fire-ex,Gouging Fire,1,3,5,1,37.04,gholdengo-dragapult,Gholdengo Dragapult,1,100.0,,,,overall,2026-05-25T16:55:27.345475+00:00
SVI-DRI,34,1,gouging-fire-ex,Gouging Fire,1,3,5,1,37.04,toedscruel-ex,Toedscruel,1,0.0,,,,overall,2026-05-25T16:55:27.345475+00:00
SVI-DRI,34,1,gouging-fire-ex,Gouging Fire,1,3,5,1,37.04,joltik-box,Joltik Box,1,100.0,,,,overall,2026-05-25T16:55:27.345475+00:00
SVI-DRI,34,1,gouging-fire-ex,Gouging Fire,1,3,5,1,37.04,flareon-noctowl,Flareon Noctowl,1,33.33,,,,overall,2026-05-25T16:55:27.345475+00:00
SVI-DRI,34,1,gouging-fire-ex,Gouging Fire,1,3,5,1,37.04,roaring-moon-dudunsparce,Roaring Moon Dudunsparce,1,0.0,,,,overall,2026-05-25T16:55:27.345475+00:00
SVI-DRI,34,1,great-tusk-tef,Great Tusk Mill,5,12,23,1,34.26,dragapult-dusknoir,Dragapult Dusknoir,6,16.67,,,,overall,2026-05-25T16:55:29.315222+00:00
SVI-DRI,34,1,great-tusk-tef,Great Tusk Mill,5,12,23,1,34.26,grimmsnarl-froslass,Grimmsnarl Froslass,6,22.22,,,,overall,2026-05-25T16:55:29.315222+00:00
SVI-DRI,34,1,great-tusk-tef,Great Tusk Mill,5,12,23,1,34.26,gardevoir-ex-sv,Gardevoir,5,40.0,,,,overall,2026-05-25T16:55:29.315222+00:00
SVI-DRI,34,1,great-tusk-tef,Great Tusk Mill,5,12,23,1,34.26,raging-bolt-ogerpon,Raging Bolt Ogerpon,4,0.0,,,,overall,2026-05-25T16:55:29.315222+00:00
SVI-DRI,34,1,great-tusk-tef,Great Tusk Mill,5,12,23,1,34.26,joltik-box,Joltik Box,3,33.33,,,,overall,2026-05-25T16:55:29.315222+00:00
SVI-DRI,34,1,great-tusk-tef,Great Tusk Mill,5,12,23,1,34.26,dragapult-charizard,Dragapult Charizard,2,100.0,,,,overall,2026-05-25T16:55:29.315222+00:00
SVI-DRI,34,1,great-tusk-tef,Great Tusk Mill,5,12,23,1,34.26,gholdengo-ex,Gholdengo,2,50.0,,,,overall,2026-05-25T16:55:29.315222+00:00
SVI-DRI,34,1,great-tusk-tef,Great Tusk Mill,5,12,23,1,34.26,n-zoroark,N's Zoroark,1,100.0,,,,overall,2026-05-25T16:55:29.315222+00:00
SVI-DRI,34,1,great-tusk-tef,Great Tusk Mill,5,12,23,1,34.26,flareon-noctowl,Flareon Noctowl,1,0.0,,,,overall,2026-05-25T16:55:29.315222+00:00
SVI-DRI,34,1,great-tusk-tef,Great Tusk Mill,5,12,23,1,34.26,cynthia-garchomp-ex,Cynthia's Garchomp,1,100.0,,,,overall,2026-05-25T16:55:29.315222+00:00
SVI-DRI,34,1,great-tusk-tef,Great Tusk Mill,5,12,23,1,34.26,roaring-moon-ex,Roaring Moon,1,0.0,,,,overall,2026-05-25T16:55:29.315222+00:00
SVI-DRI,34,1,great-tusk-tef,Great Tusk Mill,5,12,23,1,34.26,rocket-mewtwo-ex,Rocket's Mewtwo,1,100.0,,,,overall,2026-05-25T16:55:29.315222+00:00
SVI-DRI,34,1,great-tusk-tef,Great Tusk Mill,5,12,23,1,34.26,ethan-typhlosion,Ethan's Typhlosion,1,100.0,,,,overall,2026-05-25T16:55:29.315222+00:00
SVI-DRI,34,1,great-tusk-tef,Great Tusk Mill,5,12,23,1,34.26,toedscruel-ex,Toedscruel,1,0.0,,,,overall,2026-05-25T16:55:29.315222+00:00
SVI-DRI,34,1,great-tusk-tef,Great Tusk Mill,5,12,23,1,34.26,dragapult-ex,Dragapult,1,0.0,,,,overall,2026-05-25T16:55:29.315222+00:00
SVI-DRI,34,1,greninja-ex,Greninja,2,4,7,1,36.11,grimmsnarl-froslass,Grimmsnarl Froslass,2,0.0,,,,overall,2026-05-25T16:55:31.270203+00:00
SVI-DRI,34,1,greninja-ex,Greninja,2,4,7,1,36.11,raging-bolt-ogerpon,Raging Bolt Ogerpon,2,50.0,,,,overall,2026-05-25T16:55:31.270203+00:00
SVI-DRI,34,1,greninja-ex,Greninja,2,4,7,1,36.11,flareon-noctowl,Flareon Noctowl,2,50.0,,,,overall,2026-05-25T16:55:31.270203+00:00
SVI-DRI,34,1,greninja-ex,Greninja,2,4,7,1,36.11,joltik-box,Joltik Box,2,50.0,,,,overall,2026-05-25T16:55:31.270203+00:00
SVI-DRI,34,1,greninja-ex,Greninja,2,4,7,1,36.11,dragapult-charizard,Dragapult Charizard,1,0.0,,,,overall,2026-05-25T16:55:31.270203+00:00
SVI-DRI,34,1,greninja-ex,Greninja,2,4,7,1,36.11,gouging-fire-ex,Gouging Fire,1,100.0,,,,overall,2026-05-25T16:55:31.270203+00:00
SVI-DRI,34,1,greninja-ex,Greninja,2,4,7,1,36.11,dragapult-ex,Dragapult,1,0.0,,,,overall,2026-05-25T16:55:31.270203+00:00
SVI-DRI,34,1,greninja-ex,Greninja,2,4,7,1,36.11,miraidon-ex,Miraidon,1,33.33,,,,overall,2026-05-25T16:55:31.270203+00:00
SVI-DRI,34,1,grimmsnarl-froslass,Grimmsnarl Froslass,467,1554,1423,622,48.94,raging-bolt-ogerpon,Raging Bolt Ogerpon,627,39.61,,,,overall,2026-05-25T16:55:33.313245+00:00
SVI-DRI,34,1,grimmsnarl-froslass,Grimmsnarl Froslass,467,1554,1423,622,48.94,gardevoir-ex-sv,Gardevoir,374,60.78,,,,overall,2026-05-25T16:55:33.313245+00:00
SVI-DRI,34,1,grimmsnarl-froslass,Grimmsnarl Froslass,467,1554,1423,622,48.94,joltik-box,Joltik Box,341,39.0,,,,overall,2026-05-25T16:55:33.313245+00:00
SVI-DRI,34,1,grimmsnarl-froslass,Grimmsnarl Froslass,467,1554,1423,622,48.94,dragapult-charizard,Dragapult Charizard,254,55.77,,,,overall,2026-05-25T16:55:33.313245+00:00
SVI-DRI,34,1,grimmsnarl-froslass,Grimmsnarl Froslass,467,1554,1423,622,48.94,flareon-noctowl,Flareon Noctowl,229,41.19,,,,overall,2026-05-25T16:55:33.313245+00:00
SVI-DRI,34,1,grimmsnarl-froslass,Grimmsnarl Froslass,467,1554,1423,622,48.94,dragapult-dusknoir,Dragapult Dusknoir,211,56.71,,,,overall,2026-05-25T16:55:33.313245+00:00
SVI-DRI,34,1,grimmsnarl-froslass,Grimmsnarl Froslass,467,1554,1423,622,48.94,grimmsnarl-froslass,Grimmsnarl Froslass,209,47.21,,,,overall,2026-05-25T16:55:33.313245+00:00
SVI-DRI,34,1,grimmsnarl-froslass,Grimmsnarl Froslass,467,1554,1423,622,48.94,gholdengo-ex,Gholdengo,145,38.62,,,,overall,2026-05-25T16:55:33.313245+00:00
SVI-DRI,34,1,grimmsnarl-froslass,Grimmsnarl Froslass,467,1554,1423,622,48.94,gholdengo-dragapult,Gholdengo Dragapult,141,51.3,,,,overall,2026-05-25T16:55:33.313245+00:00
SVI-DRI,34,1,grimmsnarl-froslass,Grimmsnarl Froslass,467,1554,1423,622,48.94,dragapult-ex,Dragapult,117,49.29,,,,overall,2026-05-25T16:55:33.313245+00:00
SVI-DRI,34,1,grimmsnarl-froslass,Grimmsnarl Froslass,467,1554,1423,622,48.94,cynthia-garchomp-ex,Cynthia's Garchomp,66,46.46,,,,overall,2026-05-25T16:55:33.313245+00:00
SVI-DRI,34,1,grimmsnarl-froslass,Grimmsnarl Froslass,467,1554,1423,622,48.94,ethan-typhlosion,Ethan's Typhlosion,63,74.07,,,,overall,2026-05-25T16:55:33.313245+00:00
SVI-DRI,34,1,grimmsnarl-froslass,Grimmsnarl Froslass,467,1554,1423,622,48.94,rocket-mewtwo-ex,Rocket's Mewtwo,54,60.49,,,,overall,2026-05-25T16:55:33.313245+00:00
SVI-DRI,34,1,grimmsnarl-froslass,Grimmsnarl Froslass,467,1554,1423,622,48.94,charizard-pidgeot,Charizard Pidgeot,38,63.16,,,,overall,2026-05-25T16:55:33.313245+00:00
SVI-DRI,34,1,grimmsnarl-froslass,Grimmsnarl Froslass,467,1554,1423,622,48.94,ho-oh-armarouge,Ho-Oh Armarouge,38,55.26,,,,overall,2026-05-25T16:55:33.313245+00:00
SVI-DRI,34,1,grimmsnarl-froslass,Grimmsnarl Froslass,467,1554,1423,622,48.94,ceruledge-ex,Ceruledge,32,55.21,,,,overall,2026-05-25T16:55:33.313245+00:00
SVI-DRI,34,1,grimmsnarl-froslass,Grimmsnarl Froslass,467,1554,1423,622,48.94,toedscruel-ex,Toedscruel,30,27.78,,,,overall,2026-05-25T16:55:33.313245+00:00
SVI-DRI,34,1,grimmsnarl-froslass,Grimmsnarl Froslass,467,1554,1423,622,48.94,roaring-moon-ex,Roaring Moon,27,70.37,,,,overall,2026-05-25T16:55:33.313245+00:00
SVI-DRI,34,1,grimmsnarl-froslass,Grimmsnarl Froslass,467,1554,1423,622,48.94,rocket-spidops,Rocket's Spidops,27,35.8,,,,overall,2026-05-25T16:55:33.313245+00:00
SVI-DRI,34,1,grimmsnarl-froslass,Grimmsnarl Froslass,467,1554,1423,622,48.94,froslass-munkidori,Froslass Munkidori,25,48.0,,,,overall,2026-05-25T16:55:33.313245+00:00
SVI-DRI,34,1,grimmsnarl-froslass,Grimmsnarl Froslass,467,1554,1423,622,48.94,other,Other,22,75.76,,,,overall,2026-05-25T16:55:33.313245+00:00
SVI-DRI,34,1,grimmsnarl-froslass,Grimmsnarl Froslass,467,1554,1423,622,48.94,yanmega-ex,Yanmega,22,48.48,,,,overall,2026-05-25T16:55:33.313245+00:00
SVI-DRI,34,1,grimmsnarl-froslass,Grimmsnarl Froslass,467,1554,1423,622,48.94,n-zoroark,N's Zoroark,20,41.67,,,,overall,2026-05-25T16:55:33.313245+00:00
SVI-DRI,34,1,grimmsnarl-froslass,Grimmsnarl Froslass,467,1554,1423,622,48.94,tera-box,Tera Box,18,50.0,,,,overall,2026-05-25T16:55:33.313245+00:00
SVI-DRI,34,1,grimmsnarl-froslass,Grimmsnarl Froslass,467,1554,1423,622,48.94,archaludon-ex,Archaludon,15,48.89,,,,overall,2026-05-25T16:55:33.313245+00:00
SVI-DRI,34,1,grimmsnarl-froslass,Grimmsnarl Froslass,467,1554,1423,622,48.94,hop-zacian,Hop's Zacian,11,72.73,,,,overall,2026-05-25T16:55:33.313245+00:00
SVI-DRI,34,1,grimmsnarl-froslass,Grimmsnarl Froslass,467,1554,1423,622,48.94,mamoswine-ex,Mamoswine,10,70.0,,,,overall,2026-05-25T16:55:33.313245+00:00
SVI-DRI,34,1,grimmsnarl-froslass,Grimmsnarl Froslass,467,1554,1423,622,48.94,milotic-farigiraf,Milotic Farigiraf,10,63.33,,,,overall,2026-05-25T16:55:33.313245+00:00
SVI-DRI,34,1,grimmsnarl-froslass,Grimmsnarl Froslass,467,1554,1423,622,48.94,iron-thorns-crustle,Iron Thorns Crustle,9,51.85,,,,overall,2026-05-25T16:55:33.313245+00:00
SVI-DRI,34,1,grimmsnarl-froslass,Grimmsnarl Froslass,467,1554,1423,622,48.94,terapagos-noctowl,Terapagos Noctowl,9,29.63,,,,overall,2026-05-25T16:55:33.313245+00:00
SVI-DRI,34,1,grimmsnarl-froslass,Grimmsnarl Froslass,467,1554,1423,622,48.94,miraidon-ex,Miraidon,8,37.5,,,,overall,2026-05-25T16:55:33.313245+00:00
SVI-DRI,34,1,grimmsnarl-froslass,Grimmsnarl Froslass,467,1554,1423,622,48.94,archaludon-zoroark,Archaludon Zoroark,8,50.0,,,,overall,2026-05-25T16:55:33.313245+00:00
SVI-DRI,34,1,grimmsnarl-froslass,Grimmsnarl Froslass,467,1554,1423,622,48.94,slowking-scr,Slowking,8,87.5,,,,overall,2026-05-25T16:55:33.313245+00:00
SVI-DRI,34,1,grimmsnarl-froslass,Grimmsnarl Froslass,467,1554,1423,622,48.94,blaziken-ex-jtg,Blaziken,7,52.38,,,,overall,2026-05-25T16:55:33.313245+00:00
SVI-DRI,34,1,grimmsnarl-froslass,Grimmsnarl Froslass,467,1554,1423,622,48.94,dragapult-pidgeot,Dragapult Pidgeot,7,57.14,,,,overall,2026-05-25T16:55:33.313245+00:00
SVI-DRI,34,1,grimmsnarl-froslass,Grimmsnarl Froslass,467,1554,1423,622,48.94,blaziken-zoroark,Blaziken Zoroark,7,57.14,,,,overall,2026-05-25T16:55:33.313245+00:00
SVI-DRI,34,1,grimmsnarl-froslass,Grimmsnarl Froslass,467,1554,1423,622,48.94,charizard-dusknoir,Charizard Dusknoir,7,71.43,,,,overall,2026-05-25T16:55:33.313245+00:00
SVI-DRI,34,1,grimmsnarl-froslass,Grimmsnarl Froslass,467,1554,1423,622,48.94,future-box,Future Box,7,42.86,,,,overall,2026-05-25T16:55:33.313245+00:00
SVI-DRI,34,1,grimmsnarl-froslass,Grimmsnarl Froslass,467,1554,1423,622,48.94,hydrapple-ogerpon,Hydrapple Ogerpon,6,55.56,,,,overall,2026-05-25T16:55:33.313245+00:00
SVI-DRI,34,1,grimmsnarl-froslass,Grimmsnarl Froslass,467,1554,1423,622,48.94,feraligatr-tef,Feraligatr,6,61.11,,,,overall,2026-05-25T16:55:33.313245+00:00
SVI-DRI,34,1,grimmsnarl-froslass,Grimmsnarl Froslass,467,1554,1423,622,48.94,dragapult-froslass,Dragapult Froslass,6,61.11,,,,overall,2026-05-25T16:55:33.313245+00:00
SVI-DRI,34,1,grimmsnarl-froslass,Grimmsnarl Froslass,467,1554,1423,622,48.94,great-tusk-tef,Great Tusk Mill,6,72.22,,,,overall,2026-05-25T16:55:33.313245+00:00
SVI-DRI,34,1,grimmsnarl-froslass,Grimmsnarl Froslass,467,1554,1423,622,48.94,poison-archaludon,Poison Archaludon,6,61.11,,,,overall,2026-05-25T16:55:33.313245+00:00
SVI-DRI,34,1,grimmsnarl-froslass,Grimmsnarl Froslass,467,1554,1423,622,48.94,festival-lead,Festival Lead,6,33.33,,,,overall,2026-05-25T16:55:33.313245+00:00
SVI-DRI,34,1,grimmsnarl-froslass,Grimmsnarl Froslass,467,1554,1423,622,48.94,rocket-nidoking-ex,Rocket's Nidoking,5,80.0,,,,overall,2026-05-25T16:55:33.313245+00:00
SVI-DRI,34,1,grimmsnarl-froslass,Grimmsnarl Froslass,467,1554,1423,622,48.94,roaring-moon-dudunsparce,Roaring Moon Dudunsparce,5,66.67,,,,overall,2026-05-25T16:55:33.313245+00:00
SVI-DRI,34,1,grimmsnarl-froslass,Grimmsnarl Froslass,467,1554,1423,622,48.94,spidops-ex,Spidops,5,80.0,,,,overall,2026-05-25T16:55:33.313245+00:00
SVI-DRI,34,1,grimmsnarl-froslass,Grimmsnarl Froslass,467,1554,1423,622,48.94,chien-pao-baxcalibur,Chien-Pao Baxcalibur,5,60.0,,,,overall,2026-05-25T16:55:33.313245+00:00
SVI-DRI,34,1,grimmsnarl-froslass,Grimmsnarl Froslass,467,1554,1423,622,48.94,blissey-ex,Blissey,5,33.33,,,,overall,2026-05-25T16:55:33.313245+00:00
SVI-DRI,34,1,grimmsnarl-froslass,Grimmsnarl Froslass,467,1554,1423,622,48.94,ethan-magcargo,Ethan's Magcargo,4,58.33,,,,overall,2026-05-25T16:55:33.313245+00:00
SVI-DRI,34,1,grimmsnarl-froslass,Grimmsnarl Froslass,467,1554,1423,622,48.94,iron-hands-ex,Future Hands,4,75.0,,,,overall,2026-05-25T16:55:33.313245+00:00
SVI-DRI,34,1,grimmsnarl-froslass,Grimmsnarl Froslass,467,1554,1423,622,48.94,iron-thorns-ex,Iron Thorns,4,58.33,,,,overall,2026-05-25T16:55:33.313245+00:00
SVI-DRI,34,1,grimmsnarl-froslass,Grimmsnarl Froslass,467,1554,1423,622,48.94,charizard-ex,Charizard,3,66.67,,,,overall,2026-05-25T16:55:33.313245+00:00
SVI-DRI,34,1,grimmsnarl-froslass,Grimmsnarl Froslass,467,1554,1423,622,48.94,flareon-ex,Flareon,3,66.67,,,,overall,2026-05-25T16:55:33.313245+00:00
SVI-DRI,34,1,grimmsnarl-froslass,Grimmsnarl Froslass,467,1554,1423,622,48.94,hydreigon-ex,Hydreigon,3,100.0,,,,overall,2026-05-25T16:55:33.313245+00:00
SVI-DRI,34,1,grimmsnarl-froslass,Grimmsnarl Froslass,467,1554,1423,622,48.94,marnie-grimmsnarl-ex,Marnie's Grimmsnarl,3,33.33,,,,overall,2026-05-25T16:55:33.313245+00:00
SVI-DRI,34,1,grimmsnarl-froslass,Grimmsnarl Froslass,467,1554,1423,622,48.94,banette-ex-sv,Banette,3,33.33,,,,overall,2026-05-25T16:55:33.313245+00:00
SVI-DRI,34,1,grimmsnarl-froslass,Grimmsnarl Froslass,467,1554,1423,622,48.94,palafin-ex,Palafin,2,100.0,,,,overall,2026-05-25T16:55:33.313245+00:00
SVI-DRI,34,1,grimmsnarl-froslass,Grimmsnarl Froslass,467,1554,1423,622,48.94,greninja-ex,Greninja,2,100.0,,,,overall,2026-05-25T16:55:33.313245+00:00
SVI-DRI,34,1,grimmsnarl-froslass,Grimmsnarl Froslass,467,1554,1423,622,48.94,iron-thorns-crown,Future Thorns,2,66.67,,,,overall,2026-05-25T16:55:33.313245+00:00
SVI-DRI,34,1,grimmsnarl-froslass,Grimmsnarl Froslass,467,1554,1423,622,48.94,sinistcha-ogerpon,Sinistcha Ogerpon,2,0.0,,,,overall,2026-05-25T16:55:33.313245+00:00
SVI-DRI,34,1,grimmsnarl-froslass,Grimmsnarl Froslass,467,1554,1423,622,48.94,venomoth-froslass,Venomoth Froslass,2,100.0,,,,overall,2026-05-25T16:55:33.313245+00:00
SVI-DRI,34,1,grimmsnarl-froslass,Grimmsnarl Froslass,467,1554,1423,622,48.94,espathra-froslass,Espathra Froslass,2,50.0,,,,overall,2026-05-25T16:55:33.313245+00:00
SVI-DRI,34,1,grimmsnarl-froslass,Grimmsnarl Froslass,467,1554,1423,622,48.94,azumarill-ssp,Azumarill,2,50.0,,,,overall,2026-05-25T16:55:33.313245+00:00
SVI-DRI,34,1,grimmsnarl-froslass,Grimmsnarl Froslass,467,1554,1423,622,48.94,dragapult-iron-thorns,Dragapult Iron Thorns,2,50.0,,,,overall,2026-05-25T16:55:33.313245+00:00
SVI-DRI,34,1,grimmsnarl-froslass,Grimmsnarl Froslass,467,1554,1423,622,48.94,tyranitar-jtg,Tyranitar,2,100.0,,,,overall,2026-05-25T16:55:33.313245+00:00
SVI-DRI,34,1,grimmsnarl-froslass,Grimmsnarl Froslass,467,1554,1423,622,48.94,ogerpon-ex,Ogerpon,2,16.67,,,,overall,2026-05-25T16:55:33.313245+00:00
SVI-DRI,34,1,grimmsnarl-froslass,Grimmsnarl Froslass,467,1554,1423,622,48.94,iono-bellibolt,Iono's Bellibolt,1,100.0,,,,overall,2026-05-25T16:55:33.313245+00:00
SVI-DRI,34,1,grimmsnarl-froslass,Grimmsnarl Froslass,467,1554,1423,622,48.94,rocket-porygon-z,Rocket's Porygon-Z,1,100.0,,,,overall,2026-05-25T16:55:33.313245+00:00
SVI-DRI,34,1,grimmsnarl-froslass,Grimmsnarl Froslass,467,1554,1423,622,48.94,gouging-fire-ex,Gouging Fire,1,100.0,,,,overall,2026-05-25T16:55:33.313245+00:00
SVI-DRI,34,1,grimmsnarl-froslass,Grimmsnarl Froslass,467,1554,1423,622,48.94,gholdengo-dudunsparce,Gholdengo Dudunsparce,1,33.33,,,,overall,2026-05-25T16:55:33.313245+00:00
SVI-DRI,34,1,grimmsnarl-froslass,Grimmsnarl Froslass,467,1554,1423,622,48.94,tsareena-ex,Tsareena,1,100.0,,,,overall,2026-05-25T16:55:33.313245+00:00
SVI-DRI,34,1,grimmsnarl-froslass,Grimmsnarl Froslass,467,1554,1423,622,48.94,misty-gyarados,Misty's Gyarados,1,100.0,,,,overall,2026-05-25T16:55:33.313245+00:00
SVI-DRI,34,1,grimmsnarl-froslass,Grimmsnarl Froslass,467,1554,1423,622,48.94,okidogi-ex,Okidogi,1,100.0,,,,overall,2026-05-25T16:55:33.313245+00:00
SVI-DRI,34,1,grimmsnarl-froslass,Grimmsnarl Froslass,467,1554,1423,622,48.94,dragapult-zoroark,Dragapult Zoroark,1,0.0,,,,overall,2026-05-25T16:55:33.313245+00:00
SVI-DRI,34,1,grimmsnarl-froslass,Grimmsnarl Froslass,467,1554,1423,622,48.94,clefairy-ogerpon,Clefairy Ogerpon,1,100.0,,,,overall,2026-05-25T16:55:33.313245+00:00
SVI-DRI,34,1,grimmsnarl-froslass,Grimmsnarl Froslass,467,1554,1423,622,48.94,flygon-ex-ssp,Flygon,1,100.0,,,,overall,2026-05-25T16:55:33.313245+00:00
SVI-DRI,34,1,grimmsnarl-froslass,Grimmsnarl Froslass,467,1554,1423,622,48.94,pidgeot-control,Pidgeot Control,1,0.0,,,,overall,2026-05-25T16:55:33.313245+00:00
SVI-DRI,34,1,grimmsnarl-froslass,Grimmsnarl Froslass,467,1554,1423,622,48.94,copperajah-ex,Copperajah,1,0.0,,,,overall,2026-05-25T16:55:33.313245+00:00
SVI-DRI,34,1,grimmsnarl-froslass,Grimmsnarl Froslass,467,1554,1423,622,48.94,slaking-ex,Slaking,1,100.0,,,,overall,2026-05-25T16:55:33.313245+00:00
SVI-DRI,34,1,ho-oh-armarouge,Ho-Oh Armarouge,35,107,121,38,44.99,raging-bolt-ogerpon,Raging Bolt Ogerpon,40,44.17,,,,overall,2026-05-25T16:55:35.297686+00:00
SVI-DRI,34,1,ho-oh-armarouge,Ho-Oh Armarouge,35,107,121,38,44.99,grimmsnarl-froslass,Grimmsnarl Froslass,38,42.11,,,,overall,2026-05-25T16:55:35.297686+00:00
SVI-DRI,34,1,ho-oh-armarouge,Ho-Oh Armarouge,35,107,121,38,44.99,joltik-box,Joltik Box,25,33.33,,,,overall,2026-05-25T16:55:35.297686+00:00
SVI-DRI,34,1,ho-oh-armarouge,Ho-Oh Armarouge,35,107,121,38,44.99,gardevoir-ex-sv,Gardevoir,25,25.33,,,,overall,2026-05-25T16:55:35.297686+00:00
SVI-DRI,34,1,ho-oh-armarouge,Ho-Oh Armarouge,35,107,121,38,44.99,dragapult-dusknoir,Dragapult Dusknoir,17,62.75,,,,overall,2026-05-25T16:55:35.297686+00:00
SVI-DRI,34,1,ho-oh-armarouge,Ho-Oh Armarouge,35,107,121,38,44.99,dragapult-charizard,Dragapult Charizard,16,37.5,,,,overall,2026-05-25T16:55:35.297686+00:00
SVI-DRI,34,1,ho-oh-armarouge,Ho-Oh Armarouge,35,107,121,38,44.99,gholdengo-dragapult,Gholdengo Dragapult,15,37.78,,,,overall,2026-05-25T16:55:35.297686+00:00
SVI-DRI,34,1,ho-oh-armarouge,Ho-Oh Armarouge,35,107,121,38,44.99,flareon-noctowl,Flareon Noctowl,14,64.29,,,,overall,2026-05-25T16:55:35.297686+00:00
SVI-DRI,34,1,ho-oh-armarouge,Ho-Oh Armarouge,35,107,121,38,44.99,gholdengo-ex,Gholdengo,13,51.28,,,,overall,2026-05-25T16:55:35.297686+00:00
SVI-DRI,34,1,ho-oh-armarouge,Ho-Oh Armarouge,35,107,121,38,44.99,dragapult-ex,Dragapult,9,48.15,,,,overall,2026-05-25T16:55:35.297686+00:00
SVI-DRI,34,1,ho-oh-armarouge,Ho-Oh Armarouge,35,107,121,38,44.99,cynthia-garchomp-ex,Cynthia's Garchomp,7,47.62,,,,overall,2026-05-25T16:55:35.297686+00:00
SVI-DRI,34,1,ho-oh-armarouge,Ho-Oh Armarouge,35,107,121,38,44.99,ceruledge-ex,Ceruledge,4,50.0,,,,overall,2026-05-25T16:55:35.297686+00:00
SVI-DRI,34,1,ho-oh-armarouge,Ho-Oh Armarouge,35,107,121,38,44.99,charizard-pidgeot,Charizard Pidgeot,4,25.0,,,,overall,2026-05-25T16:55:35.297686+00:00
SVI-DRI,34,1,ho-oh-armarouge,Ho-Oh Armarouge,35,107,121,38,44.99,archaludon-ex,Archaludon,3,44.44,,,,overall,2026-05-25T16:55:35.297686+00:00
SVI-DRI,34,1,ho-oh-armarouge,Ho-Oh Armarouge,35,107,121,38,44.99,yanmega-ex,Yanmega,3,77.78,,,,overall,2026-05-25T16:55:35.297686+00:00
SVI-DRI,34,1,ho-oh-armarouge,Ho-Oh Armarouge,35,107,121,38,44.99,iron-thorns-crustle,Iron Thorns Crustle,3,100.0,,,,overall,2026-05-25T16:55:35.297686+00:00
SVI-DRI,34,1,ho-oh-armarouge,Ho-Oh Armarouge,35,107,121,38,44.99,other,Other,3,77.78,,,,overall,2026-05-25T16:55:35.297686+00:00
SVI-DRI,34,1,ho-oh-armarouge,Ho-Oh Armarouge,35,107,121,38,44.99,okidogi-ex,Okidogi,2,100.0,,,,overall,2026-05-25T16:55:35.297686+00:00
SVI-DRI,34,1,ho-oh-armarouge,Ho-Oh Armarouge,35,107,121,38,44.99,pidgeot-control,Pidgeot Control,2,16.67,,,,overall,2026-05-25T16:55:35.297686+00:00
SVI-DRI,34,1,ho-oh-armarouge,Ho-Oh Armarouge,35,107,121,38,44.99,roaring-moon-ex,Roaring Moon,2,0.0,,,,overall,2026-05-25T16:55:35.297686+00:00
SVI-DRI,34,1,ho-oh-armarouge,Ho-Oh Armarouge,35,107,121,38,44.99,poison-archaludon,Poison Archaludon,2,16.67,,,,overall,2026-05-25T16:55:35.297686+00:00
SVI-DRI,34,1,ho-oh-armarouge,Ho-Oh Armarouge,35,107,121,38,44.99,ho-oh-armarouge,Ho-Oh Armarouge,2,50.0,,,,overall,2026-05-25T16:55:35.297686+00:00
SVI-DRI,34,1,ho-oh-armarouge,Ho-Oh Armarouge,35,107,121,38,44.99,rocket-mewtwo-ex,Rocket's Mewtwo,2,100.0,,,,overall,2026-05-25T16:55:35.297686+00:00
SVI-DRI,34,1,ho-oh-armarouge,Ho-Oh Armarouge,35,107,121,38,44.99,ethan-typhlosion,Ethan's Typhlosion,2,50.0,,,,overall,2026-05-25T16:55:35.297686+00:00
SVI-DRI,34,1,ho-oh-armarouge,Ho-Oh Armarouge,35,107,121,38,44.99,toedscruel-ex,Toedscruel,1,33.33,,,,overall,2026-05-25T16:55:35.297686+00:00
SVI-DRI,34,1,ho-oh-armarouge,Ho-Oh Armarouge,35,107,121,38,44.99,n-zoroark,N's Zoroark,1,33.33,,,,overall,2026-05-25T16:55:35.297686+00:00
SVI-DRI,34,1,ho-oh-armarouge,Ho-Oh Armarouge,35,107,121,38,44.99,rocket-spidops,Rocket's Spidops,1,100.0,,,,overall,2026-05-25T16:55:35.297686+00:00
SVI-DRI,34,1,ho-oh-armarouge,Ho-Oh Armarouge,35,107,121,38,44.99,gholdengo-dudunsparce,Gholdengo Dudunsparce,1,100.0,,,,overall,2026-05-25T16:55:35.297686+00:00
SVI-DRI,34,1,ho-oh-armarouge,Ho-Oh Armarouge,35,107,121,38,44.99,blaziken-zoroark,Blaziken Zoroark,1,33.33,,,,overall,2026-05-25T16:55:35.297686+00:00
SVI-DRI,34,1,ho-oh-armarouge,Ho-Oh Armarouge,35,107,121,38,44.99,mamoswine-ex,Mamoswine,1,100.0,,,,overall,2026-05-25T16:55:35.297686+00:00
SVI-DRI,34,1,ho-oh-armarouge,Ho-Oh Armarouge,35,107,121,38,44.99,rocket-nidoking-ex,Rocket's Nidoking,1,0.0,,,,overall,2026-05-25T16:55:35.297686+00:00
SVI-DRI,34,1,ho-oh-armarouge,Ho-Oh Armarouge,35,107,121,38,44.99,spidops-ex,Spidops,1,100.0,,,,overall,2026-05-25T16:55:35.297686+00:00
SVI-DRI,34,1,ho-oh-armarouge,Ho-Oh Armarouge,35,107,121,38,44.99,tera-box,Tera Box,1,0.0,,,,overall,2026-05-25T16:55:35.297686+00:00
SVI-DRI,34,1,hop-zacian,Hop's Zacian,11,32,41,9,42.68,raging-bolt-ogerpon,Raging Bolt Ogerpon,15,44.44,,,,overall,2026-05-25T16:55:37.265672+00:00
SVI-DRI,34,1,hop-zacian,Hop's Zacian,11,32,41,9,42.68,grimmsnarl-froslass,Grimmsnarl Froslass,11,27.27,,,,overall,2026-05-25T16:55:37.265672+00:00
SVI-DRI,34,1,hop-zacian,Hop's Zacian,11,32,41,9,42.68,gardevoir-ex-sv,Gardevoir,7,28.57,,,,overall,2026-05-25T16:55:37.265672+00:00
SVI-DRI,34,1,hop-zacian,Hop's Zacian,11,32,41,9,42.68,dragapult-dusknoir,Dragapult Dusknoir,6,77.78,,,,overall,2026-05-25T16:55:37.265672+00:00
SVI-DRI,34,1,hop-zacian,Hop's Zacian,11,32,41,9,42.68,dragapult-charizard,Dragapult Charizard,5,20.0,,,,overall,2026-05-25T16:55:37.265672+00:00
SVI-DRI,34,1,hop-zacian,Hop's Zacian,11,32,41,9,42.68,joltik-box,Joltik Box,4,25.0,,,,overall,2026-05-25T16:55:37.265672+00:00
SVI-DRI,34,1,hop-zacian,Hop's Zacian,11,32,41,9,42.68,gholdengo-dragapult,Gholdengo Dragapult,4,25.0,,,,overall,2026-05-25T16:55:37.265672+00:00
SVI-DRI,34,1,hop-zacian,Hop's Zacian,11,32,41,9,42.68,flareon-noctowl,Flareon Noctowl,4,0.0,,,,overall,2026-05-25T16:55:37.265672+00:00
SVI-DRI,34,1,hop-zacian,Hop's Zacian,11,32,41,9,42.68,gholdengo-ex,Gholdengo,3,0.0,,,,overall,2026-05-25T16:55:37.265672+00:00
SVI-DRI,34,1,hop-zacian,Hop's Zacian,11,32,41,9,42.68,ethan-typhlosion,Ethan's Typhlosion,2,100.0,,,,overall,2026-05-25T16:55:37.265672+00:00
SVI-DRI,34,1,hop-zacian,Hop's Zacian,11,32,41,9,42.68,terapagos-noctowl,Terapagos Noctowl,2,16.67,,,,overall,2026-05-25T16:55:37.265672+00:00
SVI-DRI,34,1,hop-zacian,Hop's Zacian,11,32,41,9,42.68,archaludon-ex,Archaludon,2,100.0,,,,overall,2026-05-25T16:55:37.265672+00:00
SVI-DRI,34,1,hop-zacian,Hop's Zacian,11,32,41,9,42.68,toedscruel-ex,Toedscruel,2,100.0,,,,overall,2026-05-25T16:55:37.265672+00:00
SVI-DRI,34,1,hop-zacian,Hop's Zacian,11,32,41,9,42.68,dragapult-ex,Dragapult,2,0.0,,,,overall,2026-05-25T16:55:37.265672+00:00
SVI-DRI,34,1,hop-zacian,Hop's Zacian,11,32,41,9,42.68,roaring-moon-ex,Roaring Moon,2,100.0,,,,overall,2026-05-25T16:55:37.265672+00:00
SVI-DRI,34,1,hop-zacian,Hop's Zacian,11,32,41,9,42.68,rocket-mewtwo-ex,Rocket's Mewtwo,1,33.33,,,,overall,2026-05-25T16:55:37.265672+00:00
SVI-DRI,34,1,hop-zacian,Hop's Zacian,11,32,41,9,42.68,cynthia-garchomp-ex,Cynthia's Garchomp,1,0.0,,,,overall,2026-05-25T16:55:37.265672+00:00
SVI-DRI,34,1,hop-zacian,Hop's Zacian,11,32,41,9,42.68,future-box,Future Box,1,100.0,,,,overall,2026-05-25T16:55:37.265672+00:00
SVI-DRI,34,1,hop-zacian,Hop's Zacian,11,32,41,9,42.68,charizard-pidgeot,Charizard Pidgeot,1,0.0,,,,overall,2026-05-25T16:55:37.265672+00:00
SVI-DRI,34,1,hop-zacian,Hop's Zacian,11,32,41,9,42.68,other,Other,1,100.0,,,,overall,2026-05-25T16:55:37.265672+00:00
SVI-DRI,34,1,hop-zacian,Hop's Zacian,11,32,41,9,42.68,mamoswine-ex,Mamoswine,1,0.0,,,,overall,2026-05-25T16:55:37.265672+00:00
SVI-DRI,34,1,hop-zacian,Hop's Zacian,11,32,41,9,42.68,roaring-moon-dudunsparce,Roaring Moon Dudunsparce,1,100.0,,,,overall,2026-05-25T16:55:37.265672+00:00
SVI-DRI,34,1,hop-zacian,Hop's Zacian,11,32,41,9,42.68,festival-lead,Festival Lead,1,100.0,,,,overall,2026-05-25T16:55:37.265672+00:00
SVI-DRI,34,1,hop-zacian,Hop's Zacian,11,32,41,9,42.68,rocket-spidops,Rocket's Spidops,1,100.0,,,,overall,2026-05-25T16:55:37.265672+00:00
SVI-DRI,34,1,hop-zacian,Hop's Zacian,11,32,41,9,42.68,poison-archaludon,Poison Archaludon,1,100.0,,,,overall,2026-05-25T16:55:37.265672+00:00
SVI-DRI,34,1,hop-zacian,Hop's Zacian,11,32,41,9,42.68,marnie-grimmsnarl-ex,Marnie's Grimmsnarl,1,100.0,,,,overall,2026-05-25T16:55:37.265672+00:00
SVI-DRI,34,1,hydrapple-ogerpon,Hydrapple Ogerpon,10,23,39,8,36.67,raging-bolt-ogerpon,Raging Bolt Ogerpon,12,44.44,,,,overall,2026-05-25T16:55:39.244025+00:00
SVI-DRI,34,1,hydrapple-ogerpon,Hydrapple Ogerpon,10,23,39,8,36.67,gardevoir-ex-sv,Gardevoir,8,20.83,,,,overall,2026-05-25T16:55:39.244025+00:00
SVI-DRI,34,1,hydrapple-ogerpon,Hydrapple Ogerpon,10,23,39,8,36.67,grimmsnarl-froslass,Grimmsnarl Froslass,6,38.89,,,,overall,2026-05-25T16:55:39.244025+00:00
SVI-DRI,34,1,hydrapple-ogerpon,Hydrapple Ogerpon,10,23,39,8,36.67,joltik-box,Joltik Box,5,0.0,,,,overall,2026-05-25T16:55:39.244025+00:00
SVI-DRI,34,1,hydrapple-ogerpon,Hydrapple Ogerpon,10,23,39,8,36.67,dragapult-dusknoir,Dragapult Dusknoir,5,53.33,,,,overall,2026-05-25T16:55:39.244025+00:00
SVI-DRI,34,1,hydrapple-ogerpon,Hydrapple Ogerpon,10,23,39,8,36.67,ethan-typhlosion,Ethan's Typhlosion,4,50.0,,,,overall,2026-05-25T16:55:39.244025+00:00
SVI-DRI,34,1,hydrapple-ogerpon,Hydrapple Ogerpon,10,23,39,8,36.67,gholdengo-ex,Gholdengo,4,0.0,,,,overall,2026-05-25T16:55:39.244025+00:00
SVI-DRI,34,1,hydrapple-ogerpon,Hydrapple Ogerpon,10,23,39,8,36.67,flareon-noctowl,Flareon Noctowl,4,25.0,,,,overall,2026-05-25T16:55:39.244025+00:00
SVI-DRI,34,1,hydrapple-ogerpon,Hydrapple Ogerpon,10,23,39,8,36.67,rocket-mewtwo-ex,Rocket's Mewtwo,2,16.67,,,,overall,2026-05-25T16:55:39.244025+00:00
SVI-DRI,34,1,hydrapple-ogerpon,Hydrapple Ogerpon,10,23,39,8,36.67,cynthia-garchomp-ex,Cynthia's Garchomp,2,100.0,,,,overall,2026-05-25T16:55:39.244025+00:00
SVI-DRI,34,1,hydrapple-ogerpon,Hydrapple Ogerpon,10,23,39,8,36.67,iron-thorns-ex,Iron Thorns,2,50.0,,,,overall,2026-05-25T16:55:39.244025+00:00
SVI-DRI,34,1,hydrapple-ogerpon,Hydrapple Ogerpon,10,23,39,8,36.67,blissey-ex,Blissey,2,50.0,,,,overall,2026-05-25T16:55:39.244025+00:00
SVI-DRI,34,1,hydrapple-ogerpon,Hydrapple Ogerpon,10,23,39,8,36.67,gholdengo-dragapult,Gholdengo Dragapult,1,0.0,,,,overall,2026-05-25T16:55:39.244025+00:00
SVI-DRI,34,1,hydrapple-ogerpon,Hydrapple Ogerpon,10,23,39,8,36.67,ceruledge-ex,Ceruledge,1,0.0,,,,overall,2026-05-25T16:55:39.244025+00:00
SVI-DRI,34,1,hydrapple-ogerpon,Hydrapple Ogerpon,10,23,39,8,36.67,gholdengo-dudunsparce,Gholdengo Dudunsparce,1,33.33,,,,overall,2026-05-25T16:55:39.244025+00:00
SVI-DRI,34,1,hydrapple-ogerpon,Hydrapple Ogerpon,10,23,39,8,36.67,charizard-pidgeot,Charizard Pidgeot,1,100.0,,,,overall,2026-05-25T16:55:39.244025+00:00
SVI-DRI,34,1,hydrapple-ogerpon,Hydrapple Ogerpon,10,23,39,8,36.67,charizard-ex,Charizard,1,100.0,,,,overall,2026-05-25T16:55:39.244025+00:00
SVI-DRI,34,1,hydrapple-ogerpon,Hydrapple Ogerpon,10,23,39,8,36.67,dragapult-charizard,Dragapult Charizard,1,100.0,,,,overall,2026-05-25T16:55:39.244025+00:00
SVI-DRI,34,1,hydrapple-ogerpon,Hydrapple Ogerpon,10,23,39,8,36.67,archaludon-ex,Archaludon,1,100.0,,,,overall,2026-05-25T16:55:39.244025+00:00
SVI-DRI,34,1,hydrapple-ogerpon,Hydrapple Ogerpon,10,23,39,8,36.67,other,Other,1,0.0,,,,overall,2026-05-25T16:55:39.244025+00:00
SVI-DRI,34,1,hydrapple-ogerpon,Hydrapple Ogerpon,10,23,39,8,36.67,dragapult-ex,Dragapult,1,100.0,,,,overall,2026-05-25T16:55:39.244025+00:00
SVI-DRI,34,1,hydrapple-ogerpon,Hydrapple Ogerpon,10,23,39,8,36.67,yanmega-ex,Yanmega,1,100.0,,,,overall,2026-05-25T16:55:39.244025+00:00
SVI-DRI,34,1,hydrapple-ogerpon,Hydrapple Ogerpon,10,23,39,8,36.67,froslass-munkidori,Froslass Munkidori,1,0.0,,,,overall,2026-05-25T16:55:39.244025+00:00
SVI-DRI,34,1,hydreigon-ex,Hydreigon,5,7,19,3,27.59,raging-bolt-ogerpon,Raging Bolt Ogerpon,4,33.33,,,,overall,2026-05-25T16:55:41.206401+00:00
SVI-DRI,34,1,hydreigon-ex,Hydreigon,5,7,19,3,27.59,grimmsnarl-froslass,Grimmsnarl Froslass,3,0.0,,,,overall,2026-05-25T16:55:41.206401+00:00
SVI-DRI,34,1,hydreigon-ex,Hydreigon,5,7,19,3,27.59,gardevoir-ex-sv,Gardevoir,2,50.0,,,,overall,2026-05-25T16:55:41.206401+00:00
SVI-DRI,34,1,hydreigon-ex,Hydreigon,5,7,19,3,27.59,joltik-box,Joltik Box,2,0.0,,,,overall,2026-05-25T16:55:41.206401+00:00
SVI-DRI,34,1,hydreigon-ex,Hydreigon,5,7,19,3,27.59,dragapult-ex,Dragapult,2,66.67,,,,overall,2026-05-25T16:55:41.206401+00:00
SVI-DRI,34,1,hydreigon-ex,Hydreigon,5,7,19,3,27.59,dragapult-dusknoir,Dragapult Dusknoir,2,50.0,,,,overall,2026-05-25T16:55:41.206401+00:00
SVI-DRI,34,1,hydreigon-ex,Hydreigon,5,7,19,3,27.59,gholdengo-dragapult,Gholdengo Dragapult,2,0.0,,,,overall,2026-05-25T16:55:41.206401+00:00
SVI-DRI,34,1,hydreigon-ex,Hydreigon,5,7,19,3,27.59,gholdengo-ex,Gholdengo,2,0.0,,,,overall,2026-05-25T16:55:41.206401+00:00
SVI-DRI,34,1,hydreigon-ex,Hydreigon,5,7,19,3,27.59,cynthia-garchomp-ex,Cynthia's Garchomp,2,16.67,,,,overall,2026-05-25T16:55:41.206401+00:00
SVI-DRI,34,1,hydreigon-ex,Hydreigon,5,7,19,3,27.59,iron-hands-ex,Future Hands,1,100.0,,,,overall,2026-05-25T16:55:41.206401+00:00
SVI-DRI,34,1,hydreigon-ex,Hydreigon,5,7,19,3,27.59,ethan-typhlosion,Ethan's Typhlosion,1,100.0,,,,overall,2026-05-25T16:55:41.206401+00:00
SVI-DRI,34,1,hydreigon-ex,Hydreigon,5,7,19,3,27.59,dragapult-charizard,Dragapult Charizard,1,100.0,,,,overall,2026-05-25T16:55:41.206401+00:00
SVI-DRI,34,1,hydreigon-ex,Hydreigon,5,7,19,3,27.59,n-zoroark,N's Zoroark,1,0.0,,,,overall,2026-05-25T16:55:41.206401+00:00
SVI-DRI,34,1,hydreigon-ex,Hydreigon,5,7,19,3,27.59,toedscruel-ex,Toedscruel,1,0.0,,,,overall,2026-05-25T16:55:41.206401+00:00
SVI-DRI,34,1,hydreigon-ex,Hydreigon,5,7,19,3,27.59,mamoswine-ex,Mamoswine,1,0.0,,,,overall,2026-05-25T16:55:41.206401+00:00
SVI-DRI,34,1,hydreigon-ex,Hydreigon,5,7,19,3,27.59,flareon-noctowl,Flareon Noctowl,1,0.0,,,,overall,2026-05-25T16:55:41.206401+00:00
SVI-DRI,34,1,hydreigon-ex,Hydreigon,5,7,19,3,27.59,yanmega-ex,Yanmega,1,0.0,,,,overall,2026-05-25T16:55:41.206401+00:00
SVI-DRI,34,1,incineroar-ex,Incineroar,1,0,1,0,0.0,gholdengo-dragapult,Gholdengo Dragapult,1,0.0,,,,overall,2026-05-25T16:55:43.158024+00:00
SVI-DRI,34,1,iono-bellibolt,Iono's Bellibolt,2,3,8,4,28.89,raging-bolt-ogerpon,Raging Bolt Ogerpon,4,8.33,,,,overall,2026-05-25T16:55:45.148634+00:00
SVI-DRI,34,1,iono-bellibolt,Iono's Bellibolt,2,3,8,4,28.89,flareon-noctowl,Flareon Noctowl,3,66.67,,,,overall,2026-05-25T16:55:45.148634+00:00
SVI-DRI,34,1,iono-bellibolt,Iono's Bellibolt,2,3,8,4,28.89,joltik-box,Joltik Box,2,0.0,,,,overall,2026-05-25T16:55:45.148634+00:00
SVI-DRI,34,1,iono-bellibolt,Iono's Bellibolt,2,3,8,4,28.89,grimmsnarl-froslass,Grimmsnarl Froslass,1,0.0,,,,overall,2026-05-25T16:55:45.148634+00:00
SVI-DRI,34,1,iono-bellibolt,Iono's Bellibolt,2,3,8,4,28.89,cynthia-garchomp-ex,Cynthia's Garchomp,1,33.33,,,,overall,2026-05-25T16:55:45.148634+00:00
SVI-DRI,34,1,iono-bellibolt,Iono's Bellibolt,2,3,8,4,28.89,gardevoir-ex-sv,Gardevoir,1,0.0,,,,overall,2026-05-25T16:55:45.148634+00:00
SVI-DRI,34,1,iono-bellibolt,Iono's Bellibolt,2,3,8,4,28.89,milotic-farigiraf,Milotic Farigiraf,1,100.0,,,,overall,2026-05-25T16:55:45.148634+00:00
SVI-DRI,34,1,iono-bellibolt,Iono's Bellibolt,2,3,8,4,28.89,rocket-mewtwo-ex,Rocket's Mewtwo,1,33.33,,,,overall,2026-05-25T16:55:45.148634+00:00
SVI-DRI,34,1,iono-bellibolt,Iono's Bellibolt,2,3,8,4,28.89,n-zoroark,N's Zoroark,1,33.33,,,,overall,2026-05-25T16:55:45.148634+00:00
SVI-DRI,34,1,iron-hands-ex,Future Hands,4,6,14,8,30.95,gardevoir-ex-sv,Gardevoir,5,33.33,,,,overall,2026-05-25T16:55:47.100381+00:00
SVI-DRI,34,1,iron-hands-ex,Future Hands,4,6,14,8,30.95,grimmsnarl-froslass,Grimmsnarl Froslass,4,25.0,,,,overall,2026-05-25T16:55:47.100381+00:00
SVI-DRI,34,1,iron-hands-ex,Future Hands,4,6,14,8,30.95,raging-bolt-ogerpon,Raging Bolt Ogerpon,4,8.33,,,,overall,2026-05-25T16:55:47.100381+00:00
SVI-DRI,34,1,iron-hands-ex,Future Hands,4,6,14,8,30.95,dragapult-charizard,Dragapult Charizard,3,0.0,,,,overall,2026-05-25T16:55:47.100381+00:00
SVI-DRI,34,1,iron-hands-ex,Future Hands,4,6,14,8,30.95,flareon-noctowl,Flareon Noctowl,2,50.0,,,,overall,2026-05-25T16:55:47.100381+00:00
SVI-DRI,34,1,iron-hands-ex,Future Hands,4,6,14,8,30.95,dragapult-dusknoir,Dragapult Dusknoir,2,66.67,,,,overall,2026-05-25T16:55:47.100381+00:00
SVI-DRI,34,1,iron-hands-ex,Future Hands,4,6,14,8,30.95,hydreigon-ex,Hydreigon,1,0.0,,,,overall,2026-05-25T16:55:47.100381+00:00
SVI-DRI,34,1,iron-hands-ex,Future Hands,4,6,14,8,30.95,iron-hands-ex,Future Hands,1,33.33,,,,overall,2026-05-25T16:55:47.100381+00:00
SVI-DRI,34,1,iron-hands-ex,Future Hands,4,6,14,8,30.95,roaring-moon-ex,Roaring Moon,1,100.0,,,,overall,2026-05-25T16:55:47.100381+00:00
SVI-DRI,34,1,iron-hands-ex,Future Hands,4,6,14,8,30.95,gholdengo-ex,Gholdengo,1,33.33,,,,overall,2026-05-25T16:55:47.100381+00:00
SVI-DRI,34,1,iron-hands-ex,Future Hands,4,6,14,8,30.95,joltik-box,Joltik Box,1,0.0,,,,overall,2026-05-25T16:55:47.100381+00:00
SVI-DRI,34,1,iron-hands-ex,Future Hands,4,6,14,8,30.95,blaziken-zoroark,Blaziken Zoroark,1,33.33,,,,overall,2026-05-25T16:55:47.100381+00:00
SVI-DRI,34,1,iron-thorns-crown,Future Thorns,1,3,5,1,37.04,grimmsnarl-froslass,Grimmsnarl Froslass,2,16.67,,,,overall,2026-05-25T16:55:49.058817+00:00
SVI-DRI,34,1,iron-thorns-crown,Future Thorns,1,3,5,1,37.04,joltik-box,Joltik Box,2,50.0,,,,overall,2026-05-25T16:55:49.058817+00:00
SVI-DRI,34,1,iron-thorns-crown,Future Thorns,1,3,5,1,37.04,raging-bolt-ogerpon,Raging Bolt Ogerpon,1,0.0,,,,overall,2026-05-25T16:55:49.058817+00:00
SVI-DRI,34,1,iron-thorns-crown,Future Thorns,1,3,5,1,37.04,froslass-munkidori,Froslass Munkidori,1,0.0,,,,overall,2026-05-25T16:55:49.058817+00:00
SVI-DRI,34,1,iron-thorns-crown,Future Thorns,1,3,5,1,37.04,dragapult-dusknoir,Dragapult Dusknoir,1,100.0,,,,overall,2026-05-25T16:55:49.058817+00:00
SVI-DRI,34,1,iron-thorns-crown,Future Thorns,1,3,5,1,37.04,gholdengo-dragapult,Gholdengo Dragapult,1,100.0,,,,overall,2026-05-25T16:55:49.058817+00:00
SVI-DRI,34,1,iron-thorns-crown,Future Thorns,1,3,5,1,37.04,ethan-typhlosion,Ethan's Typhlosion,1,0.0,,,,overall,2026-05-25T16:55:49.058817+00:00
SVI-DRI,34,1,iron-thorns-crustle,Iron Thorns Crustle,11,39,42,11,46.38,raging-bolt-ogerpon,Raging Bolt Ogerpon,20,53.33,,,,overall,2026-05-25T16:55:51.022316+00:00
SVI-DRI,34,1,iron-thorns-crustle,Iron Thorns Crustle,11,39,42,11,46.38,gardevoir-ex-sv,Gardevoir,13,46.15,,,,overall,2026-05-25T16:55:51.022316+00:00
SVI-DRI,34,1,iron-thorns-crustle,Iron Thorns Crustle,11,39,42,11,46.38,grimmsnarl-froslass,Grimmsnarl Froslass,9,40.74,,,,overall,2026-05-25T16:55:51.022316+00:00
SVI-DRI,34,1,iron-thorns-crustle,Iron Thorns Crustle,11,39,42,11,46.38,flareon-noctowl,Flareon Noctowl,5,66.67,,,,overall,2026-05-25T16:55:51.022316+00:00
SVI-DRI,34,1,iron-thorns-crustle,Iron Thorns Crustle,11,39,42,11,46.38,dragapult-ex,Dragapult,5,33.33,,,,overall,2026-05-25T16:55:51.022316+00:00
SVI-DRI,34,1,iron-thorns-crustle,Iron Thorns Crustle,11,39,42,11,46.38,dragapult-charizard,Dragapult Charizard,5,46.67,,,,overall,2026-05-25T16:55:51.022316+00:00
SVI-DRI,34,1,iron-thorns-crustle,Iron Thorns Crustle,11,39,42,11,46.38,dragapult-dusknoir,Dragapult Dusknoir,4,16.67,,,,overall,2026-05-25T16:55:51.022316+00:00
SVI-DRI,34,1,iron-thorns-crustle,Iron Thorns Crustle,11,39,42,11,46.38,joltik-box,Joltik Box,4,50.0,,,,overall,2026-05-25T16:55:51.022316+00:00
SVI-DRI,34,1,iron-thorns-crustle,Iron Thorns Crustle,11,39,42,11,46.38,ho-oh-armarouge,Ho-Oh Armarouge,3,0.0,,,,overall,2026-05-25T16:55:51.022316+00:00
SVI-DRI,34,1,iron-thorns-crustle,Iron Thorns Crustle,11,39,42,11,46.38,spidops-ex,Spidops,2,50.0,,,,overall,2026-05-25T16:55:51.022316+00:00
SVI-DRI,34,1,iron-thorns-crustle,Iron Thorns Crustle,11,39,42,11,46.38,roaring-moon-ex,Roaring Moon,2,66.67,,,,overall,2026-05-25T16:55:51.022316+00:00
SVI-DRI,34,1,iron-thorns-crustle,Iron Thorns Crustle,11,39,42,11,46.38,gholdengo-ex,Gholdengo,2,50.0,,,,overall,2026-05-25T16:55:51.022316+00:00
SVI-DRI,34,1,iron-thorns-crustle,Iron Thorns Crustle,11,39,42,11,46.38,rocket-mewtwo-ex,Rocket's Mewtwo,1,0.0,,,,overall,2026-05-25T16:55:51.022316+00:00
SVI-DRI,34,1,iron-thorns-crustle,Iron Thorns Crustle,11,39,42,11,46.38,other,Other,1,100.0,,,,overall,2026-05-25T16:55:51.022316+00:00
SVI-DRI,34,1,iron-thorns-crustle,Iron Thorns Crustle,11,39,42,11,46.38,yanmega-ex,Yanmega,1,100.0,,,,overall,2026-05-25T16:55:51.022316+00:00
SVI-DRI,34,1,iron-thorns-crustle,Iron Thorns Crustle,11,39,42,11,46.38,flareon-ex,Flareon,1,100.0,,,,overall,2026-05-25T16:55:51.022316+00:00
SVI-DRI,34,1,iron-thorns-crustle,Iron Thorns Crustle,11,39,42,11,46.38,miraidon-ex,Miraidon,1,100.0,,,,overall,2026-05-25T16:55:51.022316+00:00
SVI-DRI,34,1,iron-thorns-crustle,Iron Thorns Crustle,11,39,42,11,46.38,dragapult-froslass,Dragapult Froslass,1,100.0,,,,overall,2026-05-25T16:55:51.022316+00:00
SVI-DRI,34,1,iron-thorns-crustle,Iron Thorns Crustle,11,39,42,11,46.38,chien-pao-baxcalibur,Chien-Pao Baxcalibur,1,100.0,,,,overall,2026-05-25T16:55:51.022316+00:00
SVI-DRI,34,1,iron-thorns-crustle,Iron Thorns Crustle,11,39,42,11,46.38,cynthia-garchomp-ex,Cynthia's Garchomp,1,0.0,,,,overall,2026-05-25T16:55:51.022316+00:00
SVI-DRI,34,1,iron-thorns-crustle,Iron Thorns Crustle,11,39,42,11,46.38,gholdengo-dragapult,Gholdengo Dragapult,1,100.0,,,,overall,2026-05-25T16:55:51.022316+00:00
SVI-DRI,34,1,iron-thorns-crustle,Iron Thorns Crustle,11,39,42,11,46.38,blaziken-ex-jtg,Blaziken,1,100.0,,,,overall,2026-05-25T16:55:51.022316+00:00
SVI-DRI,34,1,iron-thorns-crustle,Iron Thorns Crustle,11,39,42,11,46.38,ethan-typhlosion,Ethan's Typhlosion,1,0.0,,,,overall,2026-05-25T16:55:51.022316+00:00
SVI-DRI,34,1,iron-thorns-crustle,Iron Thorns Crustle,11,39,42,11,46.38,feraligatr-tef,Feraligatr,1,0.0,,,,overall,2026-05-25T16:55:51.022316+00:00
SVI-DRI,34,1,iron-thorns-crustle,Iron Thorns Crustle,11,39,42,11,46.38,roaring-moon-dudunsparce,Roaring Moon Dudunsparce,1,0.0,,,,overall,2026-05-25T16:55:51.022316+00:00
SVI-DRI,34,1,iron-thorns-crustle,Iron Thorns Crustle,11,39,42,11,46.38,rocket-spidops,Rocket's Spidops,1,0.0,,,,overall,2026-05-25T16:55:51.022316+00:00
SVI-DRI,34,1,iron-thorns-crustle,Iron Thorns Crustle,11,39,42,11,46.38,archaludon-ex,Archaludon,1,0.0,,,,overall,2026-05-25T16:55:51.022316+00:00
SVI-DRI,34,1,iron-thorns-crustle,Iron Thorns Crustle,11,39,42,11,46.38,flygon-ex-ssp,Flygon,1,0.0,,,,overall,2026-05-25T16:55:51.022316+00:00
SVI-DRI,34,1,iron-thorns-crustle,Iron Thorns Crustle,11,39,42,11,46.38,ogerpon-ex,Ogerpon,1,0.0,,,,overall,2026-05-25T16:55:51.022316+00:00
SVI-DRI,34,1,iron-thorns-crustle,Iron Thorns Crustle,11,39,42,11,46.38,poison-archaludon,Poison Archaludon,1,100.0,,,,overall,2026-05-25T16:55:51.022316+00:00
SVI-DRI,34,1,iron-thorns-ex,Iron Thorns,4,8,14,3,36.0,raging-bolt-ogerpon,Raging Bolt Ogerpon,6,22.22,,,,overall,2026-05-25T16:55:52.995498+00:00
SVI-DRI,34,1,iron-thorns-ex,Iron Thorns,4,8,14,3,36.0,grimmsnarl-froslass,Grimmsnarl Froslass,4,33.33,,,,overall,2026-05-25T16:55:52.995498+00:00
SVI-DRI,34,1,iron-thorns-ex,Iron Thorns,4,8,14,3,36.0,gholdengo-dragapult,Gholdengo Dragapult,2,50.0,,,,overall,2026-05-25T16:55:52.995498+00:00
SVI-DRI,34,1,iron-thorns-ex,Iron Thorns,4,8,14,3,36.0,gholdengo-ex,Gholdengo,2,100.0,,,,overall,2026-05-25T16:55:52.995498+00:00
SVI-DRI,34,1,iron-thorns-ex,Iron Thorns,4,8,14,3,36.0,hydrapple-ogerpon,Hydrapple Ogerpon,2,50.0,,,,overall,2026-05-25T16:55:52.995498+00:00
SVI-DRI,34,1,iron-thorns-ex,Iron Thorns,4,8,14,3,36.0,joltik-box,Joltik Box,2,0.0,,,,overall,2026-05-25T16:55:52.995498+00:00
SVI-DRI,34,1,iron-thorns-ex,Iron Thorns,4,8,14,3,36.0,gardevoir-ex-sv,Gardevoir,1,0.0,,,,overall,2026-05-25T16:55:52.995498+00:00
SVI-DRI,34,1,iron-thorns-ex,Iron Thorns,4,8,14,3,36.0,flareon-noctowl,Flareon Noctowl,1,0.0,,,,overall,2026-05-25T16:55:52.995498+00:00
SVI-DRI,34,1,iron-thorns-ex,Iron Thorns,4,8,14,3,36.0,tera-box,Tera Box,1,33.33,,,,overall,2026-05-25T16:55:52.995498+00:00
SVI-DRI,34,1,iron-thorns-ex,Iron Thorns,4,8,14,3,36.0,dragapult-charizard,Dragapult Charizard,1,0.0,,,,overall,2026-05-25T16:55:52.995498+00:00
SVI-DRI,34,1,iron-thorns-ex,Iron Thorns,4,8,14,3,36.0,dragapult-ex,Dragapult,1,100.0,,,,overall,2026-05-25T16:55:52.995498+00:00
SVI-DRI,34,1,iron-thorns-ex,Iron Thorns,4,8,14,3,36.0,toedscruel-ex,Toedscruel,1,100.0,,,,overall,2026-05-25T16:55:52.995498+00:00
SVI-DRI,34,1,iron-thorns-ex,Iron Thorns,4,8,14,3,36.0,rocket-mewtwo-ex,Rocket's Mewtwo,1,0.0,,,,overall,2026-05-25T16:55:52.995498+00:00
SVI-DRI,34,1,iron-valiant-ex,Iron Valiant,1,0,1,0,0.0,raging-bolt-ogerpon,Raging Bolt Ogerpon,1,0.0,,,,overall,2026-05-25T16:55:54.951598+00:00
SVI-DRI,34,1,iron-valiant-xatu,Iron Valiant Xatu,1,2,6,1,25.93,gardevoir-ex-sv,Gardevoir,4,50.0,,,,overall,2026-05-25T16:55:56.915583+00:00
SVI-DRI,34,1,iron-valiant-xatu,Iron Valiant Xatu,1,2,6,1,25.93,dragapult-dusknoir,Dragapult Dusknoir,3,11.11,,,,overall,2026-05-25T16:55:56.915583+00:00
SVI-DRI,34,1,iron-valiant-xatu,Iron Valiant Xatu,1,2,6,1,25.93,gholdengo-dragapult,Gholdengo Dragapult,1,0.0,,,,overall,2026-05-25T16:55:56.915583+00:00
SVI-DRI,34,1,iron-valiant-xatu,Iron Valiant Xatu,1,2,6,1,25.93,toedscruel-ex,Toedscruel,1,0.0,,,,overall,2026-05-25T16:55:56.915583+00:00
SVI-DRI,34,1,joltik-box,Joltik Box,337,1098,1094,296,48.1,raging-bolt-ogerpon,Raging Bolt Ogerpon,392,37.16,,,,overall,2026-05-25T16:55:58.910495+00:00
SVI-DRI,34,1,joltik-box,Joltik Box,337,1098,1094,296,48.1,grimmsnarl-froslass,Grimmsnarl Froslass,341,56.6,,,,overall,2026-05-25T16:55:58.910495+00:00
SVI-DRI,34,1,joltik-box,Joltik Box,337,1098,1094,296,48.1,gardevoir-ex-sv,Gardevoir,267,39.58,,,,overall,2026-05-25T16:55:58.910495+00:00
SVI-DRI,34,1,joltik-box,Joltik Box,337,1098,1094,296,48.1,dragapult-charizard,Dragapult Charizard,199,41.37,,,,overall,2026-05-25T16:55:58.910495+00:00
SVI-DRI,34,1,joltik-box,Joltik Box,337,1098,1094,296,48.1,dragapult-dusknoir,Dragapult Dusknoir,170,57.25,,,,overall,2026-05-25T16:55:58.910495+00:00
SVI-DRI,34,1,joltik-box,Joltik Box,337,1098,1094,296,48.1,flareon-noctowl,Flareon Noctowl,125,44.27,,,,overall,2026-05-25T16:55:58.910495+00:00
SVI-DRI,34,1,joltik-box,Joltik Box,337,1098,1094,296,48.1,gholdengo-dragapult,Gholdengo Dragapult,121,45.18,,,,overall,2026-05-25T16:55:58.910495+00:00
SVI-DRI,34,1,joltik-box,Joltik Box,337,1098,1094,296,48.1,gholdengo-ex,Gholdengo,104,47.76,,,,overall,2026-05-25T16:55:58.910495+00:00
SVI-DRI,34,1,joltik-box,Joltik Box,337,1098,1094,296,48.1,joltik-box,Joltik Box,104,48.08,,,,overall,2026-05-25T16:55:58.910495+00:00
SVI-DRI,34,1,joltik-box,Joltik Box,337,1098,1094,296,48.1,dragapult-ex,Dragapult,58,50.0,,,,overall,2026-05-25T16:55:58.910495+00:00
SVI-DRI,34,1,joltik-box,Joltik Box,337,1098,1094,296,48.1,cynthia-garchomp-ex,Cynthia's Garchomp,52,35.26,,,,overall,2026-05-25T16:55:58.910495+00:00
SVI-DRI,34,1,joltik-box,Joltik Box,337,1098,1094,296,48.1,ethan-typhlosion,Ethan's Typhlosion,41,34.96,,,,overall,2026-05-25T16:55:58.910495+00:00
SVI-DRI,34,1,joltik-box,Joltik Box,337,1098,1094,296,48.1,rocket-mewtwo-ex,Rocket's Mewtwo,31,61.29,,,,overall,2026-05-25T16:55:58.910495+00:00
SVI-DRI,34,1,joltik-box,Joltik Box,337,1098,1094,296,48.1,roaring-moon-ex,Roaring Moon,28,65.48,,,,overall,2026-05-25T16:55:58.910495+00:00
SVI-DRI,34,1,joltik-box,Joltik Box,337,1098,1094,296,48.1,ho-oh-armarouge,Ho-Oh Armarouge,25,65.33,,,,overall,2026-05-25T16:55:58.910495+00:00
SVI-DRI,34,1,joltik-box,Joltik Box,337,1098,1094,296,48.1,n-zoroark,N's Zoroark,22,83.33,,,,overall,2026-05-25T16:55:58.910495+00:00
SVI-DRI,34,1,joltik-box,Joltik Box,337,1098,1094,296,48.1,charizard-pidgeot,Charizard Pidgeot,22,45.45,,,,overall,2026-05-25T16:55:58.910495+00:00
SVI-DRI,34,1,joltik-box,Joltik Box,337,1098,1094,296,48.1,ceruledge-ex,Ceruledge,22,33.33,,,,overall,2026-05-25T16:55:58.910495+00:00
SVI-DRI,34,1,joltik-box,Joltik Box,337,1098,1094,296,48.1,toedscruel-ex,Toedscruel,20,61.67,,,,overall,2026-05-25T16:55:58.910495+00:00
SVI-DRI,34,1,joltik-box,Joltik Box,337,1098,1094,296,48.1,archaludon-ex,Archaludon,19,54.39,,,,overall,2026-05-25T16:55:58.910495+00:00
SVI-DRI,34,1,joltik-box,Joltik Box,337,1098,1094,296,48.1,tera-box,Tera Box,17,54.9,,,,overall,2026-05-25T16:55:58.910495+00:00
SVI-DRI,34,1,joltik-box,Joltik Box,337,1098,1094,296,48.1,yanmega-ex,Yanmega,14,69.05,,,,overall,2026-05-25T16:55:58.910495+00:00
SVI-DRI,34,1,joltik-box,Joltik Box,337,1098,1094,296,48.1,other,Other,13,79.49,,,,overall,2026-05-25T16:55:58.910495+00:00
SVI-DRI,34,1,joltik-box,Joltik Box,337,1098,1094,296,48.1,rocket-spidops,Rocket's Spidops,12,36.11,,,,overall,2026-05-25T16:55:58.910495+00:00
SVI-DRI,34,1,joltik-box,Joltik Box,337,1098,1094,296,48.1,froslass-munkidori,Froslass Munkidori,9,74.07,,,,overall,2026-05-25T16:55:58.910495+00:00
SVI-DRI,34,1,joltik-box,Joltik Box,337,1098,1094,296,48.1,charizard-dusknoir,Charizard Dusknoir,8,62.5,,,,overall,2026-05-25T16:55:58.910495+00:00
SVI-DRI,34,1,joltik-box,Joltik Box,337,1098,1094,296,48.1,festival-lead,Festival Lead,7,71.43,,,,overall,2026-05-25T16:55:58.910495+00:00
SVI-DRI,34,1,joltik-box,Joltik Box,337,1098,1094,296,48.1,poison-archaludon,Poison Archaludon,7,28.57,,,,overall,2026-05-25T16:55:58.910495+00:00
SVI-DRI,34,1,joltik-box,Joltik Box,337,1098,1094,296,48.1,terapagos-noctowl,Terapagos Noctowl,6,38.89,,,,overall,2026-05-25T16:55:58.910495+00:00
SVI-DRI,34,1,joltik-box,Joltik Box,337,1098,1094,296,48.1,blissey-ex,Blissey,6,83.33,,,,overall,2026-05-25T16:55:58.910495+00:00
SVI-DRI,34,1,joltik-box,Joltik Box,337,1098,1094,296,48.1,dragapult-pidgeot,Dragapult Pidgeot,6,100.0,,,,overall,2026-05-25T16:55:58.910495+00:00
SVI-DRI,34,1,joltik-box,Joltik Box,337,1098,1094,296,48.1,blaziken-zoroark,Blaziken Zoroark,5,80.0,,,,overall,2026-05-25T16:55:58.910495+00:00
SVI-DRI,34,1,joltik-box,Joltik Box,337,1098,1094,296,48.1,hydrapple-ogerpon,Hydrapple Ogerpon,5,100.0,,,,overall,2026-05-25T16:55:58.910495+00:00
SVI-DRI,34,1,joltik-box,Joltik Box,337,1098,1094,296,48.1,slowking-scr,Slowking,5,46.67,,,,overall,2026-05-25T16:55:58.910495+00:00
SVI-DRI,34,1,joltik-box,Joltik Box,337,1098,1094,296,48.1,mamoswine-ex,Mamoswine,5,66.67,,,,overall,2026-05-25T16:55:58.910495+00:00
SVI-DRI,34,1,joltik-box,Joltik Box,337,1098,1094,296,48.1,dragapult-iron-thorns,Dragapult Iron Thorns,5,66.67,,,,overall,2026-05-25T16:55:58.910495+00:00
SVI-DRI,34,1,joltik-box,Joltik Box,337,1098,1094,296,48.1,hop-zacian,Hop's Zacian,4,75.0,,,,overall,2026-05-25T16:55:58.910495+00:00
SVI-DRI,34,1,joltik-box,Joltik Box,337,1098,1094,296,48.1,gholdengo-dudunsparce,Gholdengo Dudunsparce,4,75.0,,,,overall,2026-05-25T16:55:58.910495+00:00
SVI-DRI,34,1,joltik-box,Joltik Box,337,1098,1094,296,48.1,iron-thorns-crustle,Iron Thorns Crustle,4,50.0,,,,overall,2026-05-25T16:55:58.910495+00:00
SVI-DRI,34,1,joltik-box,Joltik Box,337,1098,1094,296,48.1,sinistcha-ogerpon,Sinistcha Ogerpon,4,50.0,,,,overall,2026-05-25T16:55:58.910495+00:00
SVI-DRI,34,1,joltik-box,Joltik Box,337,1098,1094,296,48.1,future-box,Future Box,4,25.0,,,,overall,2026-05-25T16:55:58.910495+00:00
SVI-DRI,34,1,joltik-box,Joltik Box,337,1098,1094,296,48.1,archaludon-zoroark,Archaludon Zoroark,4,75.0,,,,overall,2026-05-25T16:55:58.910495+00:00
SVI-DRI,34,1,joltik-box,Joltik Box,337,1098,1094,296,48.1,chien-pao-baxcalibur,Chien-Pao Baxcalibur,3,44.44,,,,overall,2026-05-25T16:55:58.910495+00:00
SVI-DRI,34,1,joltik-box,Joltik Box,337,1098,1094,296,48.1,great-tusk-tef,Great Tusk Mill,3,66.67,,,,overall,2026-05-25T16:55:58.910495+00:00
SVI-DRI,34,1,joltik-box,Joltik Box,337,1098,1094,296,48.1,charizard-noctowl,Charizard Noctowl,3,66.67,,,,overall,2026-05-25T16:55:58.910495+00:00
SVI-DRI,34,1,joltik-box,Joltik Box,337,1098,1094,296,48.1,charizard-ex,Charizard,3,77.78,,,,overall,2026-05-25T16:55:58.910495+00:00
SVI-DRI,34,1,joltik-box,Joltik Box,337,1098,1094,296,48.1,flareon-ex,Flareon,3,66.67,,,,overall,2026-05-25T16:55:58.910495+00:00
SVI-DRI,34,1,joltik-box,Joltik Box,337,1098,1094,296,48.1,roaring-moon-dudunsparce,Roaring Moon Dudunsparce,3,0.0,,,,overall,2026-05-25T16:55:58.910495+00:00
SVI-DRI,34,1,joltik-box,Joltik Box,337,1098,1094,296,48.1,marnie-grimmsnarl-ex,Marnie's Grimmsnarl,3,100.0,,,,overall,2026-05-25T16:55:58.910495+00:00
SVI-DRI,34,1,joltik-box,Joltik Box,337,1098,1094,296,48.1,dragapult-froslass,Dragapult Froslass,3,11.11,,,,overall,2026-05-25T16:55:58.910495+00:00
SVI-DRI,34,1,joltik-box,Joltik Box,337,1098,1094,296,48.1,spidops-ex,Spidops,3,100.0,,,,overall,2026-05-25T16:55:58.910495+00:00
SVI-DRI,34,1,joltik-box,Joltik Box,337,1098,1094,296,48.1,blaziken-ex-jtg,Blaziken,3,33.33,,,,overall,2026-05-25T16:55:58.910495+00:00
SVI-DRI,34,1,joltik-box,Joltik Box,337,1098,1094,296,48.1,slaking-ex,Slaking,2,100.0,,,,overall,2026-05-25T16:55:58.910495+00:00
SVI-DRI,34,1,joltik-box,Joltik Box,337,1098,1094,296,48.1,tinkaton-ex,Tinkaton,2,100.0,,,,overall,2026-05-25T16:55:58.910495+00:00
SVI-DRI,34,1,joltik-box,Joltik Box,337,1098,1094,296,48.1,misty-gyarados,Misty's Gyarados,2,100.0,,,,overall,2026-05-25T16:55:58.910495+00:00
SVI-DRI,34,1,joltik-box,Joltik Box,337,1098,1094,296,48.1,milotic-farigiraf,Milotic Farigiraf,2,50.0,,,,overall,2026-05-25T16:55:58.910495+00:00
SVI-DRI,34,1,joltik-box,Joltik Box,337,1098,1094,296,48.1,hydreigon-ex,Hydreigon,2,100.0,,,,overall,2026-05-25T16:55:58.910495+00:00
SVI-DRI,34,1,joltik-box,Joltik Box,337,1098,1094,296,48.1,okidogi-ex,Okidogi,2,50.0,,,,overall,2026-05-25T16:55:58.910495+00:00
SVI-DRI,34,1,joltik-box,Joltik Box,337,1098,1094,296,48.1,greninja-ex,Greninja,2,50.0,,,,overall,2026-05-25T16:55:58.910495+00:00
SVI-DRI,34,1,joltik-box,Joltik Box,337,1098,1094,296,48.1,iono-bellibolt,Iono's Bellibolt,2,100.0,,,,overall,2026-05-25T16:55:58.910495+00:00
SVI-DRI,34,1,joltik-box,Joltik Box,337,1098,1094,296,48.1,iron-thorns-ex,Iron Thorns,2,100.0,,,,overall,2026-05-25T16:55:58.910495+00:00
SVI-DRI,34,1,joltik-box,Joltik Box,337,1098,1094,296,48.1,pidgeot-control,Pidgeot Control,2,16.67,,,,overall,2026-05-25T16:55:58.910495+00:00
SVI-DRI,34,1,joltik-box,Joltik Box,337,1098,1094,296,48.1,iron-thorns-crown,Future Thorns,2,50.0,,,,overall,2026-05-25T16:55:58.910495+00:00
SVI-DRI,34,1,joltik-box,Joltik Box,337,1098,1094,296,48.1,flygon-ex-ssp,Flygon,2,50.0,,,,overall,2026-05-25T16:55:58.910495+00:00
SVI-DRI,34,1,joltik-box,Joltik Box,337,1098,1094,296,48.1,reging-bolt-bellibolt,Raging Bolt Bellibolt,1,100.0,,,,overall,2026-05-25T16:55:58.910495+00:00
SVI-DRI,34,1,joltik-box,Joltik Box,337,1098,1094,296,48.1,rocket-nidoking-ex,Rocket's Nidoking,1,100.0,,,,overall,2026-05-25T16:55:58.910495+00:00
SVI-DRI,34,1,joltik-box,Joltik Box,337,1098,1094,296,48.1,palafin-ex,Palafin,1,100.0,,,,overall,2026-05-25T16:55:58.910495+00:00
SVI-DRI,34,1,joltik-box,Joltik Box,337,1098,1094,296,48.1,azumarill-ssp,Azumarill,1,100.0,,,,overall,2026-05-25T16:55:58.910495+00:00
SVI-DRI,34,1,joltik-box,Joltik Box,337,1098,1094,296,48.1,dragapult-zoroark,Dragapult Zoroark,1,0.0,,,,overall,2026-05-25T16:55:58.910495+00:00
SVI-DRI,34,1,joltik-box,Joltik Box,337,1098,1094,296,48.1,ethan-magcargo,Ethan's Magcargo,1,100.0,,,,overall,2026-05-25T16:55:58.910495+00:00
SVI-DRI,34,1,joltik-box,Joltik Box,337,1098,1094,296,48.1,iron-hands-ex,Future Hands,1,100.0,,,,overall,2026-05-25T16:55:58.910495+00:00
SVI-DRI,34,1,joltik-box,Joltik Box,337,1098,1094,296,48.1,miraidon-ex,Miraidon,1,33.33,,,,overall,2026-05-25T16:55:58.910495+00:00
SVI-DRI,34,1,joltik-box,Joltik Box,337,1098,1094,296,48.1,ogerpon-ex,Ogerpon,1,0.0,,,,overall,2026-05-25T16:55:58.910495+00:00
SVI-DRI,34,1,joltik-box,Joltik Box,337,1098,1094,296,48.1,gouging-fire-ex,Gouging Fire,1,0.0,,,,overall,2026-05-25T16:55:58.910495+00:00
SVI-DRI,34,1,mamoswine-ex,Mamoswine,12,21,52,18,29.67,raging-bolt-ogerpon,Raging Bolt Ogerpon,16,12.5,,,,overall,2026-05-25T16:56:00.883146+00:00
SVI-DRI,34,1,mamoswine-ex,Mamoswine,12,21,52,18,29.67,grimmsnarl-froslass,Grimmsnarl Froslass,10,30.0,,,,overall,2026-05-25T16:56:00.883146+00:00
SVI-DRI,34,1,mamoswine-ex,Mamoswine,12,21,52,18,29.67,dragapult-dusknoir,Dragapult Dusknoir,10,23.33,,,,overall,2026-05-25T16:56:00.883146+00:00
SVI-DRI,34,1,mamoswine-ex,Mamoswine,12,21,52,18,29.67,dragapult-charizard,Dragapult Charizard,7,33.33,,,,overall,2026-05-25T16:56:00.883146+00:00
SVI-DRI,34,1,mamoswine-ex,Mamoswine,12,21,52,18,29.67,flareon-noctowl,Flareon Noctowl,5,26.67,,,,overall,2026-05-25T16:56:00.883146+00:00
SVI-DRI,34,1,mamoswine-ex,Mamoswine,12,21,52,18,29.67,gardevoir-ex-sv,Gardevoir,5,46.67,,,,overall,2026-05-25T16:56:00.883146+00:00
SVI-DRI,34,1,mamoswine-ex,Mamoswine,12,21,52,18,29.67,joltik-box,Joltik Box,5,26.67,,,,overall,2026-05-25T16:56:00.883146+00:00
SVI-DRI,34,1,mamoswine-ex,Mamoswine,12,21,52,18,29.67,gholdengo-dragapult,Gholdengo Dragapult,5,40.0,,,,overall,2026-05-25T16:56:00.883146+00:00
SVI-DRI,34,1,mamoswine-ex,Mamoswine,12,21,52,18,29.67,dragapult-ex,Dragapult,4,75.0,,,,overall,2026-05-25T16:56:00.883146+00:00
SVI-DRI,34,1,mamoswine-ex,Mamoswine,12,21,52,18,29.67,cynthia-garchomp-ex,Cynthia's Garchomp,3,22.22,,,,overall,2026-05-25T16:56:00.883146+00:00
SVI-DRI,34,1,mamoswine-ex,Mamoswine,12,21,52,18,29.67,rocket-mewtwo-ex,Rocket's Mewtwo,3,22.22,,,,overall,2026-05-25T16:56:00.883146+00:00
SVI-DRI,34,1,mamoswine-ex,Mamoswine,12,21,52,18,29.67,roaring-moon-ex,Roaring Moon,2,0.0,,,,overall,2026-05-25T16:56:00.883146+00:00
SVI-DRI,34,1,mamoswine-ex,Mamoswine,12,21,52,18,29.67,n-zoroark,N's Zoroark,1,100.0,,,,overall,2026-05-25T16:56:00.883146+00:00
SVI-DRI,34,1,mamoswine-ex,Mamoswine,12,21,52,18,29.67,ceruledge-ex,Ceruledge,1,0.0,,,,overall,2026-05-25T16:56:00.883146+00:00
SVI-DRI,34,1,mamoswine-ex,Mamoswine,12,21,52,18,29.67,festival-lead,Festival Lead,1,33.33,,,,overall,2026-05-25T16:56:00.883146+00:00
SVI-DRI,34,1,mamoswine-ex,Mamoswine,12,21,52,18,29.67,ho-oh-armarouge,Ho-Oh Armarouge,1,0.0,,,,overall,2026-05-25T16:56:00.883146+00:00
SVI-DRI,34,1,mamoswine-ex,Mamoswine,12,21,52,18,29.67,blissey-ex,Blissey,1,100.0,,,,overall,2026-05-25T16:56:00.883146+00:00
SVI-DRI,34,1,mamoswine-ex,Mamoswine,12,21,52,18,29.67,hop-zacian,Hop's Zacian,1,100.0,,,,overall,2026-05-25T16:56:00.883146+00:00
SVI-DRI,34,1,mamoswine-ex,Mamoswine,12,21,52,18,29.67,hydreigon-ex,Hydreigon,1,100.0,,,,overall,2026-05-25T16:56:00.883146+00:00
SVI-DRI,34,1,mamoswine-ex,Mamoswine,12,21,52,18,29.67,other,Other,1,0.0,,,,overall,2026-05-25T16:56:00.883146+00:00
SVI-DRI,34,1,mamoswine-ex,Mamoswine,12,21,52,18,29.67,charizard-pidgeot,Charizard Pidgeot,1,100.0,,,,overall,2026-05-25T16:56:00.883146+00:00
SVI-DRI,34,1,mamoswine-ex,Mamoswine,12,21,52,18,29.67,rocket-spidops,Rocket's Spidops,1,0.0,,,,overall,2026-05-25T16:56:00.883146+00:00
SVI-DRI,34,1,mamoswine-ex,Mamoswine,12,21,52,18,29.67,gholdengo-ex,Gholdengo,1,0.0,,,,overall,2026-05-25T16:56:00.883146+00:00
SVI-DRI,34,1,mamoswine-ex,Mamoswine,12,21,52,18,29.67,dragapult-pidgeot,Dragapult Pidgeot,1,0.0,,,,overall,2026-05-25T16:56:00.883146+00:00
SVI-DRI,34,1,mamoswine-ex,Mamoswine,12,21,52,18,29.67,flygon-ex-ssp,Flygon,1,33.33,,,,overall,2026-05-25T16:56:00.883146+00:00
SVI-DRI,34,1,mamoswine-ex,Mamoswine,12,21,52,18,29.67,miraidon-ex,Miraidon,1,33.33,,,,overall,2026-05-25T16:56:00.883146+00:00
SVI-DRI,34,1,marnie-grimmsnarl-ex,Marnie's Grimmsnarl,6,15,21,6,40.48,gardevoir-ex-sv,Gardevoir,7,90.48,,,,overall,2026-05-25T16:56:02.851299+00:00
SVI-DRI,34,1,marnie-grimmsnarl-ex,Marnie's Grimmsnarl,6,15,21,6,40.48,raging-bolt-ogerpon,Raging Bolt Ogerpon,7,0.0,,,,overall,2026-05-25T16:56:02.851299+00:00
SVI-DRI,34,1,marnie-grimmsnarl-ex,Marnie's Grimmsnarl,6,15,21,6,40.48,gholdengo-dragapult,Gholdengo Dragapult,4,33.33,,,,overall,2026-05-25T16:56:02.851299+00:00
SVI-DRI,34,1,marnie-grimmsnarl-ex,Marnie's Grimmsnarl,6,15,21,6,40.48,dragapult-ex,Dragapult,3,22.22,,,,overall,2026-05-25T16:56:02.851299+00:00
SVI-DRI,34,1,marnie-grimmsnarl-ex,Marnie's Grimmsnarl,6,15,21,6,40.48,dragapult-dusknoir,Dragapult Dusknoir,3,66.67,,,,overall,2026-05-25T16:56:02.851299+00:00
SVI-DRI,34,1,marnie-grimmsnarl-ex,Marnie's Grimmsnarl,6,15,21,6,40.48,joltik-box,Joltik Box,3,0.0,,,,overall,2026-05-25T16:56:02.851299+00:00
SVI-DRI,34,1,marnie-grimmsnarl-ex,Marnie's Grimmsnarl,6,15,21,6,40.48,grimmsnarl-froslass,Grimmsnarl Froslass,3,66.67,,,,overall,2026-05-25T16:56:02.851299+00:00
SVI-DRI,34,1,marnie-grimmsnarl-ex,Marnie's Grimmsnarl,6,15,21,6,40.48,dragapult-charizard,Dragapult Charizard,2,66.67,,,,overall,2026-05-25T16:56:02.851299+00:00
SVI-DRI,34,1,marnie-grimmsnarl-ex,Marnie's Grimmsnarl,6,15,21,6,40.48,ceruledge-ex,Ceruledge,1,100.0,,,,overall,2026-05-25T16:56:02.851299+00:00
SVI-DRI,34,1,marnie-grimmsnarl-ex,Marnie's Grimmsnarl,6,15,21,6,40.48,flareon-noctowl,Flareon Noctowl,1,0.0,,,,overall,2026-05-25T16:56:02.851299+00:00
SVI-DRI,34,1,marnie-grimmsnarl-ex,Marnie's Grimmsnarl,6,15,21,6,40.48,other,Other,1,0.0,,,,overall,2026-05-25T16:56:02.851299+00:00
SVI-DRI,34,1,marnie-grimmsnarl-ex,Marnie's Grimmsnarl,6,15,21,6,40.48,rocket-spidops,Rocket's Spidops,1,0.0,,,,overall,2026-05-25T16:56:02.851299+00:00
SVI-DRI,34,1,marnie-grimmsnarl-ex,Marnie's Grimmsnarl,6,15,21,6,40.48,cynthia-garchomp-ex,Cynthia's Garchomp,1,100.0,,,,overall,2026-05-25T16:56:02.851299+00:00
SVI-DRI,34,1,marnie-grimmsnarl-ex,Marnie's Grimmsnarl,6,15,21,6,40.48,rocket-mewtwo-ex,Rocket's Mewtwo,1,0.0,,,,overall,2026-05-25T16:56:02.851299+00:00
SVI-DRI,34,1,marnie-grimmsnarl-ex,Marnie's Grimmsnarl,6,15,21,6,40.48,terapagos-noctowl,Terapagos Noctowl,1,100.0,,,,overall,2026-05-25T16:56:02.851299+00:00
SVI-DRI,34,1,marnie-grimmsnarl-ex,Marnie's Grimmsnarl,6,15,21,6,40.48,gholdengo-ex,Gholdengo,1,33.33,,,,overall,2026-05-25T16:56:02.851299+00:00
SVI-DRI,34,1,marnie-grimmsnarl-ex,Marnie's Grimmsnarl,6,15,21,6,40.48,toedscruel-ex,Toedscruel,1,0.0,,,,overall,2026-05-25T16:56:02.851299+00:00
SVI-DRI,34,1,marnie-grimmsnarl-ex,Marnie's Grimmsnarl,6,15,21,6,40.48,hop-zacian,Hop's Zacian,1,0.0,,,,overall,2026-05-25T16:56:02.851299+00:00
SVI-DRI,34,1,milotic-farigiraf,Milotic Farigiraf,8,34,29,7,51.9,raging-bolt-ogerpon,Raging Bolt Ogerpon,12,80.56,,,,overall,2026-05-25T16:56:04.827293+00:00
SVI-DRI,34,1,milotic-farigiraf,Milotic Farigiraf,8,34,29,7,51.9,grimmsnarl-froslass,Grimmsnarl Froslass,10,33.33,,,,overall,2026-05-25T16:56:04.827293+00:00
SVI-DRI,34,1,milotic-farigiraf,Milotic Farigiraf,8,34,29,7,51.9,dragapult-dusknoir,Dragapult Dusknoir,8,41.67,,,,overall,2026-05-25T16:56:04.827293+00:00
SVI-DRI,34,1,milotic-farigiraf,Milotic Farigiraf,8,34,29,7,51.9,gardevoir-ex-sv,Gardevoir,6,5.56,,,,overall,2026-05-25T16:56:04.827293+00:00
SVI-DRI,34,1,milotic-farigiraf,Milotic Farigiraf,8,34,29,7,51.9,gholdengo-ex,Gholdengo,4,100.0,,,,overall,2026-05-25T16:56:04.827293+00:00
SVI-DRI,34,1,milotic-farigiraf,Milotic Farigiraf,8,34,29,7,51.9,dragapult-charizard,Dragapult Charizard,4,75.0,,,,overall,2026-05-25T16:56:04.827293+00:00
SVI-DRI,34,1,milotic-farigiraf,Milotic Farigiraf,8,34,29,7,51.9,gholdengo-dragapult,Gholdengo Dragapult,3,0.0,,,,overall,2026-05-25T16:56:04.827293+00:00
SVI-DRI,34,1,milotic-farigiraf,Milotic Farigiraf,8,34,29,7,51.9,toedscruel-ex,Toedscruel,3,77.78,,,,overall,2026-05-25T16:56:04.827293+00:00
SVI-DRI,34,1,milotic-farigiraf,Milotic Farigiraf,8,34,29,7,51.9,other,Other,3,100.0,,,,overall,2026-05-25T16:56:04.827293+00:00
SVI-DRI,34,1,milotic-farigiraf,Milotic Farigiraf,8,34,29,7,51.9,joltik-box,Joltik Box,2,50.0,,,,overall,2026-05-25T16:56:04.827293+00:00
SVI-DRI,34,1,milotic-farigiraf,Milotic Farigiraf,8,34,29,7,51.9,tera-box,Tera Box,2,50.0,,,,overall,2026-05-25T16:56:04.827293+00:00
SVI-DRI,34,1,milotic-farigiraf,Milotic Farigiraf,8,34,29,7,51.9,ethan-typhlosion,Ethan's Typhlosion,1,0.0,,,,overall,2026-05-25T16:56:04.827293+00:00
SVI-DRI,34,1,milotic-farigiraf,Milotic Farigiraf,8,34,29,7,51.9,pidgeot-control,Pidgeot Control,1,0.0,,,,overall,2026-05-25T16:56:04.827293+00:00
SVI-DRI,34,1,milotic-farigiraf,Milotic Farigiraf,8,34,29,7,51.9,blaziken-ex-jtg,Blaziken,1,0.0,,,,overall,2026-05-25T16:56:04.827293+00:00
SVI-DRI,34,1,milotic-farigiraf,Milotic Farigiraf,8,34,29,7,51.9,iono-bellibolt,Iono's Bellibolt,1,0.0,,,,overall,2026-05-25T16:56:04.827293+00:00
SVI-DRI,34,1,milotic-farigiraf,Milotic Farigiraf,8,34,29,7,51.9,flareon-noctowl,Flareon Noctowl,1,100.0,,,,overall,2026-05-25T16:56:04.827293+00:00
SVI-DRI,34,1,milotic-farigiraf,Milotic Farigiraf,8,34,29,7,51.9,spidops-ex,Spidops,1,0.0,,,,overall,2026-05-25T16:56:04.827293+00:00
SVI-DRI,34,1,milotic-farigiraf,Milotic Farigiraf,8,34,29,7,51.9,slaking-ex,Slaking,1,0.0,,,,overall,2026-05-25T16:56:04.827293+00:00
SVI-DRI,34,1,milotic-farigiraf,Milotic Farigiraf,8,34,29,7,51.9,dragapult-ex,Dragapult,1,0.0,,,,overall,2026-05-25T16:56:04.827293+00:00
SVI-DRI,34,1,milotic-farigiraf,Milotic Farigiraf,8,34,29,7,51.9,yanmega-ex,Yanmega,1,33.33,,,,overall,2026-05-25T16:56:04.827293+00:00
SVI-DRI,34,1,milotic-farigiraf,Milotic Farigiraf,8,34,29,7,51.9,azumarill-ssp,Azumarill,1,100.0,,,,overall,2026-05-25T16:56:04.827293+00:00
SVI-DRI,34,1,milotic-farigiraf,Milotic Farigiraf,8,34,29,7,51.9,charizard-pidgeot,Charizard Pidgeot,1,100.0,,,,overall,2026-05-25T16:56:04.827293+00:00
SVI-DRI,34,1,milotic-farigiraf,Milotic Farigiraf,8,34,29,7,51.9,flareon-ex,Flareon,1,100.0,,,,overall,2026-05-25T16:56:04.827293+00:00
SVI-DRI,34,1,milotic-farigiraf,Milotic Farigiraf,8,34,29,7,51.9,blaziken-zoroark,Blaziken Zoroark,1,100.0,,,,overall,2026-05-25T16:56:04.827293+00:00
SVI-DRI,34,1,miraidon-ex,Miraidon,5,16,23,4,40.31,grimmsnarl-froslass,Grimmsnarl Froslass,8,62.5,,,,overall,2026-05-25T16:56:06.797451+00:00
SVI-DRI,34,1,miraidon-ex,Miraidon,5,16,23,4,40.31,raging-bolt-ogerpon,Raging Bolt Ogerpon,7,47.62,,,,overall,2026-05-25T16:56:06.797451+00:00
SVI-DRI,34,1,miraidon-ex,Miraidon,5,16,23,4,40.31,dragapult-charizard,Dragapult Charizard,4,0.0,,,,overall,2026-05-25T16:56:06.797451+00:00
SVI-DRI,34,1,miraidon-ex,Miraidon,5,16,23,4,40.31,gholdengo-dragapult,Gholdengo Dragapult,4,25.0,,,,overall,2026-05-25T16:56:06.797451+00:00
SVI-DRI,34,1,miraidon-ex,Miraidon,5,16,23,4,40.31,flareon-noctowl,Flareon Noctowl,4,25.0,,,,overall,2026-05-25T16:56:06.797451+00:00
SVI-DRI,34,1,miraidon-ex,Miraidon,5,16,23,4,40.31,gardevoir-ex-sv,Gardevoir,3,33.33,,,,overall,2026-05-25T16:56:06.797451+00:00
SVI-DRI,34,1,miraidon-ex,Miraidon,5,16,23,4,40.31,dragapult-dusknoir,Dragapult Dusknoir,2,50.0,,,,overall,2026-05-25T16:56:06.797451+00:00
SVI-DRI,34,1,miraidon-ex,Miraidon,5,16,23,4,40.31,gholdengo-ex,Gholdengo,2,50.0,,,,overall,2026-05-25T16:56:06.797451+00:00
SVI-DRI,34,1,miraidon-ex,Miraidon,5,16,23,4,40.31,slowking-scr,Slowking,1,0.0,,,,overall,2026-05-25T16:56:06.797451+00:00
SVI-DRI,34,1,miraidon-ex,Miraidon,5,16,23,4,40.31,iron-thorns-crustle,Iron Thorns Crustle,1,0.0,,,,overall,2026-05-25T16:56:06.797451+00:00
SVI-DRI,34,1,miraidon-ex,Miraidon,5,16,23,4,40.31,joltik-box,Joltik Box,1,33.33,,,,overall,2026-05-25T16:56:06.797451+00:00
SVI-DRI,34,1,miraidon-ex,Miraidon,5,16,23,4,40.31,archaludon-ex,Archaludon,1,0.0,,,,overall,2026-05-25T16:56:06.797451+00:00
SVI-DRI,34,1,miraidon-ex,Miraidon,5,16,23,4,40.31,greninja-ex,Greninja,1,33.33,,,,overall,2026-05-25T16:56:06.797451+00:00
SVI-DRI,34,1,miraidon-ex,Miraidon,5,16,23,4,40.31,dragapult-ex,Dragapult,1,100.0,,,,overall,2026-05-25T16:56:06.797451+00:00
SVI-DRI,34,1,miraidon-ex,Miraidon,5,16,23,4,40.31,roaring-moon-ex,Roaring Moon,1,100.0,,,,overall,2026-05-25T16:56:06.797451+00:00
SVI-DRI,34,1,miraidon-ex,Miraidon,5,16,23,4,40.31,feraligatr-tef,Feraligatr,1,100.0,,,,overall,2026-05-25T16:56:06.797451+00:00
SVI-DRI,34,1,miraidon-ex,Miraidon,5,16,23,4,40.31,mamoswine-ex,Mamoswine,1,33.33,,,,overall,2026-05-25T16:56:06.797451+00:00
SVI-DRI,34,1,misty-gyarados,Misty's Gyarados,1,0,4,0,0.0,joltik-box,Joltik Box,2,0.0,,,,overall,2026-05-25T16:56:08.753246+00:00
SVI-DRI,34,1,misty-gyarados,Misty's Gyarados,1,0,4,0,0.0,grimmsnarl-froslass,Grimmsnarl Froslass,1,0.0,,,,overall,2026-05-25T16:56:08.753246+00:00
SVI-DRI,34,1,misty-gyarados,Misty's Gyarados,1,0,4,0,0.0,other,Other,1,0.0,,,,overall,2026-05-25T16:56:08.753246+00:00
SVI-DRI,34,1,n-zoroark,N's Zoroark,24,77,81,32,46.14,gardevoir-ex-sv,Gardevoir,34,67.65,,,,overall,2026-05-25T16:56:10.745140+00:00
SVI-DRI,34,1,n-zoroark,N's Zoroark,24,77,81,32,46.14,raging-bolt-ogerpon,Raging Bolt Ogerpon,27,46.91,,,,overall,2026-05-25T16:56:10.745140+00:00
SVI-DRI,34,1,n-zoroark,N's Zoroark,24,77,81,32,46.14,joltik-box,Joltik Box,22,15.15,,,,overall,2026-05-25T16:56:10.745140+00:00
SVI-DRI,34,1,n-zoroark,N's Zoroark,24,77,81,32,46.14,grimmsnarl-froslass,Grimmsnarl Froslass,20,46.67,,,,overall,2026-05-25T16:56:10.745140+00:00
SVI-DRI,34,1,n-zoroark,N's Zoroark,24,77,81,32,46.14,dragapult-dusknoir,Dragapult Dusknoir,15,42.22,,,,overall,2026-05-25T16:56:10.745140+00:00
SVI-DRI,34,1,n-zoroark,N's Zoroark,24,77,81,32,46.14,dragapult-charizard,Dragapult Charizard,13,69.23,,,,overall,2026-05-25T16:56:10.745140+00:00
SVI-DRI,34,1,n-zoroark,N's Zoroark,24,77,81,32,46.14,flareon-noctowl,Flareon Noctowl,10,36.67,,,,overall,2026-05-25T16:56:10.745140+00:00
SVI-DRI,34,1,n-zoroark,N's Zoroark,24,77,81,32,46.14,gholdengo-ex,Gholdengo,9,18.52,,,,overall,2026-05-25T16:56:10.745140+00:00
SVI-DRI,34,1,n-zoroark,N's Zoroark,24,77,81,32,46.14,ethan-typhlosion,Ethan's Typhlosion,6,66.67,,,,overall,2026-05-25T16:56:10.745140+00:00
SVI-DRI,34,1,n-zoroark,N's Zoroark,24,77,81,32,46.14,gholdengo-dragapult,Gholdengo Dragapult,5,40.0,,,,overall,2026-05-25T16:56:10.745140+00:00
SVI-DRI,34,1,n-zoroark,N's Zoroark,24,77,81,32,46.14,rocket-mewtwo-ex,Rocket's Mewtwo,4,33.33,,,,overall,2026-05-25T16:56:10.745140+00:00
SVI-DRI,34,1,n-zoroark,N's Zoroark,24,77,81,32,46.14,dragapult-ex,Dragapult,4,83.33,,,,overall,2026-05-25T16:56:10.745140+00:00
SVI-DRI,34,1,n-zoroark,N's Zoroark,24,77,81,32,46.14,cynthia-garchomp-ex,Cynthia's Garchomp,2,50.0,,,,overall,2026-05-25T16:56:10.745140+00:00
SVI-DRI,34,1,n-zoroark,N's Zoroark,24,77,81,32,46.14,archaludon-ex,Archaludon,2,100.0,,,,overall,2026-05-25T16:56:10.745140+00:00
SVI-DRI,34,1,n-zoroark,N's Zoroark,24,77,81,32,46.14,ceruledge-ex,Ceruledge,1,33.33,,,,overall,2026-05-25T16:56:10.745140+00:00
SVI-DRI,34,1,n-zoroark,N's Zoroark,24,77,81,32,46.14,great-tusk-tef,Great Tusk Mill,1,0.0,,,,overall,2026-05-25T16:56:10.745140+00:00
SVI-DRI,34,1,n-zoroark,N's Zoroark,24,77,81,32,46.14,dragapult-froslass,Dragapult Froslass,1,100.0,,,,overall,2026-05-25T16:56:10.745140+00:00
SVI-DRI,34,1,n-zoroark,N's Zoroark,24,77,81,32,46.14,dragapult-zoroark,Dragapult Zoroark,1,0.0,,,,overall,2026-05-25T16:56:10.745140+00:00
SVI-DRI,34,1,n-zoroark,N's Zoroark,24,77,81,32,46.14,mamoswine-ex,Mamoswine,1,0.0,,,,overall,2026-05-25T16:56:10.745140+00:00
SVI-DRI,34,1,n-zoroark,N's Zoroark,24,77,81,32,46.14,ho-oh-armarouge,Ho-Oh Armarouge,1,33.33,,,,overall,2026-05-25T16:56:10.745140+00:00
SVI-DRI,34,1,n-zoroark,N's Zoroark,24,77,81,32,46.14,archaludon-zoroark,Archaludon Zoroark,1,0.0,,,,overall,2026-05-25T16:56:10.745140+00:00
SVI-DRI,34,1,n-zoroark,N's Zoroark,24,77,81,32,46.14,espathra-froslass,Espathra Froslass,1,0.0,,,,overall,2026-05-25T16:56:10.745140+00:00
SVI-DRI,34,1,n-zoroark,N's Zoroark,24,77,81,32,46.14,roaring-moon-ex,Roaring Moon,1,33.33,,,,overall,2026-05-25T16:56:10.745140+00:00
SVI-DRI,34,1,n-zoroark,N's Zoroark,24,77,81,32,46.14,hydreigon-ex,Hydreigon,1,100.0,,,,overall,2026-05-25T16:56:10.745140+00:00
SVI-DRI,34,1,n-zoroark,N's Zoroark,24,77,81,32,46.14,future-box,Future Box,1,33.33,,,,overall,2026-05-25T16:56:10.745140+00:00
SVI-DRI,34,1,n-zoroark,N's Zoroark,24,77,81,32,46.14,charizard-pidgeot,Charizard Pidgeot,1,0.0,,,,overall,2026-05-25T16:56:10.745140+00:00
SVI-DRI,34,1,n-zoroark,N's Zoroark,24,77,81,32,46.14,rocket-spidops,Rocket's Spidops,1,0.0,,,,overall,2026-05-25T16:56:10.745140+00:00
SVI-DRI,34,1,n-zoroark,N's Zoroark,24,77,81,32,46.14,chien-pao-baxcalibur,Chien-Pao Baxcalibur,1,0.0,,,,overall,2026-05-25T16:56:10.745140+00:00
SVI-DRI,34,1,n-zoroark,N's Zoroark,24,77,81,32,46.14,iono-bellibolt,Iono's Bellibolt,1,33.33,,,,overall,2026-05-25T16:56:10.745140+00:00
SVI-DRI,34,1,n-zoroark,N's Zoroark,24,77,81,32,46.14,other,Other,1,100.0,,,,overall,2026-05-25T16:56:10.745140+00:00
SVI-DRI,34,1,n-zoroark,N's Zoroark,24,77,81,32,46.14,charizard-dusknoir,Charizard Dusknoir,1,33.33,,,,overall,2026-05-25T16:56:10.745140+00:00
SVI-DRI,34,1,ogerpon-ex,Ogerpon,1,9,1,3,76.92,gardevoir-ex-sv,Gardevoir,3,22.22,,,,overall,2026-05-25T16:56:12.713402+00:00
SVI-DRI,34,1,ogerpon-ex,Ogerpon,1,9,1,3,76.92,gholdengo-ex,Gholdengo,2,100.0,,,,overall,2026-05-25T16:56:12.713402+00:00
SVI-DRI,34,1,ogerpon-ex,Ogerpon,1,9,1,3,76.92,grimmsnarl-froslass,Grimmsnarl Froslass,2,66.67,,,,overall,2026-05-25T16:56:12.713402+00:00
SVI-DRI,34,1,ogerpon-ex,Ogerpon,1,9,1,3,76.92,archaludon-zoroark,Archaludon Zoroark,1,100.0,,,,overall,2026-05-25T16:56:12.713402+00:00
SVI-DRI,34,1,ogerpon-ex,Ogerpon,1,9,1,3,76.92,tera-box,Tera Box,1,100.0,,,,overall,2026-05-25T16:56:12.713402+00:00
SVI-DRI,34,1,ogerpon-ex,Ogerpon,1,9,1,3,76.92,joltik-box,Joltik Box,1,100.0,,,,overall,2026-05-25T16:56:12.713402+00:00
SVI-DRI,34,1,ogerpon-ex,Ogerpon,1,9,1,3,76.92,ceruledge-ex,Ceruledge,1,100.0,,,,overall,2026-05-25T16:56:12.713402+00:00
SVI-DRI,34,1,ogerpon-ex,Ogerpon,1,9,1,3,76.92,iron-thorns-crustle,Iron Thorns Crustle,1,100.0,,,,overall,2026-05-25T16:56:12.713402+00:00
SVI-DRI,34,1,ogerpon-ex,Ogerpon,1,9,1,3,76.92,dragapult-charizard,Dragapult Charizard,1,100.0,,,,overall,2026-05-25T16:56:12.713402+00:00
SVI-DRI,34,1,okidogi-ex,Okidogi,6,7,25,1,22.22,raging-bolt-ogerpon,Raging Bolt Ogerpon,9,22.22,,,,overall,2026-05-25T16:56:14.682583+00:00
SVI-DRI,34,1,okidogi-ex,Okidogi,6,7,25,1,22.22,gholdengo-ex,Gholdengo,3,0.0,,,,overall,2026-05-25T16:56:14.682583+00:00
SVI-DRI,34,1,okidogi-ex,Okidogi,6,7,25,1,22.22,gholdengo-dragapult,Gholdengo Dragapult,3,11.11,,,,overall,2026-05-25T16:56:14.682583+00:00
SVI-DRI,34,1,okidogi-ex,Okidogi,6,7,25,1,22.22,ho-oh-armarouge,Ho-Oh Armarouge,2,0.0,,,,overall,2026-05-25T16:56:14.682583+00:00
SVI-DRI,34,1,okidogi-ex,Okidogi,6,7,25,1,22.22,dragapult-dusknoir,Dragapult Dusknoir,2,50.0,,,,overall,2026-05-25T16:56:14.682583+00:00
SVI-DRI,34,1,okidogi-ex,Okidogi,6,7,25,1,22.22,joltik-box,Joltik Box,2,50.0,,,,overall,2026-05-25T16:56:14.682583+00:00
SVI-DRI,34,1,okidogi-ex,Okidogi,6,7,25,1,22.22,gardevoir-ex-sv,Gardevoir,2,50.0,,,,overall,2026-05-25T16:56:14.682583+00:00
SVI-DRI,34,1,okidogi-ex,Okidogi,6,7,25,1,22.22,ethan-typhlosion,Ethan's Typhlosion,1,0.0,,,,overall,2026-05-25T16:56:14.682583+00:00
SVI-DRI,34,1,okidogi-ex,Okidogi,6,7,25,1,22.22,blissey-ex,Blissey,1,0.0,,,,overall,2026-05-25T16:56:14.682583+00:00
SVI-DRI,34,1,okidogi-ex,Okidogi,6,7,25,1,22.22,dragapult-ex,Dragapult,1,100.0,,,,overall,2026-05-25T16:56:14.682583+00:00
SVI-DRI,34,1,okidogi-ex,Okidogi,6,7,25,1,22.22,grimmsnarl-froslass,Grimmsnarl Froslass,1,0.0,,,,overall,2026-05-25T16:56:14.682583+00:00
SVI-DRI,34,1,okidogi-ex,Okidogi,6,7,25,1,22.22,cynthia-garchomp-ex,Cynthia's Garchomp,1,0.0,,,,overall,2026-05-25T16:56:14.682583+00:00
SVI-DRI,34,1,okidogi-ex,Okidogi,6,7,25,1,22.22,flareon-noctowl,Flareon Noctowl,1,0.0,,,,overall,2026-05-25T16:56:14.682583+00:00
SVI-DRI,34,1,okidogi-ex,Okidogi,6,7,25,1,22.22,azumarill-ssp,Azumarill,1,100.0,,,,overall,2026-05-25T16:56:14.682583+00:00
SVI-DRI,34,1,okidogi-ex,Okidogi,6,7,25,1,22.22,yanmega-ex,Yanmega,1,0.0,,,,overall,2026-05-25T16:56:14.682583+00:00
SVI-DRI,34,1,okidogi-ex,Okidogi,6,7,25,1,22.22,rocket-mewtwo-ex,Rocket's Mewtwo,1,0.0,,,,overall,2026-05-25T16:56:14.682583+00:00
SVI-DRI,34,1,okidogi-ex,Okidogi,6,7,25,1,22.22,chien-pao-baxcalibur,Chien-Pao Baxcalibur,1,0.0,,,,overall,2026-05-25T16:56:14.682583+00:00
SVI-DRI,34,1,okidogi-twm,Okidogi,1,2,2,2,44.44,gardevoir-ex-sv,Gardevoir,2,100.0,,,,overall,2026-05-25T16:56:16.655864+00:00
SVI-DRI,34,1,okidogi-twm,Okidogi,1,2,2,2,44.44,dragapult-pidgeot,Dragapult Pidgeot,1,0.0,,,,overall,2026-05-25T16:56:16.655864+00:00
SVI-DRI,34,1,okidogi-twm,Okidogi,1,2,2,2,44.44,dragapult-charizard,Dragapult Charizard,1,33.33,,,,overall,2026-05-25T16:56:16.655864+00:00
SVI-DRI,34,1,okidogi-twm,Okidogi,1,2,2,2,44.44,archaludon-ex,Archaludon,1,33.33,,,,overall,2026-05-25T16:56:16.655864+00:00
SVI-DRI,34,1,okidogi-twm,Okidogi,1,2,2,2,44.44,raging-bolt-ogerpon,Raging Bolt Ogerpon,1,0.0,,,,overall,2026-05-25T16:56:16.655864+00:00
SVI-DRI,34,1,other,Other,39,56,130,28,30.53,raging-bolt-ogerpon,Raging Bolt Ogerpon,44,28.79,,,,overall,2026-05-25T16:56:18.627652+00:00
SVI-DRI,34,1,other,Other,39,56,130,28,30.53,grimmsnarl-froslass,Grimmsnarl Froslass,22,21.21,,,,overall,2026-05-25T16:56:18.627652+00:00
SVI-DRI,34,1,other,Other,39,56,130,28,30.53,gardevoir-ex-sv,Gardevoir,20,21.67,,,,overall,2026-05-25T16:56:18.627652+00:00
SVI-DRI,34,1,other,Other,39,56,130,28,30.53,dragapult-charizard,Dragapult Charizard,13,38.46,,,,overall,2026-05-25T16:56:18.627652+00:00
SVI-DRI,34,1,other,Other,39,56,130,28,30.53,joltik-box,Joltik Box,13,17.95,,,,overall,2026-05-25T16:56:18.627652+00:00
SVI-DRI,34,1,other,Other,39,56,130,28,30.53,flareon-noctowl,Flareon Noctowl,13,41.03,,,,overall,2026-05-25T16:56:18.627652+00:00
SVI-DRI,34,1,other,Other,39,56,130,28,30.53,dragapult-dusknoir,Dragapult Dusknoir,13,12.82,,,,overall,2026-05-25T16:56:18.627652+00:00
SVI-DRI,34,1,other,Other,39,56,130,28,30.53,gholdengo-dragapult,Gholdengo Dragapult,11,33.33,,,,overall,2026-05-25T16:56:18.627652+00:00
SVI-DRI,34,1,other,Other,39,56,130,28,30.53,rocket-mewtwo-ex,Rocket's Mewtwo,7,38.1,,,,overall,2026-05-25T16:56:18.627652+00:00
SVI-DRI,34,1,other,Other,39,56,130,28,30.53,cynthia-garchomp-ex,Cynthia's Garchomp,6,66.67,,,,overall,2026-05-25T16:56:18.627652+00:00
SVI-DRI,34,1,other,Other,39,56,130,28,30.53,gholdengo-ex,Gholdengo,4,50.0,,,,overall,2026-05-25T16:56:18.627652+00:00
SVI-DRI,34,1,other,Other,39,56,130,28,30.53,dragapult-ex,Dragapult,3,33.33,,,,overall,2026-05-25T16:56:18.627652+00:00
SVI-DRI,34,1,other,Other,39,56,130,28,30.53,ethan-typhlosion,Ethan's Typhlosion,3,33.33,,,,overall,2026-05-25T16:56:18.627652+00:00
SVI-DRI,34,1,other,Other,39,56,130,28,30.53,milotic-farigiraf,Milotic Farigiraf,3,0.0,,,,overall,2026-05-25T16:56:18.627652+00:00
SVI-DRI,34,1,other,Other,39,56,130,28,30.53,ho-oh-armarouge,Ho-Oh Armarouge,3,11.11,,,,overall,2026-05-25T16:56:18.627652+00:00
SVI-DRI,34,1,other,Other,39,56,130,28,30.53,poison-archaludon,Poison Archaludon,2,0.0,,,,overall,2026-05-25T16:56:18.627652+00:00
SVI-DRI,34,1,other,Other,39,56,130,28,30.53,charizard-pidgeot,Charizard Pidgeot,2,0.0,,,,overall,2026-05-25T16:56:18.627652+00:00
SVI-DRI,34,1,other,Other,39,56,130,28,30.53,tsareena-ex,Tsareena,2,66.67,,,,overall,2026-05-25T16:56:18.627652+00:00
SVI-DRI,34,1,other,Other,39,56,130,28,30.53,roaring-moon-ex,Roaring Moon,2,50.0,,,,overall,2026-05-25T16:56:18.627652+00:00
SVI-DRI,34,1,other,Other,39,56,130,28,30.53,froslass-munkidori,Froslass Munkidori,2,50.0,,,,overall,2026-05-25T16:56:18.627652+00:00
SVI-DRI,34,1,other,Other,39,56,130,28,30.53,slowking-scr,Slowking,2,66.67,,,,overall,2026-05-25T16:56:18.627652+00:00
SVI-DRI,34,1,other,Other,39,56,130,28,30.53,ceruledge-ex,Ceruledge,2,50.0,,,,overall,2026-05-25T16:56:18.627652+00:00
SVI-DRI,34,1,other,Other,39,56,130,28,30.53,other,Other,1,50.0,,,,overall,2026-05-25T16:56:18.627652+00:00
SVI-DRI,34,1,other,Other,39,56,130,28,30.53,roaring-moon-dudunsparce,Roaring Moon Dudunsparce,1,0.0,,,,overall,2026-05-25T16:56:18.627652+00:00
SVI-DRI,34,1,other,Other,39,56,130,28,30.53,marnie-grimmsnarl-ex,Marnie's Grimmsnarl,1,100.0,,,,overall,2026-05-25T16:56:18.627652+00:00
SVI-DRI,34,1,other,Other,39,56,130,28,30.53,iron-thorns-crustle,Iron Thorns Crustle,1,0.0,,,,overall,2026-05-25T16:56:18.627652+00:00
SVI-DRI,34,1,other,Other,39,56,130,28,30.53,archaludon-ex,Archaludon,1,0.0,,,,overall,2026-05-25T16:56:18.627652+00:00
SVI-DRI,34,1,other,Other,39,56,130,28,30.53,spidops-ex,Spidops,1,100.0,,,,overall,2026-05-25T16:56:18.627652+00:00
SVI-DRI,34,1,other,Other,39,56,130,28,30.53,archaludon-zoroark,Archaludon Zoroark,1,0.0,,,,overall,2026-05-25T16:56:18.627652+00:00
SVI-DRI,34,1,other,Other,39,56,130,28,30.53,misty-gyarados,Misty's Gyarados,1,100.0,,,,overall,2026-05-25T16:56:18.627652+00:00
SVI-DRI,34,1,other,Other,39,56,130,28,30.53,hop-zacian,Hop's Zacian,1,0.0,,,,overall,2026-05-25T16:56:18.627652+00:00
SVI-DRI,34,1,other,Other,39,56,130,28,30.53,tera-box,Tera Box,1,0.0,,,,overall,2026-05-25T16:56:18.627652+00:00
SVI-DRI,34,1,other,Other,39,56,130,28,30.53,mamoswine-ex,Mamoswine,1,100.0,,,,overall,2026-05-25T16:56:18.627652+00:00
SVI-DRI,34,1,other,Other,39,56,130,28,30.53,toedscruel-ex,Toedscruel,1,100.0,,,,overall,2026-05-25T16:56:18.627652+00:00
SVI-DRI,34,1,other,Other,39,56,130,28,30.53,yanmega-ex,Yanmega,1,100.0,,,,overall,2026-05-25T16:56:18.627652+00:00
SVI-DRI,34,1,other,Other,39,56,130,28,30.53,hydrapple-ogerpon,Hydrapple Ogerpon,1,100.0,,,,overall,2026-05-25T16:56:18.627652+00:00
SVI-DRI,34,1,other,Other,39,56,130,28,30.53,charizard-noctowl,Charizard Noctowl,1,0.0,,,,overall,2026-05-25T16:56:18.627652+00:00
SVI-DRI,34,1,other,Other,39,56,130,28,30.53,n-zoroark,N's Zoroark,1,0.0,,,,overall,2026-05-25T16:56:18.627652+00:00
SVI-DRI,34,1,other,Other,39,56,130,28,30.53,rocket-spidops,Rocket's Spidops,1,100.0,,,,overall,2026-05-25T16:56:18.627652+00:00
SVI-DRI,34,1,palafin-ex,Palafin,1,2,6,0,25.0,grimmsnarl-froslass,Grimmsnarl Froslass,2,0.0,,,,overall,2026-05-25T16:56:20.613953+00:00
SVI-DRI,34,1,palafin-ex,Palafin,1,2,6,0,25.0,joltik-box,Joltik Box,1,0.0,,,,overall,2026-05-25T16:56:20.613953+00:00
SVI-DRI,34,1,palafin-ex,Palafin,1,2,6,0,25.0,gholdengo-dragapult,Gholdengo Dragapult,1,0.0,,,,overall,2026-05-25T16:56:20.613953+00:00
SVI-DRI,34,1,palafin-ex,Palafin,1,2,6,0,25.0,dragapult-dusknoir,Dragapult Dusknoir,1,100.0,,,,overall,2026-05-25T16:56:20.613953+00:00
SVI-DRI,34,1,palafin-ex,Palafin,1,2,6,0,25.0,charizard-dusknoir,Charizard Dusknoir,1,0.0,,,,overall,2026-05-25T16:56:20.613953+00:00
SVI-DRI,34,1,palafin-ex,Palafin,1,2,6,0,25.0,blissey-ex,Blissey,1,100.0,,,,overall,2026-05-25T16:56:20.613953+00:00
SVI-DRI,34,1,palafin-ex,Palafin,1,2,6,0,25.0,roaring-moon-ex,Roaring Moon,1,0.0,,,,overall,2026-05-25T16:56:20.613953+00:00
SVI-DRI,34,1,pidgeot-control,Pidgeot Control,3,8,10,3,42.86,raging-bolt-ogerpon,Raging Bolt Ogerpon,6,33.33,,,,overall,2026-05-25T16:56:22.576454+00:00
SVI-DRI,34,1,pidgeot-control,Pidgeot Control,3,8,10,3,42.86,gholdengo-dragapult,Gholdengo Dragapult,3,0.0,,,,overall,2026-05-25T16:56:22.576454+00:00
SVI-DRI,34,1,pidgeot-control,Pidgeot Control,3,8,10,3,42.86,ho-oh-armarouge,Ho-Oh Armarouge,2,66.67,,,,overall,2026-05-25T16:56:22.576454+00:00
SVI-DRI,34,1,pidgeot-control,Pidgeot Control,3,8,10,3,42.86,flareon-noctowl,Flareon Noctowl,2,66.67,,,,overall,2026-05-25T16:56:22.576454+00:00
SVI-DRI,34,1,pidgeot-control,Pidgeot Control,3,8,10,3,42.86,joltik-box,Joltik Box,2,66.67,,,,overall,2026-05-25T16:56:22.576454+00:00
SVI-DRI,34,1,pidgeot-control,Pidgeot Control,3,8,10,3,42.86,milotic-farigiraf,Milotic Farigiraf,1,100.0,,,,overall,2026-05-25T16:56:22.576454+00:00
SVI-DRI,34,1,pidgeot-control,Pidgeot Control,3,8,10,3,42.86,gholdengo-ex,Gholdengo,1,0.0,,,,overall,2026-05-25T16:56:22.576454+00:00
SVI-DRI,34,1,pidgeot-control,Pidgeot Control,3,8,10,3,42.86,ethan-typhlosion,Ethan's Typhlosion,1,100.0,,,,overall,2026-05-25T16:56:22.576454+00:00
SVI-DRI,34,1,pidgeot-control,Pidgeot Control,3,8,10,3,42.86,dragapult-dusknoir,Dragapult Dusknoir,1,0.0,,,,overall,2026-05-25T16:56:22.576454+00:00
SVI-DRI,34,1,pidgeot-control,Pidgeot Control,3,8,10,3,42.86,grimmsnarl-froslass,Grimmsnarl Froslass,1,100.0,,,,overall,2026-05-25T16:56:22.576454+00:00
SVI-DRI,34,1,pidgeot-control,Pidgeot Control,3,8,10,3,42.86,dragapult-charizard,Dragapult Charizard,1,0.0,,,,overall,2026-05-25T16:56:22.576454+00:00
SVI-DRI,34,1,poison-archaludon,Poison Archaludon,8,29,28,9,48.48,gardevoir-ex-sv,Gardevoir,7,23.81,,,,overall,2026-05-25T16:56:24.577250+00:00
SVI-DRI,34,1,poison-archaludon,Poison Archaludon,8,29,28,9,48.48,dragapult-dusknoir,Dragapult Dusknoir,7,42.86,,,,overall,2026-05-25T16:56:24.577250+00:00
SVI-DRI,34,1,poison-archaludon,Poison Archaludon,8,29,28,9,48.48,joltik-box,Joltik Box,7,71.43,,,,overall,2026-05-25T16:56:24.577250+00:00
SVI-DRI,34,1,poison-archaludon,Poison Archaludon,8,29,28,9,48.48,dragapult-charizard,Dragapult Charizard,7,61.9,,,,overall,2026-05-25T16:56:24.577250+00:00
SVI-DRI,34,1,poison-archaludon,Poison Archaludon,8,29,28,9,48.48,raging-bolt-ogerpon,Raging Bolt Ogerpon,6,72.22,,,,overall,2026-05-25T16:56:24.577250+00:00
SVI-DRI,34,1,poison-archaludon,Poison Archaludon,8,29,28,9,48.48,grimmsnarl-froslass,Grimmsnarl Froslass,6,27.78,,,,overall,2026-05-25T16:56:24.577250+00:00
SVI-DRI,34,1,poison-archaludon,Poison Archaludon,8,29,28,9,48.48,gholdengo-dragapult,Gholdengo Dragapult,6,55.56,,,,overall,2026-05-25T16:56:24.577250+00:00
SVI-DRI,34,1,poison-archaludon,Poison Archaludon,8,29,28,9,48.48,other,Other,2,100.0,,,,overall,2026-05-25T16:56:24.577250+00:00
SVI-DRI,34,1,poison-archaludon,Poison Archaludon,8,29,28,9,48.48,flareon-noctowl,Flareon Noctowl,2,100.0,,,,overall,2026-05-25T16:56:24.577250+00:00
SVI-DRI,34,1,poison-archaludon,Poison Archaludon,8,29,28,9,48.48,gholdengo-ex,Gholdengo,2,50.0,,,,overall,2026-05-25T16:56:24.577250+00:00
SVI-DRI,34,1,poison-archaludon,Poison Archaludon,8,29,28,9,48.48,ethan-typhlosion,Ethan's Typhlosion,2,50.0,,,,overall,2026-05-25T16:56:24.577250+00:00
SVI-DRI,34,1,poison-archaludon,Poison Archaludon,8,29,28,9,48.48,ho-oh-armarouge,Ho-Oh Armarouge,2,66.67,,,,overall,2026-05-25T16:56:24.577250+00:00
SVI-DRI,34,1,poison-archaludon,Poison Archaludon,8,29,28,9,48.48,tera-box,Tera Box,1,0.0,,,,overall,2026-05-25T16:56:24.577250+00:00
SVI-DRI,34,1,poison-archaludon,Poison Archaludon,8,29,28,9,48.48,rocket-spidops,Rocket's Spidops,1,33.33,,,,overall,2026-05-25T16:56:24.577250+00:00
SVI-DRI,34,1,poison-archaludon,Poison Archaludon,8,29,28,9,48.48,dragapult-ex,Dragapult,1,0.0,,,,overall,2026-05-25T16:56:24.577250+00:00
SVI-DRI,34,1,poison-archaludon,Poison Archaludon,8,29,28,9,48.48,toedscruel-ex,Toedscruel,1,0.0,,,,overall,2026-05-25T16:56:24.577250+00:00
SVI-DRI,34,1,poison-archaludon,Poison Archaludon,8,29,28,9,48.48,archaludon-ex,Archaludon,1,0.0,,,,overall,2026-05-25T16:56:24.577250+00:00
SVI-DRI,34,1,poison-archaludon,Poison Archaludon,8,29,28,9,48.48,rocket-nidoking-ex,Rocket's Nidoking,1,0.0,,,,overall,2026-05-25T16:56:24.577250+00:00
SVI-DRI,34,1,poison-archaludon,Poison Archaludon,8,29,28,9,48.48,rocket-mewtwo-ex,Rocket's Mewtwo,1,0.0,,,,overall,2026-05-25T16:56:24.577250+00:00
SVI-DRI,34,1,poison-archaludon,Poison Archaludon,8,29,28,9,48.48,froslass-munkidori,Froslass Munkidori,1,100.0,,,,overall,2026-05-25T16:56:24.577250+00:00
SVI-DRI,34,1,poison-archaludon,Poison Archaludon,8,29,28,9,48.48,hop-zacian,Hop's Zacian,1,0.0,,,,overall,2026-05-25T16:56:24.577250+00:00
SVI-DRI,34,1,poison-archaludon,Poison Archaludon,8,29,28,9,48.48,iron-thorns-crustle,Iron Thorns Crustle,1,0.0,,,,overall,2026-05-25T16:56:24.577250+00:00
SVI-DRI,34,1,raging-bolt-ogerpon,Raging Bolt Ogerpon,610,2019,1904,803,48.38,grimmsnarl-froslass,Grimmsnarl Froslass,627,54.76,,,,overall,2026-05-25T16:56:26.566986+00:00
SVI-DRI,34,1,raging-bolt-ogerpon,Raging Bolt Ogerpon,610,2019,1904,803,48.38,gardevoir-ex-sv,Gardevoir,533,35.77,,,,overall,2026-05-25T16:56:26.566986+00:00
SVI-DRI,34,1,raging-bolt-ogerpon,Raging Bolt Ogerpon,610,2019,1904,803,48.38,joltik-box,Joltik Box,392,58.59,,,,overall,2026-05-25T16:56:26.566986+00:00
SVI-DRI,34,1,raging-bolt-ogerpon,Raging Bolt Ogerpon,610,2019,1904,803,48.38,raging-bolt-ogerpon,Raging Bolt Ogerpon,388,46.61,,,,overall,2026-05-25T16:56:26.566986+00:00
SVI-DRI,34,1,raging-bolt-ogerpon,Raging Bolt Ogerpon,610,2019,1904,803,48.38,dragapult-dusknoir,Dragapult Dusknoir,312,43.16,,,,overall,2026-05-25T16:56:26.566986+00:00
SVI-DRI,34,1,raging-bolt-ogerpon,Raging Bolt Ogerpon,610,2019,1904,803,48.38,dragapult-charizard,Dragapult Charizard,308,40.48,,,,overall,2026-05-25T16:56:26.566986+00:00
SVI-DRI,34,1,raging-bolt-ogerpon,Raging Bolt Ogerpon,610,2019,1904,803,48.38,flareon-noctowl,Flareon Noctowl,280,45.71,,,,overall,2026-05-25T16:56:26.566986+00:00
SVI-DRI,34,1,raging-bolt-ogerpon,Raging Bolt Ogerpon,610,2019,1904,803,48.38,gholdengo-dragapult,Gholdengo Dragapult,211,58.45,,,,overall,2026-05-25T16:56:26.566986+00:00
SVI-DRI,34,1,raging-bolt-ogerpon,Raging Bolt Ogerpon,610,2019,1904,803,48.38,gholdengo-ex,Gholdengo,198,48.65,,,,overall,2026-05-25T16:56:26.566986+00:00
SVI-DRI,34,1,raging-bolt-ogerpon,Raging Bolt Ogerpon,610,2019,1904,803,48.38,dragapult-ex,Dragapult,128,42.97,,,,overall,2026-05-25T16:56:26.566986+00:00
SVI-DRI,34,1,raging-bolt-ogerpon,Raging Bolt Ogerpon,610,2019,1904,803,48.38,cynthia-garchomp-ex,Cynthia's Garchomp,86,63.95,,,,overall,2026-05-25T16:56:26.566986+00:00
SVI-DRI,34,1,raging-bolt-ogerpon,Raging Bolt Ogerpon,610,2019,1904,803,48.38,ethan-typhlosion,Ethan's Typhlosion,82,37.4,,,,overall,2026-05-25T16:56:26.566986+00:00
SVI-DRI,34,1,raging-bolt-ogerpon,Raging Bolt Ogerpon,610,2019,1904,803,48.38,rocket-mewtwo-ex,Rocket's Mewtwo,56,58.33,,,,overall,2026-05-25T16:56:26.566986+00:00
SVI-DRI,34,1,raging-bolt-ogerpon,Raging Bolt Ogerpon,610,2019,1904,803,48.38,toedscruel-ex,Toedscruel,49,56.46,,,,overall,2026-05-25T16:56:26.566986+00:00
SVI-DRI,34,1,raging-bolt-ogerpon,Raging Bolt Ogerpon,610,2019,1904,803,48.38,charizard-pidgeot,Charizard Pidgeot,44,40.91,,,,overall,2026-05-25T16:56:26.566986+00:00
SVI-DRI,34,1,raging-bolt-ogerpon,Raging Bolt Ogerpon,610,2019,1904,803,48.38,other,Other,44,62.88,,,,overall,2026-05-25T16:56:26.566986+00:00
SVI-DRI,34,1,raging-bolt-ogerpon,Raging Bolt Ogerpon,610,2019,1904,803,48.38,ceruledge-ex,Ceruledge,44,61.36,,,,overall,2026-05-25T16:56:26.566986+00:00
SVI-DRI,34,1,raging-bolt-ogerpon,Raging Bolt Ogerpon,610,2019,1904,803,48.38,roaring-moon-ex,Roaring Moon,43,58.91,,,,overall,2026-05-25T16:56:26.566986+00:00
SVI-DRI,34,1,raging-bolt-ogerpon,Raging Bolt Ogerpon,610,2019,1904,803,48.38,ho-oh-armarouge,Ho-Oh Armarouge,40,51.67,,,,overall,2026-05-25T16:56:26.566986+00:00
SVI-DRI,34,1,raging-bolt-ogerpon,Raging Bolt Ogerpon,610,2019,1904,803,48.38,archaludon-ex,Archaludon,30,36.67,,,,overall,2026-05-25T16:56:26.566986+00:00
SVI-DRI,34,1,raging-bolt-ogerpon,Raging Bolt Ogerpon,610,2019,1904,803,48.38,n-zoroark,N's Zoroark,27,46.91,,,,overall,2026-05-25T16:56:26.566986+00:00
SVI-DRI,34,1,raging-bolt-ogerpon,Raging Bolt Ogerpon,610,2019,1904,803,48.38,rocket-spidops,Rocket's Spidops,26,51.28,,,,overall,2026-05-25T16:56:26.566986+00:00
SVI-DRI,34,1,raging-bolt-ogerpon,Raging Bolt Ogerpon,610,2019,1904,803,48.38,yanmega-ex,Yanmega,21,69.84,,,,overall,2026-05-25T16:56:26.566986+00:00
SVI-DRI,34,1,raging-bolt-ogerpon,Raging Bolt Ogerpon,610,2019,1904,803,48.38,iron-thorns-crustle,Iron Thorns Crustle,20,43.33,,,,overall,2026-05-25T16:56:26.566986+00:00
SVI-DRI,34,1,raging-bolt-ogerpon,Raging Bolt Ogerpon,610,2019,1904,803,48.38,froslass-munkidori,Froslass Munkidori,18,24.07,,,,overall,2026-05-25T16:56:26.566986+00:00
SVI-DRI,34,1,raging-bolt-ogerpon,Raging Bolt Ogerpon,610,2019,1904,803,48.38,festival-lead,Festival Lead,18,38.89,,,,overall,2026-05-25T16:56:26.566986+00:00
SVI-DRI,34,1,raging-bolt-ogerpon,Raging Bolt Ogerpon,610,2019,1904,803,48.38,mamoswine-ex,Mamoswine,16,81.25,,,,overall,2026-05-25T16:56:26.566986+00:00
SVI-DRI,34,1,raging-bolt-ogerpon,Raging Bolt Ogerpon,610,2019,1904,803,48.38,blissey-ex,Blissey,15,42.22,,,,overall,2026-05-25T16:56:26.566986+00:00
SVI-DRI,34,1,raging-bolt-ogerpon,Raging Bolt Ogerpon,610,2019,1904,803,48.38,hop-zacian,Hop's Zacian,15,51.11,,,,overall,2026-05-25T16:56:26.566986+00:00
SVI-DRI,34,1,raging-bolt-ogerpon,Raging Bolt Ogerpon,610,2019,1904,803,48.38,tera-box,Tera Box,14,19.05,,,,overall,2026-05-25T16:56:26.566986+00:00
SVI-DRI,34,1,raging-bolt-ogerpon,Raging Bolt Ogerpon,610,2019,1904,803,48.38,roaring-moon-dudunsparce,Roaring Moon Dudunsparce,13,69.23,,,,overall,2026-05-25T16:56:26.566986+00:00
SVI-DRI,34,1,raging-bolt-ogerpon,Raging Bolt Ogerpon,610,2019,1904,803,48.38,terapagos-noctowl,Terapagos Noctowl,12,41.67,,,,overall,2026-05-25T16:56:26.566986+00:00
SVI-DRI,34,1,raging-bolt-ogerpon,Raging Bolt Ogerpon,610,2019,1904,803,48.38,hydrapple-ogerpon,Hydrapple Ogerpon,12,52.78,,,,overall,2026-05-25T16:56:26.566986+00:00
SVI-DRI,34,1,raging-bolt-ogerpon,Raging Bolt Ogerpon,610,2019,1904,803,48.38,milotic-farigiraf,Milotic Farigiraf,12,13.89,,,,overall,2026-05-25T16:56:26.566986+00:00
SVI-DRI,34,1,raging-bolt-ogerpon,Raging Bolt Ogerpon,610,2019,1904,803,48.38,flareon-ex,Flareon,10,73.33,,,,overall,2026-05-25T16:56:26.566986+00:00
SVI-DRI,34,1,raging-bolt-ogerpon,Raging Bolt Ogerpon,610,2019,1904,803,48.38,okidogi-ex,Okidogi,9,77.78,,,,overall,2026-05-25T16:56:26.566986+00:00
SVI-DRI,34,1,raging-bolt-ogerpon,Raging Bolt Ogerpon,610,2019,1904,803,48.38,dragapult-pidgeot,Dragapult Pidgeot,9,29.63,,,,overall,2026-05-25T16:56:26.566986+00:00
SVI-DRI,34,1,raging-bolt-ogerpon,Raging Bolt Ogerpon,610,2019,1904,803,48.38,blaziken-ex-jtg,Blaziken,8,75.0,,,,overall,2026-05-25T16:56:26.566986+00:00
SVI-DRI,34,1,raging-bolt-ogerpon,Raging Bolt Ogerpon,610,2019,1904,803,48.38,gholdengo-dudunsparce,Gholdengo Dudunsparce,8,41.67,,,,overall,2026-05-25T16:56:26.566986+00:00
SVI-DRI,34,1,raging-bolt-ogerpon,Raging Bolt Ogerpon,610,2019,1904,803,48.38,archaludon-zoroark,Archaludon Zoroark,8,33.33,,,,overall,2026-05-25T16:56:26.566986+00:00
SVI-DRI,34,1,raging-bolt-ogerpon,Raging Bolt Ogerpon,610,2019,1904,803,48.38,chien-pao-baxcalibur,Chien-Pao Baxcalibur,7,38.1,,,,overall,2026-05-25T16:56:26.566986+00:00
SVI-DRI,34,1,raging-bolt-ogerpon,Raging Bolt Ogerpon,610,2019,1904,803,48.38,miraidon-ex,Miraidon,7,47.62,,,,overall,2026-05-25T16:56:26.566986+00:00
SVI-DRI,34,1,raging-bolt-ogerpon,Raging Bolt Ogerpon,610,2019,1904,803,48.38,marnie-grimmsnarl-ex,Marnie's Grimmsnarl,7,100.0,,,,overall,2026-05-25T16:56:26.566986+00:00
SVI-DRI,34,1,raging-bolt-ogerpon,Raging Bolt Ogerpon,610,2019,1904,803,48.38,feraligatr-tef,Feraligatr,7,52.38,,,,overall,2026-05-25T16:56:26.566986+00:00
SVI-DRI,34,1,raging-bolt-ogerpon,Raging Bolt Ogerpon,610,2019,1904,803,48.38,charizard-dusknoir,Charizard Dusknoir,6,66.67,,,,overall,2026-05-25T16:56:26.566986+00:00
SVI-DRI,34,1,raging-bolt-ogerpon,Raging Bolt Ogerpon,610,2019,1904,803,48.38,poison-archaludon,Poison Archaludon,6,22.22,,,,overall,2026-05-25T16:56:26.566986+00:00
SVI-DRI,34,1,raging-bolt-ogerpon,Raging Bolt Ogerpon,610,2019,1904,803,48.38,iron-thorns-ex,Iron Thorns,6,72.22,,,,overall,2026-05-25T16:56:26.566986+00:00
SVI-DRI,34,1,raging-bolt-ogerpon,Raging Bolt Ogerpon,610,2019,1904,803,48.38,slowking-scr,Slowking,6,38.89,,,,overall,2026-05-25T16:56:26.566986+00:00
SVI-DRI,34,1,raging-bolt-ogerpon,Raging Bolt Ogerpon,610,2019,1904,803,48.38,pidgeot-control,Pidgeot Control,6,66.67,,,,overall,2026-05-25T16:56:26.566986+00:00
SVI-DRI,34,1,raging-bolt-ogerpon,Raging Bolt Ogerpon,610,2019,1904,803,48.38,blaziken-zoroark,Blaziken Zoroark,5,33.33,,,,overall,2026-05-25T16:56:26.566986+00:00
SVI-DRI,34,1,raging-bolt-ogerpon,Raging Bolt Ogerpon,610,2019,1904,803,48.38,espathra-froslass,Espathra Froslass,5,80.0,,,,overall,2026-05-25T16:56:26.566986+00:00
SVI-DRI,34,1,raging-bolt-ogerpon,Raging Bolt Ogerpon,610,2019,1904,803,48.38,charizard-noctowl,Charizard Noctowl,5,33.33,,,,overall,2026-05-25T16:56:26.566986+00:00
SVI-DRI,34,1,raging-bolt-ogerpon,Raging Bolt Ogerpon,610,2019,1904,803,48.38,dragapult-froslass,Dragapult Froslass,5,20.0,,,,overall,2026-05-25T16:56:26.566986+00:00
SVI-DRI,34,1,raging-bolt-ogerpon,Raging Bolt Ogerpon,610,2019,1904,803,48.38,hydreigon-ex,Hydreigon,4,58.33,,,,overall,2026-05-25T16:56:26.566986+00:00
SVI-DRI,34,1,raging-bolt-ogerpon,Raging Bolt Ogerpon,610,2019,1904,803,48.38,great-tusk-tef,Great Tusk Mill,4,100.0,,,,overall,2026-05-25T16:56:26.566986+00:00
SVI-DRI,34,1,raging-bolt-ogerpon,Raging Bolt Ogerpon,610,2019,1904,803,48.38,iono-bellibolt,Iono's Bellibolt,4,83.33,,,,overall,2026-05-25T16:56:26.566986+00:00
SVI-DRI,34,1,raging-bolt-ogerpon,Raging Bolt Ogerpon,610,2019,1904,803,48.38,spidops-ex,Spidops,4,41.67,,,,overall,2026-05-25T16:56:26.566986+00:00
SVI-DRI,34,1,raging-bolt-ogerpon,Raging Bolt Ogerpon,610,2019,1904,803,48.38,dragapult-zoroark,Dragapult Zoroark,4,0.0,,,,overall,2026-05-25T16:56:26.566986+00:00
SVI-DRI,34,1,raging-bolt-ogerpon,Raging Bolt Ogerpon,610,2019,1904,803,48.38,copperajah-ex,Copperajah,4,83.33,,,,overall,2026-05-25T16:56:26.566986+00:00
SVI-DRI,34,1,raging-bolt-ogerpon,Raging Bolt Ogerpon,610,2019,1904,803,48.38,iron-hands-ex,Future Hands,4,83.33,,,,overall,2026-05-25T16:56:26.566986+00:00
SVI-DRI,34,1,raging-bolt-ogerpon,Raging Bolt Ogerpon,610,2019,1904,803,48.38,future-box,Future Box,3,44.44,,,,overall,2026-05-25T16:56:26.566986+00:00
SVI-DRI,34,1,raging-bolt-ogerpon,Raging Bolt Ogerpon,610,2019,1904,803,48.38,clefairy-ogerpon,Clefairy Ogerpon,3,33.33,,,,overall,2026-05-25T16:56:26.566986+00:00
SVI-DRI,34,1,raging-bolt-ogerpon,Raging Bolt Ogerpon,610,2019,1904,803,48.38,rocket-nidoking-ex,Rocket's Nidoking,3,100.0,,,,overall,2026-05-25T16:56:26.566986+00:00
SVI-DRI,34,1,raging-bolt-ogerpon,Raging Bolt Ogerpon,610,2019,1904,803,48.38,greninja-ex,Greninja,2,50.0,,,,overall,2026-05-25T16:56:26.566986+00:00
SVI-DRI,34,1,raging-bolt-ogerpon,Raging Bolt Ogerpon,610,2019,1904,803,48.38,ethan-magcargo,Ethan's Magcargo,2,50.0,,,,overall,2026-05-25T16:56:26.566986+00:00
SVI-DRI,34,1,raging-bolt-ogerpon,Raging Bolt Ogerpon,610,2019,1904,803,48.38,rocket-porygon-z,Rocket's Porygon-Z,2,50.0,,,,overall,2026-05-25T16:56:26.566986+00:00
SVI-DRI,34,1,raging-bolt-ogerpon,Raging Bolt Ogerpon,610,2019,1904,803,48.38,tsareena-ex,Tsareena,2,33.33,,,,overall,2026-05-25T16:56:26.566986+00:00
SVI-DRI,34,1,raging-bolt-ogerpon,Raging Bolt Ogerpon,610,2019,1904,803,48.38,azumarill-ssp,Azumarill,2,66.67,,,,overall,2026-05-25T16:56:26.566986+00:00
SVI-DRI,34,1,raging-bolt-ogerpon,Raging Bolt Ogerpon,610,2019,1904,803,48.38,charizard-ex,Charizard,1,33.33,,,,overall,2026-05-25T16:56:26.566986+00:00
SVI-DRI,34,1,raging-bolt-ogerpon,Raging Bolt Ogerpon,610,2019,1904,803,48.38,sinistcha-ogerpon,Sinistcha Ogerpon,1,33.33,,,,overall,2026-05-25T16:56:26.566986+00:00
SVI-DRI,34,1,raging-bolt-ogerpon,Raging Bolt Ogerpon,610,2019,1904,803,48.38,iron-valiant-ex,Iron Valiant,1,100.0,,,,overall,2026-05-25T16:56:26.566986+00:00
SVI-DRI,34,1,raging-bolt-ogerpon,Raging Bolt Ogerpon,610,2019,1904,803,48.38,iron-thorns-crown,Future Thorns,1,100.0,,,,overall,2026-05-25T16:56:26.566986+00:00
SVI-DRI,34,1,raging-bolt-ogerpon,Raging Bolt Ogerpon,610,2019,1904,803,48.38,flygon-ex-ssp,Flygon,1,0.0,,,,overall,2026-05-25T16:56:26.566986+00:00
SVI-DRI,34,1,raging-bolt-ogerpon,Raging Bolt Ogerpon,610,2019,1904,803,48.38,slaking-ex,Slaking,1,100.0,,,,overall,2026-05-25T16:56:26.566986+00:00
SVI-DRI,34,1,raging-bolt-ogerpon,Raging Bolt Ogerpon,610,2019,1904,803,48.38,charizard-greninja,Charizard Greninja,1,33.33,,,,overall,2026-05-25T16:56:26.566986+00:00
SVI-DRI,34,1,raging-bolt-ogerpon,Raging Bolt Ogerpon,610,2019,1904,803,48.38,gouging-fire-ex,Gouging Fire,1,100.0,,,,overall,2026-05-25T16:56:26.566986+00:00
SVI-DRI,34,1,raging-bolt-ogerpon,Raging Bolt Ogerpon,610,2019,1904,803,48.38,tyranitar-jtg,Tyranitar,1,100.0,,,,overall,2026-05-25T16:56:26.566986+00:00
SVI-DRI,34,1,raging-bolt-ogerpon,Raging Bolt Ogerpon,610,2019,1904,803,48.38,okidogi-twm,Okidogi,1,100.0,,,,overall,2026-05-25T16:56:26.566986+00:00
SVI-DRI,34,1,raging-bolt-ogerpon,Raging Bolt Ogerpon,610,2019,1904,803,48.38,alakazam-ex,Alakazam,1,100.0,,,,overall,2026-05-25T16:56:26.566986+00:00
SVI-DRI,34,1,raging-bolt-ogerpon,Raging Bolt Ogerpon,610,2019,1904,803,48.38,dragapult-iron-thorns,Dragapult Iron Thorns,1,100.0,,,,overall,2026-05-25T16:56:26.566986+00:00
SVI-DRI,34,1,reging-bolt-bellibolt,Raging Bolt Bellibolt,2,0,4,0,0.0,joltik-box,Joltik Box,1,0.0,,,,overall,2026-05-25T16:56:28.539110+00:00
SVI-DRI,34,1,reging-bolt-bellibolt,Raging Bolt Bellibolt,2,0,4,0,0.0,festival-lead,Festival Lead,1,0.0,,,,overall,2026-05-25T16:56:28.539110+00:00
SVI-DRI,34,1,reging-bolt-bellibolt,Raging Bolt Bellibolt,2,0,4,0,0.0,dragapult-charizard,Dragapult Charizard,1,0.0,,,,overall,2026-05-25T16:56:28.539110+00:00
SVI-DRI,34,1,reging-bolt-bellibolt,Raging Bolt Bellibolt,2,0,4,0,0.0,ethan-typhlosion,Ethan's Typhlosion,1,0.0,,,,overall,2026-05-25T16:56:28.539110+00:00
SVI-DRI,34,1,roaring-moon-dudunsparce,Roaring Moon Dudunsparce,9,23,35,6,39.06,raging-bolt-ogerpon,Raging Bolt Ogerpon,13,23.08,,,,overall,2026-05-25T16:56:30.526202+00:00
SVI-DRI,34,1,roaring-moon-dudunsparce,Roaring Moon Dudunsparce,9,23,35,6,39.06,gardevoir-ex-sv,Gardevoir,6,66.67,,,,overall,2026-05-25T16:56:30.526202+00:00
SVI-DRI,34,1,roaring-moon-dudunsparce,Roaring Moon Dudunsparce,9,23,35,6,39.06,dragapult-charizard,Dragapult Charizard,5,20.0,,,,overall,2026-05-25T16:56:30.526202+00:00
SVI-DRI,34,1,roaring-moon-dudunsparce,Roaring Moon Dudunsparce,9,23,35,6,39.06,grimmsnarl-froslass,Grimmsnarl Froslass,5,26.67,,,,overall,2026-05-25T16:56:30.526202+00:00
SVI-DRI,34,1,roaring-moon-dudunsparce,Roaring Moon Dudunsparce,9,23,35,6,39.06,flareon-noctowl,Flareon Noctowl,5,46.67,,,,overall,2026-05-25T16:56:30.526202+00:00
SVI-DRI,34,1,roaring-moon-dudunsparce,Roaring Moon Dudunsparce,9,23,35,6,39.06,dragapult-dusknoir,Dragapult Dusknoir,5,20.0,,,,overall,2026-05-25T16:56:30.526202+00:00
SVI-DRI,34,1,roaring-moon-dudunsparce,Roaring Moon Dudunsparce,9,23,35,6,39.06,dragapult-ex,Dragapult,4,25.0,,,,overall,2026-05-25T16:56:30.526202+00:00
SVI-DRI,34,1,roaring-moon-dudunsparce,Roaring Moon Dudunsparce,9,23,35,6,39.06,gholdengo-dragapult,Gholdengo Dragapult,3,33.33,,,,overall,2026-05-25T16:56:30.526202+00:00
SVI-DRI,34,1,roaring-moon-dudunsparce,Roaring Moon Dudunsparce,9,23,35,6,39.06,joltik-box,Joltik Box,3,100.0,,,,overall,2026-05-25T16:56:30.526202+00:00
SVI-DRI,34,1,roaring-moon-dudunsparce,Roaring Moon Dudunsparce,9,23,35,6,39.06,ceruledge-ex,Ceruledge,2,16.67,,,,overall,2026-05-25T16:56:30.526202+00:00
SVI-DRI,34,1,roaring-moon-dudunsparce,Roaring Moon Dudunsparce,9,23,35,6,39.06,rocket-mewtwo-ex,Rocket's Mewtwo,2,50.0,,,,overall,2026-05-25T16:56:30.526202+00:00
SVI-DRI,34,1,roaring-moon-dudunsparce,Roaring Moon Dudunsparce,9,23,35,6,39.06,gholdengo-ex,Gholdengo,2,50.0,,,,overall,2026-05-25T16:56:30.526202+00:00
SVI-DRI,34,1,roaring-moon-dudunsparce,Roaring Moon Dudunsparce,9,23,35,6,39.06,charizard-greninja,Charizard Greninja,1,100.0,,,,overall,2026-05-25T16:56:30.526202+00:00
SVI-DRI,34,1,roaring-moon-dudunsparce,Roaring Moon Dudunsparce,9,23,35,6,39.06,other,Other,1,100.0,,,,overall,2026-05-25T16:56:30.526202+00:00
SVI-DRI,34,1,roaring-moon-dudunsparce,Roaring Moon Dudunsparce,9,23,35,6,39.06,charizard-pidgeot,Charizard Pidgeot,1,0.0,,,,overall,2026-05-25T16:56:30.526202+00:00
SVI-DRI,34,1,roaring-moon-dudunsparce,Roaring Moon Dudunsparce,9,23,35,6,39.06,flareon-ex,Flareon,1,100.0,,,,overall,2026-05-25T16:56:30.526202+00:00
SVI-DRI,34,1,roaring-moon-dudunsparce,Roaring Moon Dudunsparce,9,23,35,6,39.06,hop-zacian,Hop's Zacian,1,0.0,,,,overall,2026-05-25T16:56:30.526202+00:00
SVI-DRI,34,1,roaring-moon-dudunsparce,Roaring Moon Dudunsparce,9,23,35,6,39.06,iron-thorns-crustle,Iron Thorns Crustle,1,100.0,,,,overall,2026-05-25T16:56:30.526202+00:00
SVI-DRI,34,1,roaring-moon-dudunsparce,Roaring Moon Dudunsparce,9,23,35,6,39.06,roaring-moon-ex,Roaring Moon,1,0.0,,,,overall,2026-05-25T16:56:30.526202+00:00
SVI-DRI,34,1,roaring-moon-dudunsparce,Roaring Moon Dudunsparce,9,23,35,6,39.06,gouging-fire-ex,Gouging Fire,1,100.0,,,,overall,2026-05-25T16:56:30.526202+00:00
SVI-DRI,34,1,roaring-moon-dudunsparce,Roaring Moon Dudunsparce,9,23,35,6,39.06,tera-box,Tera Box,1,0.0,,,,overall,2026-05-25T16:56:30.526202+00:00
SVI-DRI,34,1,roaring-moon-ex,Roaring Moon,43,112,137,39,43.4,raging-bolt-ogerpon,Raging Bolt Ogerpon,43,33.33,,,,overall,2026-05-25T16:56:32.507864+00:00
SVI-DRI,34,1,roaring-moon-ex,Roaring Moon,43,112,137,39,43.4,gardevoir-ex-sv,Gardevoir,36,26.85,,,,overall,2026-05-25T16:56:32.507864+00:00
SVI-DRI,34,1,roaring-moon-ex,Roaring Moon,43,112,137,39,43.4,joltik-box,Joltik Box,28,33.33,,,,overall,2026-05-25T16:56:32.507864+00:00
SVI-DRI,34,1,roaring-moon-ex,Roaring Moon,43,112,137,39,43.4,grimmsnarl-froslass,Grimmsnarl Froslass,27,25.93,,,,overall,2026-05-25T16:56:32.507864+00:00
SVI-DRI,34,1,roaring-moon-ex,Roaring Moon,43,112,137,39,43.4,dragapult-dusknoir,Dragapult Dusknoir,21,61.9,,,,overall,2026-05-25T16:56:32.507864+00:00
SVI-DRI,34,1,roaring-moon-ex,Roaring Moon,43,112,137,39,43.4,gholdengo-ex,Gholdengo,18,50.0,,,,overall,2026-05-25T16:56:32.507864+00:00
SVI-DRI,34,1,roaring-moon-ex,Roaring Moon,43,112,137,39,43.4,gholdengo-dragapult,Gholdengo Dragapult,16,56.25,,,,overall,2026-05-25T16:56:32.507864+00:00
SVI-DRI,34,1,roaring-moon-ex,Roaring Moon,43,112,137,39,43.4,flareon-noctowl,Flareon Noctowl,16,41.67,,,,overall,2026-05-25T16:56:32.507864+00:00
SVI-DRI,34,1,roaring-moon-ex,Roaring Moon,43,112,137,39,43.4,dragapult-charizard,Dragapult Charizard,11,57.58,,,,overall,2026-05-25T16:56:32.507864+00:00
SVI-DRI,34,1,roaring-moon-ex,Roaring Moon,43,112,137,39,43.4,dragapult-ex,Dragapult,8,50.0,,,,overall,2026-05-25T16:56:32.507864+00:00
SVI-DRI,34,1,roaring-moon-ex,Roaring Moon,43,112,137,39,43.4,ethan-typhlosion,Ethan's Typhlosion,5,60.0,,,,overall,2026-05-25T16:56:32.507864+00:00
SVI-DRI,34,1,roaring-moon-ex,Roaring Moon,43,112,137,39,43.4,tera-box,Tera Box,5,26.67,,,,overall,2026-05-25T16:56:32.507864+00:00
SVI-DRI,34,1,roaring-moon-ex,Roaring Moon,43,112,137,39,43.4,cynthia-garchomp-ex,Cynthia's Garchomp,4,83.33,,,,overall,2026-05-25T16:56:32.507864+00:00
SVI-DRI,34,1,roaring-moon-ex,Roaring Moon,43,112,137,39,43.4,yanmega-ex,Yanmega,4,25.0,,,,overall,2026-05-25T16:56:32.507864+00:00
SVI-DRI,34,1,roaring-moon-ex,Roaring Moon,43,112,137,39,43.4,festival-lead,Festival Lead,3,77.78,,,,overall,2026-05-25T16:56:32.507864+00:00
SVI-DRI,34,1,roaring-moon-ex,Roaring Moon,43,112,137,39,43.4,blissey-ex,Blissey,2,100.0,,,,overall,2026-05-25T16:56:32.507864+00:00
SVI-DRI,34,1,roaring-moon-ex,Roaring Moon,43,112,137,39,43.4,charizard-pidgeot,Charizard Pidgeot,2,100.0,,,,overall,2026-05-25T16:56:32.507864+00:00
SVI-DRI,34,1,roaring-moon-ex,Roaring Moon,43,112,137,39,43.4,ceruledge-ex,Ceruledge,2,66.67,,,,overall,2026-05-25T16:56:32.507864+00:00
SVI-DRI,34,1,roaring-moon-ex,Roaring Moon,43,112,137,39,43.4,rocket-mewtwo-ex,Rocket's Mewtwo,2,50.0,,,,overall,2026-05-25T16:56:32.507864+00:00
SVI-DRI,34,1,roaring-moon-ex,Roaring Moon,43,112,137,39,43.4,ho-oh-armarouge,Ho-Oh Armarouge,2,100.0,,,,overall,2026-05-25T16:56:32.507864+00:00
SVI-DRI,34,1,roaring-moon-ex,Roaring Moon,43,112,137,39,43.4,rocket-porygon-z,Rocket's Porygon-Z,2,50.0,,,,overall,2026-05-25T16:56:32.507864+00:00
SVI-DRI,34,1,roaring-moon-ex,Roaring Moon,43,112,137,39,43.4,other,Other,2,50.0,,,,overall,2026-05-25T16:56:32.507864+00:00
SVI-DRI,34,1,roaring-moon-ex,Roaring Moon,43,112,137,39,43.4,iron-thorns-crustle,Iron Thorns Crustle,2,16.67,,,,overall,2026-05-25T16:56:32.507864+00:00
SVI-DRI,34,1,roaring-moon-ex,Roaring Moon,43,112,137,39,43.4,archaludon-ex,Archaludon,2,66.67,,,,overall,2026-05-25T16:56:32.507864+00:00
SVI-DRI,34,1,roaring-moon-ex,Roaring Moon,43,112,137,39,43.4,terapagos-noctowl,Terapagos Noctowl,2,50.0,,,,overall,2026-05-25T16:56:32.507864+00:00
SVI-DRI,34,1,roaring-moon-ex,Roaring Moon,43,112,137,39,43.4,alakazam-ex,Alakazam,2,100.0,,,,overall,2026-05-25T16:56:32.507864+00:00
SVI-DRI,34,1,roaring-moon-ex,Roaring Moon,43,112,137,39,43.4,mamoswine-ex,Mamoswine,2,100.0,,,,overall,2026-05-25T16:56:32.507864+00:00
SVI-DRI,34,1,roaring-moon-ex,Roaring Moon,43,112,137,39,43.4,hop-zacian,Hop's Zacian,2,0.0,,,,overall,2026-05-25T16:56:32.507864+00:00
SVI-DRI,34,1,roaring-moon-ex,Roaring Moon,43,112,137,39,43.4,archaludon-zoroark,Archaludon Zoroark,1,0.0,,,,overall,2026-05-25T16:56:32.507864+00:00
SVI-DRI,34,1,roaring-moon-ex,Roaring Moon,43,112,137,39,43.4,froslass-munkidori,Froslass Munkidori,1,100.0,,,,overall,2026-05-25T16:56:32.507864+00:00
SVI-DRI,34,1,roaring-moon-ex,Roaring Moon,43,112,137,39,43.4,iron-hands-ex,Future Hands,1,0.0,,,,overall,2026-05-25T16:56:32.507864+00:00
SVI-DRI,34,1,roaring-moon-ex,Roaring Moon,43,112,137,39,43.4,n-zoroark,N's Zoroark,1,33.33,,,,overall,2026-05-25T16:56:32.507864+00:00
SVI-DRI,34,1,roaring-moon-ex,Roaring Moon,43,112,137,39,43.4,feraligatr-tef,Feraligatr,1,33.33,,,,overall,2026-05-25T16:56:32.507864+00:00
SVI-DRI,34,1,roaring-moon-ex,Roaring Moon,43,112,137,39,43.4,espathra-froslass,Espathra Froslass,1,0.0,,,,overall,2026-05-25T16:56:32.507864+00:00
SVI-DRI,34,1,roaring-moon-ex,Roaring Moon,43,112,137,39,43.4,great-tusk-tef,Great Tusk Mill,1,100.0,,,,overall,2026-05-25T16:56:32.507864+00:00
SVI-DRI,34,1,roaring-moon-ex,Roaring Moon,43,112,137,39,43.4,charizard-dusknoir,Charizard Dusknoir,1,100.0,,,,overall,2026-05-25T16:56:32.507864+00:00
SVI-DRI,34,1,roaring-moon-ex,Roaring Moon,43,112,137,39,43.4,flygon-ex-ssp,Flygon,1,100.0,,,,overall,2026-05-25T16:56:32.507864+00:00
SVI-DRI,34,1,roaring-moon-ex,Roaring Moon,43,112,137,39,43.4,flareon-ex,Flareon,1,100.0,,,,overall,2026-05-25T16:56:32.507864+00:00
SVI-DRI,34,1,roaring-moon-ex,Roaring Moon,43,112,137,39,43.4,sinistcha-ogerpon,Sinistcha Ogerpon,1,0.0,,,,overall,2026-05-25T16:56:32.507864+00:00
SVI-DRI,34,1,roaring-moon-ex,Roaring Moon,43,112,137,39,43.4,dragapult-froslass,Dragapult Froslass,1,0.0,,,,overall,2026-05-25T16:56:32.507864+00:00
SVI-DRI,34,1,roaring-moon-ex,Roaring Moon,43,112,137,39,43.4,rocket-spidops,Rocket's Spidops,1,0.0,,,,overall,2026-05-25T16:56:32.507864+00:00
SVI-DRI,34,1,roaring-moon-ex,Roaring Moon,43,112,137,39,43.4,miraidon-ex,Miraidon,1,0.0,,,,overall,2026-05-25T16:56:32.507864+00:00
SVI-DRI,34,1,roaring-moon-ex,Roaring Moon,43,112,137,39,43.4,roaring-moon-dudunsparce,Roaring Moon Dudunsparce,1,100.0,,,,overall,2026-05-25T16:56:32.507864+00:00
SVI-DRI,34,1,roaring-moon-ex,Roaring Moon,43,112,137,39,43.4,palafin-ex,Palafin,1,100.0,,,,overall,2026-05-25T16:56:32.507864+00:00
SVI-DRI,34,1,rocket-mewtwo-ex,Rocket's Mewtwo,58,130,185,75,39.74,raging-bolt-ogerpon,Raging Bolt Ogerpon,56,33.33,,,,overall,2026-05-25T16:56:34.478898+00:00
SVI-DRI,34,1,rocket-mewtwo-ex,Rocket's Mewtwo,58,130,185,75,39.74,grimmsnarl-froslass,Grimmsnarl Froslass,54,34.57,,,,overall,2026-05-25T16:56:34.478898+00:00
SVI-DRI,34,1,rocket-mewtwo-ex,Rocket's Mewtwo,58,130,185,75,39.74,gardevoir-ex-sv,Gardevoir,37,27.03,,,,overall,2026-05-25T16:56:34.478898+00:00
SVI-DRI,34,1,rocket-mewtwo-ex,Rocket's Mewtwo,58,130,185,75,39.74,joltik-box,Joltik Box,31,35.48,,,,overall,2026-05-25T16:56:34.478898+00:00
SVI-DRI,34,1,rocket-mewtwo-ex,Rocket's Mewtwo,58,130,185,75,39.74,dragapult-charizard,Dragapult Charizard,31,48.39,,,,overall,2026-05-25T16:56:34.478898+00:00
SVI-DRI,34,1,rocket-mewtwo-ex,Rocket's Mewtwo,58,130,185,75,39.74,dragapult-dusknoir,Dragapult Dusknoir,30,57.78,,,,overall,2026-05-25T16:56:34.478898+00:00
SVI-DRI,34,1,rocket-mewtwo-ex,Rocket's Mewtwo,58,130,185,75,39.74,flareon-noctowl,Flareon Noctowl,22,59.09,,,,overall,2026-05-25T16:56:34.478898+00:00
SVI-DRI,34,1,rocket-mewtwo-ex,Rocket's Mewtwo,58,130,185,75,39.74,gholdengo-dragapult,Gholdengo Dragapult,20,35.0,,,,overall,2026-05-25T16:56:34.478898+00:00
SVI-DRI,34,1,rocket-mewtwo-ex,Rocket's Mewtwo,58,130,185,75,39.74,gholdengo-ex,Gholdengo,19,21.05,,,,overall,2026-05-25T16:56:34.478898+00:00
SVI-DRI,34,1,rocket-mewtwo-ex,Rocket's Mewtwo,58,130,185,75,39.74,ethan-typhlosion,Ethan's Typhlosion,14,54.76,,,,overall,2026-05-25T16:56:34.478898+00:00
SVI-DRI,34,1,rocket-mewtwo-ex,Rocket's Mewtwo,58,130,185,75,39.74,dragapult-ex,Dragapult,13,35.9,,,,overall,2026-05-25T16:56:34.478898+00:00
SVI-DRI,34,1,rocket-mewtwo-ex,Rocket's Mewtwo,58,130,185,75,39.74,other,Other,7,52.38,,,,overall,2026-05-25T16:56:34.478898+00:00
SVI-DRI,34,1,rocket-mewtwo-ex,Rocket's Mewtwo,58,130,185,75,39.74,charizard-pidgeot,Charizard Pidgeot,5,46.67,,,,overall,2026-05-25T16:56:34.478898+00:00
SVI-DRI,34,1,rocket-mewtwo-ex,Rocket's Mewtwo,58,130,185,75,39.74,n-zoroark,N's Zoroark,4,58.33,,,,overall,2026-05-25T16:56:34.478898+00:00
SVI-DRI,34,1,rocket-mewtwo-ex,Rocket's Mewtwo,58,130,185,75,39.74,toedscruel-ex,Toedscruel,4,0.0,,,,overall,2026-05-25T16:56:34.478898+00:00
SVI-DRI,34,1,rocket-mewtwo-ex,Rocket's Mewtwo,58,130,185,75,39.74,cynthia-garchomp-ex,Cynthia's Garchomp,3,0.0,,,,overall,2026-05-25T16:56:34.478898+00:00
SVI-DRI,34,1,rocket-mewtwo-ex,Rocket's Mewtwo,58,130,185,75,39.74,mamoswine-ex,Mamoswine,3,55.56,,,,overall,2026-05-25T16:56:34.478898+00:00
SVI-DRI,34,1,rocket-mewtwo-ex,Rocket's Mewtwo,58,130,185,75,39.74,hydrapple-ogerpon,Hydrapple Ogerpon,2,66.67,,,,overall,2026-05-25T16:56:34.478898+00:00
SVI-DRI,34,1,rocket-mewtwo-ex,Rocket's Mewtwo,58,130,185,75,39.74,roaring-moon-ex,Roaring Moon,2,50.0,,,,overall,2026-05-25T16:56:34.478898+00:00
SVI-DRI,34,1,rocket-mewtwo-ex,Rocket's Mewtwo,58,130,185,75,39.74,roaring-moon-dudunsparce,Roaring Moon Dudunsparce,2,50.0,,,,overall,2026-05-25T16:56:34.478898+00:00
SVI-DRI,34,1,rocket-mewtwo-ex,Rocket's Mewtwo,58,130,185,75,39.74,rocket-mewtwo-ex,Rocket's Mewtwo,2,50.0,,,,overall,2026-05-25T16:56:34.478898+00:00
SVI-DRI,34,1,rocket-mewtwo-ex,Rocket's Mewtwo,58,130,185,75,39.74,ho-oh-armarouge,Ho-Oh Armarouge,2,0.0,,,,overall,2026-05-25T16:56:34.478898+00:00
SVI-DRI,34,1,rocket-mewtwo-ex,Rocket's Mewtwo,58,130,185,75,39.74,rocket-spidops,Rocket's Spidops,2,50.0,,,,overall,2026-05-25T16:56:34.478898+00:00
SVI-DRI,34,1,rocket-mewtwo-ex,Rocket's Mewtwo,58,130,185,75,39.74,hop-zacian,Hop's Zacian,1,33.33,,,,overall,2026-05-25T16:56:34.478898+00:00
SVI-DRI,34,1,rocket-mewtwo-ex,Rocket's Mewtwo,58,130,185,75,39.74,iron-thorns-crustle,Iron Thorns Crustle,1,100.0,,,,overall,2026-05-25T16:56:34.478898+00:00
SVI-DRI,34,1,rocket-mewtwo-ex,Rocket's Mewtwo,58,130,185,75,39.74,rocket-nidoking-ex,Rocket's Nidoking,1,0.0,,,,overall,2026-05-25T16:56:34.478898+00:00
SVI-DRI,34,1,rocket-mewtwo-ex,Rocket's Mewtwo,58,130,185,75,39.74,blaziken-zoroark,Blaziken Zoroark,1,0.0,,,,overall,2026-05-25T16:56:34.478898+00:00
SVI-DRI,34,1,rocket-mewtwo-ex,Rocket's Mewtwo,58,130,185,75,39.74,terapagos-noctowl,Terapagos Noctowl,1,33.33,,,,overall,2026-05-25T16:56:34.478898+00:00
SVI-DRI,34,1,rocket-mewtwo-ex,Rocket's Mewtwo,58,130,185,75,39.74,gholdengo-dudunsparce,Gholdengo Dudunsparce,1,100.0,,,,overall,2026-05-25T16:56:34.478898+00:00
SVI-DRI,34,1,rocket-mewtwo-ex,Rocket's Mewtwo,58,130,185,75,39.74,banette-ex-sv,Banette,1,33.33,,,,overall,2026-05-25T16:56:34.478898+00:00
SVI-DRI,34,1,rocket-mewtwo-ex,Rocket's Mewtwo,58,130,185,75,39.74,feraligatr-tef,Feraligatr,1,100.0,,,,overall,2026-05-25T16:56:34.478898+00:00
SVI-DRI,34,1,rocket-mewtwo-ex,Rocket's Mewtwo,58,130,185,75,39.74,dragapult-pidgeot,Dragapult Pidgeot,1,33.33,,,,overall,2026-05-25T16:56:34.478898+00:00
SVI-DRI,34,1,rocket-mewtwo-ex,Rocket's Mewtwo,58,130,185,75,39.74,flareon-ex,Flareon,1,0.0,,,,overall,2026-05-25T16:56:34.478898+00:00
SVI-DRI,34,1,rocket-mewtwo-ex,Rocket's Mewtwo,58,130,185,75,39.74,poison-archaludon,Poison Archaludon,1,100.0,,,,overall,2026-05-25T16:56:34.478898+00:00
SVI-DRI,34,1,rocket-mewtwo-ex,Rocket's Mewtwo,58,130,185,75,39.74,marnie-grimmsnarl-ex,Marnie's Grimmsnarl,1,100.0,,,,overall,2026-05-25T16:56:34.478898+00:00
SVI-DRI,34,1,rocket-mewtwo-ex,Rocket's Mewtwo,58,130,185,75,39.74,great-tusk-tef,Great Tusk Mill,1,0.0,,,,overall,2026-05-25T16:56:34.478898+00:00
SVI-DRI,34,1,rocket-mewtwo-ex,Rocket's Mewtwo,58,130,185,75,39.74,okidogi-ex,Okidogi,1,100.0,,,,overall,2026-05-25T16:56:34.478898+00:00
SVI-DRI,34,1,rocket-mewtwo-ex,Rocket's Mewtwo,58,130,185,75,39.74,yanmega-ex,Yanmega,1,100.0,,,,overall,2026-05-25T16:56:34.478898+00:00
SVI-DRI,34,1,rocket-mewtwo-ex,Rocket's Mewtwo,58,130,185,75,39.74,rocket-porygon-z,Rocket's Porygon-Z,1,100.0,,,,overall,2026-05-25T16:56:34.478898+00:00
SVI-DRI,34,1,rocket-mewtwo-ex,Rocket's Mewtwo,58,130,185,75,39.74,ceruledge-ex,Ceruledge,1,0.0,,,,overall,2026-05-25T16:56:34.478898+00:00
SVI-DRI,34,1,rocket-mewtwo-ex,Rocket's Mewtwo,58,130,185,75,39.74,iono-bellibolt,Iono's Bellibolt,1,33.33,,,,overall,2026-05-25T16:56:34.478898+00:00
SVI-DRI,34,1,rocket-mewtwo-ex,Rocket's Mewtwo,58,130,185,75,39.74,ethan-magcargo,Ethan's Magcargo,1,0.0,,,,overall,2026-05-25T16:56:34.478898+00:00
SVI-DRI,34,1,rocket-mewtwo-ex,Rocket's Mewtwo,58,130,185,75,39.74,charizard-dusknoir,Charizard Dusknoir,1,100.0,,,,overall,2026-05-25T16:56:34.478898+00:00
SVI-DRI,34,1,rocket-mewtwo-ex,Rocket's Mewtwo,58,130,185,75,39.74,iron-thorns-ex,Iron Thorns,1,100.0,,,,overall,2026-05-25T16:56:34.478898+00:00
SVI-DRI,34,1,rocket-nidoking-ex,Rocket's Nidoking,5,10,16,3,37.93,gardevoir-ex-sv,Gardevoir,6,61.11,,,,overall,2026-05-25T16:56:36.453608+00:00
SVI-DRI,34,1,rocket-nidoking-ex,Rocket's Nidoking,5,10,16,3,37.93,grimmsnarl-froslass,Grimmsnarl Froslass,5,20.0,,,,overall,2026-05-25T16:56:36.453608+00:00
SVI-DRI,34,1,rocket-nidoking-ex,Rocket's Nidoking,5,10,16,3,37.93,dragapult-dusknoir,Dragapult Dusknoir,3,66.67,,,,overall,2026-05-25T16:56:36.453608+00:00
SVI-DRI,34,1,rocket-nidoking-ex,Rocket's Nidoking,5,10,16,3,37.93,raging-bolt-ogerpon,Raging Bolt Ogerpon,3,0.0,,,,overall,2026-05-25T16:56:36.453608+00:00
SVI-DRI,34,1,rocket-nidoking-ex,Rocket's Nidoking,5,10,16,3,37.93,flareon-noctowl,Flareon Noctowl,2,50.0,,,,overall,2026-05-25T16:56:36.453608+00:00
SVI-DRI,34,1,rocket-nidoking-ex,Rocket's Nidoking,5,10,16,3,37.93,joltik-box,Joltik Box,1,0.0,,,,overall,2026-05-25T16:56:36.453608+00:00
SVI-DRI,34,1,rocket-nidoking-ex,Rocket's Nidoking,5,10,16,3,37.93,rocket-mewtwo-ex,Rocket's Mewtwo,1,100.0,,,,overall,2026-05-25T16:56:36.453608+00:00
SVI-DRI,34,1,rocket-nidoking-ex,Rocket's Nidoking,5,10,16,3,37.93,dragapult-ex,Dragapult,1,0.0,,,,overall,2026-05-25T16:56:36.453608+00:00
SVI-DRI,34,1,rocket-nidoking-ex,Rocket's Nidoking,5,10,16,3,37.93,cynthia-garchomp-ex,Cynthia's Garchomp,1,0.0,,,,overall,2026-05-25T16:56:36.453608+00:00
SVI-DRI,34,1,rocket-nidoking-ex,Rocket's Nidoking,5,10,16,3,37.93,gholdengo-ex,Gholdengo,1,0.0,,,,overall,2026-05-25T16:56:36.453608+00:00
SVI-DRI,34,1,rocket-nidoking-ex,Rocket's Nidoking,5,10,16,3,37.93,poison-archaludon,Poison Archaludon,1,100.0,,,,overall,2026-05-25T16:56:36.453608+00:00
SVI-DRI,34,1,rocket-nidoking-ex,Rocket's Nidoking,5,10,16,3,37.93,yanmega-ex,Yanmega,1,0.0,,,,overall,2026-05-25T16:56:36.453608+00:00
SVI-DRI,34,1,rocket-nidoking-ex,Rocket's Nidoking,5,10,16,3,37.93,ho-oh-armarouge,Ho-Oh Armarouge,1,100.0,,,,overall,2026-05-25T16:56:36.453608+00:00
SVI-DRI,34,1,rocket-nidoking-ex,Rocket's Nidoking,5,10,16,3,37.93,archaludon-ex,Archaludon,1,0.0,,,,overall,2026-05-25T16:56:36.453608+00:00
SVI-DRI,34,1,rocket-nidoking-ex,Rocket's Nidoking,5,10,16,3,37.93,dragapult-charizard,Dragapult Charizard,1,33.33,,,,overall,2026-05-25T16:56:36.453608+00:00
SVI-DRI,34,1,rocket-porygon-z,Rocket's Porygon-Z,2,6,9,1,39.58,gardevoir-ex-sv,Gardevoir,5,66.67,,,,overall,2026-05-25T16:56:38.412050+00:00
SVI-DRI,34,1,rocket-porygon-z,Rocket's Porygon-Z,2,6,9,1,39.58,roaring-moon-ex,Roaring Moon,2,50.0,,,,overall,2026-05-25T16:56:38.412050+00:00
SVI-DRI,34,1,rocket-porygon-z,Rocket's Porygon-Z,2,6,9,1,39.58,raging-bolt-ogerpon,Raging Bolt Ogerpon,2,50.0,,,,overall,2026-05-25T16:56:38.412050+00:00
SVI-DRI,34,1,rocket-porygon-z,Rocket's Porygon-Z,2,6,9,1,39.58,dragapult-charizard,Dragapult Charizard,2,0.0,,,,overall,2026-05-25T16:56:38.412050+00:00
SVI-DRI,34,1,rocket-porygon-z,Rocket's Porygon-Z,2,6,9,1,39.58,grimmsnarl-froslass,Grimmsnarl Froslass,1,0.0,,,,overall,2026-05-25T16:56:38.412050+00:00
SVI-DRI,34,1,rocket-porygon-z,Rocket's Porygon-Z,2,6,9,1,39.58,tera-box,Tera Box,1,100.0,,,,overall,2026-05-25T16:56:38.412050+00:00
SVI-DRI,34,1,rocket-porygon-z,Rocket's Porygon-Z,2,6,9,1,39.58,dragapult-dusknoir,Dragapult Dusknoir,1,0.0,,,,overall,2026-05-25T16:56:38.412050+00:00
SVI-DRI,34,1,rocket-porygon-z,Rocket's Porygon-Z,2,6,9,1,39.58,dragapult-ex,Dragapult,1,0.0,,,,overall,2026-05-25T16:56:38.412050+00:00
SVI-DRI,34,1,rocket-porygon-z,Rocket's Porygon-Z,2,6,9,1,39.58,rocket-mewtwo-ex,Rocket's Mewtwo,1,0.0,,,,overall,2026-05-25T16:56:38.412050+00:00
SVI-DRI,34,1,rocket-spidops,Rocket's Spidops,20,84,75,23,50.37,grimmsnarl-froslass,Grimmsnarl Froslass,27,61.73,,,,overall,2026-05-25T16:56:40.446260+00:00
SVI-DRI,34,1,rocket-spidops,Rocket's Spidops,20,84,75,23,50.37,raging-bolt-ogerpon,Raging Bolt Ogerpon,26,43.59,,,,overall,2026-05-25T16:56:40.446260+00:00
SVI-DRI,34,1,rocket-spidops,Rocket's Spidops,20,84,75,23,50.37,gardevoir-ex-sv,Gardevoir,16,29.17,,,,overall,2026-05-25T16:56:40.446260+00:00
SVI-DRI,34,1,rocket-spidops,Rocket's Spidops,20,84,75,23,50.37,dragapult-charizard,Dragapult Charizard,14,47.62,,,,overall,2026-05-25T16:56:40.446260+00:00
SVI-DRI,34,1,rocket-spidops,Rocket's Spidops,20,84,75,23,50.37,flareon-noctowl,Flareon Noctowl,13,66.67,,,,overall,2026-05-25T16:56:40.446260+00:00
SVI-DRI,34,1,rocket-spidops,Rocket's Spidops,20,84,75,23,50.37,joltik-box,Joltik Box,12,61.11,,,,overall,2026-05-25T16:56:40.446260+00:00
SVI-DRI,34,1,rocket-spidops,Rocket's Spidops,20,84,75,23,50.37,dragapult-dusknoir,Dragapult Dusknoir,12,63.89,,,,overall,2026-05-25T16:56:40.446260+00:00
SVI-DRI,34,1,rocket-spidops,Rocket's Spidops,20,84,75,23,50.37,gholdengo-ex,Gholdengo,11,15.15,,,,overall,2026-05-25T16:56:40.446260+00:00
SVI-DRI,34,1,rocket-spidops,Rocket's Spidops,20,84,75,23,50.37,gholdengo-dragapult,Gholdengo Dragapult,8,29.17,,,,overall,2026-05-25T16:56:40.446260+00:00
SVI-DRI,34,1,rocket-spidops,Rocket's Spidops,20,84,75,23,50.37,ethan-typhlosion,Ethan's Typhlosion,6,50.0,,,,overall,2026-05-25T16:56:40.446260+00:00
SVI-DRI,34,1,rocket-spidops,Rocket's Spidops,20,84,75,23,50.37,dragapult-ex,Dragapult,4,75.0,,,,overall,2026-05-25T16:56:40.446260+00:00
SVI-DRI,34,1,rocket-spidops,Rocket's Spidops,20,84,75,23,50.37,charizard-pidgeot,Charizard Pidgeot,3,100.0,,,,overall,2026-05-25T16:56:40.446260+00:00
SVI-DRI,34,1,rocket-spidops,Rocket's Spidops,20,84,75,23,50.37,archaludon-zoroark,Archaludon Zoroark,3,11.11,,,,overall,2026-05-25T16:56:40.446260+00:00
SVI-DRI,34,1,rocket-spidops,Rocket's Spidops,20,84,75,23,50.37,ceruledge-ex,Ceruledge,3,100.0,,,,overall,2026-05-25T16:56:40.446260+00:00
SVI-DRI,34,1,rocket-spidops,Rocket's Spidops,20,84,75,23,50.37,cynthia-garchomp-ex,Cynthia's Garchomp,2,0.0,,,,overall,2026-05-25T16:56:40.446260+00:00
SVI-DRI,34,1,rocket-spidops,Rocket's Spidops,20,84,75,23,50.37,toedscruel-ex,Toedscruel,2,66.67,,,,overall,2026-05-25T16:56:40.446260+00:00
SVI-DRI,34,1,rocket-spidops,Rocket's Spidops,20,84,75,23,50.37,blissey-ex,Blissey,2,16.67,,,,overall,2026-05-25T16:56:40.446260+00:00
SVI-DRI,34,1,rocket-spidops,Rocket's Spidops,20,84,75,23,50.37,rocket-mewtwo-ex,Rocket's Mewtwo,2,50.0,,,,overall,2026-05-25T16:56:40.446260+00:00
SVI-DRI,34,1,rocket-spidops,Rocket's Spidops,20,84,75,23,50.37,poison-archaludon,Poison Archaludon,1,33.33,,,,overall,2026-05-25T16:56:40.446260+00:00
SVI-DRI,34,1,rocket-spidops,Rocket's Spidops,20,84,75,23,50.37,marnie-grimmsnarl-ex,Marnie's Grimmsnarl,1,100.0,,,,overall,2026-05-25T16:56:40.446260+00:00
SVI-DRI,34,1,rocket-spidops,Rocket's Spidops,20,84,75,23,50.37,ho-oh-armarouge,Ho-Oh Armarouge,1,0.0,,,,overall,2026-05-25T16:56:40.446260+00:00
SVI-DRI,34,1,rocket-spidops,Rocket's Spidops,20,84,75,23,50.37,flareon-ex,Flareon,1,100.0,,,,overall,2026-05-25T16:56:40.446260+00:00
SVI-DRI,34,1,rocket-spidops,Rocket's Spidops,20,84,75,23,50.37,froslass-munkidori,Froslass Munkidori,1,0.0,,,,overall,2026-05-25T16:56:40.446260+00:00
SVI-DRI,34,1,rocket-spidops,Rocket's Spidops,20,84,75,23,50.37,tera-box,Tera Box,1,33.33,,,,overall,2026-05-25T16:56:40.446260+00:00
SVI-DRI,34,1,rocket-spidops,Rocket's Spidops,20,84,75,23,50.37,yanmega-ex,Yanmega,1,100.0,,,,overall,2026-05-25T16:56:40.446260+00:00
SVI-DRI,34,1,rocket-spidops,Rocket's Spidops,20,84,75,23,50.37,chien-pao-baxcalibur,Chien-Pao Baxcalibur,1,0.0,,,,overall,2026-05-25T16:56:40.446260+00:00
SVI-DRI,34,1,rocket-spidops,Rocket's Spidops,20,84,75,23,50.37,roaring-moon-ex,Roaring Moon,1,100.0,,,,overall,2026-05-25T16:56:40.446260+00:00
SVI-DRI,34,1,rocket-spidops,Rocket's Spidops,20,84,75,23,50.37,n-zoroark,N's Zoroark,1,100.0,,,,overall,2026-05-25T16:56:40.446260+00:00
SVI-DRI,34,1,rocket-spidops,Rocket's Spidops,20,84,75,23,50.37,future-box,Future Box,1,100.0,,,,overall,2026-05-25T16:56:40.446260+00:00
SVI-DRI,34,1,rocket-spidops,Rocket's Spidops,20,84,75,23,50.37,hop-zacian,Hop's Zacian,1,0.0,,,,overall,2026-05-25T16:56:40.446260+00:00
SVI-DRI,34,1,rocket-spidops,Rocket's Spidops,20,84,75,23,50.37,mamoswine-ex,Mamoswine,1,100.0,,,,overall,2026-05-25T16:56:40.446260+00:00
SVI-DRI,34,1,rocket-spidops,Rocket's Spidops,20,84,75,23,50.37,iron-thorns-crustle,Iron Thorns Crustle,1,100.0,,,,overall,2026-05-25T16:56:40.446260+00:00
SVI-DRI,34,1,rocket-spidops,Rocket's Spidops,20,84,75,23,50.37,archaludon-ex,Archaludon,1,100.0,,,,overall,2026-05-25T16:56:40.446260+00:00
SVI-DRI,34,1,rocket-spidops,Rocket's Spidops,20,84,75,23,50.37,other,Other,1,0.0,,,,overall,2026-05-25T16:56:40.446260+00:00
SVI-DRI,34,1,sinistcha-ogerpon,Sinistcha Ogerpon,4,8,12,3,39.13,gardevoir-ex-sv,Gardevoir,4,25.0,,,,overall,2026-05-25T16:56:42.413740+00:00
SVI-DRI,34,1,sinistcha-ogerpon,Sinistcha Ogerpon,4,8,12,3,39.13,joltik-box,Joltik Box,4,50.0,,,,overall,2026-05-25T16:56:42.413740+00:00
SVI-DRI,34,1,sinistcha-ogerpon,Sinistcha Ogerpon,4,8,12,3,39.13,flareon-noctowl,Flareon Noctowl,3,0.0,,,,overall,2026-05-25T16:56:42.413740+00:00
SVI-DRI,34,1,sinistcha-ogerpon,Sinistcha Ogerpon,4,8,12,3,39.13,grimmsnarl-froslass,Grimmsnarl Froslass,2,100.0,,,,overall,2026-05-25T16:56:42.413740+00:00
SVI-DRI,34,1,sinistcha-ogerpon,Sinistcha Ogerpon,4,8,12,3,39.13,dragapult-dusknoir,Dragapult Dusknoir,1,0.0,,,,overall,2026-05-25T16:56:42.413740+00:00
SVI-DRI,34,1,sinistcha-ogerpon,Sinistcha Ogerpon,4,8,12,3,39.13,gholdengo-ex,Gholdengo,1,100.0,,,,overall,2026-05-25T16:56:42.413740+00:00
SVI-DRI,34,1,sinistcha-ogerpon,Sinistcha Ogerpon,4,8,12,3,39.13,raging-bolt-ogerpon,Raging Bolt Ogerpon,1,33.33,,,,overall,2026-05-25T16:56:42.413740+00:00
SVI-DRI,34,1,sinistcha-ogerpon,Sinistcha Ogerpon,4,8,12,3,39.13,dragapult-charizard,Dragapult Charizard,1,33.33,,,,overall,2026-05-25T16:56:42.413740+00:00
SVI-DRI,34,1,sinistcha-ogerpon,Sinistcha Ogerpon,4,8,12,3,39.13,froslass-munkidori,Froslass Munkidori,1,0.0,,,,overall,2026-05-25T16:56:42.413740+00:00
SVI-DRI,34,1,sinistcha-ogerpon,Sinistcha Ogerpon,4,8,12,3,39.13,ethan-typhlosion,Ethan's Typhlosion,1,33.33,,,,overall,2026-05-25T16:56:42.413740+00:00
SVI-DRI,34,1,sinistcha-ogerpon,Sinistcha Ogerpon,4,8,12,3,39.13,toedscruel-ex,Toedscruel,1,0.0,,,,overall,2026-05-25T16:56:42.413740+00:00
SVI-DRI,34,1,sinistcha-ogerpon,Sinistcha Ogerpon,4,8,12,3,39.13,dragapult-ex,Dragapult,1,100.0,,,,overall,2026-05-25T16:56:42.413740+00:00
SVI-DRI,34,1,sinistcha-ogerpon,Sinistcha Ogerpon,4,8,12,3,39.13,roaring-moon-ex,Roaring Moon,1,100.0,,,,overall,2026-05-25T16:56:42.413740+00:00
SVI-DRI,34,1,sinistcha-ogerpon,Sinistcha Ogerpon,4,8,12,3,39.13,ceruledge-ex,Ceruledge,1,0.0,,,,overall,2026-05-25T16:56:42.413740+00:00
SVI-DRI,34,1,slaking-ex,Slaking,2,3,8,1,27.78,gholdengo-dragapult,Gholdengo Dragapult,3,33.33,,,,overall,2026-05-25T16:56:44.361531+00:00
SVI-DRI,34,1,slaking-ex,Slaking,2,3,8,1,27.78,joltik-box,Joltik Box,2,0.0,,,,overall,2026-05-25T16:56:44.361531+00:00
SVI-DRI,34,1,slaking-ex,Slaking,2,3,8,1,27.78,dragapult-ex,Dragapult,1,33.33,,,,overall,2026-05-25T16:56:44.361531+00:00
SVI-DRI,34,1,slaking-ex,Slaking,2,3,8,1,27.78,raging-bolt-ogerpon,Raging Bolt Ogerpon,1,0.0,,,,overall,2026-05-25T16:56:44.361531+00:00
SVI-DRI,34,1,slaking-ex,Slaking,2,3,8,1,27.78,milotic-farigiraf,Milotic Farigiraf,1,100.0,,,,overall,2026-05-25T16:56:44.361531+00:00
SVI-DRI,34,1,slaking-ex,Slaking,2,3,8,1,27.78,dragapult-iron-thorns,Dragapult Iron Thorns,1,0.0,,,,overall,2026-05-25T16:56:44.361531+00:00
SVI-DRI,34,1,slaking-ex,Slaking,2,3,8,1,27.78,flareon-noctowl,Flareon Noctowl,1,100.0,,,,overall,2026-05-25T16:56:44.361531+00:00
SVI-DRI,34,1,slaking-ex,Slaking,2,3,8,1,27.78,grimmsnarl-froslass,Grimmsnarl Froslass,1,0.0,,,,overall,2026-05-25T16:56:44.361531+00:00
SVI-DRI,34,1,slaking-ex,Slaking,2,3,8,1,27.78,flygon-ex-ssp,Flygon,1,0.0,,,,overall,2026-05-25T16:56:44.361531+00:00
SVI-DRI,34,1,slowking-scr,Slowking,8,18,26,9,39.62,gardevoir-ex-sv,Gardevoir,10,56.67,,,,overall,2026-05-25T16:56:46.338509+00:00
SVI-DRI,34,1,slowking-scr,Slowking,8,18,26,9,39.62,grimmsnarl-froslass,Grimmsnarl Froslass,8,12.5,,,,overall,2026-05-25T16:56:46.338509+00:00
SVI-DRI,34,1,slowking-scr,Slowking,8,18,26,9,39.62,raging-bolt-ogerpon,Raging Bolt Ogerpon,6,55.56,,,,overall,2026-05-25T16:56:46.338509+00:00
SVI-DRI,34,1,slowking-scr,Slowking,8,18,26,9,39.62,joltik-box,Joltik Box,5,46.67,,,,overall,2026-05-25T16:56:46.338509+00:00
SVI-DRI,34,1,slowking-scr,Slowking,8,18,26,9,39.62,flareon-noctowl,Flareon Noctowl,5,60.0,,,,overall,2026-05-25T16:56:46.338509+00:00
SVI-DRI,34,1,slowking-scr,Slowking,8,18,26,9,39.62,gholdengo-dragapult,Gholdengo Dragapult,4,16.67,,,,overall,2026-05-25T16:56:46.338509+00:00
SVI-DRI,34,1,slowking-scr,Slowking,8,18,26,9,39.62,dragapult-charizard,Dragapult Charizard,3,44.44,,,,overall,2026-05-25T16:56:46.338509+00:00
SVI-DRI,34,1,slowking-scr,Slowking,8,18,26,9,39.62,gholdengo-ex,Gholdengo,3,33.33,,,,overall,2026-05-25T16:56:46.338509+00:00
SVI-DRI,34,1,slowking-scr,Slowking,8,18,26,9,39.62,dragapult-dusknoir,Dragapult Dusknoir,3,0.0,,,,overall,2026-05-25T16:56:46.338509+00:00
SVI-DRI,34,1,slowking-scr,Slowking,8,18,26,9,39.62,other,Other,2,16.67,,,,overall,2026-05-25T16:56:46.338509+00:00
SVI-DRI,34,1,slowking-scr,Slowking,8,18,26,9,39.62,dragapult-ex,Dragapult,1,0.0,,,,overall,2026-05-25T16:56:46.338509+00:00
SVI-DRI,34,1,slowking-scr,Slowking,8,18,26,9,39.62,miraidon-ex,Miraidon,1,100.0,,,,overall,2026-05-25T16:56:46.338509+00:00
SVI-DRI,34,1,slowking-scr,Slowking,8,18,26,9,39.62,ethan-typhlosion,Ethan's Typhlosion,1,33.33,,,,overall,2026-05-25T16:56:46.338509+00:00
SVI-DRI,34,1,slowking-scr,Slowking,8,18,26,9,39.62,cynthia-garchomp-ex,Cynthia's Garchomp,1,100.0,,,,overall,2026-05-25T16:56:46.338509+00:00
SVI-DRI,34,1,spidops-ex,Spidops,6,12,21,3,36.11,grimmsnarl-froslass,Grimmsnarl Froslass,5,20.0,,,,overall,2026-05-25T16:56:48.309112+00:00
SVI-DRI,34,1,spidops-ex,Spidops,6,12,21,3,36.11,raging-bolt-ogerpon,Raging Bolt Ogerpon,4,41.67,,,,overall,2026-05-25T16:56:48.309112+00:00
SVI-DRI,34,1,spidops-ex,Spidops,6,12,21,3,36.11,flareon-noctowl,Flareon Noctowl,4,25.0,,,,overall,2026-05-25T16:56:48.309112+00:00
SVI-DRI,34,1,spidops-ex,Spidops,6,12,21,3,36.11,gholdengo-dragapult,Gholdengo Dragapult,3,0.0,,,,overall,2026-05-25T16:56:48.309112+00:00
SVI-DRI,34,1,spidops-ex,Spidops,6,12,21,3,36.11,gardevoir-ex-sv,Gardevoir,3,100.0,,,,overall,2026-05-25T16:56:48.309112+00:00
SVI-DRI,34,1,spidops-ex,Spidops,6,12,21,3,36.11,joltik-box,Joltik Box,3,0.0,,,,overall,2026-05-25T16:56:48.309112+00:00
SVI-DRI,34,1,spidops-ex,Spidops,6,12,21,3,36.11,iron-thorns-crustle,Iron Thorns Crustle,2,50.0,,,,overall,2026-05-25T16:56:48.309112+00:00
SVI-DRI,34,1,spidops-ex,Spidops,6,12,21,3,36.11,dragapult-charizard,Dragapult Charizard,2,100.0,,,,overall,2026-05-25T16:56:48.309112+00:00
SVI-DRI,34,1,spidops-ex,Spidops,6,12,21,3,36.11,dragapult-dusknoir,Dragapult Dusknoir,2,50.0,,,,overall,2026-05-25T16:56:48.309112+00:00
SVI-DRI,34,1,spidops-ex,Spidops,6,12,21,3,36.11,gholdengo-ex,Gholdengo,2,0.0,,,,overall,2026-05-25T16:56:48.309112+00:00
SVI-DRI,34,1,spidops-ex,Spidops,6,12,21,3,36.11,dragapult-ex,Dragapult,1,0.0,,,,overall,2026-05-25T16:56:48.309112+00:00
SVI-DRI,34,1,spidops-ex,Spidops,6,12,21,3,36.11,ethan-typhlosion,Ethan's Typhlosion,1,100.0,,,,overall,2026-05-25T16:56:48.309112+00:00
SVI-DRI,34,1,spidops-ex,Spidops,6,12,21,3,36.11,other,Other,1,0.0,,,,overall,2026-05-25T16:56:48.309112+00:00
SVI-DRI,34,1,spidops-ex,Spidops,6,12,21,3,36.11,milotic-farigiraf,Milotic Farigiraf,1,100.0,,,,overall,2026-05-25T16:56:48.309112+00:00
SVI-DRI,34,1,spidops-ex,Spidops,6,12,21,3,36.11,ho-oh-armarouge,Ho-Oh Armarouge,1,0.0,,,,overall,2026-05-25T16:56:48.309112+00:00
SVI-DRI,34,1,spidops-ex,Spidops,6,12,21,3,36.11,toedscruel-ex,Toedscruel,1,33.33,,,,overall,2026-05-25T16:56:48.309112+00:00
SVI-DRI,34,1,tera-box,Tera Box,21,53,69,18,42.14,grimmsnarl-froslass,Grimmsnarl Froslass,18,44.44,,,,overall,2026-05-25T16:56:50.275533+00:00
SVI-DRI,34,1,tera-box,Tera Box,21,53,69,18,42.14,joltik-box,Joltik Box,17,37.25,,,,overall,2026-05-25T16:56:50.275533+00:00
SVI-DRI,34,1,tera-box,Tera Box,21,53,69,18,42.14,raging-bolt-ogerpon,Raging Bolt Ogerpon,14,76.19,,,,overall,2026-05-25T16:56:50.275533+00:00
SVI-DRI,34,1,tera-box,Tera Box,21,53,69,18,42.14,dragapult-dusknoir,Dragapult Dusknoir,11,72.73,,,,overall,2026-05-25T16:56:50.275533+00:00
SVI-DRI,34,1,tera-box,Tera Box,21,53,69,18,42.14,gardevoir-ex-sv,Gardevoir,10,13.33,,,,overall,2026-05-25T16:56:50.275533+00:00
SVI-DRI,34,1,tera-box,Tera Box,21,53,69,18,42.14,dragapult-charizard,Dragapult Charizard,9,0.0,,,,overall,2026-05-25T16:56:50.275533+00:00
SVI-DRI,34,1,tera-box,Tera Box,21,53,69,18,42.14,gholdengo-ex,Gholdengo,9,44.44,,,,overall,2026-05-25T16:56:50.275533+00:00
SVI-DRI,34,1,tera-box,Tera Box,21,53,69,18,42.14,flareon-noctowl,Flareon Noctowl,9,37.04,,,,overall,2026-05-25T16:56:50.275533+00:00
SVI-DRI,34,1,tera-box,Tera Box,21,53,69,18,42.14,dragapult-ex,Dragapult,7,33.33,,,,overall,2026-05-25T16:56:50.275533+00:00
SVI-DRI,34,1,tera-box,Tera Box,21,53,69,18,42.14,gholdengo-dragapult,Gholdengo Dragapult,6,16.67,,,,overall,2026-05-25T16:56:50.275533+00:00
SVI-DRI,34,1,tera-box,Tera Box,21,53,69,18,42.14,roaring-moon-ex,Roaring Moon,5,66.67,,,,overall,2026-05-25T16:56:50.275533+00:00
SVI-DRI,34,1,tera-box,Tera Box,21,53,69,18,42.14,toedscruel-ex,Toedscruel,3,66.67,,,,overall,2026-05-25T16:56:50.275533+00:00
SVI-DRI,34,1,tera-box,Tera Box,21,53,69,18,42.14,ethan-typhlosion,Ethan's Typhlosion,3,55.56,,,,overall,2026-05-25T16:56:50.275533+00:00
SVI-DRI,34,1,tera-box,Tera Box,21,53,69,18,42.14,milotic-farigiraf,Milotic Farigiraf,2,50.0,,,,overall,2026-05-25T16:56:50.275533+00:00
SVI-DRI,34,1,tera-box,Tera Box,21,53,69,18,42.14,cynthia-garchomp-ex,Cynthia's Garchomp,2,50.0,,,,overall,2026-05-25T16:56:50.275533+00:00
SVI-DRI,34,1,tera-box,Tera Box,21,53,69,18,42.14,poison-archaludon,Poison Archaludon,1,100.0,,,,overall,2026-05-25T16:56:50.275533+00:00
SVI-DRI,34,1,tera-box,Tera Box,21,53,69,18,42.14,yanmega-ex,Yanmega,1,0.0,,,,overall,2026-05-25T16:56:50.275533+00:00
SVI-DRI,34,1,tera-box,Tera Box,21,53,69,18,42.14,rocket-spidops,Rocket's Spidops,1,33.33,,,,overall,2026-05-25T16:56:50.275533+00:00
SVI-DRI,34,1,tera-box,Tera Box,21,53,69,18,42.14,charizard-pidgeot,Charizard Pidgeot,1,0.0,,,,overall,2026-05-25T16:56:50.275533+00:00
SVI-DRI,34,1,tera-box,Tera Box,21,53,69,18,42.14,ceruledge-ex,Ceruledge,1,0.0,,,,overall,2026-05-25T16:56:50.275533+00:00
SVI-DRI,34,1,tera-box,Tera Box,21,53,69,18,42.14,rocket-porygon-z,Rocket's Porygon-Z,1,0.0,,,,overall,2026-05-25T16:56:50.275533+00:00
SVI-DRI,34,1,tera-box,Tera Box,21,53,69,18,42.14,espathra-froslass,Espathra Froslass,1,33.33,,,,overall,2026-05-25T16:56:50.275533+00:00
SVI-DRI,34,1,tera-box,Tera Box,21,53,69,18,42.14,ogerpon-ex,Ogerpon,1,0.0,,,,overall,2026-05-25T16:56:50.275533+00:00
SVI-DRI,34,1,tera-box,Tera Box,21,53,69,18,42.14,iron-thorns-ex,Iron Thorns,1,33.33,,,,overall,2026-05-25T16:56:50.275533+00:00
SVI-DRI,34,1,tera-box,Tera Box,21,53,69,18,42.14,gholdengo-dudunsparce,Gholdengo Dudunsparce,1,0.0,,,,overall,2026-05-25T16:56:50.275533+00:00
SVI-DRI,34,1,tera-box,Tera Box,21,53,69,18,42.14,froslass-munkidori,Froslass Munkidori,1,0.0,,,,overall,2026-05-25T16:56:50.275533+00:00
SVI-DRI,34,1,tera-box,Tera Box,21,53,69,18,42.14,other,Other,1,100.0,,,,overall,2026-05-25T16:56:50.275533+00:00
SVI-DRI,34,1,tera-box,Tera Box,21,53,69,18,42.14,blissey-ex,Blissey,1,0.0,,,,overall,2026-05-25T16:56:50.275533+00:00
SVI-DRI,34,1,tera-box,Tera Box,21,53,69,18,42.14,ho-oh-armarouge,Ho-Oh Armarouge,1,100.0,,,,overall,2026-05-25T16:56:50.275533+00:00
SVI-DRI,34,1,tera-box,Tera Box,21,53,69,18,42.14,roaring-moon-dudunsparce,Roaring Moon Dudunsparce,1,100.0,,,,overall,2026-05-25T16:56:50.275533+00:00
SVI-DRI,34,1,terapagos-noctowl,Terapagos Noctowl,9,28,30,10,46.08,raging-bolt-ogerpon,Raging Bolt Ogerpon,12,50.0,,,,overall,2026-05-25T16:56:52.265395+00:00
SVI-DRI,34,1,terapagos-noctowl,Terapagos Noctowl,9,28,30,10,46.08,grimmsnarl-froslass,Grimmsnarl Froslass,9,62.96,,,,overall,2026-05-25T16:56:52.265395+00:00
SVI-DRI,34,1,terapagos-noctowl,Terapagos Noctowl,9,28,30,10,46.08,gardevoir-ex-sv,Gardevoir,8,25.0,,,,overall,2026-05-25T16:56:52.265395+00:00
SVI-DRI,34,1,terapagos-noctowl,Terapagos Noctowl,9,28,30,10,46.08,ethan-typhlosion,Ethan's Typhlosion,6,50.0,,,,overall,2026-05-25T16:56:52.265395+00:00
SVI-DRI,34,1,terapagos-noctowl,Terapagos Noctowl,9,28,30,10,46.08,joltik-box,Joltik Box,6,55.56,,,,overall,2026-05-25T16:56:52.265395+00:00
SVI-DRI,34,1,terapagos-noctowl,Terapagos Noctowl,9,28,30,10,46.08,dragapult-dusknoir,Dragapult Dusknoir,4,58.33,,,,overall,2026-05-25T16:56:52.265395+00:00
SVI-DRI,34,1,terapagos-noctowl,Terapagos Noctowl,9,28,30,10,46.08,flareon-noctowl,Flareon Noctowl,3,44.44,,,,overall,2026-05-25T16:56:52.265395+00:00
SVI-DRI,34,1,terapagos-noctowl,Terapagos Noctowl,9,28,30,10,46.08,dragapult-charizard,Dragapult Charizard,3,33.33,,,,overall,2026-05-25T16:56:52.265395+00:00
SVI-DRI,34,1,terapagos-noctowl,Terapagos Noctowl,9,28,30,10,46.08,hop-zacian,Hop's Zacian,2,66.67,,,,overall,2026-05-25T16:56:52.265395+00:00
SVI-DRI,34,1,terapagos-noctowl,Terapagos Noctowl,9,28,30,10,46.08,gholdengo-ex,Gholdengo,2,0.0,,,,overall,2026-05-25T16:56:52.265395+00:00
SVI-DRI,34,1,terapagos-noctowl,Terapagos Noctowl,9,28,30,10,46.08,dragapult-ex,Dragapult,2,50.0,,,,overall,2026-05-25T16:56:52.265395+00:00
SVI-DRI,34,1,terapagos-noctowl,Terapagos Noctowl,9,28,30,10,46.08,yanmega-ex,Yanmega,2,50.0,,,,overall,2026-05-25T16:56:52.265395+00:00
SVI-DRI,34,1,terapagos-noctowl,Terapagos Noctowl,9,28,30,10,46.08,roaring-moon-ex,Roaring Moon,2,50.0,,,,overall,2026-05-25T16:56:52.265395+00:00
SVI-DRI,34,1,terapagos-noctowl,Terapagos Noctowl,9,28,30,10,46.08,toedscruel-ex,Toedscruel,1,100.0,,,,overall,2026-05-25T16:56:52.265395+00:00
SVI-DRI,34,1,terapagos-noctowl,Terapagos Noctowl,9,28,30,10,46.08,cynthia-garchomp-ex,Cynthia's Garchomp,1,0.0,,,,overall,2026-05-25T16:56:52.265395+00:00
SVI-DRI,34,1,terapagos-noctowl,Terapagos Noctowl,9,28,30,10,46.08,rocket-mewtwo-ex,Rocket's Mewtwo,1,33.33,,,,overall,2026-05-25T16:56:52.265395+00:00
SVI-DRI,34,1,terapagos-noctowl,Terapagos Noctowl,9,28,30,10,46.08,charizard-pidgeot,Charizard Pidgeot,1,0.0,,,,overall,2026-05-25T16:56:52.265395+00:00
SVI-DRI,34,1,terapagos-noctowl,Terapagos Noctowl,9,28,30,10,46.08,marnie-grimmsnarl-ex,Marnie's Grimmsnarl,1,0.0,,,,overall,2026-05-25T16:56:52.265395+00:00
SVI-DRI,34,1,terapagos-noctowl,Terapagos Noctowl,9,28,30,10,46.08,charizard-noctowl,Charizard Noctowl,1,0.0,,,,overall,2026-05-25T16:56:52.265395+00:00
SVI-DRI,34,1,terapagos-noctowl,Terapagos Noctowl,9,28,30,10,46.08,gholdengo-dragapult,Gholdengo Dragapult,1,100.0,,,,overall,2026-05-25T16:56:52.265395+00:00
SVI-DRI,34,1,tinkaton-ex,Tinkaton,1,0,3,0,0.0,joltik-box,Joltik Box,2,0.0,,,,overall,2026-05-25T16:56:54.214743+00:00
SVI-DRI,34,1,tinkaton-ex,Tinkaton,1,0,3,0,0.0,gholdengo-ex,Gholdengo,1,0.0,,,,overall,2026-05-25T16:56:54.214743+00:00
SVI-DRI,34,1,toedscruel-ex,Toedscruel,37,108,120,41,45.23,raging-bolt-ogerpon,Raging Bolt Ogerpon,49,36.05,,,,overall,2026-05-25T16:56:56.200582+00:00
SVI-DRI,34,1,toedscruel-ex,Toedscruel,37,108,120,41,45.23,gardevoir-ex-sv,Gardevoir,32,32.29,,,,overall,2026-05-25T16:56:56.200582+00:00
SVI-DRI,34,1,toedscruel-ex,Toedscruel,37,108,120,41,45.23,grimmsnarl-froslass,Grimmsnarl Froslass,30,64.44,,,,overall,2026-05-25T16:56:56.200582+00:00
SVI-DRI,34,1,toedscruel-ex,Toedscruel,37,108,120,41,45.23,joltik-box,Joltik Box,20,31.67,,,,overall,2026-05-25T16:56:56.200582+00:00
SVI-DRI,34,1,toedscruel-ex,Toedscruel,37,108,120,41,45.23,dragapult-charizard,Dragapult Charizard,19,49.12,,,,overall,2026-05-25T16:56:56.200582+00:00
SVI-DRI,34,1,toedscruel-ex,Toedscruel,37,108,120,41,45.23,flareon-noctowl,Flareon Noctowl,16,12.5,,,,overall,2026-05-25T16:56:56.200582+00:00
SVI-DRI,34,1,toedscruel-ex,Toedscruel,37,108,120,41,45.23,dragapult-dusknoir,Dragapult Dusknoir,15,68.89,,,,overall,2026-05-25T16:56:56.200582+00:00
SVI-DRI,34,1,toedscruel-ex,Toedscruel,37,108,120,41,45.23,dragapult-ex,Dragapult,14,59.52,,,,overall,2026-05-25T16:56:56.200582+00:00
SVI-DRI,34,1,toedscruel-ex,Toedscruel,37,108,120,41,45.23,gholdengo-dragapult,Gholdengo Dragapult,12,63.89,,,,overall,2026-05-25T16:56:56.200582+00:00
SVI-DRI,34,1,toedscruel-ex,Toedscruel,37,108,120,41,45.23,gholdengo-ex,Gholdengo,9,37.04,,,,overall,2026-05-25T16:56:56.200582+00:00
SVI-DRI,34,1,toedscruel-ex,Toedscruel,37,108,120,41,45.23,cynthia-garchomp-ex,Cynthia's Garchomp,6,83.33,,,,overall,2026-05-25T16:56:56.200582+00:00
SVI-DRI,34,1,toedscruel-ex,Toedscruel,37,108,120,41,45.23,rocket-mewtwo-ex,Rocket's Mewtwo,4,100.0,,,,overall,2026-05-25T16:56:56.200582+00:00
SVI-DRI,34,1,toedscruel-ex,Toedscruel,37,108,120,41,45.23,tera-box,Tera Box,3,33.33,,,,overall,2026-05-25T16:56:56.200582+00:00
SVI-DRI,34,1,toedscruel-ex,Toedscruel,37,108,120,41,45.23,charizard-pidgeot,Charizard Pidgeot,3,33.33,,,,overall,2026-05-25T16:56:56.200582+00:00
SVI-DRI,34,1,toedscruel-ex,Toedscruel,37,108,120,41,45.23,ethan-typhlosion,Ethan's Typhlosion,3,66.67,,,,overall,2026-05-25T16:56:56.200582+00:00
SVI-DRI,34,1,toedscruel-ex,Toedscruel,37,108,120,41,45.23,milotic-farigiraf,Milotic Farigiraf,3,11.11,,,,overall,2026-05-25T16:56:56.200582+00:00
SVI-DRI,34,1,toedscruel-ex,Toedscruel,37,108,120,41,45.23,festival-lead,Festival Lead,2,50.0,,,,overall,2026-05-25T16:56:56.200582+00:00
SVI-DRI,34,1,toedscruel-ex,Toedscruel,37,108,120,41,45.23,rocket-spidops,Rocket's Spidops,2,16.67,,,,overall,2026-05-25T16:56:56.200582+00:00
SVI-DRI,34,1,toedscruel-ex,Toedscruel,37,108,120,41,45.23,hop-zacian,Hop's Zacian,2,0.0,,,,overall,2026-05-25T16:56:56.200582+00:00
SVI-DRI,34,1,toedscruel-ex,Toedscruel,37,108,120,41,45.23,archaludon-zoroark,Archaludon Zoroark,2,0.0,,,,overall,2026-05-25T16:56:56.200582+00:00
SVI-DRI,34,1,toedscruel-ex,Toedscruel,37,108,120,41,45.23,ho-oh-armarouge,Ho-Oh Armarouge,1,33.33,,,,overall,2026-05-25T16:56:56.200582+00:00
SVI-DRI,34,1,toedscruel-ex,Toedscruel,37,108,120,41,45.23,froslass-munkidori,Froslass Munkidori,1,100.0,,,,overall,2026-05-25T16:56:56.200582+00:00
SVI-DRI,34,1,toedscruel-ex,Toedscruel,37,108,120,41,45.23,charizard-noctowl,Charizard Noctowl,1,33.33,,,,overall,2026-05-25T16:56:56.200582+00:00
SVI-DRI,34,1,toedscruel-ex,Toedscruel,37,108,120,41,45.23,terapagos-noctowl,Terapagos Noctowl,1,0.0,,,,overall,2026-05-25T16:56:56.200582+00:00
SVI-DRI,34,1,toedscruel-ex,Toedscruel,37,108,120,41,45.23,poison-archaludon,Poison Archaludon,1,100.0,,,,overall,2026-05-25T16:56:56.200582+00:00
SVI-DRI,34,1,toedscruel-ex,Toedscruel,37,108,120,41,45.23,chien-pao-baxcalibur,Chien-Pao Baxcalibur,1,100.0,,,,overall,2026-05-25T16:56:56.200582+00:00
SVI-DRI,34,1,toedscruel-ex,Toedscruel,37,108,120,41,45.23,charizard-dusknoir,Charizard Dusknoir,1,0.0,,,,overall,2026-05-25T16:56:56.200582+00:00
SVI-DRI,34,1,toedscruel-ex,Toedscruel,37,108,120,41,45.23,yanmega-ex,Yanmega,1,0.0,,,,overall,2026-05-25T16:56:56.200582+00:00
SVI-DRI,34,1,toedscruel-ex,Toedscruel,37,108,120,41,45.23,sinistcha-ogerpon,Sinistcha Ogerpon,1,100.0,,,,overall,2026-05-25T16:56:56.200582+00:00
SVI-DRI,34,1,toedscruel-ex,Toedscruel,37,108,120,41,45.23,hydreigon-ex,Hydreigon,1,100.0,,,,overall,2026-05-25T16:56:56.200582+00:00
SVI-DRI,34,1,toedscruel-ex,Toedscruel,37,108,120,41,45.23,flygon-ex-ssp,Flygon,1,0.0,,,,overall,2026-05-25T16:56:56.200582+00:00
SVI-DRI,34,1,toedscruel-ex,Toedscruel,37,108,120,41,45.23,other,Other,1,0.0,,,,overall,2026-05-25T16:56:56.200582+00:00
SVI-DRI,34,1,toedscruel-ex,Toedscruel,37,108,120,41,45.23,iron-thorns-ex,Iron Thorns,1,0.0,,,,overall,2026-05-25T16:56:56.200582+00:00
SVI-DRI,34,1,toedscruel-ex,Toedscruel,37,108,120,41,45.23,gouging-fire-ex,Gouging Fire,1,100.0,,,,overall,2026-05-25T16:56:56.200582+00:00
SVI-DRI,34,1,toedscruel-ex,Toedscruel,37,108,120,41,45.23,great-tusk-tef,Great Tusk Mill,1,100.0,,,,overall,2026-05-25T16:56:56.200582+00:00
SVI-DRI,34,1,toedscruel-ex,Toedscruel,37,108,120,41,45.23,marnie-grimmsnarl-ex,Marnie's Grimmsnarl,1,100.0,,,,overall,2026-05-25T16:56:56.200582+00:00
SVI-DRI,34,1,toedscruel-ex,Toedscruel,37,108,120,41,45.23,blissey-ex,Blissey,1,33.33,,,,overall,2026-05-25T16:56:56.200582+00:00
SVI-DRI,34,1,toedscruel-ex,Toedscruel,37,108,120,41,45.23,spidops-ex,Spidops,1,33.33,,,,overall,2026-05-25T16:56:56.200582+00:00
SVI-DRI,34,1,toedscruel-ex,Toedscruel,37,108,120,41,45.23,dragapult-zoroark,Dragapult Zoroark,1,100.0,,,,overall,2026-05-25T16:56:56.200582+00:00
SVI-DRI,34,1,toedscruel-ex,Toedscruel,37,108,120,41,45.23,iron-valiant-xatu,Iron Valiant Xatu,1,100.0,,,,overall,2026-05-25T16:56:56.200582+00:00
SVI-DRI,34,1,toedscruel-ex,Toedscruel,37,108,120,41,45.23,dragapult-froslass,Dragapult Froslass,1,0.0,,,,overall,2026-05-25T16:56:56.200582+00:00
SVI-DRI,34,1,tsareena-ex,Tsareena,2,1,7,3,18.18,gardevoir-ex-sv,Gardevoir,3,0.0,,,,overall,2026-05-25T16:56:58.159819+00:00
SVI-DRI,34,1,tsareena-ex,Tsareena,2,1,7,3,18.18,other,Other,2,16.67,,,,overall,2026-05-25T16:56:58.159819+00:00
SVI-DRI,34,1,tsareena-ex,Tsareena,2,1,7,3,18.18,raging-bolt-ogerpon,Raging Bolt Ogerpon,2,33.33,,,,overall,2026-05-25T16:56:58.159819+00:00
SVI-DRI,34,1,tsareena-ex,Tsareena,2,1,7,3,18.18,grimmsnarl-froslass,Grimmsnarl Froslass,1,0.0,,,,overall,2026-05-25T16:56:58.159819+00:00
SVI-DRI,34,1,tsareena-ex,Tsareena,2,1,7,3,18.18,festival-lead,Festival Lead,1,0.0,,,,overall,2026-05-25T16:56:58.159819+00:00
SVI-DRI,34,1,tsareena-ex,Tsareena,2,1,7,3,18.18,flareon-noctowl,Flareon Noctowl,1,100.0,,,,overall,2026-05-25T16:56:58.159819+00:00
SVI-DRI,34,1,tsareena-ex,Tsareena,2,1,7,3,18.18,charizard-ex,Charizard,1,0.0,,,,overall,2026-05-25T16:56:58.159819+00:00
SVI-DRI,34,1,tyranitar-jtg,Tyranitar,1,0,5,0,0.0,grimmsnarl-froslass,Grimmsnarl Froslass,2,0.0,,,,overall,2026-05-25T16:57:00.120160+00:00
SVI-DRI,34,1,tyranitar-jtg,Tyranitar,1,0,5,0,0.0,ceruledge-ex,Ceruledge,1,0.0,,,,overall,2026-05-25T16:57:00.120160+00:00
SVI-DRI,34,1,tyranitar-jtg,Tyranitar,1,0,5,0,0.0,gholdengo-dragapult,Gholdengo Dragapult,1,0.0,,,,overall,2026-05-25T16:57:00.120160+00:00
SVI-DRI,34,1,tyranitar-jtg,Tyranitar,1,0,5,0,0.0,raging-bolt-ogerpon,Raging Bolt Ogerpon,1,0.0,,,,overall,2026-05-25T16:57:00.120160+00:00
SVI-DRI,34,1,venomoth-froslass,Venomoth Froslass,1,1,3,2,27.78,gardevoir-ex-sv,Gardevoir,3,44.44,,,,overall,2026-05-25T16:57:02.083577+00:00
SVI-DRI,34,1,venomoth-froslass,Venomoth Froslass,1,1,3,2,27.78,grimmsnarl-froslass,Grimmsnarl Froslass,2,0.0,,,,overall,2026-05-25T16:57:02.083577+00:00
SVI-DRI,34,1,venomoth-froslass,Venomoth Froslass,1,1,3,2,27.78,flareon-noctowl,Flareon Noctowl,1,33.33,,,,overall,2026-05-25T16:57:02.083577+00:00
SVI-DRI,34,1,yanmega-ex,Yanmega,26,51,94,25,34.9,grimmsnarl-froslass,Grimmsnarl Froslass,22,48.48,,,,overall,2026-05-25T16:57:04.057861+00:00
SVI-DRI,34,1,yanmega-ex,Yanmega,26,51,94,25,34.9,raging-bolt-ogerpon,Raging Bolt Ogerpon,21,22.22,,,,overall,2026-05-25T16:57:04.057861+00:00
SVI-DRI,34,1,yanmega-ex,Yanmega,26,51,94,25,34.9,gardevoir-ex-sv,Gardevoir,17,29.41,,,,overall,2026-05-25T16:57:04.057861+00:00
SVI-DRI,34,1,yanmega-ex,Yanmega,26,51,94,25,34.9,flareon-noctowl,Flareon Noctowl,15,24.44,,,,overall,2026-05-25T16:57:04.057861+00:00
SVI-DRI,34,1,yanmega-ex,Yanmega,26,51,94,25,34.9,joltik-box,Joltik Box,14,26.19,,,,overall,2026-05-25T16:57:04.057861+00:00
SVI-DRI,34,1,yanmega-ex,Yanmega,26,51,94,25,34.9,dragapult-dusknoir,Dragapult Dusknoir,12,22.22,,,,overall,2026-05-25T16:57:04.057861+00:00
SVI-DRI,34,1,yanmega-ex,Yanmega,26,51,94,25,34.9,dragapult-charizard,Dragapult Charizard,12,33.33,,,,overall,2026-05-25T16:57:04.057861+00:00
SVI-DRI,34,1,yanmega-ex,Yanmega,26,51,94,25,34.9,gholdengo-ex,Gholdengo,9,14.81,,,,overall,2026-05-25T16:57:04.057861+00:00
SVI-DRI,34,1,yanmega-ex,Yanmega,26,51,94,25,34.9,dragapult-ex,Dragapult,6,61.11,,,,overall,2026-05-25T16:57:04.057861+00:00
SVI-DRI,34,1,yanmega-ex,Yanmega,26,51,94,25,34.9,roaring-moon-ex,Roaring Moon,4,75.0,,,,overall,2026-05-25T16:57:04.057861+00:00
SVI-DRI,34,1,yanmega-ex,Yanmega,26,51,94,25,34.9,cynthia-garchomp-ex,Cynthia's Garchomp,3,77.78,,,,overall,2026-05-25T16:57:04.057861+00:00
SVI-DRI,34,1,yanmega-ex,Yanmega,26,51,94,25,34.9,ho-oh-armarouge,Ho-Oh Armarouge,3,11.11,,,,overall,2026-05-25T16:57:04.057861+00:00
SVI-DRI,34,1,yanmega-ex,Yanmega,26,51,94,25,34.9,gholdengo-dragapult,Gholdengo Dragapult,3,0.0,,,,overall,2026-05-25T16:57:04.057861+00:00
SVI-DRI,34,1,yanmega-ex,Yanmega,26,51,94,25,34.9,ethan-typhlosion,Ethan's Typhlosion,2,50.0,,,,overall,2026-05-25T16:57:04.057861+00:00
SVI-DRI,34,1,yanmega-ex,Yanmega,26,51,94,25,34.9,charizard-pidgeot,Charizard Pidgeot,2,100.0,,,,overall,2026-05-25T16:57:04.057861+00:00
SVI-DRI,34,1,yanmega-ex,Yanmega,26,51,94,25,34.9,ceruledge-ex,Ceruledge,2,16.67,,,,overall,2026-05-25T16:57:04.057861+00:00
SVI-DRI,34,1,yanmega-ex,Yanmega,26,51,94,25,34.9,terapagos-noctowl,Terapagos Noctowl,2,50.0,,,,overall,2026-05-25T16:57:04.057861+00:00
SVI-DRI,34,1,yanmega-ex,Yanmega,26,51,94,25,34.9,blaziken-ex-jtg,Blaziken,2,50.0,,,,overall,2026-05-25T16:57:04.057861+00:00
SVI-DRI,34,1,yanmega-ex,Yanmega,26,51,94,25,34.9,azumarill-ssp,Azumarill,1,100.0,,,,overall,2026-05-25T16:57:04.057861+00:00
SVI-DRI,34,1,yanmega-ex,Yanmega,26,51,94,25,34.9,archaludon-ex,Archaludon,1,0.0,,,,overall,2026-05-25T16:57:04.057861+00:00
SVI-DRI,34,1,yanmega-ex,Yanmega,26,51,94,25,34.9,tera-box,Tera Box,1,100.0,,,,overall,2026-05-25T16:57:04.057861+00:00
SVI-DRI,34,1,yanmega-ex,Yanmega,26,51,94,25,34.9,iron-thorns-crustle,Iron Thorns Crustle,1,0.0,,,,overall,2026-05-25T16:57:04.057861+00:00
SVI-DRI,34,1,yanmega-ex,Yanmega,26,51,94,25,34.9,toedscruel-ex,Toedscruel,1,100.0,,,,overall,2026-05-25T16:57:04.057861+00:00
SVI-DRI,34,1,yanmega-ex,Yanmega,26,51,94,25,34.9,dragapult-froslass,Dragapult Froslass,1,0.0,,,,overall,2026-05-25T16:57:04.057861+00:00
SVI-DRI,34,1,yanmega-ex,Yanmega,26,51,94,25,34.9,charizard-noctowl,Charizard Noctowl,1,0.0,,,,overall,2026-05-25T16:57:04.057861+00:00
SVI-DRI,34,1,yanmega-ex,Yanmega,26,51,94,25,34.9,rocket-spidops,Rocket's Spidops,1,0.0,,,,overall,2026-05-25T16:57:04.057861+00:00
SVI-DRI,34,1,yanmega-ex,Yanmega,26,51,94,25,34.9,rocket-nidoking-ex,Rocket's Nidoking,1,100.0,,,,overall,2026-05-25T16:57:04.057861+00:00
SVI-DRI,34,1,yanmega-ex,Yanmega,26,51,94,25,34.9,yanmega-ex,Yanmega,1,33.33,,,,overall,2026-05-25T16:57:04.057861+00:00
SVI-DRI,34,1,yanmega-ex,Yanmega,26,51,94,25,34.9,okidogi-ex,Okidogi,1,100.0,,,,overall,2026-05-25T16:57:04.057861+00:00
SVI-DRI,34,1,yanmega-ex,Yanmega,26,51,94,25,34.9,milotic-farigiraf,Milotic Farigiraf,1,33.33,,,,overall,2026-05-25T16:57:04.057861+00:00
SVI-DRI,34,1,yanmega-ex,Yanmega,26,51,94,25,34.9,flareon-ex,Flareon,1,100.0,,,,overall,2026-05-25T16:57:04.057861+00:00
SVI-DRI,34,1,yanmega-ex,Yanmega,26,51,94,25,34.9,rocket-mewtwo-ex,Rocket's Mewtwo,1,0.0,,,,overall,2026-05-25T16:57:04.057861+00:00
SVI-DRI,34,1,yanmega-ex,Yanmega,26,51,94,25,34.9,other,Other,1,0.0,,,,overall,2026-05-25T16:57:04.057861+00:00
SVI-DRI,34,1,yanmega-ex,Yanmega,26,51,94,25,34.9,hydreigon-ex,Hydreigon,1,100.0,,,,overall,2026-05-25T16:57:04.057861+00:00
SVI-DRI,34,1,yanmega-ex,Yanmega,26,51,94,25,34.9,hydrapple-ogerpon,Hydrapple Ogerpon,1,0.0,,,,overall,2026-05-25T16:57:04.057861+00:00
SVI-DRI,34,1,yanmega-ex,Yanmega,26,51,94,25,34.9,dragapult-pidgeot,Dragapult Pidgeot,1,100.0,,,,overall,2026-05-25T16:57:04.057861+00:00
